stop,rule,train_n,train_t5_before_stop,train_hit5,hold_n,hold_t5_before_stop,hold_hit5,hold_hit10,hold_mfe_med,hold_mae_med,train_score
5.0,rsi_drop_pct <= -0.38820 AND rsi_accel <= -10.42385,21,0.9523809523809523,1.0,11,0.8181818181818182,0.8181818181818182,0.6363636363636364,0.2139193809609503,-0.0246281394781761,0.9619047619047618
5.0,dist_ema9 <= -0.03649 AND close_location <= 0.07350,21,0.9523809523809523,0.9523809523809523,19,0.8421052631578947,0.8947368421052632,0.631578947368421,0.1340866561105513,-0.0301781280883168,0.9523809523809523
5.0,rsi_sma5_slope1 <= -0.05915 AND close_location <= 0.13656,26,0.9230769230769231,0.9230769230769231,19,0.8421052631578947,0.8947368421052632,0.5789473684210527,0.1082891431761092,-0.0301781280883168,0.9230769230769231
5.0,dist_ema9 <= -0.03649 AND close_location <= 0.10126,25,0.92,0.92,19,0.8421052631578947,0.8947368421052632,0.631578947368421,0.1340866561105513,-0.0301781280883168,0.9200000000000002
5.0,rsi_pct1 <= -0.21182 AND dist_sma20 <= -0.00402,20,0.9,1.0,28,0.8571428571428571,0.9285714285714286,0.7142857142857143,0.19608558461739356,-0.0217117702390563,0.9200000000000002
5.0,dist_ema9 <= -0.03649 AND rsi_accel <= -10.42385,20,0.9,1.0,21,0.9047619047619048,0.9523809523809523,0.7619047619047619,0.1993032636596994,-0.0234441602728048,0.9200000000000002
5.0,rsi_accel <= -13.54668 AND rsi_vs_sma9 <= -0.18635,22,0.9090909090909091,0.9545454545454546,17,0.6470588235294118,0.8823529411764706,0.5882352941176471,0.1114611097649624,-0.0452432263923339,0.9181818181818182
5.0,rsi_sma5_slope1 <= -0.05915 AND rsi_pct1 <= -0.17635,21,0.9047619047619048,0.9523809523809523,23,0.8695652173913043,0.9130434782608695,0.6521739130434783,0.1750455937510753,-0.0224147414741474,0.9142857142857144
5.0,rsi_sma5_slope1 <= -0.05915 AND close_location <= 0.10126,23,0.9130434782608695,0.9130434782608695,16,0.8125,0.875,0.5625,0.10529975064080771,-0.0317996079734788,0.9130434782608696
5.0,rsi_sma5_slope3 <= -0.10916 AND close_location <= 0.16592,26,0.8846153846153846,0.9230769230769231,15,0.6666666666666666,0.6666666666666666,0.5333333333333333,0.1023103581055062,-0.0286523929471034,0.8923076923076924
5.0,rsi_sma5_slope1 <= -0.05915 AND close_location <= 0.16592,32,0.875,0.90625,21,0.8571428571428571,0.9047619047619048,0.5714285714285714,0.1082891431761092,-0.0301781280883168,0.8812500000000001
5.0,dist_ema9 <= -0.03649 AND close_location <= 0.13656,30,0.8666666666666667,0.9333333333333333,25,0.84,0.92,0.64,0.1662226957911561,-0.0292212465812581,0.88
5.0,rsi_pct1 <= -0.21182 AND dist_ema9 <= -0.03649,21,0.8571428571428571,0.9523809523809523,26,0.8846153846153846,0.9230769230769231,0.6923076923076923,0.19222017873041086,-0.0229294508734761,0.8761904761904762
5.0,rsi_accel <= -13.54668 AND dist_sma9 <= -0.03517,21,0.8571428571428571,0.9523809523809523,12,0.75,0.8333333333333334,0.6666666666666666,0.14152627934803946,-0.0268111441805608,0.8761904761904762
5.0,rsi_accel <= -13.54668 AND dist_sma9 <= -0.02546,21,0.8571428571428571,0.9523809523809523,14,0.7142857142857143,0.8571428571428571,0.6428571428571429,0.14152627934803946,-0.0268111441805608,0.8761904761904762
5.0,rsi_sma5_slope3 <= -0.10916 AND close_location <= 0.13656,22,0.8636363636363636,0.9090909090909091,13,0.7692307692307693,0.7692307692307693,0.6153846153846154,0.1255247691015952,-0.0222638550017427,0.8727272727272728
5.0,rsi_pct1 <= -0.21182 AND dual_stretch_9 <= -0.27204,20,0.85,0.95,30,0.8666666666666667,0.9,0.7,0.1822296772531021,-0.0217117702390563,0.8700000000000001
5.0,close_location <= 0.03797 AND rsi_vs_sma5 <= -0.16141,20,0.85,0.95,20,0.65,0.8,0.55,0.10529975064080771,-0.03829938444174745,0.8700000000000001
5.0,rsi_sma5_slope1 <= -0.05915 AND rsi_pct1 <= -0.14226,29,0.8620689655172413,0.896551724137931,25,0.8,0.88,0.64,0.1750455937510753,-0.027528694404591,0.8689655172413794
5.0,rsi_drop_pct <= -0.38820 AND close_location <= 0.13656,29,0.8620689655172413,0.896551724137931,16,0.75,0.8125,0.5,0.12617468722094544,-0.03053974880136085,0.8689655172413794
5.0,rsi_pct1 <= -0.21182 AND rsi_vs_sma9 <= -0.18635,27,0.8518518518518519,0.9259259259259259,36,0.7777777777777778,0.9166666666666666,0.6388888888888888,0.1528390525208339,-0.02403614987549045,0.8666666666666668
5.0,rsi_pct1 <= -0.21182 AND dist_sma9 <= -0.03517,25,0.84,0.96,30,0.8666666666666667,0.9,0.7,0.18158195040842523,-0.0217117702390563,0.8640000000000001
5.0,rsi_sma5_slope1 <= -0.05915 AND dist_sma20 <= -0.03231,22,0.8636363636363636,0.8636363636363636,12,0.9166666666666666,0.9166666666666666,0.75,0.21763778868780181,-0.01832608123803925,0.8636363636363636
5.0,rsi_drop_pct <= -0.38820 AND close_location <= 0.10126,27,0.8518518518518519,0.8888888888888888,10,0.8,0.8,0.4,0.08438859760823164,-0.03053974880136085,0.8592592592592594
5.0,rsi_sma5_slope1 <= -0.05915 AND close_location <= 0.21710,34,0.8529411764705882,0.8823529411764706,27,0.8518518518518519,0.8888888888888888,0.5925925925925926,0.1173854447439353,-0.027528694404591,0.8588235294117648
5.0,rsi_drop_pct <= -0.38820 AND dist_sma9 <= -0.04591,21,0.8571428571428571,0.8571428571428571,20,0.85,0.9,0.65,0.21763778868780181,-0.0216559041183946,0.8571428571428572
5.0,close_location <= 0.07350 AND rsi_vs_sma9 <= -0.22445,21,0.8571428571428571,0.8571428571428571,20,0.85,0.9,0.65,0.12763084335515323,-0.0284398281626695,0.8571428571428572
5.0,rsi_accel <= -13.54668 AND dual_stretch_9 <= -0.15411,26,0.8461538461538461,0.8846153846153846,19,0.6842105263157895,0.8421052631578947,0.631578947368421,0.1715914489311165,-0.0452432263923339,0.8538461538461539
5.0,rsi_sma5_slope1 <= -0.05915 AND rsi_pct1 <= -0.12187,32,0.84375,0.875,29,0.7931034482758621,0.896551724137931,0.6206896551724138,0.1715914489311165,-0.0276584097440809,0.8500000000000001
5.0,dist_sma20 <= -0.03231 AND rsi_pct1 <= -0.17635,24,0.8333333333333334,0.9166666666666666,15,0.8666666666666667,0.8666666666666667,0.6666666666666666,0.2213561964146533,-0.0246281394781761,0.8500000000000001
5.0,dual_stretch_9 <= -0.27204 AND close_location <= 0.07350,20,0.85,0.85,22,0.8181818181818182,0.8636363636363636,0.6363636363636364,0.12763084335515323,-0.02969968733478745,0.8500000000000001
5.0,close_location <= 0.10126 AND rsi_pct3 <= -0.24834,20,0.85,0.85,26,0.8461538461538461,0.9230769230769231,0.7307692307692307,0.13274153777394565,-0.02773201817127315,0.8500000000000001
5.0,rsi_drop_pct <= -0.38820 AND rsi_pct1 <= -0.17635,25,0.84,0.88,20,0.9,0.9,0.65,0.21763778868780181,-0.0216559041183946,0.8480000000000001
5.0,dist_ema9 <= -0.03649 AND close_location <= 0.16592,33,0.8181818181818182,0.9393939393939394,29,0.8620689655172413,0.9310344827586207,0.6896551724137931,0.1750455937510753,-0.0272287908863381,0.8424242424242425
5.0,dual_stretch_9 <= -0.18018 AND rsi_accel <= -13.54668,24,0.8333333333333334,0.875,17,0.7058823529411765,0.8823529411764706,0.6470588235294118,0.1715914489311165,-0.0301781280883168,0.8416666666666668
5.0,dist_sma20 <= -0.03231 AND close_location <= 0.13656,29,0.8275862068965517,0.896551724137931,12,0.75,0.8333333333333334,0.5,0.1244366061784423,-0.03032493937248945,0.8413793103448276
5.0,rsi_pct1 <= -0.21182 AND dual_stretch_9 <= -0.15411,29,0.8275862068965517,0.896551724137931,37,0.8108108108108109,0.918918918918919,0.6756756756756757,0.191572451885734,-0.0234441602728048,0.8413793103448276
5.0,rsi_pct1 <= -0.17635 AND dist_sma20 <= -0.00402,29,0.8275862068965517,0.896551724137931,38,0.868421052631579,0.9210526315789473,0.7368421052631579,0.20661132231032486,-0.0217117702390563,0.8413793103448276
5.0,rsi_accel <= -10.42385 AND rsi_vs_sma9 <= -0.18635,33,0.8181818181818182,0.9090909090909091,30,0.7666666666666667,0.9,0.6666666666666666,0.1528390525208339,-0.02541159822806245,0.8363636363636364
5.0,rsi_pct1 <= -0.21182 AND dual_stretch_9 <= -0.18018,28,0.8214285714285714,0.8928571428571429,36,0.8055555555555556,0.9166666666666666,0.6666666666666666,0.18158195040842523,-0.02340172418534565,0.8357142857142857
5.0,rsi_drop_pct <= -0.38820 AND close_location <= 0.21710,34,0.8235294117647058,0.8823529411764706,21,0.7619047619047619,0.8571428571428571,0.5238095238095238,0.1662226957911561,-0.027528694404591,0.8352941176470589
5.0,rsi_pct1 <= -0.21182 AND close_location <= 0.07350,23,0.8260869565217391,0.8695652173913043,28,0.6428571428571429,0.8214285714285714,0.6071428571428571,0.1528390525208339,-0.03992086432690945,0.8347826086956522
5.0,rsi_sma5_slope3 <= -0.10916 AND close_location <= 0.21710,29,0.8275862068965517,0.8620689655172413,20,0.5,0.6,0.45,0.0751848097520134,-0.036975514688607,0.8344827586206897
5.0,rsi_sma5_slope1 <= -0.05915 AND rsi_drop_pct <= -0.38820,24,0.8333333333333334,0.8333333333333334,15,1.0,1.0,0.6666666666666666,0.2139193809609503,-0.0204473766049136,0.8333333333333335
5.0,rsi_pct1 <= -0.21182 AND dist_sma9 <= -0.02546,26,0.8076923076923077,0.9230769230769231,32,0.84375,0.90625,0.6875,0.18158195040842523,-0.02288701478601695,0.8307692307692308
5.0,rsi_drop_pct <= -0.38820 AND close_location <= 0.16592,33,0.8181818181818182,0.8787878787878788,18,0.7222222222222222,0.8333333333333334,0.5,0.12617468722094544,-0.03053974880136085,0.8303030303030304
5.0,dist_ema9 <= -0.03649 AND rsi_pct1 <= -0.17635,27,0.8148148148148148,0.8888888888888888,33,0.9090909090909091,0.9393939393939394,0.7272727272727273,0.1993032636596994,-0.0224147414741474,0.8296296296296297
5.0,dual_stretch_9 <= -0.27204 AND close_location <= 0.13656,28,0.8214285714285714,0.8571428571428571,29,0.8275862068965517,0.8620689655172413,0.6206896551724138,0.1167512690355327,-0.0276584097440809,0.8285714285714285
5.0,rsi_vs_sma9 <= -0.22445 AND close_location <= 0.13656,28,0.8214285714285714,0.8571428571428571,29,0.8275862068965517,0.8620689655172413,0.6206896551724138,0.1167512690355327,-0.0272287908863381,0.8285714285714285
5.0,dist_sma20 <= -0.03231 AND dist_sma9 <= -0.04591,22,0.8181818181818182,0.8636363636363636,16,0.8125,0.875,0.625,0.21763778868780181,-0.02541159822806245,0.8272727272727274
5.0,rsi_drop_pct <= -0.38820 AND close_location <= 0.07350,22,0.8181818181818182,0.8636363636363636,10,0.8,0.8,0.4,0.08438859760823164,-0.03053974880136085,0.8272727272727274
5.0,close_location <= 0.03797 AND rsi_pct1 <= -0.17635,22,0.8181818181818182,0.8636363636363636,20,0.6,0.75,0.5,0.097207910913422,-0.0484644771671852,0.8272727272727274
5.0,rsi_accel <= -10.42385 AND dist_sma9 <= -0.03517,30,0.8,0.9333333333333333,26,0.8076923076923077,0.8461538461538461,0.6923076923076923,0.1528390525208339,-0.02403614987549045,0.8266666666666668
5.0,dist_ema9 <= -0.03649 AND close_location <= 0.21710,35,0.8,0.9142857142857143,33,0.8787878787878788,0.9393939393939394,0.696969696969697,0.191572451885734,-0.0261950569779488,0.822857142857143
5.0,dist_sma20 <= -0.03231 AND dist_ema9 <= -0.03649,27,0.8148148148148148,0.8518518518518519,17,0.8235294117647058,0.8823529411764706,0.6470588235294118,0.2139193809609503,-0.0261950569779488,0.8222222222222223
5.0,dist_sma20 <= -0.03231 AND rsi_pct1 <= -0.14226,30,0.8,0.9,16,0.875,0.875,0.625,0.21763778868780181,-0.02541159822806245,0.8200000000000002
5.0,dist_sma20 <= -0.03231 AND close_location <= 0.21710,35,0.8,0.8857142857142857,16,0.75,0.875,0.5625,0.17889757383844504,-0.027378742645464547,0.8171428571428573
5.0,close_location <= 0.07350 AND rsi_vs_sma5 <= -0.16141,35,0.8,0.8857142857142857,25,0.72,0.84,0.6,0.1211750305997552,-0.0334210878586408,0.8171428571428573
5.0,dual_stretch_9 <= -0.27204 AND rsi_pct1 <= -0.17635,25,0.8,0.88,38,0.868421052631579,0.8947368421052632,0.7105263157894737,0.19608558461739356,-0.0217117702390563,0.8160000000000002
5.0,rsi_vs_sma9 <= -0.22445 AND rsi_pct1 <= -0.17635,25,0.8,0.88,41,0.8292682926829268,0.9024390243902439,0.7073170731707317,0.1928679055750877,-0.0233592880978865,0.8160000000000002
5.0,rsi_vs_sma9 <= -0.15725 AND close_location <= 0.03797,25,0.8,0.88,22,0.6818181818181818,0.8181818181818182,0.5909090909090909,0.11473208688793221,-0.02969968733478745,0.8160000000000002
5.0,rsi_vs_sma9 <= -0.22445 AND close_location <= 0.10126,26,0.8076923076923077,0.8461538461538461,24,0.7916666666666666,0.8333333333333334,0.625,0.11410618940024755,-0.0284398281626695,0.8153846153846154
5.0,rsi_sma5_slope1 <= -0.05915 AND dist_sma20 <= -0.00402,27,0.8148148148148148,0.8148148148148148,30,0.9,0.9333333333333333,0.7333333333333333,0.148429245537611,-0.02060104679302285,0.8148148148148149
5.0,rsi_drop_pct <= -0.38820 AND dist_ema9 <= -0.03649,27,0.8148148148148148,0.8148148148148148,21,0.9047619047619048,0.9523809523809523,0.6666666666666666,0.2139193809609503,-0.0224147414741474,0.8148148148148149
5.0,close_location <= 0.07350 AND rsi_sma5_slope3 <= -0.08171,27,0.8148148148148148,0.8148148148148148,14,0.9285714285714286,0.9285714285714286,0.6428571428571429,0.13752775184500016,-0.0243513466805536,0.8148148148148149
5.0,rsi_accel <= -10.42385 AND dist_sma20 <= -0.00402,29,0.7931034482758621,0.896551724137931,22,0.8636363636363636,0.9545454545454546,0.7727272727272727,0.20661132231032486,-0.02288701478601695,0.8137931034482759
5.0,rsi_pct1 <= -0.21182 AND rsi_vs_sma9 <= -0.15725,33,0.7878787878787878,0.9090909090909091,43,0.7441860465116279,0.9069767441860465,0.6744186046511628,0.191572451885734,-0.0261950569779488,0.8121212121212122
5.0,dist_sma20 <= -0.03231 AND close_location <= 0.16592,34,0.7941176470588235,0.8823529411764706,14,0.7142857142857143,0.8571428571428571,0.5,0.1244366061784423,-0.03032493937248945,0.8117647058823529
5.0,dist_sma9 <= -0.04591 AND rsi_pct1 <= -0.17635,24,0.7916666666666666,0.875,27,0.8518518518518519,0.8518518518518519,0.6296296296296297,0.2213561964146533,-0.0210087990039652,0.8083333333333333
5.0,dual_stretch_9 <= -0.27204 AND close_location <= 0.10126,25,0.8,0.84,25,0.8,0.84,0.64,0.1167512690355327,-0.0292212465812581,0.8080000000000002
5.0,dist_sma20 <= -0.03231 AND rsi_vs_sma5 <= -0.16141,29,0.7931034482758621,0.8620689655172413,15,0.8666666666666667,0.8666666666666667,0.6666666666666666,0.2213561964146533,-0.0246281394781761,0.806896551724138
5.0,rsi_pct1 <= -0.21182 AND close_location <= 0.10126,29,0.7931034482758621,0.8620689655172413,32,0.65625,0.84375,0.625,0.12763084335515323,-0.03992086432690945,0.806896551724138
5.0,dual_stretch_9 <= -0.27204 AND close_location <= 0.16592,33,0.7878787878787878,0.8787878787878788,35,0.8571428571428571,0.8857142857142857,0.6571428571428571,0.1340866561105513,-0.0246281394781761,0.8060606060606061
5.0,rsi_vs_sma9 <= -0.22445 AND close_location <= 0.16592,33,0.7878787878787878,0.8787878787878788,36,0.8333333333333334,0.8888888888888888,0.6666666666666666,0.1388728701816058,-0.02541159822806245,0.8060606060606061
5.0,close_location <= 0.13656 AND rsi_sma5_slope3 <= -0.08171,39,0.7948717948717948,0.8461538461538461,26,0.8076923076923077,0.8461538461538461,0.6153846153846154,0.1276016447049138,-0.03465186757104695,0.8051282051282052
5.0,rsi_pct1 <= -0.17635 AND dist_sma9 <= -0.03517,36,0.7777777777777778,0.8888888888888888,38,0.868421052631579,0.8947368421052632,0.7105263157894737,0.19222017873041086,-0.0217117702390563,0.8
5.0,rsi_vs_sma9 <= -0.15725 AND rsi_accel <= -13.54668,31,0.7741935483870968,0.9032258064516129,26,0.6153846153846154,0.8461538461538461,0.6153846153846154,0.14152627934803946,-0.0524767248796887,0.8
5.0,close_location <= 0.13656 AND rsi_pct3 <= -0.24834,23,0.782608695652174,0.8695652173913043,32,0.84375,0.90625,0.6875,0.13274153777394565,-0.0274436003152095,0.8
5.0,close_location <= 0.03797 AND dual_stretch_9 <= -0.18018,23,0.782608695652174,0.8695652173913043,20,0.75,0.85,0.65,0.12628572501854762,-0.02851343658986175,0.8
5.0,close_location <= 0.10126 AND rsi_vs_sma5 <= -0.16141,44,0.7727272727272727,0.8863636363636364,30,0.7333333333333333,0.8333333333333334,0.6333333333333333,0.11896314981764396,-0.0317996079734788,0.7954545454545454
5.0,close_location <= 0.10126 AND dist_sma20 <= -0.00402,37,0.7837837837837838,0.8378378378378378,23,0.782608695652174,0.8695652173913043,0.6086956521739131,0.1211750305997552,-0.0276584097440809,0.7945945945945947
5.0,rsi_sma5_slope1 <= -0.05915 AND rsi_vs_sma5 <= -0.16141,33,0.7878787878787878,0.8181818181818182,42,0.7380952380952381,0.8809523809523809,0.5952380952380952,0.12029597721314696,-0.0323757181468929,0.7939393939393941
5.0,close_location <= 0.10126 AND rsi_sma5_slope3 <= -0.08171,33,0.7878787878787878,0.8181818181818182,17,0.8235294117647058,0.8235294117647058,0.5882352941176471,0.12908567942125,-0.0334210878586408,0.7939393939393941
5.0,rsi_drop_pct <= -0.38820 AND rsi_pct1 <= -0.14226,32,0.78125,0.84375,21,0.9047619047619048,0.9047619047619048,0.6190476190476191,0.2139193809609503,-0.0224147414741474,0.79375
5.0,dist_sma9 <= -0.04591 AND close_location <= 0.13656,27,0.7777777777777778,0.8518518518518519,22,0.7727272727272727,0.8181818181818182,0.5,0.10990500013294176,-0.03465186757104695,0.7925925925925926
5.0,dist_sma9 <= -0.04591 AND close_location <= 0.10126,23,0.782608695652174,0.8260869565217391,16,0.75,0.75,0.5,0.1087615490440374,-0.0380277732056701,0.791304347826087
5.0,rsi_pct1 <= -0.17635 AND rsi_vs_sma9 <= -0.18635,40,0.775,0.85,46,0.782608695652174,0.8913043478260869,0.6521739130434783,0.1733185213410959,-0.02403614987549045,0.7900000000000001
5.0,dual_stretch_9 <= -0.27204 AND close_location <= 0.21710,35,0.7714285714285715,0.8571428571428571,41,0.8780487804878049,0.9024390243902439,0.6829268292682927,0.1436590842526603,-0.0233592880978865,0.7885714285714287
5.0,rsi_vs_sma9 <= -0.22445 AND close_location <= 0.21710,35,0.7714285714285715,0.8571428571428571,43,0.8372093023255814,0.9069767441860465,0.6744186046511628,0.1436590842526603,-0.0234441602728048,0.7885714285714287
5.0,close_location <= 0.16592 AND rsi_sma5_slope3 <= -0.08171,50,0.78,0.82,32,0.71875,0.75,0.53125,0.11391756360355071,-0.044389000679408,0.7880000000000001
5.0,close_location <= 0.07350 AND rsi_accel <= -13.54668,31,0.7741935483870968,0.8387096774193549,22,0.5,0.7727272727272727,0.5454545454545454,0.13994029605361286,-0.0942119235504069,0.7870967741935484
5.0,close_location <= 0.07350 AND dist_sma20 <= -0.00402,31,0.7741935483870968,0.8387096774193549,20,0.8,0.9,0.6,0.12763084335515323,-0.0284398281626695,0.7870967741935484
5.0,rsi_sma5_slope1 <= -0.05915 AND dist_sma9 <= -0.02546,40,0.775,0.825,41,0.8048780487804879,0.926829268292683,0.6341463414634146,0.1215533291958506,-0.0276584097440809,0.7850000000000001
5.0,rsi_accel <= -10.42385 AND dual_stretch_9 <= -0.15411,39,0.7692307692307693,0.8461538461538461,35,0.7428571428571429,0.8285714285714286,0.6571428571428571,0.1340866561105513,-0.0276584097440809,0.7846153846153847
5.0,close_location <= 0.03797 AND dual_stretch_9 <= -0.15411,26,0.7692307692307693,0.8461538461538461,23,0.6956521739130435,0.782608695652174,0.5652173913043478,0.1082891431761092,-0.0292212465812581,0.7846153846153847
5.0,rsi_pct1 <= -0.21182 AND close_location <= 0.13656,33,0.7575757575757576,0.8787878787878788,36,0.6666666666666666,0.8611111111111112,0.6388888888888888,0.1528390525208339,-0.0317996079734788,0.7818181818181819
5.0,close_location <= 0.03797 AND dist_sma9 <= -0.02546,21,0.7619047619047619,0.8571428571428571,22,0.7272727272727273,0.8181818181818182,0.5909090909090909,0.11473208688793221,-0.02851343658986175,0.7809523809523811
5.0,close_location <= 0.13656 AND rsi_vs_sma5 <= -0.16141,52,0.75,0.9038461538461539,37,0.7297297297297297,0.8378378378378378,0.6216216216216216,0.1211750305997552,-0.0301781280883168,0.7807692307692309
5.0,rsi_sma5_slope1 <= -0.05915 AND dual_stretch_9 <= -0.27204,31,0.7741935483870968,0.8064516129032258,37,0.8378378378378378,0.9459459459459459,0.6486486486486487,0.1215533291958506,-0.0224147414741474,0.7806451612903226
5.0,rsi_drop_pct <= -0.38820 AND dist_sma9 <= -0.03517,34,0.7647058823529411,0.8235294117647058,23,0.8695652173913043,0.9130434782608695,0.6521739130434783,0.1993032636596994,-0.0224147414741474,0.7764705882352941
5.0,close_location <= 0.13656 AND dist_sma20 <= -0.00402,42,0.7619047619047619,0.8333333333333334,31,0.7741935483870968,0.8709677419354839,0.6129032258064516,0.1340866561105513,-0.0272287908863381,0.7761904761904763
5.0,dist_sma9 <= -0.04591 AND close_location <= 0.16592,32,0.75,0.875,28,0.7857142857142857,0.8214285714285714,0.5714285714285714,0.15207753940532548,-0.0317996079734788,0.7750000000000001
5.0,rsi_accel <= -10.42385 AND dist_sma9 <= -0.02546,32,0.75,0.875,30,0.7666666666666667,0.8333333333333334,0.6666666666666666,0.13158616776590065,-0.02541159822806245,0.7750000000000001
5.0,rsi_sma5_slope1 <= -0.05915 AND dist_sma9 <= -0.03517,38,0.7631578947368421,0.8157894736842105,39,0.8461538461538461,0.9487179487179487,0.6410256410256411,0.1215533291958506,-0.027528694404591,0.773684210526316
5.0,dist_ema9 <= -0.03649 AND rsi_pct1 <= -0.14226,37,0.7567567567567568,0.8378378378378378,34,0.9117647058823529,0.9411764705882353,0.7058823529411765,0.19608558461739356,-0.0229294508734761,0.7729729729729731
5.0,rsi_pct3 <= -0.24834 AND close_location <= 0.16592,28,0.75,0.8571428571428571,39,0.8461538461538461,0.9230769230769231,0.717948717948718,0.1715914489311165,-0.0261950569779488,0.7714285714285716
5.0,close_location <= 0.13656 AND rsi_vs_sma9 <= -0.18635,49,0.7551020408163265,0.8367346938775511,42,0.7619047619047619,0.8333333333333334,0.5714285714285714,0.11410618940024755,-0.02969968733478745,0.7714285714285715
5.0,dist_ema9 <= -0.03649 AND dist_sma20 <= -0.00402,33,0.7575757575757576,0.8181818181818182,35,0.8857142857142857,0.9428571428571428,0.7428571428571429,0.1993032636596994,-0.0234441602728048,0.7696969696969698
5.0,rsi_sma5_slope1 <= -0.05915 AND dist_ema9 <= -0.03649,25,0.76,0.8,22,0.9090909090909091,0.9545454545454546,0.6818181818181818,0.1733185213410959,-0.024971717939369198,0.7680000000000001
5.0,dual_stretch_9 <= -0.18018 AND rsi_accel <= -10.42385,36,0.75,0.8333333333333334,33,0.7575757575757576,0.8484848484848485,0.6666666666666666,0.1340866561105513,-0.0261950569779488,0.7666666666666668
5.0,rsi_sma5_slope1 <= -0.05915 AND rsi_vs_sma9 <= -0.15725,41,0.7560975609756098,0.8048780487804879,49,0.7142857142857143,0.8367346938775511,0.5714285714285714,0.1194169238265387,-0.0334210878586408,0.7658536585365855
5.0,rsi_sma5_slope1 <= -0.05915 AND dual_stretch_9 <= -0.18018,41,0.7560975609756098,0.8048780487804879,49,0.7142857142857143,0.8367346938775511,0.5714285714285714,0.1194169238265387,-0.0334210878586408,0.7658536585365855
5.0,rsi_sma5_slope1 <= -0.05915 AND dual_stretch_9 <= -0.15411,41,0.7560975609756098,0.8048780487804879,49,0.7142857142857143,0.8367346938775511,0.5714285714285714,0.1194169238265387,-0.0334210878586408,0.7658536585365855
5.0,rsi_sma5_slope1 <= -0.05915 AND dist_sma9 <= -0.04591,29,0.7586206896551724,0.7931034482758621,18,0.8333333333333334,0.8888888888888888,0.5555555555555556,0.18717442870538736,-0.024971717939369198,0.7655172413793103
5.0,dist_sma20 <= -0.03231 AND rsi_vs_sma9 <= -0.18635,33,0.7575757575757576,0.7878787878787878,18,0.8888888888888888,0.8888888888888888,0.6666666666666666,0.20274591642334217,-0.02276260312040895,0.7636363636363637
5.0,close_location <= 0.07350 AND rsi_vs_sma9 <= -0.18635,32,0.75,0.8125,28,0.7857142857142857,0.8928571428571429,0.6071428571428571,0.12628572501854762,-0.02969968733478745,0.7625000000000001
5.0,close_location <= 0.13656 AND rsi_vs_sma9 <= -0.15725,74,0.7432432432432432,0.8378378378378378,53,0.7547169811320755,0.8301886792452831,0.6037735849056604,0.1255247691015952,-0.0353424581470891,0.7621621621621621
5.0,rsi_sma5_slope1 <= -0.05915 AND rsi_sma5_slope3 <= -0.08171,37,0.7567567567567568,0.7837837837837838,35,0.7428571428571429,0.8571428571428571,0.5428571428571428,0.1173854447439353,-0.0334210878586408,0.7621621621621621
5.0,rsi_pct1 <= -0.17635 AND dual_stretch_9 <= -0.15411,47,0.7446808510638298,0.8297872340425532,49,0.7959183673469388,0.8775510204081632,0.673469387755102,0.191572451885734,-0.0246281394781761,0.7617021276595745
5.0,close_location <= 0.21710 AND rsi_sma5_slope3 <= -0.08171,57,0.7543859649122807,0.7894736842105263,42,0.6666666666666666,0.7380952380952381,0.5238095238095238,0.10576679211513546,-0.041347760802463454,0.76140350877193
5.0,close_location <= 0.13656 AND dist_sma9 <= -0.02546,62,0.7419354838709677,0.8387096774193549,46,0.782608695652174,0.8478260869565217,0.6086956521739131,0.12334989985067521,-0.02893681976418075,0.7612903225806452
5.0,rsi_sma5_slope1 <= -0.05915 AND rsi_vs_sma9 <= -0.18635,40,0.75,0.8,48,0.7291666666666666,0.8541666666666666,0.5833333333333334,0.12029597721314696,-0.0323757181468929,0.7600000000000001
5.0,dual_stretch_9 <= -0.27204 AND rsi_pct1 <= -0.14226,35,0.7428571428571429,0.8285714285714286,38,0.868421052631579,0.8947368421052632,0.7105263157894737,0.19608558461739356,-0.0217117702390563,0.76
5.0,rsi_vs_sma9 <= -0.22445 AND rsi_pct1 <= -0.14226,35,0.7428571428571429,0.8285714285714286,42,0.8095238095238095,0.9047619047619048,0.6904761904761905,0.19222017873041086,-0.02340172418534565,0.76
5.0,dist_ema9 <= -0.03649 AND rsi_pct1 <= -0.12187,39,0.7435897435897436,0.8205128205128205,36,0.8888888888888888,0.9444444444444444,0.7222222222222222,0.19608558461739356,-0.02403614987549045,0.7589743589743589
5.0,close_location <= 0.07350 AND rsi_pct1 <= -0.17635,39,0.7435897435897436,0.8205128205128205,32,0.625,0.8125,0.59375,0.1528390525208339,-0.0484644771671852,0.7589743589743589
5.0,close_location <= 0.07350 AND dist_sma9 <= -0.02546,39,0.7435897435897436,0.8205128205128205,29,0.7931034482758621,0.8620689655172413,0.5862068965517241,0.1211750305997552,-0.0292212465812581,0.7589743589743589
5.0,dist_sma9 <= -0.04591 AND close_location <= 0.21710,34,0.7352941176470589,0.8529411764705882,31,0.8064516129032258,0.8387096774193549,0.5806451612903226,0.1662226957911561,-0.0278056265984654,0.7588235294117647
5.0,dist_sma9 <= -0.04591 AND rsi_pct1 <= -0.14226,34,0.7352941176470589,0.8529411764705882,30,0.8666666666666667,0.8666666666666667,0.6,0.20661132231032486,-0.02352144047616175,0.7588235294117647
5.0,dist_sma20 <= -0.03231 AND dual_stretch_9 <= -0.27204,24,0.75,0.7916666666666666,16,0.875,0.875,0.6875,0.21763778868780181,-0.02015727124539855,0.7583333333333334
5.0,rsi_pct1 <= -0.17635 AND dist_sma9 <= -0.02546,38,0.7368421052631579,0.8421052631578947,42,0.8571428571428571,0.9047619047619048,0.7142857142857143,0.19222017873041086,-0.02288701478601695,0.7578947368421052
5.0,close_location <= 0.07350 AND rsi_accel <= -10.42385,42,0.7380952380952381,0.8333333333333334,31,0.6451612903225806,0.8387096774193549,0.5806451612903226,0.1340866561105513,-0.0544451362201851,0.7571428571428571
5.0,close_location <= 0.10126 AND dist_sma9 <= -0.03517,42,0.7380952380952381,0.8333333333333334,28,0.7857142857142857,0.8214285714285714,0.6071428571428571,0.11410618940024755,-0.02969968733478745,0.7571428571428571
5.0,rsi_drop_pct <= -0.38820 AND rsi_vs_sma5 <= -0.16141,32,0.75,0.78125,20,0.9,0.9,0.65,0.21763778868780181,-0.0216559041183946,0.7562500000000001
5.0,rsi_vs_sma5 <= -0.16141 AND rsi_sma5_slope3 <= -0.08171,32,0.75,0.78125,37,0.7297297297297297,0.8378378378378378,0.5675675675675675,0.1194169238265387,-0.031330348435145,0.7562500000000001
5.0,close_location <= 0.10126 AND dist_sma9 <= -0.02546,50,0.74,0.82,36,0.75,0.8055555555555556,0.5833333333333334,0.11410618940024755,-0.02969968733478745,0.756
5.0,dist_sma20 <= -0.03231 AND dist_sma9 <= -0.03517,34,0.7352941176470589,0.8235294117647058,19,0.8421052631578947,0.8947368421052632,0.6842105263157895,0.191572451885734,-0.0246281394781761,0.7529411764705882
5.0,dist_sma20 <= -0.03231 AND rsi_pct1 <= -0.12187,34,0.7352941176470589,0.8235294117647058,18,0.7777777777777778,0.8888888888888888,0.6111111111111112,0.20274591642334217,-0.02671192393214345,0.7529411764705882
5.0,close_location <= 0.07350 AND dist_sma9 <= -0.03517,34,0.7352941176470589,0.8235294117647058,24,0.8333333333333334,0.875,0.625,0.12628572501854762,-0.02969968733478745,0.7529411764705882
5.0,dual_stretch_9 <= -0.27204 AND rsi_vs_sma5 <= -0.16141,38,0.7368421052631579,0.8157894736842105,48,0.8541666666666666,0.9375,0.7083333333333334,0.1528390525208339,-0.02288701478601695,0.7526315789473683
5.0,dist_sma20 <= -0.00402 AND rsi_vs_sma5 <= -0.16141,38,0.7368421052631579,0.8157894736842105,46,0.8913043478260869,0.9347826086956522,0.7608695652173914,0.19222017873041086,-0.0217117702390563,0.7526315789473683
5.0,close_location <= 0.10126 AND rsi_vs_sma9 <= -0.18635,42,0.7380952380952381,0.8095238095238095,34,0.7352941176470589,0.8235294117647058,0.5882352941176471,0.11410618940024755,-0.02969968733478745,0.7523809523809524
5.0,close_location <= 0.07350 AND rsi_vs_sma9 <= -0.15725,46,0.7391304347826086,0.8043478260869565,31,0.7741935483870968,0.8709677419354839,0.6129032258064516,0.13139641943734,-0.0301781280883168,0.7521739130434784
5.0,dist_sma9 <= -0.04591 AND rsi_pct1 <= -0.12187,37,0.7297297297297297,0.8378378378378378,34,0.8235294117647058,0.8529411764705882,0.6176470588235294,0.18717442870538736,-0.0268618756912699,0.7513513513513514
5.0,rsi_pct1 <= -0.14226 AND dist_sma20 <= -0.00402,41,0.7317073170731707,0.8292682926829268,39,0.8717948717948718,0.9230769230769231,0.717948717948718,0.1993032636596994,-0.0224147414741474,0.751219512195122
5.0,close_location <= 0.16592 AND dist_sma20 <= -0.00402,52,0.7307692307692307,0.8269230769230769,40,0.775,0.875,0.625,0.166124608069332,-0.027087104570833548,0.75
5.0,rsi_vs_sma9 <= -0.15725 AND rsi_accel <= -10.42385,43,0.7209302325581395,0.8604651162790697,42,0.6904761904761905,0.8333333333333334,0.6428571428571429,0.13158616776590065,-0.0317996079734788,0.7488372093023256
5.0,rsi_pct1 <= -0.21182 AND rsi_vs_sma5 <= -0.16141,35,0.7142857142857143,0.8857142857142857,47,0.6595744680851063,0.851063829787234,0.6170212765957447,0.1340866561105513,-0.0292212465812581,0.7485714285714287
5.0,rsi_sma5_slope1 <= -0.05915 AND rsi_vs_sma9 <= -0.22445,31,0.7419354838709677,0.7741935483870968,42,0.7857142857142857,0.9047619047619048,0.5952380952380952,0.12029597721314696,-0.02891826891619885,0.7483870967741937
5.0,dist_ema9 <= -0.03649 AND dual_stretch_9 <= -0.27204,31,0.7419354838709677,0.7741935483870968,34,0.9117647058823529,0.9411764705882353,0.7352941176470589,0.20661132231032486,-0.0229294508734761,0.7483870967741937
5.0,dist_ema9 <= -0.03649 AND rsi_vs_sma9 <= -0.22445,31,0.7419354838709677,0.7741935483870968,33,0.9393939393939394,0.9696969696969697,0.7575757575757576,0.1993032636596994,-0.0224147414741474,0.7483870967741937
5.0,rsi_pct1 <= -0.14226 AND rsi_sma5_slope3 <= -0.08171,31,0.7419354838709677,0.7741935483870968,20,0.85,0.85,0.55,0.15322100659420768,-0.027667160501528197,0.7483870967741937
5.0,rsi_sma5_slope3 <= -0.10916 AND rsi_pct1 <= -0.12187,23,0.7391304347826086,0.782608695652174,10,0.7,0.7,0.6,0.1787892326068053,-0.0206722216837777,0.7478260869565218
5.0,rsi_sma5_slope1 <= -0.05915,42,0.7380952380952381,0.7857142857142857,49,0.7142857142857143,0.8367346938775511,0.5714285714285714,0.1194169238265387,-0.0334210878586408,0.7476190476190476
5.0,dist_sma20 <= -0.03231 AND rsi_drop_pct <= -0.38820,34,0.7352941176470589,0.7941176470588235,18,0.7777777777777778,0.8888888888888888,0.6666666666666666,0.20274591642334217,-0.0259284651822571,0.7470588235294118
5.0,dual_stretch_9 <= -0.27204 AND dist_sma9 <= -0.04591,34,0.7352941176470589,0.7941176470588235,29,0.8275862068965517,0.8620689655172413,0.6206896551724138,0.2213561964146533,-0.0224147414741474,0.7470588235294118
5.0,close_location <= 0.10126 AND rsi_vs_sma9 <= -0.15725,63,0.7301587301587301,0.8095238095238095,40,0.725,0.8,0.6,0.11896314981764396,-0.03574473497620085,0.746031746031746
5.0,close_location <= 0.21710 AND dist_sma20 <= -0.00402,59,0.7288135593220338,0.8135593220338984,50,0.76,0.88,0.64,0.166124608069332,-0.02687681819357755,0.7457627118644068
5.0,rsi_pct1 <= -0.17635 AND dual_stretch_9 <= -0.18018,44,0.7272727272727273,0.8181818181818182,47,0.8085106382978723,0.8936170212765957,0.6808510638297872,0.191572451885734,-0.0234441602728048,0.7454545454545456
5.0,close_location <= 0.03797 AND rsi_accel <= -10.42385,22,0.7272727272727273,0.8181818181818182,20,0.65,0.8,0.5,0.09774692922484855,-0.0484644771671852,0.7454545454545456
5.0,dist_sma9 <= -0.04591 AND rsi_vs_sma5 <= -0.16141,36,0.7222222222222222,0.8333333333333334,29,0.8620689655172413,0.896551724137931,0.6551724137931034,0.2213561964146533,-0.0224147414741474,0.7444444444444445
5.0,rsi_pct3 <= -0.24834 AND rsi_pct1 <= -0.17635,21,0.7142857142857143,0.8571428571428571,43,0.8604651162790697,0.9534883720930233,0.7441860465116279,0.1993032636596994,-0.0233592880978865,0.7428571428571429
5.0,close_location <= 0.13656 AND dual_stretch_9 <= -0.18018,73,0.726027397260274,0.8082191780821918,47,0.7659574468085106,0.8297872340425532,0.6170212765957447,0.1255247691015952,-0.0292212465812581,0.7424657534246576
5.0,rsi_pct1 <= -0.21182 AND close_location <= 0.21710,38,0.7105263157894737,0.868421052631579,48,0.6666666666666666,0.8958333333333334,0.6875,0.19222017873041086,-0.0284398281626695,0.7421052631578947
5.0,dist_sma20 <= -0.03231 AND dual_stretch_9 <= -0.15411,41,0.7317073170731707,0.7804878048780488,19,0.8421052631578947,0.8947368421052632,0.6842105263157895,0.191572451885734,-0.0246281394781761,0.7414634146341463
5.0,close_location <= 0.07350 AND dual_stretch_9 <= -0.18018,44,0.7272727272727273,0.7954545454545454,28,0.8214285714285714,0.8928571428571429,0.6428571428571429,0.13274153777394565,-0.02851343658986175,0.740909090909091
5.0,close_location <= 0.16592 AND rsi_vs_sma9 <= -0.18635,60,0.7166666666666667,0.8333333333333334,51,0.7450980392156863,0.8235294117647058,0.5882352941176471,0.1211750305997552,-0.0292212465812581,0.74
5.0,dist_ema9 <= -0.03649 AND dist_sma9 <= -0.03517,40,0.725,0.8,37,0.8918918918918919,0.9459459459459459,0.7297297297297297,0.1928679055750877,-0.0246281394781761,0.74
5.0,rsi_accel <= -13.54668 AND rsi_vs_sma5 <= -0.16141,30,0.7,0.9,28,0.5,0.7857142857142857,0.5714285714285714,0.1098751264705358,-0.06665504051466475,0.74
5.0,dist_sma20 <= -0.03231 AND rsi_sma5_slope3 <= -0.08171,23,0.7391304347826086,0.7391304347826086,12,0.9166666666666666,1.0,0.75,0.20109171982032836,-0.0190658767552825,0.7391304347826088
5.0,close_location <= 0.13656 AND dist_sma9 <= -0.03517,49,0.7142857142857143,0.8367346938775511,37,0.8108108108108109,0.8648648648648649,0.6216216216216216,0.1211750305997552,-0.0292212465812581,0.7387755102040817
5.0,rsi_drop_pct <= -0.38820 AND dual_stretch_9 <= -0.27204,26,0.7307692307692307,0.7692307692307693,20,0.9,0.9,0.65,0.21763778868780181,-0.0206722216837777,0.7384615384615385
5.0,dist_sma9 <= -0.04591 AND dist_sma20 <= -0.00402,29,0.7241379310344828,0.7931034482758621,29,0.8275862068965517,0.8620689655172413,0.6551724137931034,0.2213561964146533,-0.0224147414741474,0.7379310344827587
5.0,close_location <= 0.03797 AND rsi_pct1 <= -0.12187,32,0.71875,0.8125,24,0.6666666666666666,0.7916666666666666,0.5416666666666666,0.11473208688793221,-0.0484644771671852,0.7375
5.0,dual_stretch_9 <= -0.27204 AND rsi_pct3 <= -0.24834,22,0.7272727272727273,0.7727272727272727,45,0.8888888888888888,0.9777777777777777,0.7333333333333333,0.1715914489311165,-0.0210087990039652,0.7363636363636364
5.0,rsi_vs_sma9 <= -0.22445 AND rsi_pct3 <= -0.24834,22,0.7272727272727273,0.7727272727272727,54,0.7592592592592593,0.9074074074074074,0.6666666666666666,0.1221452877465814,-0.02541159822806245,0.7363636363636364
5.0,close_location <= 0.07350 AND dual_stretch_9 <= -0.15411,47,0.723404255319149,0.7872340425531915,31,0.7741935483870968,0.8387096774193549,0.5806451612903226,0.1211750305997552,-0.0292212465812581,0.7361702127659575
5.0,close_location <= 0.03797 AND rsi_pct1 <= -0.14226,28,0.7142857142857143,0.8214285714285714,22,0.6363636363636364,0.7727272727272727,0.5,0.09774692922484855,-0.0484644771671852,0.7357142857142858
5.0,dist_ema9 <= -0.03649 AND rsi_vs_sma9 <= -0.15725,40,0.725,0.775,37,0.8918918918918919,0.9459459459459459,0.7297297297297297,0.1928679055750877,-0.0246281394781761,0.735
5.0,dist_ema9 <= -0.03649 AND dual_stretch_9 <= -0.18018,40,0.725,0.775,37,0.8918918918918919,0.9459459459459459,0.7297297297297297,0.1928679055750877,-0.0246281394781761,0.735
5.0,dist_ema9 <= -0.03649 AND rsi_vs_sma9 <= -0.18635,40,0.725,0.775,36,0.9166666666666666,0.9444444444444444,0.7222222222222222,0.19608558461739356,-0.02403614987549045,0.735
5.0,close_location <= 0.13656 AND rsi_pct1 <= -0.17635,61,0.7049180327868853,0.8524590163934426,46,0.6521739130434783,0.8260869565217391,0.6086956521739131,0.1500565882290296,-0.03925855291807625,0.7344262295081967
5.0,rsi_vs_sma9 <= -0.15725 AND rsi_pct1 <= -0.17635,51,0.7058823529411765,0.8431372549019608,55,0.7454545454545455,0.8727272727272727,0.6727272727272727,0.191572451885734,-0.0272287908863381,0.7333333333333334
5.0,rsi_accel <= -10.42385 AND rsi_vs_sma5 <= -0.16141,39,0.6923076923076923,0.8974358974358975,41,0.6341463414634146,0.8292682926829268,0.6341463414634146,0.1340866561105513,-0.0334210878586408,0.7333333333333334
5.0,dist_sma20 <= -0.03231 AND dual_stretch_9 <= -0.18018,36,0.7222222222222222,0.7777777777777778,19,0.8421052631578947,0.8947368421052632,0.6842105263157895,0.191572451885734,-0.0246281394781761,0.7333333333333334
5.0,rsi_drop_pct <= -0.38820 AND dist_sma9 <= -0.02546,36,0.7222222222222222,0.7777777777777778,24,0.8333333333333334,0.875,0.625,0.1954378577727167,-0.02352144047616175,0.7333333333333334
5.0,rsi_drop_pct <= -0.38820 AND rsi_pct1 <= -0.12187,36,0.7222222222222222,0.7777777777777778,23,0.8260869565217391,0.9130434782608695,0.6086956521739131,0.1993032636596994,-0.0246281394781761,0.7333333333333334
5.0,dist_ema9 <= -0.03649 AND rsi_vs_sma5 <= -0.16141,38,0.7105263157894737,0.8157894736842105,35,0.9142857142857143,0.9428571428571428,0.7428571428571429,0.1993032636596994,-0.0234441602728048,0.7315789473684211
5.0,dist_sma9 <= -0.04591 AND rsi_vs_sma9 <= -0.22445,32,0.71875,0.78125,27,0.8518518518518519,0.8888888888888888,0.6296296296296297,0.2213561964146533,-0.0210087990039652,0.7312500000000001
5.0,dual_stretch_9 <= -0.27204 AND dist_sma20 <= -0.00402,29,0.7241379310344828,0.7586206896551724,43,0.9069767441860465,0.9302325581395349,0.7674418604651163,0.1882640586797064,-0.0207547169811321,0.7310344827586207
5.0,rsi_vs_sma9 <= -0.15725 AND close_location <= 0.16592,89,0.7078651685393258,0.8202247191011236,69,0.7101449275362319,0.8115942028985508,0.6086956521739131,0.1261176099885776,-0.0426344585526994,0.7303370786516854
5.0,close_location <= 0.10126 AND rsi_pct1 <= -0.17635,51,0.7058823529411765,0.8235294117647058,40,0.625,0.8,0.6,0.12763084335515323,-0.0484644771671852,0.7294117647058824
5.0,rsi_pct3 <= -0.24834 AND close_location <= 0.21710,31,0.7096774193548387,0.8064516129032258,47,0.851063829787234,0.9361702127659575,0.723404255319149,0.1750455937510753,-0.0246281394781761,0.7290322580645161
5.0,dist_sma20 <= -0.03231,42,0.7142857142857143,0.7857142857142857,21,0.7619047619047619,0.8571428571428571,0.6190476190476191,0.1882640586797064,-0.0261950569779488,0.7285714285714286
5.0,rsi_pct1 <= -0.14226 AND dist_sma9 <= -0.03517,53,0.6981132075471698,0.8490566037735849,43,0.8372093023255814,0.8604651162790697,0.6511627906976745,0.1715914489311165,-0.0246281394781761,0.7283018867924529
5.0,rsi_drop_pct <= -0.38820 AND dist_sma20 <= -0.00402,39,0.717948717948718,0.7692307692307693,24,0.7916666666666666,0.875,0.625,0.1954378577727167,-0.02352144047616175,0.7282051282051283
5.0,rsi_pct1 <= -0.21182 AND close_location <= 0.16592,36,0.6944444444444444,0.8611111111111112,42,0.6666666666666666,0.8809523809523809,0.6904761904761905,0.1909019071768001,-0.02969968733478745,0.7277777777777779
5.0,rsi_drop_pct <= -0.38820 AND rsi_vs_sma9 <= -0.18635,36,0.7222222222222222,0.75,22,0.9090909090909091,0.9090909090909091,0.6363636363636364,0.20661132231032486,-0.0216559041183946,0.7277777777777779
5.0,dist_sma20 <= -0.03231 AND dist_sma9 <= -0.02546,38,0.7105263157894737,0.7894736842105263,20,0.8,0.85,0.65,0.1899182552827202,-0.02541159822806245,0.7263157894736842
5.0,dual_stretch_9 <= -0.27204 AND rsi_pct1 <= -0.12187,38,0.7105263157894737,0.7894736842105263,42,0.8571428571428571,0.9047619047619048,0.7142857142857143,0.1839567496630815,-0.02288701478601695,0.7263157894736842
5.0,rsi_vs_sma9 <= -0.22445 AND rsi_pct1 <= -0.12187,38,0.7105263157894737,0.7894736842105263,47,0.7872340425531915,0.9148936170212766,0.6808510638297872,0.1728036175710594,-0.0246281394781761,0.7263157894736842
5.0,rsi_vs_sma9 <= -0.22445 AND rsi_vs_sma5 <= -0.16141,38,0.7105263157894737,0.7894736842105263,58,0.7413793103448276,0.896551724137931,0.6379310344827587,0.1213641798978029,-0.027378742645464547,0.7263157894736842
5.0,close_location <= 0.10126 AND dual_stretch_9 <= -0.18018,62,0.7096774193548387,0.7903225806451613,36,0.75,0.8055555555555556,0.6111111111111112,0.11896314981764396,-0.02969968733478745,0.7258064516129032
5.0,dist_sma20 <= -0.03231 AND rsi_vs_sma9 <= -0.15725,35,0.7142857142857143,0.7714285714285715,19,0.8421052631578947,0.8947368421052632,0.6842105263157895,0.191572451885734,-0.0246281394781761,0.7257142857142858
5.0,rsi_vs_sma9 <= -0.15725 AND close_location <= 0.21710,101,0.7029702970297029,0.8118811881188119,81,0.691358024691358,0.8148148148148148,0.6049382716049383,0.1255247691015952,-0.0380683820937609,0.7247524752475247
5.0,close_location <= 0.16592 AND rsi_vs_sma5 <= -0.16141,61,0.6885245901639344,0.8688524590163934,46,0.717391304347826,0.8478260869565217,0.6521739130434783,0.1500565882290296,-0.02969968733478745,0.7245901639344263
5.0,rsi_pct1 <= -0.21182,42,0.6904761904761905,0.8571428571428571,58,0.6206896551724138,0.8620689655172413,0.6379310344827587,0.18571624195401581,-0.03933215712548735,0.7238095238095239
5.0,rsi_sma5_slope3 <= -0.10916 AND rsi_vs_sma5 <= -0.16141,21,0.7142857142857143,0.7619047619047619,18,0.6111111111111112,0.7222222222222222,0.5555555555555556,0.11086364096602246,-0.03360649785929905,0.7238095238095239
5.0,close_location <= 0.13656 AND dual_stretch_9 <= -0.15411,84,0.7023809523809523,0.8095238095238095,53,0.7358490566037735,0.7924528301886793,0.5849056603773585,0.1211750305997552,-0.0334210878586408,0.7238095238095238
5.0,dist_ema9 <= -0.03649 AND dist_sma9 <= -0.04591,34,0.7058823529411765,0.7941176470588235,28,0.8928571428571429,0.9285714285714286,0.6785714285714286,0.2230897051324668,-0.0217117702390563,0.723529411764706
5.0,close_location <= 0.10126 AND dual_stretch_9 <= -0.15411,65,0.7076923076923077,0.7846153846153846,41,0.7073170731707317,0.7560975609756098,0.5609756097560976,0.1114611097649624,-0.0334210878586408,0.7230769230769232
5.0,close_location <= 0.10126 AND rsi_accel <= -13.54668,44,0.7045454545454546,0.7954545454545454,27,0.5185185185185185,0.8148148148148148,0.5555555555555556,0.1114611097649624,-0.096311475409836,0.7227272727272728
5.0,close_location <= 0.21710 AND rsi_vs_sma5 <= -0.16141,67,0.6865671641791045,0.8656716417910447,54,0.7407407407407407,0.8703703703703703,0.6666666666666666,0.1688089846393122,-0.02773201817127315,0.7223880597014926
5.0,dist_ema9 <= -0.03649 AND dist_sma9 <= -0.02546,41,0.7073170731707317,0.7804878048780488,37,0.8918918918918919,0.9459459459459459,0.7297297297297297,0.1928679055750877,-0.0246281394781761,0.7219512195121951
5.0,dist_ema9 <= -0.03649 AND dual_stretch_9 <= -0.15411,41,0.7073170731707317,0.7804878048780488,37,0.8918918918918919,0.9459459459459459,0.7297297297297297,0.1928679055750877,-0.0246281394781761,0.7219512195121951
5.0,dual_stretch_9 <= -0.27204 AND dist_sma9 <= -0.03517,41,0.7073170731707317,0.7804878048780488,50,0.86,0.92,0.7,0.1296768491273284,-0.0209529328833035,0.7219512195121951
5.0,dual_stretch_9 <= -0.27204 AND dist_sma9 <= -0.02546,41,0.7073170731707317,0.7804878048780488,52,0.8461538461538461,0.9230769230769231,0.7115384615384616,0.1388728701816058,-0.0217117702390563,0.7219512195121951
5.0,rsi_pct1 <= -0.17635 AND rsi_vs_sma5 <= -0.16141,51,0.6862745098039216,0.8627450980392157,57,0.7017543859649122,0.8596491228070176,0.6491228070175439,0.1750455937510753,-0.0276584097440809,0.7215686274509805
5.0,rsi_drop_pct <= -0.38820 AND rsi_vs_sma9 <= -0.22445,28,0.7142857142857143,0.75,21,0.9047619047619048,0.9047619047619048,0.6666666666666666,0.2139193809609503,-0.0208970667626418,0.7214285714285715
5.0,close_location <= 0.13656 AND rsi_accel <= -13.54668,52,0.6923076923076923,0.8269230769230769,30,0.5,0.8333333333333334,0.5666666666666667,0.1244430298658034,-0.1055028979077966,0.7192307692307692
5.0,close_location <= 0.21710 AND rsi_vs_sma9 <= -0.18635,66,0.696969696969697,0.803030303030303,59,0.7457627118644068,0.847457627118644,0.6101694915254238,0.1211750305997552,-0.0276584097440809,0.7181818181818183
5.0,rsi_pct1 <= -0.14226 AND rsi_vs_sma9 <= -0.18635,56,0.6964285714285714,0.8035714285714286,54,0.7407407407407407,0.8703703703703703,0.6111111111111112,0.13322740251235934,-0.027593552074335947,0.7178571428571429
5.0,close_location <= 0.13656 AND rsi_accel <= -10.42385,68,0.6911764705882353,0.8235294117647058,44,0.6363636363636364,0.8636363636363636,0.5909090909090909,0.1251303550105026,-0.07899477219292125,0.7176470588235294
5.0,dist_sma20 <= -0.03231 AND rsi_vs_sma9 <= -0.22445,24,0.7083333333333334,0.75,16,0.9375,0.9375,0.75,0.21763778868780181,-0.02015727124539855,0.7166666666666668
5.0,rsi_pct1 <= -0.12187 AND rsi_sma5_slope3 <= -0.08171,38,0.7105263157894737,0.7368421052631579,31,0.7096774193548387,0.7741935483870968,0.5161290322580645,0.12908567942125,-0.0358826472834531,0.7157894736842105
5.0,close_location <= 0.21710 AND dist_sma9 <= -0.03517,64,0.6875,0.828125,56,0.7678571428571429,0.8392857142857143,0.625,0.12334989985067521,-0.0282290097727844,0.7156250000000001
5.0,close_location <= 0.16592 AND dist_sma9 <= -0.02546,78,0.6923076923076923,0.8076923076923077,62,0.7419354838709677,0.8064516129032258,0.5806451612903226,0.11896314981764396,-0.03465186757104695,0.7153846153846154
5.0,close_location <= 0.10126 AND rsi_accel <= -10.42385,59,0.6949152542372882,0.7966101694915254,39,0.6410256410256411,0.8461538461538461,0.5897435897435898,0.1211750305997552,-0.0767553423462713,0.7152542372881356
5.0,close_location <= 0.13656 AND rsi_pct1 <= -0.12187,103,0.6893203883495146,0.8155339805825242,63,0.6666666666666666,0.8253968253968254,0.5873015873015873,0.1301257669563285,-0.0544451362201851,0.7145631067961165
5.0,rsi_pct1 <= -0.21182 AND rsi_accel <= -10.42385,37,0.6756756756756757,0.8648648648648649,51,0.6078431372549019,0.8627450980392157,0.6666666666666666,0.1902313624678662,-0.0464206407951781,0.7135135135135136
5.0,close_location <= 0.07350 AND rsi_pct1 <= -0.12187,59,0.6949152542372882,0.7796610169491526,39,0.6923076923076923,0.8461538461538461,0.5897435897435898,0.1340866561105513,-0.0505083135391923,0.711864406779661
5.0,rsi_pct1 <= -0.21182 AND rsi_accel <= -13.54668,34,0.6764705882352942,0.8529411764705882,39,0.48717948717948717,0.8205128205128205,0.6153846153846154,0.1812011214401654,-0.0858407243505471,0.7117647058823531
5.0,dist_sma9 <= -0.03517 AND rsi_vs_sma5 <= -0.16141,54,0.6851851851851852,0.8148148148148148,54,0.8333333333333334,0.9074074074074074,0.6851851851851852,0.13274153777394565,-0.02541159822806245,0.7111111111111111
5.0,rsi_sma5_slope1 <= -0.05915 AND rsi_sma5_slope3 <= -0.10916,27,0.7037037037037037,0.7407407407407407,19,0.7368421052631579,0.8421052631578947,0.631578947368421,0.1215533291958506,-0.0208970667626418,0.7111111111111111
5.0,close_location <= 0.21710 AND dist_sma9 <= -0.02546,87,0.6896551724137931,0.7931034482758621,74,0.7162162162162162,0.7972972972972973,0.581081081081081,0.117068356889734,-0.0317996079734788,0.710344827586207
5.0,dist_ema9 <= -0.03649,42,0.6904761904761905,0.7857142857142857,37,0.8918918918918919,0.9459459459459459,0.7297297297297297,0.1928679055750877,-0.0246281394781761,0.7095238095238096
5.0,rsi_pct1 <= -0.17635 AND close_location <= 0.16592,68,0.6764705882352942,0.8382352941176471,53,0.660377358490566,0.8490566037735849,0.660377358490566,0.1812011214401654,-0.0334210878586408,0.7088235294117649
5.0,close_location <= 0.13656 AND rsi_pct1 <= -0.14226,81,0.6790123456790124,0.8271604938271605,57,0.6491228070175439,0.8070175438596491,0.543859649122807,0.1167512690355327,-0.0513521153302554,0.708641975308642
5.0,close_location <= 0.16592 AND dist_sma9 <= -0.03517,59,0.6779661016949152,0.8305084745762712,48,0.7916666666666666,0.8333333333333334,0.625,0.12582118954508642,-0.02969968733478745,0.7084745762711865
5.0,rsi_drop_pct <= -0.38820 AND rsi_sma5_slope3 <= -0.08171,24,0.7083333333333334,0.7083333333333334,16,0.875,0.9375,0.625,0.19007103837605321,-0.0206722216837777,0.7083333333333335
5.0,dist_ema9 <= -0.03649 AND rsi_sma5_slope3 <= -0.08171,24,0.7083333333333334,0.7083333333333334,17,0.9411764705882353,1.0,0.7058823529411765,0.2139193809609503,-0.0208970667626418,0.7083333333333335
5.0,close_location <= 0.16592 AND rsi_accel <= -10.42385,78,0.6794871794871795,0.8205128205128205,50,0.62,0.86,0.62,0.13250324274410857,-0.07899477219292125,0.7076923076923077
5.0,rsi_vs_sma9 <= -0.22445 AND dist_sma20 <= -0.00402,30,0.7,0.7333333333333333,43,0.9302325581395349,0.9534883720930233,0.7906976744186046,0.191572451885734,-0.0207547169811321,0.7066666666666666
5.0,dist_sma9 <= -0.03517 AND rsi_pct1 <= -0.12187,59,0.6779661016949152,0.8135593220338984,50,0.8,0.84,0.64,0.1407957336360776,-0.027378742645464547,0.7050847457627119
5.0,dual_stretch_9 <= -0.27204,42,0.6904761904761905,0.7619047619047619,53,0.8490566037735849,0.9245283018867925,0.6981132075471698,0.1340866561105513,-0.0224147414741474,0.7047619047619048
5.0,dual_stretch_9 <= -0.27204 AND rsi_vs_sma9 <= -0.15725,42,0.6904761904761905,0.7619047619047619,53,0.8490566037735849,0.9245283018867925,0.6981132075471698,0.1340866561105513,-0.0224147414741474,0.7047619047619048
5.0,dual_stretch_9 <= -0.27204 AND rsi_vs_sma9 <= -0.18635,42,0.6904761904761905,0.7619047619047619,53,0.8490566037735849,0.9245283018867925,0.6981132075471698,0.1340866561105513,-0.0224147414741474,0.7047619047619048
5.0,rsi_pct1 <= -0.12187 AND dist_sma20 <= -0.00402,48,0.6875,0.7708333333333334,45,0.7777777777777778,0.8666666666666667,0.6666666666666666,0.191572451885734,-0.0246281394781761,0.7041666666666667
5.0,close_location <= 0.16592 AND dual_stretch_9 <= -0.18018,88,0.6818181818181818,0.7840909090909091,62,0.7258064516129032,0.8064516129032258,0.6129032258064516,0.12582118954508642,-0.03465186757104695,0.7022727272727273
5.0,dist_sma9 <= -0.03517 AND dist_sma20 <= -0.00402,51,0.6862745098039216,0.7647058823529411,54,0.8148148148148148,0.8888888888888888,0.7222222222222222,0.16187952678424894,-0.022171519710272453,0.7019607843137255
5.0,close_location <= 0.21710 AND dual_stretch_9 <= -0.15411,119,0.680672268907563,0.7815126050420168,82,0.6707317073170732,0.7682926829268293,0.573170731707317,0.117068356889734,-0.036975514688607,0.7008403361344538
5.0,close_location <= 0.16592 AND rsi_accel <= -13.54668,58,0.6724137931034483,0.8103448275862069,34,0.5,0.8529411764705882,0.6176470588235294,0.15450819944888045,-0.1055028979077966,0.7000000000000001
5.0,rsi_drop_pct <= -0.38820,42,0.6904761904761905,0.7380952380952381,26,0.7692307692307693,0.8461538461538461,0.5769230769230769,0.17889757383844504,-0.0259284651822571,0.7000000000000001
5.0,rsi_drop_pct <= -0.38820 AND dual_stretch_9 <= -0.15411,42,0.6904761904761905,0.7380952380952381,23,0.8695652173913043,0.9130434782608695,0.6521739130434783,0.1993032636596994,-0.0224147414741474,0.7000000000000001
5.0,rsi_pct3 <= -0.24834 AND rsi_pct1 <= -0.14226,28,0.6785714285714286,0.7857142857142857,46,0.8478260869565217,0.9565217391304348,0.7391304347826086,0.19222017873041086,-0.02403614987549045,0.7000000000000001
5.0,dual_stretch_9 <= -0.18018 AND close_location <= 0.21710,97,0.6804123711340206,0.7731958762886598,75,0.6933333333333334,0.8,0.6,0.1211750305997552,-0.0334210878586408,0.6989690721649485
5.0,dist_sma9 <= -0.04591 AND rsi_vs_sma9 <= -0.15725,41,0.6829268292682927,0.7560975609756098,35,0.8,0.8571428571428571,0.6,0.1750455937510753,-0.027528694404591,0.6975609756097562
5.0,dist_sma9 <= -0.04591 AND dual_stretch_9 <= -0.18018,41,0.6829268292682927,0.7560975609756098,35,0.8,0.8571428571428571,0.6,0.1750455937510753,-0.027528694404591,0.6975609756097562
5.0,dist_sma9 <= -0.04591 AND dual_stretch_9 <= -0.15411,41,0.6829268292682927,0.7560975609756098,35,0.8,0.8571428571428571,0.6,0.1750455937510753,-0.027528694404591,0.6975609756097562
5.0,dist_sma9 <= -0.04591 AND rsi_vs_sma9 <= -0.18635,41,0.6829268292682927,0.7560975609756098,32,0.84375,0.875,0.59375,0.20661132231032486,-0.02541159822806245,0.6975609756097562
5.0,rsi_vs_sma9 <= -0.22445 AND dist_sma9 <= -0.03517,41,0.6829268292682927,0.7560975609756098,52,0.8653846153846154,0.9423076923076923,0.6923076923076923,0.1296768491273284,-0.0217117702390563,0.6975609756097562
5.0,rsi_vs_sma9 <= -0.22445 AND dist_sma9 <= -0.02546,41,0.6829268292682927,0.7560975609756098,54,0.8518518518518519,0.9444444444444444,0.7037037037037037,0.1388728701816058,-0.02288701478601695,0.6975609756097562
5.0,close_location <= 0.07350,83,0.6746987951807228,0.7831325301204819,51,0.6862745098039216,0.8235294117647058,0.5686274509803921,0.13139641943734,-0.0426344585526994,0.6963855421686747
5.0,close_location <= 0.21710 AND rsi_accel <= -10.42385,90,0.6666666666666666,0.8111111111111111,63,0.6031746031746031,0.8888888888888888,0.6666666666666666,0.1812011214401654,-0.0812342020395712,0.6955555555555556
5.0,rsi_drop_pct <= -0.38820 AND rsi_vs_sma9 <= -0.15725,38,0.6842105263157895,0.7368421052631579,23,0.8695652173913043,0.9130434782608695,0.6521739130434783,0.1993032636596994,-0.0224147414741474,0.6947368421052632
5.0,rsi_drop_pct <= -0.38820 AND dual_stretch_9 <= -0.18018,38,0.6842105263157895,0.7368421052631579,23,0.8695652173913043,0.9130434782608695,0.6521739130434783,0.1993032636596994,-0.0224147414741474,0.6947368421052632
5.0,rsi_pct1 <= -0.17635 AND close_location <= 0.21710,74,0.6621621621621622,0.8243243243243243,65,0.6461538461538462,0.8769230769230769,0.6923076923076923,0.191572451885734,-0.0358826472834531,0.6945945945945946
5.0,rsi_pct1 <= -0.14226 AND dual_stretch_9 <= -0.15411,70,0.6714285714285714,0.7857142857142857,61,0.7213114754098361,0.819672131147541,0.6065573770491803,0.1323681489141674,-0.0292212465812581,0.6942857142857143
5.0,dual_stretch_9 <= -0.27204 AND rsi_sma5_slope3 <= -0.08171,32,0.6875,0.71875,30,0.8333333333333334,0.9333333333333333,0.6333333333333333,0.1221452877465814,-0.02082589187188695,0.6937500000000001
5.0,close_location <= 0.16592 AND rsi_pct1 <= -0.12187,120,0.6666666666666666,0.8,77,0.6363636363636364,0.8051948051948052,0.5974025974025974,0.13139641943734,-0.0628662759722962,0.6933333333333334
5.0,rsi_pct3 <= -0.24834 AND dist_sma9 <= -0.03517,28,0.6785714285714286,0.75,46,0.8913043478260869,0.9565217391304348,0.7391304347826086,0.1528390525208339,-0.0209529328833035,0.692857142857143
5.0,close_location <= 0.16592 AND dual_stretch_9 <= -0.15411,106,0.6698113207547169,0.7830188679245284,69,0.6956521739130435,0.7681159420289855,0.5797101449275363,0.1211750305997552,-0.0380683820937609,0.6924528301886792
5.0,rsi_sma5_slope3 <= -0.10916 AND dist_sma20 <= -0.00402,26,0.6923076923076923,0.6923076923076923,19,0.7894736842105263,0.8947368421052632,0.7894736842105263,0.1252670421441055,-0.0204473766049136,0.6923076923076923
5.0,rsi_vs_sma5 <= -0.16141 AND rsi_vs_sma9 <= -0.18635,61,0.6721311475409836,0.7704918032786885,78,0.6666666666666666,0.8205128205128205,0.5897435897435898,0.12029597721314696,-0.0323757181468929,0.6918032786885245
5.0,rsi_pct1 <= -0.14226 AND rsi_accel <= -10.42385,85,0.6588235294117647,0.8235294117647058,79,0.5443037974683544,0.8227848101265823,0.6075949367088608,0.1374249499666444,-0.0858407243505471,0.691764705882353
5.0,dual_stretch_9 <= -0.27204 AND rsi_sma5_slope3 <= -0.10916,22,0.6818181818181818,0.7272727272727273,16,0.875,0.9375,0.75,0.12400214422070885,-0.015566736016004699,0.6909090909090909
5.0,dual_stretch_9 <= -0.27204 AND rsi_vs_sma9 <= -0.22445,40,0.675,0.75,51,0.8627450980392157,0.9411764705882353,0.7058823529411765,0.1340866561105513,-0.0210087990039652,0.6900000000000001
5.0,close_location <= 0.10126 AND rsi_pct1 <= -0.12187,81,0.6666666666666666,0.7777777777777778,52,0.6538461538461539,0.7884615384615384,0.5769230769230769,0.1251303550105026,-0.0768279457307928,0.6888888888888889
5.0,dual_stretch_9 <= -0.18018 AND rsi_vs_sma5 <= -0.16141,66,0.6666666666666666,0.7727272727272727,78,0.6923076923076923,0.8333333333333334,0.6153846153846154,0.1221452877465814,-0.0312536159583305,0.6878787878787879
5.0,close_location <= 0.07350 AND rsi_pct1 <= -0.14226,48,0.6666666666666666,0.7708333333333334,36,0.6666666666666666,0.8333333333333334,0.5555555555555556,0.12628572501854762,-0.0524767248796887,0.6875
5.0,dist_sma9 <= -0.02546 AND rsi_vs_sma5 <= -0.16141,56,0.6607142857142857,0.7857142857142857,59,0.8135593220338984,0.9152542372881356,0.6949152542372882,0.1660265203475079,-0.0261950569779488,0.6857142857142857
5.0,dist_sma9 <= -0.04591,42,0.6666666666666666,0.7619047619047619,35,0.8,0.8571428571428571,0.6,0.1750455937510753,-0.027528694404591,0.6857142857142857
5.0,dist_sma9 <= -0.04591 AND rsi_pct3 <= -0.24834,21,0.6666666666666666,0.7619047619047619,26,0.9230769230769231,0.9615384615384616,0.6923076923076923,0.2230897051324668,-0.0209529328833035,0.6857142857142857
5.0,rsi_pct1 <= -0.12187 AND rsi_vs_sma9 <= -0.18635,66,0.6666666666666666,0.7575757575757576,62,0.7258064516129032,0.8709677419354839,0.6129032258064516,0.13322740251235934,-0.02851343658986175,0.6848484848484848
5.0,close_location <= 0.16592 AND rsi_pct1 <= -0.14226,92,0.6521739130434783,0.8152173913043478,66,0.6515151515151515,0.8181818181818182,0.5909090909090909,0.13115812440750296,-0.050930214434723856,0.6847826086956521
5.0,dual_stretch_9 <= -0.15411 AND rsi_vs_sma5 <= -0.16141,71,0.6619718309859155,0.7746478873239436,81,0.6666666666666666,0.8148148148148148,0.5925925925925926,0.1211750305997552,-0.0334210878586408,0.6845070422535212
5.0,close_location <= 0.10126 AND rsi_pct1 <= -0.14226,64,0.65625,0.796875,47,0.6170212765957447,0.7659574468085106,0.5319148936170213,0.1114611097649624,-0.0767553423462713,0.6843750000000001
5.0,close_location <= 0.13656,166,0.6566265060240963,0.7951807228915663,88,0.6590909090909091,0.7954545454545454,0.5681818181818182,0.12582118954508642,-0.052898625775220254,0.6843373493975904
5.0,rsi_pct1 <= -0.14226 AND dist_sma9 <= -0.02546,58,0.6551724137931034,0.7931034482758621,48,0.8125,0.8541666666666666,0.6458333333333334,0.1688089846393122,-0.02541159822806245,0.6827586206896552
5.0,close_location <= 0.21710 AND rsi_pct1 <= -0.12187,136,0.6544117647058824,0.7941176470588235,97,0.6391752577319587,0.845360824742268,0.6391752577319587,0.1509344238908174,-0.0628662759722962,0.6823529411764706
5.0,rsi_accel <= -10.42385 AND rsi_pct1 <= -0.12187,100,0.65,0.81,84,0.5476190476190477,0.8095238095238095,0.5952380952380952,0.13250324274410857,-0.08729171211150236,0.682
5.0,close_location <= 0.21710 AND rsi_accel <= -13.54668,66,0.6515151515151515,0.803030303030303,45,0.4888888888888889,0.8888888888888888,0.6666666666666666,0.1829599541478732,-0.1058038007190549,0.6818181818181819
5.0,rsi_vs_sma9 <= -0.22445,42,0.6666666666666666,0.7380952380952381,63,0.746031746031746,0.8888888888888888,0.6349206349206349,0.1215533291958506,-0.0272287908863381,0.680952380952381
5.0,rsi_vs_sma9 <= -0.22445 AND dual_stretch_9 <= -0.18018,42,0.6666666666666666,0.7380952380952381,63,0.746031746031746,0.8888888888888888,0.6349206349206349,0.1215533291958506,-0.0272287908863381,0.680952380952381
5.0,rsi_vs_sma9 <= -0.22445 AND dual_stretch_9 <= -0.15411,42,0.6666666666666666,0.7380952380952381,63,0.746031746031746,0.8888888888888888,0.6349206349206349,0.1215533291958506,-0.0272287908863381,0.680952380952381
5.0,rsi_vs_sma9 <= -0.15725 AND rsi_vs_sma5 <= -0.16141,72,0.6527777777777778,0.7916666666666666,88,0.6477272727272727,0.8181818181818182,0.5909090909090909,0.12029597721314696,-0.041862661586487854,0.6805555555555556
5.0,rsi_pct1 <= -0.17635 AND rsi_accel <= -10.42385,70,0.6428571428571429,0.8285714285714286,62,0.5806451612903226,0.8709677419354839,0.6935483870967742,0.1865956583078697,-0.06665504051466475,0.68
5.0,rsi_pct1 <= -0.14226 AND rsi_vs_sma5 <= -0.16141,64,0.640625,0.828125,63,0.6666666666666666,0.8412698412698413,0.6349206349206349,0.1660265203475079,-0.0301781280883168,0.6781250000000001
5.0,rsi_pct1 <= -0.12187 AND dual_stretch_9 <= -0.15411,88,0.6590909090909091,0.75,77,0.6753246753246753,0.7922077922077922,0.5974025974025974,0.13139641943734,-0.0358826472834531,0.6772727272727272
5.0,rsi_vs_sma9 <= -0.15725 AND dist_sma20 <= -0.00402,60,0.6666666666666666,0.7166666666666667,58,0.7931034482758621,0.8793103448275862,0.7068965517241379,0.166124608069332,-0.02340172418534565,0.6766666666666666
5.0,rsi_sma5_slope3 <= -0.10916,42,0.6666666666666666,0.7142857142857143,36,0.5555555555555556,0.6666666666666666,0.5277777777777778,0.10576679211513546,-0.03360649785929905,0.6761904761904762
5.0,close_location <= 0.03797,42,0.6428571428571429,0.8095238095238095,33,0.6666666666666666,0.7575757575757576,0.5454545454545454,0.1082891431761092,-0.0301781280883168,0.6761904761904762
5.0,rsi_sma5_slope3 <= -0.10916 AND dual_stretch_9 <= -0.15411,42,0.6666666666666666,0.7142857142857143,36,0.5555555555555556,0.6666666666666666,0.5277777777777778,0.10576679211513546,-0.03360649785929905,0.6761904761904762
5.0,close_location <= 0.10126,124,0.6532258064516129,0.7661290322580645,69,0.6376811594202898,0.7681159420289855,0.5362318840579711,0.1114611097649624,-0.0767553423462713,0.6758064516129032
5.0,dist_sma9 <= -0.03517 AND rsi_sma5_slope3 <= -0.08171,53,0.660377358490566,0.7358490566037735,50,0.72,0.84,0.58,0.12048512651119465,-0.03465186757104695,0.6754716981132075
5.0,close_location <= 0.21710 AND rsi_pct1 <= -0.14226,103,0.6407766990291263,0.8058252427184466,83,0.6385542168674698,0.8554216867469879,0.6265060240963856,0.17026909134666,-0.0544451362201851,0.6737864077669903
5.0,dist_sma9 <= -0.04591 AND rsi_sma5_slope3 <= -0.08171,30,0.6666666666666666,0.7,22,0.7727272727272727,0.8636363636363636,0.5454545454545454,0.14880955761424805,-0.0306133572285531,0.6733333333333333
5.0,rsi_pct1 <= -0.14226 AND rsi_accel <= -13.54668,66,0.6363636363636364,0.8181818181818182,60,0.45,0.8166666666666667,0.6166666666666667,0.15554994587596424,-0.09596652112980206,0.6727272727272728
5.0,rsi_pct1 <= -0.17635,83,0.6385542168674698,0.8072289156626506,80,0.625,0.8625,0.675,0.1865956583078697,-0.04393884247251665,0.672289156626506
5.0,dual_stretch_9 <= -0.18018 AND rsi_pct1 <= -0.14226,65,0.6461538461538462,0.7692307692307693,57,0.7368421052631579,0.8421052631578947,0.6140350877192983,0.1340866561105513,-0.0276584097440809,0.6707692307692308
5.0,rsi_vs_sma9 <= -0.15725 AND rsi_pct1 <= -0.14226,72,0.6388888888888888,0.7916666666666666,67,0.7014925373134329,0.835820895522388,0.6119402985074627,0.1323681489141674,-0.0334210878586408,0.6694444444444444
5.0,rsi_pct3 <= -0.24834 AND dist_sma9 <= -0.02546,32,0.65625,0.71875,52,0.8653846153846154,0.9615384615384616,0.75,0.17219753325108794,-0.0217117702390563,0.6687500000000001
5.0,rsi_vs_sma9 <= -0.15725 AND dist_sma9 <= -0.03517,76,0.6447368421052632,0.7631578947368421,74,0.7702702702702703,0.8648648648648649,0.6486486486486487,0.12539590562285036,-0.0282290097727844,0.668421052631579
5.0,rsi_sma5_slope3 <= -0.10916 AND dual_stretch_9 <= -0.18018,38,0.6578947368421053,0.7105263157894737,36,0.5555555555555556,0.6666666666666666,0.5277777777777778,0.10576679211513546,-0.03360649785929905,0.668421052631579
5.0,rsi_pct3 <= -0.24834 AND dual_stretch_9 <= -0.15411,38,0.6578947368421053,0.7105263157894737,67,0.7313432835820896,0.8656716417910447,0.6567164179104478,0.13139641943734,-0.027528694404591,0.668421052631579
5.0,dual_stretch_9 <= -0.18018 AND dist_sma9 <= -0.03517,79,0.6455696202531646,0.759493670886076,76,0.7631578947368421,0.8552631578947368,0.6447368421052632,0.12539590562285036,-0.0282290097727844,0.6683544303797468
5.0,rsi_vs_sma9 <= -0.15725 AND dual_stretch_9 <= -0.15411,117,0.6495726495726496,0.7350427350427351,125,0.632,0.76,0.568,0.1194169238265387,-0.0451479395905047,0.6666666666666667
5.0,rsi_accel <= -10.42385,124,0.6290322580645161,0.8145161290322581,90,0.5444444444444444,0.8111111111111111,0.5888888888888889,0.13250324274410857,-0.08729171211150236,0.6661290322580646
5.0,rsi_vs_sma9 <= -0.15725,124,0.6451612903225806,0.75,136,0.6102941176470589,0.7573529411764706,0.5588235294117647,0.117068356889734,-0.048125843834338,0.6661290322580645
5.0,close_location <= 0.16592,207,0.6376811594202898,0.7777777777777778,109,0.6422018348623854,0.7889908256880734,0.5688073394495413,0.1261176099885776,-0.0624169986719788,0.6657004830917874
5.0,dist_sma9 <= -0.03517 AND rsi_vs_sma9 <= -0.18635,67,0.6417910447761194,0.7611940298507462,64,0.8125,0.890625,0.65625,0.12400214422070885,-0.027378742645464547,0.6656716417910448
5.0,rsi_vs_sma9 <= -0.15725 AND rsi_sma5_slope3 <= -0.08171,64,0.65625,0.703125,69,0.6376811594202898,0.7391304347826086,0.5217391304347826,0.1092232261247647,-0.0444824636441402,0.665625
5.0,rsi_vs_sma9 <= -0.15725 AND rsi_pct1 <= -0.12187,89,0.6404494382022472,0.7640449438202247,83,0.6746987951807228,0.8192771084337349,0.6024096385542169,0.13139641943734,-0.0426344585526994,0.6651685393258427
5.0,rsi_accel <= -13.54668,83,0.6265060240963856,0.8192771084337349,65,0.4461538461538462,0.8153846153846154,0.6,0.1408308004052685,-0.0988894764674774,0.6650602409638555
5.0,dual_stretch_9 <= -0.18018 AND dist_sma20 <= -0.00402,66,0.6515151515151515,0.7121212121212122,59,0.7966101694915254,0.8813559322033898,0.711864406779661,0.1660265203475079,-0.0233592880978865,0.6636363636363637
5.0,rsi_pct3 <= -0.24834 AND dual_stretch_9 <= -0.18018,35,0.6571428571428571,0.6857142857142857,67,0.7313432835820896,0.8656716417910447,0.6567164179104478,0.13139641943734,-0.027528694404591,0.6628571428571428
5.0,rsi_vs_sma9 <= -0.22445 AND rsi_sma5_slope3 <= -0.08171,32,0.65625,0.6875,35,0.7714285714285715,0.8857142857142857,0.5714285714285714,0.1194169238265387,-0.031176883481516,0.6625000000000001
5.0,rsi_pct3 <= -0.24834,42,0.6428571428571429,0.7380952380952381,69,0.7391304347826086,0.8695652173913043,0.6666666666666666,0.1323681489141674,-0.0276584097440809,0.661904761904762
5.0,dual_stretch_9 <= -0.18018 AND rsi_pct1 <= -0.12187,81,0.6419753086419753,0.7407407407407407,72,0.6944444444444444,0.8194444444444444,0.6111111111111112,0.13322740251235934,-0.0322989856700784,0.6617283950617284
5.0,dist_sma20 <= -0.00402 AND rsi_vs_sma9 <= -0.18635,49,0.6530612244897959,0.6938775510204082,50,0.86,0.92,0.74,0.1733185213410959,-0.0217117702390563,0.6612244897959183
5.0,rsi_vs_sma9 <= -0.15725 AND dist_sma9 <= -0.02546,95,0.6421052631578947,0.7368421052631579,91,0.7252747252747253,0.8351648351648352,0.6373626373626373,0.1255247691015952,-0.0301781280883168,0.6610526315789474
5.0,dual_stretch_9 <= -0.18018 AND rsi_sma5_slope3 <= -0.08171,69,0.6521739130434783,0.6956521739130435,70,0.6285714285714286,0.7285714285714285,0.5142857142857142,0.10576679211513546,-0.0435584610984198,0.6608695652173913
5.0,rsi_vs_sma9 <= -0.15725 AND dual_stretch_9 <= -0.18018,112,0.6428571428571429,0.7321428571428571,114,0.6491228070175439,0.7807017543859649,0.5789473684210527,0.12029597721314696,-0.0426719345503931,0.6607142857142858
5.0,dist_sma9 <= -0.02546 AND rsi_pct1 <= -0.12187,66,0.6363636363636364,0.7575757575757576,60,0.75,0.8166666666666667,0.6333333333333333,0.1407957336360776,-0.02773201817127315,0.6606060606060606
5.0,rsi_sma5_slope3 <= -0.10916 AND dist_sma9 <= -0.02546,40,0.65,0.7,32,0.625,0.75,0.59375,0.12048512651119465,-0.02545812397442305,0.66
5.0,dual_stretch_9 <= -0.15411 AND dist_sma20 <= -0.00402,77,0.6493506493506493,0.7012987012987013,61,0.7868852459016393,0.8688524590163934,0.6885245901639344,0.1575363577773418,-0.0234441602728048,0.6597402597402598
5.0,rsi_pct1 <= -0.14226,124,0.6290322580645161,0.782258064516129,108,0.5833333333333334,0.8148148148148148,0.5925925925925926,0.13322740251235934,-0.06929840101768531,0.6596774193548388
5.0,rsi_sma5_slope3 <= -0.10916 AND rsi_vs_sma9 <= -0.15725,37,0.6486486486486487,0.7027027027027027,34,0.5588235294117647,0.6764705882352942,0.5294117647058824,0.10576679211513546,-0.03360649785929905,0.6594594594594595
5.0,dist_sma9 <= -0.03517 AND dual_stretch_9 <= -0.15411,82,0.6341463414634146,0.7560975609756098,76,0.7631578947368421,0.8552631578947368,0.6447368421052632,0.12539590562285036,-0.0282290097727844,0.6585365853658537
5.0,close_location <= 0.21710,248,0.6290322580645161,0.7741935483870968,143,0.6153846153846154,0.8041958041958042,0.6013986013986014,0.13139641943734,-0.0628662759722962,0.6580645161290324
5.0,rsi_accel <= -13.54668 AND rsi_pct1 <= -0.12187,76,0.618421052631579,0.8026315789473685,62,0.45161290322580644,0.8064516129032258,0.6129032258064516,0.15554994587596424,-0.09596652112980206,0.6552631578947369
5.0,dual_stretch_9 <= -0.18018,124,0.6370967741935484,0.7258064516129032,118,0.635593220338983,0.7627118644067796,0.5677966101694916,0.118401184285237,-0.0435959370961135,0.6548387096774193
5.0,dual_stretch_9 <= -0.18018 AND dist_sma9 <= -0.02546,107,0.6355140186915887,0.7289719626168224,95,0.7052631578947368,0.8105263157894737,0.6210526315789474,0.1252670421441055,-0.031330348435145,0.6542056074766355
5.0,dist_sma9 <= -0.03517,83,0.6265060240963856,0.7590361445783133,76,0.7631578947368421,0.8552631578947368,0.6447368421052632,0.12539590562285036,-0.0282290097727844,0.6530120481927711
5.0,rsi_pct1 <= -0.17635 AND rsi_accel <= -13.54668,57,0.6140350877192983,0.8070175438596491,49,0.46938775510204084,0.8367346938775511,0.673469387755102,0.1829599541478732,-0.0921123716909778,0.6526315789473685
5.0,rsi_pct3 <= -0.24834 AND rsi_vs_sma5 <= -0.16141,38,0.631578947368421,0.7368421052631579,68,0.7352941176470589,0.8676470588235294,0.6617647058823529,0.1318822841757537,-0.02773201817127315,0.6526315789473685
5.0,dist_sma9 <= -0.02546 AND dist_sma20 <= -0.00402,71,0.6338028169014085,0.7183098591549296,61,0.7868852459016393,0.8688524590163934,0.6885245901639344,0.1575363577773418,-0.0234441602728048,0.6507042253521128
5.0,rsi_pct1 <= -0.12187 AND rsi_vs_sma5 <= -0.16141,75,0.6133333333333333,0.8,71,0.676056338028169,0.8591549295774648,0.6338028169014085,0.1414941128704832,-0.0358826472834531,0.6506666666666667
5.0,rsi_pct1 <= -0.12187,166,0.6204819277108434,0.7710843373493976,137,0.5766423357664233,0.7883211678832117,0.5766423357664233,0.13139641943734,-0.0715340789196031,0.6506024096385543
5.0,rsi_vs_sma5 <= -0.16141,83,0.6144578313253012,0.7951807228915663,95,0.6210526315789474,0.8,0.5789473684210527,0.1194169238265387,-0.0448770491803278,0.6506024096385543
5.0,rsi_vs_sma9 <= -0.15725 AND rsi_pct3 <= -0.24834,36,0.6388888888888888,0.6944444444444444,68,0.7352941176470589,0.8676470588235294,0.6617647058823529,0.1318822841757537,-0.027593552074335947,0.6499999999999999
5.0,dist_sma9 <= -0.02546 AND dual_stretch_9 <= -0.15411,121,0.628099173553719,0.7272727272727273,98,0.6938775510204082,0.7959183673469388,0.6020408163265306,0.1221452877465814,-0.0323757181468929,0.6479338842975207
5.0,rsi_sma5_slope3 <= -0.10916 AND dist_sma9 <= -0.03517,30,0.6333333333333333,0.7,27,0.6666666666666666,0.8148148148148148,0.6296296296296297,0.1215533291958506,-0.0219282979463975,0.6466666666666667
5.0,rsi_vs_sma9 <= -0.22445 AND rsi_sma5_slope3 <= -0.10916,22,0.6363636363636364,0.6818181818181818,19,0.7894736842105263,0.8947368421052632,0.6842105263157895,0.1227372462973122,-0.0204473766049136,0.6454545454545455
5.0,rsi_pct3 <= -0.24834 AND rsi_pct1 <= -0.12187,32,0.625,0.71875,50,0.82,0.96,0.74,0.18330902281840467,-0.02671192393214345,0.64375
5.0,dist_sma9 <= -0.02546,124,0.6209677419354839,0.7338709677419355,100,0.69,0.79,0.59,0.1213641798978029,-0.03465186757104695,0.6435483870967742
5.0,dist_sma9 <= -0.02546 AND rsi_sma5_slope3 <= -0.08171,75,0.6266666666666667,0.6933333333333334,62,0.6612903225806451,0.7741935483870968,0.5645161290322581,0.12048512651119465,-0.04035142032323015,0.6400000000000001
5.0,dual_stretch_9 <= -0.15411 AND rsi_sma5_slope3 <= -0.08171,80,0.625,0.6875,74,0.6216216216216216,0.7162162162162162,0.5135135135135135,0.10576679211513546,-0.04628209180064735,0.6375
5.0,dual_stretch_9 <= -0.15411,166,0.6144578313253012,0.7289156626506024,138,0.6086956521739131,0.7246376811594203,0.5434782608695652,0.1166861939954858,-0.04628209180064735,0.6373493975903615
5.0,dist_ema9 <= -0.03649 AND rsi_pct3 <= -0.24834,23,0.6086956521739131,0.7391304347826086,33,0.9393939393939394,0.9696969696969697,0.7575757575757576,0.1993032636596994,-0.0224147414741474,0.6347826086956523
5.0,rsi_vs_sma9 <= -0.18635 AND rsi_sma5_slope3 <= -0.08171,53,0.6226415094339622,0.6792452830188679,52,0.7115384615384616,0.8076923076923077,0.5384615384615384,0.11330433543435,-0.03465186757104695,0.6339622641509434
5.0,rsi_vs_sma9 <= -0.18635,83,0.6144578313253012,0.7108433734939759,93,0.6666666666666666,0.8064516129032258,0.5698924731182796,0.1173854447439353,-0.0358826472834531,0.6337349397590362
5.0,dual_stretch_9 <= -0.18018 AND rsi_vs_sma9 <= -0.18635,83,0.6144578313253012,0.7108433734939759,91,0.6813186813186813,0.8131868131868132,0.5824175824175825,0.1194169238265387,-0.0334210878586408,0.6337349397590362
5.0,dual_stretch_9 <= -0.15411 AND rsi_vs_sma9 <= -0.18635,83,0.6144578313253012,0.7108433734939759,92,0.6739130434782609,0.8043478260869565,0.5760869565217391,0.118401184285237,-0.03465186757104695,0.6337349397590362
5.0,dist_sma20 <= -0.00402,83,0.6144578313253012,0.6987951807228916,65,0.7538461538461538,0.8461538461538461,0.6615384615384615,0.15683581679599,-0.0261950569779488,0.6313253012048193
5.0,rsi_pct3 <= -0.24834 AND rsi_vs_sma9 <= -0.18635,32,0.625,0.65625,66,0.7272727272727273,0.8636363636363636,0.6515151515151515,0.12706683286732612,-0.027378742645464547,0.63125
5.0,rsi_sma5_slope3 <= -0.08171,83,0.6144578313253012,0.6867469879518072,80,0.6125,0.7125,0.5125,0.10576679211513546,-0.0486220782053815,0.6289156626506024
5.0,dist_sma20 <= -0.00402 AND rsi_sma5_slope3 <= -0.08171,45,0.6222222222222222,0.6222222222222222,34,0.7647058823529411,0.8529411764705882,0.6764705882352942,0.12400214422070885,-0.0215562413317607,0.6222222222222222
5.0,dist_sma9 <= -0.02546 AND rsi_vs_sma9 <= -0.18635,75,0.6,0.7066666666666667,71,0.7887323943661971,0.8873239436619719,0.6619718309859155,0.1261176099885776,-0.0272287908863381,0.6213333333333333
5.0,rsi_sma5_slope3 <= -0.10916 AND rsi_vs_sma9 <= -0.18635,33,0.6060606060606061,0.6666666666666666,27,0.5925925925925926,0.7037037037037037,0.5555555555555556,0.1092232261247647,-0.0358826472834531,0.6181818181818182
7.5,rsi_accel <= -10.42385 AND rsi_drop_pct <= -0.38820,21,1.0,1.0,11,0.8181818181818182,0.8181818181818182,0.6363636363636364,0.2139193809609503,-0.0246281394781761,1.0
7.5,rsi_accel <= -10.42385 AND dist_ema9 <= -0.03649,20,0.95,1.0,21,0.9523809523809523,0.9523809523809523,0.7619047619047619,0.1993032636596994,-0.0234441602728048,0.96
7.5,rsi_drop_pct <= -0.38820 AND rsi_accel <= -7.63088,23,0.9565217391304348,0.9565217391304348,15,0.8666666666666667,0.8666666666666667,0.6,0.2139193809609503,-0.0224147414741474,0.9565217391304348
7.5,rsi_sma5_slope1 <= -0.05915 AND rsi_pct1 <= -0.17635,21,0.9523809523809523,0.9523809523809523,23,0.9130434782608695,0.9130434782608695,0.6521739130434783,0.1750455937510753,-0.0224147414741474,0.9523809523809523
7.5,rsi_sma5_slope1 <= -0.05915 AND rsi_accel <= -7.63088,21,0.9523809523809523,0.9523809523809523,18,0.9444444444444444,0.9444444444444444,0.6666666666666666,0.1822296772531021,-0.0216559041183946,0.9523809523809523
7.5,rsi_pct1 <= -0.21182 AND sma9_slope3 <= 0.02604,21,0.9523809523809523,0.9523809523809523,30,0.9,0.9333333333333333,0.7333333333333333,0.19608558461739356,-0.0209529328833035,0.9523809523809523
7.5,dist_ema9 <= -0.03649 AND close_location <= 0.07350,21,0.9523809523809523,0.9523809523809523,19,0.8947368421052632,0.8947368421052632,0.631578947368421,0.1340866561105513,-0.0301781280883168,0.9523809523809523
7.5,dual_stretch_9 <= -0.27204 AND rsi_pct1 <= -0.21182,20,0.95,0.95,30,0.9,0.9,0.7,0.1822296772531021,-0.0217117702390563,0.95
7.5,rsi_pct1 <= -0.21182 AND dist_sma9 <= -0.03517,25,0.92,0.96,30,0.9,0.9,0.7,0.18158195040842523,-0.0217117702390563,0.9280000000000002
7.5,rsi_sma5_slope1 <= -0.05915 AND close_location <= 0.13656,26,0.9230769230769231,0.9230769230769231,19,0.8947368421052632,0.8947368421052632,0.5789473684210527,0.1082891431761092,-0.0301781280883168,0.9230769230769231
7.5,rsi_sma5_slope1 <= -0.05915 AND rsi_accel <= -5.35400,26,0.9230769230769231,0.9230769230769231,23,0.8695652173913043,0.8695652173913043,0.5652173913043478,0.1211750305997552,-0.0276584097440809,0.9230769230769231
7.5,dist_ema9 <= -0.03649 AND rsi_accel <= -7.63088,23,0.9130434782608695,0.9565217391304348,25,0.96,0.96,0.72,0.1993032636596994,-0.0224147414741474,0.9217391304347826
7.5,dist_ema9 <= -0.03649 AND close_location <= 0.10126,25,0.92,0.92,19,0.8947368421052632,0.8947368421052632,0.631578947368421,0.1340866561105513,-0.0301781280883168,0.9200000000000002
7.5,dist_sma20 <= -0.03231 AND rsi_accel <= -7.63088,22,0.9090909090909091,0.9545454545454546,10,0.9,0.9,0.7,0.2230897051324668,-0.02276260312040895,0.9181818181818182
7.5,rsi_pct1 <= -0.21182 AND dist_ema9 <= -0.03649,21,0.9047619047619048,0.9523809523809523,26,0.9230769230769231,0.9230769230769231,0.6923076923076923,0.19222017873041086,-0.0229294508734761,0.9142857142857144
7.5,rsi_accel <= -13.54668 AND dist_sma9 <= -0.03517,21,0.9047619047619048,0.9523809523809523,12,0.8333333333333334,0.8333333333333334,0.6666666666666666,0.14152627934803946,-0.0268111441805608,0.9142857142857144
7.5,rsi_accel <= -13.54668 AND dist_sma9 <= -0.02546,21,0.9047619047619048,0.9523809523809523,14,0.7857142857142857,0.8571428571428571,0.6428571428571429,0.14152627934803946,-0.0268111441805608,0.9142857142857144
7.5,rsi_sma5_slope1 <= -0.05915 AND close_location <= 0.10126,23,0.9130434782608695,0.9130434782608695,16,0.875,0.875,0.5625,0.10529975064080771,-0.0317996079734788,0.9130434782608696
7.5,rsi_accel <= -13.54668 AND sma9_slope3 <= 0.02604,22,0.9090909090909091,0.9090909090909091,15,0.7333333333333333,0.8666666666666667,0.6666666666666666,0.2139193809609503,-0.0233592880978865,0.9090909090909092
7.5,rsi_accel <= -10.42385 AND dist_sma9 <= -0.03517,30,0.9,0.9333333333333333,26,0.8461538461538461,0.8461538461538461,0.6923076923076923,0.1528390525208339,-0.02403614987549045,0.9066666666666667
7.5,rsi_pct1 <= -0.21182 AND rsi_sma5_slope3 <= 0.04466,30,0.9,0.9333333333333333,47,0.8085106382978723,0.8936170212765957,0.6382978723404256,0.1715914489311165,-0.0261950569779488,0.9066666666666667
7.5,rsi_sma5_slope1 <= -0.05915 AND close_location <= 0.16592,32,0.90625,0.90625,21,0.9047619047619048,0.9047619047619048,0.5714285714285714,0.1082891431761092,-0.0301781280883168,0.9062500000000001
7.5,dual_stretch_9 <= -0.27204 AND rsi_accel <= -7.63088,21,0.9047619047619048,0.9047619047619048,31,0.9032258064516129,0.9032258064516129,0.7096774193548387,0.1928679055750877,-0.0224147414741474,0.9047619047619049
7.5,rsi_vs_sma9 <= -0.22445 AND rsi_accel <= -7.63088,21,0.9047619047619048,0.9047619047619048,32,0.875,0.90625,0.71875,0.19608558461739356,-0.02288701478601695,0.9047619047619049
7.5,rsi_drop_pct <= -0.38820 AND rsi_accel <= -5.35400,31,0.9032258064516129,0.9032258064516129,21,0.9047619047619048,0.9047619047619048,0.5714285714285714,0.191572451885734,-0.0272287908863381,0.903225806451613
7.5,rsi_sma5_slope1 <= -0.05915 AND rsi_pct1 <= -0.14226,29,0.896551724137931,0.896551724137931,25,0.84,0.88,0.64,0.1750455937510753,-0.027528694404591,0.8965517241379312
7.5,rsi_drop_pct <= -0.38820 AND close_location <= 0.13656,29,0.896551724137931,0.896551724137931,16,0.8125,0.8125,0.5,0.12617468722094544,-0.03053974880136085,0.8965517241379312
7.5,rsi_pct1 <= -0.21182 AND dist_sma9 <= -0.02546,26,0.8846153846153846,0.9230769230769231,32,0.875,0.90625,0.6875,0.18158195040842523,-0.02288701478601695,0.8923076923076924
7.5,dist_ema9 <= -0.03649 AND close_location <= 0.16592,33,0.8787878787878788,0.9393939393939394,29,0.9310344827586207,0.9310344827586207,0.6896551724137931,0.1750455937510753,-0.0272287908863381,0.890909090909091
7.5,rsi_drop_pct <= -0.38820 AND close_location <= 0.10126,27,0.8888888888888888,0.8888888888888888,10,0.8,0.8,0.4,0.08438859760823164,-0.03053974880136085,0.888888888888889
7.5,dist_sma20 <= -0.03231 AND rsi_pct1 <= -0.17635,24,0.875,0.9166666666666666,15,0.8666666666666667,0.8666666666666667,0.6666666666666666,0.2213561964146533,-0.0246281394781761,0.8833333333333334
7.5,rsi_sma5_slope1 <= -0.05915 AND close_location <= 0.21710,34,0.8823529411764706,0.8823529411764706,27,0.8888888888888888,0.8888888888888888,0.5925925925925926,0.1173854447439353,-0.027528694404591,0.8823529411764707
7.5,rsi_drop_pct <= -0.38820 AND close_location <= 0.21710,34,0.8823529411764706,0.8823529411764706,21,0.8571428571428571,0.8571428571428571,0.5238095238095238,0.1662226957911561,-0.027528694404591,0.8823529411764707
7.5,dual_stretch_9 <= -0.27204 AND rsi_pct1 <= -0.17635,25,0.88,0.88,38,0.8947368421052632,0.8947368421052632,0.7105263157894737,0.19608558461739356,-0.0217117702390563,0.8800000000000001
7.5,rsi_drop_pct <= -0.38820 AND rsi_pct1 <= -0.17635,25,0.88,0.88,20,0.9,0.9,0.65,0.21763778868780181,-0.0216559041183946,0.8800000000000001
7.5,rsi_vs_sma9 <= -0.22445 AND rsi_pct1 <= -0.17635,25,0.88,0.88,41,0.8780487804878049,0.9024390243902439,0.7073170731707317,0.1928679055750877,-0.0233592880978865,0.8800000000000001
7.5,dist_ema9 <= -0.03649 AND close_location <= 0.13656,30,0.8666666666666667,0.9333333333333333,25,0.92,0.92,0.64,0.1662226957911561,-0.0292212465812581,0.88
7.5,dual_stretch_9 <= -0.27204 AND close_location <= 0.16592,33,0.8787878787878788,0.8787878787878788,35,0.8857142857142857,0.8857142857142857,0.6571428571428571,0.1340866561105513,-0.0246281394781761,0.8787878787878789
7.5,rsi_drop_pct <= -0.38820 AND close_location <= 0.16592,33,0.8787878787878788,0.8787878787878788,18,0.8333333333333334,0.8333333333333334,0.5,0.12617468722094544,-0.03053974880136085,0.8787878787878789
7.5,rsi_vs_sma9 <= -0.22445 AND close_location <= 0.16592,33,0.8787878787878788,0.8787878787878788,36,0.8611111111111112,0.8888888888888888,0.6666666666666666,0.1388728701816058,-0.02541159822806245,0.8787878787878789
7.5,rsi_sma5_slope1 <= -0.05915 AND rsi_pct1 <= -0.12187,32,0.875,0.875,29,0.8620689655172413,0.896551724137931,0.6206896551724138,0.1715914489311165,-0.0276584097440809,0.8750000000000001
7.5,dist_sma20 <= -0.03231 AND rsi_pct1 <= -0.14226,30,0.8666666666666667,0.9,16,0.875,0.875,0.625,0.21763778868780181,-0.02541159822806245,0.8733333333333334
7.5,dist_sma20 <= -0.03231 AND rsi_accel <= -5.35400,30,0.8666666666666667,0.9,17,0.8823529411764706,0.8823529411764706,0.5882352941176471,0.191572451885734,-0.0272287908863381,0.8733333333333334
7.5,rsi_accel <= -7.63088 AND dist_sma9 <= -0.03517,37,0.8648648648648649,0.8918918918918919,34,0.8235294117647058,0.8235294117647058,0.6176470588235294,0.12763084335515323,-0.02403614987549045,0.8702702702702703
7.5,dist_sma20 <= -0.03231 AND close_location <= 0.13656,29,0.8620689655172413,0.896551724137931,12,0.8333333333333334,0.8333333333333334,0.5,0.1244366061784423,-0.03032493937248945,0.8689655172413794
7.5,dist_ema9 <= -0.03649 AND close_location <= 0.21710,35,0.8571428571428571,0.9142857142857143,33,0.9393939393939394,0.9393939393939394,0.696969696969697,0.191572451885734,-0.0261950569779488,0.8685714285714285
7.5,rsi_accel <= -10.42385 AND sma9_slope3 <= 0.02604,38,0.868421052631579,0.868421052631579,33,0.7272727272727273,0.7878787878787878,0.6060606060606061,0.1340866561105513,-0.0246281394781761,0.868421052631579
7.5,rsi_pct1 <= -0.17635 AND dist_sma9 <= -0.03517,36,0.8611111111111112,0.8888888888888888,38,0.8947368421052632,0.8947368421052632,0.7105263157894737,0.19222017873041086,-0.0217117702390563,0.8666666666666668
7.5,dist_sma20 <= -0.03231 AND rsi_sma5_slope1 <= -0.05915,22,0.8636363636363636,0.8636363636363636,12,0.9166666666666666,0.9166666666666666,0.75,0.21763778868780181,-0.01832608123803925,0.8636363636363636
7.5,rsi_drop_pct <= -0.38820 AND close_location <= 0.07350,22,0.8636363636363636,0.8636363636363636,10,0.8,0.8,0.4,0.08438859760823164,-0.03053974880136085,0.8636363636363636
7.5,dist_sma20 <= -0.03231 AND close_location <= 0.21710,35,0.8571428571428571,0.8857142857142857,16,0.875,0.875,0.5625,0.17889757383844504,-0.027378742645464547,0.8628571428571429
7.5,rsi_pct1 <= -0.21182 AND rsi_vs_sma9 <= -0.15725,33,0.8484848484848485,0.9090909090909091,43,0.813953488372093,0.9069767441860465,0.6744186046511628,0.191572451885734,-0.0261950569779488,0.8606060606060606
7.5,rsi_accel <= -13.54668 AND rsi_sma5_slope3 <= 0.04466,40,0.85,0.9,41,0.6829268292682927,0.8048780487804879,0.5609756097560976,0.1114611097649624,-0.0767553423462713,0.8600000000000001
7.5,dist_sma9 <= -0.04591 AND rsi_accel <= -7.63088,20,0.85,0.9,21,0.8571428571428571,0.8571428571428571,0.5714285714285714,0.2139193809609503,-0.0224147414741474,0.8600000000000001
7.5,dist_ema9 <= -0.03649 AND rsi_pct1 <= -0.17635,27,0.8518518518518519,0.8888888888888888,33,0.9393939393939394,0.9393939393939394,0.7272727272727273,0.1993032636596994,-0.0224147414741474,0.8592592592592594
7.5,dist_sma20 <= -0.03231 AND close_location <= 0.16592,34,0.8529411764705882,0.8823529411764706,14,0.8571428571428571,0.8571428571428571,0.5,0.1244366061784423,-0.03032493937248945,0.8588235294117648
7.5,dual_stretch_9 <= -0.27204 AND close_location <= 0.21710,35,0.8571428571428571,0.8571428571428571,41,0.9024390243902439,0.9024390243902439,0.6829268292682927,0.1436590842526603,-0.0233592880978865,0.8571428571428572
7.5,rsi_vs_sma9 <= -0.22445 AND close_location <= 0.21710,35,0.8571428571428571,0.8571428571428571,43,0.8837209302325582,0.9069767441860465,0.6744186046511628,0.1436590842526603,-0.0234441602728048,0.8571428571428572
7.5,dual_stretch_9 <= -0.27204 AND close_location <= 0.13656,28,0.8571428571428571,0.8571428571428571,29,0.8620689655172413,0.8620689655172413,0.6206896551724138,0.1167512690355327,-0.0276584097440809,0.8571428571428572
7.5,rsi_vs_sma9 <= -0.22445 AND close_location <= 0.13656,28,0.8571428571428571,0.8571428571428571,29,0.8620689655172413,0.8620689655172413,0.6206896551724138,0.1167512690355327,-0.0272287908863381,0.8571428571428572
7.5,rsi_drop_pct <= -0.38820 AND dist_sma9 <= -0.04591,21,0.8571428571428571,0.8571428571428571,20,0.9,0.9,0.65,0.21763778868780181,-0.0216559041183946,0.8571428571428572
7.5,rsi_vs_sma9 <= -0.22445 AND close_location <= 0.07350,21,0.8571428571428571,0.8571428571428571,20,0.9,0.9,0.65,0.12763084335515323,-0.0284398281626695,0.8571428571428572
7.5,rsi_accel <= -10.42385 AND rsi_sma5_slope3 <= 0.04466,66,0.8484848484848485,0.8787878787878788,61,0.7377049180327869,0.819672131147541,0.5901639344262295,0.1277102496714848,-0.0644971048681106,0.8545454545454546
7.5,rsi_pct1 <= -0.17635 AND rsi_sma5_slope3 <= 0.04466,59,0.847457627118644,0.8813559322033898,62,0.7903225806451613,0.8709677419354839,0.6612903225806451,0.1733185213410959,-0.027378742645464547,0.8542372881355932
7.5,rsi_accel <= -13.54668 AND rsi_vs_sma9 <= -0.15725,31,0.8387096774193549,0.9032258064516129,26,0.6923076923076923,0.8461538461538461,0.6153846153846154,0.14152627934803946,-0.0524767248796887,0.8516129032258065
7.5,rsi_accel <= -10.42385 AND dist_sma9 <= -0.02546,32,0.84375,0.875,30,0.8,0.8333333333333334,0.6666666666666666,0.13158616776590065,-0.02541159822806245,0.8500000000000001
7.5,dist_sma9 <= -0.04591 AND close_location <= 0.16592,32,0.84375,0.875,28,0.8214285714285714,0.8214285714285714,0.5714285714285714,0.15207753940532548,-0.0317996079734788,0.8500000000000001
7.5,dual_stretch_9 <= -0.27204 AND close_location <= 0.07350,20,0.85,0.85,22,0.8636363636363636,0.8636363636363636,0.6363636363636364,0.12763084335515323,-0.02969968733478745,0.8500000000000001
7.5,rsi_vs_sma9 <= -0.22445 AND close_location <= 0.10126,26,0.8461538461538461,0.8461538461538461,24,0.8333333333333334,0.8333333333333334,0.625,0.11410618940024755,-0.0284398281626695,0.8461538461538463
7.5,dist_ema9 <= -0.03649 AND rsi_accel <= -5.35400,31,0.8387096774193549,0.8709677419354839,32,0.9375,0.9375,0.6875,0.19222017873041086,-0.02403614987549045,0.8451612903225807
7.5,rsi_drop_pct <= -0.38820 AND rsi_pct1 <= -0.14226,32,0.84375,0.84375,21,0.9047619047619048,0.9047619047619048,0.6190476190476191,0.2139193809609503,-0.0224147414741474,0.84375
7.5,dist_sma9 <= -0.04591 AND rsi_pct1 <= -0.17635,24,0.8333333333333334,0.875,27,0.8518518518518519,0.8518518518518519,0.6296296296296297,0.2213561964146533,-0.0210087990039652,0.8416666666666668
7.5,close_location <= 0.07350 AND rsi_vs_sma5 <= -0.16141,35,0.8285714285714286,0.8857142857142857,25,0.76,0.84,0.6,0.1211750305997552,-0.0334210878586408,0.8400000000000001
7.5,rsi_sma5_slope1 <= -0.05915 AND rsi_vs_sma3 <= -0.13346,25,0.84,0.84,37,0.8108108108108109,0.8378378378378378,0.5675675675675675,0.1173854447439353,-0.031176883481516,0.8400000000000001
7.5,dual_stretch_9 <= -0.27204 AND close_location <= 0.10126,25,0.84,0.84,25,0.84,0.84,0.64,0.1167512690355327,-0.0292212465812581,0.8400000000000001
7.5,rsi_pct1 <= -0.17635 AND sma9_slope3 <= 0.02604,37,0.8378378378378378,0.8378378378378378,41,0.9024390243902439,0.926829268292683,0.7560975609756098,0.2139193809609503,-0.0208970667626418,0.8378378378378379
7.5,rsi_accel <= -7.63088 AND sma9_slope3 <= 0.02604,55,0.8363636363636363,0.8363636363636363,47,0.723404255319149,0.7872340425531915,0.574468085106383,0.1340866561105513,-0.027528694404591,0.8363636363636363
7.5,rsi_pct1 <= -0.21182 AND rsi_sma5_slope1 <= -0.01835,34,0.8235294117647058,0.8823529411764706,50,0.78,0.86,0.62,0.1528390525208339,-0.0284398281626695,0.8352941176470589
7.5,rsi_pct1 <= -0.21182 AND close_location <= 0.07350,23,0.8260869565217391,0.8695652173913043,28,0.75,0.8214285714285714,0.6071428571428571,0.1528390525208339,-0.03992086432690945,0.8347826086956522
7.5,dist_sma20 <= -0.03231 AND rsi_vs_sma5 <= -0.16141,29,0.8275862068965517,0.8620689655172413,15,0.8666666666666667,0.8666666666666667,0.6666666666666666,0.2213561964146533,-0.0246281394781761,0.8344827586206897
7.5,rsi_sma5_slope1 <= -0.05915 AND rsi_drop_pct <= -0.38820,24,0.8333333333333334,0.8333333333333334,15,1.0,1.0,0.6666666666666666,0.2139193809609503,-0.0204473766049136,0.8333333333333335
7.5,rsi_vs_sma5 <= -0.16141 AND close_location <= 0.10126,44,0.8181818181818182,0.8863636363636364,30,0.7666666666666667,0.8333333333333334,0.6333333333333333,0.11896314981764396,-0.0317996079734788,0.8318181818181819
7.5,rsi_accel <= -5.35400 AND dist_sma9 <= -0.03517,46,0.8260869565217391,0.8478260869565217,45,0.8222222222222222,0.8222222222222222,0.6,0.1340866561105513,-0.0272287908863381,0.8304347826086957
7.5,dist_sma9 <= -0.04591 AND rsi_pct1 <= -0.14226,34,0.8235294117647058,0.8529411764705882,30,0.8666666666666667,0.8666666666666667,0.6,0.20661132231032486,-0.02352144047616175,0.8294117647058823
7.5,dist_sma9 <= -0.04591 AND close_location <= 0.21710,34,0.8235294117647058,0.8529411764705882,31,0.8387096774193549,0.8387096774193549,0.5806451612903226,0.1662226957911561,-0.0278056265984654,0.8294117647058823
7.5,dual_stretch_9 <= -0.27204 AND rsi_pct1 <= -0.14226,35,0.8285714285714286,0.8285714285714286,38,0.8947368421052632,0.8947368421052632,0.7105263157894737,0.19608558461739356,-0.0217117702390563,0.8285714285714286
7.5,rsi_vs_sma9 <= -0.22445 AND rsi_pct1 <= -0.14226,35,0.8285714285714286,0.8285714285714286,42,0.8809523809523809,0.9047619047619048,0.6904761904761905,0.19222017873041086,-0.02340172418534565,0.8285714285714286
7.5,dist_sma20 <= -0.03231 AND rsi_vs_sma3 <= -0.11841,28,0.8214285714285714,0.8571428571428571,16,0.875,0.875,0.625,0.21763778868780181,-0.02541159822806245,0.8285714285714285
7.5,dist_sma20 <= -0.03231 AND dist_sma9 <= -0.04591,22,0.8181818181818182,0.8636363636363636,16,0.875,0.875,0.625,0.21763778868780181,-0.02541159822806245,0.8272727272727274
7.5,dist_sma20 <= -0.03231 AND rsi_vs_sma3 <= -0.13346,22,0.8181818181818182,0.8636363636363636,15,0.8666666666666667,0.8666666666666667,0.6666666666666666,0.2213561964146533,-0.0246281394781761,0.8272727272727274
7.5,dist_sma9 <= -0.04591 AND close_location <= 0.10126,23,0.8260869565217391,0.8260869565217391,16,0.75,0.75,0.5,0.1087615490440374,-0.0380277732056701,0.8260869565217392
7.5,rsi_drop_pct <= -0.38820 AND dist_sma9 <= -0.03517,34,0.8235294117647058,0.8235294117647058,23,0.9130434782608695,0.9130434782608695,0.6521739130434783,0.1993032636596994,-0.0224147414741474,0.8235294117647058
7.5,rsi_accel <= -10.42385 AND rsi_vs_sma9 <= -0.15725,43,0.813953488372093,0.8604651162790697,42,0.7380952380952381,0.8333333333333334,0.6428571428571429,0.13158616776590065,-0.0317996079734788,0.8232558139534885
7.5,dist_sma20 <= -0.03231 AND dist_ema9 <= -0.03649,27,0.8148148148148148,0.8518518518518519,17,0.8823529411764706,0.8823529411764706,0.6470588235294118,0.2139193809609503,-0.0261950569779488,0.8222222222222223
7.5,dist_sma9 <= -0.04591 AND close_location <= 0.13656,27,0.8148148148148148,0.8518518518518519,22,0.8181818181818182,0.8181818181818182,0.5,0.10990500013294176,-0.03465186757104695,0.8222222222222223
7.5,rsi_sma5_slope1 <= -0.05915 AND rsi_vs_sma3 <= -0.11841,28,0.8214285714285714,0.8214285714285714,42,0.8095238095238095,0.8571428571428571,0.5714285714285714,0.118401184285237,-0.0312536159583305,0.8214285714285714
7.5,dual_stretch_9 <= -0.27204 AND rsi_accel <= -5.35400,28,0.8214285714285714,0.8214285714285714,35,0.8857142857142857,0.8857142857142857,0.6857142857142857,0.1928679055750877,-0.0224147414741474,0.8214285714285714
7.5,rsi_vs_sma9 <= -0.22445 AND rsi_accel <= -5.35400,28,0.8214285714285714,0.8214285714285714,38,0.8947368421052632,0.9210526315789473,0.6842105263157895,0.19222017873041086,-0.02340172418534565,0.8214285714285714
7.5,rsi_pct1 <= -0.17635 AND dist_sma9 <= -0.02546,38,0.8157894736842105,0.8421052631578947,42,0.8809523809523809,0.9047619047619048,0.7142857142857143,0.19222017873041086,-0.02288701478601695,0.8210526315789474
7.5,rsi_accel <= -13.54668 AND rsi_sma5_slope1 <= -0.01835,41,0.8048780487804879,0.8780487804878049,40,0.7,0.8,0.575,0.12614595508511545,-0.0812980333484092,0.8195121951219514
7.5,rsi_pct1 <= -0.14226 AND dist_sma9 <= -0.03517,53,0.8113207547169812,0.8490566037735849,43,0.8604651162790697,0.8604651162790697,0.6511627906976745,0.1715914489311165,-0.0246281394781761,0.8188679245283019
7.5,rsi_sma5_slope1 <= -0.05915 AND rsi_vs_sma5 <= -0.16141,33,0.8181818181818182,0.8181818181818182,42,0.8333333333333334,0.8809523809523809,0.5952380952380952,0.12029597721314696,-0.0323757181468929,0.8181818181818183
7.5,dual_stretch_9 <= -0.27204 AND rsi_vs_sma3 <= -0.13346,33,0.8181818181818182,0.8181818181818182,47,0.9148936170212766,0.9148936170212766,0.6808510638297872,0.1715914489311165,-0.0233592880978865,0.8181818181818183
7.5,rsi_vs_sma9 <= -0.22445 AND rsi_vs_sma3 <= -0.13346,33,0.8181818181818182,0.8181818181818182,54,0.8518518518518519,0.8703703703703703,0.6296296296296297,0.12029597721314696,-0.02671192393214345,0.8181818181818183
7.5,close_location <= 0.07350 AND rsi_accel <= -7.63088,48,0.8125,0.8333333333333334,33,0.7272727272727273,0.8484848484848485,0.5454545454545454,0.1211750305997552,-0.0544451362201851,0.8166666666666667
7.5,dist_ema9 <= -0.03649 AND rsi_pct1 <= -0.14226,37,0.8108108108108109,0.8378378378378378,34,0.9411764705882353,0.9411764705882353,0.7058823529411765,0.19608558461739356,-0.0229294508734761,0.8162162162162163
7.5,dist_sma9 <= -0.04591 AND rsi_pct1 <= -0.12187,37,0.8108108108108109,0.8378378378378378,34,0.8529411764705882,0.8529411764705882,0.6176470588235294,0.18717442870538736,-0.0268618756912699,0.8162162162162163
7.5,dual_stretch_9 <= -0.27204 AND rsi_vs_sma5 <= -0.16141,38,0.8157894736842105,0.8157894736842105,48,0.9375,0.9375,0.7083333333333334,0.1528390525208339,-0.02288701478601695,0.8157894736842106
7.5,rsi_accel <= -10.42385 AND rsi_vs_sma5 <= -0.16141,39,0.7948717948717948,0.8974358974358975,41,0.7073170731707317,0.8292682926829268,0.6341463414634146,0.1340866561105513,-0.0334210878586408,0.8153846153846154
7.5,dist_sma9 <= -0.04591 AND rsi_accel <= -5.35400,26,0.8076923076923077,0.8461538461538461,28,0.8214285714285714,0.8214285714285714,0.5357142857142857,0.18276297972542774,-0.02541159822806245,0.8153846153846154
7.5,rsi_drop_pct <= -0.38820 AND dist_ema9 <= -0.03649,27,0.8148148148148148,0.8148148148148148,21,0.9523809523809523,0.9523809523809523,0.6666666666666666,0.2139193809609503,-0.0224147414741474,0.8148148148148149
7.5,rsi_accel <= -10.42385 AND close_location <= 0.07350,42,0.8095238095238095,0.8333333333333334,31,0.7419354838709677,0.8387096774193549,0.5806451612903226,0.1340866561105513,-0.0544451362201851,0.8142857142857143
7.5,close_location <= 0.10126 AND dist_sma9 <= -0.03517,42,0.8095238095238095,0.8333333333333334,28,0.8214285714285714,0.8214285714285714,0.6071428571428571,0.11410618940024755,-0.02969968733478745,0.8142857142857143
7.5,rsi_accel <= -13.54668 AND close_location <= 0.07350,31,0.8064516129032258,0.8387096774193549,22,0.6363636363636364,0.7727272727272727,0.5454545454545454,0.13994029605361286,-0.0942119235504069,0.8129032258064516
7.5,close_location <= 0.13656 AND rsi_vs_sma5 <= -0.16141,52,0.7884615384615384,0.9038461538461539,37,0.7567567567567568,0.8378378378378378,0.6216216216216216,0.1211750305997552,-0.0301781280883168,0.8115384615384615
7.5,dist_sma9 <= -0.04591 AND rsi_vs_sma5 <= -0.16141,36,0.8055555555555556,0.8333333333333334,29,0.896551724137931,0.896551724137931,0.6551724137931034,0.2213561964146533,-0.0224147414741474,0.8111111111111111
7.5,rsi_pct1 <= -0.14226 AND sma9_slope3 <= 0.02604,58,0.8103448275862069,0.8103448275862069,48,0.8333333333333334,0.8541666666666666,0.6666666666666666,0.18330902281840467,-0.02340172418534565,0.8103448275862069
7.5,rsi_accel <= -7.63088 AND rsi_sma5_slope3 <= 0.04466,100,0.8,0.85,80,0.7375,0.8,0.5875,0.13158616776590065,-0.052898625775220254,0.8100000000000002
7.5,rsi_accel <= -10.42385 AND rsi_sma5_slope1 <= -0.01835,60,0.8,0.85,59,0.7457627118644068,0.8135593220338984,0.6101694915254238,0.1340866561105513,-0.0644971048681106,0.8100000000000002
7.5,rsi_accel <= -5.35400 AND sma9_slope3 <= 0.02604,73,0.8082191780821918,0.8082191780821918,67,0.6865671641791045,0.7313432835820896,0.5074626865671642,0.1114611097649624,-0.0358826472834531,0.8082191780821918
7.5,rsi_pct1 <= -0.21182 AND close_location <= 0.10126,29,0.7931034482758621,0.8620689655172413,32,0.75,0.84375,0.625,0.12763084335515323,-0.03992086432690945,0.806896551724138
7.5,rsi_sma5_slope1 <= -0.05915 AND dual_stretch_9 <= -0.27204,31,0.8064516129032258,0.8064516129032258,37,0.9459459459459459,0.9459459459459459,0.6486486486486487,0.1215533291958506,-0.0224147414741474,0.8064516129032258
7.5,close_location <= 0.13656 AND sma9_slope3 <= 0.02604,76,0.8026315789473685,0.8157894736842105,49,0.7959183673469388,0.8367346938775511,0.6122448979591837,0.1261176099885776,-0.0276584097440809,0.8052631578947369
7.5,rsi_sma5_slope1 <= -0.05915 AND dist_sma9 <= -0.02546,40,0.8,0.825,41,0.9024390243902439,0.926829268292683,0.6341463414634146,0.1215533291958506,-0.0276584097440809,0.8050000000000002
7.5,close_location <= 0.10126 AND dist_sma9 <= -0.02546,50,0.8,0.82,36,0.7777777777777778,0.8055555555555556,0.5833333333333334,0.11410618940024755,-0.02969968733478745,0.8040000000000002
7.5,rsi_sma5_slope1 <= -0.05915 AND dist_ema9 <= -0.03649,25,0.8,0.8,22,0.9545454545454546,0.9545454545454546,0.6818181818181818,0.1733185213410959,-0.024971717939369198,0.8000000000000002
7.5,rsi_drop_pct <= -0.38820 AND rsi_vs_sma3 <= -0.13346,25,0.8,0.8,20,0.9,0.9,0.65,0.21763778868780181,-0.0216559041183946,0.8000000000000002
7.5,rsi_pct1 <= -0.14226 AND rsi_sma5_slope3 <= 0.04466,92,0.7934782608695652,0.8260869565217391,84,0.7380952380952381,0.8095238095238095,0.5714285714285714,0.12891800831390665,-0.0426719345503931,0.8
7.5,close_location <= 0.13656 AND dist_sma9 <= -0.02546,62,0.7903225806451613,0.8387096774193549,46,0.8260869565217391,0.8478260869565217,0.6086956521739131,0.12334989985067521,-0.02893681976418075,0.8
7.5,dist_ema9 <= -0.03649 AND rsi_pct1 <= -0.12187,39,0.7948717948717948,0.8205128205128205,36,0.9444444444444444,0.9444444444444444,0.7222222222222222,0.19608558461739356,-0.02403614987549045,0.7999999999999999
7.5,rsi_pct1 <= -0.17635 AND close_location <= 0.07350,39,0.7948717948717948,0.8205128205128205,32,0.71875,0.8125,0.59375,0.1528390525208339,-0.0484644771671852,0.7999999999999999
7.5,close_location <= 0.07350 AND dist_sma9 <= -0.02546,39,0.7948717948717948,0.8205128205128205,29,0.8275862068965517,0.8620689655172413,0.5862068965517241,0.1211750305997552,-0.0292212465812581,0.7999999999999999
7.5,dist_sma20 <= -0.03231 AND rsi_pct1 <= -0.12187,34,0.7941176470588235,0.8235294117647058,18,0.8888888888888888,0.8888888888888888,0.6111111111111112,0.20274591642334217,-0.02671192393214345,0.7999999999999999
7.5,dist_sma20 <= -0.03231 AND dist_sma9 <= -0.03517,34,0.7941176470588235,0.8235294117647058,19,0.8947368421052632,0.8947368421052632,0.6842105263157895,0.191572451885734,-0.0246281394781761,0.7999999999999999
7.5,close_location <= 0.07350 AND dist_sma9 <= -0.03517,34,0.7941176470588235,0.8235294117647058,24,0.875,0.875,0.625,0.12628572501854762,-0.02969968733478745,0.7999999999999999
7.5,close_location <= 0.13656 AND rsi_sma5_slope1 <= -0.01835,108,0.7870370370370371,0.8425925925925926,67,0.746268656716418,0.7761194029850746,0.5671641791044776,0.1211750305997552,-0.0392397881996974,0.7981481481481483
7.5,rsi_pct1 <= -0.17635 AND rsi_vs_sma9 <= -0.15725,51,0.7843137254901961,0.8431372549019608,55,0.8,0.8727272727272727,0.6727272727272727,0.191572451885734,-0.0272287908863381,0.7960784313725491
7.5,close_location <= 0.07350 AND sma9_slope3 <= 0.02604,44,0.7954545454545454,0.7954545454545454,28,0.8214285714285714,0.8928571428571429,0.6071428571428571,0.13274153777394565,-0.027301913999704948,0.7954545454545454
7.5,rsi_accel <= -7.63088 AND dist_sma9 <= -0.02546,43,0.7906976744186046,0.813953488372093,41,0.7804878048780488,0.8048780487804879,0.6097560975609756,0.12908567942125,-0.0261950569779488,0.7953488372093023
7.5,rsi_sma5_slope1 <= -0.05915 AND rsi_pct1 <= -0.09574,39,0.7948717948717948,0.7948717948717948,35,0.8571428571428571,0.8857142857142857,0.5714285714285714,0.1436590842526603,-0.0334210878586408,0.7948717948717948
7.5,rsi_sma5_slope1 <= -0.05915 AND dist_sma9 <= -0.03517,38,0.7894736842105263,0.8157894736842105,39,0.9230769230769231,0.9487179487179487,0.6410256410256411,0.1215533291958506,-0.027528694404591,0.7947368421052632
7.5,close_location <= 0.13656 AND rsi_vs_sma9 <= -0.15725,74,0.7837837837837838,0.8378378378378378,53,0.7924528301886793,0.8301886792452831,0.6037735849056604,0.1255247691015952,-0.0353424581470891,0.7945945945945947
7.5,rsi_pct1 <= -0.21182 AND rsi_vs_sma5 <= -0.16141,35,0.7714285714285715,0.8857142857142857,47,0.7446808510638298,0.851063829787234,0.6170212765957447,0.1340866561105513,-0.0292212465812581,0.7942857142857144
7.5,dist_sma20 <= -0.03231 AND rsi_drop_pct <= -0.38820,34,0.7941176470588235,0.7941176470588235,18,0.8888888888888888,0.8888888888888888,0.6666666666666666,0.20274591642334217,-0.0259284651822571,0.7941176470588235
7.5,dual_stretch_9 <= -0.27204 AND dist_sma9 <= -0.04591,34,0.7941176470588235,0.7941176470588235,29,0.8620689655172413,0.8620689655172413,0.6206896551724138,0.2213561964146533,-0.0224147414741474,0.7941176470588235
7.5,rsi_vs_sma5 <= -0.16141 AND close_location <= 0.21710,67,0.7761194029850746,0.8656716417910447,54,0.7962962962962963,0.8703703703703703,0.6666666666666666,0.1688089846393122,-0.02773201817127315,0.7940298507462688
7.5,close_location <= 0.07350 AND rsi_vs_sma3 <= -0.13346,32,0.78125,0.84375,32,0.78125,0.875,0.65625,0.1528390525208339,-0.0380277732056701,0.79375
7.5,rsi_accel <= -13.54668 AND rsi_vs_sma5 <= -0.16141,30,0.7666666666666667,0.9,28,0.6071428571428571,0.7857142857142857,0.5714285714285714,0.1098751264705358,-0.06665504051466475,0.7933333333333334
7.5,rsi_sma5_slope1 <= -0.05915 AND dist_sma9 <= -0.04591,29,0.7931034482758621,0.7931034482758621,18,0.8888888888888888,0.8888888888888888,0.5555555555555556,0.18717442870538736,-0.024971717939369198,0.7931034482758621
7.5,close_location <= 0.07350 AND rsi_accel <= -5.35400,56,0.7857142857142857,0.8214285714285714,37,0.6756756756756757,0.7837837837837838,0.4864864864864865,0.0872047152735879,-0.085018810894241,0.7928571428571428
7.5,dist_sma20 <= -0.03231 AND dual_stretch_9 <= -0.27204,24,0.7916666666666666,0.7916666666666666,16,0.875,0.875,0.6875,0.21763778868780181,-0.02015727124539855,0.7916666666666666
7.5,rsi_accel <= -10.42385 AND rsi_vs_sma3 <= -0.13346,44,0.7727272727272727,0.8636363636363636,53,0.7358490566037735,0.8867924528301887,0.6792452830188679,0.1812011214401654,-0.0464206407951781,0.7909090909090909
7.5,close_location <= 0.21710 AND dist_sma9 <= -0.03517,64,0.78125,0.828125,56,0.8035714285714286,0.8392857142857143,0.625,0.12334989985067521,-0.0282290097727844,0.790625
7.5,rsi_pct1 <= -0.17635 AND rsi_sma5_slope1 <= -0.01835,63,0.7777777777777778,0.8412698412698413,64,0.78125,0.84375,0.640625,0.1733185213410959,-0.0284398281626695,0.7904761904761906
7.5,rsi_vs_sma5 <= -0.16141 AND close_location <= 0.16592,61,0.7704918032786885,0.8688524590163934,46,0.7608695652173914,0.8478260869565217,0.6521739130434783,0.1500565882290296,-0.02969968733478745,0.7901639344262295
7.5,close_location <= 0.16592 AND dist_sma9 <= -0.03517,59,0.7796610169491526,0.8305084745762712,48,0.8333333333333334,0.8333333333333334,0.625,0.12582118954508642,-0.02969968733478745,0.7898305084745764
7.5,dual_stretch_9 <= -0.27204 AND rsi_pct1 <= -0.12187,38,0.7894736842105263,0.7894736842105263,42,0.9047619047619048,0.9047619047619048,0.7142857142857143,0.1839567496630815,-0.02288701478601695,0.7894736842105264
7.5,dist_ema9 <= -0.03649 AND rsi_sma5_slope3 <= 0.04466,38,0.7894736842105263,0.7894736842105263,37,0.9459459459459459,0.9459459459459459,0.7297297297297297,0.1928679055750877,-0.0246281394781761,0.7894736842105264
7.5,rsi_vs_sma9 <= -0.22445 AND rsi_pct1 <= -0.12187,38,0.7894736842105263,0.7894736842105263,47,0.8936170212765957,0.9148936170212766,0.6808510638297872,0.1728036175710594,-0.0246281394781761,0.7894736842105264
7.5,rsi_vs_sma9 <= -0.22445 AND rsi_vs_sma5 <= -0.16141,38,0.7894736842105263,0.7894736842105263,58,0.8620689655172413,0.896551724137931,0.6379310344827587,0.1213641798978029,-0.027378742645464547,0.7894736842105264
7.5,dist_ema9 <= -0.03649 AND sma9_slope3 <= 0.02604,33,0.7878787878787878,0.7878787878787878,33,0.9696969696969697,0.9696969696969697,0.7575757575757576,0.1993032636596994,-0.0224147414741474,0.787878787878788
7.5,close_location <= 0.13656 AND dist_sma9 <= -0.03517,49,0.7755102040816326,0.8367346938775511,37,0.8648648648648649,0.8648648648648649,0.6216216216216216,0.1211750305997552,-0.0292212465812581,0.7877551020408163
7.5,close_location <= 0.07350 AND rsi_vs_sma9 <= -0.15725,46,0.782608695652174,0.8043478260869565,31,0.8064516129032258,0.8709677419354839,0.6129032258064516,0.13139641943734,-0.0301781280883168,0.7869565217391306
7.5,close_location <= 0.10126 AND sma9_slope3 <= 0.02604,61,0.7868852459016393,0.7868852459016393,36,0.75,0.8055555555555556,0.5833333333333334,0.11896314981764396,-0.027301913999704948,0.7868852459016394
7.5,close_location <= 0.13656 AND rsi_pct1 <= -0.17635,61,0.7704918032786885,0.8524590163934426,46,0.717391304347826,0.8260869565217391,0.6086956521739131,0.1500565882290296,-0.03925855291807625,0.7868852459016393
7.5,rsi_accel <= -10.42385 AND rsi_vs_sma3 <= -0.11841,60,0.7666666666666667,0.8666666666666667,59,0.711864406779661,0.8813559322033898,0.6779661016949152,0.1715914489311165,-0.0544451362201851,0.7866666666666667
7.5,rsi_pct1 <= -0.12187 AND dist_sma9 <= -0.03517,59,0.7796610169491526,0.8135593220338984,50,0.84,0.84,0.64,0.1407957336360776,-0.027378742645464547,0.7864406779661017
7.5,rsi_accel <= -7.63088 AND rsi_vs_sma9 <= -0.15725,58,0.7758620689655172,0.8275862068965517,53,0.7358490566037735,0.8113207547169812,0.6037735849056604,0.12908567942125,-0.0301781280883168,0.7862068965517242
7.5,rsi_accel <= -5.35400 AND rsi_sma5_slope3 <= 0.04466,130,0.7769230769230769,0.823076923076923,106,0.7075471698113207,0.7547169811320755,0.5283018867924528,0.11410618940024755,-0.0636816904202034,0.7861538461538462
7.5,rsi_accel <= -7.63088 AND rsi_sma5_slope1 <= -0.01835,84,0.7738095238095238,0.8333333333333334,76,0.7368421052631579,0.7894736842105263,0.5921052631578947,0.1374587282579099,-0.050930214434723856,0.7857142857142858
7.5,rsi_sma5_slope1 <= -0.05915 AND rsi_vs_sma9 <= -0.15725,41,0.7804878048780488,0.8048780487804879,49,0.7959183673469388,0.8367346938775511,0.5714285714285714,0.1194169238265387,-0.0334210878586408,0.7853658536585367
7.5,rsi_vs_sma5 <= -0.16141 AND dist_sma9 <= -0.03517,54,0.7777777777777778,0.8148148148148148,54,0.8888888888888888,0.9074074074074074,0.6851851851851852,0.13274153777394565,-0.02541159822806245,0.7851851851851852
7.5,rsi_pct1 <= -0.17635 AND rsi_vs_sma5 <= -0.16141,51,0.7647058823529411,0.8627450980392157,57,0.7719298245614035,0.8596491228070176,0.6491228070175439,0.1750455937510753,-0.0276584097440809,0.7843137254901962
7.5,close_location <= 0.16592 AND rsi_vs_sma9 <= -0.15725,89,0.7752808988764045,0.8202247191011236,69,0.7536231884057971,0.8115942028985508,0.6086956521739131,0.1261176099885776,-0.0426344585526994,0.7842696629213484
7.5,rsi_pct1 <= -0.21182 AND close_location <= 0.21710,38,0.7631578947368421,0.868421052631579,48,0.7708333333333334,0.8958333333333334,0.6875,0.19222017873041086,-0.0284398281626695,0.7842105263157896
7.5,close_location <= 0.10126 AND rsi_vs_sma9 <= -0.15725,63,0.7777777777777778,0.8095238095238095,40,0.75,0.8,0.6,0.11896314981764396,-0.03574473497620085,0.7841269841269841
7.5,close_location <= 0.13656 AND rsi_accel <= -5.35400,105,0.7714285714285715,0.8285714285714286,63,0.6825396825396826,0.7936507936507936,0.5079365079365079,0.1082891431761092,-0.0812342020395712,0.7828571428571429
7.5,rsi_accel <= -7.63088 AND rsi_vs_sma5 <= -0.16141,46,0.7608695652173914,0.8695652173913043,48,0.75,0.8541666666666666,0.6458333333333334,0.1822296772531021,-0.02969968733478745,0.782608695652174
7.5,rsi_accel <= -5.35400 AND rsi_sma5_slope1 <= -0.01835,110,0.7727272727272727,0.8181818181818182,101,0.7128712871287128,0.7524752475247525,0.5346534653465347,0.1167512690355327,-0.0628662759722962,0.7818181818181819
7.5,rsi_pct1 <= -0.21182 AND close_location <= 0.13656,33,0.7575757575757576,0.8787878787878788,36,0.75,0.8611111111111112,0.6388888888888888,0.1528390525208339,-0.0317996079734788,0.7818181818181819
7.5,close_location <= 0.13656 AND rsi_accel <= -7.63088,87,0.7701149425287356,0.8275862068965517,51,0.7058823529411765,0.8431372549019608,0.5490196078431373,0.1167512690355327,-0.0769005491153143,0.7816091954022989
7.5,rsi_drop_pct <= -0.38820 AND rsi_vs_sma5 <= -0.16141,32,0.78125,0.78125,20,0.9,0.9,0.65,0.21763778868780181,-0.0216559041183946,0.78125
7.5,dist_sma9 <= -0.04591 AND rsi_vs_sma9 <= -0.22445,32,0.78125,0.78125,27,0.8888888888888888,0.8888888888888888,0.6296296296296297,0.2213561964146533,-0.0210087990039652,0.78125
7.5,dist_sma9 <= -0.04591 AND rsi_vs_sma3 <= -0.13346,31,0.7741935483870968,0.8064516129032258,30,0.8666666666666667,0.8666666666666667,0.6333333333333333,0.21763778868780181,-0.02352144047616175,0.7806451612903226
7.5,dist_sma20 <= -0.03231 AND sma9_slope3 <= 0.02604,41,0.7804878048780488,0.7804878048780488,20,0.9,0.9,0.65,0.1899182552827202,-0.02541159822806245,0.7804878048780489
7.5,dist_sma20 <= -0.03231 AND rsi_sma5_slope3 <= 0.04466,41,0.7804878048780488,0.7804878048780488,21,0.8571428571428571,0.8571428571428571,0.6190476190476191,0.1882640586797064,-0.0261950569779488,0.7804878048780489
7.5,dist_sma20 <= -0.03231 AND rsi_sma5_slope1 <= -0.01835,41,0.7804878048780488,0.7804878048780488,21,0.8571428571428571,0.8571428571428571,0.6190476190476191,0.1882640586797064,-0.0261950569779488,0.7804878048780489
7.5,dual_stretch_9 <= -0.27204 AND dist_sma9 <= -0.03517,41,0.7804878048780488,0.7804878048780488,50,0.92,0.92,0.7,0.1296768491273284,-0.0209529328833035,0.7804878048780489
7.5,dual_stretch_9 <= -0.27204 AND dist_sma9 <= -0.02546,41,0.7804878048780488,0.7804878048780488,52,0.9230769230769231,0.9230769230769231,0.7115384615384616,0.1388728701816058,-0.0217117702390563,0.7804878048780489
7.5,close_location <= 0.21710 AND rsi_vs_sma9 <= -0.15725,101,0.7722772277227723,0.8118811881188119,81,0.7407407407407407,0.8148148148148148,0.6049382716049383,0.1255247691015952,-0.0380683820937609,0.7801980198019803
7.5,rsi_pct1 <= -0.12187 AND rsi_sma5_slope3 <= 0.04466,120,0.775,0.8,109,0.7247706422018348,0.7798165137614679,0.5504587155963303,0.1211750305997552,-0.0553646429935088,0.7800000000000001
7.5,dist_ema9 <= -0.03649 AND dist_sma9 <= -0.03517,40,0.775,0.8,37,0.9459459459459459,0.9459459459459459,0.7297297297297297,0.1928679055750877,-0.0246281394781761,0.7800000000000001
7.5,rsi_accel <= -7.63088 AND close_location <= 0.10126,70,0.7714285714285715,0.8142857142857143,44,0.7045454545454546,0.8181818181818182,0.5454545454545454,0.11410618940024755,-0.07906737557744276,0.78
7.5,rsi_accel <= -10.42385 AND close_location <= 0.16592,78,0.7692307692307693,0.8205128205128205,50,0.72,0.86,0.62,0.13250324274410857,-0.07899477219292125,0.7794871794871795
7.5,rsi_pct1 <= -0.17635 AND close_location <= 0.16592,68,0.7647058823529411,0.8382352941176471,53,0.7358490566037735,0.8490566037735849,0.660377358490566,0.1812011214401654,-0.0334210878586408,0.7794117647058825
7.5,rsi_pct1 <= -0.21182 AND rsi_vs_sma3 <= -0.13346,37,0.7567567567567568,0.8648648648648649,55,0.7636363636363637,0.8727272727272727,0.6363636363636364,0.1812011214401654,-0.0301781280883168,0.7783783783783784
7.5,rsi_vs_sma5 <= -0.16141 AND rsi_accel <= -5.35400,54,0.7592592592592593,0.8518518518518519,57,0.7719298245614035,0.8596491228070176,0.631578947368421,0.1715914489311165,-0.0301781280883168,0.7777777777777779
7.5,rsi_drop_pct <= -0.38820 AND rsi_pct1 <= -0.12187,36,0.7777777777777778,0.7777777777777778,23,0.9130434782608695,0.9130434782608695,0.6086956521739131,0.1993032636596994,-0.0246281394781761,0.7777777777777778
7.5,rsi_drop_pct <= -0.38820 AND dist_sma9 <= -0.02546,36,0.7777777777777778,0.7777777777777778,24,0.875,0.875,0.625,0.1954378577727167,-0.02352144047616175,0.7777777777777778
7.5,close_location <= 0.13656 AND rsi_sma5_slope3 <= 0.04466,125,0.768,0.816,69,0.7391304347826086,0.7681159420289855,0.5652173913043478,0.1211750305997552,-0.0380683820937609,0.7776000000000001
7.5,close_location <= 0.16592 AND dist_sma9 <= -0.02546,78,0.7692307692307693,0.8076923076923077,62,0.7741935483870968,0.8064516129032258,0.5806451612903226,0.11896314981764396,-0.03465186757104695,0.7769230769230769
7.5,rsi_accel <= -5.35400 AND rsi_vs_sma9 <= -0.15725,69,0.7681159420289855,0.8115942028985508,70,0.7285714285714285,0.7857142857142857,0.5714285714285714,0.1251303550105026,-0.038486755951864696,0.7768115942028986
7.5,rsi_vs_sma3 <= -0.13346 AND rsi_sma5_slope3 <= 0.04466,69,0.7681159420289855,0.8115942028985508,85,0.7647058823529411,0.8352941176470589,0.6,0.1211750305997552,-0.0358826472834531,0.7768115942028986
7.5,dist_sma9 <= -0.03517 AND rsi_vs_sma3 <= -0.13346,43,0.7674418604651163,0.813953488372093,46,0.9130434782608695,0.9130434782608695,0.6956521739130435,0.1528390525208339,-0.0229294508734761,0.7767441860465116
7.5,rsi_accel <= -10.42385 AND close_location <= 0.13656,68,0.7647058823529411,0.8235294117647058,44,0.7272727272727273,0.8636363636363636,0.5909090909090909,0.1251303550105026,-0.07899477219292125,0.7764705882352941
7.5,rsi_pct1 <= -0.17635 AND close_location <= 0.10126,51,0.7647058823529411,0.8235294117647058,40,0.7,0.8,0.6,0.12763084335515323,-0.0484644771671852,0.7764705882352941
7.5,close_location <= 0.10126 AND rsi_vs_sma3 <= -0.13346,42,0.7619047619047619,0.8333333333333334,39,0.7435897435897436,0.8461538461538461,0.6410256410256411,0.13139641943734,-0.0426344585526994,0.7761904761904763
7.5,rsi_accel <= -10.42385 AND close_location <= 0.21710,90,0.7666666666666667,0.8111111111111111,63,0.746031746031746,0.8888888888888888,0.6666666666666666,0.1812011214401654,-0.0812342020395712,0.7755555555555557
7.5,close_location <= 0.16592 AND sma9_slope3 <= 0.02604,97,0.7731958762886598,0.7835051546391752,66,0.7727272727272727,0.8181818181818182,0.5909090909090909,0.12582118954508642,-0.02969968733478745,0.7752577319587629
7.5,rsi_pct1 <= -0.21182 AND rsi_accel <= -5.35400,40,0.75,0.875,58,0.7413793103448276,0.8620689655172413,0.6379310344827587,0.18571624195401581,-0.03933215712548735,0.7750000000000001
7.5,dist_ema9 <= -0.03649 AND rsi_vs_sma9 <= -0.15725,40,0.775,0.775,37,0.9459459459459459,0.9459459459459459,0.7297297297297297,0.1928679055750877,-0.0246281394781761,0.7750000000000001
7.5,dist_ema9 <= -0.03649 AND rsi_sma5_slope1 <= -0.01835,40,0.775,0.775,37,0.9459459459459459,0.9459459459459459,0.7297297297297297,0.1928679055750877,-0.0246281394781761,0.7750000000000001
7.5,rsi_sma5_slope1 <= -0.05915 AND rsi_vs_sma9 <= -0.22445,31,0.7741935483870968,0.7741935483870968,42,0.8809523809523809,0.9047619047619048,0.5952380952380952,0.12029597721314696,-0.02891826891619885,0.7741935483870968
7.5,dual_stretch_9 <= -0.27204 AND dist_ema9 <= -0.03649,31,0.7741935483870968,0.7741935483870968,34,0.9411764705882353,0.9411764705882353,0.7352941176470589,0.20661132231032486,-0.0229294508734761,0.7741935483870968
7.5,rsi_drop_pct <= -0.38820 AND rsi_vs_sma3 <= -0.11841,31,0.7741935483870968,0.7741935483870968,21,0.9047619047619048,0.9047619047619048,0.6190476190476191,0.2139193809609503,-0.0224147414741474,0.7741935483870968
7.5,dist_ema9 <= -0.03649 AND rsi_vs_sma9 <= -0.22445,31,0.7741935483870968,0.7741935483870968,33,0.9696969696969697,0.9696969696969697,0.7575757575757576,0.1993032636596994,-0.0224147414741474,0.7741935483870968
7.5,dist_ema9 <= -0.03649 AND rsi_vs_sma5 <= -0.16141,38,0.7631578947368421,0.8157894736842105,35,0.9428571428571428,0.9428571428571428,0.7428571428571429,0.1993032636596994,-0.0234441602728048,0.773684210526316
7.5,close_location <= 0.07350 AND rsi_sma5_slope3 <= 0.04466,60,0.7666666666666667,0.8,39,0.7692307692307693,0.8205128205128205,0.5897435897435898,0.13139641943734,-0.0278056265984654,0.7733333333333334
7.5,rsi_pct1 <= -0.21182 AND close_location <= 0.16592,36,0.75,0.8611111111111112,42,0.7619047619047619,0.8809523809523809,0.6904761904761905,0.1909019071768001,-0.02969968733478745,0.7722222222222224
7.5,dist_sma20 <= -0.03231 AND rsi_vs_sma9 <= -0.15725,35,0.7714285714285715,0.7714285714285715,19,0.8947368421052632,0.8947368421052632,0.6842105263157895,0.191572451885734,-0.0246281394781761,0.7714285714285716
7.5,rsi_sma5_slope1 <= -0.05915 AND sma9_slope3 <= 0.02604,35,0.7714285714285715,0.7714285714285715,36,0.8888888888888888,0.9166666666666666,0.6666666666666666,0.12400214422070885,-0.0216559041183946,0.7714285714285716
7.5,dual_stretch_9 <= -0.27204 AND rsi_vs_sma3 <= -0.11841,35,0.7714285714285715,0.7714285714285715,51,0.9215686274509803,0.9215686274509803,0.6862745098039216,0.1340866561105513,-0.0233592880978865,0.7714285714285716
7.5,rsi_vs_sma9 <= -0.22445 AND rsi_vs_sma3 <= -0.11841,35,0.7714285714285715,0.7714285714285715,59,0.847457627118644,0.8813559322033898,0.6271186440677966,0.1211750305997552,-0.0272287908863381,0.7714285714285716
7.5,rsi_accel <= -5.35400 AND dist_sma9 <= -0.02546,56,0.7678571428571429,0.7857142857142857,58,0.7413793103448276,0.7586206896551724,0.5517241379310345,0.11896314981764396,-0.02969968733478745,0.7714285714285715
7.5,dist_ema9 <= -0.03649 AND dist_sma9 <= -0.04591,34,0.7647058823529411,0.7941176470588235,28,0.9285714285714286,0.9285714285714286,0.6785714285714286,0.2230897051324668,-0.0217117702390563,0.7705882352941177
7.5,dist_sma9 <= -0.04591 AND rsi_vs_sma3 <= -0.11841,34,0.7647058823529411,0.7941176470588235,31,0.8709677419354839,0.8709677419354839,0.6129032258064516,0.2139193809609503,-0.0246281394781761,0.7705882352941177
7.5,rsi_pct1 <= -0.17635 AND close_location <= 0.21710,74,0.7567567567567568,0.8243243243243243,65,0.7538461538461538,0.8769230769230769,0.6923076923076923,0.191572451885734,-0.0358826472834531,0.7702702702702703
7.5,close_location <= 0.16592 AND rsi_sma5_slope1 <= -0.01835,138,0.7608695652173914,0.8043478260869565,86,0.7209302325581395,0.7674418604651163,0.5581395348837209,0.11896314981764396,-0.050930214434723856,0.7695652173913043
7.5,rsi_accel <= -10.42385 AND close_location <= 0.10126,59,0.7627118644067796,0.7966101694915254,39,0.7435897435897436,0.8461538461538461,0.5897435897435898,0.1211750305997552,-0.0767553423462713,0.7694915254237289
7.5,rsi_pct1 <= -0.21182 AND rsi_vs_sma3 <= -0.11841,39,0.7435897435897436,0.8717948717948718,55,0.7636363636363637,0.8727272727272727,0.6363636363636364,0.1812011214401654,-0.0301781280883168,0.7692307692307693
7.5,dual_stretch_9 <= -0.27204 AND rsi_drop_pct <= -0.38820,26,0.7692307692307693,0.7692307692307693,20,0.9,0.9,0.65,0.21763778868780181,-0.0206722216837777,0.7692307692307693
7.5,close_location <= 0.13656 AND rsi_pct1 <= -0.12187,103,0.7572815533980582,0.8155339805825242,63,0.7301587301587301,0.8253968253968254,0.5873015873015873,0.1301257669563285,-0.0544451362201851,0.7689320388349514
7.5,close_location <= 0.07350 AND rsi_vs_sma3 <= -0.11841,45,0.7555555555555555,0.8222222222222222,37,0.8108108108108109,0.8918918918918919,0.6216216216216216,0.1340866561105513,-0.0380683820937609,0.768888888888889
7.5,close_location <= 0.13656 AND rsi_vs_sma3 <= -0.13346,51,0.7450980392156863,0.8627450980392157,45,0.7555555555555555,0.8666666666666667,0.6444444444444445,0.1340866561105513,-0.0334210878586408,0.7686274509803922
7.5,dist_sma20 <= -0.03231 AND rsi_pct1 <= -0.09574,38,0.7631578947368421,0.7894736842105263,18,0.8888888888888888,0.8888888888888888,0.6111111111111112,0.20274591642334217,-0.02671192393214345,0.7684210526315791
7.5,dist_sma20 <= -0.03231 AND dist_sma9 <= -0.02546,38,0.7631578947368421,0.7894736842105263,20,0.85,0.85,0.65,0.1899182552827202,-0.02541159822806245,0.7684210526315791
7.5,close_location <= 0.13656 AND rsi_pct1 <= -0.14226,81,0.7530864197530864,0.8271604938271605,57,0.7017543859649122,0.8070175438596491,0.543859649122807,0.1167512690355327,-0.0513521153302554,0.7679012345679013
7.5,close_location <= 0.10126 AND rsi_sma5_slope1 <= -0.01835,79,0.759493670886076,0.7974683544303798,52,0.7115384615384616,0.75,0.5576923076923077,0.11410618940024755,-0.0409371233761984,0.7670886075949368
7.5,rsi_accel <= -10.42385 AND rsi_pct1 <= -0.14226,85,0.7529411764705882,0.8235294117647058,79,0.6835443037974683,0.8227848101265823,0.6075949367088608,0.1374249499666444,-0.0858407243505471,0.7670588235294118
7.5,dist_sma9 <= -0.03517 AND rsi_vs_sma3 <= -0.11841,54,0.7592592592592593,0.7962962962962963,53,0.8867924528301887,0.9056603773584906,0.660377358490566,0.1227372462973122,-0.0246281394781761,0.7666666666666668
7.5,dist_sma20 <= -0.03231,42,0.7619047619047619,0.7857142857142857,21,0.8571428571428571,0.8571428571428571,0.6190476190476191,0.1882640586797064,-0.0261950569779488,0.7666666666666667
7.5,rsi_sma5_slope1 <= -0.05915,42,0.7619047619047619,0.7857142857142857,49,0.7959183673469388,0.8367346938775511,0.5714285714285714,0.1194169238265387,-0.0334210878586408,0.7666666666666667
7.5,rsi_sma5_slope1 <= -0.05915 AND rsi_sma5_slope3 <= 0.04466,42,0.7619047619047619,0.7857142857142857,49,0.7959183673469388,0.8367346938775511,0.5714285714285714,0.1194169238265387,-0.0334210878586408,0.7666666666666667
7.5,close_location <= 0.10126 AND rsi_accel <= -5.35400,82,0.7560975609756098,0.8048780487804879,52,0.6538461538461539,0.75,0.4807692307692308,0.08666569696216135,-0.08832200473761981,0.7658536585365855
7.5,rsi_accel <= -7.63088 AND close_location <= 0.21710,122,0.7540983606557377,0.8114754098360656,81,0.7407407407407407,0.8641975308641975,0.6419753086419753,0.1812011214401654,-0.0767553423462713,0.7655737704918033
7.5,close_location <= 0.21710 AND dist_sma9 <= -0.02546,87,0.7586206896551724,0.7931034482758621,74,0.7432432432432432,0.7972972972972973,0.581081081081081,0.117068356889734,-0.0317996079734788,0.7655172413793103
7.5,rsi_pct1 <= -0.14226 AND dist_sma9 <= -0.02546,58,0.7586206896551724,0.7931034482758621,48,0.8333333333333334,0.8541666666666666,0.6458333333333334,0.1688089846393122,-0.02541159822806245,0.7655172413793103
7.5,close_location <= 0.13656 AND rsi_accel <= -13.54668,52,0.75,0.8269230769230769,30,0.6333333333333333,0.8333333333333334,0.5666666666666667,0.1244430298658034,-0.1055028979077966,0.7653846153846154
7.5,rsi_vs_sma5 <= -0.16141 AND rsi_sma5_slope3 <= 0.04466,74,0.7567567567567568,0.7972972972972973,90,0.7333333333333333,0.8111111111111111,0.5777777777777777,0.118401184285237,-0.0426719345503931,0.7648648648648649
7.5,rsi_pct1 <= -0.14226 AND rsi_sma5_slope1 <= -0.01835,89,0.7528089887640449,0.8089887640449438,82,0.7439024390243902,0.8048780487804879,0.5853658536585366,0.1318822841757537,-0.0426719345503931,0.7640449438202247
7.5,rsi_drop_pct <= -0.38820 AND sma9_slope3 <= 0.02604,38,0.7631578947368421,0.7631578947368421,25,0.84,0.84,0.6,0.191572451885734,-0.0246281394781761,0.7631578947368423
7.5,rsi_pct1 <= -0.21182 AND rsi_accel <= -7.63088,38,0.7368421052631579,0.868421052631579,54,0.7407407407407407,0.8703703703703703,0.6481481481481481,0.18571624195401581,-0.03933215712548735,0.763157894736842
7.5,rsi_pct1 <= -0.14226 AND close_location <= 0.16592,92,0.75,0.8152173913043478,66,0.7121212121212122,0.8181818181818182,0.5909090909090909,0.13115812440750296,-0.050930214434723856,0.7630434782608697
7.5,rsi_accel <= -7.63088 AND rsi_vs_sma3 <= -0.11841,70,0.7428571428571429,0.8428571428571429,66,0.7272727272727273,0.8787878787878788,0.6666666666666666,0.17639628518564093,-0.045831933593756,0.7628571428571429
7.5,dual_stretch_9 <= -0.27204,42,0.7619047619047619,0.7619047619047619,53,0.9245283018867925,0.9245283018867925,0.6981132075471698,0.1340866561105513,-0.0224147414741474,0.761904761904762
7.5,dual_stretch_9 <= -0.27204 AND rsi_vs_sma9 <= -0.15725,42,0.7619047619047619,0.7619047619047619,53,0.9245283018867925,0.9245283018867925,0.6981132075471698,0.1340866561105513,-0.0224147414741474,0.761904761904762
7.5,dual_stretch_9 <= -0.27204 AND rsi_sma5_slope1 <= -0.01835,42,0.7619047619047619,0.7619047619047619,53,0.9245283018867925,0.9245283018867925,0.6981132075471698,0.1340866561105513,-0.0224147414741474,0.761904761904762
7.5,sma9_slope3 <= 0.02604 AND rsi_vs_sma3 <= -0.13346,42,0.7619047619047619,0.7619047619047619,45,0.9111111111111111,0.9333333333333333,0.7555555555555555,0.191572451885734,-0.0208970667626418,0.761904761904762
7.5,rsi_pct1 <= -0.21182,42,0.7380952380952381,0.8571428571428571,58,0.7413793103448276,0.8620689655172413,0.6379310344827587,0.18571624195401581,-0.03933215712548735,0.7619047619047619
7.5,close_location <= 0.07350 AND rsi_sma5_slope1 <= -0.01835,57,0.7543859649122807,0.7894736842105263,39,0.7435897435897436,0.7948717948717948,0.5641025641025641,0.1211750305997552,-0.0301781280883168,0.76140350877193
7.5,close_location <= 0.16592 AND rsi_vs_sma3 <= -0.13346,62,0.7419354838709677,0.8387096774193549,53,0.7735849056603774,0.8867924528301887,0.6792452830188679,0.1750455937510753,-0.0301781280883168,0.7612903225806452
7.5,rsi_accel <= -7.63088 AND close_location <= 0.16592,103,0.7475728155339806,0.8155339805825242,61,0.6885245901639344,0.819672131147541,0.5737704918032787,0.12908567942125,-0.0767553423462713,0.7611650485436894
7.5,dist_ema9 <= -0.03649 AND rsi_pct1 <= -0.09574,41,0.7560975609756098,0.7804878048780488,36,0.9444444444444444,0.9444444444444444,0.7222222222222222,0.19608558461739356,-0.02403614987549045,0.7609756097560977
7.5,dist_ema9 <= -0.03649 AND dist_sma9 <= -0.02546,41,0.7560975609756098,0.7804878048780488,37,0.9459459459459459,0.9459459459459459,0.7297297297297297,0.1928679055750877,-0.0246281394781761,0.7609756097560977
7.5,rsi_accel <= -5.35400 AND close_location <= 0.16592,123,0.7479674796747967,0.8130081300813008,78,0.6794871794871795,0.782051282051282,0.5256410256410257,0.11410618940024755,-0.07680598421473589,0.7609756097560976
7.5,close_location <= 0.21710 AND rsi_accel <= -5.35400,148,0.75,0.8040540540540541,100,0.72,0.82,0.58,0.13575580303859786,-0.07687858759925739,0.7608108108108109
7.5,rsi_sma5_slope3 <= 0.04466 AND rsi_vs_sma3 <= -0.11841,102,0.7549019607843137,0.7843137254901961,102,0.7352941176470589,0.8137254901960784,0.5784313725490197,0.12029597721314696,-0.0395796233570186,0.7607843137254903
7.5,rsi_pct1 <= -0.12187 AND close_location <= 0.16592,120,0.75,0.8,77,0.7142857142857143,0.8051948051948052,0.5974025974025974,0.13139641943734,-0.0628662759722962,0.7600000000000001
7.5,rsi_vs_sma5 <= -0.16141 AND sma9_slope3 <= 0.02604,50,0.76,0.76,52,0.8846153846153846,0.9230769230769231,0.7307692307692307,0.1733185213410959,-0.02288701478601695,0.7600000000000001
7.5,rsi_accel <= -10.42385 AND rsi_pct1 <= -0.17635,70,0.7428571428571429,0.8285714285714286,62,0.7096774193548387,0.8709677419354839,0.6935483870967742,0.1865956583078697,-0.06665504051466475,0.76
7.5,rsi_accel <= -7.63088 AND rsi_vs_sma3 <= -0.13346,50,0.74,0.84,60,0.75,0.8833333333333333,0.6666666666666666,0.18571624195401581,-0.037255976239458546,0.76
7.5,close_location <= 0.10126 AND rsi_sma5_slope3 <= 0.04466,89,0.7528089887640449,0.7865168539325843,54,0.7037037037037037,0.7407407407407407,0.5555555555555556,0.11410618940024755,-0.03865408514672915,0.7595505617977528
7.5,rsi_pct1 <= -0.14226 AND close_location <= 0.21710,103,0.7475728155339806,0.8058252427184466,83,0.7469879518072289,0.8554216867469879,0.6265060240963856,0.17026909134666,-0.0544451362201851,0.7592233009708738
7.5,rsi_accel <= -13.54668 AND close_location <= 0.10126,44,0.75,0.7954545454545454,27,0.6666666666666666,0.8148148148148148,0.5555555555555556,0.1114611097649624,-0.096311475409836,0.7590909090909091
7.5,rsi_pct1 <= -0.12187 AND rsi_sma5_slope1 <= -0.01835,112,0.75,0.7946428571428571,106,0.7358490566037735,0.7830188679245284,0.5660377358490566,0.12960572318878924,-0.054904889606846946,0.7589285714285715
7.5,rsi_pct1 <= -0.12187 AND close_location <= 0.21710,136,0.75,0.7941176470588235,97,0.7525773195876289,0.845360824742268,0.6391752577319587,0.1509344238908174,-0.0628662759722962,0.7588235294117648
7.5,sma9_slope3 <= 0.02604 AND rsi_vs_sma3 <= -0.11841,62,0.7580645161290323,0.7580645161290323,54,0.8888888888888888,0.9259259259259259,0.7222222222222222,0.1688089846393122,-0.0209529328833035,0.7580645161290323
7.5,close_location <= 0.07350 AND rsi_pct1 <= -0.09574,71,0.7464788732394366,0.8028169014084507,41,0.7560975609756098,0.8292682926829268,0.5609756097560976,0.13139641943734,-0.0505083135391923,0.7577464788732394
7.5,rsi_accel <= -10.42385 AND rsi_pct1 <= -0.09574,113,0.7433628318584071,0.8141592920353983,86,0.6744186046511628,0.8023255813953488,0.5930232558139535,0.13250324274410857,-0.08542976762239404,0.7575221238938055
7.5,rsi_vs_sma5 <= -0.16141 AND dist_sma9 <= -0.02546,56,0.75,0.7857142857142857,59,0.8813559322033898,0.9152542372881356,0.6949152542372882,0.1660265203475079,-0.0261950569779488,0.7571428571428572
7.5,rsi_accel <= -10.42385 AND rsi_pct1 <= -0.21182,37,0.7297297297297297,0.8648648648648649,51,0.7254901960784313,0.8627450980392157,0.6666666666666666,0.1902313624678662,-0.0464206407951781,0.7567567567567568
7.5,close_location <= 0.21710 AND rsi_vs_sma3 <= -0.13346,69,0.7391304347826086,0.8260869565217391,62,0.7903225806451613,0.9032258064516129,0.6935483870967742,0.17812335759562037,-0.02851343658986175,0.7565217391304349
7.5,rsi_accel <= -10.42385,124,0.7419354838709677,0.8145161290322581,90,0.6777777777777778,0.8111111111111111,0.5888888888888889,0.13250324274410857,-0.08729171211150236,0.7564516129032259
7.5,close_location <= 0.21710 AND sma9_slope3 <= 0.02604,114,0.7543859649122807,0.7631578947368421,80,0.7375,0.8,0.5875,0.12092197429048684,-0.02969968733478745,0.7561403508771931
7.5,dual_stretch_9 <= -0.27204 AND rsi_pct1 <= -0.09574,41,0.7560975609756098,0.7560975609756098,45,0.9111111111111111,0.9111111111111111,0.6666666666666666,0.1728036175710594,-0.0234441602728048,0.7560975609756099
7.5,dual_stretch_9 <= -0.27204 AND rsi_sma5_slope3 <= 0.04466,41,0.7560975609756098,0.7560975609756098,53,0.9245283018867925,0.9245283018867925,0.6981132075471698,0.1340866561105513,-0.0224147414741474,0.7560975609756099
7.5,dist_sma9 <= -0.04591 AND rsi_vs_sma9 <= -0.15725,41,0.7560975609756098,0.7560975609756098,35,0.8571428571428571,0.8571428571428571,0.6,0.1750455937510753,-0.027528694404591,0.7560975609756099
7.5,dist_sma9 <= -0.04591 AND rsi_sma5_slope1 <= -0.01835,41,0.7560975609756098,0.7560975609756098,35,0.8571428571428571,0.8571428571428571,0.6,0.1750455937510753,-0.027528694404591,0.7560975609756099
7.5,rsi_vs_sma9 <= -0.22445 AND dist_sma9 <= -0.03517,41,0.7560975609756098,0.7560975609756098,52,0.9230769230769231,0.9423076923076923,0.6923076923076923,0.1296768491273284,-0.0217117702390563,0.7560975609756099
7.5,rsi_vs_sma9 <= -0.22445 AND dist_sma9 <= -0.02546,41,0.7560975609756098,0.7560975609756098,54,0.9259259259259259,0.9444444444444444,0.7037037037037037,0.1388728701816058,-0.02288701478601695,0.7560975609756099
7.5,close_location <= 0.16592 AND rsi_sma5_slope3 <= 0.04466,158,0.7468354430379747,0.7911392405063291,89,0.7191011235955056,0.7640449438202247,0.5617977528089888,0.1211750305997552,-0.0505083135391923,0.7556962025316456
7.5,rsi_pct1 <= -0.17635 AND rsi_vs_sma3 <= -0.11841,72,0.7361111111111112,0.8333333333333334,74,0.7567567567567568,0.8783783783783784,0.6756756756756757,0.18571624195401581,-0.03465186757104695,0.7555555555555555
7.5,rsi_accel <= -13.54668 AND close_location <= 0.16592,58,0.7413793103448276,0.8103448275862069,34,0.6470588235294118,0.8529411764705882,0.6176470588235294,0.15450819944888045,-0.1055028979077966,0.7551724137931035
7.5,dist_ema9 <= -0.03649 AND rsi_vs_sma3 <= -0.13346,31,0.7419354838709677,0.8064516129032258,34,0.9411764705882353,0.9411764705882353,0.7352941176470589,0.20661132231032486,-0.0229294508734761,0.7548387096774194
7.5,rsi_accel <= -13.54668 AND close_location <= 0.21710,66,0.7424242424242424,0.803030303030303,45,0.6888888888888889,0.8888888888888888,0.6666666666666666,0.1829599541478732,-0.1058038007190549,0.7545454545454546
7.5,rsi_pct1 <= -0.17635 AND rsi_vs_sma3 <= -0.13346,57,0.7368421052631579,0.8245614035087719,71,0.7605633802816901,0.8732394366197183,0.6619718309859155,0.1812011214401654,-0.0334210878586408,0.7543859649122806
7.5,rsi_accel <= -5.35400 AND rsi_vs_sma3 <= -0.13346,57,0.7368421052631579,0.8245614035087719,67,0.7611940298507462,0.8805970149253731,0.6567164179104478,0.1812011214401654,-0.0334210878586408,0.7543859649122806
7.5,rsi_accel <= -10.42385 AND rsi_pct1 <= -0.12187,100,0.74,0.81,84,0.6785714285714286,0.8095238095238095,0.5952380952380952,0.13250324274410857,-0.08729171211150236,0.754
7.5,close_location <= 0.13656 AND rsi_pct1 <= -0.09574,139,0.7410071942446043,0.8057553956834532,65,0.7230769230769231,0.8153846153846154,0.5692307692307692,0.12908567942125,-0.0544451362201851,0.7539568345323742
7.5,close_location <= 0.21710 AND rsi_sma5_slope3 <= 0.04466,189,0.746031746031746,0.783068783068783,113,0.7168141592920354,0.7699115044247787,0.5663716814159292,0.1206689179812185,-0.0513521153302554,0.7534391534391535
7.5,rsi_pct1 <= -0.14226 AND rsi_vs_sma5 <= -0.16141,64,0.734375,0.828125,63,0.746031746031746,0.8412698412698413,0.6349206349206349,0.1660265203475079,-0.0301781280883168,0.753125
7.5,close_location <= 0.07350 AND rsi_pct1 <= -0.12187,59,0.7457627118644068,0.7796610169491526,39,0.7692307692307693,0.8461538461538461,0.5897435897435898,0.1340866561105513,-0.0505083135391923,0.752542372881356
7.5,rsi_accel <= -5.35400 AND rsi_vs_sma3 <= -0.11841,79,0.7341772151898734,0.8227848101265823,75,0.7466666666666667,0.88,0.6533333333333333,0.17026909134666,-0.0410908646202763,0.7518987341772152
7.5,rsi_accel <= -13.54668 AND rsi_vs_sma3 <= -0.13346,33,0.7272727272727273,0.8484848484848485,40,0.65,0.85,0.65,0.17639628518564093,-0.0812980333484092,0.7515151515151516
7.5,close_location <= 0.21710 AND rsi_sma5_slope1 <= -0.01835,164,0.7439024390243902,0.7804878048780488,105,0.7238095238095238,0.780952380952381,0.5714285714285714,0.1206689179812185,-0.0464206407951781,0.751219512195122
7.5,rsi_pct1 <= -0.12187 AND sma9_slope3 <= 0.02604,72,0.75,0.75,61,0.7704918032786885,0.7868852459016393,0.5901639344262295,0.1379323830194949,-0.027528694404591,0.7500000000000001
7.5,dual_stretch_9 <= -0.27204 AND rsi_vs_sma9 <= -0.22445,40,0.75,0.75,51,0.9411764705882353,0.9411764705882353,0.7058823529411765,0.1340866561105513,-0.0210087990039652,0.7500000000000001
7.5,rsi_drop_pct <= -0.38820 AND rsi_sma5_slope3 <= 0.04466,40,0.75,0.75,26,0.8461538461538461,0.8461538461538461,0.5769230769230769,0.17889757383844504,-0.0259284651822571,0.7500000000000001
7.5,dist_sma9 <= -0.04591 AND rsi_sma5_slope3 <= 0.04466,40,0.75,0.75,35,0.8571428571428571,0.8571428571428571,0.6,0.1750455937510753,-0.027528694404591,0.7500000000000001
7.5,rsi_drop_pct <= -0.38820 AND rsi_vs_sma9 <= -0.22445,28,0.75,0.75,21,0.9047619047619048,0.9047619047619048,0.6666666666666666,0.2139193809609503,-0.0208970667626418,0.7500000000000001
7.5,dist_sma20 <= -0.03231 AND rsi_vs_sma9 <= -0.22445,24,0.75,0.75,16,0.9375,0.9375,0.75,0.21763778868780181,-0.02015727124539855,0.7500000000000001
7.5,close_location <= 0.21710 AND rsi_pct1 <= -0.09574,195,0.7384615384615385,0.7897435897435897,105,0.7619047619047619,0.8476190476190476,0.6285714285714286,0.1509344238908174,-0.0644971048681106,0.7487179487179487
7.5,dist_sma9 <= -0.02546 AND rsi_vs_sma3 <= -0.11841,58,0.7413793103448276,0.7758620689655172,59,0.8813559322033898,0.9152542372881356,0.6779661016949152,0.1340866561105513,-0.0246281394781761,0.7482758620689656
7.5,rsi_vs_sma3 <= -0.13346 AND dist_sma9 <= -0.02546,46,0.7391304347826086,0.782608695652174,51,0.9019607843137255,0.9215686274509803,0.7058823529411765,0.1715914489311165,-0.0234441602728048,0.7478260869565218
7.5,dist_ema9 <= -0.03649,42,0.7380952380952381,0.7857142857142857,37,0.9459459459459459,0.9459459459459459,0.7297297297297297,0.1928679055750877,-0.0246281394781761,0.7476190476190476
7.5,rsi_vs_sma9 <= -0.15725 AND rsi_vs_sma3 <= -0.11841,80,0.7375,0.7875,93,0.7526881720430108,0.8279569892473119,0.5913978494623656,0.1211750305997552,-0.0358826472834531,0.7475
7.5,rsi_vs_sma5 <= -0.16141 AND rsi_sma5_slope1 <= -0.01835,76,0.7368421052631579,0.7894736842105263,94,0.723404255319149,0.7978723404255319,0.574468085106383,0.118401184285237,-0.044679756412234,0.7473684210526316
7.5,rsi_pct1 <= -0.14226 AND rsi_vs_sma9 <= -0.15725,72,0.7361111111111112,0.7916666666666666,67,0.7611940298507462,0.835820895522388,0.6119402985074627,0.1323681489141674,-0.0334210878586408,0.7472222222222222
7.5,rsi_vs_sma5 <= -0.16141 AND rsi_vs_sma9 <= -0.15725,72,0.7361111111111112,0.7916666666666666,88,0.7386363636363636,0.8181818181818182,0.5909090909090909,0.12029597721314696,-0.041862661586487854,0.7472222222222222
7.5,rsi_pct1 <= -0.14226 AND close_location <= 0.10126,64,0.734375,0.796875,47,0.6808510638297872,0.7659574468085106,0.5319148936170213,0.1114611097649624,-0.0767553423462713,0.7468750000000001
7.5,rsi_pct1 <= -0.12187 AND rsi_accel <= -7.63088,120,0.7333333333333333,0.8,100,0.69,0.8,0.59,0.13575580303859786,-0.07906737557744276,0.7466666666666667
7.5,rsi_accel <= -7.63088 AND rsi_pct1 <= -0.09574,145,0.7310344827586207,0.8068965517241379,107,0.7009345794392523,0.8037383177570093,0.6074766355140186,0.144405235298765,-0.0767553423462713,0.7462068965517241
7.5,close_location <= 0.21710 AND rsi_vs_sma3 <= -0.11841,100,0.73,0.81,73,0.7945205479452054,0.9041095890410958,0.684931506849315,0.17026909134666,-0.0303390555898996,0.746
7.5,rsi_pct1 <= -0.09574 AND rsi_sma5_slope3 <= 0.04466,184,0.7391304347826086,0.7717391304347826,131,0.732824427480916,0.7786259541984732,0.549618320610687,0.1277102496714848,-0.0628662759722962,0.7456521739130435
7.5,rsi_accel <= -13.54668 AND rsi_pct1 <= -0.14226,66,0.7272727272727273,0.8181818181818182,60,0.6333333333333333,0.8166666666666667,0.6166666666666667,0.15554994587596424,-0.09596652112980206,0.7454545454545456
7.5,close_location <= 0.13656 AND rsi_vs_sma3 <= -0.11841,76,0.7236842105263158,0.8289473684210527,54,0.7592592592592593,0.8703703703703703,0.6296296296296297,0.13274153777394565,-0.0356125527152711,0.7447368421052631
7.5,close_location <= 0.16592 AND rsi_pct1 <= -0.09574,168,0.7321428571428571,0.7916666666666666,82,0.7195121951219512,0.8048780487804879,0.573170731707317,0.1305227981669972,-0.0636816904202034,0.7440476190476191
7.5,rsi_drop_pct <= -0.38820 AND rsi_pct1 <= -0.09574,39,0.7435897435897436,0.7435897435897436,23,0.9130434782608695,0.9130434782608695,0.6086956521739131,0.1993032636596994,-0.0246281394781761,0.7435897435897436
7.5,rsi_accel <= -13.54668 AND rsi_vs_sma3 <= -0.11841,46,0.717391304347826,0.8478260869565217,44,0.6363636363636364,0.8636363636363636,0.6818181818181818,0.17639628518564093,-0.08809401341303275,0.7434782608695653
7.5,rsi_vs_sma9 <= -0.15725 AND rsi_vs_sma3 <= -0.13346,63,0.7301587301587301,0.7936507936507936,79,0.759493670886076,0.8354430379746836,0.6075949367088608,0.1211750305997552,-0.0358826472834531,0.7428571428571429
7.5,dist_sma9 <= -0.04591,42,0.7380952380952381,0.7619047619047619,35,0.8571428571428571,0.8571428571428571,0.6,0.1750455937510753,-0.027528694404591,0.7428571428571429
7.5,rsi_pct1 <= -0.17635 AND rsi_accel <= -5.35400,80,0.725,0.8125,76,0.7368421052631579,0.868421052631579,0.6710526315789473,0.1865956583078697,-0.045831933593756,0.7424999999999999
7.5,rsi_accel <= -13.54668,83,0.7228915662650602,0.8192771084337349,65,0.6307692307692307,0.8153846153846154,0.6,0.1408308004052685,-0.0988894764674774,0.7421686746987952
7.5,rsi_pct1 <= -0.17635 AND rsi_accel <= -7.63088,76,0.7236842105263158,0.8157894736842105,69,0.7246376811594203,0.8695652173913043,0.6811594202898551,0.1902313624678662,-0.0505083135391923,0.7421052631578948
7.5,rsi_pct1 <= -0.14226 AND rsi_vs_sma3 <= -0.13346,69,0.7246376811594203,0.8115942028985508,76,0.75,0.868421052631579,0.6578947368421053,0.1733185213410959,-0.038486755951864696,0.7420289855072464
7.5,rsi_pct1 <= -0.14226 AND rsi_accel <= -7.63088,99,0.7272727272727273,0.797979797979798,89,0.6966292134831461,0.8202247191011236,0.5955056179775281,0.1374249499666444,-0.0767553423462713,0.7414141414141415
7.5,rsi_pct1 <= -0.12187 AND rsi_accel <= -5.35400,133,0.7293233082706767,0.7894736842105263,116,0.6896551724137931,0.7844827586206896,0.5603448275862069,0.12960572318878924,-0.07687858759925739,0.7413533834586467
7.5,rsi_pct1 <= -0.09574 AND dist_sma9 <= -0.03517,71,0.7323943661971831,0.7746478873239436,55,0.8545454545454545,0.8545454545454545,0.6181818181818182,0.1379323830194949,-0.0278056265984654,0.7408450704225352
7.5,dist_ema9 <= -0.03649 AND rsi_vs_sma3 <= -0.11841,37,0.7297297297297297,0.7837837837837838,36,0.9444444444444444,0.9444444444444444,0.7222222222222222,0.19608558461739356,-0.02403614987549045,0.7405405405405405
7.5,rsi_pct1 <= -0.14226 AND rsi_accel <= -5.35400,110,0.7272727272727273,0.7909090909090909,99,0.7070707070707071,0.8181818181818182,0.5858585858585859,0.1340866561105513,-0.0740860724164568,0.7400000000000001
7.5,rsi_vs_sma3 <= -0.13346 AND rsi_sma5_slope1 <= -0.01835,70,0.7285714285714285,0.7857142857142857,88,0.75,0.8181818181818182,0.5909090909090909,0.12029597721314696,-0.0426719345503931,0.74
7.5,rsi_pct1 <= -0.17635,83,0.7228915662650602,0.8072289156626506,80,0.7375,0.8625,0.675,0.1865956583078697,-0.04393884247251665,0.7397590361445783
7.5,rsi_pct1 <= -0.12187 AND close_location <= 0.10126,81,0.7283950617283951,0.7777777777777778,52,0.7115384615384616,0.7884615384615384,0.5769230769230769,0.1251303550105026,-0.0768279457307928,0.7382716049382716
7.5,rsi_drop_pct <= -0.38820,42,0.7380952380952381,0.7380952380952381,26,0.8461538461538461,0.8461538461538461,0.5769230769230769,0.17889757383844504,-0.0259284651822571,0.7380952380952381
7.5,rsi_vs_sma9 <= -0.22445,42,0.7380952380952381,0.7380952380952381,63,0.8571428571428571,0.8888888888888888,0.6349206349206349,0.1215533291958506,-0.0272287908863381,0.7380952380952381
7.5,rsi_drop_pct <= -0.38820 AND rsi_sma5_slope1 <= -0.01835,42,0.7380952380952381,0.7380952380952381,26,0.8461538461538461,0.8461538461538461,0.5769230769230769,0.17889757383844504,-0.0259284651822571,0.7380952380952381
7.5,rsi_vs_sma9 <= -0.22445 AND rsi_pct1 <= -0.09574,42,0.7380952380952381,0.7380952380952381,52,0.8846153846153846,0.9038461538461539,0.6346153846153846,0.1576252665918884,-0.027378742645464547,0.7380952380952381
7.5,rsi_vs_sma9 <= -0.22445 AND rsi_sma5_slope1 <= -0.01835,42,0.7380952380952381,0.7380952380952381,63,0.8571428571428571,0.8888888888888888,0.6349206349206349,0.1215533291958506,-0.0272287908863381,0.7380952380952381
7.5,close_location <= 0.10126 AND rsi_pct1 <= -0.09574,106,0.7264150943396226,0.7830188679245284,54,0.7037037037037037,0.7777777777777778,0.5555555555555556,0.11896314981764396,-0.0768279457307928,0.7377358490566037
7.5,close_location <= 0.10126 AND rsi_vs_sma3 <= -0.11841,61,0.7213114754098361,0.8032786885245902,46,0.7608695652173914,0.8478260869565217,0.6086956521739131,0.12628572501854762,-0.04035142032323015,0.7377049180327869
7.5,rsi_pct1 <= -0.14226 AND rsi_vs_sma3 <= -0.11841,93,0.7204301075268817,0.8064516129032258,84,0.7380952380952381,0.8690476190476191,0.6547619047619048,0.16814780584708394,-0.0426719345503931,0.7376344086021506
7.5,close_location <= 0.07350 AND rsi_pct1 <= -0.14226,48,0.7291666666666666,0.7708333333333334,36,0.75,0.8333333333333334,0.5555555555555556,0.12628572501854762,-0.0524767248796887,0.7375
7.5,close_location <= 0.13656,166,0.7228915662650602,0.7951807228915663,88,0.7159090909090909,0.7954545454545454,0.5681818181818182,0.12582118954508642,-0.052898625775220254,0.7373493975903614
7.5,rsi_sma5_slope1 <= -0.01835 AND rsi_vs_sma3 <= -0.11841,102,0.7254901960784313,0.7843137254901961,104,0.7307692307692307,0.7980769230769231,0.5673076923076923,0.118401184285237,-0.0426719345503931,0.7372549019607844
7.5,close_location <= 0.16592 AND rsi_vs_sma3 <= -0.11841,89,0.7191011235955056,0.8089887640449438,62,0.7741935483870968,0.8870967741935484,0.6612903225806451,0.1548428023000841,-0.03438177300286495,0.7370786516853933
7.5,rsi_drop_pct <= -0.38820 AND rsi_vs_sma9 <= -0.15725,38,0.7368421052631579,0.7368421052631579,23,0.9130434782608695,0.9130434782608695,0.6521739130434783,0.1993032636596994,-0.0224147414741474,0.7368421052631579
7.5,dist_sma9 <= -0.04591 AND rsi_pct1 <= -0.09574,41,0.7317073170731707,0.7560975609756098,34,0.8529411764705882,0.8529411764705882,0.6176470588235294,0.18717442870538736,-0.0268618756912699,0.7365853658536585
7.5,rsi_pct1 <= -0.12187 AND rsi_vs_sma5 <= -0.16141,75,0.72,0.8,71,0.7746478873239436,0.8591549295774648,0.6338028169014085,0.1414941128704832,-0.0358826472834531,0.736
7.5,rsi_accel <= -13.54668 AND rsi_pct1 <= -0.09574,81,0.7160493827160493,0.8148148148148148,62,0.6290322580645161,0.8064516129032258,0.6129032258064516,0.15554994587596424,-0.09596652112980206,0.7358024691358025
7.5,rsi_pct1 <= -0.09574 AND sma9_slope3 <= 0.02604,109,0.7339449541284404,0.7431192660550459,71,0.7887323943661971,0.8028169014084507,0.5915492957746479,0.1436590842526603,-0.0292212465812581,0.7357798165137615
7.5,dual_stretch_9 <= -0.27204 AND sma9_slope3 <= 0.02604,34,0.7352941176470589,0.7352941176470589,45,0.9333333333333333,0.9333333333333333,0.7555555555555555,0.1715914489311165,-0.0204473766049136,0.7352941176470589
7.5,rsi_pct1 <= -0.21182 AND rsi_accel <= -13.54668,34,0.7058823529411765,0.8529411764705882,39,0.6410256410256411,0.8205128205128205,0.6153846153846154,0.1812011214401654,-0.0858407243505471,0.7352941176470589
7.5,close_location <= 0.07350,83,0.7228915662650602,0.7831325301204819,51,0.7450980392156863,0.8235294117647058,0.5686274509803921,0.13139641943734,-0.0426344585526994,0.7349397590361446
7.5,rsi_accel <= -5.35400 AND rsi_pct1 <= -0.09574,169,0.7218934911242604,0.7869822485207101,128,0.6953125,0.7890625,0.578125,0.13575580303859786,-0.07680598421473589,0.7349112426035503
7.5,rsi_pct1 <= -0.12187 AND rsi_vs_sma3 <= -0.11841,107,0.719626168224299,0.794392523364486,95,0.7473684210526316,0.8631578947368421,0.6526315789473685,0.1436590842526603,-0.0427094105480868,0.7345794392523365
7.5,rsi_pct1 <= -0.12187 AND dist_sma9 <= -0.02546,66,0.7272727272727273,0.7575757575757576,60,0.8,0.8166666666666667,0.6333333333333333,0.1407957336360776,-0.02773201817127315,0.7333333333333334
7.5,rsi_accel <= -7.63088,166,0.7168674698795181,0.7951807228915663,115,0.6869565217391305,0.8,0.591304347826087,0.1408308004052685,-0.0812342020395712,0.7325301204819278
7.5,rsi_pct1 <= -0.09574 AND rsi_sma5_slope1 <= -0.01835,166,0.7228915662650602,0.7710843373493976,125,0.736,0.776,0.552,0.12908567942125,-0.0628662759722962,0.7325301204819277
7.5,rsi_vs_sma9 <= -0.22445 AND rsi_sma5_slope3 <= 0.04466,41,0.7317073170731707,0.7317073170731707,63,0.8571428571428571,0.8888888888888888,0.6349206349206349,0.1215533291958506,-0.0272287908863381,0.7317073170731707
7.5,rsi_vs_sma9 <= -0.15725 AND dist_sma9 <= -0.03517,76,0.7236842105263158,0.7631578947368421,74,0.8243243243243243,0.8648648648648649,0.6486486486486487,0.12539590562285036,-0.0282290097727844,0.7315789473684211
7.5,rsi_pct1 <= -0.14226,124,0.717741935483871,0.782258064516129,108,0.7037037037037037,0.8148148148148148,0.5925925925925926,0.13322740251235934,-0.06929840101768531,0.7306451612903226
7.5,rsi_accel <= -13.54668 AND rsi_pct1 <= -0.12187,76,0.7105263157894737,0.8026315789473685,62,0.6290322580645161,0.8064516129032258,0.6129032258064516,0.15554994587596424,-0.09596652112980206,0.7289473684210527
7.5,rsi_pct1 <= -0.12187 AND rsi_vs_sma9 <= -0.15725,89,0.7191011235955056,0.7640449438202247,83,0.7590361445783133,0.8192771084337349,0.6024096385542169,0.13139641943734,-0.0426344585526994,0.7280898876404495
7.5,rsi_pct1 <= -0.12187,166,0.7168674698795181,0.7710843373493976,137,0.7007299270072993,0.7883211678832117,0.5766423357664233,0.13139641943734,-0.0715340789196031,0.727710843373494
7.5,rsi_vs_sma5 <= -0.16141,83,0.7108433734939759,0.7951807228915663,95,0.7157894736842105,0.8,0.5789473684210527,0.1194169238265387,-0.0448770491803278,0.727710843373494
7.5,rsi_vs_sma5 <= -0.16141 AND rsi_pct1 <= -0.09574,80,0.7125,0.7875,77,0.7662337662337663,0.8441558441558441,0.6103896103896104,0.1340866561105513,-0.0427094105480868,0.7275
7.5,rsi_pct1 <= -0.09574 AND rsi_vs_sma3 <= -0.13346,80,0.7125,0.7875,86,0.7558139534883721,0.8604651162790697,0.627906976744186,0.15376031660899553,-0.04397631847021035,0.7275
7.5,dist_sma9 <= -0.04591 AND sma9_slope3 <= 0.02604,33,0.7272727272727273,0.7272727272727273,31,0.8709677419354839,0.8709677419354839,0.6451612903225806,0.1993032636596994,-0.0246281394781761,0.7272727272727274
7.5,rsi_pct1 <= -0.09574 AND dist_sma9 <= -0.02546,93,0.7204301075268817,0.7526881720430108,67,0.8208955223880597,0.835820895522388,0.6119402985074627,0.1379323830194949,-0.0301781280883168,0.7268817204301076
7.5,dist_sma9 <= -0.03517 AND rsi_sma5_slope1 <= -0.01835,81,0.7160493827160493,0.7654320987654321,76,0.8157894736842105,0.8552631578947368,0.6447368421052632,0.12539590562285036,-0.0282290097727844,0.725925925925926
7.5,rsi_pct1 <= -0.17635 AND rsi_accel <= -13.54668,57,0.7017543859649122,0.8070175438596491,49,0.6326530612244898,0.8367346938775511,0.673469387755102,0.1829599541478732,-0.0921123716909778,0.7228070175438597
7.5,close_location <= 0.21710,248,0.7096774193548387,0.7741935483870968,143,0.7132867132867133,0.8041958041958042,0.6013986013986014,0.13139641943734,-0.0628662759722962,0.7225806451612904
7.5,rsi_accel <= -5.35400,207,0.7053140096618358,0.7874396135265701,143,0.6713286713286714,0.7692307692307693,0.5524475524475524,0.1301257669563285,-0.0812342020395712,0.7217391304347827
7.5,rsi_pct1 <= -0.09574 AND rsi_vs_sma3 <= -0.11841,119,0.7058823529411765,0.7815126050420168,102,0.7352941176470589,0.8431372549019608,0.6176470588235294,0.13912787518595643,-0.0484644771671852,0.7210084033613446
7.5,close_location <= 0.10126,124,0.7096774193548387,0.7661290322580645,69,0.6956521739130435,0.7681159420289855,0.5362318840579711,0.1114611097649624,-0.0767553423462713,0.7209677419354839
7.5,close_location <= 0.16592,207,0.7053140096618358,0.7777777777777778,109,0.7064220183486238,0.7889908256880734,0.5688073394495413,0.1261176099885776,-0.0624169986719788,0.7198067632850242
7.5,rsi_sma5_slope3 <= 0.04466 AND rsi_sma5_slope1 <= -0.01835,238,0.7100840336134454,0.7563025210084033,202,0.6683168316831684,0.7277227722772277,0.5297029702970297,0.11155978312550255,-0.062481525082922304,0.7193277310924371
7.5,rsi_vs_sma3 <= -0.13346,83,0.6987951807228916,0.7951807228915663,96,0.7291666666666666,0.8333333333333334,0.6041666666666666,0.1318822841757537,-0.045831933593756,0.7180722891566266
7.5,rsi_pct1 <= -0.12187 AND rsi_vs_sma3 <= -0.13346,77,0.7012987012987013,0.7792207792207793,82,0.7682926829268293,0.8780487804878049,0.6585365853658537,0.17093027013888823,-0.041862661586487854,0.716883116883117
7.5,rsi_pct1 <= -0.09574 AND rsi_vs_sma9 <= -0.15725,113,0.7079646017699115,0.7522123893805309,95,0.7578947368421053,0.8105263157894737,0.5894736842105263,0.13139641943734,-0.0452432263923339,0.7168141592920354
7.5,rsi_vs_sma9 <= -0.15725 AND rsi_sma5_slope3 <= 0.04466,120,0.7083333333333334,0.75,135,0.6814814814814815,0.7555555555555555,0.5555555555555556,0.1167512690355327,-0.0478174137526402,0.7166666666666668
7.5,rsi_vs_sma5 <= -0.16141 AND rsi_vs_sma3 <= -0.11841,76,0.6973684210526315,0.7894736842105263,87,0.7241379310344828,0.8160919540229885,0.5862068965517241,0.1194169238265387,-0.0426344585526994,0.7157894736842105
7.5,rsi_vs_sma9 <= -0.22445 AND sma9_slope3 <= 0.02604,35,0.7142857142857143,0.7142857142857143,49,0.9183673469387755,0.9387755102040817,0.7346938775510204,0.1715914489311165,-0.0208970667626418,0.7142857142857144
7.5,rsi_pct1 <= -0.09574,248,0.7016129032258065,0.7620967741935484,163,0.7055214723926381,0.7852760736196319,0.5766871165644172,0.1340866561105513,-0.0715340789196031,0.713709677419355
7.5,dist_sma9 <= -0.03517 AND rsi_sma5_slope3 <= 0.04466,81,0.7037037037037037,0.7530864197530864,76,0.8157894736842105,0.8552631578947368,0.6447368421052632,0.12539590562285036,-0.0282290097727844,0.7135802469135804
7.5,sma9_slope3 <= 0.02604 AND rsi_sma5_slope3 <= 0.04466,161,0.7080745341614907,0.7267080745341615,113,0.7168141592920354,0.7699115044247787,0.584070796460177,0.1211750305997552,-0.0380683820937609,0.7118012422360248
7.5,rsi_vs_sma9 <= -0.15725 AND dist_sma9 <= -0.02546,95,0.7052631578947368,0.7368421052631579,91,0.7802197802197802,0.8351648351648352,0.6373626373626373,0.1255247691015952,-0.0301781280883168,0.7115789473684211
7.5,rsi_sma5_slope1 <= -0.01835 AND dist_sma9 <= -0.02546,122,0.7049180327868853,0.7377049180327869,100,0.74,0.79,0.59,0.1213641798978029,-0.03465186757104695,0.7114754098360656
7.5,rsi_vs_sma9 <= -0.15725,124,0.7016129032258065,0.75,136,0.6838235294117647,0.7573529411764706,0.5588235294117647,0.117068356889734,-0.048125843834338,0.7112903225806453
7.5,rsi_vs_sma3 <= -0.11841,124,0.6935483870967742,0.782258064516129,118,0.711864406779661,0.8220338983050848,0.5932203389830508,0.1252237479843985,-0.04711902727390915,0.7112903225806453
7.5,dist_sma9 <= -0.03517,83,0.6987951807228916,0.7590361445783133,76,0.8157894736842105,0.8552631578947368,0.6447368421052632,0.12539590562285036,-0.0282290097727844,0.710843373493976
7.5,rsi_sma5_slope3 <= 0.04466 AND dist_sma9 <= -0.02546,121,0.7024793388429752,0.7355371900826446,100,0.74,0.79,0.59,0.1213641798978029,-0.03465186757104695,0.7090909090909091
7.5,rsi_vs_sma9 <= -0.15725 AND rsi_sma5_slope1 <= -0.01835,123,0.6991869918699187,0.7479674796747967,135,0.6814814814814815,0.7555555555555555,0.5555555555555556,0.1167512690355327,-0.0484342739160358,0.7089430894308943
7.5,rsi_vs_sma5 <= -0.16141 AND rsi_vs_sma3 <= -0.13346,67,0.6865671641791045,0.7910447761194029,82,0.7317073170731707,0.8170731707317073,0.5853658536585366,0.118401184285237,-0.0426719345503931,0.7074626865671642
7.5,rsi_sma5_slope3 <= 0.04466,290,0.696551724137931,0.7482758620689656,220,0.6545454545454545,0.7136363636363636,0.5181818181818182,0.10875618465043696,-0.06565239350371341,0.7068965517241379
7.5,sma9_slope3 <= 0.02604 AND dist_sma9 <= -0.03517,70,0.7,0.7285714285714285,70,0.8142857142857143,0.8571428571428571,0.6714285714285714,0.1287570147129588,-0.027378742645464547,0.7057142857142856
7.5,rsi_sma5_slope1 <= -0.01835,248,0.6935483870967742,0.75,207,0.6618357487922706,0.7198067632850241,0.5265700483091788,0.1114611097649624,-0.0644971048681106,0.7048387096774195
7.5,sma9_slope3 <= 0.02604 AND rsi_sma5_slope1 <= -0.01835,150,0.7,0.72,108,0.7222222222222222,0.7777777777777778,0.5925925925925926,0.1213641798978029,-0.03465186757104695,0.704
7.5,sma9_slope3 <= 0.02604,166,0.6987951807228916,0.7168674698795181,120,0.6916666666666667,0.7583333333333333,0.5666666666666667,0.12004292090387861,-0.0405759638362519,0.7024096385542169
7.5,dist_sma9 <= -0.02546,124,0.6935483870967742,0.7338709677419355,100,0.74,0.79,0.59,0.1213641798978029,-0.03465186757104695,0.7016129032258065
7.5,rsi_vs_sma9 <= -0.15725 AND sma9_slope3 <= 0.02604,89,0.6966292134831461,0.7078651685393258,86,0.7558139534883721,0.813953488372093,0.6395348837209303,0.12582118954508642,-0.0282290097727844,0.698876404494382
7.5,sma9_slope3 <= 0.02604 AND dist_sma9 <= -0.02546,107,0.6915887850467289,0.7102803738317757,91,0.7362637362637363,0.7912087912087912,0.6043956043956044,0.1227372462973122,-0.0290557587096408,0.6953271028037383
10.0,rsi_accel <= -10.42385 AND rsi_drop_pct <= -0.38820,21,1.0,1.0,11,0.8181818181818182,0.8181818181818182,0.6363636363636364,0.2139193809609503,-0.0246281394781761,1.0
10.0,rsi_accel <= -10.42385 AND dist_ema9 <= -0.03649,20,0.95,1.0,21,0.9523809523809523,0.9523809523809523,0.7619047619047619,0.1993032636596994,-0.0234441602728048,0.96
10.0,rsi_accel <= -7.63088 AND rsi_drop_pct <= -0.38820,23,0.9565217391304348,0.9565217391304348,15,0.8666666666666667,0.8666666666666667,0.6,0.2139193809609503,-0.0224147414741474,0.9565217391304348
10.0,dist_ema9 <= -0.03649 AND close_location <= 0.07350,21,0.9523809523809523,0.9523809523809523,19,0.8947368421052632,0.8947368421052632,0.631578947368421,0.1340866561105513,-0.0301781280883168,0.9523809523809523
10.0,rsi_sma5_slope1 <= -0.05915 AND rsi_pct1 <= -0.17635,21,0.9523809523809523,0.9523809523809523,23,0.9130434782608695,0.9130434782608695,0.6521739130434783,0.1750455937510753,-0.0224147414741474,0.9523809523809523
10.0,rsi_sma5_slope1 <= -0.05915 AND rsi_accel <= -7.63088,21,0.9523809523809523,0.9523809523809523,18,0.9444444444444444,0.9444444444444444,0.6666666666666666,0.1822296772531021,-0.0216559041183946,0.9523809523809523
10.0,rsi_pct1 <= -0.21182 AND dual_stretch_9 <= -0.27204,20,0.95,0.95,30,0.9,0.9,0.7,0.1822296772531021,-0.0217117702390563,0.95
10.0,rsi_pct1 <= -0.21182 AND dist_sma9 <= -0.03517,25,0.92,0.96,30,0.9,0.9,0.7,0.18158195040842523,-0.0217117702390563,0.9280000000000002
10.0,close_location <= 0.13656 AND rsi_sma5_slope1 <= -0.05915,26,0.9230769230769231,0.9230769230769231,19,0.8947368421052632,0.8947368421052632,0.5789473684210527,0.1082891431761092,-0.0301781280883168,0.9230769230769231
10.0,rsi_sma5_slope1 <= -0.05915 AND rsi_accel <= -5.35400,26,0.9230769230769231,0.9230769230769231,23,0.8695652173913043,0.8695652173913043,0.5652173913043478,0.1211750305997552,-0.0276584097440809,0.9230769230769231
10.0,dist_ema9 <= -0.03649 AND rsi_accel <= -7.63088,23,0.9130434782608695,0.9565217391304348,25,0.96,0.96,0.72,0.1993032636596994,-0.0224147414741474,0.9217391304347826
10.0,dist_ema9 <= -0.03649 AND close_location <= 0.10126,25,0.92,0.92,19,0.8947368421052632,0.8947368421052632,0.631578947368421,0.1340866561105513,-0.0301781280883168,0.9200000000000002
10.0,dist_sma20 <= -0.03231 AND rsi_accel <= -7.63088,22,0.9090909090909091,0.9545454545454546,10,0.9,0.9,0.7,0.2230897051324668,-0.02276260312040895,0.9181818181818182
10.0,dist_ema9 <= -0.03649 AND close_location <= 0.16592,33,0.9090909090909091,0.9393939393939394,29,0.9310344827586207,0.9310344827586207,0.6896551724137931,0.1750455937510753,-0.0272287908863381,0.9151515151515152
10.0,rsi_pct1 <= -0.21182 AND dist_ema9 <= -0.03649,21,0.9047619047619048,0.9523809523809523,26,0.9230769230769231,0.9230769230769231,0.6923076923076923,0.19222017873041086,-0.0229294508734761,0.9142857142857144
10.0,rsi_accel <= -13.54668 AND dist_sma9 <= -0.03517,21,0.9047619047619048,0.9523809523809523,12,0.8333333333333334,0.8333333333333334,0.6666666666666666,0.14152627934803946,-0.0268111441805608,0.9142857142857144
10.0,rsi_sma5_slope1 <= -0.05915 AND close_location <= 0.10126,23,0.9130434782608695,0.9130434782608695,16,0.875,0.875,0.5625,0.10529975064080771,-0.0317996079734788,0.9130434782608696
10.0,close_location <= 0.03797 AND rsi_vs_sma5 <= -0.16141,20,0.9,0.95,20,0.7,0.8,0.55,0.10529975064080771,-0.03829938444174745,0.9100000000000001
10.0,close_location <= 0.13656 AND dist_ema9 <= -0.03649,30,0.9,0.9333333333333333,25,0.92,0.92,0.64,0.1662226957911561,-0.0292212465812581,0.9066666666666667
10.0,rsi_accel <= -10.42385 AND dist_sma9 <= -0.03517,30,0.9,0.9333333333333333,26,0.8461538461538461,0.8461538461538461,0.6923076923076923,0.1528390525208339,-0.02403614987549045,0.9066666666666667
10.0,rsi_sma5_slope1 <= -0.05915 AND close_location <= 0.16592,32,0.90625,0.90625,21,0.9047619047619048,0.9047619047619048,0.5714285714285714,0.1082891431761092,-0.0301781280883168,0.9062500000000001
10.0,dual_stretch_9 <= -0.27204 AND rsi_accel <= -7.63088,21,0.9047619047619048,0.9047619047619048,31,0.9032258064516129,0.9032258064516129,0.7096774193548387,0.1928679055750877,-0.0224147414741474,0.9047619047619049
10.0,rsi_accel <= -7.63088 AND rsi_vs_sma9 <= -0.22445,21,0.9047619047619048,0.9047619047619048,32,0.875,0.90625,0.71875,0.19608558461739356,-0.02288701478601695,0.9047619047619049
10.0,rsi_drop_pct <= -0.38820 AND rsi_accel <= -5.35400,31,0.9032258064516129,0.9032258064516129,21,0.9047619047619048,0.9047619047619048,0.5714285714285714,0.191572451885734,-0.0272287908863381,0.903225806451613
10.0,close_location <= 0.13656 AND rsi_drop_pct <= -0.38820,29,0.896551724137931,0.896551724137931,16,0.8125,0.8125,0.5,0.12617468722094544,-0.03053974880136085,0.8965517241379312
10.0,rsi_sma5_slope1 <= -0.05915 AND rsi_pct1 <= -0.14226,29,0.896551724137931,0.896551724137931,25,0.88,0.88,0.64,0.1750455937510753,-0.027528694404591,0.8965517241379312
10.0,dist_ema9 <= -0.03649 AND close_location <= 0.21710,35,0.8857142857142857,0.9142857142857143,33,0.9393939393939394,0.9393939393939394,0.696969696969697,0.191572451885734,-0.0261950569779488,0.8914285714285715
10.0,close_location <= 0.10126 AND rsi_drop_pct <= -0.38820,27,0.8888888888888888,0.8888888888888888,10,0.8,0.8,0.4,0.08438859760823164,-0.03053974880136085,0.888888888888889
10.0,rsi_pct1 <= -0.21182 AND rsi_vs_sma9 <= -0.15725,33,0.8787878787878788,0.9090909090909091,43,0.8372093023255814,0.9069767441860465,0.6744186046511628,0.191572451885734,-0.0261950569779488,0.884848484848485
10.0,dist_sma20 <= -0.03231 AND rsi_pct1 <= -0.17635,24,0.875,0.9166666666666666,15,0.8666666666666667,0.8666666666666667,0.6666666666666666,0.2213561964146533,-0.0246281394781761,0.8833333333333334
10.0,rsi_sma5_slope1 <= -0.05915 AND close_location <= 0.21710,34,0.8823529411764706,0.8823529411764706,27,0.8888888888888888,0.8888888888888888,0.5925925925925926,0.1173854447439353,-0.027528694404591,0.8823529411764707
10.0,close_location <= 0.21710 AND rsi_drop_pct <= -0.38820,34,0.8823529411764706,0.8823529411764706,21,0.8571428571428571,0.8571428571428571,0.5238095238095238,0.1662226957911561,-0.027528694404591,0.8823529411764707
10.0,close_location <= 0.03797 AND rsi_vs_sma9 <= -0.15725,25,0.88,0.88,22,0.7272727272727273,0.8181818181818182,0.5909090909090909,0.11473208688793221,-0.02969968733478745,0.8800000000000001
10.0,dual_stretch_9 <= -0.27204 AND rsi_pct1 <= -0.17635,25,0.88,0.88,38,0.8947368421052632,0.8947368421052632,0.7105263157894737,0.19608558461739356,-0.0217117702390563,0.8800000000000001
10.0,rsi_pct1 <= -0.17635 AND rsi_drop_pct <= -0.38820,25,0.88,0.88,20,0.9,0.9,0.65,0.21763778868780181,-0.0216559041183946,0.8800000000000001
10.0,rsi_pct1 <= -0.17635 AND rsi_vs_sma9 <= -0.22445,25,0.88,0.88,41,0.8780487804878049,0.9024390243902439,0.7073170731707317,0.1928679055750877,-0.0233592880978865,0.8800000000000001
10.0,dual_stretch_9 <= -0.27204 AND close_location <= 0.16592,33,0.8787878787878788,0.8787878787878788,35,0.8857142857142857,0.8857142857142857,0.6571428571428571,0.1340866561105513,-0.0246281394781761,0.8787878787878789
10.0,close_location <= 0.16592 AND rsi_drop_pct <= -0.38820,33,0.8787878787878788,0.8787878787878788,18,0.8333333333333334,0.8333333333333334,0.5,0.12617468722094544,-0.03053974880136085,0.8787878787878789
10.0,close_location <= 0.16592 AND rsi_vs_sma9 <= -0.22445,33,0.8787878787878788,0.8787878787878788,36,0.8611111111111112,0.8888888888888888,0.6666666666666666,0.1388728701816058,-0.02541159822806245,0.8787878787878789
10.0,rsi_accel <= -13.54668 AND rsi_vs_sma9 <= -0.15725,31,0.8709677419354839,0.9032258064516129,26,0.7307692307692307,0.8461538461538461,0.6153846153846154,0.14152627934803946,-0.0524767248796887,0.8774193548387097
10.0,rsi_sma5_slope1 <= -0.05915 AND rsi_pct1 <= -0.12187,32,0.875,0.875,29,0.896551724137931,0.896551724137931,0.6206896551724138,0.1715914489311165,-0.0276584097440809,0.8750000000000001
10.0,dist_sma20 <= -0.03231 AND rsi_pct1 <= -0.14226,30,0.8666666666666667,0.9,16,0.875,0.875,0.625,0.21763778868780181,-0.02541159822806245,0.8733333333333334
10.0,dist_sma20 <= -0.03231 AND rsi_accel <= -5.35400,30,0.8666666666666667,0.9,17,0.8823529411764706,0.8823529411764706,0.5882352941176471,0.191572451885734,-0.0272287908863381,0.8733333333333334
10.0,close_location <= 0.03797 AND rsi_vs_sma5 <= -0.14500,22,0.8636363636363636,0.9090909090909091,23,0.6956521739130435,0.782608695652174,0.5652173913043478,0.1082891431761092,-0.0464206407951781,0.8727272727272728
10.0,rsi_accel <= -7.63088 AND dist_sma9 <= -0.03517,37,0.8648648648648649,0.8918918918918919,34,0.8235294117647058,0.8235294117647058,0.6176470588235294,0.12763084335515323,-0.02403614987549045,0.8702702702702703
10.0,close_location <= 0.13656 AND dist_sma20 <= -0.03231,29,0.8620689655172413,0.896551724137931,12,0.8333333333333334,0.8333333333333334,0.5,0.1244366061784423,-0.03032493937248945,0.8689655172413794
10.0,rsi_vs_sma5 <= -0.16141 AND close_location <= 0.10126,44,0.8636363636363636,0.8863636363636364,30,0.7666666666666667,0.8333333333333334,0.6333333333333333,0.11896314981764396,-0.0317996079734788,0.8681818181818182
10.0,rsi_pct1 <= -0.17635 AND dist_sma9 <= -0.03517,36,0.8611111111111112,0.8888888888888888,38,0.8947368421052632,0.8947368421052632,0.7105263157894737,0.19222017873041086,-0.0217117702390563,0.8666666666666668
10.0,dist_sma20 <= -0.03231 AND rsi_sma5_slope1 <= -0.05915,22,0.8636363636363636,0.8636363636363636,12,0.9166666666666666,0.9166666666666666,0.75,0.21763778868780181,-0.01832608123803925,0.8636363636363636
10.0,close_location <= 0.07350 AND rsi_drop_pct <= -0.38820,22,0.8636363636363636,0.8636363636363636,10,0.8,0.8,0.4,0.08438859760823164,-0.03053974880136085,0.8636363636363636
10.0,dist_sma20 <= -0.03231 AND close_location <= 0.21710,35,0.8571428571428571,0.8857142857142857,16,0.875,0.875,0.5625,0.17889757383844504,-0.027378742645464547,0.8628571428571429
10.0,close_location <= 0.07350 AND rsi_vs_sma5 <= -0.16141,35,0.8571428571428571,0.8857142857142857,25,0.76,0.84,0.6,0.1211750305997552,-0.0334210878586408,0.8628571428571429
10.0,rsi_accel <= -7.63088 AND dist_sma9 <= -0.04591,20,0.85,0.9,21,0.8571428571428571,0.8571428571428571,0.5714285714285714,0.2139193809609503,-0.0224147414741474,0.8600000000000001
10.0,dist_ema9 <= -0.03649 AND rsi_pct1 <= -0.17635,27,0.8518518518518519,0.8888888888888888,33,0.9393939393939394,0.9393939393939394,0.7272727272727273,0.1993032636596994,-0.0224147414741474,0.8592592592592594
10.0,dist_sma20 <= -0.03231 AND close_location <= 0.16592,34,0.8529411764705882,0.8823529411764706,14,0.8571428571428571,0.8571428571428571,0.5,0.1244366061784423,-0.03032493937248945,0.8588235294117648
10.0,close_location <= 0.13656 AND rsi_vs_sma5 <= -0.16141,52,0.8461538461538461,0.9038461538461539,37,0.7567567567567568,0.8378378378378378,0.6216216216216216,0.1211750305997552,-0.0301781280883168,0.8576923076923078
10.0,dual_stretch_9 <= -0.27204 AND close_location <= 0.21710,35,0.8571428571428571,0.8571428571428571,41,0.9024390243902439,0.9024390243902439,0.6829268292682927,0.1436590842526603,-0.0233592880978865,0.8571428571428572
10.0,close_location <= 0.21710 AND rsi_vs_sma9 <= -0.22445,35,0.8571428571428571,0.8571428571428571,43,0.8837209302325582,0.9069767441860465,0.6744186046511628,0.1436590842526603,-0.0234441602728048,0.8571428571428572
10.0,close_location <= 0.13656 AND dual_stretch_9 <= -0.27204,28,0.8571428571428571,0.8571428571428571,29,0.8620689655172413,0.8620689655172413,0.6206896551724138,0.1167512690355327,-0.0276584097440809,0.8571428571428572
10.0,close_location <= 0.13656 AND rsi_vs_sma9 <= -0.22445,28,0.8571428571428571,0.8571428571428571,29,0.8620689655172413,0.8620689655172413,0.6206896551724138,0.1167512690355327,-0.0272287908863381,0.8571428571428572
10.0,close_location <= 0.07350 AND rsi_vs_sma9 <= -0.22445,21,0.8571428571428571,0.8571428571428571,20,0.9,0.9,0.65,0.12763084335515323,-0.0284398281626695,0.8571428571428572
10.0,rsi_drop_pct <= -0.38820 AND dist_sma9 <= -0.04591,21,0.8571428571428571,0.8571428571428571,20,0.9,0.9,0.65,0.21763778868780181,-0.0216559041183946,0.8571428571428572
10.0,close_location <= 0.16592 AND dist_sma9 <= -0.04591,32,0.84375,0.875,28,0.8214285714285714,0.8214285714285714,0.5714285714285714,0.15207753940532548,-0.0317996079734788,0.8500000000000001
10.0,dual_stretch_9 <= -0.27204 AND close_location <= 0.07350,20,0.85,0.85,22,0.8636363636363636,0.8636363636363636,0.6363636363636364,0.12763084335515323,-0.02969968733478745,0.8500000000000001
10.0,close_location <= 0.03797 AND rsi_vs_sma3 <= -0.11841,25,0.84,0.88,24,0.75,0.8333333333333334,0.5833333333333334,0.11473208688793221,-0.03829938444174745,0.8480000000000001
10.0,close_location <= 0.10126 AND rsi_vs_sma9 <= -0.22445,26,0.8461538461538461,0.8461538461538461,24,0.8333333333333334,0.8333333333333334,0.625,0.11410618940024755,-0.0284398281626695,0.8461538461538463
10.0,dist_ema9 <= -0.03649 AND rsi_accel <= -5.35400,31,0.8387096774193549,0.8709677419354839,32,0.9375,0.9375,0.6875,0.19222017873041086,-0.02403614987549045,0.8451612903225807
10.0,rsi_pct1 <= -0.14226 AND rsi_drop_pct <= -0.38820,32,0.84375,0.84375,21,0.9047619047619048,0.9047619047619048,0.6190476190476191,0.2139193809609503,-0.0224147414741474,0.84375
10.0,rsi_accel <= -10.42385 AND rsi_vs_sma9 <= -0.15725,43,0.8372093023255814,0.8604651162790697,42,0.7619047619047619,0.8333333333333334,0.6428571428571429,0.13158616776590065,-0.0317996079734788,0.8418604651162792
10.0,rsi_pct1 <= -0.17635 AND dist_sma9 <= -0.04591,24,0.8333333333333334,0.875,27,0.8518518518518519,0.8518518518518519,0.6296296296296297,0.2213561964146533,-0.0210087990039652,0.8416666666666668
10.0,rsi_sma5_slope1 <= -0.05915 AND rsi_vs_sma3 <= -0.13346,25,0.84,0.84,37,0.8378378378378378,0.8378378378378378,0.5675675675675675,0.1173854447439353,-0.031176883481516,0.8400000000000001
10.0,dual_stretch_9 <= -0.27204 AND close_location <= 0.10126,25,0.84,0.84,25,0.84,0.84,0.64,0.1167512690355327,-0.0292212465812581,0.8400000000000001
10.0,rsi_accel <= -10.42385 AND rsi_vs_sma5 <= -0.16141,39,0.8205128205128205,0.8974358974358975,41,0.7317073170731707,0.8292682926829268,0.6341463414634146,0.1340866561105513,-0.0334210878586408,0.8358974358974359
10.0,rsi_pct1 <= -0.21182 AND close_location <= 0.07350,23,0.8260869565217391,0.8695652173913043,28,0.75,0.8214285714285714,0.6071428571428571,0.1528390525208339,-0.03992086432690945,0.8347826086956522
10.0,rsi_pct1 <= -0.21182 AND close_location <= 0.10126,29,0.8275862068965517,0.8620689655172413,32,0.75,0.84375,0.625,0.12763084335515323,-0.03992086432690945,0.8344827586206897
10.0,close_location <= 0.03797 AND rsi_accel <= -5.35400,29,0.8275862068965517,0.8620689655172413,23,0.6086956521739131,0.6956521739130435,0.43478260869565216,0.0861266786507348,-0.0544451362201851,0.8344827586206897
10.0,dist_sma20 <= -0.03231 AND rsi_vs_sma5 <= -0.16141,29,0.8275862068965517,0.8620689655172413,15,0.8666666666666667,0.8666666666666667,0.6666666666666666,0.2213561964146533,-0.0246281394781761,0.8344827586206897
10.0,rsi_pct1 <= -0.14226 AND dist_sma9 <= -0.03517,53,0.8301886792452831,0.8490566037735849,43,0.8604651162790697,0.8604651162790697,0.6511627906976745,0.1715914489311165,-0.0246281394781761,0.8339622641509434
10.0,close_location <= 0.10126 AND dist_sma9 <= -0.03517,42,0.8333333333333334,0.8333333333333334,28,0.8214285714285714,0.8214285714285714,0.6071428571428571,0.11410618940024755,-0.02969968733478745,0.8333333333333335
10.0,rsi_sma5_slope1 <= -0.05915 AND rsi_vs_sma5 <= -0.14500,36,0.8333333333333334,0.8333333333333334,46,0.8478260869565217,0.8695652173913043,0.5869565217391305,0.12029597721314696,-0.0323757181468929,0.8333333333333335
10.0,rsi_sma5_slope1 <= -0.05915 AND rsi_drop_pct <= -0.38820,24,0.8333333333333334,0.8333333333333334,15,1.0,1.0,0.6666666666666666,0.2139193809609503,-0.0204473766049136,0.8333333333333335
10.0,dist_sma9 <= -0.03517 AND rsi_accel <= -5.35400,46,0.8260869565217391,0.8478260869565217,45,0.8222222222222222,0.8222222222222222,0.6,0.1340866561105513,-0.0272287908863381,0.8304347826086957
10.0,rsi_vs_sma5 <= -0.16141 AND close_location <= 0.21710,67,0.8208955223880597,0.8656716417910447,54,0.7962962962962963,0.8703703703703703,0.6666666666666666,0.1688089846393122,-0.02773201817127315,0.8298507462686568
10.0,close_location <= 0.03797 AND rsi_vs_sma3 <= -0.10337,27,0.8148148148148148,0.8888888888888888,26,0.7307692307692307,0.8076923076923077,0.5384615384615384,0.10529975064080771,-0.03829938444174745,0.8296296296296297
10.0,rsi_vs_sma5 <= -0.16141 AND close_location <= 0.16592,61,0.819672131147541,0.8688524590163934,46,0.7608695652173914,0.8478260869565217,0.6521739130434783,0.1500565882290296,-0.02969968733478745,0.8295081967213116
10.0,rsi_pct1 <= -0.14226 AND dist_sma9 <= -0.04591,34,0.8235294117647058,0.8529411764705882,30,0.8666666666666667,0.8666666666666667,0.6,0.20661132231032486,-0.02352144047616175,0.8294117647058823
10.0,close_location <= 0.21710 AND dist_sma9 <= -0.04591,34,0.8235294117647058,0.8529411764705882,31,0.8387096774193549,0.8387096774193549,0.5806451612903226,0.1662226957911561,-0.0278056265984654,0.8294117647058823
10.0,dual_stretch_9 <= -0.27204 AND rsi_pct1 <= -0.14226,35,0.8285714285714286,0.8285714285714286,38,0.8947368421052632,0.8947368421052632,0.7105263157894737,0.19608558461739356,-0.0217117702390563,0.8285714285714286
10.0,rsi_pct1 <= -0.14226 AND rsi_vs_sma9 <= -0.22445,35,0.8285714285714286,0.8285714285714286,42,0.8809523809523809,0.9047619047619048,0.6904761904761905,0.19222017873041086,-0.02340172418534565,0.8285714285714286
10.0,dist_sma20 <= -0.03231 AND rsi_vs_sma3 <= -0.11841,28,0.8214285714285714,0.8571428571428571,16,0.875,0.875,0.625,0.21763778868780181,-0.02541159822806245,0.8285714285714285
10.0,rsi_pct1 <= -0.17635 AND rsi_vs_sma9 <= -0.15725,51,0.8235294117647058,0.8431372549019608,55,0.8181818181818182,0.8727272727272727,0.6727272727272727,0.191572451885734,-0.0272287908863381,0.8274509803921568
10.0,close_location <= 0.03797 AND rsi_pct1 <= -0.17635,22,0.8181818181818182,0.8636363636363636,20,0.65,0.75,0.5,0.097207910913422,-0.0484644771671852,0.8272727272727274
10.0,dist_sma20 <= -0.03231 AND rsi_vs_sma3 <= -0.13346,22,0.8181818181818182,0.8636363636363636,15,0.8666666666666667,0.8666666666666667,0.6666666666666666,0.2213561964146533,-0.0246281394781761,0.8272727272727274
10.0,dist_sma20 <= -0.03231 AND dist_sma9 <= -0.04591,22,0.8181818181818182,0.8636363636363636,16,0.875,0.875,0.625,0.21763778868780181,-0.02541159822806245,0.8272727272727274
10.0,close_location <= 0.13656 AND rsi_vs_sma9 <= -0.15725,74,0.8243243243243243,0.8378378378378378,53,0.7924528301886793,0.8301886792452831,0.6037735849056604,0.1255247691015952,-0.0353424581470891,0.827027027027027
10.0,close_location <= 0.10126 AND dist_sma9 <= -0.04591,23,0.8260869565217391,0.8260869565217391,16,0.75,0.75,0.5,0.1087615490440374,-0.0380277732056701,0.8260869565217392
10.0,close_location <= 0.07350 AND dist_sma9 <= -0.03517,34,0.8235294117647058,0.8235294117647058,24,0.875,0.875,0.625,0.12628572501854762,-0.02969968733478745,0.8235294117647058
10.0,rsi_drop_pct <= -0.38820 AND dist_sma9 <= -0.03517,34,0.8235294117647058,0.8235294117647058,23,0.9130434782608695,0.9130434782608695,0.6521739130434783,0.1993032636596994,-0.0224147414741474,0.8235294117647058
10.0,close_location <= 0.13656 AND rsi_vs_sma5 <= -0.14500,70,0.8142857142857143,0.8571428571428571,49,0.7346938775510204,0.8163265306122449,0.5714285714285714,0.1167512690355327,-0.0380683820937609,0.822857142857143
10.0,rsi_pct1 <= -0.21182 AND rsi_vs_sma5 <= -0.14500,36,0.8055555555555556,0.8888888888888888,50,0.76,0.86,0.62,0.1528390525208339,-0.02969968733478745,0.8222222222222223
10.0,close_location <= 0.13656 AND dist_sma9 <= -0.04591,27,0.8148148148148148,0.8518518518518519,22,0.8181818181818182,0.8181818181818182,0.5,0.10990500013294176,-0.03465186757104695,0.8222222222222223
10.0,dist_ema9 <= -0.03649 AND dist_sma20 <= -0.03231,27,0.8148148148148148,0.8518518518518519,17,0.8823529411764706,0.8823529411764706,0.6470588235294118,0.2139193809609503,-0.0261950569779488,0.8222222222222223
10.0,close_location <= 0.10126 AND rsi_vs_sma5 <= -0.14500,55,0.8181818181818182,0.8363636363636363,40,0.725,0.8,0.575,0.11410618940024755,-0.04035142032323015,0.8218181818181819
10.0,rsi_sma5_slope1 <= -0.05915 AND rsi_vs_sma3 <= -0.11841,28,0.8214285714285714,0.8214285714285714,42,0.8333333333333334,0.8571428571428571,0.5714285714285714,0.118401184285237,-0.0312536159583305,0.8214285714285714
10.0,dual_stretch_9 <= -0.27204 AND rsi_accel <= -5.35400,28,0.8214285714285714,0.8214285714285714,35,0.8857142857142857,0.8857142857142857,0.6857142857142857,0.1928679055750877,-0.0224147414741474,0.8214285714285714
10.0,rsi_vs_sma9 <= -0.22445 AND rsi_accel <= -5.35400,28,0.8214285714285714,0.8214285714285714,38,0.8947368421052632,0.9210526315789473,0.6842105263157895,0.19222017873041086,-0.02340172418534565,0.8214285714285714
10.0,close_location <= 0.13656 AND dist_sma9 <= -0.03517,49,0.8163265306122449,0.8367346938775511,37,0.8648648648648649,0.8648648648648649,0.6216216216216216,0.1211750305997552,-0.0292212465812581,0.8204081632653062
10.0,rsi_accel <= -13.54668 AND rsi_vs_sma5 <= -0.16141,30,0.8,0.9,28,0.6428571428571429,0.7857142857142857,0.5714285714285714,0.1098751264705358,-0.06665504051466475,0.8200000000000002
10.0,close_location <= 0.07350 AND rsi_vs_sma3 <= -0.13346,32,0.8125,0.84375,32,0.8125,0.875,0.65625,0.1528390525208339,-0.0380277732056701,0.8187500000000001
10.0,rsi_sma5_slope1 <= -0.05915 AND rsi_vs_sma5 <= -0.16141,33,0.8181818181818182,0.8181818181818182,42,0.8571428571428571,0.8809523809523809,0.5952380952380952,0.12029597721314696,-0.0323757181468929,0.8181818181818183
10.0,dual_stretch_9 <= -0.27204 AND rsi_vs_sma3 <= -0.13346,33,0.8181818181818182,0.8181818181818182,47,0.9148936170212766,0.9148936170212766,0.6808510638297872,0.1715914489311165,-0.0233592880978865,0.8181818181818183
10.0,rsi_vs_sma3 <= -0.13346 AND rsi_vs_sma9 <= -0.22445,33,0.8181818181818182,0.8181818181818182,54,0.8518518518518519,0.8703703703703703,0.6296296296296297,0.12029597721314696,-0.02671192393214345,0.8181818181818183
10.0,rsi_vs_sma5 <= -0.16141 AND rsi_accel <= -7.63088,46,0.8043478260869565,0.8695652173913043,48,0.7708333333333334,0.8541666666666666,0.6458333333333334,0.1822296772531021,-0.02969968733478745,0.8173913043478261
10.0,rsi_pct1 <= -0.21182 AND rsi_vs_sma5 <= -0.16141,35,0.8,0.8857142857142857,47,0.7659574468085106,0.851063829787234,0.6170212765957447,0.1340866561105513,-0.0292212465812581,0.8171428571428573
10.0,close_location <= 0.16592 AND dist_sma9 <= -0.03517,59,0.8135593220338984,0.8305084745762712,48,0.8333333333333334,0.8333333333333334,0.625,0.12582118954508642,-0.02969968733478745,0.816949152542373
10.0,close_location <= 0.07350 AND rsi_accel <= -7.63088,48,0.8125,0.8333333333333334,33,0.7575757575757576,0.8484848484848485,0.5454545454545454,0.1211750305997552,-0.0544451362201851,0.8166666666666667
10.0,dist_ema9 <= -0.03649 AND rsi_pct1 <= -0.14226,37,0.8108108108108109,0.8378378378378378,34,0.9411764705882353,0.9411764705882353,0.7058823529411765,0.19608558461739356,-0.0229294508734761,0.8162162162162163
10.0,rsi_pct1 <= -0.12187 AND dist_sma9 <= -0.04591,37,0.8108108108108109,0.8378378378378378,34,0.8529411764705882,0.8529411764705882,0.6176470588235294,0.18717442870538736,-0.0268618756912699,0.8162162162162163
10.0,dual_stretch_9 <= -0.27204 AND rsi_vs_sma5 <= -0.16141,38,0.8157894736842105,0.8157894736842105,48,0.9375,0.9375,0.7083333333333334,0.1528390525208339,-0.02288701478601695,0.8157894736842106
10.0,close_location <= 0.13656 AND rsi_vs_sma3 <= -0.13346,51,0.803921568627451,0.8627450980392157,45,0.7777777777777778,0.8666666666666667,0.6444444444444445,0.1340866561105513,-0.0334210878586408,0.815686274509804
10.0,rsi_pct1 <= -0.17635 AND rsi_vs_sma5 <= -0.16141,51,0.803921568627451,0.8627450980392157,57,0.7894736842105263,0.8596491228070176,0.6491228070175439,0.1750455937510753,-0.0276584097440809,0.815686274509804
10.0,close_location <= 0.21710 AND dist_sma9 <= -0.03517,64,0.8125,0.828125,56,0.8392857142857143,0.8392857142857143,0.625,0.12334989985067521,-0.0282290097727844,0.815625
10.0,dist_sma9 <= -0.04591 AND rsi_accel <= -5.35400,26,0.8076923076923077,0.8461538461538461,28,0.8214285714285714,0.8214285714285714,0.5357142857142857,0.18276297972542774,-0.02541159822806245,0.8153846153846154
10.0,rsi_pct1 <= -0.21182 AND rsi_accel <= -5.35400,40,0.8,0.875,58,0.7586206896551724,0.8620689655172413,0.6379310344827587,0.18571624195401581,-0.03933215712548735,0.8150000000000002
10.0,rsi_pct1 <= -0.21182 AND rsi_vs_sma3 <= -0.08930,40,0.8,0.875,57,0.7543859649122807,0.8596491228070176,0.631578947368421,0.1812011214401654,-0.0334210878586408,0.8150000000000002
10.0,rsi_pct1 <= -0.21182 AND rsi_vs_sma3 <= -0.10337,40,0.8,0.875,57,0.7543859649122807,0.8596491228070176,0.631578947368421,0.1812011214401654,-0.0334210878586408,0.8150000000000002
10.0,dist_ema9 <= -0.03649 AND rsi_drop_pct <= -0.38820,27,0.8148148148148148,0.8148148148148148,21,0.9523809523809523,0.9523809523809523,0.6666666666666666,0.2139193809609503,-0.0224147414741474,0.8148148148148149
10.0,rsi_accel <= -10.42385 AND close_location <= 0.07350,42,0.8095238095238095,0.8333333333333334,31,0.7741935483870968,0.8387096774193549,0.5806451612903226,0.1340866561105513,-0.0544451362201851,0.8142857142857143
10.0,rsi_vs_sma3 <= -0.13346 AND close_location <= 0.10126,42,0.8095238095238095,0.8333333333333334,39,0.7692307692307693,0.8461538461538461,0.6410256410256411,0.13139641943734,-0.0426344585526994,0.8142857142857143
10.0,rsi_accel <= -10.42385 AND rsi_vs_sma3 <= -0.10337,71,0.8028169014084507,0.8591549295774648,69,0.7101449275362319,0.8115942028985508,0.6376811594202898,0.1408308004052685,-0.0767553423462713,0.8140845070422535
10.0,rsi_accel <= -7.63088 AND rsi_vs_sma9 <= -0.15725,58,0.8103448275862069,0.8275862068965517,53,0.7547169811320755,0.8113207547169812,0.6037735849056604,0.12908567942125,-0.0301781280883168,0.8137931034482758
10.0,rsi_accel <= -10.42385 AND rsi_vs_sma3 <= -0.11841,60,0.8,0.8666666666666667,59,0.7796610169491526,0.8813559322033898,0.6779661016949152,0.1715914489311165,-0.0544451362201851,0.8133333333333335
10.0,close_location <= 0.13656 AND rsi_pct1 <= -0.17635,61,0.8032786885245902,0.8524590163934426,46,0.7391304347826086,0.8260869565217391,0.6086956521739131,0.1500565882290296,-0.03925855291807625,0.8131147540983606
10.0,rsi_accel <= -13.54668 AND close_location <= 0.07350,31,0.8064516129032258,0.8387096774193549,22,0.6818181818181818,0.7727272727272727,0.5454545454545454,0.13994029605361286,-0.0942119235504069,0.8129032258064516
10.0,close_location <= 0.16592 AND rsi_vs_sma9 <= -0.15725,89,0.8089887640449438,0.8202247191011236,69,0.7536231884057971,0.8115942028985508,0.6086956521739131,0.1261176099885776,-0.0426344585526994,0.8112359550561798
10.0,rsi_vs_sma5 <= -0.16141 AND dist_sma9 <= -0.04591,36,0.8055555555555556,0.8333333333333334,29,0.896551724137931,0.896551724137931,0.6551724137931034,0.2213561964146533,-0.0224147414741474,0.8111111111111111
10.0,rsi_pct1 <= -0.21182 AND rsi_vs_sma3 <= -0.11841,39,0.7948717948717948,0.8717948717948718,55,0.7818181818181819,0.8727272727272727,0.6363636363636364,0.1812011214401654,-0.0301781280883168,0.8102564102564103
10.0,close_location <= 0.10126 AND rsi_vs_sma9 <= -0.15725,63,0.8095238095238095,0.8095238095238095,40,0.75,0.8,0.6,0.11896314981764396,-0.03574473497620085,0.8095238095238095
10.0,rsi_accel <= -10.42385 AND rsi_vs_sma3 <= -0.13346,44,0.7954545454545454,0.8636363636363636,53,0.7924528301886793,0.8867924528301887,0.6792452830188679,0.1812011214401654,-0.0464206407951781,0.8090909090909091
10.0,rsi_pct1 <= -0.17635 AND close_location <= 0.10126,51,0.803921568627451,0.8235294117647058,40,0.725,0.8,0.6,0.12763084335515323,-0.0484644771671852,0.807843137254902
10.0,rsi_accel <= -10.42385 AND rsi_vs_sma3 <= -0.08930,79,0.7974683544303798,0.8481012658227848,78,0.7307692307692307,0.8205128205128205,0.6025641025641025,0.13250324274410857,-0.08542976762239404,0.8075949367088608
10.0,rsi_vs_sma5 <= -0.16141 AND rsi_accel <= -5.35400,54,0.7962962962962963,0.8518518518518519,57,0.7894736842105263,0.8596491228070176,0.631578947368421,0.1715914489311165,-0.0301781280883168,0.8074074074074075
10.0,close_location <= 0.07350 AND rsi_accel <= -5.35400,56,0.8035714285714286,0.8214285714285714,37,0.7027027027027027,0.7837837837837838,0.4864864864864865,0.0872047152735879,-0.085018810894241,0.8071428571428572
10.0,rsi_sma5_slope1 <= -0.05915 AND dual_stretch_9 <= -0.27204,31,0.8064516129032258,0.8064516129032258,37,0.9459459459459459,0.9459459459459459,0.6486486486486487,0.1215533291958506,-0.0224147414741474,0.8064516129032258
10.0,rsi_sma5_slope1 <= -0.05915 AND rsi_vs_sma3 <= -0.10337,31,0.8064516129032258,0.8064516129032258,43,0.8372093023255814,0.8604651162790697,0.5813953488372093,0.1194169238265387,-0.031330348435145,0.8064516129032258
10.0,rsi_pct1 <= -0.21182 AND close_location <= 0.13656,33,0.7878787878787878,0.8787878787878788,36,0.75,0.8611111111111112,0.6388888888888888,0.1528390525208339,-0.0317996079734788,0.8060606060606061
10.0,close_location <= 0.13656 AND rsi_accel <= -5.35400,105,0.8,0.8285714285714286,63,0.7142857142857143,0.7936507936507936,0.5079365079365079,0.1082891431761092,-0.0812342020395712,0.8057142857142858
10.0,rsi_sma5_slope1 <= -0.05915 AND rsi_vs_sma3 <= -0.08930,36,0.8055555555555556,0.8055555555555556,46,0.8260869565217391,0.8478260869565217,0.5652173913043478,0.118401184285237,-0.03465186757104695,0.8055555555555556
10.0,rsi_pct1 <= -0.21182 AND close_location <= 0.21710,38,0.7894736842105263,0.868421052631579,48,0.7708333333333334,0.8958333333333334,0.6875,0.19222017873041086,-0.0284398281626695,0.8052631578947369
10.0,rsi_pct1 <= -0.21182 AND rsi_accel <= -7.63088,38,0.7894736842105263,0.868421052631579,54,0.7592592592592593,0.8703703703703703,0.6481481481481481,0.18571624195401581,-0.03933215712548735,0.8052631578947369
10.0,close_location <= 0.07350 AND rsi_vs_sma3 <= -0.11841,45,0.8,0.8222222222222222,37,0.8378378378378378,0.8918918918918919,0.6216216216216216,0.1340866561105513,-0.0380683820937609,0.8044444444444445
10.0,close_location <= 0.07350 AND rsi_vs_sma9 <= -0.15725,46,0.8043478260869565,0.8043478260869565,31,0.8064516129032258,0.8709677419354839,0.6129032258064516,0.13139641943734,-0.0301781280883168,0.8043478260869565
10.0,close_location <= 0.21710 AND rsi_vs_sma9 <= -0.15725,101,0.801980198019802,0.8118811881188119,81,0.7654320987654321,0.8148148148148148,0.6049382716049383,0.1255247691015952,-0.0380683820937609,0.8039603960396041
10.0,rsi_pct1 <= -0.17635 AND close_location <= 0.16592,68,0.7941176470588235,0.8382352941176471,53,0.7547169811320755,0.8490566037735849,0.660377358490566,0.1812011214401654,-0.0334210878586408,0.8029411764705883
10.0,close_location <= 0.10126 AND rsi_accel <= -7.63088,70,0.8,0.8142857142857143,44,0.7272727272727273,0.8181818181818182,0.5454545454545454,0.11410618940024755,-0.07906737557744276,0.8028571428571429
10.0,close_location <= 0.16592 AND rsi_vs_sma5 <= -0.14500,83,0.7951807228915663,0.8313253012048193,59,0.7288135593220338,0.8135593220338984,0.5932203389830508,0.1261176099885776,-0.0380683820937609,0.802409638554217
10.0,dist_ema9 <= -0.03649 AND rsi_sma5_slope1 <= -0.05915,25,0.8,0.8,22,0.9545454545454546,0.9545454545454546,0.6818181818181818,0.1733185213410959,-0.024971717939369198,0.8000000000000002
10.0,rsi_vs_sma3 <= -0.13346 AND rsi_drop_pct <= -0.38820,25,0.8,0.8,20,0.9,0.9,0.65,0.21763778868780181,-0.0216559041183946,0.8000000000000002
10.0,close_location <= 0.13656 AND rsi_accel <= -7.63088,87,0.7931034482758621,0.8275862068965517,51,0.7450980392156863,0.8431372549019608,0.5490196078431373,0.1167512690355327,-0.0769005491153143,0.8
10.0,rsi_accel <= -5.35400 AND rsi_vs_sma9 <= -0.15725,69,0.7971014492753623,0.8115942028985508,70,0.7428571428571429,0.7857142857142857,0.5714285714285714,0.1251303550105026,-0.038486755951864696,0.8
10.0,rsi_vs_sma3 <= -0.13346 AND close_location <= 0.16592,62,0.7903225806451613,0.8387096774193549,53,0.7924528301886793,0.8867924528301887,0.6792452830188679,0.1750455937510753,-0.0301781280883168,0.8
10.0,rsi_pct1 <= -0.12187 AND dist_sma9 <= -0.03517,59,0.7966101694915254,0.8135593220338984,50,0.84,0.84,0.64,0.1407957336360776,-0.027378742645464547,0.8
10.0,rsi_vs_sma5 <= -0.16141 AND dist_sma9 <= -0.03517,54,0.7962962962962963,0.8148148148148148,54,0.8888888888888888,0.9074074074074074,0.6851851851851852,0.13274153777394565,-0.02541159822806245,0.8
10.0,rsi_pct1 <= -0.21182,42,0.7857142857142857,0.8571428571428571,58,0.7586206896551724,0.8620689655172413,0.6379310344827587,0.18571624195401581,-0.03933215712548735,0.8
10.0,rsi_pct1 <= -0.21182 AND rsi_accel <= -10.42385,37,0.7837837837837838,0.8648648648648649,51,0.7450980392156863,0.8627450980392157,0.6666666666666666,0.1902313624678662,-0.0464206407951781,0.8
10.0,rsi_pct1 <= -0.21182 AND rsi_vs_sma3 <= -0.13346,37,0.7837837837837838,0.8648648648648649,55,0.7818181818181819,0.8727272727272727,0.6363636363636364,0.1812011214401654,-0.0301781280883168,0.8
10.0,close_location <= 0.03797 AND rsi_accel <= -7.63088,24,0.7916666666666666,0.8333333333333334,20,0.7,0.8,0.5,0.09774692922484855,-0.0484644771671852,0.8
10.0,dist_ema9 <= -0.03649 AND rsi_pct1 <= -0.12187,39,0.7948717948717948,0.8205128205128205,36,0.9444444444444444,0.9444444444444444,0.7222222222222222,0.19608558461739356,-0.02403614987549045,0.7999999999999999
10.0,rsi_pct1 <= -0.17635 AND close_location <= 0.07350,39,0.7948717948717948,0.8205128205128205,32,0.75,0.8125,0.59375,0.1528390525208339,-0.0484644771671852,0.7999999999999999
10.0,close_location <= 0.07350 AND rsi_vs_sma5 <= -0.14500,39,0.7948717948717948,0.8205128205128205,32,0.78125,0.84375,0.59375,0.12628572501854762,-0.03574473497620085,0.7999999999999999
10.0,dist_sma9 <= -0.04591 AND rsi_vs_sma5 <= -0.14500,39,0.7948717948717948,0.8205128205128205,31,0.8709677419354839,0.8709677419354839,0.6129032258064516,0.2139193809609503,-0.0246281394781761,0.7999999999999999
10.0,dist_sma20 <= -0.03231 AND rsi_pct1 <= -0.12187,34,0.7941176470588235,0.8235294117647058,18,0.8888888888888888,0.8888888888888888,0.6111111111111112,0.20274591642334217,-0.02671192393214345,0.7999999999999999
10.0,dist_sma20 <= -0.03231 AND dist_sma9 <= -0.03517,34,0.7941176470588235,0.8235294117647058,19,0.8947368421052632,0.8947368421052632,0.6842105263157895,0.191572451885734,-0.0246281394781761,0.7999999999999999
10.0,close_location <= 0.13656 AND rsi_pct1 <= -0.14226,81,0.7901234567901234,0.8271604938271605,57,0.7368421052631579,0.8070175438596491,0.543859649122807,0.1167512690355327,-0.0513521153302554,0.7975308641975308
10.0,close_location <= 0.13656 AND rsi_vs_sma3 <= -0.11841,76,0.7894736842105263,0.8289473684210527,54,0.7962962962962963,0.8703703703703703,0.6296296296296297,0.13274153777394565,-0.0356125527152711,0.7973684210526317
10.0,rsi_vs_sma3 <= -0.11841 AND rsi_accel <= -7.63088,70,0.7857142857142857,0.8428571428571429,66,0.7878787878787878,0.8787878787878788,0.6666666666666666,0.17639628518564093,-0.045831933593756,0.7971428571428572
10.0,rsi_vs_sma3 <= -0.13346 AND dist_sma9 <= -0.03517,43,0.7906976744186046,0.813953488372093,46,0.9130434782608695,0.9130434782608695,0.6956521739130435,0.1528390525208339,-0.0229294508734761,0.7953488372093023
10.0,close_location <= 0.10126 AND rsi_accel <= -5.35400,82,0.7926829268292683,0.8048780487804879,52,0.6730769230769231,0.75,0.4807692307692308,0.08666569696216135,-0.08832200473761981,0.7951219512195123
10.0,rsi_sma5_slope1 <= -0.05915 AND rsi_pct1 <= -0.09574,39,0.7948717948717948,0.7948717948717948,35,0.8857142857142857,0.8857142857142857,0.5714285714285714,0.1436590842526603,-0.0334210878586408,0.7948717948717948
10.0,dist_ema9 <= -0.03649 AND rsi_vs_sma5 <= -0.16141,38,0.7894736842105263,0.8157894736842105,35,0.9428571428571428,0.9428571428571428,0.7428571428571429,0.1993032636596994,-0.0234441602728048,0.7947368421052632
10.0,rsi_sma5_slope1 <= -0.05915 AND dist_sma9 <= -0.03517,38,0.7894736842105263,0.8157894736842105,39,0.9230769230769231,0.9487179487179487,0.6410256410256411,0.1215533291958506,-0.027528694404591,0.7947368421052632
10.0,rsi_pct1 <= -0.21182 AND close_location <= 0.16592,36,0.7777777777777778,0.8611111111111112,42,0.7619047619047619,0.8809523809523809,0.6904761904761905,0.1909019071768001,-0.02969968733478745,0.7944444444444445
10.0,dist_sma20 <= -0.03231 AND rsi_drop_pct <= -0.38820,34,0.7941176470588235,0.7941176470588235,18,0.8888888888888888,0.8888888888888888,0.6666666666666666,0.20274591642334217,-0.0259284651822571,0.7941176470588235
10.0,dual_stretch_9 <= -0.27204 AND dist_sma9 <= -0.04591,34,0.7941176470588235,0.7941176470588235,29,0.8620689655172413,0.8620689655172413,0.6206896551724138,0.2213561964146533,-0.0224147414741474,0.7941176470588235
10.0,dist_sma20 <= -0.03231 AND rsi_vs_sma5 <= -0.14500,33,0.7878787878787878,0.8181818181818182,17,0.8823529411764706,0.8823529411764706,0.6470588235294118,0.2139193809609503,-0.0246281394781761,0.7939393939393941
10.0,rsi_accel <= -13.54668 AND rsi_vs_sma3 <= -0.08930,59,0.7796610169491526,0.847457627118644,57,0.6842105263157895,0.8070175438596491,0.6140350877192983,0.1408308004052685,-0.0956215668497681,0.7932203389830509
10.0,rsi_sma5_slope1 <= -0.05915 AND dist_sma9 <= -0.04591,29,0.7931034482758621,0.7931034482758621,18,0.8888888888888888,0.8888888888888888,0.5555555555555556,0.18717442870538736,-0.024971717939369198,0.7931034482758621
10.0,close_location <= 0.03797 AND rsi_pct1 <= -0.14226,28,0.7857142857142857,0.8214285714285714,22,0.6818181818181818,0.7727272727272727,0.5,0.09774692922484855,-0.0484644771671852,0.7928571428571428
10.0,close_location <= 0.13656 AND rsi_pct1 <= -0.12187,103,0.7864077669902912,0.8155339805825242,63,0.7619047619047619,0.8253968253968254,0.5873015873015873,0.1301257669563285,-0.0544451362201851,0.792233009708738
10.0,rsi_vs_sma3 <= -0.13346 AND rsi_accel <= -7.63088,50,0.78,0.84,60,0.8,0.8833333333333333,0.6666666666666666,0.18571624195401581,-0.037255976239458546,0.7920000000000001
10.0,rsi_pct1 <= -0.17635 AND close_location <= 0.21710,74,0.7837837837837838,0.8243243243243243,65,0.7846153846153846,0.8769230769230769,0.6923076923076923,0.191572451885734,-0.0358826472834531,0.7918918918918919
10.0,dist_sma20 <= -0.03231 AND dual_stretch_9 <= -0.27204,24,0.7916666666666666,0.7916666666666666,16,0.875,0.875,0.6875,0.21763778868780181,-0.02015727124539855,0.7916666666666666
10.0,rsi_vs_sma3 <= -0.13346 AND close_location <= 0.21710,69,0.782608695652174,0.8260869565217391,62,0.8225806451612904,0.9032258064516129,0.6935483870967742,0.17812335759562037,-0.02851343658986175,0.791304347826087
10.0,rsi_accel <= -10.42385 AND rsi_vs_sma5 <= -0.14500,45,0.7777777777777778,0.8444444444444444,48,0.7291666666666666,0.8333333333333334,0.625,0.1374587282579099,-0.045831933593756,0.7911111111111111
10.0,rsi_vs_sma5 <= -0.16141 AND rsi_pct1 <= -0.14226,64,0.78125,0.828125,63,0.7777777777777778,0.8412698412698413,0.6349206349206349,0.1660265203475079,-0.0301781280883168,0.790625
10.0,close_location <= 0.10126 AND rsi_vs_sma3 <= -0.11841,61,0.7868852459016393,0.8032786885245902,46,0.782608695652174,0.8478260869565217,0.6086956521739131,0.12628572501854762,-0.04035142032323015,0.7901639344262296
10.0,rsi_accel <= -10.42385 AND close_location <= 0.16592,78,0.782051282051282,0.8205128205128205,50,0.76,0.86,0.62,0.13250324274410857,-0.07899477219292125,0.7897435897435897
10.0,close_location <= 0.21710 AND rsi_vs_sma5 <= -0.14500,97,0.7835051546391752,0.8144329896907216,67,0.7611940298507462,0.835820895522388,0.6119402985074627,0.13139641943734,-0.0334210878586408,0.7896907216494845
10.0,dual_stretch_9 <= -0.27204 AND rsi_pct1 <= -0.12187,38,0.7894736842105263,0.7894736842105263,42,0.9047619047619048,0.9047619047619048,0.7142857142857143,0.1839567496630815,-0.02288701478601695,0.7894736842105264
10.0,rsi_vs_sma5 <= -0.16141 AND rsi_vs_sma9 <= -0.22445,38,0.7894736842105263,0.7894736842105263,58,0.8620689655172413,0.896551724137931,0.6379310344827587,0.1213641798978029,-0.027378742645464547,0.7894736842105264
10.0,rsi_pct1 <= -0.12187 AND rsi_vs_sma9 <= -0.22445,38,0.7894736842105263,0.7894736842105263,47,0.8936170212765957,0.9148936170212766,0.6808510638297872,0.1728036175710594,-0.0246281394781761,0.7894736842105264
10.0,rsi_pct1 <= -0.14226 AND close_location <= 0.16592,92,0.782608695652174,0.8152173913043478,66,0.7424242424242424,0.8181818181818182,0.5909090909090909,0.13115812440750296,-0.050930214434723856,0.7891304347826087
10.0,rsi_pct1 <= -0.17635 AND rsi_vs_sma3 <= -0.11841,72,0.7777777777777778,0.8333333333333334,74,0.7972972972972973,0.8783783783783784,0.6756756756756757,0.18571624195401581,-0.03465186757104695,0.788888888888889
10.0,close_location <= 0.03797 AND rsi_pct1 <= -0.09574,36,0.7777777777777778,0.8333333333333334,25,0.68,0.76,0.52,0.1082891431761092,-0.0505083135391923,0.788888888888889
10.0,close_location <= 0.13656 AND rsi_accel <= -10.42385,68,0.7794117647058824,0.8235294117647058,44,0.7727272727272727,0.8636363636363636,0.5909090909090909,0.1251303550105026,-0.07899477219292125,0.788235294117647
10.0,dist_sma9 <= -0.03517 AND rsi_vs_sma5 <= -0.14500,65,0.7846153846153846,0.8,61,0.8688524590163934,0.8852459016393442,0.6557377049180327,0.1261176099885776,-0.0272287908863381,0.7876923076923078
10.0,close_location <= 0.03797 AND rsi_pct1 <= -0.12187,32,0.78125,0.8125,24,0.7083333333333334,0.7916666666666666,0.5416666666666666,0.11473208688793221,-0.0484644771671852,0.7875
10.0,rsi_accel <= -7.63088 AND rsi_vs_sma3 <= -0.08930,95,0.7789473684210526,0.8210526315789474,92,0.7391304347826086,0.8152173913043478,0.5978260869565217,0.13575580303859786,-0.07906737557744276,0.7873684210526316
10.0,close_location <= 0.03797 AND rsi_vs_sma3 <= -0.08930,31,0.7741935483870968,0.8387096774193549,27,0.7407407407407407,0.8148148148148148,0.5555555555555556,0.1082891431761092,-0.0301781280883168,0.7870967741935484
10.0,rsi_accel <= -7.63088 AND rsi_vs_sma5 <= -0.14500,58,0.7758620689655172,0.8275862068965517,58,0.7241379310344828,0.8103448275862069,0.603448275862069,0.1374587282579099,-0.043167045506305096,0.7862068965517242
10.0,rsi_vs_sma3 <= -0.11841 AND close_location <= 0.21710,100,0.78,0.81,73,0.8356164383561644,0.9041095890410958,0.684931506849315,0.17026909134666,-0.0303390555898996,0.7860000000000001
10.0,rsi_accel <= -10.42385 AND rsi_pct1 <= -0.14226,85,0.7764705882352941,0.8235294117647058,79,0.7341772151898734,0.8227848101265823,0.6075949367088608,0.1374249499666444,-0.0858407243505471,0.7858823529411765
10.0,rsi_accel <= -7.63088 AND rsi_vs_sma3 <= -0.10337,85,0.7764705882352941,0.8235294117647058,79,0.7215189873417721,0.810126582278481,0.620253164556962,0.1408308004052685,-0.068636326228294,0.7858823529411765
10.0,dist_ema9 <= -0.03649 AND rsi_vs_sma5 <= -0.14500,41,0.7804878048780488,0.8048780487804879,36,0.9444444444444444,0.9444444444444444,0.7222222222222222,0.19608558461739356,-0.02403614987549045,0.7853658536585367
10.0,dist_ema9 <= -0.03649 AND rsi_vs_sma3 <= -0.08930,41,0.7804878048780488,0.8048780487804879,37,0.9459459459459459,0.9459459459459459,0.7297297297297297,0.1928679055750877,-0.0246281394781761,0.7853658536585367
10.0,rsi_sma5_slope1 <= -0.05915 AND rsi_vs_sma9 <= -0.15725,41,0.7804878048780488,0.8048780487804879,49,0.8163265306122449,0.8367346938775511,0.5714285714285714,0.1194169238265387,-0.0334210878586408,0.7853658536585367
10.0,rsi_pct1 <= -0.17635 AND rsi_vs_sma3 <= -0.08930,80,0.775,0.825,78,0.7692307692307693,0.8589743589743589,0.6666666666666666,0.18571624195401581,-0.041862661586487854,0.7850000000000001
10.0,rsi_accel <= -10.42385 AND close_location <= 0.21710,90,0.7777777777777778,0.8111111111111111,63,0.7936507936507936,0.8888888888888888,0.6666666666666666,0.1812011214401654,-0.0812342020395712,0.7844444444444445
10.0,rsi_pct1 <= -0.14226 AND close_location <= 0.10126,64,0.78125,0.796875,47,0.7021276595744681,0.7659574468085106,0.5319148936170213,0.1114611097649624,-0.0767553423462713,0.784375
10.0,dist_sma20 <= -0.03231 AND rsi_vs_sma3 <= -0.08930,36,0.7777777777777778,0.8055555555555556,17,0.8823529411764706,0.8823529411764706,0.6470588235294118,0.2139193809609503,-0.0261950569779488,0.7833333333333333
10.0,rsi_accel <= -10.42385 AND close_location <= 0.10126,59,0.7796610169491526,0.7966101694915254,39,0.7692307692307693,0.8461538461538461,0.5897435897435898,0.1211750305997552,-0.0767553423462713,0.7830508474576272
10.0,rsi_accel <= -10.42385 AND rsi_pct1 <= -0.17635,70,0.7714285714285715,0.8285714285714286,62,0.7580645161290323,0.8709677419354839,0.6935483870967742,0.1865956583078697,-0.06665504051466475,0.7828571428571429
10.0,close_location <= 0.13656 AND rsi_pct1 <= -0.09574,139,0.7769784172661871,0.8057553956834532,65,0.7538461538461538,0.8153846153846154,0.5692307692307692,0.12908567942125,-0.0544451362201851,0.7827338129496404
10.0,rsi_pct1 <= -0.14226 AND close_location <= 0.21710,103,0.7766990291262136,0.8058252427184466,83,0.7831325301204819,0.8554216867469879,0.6265060240963856,0.17026909134666,-0.0544451362201851,0.7825242718446602
10.0,rsi_pct1 <= -0.17635 AND rsi_vs_sma3 <= -0.13346,57,0.7719298245614035,0.8245614035087719,71,0.8028169014084507,0.8732394366197183,0.6619718309859155,0.1812011214401654,-0.0334210878586408,0.7824561403508772
10.0,rsi_pct1 <= -0.17635 AND rsi_vs_sma5 <= -0.14500,57,0.7719298245614035,0.8245614035087719,64,0.765625,0.84375,0.640625,0.1733185213410959,-0.02969968733478745,0.7824561403508772
10.0,rsi_vs_sma3 <= -0.13346 AND rsi_accel <= -5.35400,57,0.7719298245614035,0.8245614035087719,67,0.8059701492537313,0.8805970149253731,0.6567164179104478,0.1812011214401654,-0.0334210878586408,0.7824561403508772
10.0,rsi_pct1 <= -0.21182 AND rsi_accel <= -13.54668,34,0.7647058823529411,0.8529411764705882,39,0.6666666666666666,0.8205128205128205,0.6153846153846154,0.1812011214401654,-0.0858407243505471,0.7823529411764707
10.0,rsi_accel <= -13.54668 AND rsi_vs_sma5 <= -0.14500,34,0.7647058823529411,0.8529411764705882,35,0.6571428571428571,0.8,0.5714285714285714,0.1114611097649624,-0.0767553423462713,0.7823529411764707
10.0,rsi_pct1 <= -0.17635 AND rsi_vs_sma3 <= -0.10337,79,0.7721518987341772,0.8227848101265823,77,0.7662337662337663,0.8571428571428571,0.6623376623376623,0.1812011214401654,-0.0410908646202763,0.7822784810126583
10.0,rsi_vs_sma3 <= -0.11841 AND rsi_accel <= -5.35400,79,0.7721518987341772,0.8227848101265823,75,0.8,0.88,0.6533333333333333,0.17026909134666,-0.0410908646202763,0.7822784810126583
10.0,rsi_vs_sma3 <= -0.11841 AND close_location <= 0.16592,89,0.7752808988764045,0.8089887640449438,62,0.8064516129032258,0.8870967741935484,0.6612903225806451,0.1548428023000841,-0.03438177300286495,0.7820224719101124
10.0,rsi_accel <= -10.42385 AND close_location <= 0.03797,22,0.7727272727272727,0.8181818181818182,20,0.7,0.8,0.5,0.09774692922484855,-0.0484644771671852,0.7818181818181819
10.0,rsi_vs_sma3 <= -0.11841 AND dist_sma9 <= -0.03517,54,0.7777777777777778,0.7962962962962963,53,0.8867924528301887,0.9056603773584906,0.660377358490566,0.1227372462973122,-0.0246281394781761,0.7814814814814814
10.0,rsi_vs_sma5 <= -0.16141 AND rsi_drop_pct <= -0.38820,32,0.78125,0.78125,20,0.9,0.9,0.65,0.21763778868780181,-0.0216559041183946,0.78125
10.0,dist_sma9 <= -0.04591 AND rsi_vs_sma9 <= -0.22445,32,0.78125,0.78125,27,0.8888888888888888,0.8888888888888888,0.6296296296296297,0.2213561964146533,-0.0210087990039652,0.78125
10.0,rsi_vs_sma3 <= -0.13346 AND rsi_vs_sma9 <= -0.15725,63,0.7777777777777778,0.7936507936507936,79,0.7974683544303798,0.8354430379746836,0.6075949367088608,0.1211750305997552,-0.0358826472834531,0.780952380952381
10.0,close_location <= 0.13656 AND rsi_accel <= -13.54668,52,0.7692307692307693,0.8269230769230769,30,0.7,0.8333333333333334,0.5666666666666667,0.1244430298658034,-0.1055028979077966,0.7807692307692308
10.0,dist_ema9 <= -0.03649 AND rsi_vs_sma3 <= -0.13346,31,0.7741935483870968,0.8064516129032258,34,0.9411764705882353,0.9411764705882353,0.7352941176470589,0.20661132231032486,-0.0229294508734761,0.7806451612903226
10.0,dist_sma20 <= -0.03231 AND rsi_vs_sma3 <= -0.10337,31,0.7741935483870968,0.8064516129032258,16,0.875,0.875,0.625,0.21763778868780181,-0.02541159822806245,0.7806451612903226
10.0,rsi_vs_sma3 <= -0.13346 AND dist_sma9 <= -0.04591,31,0.7741935483870968,0.8064516129032258,30,0.8666666666666667,0.8666666666666667,0.6333333333333333,0.21763778868780181,-0.02352144047616175,0.7806451612903226
10.0,rsi_vs_sma5 <= -0.16141 AND rsi_vs_sma9 <= -0.15725,72,0.7777777777777778,0.7916666666666666,88,0.7727272727272727,0.8181818181818182,0.5909090909090909,0.12029597721314696,-0.041862661586487854,0.7805555555555556
10.0,rsi_pct1 <= -0.14226 AND rsi_vs_sma9 <= -0.15725,72,0.7777777777777778,0.7916666666666666,67,0.7910447761194029,0.835820895522388,0.6119402985074627,0.1323681489141674,-0.0334210878586408,0.7805555555555556
10.0,dual_stretch_9 <= -0.27204 AND dist_sma9 <= -0.03517,41,0.7804878048780488,0.7804878048780488,50,0.92,0.92,0.7,0.1296768491273284,-0.0209529328833035,0.7804878048780489
10.0,dual_stretch_9 <= -0.27204 AND rsi_vs_sma5 <= -0.14500,41,0.7804878048780488,0.7804878048780488,52,0.9230769230769231,0.9230769230769231,0.6923076923076923,0.1388728701816058,-0.02288701478601695,0.7804878048780489
10.0,close_location <= 0.16592 AND rsi_accel <= -5.35400,123,0.7723577235772358,0.8130081300813008,78,0.7051282051282052,0.782051282051282,0.5256410256410257,0.11410618940024755,-0.07680598421473589,0.7804878048780488
10.0,close_location <= 0.07350 AND rsi_pct1 <= -0.09574,71,0.7746478873239436,0.8028169014084507,41,0.7804878048780488,0.8292682926829268,0.5609756097560976,0.13139641943734,-0.0505083135391923,0.7802816901408451
10.0,rsi_pct1 <= -0.12187 AND close_location <= 0.16592,120,0.775,0.8,77,0.7402597402597403,0.8051948051948052,0.5974025974025974,0.13139641943734,-0.0628662759722962,0.7800000000000001
10.0,dist_ema9 <= -0.03649 AND dist_sma9 <= -0.03517,40,0.775,0.8,37,0.9459459459459459,0.9459459459459459,0.7297297297297297,0.1928679055750877,-0.0246281394781761,0.7800000000000001
10.0,rsi_accel <= -10.42385 AND rsi_pct1 <= -0.09574,113,0.7699115044247787,0.8141592920353983,86,0.7209302325581395,0.8023255813953488,0.5930232558139535,0.13250324274410857,-0.08542976762239404,0.7787610619469028
10.0,close_location <= 0.21710 AND rsi_accel <= -7.63088,122,0.7704918032786885,0.8114754098360656,81,0.7777777777777778,0.8641975308641975,0.6419753086419753,0.1812011214401654,-0.0767553423462713,0.7786885245901639
10.0,rsi_accel <= -13.54668 AND rsi_vs_sma3 <= -0.11841,46,0.7608695652173914,0.8478260869565217,44,0.7272727272727273,0.8636363636363636,0.6818181818181818,0.17639628518564093,-0.08809401341303275,0.7782608695652175
10.0,rsi_accel <= -13.54668 AND rsi_vs_sma3 <= -0.10337,55,0.7636363636363637,0.8363636363636363,52,0.6730769230769231,0.8076923076923077,0.6538461538461539,0.17093027013888823,-0.09316864785156785,0.7781818181818182
10.0,rsi_accel <= -10.42385 AND rsi_pct1 <= -0.12187,100,0.77,0.81,84,0.7261904761904762,0.8095238095238095,0.5952380952380952,0.13250324274410857,-0.08729171211150236,0.7780000000000001
10.0,close_location <= 0.13656 AND rsi_vs_sma3 <= -0.08930,118,0.7711864406779662,0.8050847457627118,70,0.7714285714285715,0.8285714285714286,0.5857142857142857,0.1276016447049138,-0.0484644771671852,0.7779661016949153
10.0,rsi_pct1 <= -0.12187 AND rsi_drop_pct <= -0.38820,36,0.7777777777777778,0.7777777777777778,23,0.9130434782608695,0.9130434782608695,0.6086956521739131,0.1993032636596994,-0.0246281394781761,0.7777777777777778
10.0,rsi_vs_sma3 <= -0.11841 AND rsi_vs_sma9 <= -0.15725,80,0.775,0.7875,93,0.7849462365591398,0.8279569892473119,0.5913978494623656,0.1211750305997552,-0.0358826472834531,0.7775000000000001
10.0,rsi_accel <= -13.54668 AND close_location <= 0.10126,44,0.7727272727272727,0.7954545454545454,27,0.7037037037037037,0.8148148148148148,0.5555555555555556,0.1114611097649624,-0.096311475409836,0.7772727272727272
10.0,close_location <= 0.21710 AND rsi_accel <= -5.35400,148,0.7702702702702703,0.8040540540540541,100,0.75,0.82,0.58,0.13575580303859786,-0.07687858759925739,0.7770270270270271
10.0,rsi_vs_sma3 <= -0.13346 AND rsi_pct1 <= -0.14226,69,0.7681159420289855,0.8115942028985508,76,0.8026315789473685,0.868421052631579,0.6578947368421053,0.1733185213410959,-0.038486755951864696,0.7768115942028986
10.0,rsi_accel <= -5.35400 AND rsi_vs_sma5 <= -0.14500,69,0.7681159420289855,0.8115942028985508,68,0.75,0.8235294117647058,0.5882352941176471,0.1374587282579099,-0.042786664132208246,0.7768115942028986
10.0,close_location <= 0.16592 AND rsi_accel <= -7.63088,103,0.7669902912621359,0.8155339805825242,61,0.7213114754098361,0.819672131147541,0.5737704918032787,0.12908567942125,-0.0767553423462713,0.7766990291262137
10.0,rsi_pct1 <= -0.12187 AND close_location <= 0.21710,136,0.7720588235294118,0.7941176470588235,97,0.7835051546391752,0.845360824742268,0.6391752577319587,0.1509344238908174,-0.0628662759722962,0.7764705882352941
10.0,rsi_accel <= -5.35400 AND rsi_vs_sma3 <= -0.08930,108,0.7685185185185185,0.8055555555555556,108,0.7314814814814815,0.7962962962962963,0.5740740740740741,0.1305227981669972,-0.07687858759925739,0.7759259259259259
10.0,close_location <= 0.13656,166,0.7710843373493976,0.7951807228915663,88,0.7386363636363636,0.7954545454545454,0.5681818181818182,0.12582118954508642,-0.052898625775220254,0.7759036144578314
10.0,rsi_accel <= -10.42385,124,0.7661290322580645,0.8145161290322581,90,0.7222222222222222,0.8111111111111111,0.5888888888888889,0.13250324274410857,-0.08729171211150236,0.7758064516129033
10.0,rsi_accel <= -13.54668 AND rsi_vs_sma3 <= -0.13346,33,0.7575757575757576,0.8484848484848485,40,0.725,0.85,0.65,0.17639628518564093,-0.0812980333484092,0.7757575757575758
10.0,dist_ema9 <= -0.03649 AND rsi_vs_sma9 <= -0.15725,40,0.775,0.775,37,0.9459459459459459,0.9459459459459459,0.7297297297297297,0.1928679055750877,-0.0246281394781761,0.7750000000000001
10.0,dual_stretch_9 <= -0.27204 AND rsi_vs_sma3 <= -0.08930,40,0.775,0.775,51,0.9215686274509803,0.9215686274509803,0.6862745098039216,0.1340866561105513,-0.0233592880978865,0.7750000000000001
10.0,dist_ema9 <= -0.03649 AND rsi_vs_sma3 <= -0.10337,39,0.7692307692307693,0.7948717948717948,36,0.9444444444444444,0.9444444444444444,0.7222222222222222,0.19608558461739356,-0.02403614987549045,0.7743589743589744
10.0,dist_ema9 <= -0.03649 AND dual_stretch_9 <= -0.27204,31,0.7741935483870968,0.7741935483870968,34,0.9411764705882353,0.9411764705882353,0.7352941176470589,0.20661132231032486,-0.0229294508734761,0.7741935483870968
10.0,dist_ema9 <= -0.03649 AND rsi_vs_sma9 <= -0.22445,31,0.7741935483870968,0.7741935483870968,33,0.9696969696969697,0.9696969696969697,0.7575757575757576,0.1993032636596994,-0.0224147414741474,0.7741935483870968
10.0,rsi_sma5_slope1 <= -0.05915 AND rsi_vs_sma9 <= -0.22445,31,0.7741935483870968,0.7741935483870968,42,0.8809523809523809,0.9047619047619048,0.5952380952380952,0.12029597721314696,-0.02891826891619885,0.7741935483870968
10.0,rsi_vs_sma3 <= -0.11841 AND rsi_drop_pct <= -0.38820,31,0.7741935483870968,0.7741935483870968,21,0.9047619047619048,0.9047619047619048,0.6190476190476191,0.2139193809609503,-0.0224147414741474,0.7741935483870968
10.0,rsi_pct1 <= -0.17635 AND rsi_accel <= -7.63088,76,0.7631578947368421,0.8157894736842105,69,0.7681159420289855,0.8695652173913043,0.6811594202898551,0.1902313624678662,-0.0505083135391923,0.773684210526316
10.0,rsi_pct1 <= -0.12187 AND rsi_accel <= -7.63088,120,0.7666666666666667,0.8,100,0.73,0.8,0.59,0.13575580303859786,-0.07906737557744276,0.7733333333333334
10.0,rsi_pct1 <= -0.17635 AND rsi_accel <= -5.35400,80,0.7625,0.8125,76,0.7763157894736842,0.868421052631579,0.6710526315789473,0.1865956583078697,-0.045831933593756,0.7725
10.0,rsi_pct1 <= -0.14226 AND rsi_vs_sma3 <= -0.11841,93,0.7634408602150538,0.8064516129032258,84,0.7976190476190477,0.8690476190476191,0.6547619047619048,0.16814780584708394,-0.0426719345503931,0.7720430107526882
10.0,dist_sma20 <= -0.03231 AND rsi_vs_sma9 <= -0.15725,35,0.7714285714285715,0.7714285714285715,19,0.8947368421052632,0.8947368421052632,0.6842105263157895,0.191572451885734,-0.0246281394781761,0.7714285714285716
10.0,dual_stretch_9 <= -0.27204 AND rsi_vs_sma3 <= -0.11841,35,0.7714285714285715,0.7714285714285715,51,0.9215686274509803,0.9215686274509803,0.6862745098039216,0.1340866561105513,-0.0233592880978865,0.7714285714285716
10.0,rsi_vs_sma3 <= -0.11841 AND rsi_vs_sma9 <= -0.22445,35,0.7714285714285715,0.7714285714285715,59,0.847457627118644,0.8813559322033898,0.6271186440677966,0.1211750305997552,-0.0272287908863381,0.7714285714285716
10.0,close_location <= 0.03797,42,0.7619047619047619,0.8095238095238095,33,0.696969696969697,0.7575757575757576,0.5454545454545454,0.1082891431761092,-0.0301781280883168,0.7714285714285715
10.0,rsi_accel <= -13.54668,83,0.7590361445783133,0.8192771084337349,65,0.6923076923076923,0.8153846153846154,0.6,0.1408308004052685,-0.0988894764674774,0.7710843373493976
10.0,dist_ema9 <= -0.03649 AND dist_sma9 <= -0.04591,34,0.7647058823529411,0.7941176470588235,28,0.9285714285714286,0.9285714285714286,0.6785714285714286,0.2230897051324668,-0.0217117702390563,0.7705882352941177
10.0,rsi_vs_sma3 <= -0.11841 AND dist_sma9 <= -0.04591,34,0.7647058823529411,0.7941176470588235,31,0.8709677419354839,0.8709677419354839,0.6129032258064516,0.2139193809609503,-0.0246281394781761,0.7705882352941177
10.0,close_location <= 0.13656 AND rsi_vs_sma3 <= -0.10337,101,0.7623762376237624,0.801980198019802,63,0.7619047619047619,0.8253968253968254,0.5873015873015873,0.1261176099885776,-0.0380683820937609,0.7702970297029704
10.0,rsi_accel <= -13.54668 AND rsi_pct1 <= -0.14226,66,0.7575757575757576,0.8181818181818182,60,0.7,0.8166666666666667,0.6166666666666667,0.15554994587596424,-0.09596652112980206,0.7696969696969698
10.0,dual_stretch_9 <= -0.27204 AND rsi_drop_pct <= -0.38820,26,0.7692307692307693,0.7692307692307693,20,0.9,0.9,0.65,0.21763778868780181,-0.0206722216837777,0.7692307692307693
10.0,close_location <= 0.21710 AND rsi_pct1 <= -0.09574,195,0.764102564102564,0.7897435897435897,105,0.7904761904761904,0.8476190476190476,0.6285714285714286,0.1509344238908174,-0.0644971048681106,0.7692307692307692
10.0,rsi_accel <= -13.54668 AND close_location <= 0.16592,58,0.7586206896551724,0.8103448275862069,34,0.7058823529411765,0.8529411764705882,0.6176470588235294,0.15450819944888045,-0.1055028979077966,0.7689655172413793
10.0,rsi_pct1 <= -0.14226 AND rsi_vs_sma3 <= -0.10337,109,0.7614678899082569,0.7981651376146789,98,0.7346938775510204,0.8061224489795918,0.6122448979591837,0.13575580303859786,-0.0653343772439163,0.7688073394495414
10.0,rsi_accel <= -5.35400 AND rsi_vs_sma3 <= -0.10337,96,0.7604166666666666,0.8020833333333334,89,0.7303370786516854,0.8089887640449438,0.6067415730337079,0.1374249499666444,-0.066171649619722,0.76875
10.0,rsi_pct1 <= -0.17635,83,0.7590361445783133,0.8072289156626506,80,0.775,0.8625,0.675,0.1865956583078697,-0.04393884247251665,0.7686746987951808
10.0,dist_sma20 <= -0.03231 AND rsi_pct1 <= -0.09574,38,0.7631578947368421,0.7894736842105263,18,0.8888888888888888,0.8888888888888888,0.6111111111111112,0.20274591642334217,-0.02671192393214345,0.7684210526315791
10.0,rsi_accel <= -7.63088 AND rsi_pct1 <= -0.09574,145,0.7586206896551724,0.8068965517241379,107,0.7383177570093458,0.8037383177570093,0.6074766355140186,0.144405235298765,-0.0767553423462713,0.7682758620689655
10.0,rsi_vs_sma5 <= -0.16141 AND rsi_pct1 <= -0.12187,75,0.76,0.8,71,0.8028169014084507,0.8591549295774648,0.6338028169014085,0.1414941128704832,-0.0358826472834531,0.7680000000000001
10.0,close_location <= 0.10126 AND rsi_pct1 <= -0.09574,106,0.7641509433962265,0.7830188679245284,54,0.7222222222222222,0.7777777777777778,0.5555555555555556,0.11896314981764396,-0.0768279457307928,0.767924528301887
10.0,close_location <= 0.10126 AND rsi_pct1 <= -0.12187,81,0.7654320987654321,0.7777777777777778,52,0.7307692307692307,0.7884615384615384,0.5769230769230769,0.1251303550105026,-0.0768279457307928,0.7679012345679013
10.0,close_location <= 0.16592 AND rsi_pct1 <= -0.09574,168,0.7619047619047619,0.7916666666666666,82,0.7439024390243902,0.8048780487804879,0.573170731707317,0.1305227981669972,-0.0636816904202034,0.7678571428571429
10.0,dist_sma9 <= -0.03517 AND rsi_vs_sma3 <= -0.08930,68,0.7647058823529411,0.7794117647058824,64,0.875,0.890625,0.65625,0.1287570147129588,-0.02773201817127315,0.7676470588235295
10.0,rsi_pct1 <= -0.14226 AND rsi_vs_sma3 <= -0.08930,117,0.7606837606837606,0.7948717948717948,105,0.7428571428571429,0.8095238095238095,0.5904761904761905,0.1323681489141674,-0.068636326228294,0.7675213675213676
10.0,rsi_accel <= -13.54668 AND close_location <= 0.21710,66,0.7575757575757576,0.803030303030303,45,0.7555555555555555,0.8888888888888888,0.6666666666666666,0.1829599541478732,-0.1058038007190549,0.7666666666666667
10.0,dist_ema9 <= -0.03649,42,0.7619047619047619,0.7857142857142857,37,0.9459459459459459,0.9459459459459459,0.7297297297297297,0.1928679055750877,-0.0246281394781761,0.7666666666666667
10.0,dist_sma20 <= -0.03231,42,0.7619047619047619,0.7857142857142857,21,0.8571428571428571,0.8571428571428571,0.6190476190476191,0.1882640586797064,-0.0261950569779488,0.7666666666666667
10.0,rsi_sma5_slope1 <= -0.05915,42,0.7619047619047619,0.7857142857142857,49,0.8163265306122449,0.8367346938775511,0.5714285714285714,0.1194169238265387,-0.0334210878586408,0.7666666666666667
10.0,rsi_vs_sma3 <= -0.13346,83,0.7590361445783133,0.7951807228915663,96,0.78125,0.8333333333333334,0.6041666666666666,0.1318822841757537,-0.045831933593756,0.766265060240964
10.0,rsi_vs_sma5 <= -0.16141,83,0.7590361445783133,0.7951807228915663,95,0.7473684210526316,0.8,0.5789473684210527,0.1194169238265387,-0.0448770491803278,0.766265060240964
10.0,close_location <= 0.07350 AND rsi_pct1 <= -0.12187,59,0.7627118644067796,0.7796610169491526,39,0.7948717948717948,0.8461538461538461,0.5897435897435898,0.1340866561105513,-0.0505083135391923,0.7661016949152543
10.0,close_location <= 0.21710 AND rsi_vs_sma3 <= -0.08930,158,0.759493670886076,0.7911392405063291,104,0.7884615384615384,0.8557692307692307,0.6538461538461539,0.14403215977571265,-0.050930214434723856,0.7658227848101267
10.0,rsi_pct1 <= -0.14226 AND rsi_accel <= -7.63088,99,0.7575757575757576,0.797979797979798,89,0.7415730337078652,0.8202247191011236,0.5955056179775281,0.1374249499666444,-0.0767553423462713,0.7656565656565657
10.0,rsi_accel <= -13.54668 AND rsi_pct1 <= -0.09574,81,0.7530864197530864,0.8148148148148148,62,0.6935483870967742,0.8064516129032258,0.6129032258064516,0.15554994587596424,-0.09596652112980206,0.7654320987654322
10.0,rsi_pct1 <= -0.12187 AND rsi_accel <= -5.35400,133,0.7593984962406015,0.7894736842105263,116,0.7241379310344828,0.7844827586206896,0.5603448275862069,0.12960572318878924,-0.07687858759925739,0.7654135338345865
10.0,rsi_vs_sma5 <= -0.14500 AND rsi_vs_sma9 <= -0.15725,97,0.7628865979381443,0.7731958762886598,103,0.7669902912621359,0.8058252427184466,0.5728155339805825,0.1194169238265387,-0.0427094105480868,0.7649484536082475
10.0,rsi_vs_sma3 <= -0.11841 AND rsi_pct1 <= -0.12187,107,0.7570093457943925,0.794392523364486,95,0.8,0.8631578947368421,0.6526315789473685,0.1436590842526603,-0.0427094105480868,0.7644859813084113
10.0,close_location <= 0.16592 AND rsi_vs_sma3 <= -0.08930,140,0.7571428571428571,0.7928571428571428,84,0.75,0.8214285714285714,0.6071428571428571,0.1305227981669972,-0.052898625775220254,0.7642857142857143
10.0,close_location <= 0.07350,83,0.7590361445783133,0.7831325301204819,51,0.7647058823529411,0.8235294117647058,0.5686274509803921,0.13139641943734,-0.0426344585526994,0.763855421686747
10.0,dist_sma9 <= -0.03517 AND rsi_pct1 <= -0.09574,71,0.7605633802816901,0.7746478873239436,55,0.8545454545454545,0.8545454545454545,0.6181818181818182,0.1379323830194949,-0.0278056265984654,0.7633802816901409
10.0,dual_stretch_9 <= -0.27204 AND rsi_vs_sma3 <= -0.10337,38,0.7631578947368421,0.7631578947368421,51,0.9215686274509803,0.9215686274509803,0.6862745098039216,0.1340866561105513,-0.0233592880978865,0.7631578947368423
10.0,dist_ema9 <= -0.03649 AND rsi_vs_sma3 <= -0.11841,37,0.7567567567567568,0.7837837837837838,36,0.9444444444444444,0.9444444444444444,0.7222222222222222,0.19608558461739356,-0.02403614987549045,0.7621621621621621
10.0,dist_sma9 <= -0.04591 AND rsi_vs_sma3 <= -0.10337,37,0.7567567567567568,0.7837837837837838,33,0.8787878787878788,0.8787878787878788,0.6060606060606061,0.1993032636596994,-0.0261950569779488,0.7621621621621621
10.0,dual_stretch_9 <= -0.27204,42,0.7619047619047619,0.7619047619047619,53,0.9245283018867925,0.9245283018867925,0.6981132075471698,0.1340866561105513,-0.0224147414741474,0.761904761904762
10.0,dual_stretch_9 <= -0.27204 AND rsi_vs_sma9 <= -0.15725,42,0.7619047619047619,0.7619047619047619,53,0.9245283018867925,0.9245283018867925,0.6981132075471698,0.1340866561105513,-0.0224147414741474,0.761904761904762
10.0,rsi_pct1 <= -0.14226 AND rsi_accel <= -5.35400,110,0.7545454545454545,0.7909090909090909,99,0.7474747474747475,0.8181818181818182,0.5858585858585859,0.1340866561105513,-0.0740860724164568,0.7618181818181818
10.0,dist_sma9 <= -0.03517 AND rsi_vs_sma3 <= -0.10337,62,0.7580645161290323,0.7741935483870968,59,0.8813559322033898,0.8983050847457628,0.6610169491525424,0.1261176099885776,-0.0272287908863381,0.7612903225806451
10.0,rsi_pct1 <= -0.14226 AND rsi_vs_sma5 <= -0.14500,77,0.7532467532467533,0.7922077922077922,73,0.7534246575342466,0.821917808219178,0.6027397260273972,0.1340866561105513,-0.0410908646202763,0.7610389610389612
10.0,dist_ema9 <= -0.03649 AND rsi_pct1 <= -0.09574,41,0.7560975609756098,0.7804878048780488,36,0.9444444444444444,0.9444444444444444,0.7222222222222222,0.19608558461739356,-0.02403614987549045,0.7609756097560977
10.0,rsi_accel <= -13.54668 AND rsi_pct1 <= -0.12187,76,0.75,0.8026315789473685,62,0.6935483870967742,0.8064516129032258,0.6129032258064516,0.15554994587596424,-0.09596652112980206,0.7605263157894738
10.0,rsi_vs_sma5 <= -0.16141 AND rsi_vs_sma3 <= -0.08930,81,0.7530864197530864,0.7901234567901234,93,0.7634408602150538,0.8172043010752689,0.5913978494623656,0.1211750305997552,-0.0444824636441402,0.7604938271604939
10.0,close_location <= 0.21710 AND rsi_vs_sma3 <= -0.10337,129,0.751937984496124,0.7906976744186046,89,0.797752808988764,0.8651685393258427,0.6629213483146067,0.1509344238908174,-0.0410908646202763,0.7596899224806202
10.0,rsi_vs_sma5 <= -0.16141 AND rsi_vs_sma3 <= -0.11841,76,0.75,0.7894736842105263,87,0.7586206896551724,0.8160919540229885,0.5862068965517241,0.1194169238265387,-0.0426344585526994,0.7578947368421054
10.0,rsi_vs_sma9 <= -0.15725 AND rsi_vs_sma3 <= -0.10337,90,0.7555555555555555,0.7666666666666667,103,0.7766990291262136,0.8155339805825242,0.5922330097087378,0.1215533291958506,-0.0427094105480868,0.7577777777777778
10.0,rsi_vs_sma3 <= -0.13346 AND rsi_pct1 <= -0.09574,80,0.75,0.7875,86,0.8023255813953488,0.8604651162790697,0.627906976744186,0.15376031660899553,-0.04397631847021035,0.7575000000000001
10.0,rsi_vs_sma5 <= -0.16141 AND rsi_pct1 <= -0.09574,80,0.75,0.7875,77,0.7922077922077922,0.8441558441558441,0.6103896103896104,0.1340866561105513,-0.0427094105480868,0.7575000000000001
10.0,rsi_pct1 <= -0.12187 AND rsi_vs_sma3 <= -0.08930,141,0.75177304964539,0.7801418439716312,128,0.7421875,0.796875,0.5859375,0.1318822841757537,-0.06929840101768531,0.7574468085106383
10.0,close_location <= 0.16592 AND rsi_vs_sma3 <= -0.10337,115,0.7478260869565218,0.7913043478260869,74,0.7702702702702703,0.8378378378378378,0.6216216216216216,0.13274153777394565,-0.04035142032323015,0.7565217391304349
10.0,rsi_pct1 <= -0.14226,124,0.75,0.782258064516129,108,0.75,0.8148148148148148,0.5925925925925926,0.13322740251235934,-0.06929840101768531,0.7564516129032259
10.0,rsi_vs_sma3 <= -0.11841,124,0.75,0.782258064516129,118,0.7627118644067796,0.8220338983050848,0.5932203389830508,0.1252237479843985,-0.04711902727390915,0.7564516129032259
10.0,dual_stretch_9 <= -0.27204 AND rsi_pct1 <= -0.09574,41,0.7560975609756098,0.7560975609756098,45,0.9111111111111111,0.9111111111111111,0.6666666666666666,0.1728036175710594,-0.0234441602728048,0.7560975609756099
10.0,dist_sma9 <= -0.04591 AND rsi_vs_sma9 <= -0.15725,41,0.7560975609756098,0.7560975609756098,35,0.8571428571428571,0.8571428571428571,0.6,0.1750455937510753,-0.027528694404591,0.7560975609756099
10.0,rsi_vs_sma9 <= -0.22445 AND dist_sma9 <= -0.03517,41,0.7560975609756098,0.7560975609756098,52,0.9230769230769231,0.9423076923076923,0.6923076923076923,0.1296768491273284,-0.0217117702390563,0.7560975609756099
10.0,rsi_vs_sma9 <= -0.22445 AND rsi_vs_sma5 <= -0.14500,41,0.7560975609756098,0.7560975609756098,62,0.8548387096774194,0.8870967741935484,0.6290322580645161,0.1213641798978029,-0.027378742645464547,0.7560975609756099
10.0,rsi_vs_sma9 <= -0.22445 AND rsi_vs_sma3 <= -0.08930,41,0.7560975609756098,0.7560975609756098,61,0.8524590163934426,0.8852459016393442,0.6229508196721312,0.1211750305997552,-0.027528694404591,0.7560975609756099
10.0,rsi_vs_sma3 <= -0.13346 AND rsi_vs_sma5 <= -0.16141,67,0.746268656716418,0.7910447761194029,82,0.7682926829268293,0.8170731707317073,0.5853658536585366,0.118401184285237,-0.0426719345503931,0.755223880597015
10.0,rsi_pct1 <= -0.12187 AND rsi_vs_sma9 <= -0.15725,89,0.7528089887640449,0.7640449438202247,83,0.7831325301204819,0.8192771084337349,0.6024096385542169,0.13139641943734,-0.0426344585526994,0.7550561797752808
10.0,dist_sma9 <= -0.04591 AND rsi_vs_sma3 <= -0.08930,40,0.75,0.775,35,0.8571428571428571,0.8571428571428571,0.6,0.1750455937510753,-0.027528694404591,0.7550000000000001
10.0,rsi_vs_sma3 <= -0.11841 AND rsi_pct1 <= -0.09574,119,0.7478991596638656,0.7815126050420168,102,0.7843137254901961,0.8431372549019608,0.6176470588235294,0.13912787518595643,-0.0484644771671852,0.7546218487394958
10.0,close_location <= 0.10126 AND rsi_vs_sma3 <= -0.08930,88,0.75,0.7727272727272727,56,0.7321428571428571,0.7857142857142857,0.5535714285714286,0.11410618940024755,-0.0524767248796887,0.7545454545454546
10.0,rsi_vs_sma5 <= -0.16141 AND rsi_vs_sma3 <= -0.10337,79,0.7468354430379747,0.7848101265822784,90,0.7555555555555555,0.8111111111111111,0.5888888888888889,0.12029597721314696,-0.0426719345503931,0.7544303797468355
10.0,close_location <= 0.07350 AND rsi_pct1 <= -0.14226,48,0.75,0.7708333333333334,36,0.7777777777777778,0.8333333333333334,0.5555555555555556,0.12628572501854762,-0.0524767248796887,0.7541666666666668
10.0,rsi_accel <= -5.35400 AND rsi_pct1 <= -0.09574,169,0.7455621301775148,0.7869822485207101,128,0.7265625,0.7890625,0.578125,0.13575580303859786,-0.07680598421473589,0.7538461538461539
10.0,close_location <= 0.10126,124,0.75,0.7661290322580645,69,0.7101449275362319,0.7681159420289855,0.5362318840579711,0.1114611097649624,-0.0767553423462713,0.753225806451613
10.0,rsi_vs_sma5 <= -0.14500 AND rsi_pct1 <= -0.09574,115,0.7478260869565218,0.7739130434782608,93,0.7526881720430108,0.8064516129032258,0.5698924731182796,0.13139641943734,-0.0505083135391923,0.7530434782608696
10.0,rsi_vs_sma5 <= -0.14500 AND rsi_vs_sma3 <= -0.08930,115,0.7478260869565218,0.7739130434782608,111,0.7477477477477478,0.8018018018018018,0.5675675675675675,0.1194169238265387,-0.0478174137526402,0.7530434782608696
10.0,dist_sma9 <= -0.03517 AND rsi_vs_sma9 <= -0.15725,76,0.75,0.7631578947368421,74,0.8513513513513513,0.8648648648648649,0.6486486486486487,0.12539590562285036,-0.0282290097727844,0.7526315789473685
10.0,rsi_pct1 <= -0.12187 AND rsi_vs_sma3 <= -0.10337,126,0.746031746031746,0.7777777777777778,110,0.7454545454545455,0.8090909090909091,0.6181818181818182,0.13767866649306965,-0.0653343772439163,0.7523809523809524
10.0,rsi_pct1 <= -0.12187,166,0.7469879518072289,0.7710843373493976,137,0.7372262773722628,0.7883211678832117,0.5766423357664233,0.13139641943734,-0.0715340789196031,0.7518072289156627
10.0,rsi_accel <= -7.63088,166,0.7409638554216867,0.7951807228915663,115,0.7217391304347827,0.8,0.591304347826087,0.1408308004052685,-0.0812342020395712,0.7518072289156627
10.0,close_location <= 0.21710,248,0.7459677419354839,0.7741935483870968,143,0.7482517482517482,0.8041958041958042,0.6013986013986014,0.13139641943734,-0.0628662759722962,0.7516129032258065
10.0,rsi_vs_sma3 <= -0.13346 AND rsi_vs_sma5 <= -0.14500,74,0.7432432432432432,0.7837837837837838,88,0.7613636363636364,0.8181818181818182,0.5909090909090909,0.12029597721314696,-0.0437932298642073,0.7513513513513514
10.0,rsi_pct1 <= -0.17635 AND rsi_accel <= -13.54668,57,0.7368421052631579,0.8070175438596491,49,0.6938775510204082,0.8367346938775511,0.673469387755102,0.1829599541478732,-0.0921123716909778,0.750877192982456
10.0,close_location <= 0.16592,207,0.7439613526570048,0.7777777777777778,109,0.7247706422018348,0.7889908256880734,0.5688073394495413,0.1261176099885776,-0.0624169986719788,0.7507246376811594
10.0,dual_stretch_9 <= -0.27204 AND rsi_vs_sma9 <= -0.22445,40,0.75,0.75,51,0.9411764705882353,0.9411764705882353,0.7058823529411765,0.1340866561105513,-0.0210087990039652,0.7500000000000001
10.0,rsi_drop_pct <= -0.38820 AND rsi_vs_sma5 <= -0.14500,36,0.75,0.75,21,0.9047619047619048,0.9047619047619048,0.6190476190476191,0.2139193809609503,-0.0224147414741474,0.7500000000000001
10.0,rsi_drop_pct <= -0.38820 AND rsi_vs_sma9 <= -0.22445,28,0.75,0.75,21,0.9047619047619048,0.9047619047619048,0.6666666666666666,0.2139193809609503,-0.0208970667626418,0.7500000000000001
10.0,dist_sma20 <= -0.03231 AND rsi_vs_sma9 <= -0.22445,24,0.75,0.75,16,0.9375,0.9375,0.75,0.21763778868780181,-0.02015727124539855,0.7500000000000001
10.0,rsi_vs_sma9 <= -0.15725 AND rsi_vs_sma3 <= -0.08930,103,0.7475728155339806,0.7572815533980582,118,0.7457627118644068,0.788135593220339,0.576271186440678,0.12029597721314696,-0.04711902727390915,0.7495145631067961
10.0,rsi_pct1 <= -0.09574 AND rsi_vs_sma3 <= -0.08930,183,0.7431693989071039,0.7704918032786885,142,0.7464788732394366,0.795774647887324,0.5774647887323944,0.1318822841757537,-0.06889913092410266,0.7486338797814208
10.0,rsi_pct1 <= -0.09574 AND rsi_vs_sma3 <= -0.10337,155,0.7419354838709677,0.7741935483870968,120,0.7416666666666667,0.8,0.6,0.13575580303859786,-0.0664191581431943,0.7483870967741937
10.0,rsi_vs_sma3 <= -0.13346 AND rsi_pct1 <= -0.12187,77,0.7402597402597403,0.7792207792207793,82,0.8170731707317073,0.8780487804878049,0.6585365853658537,0.17093027013888823,-0.041862661586487854,0.7480519480519482
10.0,rsi_vs_sma9 <= -0.15725 AND rsi_pct1 <= -0.09574,113,0.7433628318584071,0.7522123893805309,95,0.7789473684210526,0.8105263157894737,0.5894736842105263,0.13139641943734,-0.0452432263923339,0.745132743362832
10.0,rsi_accel <= -5.35400,207,0.7342995169082126,0.7874396135265701,143,0.6993006993006993,0.7692307692307693,0.5524475524475524,0.1301257669563285,-0.0812342020395712,0.7449275362318841
10.0,rsi_drop_pct <= -0.38820 AND rsi_pct1 <= -0.09574,39,0.7435897435897436,0.7435897435897436,23,0.9130434782608695,0.9130434782608695,0.6086956521739131,0.1993032636596994,-0.0246281394781761,0.7435897435897436
10.0,rsi_vs_sma9 <= -0.22445 AND rsi_vs_sma3 <= -0.10337,39,0.7435897435897436,0.7435897435897436,60,0.85,0.8833333333333333,0.6333333333333333,0.1213641798978029,-0.027378742645464547,0.7435897435897436
10.0,rsi_vs_sma3 <= -0.11841 AND rsi_vs_sma5 <= -0.14500,95,0.7368421052631579,0.7684210526315789,100,0.75,0.81,0.57,0.118401184285237,-0.0437932298642073,0.743157894736842
10.0,rsi_pct1 <= -0.12187 AND rsi_vs_sma5 <= -0.14500,95,0.7368421052631579,0.7684210526315789,84,0.7619047619047619,0.8214285714285714,0.5952380952380952,0.13322740251235934,-0.04397631847021035,0.743157894736842
10.0,dist_sma9 <= -0.04591,42,0.7380952380952381,0.7619047619047619,35,0.8571428571428571,0.8571428571428571,0.6,0.1750455937510753,-0.027528694404591,0.7428571428571429
10.0,close_location <= 0.10126 AND rsi_vs_sma3 <= -0.10337,76,0.7368421052631579,0.7631578947368421,51,0.7254901960784313,0.7843137254901961,0.5490196078431373,0.1114611097649624,-0.0464206407951781,0.7421052631578947
10.0,rsi_vs_sma5 <= -0.14500,124,0.7338709677419355,0.7661290322580645,116,0.7327586206896551,0.7844827586206896,0.5603448275862069,0.118401184285237,-0.0491542603671616,0.7403225806451613
10.0,dist_sma9 <= -0.03517,83,0.7349397590361446,0.7590361445783133,76,0.8421052631578947,0.8552631578947368,0.6447368421052632,0.12539590562285036,-0.0282290097727844,0.7397590361445784
10.0,rsi_drop_pct <= -0.38820,42,0.7380952380952381,0.7380952380952381,26,0.8461538461538461,0.8461538461538461,0.5769230769230769,0.17889757383844504,-0.0259284651822571,0.7380952380952381
10.0,rsi_vs_sma9 <= -0.22445,42,0.7380952380952381,0.7380952380952381,63,0.8571428571428571,0.8888888888888888,0.6349206349206349,0.1215533291958506,-0.0272287908863381,0.7380952380952381
10.0,rsi_vs_sma9 <= -0.22445 AND rsi_pct1 <= -0.09574,42,0.7380952380952381,0.7380952380952381,52,0.8846153846153846,0.9038461538461539,0.6346153846153846,0.1576252665918884,-0.027378742645464547,0.7380952380952381
10.0,rsi_vs_sma9 <= -0.15725,124,0.7338709677419355,0.75,136,0.7205882352941176,0.7573529411764706,0.5588235294117647,0.117068356889734,-0.048125843834338,0.7370967741935485
10.0,rsi_vs_sma5 <= -0.14500 AND rsi_vs_sma3 <= -0.10337,108,0.7314814814814815,0.7592592592592593,107,0.7383177570093458,0.794392523364486,0.5700934579439252,0.1194169238265387,-0.0464206407951781,0.7370370370370372
10.0,rsi_drop_pct <= -0.38820 AND rsi_vs_sma9 <= -0.15725,38,0.7368421052631579,0.7368421052631579,23,0.9130434782608695,0.9130434782608695,0.6521739130434783,0.1993032636596994,-0.0224147414741474,0.7368421052631579
10.0,rsi_drop_pct <= -0.38820 AND rsi_vs_sma3 <= -0.08930,38,0.7368421052631579,0.7368421052631579,22,0.9090909090909091,0.9090909090909091,0.6363636363636364,0.20661132231032486,-0.02352144047616175,0.7368421052631579
10.0,dist_sma9 <= -0.04591 AND rsi_pct1 <= -0.09574,41,0.7317073170731707,0.7560975609756098,34,0.8529411764705882,0.8529411764705882,0.6176470588235294,0.18717442870538736,-0.0268618756912699,0.7365853658536585
10.0,rsi_pct1 <= -0.09574,248,0.7298387096774194,0.7620967741935484,163,0.7361963190184049,0.7852760736196319,0.5766871165644172,0.1340866561105513,-0.0715340789196031,0.7362903225806452
10.0,rsi_vs_sma3 <= -0.08930,207,0.7294685990338164,0.7632850241545893,177,0.7288135593220338,0.7796610169491526,0.5706214689265536,0.1261176099885776,-0.0666666666666666,0.7362318840579711
10.0,rsi_vs_sma3 <= -0.10337,166,0.7289156626506024,0.7650602409638554,143,0.7412587412587412,0.7972027972027972,0.5944055944055944,0.1301257669563285,-0.0572622822550755,0.736144578313253
10.0,rsi_drop_pct <= -0.38820 AND rsi_vs_sma3 <= -0.10337,34,0.7352941176470589,0.7352941176470589,21,0.9047619047619048,0.9047619047619048,0.6190476190476191,0.2139193809609503,-0.0224147414741474,0.7352941176470589
10.0,close_location <= 0.07350 AND rsi_vs_sma3 <= -0.08930,62,0.7258064516129032,0.7580645161290323,42,0.8095238095238095,0.8571428571428571,0.5714285714285714,0.12628572501854762,-0.04035142032323015,0.7322580645161291
10.0,close_location <= 0.07350 AND rsi_vs_sma3 <= -0.10337,54,0.7222222222222222,0.7592592592592593,40,0.8,0.85,0.575,0.12628572501854762,-0.04035142032323015,0.7296296296296297
