event_date,year,fighter_1,fighter_2,favorite,underdog,favorite_age,underdog_age,younger_advantage,market_prob,favorite_decimal_odds,won,profit,snapshot_mode,source_dataset,fight_key
2024-01-13,2024,Andrei Arlovski,Waldo Cortes-Acosta,Waldo Cortes-Acosta,Andrei Arlovski,32.279923612394505,44.94000561270936,12.660082000314858,0.8115183246073299,1.1612903225806452,True,8.064516129032262,historical_import_fallback,exact_id_ufcstats_mirror,2024-01-13|andrei arlovski|waldo cortes acosta
2024-01-13,2024,Phil Hawes,Brunno Ferreira,Brunno Ferreira,Phil Hawes,31.19023662361308,35.01235480536904,3.8221181817559575,0.558797046641455,1.6896551724137931,True,34.48275862068966,historical_import_fallback,exact_id_ufcstats_mirror,2024-01-13|brunno ferreira|phil hawes
2024-01-13,2024,Farid Basharat,Taylor Lapilus,Farid Basharat,Taylor Lapilus,26.448181687508985,31.765197095080666,5.317015407571681,0.7449664429530202,1.2666666666666666,True,13.33333333333333,historical_import_fallback,exact_id_ufcstats_mirror,2024-01-13|farid basharat|taylor lapilus
2024-01-13,2024,Joshua Van,Felipe Bunes,Joshua Van,Felipe Bunes,22.25918396681657,34.20741014531441,11.948226178497844,0.7055341817105653,1.3355704697986577,True,16.778523489932883,historical_import_fallback,exact_id_ufcstats_mirror,2024-01-13|felipe bunes|joshua van
2024-01-13,2024,Jim Miller,Gabriel Benitez,Jim Miller,Gabriel Benitez,40.37317672505253,35.579101555815654,-4.794075169236876,0.5893794380981784,1.6024096385542168,True,30.12048192771084,historical_import_fallback,exact_id_ufcstats_mirror,2024-01-13|gabriel benitez|jim miller
2024-01-13,2024,Marcus McGhee,Gaston Bolanos,Marcus McGhee,Gaston Bolanos,33.6872078139866,31.329869880969493,-2.357337933017103,0.6853932584269663,1.4,True,20.0,historical_import_fallback,exact_id_ufcstats_mirror,2024-01-13|gaston bolanos|marcus mcghee
2024-01-13,2024,Westin Wilson,Jean Silva,Jean Silva,Westin Wilson,27.08337611313032,34.96854829325722,7.885172180126904,0.8677165354330709,1.1052631578947367,True,5.263157894736836,historical_import_fallback,exact_id_ufcstats_mirror,2024-01-13|jean silva|westin wilson
2024-01-13,2024,Magomed Ankalaev,Johnny Walker,Magomed Ankalaev,Johnny Walker,31.614612209696297,31.78983825814356,0.1752260484472643,0.8042929292929294,1.1923076923076923,True,9.615384615384617,historical_import_fallback,exact_id_ufcstats_mirror,2024-01-13|johnny walker|magomed ankalaev
2024-01-13,2024,Ricky Simon,Mario Bautista,Ricky Simon,Mario Bautista,31.36820057906733,30.535876848942824,-0.8323237301245072,0.6067415730337078,1.5555555555555556,False,-50.0,historical_import_fallback,exact_id_ufcstats_mirror,2024-01-13|mario bautista|ricky simon
2024-01-13,2024,Matthew Semelsberger,Preston Parsons,Matthew Semelsberger,Preston Parsons,31.13821639048029,28.498874035743377,-2.639342354736918,0.5306122448979592,1.7692307692307692,False,-50.0,historical_import_fallback,exact_id_ufcstats_mirror,2024-01-13|matthew semelsberger|preston parsons
2024-01-13,2024,Nikolas Motta,Tom Nolan,Tom Nolan,Nikolas Motta,23.84990793787689,30.92739755094218,7.077489613065293,0.7508125677139762,1.2777777777777777,False,-50.0,historical_import_fallback,exact_id_ufcstats_mirror,2024-01-13|nikolas motta|tom nolan
2024-01-20,2024,Yohan Lainesse,Sam Patterson,Yohan Lainesse,Sam Patterson,31.433910347235056,27.72404635276563,-3.7098639944694254,0.5634920634920635,1.704225352112676,False,-50.0,historical_import_fallback,exact_id_ufcstats_mirror,2024-01-20|sam patterson|yohan lainesse
2024-01-20,2024,Serhiy Sidey,Ramon Taveras,Serhiy Sidey,Ramon Taveras,27.546082397311373,30.02936405264995,2.483281655338576,0.6369041816941222,1.5050505050505052,False,-50.0,historical_import_fallback,exact_id_ufcstats_mirror,2024-01-20|ramon taveras|serhiy sidey
2024-01-20,2024,Raquel Pennington,Mayra Bueno Silva,Mayra Bueno Silva,Raquel Pennington,32.41408105573694,35.37375853029152,2.9596774745545744,0.6037569709421778,1.5882352941176472,False,-50.0,historical_import_fallback,exact_id_ufcstats_mirror,2024-01-20|mayra bueno silva|raquel pennington
2024-01-20,2024,Jasmine Jasudavicius,Priscila Cachoeira,Jasmine Jasudavicius,Priscila Cachoeira,34.88914899005455,35.42030294941032,0.5311539593557697,0.7768331562167907,1.2352941176470589,True,11.764705882352944,historical_import_fallback,exact_id_ufcstats_mirror,2024-01-20|jasmine jasudavicius|priscila cachoeira
2024-01-20,2024,Gillian Robertson,Polyana Viana,Gillian Robertson,Polyana Viana,28.679575898204615,31.600922674661355,2.921346776456737,0.7179705215419501,1.3355704697986577,True,16.778523489932883,historical_import_fallback,exact_id_ufcstats_mirror,2024-01-20|gillian robertson|polyana viana
2024-01-20,2024,Neil Magny,Mike Malott,Mike Malott,Neil Magny,32.20326221619882,36.46618342607993,4.262921209881107,0.76,1.263157894736842,False,-50.0,historical_import_fallback,exact_id_ufcstats_mirror,2024-01-20|mike malott|neil magny
2024-01-20,2024,Chris Curtis,Marc-Andre Barriault,Chris Curtis,Marc-Andre Barriault,36.51820365921272,33.919929909580624,-2.598273749632092,0.6092362344582594,1.5714285714285714,True,28.57142857142857,historical_import_fallback,exact_id_ufcstats_mirror,2024-01-20|chris curtis|marc andre barriault
2024-01-20,2024,Charles Jourdain,Sean Woodson,Charles Jourdain,Sean Woodson,28.148421938848845,31.620088023710277,3.471666084861429,0.6574752261956054,1.4587155963302751,False,-50.0,historical_import_fallback,exact_id_ufcstats_mirror,2024-01-20|charles jourdain|sean woodson
2024-01-20,2024,Brad Katona,Garrett Armfield,Brad Katona,Garrett Armfield,32.08827012190531,27.28050541763349,-4.807764704271822,0.6750312469954812,1.4201680672268908,False,-50.0,historical_import_fallback,exact_id_ufcstats_mirror,2024-01-20|brad katona|garrett armfield
2024-01-20,2024,Arnold Allen,Movsar Evloev,Movsar Evloev,Arnold Allen,29.93901312141933,29.9937712615591,0.0547581401397714,0.6574752261956054,1.4587155963302751,True,22.93577981651376,historical_import_fallback,exact_id_ufcstats_mirror,2024-01-20|arnold allen|movsar evloev
2024-01-20,2024,Sean Strickland,Dricus Du Plessis,Dricus Du Plessis,Sean Strickland,30.015674517615007,32.89595268896692,2.8802781713519146,0.5043297540699689,1.8928571428571428,True,44.64285714285714,historical_import_fallback,exact_id_ufcstats_mirror,2024-01-20|dricus du plessis|sean strickland
2024-02-03,2024,Gilbert Urbina,Charles Radtke,Gilbert Urbina,Charles Radtke,27.83082472603818,33.57221571969308,5.741390993654896,0.6574752261956054,1.4587155963302751,False,-50.0,historical_import_fallback,exact_id_ufcstats_mirror,2024-02-03|charles radtke|gilbert urbina
2024-02-03,2024,Renato Moicano,Drew Dober,Renato Moicano,Drew Dober,34.70570922058632,35.291621320081866,0.5859120994955447,0.644729178800233,1.4878048780487805,True,24.390243902439025,historical_import_fallback,exact_id_ufcstats_mirror,2024-02-03|drew dober|renato moicano
2024-02-03,2024,Randy Brown,Muslim Salikhov,Randy Brown,Muslim Salikhov,33.574953626700065,39.65310718221456,6.07815355551449,0.6957699520733487,1.3773584905660377,True,18.867924528301884,historical_import_fallback,exact_id_ufcstats_mirror,2024-02-03|muslim salikhov|randy brown
2024-02-03,2024,Roman Dolidze,Nassourdine Imavov,Nassourdine Imavov,Roman Dolidze,28.928725435840573,35.55446039275276,6.625734956912186,0.6164383561643836,1.5555555555555556,True,27.77777777777778,historical_import_fallback,exact_id_ufcstats_mirror,2024-02-03|nassourdine imavov|roman dolidze
2024-02-03,2024,Viviane Araujo,Natalia Silva,Natalia Silva,Viviane Araujo,26.998500995913677,37.20268041095984,10.20417941504617,0.7408716136631331,1.2941176470588236,True,14.70588235294118,historical_import_fallback,exact_id_ufcstats_mirror,2024-02-03|natalia silva|viviane araujo
2024-02-10,2024,Jack Hermansson,Joe Pyfer,Joe Pyfer,Jack Hermansson,27.398235418934,35.66945248704628,8.271217068112282,0.6853932584269663,1.4,False,-50.0,historical_import_fallback,exact_id_ufcstats_mirror,2024-02-10|jack hermansson|joe pyfer
2024-02-10,2024,Robert Bryczek,Ihor Potieria,Robert Bryczek,Ihor Potieria,33.605070603776944,27.70214309670972,-5.902927507067226,0.6690070210631895,1.434782608695652,False,-50.0,historical_import_fallback,exact_id_ufcstats_mirror,2024-02-10|ihor potieria|robert bryczek
2024-02-10,2024,Michael Johnson,Darrius Flowers,Michael Johnson,Darrius Flowers,37.68728995119681,29.46261730220333,-8.22467264899348,0.5829926410466068,1.6451612903225803,True,32.25806451612902,historical_import_fallback,exact_id_ufcstats_mirror,2024-02-10|darrius flowers|michael johnson
2024-02-10,2024,Dan Ige,Andre Fili,Dan Ige,Andre Fili,32.515383614995514,33.62971176683984,1.114328151844326,0.6224665518611737,1.5405405405405406,True,27.027027027027028,historical_import_fallback,exact_id_ufcstats_mirror,2024-02-10|andre fili|dan ige
2024-02-10,2024,Brad Tavares,Gregory Rodrigues,Gregory Rodrigues,Brad Tavares,31.98149174863276,36.140372492248304,4.158880743615548,0.6690070210631895,1.434782608695652,True,21.73913043478261,historical_import_fallback,exact_id_ufcstats_mirror,2024-02-10|brad tavares|gregory rodrigues
2024-02-10,2024,Rodolfo Vieira,Armen Petrosyan,Armen Petrosyan,Rodolfo Vieira,33.273783855931335,34.3771603797477,1.1033765238163653,0.5108342361863489,1.869565217391304,False,-50.0,historical_import_fallback,exact_id_ufcstats_mirror,2024-02-10|armen petrosyan|rodolfo vieira
2024-02-10,2024,Trevin Giles,Carlos Prates,Carlos Prates,Trevin Giles,30.483856615810044,31.513309650437723,1.029453034627679,0.690792883054068,1.3875968992248062,True,19.379844961240316,historical_import_fallback,exact_id_ufcstats_mirror,2024-02-10|carlos prates|trevin giles
2024-02-17,2024,Merab Dvalishvili,Henry Cejudo,Merab Dvalishvili,Henry Cejudo,33.10403362149805,37.0219785484986,3.917944927000555,0.7179705215419501,1.3355704697986577,True,16.778523489932883,historical_import_fallback,exact_id_ufcstats_mirror,2024-02-17|henry cejudo|merab dvalishvili
2024-02-17,2024,Robert Whittaker,Paulo Costa,Robert Whittaker,Paulo Costa,33.1615296686448,32.827505013792205,-0.3340246548525982,0.644729178800233,1.4878048780487805,True,24.390243902439025,historical_import_fallback,exact_id_ufcstats_mirror,2024-02-17|paulo costa|robert whittaker
2024-02-17,2024,Oban Elliott,Val Woodburn,Oban Elliott,Val Woodburn,26.163439358782178,30.52218731390788,4.358747955125704,0.76,1.263157894736842,True,13.157894736842104,historical_import_fallback,exact_id_ufcstats_mirror,2024-02-17|oban elliott|val woodburn
2024-02-17,2024,Marcos Rogerio de Lima,Junior Tafa,Marcos Rogerio de Lima,Junior Tafa,38.64829531064977,27.40644913995496,-11.24184617069481,0.6690070210631895,1.434782608695652,True,21.73913043478261,historical_import_fallback,exact_id_ufcstats_mirror,2024-02-17|junior tafa|marcos rogerio de lima
2024-02-17,2024,Geoff Neal,Ian Machado Garry,Ian Machado Garry,Geoff Neal,26.25105238300581,33.473651067441494,7.222598684435685,0.690792883054068,1.3875968992248062,True,19.379844961240316,historical_import_fallback,exact_id_ufcstats_mirror,2024-02-17|geoff neal|ian machado garry
2024-02-17,2024,Anthony Hernandez,Roman Kopylov,Anthony Hernandez,Roman Kopylov,30.333271730425675,32.79191222270136,2.4586404922756806,0.6574752261956054,1.4587155963302751,True,22.93577981651376,historical_import_fallback,exact_id_ufcstats_mirror,2024-02-17|anthony hernandez|roman kopylov
2024-02-17,2024,Rinya Nakamura,Carlos Vera,Rinya Nakamura,Carlos Vera,28.906822179784665,36.28548156361869,7.378659383834027,0.898858075040783,1.0689655172413792,True,3.4482758620689613,historical_import_fallback,exact_id_ufcstats_mirror,2024-02-17|carlos vera|rinya nakamura
2024-02-17,2024,Zhang Mingyang,Brendson Ribeiro,Zhang Mingyang,Brendson Ribeiro,25.50634167710494,27.44204193104581,1.9357002539408723,0.5,1.9090909090909087,True,45.45454545454544,historical_import_fallback,exact_id_ufcstats_mirror,2024-02-17|brendson ribeiro|zhang mingyang
2024-02-17,2024,Josh Quinlan,Danny Barlow,Danny Barlow,Josh Quinlan,28.54541845486218,31.02870011020076,2.483281655338576,0.6369041816941222,1.5050505050505052,True,25.25252525252526,historical_import_fallback,exact_id_ufcstats_mirror,2024-02-17|danny barlow|josh quinlan
2024-02-17,2024,Amanda Lemos,Mackenzie Dern,Amanda Lemos,Mackenzie Dern,36.74271203378577,30.90275638787929,-5.839955645906485,0.593369754159424,1.617283950617284,True,30.864197530864203,historical_import_fallback,exact_id_ufcstats_mirror,2024-02-17|amanda lemos|mackenzie dern
2024-02-17,2024,Alexander Volkanovski,Ilia Topuria,Alexander Volkanovski,Ilia Topuria,35.38471015831947,27.072424485102363,-8.312285673217108,0.5634920634920635,1.704225352112676,False,-50.0,historical_import_fallback,exact_id_ufcstats_mirror,2024-02-17|alexander volkanovski|ilia topuria
2024-02-24,2024,Yazmin Jauregui,Sam Hughes,Yazmin Jauregui,Sam Hughes,24.988877252784107,31.658418721808115,6.669541469024008,0.8524590163934427,1.125,True,6.25,historical_import_fallback,exact_id_ufcstats_mirror,2024-02-24|sam hughes|yazmin jauregui
2024-02-24,2024,Jesus Aguilar,Mateus Mendonca,Mateus Mendonca,Jesus Aguilar,25.103869347077627,27.951292634345677,2.8474232872680467,0.551441114716549,1.7407407407407407,False,-50.0,historical_import_fallback,exact_id_ufcstats_mirror,2024-02-24|jesus aguilar|mateus mendonca
2024-02-24,2024,Victor Altamirano,Felipe dos Santos,Felipe dos Santos,Victor Altamirano,23.45291142186356,33.08760617945612,9.63469475759256,0.7095435684647303,1.350877192982456,True,17.543859649122794,historical_import_fallback,exact_id_ufcstats_mirror,2024-02-24|felipe dos santos|victor altamirano
2024-02-24,2024,Erik Silva,Muhammad Naimov,Muhammad Naimov,Erik Silva,29.550230326426963,36.94531715230292,7.395086825875957,0.8118668596237336,1.181818181818182,True,9.090909090909104,historical_import_fallback,exact_id_ufcstats_mirror,2024-02-24|erik silva|muhammad naimov
2024-02-24,2024,Daniel Zellhuber,Francisco Prado,Daniel Zellhuber,Francisco Prado,24.63568724888259,21.692437216369942,-2.943250032512644,0.7408716136631331,1.2941176470588236,True,14.70588235294118,historical_import_fallback,exact_id_ufcstats_mirror,2024-02-24|daniel zellhuber|francisco prado
2024-02-24,2024,Edgar Chairez,Daniel Lacerda,Edgar Chairez,Daniel Lacerda,28.077236356667147,27.72130844575864,-0.3559279109085089,0.8,1.2,True,9.999999999999998,historical_import_fallback,exact_id_ufcstats_mirror,2024-02-24|daniel lacerda|edgar chairez
2024-02-24,2024,Cristian Quinonez,Raoni Barcelos,Raoni Barcelos,Cristian Quinonez,36.81937342998145,27.83082472603818,-8.988548703943266,0.593369754159424,1.617283950617284,True,30.864197530864203,historical_import_fallback,exact_id_ufcstats_mirror,2024-02-24|cristian quinonez|raoni barcelos
2024-02-24,2024,Claudio Puelles,Fares Ziam,Fares Ziam,Claudio Puelles,26.93005332073896,27.84451426107312,0.9144609403341626,0.6574752261956054,1.4587155963302751,True,22.93577981651376,historical_import_fallback,exact_id_ufcstats_mirror,2024-02-24|claudio puelles|fares ziam
2024-02-24,2024,Manuel Torres,Chris Duncan,Manuel Torres,Chris Duncan,28.920511714819607,30.793240107599743,1.872728392780136,0.6037569709421778,1.5882352941176472,True,29.41176470588236,historical_import_fallback,exact_id_ufcstats_mirror,2024-02-24|chris duncan|manuel torres
2024-02-24,2024,Yair Rodriguez,Brian Ortega,Yair Rodriguez,Brian Ortega,31.38462802110926,33.008206876253446,1.623578855144185,0.5996387718242023,1.6024096385542168,False,-50.0,historical_import_fallback,exact_id_ufcstats_mirror,2024-02-24|brian ortega|yair rodriguez
2024-02-24,2024,Brandon Moreno,Brandon Royval,Brandon Moreno,Brandon Royval,30.21554172912517,31.52426127846568,1.3087195493405055,0.7220792588780237,1.3278688524590163,False,-50.0,historical_import_fallback,exact_id_ufcstats_mirror,2024-02-24|brandon moreno|brandon royval
2024-03-02,2024,Vitor Petrino,Tyson Pedro,Vitor Petrino,Tyson Pedro,26.51115354866972,32.45788756784876,5.94673401917904,0.786743515850144,1.21978021978022,True,10.989010989011003,historical_import_fallback,exact_id_ufcstats_mirror,2024-03-02|tyson pedro|vitor petrino
2024-03-02,2024,Matt Schnell,Steve Erceg,Steve Erceg,Matt Schnell,28.60017659500195,34.12801084211175,5.527834247109798,0.7957758771164253,1.2061855670103092,True,10.30927835051546,historical_import_fallback,exact_id_ufcstats_mirror,2024-03-02|matt schnell|steve erceg
2024-03-02,2024,Jairzinho Rozenstruik,Shamil Gaziev,Shamil Gaziev,Jairzinho Rozenstruik,34.056825259930044,35.959670629787055,1.902845369857012,0.6164383561643836,1.5555555555555556,False,-50.0,historical_import_fallback,global_mma_backfill,2024-03-02|jairzinho rozenstruik|shamil gaziev
2024-03-02,2024,Eryk Anders,Jamie Pickett,Eryk Anders,Jamie Pickett,36.865917849100256,35.50791597363396,-1.3580018754663,0.8081570996978852,1.1869158878504673,True,9.345794392523366,historical_import_fallback,exact_id_ufcstats_mirror,2024-03-02|eryk anders|jamie pickett
2024-03-02,2024,Christian Leroy Duncan,Claudio Ribeiro,Christian Leroy Duncan,Claudio Ribeiro,28.60839031602292,31.62556383772425,3.0171735217013342,0.771505376344086,1.2439024390243902,True,12.195121951219512,historical_import_fallback,exact_id_ufcstats_mirror,2024-03-02|christian leroy duncan|claudio ribeiro
2024-03-02,2024,Abdul-Kareem Al-Selwady,Loik Radzhabov,Abdul-Kareem Al-Selwady,Loik Radzhabov,28.89587055175671,33.457223625399564,4.561353073642856,0.551441114716549,1.7407407407407407,False,-50.0,historical_import_fallback,exact_id_ufcstats_mirror,2024-03-02|abdul kareem al selwady|loik radzhabov
2024-03-02,2024,Umar Nurmagomedov,Bekzat Almakhan,Umar Nurmagomedov,Bekzat Almakhan,28.16211147388379,26.48103657159285,-1.6810749022909448,0.8933823529411765,1.074074074074074,True,3.703703703703698,historical_import_fallback,exact_id_ufcstats_mirror,2024-03-02|bekzat almakhan|umar nurmagomedov
2024-03-02,2024,Alex Perez,Muhammad Mokaev,Muhammad Mokaev,Alex Perez,23.58980677221298,31.94863686454889,8.358830092335914,0.771505376344086,1.2439024390243902,True,12.195121951219512,historical_import_fallback,exact_id_ufcstats_mirror,2024-03-02|alex perez|muhammad mokaev
2024-03-02,2024,Ludovit Klein,AJ Cunningham,Ludovit Klein,AJ Cunningham,29.02455218108517,29.48452055825924,0.4599683771740679,0.7894736842105263,2.4,True,70.0,historical_import_fallback,exact_id_ufcstats_mirror,2024-03-02|aj cunningham|ludovit klein
2024-03-02,2024,Aiemann Zahabi,Javid Basharat,Javid Basharat,Aiemann Zahabi,28.48518450070843,36.28548156361869,7.800297062910257,0.8524590163934427,1.125,False,-50.0,historical_import_fallback,exact_id_ufcstats_mirror,2024-03-02|aiemann zahabi|javid basharat
2024-03-02,2024,Vinicius Oliveira,Benardo Sopaj,Vinicius Oliveira,Benardo Sopaj,28.2552003121214,23.433746072814635,-4.821454239306764,0.5765973826020016,1.5714285714285714,True,28.57142857142857,historical_import_fallback,exact_id_ufcstats_mirror,2024-03-02|benardo sopaj|vinicius oliveira
2024-03-09,2024,Pedro Munhoz,Kyler Phillips,Kyler Phillips,Pedro Munhoz,28.74254775936535,37.50385018172857,8.761302422363222,0.6750312469954812,1.4201680672268908,True,21.00840336134454,historical_import_fallback,exact_id_ufcstats_mirror,2024-03-09|kyler phillips|pedro munhoz
2024-03-09,2024,Petr Yan,Song Yadong,Petr Yan,Song Yadong,31.072506622312574,26.26747982504774,-4.8050267972648335,0.5829926410466068,1.6451612903225803,True,32.25806451612902,historical_import_fallback,exact_id_ufcstats_mirror,2024-03-09|petr yan|song yadong
2024-03-09,2024,Michel Pereira,Michal Oleksiejczuk,Michel Pereira,Michal Oleksiejczuk,30.423622661656296,29.04371753013409,-1.3799051315222073,0.5829926410466068,1.6451612903225803,True,32.25806451612902,historical_import_fallback,exact_id_ufcstats_mirror,2024-03-09|michal oleksiejczuk|michel pereira
2024-03-09,2024,Mateusz Gamrot,Rafael Dos Anjos,Mateusz Gamrot,Rafael Dos Anjos,33.24366687885446,39.36836485348775,6.1246979746332855,0.7957758771164253,1.2061855670103092,True,10.30927835051546,historical_import_fallback,exact_id_ufcstats_mirror,2024-03-09|mateusz gamrot|rafael dos anjos
2024-03-09,2024,Sean O'Malley,Marlon Vera,Sean O'Malley,Marlon Vera,29.3750042779797,31.26689801980876,1.8918937418290585,0.7135512302607419,1.3448275862068966,True,17.24137931034483,historical_import_fallback,exact_id_ufcstats_mirror,2024-03-09|marlon vera|sean o malley
2024-03-09,2024,Kevin Holland,Michael Page,Kevin Holland,Michael Page,31.340821508997447,36.92341389624701,5.582592387249566,0.5634920634920635,1.704225352112676,False,-50.0,historical_import_fallback,exact_id_ufcstats_mirror,2024-03-09|kevin holland|michael page
2024-03-09,2024,Curtis Blaydes,Jailton Almeida,Jailton Almeida,Curtis Blaydes,32.70429919847772,33.05475129537225,0.3504520968945286,0.551441114716549,1.7407407407407407,False,-50.0,historical_import_fallback,exact_id_ufcstats_mirror,2024-03-09|curtis blaydes|jailton almeida
2024-03-09,2024,Robelis Despaigne,Josh Parisian,Robelis Despaigne,Josh Parisian,35.496964345606,34.69749549956536,-0.7994688460406465,0.757188498402556,1.2666666666666666,True,13.33333333333333,historical_import_fallback,exact_id_ufcstats_mirror,2024-03-09|josh parisian|robelis despaigne
2024-03-09,2024,Ion Cutelaba,Philipe Lins,Ion Cutelaba,Philipe Lins,30.23470707817409,38.56068228642614,8.325975208252054,0.551441114716549,1.7407407407407407,False,-50.0,historical_import_fallback,exact_id_ufcstats_mirror,2024-03-09|ion cutelaba|philipe lins
2024-03-09,2024,Gilbert Burns,Jack Della Maddalena,Jack Della Maddalena,Gilbert Burns,27.494062164178597,37.63800762507101,10.143945460892418,0.6037569709421778,1.5882352941176472,True,29.41176470588236,historical_import_fallback,exact_id_ufcstats_mirror,2024-03-09|gilbert burns|jack della maddalena
2024-03-09,2024,Katlyn Cerminara,Maycee Barber,Maycee Barber,Katlyn Cerminara,25.81024935488066,35.195794574837265,9.385545219956605,0.6224665518611737,1.5405405405405406,True,27.027027027027028,historical_import_fallback,exact_id_ufcstats_mirror,2024-03-09|katlyn cerminara|maycee barber
2024-03-09,2024,Dustin Poirier,Benoit Saint Denis,Benoit Saint Denis,Dustin Poirier,28.225083335044523,35.13556062068352,6.910477285638997,0.6574752261956054,1.4587155963302751,False,-50.0,historical_import_fallback,exact_id_ufcstats_mirror,2024-03-09|benoit saint denis|dustin poirier
2024-03-16,2024,Christian Rodriguez,Isaac Dulgarian,Isaac Dulgarian,Christian Rodriguez,27.69940518970273,26.245576568991837,-1.4538286207108977,0.644729178800233,1.4878048780487805,False,-50.0,historical_import_fallback,exact_id_ufcstats_mirror,2024-03-16|christian rodriguez|isaac dulgarian
2024-03-16,2024,Ovince Saint Preux,Kennedy Nzechukwu,Kennedy Nzechukwu,Ovince Saint Preux,31.7569833740597,40.93992347549916,9.182940101439456,0.827123695976155,1.16,False,-50.0,historical_import_fallback,exact_id_ufcstats_mirror,2024-03-16|kennedy nzechukwu|ovince saint preux
2024-03-16,2024,Tai Tuivasa,Marcin Tybura,Tai Tuivasa,Marcin Tybura,31.001321040130872,38.34986344688802,7.348542406757151,0.5173641257162701,1.847457627118644,False,-50.0,historical_import_fallback,exact_id_ufcstats_mirror,2024-03-16|marcin tybura|tai tuivasa
2024-03-23,2024,Kurt Holobaugh,Trey Ogden,Trey Ogden,Kurt Holobaugh,34.35525712369179,37.53944297281943,3.184185849127637,0.5324675324675325,1.8,True,40.0,historical_import_fallback,exact_id_ufcstats_mirror,2024-03-23|kurt holobaugh|trey ogden
2024-03-23,2024,Ricardo Ramos,Julian Erosa,Ricardo Ramos,Julian Erosa,28.643983107113765,34.64547526643258,6.001492159318811,0.6092362344582594,1.5714285714285714,False,-50.0,historical_import_fallback,exact_id_ufcstats_mirror,2024-03-23|julian erosa|ricardo ramos
2024-03-23,2024,Jarno Errens,Steven Nguyen,Steven Nguyen,Jarno Errens,30.845260340732526,29.34762520790981,-1.4976351328227118,0.593369754159424,1.617283950617284,False,-50.0,historical_import_fallback,exact_id_ufcstats_mirror,2024-03-23|jarno errens|steven nguyen
2024-03-23,2024,Fernando Padilla,Luis Pajuelo,Fernando Padilla,Luis Pajuelo,27.26955378960553,29.26275009069317,1.993196301087636,0.6164383561643836,1.5555555555555556,True,27.77777777777778,historical_import_fallback,exact_id_ufcstats_mirror,2024-03-23|fernando padilla|luis pajuelo
2024-03-23,2024,Montserrat Rendon,Daria Zhelezniakova,Daria Zhelezniakova,Montserrat Rendon,28.16484938089078,35.02056852639,6.855719145499222,0.7220792588780237,1.3278688524590163,True,16.393442622950815,historical_import_fallback,exact_id_ufcstats_mirror,2024-03-23|daria zhelezniakova|montserrat rendon
2024-03-23,2024,Karl Williams,Justin Tafa,Karl Williams,Justin Tafa,34.2101480523214,30.27577568327892,-3.934372369042485,0.644729178800233,1.4878048780487805,True,24.390243902439025,historical_import_fallback,exact_id_ufcstats_mirror,2024-03-23|justin tafa|karl williams
2024-03-23,2024,Payton Talbott,Cameron Saaiman,Payton Talbott,Cameron Saaiman,25.53645865418181,23.255782117360383,-2.280676536821428,0.593369754159424,1.617283950617284,True,30.864197530864203,historical_import_fallback,exact_id_ufcstats_mirror,2024-03-23|cameron saaiman|payton talbott
2024-03-23,2024,Billy Quarantillo,Youssef Zalal,Youssef Zalal,Billy Quarantillo,27.54882030431836,35.28888341307488,7.740063108756516,0.5427435387673957,1.7692307692307692,True,38.46153846153846,historical_import_fallback,exact_id_ufcstats_mirror,2024-03-23|billy quarantillo|youssef zalal
2024-03-23,2024,Amanda Ribas,Rose Namajunas,Rose Namajunas,Amanda Ribas,31.7323422109968,30.574207547040665,-1.1581346639561367,0.6574752261956054,1.4587155963302751,True,22.93577981651376,historical_import_fallback,exact_id_ufcstats_mirror,2024-03-23|amanda ribas|rose namajunas
2024-03-23,2024,Edmen Shahbazyan,AJ Dobson,Edmen Shahbazyan,AJ Dobson,26.33866540722944,32.17862105313593,5.839955645906485,0.6309403437815976,1.5208333333333337,True,26.04166666666669,historical_import_fallback,exact_id_ufcstats_mirror,2024-03-23|aj dobson|edmen shahbazyan
2024-03-23,2024,Miles Johns,Cody Gibson,Miles Johns,Cody Gibson,29.982819633531147,36.53189319424766,6.549073560716511,0.5634920634920635,1.704225352112676,True,35.2112676056338,historical_import_fallback,exact_id_ufcstats_mirror,2024-03-23|cody gibson|miles johns
2024-03-30,2024,Nursulton Ruziboev,Sedriques Dumas,Nursulton Ruziboev,Sedriques Dumas,30.36065080049556,28.649458921127746,-1.7111918793678171,0.690792883054068,1.3875968992248062,True,19.379844961240316,historical_import_fallback,exact_id_ufcstats_mirror,2024-03-30|nursulton ruziboev|sedriques dumas
2024-03-30,2024,Virna Jandiroba,Loopy Godinez,Loopy Godinez,Virna Jandiroba,30.56325591901271,35.83372690746559,5.270470988452878,0.6574752261956054,1.4587155963302751,False,-50.0,historical_import_fallback,exact_id_ufcstats_mirror,2024-03-30|loopy godinez|virna jandiroba
2024-03-30,2024,Vicente Luque,Joaquin Buckley,Vicente Luque,Joaquin Buckley,32.34015756654825,29.925323586384387,-2.4148339801638627,0.5720596355604639,1.6756756756756757,False,-50.0,historical_import_fallback,exact_id_ufcstats_mirror,2024-03-30|joaquin buckley|vicente luque
2024-03-30,2024,Nate Landwehr,Jamall Emmers,Jamall Emmers,Nate Landwehr,34.683805964530414,35.81456155841667,1.1307555938862563,0.6037569709421778,1.5882352941176472,False,-50.0,historical_import_fallback,exact_id_ufcstats_mirror,2024-03-30|jamall emmers|nate landwehr
2024-03-30,2024,Julio Arce,Herbert Burns,Julio Arce,Herbert Burns,34.4237047988665,36.15679993429024,1.7330951354237314,0.7408716136631331,1.2941176470588236,True,14.70588235294118,historical_import_fallback,exact_id_ufcstats_mirror,2024-03-30|herbert burns|julio arce
2024-03-30,2024,Erin Blanchfield,Manon Fiorot,Erin Blanchfield,Manon Fiorot,24.90674004257445,34.11432130707681,9.207581264502352,0.6574752261956054,1.4587155963302751,False,-50.0,historical_import_fallback,exact_id_ufcstats_mirror,2024-03-30|erin blanchfield|manon fiorot
2024-03-30,2024,Chidi Njokuani,Rhys McKee,Chidi Njokuani,Rhys McKee,35.245076900963056,28.553632175883145,-6.691444725079911,0.5427435387673957,1.7692307692307692,True,38.46153846153846,historical_import_fallback,exact_id_ufcstats_mirror,2024-03-30|chidi njokuani|rhys mckee
2024-03-30,2024,Chris Weidman,Bruno Silva,Bruno Silva,Chris Weidman,34.71392294160729,39.784526718550005,5.070603776942718,0.6092362344582594,1.5714285714285714,False,-50.0,historical_import_fallback,exact_id_ufcstats_mirror,2024-03-30|bruno silva|chris weidman
2024-03-30,2024,Bill Algeo,Kyle Nelson,Bill Algeo,Kyle Nelson,34.8070117798449,32.94523501509271,-1.861776764752186,0.7179705215419501,1.3355704697986577,False,-50.0,historical_import_fallback,exact_id_ufcstats_mirror,2024-03-30|bill algeo|kyle nelson
2024-03-30,2024,Ibo Aslan,Anton Turkalj,Ibo Aslan,Anton Turkalj,27.934865192303743,27.803445655968293,-0.13141953633545,0.5427435387673957,1.7692307692307692,True,38.46153846153846,historical_import_fallback,exact_id_ufcstats_mirror,2024-03-30|anton turkalj|ibo aslan
2024-03-30,2024,Dennis Buzukja,Connor Matthews,Dennis Buzukja,Connor Matthews,26.494726106627787,31.83090686324839,5.336180756620603,0.5173641257162701,1.847457627118644,True,42.3728813559322,historical_import_fallback,exact_id_ufcstats_mirror,2024-03-30|connor matthews|dennis buzukja
2024-04-06,2024,Dan Argueta,Jean Matsumoto,Jean Matsumoto,Dan Argueta,24.575453294728845,30.648131036229355,6.0726777415005095,0.5829926410466068,1.6451612903225803,True,32.25806451612902,historical_import_fallback,exact_id_ufcstats_mirror,2024-04-06|dan argueta|jean matsumoto
2024-04-06,2024,Melissa Mullins,Nora Cornolle,Melissa Mullins,Nora Cornolle,32.70703710548471,34.333353867635886,1.626316762151177,0.7508125677139762,1.2777777777777777,False,-50.0,historical_import_fallback,exact_id_ufcstats_mirror,2024-04-06|melissa mullins|nora cornolle
2024-04-06,2024,Pedro Falcao,Victor Hugo,Victor Hugo,Pedro Falcao,31.37093848607432,31.685797791878,0.3148593058036795,0.5829926410466068,1.6451612903225803,True,32.25806451612902,historical_import_fallback,exact_id_ufcstats_mirror,2024-04-06|pedro falcao|victor hugo
2024-04-06,2024,Valter Walker,Lukasz Brzeski,Valter Walker,Lukasz Brzeski,26.31128633715956,31.888402910395147,5.577116573235589,0.6853932584269663,1.4,False,-50.0,historical_import_fallback,exact_id_ufcstats_mirror,2024-04-06|lukasz brzeski|valter walker
2024-04-06,2024,Norma Dumont,Germaine de Randamie,Norma Dumont,Germaine de Randamie,33.51471967254632,39.951539045976304,6.436819373429984,0.5108342361863489,1.869565217391304,True,43.4782608695652,historical_import_fallback,exact_id_ufcstats_mirror,2024-04-06|germaine de randamie|norma dumont
2024-04-06,2024,Ignacio Bahamondes,Christos Giagos,Ignacio Bahamondes,Christos Giagos,26.609718200921304,34.20193433130044,7.592216130379132,0.725752508361204,1.3225806451612905,True,16.129032258064523,historical_import_fallback,exact_id_ufcstats_mirror,2024-04-06|christos giagos|ignacio bahamondes
2024-04-06,2024,Alexander Hernandez,Damon Jackson,Alexander Hernandez,Damon Jackson,31.513309650437723,35.66123876602531,4.147929115587591,0.6224665518611737,1.5405405405405406,False,-50.0,historical_import_fallback,exact_id_ufcstats_mirror,2024-04-06|alexander hernandez|damon jackson
2024-04-06,2024,Trevor Peek,Charlie Campbell,Charlie Campbell,Trevor Peek,28.761713108414277,29.24084683463726,0.4791337262229866,0.5829926410466068,1.6451612903225803,True,32.25806451612902,historical_import_fallback,exact_id_ufcstats_mirror,2024-04-06|charlie campbell|trevor peek
2024-04-06,2024,Dylan Budka,Cesar Almeida,Dylan Budka,Cesar Almeida,24.227739104841305,36.039069932989726,11.81133082814842,0.5996387718242023,1.6024096385542168,False,-50.0,historical_import_fallback,exact_id_ufcstats_mirror,2024-04-06|cesar almeida|dylan budka
2024-04-06,2024,Brendan Allen,Chris Curtis,Brendan Allen,Chris Curtis,28.27436566117032,36.72902249875083,8.454656837580512,0.6636481241914618,1.4444444444444444,True,22.22222222222222,historical_import_fallback,exact_id_ufcstats_mirror,2024-04-06|brendan allen|chris curtis
2024-04-06,2024,Court McGee,Alex Morono,Alex Morono,Court McGee,33.640663394867794,39.31634462035497,5.675681225487175,0.7508125677139762,1.2777777777777777,True,13.888888888888884,historical_import_fallback,exact_id_ufcstats_mirror,2024-04-06|alex morono|court mcgee
2024-04-06,2024,Morgan Charriere,Chepe Mariscal,Morgan Charriere,Chepe Mariscal,28.446853802610597,31.44212406825602,2.995270265645427,0.5634920634920635,1.704225352112676,False,-50.0,historical_import_fallback,exact_id_ufcstats_mirror,2024-04-06|chepe mariscal|morgan charriere
2024-04-13,2024,Zhang Weili,Yan Xiaonan,Zhang Weili,Yan Xiaonan,34.667378522488484,34.82617712889382,0.1587986064053339,0.786743515850144,1.21978021978022,True,10.989010989011003,historical_import_fallback,exact_id_ufcstats_mirror,2024-04-13|yan xiaonan|zhang weili
2024-04-13,2024,Holly Holm,Kayla Harrison,Kayla Harrison,Holly Holm,33.7830345592312,42.48957884145465,8.706544282223454,0.786743515850144,1.21978021978022,True,10.989010989011003,historical_import_fallback,exact_id_ufcstats_mirror,2024-04-13|holly holm|kayla harrison
2024-04-13,2024,Sodiq Yusuff,Diego Lopes,Diego Lopes,Sodiq Yusuff,29.287391253756063,30.90275638787929,1.6153651341232198,0.5634920634920635,1.704225352112676,True,35.2112676056338,historical_import_fallback,exact_id_ufcstats_mirror,2024-04-13|diego lopes|sodiq yusuff
2024-04-13,2024,Bo Nickal,Cody Brundage,Bo Nickal,Cody Brundage,28.246986591100438,29.911634051349445,1.664647460249011,0.903954802259887,1.0625,True,3.125,historical_import_fallback,exact_id_ufcstats_mirror,2024-04-13|bo nickal|cody brundage
2024-04-13,2024,Justin Gaethje,Max Holloway,Justin Gaethje,Max Holloway,35.412089228389355,32.35932291559717,-3.052766312792187,0.6224665518611737,1.5405405405405406,False,-50.0,historical_import_fallback,exact_id_ufcstats_mirror,2024-04-13|justin gaethje|max holloway
2024-04-13,2024,Calvin Kattar,Aljamain Sterling,Aljamain Sterling,Calvin Kattar,34.70297131357933,36.05002156101768,1.3470502474383466,0.6224665518611737,1.5405405405405406,True,27.027027027027028,historical_import_fallback,exact_id_ufcstats_mirror,2024-04-13|aljamain sterling|calvin kattar
2024-04-13,2024,Alex Pereira,Jamahal Hill,Alex Pereira,Jamahal Hill,36.770091103855655,32.90416640998789,-3.865924693867768,0.5427435387673957,1.7692307692307692,True,38.46153846153846,historical_import_fallback,exact_id_ufcstats_mirror,2024-04-13|alex pereira|jamahal hill
2024-04-13,2024,Jiri Prochazka,Aleksandar Rakic,Aleksandar Rakic,Jiri Prochazka,32.184096867149904,31.496882208395792,-0.6872146587541117,0.5324675324675325,1.8,False,-50.0,historical_import_fallback,exact_id_ufcstats_mirror,2024-04-13|aleksandar rakic|jiri prochazka
2024-04-13,2024,Charles Oliveira,Arman Tsarukyan,Arman Tsarukyan,Charles Oliveira,27.505013792206547,34.48941456703423,6.984400774827684,0.6653336139760051,1.4587155963302751,True,22.93577981651376,historical_import_fallback,exact_id_ufcstats_mirror,2024-04-13|arman tsarukyan|charles oliveira
2024-04-27,2024,Austin Hubbard,Michal Figlak,Michal Figlak,Austin Hubbard,27.69940518970273,32.348371287569215,4.648966097866484,0.6092362344582594,1.5714285714285714,False,-50.0,historical_import_fallback,exact_id_ufcstats_mirror,2024-04-27|austin hubbard|michal figlak
2024-04-27,2024,Don'Tale Mayes,Caio Machado,Caio Machado,Don'Tale Mayes,29.77200079399303,32.279923612394505,2.5079228184014752,0.551441114716549,1.7407407407407407,False,-50.0,historical_import_fallback,exact_id_ufcstats_mirror,2024-04-27|caio machado|don tale mayes
2024-04-27,2024,James Llontop,Chris Padilla,James Llontop,Chris Padilla,24.736989808141168,28.61934194405087,3.882352135909702,0.786743515850144,1.21978021978022,False,-50.0,historical_import_fallback,exact_id_ufcstats_mirror,2024-04-27|chris padilla|james llontop
2024-04-27,2024,Jonathan Pearce,David Onama,Jonathan Pearce,David Onama,31.98970546965372,29.889730795293534,-2.0999746743601837,0.593369754159424,1.617283950617284,False,-50.0,historical_import_fallback,exact_id_ufcstats_mirror,2024-04-27|david onama|jonathan pearce
2024-04-27,2024,Gabriel Benitez,Maheshate,Maheshate,Gabriel Benitez,24.40570306029556,35.86658179154945,11.460878731253892,0.6690070210631895,1.434782608695652,True,21.73913043478261,historical_import_fallback,exact_id_ufcstats_mirror,2024-04-27|gabriel benitez|maheshate
2024-04-27,2024,Marnic Mann,Ketlen Souza,Ketlen Souza,Marnic Mann,29.692601490790366,31.146430111501264,1.4538286207108977,0.7477827050997783,1.2816901408450705,True,14.084507042253524,historical_import_fallback,exact_id_ufcstats_mirror,2024-04-27|ketlen souza|marnic mann
2024-04-27,2024,Rani Yahya,Victor Henry,Victor Henry,Rani Yahya,36.98364785040076,39.62299020513768,2.639342354736925,0.757188498402556,1.2666666666666666,True,13.33333333333333,historical_import_fallback,exact_id_ufcstats_mirror,2024-04-27|rani yahya|victor henry
2024-04-27,2024,Tim Means,Uros Medic,Uros Medic,Tim Means,31.00679685414485,40.184261141570325,9.177464287425476,0.6955128205128205,1.3571428571428572,True,17.85714285714286,historical_import_fallback,exact_id_ufcstats_mirror,2024-04-27|tim means|uros medic
2024-05-04,2024,Karolina Kowalkiewicz,Iasmin Lucindo,Iasmin Lucindo,Karolina Kowalkiewicz,22.319417920970317,38.55246856540518,16.233050644434865,0.7477827050997783,1.2816901408450705,True,14.084507042253524,historical_import_fallback,exact_id_ufcstats_mirror,2024-05-04|iasmin lucindo|karolina kowalkiewicz
2024-05-04,2024,Jack Shore,Joanderson Brito,Joanderson Brito,Jack Shore,29.22715729960232,29.24084683463726,0.0136895350349419,0.6574752261956054,1.4587155963302751,True,22.93577981651376,historical_import_fallback,exact_id_ufcstats_mirror,2024-05-04|jack shore|joanderson brito
2024-05-04,2024,Michel Pereira,Ihor Potieria,Michel Pereira,Ihor Potieria,30.576945454047653,27.932127285296755,-2.6448181687508985,0.7957758771164253,1.2061855670103092,True,10.30927835051546,historical_import_fallback,exact_id_ufcstats_mirror,2024-05-04|ihor potieria|michel pereira
2024-05-04,2024,Elves Brener,Myktybek Orolbai,Myktybek Orolbai,Elves Brener,26.229149126949903,26.60150447990034,0.3723553529504357,0.6853932584269663,1.4,True,20.0,historical_import_fallback,exact_id_ufcstats_mirror,2024-05-04|elves brener|myktybek orolbai
2024-05-04,2024,Jose Aldo,Jonathan Martinez,Jonathan Martinez,Jose Aldo,30.040315680677907,37.651697160105954,7.611381479428047,0.5996387718242023,1.6024096385542168,False,-50.0,historical_import_fallback,exact_id_ufcstats_mirror,2024-05-04|jonathan martinez|jose aldo
2024-05-04,2024,Paul Craig,Caio Borralho,Caio Borralho,Paul Craig,31.29701499688563,36.43606644900306,5.139051452117428,0.8042929292929294,1.1923076923076923,True,9.615384615384617,historical_import_fallback,exact_id_ufcstats_mirror,2024-05-04|caio borralho|paul craig
2024-05-04,2024,Anthony Smith,Vitor Petrino,Vitor Petrino,Anthony Smith,26.683641690109997,35.77349295331184,9.089851263201844,0.771505376344086,1.2439024390243902,False,-50.0,historical_import_fallback,exact_id_ufcstats_mirror,2024-05-04|anthony smith|vitor petrino
2024-05-04,2024,Alexandre Pantoja,Steve Erceg,Alexandre Pantoja,Steve Erceg,34.05134944591607,28.772664736442227,-5.27868470947384,0.6164383561643836,1.5555555555555556,True,27.77777777777778,historical_import_fallback,exact_id_ufcstats_mirror,2024-05-04|alexandre pantoja|steve erceg
2024-05-04,2024,Joaquim Silva,Drakkar Klose,Drakkar Klose,Joaquim Silva,36.154062027283246,35.24233899395607,-0.9117230333271776,0.6287128712871287,1.5,True,25.0,historical_import_fallback,exact_id_ufcstats_mirror,2024-05-04|drakkar klose|joaquim silva
2024-05-11,2024,Tabatha Ricci,Tecia Pennington,Tabatha Ricci,Tecia Pennington,29.218943578581356,34.735826197663194,5.516882619081841,0.5789895749799518,1.6578947368421053,True,32.89473684210527,historical_import_fallback,exact_id_ufcstats_mirror,2024-05-11|tabatha ricci|tecia pennington
2024-05-11,2024,Waldo Cortes-Acosta,Robelis Despaigne,Robelis Despaigne,Waldo Cortes-Acosta,35.66945248704628,32.60573454622614,-3.0637179408201405,0.6690070210631895,1.434782608695652,False,-50.0,historical_import_fallback,exact_id_ufcstats_mirror,2024-05-11|robelis despaigne|waldo cortes acosta
2024-05-11,2024,JJ Aldrich,Veronica Hardy,Veronica Hardy,JJ Aldrich,28.53172891982724,31.614612209696297,3.0828832898690592,0.5173641257162701,1.847457627118644,True,42.3728813559322,historical_import_fallback,exact_id_ufcstats_mirror,2024-05-11|jj aldrich|veronica hardy
2024-05-11,2024,Terrance McKinney,Esteban Ribovics,Esteban Ribovics,Terrance McKinney,28.038905658569306,29.654270792692525,1.6153651341232198,0.5689655172413793,1.6666666666666663,True,33.333333333333314,historical_import_fallback,exact_id_ufcstats_mirror,2024-05-11|esteban ribovics|terrance mckinney
2024-05-11,2024,Charles Johnson,Jake Hadley,Charles Johnson,Jake Hadley,33.33401781008508,27.770590771884432,-5.563427038200647,0.5173641257162701,1.847457627118644,True,42.3728813559322,historical_import_fallback,exact_id_ufcstats_mirror,2024-05-11|charles johnson|jake hadley
2024-05-11,2024,Billy Ray Goff,Trey Waters,Trey Waters,Billy Ray Goff,29.218943578581356,25.897862379104293,-3.32108119947706,0.5893794380981784,1.6024096385542168,True,30.12048192771084,historical_import_fallback,exact_id_ufcstats_mirror,2024-05-11|billy ray goff|trey waters
2024-05-11,2024,Alex Caceres,Sean Woodson,Sean Woodson,Alex Caceres,31.926733608492988,35.891222954612346,3.9644893461193575,0.7055341817105653,1.3355704697986577,True,16.778523489932883,historical_import_fallback,exact_id_ufcstats_mirror,2024-05-11|alex caceres|sean woodson
2024-05-11,2024,Chase Hooper,Viacheslav Borshchev,Viacheslav Borshchev,Chase Hooper,32.34015756654825,24.66032841194549,-7.679829154602761,0.5101214574898786,1.8333333333333333,False,-50.0,historical_import_fallback,exact_id_ufcstats_mirror,2024-05-11|chase hooper|viacheslav borshchev
2024-05-18,2024,Khaos Williams,Carlston Harris,Khaos Williams,Carlston Harris,30.136142425922504,36.86044203508628,6.724299609163776,0.5260865852617197,1.819672131147541,True,40.98360655737705,historical_import_fallback,exact_id_ufcstats_mirror,2024-05-18|carlston harris|khaos williams
2024-05-18,2024,Edson Barboza,Lerone Murphy,Lerone Murphy,Edson Barboza,32.82476710678522,38.32248437681814,5.497717270032922,0.5893794380981784,1.6024096385542168,True,30.12048192771084,historical_import_fallback,exact_id_ufcstats_mirror,2024-05-18|edson barboza|lerone murphy
2024-05-18,2024,Themba Gorimbo,Ramiz Brahimaj,Themba Gorimbo,Ramiz Brahimaj,33.31759036804315,31.49962011540278,-1.817970252640368,0.5260865852617197,1.819672131147541,True,40.98360655737705,historical_import_fallback,exact_id_ufcstats_mirror,2024-05-18|ramiz brahimaj|themba gorimbo
2024-06-08,2024,Raul Rosas Jr.,Ricky Turcios,Raul Rosas Jr.,Ricky Turcios,19.66638603119845,31.00953476115184,11.343148729953388,0.7055341817105653,1.3355704697986577,True,16.778523489932883,historical_import_fallback,exact_id_ufcstats_mirror,2024-06-08|raul rosas|ricky turcios
2024-06-08,2024,Miguel Baeza,Punahele Soriano,Miguel Baeza,Punahele Soriano,31.79257616515055,31.543426627514595,-0.2491495376359545,0.6309403437815976,1.5208333333333337,False,-50.0,historical_import_fallback,exact_id_ufcstats_mirror,2024-06-08|miguel baeza|punahele soriano
2024-06-08,2024,Jared Cannonier,Nassourdine Imavov,Nassourdine Imavov,Jared Cannonier,29.273701718721124,40.23080556068913,10.957103841968005,0.5427435387673957,1.7692307692307692,True,38.46153846153846,historical_import_fallback,exact_id_ufcstats_mirror,2024-06-08|jared cannonier|nassourdine imavov
2024-06-08,2024,Dominick Reyes,Dustin Jacoby,Dustin Jacoby,Dominick Reyes,36.17870319034614,34.451083868936394,-1.7276193214097475,0.6744186046511629,1.4,False,-50.0,historical_import_fallback,exact_id_ufcstats_mirror,2024-06-08|dominick reyes|dustin jacoby
2024-06-08,2024,Brunno Ferreira,Dustin Stoltzfus,Brunno Ferreira,Dustin Stoltzfus,31.59270895364039,32.56466594112131,0.9719569874809224,0.7095435684647303,1.350877192982456,True,17.543859649122794,historical_import_fallback,exact_id_ufcstats_mirror,2024-06-08|brunno ferreira|dustin stoltzfus
2024-06-15,2024,Melquizael Costa,Shayilan Nuerdanbieke,Melquizael Costa,Shayilan Nuerdanbieke,27.751425422835517,30.116977076873585,2.365551654038072,0.6634806849860614,1.4201680672268908,True,21.00840336134454,historical_import_fallback,exact_id_ufcstats_mirror,2024-06-15|melquizael costa|shayilan nuerdanbieke
2024-06-15,2024,Timmy Cuamba,Lucas Almeida,Timmy Cuamba,Lucas Almeida,25.350280977706596,33.37234850818292,8.022067530476324,0.6369041816941222,1.5050505050505052,False,-50.0,historical_import_fallback,exact_id_ufcstats_mirror,2024-06-15|lucas almeida|timmy cuamba
2024-06-15,2024,Josefine Knutsson,Julia Polastri,Josefine Knutsson,Julia Polastri,28.413998918526733,26.28116936008269,-2.1328295584440475,0.6439672223792031,1.4651162790697674,True,23.25581395348837,historical_import_fallback,exact_id_ufcstats_mirror,2024-06-15|josefine knutsson|julia polastri
2024-06-15,2024,Jimmy Flick,Nate Maness,Nate Maness,Jimmy Flick,32.96987617815561,33.772082931203244,0.8022067530476349,0.8284518828451883,1.1388888888888888,True,6.944444444444442,historical_import_fallback,exact_id_ufcstats_mirror,2024-06-15|jimmy flick|nate maness
2024-06-15,2024,Douglas Silva de Andrade,Miles Johns,Miles Johns,Douglas Silva de Andrade,30.212803822118182,38.98231996550237,8.769516143384188,0.6067415730337078,1.5555555555555556,True,27.77777777777778,historical_import_fallback,exact_id_ufcstats_mirror,2024-06-15|douglas silva de andrade|miles johns
2024-06-15,2024,Jeka Saragih,Westin Wilson,Jeka Saragih,Westin Wilson,29.454403581182365,35.39018597233345,5.935782391151083,0.7380410022779044,1.2777777777777777,False,-50.0,historical_import_fallback,exact_id_ufcstats_mirror,2024-06-15|jeka saragih|westin wilson
2024-06-15,2024,Brady Hiestand,Garrett Armfield,Garrett Armfield,Brady Hiestand,27.6829777476608,25.12851051014052,-2.554467237520278,0.7095435684647303,1.350877192982456,False,-50.0,historical_import_fallback,exact_id_ufcstats_mirror,2024-06-15|brady hiestand|garrett armfield
2024-06-15,2024,Asu Almabayev,Jose Johnson,Asu Almabayev,Jose Johnson,30.388029870565447,29.07383450721096,-1.3141953633544858,0.7659021045164341,1.2531645569620251,True,12.658227848101255,historical_import_fallback,exact_id_ufcstats_mirror,2024-06-15|asu almabayev|jose johnson
2024-06-15,2024,Alex Perez,Tatsuro Taira,Tatsuro Taira,Alex Perez,24.383799804239647,32.23611710028269,7.852317296043044,0.6805678793256433,1.3846153846153846,True,19.23076923076923,historical_import_fallback,exact_id_ufcstats_mirror,2024-06-15|alex perez|tatsuro taira
2024-06-15,2024,Josh Quinlan,Adam Fugitt,Josh Quinlan,Adam Fugitt,31.35451104403239,35.42304085641731,4.06852981238492,0.558797046641455,1.6896551724137931,False,-50.0,historical_import_fallback,exact_id_ufcstats_mirror,2024-06-15|adam fugitt|josh quinlan
2024-06-15,2024,Carli Judice,Gabriella Fernandes,Gabriella Fernandes,Carli Judice,30.83978452671855,25.290047023552845,-5.549737503165705,0.593369754159424,1.617283950617284,True,30.864197530864203,historical_import_fallback,exact_id_ufcstats_mirror,2024-06-15|carli judice|gabriella fernandes
2024-06-22,2024,Nasrat Haqparast,Jared Gordon,Nasrat Haqparast,Jared Gordon,28.835636597602964,35.79265830236076,6.957021704757793,0.6853932584269663,1.4,True,20.0,historical_import_fallback,exact_id_ufcstats_mirror,2024-06-22|jared gordon|nasrat haqparast
2024-06-22,2024,Rinat Fakhretdinov,Nicolas Dalby,Rinat Fakhretdinov,Nicolas Dalby,32.7344161755546,39.59834904207479,6.863932866520187,0.7659021045164341,1.2531645569620251,True,12.658227848101255,historical_import_fallback,exact_id_ufcstats_mirror,2024-06-22|nicolas dalby|rinat fakhretdinov
2024-06-22,2024,Kyung Ho Kang,Muin Gafurov,Muin Gafurov,Kyung Ho Kang,28.099139612723054,36.78651854589759,8.687378933174532,0.6230031948881789,1.5128205128205128,True,25.64102564102564,historical_import_fallback,exact_id_ufcstats_mirror,2024-06-22|kyung ho kang|muin gafurov
2024-06-22,2024,Johnny Walker,Volkan Oezdemir,Johnny Walker,Volkan Oezdemir,32.230641286268714,34.7577294537191,2.527088167450387,0.5427435387673957,1.7692307692307692,False,-50.0,historical_import_fallback,exact_id_ufcstats_mirror,2024-06-22|johnny walker|volkan oezdemir
2024-06-22,2024,Robert Whittaker,Ikram Aliskerov,Robert Whittaker,Ikram Aliskerov,33.506505951525355,31.540688720507607,-1.9658172310177484,0.5306122448979592,1.7692307692307692,True,38.46153846153846,historical_import_fallback,exact_id_ufcstats_mirror,2024-06-22|ikram aliskerov|robert whittaker
2024-06-22,2024,Magomed Gadzhiyasulov,Brendson Ribeiro,Magomed Gadzhiyasulov,Brendson Ribeiro,30.631703594187424,27.787018213926363,-2.844685380261062,0.7581792318634424,1.2439024390243902,True,12.195121951219512,historical_import_fallback,exact_id_ufcstats_mirror,2024-06-22|brendson ribeiro|magomed gadzhiyasulov
2024-06-22,2024,Kelvin Gastelum,Daniel Rodriguez,Kelvin Gastelum,Daniel Rodriguez,32.663230593372894,37.47647111165869,4.813240518285795,0.6498905908096281,1.4545454545454546,True,22.72727272727273,historical_import_fallback,exact_id_ufcstats_mirror,2024-06-22|daniel rodriguez|kelvin gastelum
2024-06-22,2024,Shara Magomedov,Antonio Trocoli,Shara Magomedov,Antonio Trocoli,30.10328754183864,33.54483664962319,3.441549107784553,0.8422876949740035,1.123456790123457,True,6.172839506172845,historical_import_fallback,exact_id_ufcstats_mirror,2024-06-22|antonio trocoli|shara magomedov
2024-06-22,2024,Sergei Pavlovich,Alexander Volkov,Sergei Pavlovich,Alexander Volkov,32.11017337796122,35.66123876602531,3.551065388064096,0.6634806849860614,1.4201680672268908,False,-50.0,historical_import_fallback,exact_id_ufcstats_mirror,2024-06-22|alexander volkov|sergei pavlovich
2024-06-22,2024,Muhammad Naimov,Felipe Lima,Muhammad Naimov,Felipe Lima,29.8760412602586,26.12784656769133,-3.7481946925672673,0.551441114716549,1.7407407407407407,False,-50.0,historical_import_fallback,exact_id_ufcstats_mirror,2024-06-22|felipe lima|muhammad naimov
2024-06-29,2024,Payton Talbott,Yanis Ghemmouri,Payton Talbott,Yanis Ghemmouri,25.804773540866684,29.429762418119463,3.6249888772527834,0.8998646820027064,1.0571428571428572,True,2.857142857142858,historical_import_fallback,exact_id_ufcstats_mirror,2024-06-29|payton talbott|yanis ghemmouri
2024-06-29,2024,Mayra Bueno Silva,Macy Chiasson,Macy Chiasson,Mayra Bueno Silva,32.926069666043794,32.85488408386209,-0.0711855821817053,0.5203045685279188,1.8,True,40.0,historical_import_fallback,exact_id_ufcstats_mirror,2024-06-29|macy chiasson|mayra bueno silva
2024-06-29,2024,Joe Pyfer,Marc-Andre Barriault,Joe Pyfer,Marc-Andre Barriault,27.781542399912382,34.36073293770577,6.579190537793384,0.7307110438729199,1.289855072463768,True,14.492753623188404,historical_import_fallback,exact_id_ufcstats_mirror,2024-06-29|joe pyfer|marc andre barriault
2024-06-29,2024,Ian Machado Garry,Michael Page,Ian Machado Garry,Michael Page,26.615194014935284,37.23005948102973,10.614865466094445,0.6287128712871287,1.5,True,25.0,historical_import_fallback,exact_id_ufcstats_mirror,2024-06-29|ian machado garry|michael page
2024-06-29,2024,Dan Ige,Diego Lopes,Diego Lopes,Dan Ige,29.49821009329418,32.89869059597391,3.4004805026797307,0.7179705215419501,1.3355704697986577,True,16.778523489932883,historical_import_fallback,exact_id_ufcstats_mirror,2024-06-29|dan ige|diego lopes
2024-06-29,2024,Anthony Smith,Roman Dolidze,Roman Dolidze,Anthony Smith,35.95693272278007,35.926815745703195,-0.0301169770768723,0.558797046641455,1.6896551724137931,True,34.48275862068966,historical_import_fallback,exact_id_ufcstats_mirror,2024-06-29|anthony smith|roman dolidze
2024-06-29,2024,Cub Swanson,Andre Fili,Andre Fili,Cub Swanson,34.01301874781823,40.65791905377934,6.644900305961109,0.6634806849860614,1.4201680672268908,True,21.00840336134454,historical_import_fallback,exact_id_ufcstats_mirror,2024-06-29|andre fili|cub swanson
2024-06-29,2024,Alex Pereira,Jiri Prochazka,Alex Pereira,Jiri Prochazka,36.98090994339377,31.707701047933902,-5.273208895459863,0.558797046641455,1.6896551724137931,True,34.48275862068966,historical_import_fallback,exact_id_ufcstats_mirror,2024-06-29|alex pereira|jiri prochazka
2024-06-29,2024,Charles Jourdain,Jean Silva,Charles Jourdain,Jean Silva,28.589224966974,27.543344490304385,-1.0458804766696126,0.551441114716549,1.7407407407407407,False,-50.0,historical_import_fallback,exact_id_ufcstats_mirror,2024-06-29|charles jourdain|jean silva
2024-07-13,2024,Rose Namajunas,Tracy Cortez,Rose Namajunas,Tracy Cortez,32.03898779577952,30.590634989082595,-1.4483528066969242,0.6864406779661018,1.3703703703703702,True,18.518518518518512,historical_import_fallback,exact_id_ufcstats_mirror,2024-07-13|rose namajunas|tracy cortez
2024-07-13,2024,Santiago Ponzinibbio,Muslim Salikhov,Santiago Ponzinibbio,Muslim Salikhov,37.796806231476346,40.09391021033971,2.297103978863362,0.6152818594710127,1.5319148936170213,False,-50.0,historical_import_fallback,exact_id_ufcstats_mirror,2024-07-13|muslim salikhov|santiago ponzinibbio
2024-07-13,2024,Luana Santos,Mariya Agapova,Luana Santos,Mariya Agapova,24.241428639876247,27.266815882598543,3.0253872427222994,0.7640449438202247,1.2352941176470589,True,11.764705882352944,historical_import_fallback,exact_id_ufcstats_mirror,2024-07-13|luana santos|mariya agapova
2024-07-13,2024,Jasmine Jasudavicius,Fatima Kline,Jasmine Jasudavicius,Fatima Kline,35.36828271627754,24.00323073026825,-11.365051986009297,0.5795601552393274,1.625,True,31.25,historical_import_fallback,exact_id_ufcstats_mirror,2024-07-13|fatima kline|jasmine jasudavicius
2024-07-13,2024,Julian Erosa,Christian Rodriguez,Christian Rodriguez,Julian Erosa,26.571387502823463,34.95212085121529,8.380733348391825,0.700162074554295,1.3703703703703702,False,-50.0,historical_import_fallback,exact_id_ufcstats_mirror,2024-07-13|christian rodriguez|julian erosa
2024-07-13,2024,Montel Jackson,Da'Mon Blackshear,Montel Jackson,Da'Mon Blackshear,32.21968965824076,29.91984777237041,-2.29984188587035,0.5108342361863489,1.869565217391304,True,43.4782608695652,historical_import_fallback,exact_id_ufcstats_mirror,2024-07-13|da mon blackshear|montel jackson
2024-07-13,2024,Joshua Van,Charles Johnson,Joshua Van,Charles Johnson,22.757483042088477,33.506505951525355,10.74902290943688,0.700162074554295,1.3703703703703702,False,-50.0,historical_import_fallback,exact_id_ufcstats_mirror,2024-07-13|charles johnson|joshua van
2024-07-13,2024,Gabriel Bonfim,Ange Loosa,Gabriel Bonfim,Ange Loosa,26.8971984366551,31.321656159948528,4.424457723293429,0.771505376344086,1.2439024390243902,True,12.195121951219512,historical_import_fallback,exact_id_ufcstats_mirror,2024-07-13|ange loosa|gabriel bonfim
2024-07-13,2024,Drew Dober,Jean Silva,Drew Dober,Jean Silva,35.73242434820701,27.581675188402222,-8.150749159804786,0.5,1.9090909090909087,False,-50.0,historical_import_fallback,exact_id_ufcstats_mirror,2024-07-13|drew dober|jean silva
2024-07-20,2024,Amanda Lemos,Virna Jandiroba,Virna Jandiroba,Amanda Lemos,36.140372492248304,37.164349712862,1.0239772206136948,0.5101214574898786,1.8333333333333333,True,41.66666666666666,historical_import_fallback,exact_id_ufcstats_mirror,2024-07-20|amanda lemos|virna jandiroba
2024-07-20,2024,Dooho Choi,Bill Algeo,Bill Algeo,Dooho Choi,35.113657364627606,33.27925966994531,-1.8343976946822949,0.6690070210631895,1.434782608695652,False,-50.0,historical_import_fallback,exact_id_ufcstats_mirror,2024-07-20|bill algeo|dooho choi
2024-07-20,2024,Cody Durden,Bruno Silva,Bruno Silva,Cody Durden,34.34704340267083,33.31211455402917,-1.0349288486416557,0.5795601552393274,1.625,True,31.25,historical_import_fallback,exact_id_ufcstats_mirror,2024-07-20|bruno silva|cody durden
2024-07-20,2024,JeongYeong Lee,Hyder Amil,JeongYeong Lee,Hyder Amil,28.685051712218595,34.14717619116067,5.462124478942073,0.6574752261956054,1.4587155963302751,False,-50.0,historical_import_fallback,exact_id_ufcstats_mirror,2024-07-20|hyder amil|jeongyeong lee
2024-07-20,2024,Kurt Holobaugh,Kaynan Kruschewsky,Kaynan Kruschewsky,Kurt Holobaugh,33.29568711198724,37.86525390665106,4.569566794663821,0.5795601552393274,1.625,False,-50.0,historical_import_fallback,exact_id_ufcstats_mirror,2024-07-20|kaynan kruschewsky|kurt holobaugh
2024-07-20,2024,Steve Garcia,SeungWoo Choi,Steve Garcia,SeungWoo Choi,32.162193611094,31.71043895494089,-0.4517546561531027,0.6092362344582594,1.5714285714285714,True,28.57142857142857,historical_import_fallback,exact_id_ufcstats_mirror,2024-07-20|seungwoo choi|steve garcia
2024-07-27,2024,Tom Aspinall,Curtis Blaydes,Tom Aspinall,Curtis Blaydes,31.29427708987864,33.438058276350645,2.1437811864720047,0.7640449438202247,1.2352941176470589,True,11.764705882352944,historical_import_fallback,exact_id_ufcstats_mirror,2024-07-27|curtis blaydes|tom aspinall
2024-07-27,2024,Nathaniel Wood,Daniel Pineda,Nathaniel Wood,Daniel Pineda,31.22035360068995,38.974106244481405,7.753752643791454,0.7783132530120482,1.2105263157894737,True,10.526315789473683,historical_import_fallback,exact_id_ufcstats_mirror,2024-07-27|daniel pineda|nathaniel wood
2024-07-27,2024,Christian Leroy Duncan,Gregory Rodrigues,Christian Leroy Duncan,Gregory Rodrigues,29.010862646050228,32.44146012580683,3.4305974797565995,0.5217391304347827,1.8333333333333333,False,-50.0,historical_import_fallback,exact_id_ufcstats_mirror,2024-07-27|christian leroy duncan|gregory rodrigues
2024-07-27,2024,Muhammad Mokaev,Manel Kape,Muhammad Mokaev,Manel Kape,23.992279102240293,30.70015126936213,6.707872167121842,0.6498905908096281,1.4545454545454546,True,22.72727272727273,historical_import_fallback,exact_id_ufcstats_mirror,2024-07-27|manel kape|muhammad mokaev
2024-07-27,2024,Molly McCann,Bruna Brasil,Molly McCann,Bruna Brasil,34.23205130837731,30.88632894583736,-3.345722362539952,0.7307110438729199,1.289855072463768,False,-50.0,historical_import_fallback,exact_id_ufcstats_mirror,2024-07-27|bruna brasil|molly mccann
2024-07-27,2024,Leon Edwards,Belal Muhammad,Leon Edwards,Belal Muhammad,32.923331759036806,36.05002156101768,3.126689801980873,0.6864406779661018,1.3703703703703702,False,-50.0,historical_import_fallback,exact_id_ufcstats_mirror,2024-07-27|belal muhammad|leon edwards
2024-07-27,2024,Arnold Allen,Giga Chikadze,Arnold Allen,Giga Chikadze,30.511235685879928,35.92133993168922,5.41010424580929,0.700162074554295,1.3703703703703702,True,18.518518518518512,historical_import_fallback,exact_id_ufcstats_mirror,2024-07-27|arnold allen|giga chikadze
2024-07-27,2024,Jake Hadley,Caolan Loughran,Caolan Loughran,Jake Hadley,28.192228450960663,27.98140961142255,-0.2108188395381134,0.6750312469954812,1.4201680672268908,False,-50.0,historical_import_fallback,exact_id_ufcstats_mirror,2024-07-27|caolan loughran|jake hadley
2024-08-03,2024,Shara Magomedov,Michal Oleksiejczuk,Shara Magomedov,Michal Oleksiejczuk,30.21827963613216,29.4461898601614,-0.772089775970759,0.7307110438729199,1.289855072463768,True,14.492753623188404,historical_import_fallback,exact_id_ufcstats_mirror,2024-08-03|michal oleksiejczuk|shara magomedov
2024-08-03,2024,Tony Ferguson,Michael Chiesa,Michael Chiesa,Tony Ferguson,36.65783691656913,40.47447928431111,3.816642367741977,0.795134443021767,1.1851851851851851,True,9.259259259259256,historical_import_fallback,exact_id_ufcstats_mirror,2024-08-03|michael chiesa|tony ferguson
2024-08-03,2024,Mackenzie Dern,Loopy Godinez,Mackenzie Dern,Loopy Godinez,31.362724765053358,30.908232201893263,-0.4544925631600911,0.550561797752809,1.7142857142857144,True,35.71428571428572,historical_import_fallback,exact_id_ufcstats_mirror,2024-08-03|loopy godinez|mackenzie dern
2024-08-03,2024,Mohammad Yahya,Kaue Fernandes,Kaue Fernandes,Mohammad Yahya,29.383217999000664,30.19911428708324,0.8158962880825733,0.7307110438729199,1.289855072463768,True,14.492753623188404,historical_import_fallback,exact_id_ufcstats_mirror,2024-08-03|kaue fernandes|mohammad yahya
2024-08-03,2024,Jai Herbert,Rolando Bedoya,Jai Herbert,Rolando Bedoya,36.225247609464944,27.554296118332346,-8.670951491132602,0.5101214574898786,1.8333333333333333,True,41.66666666666666,historical_import_fallback,exact_id_ufcstats_mirror,2024-08-03|jai herbert|rolando bedoya
2024-08-03,2024,Guram Kutateladze,Jordan Vucenic,Guram Kutateladze,Jordan Vucenic,32.57014175513529,28.4222126395477,-4.147929115587591,0.5795601552393274,1.625,True,31.25,historical_import_fallback,exact_id_ufcstats_mirror,2024-08-03|guram kutateladze|jordan vucenic
2024-08-03,2024,Viktoriia Dudakova,Sam Hughes,Viktoriia Dudakova,Sam Hughes,25.52003121213988,32.099221749933264,6.579190537793384,0.6571428571428573,1.434782608695652,False,-50.0,historical_import_fallback,exact_id_ufcstats_mirror,2024-08-03|sam hughes|viktoriia dudakova
2024-08-03,2024,Shamil Gaziev,Don'Tale Mayes,Shamil Gaziev,Don'Tale Mayes,34.47846293900628,32.548238499079375,-1.9302244399269028,0.8882882882882883,1.0689655172413792,True,3.4482758620689613,historical_import_fallback,exact_id_ufcstats_mirror,2024-08-03|don tale mayes|shamil gaziev
2024-08-03,2024,Sedriques Dumas,Denis Tiuliulin,Sedriques Dumas,Denis Tiuliulin,28.99443520400829,36.21429598143699,7.219860777428696,0.6750312469954812,1.4201680672268908,True,21.00840336134454,historical_import_fallback,exact_id_ufcstats_mirror,2024-08-03|denis tiuliulin|sedriques dumas
2024-08-03,2024,Marlon Vera,Deiveson Figueiredo,Deiveson Figueiredo,Marlon Vera,36.62771993949225,31.66937034983607,-4.958349589656184,0.5720596355604639,1.6756756756756757,True,33.78378378378378,historical_import_fallback,exact_id_ufcstats_mirror,2024-08-03|deiveson figueiredo|marlon vera
2024-08-03,2024,Cory Sandhagen,Umar Nurmagomedov,Umar Nurmagomedov,Cory Sandhagen,28.58374915296002,32.28813733341547,3.7043881804554495,0.7520040080160321,1.2531645569620251,True,12.658227848101255,historical_import_fallback,exact_id_ufcstats_mirror,2024-08-03|cory sandhagen|umar nurmagomedov
2024-08-03,2024,Azamat Murzakanov,Alonzo Menifield,Azamat Murzakanov,Alonzo Menifield,35.310786669130785,36.79473226691855,1.4839455977877662,0.7179705215419501,1.3355704697986577,True,16.778523489932883,historical_import_fallback,exact_id_ufcstats_mirror,2024-08-03|alonzo menifield|azamat murzakanov
2024-08-03,2024,Joel Alvarez,Elves Brener,Joel Alvarez,Elves Brener,31.422958719207102,26.850654017536293,-4.572304701670809,0.5893794380981784,1.6024096385542168,True,30.12048192771084,historical_import_fallback,exact_id_ufcstats_mirror,2024-08-03|elves brener|joel alvarez
2024-08-10,2024,Damon Jackson,Chepe Mariscal,Chepe Mariscal,Damon Jackson,31.787100351136573,36.006215048905865,4.219114697769292,0.6183206106870229,1.5555555555555556,True,27.77777777777778,historical_import_fallback,exact_id_ufcstats_mirror,2024-08-10|chepe mariscal|damon jackson
2024-08-10,2024,Chris Gutierrez,Quang Le,Chris Gutierrez,Quang Le,33.30390083300821,32.81381547875726,-0.4900853542509438,0.8284518828451883,1.1388888888888888,True,6.944444444444442,historical_import_fallback,exact_id_ufcstats_mirror,2024-08-10|chris gutierrez|quang le
2024-08-10,2024,Danny Barlow,Nikolay Veretennikov,Danny Barlow,Nikolay Veretennikov,29.02455218108517,34.63452363840462,5.609971457319453,0.7640449438202247,1.2352941176470589,True,11.764705882352944,historical_import_fallback,exact_id_ufcstats_mirror,2024-08-10|danny barlow|nikolay veretennikov
2024-08-10,2024,Marcin Tybura,Serghei Spivac,Serghei Spivac,Marcin Tybura,29.544754512412982,38.75233577691534,9.207581264502352,0.5795601552393274,1.625,True,31.25,historical_import_fallback,exact_id_ufcstats_mirror,2024-08-10|marcin tybura|serghei spivac
2024-08-17,2024,Kai Kara-France,Steve Erceg,Steve Erceg,Kai Kara-France,29.06014497217602,31.39557964913721,2.335434676961196,0.7055341817105653,1.3355704697986577,False,-50.0,historical_import_fallback,exact_id_ufcstats_mirror,2024-08-17|kai kara france|steve erceg
2024-08-17,2024,Junior Tafa,Valter Walker,Valter Walker,Junior Tafa,26.67542796908903,27.90474821522687,1.229320246137842,0.558797046641455,1.6896551724137931,True,34.48275862068966,historical_import_fallback,exact_id_ufcstats_mirror,2024-08-17|junior tafa|valter walker
2024-08-17,2024,Josh Culibao,Ricardo Ramos,Josh Culibao,Ricardo Ramos,30.23470707817409,29.04645543714108,-1.1882516410330126,0.5407914020517831,1.7407407407407407,False,-50.0,historical_import_fallback,exact_id_ufcstats_mirror,2024-08-17|josh culibao|ricardo ramos
2024-08-17,2024,Tai Tuivasa,Jairzinho Rozenstruik,Jairzinho Rozenstruik,Tai Tuivasa,36.41963900696113,31.422958719207102,-4.996680287754025,0.6805678793256433,1.3846153846153846,True,19.23076923076923,historical_import_fallback,exact_id_ufcstats_mirror,2024-08-17|jairzinho rozenstruik|tai tuivasa
2024-08-17,2024,Casey O'Neill,Luana Santos,Luana Santos,Casey O'Neill,24.337255385120844,26.861605645564246,2.524350260443402,0.5795601552393274,1.625,False,-50.0,historical_import_fallback,exact_id_ufcstats_mirror,2024-08-17|casey o neill|luana santos
2024-08-17,2024,Dricus Du Plessis,Israel Adesanya,Dricus Du Plessis,Israel Adesanya,30.590634989082595,35.07258875952278,4.481953770440185,0.5217391304347827,1.8333333333333333,True,41.66666666666666,historical_import_fallback,exact_id_ufcstats_mirror,2024-08-17|dricus du plessis|israel adesanya
2024-08-17,2024,Mateusz Gamrot,Dan Hooker,Mateusz Gamrot,Dan Hooker,33.68446990697961,34.50857991608315,0.824110009103542,0.769993669550538,1.2247191011235956,False,-50.0,historical_import_fallback,exact_id_ufcstats_mirror,2024-08-17|dan hooker|mateusz gamrot
2024-08-17,2024,Li Jingliang,Carlos Prates,Carlos Prates,Li Jingliang,31.001321040130872,36.41142528594016,5.41010424580929,0.771505376344086,1.2439024390243902,True,12.195121951219512,historical_import_fallback,exact_id_ufcstats_mirror,2024-08-17|carlos prates|li jingliang
2024-08-17,2024,Jack Jenkins,Herbert Burns,Jack Jenkins,Herbert Burns,30.787764293585766,36.54010691526862,5.752342621682857,0.8647058823529412,1.0952380952380951,True,4.761904761904756,historical_import_fallback,exact_id_ufcstats_mirror,2024-08-17|herbert burns|jack jenkins
2024-08-24,2024,Zachary Reese,Jose Daniel Medina,Zachary Reese,Jose Daniel Medina,30.420884754649308,33.273783855931335,2.852899101282027,0.863013698630137,1.1111111111111112,True,5.555555555555558,historical_import_fallback,exact_id_ufcstats_mirror,2024-08-24|jose daniel medina|zachary reese
2024-08-24,2024,Neil Magny,Michael Morales,Michael Morales,Neil Magny,25.16957911524535,37.06030924659644,11.890730131351088,0.863013698630137,1.1111111111111112,True,5.555555555555558,historical_import_fallback,exact_id_ufcstats_mirror,2024-08-24|michael morales|neil magny
2024-08-24,2024,Robert Valentin,Ryan Loder,Robert Valentin,Ryan Loder,29.402383348049582,33.22176362279855,3.8193802747489656,0.5634920634920635,1.704225352112676,False,-50.0,historical_import_fallback,exact_id_ufcstats_mirror,2024-08-24|robert valentin|ryan loder
2024-08-24,2024,Viacheslav Borshchev,James Llontop,Viacheslav Borshchev,James Llontop,32.627637802282045,25.0628007419728,-7.564837060309248,0.690792883054068,1.3875968992248062,True,19.379844961240316,historical_import_fallback,exact_id_ufcstats_mirror,2024-08-24|james llontop|viacheslav borshchev
2024-08-24,2024,Kaan Ofli,Mairon Santos,Mairon Santos,Kaan Ofli,24.205835848785394,31.182022902592117,6.976187053806719,0.6805555555555556,1.4081632653061225,True,20.40816326530612,historical_import_fallback,exact_id_ufcstats_mirror,2024-08-24|kaan ofli|mairon santos
2024-08-24,2024,Edmen Shahbazyan,Gerald Meerschaert,Edmen Shahbazyan,Gerald Meerschaert,26.760303086305672,36.685215986639015,9.924912900333345,0.7335423197492164,1.3076923076923077,False,-50.0,historical_import_fallback,exact_id_ufcstats_mirror,2024-08-24|edmen shahbazyan|gerald meerschaert
2024-08-24,2024,Dennis Buzukja,Francis Marshall,Francis Marshall,Dennis Buzukja,25.47896260703505,26.8971984366551,1.4182358296200483,0.6574752261956054,1.4587155963302751,True,22.93577981651376,historical_import_fallback,exact_id_ufcstats_mirror,2024-08-24|dennis buzukja|francis marshall
2024-08-24,2024,Jared Cannonier,Caio Borralho,Caio Borralho,Jared Cannonier,31.603660581668343,40.44162440022725,8.837963818558904,0.7335423197492164,1.3076923076923077,True,15.384615384615383,historical_import_fallback,exact_id_ufcstats_mirror,2024-08-24|caio borralho|jared cannonier
2024-08-24,2024,Angela Hill,Tabatha Ricci,Tabatha Ricci,Angela Hill,29.506423814315145,39.61477648411672,10.108352669801572,0.6309403437815976,1.5208333333333337,True,26.04166666666669,historical_import_fallback,exact_id_ufcstats_mirror,2024-08-24|angela hill|tabatha ricci
2024-08-24,2024,Jacqueline Cavalcanti,Josiane Nunes,Jacqueline Cavalcanti,Josiane Nunes,26.98754936788572,30.670034292285266,3.6824849243995423,0.7135512302607419,1.3448275862068966,True,17.24137931034483,historical_import_fallback,exact_id_ufcstats_mirror,2024-08-24|jacqueline cavalcanti|josiane nunes
2024-09-07,2024,Trevor Peek,Yanal Ashmouz,Yanal Ashmouz,Trevor Peek,29.440714046147423,29.66248451371349,0.221770467566067,0.5324675324675325,1.8,True,40.0,historical_import_fallback,exact_id_ufcstats_mirror,2024-09-07|trevor peek|yanal ashmouz
2024-09-07,2024,Zygimantas Ramaska,Nathan Fletcher,Nathan Fletcher,Zygimantas Ramaska,26.678165876096017,27.696667282695746,1.018501406599725,0.5634920634920635,1.704225352112676,True,35.2112676056338,historical_import_fallback,exact_id_ufcstats_mirror,2024-09-07|nathan fletcher|zygimantas ramaska
2024-09-07,2024,Jaqueline Amorim,Vanessa Demopoulos,Jaqueline Amorim,Vanessa Demopoulos,29.2079919505534,35.959670629787055,6.751678679233656,0.690792883054068,1.3875968992248062,True,19.379844961240316,historical_import_fallback,exact_id_ufcstats_mirror,2024-09-07|jaqueline amorim|vanessa demopoulos
2024-09-07,2024,Yizha,Gabriel Santos,Gabriel Santos,Yizha,27.77606658589841,27.66381239861188,-0.1122541872865277,0.700162074554295,1.3703703703703702,True,18.518518518518512,historical_import_fallback,exact_id_ufcstats_mirror,2024-09-07|gabriel santos|yizha
2024-09-07,2024,Rongzhu,Chris Padilla,Rongzhu,Chris Padilla,24.504267712547144,28.98348357598034,4.479215863433197,0.690792883054068,1.3875968992248062,False,-50.0,historical_import_fallback,exact_id_ufcstats_mirror,2024-09-07|chris padilla|rongzhu
2024-09-07,2024,Isaac Dulgarian,Brendon Marotte,Isaac Dulgarian,Brendon Marotte,28.17853891592572,28.65493473514172,0.4763958192159983,0.9197080291970804,1.0476190476190477,True,2.380952380952384,historical_import_fallback,exact_id_ufcstats_mirror,2024-09-07|brendon marotte|isaac dulgarian
2024-09-07,2024,Andre Petroski,Dylan Budka,Andre Petroski,Dylan Budka,33.240928971847474,24.649376783917536,-8.591552187929938,0.7179705215419501,1.3355704697986577,True,16.778523489932883,historical_import_fallback,exact_id_ufcstats_mirror,2024-09-07|andre petroski|dylan budka
2024-09-07,2024,Felipe dos Santos,Andre Lima,Andre Lima,Felipe dos Santos,25.591216794321586,23.989541195233304,-1.6016755990882778,0.5996387718242023,1.6024096385542168,True,30.12048192771084,historical_import_fallback,exact_id_ufcstats_mirror,2024-09-07|andre lima|felipe dos santos
2024-09-07,2024,Matt Schnell,Cody Durden,Cody Durden,Matt Schnell,33.44627199737161,34.64547526643258,1.1992032690609662,0.7050331642606321,1.359712230215827,True,17.985611510791355,historical_import_fallback,exact_id_ufcstats_mirror,2024-09-07|cody durden|matt schnell
2024-09-14,2024,Irene Aldana,Norma Dumont,Norma Dumont,Irene Aldana,33.95552270067147,36.47165924009391,2.5161365394224333,0.5427435387673957,1.7692307692307692,True,38.46153846153846,historical_import_fallback,exact_id_ufcstats_mirror,2024-09-14|irene aldana|norma dumont
2024-09-14,2024,Sean O'Malley,Merab Dvalishvili,Merab Dvalishvili,Sean O'Malley,33.67899409296563,29.89246870230053,-3.786525390665105,0.5217391304347827,1.8333333333333333,True,41.66666666666666,historical_import_fallback,exact_id_ufcstats_mirror,2024-09-14|merab dvalishvili|sean o malley
2024-09-14,2024,Ronaldo Rodriguez,Ode Osbourne,Ronaldo Rodriguez,Ode Osbourne,25.35849469872756,32.68239594242181,7.323901243694255,0.644729178800233,1.4878048780487805,True,24.390243902439025,historical_import_fallback,exact_id_ufcstats_mirror,2024-09-14|ode osbourne|ronaldo rodriguez
2024-09-14,2024,Manuel Torres,Ignacio Bahamondes,Manuel Torres,Ignacio Bahamondes,29.476306837238276,27.050521229046456,-2.4257856081918163,0.5427435387673957,1.7692307692307692,False,-50.0,historical_import_fallback,exact_id_ufcstats_mirror,2024-09-14|ignacio bahamondes|manuel torres
2024-09-14,2024,Yazmin Jauregui,Ketlen Souza,Yazmin Jauregui,Ketlen Souza,25.544672375202776,30.07590847176876,4.53123609656598,0.8081570996978852,1.1869158878504673,False,-50.0,historical_import_fallback,exact_id_ufcstats_mirror,2024-09-14|ketlen souza|yazmin jauregui
2024-09-14,2024,Daniel Zellhuber,Esteban Ribovics,Daniel Zellhuber,Esteban Ribovics,25.19148237130126,28.383881941449857,3.1923995701485985,0.6369041816941222,1.5050505050505052,False,-50.0,historical_import_fallback,exact_id_ufcstats_mirror,2024-09-14|daniel zellhuber|esteban ribovics
2024-09-14,2024,Brian Ortega,Diego Lopes,Diego Lopes,Brian Ortega,29.709028932832297,33.56400199867211,3.854973065839815,0.644729178800233,1.4878048780487805,True,24.390243902439025,historical_import_fallback,exact_id_ufcstats_mirror,2024-09-14|brian ortega|diego lopes
2024-09-14,2024,Alexa Grasso,Valentina Shevchenko,Alexa Grasso,Valentina Shevchenko,31.099885692382458,36.52367947322669,5.423793780844235,0.5427435387673957,1.7692307692307692,False,-50.0,historical_import_fallback,exact_id_ufcstats_mirror,2024-09-14|alexa grasso|valentina shevchenko
2024-09-14,2024,Edgar Chairez,Joshua Van,Joshua Van,Edgar Chairez,22.92997118352875,28.63303147908581,5.703060295557062,0.7050331642606321,1.359712230215827,True,17.985611510791355,historical_import_fallback,exact_id_ufcstats_mirror,2024-09-14|edgar chairez|joshua van
2024-09-28,2024,Taylor Lapilus,Vince Morales,Taylor Lapilus,Vince Morales,32.47431500989069,33.87886130447579,1.4045462945851028,0.7508125677139762,1.2777777777777777,True,13.888888888888884,historical_import_fallback,exact_id_ufcstats_mirror,2024-09-28|taylor lapilus|vince morales
2024-09-28,2024,Ludovit Klein,Roosevelt Roberts,Ludovit Klein,Roosevelt Roberts,29.599512652552757,30.62896568718044,1.0294530346276822,0.8677165354330709,1.1052631578947367,True,5.263157894736836,historical_import_fallback,exact_id_ufcstats_mirror,2024-09-28|ludovit klein|roosevelt roberts
2024-09-28,2024,William Gomis,Joanderson Brito,Joanderson Brito,William Gomis,29.62962962962963,27.29419495266843,-2.3354346769611998,0.7220792588780237,1.3278688524590163,False,-50.0,historical_import_fallback,exact_id_ufcstats_mirror,2024-09-28|joanderson brito|william gomis
2024-09-28,2024,Nora Cornolle,Jacqueline Cavalcanti,Jacqueline Cavalcanti,Nora Cornolle,27.08337611313032,34.81248759385888,7.729111480728559,0.644729178800233,1.4878048780487805,True,24.390243902439025,historical_import_fallback,exact_id_ufcstats_mirror,2024-09-28|jacqueline cavalcanti|nora cornolle
2024-09-28,2024,Ion Cutelaba,Ivan Erslan,Ivan Erslan,Ion Cutelaba,32.87131152590402,30.790502200592755,-2.0808093253112645,0.5173641257162701,1.847457627118644,False,-50.0,historical_import_fallback,exact_id_ufcstats_mirror,2024-09-28|ion cutelaba|ivan erslan
2024-09-28,2024,Morgan Charriere,Gabriel Miranda,Morgan Charriere,Gabriel Miranda,28.925987528833584,34.51405573009713,5.588068201263543,0.8042929292929294,1.1923076923076923,True,9.615384615384617,historical_import_fallback,exact_id_ufcstats_mirror,2024-09-28|gabriel miranda|morgan charriere
2024-09-28,2024,Fares Ziam,Matt Frevola,Fares Ziam,Matt Frevola,27.524179141255463,34.300498983552025,6.776319842296559,0.5324675324675325,1.8,True,40.0,historical_import_fallback,exact_id_ufcstats_mirror,2024-09-28|fares ziam|matt frevola
2024-09-28,2024,Daniel Barez,Victor Altamirano,Victor Altamirano,Daniel Barez,33.68173199997262,35.80087202338173,2.119140023409109,0.5324675324675325,1.8,False,-50.0,historical_import_fallback,exact_id_ufcstats_mirror,2024-09-28|daniel barez|victor altamirano
2024-09-28,2024,Kevin Jousset,Bryan Battle,Bryan Battle,Kevin Jousset,30.021150331628984,31.40926918417216,1.388118852543176,0.6309403437815976,1.5208333333333337,True,26.04166666666669,historical_import_fallback,exact_id_ufcstats_mirror,2024-09-28|bryan battle|kevin jousset
2024-09-28,2024,Nassourdine Imavov,Brendan Allen,Nassourdine Imavov,Brendan Allen,29.580347303503835,28.75349938739331,-0.8268479161105269,0.6636481241914618,1.4444444444444444,True,22.22222222222222,historical_import_fallback,exact_id_ufcstats_mirror,2024-09-28|brendan allen|nassourdine imavov
2024-09-28,2024,Bolaji Oki,Chris Duncan,Bolaji Oki,Chris Duncan,28.871229388693813,31.38736592811625,2.516136539422437,0.5829926410466068,1.6451612903225803,False,-50.0,historical_import_fallback,exact_id_ufcstats_mirror,2024-09-28|bolaji oki|chris duncan
2024-09-28,2024,Renato Moicano,Benoit Saint Denis,Benoit Saint Denis,Renato Moicano,28.780878457463192,35.35733108824959,6.576452630786395,0.690792883054068,1.3875968992248062,False,-50.0,historical_import_fallback,exact_id_ufcstats_mirror,2024-09-28|benoit saint denis|renato moicano
2024-09-28,2024,Ailin Perez,Daria Zhelezniakova,Ailin Perez,Daria Zhelezniakova,29.982819633531147,28.682313805211606,-1.3005058283195403,0.6805555555555556,1.4081632653061225,True,20.40816326530612,historical_import_fallback,exact_id_ufcstats_mirror,2024-09-28|ailin perez|daria zhelezniakova
2024-09-28,2024,Oumar Sy,Da Woon Jung,Oumar Sy,Da Woon Jung,28.85480194665188,30.80966754964168,1.9548656029897948,0.827123695976155,1.16,True,7.9999999999999964,historical_import_fallback,exact_id_ufcstats_mirror,2024-09-28|da woon jung|oumar sy
2024-10-05,2024,Raquel Pennington,Julianna Pena,Raquel Pennington,Julianna Pena,36.08287644510154,35.130084806669544,-0.9527916384319964,0.5829926410466068,1.6451612903225803,False,-50.0,historical_import_fallback,exact_id_ufcstats_mirror,2024-10-05|julianna pena|raquel pennington
2024-10-05,2024,Roman Dolidze,Kevin Holland,Kevin Holland,Roman Dolidze,31.915781980465034,36.225247609464944,4.309465628999909,0.5720596355604639,1.6756756756756757,False,-50.0,historical_import_fallback,exact_id_ufcstats_mirror,2024-10-05|kevin holland|roman dolidze
2024-10-05,2024,Ketlen Vieira,Kayla Harrison,Kayla Harrison,Ketlen Vieira,34.26216828545419,33.11224734251901,-1.149920942935175,0.88,1.0909090909090908,True,4.545454545454541,historical_import_fallback,exact_id_ufcstats_mirror,2024-10-05|kayla harrison|ketlen vieira
2024-10-05,2024,Jose Aldo,Mario Bautista,Mario Bautista,Jose Aldo,31.26416011280177,38.07333483918219,6.809174726380419,0.5260865852617197,1.819672131147541,True,40.98360655737705,historical_import_fallback,exact_id_ufcstats_mirror,2024-10-05|jose aldo|mario bautista
2024-10-05,2024,Alex Pereira,Khalil Rountree Jr.,Alex Pereira,Khalil Rountree Jr.,37.249224830078646,34.60714456833474,-2.6420802617439065,0.7768331562167907,1.2352941176470589,True,11.764705882352944,historical_import_fallback,exact_id_ufcstats_mirror,2024-10-05|alex pereira|khalil rountree
2024-10-05,2024,Marina Rodriguez,Iasmin Lucindo,Iasmin Lucindo,Marina Rodriguez,22.741055600046543,37.43814041356085,14.697084813514309,0.6224665518611737,1.5405405405405406,True,27.027027027027028,historical_import_fallback,exact_id_ufcstats_mirror,2024-10-05|iasmin lucindo|marina rodriguez
2024-10-05,2024,Cesar Almeida,Ihor Potieria,Cesar Almeida,Ihor Potieria,36.53736900826164,28.353764964372985,-8.18360404388865,0.8,1.2,True,9.999999999999998,historical_import_fallback,exact_id_ufcstats_mirror,2024-10-05|cesar almeida|ihor potieria
2024-10-05,2024,Austin Hubbard,Alexander Hernandez,Austin Hubbard,Alexander Hernandez,32.78917431569437,32.01160872570963,-0.7775655899847393,0.5043297540699689,1.8928571428571428,False,-50.0,historical_import_fallback,exact_id_ufcstats_mirror,2024-10-05|alexander hernandez|austin hubbard
2024-10-05,2024,Stephen Thompson,Joaquin Buckley,Joaquin Buckley,Stephen Thompson,30.44278801070521,41.64904139030918,11.206253379603965,0.6636481241914618,1.4444444444444444,True,22.22222222222222,historical_import_fallback,exact_id_ufcstats_mirror,2024-10-05|joaquin buckley|stephen thompson
2024-10-12,2024,Themba Gorimbo,Niko Price,Themba Gorimbo,Niko Price,33.72006269807046,35.03699596843193,1.3169332703614742,0.7135512302607419,1.3448275862068966,True,17.24137931034483,historical_import_fallback,exact_id_ufcstats_mirror,2024-10-12|niko price|themba gorimbo
2024-10-12,2024,Junior Tafa,Sean Sharaf,Junior Tafa,Sean Sharaf,28.058071007618224,31.255946391780803,3.197875384162579,0.6750312469954812,1.4201680672268908,True,21.00840336134454,historical_import_fallback,exact_id_ufcstats_mirror,2024-10-12|junior tafa|sean sharaf
2024-10-12,2024,Jonathan Pearce,Pat Sabatini,Jonathan Pearce,Pat Sabatini,32.44967384682779,33.9254057235946,1.4757318767668082,0.6164383561643836,1.5555555555555556,False,-50.0,historical_import_fallback,exact_id_ufcstats_mirror,2024-10-12|jonathan pearce|pat sabatini
2024-10-12,2024,Grant Dawson,Rafa Garcia,Grant Dawson,Rafa Garcia,30.642655222215375,30.188162659055283,-0.4544925631600947,0.76,1.263157894736842,True,13.157894736842104,historical_import_fallback,exact_id_ufcstats_mirror,2024-10-12|grant dawson|rafa garcia
2024-10-12,2024,Julia Polastri,Cory McKenna,Cory McKenna,Julia Polastri,25.257192139468984,26.606980293914315,1.3497881544453314,0.5043297540699689,1.8928571428571428,False,-50.0,historical_import_fallback,exact_id_ufcstats_mirror,2024-10-12|cory mckenna|julia polastri
2024-10-12,2024,Dan Argueta,Cody Haddon,Cody Haddon,Dan Argueta,26.094991683607464,31.165595460550183,5.070603776942718,0.5720596355604639,1.6756756756756757,True,33.78378378378378,historical_import_fallback,exact_id_ufcstats_mirror,2024-10-12|cody haddon|dan argueta
2024-10-12,2024,Clayton Carpenter,Lucas Rocha,Clayton Carpenter,Lucas Rocha,28.34281333634503,24.16750515068756,-4.1753081856574745,0.6805555555555556,1.4081632653061225,True,20.40816326530612,historical_import_fallback,exact_id_ufcstats_mirror,2024-10-12|clayton carpenter|lucas rocha
2024-10-12,2024,CJ Vergara,Ramazan Temirov,Ramazan Temirov,CJ Vergara,27.696667282695746,33.32032827505014,5.623660992354395,0.7179705215419501,1.3355704697986577,True,16.778523489932883,historical_import_fallback,exact_id_ufcstats_mirror,2024-10-12|cj vergara|ramazan temirov
2024-10-12,2024,Daniel Rodriguez,Alex Morono,Daniel Rodriguez,Alex Morono,37.78311669644141,34.15812781918862,-3.6249888772527834,0.6805555555555556,1.4081632653061225,True,20.40816326530612,historical_import_fallback,exact_id_ufcstats_mirror,2024-10-12|alex morono|daniel rodriguez
2024-10-19,2024,Rob Font,Kyler Phillips,Kyler Phillips,Rob Font,29.35583892893078,37.32041041226034,7.964571483329564,0.827123695976155,1.16,False,-50.0,historical_import_fallback,exact_id_ufcstats_mirror,2024-10-19|kyler phillips|rob font
2024-10-19,2024,Joselyne Edwards,Tamires Vidal,Joselyne Edwards,Tamires Vidal,29.05740706516903,26.23188703395689,-2.82552003121214,0.690792883054068,1.3875968992248062,True,19.379844961240316,historical_import_fallback,exact_id_ufcstats_mirror,2024-10-19|joselyne edwards|tamires vidal
2024-10-19,2024,Jessica Penne,Elise Reed,Elise Reed,Jessica Penne,31.871975468353217,41.72022697249088,9.84825150413766,0.6690070210631895,1.434782608695652,True,21.73913043478261,historical_import_fallback,exact_id_ufcstats_mirror,2024-10-19|elise reed|jessica penne
2024-10-19,2024,Darren Elkins,Daniel Pineda,Darren Elkins,Daniel Pineda,40.42793486519231,39.20409043306844,-1.2238444321238688,0.6037569709421778,1.5882352941176472,True,29.41176470588236,historical_import_fallback,exact_id_ufcstats_mirror,2024-10-19|daniel pineda|darren elkins
2024-10-19,2024,Charles Johnson,Sumudaerji,Charles Johnson,Sumudaerji,33.77482083821023,28.748023573379328,-5.026797264830904,0.7220792588780237,1.3278688524590163,True,16.393442622950815,historical_import_fallback,exact_id_ufcstats_mirror,2024-10-19|charles johnson|sumudaerji
2024-10-19,2024,Anthony Hernandez,Michel Pereira,Anthony Hernandez,Michel Pereira,31.00405894713786,31.03691383122172,0.0328548840838607,0.593369754159424,1.617283950617284,True,30.864197530864203,historical_import_fallback,exact_id_ufcstats_mirror,2024-10-19|anthony hernandez|michel pereira
2024-10-19,2024,Brad Katona,Jean Matsumoto,Jean Matsumoto,Brad Katona,25.112083068098592,32.83571873481317,7.723635666714578,0.644729178800233,1.4878048780487805,True,24.390243902439025,historical_import_fallback,exact_id_ufcstats_mirror,2024-10-19|brad katona|jean matsumoto
2024-10-19,2024,Austen Lane,Robelis Despaigne,Robelis Despaigne,Austen Lane,36.110255515171424,36.94531715230292,0.8350616371314956,0.7768331562167907,1.2352941176470589,False,-50.0,historical_import_fallback,exact_id_ufcstats_mirror,2024-10-19|austen lane|robelis despaigne
2024-10-19,2024,Matheus Nicolau,Asu Almabayev,Asu Almabayev,Matheus Nicolau,30.733006153446,31.784362444129584,1.0513562906835858,0.6853932584269663,1.4,True,20.0,historical_import_fallback,exact_id_ufcstats_mirror,2024-10-19|asu almabayev|matheus nicolau
2024-10-19,2024,Melissa Martinez,Alice Ardelean,Melissa Martinez,Alice Ardelean,27.17098913735395,32.50169407996057,5.330704942606623,0.5829926410466068,1.6451612903225803,True,32.25806451612902,historical_import_fallback,exact_id_ufcstats_mirror,2024-10-19|alice ardelean|melissa martinez
2024-10-19,2024,Jake Hadley,Cameron Smotherman,Jake Hadley,Cameron Smotherman,28.21139380000958,27.08885192714429,-1.1225418728652876,0.8172588832487311,1.1739130434782608,False,-50.0,historical_import_fallback,exact_id_ufcstats_mirror,2024-10-19|cameron smotherman|jake hadley
2024-10-26,2024,Geoff Neal,Rafael Dos Anjos,Geoff Neal,Rafael Dos Anjos,34.1636036332026,40.000821372102095,5.837217738899497,0.6805555555555556,1.4081632653061225,True,20.40816326530612,historical_import_fallback,exact_id_ufcstats_mirror,2024-10-26|geoff neal|rafael dos anjos
2024-10-26,2024,Mateusz Rebecki,Myktybek Orolbai,Myktybek Orolbai,Mateusz Rebecki,26.708282853172893,31.978753841625768,5.270470988452875,0.6957699520733487,1.3773584905660377,False,-50.0,historical_import_fallback,exact_id_ufcstats_mirror,2024-10-26|mateusz rebecki|myktybek orolbai
2024-10-26,2024,Robert Whittaker,Khamzat Chimaev,Khamzat Chimaev,Robert Whittaker,30.48933242982402,33.85148223440591,3.362149804581886,0.6805555555555556,1.4081632653061225,True,20.40816326530612,historical_import_fallback,exact_id_ufcstats_mirror,2024-10-26|khamzat chimaev|robert whittaker
2024-10-26,2024,Ilia Topuria,Max Holloway,Ilia Topuria,Max Holloway,27.762377050863467,32.89595268896692,5.133575638103455,0.7220792588780237,1.3278688524590163,True,16.393442622950815,historical_import_fallback,exact_id_ufcstats_mirror,2024-10-26|ilia topuria|max holloway
2024-10-26,2024,Ibo Aslan,Rafael Cerqueira,Rafael Cerqueira,Ibo Aslan,34.61809619636269,28.50982566377133,-6.108270532591362,0.5043297540699689,1.8928571428571428,False,-50.0,historical_import_fallback,exact_id_ufcstats_mirror,2024-10-26|ibo aslan|rafael cerqueira
2024-10-26,2024,Lerone Murphy,Dan Ige,Lerone Murphy,Dan Ige,33.26557013491037,33.224501529805536,-0.041068605104833,0.7408716136631331,1.2941176470588236,True,14.70588235294118,historical_import_fallback,exact_id_ufcstats_mirror,2024-10-26|dan ige|lerone murphy
2024-10-26,2024,Farid Basharat,Victor Hugo,Farid Basharat,Victor Hugo,27.23396099851469,31.926733608492988,4.692772609978302,0.8172588832487311,1.1739130434782608,True,8.695652173913038,historical_import_fallback,exact_id_ufcstats_mirror,2024-10-26|farid basharat|victor hugo
2024-10-26,2024,Rinat Fakhretdinov,Carlos Leal,Rinat Fakhretdinov,Carlos Leal,33.07939245843515,30.481118708803056,-2.598273749632096,0.6574752261956054,1.4587155963302751,True,22.93577981651376,historical_import_fallback,exact_id_ufcstats_mirror,2024-10-26|carlos leal|rinat fakhretdinov
2024-10-26,2024,Ismail Naurdiev,Bruno Silva,Ismail Naurdiev,Bruno Silva,28.189490543953674,35.28888341307488,7.099392869121203,0.5720596355604639,1.6756756756756757,True,33.78378378378378,historical_import_fallback,exact_id_ufcstats_mirror,2024-10-26|bruno silva|ismail naurdiev
2024-10-26,2024,Shara Magomedov,Armen Petrosyan,Shara Magomedov,Armen Petrosyan,30.44826382471919,33.98290177074136,3.534637946022165,0.5996387718242023,1.6024096385542168,True,30.12048192771084,historical_import_fallback,exact_id_ufcstats_mirror,2024-10-26|armen petrosyan|shara magomedov
2024-10-26,2024,Magomed Ankalaev,Aleksandar Rakic,Magomed Ankalaev,Aleksandar Rakic,32.400391520702,32.72072664051965,0.3203351198176491,0.7408716136631331,1.2941176470588236,True,14.70588235294118,historical_import_fallback,exact_id_ufcstats_mirror,2024-10-26|aleksandar rakic|magomed ankalaev
2024-10-26,2024,Abus Magomedov,Brunno Ferreira,Abus Magomedov,Brunno Ferreira,34.149914098167656,31.97601593461878,-2.173898163548877,0.5829926410466068,1.6451612903225803,True,32.25806451612902,historical_import_fallback,exact_id_ufcstats_mirror,2024-10-26|abus magomedov|brunno ferreira
2024-10-26,2024,Kennedy Nzechukwu,Chris Barnett,Kennedy Nzechukwu,Chris Barnett,32.37027454362512,38.36902879593695,5.9987542523118265,0.8524590163934427,1.125,True,6.25,historical_import_fallback,exact_id_ufcstats_mirror,2024-10-26|chris barnett|kennedy nzechukwu
2024-11-02,2024,Brandon Moreno,Amir Albazi,Brandon Moreno,Amir Albazi,30.905494294886275,31.0177484821728,0.1122541872865277,0.6164383561643836,1.5555555555555556,True,27.77777777777778,historical_import_fallback,exact_id_ufcstats_mirror,2024-11-02|amir albazi|brandon moreno
2024-11-02,2024,Ariane da Silva,Jasmine Jasudavicius,Jasmine Jasudavicius,Ariane da Silva,35.674928301060255,30.768598944536848,-4.906329356523408,0.6744186046511629,1.4,True,20.0,historical_import_fallback,exact_id_ufcstats_mirror,2024-11-02|ariane da silva|jasmine jasudavicius
2024-11-02,2024,Caio Machado,Brendson Ribeiro,Caio Machado,Brendson Ribeiro,30.28946521831386,28.15115984585584,-2.1383053724580243,0.6309403437815976,1.5208333333333337,False,-50.0,historical_import_fallback,exact_id_ufcstats_mirror,2024-11-02|brendson ribeiro|caio machado
2024-11-02,2024,Marc-Andre Barriault,Dustin Stoltzfus,Marc-Andre Barriault,Dustin Stoltzfus,34.70570922058632,32.96713827114862,-1.738570949437701,0.700162074554295,1.3703703703703702,False,-50.0,historical_import_fallback,exact_id_ufcstats_mirror,2024-11-02|dustin stoltzfus|marc andre barriault
2024-11-02,2024,Erin Blanchfield,Rose Namajunas,Erin Blanchfield,Rose Namajunas,25.50086586309096,32.34563338056223,6.8447675174712685,0.5829926410466068,1.6451612903225803,True,32.25806451612902,historical_import_fallback,exact_id_ufcstats_mirror,2024-11-02|erin blanchfield|rose namajunas
2024-11-02,2024,Mike Malott,Trevin Giles,Mike Malott,Trevin Giles,32.98904152720453,32.24159291429667,-0.7474486129078599,0.757188498402556,1.2666666666666666,True,13.33333333333333,historical_import_fallback,exact_id_ufcstats_mirror,2024-11-02|mike malott|trevin giles
2024-11-09,2024,Luana Pinheiro,Gillian Robertson,Gillian Robertson,Luana Pinheiro,29.48452055825924,31.97601593461878,2.4914953763595413,0.7913616398243045,1.2127659574468086,True,10.63829787234043,historical_import_fallback,exact_id_ufcstats_mirror,2024-11-09|gillian robertson|luana pinheiro
2024-11-09,2024,Gerald Meerschaert,Reinier de Ridder,Reinier de Ridder,Gerald Meerschaert,34.17455526123055,36.89603482617713,2.721479564946577,0.725752508361204,1.3225806451612905,True,16.129032258064523,historical_import_fallback,exact_id_ufcstats_mirror,2024-11-09|gerald meerschaert|reinier de ridder
2024-11-09,2024,Mansur Abdul-Malik,Dusko Todorovic,Mansur Abdul-Malik,Dusko Todorovic,27.09158983415128,30.478380801796067,3.386790967644785,0.7957758771164253,1.2061855670103092,True,10.30927835051546,historical_import_fallback,exact_id_ufcstats_mirror,2024-11-09|dusko todorovic|mansur abdul malik
2024-11-09,2024,Gaston Bolanos,Cortavious Romious,Cortavious Romious,Gaston Bolanos,30.842522433725534,32.15397989007303,1.311457456347494,0.6853932584269663,1.4,False,-50.0,historical_import_fallback,exact_id_ufcstats_mirror,2024-11-09|cortavious romious|gaston bolanos
2024-11-09,2024,Neil Magny,Carlos Prates,Carlos Prates,Neil Magny,31.231305228717908,37.27112808613455,6.039822857416645,0.8524590163934427,1.125,True,6.25,historical_import_fallback,exact_id_ufcstats_mirror,2024-11-09|carlos prates|neil magny
2024-11-16,2024,Bassil Hafez,Oban Elliott,Oban Elliott,Bassil Hafez,26.91088797169004,32.794650129708344,5.883762158018303,0.725752508361204,1.3225806451612905,True,16.129032258064523,historical_import_fallback,exact_id_ufcstats_mirror,2024-11-16|bassil hafez|oban elliott
2024-11-16,2024,Bo Nickal,Paul Craig,Bo Nickal,Paul Craig,28.84111241161694,36.9726962223728,8.131583810755863,0.8933823529411765,1.074074074074074,True,3.703703703703698,historical_import_fallback,exact_id_ufcstats_mirror,2024-11-16|bo nickal|paul craig
2024-11-16,2024,Charles Oliveira,Michael Chandler,Charles Oliveira,Michael Chandler,35.083540387550734,38.56615810044012,3.482617712889386,0.6957699520733487,1.3773584905660377,True,18.867924528301884,historical_import_fallback,exact_id_ufcstats_mirror,2024-11-16|charles oliveira|michael chandler
2024-11-16,2024,Jim Miller,Damon Jackson,Damon Jackson,Jim Miller,36.274529935590735,41.21645208320499,4.941922147614257,0.6750312469954812,1.4201680672268908,False,-50.0,historical_import_fallback,exact_id_ufcstats_mirror,2024-11-16|damon jackson|jim miller
2024-11-16,2024,David Onama,Roberto Romero,David Onama,Roberto Romero,30.445525917712203,24.797223762294912,-5.648302155417291,0.898858075040783,1.0689655172413792,True,3.4482758620689613,historical_import_fallback,exact_id_ufcstats_mirror,2024-11-16|david onama|roberto romero
2024-11-16,2024,Mauricio Ruffy,James Llontop,Mauricio Ruffy,James Llontop,28.41673682553372,25.292784930559836,-3.1239518949738887,0.872093023255814,1.1,True,5.000000000000004,historical_import_fallback,exact_id_ufcstats_mirror,2024-11-16|james llontop|mauricio ruffy
2024-11-16,2024,Marcin Tybura,Jhonata Diniz,Jhonata Diniz,Marcin Tybura,33.40246548525979,39.02065066360021,5.618185178340418,0.5108342361863489,1.869565217391304,False,-50.0,historical_import_fallback,exact_id_ufcstats_mirror,2024-11-16|jhonata diniz|marcin tybura
2024-11-16,2024,Jon Jones,Stipe Miocic,Jon Jones,Stipe Miocic,37.3313620402883,42.24590511783267,4.914543077544373,0.8118668596237336,1.181818181818182,True,9.090909090909104,historical_import_fallback,exact_id_ufcstats_mirror,2024-11-16|jon jones|stipe miocic
2024-11-16,2024,Jonathan Martinez,Marcus McGhee,Marcus McGhee,Jonathan Martinez,34.53048317213906,30.576945454047653,-3.953537718091404,0.5108342361863489,1.869565217391304,True,43.4782608695652,historical_import_fallback,exact_id_ufcstats_mirror,2024-11-16|jonathan martinez|marcus mcghee
2024-11-16,2024,Viviane Araujo,Karine Silva,Karine Silva,Viviane Araujo,30.95751452801905,37.98845972196554,7.030945193946486,0.7135512302607419,1.3448275862068966,False,-50.0,historical_import_fallback,exact_id_ufcstats_mirror,2024-11-16|karine silva|viviane araujo
2024-11-16,2024,Mickey Gall,Ramiz Brahimaj,Mickey Gall,Ramiz Brahimaj,32.81929129277124,31.99791919067469,-0.8213721020965501,0.6037569709421778,1.5882352941176472,False,-50.0,historical_import_fallback,exact_id_ufcstats_mirror,2024-11-16|mickey gall|ramiz brahimaj
2024-11-23,2024,Maheshate,Nikolas Motta,Maheshate,Nikolas Motta,24.980663531763145,31.78983825814356,6.809174726380419,0.6805555555555556,1.4081632653061225,False,-50.0,historical_import_fallback,exact_id_ufcstats_mirror,2024-11-23|maheshate|nikolas motta
2024-11-23,2024,Lone'er Kavanagh,Jose Ochoa,Lone'er Kavanagh,Jose Ochoa,25.45979725798613,23.89645235699569,-1.5633449009904368,0.725752508361204,1.3225806451612905,True,16.129032258064523,historical_import_fallback,exact_id_ufcstats_mirror,2024-11-23|jose ochoa|lone er kavanagh
2024-11-23,2024,Xiao Long,Quang Le,Xiao Long,Quang Le,26.615194014935284,33.10129571449106,6.486101699555775,0.5820772814469718,1.6944444444444444,True,34.72222222222222,historical_import_fallback,exact_id_ufcstats_mirror,2024-11-23|quang le|xiao long
2024-11-23,2024,Zhang Mingyang,Ozzy Diaz,Zhang Mingyang,Ozzy Diaz,26.27295563906172,34.004805026797264,7.731849387735544,0.6821515892420539,1.4444444444444444,True,22.22222222222222,historical_import_fallback,exact_id_ufcstats_mirror,2024-11-23|ozzy diaz|zhang mingyang
2024-11-23,2024,Wang Cong,Gabriella Fernandes,Wang Cong,Gabriella Fernandes,32.52633524302347,31.2805875548437,-1.2457476881797689,0.8849315068493151,1.1052631578947367,False,-50.0,historical_import_fallback,exact_id_ufcstats_mirror,2024-11-23|gabriella fernandes|wang cong
2024-11-23,2024,Yan Xiaonan,Tabatha Ricci,Yan Xiaonan,Tabatha Ricci,35.43946829845924,29.7555733519511,-5.68389494650814,0.6369041816941222,1.5050505050505052,True,25.25252525252526,historical_import_fallback,exact_id_ufcstats_mirror,2024-11-23|tabatha ricci|yan xiaonan
2024-11-23,2024,Kiru Sahota,DongHun Choi,DongHun Choi,Kiru Sahota,25.89238656509032,29.492734279280203,3.600347714189887,0.5260865852617197,1.819672131147541,True,40.98360655737705,historical_import_fallback,exact_id_ufcstats_mirror,2024-11-23|donghun choi|kiru sahota
2024-11-23,2024,Petr Yan,Deiveson Figueiredo,Petr Yan,Deiveson Figueiredo,31.7816245371226,36.934365524274966,5.15274098715237,0.7220792588780237,1.3278688524590163,True,16.393442622950815,historical_import_fallback,exact_id_ufcstats_mirror,2024-11-23|deiveson figueiredo|petr yan
2024-11-23,2024,Volkan Oezdemir,Carlos Ulberg,Carlos Ulberg,Volkan Oezdemir,34.04587363190209,35.179367132795335,1.1334935008932447,0.6957699520733487,1.3773584905660377,True,18.867924528301884,historical_import_fallback,exact_id_ufcstats_mirror,2024-11-23|carlos ulberg|volkan oezdemir
2024-11-23,2024,Nyamjargal Tumendemberel,Carlos Hernandez,Carlos Hernandez,Nyamjargal Tumendemberel,31.08072034333354,26.67542796908903,-4.40529237424451,0.5260865852617197,1.819672131147541,True,40.98360655737705,historical_import_fallback,exact_id_ufcstats_mirror,2024-11-23|carlos hernandez|nyamjargal tumendemberel
2024-11-23,2024,Baergeng Jieleyisi,SuYoung You,SuYoung You,Baergeng Jieleyisi,28.953366598903468,28.99991101802227,0.0465444191188026,0.6690070210631895,1.434782608695652,True,21.73913043478261,historical_import_fallback,exact_id_ufcstats_mirror,2024-11-23|baergeng jieleyisi|suyoung you
2024-11-23,2024,Shi Ming,Feng Xiaocan,Feng Xiaocan,Shi Ming,22.90806792747284,30.02662614564296,7.118558218170119,0.7994561522773622,1.2040816326530612,False,-50.0,historical_import_fallback,exact_id_ufcstats_mirror,2024-11-23|feng xiaocan|shi ming
2024-12-07,2024,Vicente Luque,Themba Gorimbo,Vicente Luque,Themba Gorimbo,33.03011013230935,33.873385490461814,0.8432753581524608,0.583618917066484,1.1538461538461535,True,7.692307692307676,historical_import_fallback,exact_id_ufcstats_mirror,2024-12-07|themba gorimbo|vicente luque
2024-12-07,2024,Michael Chiesa,Max Griffin,Michael Chiesa,Max Griffin,37.00281319944968,39.0233885706072,2.0205753711575127,0.5427435387673957,1.7692307692307692,True,38.46153846153846,historical_import_fallback,exact_id_ufcstats_mirror,2024-12-07|max griffin|michael chiesa
2024-12-07,2024,Kennedy Nzechukwu,Lukasz Brzeski,Kennedy Nzechukwu,Lukasz Brzeski,32.48526663791864,32.559190127107335,0.0739234891886937,0.8118668596237336,1.181818181818182,True,9.090909090909104,historical_import_fallback,exact_id_ufcstats_mirror,2024-12-07|kennedy nzechukwu|lukasz brzeski
2024-12-07,2024,Nate Landwehr,Dooho Choi,Nate Landwehr,Dooho Choi,36.504514124177774,33.6625666509237,-2.841947473254073,0.5427435387673957,1.7692307692307692,False,-50.0,historical_import_fallback,exact_id_ufcstats_mirror,2024-12-07|dooho choi|nate landwehr
2024-12-07,2024,Cody Durden,Joshua Van,Joshua Van,Cody Durden,23.159955372115785,33.69542153500756,10.535466162891776,0.6037569709421778,1.5882352941176472,True,29.41176470588236,historical_import_fallback,exact_id_ufcstats_mirror,2024-12-07|cody durden|joshua van
2024-12-07,2024,Chris Weidman,Eryk Anders,Chris Weidman,Eryk Anders,40.47447928431111,37.63253181105704,-2.841947473254073,0.5043297540699689,1.8928571428571428,False,-50.0,historical_import_fallback,exact_id_ufcstats_mirror,2024-12-07|chris weidman|eryk anders
2024-12-07,2024,Shavkat Rakhmonov,Ian Machado Garry,Shavkat Rakhmonov,Ian Machado Garry,30.12519079789455,27.055997043060437,-3.0691937548341173,0.7279508556384379,1.4761904761904765,True,23.809523809523824,historical_import_fallback,exact_id_ufcstats_mirror,2024-12-07|ian machado garry|shavkat rakhmonov
2024-12-07,2024,Bryce Mitchell,Kron Gracie,Bryce Mitchell,Kron Gracie,30.17721103102733,36.40868737893317,6.231476347905844,0.8677165354330709,1.1052631578947367,True,5.263157894736836,historical_import_fallback,exact_id_ufcstats_mirror,2024-12-07|bryce mitchell|kron gracie
2024-12-07,2024,Randy Brown,Bryan Battle,Bryan Battle,Randy Brown,30.212803822118182,34.418228984852526,4.205425162734343,0.6164383561643836,1.5555555555555556,True,27.77777777777778,historical_import_fallback,exact_id_ufcstats_mirror,2024-12-07|bryan battle|randy brown
2024-12-07,2024,Dominick Reyes,Anthony Smith,Dominick Reyes,Anthony Smith,34.9493829442083,36.36761877382835,1.4182358296200448,0.76,1.263157894736842,True,13.157894736842104,historical_import_fallback,exact_id_ufcstats_mirror,2024-12-07|anthony smith|dominick reyes
2024-12-07,2024,Movsar Evloev,Aljamain Sterling,Movsar Evloev,Aljamain Sterling,30.82061917766963,35.3545931812426,4.533974003572968,0.6750312469954812,1.4201680672268908,True,21.00840336134454,historical_import_fallback,exact_id_ufcstats_mirror,2024-12-07|aljamain sterling|movsar evloev
2024-12-07,2024,Alexandre Pantoja,Kai Asakura,Alexandre Pantoja,Kai Asakura,34.64547526643258,31.10262359938945,-3.5428516670431307,0.6923076923076924,1.4,True,20.0,historical_import_fallback,exact_id_ufcstats_mirror,2024-12-07|alexandre pantoja|kai asakura
2024-12-07,2024,Ciryl Gane,Alexander Volkov,Ciryl Gane,Alexander Volkov,34.65642689446053,36.12120714319938,1.4647802487388475,0.76,1.263157894736842,True,13.157894736842104,historical_import_fallback,exact_id_ufcstats_mirror,2024-12-07|alexander volkov|ciryl gane
2024-12-07,2024,Clay Guida,Chase Hooper,Chase Hooper,Clay Guida,25.235288883413077,42.998829544754514,17.76354066134144,0.88,1.0909090909090908,True,4.545454545454541,historical_import_fallback,exact_id_ufcstats_mirror,2024-12-07|chase hooper|clay guida
2025-03-08,2025,King Green,Mauricio Ruffy,Mauricio Ruffy,King Green,28.723382410316432,38.494972518258415,9.771590107941982,0.7880910683012259,1.21,True,10.499999999999998,historical_import_fallback,exact_id_ufcstats_mirror,2025-03-08|king green|mauricio ruffy
2025-03-08,2025,Justin Gaethje,Rafael Fiziev,Rafael Fiziev,Justin Gaethje,32.00887081870264,36.31286063368858,4.30398981498594,0.5161290322580645,1.8,False,-50.0,historical_import_fallback,exact_id_ufcstats_mirror,2025-03-08|justin gaethje|rafael fiziev
2025-03-08,2025,Joshua Van,Rei Tsuruya,Joshua Van,Rei Tsuruya,23.40910490975174,22.71093862296967,-0.6981662867820688,0.6144278606965174,1.55,True,27.500000000000004,historical_import_fallback,exact_id_ufcstats_mirror,2025-03-08|joshua van|rei tsuruya
2025-03-08,2025,Jalin Turner,Ignacio Bahamondes,Ignacio Bahamondes,Jalin Turner,27.529654955269443,29.80759358508388,2.2779386298144395,0.5235602094240838,1.82,True,41.0,historical_import_fallback,exact_id_ufcstats_mirror,2025-03-08|ignacio bahamondes|jalin turner
2025-03-08,2025,Amanda Lemos,Iasmin Lucindo,Iasmin Lucindo,Amanda Lemos,23.162693279122774,37.796806231476346,14.634112952353572,0.5352480417754569,1.78,False,-50.0,historical_import_fallback,exact_id_ufcstats_mirror,2025-03-08|amanda lemos|iasmin lucindo
2025-03-08,2025,Brunno Ferreira,Armen Petrosyan,Armen Petrosyan,Brunno Ferreira,34.34704340267083,32.34015756654825,-2.006885836122578,0.5621761658031088,1.69,False,-50.0,historical_import_fallback,exact_id_ufcstats_mirror,2025-03-08|armen petrosyan|brunno ferreira
2025-03-08,2025,Alex Pereira,Magomed Ankalaev,Alex Pereira,Magomed Ankalaev,37.67086250915487,32.76453315263147,-4.9063293565234005,0.5170603674540682,1.84,False,-50.0,historical_import_fallback,exact_id_ufcstats_mirror,2025-03-08|alex pereira|magomed ankalaev
2025-03-08,2025,Alex Morono,Carlos Leal,Carlos Leal,Alex Morono,30.845260340732526,34.56060014921593,3.715339808483403,0.8458390177353342,1.13,True,6.499999999999995,historical_import_fallback,exact_id_ufcstats_mirror,2025-03-08|alex morono|carlos leal
2025-03-08,2025,Mairon Santos,Francis Marshall,Mairon Santos,Francis Marshall,24.742465622155144,26.0155923804048,1.2731267582496564,0.7319587628865979,1.3,True,15.000000000000002,historical_import_fallback,exact_id_ufcstats_mirror,2025-03-08|francis marshall|mairon santos
2025-03-15,2025,Josiane Nunes,Priscila Cachoeira,Josiane Nunes,Priscila Cachoeira,31.225829414703927,36.570223892345496,5.344394477641568,0.6222222222222222,1.53,False,-50.0,historical_import_fallback,exact_id_ufcstats_mirror,2025-03-15|josiane nunes|priscila cachoeira
2025-03-15,2025,Waldo Cortes-Acosta,Ryan Spann,Waldo Cortes-Acosta,Ryan Spann,33.4490099043786,33.558526184658135,0.1095162802795357,0.6020151133501259,1.58,True,29.000000000000004,historical_import_fallback,exact_id_ufcstats_mirror,2025-03-15|ryan spann|waldo cortes acosta
2025-03-15,2025,Marvin Vettori,Roman Dolidze,Marvin Vettori,Roman Dolidze,31.48319267336085,36.6660506375901,5.182857964229246,0.5732647814910026,1.66,False,-50.0,historical_import_fallback,exact_id_ufcstats_mirror,2025-03-15|marvin vettori|roman dolidze
2025-03-15,2025,Da'Mon Blackshear,Cody Gibson,Da'Mon Blackshear,Cody Gibson,30.590634989082595,37.50932599574256,6.918691006659962,0.7867132867132868,1.22,True,10.999999999999998,historical_import_fallback,exact_id_ufcstats_mirror,2025-03-15|cody gibson|da mon blackshear
2025-03-15,2025,Stephanie Luciano,Sam Hughes,Stephanie Luciano,Sam Hughes,25.24624051144103,32.712512919498685,7.466272408057655,0.67816091954023,1.4,False,-50.0,historical_import_fallback,exact_id_ufcstats_mirror,2025-03-15|sam hughes|stephanie luciano
2025-03-15,2025,Brendson Ribeiro,Diyar Nurgozhay,Diyar Nurgozhay,Brendson Ribeiro,27.896534494205905,28.515301477785307,0.6187669835794019,0.7590132827324478,1.27,False,-50.0,historical_import_fallback,global_mma_backfill,2025-03-15|brendson ribeiro|diyar nurgozhay
2025-03-15,2025,Daniel Barez,Andre Lima,Andre Lima,Daniel Barez,26.10868121864241,36.26084040055579,10.152159181913383,0.7677902621722846,1.24,True,12.0,historical_import_fallback,exact_id_ufcstats_mirror,2025-03-15|andre lima|daniel barez
2025-03-15,2025,Alexander Hernandez,Kurt Holobaugh,Alexander Hernandez,Kurt Holobaugh,32.45241175383478,38.51687577431432,6.064464020479541,0.6277372262773723,1.53,True,26.5,historical_import_fallback,exact_id_ufcstats_mirror,2025-03-15|alexander hernandez|kurt holobaugh
2025-03-15,2025,Carlos Vera,Josias Musasa,Josias Musasa,Carlos Vera,25.42968028090926,37.35874111035819,11.929060829448929,0.8380681818181819,1.14,False,-50.0,historical_import_fallback,exact_id_ufcstats_mirror,2025-03-15|carlos vera|josias musasa
2025-03-22,2025,Shauna Bannon,Puja Tomar,Shauna Bannon,Puja Tomar,31.41200709117915,31.29427708987864,-0.117730001300508,0.5939086294416244,1.6,True,30.000000000000004,historical_import_fallback,exact_id_ufcstats_mirror,2025-03-22|puja tomar|shauna bannon
2025-03-22,2025,Nathaniel Wood,Morgan Charriere,Morgan Charriere,Nathaniel Wood,29.40512125505657,31.871975468353217,2.466854213296646,0.5658914728682171,1.68,False,-50.0,historical_import_fallback,exact_id_ufcstats_mirror,2025-03-22|morgan charriere|nathaniel wood
2025-03-22,2025,Marcin Tybura,Mick Parkin,Mick Parkin,Marcin Tybura,29.470831023224296,39.36562694648076,9.894795923256464,0.5275590551181102,1.8,False,-50.0,historical_import_fallback,exact_id_ufcstats_mirror,2025-03-22|marcin tybura|mick parkin
2025-03-22,2025,Leon Edwards,Sean Brady,Sean Brady,Leon Edwards,32.32646803151331,33.574953626700065,1.2484855951867573,0.5732647814910026,1.66,True,32.99999999999999,historical_import_fallback,exact_id_ufcstats_mirror,2025-03-22|leon edwards|sean brady
2025-03-22,2025,Guram Kutateladze,Kaue Fernandes,Guram Kutateladze,Kaue Fernandes,33.20259827374963,30.015674517615007,-3.1869237561346218,0.7809694793536804,1.22,False,-50.0,historical_import_fallback,exact_id_ufcstats_mirror,2025-03-22|guram kutateladze|kaue fernandes
2025-03-22,2025,Gunnar Nelson,Kevin Holland,Gunnar Nelson,Kevin Holland,36.64962319554816,32.3757503576391,-4.27387283790906,0.5404699738903395,1.76,False,-50.0,historical_import_fallback,exact_id_ufcstats_mirror,2025-03-22|gunnar nelson|kevin holland
2025-03-22,2025,Jordan Vucenic,Chris Duncan,Jordan Vucenic,Chris Duncan,29.05466915816204,31.86649965433924,2.8118304961771976,0.7809694793536804,1.22,False,-50.0,historical_import_fallback,exact_id_ufcstats_mirror,2025-03-22|chris duncan|jordan vucenic
2025-03-22,2025,Nathan Fletcher,Caolan Loughran,Nathan Fletcher,Caolan Loughran,27.214795649465767,28.84385031862393,1.6290546691581618,0.5170603674540682,1.84,False,-50.0,historical_import_fallback,exact_id_ufcstats_mirror,2025-03-22|caolan loughran|nathan fletcher
2025-03-22,2025,Molly McCann,Alexia Thainara,Alexia Thainara,Molly McCann,27.33526355777326,34.883673176040574,7.548409618267314,0.6222222222222222,1.53,True,26.5,historical_import_fallback,exact_id_ufcstats_mirror,2025-03-22|alexia thainara|molly mccann
2025-03-22,2025,Jai Herbert,Chris Padilla,Jai Herbert,Chris Padilla,36.85770412807929,29.52011334935009,-7.337590778729201,0.5,1.9,False,-50.0,historical_import_fallback,exact_id_ufcstats_mirror,2025-03-22|chris padilla|jai herbert
2025-03-29,2025,Rafa Garcia,Vinc Pichel,Rafa Garcia,Vinc Pichel,30.648131036229355,42.34720767709125,11.699076640861891,0.7948717948717949,1.2,True,9.999999999999998,historical_import_fallback,exact_id_ufcstats_mirror,2025-03-29|rafa garcia|vinc pichel
2025-03-29,2025,Ronaldo Rodriguez,Kevin Borjas,Ronaldo Rodriguez,Kevin Borjas,25.895124472097304,27.310622394710364,1.41549792261306,0.5714285714285715,1.68,False,-50.0,historical_import_fallback,exact_id_ufcstats_mirror,2025-03-29|kevin borjas|ronaldo rodriguez
2025-03-29,2025,Loopy Godinez,Julia Polastri,Loopy Godinez,Julia Polastri,31.55985406955653,27.066948671088387,-4.492905398468139,0.6935123042505593,1.37,True,18.500000000000007,historical_import_fallback,exact_id_ufcstats_mirror,2025-03-29|julia polastri|loopy godinez
2025-03-29,2025,Manuel Torres,Drew Dober,Drew Dober,Manuel Torres,36.44154226301704,30.01293661060802,-6.428605652409015,0.5090439276485789,1.9,False,-50.0,historical_import_fallback,exact_id_ufcstats_mirror,2025-03-29|drew dober|manuel torres
2025-03-29,2025,Jamall Emmers,Gabriel Miranda,Jamall Emmers,Gabriel Miranda,35.68040411507423,35.01235480536904,-0.6680493097051965,0.7769652650822669,1.22,True,10.999999999999998,historical_import_fallback,exact_id_ufcstats_mirror,2025-03-29|gabriel miranda|jamall emmers
2025-03-29,2025,Edgar Chairez,CJ Vergara,Edgar Chairez,CJ Vergara,29.16966125245556,33.78029665222421,4.61063539976865,0.688487584650113,1.38,True,18.999999999999996,historical_import_fallback,exact_id_ufcstats_mirror,2025-03-29|cj vergara|edgar chairez
2025-03-29,2025,Christian Rodriguez,Melquizael Costa,Christian Rodriguez,Melquizael Costa,27.28050541763349,28.53720473384121,1.256699316207726,0.5903307888040712,1.61,False,-50.0,historical_import_fallback,exact_id_ufcstats_mirror,2025-03-29|christian rodriguez|melquizael costa
2025-03-29,2025,Brandon Moreno,Steve Erceg,Brandon Moreno,Steve Erceg,31.307966624913583,29.673436141741444,-1.6345304831721386,0.6659142212189616,1.48,True,24.0,historical_import_fallback,exact_id_ufcstats_mirror,2025-03-29|brandon moreno|steve erceg
2025-03-29,2025,MarQuel Mederos,Austin Hubbard,MarQuel Mederos,Austin Hubbard,28.3263858943031,33.26830804191736,4.941922147614257,0.6399026763990268,1.48,True,24.0,historical_import_fallback,exact_id_ufcstats_mirror,2025-03-29|austin hubbard|marquel mederos
2025-03-29,2025,David Martinez,Saimon Oliveira,David Martinez,Saimon Oliveira,26.65352471303312,33.93909525862954,7.285570545596421,0.778175313059034,1.24,True,12.0,historical_import_fallback,exact_id_ufcstats_mirror,2025-03-29|david martinez|saimon oliveira
2025-04-05,2025,Vanessa Demopoulos,Talita Alencar,Vanessa Demopoulos,Talita Alencar,36.53463110125465,34.467511310978324,-2.0671197902763225,0.5,1.89,False,-50.0,historical_import_fallback,exact_id_ufcstats_mirror,2025-04-05|talita alencar|vanessa demopoulos
2025-04-05,2025,Torrez Finney,Robert Valentin,Torrez Finney,Robert Valentin,26.448181687508985,30.015674517615007,3.5674928301060227,0.6926406926406927,1.42,True,21.0,historical_import_fallback,exact_id_ufcstats_mirror,2025-04-05|robert valentin|torrez finney
2025-04-05,2025,Victor Henry,Pedro Falcao,Victor Henry,Pedro Falcao,37.92274995379782,32.68239594242181,-5.240354011376006,0.6399026763990268,1.48,True,24.0,historical_import_fallback,exact_id_ufcstats_mirror,2025-04-05|pedro falcao|victor henry
2025-04-05,2025,Uran Satybaldiev,Martin Buday,Martin Buday,Uran Satybaldiev,33.3997275782528,30.65360685024333,-2.746120728009469,0.5798969072164949,1.63,True,31.499999999999996,historical_import_fallback,global_mma_backfill,2025-04-05|martin buday|uran satybaldiev
2025-04-05,2025,Ode Osbourne,Luis Gurule,Luis Gurule,Ode Osbourne,31.38462802110926,33.238191064840485,1.8535630437312245,0.6762749445676275,1.46,False,-50.0,historical_import_fallback,exact_id_ufcstats_mirror,2025-04-05|luis gurule|ode osbourne
2025-04-05,2025,Josh Emmett,Lerone Murphy,Lerone Murphy,Josh Emmett,33.706373163035515,40.08843439632573,6.382061233290216,0.7261410788381742,1.32,True,16.000000000000004,historical_import_fallback,exact_id_ufcstats_mirror,2025-04-05|josh emmett|lerone murphy
2025-04-05,2025,Loma Lookboonmee,Istela Nunes,Loma Lookboonmee,Istela Nunes,29.213467764567376,32.70156129147073,3.488093526903356,0.8392603129445235,1.13,True,6.499999999999995,historical_import_fallback,exact_id_ufcstats_mirror,2025-04-05|istela nunes|loma lookboonmee
2025-04-05,2025,Diana Belbita,Dione Barbosa,Dione Barbosa,Diana Belbita,32.909642224001864,28.775402643449212,-4.134239580552649,0.8412483039348712,1.17,True,8.499999999999996,historical_import_fallback,exact_id_ufcstats_mirror,2025-04-05|diana belbita|dione barbosa
2025-04-05,2025,Rhys McKee,Daniel Frunza,Daniel Frunza,Rhys McKee,30.979417784074965,29.56939567547588,-1.4100221085990832,0.588089330024814,1.66,False,-50.0,historical_import_fallback,exact_id_ufcstats_mirror,2025-04-05|daniel frunza|rhys mckee
2025-04-05,2025,Cortavious Romious,ChangHo Lee,ChangHo Lee,Cortavious Romious,30.908232201893263,31.24499476375285,0.3367625618595866,0.5639097744360902,1.74,True,37.0,historical_import_fallback,exact_id_ufcstats_mirror,2025-04-05|changho lee|cortavious romious
2025-04-05,2025,Brad Tavares,Gerald Meerschaert,Brad Tavares,Gerald Meerschaert,37.29029343518347,37.29850715620444,0.0082137210209651,0.6659388646288209,1.53,True,26.5,historical_import_fallback,exact_id_ufcstats_mirror,2025-04-05|brad tavares|gerald meerschaert
2025-04-05,2025,Pat Sabatini,Joanderson Brito,Joanderson Brito,Pat Sabatini,30.147094053950457,34.404539449817584,4.257445395867126,0.655813953488372,1.48,False,-50.0,historical_import_fallback,exact_id_ufcstats_mirror,2025-04-05|joanderson brito|pat sabatini
2025-04-12,2025,Tresean Gore,Marco Tulio,Marco Tulio,Tresean Gore,30.831570805697584,30.80966754964168,-0.0219032560559071,0.7514450867052023,1.29,True,14.500000000000002,historical_import_fallback,exact_id_ufcstats_mirror,2025-04-12|marco tulio|tresean gore
2025-04-12,2025,Yair Rodriguez,Patricio Freire,Yair Rodriguez,Patricio Freire,32.515383614995514,37.76668925439947,5.25130563940396,0.635036496350365,1.5,True,25.0,historical_import_fallback,exact_id_ufcstats_mirror,2025-04-12|patricio freire|yair rodriguez
2025-04-12,2025,Sedriques Dumas,Michal Oleksiejczuk,Michal Oleksiejczuk,Sedriques Dumas,30.136142425922504,29.6843877697694,-0.4517546561531063,0.639225181598063,1.49,True,24.5,historical_import_fallback,exact_id_ufcstats_mirror,2025-04-12|michal oleksiejczuk|sedriques dumas
2025-04-12,2025,Yan Xiaonan,Virna Jandiroba,Virna Jandiroba,Yan Xiaonan,36.868655756107245,35.82277527943764,-1.045880476669609,0.5695876288659795,1.67,True,33.5,historical_import_fallback,exact_id_ufcstats_mirror,2025-04-12|virna jandiroba|yan xiaonan
2025-04-12,2025,Michael Chandler,Paddy Pimblett,Paddy Pimblett,Michael Chandler,30.273037776271927,38.96863043046743,8.6955926541955,0.5714285714285715,1.68,True,34.0,historical_import_fallback,exact_id_ufcstats_mirror,2025-04-12|michael chandler|paddy pimblett
2025-04-12,2025,Nora Cornolle,Hailey Cowan,Nora Cornolle,Hailey Cowan,35.34911736722862,33.16426757565179,-2.1848497915768306,0.6020151133501259,1.58,True,29.000000000000004,historical_import_fallback,exact_id_ufcstats_mirror,2025-04-12|hailey cowan|nora cornolle
2025-04-12,2025,Jim Miller,Chase Hooper,Chase Hooper,Jim Miller,25.580265166293625,41.61892441323231,16.038659246938682,0.8519003931847969,1.13,True,6.499999999999995,historical_import_fallback,exact_id_ufcstats_mirror,2025-04-12|chase hooper|jim miller
2025-04-12,2025,Darren Elkins,Julian Erosa,Julian Erosa,Darren Elkins,35.69956946412315,40.90706859141529,5.207499127292138,0.7592592592592593,1.3,True,15.000000000000002,historical_import_fallback,exact_id_ufcstats_mirror,2025-04-12|darren elkins|julian erosa
2025-04-12,2025,Dan Ige,Sean Woodson,Sean Woodson,Dan Ige,32.846670362841124,33.68446990697961,0.837799544138484,0.5945273631840796,1.63,False,-50.0,historical_import_fallback,exact_id_ufcstats_mirror,2025-04-12|dan ige|sean woodson
2025-04-12,2025,Bryce Mitchell,Jean Silva,Jean Silva,Bryce Mitchell,28.32912380131009,30.52218731390788,2.193063512597792,0.6689976689976691,1.42,True,21.0,historical_import_fallback,exact_id_ufcstats_mirror,2025-04-12|bryce mitchell|jean silva
2025-04-12,2025,Alexander Volkanovski,Diego Lopes,Alexander Volkanovski,Diego Lopes,36.53463110125465,30.28398940429988,-6.250641696954766,0.5549872122762148,1.74,True,37.0,historical_import_fallback,exact_id_ufcstats_mirror,2025-04-12|alexander volkanovski|diego lopes
2025-04-12,2025,Nikita Krylov,Dominick Reyes,Nikita Krylov,Dominick Reyes,33.09855780748407,35.294359227088854,2.195801419604784,0.6308068459657702,1.51,False,-50.0,historical_import_fallback,exact_id_ufcstats_mirror,2025-04-12|dominick reyes|nikita krylov
2025-04-26,2025,Randy Brown,Nicolas Dalby,Randy Brown,Nicolas Dalby,34.80153596583092,40.44162440022725,5.640088434396326,0.6823266219239373,1.42,True,21.0,historical_import_fallback,exact_id_ufcstats_mirror,2025-04-26|nicolas dalby|randy brown
2025-04-26,2025,Matt Schnell,Jimmy Flick,Matt Schnell,Jimmy Flick,35.27793178504692,34.63452363840462,-0.6434081466422938,0.6794055201698515,1.51,True,25.5,historical_import_fallback,exact_id_ufcstats_mirror,2025-04-26|jimmy flick|matt schnell
2025-04-26,2025,Jaqueline Amorim,Polyana Viana,Jaqueline Amorim,Polyana Viana,29.840448469167743,32.86583571189004,3.0253872427222994,0.8231707317073171,1.16,True,7.9999999999999964,historical_import_fallback,exact_id_ufcstats_mirror,2025-04-26|jaqueline amorim|polyana viana
2025-04-26,2025,Evan Elder,Gauge Young,Evan Elder,Gauge Young,28.04164356557629,24.78353422725997,-3.2581093383163235,0.6523809523809524,1.46,True,23.0,historical_import_fallback,exact_id_ufcstats_mirror,2025-04-26|evan elder|gauge young
2025-04-26,2025,Giga Chikadze,David Onama,David Onama,Giga Chikadze,30.88632894583736,36.668788544597085,5.782459598759729,0.606516290726817,1.57,True,28.500000000000004,historical_import_fallback,exact_id_ufcstats_mirror,2025-04-26|david onama|giga chikadze
2025-04-26,2025,Timmy Cuamba,Roberto Romero,Roberto Romero,Timmy Cuamba,25.23802679042006,26.21272168490797,0.9746948944879108,0.5242966751918159,1.86,False,-50.0,historical_import_fallback,exact_id_ufcstats_mirror,2025-04-26|roberto romero|timmy cuamba
2025-04-26,2025,Chelsea Chandler,Joselyne Edwards,Joselyne Edwards,Chelsea Chandler,29.57487148948986,34.4237047988665,4.848833309376644,0.7203389830508474,1.32,True,16.000000000000004,historical_import_fallback,exact_id_ufcstats_mirror,2025-04-26|chelsea chandler|joselyne edwards
2025-04-26,2025,Malcolm Wellmaker,Cameron Saaiman,Cameron Saaiman,Malcolm Wellmaker,24.3482070131488,30.89454266685832,6.546335653709523,0.5090439276485789,1.9,False,-50.0,historical_import_fallback,exact_id_ufcstats_mirror,2025-04-26|cameron saaiman|malcolm wellmaker
2025-04-26,2025,Anthony Smith,Zhang Mingyang,Zhang Mingyang,Anthony Smith,26.694593318137947,36.75092575480674,10.05633243666879,0.8,1.2,True,9.999999999999998,historical_import_fallback,exact_id_ufcstats_mirror,2025-04-26|anthony smith|zhang mingyang
2025-04-26,2025,Ikram Aliskerov,Andre Muniz,Ikram Aliskerov,Andre Muniz,32.38396407866007,35.1875808538163,2.803616775156229,0.8446866485013624,1.14,True,6.999999999999995,historical_import_fallback,exact_id_ufcstats_mirror,2025-04-26|andre muniz|ikram aliskerov
2025-04-26,2025,Michel Pereira,Abus Magomedov,Michel Pereira,Abus Magomedov,31.55437825554255,34.648213173439565,3.0938349178970164,0.5301837270341208,1.79,False,-50.0,historical_import_fallback,exact_id_ufcstats_mirror,2025-04-26|abus magomedov|michel pereira
2025-04-26,2025,Chris Gutierrez,John Castaneda,Chris Gutierrez,John Castaneda,34.01301874781823,33.355921066140986,-0.6570976816772429,0.5583756345177665,1.74,True,37.0,historical_import_fallback,exact_id_ufcstats_mirror,2025-04-26|chris gutierrez|john castaneda
2025-05-03,2025,Yana Santos,Miesha Tate,Miesha Tate,Yana Santos,38.70852926480352,35.475061089550096,-3.233468175253428,0.548051948051948,1.74,False,-50.0,historical_import_fallback,exact_id_ufcstats_mirror,2025-05-03|miesha tate|yana santos
2025-05-03,2025,Jeremy Stephens,Mason Jones,Mason Jones,Jeremy Stephens,30.021150331628984,38.94125136039754,8.92010102876856,0.8284883720930233,1.18,True,8.999999999999996,historical_import_fallback,exact_id_ufcstats_mirror,2025-05-03|jeremy stephens|mason jones
2025-05-03,2025,Juliana Miller,Ivana Petrovic,Ivana Petrovic,Juliana Miller,30.89454266685832,28.98895938999432,-1.905583276864004,0.6650943396226415,1.42,False,-50.0,historical_import_fallback,exact_id_ufcstats_mirror,2025-05-03|ivana petrovic|juliana miller
2025-05-03,2025,Marina Rodriguez,Gillian Robertson,Gillian Robertson,Marina Rodriguez,29.963654284482228,38.01310088502844,8.049446600546208,0.7173447537473233,1.32,True,16.000000000000004,historical_import_fallback,exact_id_ufcstats_mirror,2025-05-03|gillian robertson|marina rodriguez
2025-05-03,2025,Gaston Bolanos,Quang Le,Gaston Bolanos,Quang Le,32.63311361629602,33.542098742616204,0.9089851263201822,0.5648854961832062,1.71,False,-50.0,historical_import_fallback,exact_id_ufcstats_mirror,2025-05-03|gaston bolanos|quang le
2025-05-03,2025,Santiago Ponzinibbio,Daniel Rodriguez,Santiago Ponzinibbio,Daniel Rodriguez,38.60175089153097,38.33891181886007,-0.2628390726709,0.5132275132275133,1.84,False,-50.0,historical_import_fallback,exact_id_ufcstats_mirror,2025-05-03|daniel rodriguez|santiago ponzinibbio
2025-05-03,2025,Montel Jackson,Daniel Marcos,Montel Jackson,Daniel Marcos,33.02463431829538,32.15671779708002,-0.8679165212153563,0.6352657004830918,1.51,True,25.5,historical_import_fallback,exact_id_ufcstats_mirror,2025-05-03|daniel marcos|montel jackson
2025-05-03,2025,Cory Sandhagen,Deiveson Figueiredo,Cory Sandhagen,Deiveson Figueiredo,33.03558594632333,37.37516855240012,4.339582606076789,0.8157099697885197,1.22,True,10.999999999999998,historical_import_fallback,exact_id_ufcstats_mirror,2025-05-03|cory sandhagen|deiveson figueiredo
2025-05-03,2025,Cameron Smotherman,Serhiy Sidey,Serhiy Sidey,Cameron Smotherman,28.830160783588983,27.62548170051404,-1.204679083074943,0.5633074935400517,1.69,True,34.5,historical_import_fallback,exact_id_ufcstats_mirror,2025-05-03|cameron smotherman|serhiy sidey
2025-05-03,2025,Ryan Loder,Azamat Bekoev,Azamat Bekoev,Ryan Loder,29.342149393895838,33.91171618855965,4.569566794663817,0.7633587786259542,1.24,True,12.0,historical_import_fallback,exact_id_ufcstats_mirror,2025-05-03|azamat bekoev|ryan loder
2025-05-03,2025,Thomas Petersen,Don'Tale Mayes,Thomas Petersen,Don'Tale Mayes,30.095073820817674,33.29568711198724,3.2006132911695677,0.6923076923076924,1.4,True,20.0,historical_import_fallback,exact_id_ufcstats_mirror,2025-05-03|don tale mayes|thomas petersen
2025-05-10,2025,Modestas Bukauskas,Ion Cutelaba,Modestas Bukauskas,Ion Cutelaba,31.24499476375285,31.403793370158184,0.1587986064053339,0.5,1.9,True,44.99999999999999,historical_import_fallback,exact_id_ufcstats_mirror,2025-05-10|ion cutelaba|modestas bukauskas
2025-05-10,2025,Valentina Shevchenko,Manon Fiorot,Manon Fiorot,Valentina Shevchenko,35.22591155191414,37.17530134088996,1.9493897889758216,0.546875,1.74,False,-50.0,historical_import_fallback,exact_id_ufcstats_mirror,2025-05-10|manon fiorot|valentina shevchenko
2025-05-10,2025,Jessica Andrade,Jasmine Jasudavicius,Jasmine Jasudavicius,Jessica Andrade,36.19239272538108,33.62423595282586,-2.56815677255522,0.7203389830508474,1.32,True,16.000000000000004,historical_import_fallback,exact_id_ufcstats_mirror,2025-05-10|jasmine jasudavicius|jessica andrade
2025-05-10,2025,Navajo Stirling,Ivan Erslan,Navajo Stirling,Ivan Erslan,27.505013792206547,33.48460269546945,5.979588903262901,0.7203389830508474,1.32,True,16.000000000000004,historical_import_fallback,exact_id_ufcstats_mirror,2025-05-10|ivan erslan|navajo stirling
2025-05-10,2025,Mike Malott,Charles Radtke,Mike Malott,Charles Radtke,33.506505951525355,34.83712875692177,1.3306228053964162,0.6020151133501259,1.58,True,29.000000000000004,historical_import_fallback,exact_id_ufcstats_mirror,2025-05-10|charles radtke|mike malott
2025-05-10,2025,Daniel Santos,JeongYeong Lee,JeongYeong Lee,Daniel Santos,29.48999637227321,30.163521495992388,0.6735251237191733,0.5289473684210526,1.79,False,-50.0,historical_import_fallback,exact_id_ufcstats_mirror,2025-05-10|daniel santos|jeongyeong lee
2025-05-10,2025,Benoit Saint Denis,Kyle Prepolec,Benoit Saint Denis,Kyle Prepolec,29.394169627028617,35.694093650109174,6.299924023080557,0.8726415094339622,1.08,True,4.000000000000004,historical_import_fallback,exact_id_ufcstats_mirror,2025-05-10|benoit saint denis|kyle prepolec
2025-05-10,2025,Brad Katona,Bekzat Almakhan,Bekzat Almakhan,Brad Katona,27.669288212625855,33.39151385723184,5.722225644605977,0.6144278606965174,1.55,True,27.500000000000004,historical_import_fallback,exact_id_ufcstats_mirror,2025-05-10|bekzat almakhan|brad katona
2025-05-10,2025,Alexa Grasso,Natalia Silva,Natalia Silva,Alexa Grasso,28.263414033142364,31.751507560045724,3.4880935269033597,0.6567505720823799,1.5,True,25.0,historical_import_fallback,exact_id_ufcstats_mirror,2025-05-10|alexa grasso|natalia silva
2025-05-10,2025,Jose Aldo,Aiemann Zahabi,Jose Aldo,Aiemann Zahabi,38.66746065969869,37.4737332046517,-1.1937274550469894,0.630071599045346,1.55,False,-50.0,historical_import_fallback,exact_id_ufcstats_mirror,2025-05-10|aiemann zahabi|jose aldo
2025-05-10,2025,Marc-Andre Barriault,Bruno Silva,Marc-Andre Barriault,Bruno Silva,35.22317364490715,35.825513186444624,0.602339541537475,0.6020151133501259,1.58,True,29.000000000000004,historical_import_fallback,exact_id_ufcstats_mirror,2025-05-10|bruno silva|marc andre barriault
2025-05-17,2025,Sodiq Yusuff,Mairon Santos,Mairon Santos,Sodiq Yusuff,24.93411911264434,31.995181283667694,7.061062171023359,0.5402597402597403,1.77,True,38.5,historical_import_fallback,exact_id_ufcstats_mirror,2025-05-17|mairon santos|sodiq yusuff
2025-05-17,2025,Luana Santos,Tainara Lisboa,Luana Santos,Tainara Lisboa,25.084703998028708,34.2101480523214,9.125444054292691,0.5907928388746803,1.6,True,30.000000000000004,historical_import_fallback,exact_id_ufcstats_mirror,2025-05-17|luana santos|tainara lisboa
2025-05-17,2025,Tecia Pennington,Luana Pinheiro,Tecia Pennington,Luana Pinheiro,35.75158969725593,32.49348035893961,-3.2581093383163235,0.7291666666666667,1.3,True,15.000000000000002,historical_import_fallback,exact_id_ufcstats_mirror,2025-05-17|luana pinheiro|tecia pennington
2025-05-17,2025,Julian Erosa,Melquizael Costa,Melquizael Costa,Julian Erosa,28.671362177183653,35.795396209367745,7.124034032184092,0.6153846153846154,1.55,True,27.500000000000004,historical_import_fallback,exact_id_ufcstats_mirror,2025-05-17|julian erosa|melquizael costa
2025-05-17,2025,Jared Gordon,Thiago Moises,Jared Gordon,Thiago Moises,36.69342970765998,30.152569867964434,-6.540859839695546,0.5289473684210526,1.79,True,39.5,historical_import_fallback,exact_id_ufcstats_mirror,2025-05-17|jared gordon|thiago moises
2025-05-17,2025,Gabe Green,Matheus Camilo,Matheus Camilo,Gabe Green,24.370110269204705,32.04172570278651,7.671615433581802,0.6650943396226415,1.42,False,-50.0,historical_import_fallback,exact_id_ufcstats_mirror,2025-05-17|gabe green|matheus camilo
2025-05-17,2025,Dustin Stoltzfus,Nursulton Ruziboev,Nursulton Ruziboev,Dustin Stoltzfus,31.491406394381816,33.50376804451837,2.012361650136551,0.728952772073922,1.32,True,16.000000000000004,historical_import_fallback,exact_id_ufcstats_mirror,2025-05-17|dustin stoltzfus|nursulton ruziboev
2025-05-17,2025,Elise Reed,Denise Gomes,Denise Gomes,Elise Reed,25.380397954783465,32.446935939820804,7.066537985037339,0.8176100628930817,1.16,True,7.9999999999999964,historical_import_fallback,exact_id_ufcstats_mirror,2025-05-17|denise gomes|elise reed
2025-05-17,2025,Yadier del Valle,Connor Matthews,Yadier del Valle,Connor Matthews,28.80004380651211,32.96166245713464,4.1616186506225326,0.7962328767123288,1.19,True,9.499999999999996,historical_import_fallback,exact_id_ufcstats_mirror,2025-05-17|connor matthews|yadier del valle
2025-05-17,2025,HyunSung Park,Carlos Hernandez,HyunSung Park,Carlos Hernandez,29.533802884385032,31.55985406955653,2.026051185171493,0.6035353535353536,1.57,True,28.500000000000004,historical_import_fallback,exact_id_ufcstats_mirror,2025-05-17|carlos hernandez|hyunsung park
2025-05-17,2025,Gilbert Burns,Michael Morales,Michael Morales,Gilbert Burns,25.897862379104293,38.82625926610402,12.928396886999732,0.8355795148247979,1.22,True,10.999999999999998,historical_import_fallback,exact_id_ufcstats_mirror,2025-05-17|gilbert burns|michael morales
2025-05-31,2025,Mateusz Gamrot,Ludovit Klein,Mateusz Gamrot,Ludovit Klein,34.47024921798531,30.27029986926494,-4.199949348720374,0.5758354755784062,1.65,True,32.49999999999999,historical_import_fallback,exact_id_ufcstats_mirror,2025-05-31|ludovit klein|mateusz gamrot
2025-05-31,2025,Ketlen Vieira,Macy Chiasson,Ketlen Vieira,Macy Chiasson,33.76386921018228,33.84600642039193,0.0821372102096518,0.5289473684210526,1.79,True,39.5,historical_import_fallback,exact_id_ufcstats_mirror,2025-05-31|ketlen vieira|macy chiasson
2025-05-31,2025,Kurt Holobaugh,Jordan Leavitt,Jordan Leavitt,Kurt Holobaugh,29.99650916856609,38.72769461385244,8.731185445286354,0.598984771573604,1.58,True,29.000000000000004,historical_import_fallback,exact_id_ufcstats_mirror,2025-05-31|jordan leavitt|kurt holobaugh
2025-05-31,2025,Dustin Jacoby,Bruno Lopes,Dustin Jacoby,Bruno Lopes,37.15613599184103,32.10195965694025,-5.054176334900781,0.5587467362924282,1.69,True,34.5,historical_import_fallback,exact_id_ufcstats_mirror,2025-05-31|bruno lopes|dustin jacoby
2025-05-31,2025,Jafel Filho,Allan Nascimento,Allan Nascimento,Jafel Filho,33.72006269807046,32.07184267986338,-1.648220018207077,0.5132275132275133,1.84,True,42.00000000000001,historical_import_fallback,exact_id_ufcstats_mirror,2025-05-31|allan nascimento|jafel filho
2025-05-31,2025,Zachary Reese,Dusko Todorovic,Zachary Reese,Dusko Todorovic,31.18749871660609,31.034175924214733,-0.1533227923913571,0.7,1.35,True,17.500000000000004,historical_import_fallback,exact_id_ufcstats_mirror,2025-05-31|dusko todorovic|zachary reese
2025-06-07,2025,Bruno Silva,Joshua Van,Joshua Van,Bruno Silva,23.65825444738769,35.228649458921126,11.570395011533432,0.7769652650822669,1.22,True,10.999999999999998,historical_import_fallback,exact_id_ufcstats_mirror,2025-06-07|bruno silva|joshua van
2025-06-07,2025,Kelvin Gastelum,Joe Pyfer,Joe Pyfer,Kelvin Gastelum,28.720644503309444,33.621498045818875,4.900853542509431,0.7291666666666667,1.3,True,15.000000000000002,historical_import_fallback,exact_id_ufcstats_mirror,2025-06-07|joe pyfer|kelvin gastelum
2025-06-07,2025,Julianna Pena,Kayla Harrison,Kayla Harrison,Julianna Pena,34.932955502166365,35.80087202338173,0.8679165212153634,0.8176100628930817,1.16,True,7.9999999999999964,historical_import_fallback,exact_id_ufcstats_mirror,2025-06-07|julianna pena|kayla harrison
2025-06-07,2025,Vicente Luque,Kevin Holland,Kevin Holland,Vicente Luque,32.58656919717722,33.52840920758126,0.941840010404043,0.598984771573604,1.58,True,29.000000000000004,historical_import_fallback,exact_id_ufcstats_mirror,2025-06-07|kevin holland|vicente luque
2025-06-14,2025,Rose Namajunas,Miranda Maverick,Rose Namajunas,Miranda Maverick,32.958924550127655,27.95403054135266,-5.004894008774993,0.6399026763990268,1.48,True,24.0,historical_import_fallback,exact_id_ufcstats_mirror,2025-06-14|miranda maverick|rose namajunas
2025-06-14,2025,Alonzo Menifield,Oumar Sy,Oumar Sy,Alonzo Menifield,29.563919861461905,37.65717297411993,8.093253112658026,0.7633587786259542,1.24,False,-50.0,historical_import_fallback,exact_id_ufcstats_mirror,2025-06-14|alonzo menifield|oumar sy
2025-06-14,2025,Edmen Shahbazyan,Andre Petroski,Edmen Shahbazyan,Andre Petroski,27.565247746360296,34.00754293380425,6.442295187443957,0.6184538653366584,1.53,True,26.5,historical_import_fallback,exact_id_ufcstats_mirror,2025-06-14|andre petroski|edmen shahbazyan
2025-06-14,2025,Michael Chiesa,Court McGee,Michael Chiesa,Court McGee,37.52027762377051,40.50459626138798,2.98431863761747,0.7,1.35,True,17.500000000000004,historical_import_fallback,exact_id_ufcstats_mirror,2025-06-14|court mcgee|michael chiesa
2025-06-14,2025,Kamaru Usman,Joaquin Buckley,Joaquin Buckley,Kamaru Usman,31.13274057646632,38.095238095238095,6.962497518771777,0.6650943396226415,1.42,False,-50.0,historical_import_fallback,exact_id_ufcstats_mirror,2025-06-14|joaquin buckley|kamaru usman
2025-06-21,2025,Jamahal Hill,Khalil Rountree Jr.,Khalil Rountree Jr.,Jamahal Hill,35.31626248314476,34.0924180510209,-1.2238444321238615,0.5289473684210526,1.79,True,39.5,historical_import_fallback,exact_id_ufcstats_mirror,2025-06-21|jamahal hill|khalil rountree
2025-06-21,2025,Ismail Naurdiev,JunYong Park,JunYong Park,Ismail Naurdiev,34.31418851858697,28.84111241161694,-5.473076106970026,0.615,1.54,True,27.0,historical_import_fallback,exact_id_ufcstats_mirror,2025-06-21|ismail naurdiev|junyong park
2025-06-21,2025,Tofiq Musayev,Myktybek Orolbai,Myktybek Orolbai,Tofiq Musayev,27.359904720836155,35.51612969465492,8.156224973818766,0.5871794871794872,1.61,True,30.500000000000004,historical_import_fallback,exact_id_ufcstats_mirror,2025-06-21|myktybek orolbai|tofiq musayev
2025-06-21,2025,Nazim Sadykhov,Nikolas Motta,Nazim Sadykhov,Nikolas Motta,31.099885692382458,32.364798729611145,1.2649130372286876,0.7823741007194245,1.21,True,10.499999999999998,historical_import_fallback,exact_id_ufcstats_mirror,2025-06-21|nazim sadykhov|nikolas motta
2025-06-21,2025,Rafael Fiziev,Ignacio Bahamondes,Ignacio Bahamondes,Rafael Fiziev,27.81713519100324,32.296351054436435,4.479215863433197,0.5236842105263159,1.81,False,-50.0,historical_import_fallback,exact_id_ufcstats_mirror,2025-06-21|ignacio bahamondes|rafael fiziev
2025-06-21,2025,Muhammad Naimov,Bogdan Grad,Muhammad Naimov,Bogdan Grad,30.87263941080241,29.730932188888204,-1.1417072219142064,0.7048458149779735,1.34,True,17.000000000000004,historical_import_fallback,exact_id_ufcstats_mirror,2025-06-21|bogdan grad|muhammad naimov
2025-06-21,2025,Daria Zhelezniakova,Melissa Mullins,Melissa Mullins,Daria Zhelezniakova,33.91445409556664,29.410597069070548,-4.503857026496092,0.511744966442953,2.91,False,-50.0,historical_import_fallback,exact_id_ufcstats_mirror,2025-06-21|daria zhelezniakova|melissa mullins
2025-06-21,2025,Curtis Blaydes,Rizvan Kuniev,Curtis Blaydes,Rizvan Kuniev,34.33882968164986,32.715250826505674,-1.6235788551441883,0.6842105263157895,1.38,True,18.999999999999996,historical_import_fallback,exact_id_ufcstats_mirror,2025-06-21|curtis blaydes|rizvan kuniev
2025-06-21,2025,Tagir Ulanbekov,Azat Maksum,Tagir Ulanbekov,Azat Maksum,33.873385490461814,30.38255405655147,-3.490831433910344,0.7769652650822669,1.22,True,10.999999999999998,historical_import_fallback,exact_id_ufcstats_mirror,2025-06-21|azat maksum|tagir ulanbekov
2025-06-21,2025,Hamdy Abdelwahab,Mohammed Usman,Hamdy Abdelwahab,Mohammed Usman,32.411343148729955,36.22250970245796,3.811166553728,0.5798969072164949,1.63,False,-50.0,historical_import_fallback,exact_id_ufcstats_mirror,2025-06-21|hamdy abdelwahab|mohammed usman
2025-06-28,2025,Beneil Dariush,Renato Moicano,Renato Moicano,Beneil Dariush,36.10477970115745,36.14584830626228,0.041068605104833,0.5798969072164949,1.63,False,-50.0,historical_import_fallback,exact_id_ufcstats_mirror,2025-06-28|beneil dariush|renato moicano
2025-06-28,2025,Ilia Topuria,Charles Oliveira,Ilia Topuria,Charles Oliveira,28.43316426757565,35.69683155711616,7.2636672895405106,0.7633587786259542,1.24,True,12.0,historical_import_fallback,exact_id_ufcstats_mirror,2025-06-28|charles oliveira|ilia topuria
2025-06-28,2025,Payton Talbott,Felipe Lima,Felipe Lima,Payton Talbott,27.143610067284065,26.801371691410505,-0.3422383758735634,0.6070528967254408,1.56,False,-50.0,historical_import_fallback,exact_id_ufcstats_mirror,2025-06-28|felipe lima|payton talbott
2025-06-28,2025,Jack Hermansson,Gregory Rodrigues,Gregory Rodrigues,Jack Hermansson,33.36139688015496,37.049357618568486,3.6879607384135222,0.6105527638190955,1.55,True,27.500000000000004,historical_import_fallback,exact_id_ufcstats_mirror,2025-06-28|gregory rodrigues|jack hermansson
2025-06-28,2025,Viviane Araujo,Tracy Cortez,Tracy Cortez,Viviane Araujo,31.54890244152857,38.60175089153097,7.052848450002397,0.6650943396226415,1.42,True,21.0,historical_import_fallback,exact_id_ufcstats_mirror,2025-06-28|tracy cortez|viviane araujo
2025-07-12,2025,Fatima Kline,Melissa Martinez,Fatima Kline,Melissa Martinez,24.999828880812064,27.89927240121289,2.8994435204008298,0.8481532147742817,1.11,True,5.500000000000005,historical_import_fallback,exact_id_ufcstats_mirror,2025-07-12|fatima kline|melissa martinez
2025-07-12,2025,Lauren Murphy,Eduarda Moura,Eduarda Moura,Lauren Murphy,31.36820057906733,41.96116278910587,10.59296221003854,0.8103727714748785,1.17,True,8.499999999999996,historical_import_fallback,exact_id_ufcstats_mirror,2025-07-12|eduarda moura|lauren murphy
2025-07-12,2025,Derrick Lewis,Tallison Teixeira,Tallison Teixeira,Derrick Lewis,25.59669260833556,40.42519695818532,14.82850434984976,0.6493827160493827,1.42,False,-50.0,historical_import_fallback,exact_id_ufcstats_mirror,2025-07-12|derrick lewis|tallison teixeira
2025-07-12,2025,Junior Tafa,Tuco Tokkos,Junior Tafa,Tuco Tokkos,28.805519620526088,35.03425806142494,6.228738440898855,0.5907928388746803,1.6,False,-50.0,historical_import_fallback,exact_id_ufcstats_mirror,2025-07-12|junior tafa|tuco tokkos
2025-07-12,2025,Jake Matthews,Chidi Njokuani,Jake Matthews,Chidi Njokuani,30.89728057386531,36.52915528724067,5.63187471337536,0.5,1.89,True,44.49999999999999,historical_import_fallback,exact_id_ufcstats_mirror,2025-07-12|chidi njokuani|jake matthews
2025-07-12,2025,Calvin Kattar,Steve Garcia,Steve Garcia,Calvin Kattar,33.139626412588896,37.29576924919745,4.156142836608552,0.5445026178010471,1.74,True,37.0,historical_import_fallback,exact_id_ufcstats_mirror,2025-07-12|calvin kattar|steve garcia
2025-07-12,2025,Vitor Petrino,Austen Lane,Vitor Petrino,Austen Lane,27.871893331143006,37.67360041616186,9.801707085018856,0.7962328767123288,1.19,True,9.499999999999996,historical_import_fallback,exact_id_ufcstats_mirror,2025-07-12|austen lane|vitor petrino
2025-07-12,2025,Max Griffin,Chris Curtis,Chris Curtis,Max Griffin,37.99393553597952,39.617514391123706,1.6235788551441883,0.6900452488687783,1.37,True,18.500000000000007,historical_import_fallback,exact_id_ufcstats_mirror,2025-07-12|chris curtis|max griffin
2025-07-19,2025,Marvin Vettori,Brendan Allen,Brendan Allen,Marvin Vettori,29.558444047447928,31.8281689562414,2.2697249087934743,0.6751740139211136,1.4,True,20.0,historical_import_fallback,exact_id_ufcstats_mirror,2025-07-19|brendan allen|marvin vettori
2025-07-19,2025,Max Holloway,Dustin Poirier,Dustin Poirier,Max Holloway,36.49630040315681,33.62423595282586,-2.872064450330946,0.5289473684210526,1.79,False,-50.0,historical_import_fallback,exact_id_ufcstats_mirror,2025-07-19|dustin poirier|max holloway
2025-08-02,2025,Rodolfo Vieira,Tresean Gore,Rodolfo Vieira,Tresean Gore,35.85289225651451,31.116313134424388,-4.73657912209012,0.6485849056603774,1.51,True,25.5,strict_pre_event_snapshot,exact_id_ufcstats_mirror,2025-08-02|rodolfo vieira|tresean gore
2025-08-02,2025,Rinya Nakamura,Nathan Fletcher,Rinya Nakamura,Nathan Fletcher,30.363388707502548,27.57893728139524,-2.78445142610731,0.7672253258845437,1.25,True,12.5,strict_pre_event_snapshot,exact_id_ufcstats_mirror,2025-08-02|nathan fletcher|rinya nakamura
2025-08-02,2025,Piera Rodriguez,Ketlen Souza,Piera Rodriguez,Ketlen Souza,32.723464547526646,30.95751452801905,-1.765950019507592,0.6627906976744187,1.45,True,22.5,strict_pre_event_snapshot,exact_id_ufcstats_mirror,2025-08-02|ketlen souza|piera rodriguez
2025-08-02,2025,Karol Rosa,Nora Cornolle,Karol Rosa,Nora Cornolle,30.590634989082595,35.65576295201134,5.065127962928742,0.6310679611650486,1.53,True,26.5,strict_pre_event_snapshot,exact_id_ufcstats_mirror,2025-08-02|karol rosa|nora cornolle
2025-08-02,2025,Danny Silva,Kevin Vallejos,Kevin Vallejos,Danny Silva,23.65004072636673,28.504349849757357,4.854309123390625,0.7769652650822669,1.24,True,12.0,strict_pre_event_snapshot,exact_id_ufcstats_mirror,2025-08-02|danny silva|kevin vallejos
2025-08-02,2025,Mateusz Rebecki,Chris Duncan,Mateusz Rebecki,Chris Duncan,32.74536780358255,32.230641286268714,-0.5147265173138393,0.6555819477434679,1.48,False,-50.0,strict_pre_event_snapshot,exact_id_ufcstats_mirror,2025-08-02|chris duncan|mateusz rebecki
2025-08-02,2025,Austin Bashi,John Yannis,Austin Bashi,John Yannis,23.841694216855924,31.072506622312574,7.23081240545665,0.8415147265077139,1.14,True,6.999999999999995,strict_pre_event_snapshot,exact_id_ufcstats_mirror,2025-08-02|austin bashi|john yannis
2025-08-02,2025,Nick Klein,Andrey Pulyaev,Andrey Pulyaev,Nick Klein,27.893796587198917,29.90068242332149,2.006885836122578,0.586734693877551,1.67,True,33.5,strict_pre_event_snapshot,exact_id_ufcstats_mirror,2025-08-02|andrey pulyaev|nick klein
2025-08-02,2025,Rafael Estevam,Felipe Bunes,Rafael Estevam,Felipe Bunes,28.978007761966364,35.759803418276896,6.781795656310532,0.8270676691729323,1.19,True,9.499999999999996,strict_pre_event_snapshot,exact_id_ufcstats_mirror,2025-08-02|felipe bunes|rafael estevam
2025-08-09,2025,Joselyne Edwards,Priscila Cachoeira,Joselyne Edwards,Priscila Cachoeira,29.86235172522365,36.9726962223728,7.11034449714915,0.7656402566606221,1.27,True,13.5,strict_pre_event_snapshot,exact_id_ufcstats_mirror,2025-08-09|joselyne edwards|priscila cachoeira
2025-08-09,2025,Miles Johns,Jean Matsumoto,Jean Matsumoto,Miles Johns,25.91702772815321,31.362724765053358,5.445697036900143,0.7018395551724466,1.39,True,19.5,strict_pre_event_snapshot,exact_id_ufcstats_mirror,2025-08-09|jean matsumoto|miles johns
2025-08-09,2025,Uros Medic,Gilbert Urbina,Uros Medic,Gilbert Urbina,32.29087524042246,29.344887300902823,-2.945987939519636,0.7516858193954564,1.29,True,14.500000000000002,strict_pre_event_snapshot,exact_id_ufcstats_mirror,2025-08-09|gilbert urbina|uros medic
2025-08-09,2025,Gabriella Fernandes,Julija Stoliarenko,Gabriella Fernandes,Julija Stoliarenko,31.98970546965372,32.33741965954126,0.3477141898875402,0.775735936228197,1.24,True,12.0,strict_pre_event_snapshot,exact_id_ufcstats_mirror,2025-08-09|gabriella fernandes|julija stoliarenko
2025-08-09,2025,Elijah Smith,Toshiomi Kazama,Elijah Smith,Toshiomi Kazama,22.92723327652176,28.23603496307248,5.308801686550716,0.8447509266179012,1.13,True,6.499999999999995,strict_pre_event_snapshot,exact_id_ufcstats_mirror,2025-08-09|elijah smith|toshiomi kazama
2025-08-09,2025,Eryk Anders,Christian Leroy Duncan,Christian Leroy Duncan,Eryk Anders,30.045791494691883,38.30331902776922,8.257527533077337,0.7998274434982675,1.2,True,9.999999999999998,strict_pre_event_snapshot,exact_id_ufcstats_mirror,2025-08-09|christian leroy duncan|eryk anders
2025-08-09,2025,Roman Dolidze,Anthony Hernandez,Anthony Hernandez,Roman Dolidze,31.80900360719248,37.068522967617405,5.259519360424925,0.7265924888473908,1.33,True,16.500000000000004,strict_pre_event_snapshot,exact_id_ufcstats_mirror,2025-08-09|anthony hernandez|roman dolidze
2025-08-09,2025,Iasmin Lucindo,Angela Hill,Iasmin Lucindo,Angela Hill,23.584330958199004,40.57304393656269,16.988712978363687,0.6257753501872885,1.57,True,28.500000000000004,strict_pre_event_snapshot,exact_id_ufcstats_mirror,2025-08-09|angela hill|iasmin lucindo
2025-08-09,2025,Andre Fili,Christian Rodriguez,Christian Rodriguez,Andre Fili,27.644647049562963,35.12460899265557,7.479961943092604,0.6713215773456217,1.44,False,-50.0,strict_pre_event_snapshot,exact_id_ufcstats_mirror,2025-08-09|andre fili|christian rodriguez
2025-08-09,2025,Cody Brundage,Eric McConico,Cody Brundage,Eric McConico,31.234043135724896,35.25329062198402,4.019247486259125,0.6015037593984962,1.61,False,-50.0,strict_pre_event_snapshot,exact_id_ufcstats_mirror,2025-08-09|cody brundage|eric mcconico
2025-08-16,2025,Lerone Murphy,Aaron Pico,Aaron Pico,Lerone Murphy,28.89587055175671,34.070514794964986,5.174644243208277,0.606516290726817,1.6,False,-50.0,strict_pre_event_snapshot,exact_id_ufcstats_mirror,2025-08-16|aaron pico|lerone murphy
2025-08-16,2025,Joseph Morales,Alibi Idiris,Alibi Idiris,Joseph Morales,30.81788127066264,30.98489359808894,0.1670123274262991,0.7867132867132868,1.22,False,-50.0,strict_pre_event_snapshot,global_mma_backfill,2025-08-16|alibi idiris|joseph morales
2025-08-16,2025,Karine Silva,Dione Barbosa,Karine Silva,Dione Barbosa,31.70496314092692,33.273783855931335,1.568820715004417,0.6501182033096927,1.49,True,24.5,strict_pre_event_snapshot,exact_id_ufcstats_mirror,2025-08-16|dione barbosa|karine silva
2025-08-16,2025,Edson Barboza,Drakkar Klose,Edson Barboza,Drakkar Klose,39.56823206499792,37.43814041356085,-2.1300916514370627,0.546875,1.77,False,-50.0,strict_pre_event_snapshot,exact_id_ufcstats_mirror,2025-08-16|drakkar klose|edson barboza
2025-08-16,2025,Dricus Du Plessis,Khamzat Chimaev,Khamzat Chimaev,Dricus Du Plessis,31.29427708987864,31.587233139626413,0.2929560497477723,0.6818181818181819,1.41,True,20.5,strict_pre_event_snapshot,exact_id_ufcstats_mirror,2025-08-16|dricus du plessis|khamzat chimaev
2025-08-16,2025,Gerald Meerschaert,Michal Oleksiejczuk,Michal Oleksiejczuk,Gerald Meerschaert,30.481118708803056,37.66264878813391,7.181530079330852,0.6588235294117647,1.46,True,23.0,strict_pre_event_snapshot,exact_id_ufcstats_mirror,2025-08-16|gerald meerschaert|michal oleksiejczuk
2025-08-16,2025,Jared Cannonier,Michael Page,Michael Page,Jared Cannonier,38.36081507491598,41.41905720172214,3.0582421268061566,0.6428571428571429,1.51,True,25.5,strict_pre_event_snapshot,exact_id_ufcstats_mirror,2025-08-16|jared cannonier|michael page
2025-08-16,2025,Tim Elliott,Kai Asakura,Kai Asakura,Tim Elliott,31.79257616515055,38.64555740364278,6.852981238492234,0.7261410788381742,1.33,False,-50.0,strict_pre_event_snapshot,exact_id_ufcstats_mirror,2025-08-16|kai asakura|tim elliott
2025-08-23,2025,Michel Pereira,Kyle Daukaus,Michel Pereira,Kyle Daukaus,31.880189189374185,32.48526663791864,0.6050774485444599,0.6817668787194747,1.42,False,-50.0,strict_pre_event_snapshot,exact_id_ufcstats_mirror,2025-08-23|kyle daukaus|michel pereira
2025-08-23,2025,Taiyilake Nueraji,Kiefer Crosbie,Taiyilake Nueraji,Kiefer Crosbie,24.61104608581969,35.38471015831947,10.773664072499775,0.7946841519817341,1.22,True,10.999999999999998,strict_pre_event_snapshot,exact_id_ufcstats_mirror,2025-08-23|kiefer crosbie|taiyilake nueraji
2025-08-23,2025,Johnny Walker,Zhang Mingyang,Zhang Mingyang,Johnny Walker,27.02040425196958,33.3997275782528,6.37932332628322,0.7485246077428892,1.29,False,-50.0,strict_pre_event_snapshot,exact_id_ufcstats_mirror,2025-08-23|johnny walker|zhang mingyang
2025-08-23,2025,Uran Satybaldiev,Diyar Nurgozhay,Uran Satybaldiev,Diyar Nurgozhay,31.03691383122172,28.33733752233105,-2.6995763088906664,0.5071224586931393,2.0,True,50.0,strict_pre_event_snapshot,global_mma_backfill,2025-08-23|diyar nurgozhay|uran satybaldiev
2025-08-23,2025,Brian Ortega,Aljamain Sterling,Aljamain Sterling,Brian Ortega,36.06371109605262,34.50310410206917,-1.5606069939834484,0.7855135061017414,1.24,True,12.0,strict_pre_event_snapshot,exact_id_ufcstats_mirror,2025-08-23|aljamain sterling|brian ortega
2025-08-23,2025,Charles Johnson,Lone'er Kavanagh,Lone'er Kavanagh,Charles Johnson,26.207245870893995,34.61809619636269,8.410850325468697,0.6800845605065401,1.43,False,-50.0,strict_pre_event_snapshot,exact_id_ufcstats_mirror,2025-08-23|charles johnson|lone er kavanagh
2025-09-06,2025,Shauna Bannon,Sam Hughes,Sam Hughes,Shauna Bannon,33.19164664572168,31.871975468353217,-1.319671177368459,0.7358536585365854,1.33,True,16.500000000000004,strict_pre_event_snapshot,exact_id_ufcstats_mirror,2025-09-06|sam hughes|shauna bannon
2025-09-06,2025,Marcin Tybura,Ante Delija,Ante Delija,Marcin Tybura,35.083540387550734,39.82559532365483,4.742054936104097,0.5324675324675325,1.88,True,43.99999999999999,strict_pre_event_snapshot,exact_id_ufcstats_mirror,2025-09-06|ante delija|marcin tybura
2025-09-06,2025,Axel Sola,Rhys McKee,Axel Sola,Rhys McKee,27.970457983394592,29.991033354552112,2.02057537115752,0.5426356589147286,1.79,True,39.5,strict_pre_event_snapshot,exact_id_ufcstats_mirror,2025-09-06|axel sola|rhys mckee
2025-09-06,2025,Benoit Saint Denis,Mauricio Ruffy,Mauricio Ruffy,Benoit Saint Denis,29.22168148558834,29.71998056086025,0.498299075271909,0.5909090909090909,1.68,False,-50.0,strict_pre_event_snapshot,exact_id_ufcstats_mirror,2025-09-06|benoit saint denis|mauricio ruffy
2025-09-06,2025,Bolaji Oki,Mason Jones,Mason Jones,Bolaji Oki,30.366126614509536,29.81033149209087,-0.5557951224186652,0.5526992287917738,1.77,True,38.5,strict_pre_event_snapshot,exact_id_ufcstats_mirror,2025-09-06|bolaji oki|mason jones
2025-09-06,2025,Brad Tavares,Robert Bryczek,Brad Tavares,Robert Bryczek,37.711931114259706,35.176629225788346,-2.535301888471359,0.6542056074766355,1.48,False,-50.0,strict_pre_event_snapshot,exact_id_ufcstats_mirror,2025-09-06|brad tavares|robert bryczek
2025-09-06,2025,Oumar Sy,Brendson Ribeiro,Oumar Sy,Brendson Ribeiro,29.79390405004894,28.99443520400829,-0.7994688460406465,0.8,1.21,True,10.499999999999998,strict_pre_event_snapshot,exact_id_ufcstats_mirror,2025-09-06|brendson ribeiro|oumar sy
2025-09-06,2025,Nassourdine Imavov,Caio Borralho,Caio Borralho,Nassourdine Imavov,32.63858943031,30.519449406900893,-2.1191400234091056,0.5426356589147286,1.77,False,-50.0,strict_pre_event_snapshot,exact_id_ufcstats_mirror,2025-09-06|caio borralho|nassourdine imavov
2025-09-06,2025,Modestas Bukauskas,Paul Craig,Modestas Bukauskas,Paul Craig,31.570805697584483,37.77764088242743,6.206835184842944,0.7400000000000001,1.31,True,15.500000000000004,strict_pre_event_snapshot,exact_id_ufcstats_mirror,2025-09-06|modestas bukauskas|paul craig
2025-09-06,2025,William Gomis,Robert Ruchala,William Gomis,Robert Ruchala,28.23329705606549,27.313360301717356,-0.9199367543481358,0.6888888888888889,1.43,True,21.5,strict_pre_event_snapshot,exact_id_ufcstats_mirror,2025-09-06|robert ruchala|william gomis
2025-09-06,2025,Sam Patterson,Trey Waters,Sam Patterson,Trey Waters,29.35310102192379,30.5413526629568,1.188251641033009,0.6204379562043796,1.56,True,28.000000000000004,strict_pre_event_snapshot,exact_id_ufcstats_mirror,2025-09-06|sam patterson|trey waters
