result,player1,player2,player1_url,player2_url,weightclass,method,round,time,time_format,referee,details,player1_nickname,player2_nickname,event_date,event_location,event_url,p1_rd1_KD,p1_rd2_KD,p1_rd3_KD,p1_rd4_KD,p1_rd5_KD,p1_rd1_Sig_str,p1_rd2_Sig_str,p1_rd3_Sig_str,p1_rd4_Sig_str,p1_rd5_Sig_str,p1_rd1_Total_str,p1_rd2_Total_str,p1_rd3_Total_str,p1_rd4_Total_str,p1_rd5_Total_str,p1_rd1_Td,p1_rd2_Td,p1_rd3_Td,p1_rd4_Td,p1_rd5_Td,p1_rd1_Sub_att,p1_rd2_Sub_att,p1_rd3_Sub_att,p1_rd4_Sub_att,p1_rd5_Sub_att,p1_rd1_Rev,p1_rd2_Rev,p1_rd3_Rev,p1_rd4_Rev,p1_rd5_Rev,p1_rd1_Ctrl,p1_rd2_Ctrl,p1_rd3_Ctrl,p1_rd4_Ctrl,p1_rd5_Ctrl,p2_rd1_KD,p2_rd2_KD,p2_rd3_KD,p2_rd4_KD,p2_rd5_KD,p2_rd1_Sig_str,p2_rd2_Sig_str,p2_rd3_Sig_str,p2_rd4_Sig_str,p2_rd5_Sig_str,p2_rd1_Total_str,p2_rd2_Total_str,p2_rd3_Total_str,p2_rd4_Total_str,p2_rd5_Total_str,p2_rd1_Td,p2_rd2_Td,p2_rd3_Td,p2_rd4_Td,p2_rd5_Td,p2_rd1_Sub_att,p2_rd2_Sub_att,p2_rd3_Sub_att,p2_rd4_Sub_att,p2_rd5_Sub_att,p2_rd1_Rev,p2_rd2_Rev,p2_rd3_Rev,p2_rd4_Rev,p2_rd5_Rev,p2_rd1_Ctrl,p2_rd2_Ctrl,p2_rd3_Ctrl,p2_rd4_Ctrl,p2_rd5_Ctrl,p1_rd1_Head,p1_rd2_Head,p1_rd3_Head,p1_rd4_Head,p1_rd5_Head,p1_rd1_Body,p1_rd2_Body,p1_rd3_Body,p1_rd4_Body,p1_rd5_Body,p1_rd1_Leg,p1_rd2_Leg,p1_rd3_Leg,p1_rd4_Leg,p1_rd5_Leg,p1_rd1_Distance,p1_rd2_Distance,p1_rd3_Distance,p1_rd4_Distance,p1_rd5_Distance,p1_rd1_Clinch,p1_rd2_Clinch,p1_rd3_Clinch,p1_rd4_Clinch,p1_rd5_Clinch,p1_rd1_Ground,p1_rd2_Ground,p1_rd3_Ground,p1_rd4_Ground,p1_rd5_Ground,p2_rd1_Head,p2_rd2_Head,p2_rd3_Head,p2_rd4_Head,p2_rd5_Head,p2_rd1_Body,p2_rd2_Body,p2_rd3_Body,p2_rd4_Body,p2_rd5_Body,p2_rd1_Leg,p2_rd2_Leg,p2_rd3_Leg,p2_rd4_Leg,p2_rd5_Leg,p2_rd1_Distance,p2_rd2_Distance,p2_rd3_Distance,p2_rd4_Distance,p2_rd5_Distance,p2_rd1_Clinch,p2_rd2_Clinch,p2_rd3_Clinch,p2_rd4_Clinch,p2_rd5_Clinch,p2_rd1_Ground,p2_rd2_Ground,p2_rd3_Ground,p2_rd4_Ground,p2_rd5_Ground,result_norm,dob1,dob2,reach1,reach2,age1,age2,p1_won,pair_key,fav_prob,fav_is_p1,fav_won,fav_dec,fav_ml,age_adv,reach_adv,profit100
L,Tim Elliott,Muhammad Mokaev,http://ufcstats.com/fighter-details/c96d9178c9ed9e62,http://ufcstats.com/fighter-details/75353550928a7921,Flyweight Bout,Submission,3,3:03,3 Rnd (5-5-5),Jason Herzog,Arm Triangle From Mount,--,The Punisher,2023-10-21,"Abu Dhabi, Abu Dhabi, United Arab Emirates",http://ufcstats.com/event-details/13a0fb8fbdafb54f,0,0.0,0.0,,,20 of 31,6 of 6,4 of 6,,,34 of 46,33 of 35,4 of 6,,,1 of 1,0 of 0,0 of 0,,,0,2.0,0.0,,,0,0.0,0.0,,,1:40,0:00,0:43,,,0,0.0,0.0,,,10 of 28,3 of 3,1 of 2,,,40 of 58,60 of 65,18 of 23,,,1 of 3,1 of 1,1 of 2,,,0,0.0,1.0,,,0,0.0,0.0,,,1:36,4:56,1:52,,,10 of 19,6 of 6,3 of 5,,,9 of 11,0 of 0,1 of 1,,,1 of 1,0 of 0,0 of 0,,,14 of 25,0 of 0,0 of 2,,,4 of 4,0 of 0,4 of 4,,,2 of 2,6 of 6,0 of 0,,,4 of 16,3 of 3,1 of 2,,,3 of 8,0 of 0,0 of 0,,,3 of 4,0 of 0,0 of 0,,,9 of 27,0 of 0,1 of 2,,,1 of 1,0 of 0,0 of 0,,,0 of 0,3 of 3,0 of 0,,,L,1986-12-24,2000-07-30,66.0,70.0,36.82484924399543,23.22566514028351,False,http://ufcstats.com/fighter-details/75353550928a7921|http://ufcstats.com/fighter-details/c96d9178c9ed9e62,0.7905405405405406,False,True,1.1923076923076923,-520.0,13.59918410371192,4.0,19.23076923076923
W,Phil Davis,Tim Boetsch,http://ufcstats.com/fighter-details/902ab9197b83d0db,http://ufcstats.com/fighter-details/c80095f6092271a7,Light Heavyweight Bout,Submission,2,2:55,3 Rnd (5-5-5),Herb Dean,Kimura From Side Control,Mr. Wonderful,The Barbarian,2010-11-20,"Auburn Hills, Michigan, USA",http://ufcstats.com/event-details/dd992d569aaebee6,0,0.0,,,,29 of 66,4 of 9,,,,44 of 86,7 of 12,,,,1 of 1,1 of 1,,,,1,1.0,,,,0,0.0,,,,2:22,2:24,,,,0,0.0,,,,5 of 14,2 of 5,,,,6 of 15,4 of 7,,,,0 of 0,0 of 0,,,,0,1.0,,,,0,0.0,,,,0:00,0:07,,,,9 of 35,1 of 5,,,,13 of 22,2 of 3,,,,7 of 9,1 of 1,,,,13 of 30,1 of 5,,,,4 of 6,3 of 4,,,,12 of 30,0 of 0,,,,1 of 8,2 of 4,,,,1 of 2,0 of 0,,,,3 of 4,0 of 1,,,,5 of 14,2 of 4,,,,0 of 0,0 of 1,,,,0 of 0,0 of 0,,,,W,1984-09-25,1981-01-28,79.0,74.0,26.152487730754224,29.81033149209087,True,http://ufcstats.com/fighter-details/902ab9197b83d0db|http://ufcstats.com/fighter-details/c80095f6092271a7,0.8131736526946108,True,True,1.2061855670103092,-485.00000000000017,3.657843761336647,5.0,20.618556701030922
W,Duane Ludwig,Nick Osipczak,http://ufcstats.com/fighter-details/84ac950d4c1722dd,http://ufcstats.com/fighter-details/5b407acfe0ef9b76,Welterweight Bout,Decision - Split,3,5:00,3 Rnd (5-5-5),Marc Goddard,Richard Bertrand 28 - 29. Howard Hughes 28 - 29. Chris Watts 29 - 28.,Bang,--,2010-11-13,"Oberhausen, North Rhine-Westphalia, Germany",http://ufcstats.com/event-details/0ff11cc094e887bc,0,0.0,0.0,,,25 of 60,21 of 54,53 of 117,,,29 of 64,22 of 55,55 of 119,,,0 of 0,0 of 1,0 of 3,,,0,0.0,0.0,,,0,0.0,0.0,,,0:02,0:06,0:55,,,2,0.0,0.0,,,27 of 44,17 of 35,16 of 31,,,46 of 64,21 of 39,17 of 32,,,1 of 3,1 of 1,0 of 1,,,0,0.0,0.0,,,0,0.0,0.0,,,2:14,1:25,0:18,,,15 of 42,8 of 30,26 of 81,,,10 of 16,7 of 16,21 of 29,,,0 of 2,6 of 8,6 of 7,,,16 of 48,17 of 49,37 of 87,,,8 of 11,4 of 5,16 of 30,,,1 of 1,0 of 0,0 of 0,,,16 of 31,6 of 19,8 of 21,,,4 of 4,2 of 4,3 of 5,,,7 of 9,9 of 12,5 of 5,,,14 of 25,17 of 33,15 of 28,,,5 of 6,0 of 1,1 of 3,,,8 of 13,0 of 1,0 of 0,,,W,1978-08-04,1984-12-30,70.0,76.0,32.27718570538752,25.87048330903441,True,http://ufcstats.com/fighter-details/5b407acfe0ef9b76|http://ufcstats.com/fighter-details/84ac950d4c1722dd,0.745958429561201,False,False,1.2941176470588236,-339.99999999999994,6.406702396353108,6.0,-100.0
L,Ben Saunders,Dennis Hallman,http://ufcstats.com/fighter-details/484acc7b0f856ce9,http://ufcstats.com/fighter-details/8a8a84b743ae7699,Welterweight Bout,Decision - Unanimous,3,5:00,3 Rnd (5-5-5),Marcos Rosales,Nelson Hamilton 28 - 29. Susan Thomas-Gitlin 27 - 30. Alejandro Rochin 28 - 29.,Killa B,Superman,2010-08-07,"Oakland, California, USA",http://ufcstats.com/event-details/2f3f12002564bb55,0,0.0,0.0,,,1 of 1,6 of 12,23 of 32,,,9 of 11,11 of 17,34 of 44,,,0 of 0,0 of 0,0 of 0,,,0,1.0,0.0,,,0,0.0,0.0,,,0:00,0:00,0:00,,,0,0.0,0.0,,,9 of 19,9 of 15,10 of 21,,,25 of 38,38 of 46,33 of 48,,,1 of 3,1 of 1,1 of 2,,,0,0.0,0.0,,,0,0.0,0.0,,,4:49,4:13,2:47,,,0 of 0,1 of 6,16 of 24,,,1 of 1,5 of 6,7 of 8,,,0 of 0,0 of 0,0 of 0,,,1 of 1,4 of 10,15 of 23,,,0 of 0,2 of 2,8 of 9,,,0 of 0,0 of 0,0 of 0,,,9 of 19,7 of 12,8 of 18,,,0 of 0,1 of 1,0 of 1,,,0 of 0,1 of 2,2 of 2,,,0 of 0,1 of 5,2 of 9,,,0 of 2,1 of 1,3 of 5,,,9 of 17,7 of 9,5 of 7,,,L,1983-04-13,1975-12-02,77.0,72.0,27.31883611573133,34.681068057523426,False,http://ufcstats.com/fighter-details/484acc7b0f856ce9|http://ufcstats.com/fighter-details/8a8a84b743ae7699,0.7241379310344829,True,False,1.3333333333333333,-300.00000000000006,7.362231941792096,5.0,-100.0
L,Roy Nelson,Junior Dos Santos,http://ufcstats.com/fighter-details/3f7c14c7eca7195d,http://ufcstats.com/fighter-details/63def5a5662a6917,Heavyweight Bout,Decision - Unanimous,3,5:00,3 Rnd (5-5-5),Marcos Rosales,Alejandro Rochin 27 - 30. Jon Schorle 26 - 30. Dan Stell 27 - 30.,Big Country,Cigano,2010-08-07,"Oakland, California, USA",http://ufcstats.com/event-details/2f3f12002564bb55,0,0.0,0.0,,,11 of 24,8 of 31,21 of 46,,,11 of 24,8 of 31,21 of 46,,,0 of 3,0 of 4,0 of 0,,,0,0.0,0.0,,,0,0.0,0.0,,,0:56,0:34,0:00,,,1,0.0,0.0,,,49 of 95,27 of 80,54 of 107,,,50 of 96,30 of 84,58 of 111,,,0 of 0,0 of 1,1 of 1,,,0,0.0,0.0,,,0,0.0,0.0,,,0:12,0:00,0:08,,,11 of 24,8 of 31,19 of 44,,,0 of 0,0 of 0,1 of 1,,,0 of 0,0 of 0,1 of 1,,,10 of 22,7 of 30,18 of 38,,,1 of 2,1 of 1,3 of 8,,,0 of 0,0 of 0,0 of 0,,,39 of 81,20 of 69,37 of 86,,,10 of 13,7 of 11,16 of 20,,,0 of 1,0 of 0,1 of 1,,,35 of 66,26 of 77,48 of 96,,,13 of 27,1 of 3,6 of 11,,,1 of 2,0 of 0,0 of 0,,,L,1976-06-20,1984-01-30,73.0,77.0,34.13074874911874,26.519367269690683,False,http://ufcstats.com/fighter-details/3f7c14c7eca7195d|http://ufcstats.com/fighter-details/63def5a5662a6917,0.762887971226855,False,True,1.289855072463768,-345.00000000000006,7.611381479428054,4.0,28.985507246376805
L,Todd Duffee,Mike Russow,http://ufcstats.com/fighter-details/bda04c573563cc2e,http://ufcstats.com/fighter-details/353de740bb6c7e75,Heavyweight Bout,KO/TKO,3,2:35,3 Rnd (5-5-5),Josh Rosenthal,Punch to Head At Distance,--,--,2010-05-29,"Las Vegas, Nevada, USA",http://ufcstats.com/event-details/bfc2fc38a0e20211,0,0.0,0.0,,,31 of 103,14 of 52,6 of 27,,,31 of 103,14 of 52,6 of 27,,,0 of 0,0 of 0,0 of 0,,,0,0.0,0.0,,,0,0.0,0.0,,,0:01,0:00,0:00,,,0,0.0,1.0,,,5 of 14,5 of 16,4 of 14,,,5 of 14,5 of 16,5 of 15,,,0 of 3,0 of 4,0 of 2,,,0,0.0,0.0,,,0,0.0,0.0,,,0:00,0:00,0:03,,,27 of 98,10 of 46,6 of 27,,,4 of 5,3 of 5,0 of 0,,,0 of 0,1 of 1,0 of 0,,,28 of 95,14 of 51,6 of 27,,,3 of 8,0 of 1,0 of 0,,,0 of 0,0 of 0,0 of 0,,,5 of 14,5 of 16,4 of 14,,,0 of 0,0 of 0,0 of 0,,,0 of 0,0 of 0,0 of 0,,,5 of 14,5 of 16,4 of 14,,,0 of 0,0 of 0,0 of 0,,,0 of 0,0 of 0,0 of 0,,,L,1985-12-06,1976-09-11,78.0,73.0,24.476888642477256,33.71184897704949,False,http://ufcstats.com/fighter-details/353de740bb6c7e75|http://ufcstats.com/fighter-details/bda04c573563cc2e,0.719626168224299,True,False,1.3636363636363638,-274.9999999999999,9.234960334572236,5.0,-100.0
W,Jon Jones,Vladimir Matyushenko,http://ufcstats.com/fighter-details/07f72a2a7591b409,http://ufcstats.com/fighter-details/ccdd90bd1fc7dab6,Light Heavyweight Bout,KO/TKO,1,1:52,3 Rnd (5-5-5),Herb Dean,Elbows to Head From Crucifix,Bones,The Janitor,2010-08-01,"San Diego, California, USA",http://ufcstats.com/event-details/f12f979b657ab876,0,,,,,15 of 16,,,,,17 of 18,,,,,1 of 1,,,,,0,,,,,0,,,,,0:54,,,,,0,,,,,0 of 5,,,,,0 of 5,,,,,0 of 0,,,,,0,,,,,0,,,,,0:00,,,,,12 of 12,,,,,2 of 3,,,,,1 of 1,,,,,3 of 4,,,,,0 of 0,,,,,12 of 12,,,,,0 of 5,,,,,0 of 0,,,,,0 of 0,,,,,0 of 5,,,,,0 of 0,,,,,0 of 0,,,,,W,1987-07-19,1971-01-04,84.0,74.0,23.036749556801304,39.57370787901189,True,http://ufcstats.com/fighter-details/07f72a2a7591b409|http://ufcstats.com/fighter-details/ccdd90bd1fc7dab6,0.8610349956940421,True,True,1.1329787234042552,-752.0000000000007,16.536958322210587,10.0,13.29787234042552
W,Michael McDonald,Chris Cariaso,http://ufcstats.com/fighter-details/d0314416a7f26527,http://ufcstats.com/fighter-details/b2e3aca4cd363477,Bantamweight Bout,Decision - Split,3,5:00,3 Rnd (5-5-5),Josh Rosenthal,Tony Weeks 30 - 27. Adalaide Byrd 28 - 29. Glenn Trowbridge 28 - 29.,Mayday,Kamikaze,2011-05-28,"Las Vegas, Nevada, USA",http://ufcstats.com/event-details/b732b326c362fb62,0,0.0,0.0,,,15 of 31,11 of 24,6 of 12,,,18 of 34,13 of 26,6 of 12,,,0 of 0,1 of 1,0 of 1,,,0,0.0,0.0,,,0,0.0,0.0,,,0:58,0:41,0:30,,,0,0.0,0.0,,,18 of 31,15 of 26,11 of 28,,,19 of 33,18 of 29,18 of 36,,,0 of 2,0 of 1,1 of 1,,,0,0.0,0.0,,,0,0.0,0.0,,,0:22,0:00,1:16,,,12 of 27,5 of 18,2 of 8,,,2 of 3,1 of 1,1 of 1,,,1 of 1,5 of 5,3 of 3,,,13 of 29,11 of 24,6 of 12,,,0 of 0,0 of 0,0 of 0,,,2 of 2,0 of 0,0 of 0,,,6 of 19,4 of 14,2 of 18,,,5 of 5,6 of 6,6 of 6,,,7 of 7,5 of 6,3 of 4,,,17 of 30,15 of 26,11 of 25,,,1 of 1,0 of 0,0 of 2,,,0 of 0,0 of 0,0 of 1,,,W,1991-01-15,1981-05-27,70.0,64.0,20.364552317980518,30.001984982580066,True,http://ufcstats.com/fighter-details/b2e3aca4cd363477|http://ufcstats.com/fighter-details/d0314416a7f26527,0.7769516728624535,True,True,1.263157894736842,-380.0000000000001,9.637432664599547,6.0,26.315789473684205
W,Tony Ferguson,Aaron Riley,http://ufcstats.com/fighter-details/22a92d7f62195791,http://ufcstats.com/fighter-details/f2c8ebbeafd45f2b,Lightweight Bout,TKO - Doctor's Stoppage,1,5:00,3 Rnd (5-5-5),Tom Johnson,Jaw Injury,El Cucuy,--,2011-09-24,"Denver, Colorado, USA",http://ufcstats.com/event-details/73ef22f25d0f70e2,0,,,,,31 of 82,,,,,31 of 82,,,,,0 of 0,,,,,0,,,,,0,,,,,0:02,,,,,0,,,,,11 of 49,,,,,11 of 49,,,,,0 of 0,,,,,0,,,,,0,,,,,0:00,,,,,22 of 67,,,,,6 of 8,,,,,3 of 7,,,,,29 of 79,,,,,2 of 3,,,,,0 of 0,,,,,3 of 35,,,,,4 of 7,,,,,4 of 7,,,,,11 of 49,,,,,0 of 0,,,,,0 of 0,,,,,W,1984-02-12,1980-12-09,76.0,69.0,27.614530072486087,30.790502200592755,True,http://ufcstats.com/fighter-details/22a92d7f62195791|http://ufcstats.com/fighter-details/f2c8ebbeafd45f2b,0.7600872410032715,True,True,1.2941176470588236,-339.99999999999994,3.175972128106668,7.0,29.41176470588236
W,Nate Diaz,Takanori Gomi,http://ufcstats.com/fighter-details/8355922d564b152c,http://ufcstats.com/fighter-details/3be081c29bf734d9,Lightweight Bout,Submission,1,4:27,3 Rnd (5-5-5),Mario Yamasaki,Armbar From Bottom,--,The Fireball Kid,2011-09-24,"Denver, Colorado, USA",http://ufcstats.com/event-details/73ef22f25d0f70e2,1,,,,,36 of 73,,,,,42 of 81,,,,,0 of 0,,,,,3,,,,,0,,,,,0:23,,,,,0,,,,,4 of 23,,,,,6 of 25,,,,,0 of 1,,,,,0,,,,,0,,,,,0:37,,,,,34 of 71,,,,,2 of 2,,,,,0 of 0,,,,,34 of 71,,,,,2 of 2,,,,,0 of 0,,,,,1 of 16,,,,,3 of 7,,,,,0 of 0,,,,,3 of 21,,,,,0 of 0,,,,,1 of 2,,,,,W,1985-04-16,1978-09-22,76.0,70.0,26.439967966488016,33.00546896924646,True,http://ufcstats.com/fighter-details/3be081c29bf734d9|http://ufcstats.com/fighter-details/8355922d564b152c,0.706429605127145,True,True,1.392156862745098,-255.00000000000003,6.565501002758442,6.0,39.2156862745098
L,Ben Rothwell,Mark Hunt,http://ufcstats.com/fighter-details/bd58d34e39b7b12a,http://ufcstats.com/fighter-details/eef9b891edbd4604,Heavyweight Bout,Decision - Unanimous,3,5:00,3 Rnd (5-5-5),Adam Martinez,Nelson Hamilton 28 - 29. Cecil Peoples 27 - 29. Mark Van Tine 27 - 30.,--,Super Samoan,2011-09-24,"Denver, Colorado, USA",http://ufcstats.com/event-details/73ef22f25d0f70e2,0,0.0,0.0,,,13 of 29,3 of 10,3 of 11,,,14 of 30,3 of 10,6 of 14,,,2 of 8,0 of 2,0 of 4,,,0,0.0,0.0,,,0,0.0,0.0,,,1:26,0:08,0:37,,,0,0.0,0.0,,,7 of 29,21 of 39,19 of 27,,,12 of 34,61 of 82,47 of 57,,,0 of 0,1 of 1,1 of 3,,,0,1.0,0.0,,,0,0.0,0.0,,,0:23,3:22,2:33,,,13 of 29,3 of 10,3 of 11,,,0 of 0,0 of 0,0 of 0,,,0 of 0,0 of 0,0 of 0,,,3 of 17,3 of 10,3 of 11,,,0 of 0,0 of 0,0 of 0,,,10 of 12,0 of 0,0 of 0,,,7 of 29,18 of 36,19 of 27,,,0 of 0,1 of 1,0 of 0,,,0 of 0,2 of 2,0 of 0,,,7 of 29,6 of 17,13 of 20,,,0 of 0,1 of 2,1 of 1,,,0 of 0,14 of 20,5 of 6,,,L,1981-10-17,1974-03-23,78.0,72.0,29.93627521441234,37.50658808873557,False,http://ufcstats.com/fighter-details/bd58d34e39b7b12a|http://ufcstats.com/fighter-details/eef9b891edbd4604,0.7661870503597122,True,False,1.2816901408450705,-354.9999999999999,7.570312874323228,6.0,-100.0
W,Phil Davis,Rogerio Nogueira,http://ufcstats.com/fighter-details/902ab9197b83d0db,http://ufcstats.com/fighter-details/73e09f837f3b5ecc,Light Heavyweight Bout,Decision - Unanimous,3,5:00,3 Rnd (5-5-5),Herb Dean,Sal D'amato 27 - 30. Lester Griffin 27 - 30. Glenn Trowbridge 27 - 30.,Mr. Wonderful,Minotouro,2011-03-26,"Seattle, Washington, USA",http://ufcstats.com/event-details/8a59d346dc976a10,0,0.0,0.0,,,12 of 31,21 of 44,9 of 26,,,19 of 38,38 of 70,15 of 35,,,0 of 5,2 of 3,2 of 3,,,0,0.0,0.0,,,0,0.0,0.0,,,0:40,1:59,3:30,,,0,0.0,0.0,,,5 of 24,2 of 22,1 of 8,,,5 of 24,2 of 22,9 of 22,,,0 of 0,0 of 0,0 of 0,,,0,0.0,0.0,,,0,0.0,0.0,,,0:00,0:00,0:00,,,1 of 14,13 of 33,4 of 20,,,5 of 9,6 of 8,5 of 6,,,6 of 8,2 of 3,0 of 0,,,7 of 25,7 of 28,3 of 12,,,5 of 6,0 of 0,0 of 0,,,0 of 0,14 of 16,6 of 14,,,4 of 22,2 of 22,1 of 8,,,0 of 1,0 of 0,0 of 0,,,1 of 1,0 of 0,0 of 0,,,5 of 24,2 of 22,1 of 8,,,0 of 0,0 of 0,0 of 0,,,0 of 0,0 of 0,0 of 0,,,W,1984-09-25,1976-06-02,79.0,75.0,26.497464013634776,34.812487593858876,True,http://ufcstats.com/fighter-details/73e09f837f3b5ecc|http://ufcstats.com/fighter-details/902ab9197b83d0db,0.706429605127145,True,True,1.392156862745098,-255.00000000000003,8.3150235802241,4.0,39.2156862745098
W,Alexander Gustafsson,James Te Huna,http://ufcstats.com/fighter-details/3c6976f8182d9527,http://ufcstats.com/fighter-details/f5431394fb284bb9,Light Heavyweight Bout,Submission,1,4:27,3 Rnd (5-5-5),Marc Goddard,Rear Naked Choke,The Mauler,--,2011-02-26,"Sydney, New South Wales, Australia",http://ufcstats.com/event-details/88a9bc81271ccd89,0,,,,,4 of 9,,,,,17 of 22,,,,,1 of 2,,,,,2,,,,,0,,,,,0:57,,,,,0,,,,,6 of 6,,,,,34 of 34,,,,,1 of 4,,,,,0,,,,,0,,,,,2:55,,,,,4 of 9,,,,,0 of 0,,,,,0 of 0,,,,,0 of 3,,,,,0 of 0,,,,,4 of 6,,,,,6 of 6,,,,,0 of 0,,,,,0 of 0,,,,,0 of 0,,,,,0 of 0,,,,,6 of 6,,,,,W,1987-01-15,1981-09-29,79.0,75.0,24.115484917554774,29.410597069070548,True,http://ufcstats.com/fighter-details/3c6976f8182d9527|http://ufcstats.com/fighter-details/f5431394fb284bb9,0.7520661157024794,True,True,1.2857142857142856,-350.00000000000017,5.295112151515774,4.0,28.57142857142856
W,Jon Jones,Ryan Bader,http://ufcstats.com/fighter-details/07f72a2a7591b409,http://ufcstats.com/fighter-details/c0ab242c40decc55,Light Heavyweight Bout,Submission,2,4:20,3 Rnd (5-5-5),Herb Dean,Guillotine Choke From Half Guard,Bones,Darth,2011-02-05,"Las Vegas, Nevada, USA",http://ufcstats.com/event-details/65ddc8a9ac4e8531,0,0.0,,,,12 of 17,8 of 25,,,,21 of 27,10 of 27,,,,1 of 1,1 of 1,,,,1,2.0,,,,0,0.0,,,,3:38,0:44,,,,0,0.0,,,,0 of 7,5 of 17,,,,2 of 9,6 of 18,,,,0 of 1,0 of 1,,,,0,0.0,,,,0,0.0,,,,0:00,0:00,,,,3 of 8,1 of 17,,,,9 of 9,1 of 1,,,,0 of 0,6 of 7,,,,2 of 4,8 of 25,,,,0 of 0,0 of 0,,,,10 of 13,0 of 0,,,,0 of 7,3 of 14,,,,0 of 0,0 of 1,,,,0 of 0,2 of 2,,,,0 of 7,5 of 17,,,,0 of 0,0 of 0,,,,0 of 0,0 of 0,,,,W,1987-07-19,1983-06-07,84.0,74.0,23.551476074115143,27.66655030561887,True,http://ufcstats.com/fighter-details/07f72a2a7591b409|http://ufcstats.com/fighter-details/c0ab242c40decc55,0.7260371450935743,True,True,1.350877192982456,-285.00000000000017,4.115074231503726,10.0,35.08771929824559
W,Jon Jones,Lyoto Machida,http://ufcstats.com/fighter-details/07f72a2a7591b409,http://ufcstats.com/fighter-details/f7a7f7118d4b01b6,UFC Light Heavyweight Title Bout,Submission,2,4:26,5 Rnd (5-5-5-5-5),John McCarthy,"Guillotine Choke Standing
      Technical Submission",Bones,The Dragon,2011-12-10,"Toronto, Ontario, Canada",http://ufcstats.com/event-details/6d7886b094b471ac,0,1.0,,,,8 of 27,16 of 26,,,,8 of 27,18 of 28,,,,0 of 0,1 of 2,,,,0,1.0,,,,0,0.0,,,,0:00,1:27,,,,0,0.0,,,,8 of 25,5 of 13,,,,8 of 25,5 of 13,,,,0 of 0,0 of 1,,,,0,0.0,,,,0,0.0,,,,0:00,0:00,,,,1 of 10,5 of 11,,,,0 of 4,6 of 9,,,,7 of 13,5 of 6,,,,8 of 26,6 of 14,,,,0 of 1,7 of 8,,,,0 of 0,3 of 4,,,,4 of 19,3 of 10,,,,2 of 3,0 of 1,,,,2 of 3,2 of 2,,,,8 of 23,5 of 12,,,,0 of 2,0 of 1,,,,0 of 0,0 of 0,,,,W,1987-07-19,1978-05-30,84.0,74.0,24.394751432267604,33.53114711458825,True,http://ufcstats.com/fighter-details/07f72a2a7591b409|http://ufcstats.com/fighter-details/f7a7f7118d4b01b6,0.8111658456486044,True,True,1.2105263157894737,-475.0,9.136395682320646,10.0,21.052631578947366
L,Vladimir Matyushenko,Alexander Gustafsson,http://ufcstats.com/fighter-details/ccdd90bd1fc7dab6,http://ufcstats.com/fighter-details/3c6976f8182d9527,Light Heavyweight Bout,KO/TKO,1,2:13,3 Rnd (5-5-5),Yves Lavigne,Punch to Head At Distance,The Janitor,The Mauler,2011-12-30,"Las Vegas, Nevada, USA",http://ufcstats.com/event-details/91720876db0ee468,0,,,,,5 of 8,,,,,7 of 11,,,,,0 of 0,,,,,0,,,,,0,,,,,0:00,,,,,1,,,,,10 of 21,,,,,14 of 26,,,,,0 of 0,,,,,0,,,,,0,,,,,0:04,,,,,4 of 7,,,,,1 of 1,,,,,0 of 0,,,,,5 of 8,,,,,0 of 0,,,,,0 of 0,,,,,7 of 17,,,,,1 of 1,,,,,2 of 3,,,,,6 of 15,,,,,0 of 0,,,,,4 of 6,,,,,L,1971-01-04,1987-01-15,74.0,79.0,40.98646789461796,24.956022368700246,False,http://ufcstats.com/fighter-details/3c6976f8182d9527|http://ufcstats.com/fighter-details/ccdd90bd1fc7dab6,0.7542857142857142,False,True,1.303030303030303,-330.00000000000006,16.030445525917713,5.0,30.303030303030297
W,Louis Gaudinot,John Lineker,http://ufcstats.com/fighter-details/b72a60a0cadff408,http://ufcstats.com/fighter-details/c268b2cfebccf652,Flyweight Bout,Submission,2,4:54,3 Rnd (5-5-5),Keith Peterson,Guillotine Choke After Drop to Guard,Goodnight,Hands of Stone,2012-05-05,"East Rutherford, New Jersey, USA",http://ufcstats.com/event-details/5898357a45a73674,0,0.0,,,,36 of 77,29 of 55,,,,44 of 88,50 of 81,,,,1 of 1,1 of 1,,,,0,1.0,,,,0,0.0,,,,1:33,2:11,,,,0,0.0,,,,64 of 133,32 of 79,,,,79 of 150,42 of 90,,,,0 of 0,0 of 0,,,,0,0.0,,,,0,0.0,,,,0:00,0:14,,,,28 of 67,24 of 46,,,,7 of 9,4 of 8,,,,1 of 1,1 of 1,,,,32 of 70,19 of 37,,,,1 of 2,1 of 3,,,,3 of 5,9 of 15,,,,42 of 104,23 of 61,,,,17 of 24,8 of 16,,,,5 of 5,1 of 2,,,,60 of 129,30 of 75,,,,1 of 1,2 of 4,,,,3 of 3,0 of 0,,,,W,1984-08-28,1990-06-12,63.0,67.0,27.68571565466779,21.897780241894083,True,http://ufcstats.com/fighter-details/b72a60a0cadff408|http://ufcstats.com/fighter-details/c268b2cfebccf652,0.7146765683017393,False,False,1.3773584905660377,-265.00000000000006,5.787935412773706,4.0,-100.0
W,Travis Browne,Chad Griggs,http://ufcstats.com/fighter-details/3236bf606fe9fa5b,http://ufcstats.com/fighter-details/fdf18227faa596dd,Heavyweight Bout,Submission,1,2:29,3 Rnd (5-5-5),Mario Yamasaki,Arm Triangle From Side Control,Hapa,The Grave Digger,2012-04-21,"Atlanta, Georgia, USA",http://ufcstats.com/event-details/155bfc7ed36622df,0,,,,,4 of 8,,,,,7 of 11,,,,,1 of 2,,,,,1,,,,,0,,,,,1:34,,,,,0,,,,,0 of 3,,,,,6 of 10,,,,,0 of 0,,,,,0,,,,,0,,,,,0:00,,,,,2 of 5,,,,,1 of 2,,,,,1 of 1,,,,,2 of 5,,,,,2 of 2,,,,,0 of 1,,,,,0 of 3,,,,,0 of 0,,,,,0 of 0,,,,,0 of 3,,,,,0 of 0,,,,,0 of 0,,,,,W,1982-07-17,1978-05-15,79.0,73.0,29.763787072972065,33.936357351622554,True,http://ufcstats.com/fighter-details/3236bf606fe9fa5b|http://ufcstats.com/fighter-details/fdf18227faa596dd,0.7350993377483445,True,True,1.3333333333333333,-300.00000000000006,4.17257027865049,6.0,33.33333333333333
W,Jon Jones,Rashad Evans,http://ufcstats.com/fighter-details/07f72a2a7591b409,http://ufcstats.com/fighter-details/ee779c43a8926d52,UFC Light Heavyweight Title Bout,Decision - Unanimous,5,5:00,5 Rnd (5-5-5-5-5),Herb Dean,Derek Cleary 46 - 49. Chris Lee 46 - 49. Richard Bertrand 45 - 50.,Bones,Suga,2012-04-21,"Atlanta, Georgia, USA",http://ufcstats.com/event-details/155bfc7ed36622df,0,0.0,0.0,0.0,0.0,16 of 39,21 of 47,20 of 40,23 of 44,25 of 44,17 of 40,21 of 47,21 of 41,26 of 47,31 of 53,0 of 0,0 of 0,0 of 0,0 of 1,1 of 1,0,0.0,0.0,0.0,0.0,0,0.0,0.0,0.0,0.0,0:00,0:17,0:00,0:00,0:43,0,0.0,0.0,0.0,0.0,10 of 30,16 of 39,9 of 30,7 of 26,3 of 26,11 of 31,19 of 42,9 of 30,7 of 26,3 of 26,0 of 0,0 of 0,0 of 1,0 of 3,0 of 0,0,0.0,0.0,0.0,0.0,0,0.0,0.0,0.0,0.0,0:00,0:00,0:00,0:00,0:09,8 of 20,15 of 35,13 of 32,16 of 34,16 of 33,6 of 13,4 of 9,4 of 5,3 of 6,2 of 4,2 of 6,2 of 3,3 of 3,4 of 4,7 of 7,15 of 36,15 of 38,18 of 38,19 of 38,19 of 37,1 of 3,6 of 9,2 of 2,4 of 6,5 of 5,0 of 0,0 of 0,0 of 0,0 of 0,1 of 2,5 of 21,6 of 25,3 of 21,2 of 18,0 of 19,1 of 2,6 of 9,1 of 4,3 of 6,2 of 6,4 of 7,4 of 5,5 of 5,2 of 2,1 of 1,9 of 29,14 of 35,8 of 29,6 of 23,2 of 21,1 of 1,2 of 4,1 of 1,1 of 3,1 of 2,0 of 0,0 of 0,0 of 0,0 of 0,0 of 3,W,1987-07-19,1979-09-25,84.0,75.0,24.758893064197075,32.57287966214228,True,http://ufcstats.com/fighter-details/07f72a2a7591b409|http://ufcstats.com/fighter-details/ee779c43a8926d52,0.8186682520808561,True,True,1.196078431372549,-510.00000000000006,7.813986597945203,9.0,19.6078431372549
W,Alexander Gustafsson,Thiago Silva,http://ufcstats.com/fighter-details/3c6976f8182d9527,http://ufcstats.com/fighter-details/2924886ee9c4c527,Light Heavyweight Bout,Decision - Unanimous,3,5:00,3 Rnd (5-5-5),Leon Roberts,Mark Collett 27 - 30. Howard Hughes 27 - 30. Chris Watts 28 - 29.,The Mauler,--,2012-04-14,"Stockholm, Sweden",http://ufcstats.com/event-details/21f2974fd08085e3,1,0.0,0.0,,,20 of 100,27 of 88,29 of 95,,,20 of 101,29 of 91,29 of 95,,,0 of 0,1 of 1,0 of 0,,,0,0.0,0.0,,,0,0.0,0.0,,,0:12,0:27,0:00,,,0,0.0,0.0,,,10 of 32,8 of 38,20 of 38,,,10 of 32,8 of 38,20 of 38,,,0 of 0,0 of 0,0 of 0,,,0,0.0,0.0,,,0,0.0,0.0,,,0:00,0:00,0:00,,,12 of 89,17 of 76,21 of 84,,,1 of 4,4 of 5,2 of 4,,,7 of 7,6 of 7,6 of 7,,,18 of 96,25 of 84,29 of 92,,,1 of 1,2 of 4,0 of 3,,,1 of 3,0 of 0,0 of 0,,,5 of 23,4 of 29,12 of 28,,,1 of 3,1 of 4,2 of 3,,,4 of 6,3 of 5,6 of 7,,,10 of 31,6 of 28,20 of 38,,,0 of 1,2 of 8,0 of 0,,,0 of 0,0 of 2,0 of 0,,,W,1987-01-15,1982-11-12,79.0,74.0,25.24624051144103,29.4215486970985,True,http://ufcstats.com/fighter-details/2924886ee9c4c527|http://ufcstats.com/fighter-details/3c6976f8182d9527,0.7106109324758842,True,True,1.3846153846153846,-260.0,4.175308185657471,5.0,38.46153846153846
L,BJ Penn,Rory MacDonald,http://ufcstats.com/fighter-details/73c7cfa551289285,http://ufcstats.com/fighter-details/cbd5d3cdd862e90e,Welterweight Bout,Decision - Unanimous,3,5:00,3 Rnd (5-5-5),Herb Dean,Sal D'amato 26 - 30. Lester Griffin 26 - 30. Marcos Rosales 27 - 30.,The Prodigy,Red King,2012-12-08,"Seattle, Washington, USA",http://ufcstats.com/event-details/d1e6a6536ee62517,0,0.0,0.0,,,10 of 26,6 of 30,8 of 33,,,18 of 34,23 of 48,12 of 37,,,0 of 1,0 of 0,0 of 1,,,0,0.0,0.0,,,0,0.0,0.0,,,0:34,0:00,0:22,,,0,0.0,0.0,,,33 of 61,57 of 92,26 of 50,,,35 of 63,58 of 93,32 of 56,,,0 of 1,1 of 1,0 of 1,,,0,0.0,0.0,,,0,0.0,0.0,,,0:45,0:38,1:08,,,8 of 23,6 of 29,6 of 30,,,2 of 3,0 of 1,2 of 3,,,0 of 0,0 of 0,0 of 0,,,8 of 22,6 of 30,7 of 32,,,2 of 4,0 of 0,1 of 1,,,0 of 0,0 of 0,0 of 0,,,20 of 41,39 of 67,19 of 40,,,7 of 12,16 of 20,6 of 9,,,6 of 8,2 of 5,1 of 1,,,29 of 55,52 of 85,24 of 45,,,4 of 6,4 of 5,2 of 5,,,0 of 0,1 of 2,0 of 0,,,L,1978-12-13,1989-07-22,70.0,76.0,33.988377584755334,23.381725839681856,False,http://ufcstats.com/fighter-details/73c7cfa551289285|http://ufcstats.com/fighter-details/cbd5d3cdd862e90e,0.7427937915742794,False,True,1.2985074626865671,-335.00000000000006,10.606651745073478,6.0,29.850746268656714
W,John Hathaway,John Maguire,http://ufcstats.com/fighter-details/28f3c2258a1d8874,http://ufcstats.com/fighter-details/1a7745388839e52b,Welterweight Bout,Decision - Unanimous,3,5:00,3 Rnd (5-5-5),Marc Goddard,Mark Collett 27 - 30. Doug Crosby 27 - 30. Howard Hughes 27 - 30.,The Hitman,The One,2012-09-29,"Nottingham, England, United Kingdom",http://ufcstats.com/event-details/6cbb7661c3258617,0,0.0,0.0,,,17 of 59,13 of 27,11 of 49,,,17 of 59,86 of 110,23 of 62,,,0 of 1,1 of 1,0 of 0,,,0,0.0,0.0,,,0,0.0,0.0,,,0:01,4:08,0:00,,,0,0.0,0.0,,,8 of 20,0 of 1,5 of 20,,,9 of 21,5 of 6,17 of 33,,,0 of 1,0 of 0,1 of 2,,,0,0.0,0.0,,,0,0.0,0.0,,,0:10,0:00,1:33,,,6 of 45,6 of 19,8 of 45,,,1 of 4,6 of 7,0 of 0,,,10 of 10,1 of 1,3 of 4,,,16 of 58,3 of 11,9 of 46,,,1 of 1,0 of 0,0 of 0,,,0 of 0,10 of 16,2 of 3,,,6 of 18,0 of 1,5 of 20,,,0 of 0,0 of 0,0 of 0,,,2 of 2,0 of 0,0 of 0,,,8 of 19,0 of 1,3 of 17,,,0 of 1,0 of 0,0 of 0,,,0 of 0,0 of 0,2 of 3,,,W,1987-07-23,1983-05-19,75.0,69.0,25.18874446429427,29.366790556958733,True,http://ufcstats.com/fighter-details/1a7745388839e52b|http://ufcstats.com/fighter-details/28f3c2258a1d8874,0.706429605127145,True,True,1.392156862745098,-255.00000000000003,4.178046092664463,6.0,39.2156862745098
W,Jon Jones,Vitor Belfort,http://ufcstats.com/fighter-details/07f72a2a7591b409,http://ufcstats.com/fighter-details/0ee783aa00e468f0,UFC Light Heavyweight Title Bout,Submission,4,0:54,5 Rnd (5-5-5-5-5),John McCarthy,Keylock From Side Control,Bones,The Phenom,2012-09-22,"Toronto, Ontario, Canada",http://ufcstats.com/event-details/53e533db1b8e9712,0,0.0,1.0,0.0,,19 of 24,23 of 40,18 of 36,5 of 10,,34 of 41,27 of 44,30 of 49,5 of 10,,1 of 1,0 of 0,0 of 0,0 of 0,,0,0.0,0.0,1.0,,0,0.0,0.0,0.0,,4:31,1:37,3:00,0:17,,0,0.0,0.0,0.0,,1 of 2,6 of 16,6 of 10,3 of 8,,6 of 8,6 of 16,7 of 11,3 of 8,,0 of 0,0 of 0,0 of 0,0 of 0,,1,0.0,0.0,0.0,,0,0.0,0.0,0.0,,0:00,0:00,0:06,0:00,,16 of 21,14 of 26,12 of 25,4 of 7,,2 of 2,0 of 2,3 of 6,0 of 0,,1 of 1,9 of 12,3 of 5,1 of 3,,1 of 1,13 of 28,7 of 17,2 of 6,,0 of 0,0 of 0,0 of 1,0 of 1,,18 of 23,10 of 12,11 of 18,3 of 3,,0 of 1,2 of 11,4 of 8,2 of 6,,0 of 0,2 of 3,0 of 0,1 of 2,,1 of 1,2 of 2,2 of 2,0 of 0,,1 of 1,5 of 15,5 of 9,0 of 3,,0 of 0,1 of 1,0 of 0,3 of 5,,0 of 1,0 of 0,1 of 1,0 of 0,,W,1987-07-19,1977-04-01,84.0,74.0,25.180530743273305,35.477798996557084,True,http://ufcstats.com/fighter-details/07f72a2a7591b409|http://ufcstats.com/fighter-details/0ee783aa00e468f0,0.8716548334243583,True,True,1.119047619047619,-839.9999999999999,10.297268253283779,10.0,11.904761904761907
L,Chris Clements,Stephen Thompson,http://ufcstats.com/fighter-details/e5ecaf884b6da2bc,http://ufcstats.com/fighter-details/4a28cb716c19157a,Welterweight Bout,KO/TKO,2,1:27,3 Rnd (5-5-5),John McCarthy,Punch to Head At Distance,The Menace,Wonderboy,2013-09-21,"Toronto, Ontario, Canada",http://ufcstats.com/event-details/df5a77121ba84a5d,0,0.0,,,,16 of 34,1 of 9,,,,19 of 37,6 of 14,,,,0 of 0,0 of 0,,,,0,0.0,,,,0,0.0,,,,0:12,0:00,,,,0,2.0,,,,11 of 23,12 of 16,,,,21 of 34,15 of 19,,,,2 of 2,0 of 0,,,,0,0.0,,,,0,0.0,,,,2:00,0:34,,,,0 of 14,0 of 7,,,,6 of 9,0 of 1,,,,10 of 11,1 of 1,,,,12 of 27,1 of 8,,,,4 of 7,0 of 0,,,,0 of 0,0 of 1,,,,4 of 14,10 of 14,,,,5 of 7,0 of 0,,,,2 of 2,2 of 2,,,,10 of 21,10 of 12,,,,1 of 1,0 of 0,,,,0 of 1,2 of 4,,,,L,1976-02-09,1983-02-11,70.0,75.0,37.616104369015105,30.609800338131514,False,http://ufcstats.com/fighter-details/4a28cb716c19157a|http://ufcstats.com/fighter-details/e5ecaf884b6da2bc,0.7956823438704703,False,True,1.2325581395348837,-430.00000000000006,7.006304030883591,5.0,23.25581395348837
W,Edson Barboza,Rafaello Oliveira,http://ufcstats.com/fighter-details/64a50dad704d1d49,http://ufcstats.com/fighter-details/15b1b21cd743d652,Lightweight Bout,KO/TKO,2,1:44,3 Rnd (5-5-5),Herb Dean,Kicks to Leg At Distance,Junior,Tractor,2013-07-06,"Las Vegas, Nevada, USA",http://ufcstats.com/event-details/e0b74df14f52cd15,0,1.0,,,,37 of 71,12 of 18,,,,37 of 71,12 of 18,,,,0 of 0,0 of 0,,,,0,0.0,,,,0,0.0,,,,0:00,0:13,,,,0,0.0,,,,15 of 33,4 of 9,,,,15 of 33,4 of 9,,,,0 of 4,0 of 1,,,,0,0.0,,,,0,0.0,,,,0:00,0:02,,,,7 of 32,2 of 8,,,,15 of 19,2 of 2,,,,15 of 20,8 of 8,,,,37 of 71,12 of 18,,,,0 of 0,0 of 0,,,,0 of 0,0 of 0,,,,10 of 26,3 of 7,,,,5 of 7,1 of 2,,,,0 of 0,0 of 0,,,,15 of 33,4 of 9,,,,0 of 0,0 of 0,,,,0 of 0,0 of 0,,,,W,1986-01-21,1982-01-26,75.0,71.0,27.455731466080753,31.44212406825602,True,http://ufcstats.com/fighter-details/15b1b21cd743d652|http://ufcstats.com/fighter-details/64a50dad704d1d49,0.8372093023255814,True,True,1.1666666666666667,-599.9999999999998,3.9863926021752683,4.0,16.666666666666675
W,Junior Dos Santos,Mark Hunt,http://ufcstats.com/fighter-details/63def5a5662a6917,http://ufcstats.com/fighter-details/eef9b891edbd4604,Heavyweight Bout,KO/TKO,3,4:18,3 Rnd (5-5-5),Steve Mazzagatti,"Kick to Head At Distance
      Wheel Kick",Cigano,Super Samoan,2013-05-25,"Las Vegas, Nevada, USA",http://ufcstats.com/event-details/3c241737a6069b9f,1,0.0,1.0,,,20 of 32,30 of 47,24 of 52,,,20 of 32,35 of 52,25 of 53,,,0 of 0,1 of 1,0 of 0,,,0,0.0,0.0,,,0,0.0,0.0,,,0:02,1:23,0:02,,,0,0.0,0.0,,,5 of 40,15 of 32,9 of 27,,,5 of 40,20 of 38,9 of 27,,,0 of 0,0 of 0,0 of 0,,,0,0.0,0.0,,,0,0.0,0.0,,,0:00,0:00,0:00,,,10 of 22,25 of 39,19 of 45,,,6 of 6,5 of 7,3 of 5,,,4 of 4,0 of 1,2 of 2,,,17 of 28,25 of 40,23 of 49,,,3 of 4,0 of 1,0 of 2,,,0 of 0,5 of 6,1 of 1,,,4 of 34,10 of 26,6 of 23,,,0 of 1,2 of 2,1 of 1,,,1 of 5,3 of 4,2 of 3,,,5 of 40,15 of 32,9 of 27,,,0 of 0,0 of 0,0 of 0,,,0 of 0,0 of 0,0 of 0,,,W,1984-01-30,1974-03-23,77.0,72.0,29.31750823083294,39.173973455991565,True,http://ufcstats.com/fighter-details/63def5a5662a6917|http://ufcstats.com/fighter-details/eef9b891edbd4604,0.8111658456486044,True,True,1.2105263157894737,-475.0,9.856465225158626,5.0,21.052631578947366
W,Jon Jones,Chael Sonnen,http://ufcstats.com/fighter-details/07f72a2a7591b409,http://ufcstats.com/fighter-details/48d1f690b763934c,UFC Light Heavyweight Title Bout,KO/TKO,1,4:33,5 Rnd (5-5-5-5-5),Keith Peterson,Punches to Head On Ground,Bones,--,2013-04-27,"Newark, New Jersey, USA",http://ufcstats.com/event-details/ea0ad155451ed1f5,0,,,,,20 of 27,,,,,35 of 43,,,,,3 of 6,,,,,0,,,,,0,,,,,4:06,,,,,0,,,,,6 of 15,,,,,38 of 51,,,,,0 of 0,,,,,0,,,,,0,,,,,0:00,,,,,16 of 22,,,,,4 of 5,,,,,0 of 0,,,,,0 of 1,,,,,5 of 7,,,,,15 of 19,,,,,0 of 5,,,,,6 of 9,,,,,0 of 1,,,,,0 of 5,,,,,6 of 10,,,,,0 of 0,,,,,W,1987-07-19,1977-04-03,84.0,73.0,25.77465656378981,36.06644900305961,True,http://ufcstats.com/fighter-details/07f72a2a7591b409|http://ufcstats.com/fighter-details/48d1f690b763934c,0.8756972111553785,True,True,1.1142857142857143,-874.9999999999997,10.291792439269798,11.0,11.428571428571432
W,Rory MacDonald,Demian Maia,http://ufcstats.com/fighter-details/cbd5d3cdd862e90e,http://ufcstats.com/fighter-details/427b5953ac8e3a27,Welterweight Bout,Decision - Unanimous,3,5:00,3 Rnd (5-5-5),Yves Lavigne,Lester Griffin 28 - 29. Chris Lee 28 - 29. Tony Weeks 28 - 29.,Red King,--,2014-02-22,"Las Vegas, Nevada, USA",http://ufcstats.com/event-details/3138fab619faf4d1,0,0.0,0.0,,,6 of 22,40 of 108,29 of 83,,,8 of 24,40 of 108,29 of 83,,,0 of 0,0 of 0,0 of 0,,,0,0.0,0.0,,,0,0.0,0.0,,,0:00,0:03,0:04,,,0,0.0,0.0,,,27 of 38,13 of 36,11 of 46,,,52 of 64,13 of 36,16 of 52,,,1 of 4,0 of 7,1 of 11,,,0,0.0,0.0,,,0,0.0,0.0,,,3:51,0:00,1:10,,,5 of 21,33 of 99,24 of 77,,,1 of 1,7 of 9,4 of 5,,,0 of 0,0 of 0,1 of 1,,,6 of 22,40 of 108,28 of 77,,,0 of 0,0 of 0,0 of 2,,,0 of 0,0 of 0,1 of 4,,,20 of 31,7 of 28,10 of 44,,,6 of 6,1 of 3,0 of 0,,,1 of 1,5 of 5,1 of 2,,,6 of 13,13 of 36,11 of 46,,,0 of 0,0 of 0,0 of 0,,,21 of 25,0 of 0,0 of 0,,,W,1989-07-22,1977-11-06,76.0,72.0,24.589142829763787,36.29643319164664,True,http://ufcstats.com/fighter-details/427b5953ac8e3a27|http://ufcstats.com/fighter-details/cbd5d3cdd862e90e,0.7280334728033474,True,True,1.3448275862068966,-290.0,11.707290361882855,4.0,34.48275862068966
W,Stipe Miocic,Gabriel Gonzaga,http://ufcstats.com/fighter-details/d28dee5c705991df,http://ufcstats.com/fighter-details/270b89c00ef0c55c,Heavyweight Bout,Decision - Unanimous,3,5:00,3 Rnd (5-5-5),Herb Dean,Sal D'amato 27 - 30. Tony Weeks 27 - 30. Clay Goodman 28 - 29.,--,Napao,2014-01-25,"Chicago, Illinois, USA",http://ufcstats.com/event-details/a8d521d913df4e31,0,0.0,0.0,,,11 of 43,25 of 77,27 of 67,,,11 of 43,25 of 77,41 of 85,,,0 of 0,0 of 0,1 of 1,,,0,0.0,0.0,,,0,0.0,0.0,,,0:00,0:00,2:05,,,0,0.0,0.0,,,17 of 36,6 of 26,6 of 20,,,17 of 36,6 of 26,10 of 25,,,1 of 1,0 of 4,0 of 1,,,0,0.0,0.0,,,0,0.0,0.0,,,0:05,0:00,0:00,,,8 of 39,19 of 69,21 of 61,,,0 of 0,2 of 2,4 of 4,,,3 of 4,4 of 6,2 of 2,,,11 of 43,25 of 76,10 of 38,,,0 of 0,0 of 1,0 of 0,,,0 of 0,0 of 0,17 of 29,,,10 of 25,3 of 18,4 of 15,,,0 of 1,0 of 3,0 of 3,,,7 of 10,3 of 5,2 of 2,,,16 of 35,5 of 25,6 of 18,,,1 of 1,1 of 1,0 of 2,,,0 of 0,0 of 0,0 of 0,,,W,1982-08-19,1979-05-18,80.0,76.0,31.436648254242044,34.69201968555138,True,http://ufcstats.com/fighter-details/270b89c00ef0c55c|http://ufcstats.com/fighter-details/d28dee5c705991df,0.7280334728033474,True,True,1.3448275862068966,-290.0,3.255371431309335,4.0,34.48275862068966
L,Chris Leben,Uriah Hall,http://ufcstats.com/fighter-details/d43a048a880efdff,http://ufcstats.com/fighter-details/65578a75fa7900e3,Middleweight Bout,TKO - Doctor's Stoppage,1,5:00,3 Rnd (5-5-5),Steve Mazzagatti,Stoppage Between Rounds,The Crippler,Prime Time,2013-12-28,"Las Vegas, Nevada, USA",http://ufcstats.com/event-details/83d0de122f2f9664,0,,,,,11 of 33,,,,,11 of 33,,,,,0 of 0,,,,,0,,,,,0,,,,,0:00,,,,,1,,,,,20 of 46,,,,,22 of 49,,,,,0 of 0,,,,,0,,,,,0,,,,,0:06,,,,,1 of 17,,,,,3 of 4,,,,,7 of 12,,,,,10 of 32,,,,,1 of 1,,,,,0 of 0,,,,,15 of 37,,,,,4 of 7,,,,,1 of 2,,,,,16 of 38,,,,,1 of 2,,,,,3 of 6,,,,,L,1980-07-21,1984-07-31,73.0,79.0,33.438058276350645,29.410597069070548,False,http://ufcstats.com/fighter-details/65578a75fa7900e3|http://ufcstats.com/fighter-details/d43a048a880efdff,0.7512801755669349,False,True,1.3076923076923077,-325.0,4.027461207280098,6.0,30.76923076923077
L,Danny Castillo,Edson Barboza,http://ufcstats.com/fighter-details/d1e7fc58d4225cdf,http://ufcstats.com/fighter-details/64a50dad704d1d49,Lightweight Bout,Decision - Majority,3,5:00,3 Rnd (5-5-5),Mike Beltran,Mike Bell 28 - 29. Wade Vierra 28 - 29. Derek Cleary 28 - 28.,Last Call,Junior,2013-12-14,"Sacramento, California, USA",http://ufcstats.com/event-details/480b702debcb5433,0,0.0,0.0,,,41 of 72,5 of 20,9 of 33,,,48 of 82,10 of 25,9 of 33,,,1 of 3,0 of 2,0 of 5,,,1,0.0,0.0,,,0,0.0,0.0,,,3:04,0:00,0:00,,,0,1.0,0.0,,,5 of 30,22 of 46,16 of 47,,,5 of 32,22 of 46,16 of 47,,,0 of 0,0 of 0,0 of 1,,,0,1.0,0.0,,,0,0.0,0.0,,,0:00,0:52,0:01,,,41 of 71,4 of 18,8 of 31,,,0 of 1,1 of 2,0 of 1,,,0 of 0,0 of 0,1 of 1,,,14 of 21,4 of 19,9 of 33,,,0 of 0,1 of 1,0 of 0,,,27 of 51,0 of 0,0 of 0,,,4 of 22,8 of 29,4 of 33,,,1 of 8,5 of 8,5 of 6,,,0 of 0,9 of 9,7 of 8,,,5 of 28,14 of 34,16 of 47,,,0 of 0,0 of 0,0 of 0,,,0 of 2,8 of 12,0 of 0,,,L,1979-08-25,1986-01-21,71.0,75.0,34.305974797566,27.896534494205905,False,http://ufcstats.com/fighter-details/64a50dad704d1d49|http://ufcstats.com/fighter-details/d1e7fc58d4225cdf,0.7234352256186317,False,True,1.3571428571428572,-279.99999999999994,6.409440303360096,4.0,35.71428571428572
L,Hugo Viana,Aljamain Sterling,http://ufcstats.com/fighter-details/f95381efb3051d81,http://ufcstats.com/fighter-details/cb696ebfb6598724,Bantamweight Bout,KO/TKO,3,3:50,3 Rnd (5-5-5),Liam Kerrigan,Punches to Head From Mount,Wolverine,Funk Master,2014-07-16,"Atlantic City, New Jersey, USA",http://ufcstats.com/event-details/79ded75550efc139,0,0.0,0.0,,,10 of 29,5 of 15,0 of 2,,,13 of 32,9 of 20,0 of 2,,,0 of 0,0 of 0,0 of 0,,,0,0.0,0.0,,,0,0.0,0.0,,,0:00,0:00,0:00,,,0,0.0,0.0,,,16 of 33,18 of 26,28 of 39,,,20 of 37,34 of 44,40 of 51,,,1 of 1,2 of 2,1 of 1,,,0,0.0,0.0,,,0,0.0,0.0,,,1:58,3:06,3:30,,,6 of 24,3 of 11,0 of 1,,,0 of 1,2 of 4,0 of 1,,,4 of 4,0 of 0,0 of 0,,,8 of 27,4 of 14,0 of 2,,,2 of 2,1 of 1,0 of 0,,,0 of 0,0 of 0,0 of 0,,,4 of 16,9 of 15,26 of 36,,,10 of 14,4 of 4,2 of 3,,,2 of 3,5 of 7,0 of 0,,,6 of 21,4 of 10,0 of 1,,,6 of 7,6 of 7,0 of 0,,,4 of 5,8 of 9,28 of 38,,,L,1982-09-26,1989-07-31,67.0,71.0,31.803527793178503,24.958760275707235,False,http://ufcstats.com/fighter-details/cb696ebfb6598724|http://ufcstats.com/fighter-details/f95381efb3051d81,0.7021276595744681,False,True,1.4,-250.00000000000006,6.8447675174712685,4.0,39.99999999999999
W,Edson Barboza,Evan Dunham,http://ufcstats.com/fighter-details/64a50dad704d1d49,http://ufcstats.com/fighter-details/e5c9de15bb58b1c6,Lightweight Bout,KO/TKO,1,3:06,3 Rnd (5-5-5),Keith Peterson,Kick to Body At Distance,Junior,--,2014-07-16,"Atlantic City, New Jersey, USA",http://ufcstats.com/event-details/79ded75550efc139,1,,,,,10 of 17,,,,,10 of 17,,,,,0 of 0,,,,,0,,,,,0,,,,,0:03,,,,,0,,,,,10 of 27,,,,,10 of 27,,,,,0 of 1,,,,,0,,,,,0,,,,,0:02,,,,,4 of 11,,,,,5 of 5,,,,,1 of 1,,,,,8 of 15,,,,,2 of 2,,,,,0 of 0,,,,,10 of 27,,,,,0 of 0,,,,,0 of 0,,,,,8 of 23,,,,,0 of 2,,,,,2 of 2,,,,,W,1986-01-21,1981-12-18,75.0,70.0,28.482446593701443,32.575617569149266,True,http://ufcstats.com/fighter-details/64a50dad704d1d49|http://ufcstats.com/fighter-details/e5c9de15bb58b1c6,0.7328244274809161,True,True,1.3125,-320.0,4.093170975447823,5.0,31.25
W,Norman Parke,Naoyuki Kotani,http://ufcstats.com/fighter-details/14ff46596ad80609,http://ufcstats.com/fighter-details/bc8f6b42767e28df,Lightweight Bout,KO/TKO,2,3:41,3 Rnd (5-5-5),Marc Goddard,Punches to Head On Ground,Stormin',--,2014-07-19,"Dublin, Leinster, Ireland",http://ufcstats.com/event-details/073eee4e62f0d988,0,0.0,,,,17 of 40,17 of 43,,,,19 of 43,22 of 48,,,,0 of 0,2 of 2,,,,0,0.0,,,,0,0.0,,,,0:45,2:48,,,,0,0.0,,,,6 of 27,2 of 8,,,,10 of 31,6 of 12,,,,0 of 6,0 of 1,,,,0,0.0,,,,0,0.0,,,,1:02,0:00,,,,12 of 30,13 of 38,,,,3 of 5,2 of 2,,,,2 of 5,2 of 3,,,,3 of 20,2 of 7,,,,4 of 8,1 of 1,,,,10 of 12,14 of 35,,,,4 of 20,1 of 6,,,,1 of 3,0 of 0,,,,1 of 4,1 of 2,,,,5 of 24,2 of 8,,,,1 of 3,0 of 0,,,,0 of 0,0 of 0,,,,W,1986-12-22,1981-12-08,70.0,66.0,27.57346146738126,32.611210360240115,True,http://ufcstats.com/fighter-details/14ff46596ad80609|http://ufcstats.com/fighter-details/bc8f6b42767e28df,0.8072952512044047,True,True,1.2173913043478262,-459.99999999999983,5.037748892858854,4.0,21.739130434782616
L,Mark Munoz,Gegard Mousasi,http://ufcstats.com/fighter-details/179f1948dc234f1f,http://ufcstats.com/fighter-details/232c582f29f8f65e,Middleweight Bout,Submission,1,3:57,5 Rnd (5-5-5-5-5),Marc Goddard,Rear Naked Choke,The Filipino Wrecking Machine,--,2014-05-31,"Berlin, Germany",http://ufcstats.com/event-details/b757c73f443d4fca,0,,,,,3 of 9,,,,,3 of 9,,,,,0 of 6,,,,,0,,,,,0,,,,,0:12,,,,,0,,,,,18 of 29,,,,,30 of 47,,,,,0 of 0,,,,,2,,,,,0,,,,,1:32,,,,,2 of 8,,,,,0 of 0,,,,,1 of 1,,,,,3 of 9,,,,,0 of 0,,,,,0 of 0,,,,,13 of 24,,,,,2 of 2,,,,,3 of 3,,,,,7 of 11,,,,,2 of 2,,,,,9 of 16,,,,,L,1978-02-09,1985-08-01,71.0,76.0,36.30464691266761,28.830160783588983,False,http://ufcstats.com/fighter-details/179f1948dc234f1f|http://ufcstats.com/fighter-details/232c582f29f8f65e,0.7064296051271449,False,True,1.392156862745098,-255.00000000000003,7.474486129078624,5.0,39.2156862745098
W,Jon Jones,Glover Teixeira,http://ufcstats.com/fighter-details/07f72a2a7591b409,http://ufcstats.com/fighter-details/7ff97850e8c32bda,UFC Light Heavyweight Title Bout,Decision - Unanimous,5,5:00,5 Rnd (5-5-5-5-5),Dan Miragliotta,Derek Cleary 45 - 50. Chris Lee 45 - 50. Cardo Urso 45 - 50.,Bones,--,2014-04-26,"Baltimore, Maryland, USA",http://ufcstats.com/event-details/4f2fcbefb668689d,0,0.0,0.0,0.0,0.0,23 of 38,25 of 42,35 of 53,31 of 53,24 of 50,23 of 38,25 of 42,47 of 65,35 of 57,28 of 54,1 of 2,0 of 1,0 of 1,1 of 1,1 of 1,2,0.0,0.0,0.0,0.0,0,0.0,0.0,0.0,0.0,0:12,0:23,1:52,1:46,1:38,0,0.0,0.0,0.0,0.0,13 of 46,9 of 35,12 of 36,9 of 32,10 of 43,16 of 49,9 of 35,15 of 39,14 of 37,11 of 44,0 of 1,0 of 2,0 of 1,0 of 1,0 of 0,0,0.0,0.0,0.0,0.0,0,0.0,0.0,0.0,0.0,0:00,0:00,0:00,0:00,0:00,13 of 28,16 of 30,20 of 37,20 of 41,19 of 43,5 of 5,2 of 4,10 of 10,6 of 6,2 of 3,5 of 5,7 of 8,5 of 6,5 of 6,3 of 4,22 of 37,23 of 40,21 of 38,19 of 33,14 of 34,1 of 1,2 of 2,14 of 15,10 of 15,10 of 16,0 of 0,0 of 0,0 of 0,2 of 5,0 of 0,6 of 36,4 of 24,8 of 27,8 of 29,8 of 38,7 of 10,5 of 11,4 of 9,1 of 3,2 of 5,0 of 0,0 of 0,0 of 0,0 of 0,0 of 0,11 of 43,6 of 28,2 of 16,6 of 23,5 of 25,2 of 3,3 of 7,10 of 20,3 of 9,5 of 18,0 of 0,0 of 0,0 of 0,0 of 0,0 of 0,W,1987-07-19,1979-10-28,84.0,76.0,26.771254714333626,34.49489038104821,True,http://ufcstats.com/fighter-details/07f72a2a7591b409|http://ufcstats.com/fighter-details/7ff97850e8c32bda,0.7997032640949555,True,True,1.2272727272727273,-439.99999999999994,7.723635666714582,8.0,22.72727272727273
W,Dustin Poirier,Akira Corassani,http://ufcstats.com/fighter-details/029eaff01e6bb8f0,http://ufcstats.com/fighter-details/3f52ce18fb98008f,Featherweight Bout,KO/TKO,2,0:42,3 Rnd (5-5-5),Dan Miragliotta,Punch to Head At Distance,The Diamond,--,2014-04-16,"Quebec City, Quebec, Canada",http://ufcstats.com/event-details/f9f07bb5a43535ed,0,1.0,,,,31 of 71,14 of 18,,,,32 of 72,14 of 18,,,,0 of 1,0 of 0,,,,1,0.0,,,,0,0.0,,,,0:42,0:02,,,,0,0.0,,,,21 of 60,3 of 6,,,,21 of 60,3 of 6,,,,0 of 1,0 of 0,,,,0,0.0,,,,0,0.0,,,,0:12,0:00,,,,28 of 65,9 of 13,,,,3 of 4,5 of 5,,,,0 of 2,0 of 0,,,,24 of 63,7 of 10,,,,7 of 8,5 of 6,,,,0 of 0,2 of 2,,,,17 of 52,2 of 5,,,,4 of 8,1 of 1,,,,0 of 0,0 of 0,,,,18 of 55,3 of 6,,,,3 of 5,0 of 0,,,,0 of 0,0 of 0,,,,W,1989-01-19,1982-08-27,72.0,68.0,25.23802679042006,31.636515465752204,True,http://ufcstats.com/fighter-details/029eaff01e6bb8f0|http://ufcstats.com/fighter-details/3f52ce18fb98008f,0.8966292134831462,True,True,1.0952380952380951,-1050.0000000000014,6.398488675332143,4.0,9.523809523809511
W,Michel Prazeres,Mairbek Taisumov,http://ufcstats.com/fighter-details/e51fcd9cd84c0b93,http://ufcstats.com/fighter-details/8f5c8850b2484173,Lightweight Bout,Decision - Unanimous,3,5:00,3 Rnd (5-5-5),Mario Yamasaki,Two Points Deducted: Holding Fence by Taisumov,Tractor,Beckan,2014-03-23,"Natal, Rio Grande do Norte, Brazil",http://ufcstats.com/event-details/d5f820c11a121050,0,1.0,0.0,,,11 of 15,15 of 29,9 of 23,,,32 of 44,17 of 31,17 of 31,,,2 of 4,0 of 1,1 of 6,,,0,0.0,0.0,,,0,0.0,0.0,,,3:24,0:09,1:27,,,0,0.0,0.0,,,1 of 5,9 of 37,16 of 49,,,14 of 19,10 of 38,16 of 49,,,0 of 0,0 of 0,0 of 0,,,0,0.0,0.0,,,0,0.0,0.0,,,0:05,0:57,0:18,,,7 of 11,12 of 26,7 of 21,,,2 of 2,2 of 2,0 of 0,,,2 of 2,1 of 1,2 of 2,,,3 of 6,13 of 27,8 of 20,,,3 of 3,1 of 1,1 of 3,,,5 of 6,1 of 1,0 of 0,,,0 of 4,6 of 34,10 of 41,,,0 of 0,2 of 2,4 of 6,,,1 of 1,1 of 1,2 of 2,,,1 of 3,9 of 33,13 of 45,,,0 of 0,0 of 1,3 of 4,,,0 of 2,0 of 3,0 of 0,,,W,1981-07-25,1988-08-08,67.0,73.0,32.660492686365906,25.621333771398454,True,http://ufcstats.com/fighter-details/8f5c8850b2484173|http://ufcstats.com/fighter-details/e51fcd9cd84c0b93,0.7450468438027953,False,False,1.3174603174603174,-315.0,7.039158914967452,6.0,-100.0
L,Luke Zachrich,Daniel Kelly,http://ufcstats.com/fighter-details/2284092f8b63273b,http://ufcstats.com/fighter-details/bdcbb976816fd256,Middleweight Bout,Submission,1,4:27,3 Rnd (5-5-5),Leon Roberts,Kimura On Ground,--,--,2014-11-07,"Sydney, New South Wales, Australia",http://ufcstats.com/event-details/371a1c91b24dec2b,0,,,,,23 of 46,,,,,24 of 47,,,,,0 of 2,,,,,0,,,,,0,,,,,0:00,,,,,0,,,,,25 of 48,,,,,33 of 59,,,,,1 of 2,,,,,1,,,,,0,,,,,0:51,,,,,20 of 41,,,,,0 of 2,,,,,3 of 3,,,,,20 of 43,,,,,3 of 3,,,,,0 of 0,,,,,19 of 42,,,,,1 of 1,,,,,5 of 5,,,,,19 of 40,,,,,5 of 7,,,,,1 of 1,,,,,L,1981-12-19,1977-10-31,74.0,70.0,32.88500106093896,37.01924064149161,False,http://ufcstats.com/fighter-details/2284092f8b63273b|http://ufcstats.com/fighter-details/bdcbb976816fd256,0.7280334728033474,True,False,1.3448275862068966,-290.0,4.134239580552652,4.0,-100.0
W,Fabricio Werdum,Mark Hunt,http://ufcstats.com/fighter-details/492b202d2064e7a9,http://ufcstats.com/fighter-details/eef9b891edbd4604,UFC Interim Heavyweight Title Bout,KO/TKO,2,2:27,5 Rnd (5-5-5-5-5),Herb Dean,Flying Knee Head,Vai Cavalo,Super Samoan,2014-11-15,"Mexico City, Distrito Federal, Mexico",http://ufcstats.com/event-details/59851163aaf1aed8,0,1.0,,,,8 of 12,13 of 25,,,,15 of 19,16 of 29,,,,0 of 2,0 of 1,,,,0,0.0,,,,0,0.0,,,,0:00,0:07,,,,1,0.0,,,,9 of 25,1 of 11,,,,14 of 31,1 of 12,,,,1 of 1,0 of 0,,,,0,0.0,,,,0,0.0,,,,1:48,0:05,,,,1 of 4,10 of 20,,,,3 of 4,2 of 4,,,,4 of 4,1 of 1,,,,8 of 12,6 of 13,,,,0 of 0,0 of 0,,,,0 of 0,7 of 12,,,,8 of 24,1 of 11,,,,0 of 0,0 of 0,,,,1 of 1,0 of 0,,,,4 of 20,1 of 11,,,,3 of 3,0 of 0,,,,2 of 2,0 of 0,,,,W,1977-07-30,1974-03-23,77.0,72.0,37.29576924919745,40.64970533275837,True,http://ufcstats.com/fighter-details/492b202d2064e7a9|http://ufcstats.com/fighter-details/eef9b891edbd4604,0.7956823438704704,True,True,1.2325581395348837,-430.00000000000006,3.3539360835609244,5.0,23.25581395348837
L,Alex Caceres,Masanori Kanehara,http://ufcstats.com/fighter-details/7aa3d6964eff4877,http://ufcstats.com/fighter-details/f3a078277b3b8ff4,Bantamweight Bout,Decision - Unanimous,3,5:00,3 Rnd (5-5-5),Leon Roberts,Mark Collett 28 - 29. Kon Papaioannou 28 - 29. Tony Weeks 28 - 29.,Bruce Leeroy,--,2014-09-20,"Saitama, Japan",http://ufcstats.com/event-details/2dea80c069847321,0,0.0,0.0,,,10 of 19,1 of 1,13 of 58,,,16 of 25,3 of 3,14 of 59,,,0 of 0,0 of 0,0 of 0,,,0,0.0,0.0,,,0,1.0,0.0,,,0:13,0:00,0:23,,,0,0.0,0.0,,,19 of 32,1 of 1,12 of 36,,,45 of 61,43 of 46,14 of 38,,,1 of 2,1 of 1,0 of 1,,,0,2.0,0.0,,,0,0.0,0.0,,,2:44,4:48,0:00,,,5 of 12,0 of 0,9 of 48,,,2 of 4,1 of 1,2 of 6,,,3 of 3,0 of 0,2 of 4,,,8 of 16,1 of 1,11 of 55,,,2 of 3,0 of 0,2 of 3,,,0 of 0,0 of 0,0 of 0,,,19 of 30,0 of 0,10 of 32,,,0 of 1,0 of 0,0 of 2,,,0 of 1,1 of 1,2 of 2,,,7 of 18,1 of 1,12 of 35,,,11 of 13,0 of 0,0 of 1,,,1 of 1,0 of 0,0 of 0,,,L,1988-06-20,1982-11-19,73.0,67.0,26.25105238300581,31.836382677262367,False,http://ufcstats.com/fighter-details/7aa3d6964eff4877|http://ufcstats.com/fighter-details/f3a078277b3b8ff4,0.7316120264990658,True,False,1.3389830508474576,-295.0,5.585330294256558,6.0,-100.0
W,Tony Ferguson,Danny Castillo,http://ufcstats.com/fighter-details/22a92d7f62195791,http://ufcstats.com/fighter-details/d1e7fc58d4225cdf,Lightweight Bout,Decision - Split,3,5:00,3 Rnd (5-5-5),Herb Dean,Mike Bell 28 - 29. Larry Landless 29 - 28. Derek Cleary 28 - 29.,El Cucuy,Last Call,2014-08-30,"Sacramento, California, USA",http://ufcstats.com/event-details/269d103c96a4c3a5,0,0.0,0.0,,,11 of 33,10 of 32,2 of 15,,,18 of 40,35 of 57,18 of 33,,,0 of 0,0 of 0,0 of 0,,,1,0.0,0.0,,,0,1.0,0.0,,,0:02,0:05,0:00,,,0,0.0,0.0,,,11 of 48,12 of 44,0 of 13,,,11 of 48,15 of 48,4 of 18,,,0 of 2,0 of 3,2 of 3,,,0,0.0,1.0,,,0,1.0,0.0,,,2:31,2:31,4:27,,,5 of 24,4 of 25,1 of 13,,,2 of 2,1 of 1,0 of 0,,,4 of 7,5 of 6,1 of 2,,,11 of 33,10 of 30,1 of 13,,,0 of 0,0 of 2,0 of 1,,,0 of 0,0 of 0,1 of 1,,,11 of 47,12 of 42,0 of 13,,,0 of 1,0 of 2,0 of 0,,,0 of 0,0 of 0,0 of 0,,,9 of 45,12 of 42,0 of 8,,,0 of 0,0 of 0,0 of 0,,,2 of 3,0 of 2,0 of 5,,,W,1984-02-12,1979-08-25,76.0,71.0,30.54682847697078,35.015092712376024,True,http://ufcstats.com/fighter-details/22a92d7f62195791|http://ufcstats.com/fighter-details/d1e7fc58d4225cdf,0.7146765683017393,True,True,1.3773584905660377,-265.00000000000006,4.468264235405243,5.0,37.73584905660377
L,Daniel Kelly,Sam Alvey,http://ufcstats.com/fighter-details/bdcbb976816fd256,http://ufcstats.com/fighter-details/d156513a19acf856,Middleweight Bout,KO/TKO,1,0:49,3 Rnd (5-5-5),Steve Perceval,Punch to Head In Clinch,--,Smile'N,2015-05-09,"Adelaide, South Australia, Australia",http://ufcstats.com/event-details/8a1b4330c7957961,0,,,,,2 of 8,,,,,2 of 8,,,,,0 of 0,,,,,0,,,,,0,,,,,0:00,,,,,1,,,,,8 of 13,,,,,8 of 13,,,,,0 of 0,,,,,0,,,,,0,,,,,0:04,,,,,1 of 7,,,,,0 of 0,,,,,1 of 1,,,,,2 of 8,,,,,0 of 0,,,,,0 of 0,,,,,8 of 13,,,,,0 of 0,,,,,0 of 0,,,,,6 of 11,,,,,0 of 0,,,,,2 of 2,,,,,L,1977-10-31,1986-05-06,70.0,75.0,37.52027762377051,29.00812473904324,False,http://ufcstats.com/fighter-details/bdcbb976816fd256|http://ufcstats.com/fighter-details/d156513a19acf856,0.7578947368421052,False,True,1.2777777777777777,-360.0000000000001,8.512152884727271,5.0,27.777777777777768
W,Conor McGregor,Dennis Siver,http://ufcstats.com/fighter-details/f4c49976c75c5ab2,http://ufcstats.com/fighter-details/5f87a5c00b3d17ed,Featherweight Bout,KO/TKO,2,1:54,5 Rnd (5-5-5-5-5),Herb Dean,Punch to Head At Distance,The Notorious,--,2015-01-18,"Boston, Massachusetts, USA",http://ufcstats.com/event-details/f9aa6376ae16bfb4,0,1.0,,,,43 of 87,21 of 32,,,,43 of 87,22 of 33,,,,0 of 0,0 of 0,,,,0,0.0,,,,0,0.0,,,,0:00,0:26,,,,0,0.0,,,,27 of 82,5 of 22,,,,28 of 83,5 of 22,,,,0 of 3,0 of 0,,,,0,0.0,,,,0,0.0,,,,0:03,0:00,,,,29 of 68,20 of 31,,,,11 of 15,1 of 1,,,,3 of 4,0 of 0,,,,33 of 73,14 of 23,,,,10 of 14,0 of 0,,,,0 of 0,7 of 9,,,,12 of 53,1 of 15,,,,3 of 9,1 of 4,,,,12 of 20,3 of 3,,,,25 of 76,5 of 22,,,,2 of 6,0 of 0,,,,0 of 0,0 of 0,,,,W,1988-07-14,1979-01-13,74.0,70.0,26.513891455676706,36.01442876992683,True,http://ufcstats.com/fighter-details/5f87a5c00b3d17ed|http://ufcstats.com/fighter-details/f4c49976c75c5ab2,0.8880936890045544,True,True,1.1025641025641026,-974.9999999999992,9.500537314250124,4.0,10.256410256410264
W,Derrick Lewis,Ruan Potts,http://ufcstats.com/fighter-details/d3df1add9d9a7efb,http://ufcstats.com/fighter-details/7e208569469c8bc8,Heavyweight Bout,KO/TKO,2,3:18,3 Rnd (5-5-5),Jerin Valel,Punches to Head From Mount,The Black Beast,Fangzz,2015-02-28,"Los Angeles, California, USA",http://ufcstats.com/event-details/ad4e9055bf8cd04d,0,0.0,,,,17 of 31,36 of 51,,,,21 of 36,39 of 55,,,,0 of 1,0 of 1,,,,0,0.0,,,,1,0.0,,,,1:10,2:58,,,,0,0.0,,,,7 of 12,0 of 1,,,,23 of 28,8 of 12,,,,1 of 3,0 of 0,,,,1,0.0,,,,0,0.0,,,,1:40,0:00,,,,13 of 27,34 of 49,,,,3 of 3,2 of 2,,,,1 of 1,0 of 0,,,,1 of 4,1 of 2,,,,3 of 3,2 of 2,,,,13 of 24,33 of 47,,,,2 of 5,0 of 1,,,,2 of 4,0 of 0,,,,3 of 3,0 of 0,,,,5 of 9,0 of 0,,,,0 of 0,0 of 0,,,,2 of 3,0 of 1,,,,W,1985-02-07,1978-02-23,79.0,75.0,30.056743122719837,37.01376482747764,True,http://ufcstats.com/fighter-details/7e208569469c8bc8|http://ufcstats.com/fighter-details/d3df1add9d9a7efb,0.8543908836031473,True,True,1.1418439716312057,-705.0000000000001,6.9570217047578,4.0,14.184397163120565
W,Neil Magny,Kiichi Kunimoto,http://ufcstats.com/fighter-details/84b3e7d38f2d2ec5,http://ufcstats.com/fighter-details/71df36d6d8cf0d74,Welterweight Bout,Submission,3,1:22,3 Rnd (5-5-5),Herb Dean,Rear Naked Choke,The Haitian Sensation,Strasser,2015-02-14,"Broomfield, Colorado, USA",http://ufcstats.com/event-details/f9c7fe2682af3802,0,0.0,0.0,,,24 of 45,39 of 50,13 of 17,,,43 of 64,67 of 81,32 of 36,,,0 of 1,2 of 2,1 of 1,,,0,0.0,1.0,,,0,0.0,0.0,,,2:00,2:19,1:09,,,0,0.0,0.0,,,6 of 14,2 of 11,2 of 3,,,12 of 20,6 of 17,2 of 3,,,0 of 2,1 of 2,0 of 0,,,0,0.0,0.0,,,0,0.0,0.0,,,1:16,1:56,0:00,,,11 of 28,28 of 36,13 of 17,,,12 of 15,10 of 13,0 of 0,,,1 of 2,1 of 1,0 of 0,,,11 of 26,10 of 16,9 of 13,,,13 of 19,14 of 17,0 of 0,,,0 of 0,15 of 17,4 of 4,,,2 of 9,1 of 10,2 of 3,,,1 of 2,0 of 0,0 of 0,,,3 of 3,1 of 1,0 of 0,,,5 of 11,2 of 9,2 of 3,,,1 of 3,0 of 2,0 of 0,,,0 of 0,0 of 0,0 of 0,,,W,1987-08-03,1981-05-01,80.0,71.0,27.53513076928342,33.79124828025216,True,http://ufcstats.com/fighter-details/71df36d6d8cf0d74|http://ufcstats.com/fighter-details/84b3e7d38f2d2ec5,0.8690378215908685,True,True,1.1226993865030674,-815.0000000000002,6.256117510968743,9.0,12.269938650306745
W,Kevin Lee,James Moontasri,http://ufcstats.com/fighter-details/ee9ebceabfd16fa7,http://ufcstats.com/fighter-details/c06a9b48d4132c8e,Lightweight Bout,Submission,1,2:56,3 Rnd (5-5-5),John McCarthy,Rear Naked Choke,The Motown Phenom,Moon Walker,2015-07-15,"San Diego, California, USA",http://ufcstats.com/event-details/36877f0e62b25b96,0,,,,,9 of 28,,,,,9 of 28,,,,,1 of 2,,,,,1,,,,,0,,,,,1:08,,,,,0,,,,,6 of 18,,,,,6 of 18,,,,,0 of 0,,,,,0,,,,,0,,,,,0:06,,,,,4 of 20,,,,,5 of 8,,,,,0 of 0,,,,,8 of 27,,,,,1 of 1,,,,,0 of 0,,,,,1 of 12,,,,,1 of 2,,,,,4 of 4,,,,,6 of 18,,,,,0 of 0,,,,,0 of 0,,,,,W,1992-09-04,1988-04-10,77.0,71.0,22.85878560134705,27.26134006858457,True,http://ufcstats.com/fighter-details/c06a9b48d4132c8e|http://ufcstats.com/fighter-details/ee9ebceabfd16fa7,0.7450468438027953,True,True,1.3174603174603174,-315.0,4.402554467237518,6.0,31.746031746031743
L,Josh Thomson,Tony Ferguson,http://ufcstats.com/fighter-details/a566371ba2ad7152,http://ufcstats.com/fighter-details/22a92d7f62195791,Lightweight Bout,Decision - Unanimous,3,5:00,3 Rnd (5-5-5),Herb Dean,Mike Beltran 27 - 30. Derek Cleary 27 - 30. Wade Vierra 26 - 30.,The Punk,El Cucuy,2015-07-15,"San Diego, California, USA",http://ufcstats.com/event-details/36877f0e62b25b96,0,0.0,0.0,,,18 of 36,8 of 28,7 of 36,,,20 of 38,8 of 28,7 of 36,,,1 of 3,0 of 0,0 of 3,,,0,0.0,0.0,,,0,0.0,0.0,,,1:03,1:12,0:17,,,0,1.0,0.0,,,15 of 44,43 of 56,25 of 49,,,21 of 50,55 of 68,25 of 49,,,0 of 0,0 of 0,0 of 1,,,0,2.0,0.0,,,0,1.0,0.0,,,0:00,1:38,0:07,,,9 of 24,6 of 24,2 of 29,,,7 of 9,1 of 2,4 of 6,,,2 of 3,1 of 2,1 of 1,,,14 of 29,7 of 22,6 of 31,,,1 of 2,1 of 6,1 of 5,,,3 of 5,0 of 0,0 of 0,,,5 of 19,36 of 45,10 of 27,,,3 of 15,5 of 9,7 of 13,,,7 of 10,2 of 2,8 of 9,,,15 of 44,20 of 30,23 of 47,,,0 of 0,2 of 2,2 of 2,,,0 of 0,21 of 24,0 of 0,,,L,1978-09-21,1984-02-12,71.0,76.0,36.81389761596747,31.420220812200114,False,http://ufcstats.com/fighter-details/22a92d7f62195791|http://ufcstats.com/fighter-details/a566371ba2ad7152,0.7065820777160983,False,True,1.3703703703703702,-270.0000000000001,5.393676803767356,5.0,37.037037037037024
L,Nik Lentz,Charles Oliveira,http://ufcstats.com/fighter-details/6fb1ba67bef41b37,http://ufcstats.com/fighter-details/07225ba28ae309b6,Featherweight Bout,Submission,3,1:10,3 Rnd (5-5-5),Kevin MacDonald,Guillotine Choke After Drop to Guard,The Carny,Do Bronxs,2015-05-30,"Goiania, Goias, Brazil",http://ufcstats.com/event-details/aae0897825336b1a,0,0.0,0.0,,,27 of 45,9 of 17,1 of 7,,,34 of 53,23 of 35,1 of 7,,,0 of 6,2 of 3,0 of 1,,,0,1.0,0.0,,,0,0.0,0.0,,,1:56,4:05,0:19,,,1,0.0,0.0,,,45 of 60,12 of 14,7 of 10,,,52 of 68,25 of 27,7 of 10,,,1 of 2,0 of 0,0 of 0,,,0,1.0,1.0,,,0,0.0,0.0,,,1:26,0:16,0:15,,,17 of 34,7 of 14,0 of 5,,,6 of 7,1 of 1,1 of 2,,,4 of 4,1 of 2,0 of 0,,,15 of 26,3 of 9,1 of 6,,,11 of 18,1 of 2,0 of 1,,,1 of 1,5 of 6,0 of 0,,,26 of 40,8 of 9,2 of 2,,,19 of 20,3 of 4,3 of 4,,,0 of 0,1 of 1,2 of 4,,,8 of 12,2 of 2,3 of 6,,,16 of 19,3 of 4,4 of 4,,,21 of 29,7 of 8,0 of 0,,,L,1984-08-13,1989-10-17,68.0,74.0,30.793240107599743,25.615857957384478,False,http://ufcstats.com/fighter-details/07225ba28ae309b6|http://ufcstats.com/fighter-details/6fb1ba67bef41b37,0.7023445463812437,False,True,1.3773584905660377,-265.00000000000006,5.177382150215266,6.0,37.73584905660377
W,Chris Weidman,Vitor Belfort,http://ufcstats.com/fighter-details/3a8176e15b9887c1,http://ufcstats.com/fighter-details/0ee783aa00e468f0,UFC Middleweight Title Bout,KO/TKO,1,2:53,5 Rnd (5-5-5-5-5),Herb Dean,Punches to   From Mount,The All-American,The Phenom,2015-05-23,"Las Vegas, Nevada, USA",http://ufcstats.com/event-details/4f7e290e71d60f87,0,,,,,46 of 69,,,,,50 of 73,,,,,1 of 2,,,,,0,,,,,0,,,,,1:13,,,,,0,,,,,18 of 32,,,,,19 of 36,,,,,0 of 0,,,,,0,,,,,0,,,,,0:00,,,,,46 of 67,,,,,0 of 2,,,,,0 of 0,,,,,3 of 12,,,,,0 of 0,,,,,43 of 57,,,,,15 of 28,,,,,3 of 4,,,,,0 of 0,,,,,10 of 21,,,,,8 of 11,,,,,0 of 0,,,,,W,1984-06-17,1977-04-01,78.0,74.0,30.93013545794917,38.1417825143569,True,http://ufcstats.com/fighter-details/0ee783aa00e468f0|http://ufcstats.com/fighter-details/3a8176e15b9887c1,0.7784405624201107,True,True,1.238095238095238,-420.00000000000034,7.2116470564077275,4.0,23.809523809523792
L,Fabio Maldonado,Corey Anderson,http://ufcstats.com/fighter-details/1fb80f46d3c105d9,http://ufcstats.com/fighter-details/5e4eec08896c9423,Light Heavyweight Bout,Decision - Unanimous,3,5:00,3 Rnd (5-5-5),Herb Dean,Marco Borges 27 - 30. Chris Lee 27 - 30. Alessandro Vieira 27 - 30.,Caipira de Aco,Overtime,2015-11-07,"Sao Paulo, Sao Paulo, Brazil",http://ufcstats.com/event-details/5345f86680378fc1,0,0.0,0.0,,,8 of 21,13 of 20,5 of 13,,,15 of 28,25 of 33,9 of 17,,,0 of 0,0 of 0,0 of 0,,,0,0.0,0.0,,,0,0.0,0.0,,,0:00,0:00,0:00,,,0,0.0,0.0,,,29 of 67,13 of 25,18 of 42,,,44 of 91,22 of 34,31 of 60,,,2 of 4,2 of 6,2 of 5,,,0,0.0,0.0,,,0,0.0,0.0,,,2:22,3:49,2:21,,,4 of 13,8 of 13,4 of 11,,,4 of 8,5 of 7,1 of 2,,,0 of 0,0 of 0,0 of 0,,,6 of 17,5 of 10,2 of 9,,,2 of 4,8 of 10,3 of 4,,,0 of 0,0 of 0,0 of 0,,,19 of 54,8 of 17,13 of 36,,,9 of 12,3 of 6,3 of 4,,,1 of 1,2 of 2,2 of 2,,,17 of 47,5 of 12,11 of 32,,,3 of 7,7 of 12,7 of 10,,,9 of 13,1 of 1,0 of 0,,,L,1980-03-17,1989-09-22,75.0,79.0,35.642073416976395,26.12510866068434,False,http://ufcstats.com/fighter-details/1fb80f46d3c105d9|http://ufcstats.com/fighter-details/5e4eec08896c9423,0.8400000000000001,False,True,1.1428571428571428,-700.0000000000003,9.516964756292055,4.0,14.28571428571428
L,Efrain Escudero,Kevin Lee,http://ufcstats.com/fighter-details/83fd97284f4bb4a4,http://ufcstats.com/fighter-details/ee9ebceabfd16fa7,Lightweight Bout,Decision - Unanimous,3,5:00,3 Rnd (5-5-5),Mark Smith,Chris Lee 28 - 29. Patricia Morse-Jarman 28 - 29. Junichiro Kamijo 28 - 29.,Hecho En Mexico,The Motown Phenom,2016-04-23,"Las Vegas, Nevada, USA",http://ufcstats.com/event-details/3d481aa374c954a1,0,0.0,0.0,,,21 of 44,32 of 48,17 of 22,,,26 of 49,43 of 59,27 of 33,,,1 of 5,0 of 2,0 of 0,,,0,0.0,0.0,,,0,0.0,0.0,,,0:45,0:50,0:38,,,0,0.0,0.0,,,28 of 64,23 of 57,13 of 39,,,28 of 64,26 of 60,45 of 76,,,0 of 2,0 of 1,1 of 1,,,0,0.0,1.0,,,0,0.0,0.0,,,0:37,0:35,3:04,,,12 of 28,18 of 33,4 of 8,,,5 of 8,6 of 7,2 of 3,,,4 of 8,8 of 8,11 of 11,,,18 of 41,26 of 41,9 of 14,,,3 of 3,6 of 7,8 of 8,,,0 of 0,0 of 0,0 of 0,,,17 of 52,16 of 48,11 of 34,,,9 of 10,6 of 8,2 of 5,,,2 of 2,1 of 1,0 of 0,,,22 of 58,18 of 52,4 of 25,,,6 of 6,5 of 5,1 of 1,,,0 of 0,0 of 0,8 of 13,,,L,1986-01-15,1992-09-04,71.0,77.0,30.27029986926494,23.6336132843248,False,http://ufcstats.com/fighter-details/83fd97284f4bb4a4|http://ufcstats.com/fighter-details/ee9ebceabfd16fa7,0.7578947368421052,False,True,1.2777777777777777,-360.0000000000001,6.63668658494014,6.0,27.777777777777768
W,Francis Ngannou,Bojan Mihajlovic,http://ufcstats.com/fighter-details/8d03ce87ca14e778,http://ufcstats.com/fighter-details/d6285cba1d1052e0,Heavyweight Bout,KO/TKO,1,1:34,3 Rnd (5-5-5),Herb Dean,Punches to Head At Distance,The Predator,--,2016-07-23,"Chicago, Illinois, USA",http://ufcstats.com/event-details/8a028648f3f0761d,0,,,,,8 of 20,,,,,9 of 21,,,,,0 of 0,,,,,0,,,,,0,,,,,0:06,,,,,0,,,,,3 of 6,,,,,3 of 6,,,,,0 of 1,,,,,0,,,,,0,,,,,0:00,,,,,5 of 17,,,,,3 of 3,,,,,0 of 0,,,,,3 of 6,,,,,0 of 1,,,,,5 of 13,,,,,0 of 1,,,,,1 of 1,,,,,2 of 4,,,,,3 of 6,,,,,0 of 0,,,,,0 of 0,,,,,W,1986-09-05,1980-03-30,83.0,73.0,29.881517074272573,36.31559854069557,True,http://ufcstats.com/fighter-details/8d03ce87ca14e778|http://ufcstats.com/fighter-details/d6285cba1d1052e0,0.8250000000000001,True,True,1.1666666666666667,-599.9999999999998,6.434081466422995,10.0,16.666666666666675
W,Jon Jones,Ovince Saint Preux,http://ufcstats.com/fighter-details/07f72a2a7591b409,http://ufcstats.com/fighter-details/50db8711c70196cd,UFC Interim Light Heavyweight Title Bout,Decision - Unanimous,5,5:00,5 Rnd (5-5-5-5-5),Herb Dean,Sal D'amato 44 - 50. Chris Lee 45 - 50. Junichiro Kamijo 45 - 50.,Bones,--,2016-04-23,"Las Vegas, Nevada, USA",http://ufcstats.com/event-details/3d481aa374c954a1,0,0.0,0.0,0.0,0.0,13 of 26,18 of 28,30 of 46,26 of 29,18 of 28,13 of 26,20 of 30,30 of 46,27 of 30,21 of 31,0 of 1,0 of 1,0 of 0,2 of 2,1 of 1,0,0.0,0.0,0.0,0.0,0,0.0,0.0,0.0,0.0,0:04,0:14,0:01,2:23,1:13,0,0.0,0.0,0.0,0.0,12 of 31,17 of 39,11 of 40,6 of 12,11 of 38,13 of 32,17 of 39,11 of 40,6 of 12,11 of 38,0 of 0,0 of 0,0 of 0,0 of 0,0 of 0,0,0.0,0.0,0.0,0.0,0,0.0,0.0,0.0,0.0,0:00,0:00,0:00,0:00,0:00,1 of 7,4 of 10,5 of 12,19 of 20,6 of 14,7 of 9,4 of 4,6 of 8,4 of 5,3 of 3,5 of 10,10 of 14,19 of 26,3 of 4,9 of 11,11 of 23,13 of 21,29 of 44,8 of 10,15 of 22,2 of 3,5 of 7,1 of 2,1 of 1,2 of 5,0 of 0,0 of 0,0 of 0,17 of 18,1 of 1,4 of 16,12 of 30,7 of 31,1 of 6,5 of 30,3 of 7,2 of 3,2 of 6,2 of 3,3 of 4,5 of 8,3 of 6,2 of 3,3 of 3,3 of 4,11 of 30,10 of 28,10 of 39,6 of 12,9 of 34,1 of 1,7 of 11,1 of 1,0 of 0,2 of 4,0 of 0,0 of 0,0 of 0,0 of 0,0 of 0,W,1987-07-19,1983-04-08,84.0,80.0,28.764451015421262,33.043799667344295,True,http://ufcstats.com/fighter-details/07f72a2a7591b409|http://ufcstats.com/fighter-details/50db8711c70196cd,0.8426707597851112,True,True,1.1388888888888888,-720.0000000000002,4.2793486519230335,4.0,13.888888888888884
L,Igor Pokrajac,Jan Blachowicz,http://ufcstats.com/fighter-details/53278852bcd91e11,http://ufcstats.com/fighter-details/99df7d0a2a08a8a8,Light Heavyweight Bout,Decision - Unanimous,3,5:00,3 Rnd (5-5-5),Leon Roberts,Ben Cartlidge 28 - 29. Mark Collett 28 - 29. Paul Sutherland 28 - 29.,The Duke,--,2016-04-10,"Zagreb, Croatia",http://ufcstats.com/event-details/4887e5bc4dbb73ff,0,0.0,0.0,,,9 of 17,22 of 44,4 of 12,,,22 of 30,28 of 50,11 of 20,,,0 of 0,0 of 1,0 of 0,,,0,0.0,0.0,,,1,0.0,0.0,,,2:32,0:45,0:00,,,0,0.0,0.0,,,12 of 24,53 of 78,33 of 51,,,26 of 40,64 of 89,58 of 81,,,1 of 1,2 of 2,1 of 1,,,0,0.0,0.0,,,0,0.0,0.0,,,2:08,2:19,3:57,,,8 of 16,21 of 42,4 of 12,,,1 of 1,1 of 2,0 of 0,,,0 of 0,0 of 0,0 of 0,,,3 of 9,10 of 28,2 of 9,,,0 of 1,11 of 15,0 of 1,,,6 of 7,1 of 1,2 of 2,,,5 of 17,40 of 59,25 of 42,,,7 of 7,13 of 19,8 of 9,,,0 of 0,0 of 0,0 of 0,,,2 of 9,17 of 28,4 of 11,,,1 of 1,25 of 36,3 of 3,,,9 of 14,11 of 14,26 of 37,,,L,1979-01-02,1983-02-24,74.0,78.0,37.27112808613455,33.125936877553954,False,http://ufcstats.com/fighter-details/53278852bcd91e11|http://ufcstats.com/fighter-details/99df7d0a2a08a8a8,0.745958429561201,False,True,1.2941176470588236,-339.99999999999994,4.145191208580599,4.0,29.41176470588236
W,Daniel Kelly,Antonio Carlos Junior,http://ufcstats.com/fighter-details/bdcbb976816fd256,http://ufcstats.com/fighter-details/52e76bb4b3e852f3,Middleweight Bout,KO/TKO,3,1:36,3 Rnd (5-5-5),Greg Kleynjans,Punches to Head From Half Guard,--,Cara de Sapato,2016-03-19,"Brisbane, Queensland, Australia",http://ufcstats.com/event-details/e60201cfab7d656d,0,0.0,0.0,,,0 of 2,14 of 41,23 of 45,,,2 of 4,22 of 50,33 of 58,,,0 of 0,0 of 0,0 of 1,,,0,0.0,0.0,,,0,0.0,0.0,,,0:02,0:36,0:35,,,0,0.0,0.0,,,7 of 11,22 of 45,4 of 6,,,25 of 35,23 of 46,4 of 6,,,1 of 1,1 of 6,0 of 2,,,0,0.0,0.0,,,0,0.0,0.0,,,4:31,0:27,0:00,,,0 of 1,9 of 36,21 of 43,,,0 of 0,1 of 1,2 of 2,,,0 of 1,4 of 4,0 of 0,,,0 of 2,6 of 28,2 of 7,,,0 of 0,3 of 5,0 of 0,,,0 of 0,5 of 8,21 of 38,,,5 of 9,15 of 34,2 of 4,,,2 of 2,5 of 8,2 of 2,,,0 of 0,2 of 3,0 of 0,,,2 of 5,21 of 43,3 of 4,,,0 of 0,1 of 2,1 of 2,,,5 of 6,0 of 0,0 of 0,,,W,1977-10-31,1990-03-16,70.0,79.0,38.38271833097189,26.01011656639082,True,http://ufcstats.com/fighter-details/52e76bb4b3e852f3|http://ufcstats.com/fighter-details/bdcbb976816fd256,0.800834113541578,False,False,1.2061855670103092,-485.00000000000017,12.37260176458107,9.0,-100.0
W,Corey Anderson,Sean O'Connell,http://ufcstats.com/fighter-details/5e4eec08896c9423,http://ufcstats.com/fighter-details/cb52f9490c2dc069,Light Heavyweight Bout,KO/TKO,2,2:36,3 Rnd (5-5-5),Todd Ronald Anderson,Punches to Head From Mount,Overtime,The Real OC,2016-12-09,"Albany, New York, USA",http://ufcstats.com/event-details/7139cd2ae4bf6a29,0,0.0,,,,37 of 53,29 of 50,,,,57 of 75,37 of 58,,,,4 of 4,1 of 1,,,,0,0.0,,,,0,0.0,,,,4:22,2:24,,,,0,0.0,,,,6 of 17,3 of 5,,,,12 of 24,3 of 5,,,,0 of 0,0 of 0,,,,0,0.0,,,,0,0.0,,,,0:00,0:00,,,,33 of 49,29 of 50,,,,2 of 2,0 of 0,,,,2 of 2,0 of 0,,,,3 of 6,1 of 4,,,,1 of 1,0 of 0,,,,33 of 46,28 of 46,,,,4 of 14,1 of 3,,,,1 of 1,1 of 1,,,,1 of 2,1 of 1,,,,2 of 10,1 of 3,,,,1 of 1,0 of 0,,,,3 of 6,2 of 2,,,,W,1989-09-22,1983-09-02,79.0,74.0,27.214795649465767,33.271045948924346,True,http://ufcstats.com/fighter-details/5e4eec08896c9423|http://ufcstats.com/fighter-details/cb52f9490c2dc069,0.7727272727272727,True,True,1.25,-400.0,6.056250299458579,5.0,25.0
W,Francis Ngannou,Anthony Hamilton,http://ufcstats.com/fighter-details/8d03ce87ca14e778,http://ufcstats.com/fighter-details/c727c7d31c50c4cf,Heavyweight Bout,Submission,1,1:57,3 Rnd (5-5-5),John McCarthy,Kimura Standing,The Predator,Freight Train,2016-12-09,"Albany, New York, USA",http://ufcstats.com/event-details/7139cd2ae4bf6a29,0,,,,,1 of 1,,,,,1 of 1,,,,,0 of 0,,,,,1,,,,,0,,,,,0:06,,,,,0,,,,,0 of 3,,,,,0 of 3,,,,,1 of 2,,,,,0,,,,,0,,,,,0:44,,,,,0 of 0,,,,,0 of 0,,,,,1 of 1,,,,,1 of 1,,,,,0 of 0,,,,,0 of 0,,,,,0 of 1,,,,,0 of 1,,,,,0 of 1,,,,,0 of 1,,,,,0 of 2,,,,,0 of 0,,,,,W,1986-09-05,1980-04-14,83.0,76.0,30.262086148243974,36.65509900956214,True,http://ufcstats.com/fighter-details/8d03ce87ca14e778|http://ufcstats.com/fighter-details/c727c7d31c50c4cf,0.7857142857142857,True,True,1.2272727272727273,-439.99999999999994,6.393012861318169,7.0,22.72727272727273
L,Erick Montano,Randy Brown,http://ufcstats.com/fighter-details/8163cd7de0342652,http://ufcstats.com/fighter-details/c6aee362c7a7d482,Welterweight Bout,Submission,3,0:18,3 Rnd (5-5-5),Jacob Montalvo,Guillotine Choke After Drop to Guard,Perry,Rudeboy,2016-09-17,"Hidalgo, Texas, USA",http://ufcstats.com/event-details/d6455cb4bee503ce,0,0.0,0.0,,,14 of 28,6 of 12,1 of 1,,,26 of 41,33 of 45,1 of 1,,,0 of 3,2 of 4,0 of 1,,,0,0.0,0.0,,,0,0.0,0.0,,,0:57,4:13,0:04,,,0,0.0,0.0,,,9 of 20,2 of 8,1 of 2,,,14 of 25,3 of 9,1 of 2,,,0 of 2,1 of 1,0 of 0,,,0,0.0,1.0,,,0,0.0,0.0,,,2:06,0:16,0:00,,,6 of 15,5 of 10,0 of 0,,,1 of 5,0 of 0,0 of 0,,,7 of 8,1 of 2,1 of 1,,,6 of 19,2 of 6,1 of 1,,,8 of 9,0 of 0,0 of 0,,,0 of 0,4 of 6,0 of 0,,,5 of 15,2 of 8,1 of 1,,,3 of 4,0 of 0,0 of 1,,,1 of 1,0 of 0,0 of 0,,,5 of 14,1 of 7,1 of 2,,,4 of 6,0 of 0,0 of 0,,,0 of 0,1 of 1,0 of 0,,,L,1985-11-19,1990-07-08,73.0,78.0,30.828832898690596,26.196294242866042,False,http://ufcstats.com/fighter-details/8163cd7de0342652|http://ufcstats.com/fighter-details/c6aee362c7a7d482,0.8162544169611308,False,True,1.181818181818182,-549.9999999999991,4.632538655824554,5.0,18.18181818181821
W,Zak Cummings,Nathan Coy,http://ufcstats.com/fighter-details/4ba8d454f762005d,http://ufcstats.com/fighter-details/15ec018d144710db,Welterweight Bout,Submission,1,4:21,3 Rnd (5-5-5),Mike England,Guillotine Choke After Drop to Ground,--,Soulforce,2017-04-15,"Kansas City, Missouri, USA",http://ufcstats.com/event-details/ed069a95aaaf4f56,0,,,,,25 of 72,,,,,25 of 72,,,,,0 of 0,,,,,2,,,,,0,,,,,0:11,,,,,0,,,,,23 of 41,,,,,23 of 41,,,,,1 of 1,,,,,0,,,,,0,,,,,0:05,,,,,20 of 66,,,,,2 of 3,,,,,3 of 3,,,,,21 of 68,,,,,2 of 2,,,,,2 of 2,,,,,13 of 29,,,,,7 of 8,,,,,3 of 4,,,,,22 of 40,,,,,1 of 1,,,,,0 of 0,,,,,W,1984-08-02,1978-07-24,75.0,69.0,32.70156129147073,38.72769461385244,True,http://ufcstats.com/fighter-details/15ec018d144710db|http://ufcstats.com/fighter-details/4ba8d454f762005d,0.8162544169611307,True,True,1.181818181818182,-549.9999999999991,6.02613332238171,6.0,18.18181818181821
W,Alexander Volkanovski,Mizuto Hirota,http://ufcstats.com/fighter-details/e1248941344b3288,http://ufcstats.com/fighter-details/35faad160d346839,Featherweight Bout,Decision - Unanimous,3,5:00,3 Rnd (5-5-5),John Sharp,Ritchie Gerard 27 - 30. Peter Hickmont 27 - 30. Mark Rodgers 27 - 30.,The Great,Pugnus,2017-06-10,"Auckland, New Zealand",http://ufcstats.com/event-details/90e7447d8b7f3f35,1,0.0,0.0,,,33 of 56,28 of 45,26 of 38,,,35 of 58,32 of 49,26 of 38,,,3 of 4,1 of 2,0 of 1,,,0,0.0,0.0,,,0,0.0,0.0,,,2:23,1:39,1:16,,,0,0.0,0.0,,,16 of 41,14 of 50,16 of 58,,,19 of 44,15 of 52,17 of 59,,,0 of 0,0 of 1,0 of 4,,,0,0.0,0.0,,,0,0.0,0.0,,,0:00,0:02,0:21,,,23 of 42,18 of 30,14 of 25,,,2 of 4,3 of 4,4 of 5,,,8 of 10,7 of 11,8 of 8,,,10 of 29,18 of 35,18 of 29,,,5 of 6,5 of 5,8 of 9,,,18 of 21,5 of 5,0 of 0,,,12 of 37,12 of 46,15 of 56,,,1 of 1,1 of 3,0 of 1,,,3 of 3,1 of 1,1 of 1,,,13 of 35,14 of 50,15 of 57,,,1 of 4,0 of 0,1 of 1,,,2 of 2,0 of 0,0 of 0,,,W,1988-09-29,1981-05-05,71.0,67.0,28.69600334024655,36.09930388714347,True,http://ufcstats.com/fighter-details/35faad160d346839|http://ufcstats.com/fighter-details/e1248941344b3288,0.8216159496327388,True,True,1.1724137931034484,-579.9999999999995,7.403300546896922,4.0,17.24137931034484
W,Aljamain Sterling,Augusto Mendes,http://ufcstats.com/fighter-details/cb696ebfb6598724,http://ufcstats.com/fighter-details/3d5b1ce6097dbb49,Bantamweight Bout,Decision - Unanimous,3,5:00,3 Rnd (5-5-5),Mario Yamasaki,Cardo Urso 28 - 29. Sal D'amato 28 - 29. Marcos Rosales 28 - 29.,Funk Master,Tanquinho,2017-04-15,"Kansas City, Missouri, USA",http://ufcstats.com/event-details/ed069a95aaaf4f56,0,0.0,0.0,,,23 of 46,23 of 46,37 of 69,,,43 of 68,59 of 85,60 of 93,,,1 of 1,1 of 2,0 of 3,,,0,0.0,0.0,,,0,0.0,0.0,,,3:23,1:27,1:09,,,1,0.0,0.0,,,9 of 20,12 of 30,9 of 41,,,33 of 48,24 of 45,19 of 52,,,0 of 0,0 of 3,0 of 0,,,0,0.0,0.0,,,1,0.0,0.0,,,0:11,1:35,1:27,,,1 of 15,8 of 27,19 of 48,,,18 of 21,12 of 15,16 of 19,,,4 of 10,3 of 4,2 of 2,,,7 of 21,14 of 33,32 of 63,,,0 of 0,5 of 6,5 of 6,,,16 of 25,4 of 7,0 of 0,,,3 of 13,5 of 22,8 of 38,,,2 of 3,4 of 5,1 of 3,,,4 of 4,3 of 3,0 of 0,,,7 of 17,8 of 26,9 of 41,,,0 of 0,4 of 4,0 of 0,,,2 of 3,0 of 0,0 of 0,,,W,1989-07-31,1983-03-03,71.0,65.0,27.707618910723696,34.119797121090784,True,http://ufcstats.com/fighter-details/3d5b1ce6097dbb49|http://ufcstats.com/fighter-details/cb696ebfb6598724,0.7727272727272727,True,True,1.25,-400.0,6.412178210367088,6.0,25.0
L,Andrei Arlovski,Francis Ngannou,http://ufcstats.com/fighter-details/3738e68d2261e60f,http://ufcstats.com/fighter-details/8d03ce87ca14e778,Heavyweight Bout,KO/TKO,1,1:32,3 Rnd (5-5-5),Adam Martinez,Punch to Head At Distance,The Pitbull,The Predator,2017-01-28,"Denver, Colorado, USA",http://ufcstats.com/event-details/4512e46543b960ad,0,,,,,3 of 9,,,,,3 of 9,,,,,0 of 0,,,,,0,,,,,0,,,,,0:00,,,,,1,,,,,8 of 13,,,,,8 of 14,,,,,0 of 0,,,,,0,,,,,0,,,,,0:03,,,,,1 of 5,,,,,0 of 1,,,,,2 of 3,,,,,3 of 9,,,,,0 of 0,,,,,0 of 0,,,,,8 of 13,,,,,0 of 0,,,,,0 of 0,,,,,4 of 9,,,,,0 of 0,,,,,4 of 4,,,,,L,1979-02-04,1986-09-05,77.0,83.0,37.982983907951564,30.3989814985934,False,http://ufcstats.com/fighter-details/3738e68d2261e60f|http://ufcstats.com/fighter-details/8d03ce87ca14e778,0.7784405624201107,False,True,1.238095238095238,-420.00000000000034,7.584002409358163,6.0,23.809523809523792
W,Elias Theodorou,Daniel Kelly,http://ufcstats.com/fighter-details/34f88592c0ab7a54,http://ufcstats.com/fighter-details/bdcbb976816fd256,Middleweight Bout,Decision - Unanimous,3,5:00,3 Rnd (5-5-5),Leon Roberts,Chris Aliendi 28 - 30. Evan Field 27 - 30. Charlie Keech 26 - 30.,The Spartan,--,2017-11-18,"Sydney, New South Wales, Australia",http://ufcstats.com/event-details/caced97768818230,0,0.0,0.0,,,34 of 88,45 of 89,39 of 73,,,34 of 88,49 of 93,45 of 80,,,0 of 0,0 of 0,0 of 0,,,0,0.0,0.0,,,0,0.0,1.0,,,0:00,0:00,0:54,,,0,0.0,0.0,,,13 of 42,16 of 45,13 of 33,,,15 of 44,23 of 53,16 of 36,,,0 of 0,1 of 5,1 of 2,,,0,0.0,1.0,,,0,0.0,0.0,,,0:00,0:20,0:38,,,11 of 49,23 of 55,15 of 40,,,10 of 20,14 of 21,9 of 13,,,13 of 19,8 of 13,15 of 20,,,33 of 87,38 of 81,34 of 67,,,1 of 1,7 of 8,5 of 6,,,0 of 0,0 of 0,0 of 0,,,11 of 39,16 of 44,10 of 29,,,2 of 3,0 of 1,2 of 3,,,0 of 0,0 of 0,1 of 1,,,5 of 30,10 of 31,10 of 28,,,8 of 12,6 of 14,3 of 5,,,0 of 0,0 of 0,0 of 0,,,W,1988-05-31,1977-10-31,75.0,70.0,29.468093116217307,40.050103698227886,True,http://ufcstats.com/fighter-details/34f88592c0ab7a54|http://ufcstats.com/fighter-details/bdcbb976816fd256,0.7285666997682887,True,True,1.3225806451612905,-309.99999999999983,10.582010582010579,5.0,32.258064516129046
L,Nate Marquardt,Cezar Ferreira,http://ufcstats.com/fighter-details/a8e6a69796280f17,http://ufcstats.com/fighter-details/dbc17725b887860a,Middleweight Bout,Decision - Split,3,5:00,3 Rnd (5-5-5),Dan Miragliotta,Jeff Mullen 28 - 29. Chris Lee 29 - 28. Brian Costello 28 - 29.,The Great,Mutante,2017-11-11,"Norfolk, Virginia, USA",http://ufcstats.com/event-details/d856a0080ac09ed7,0,1.0,0.0,,,8 of 18,20 of 37,8 of 10,,,8 of 18,21 of 38,22 of 26,,,0 of 1,0 of 1,0 of 0,,,0,0.0,0.0,,,0,0.0,0.0,,,0:00,0:25,0:16,,,0,0.0,0.0,,,16 of 29,18 of 38,13 of 14,,,16 of 29,18 of 38,62 of 68,,,0 of 0,0 of 1,2 of 3,,,0,0.0,0.0,,,0,0.0,0.0,,,0:00,0:18,4:26,,,4 of 13,11 of 27,7 of 9,,,1 of 1,6 of 7,1 of 1,,,3 of 4,3 of 3,0 of 0,,,8 of 18,14 of 30,1 of 3,,,0 of 0,6 of 7,1 of 1,,,0 of 0,0 of 0,6 of 6,,,4 of 15,8 of 23,2 of 3,,,2 of 4,3 of 7,10 of 10,,,10 of 10,7 of 8,1 of 1,,,16 of 28,17 of 37,2 of 3,,,0 of 1,1 of 1,0 of 0,,,0 of 0,0 of 0,11 of 11,,,L,1979-04-20,1985-02-15,74.0,78.0,38.56342019343313,32.73715408256159,False,http://ufcstats.com/fighter-details/a8e6a69796280f17|http://ufcstats.com/fighter-details/dbc17725b887860a,0.7023445463812437,False,True,1.3773584905660377,-265.00000000000006,5.8262661108715434,4.0,37.73584905660377
W,Kamaru Usman,Sergio Moraes,http://ufcstats.com/fighter-details/f1b2aa7853d1ed6e,http://ufcstats.com/fighter-details/1bcaac2d99b90fce,Welterweight Bout,KO/TKO,1,2:48,3 Rnd (5-5-5),Dan Miragliotta,Punch to Head At Distance,The Nigerian Nightmare,The Panther,2017-09-16,"Pittsburgh, Pennsylvania, USA",http://ufcstats.com/event-details/1979c80150f630c4,1,,,,,16 of 48,,,,,16 of 48,,,,,0 of 0,,,,,0,,,,,0,,,,,0:05,,,,,0,,,,,13 of 27,,,,,13 of 27,,,,,0 of 0,,,,,0,,,,,0,,,,,0:00,,,,,8 of 35,,,,,4 of 6,,,,,4 of 7,,,,,15 of 46,,,,,0 of 0,,,,,1 of 2,,,,,10 of 23,,,,,3 of 3,,,,,0 of 1,,,,,13 of 27,,,,,0 of 0,,,,,0 of 0,,,,,W,1987-05-11,1982-07-23,76.0,72.0,30.352437079474594,35.15198806272545,True,http://ufcstats.com/fighter-details/1bcaac2d99b90fce|http://ufcstats.com/fighter-details/f1b2aa7853d1ed6e,0.8720930232558138,True,True,1.1,-999.9999999999991,4.799550983250857,4.0,10.000000000000009
L,Daniel Omielanczuk,Curtis Blaydes,http://ufcstats.com/fighter-details/470fedbc8563ac47,http://ufcstats.com/fighter-details/fa6796c55d6c5440,Heavyweight Bout,Decision - Unanimous,3,5:00,3 Rnd (5-5-5),Marc Goddard,Glenn Trowbridge 27 - 30. Junichiro Kamijo 27 - 30. Jeff Mullen 27 - 30.,--,Razor,2017-07-08,"Las Vegas, Nevada, USA",http://ufcstats.com/event-details/686cccbf1a4de453,0,0.0,0.0,,,16 of 35,15 of 46,20 of 51,,,27 of 46,20 of 51,21 of 52,,,0 of 0,0 of 0,0 of 1,,,0,0.0,0.0,,,0,0.0,0.0,,,0:00,0:00,0:03,,,0,0.0,0.0,,,17 of 38,21 of 57,34 of 73,,,31 of 54,28 of 66,35 of 74,,,0 of 6,0 of 4,0 of 3,,,0,0.0,0.0,,,0,0.0,0.0,,,3:02,1:17,1:16,,,5 of 22,9 of 38,15 of 45,,,9 of 10,6 of 7,2 of 3,,,2 of 3,0 of 1,3 of 3,,,8 of 26,10 of 40,18 of 47,,,8 of 9,5 of 6,2 of 4,,,0 of 0,0 of 0,0 of 0,,,7 of 28,14 of 48,20 of 59,,,7 of 7,5 of 7,11 of 11,,,3 of 3,2 of 2,3 of 3,,,4 of 21,16 of 52,19 of 56,,,13 of 17,5 of 5,2 of 4,,,0 of 0,0 of 0,13 of 13,,,L,1982-08-31,1991-02-18,74.0,80.0,34.8535561989637,26.385209826348248,False,http://ufcstats.com/fighter-details/470fedbc8563ac47|http://ufcstats.com/fighter-details/fa6796c55d6c5440,0.8313582497721058,False,True,1.15625,-640.0,8.468346372615454,6.0,15.625
L,Jim Miller,Dan Hooker,http://ufcstats.com/fighter-details/d1941565abf50b16,http://ufcstats.com/fighter-details/193b9d1858bc4df3,Lightweight Bout,KO/TKO,1,3:00,3 Rnd (5-5-5),Gary Copeland,Knee to Head In Clinch,A-10,The Hangman,2018-04-21,"Atlantic City, New Jersey, USA",http://ufcstats.com/event-details/ad99fa5325519169,0,,,,,10 of 20,,,,,13 of 23,,,,,1 of 2,,,,,0,,,,,0,,,,,0:27,,,,,1,,,,,24 of 44,,,,,24 of 44,,,,,0 of 0,,,,,0,,,,,0,,,,,0:13,,,,,6 of 16,,,,,2 of 2,,,,,2 of 2,,,,,8 of 17,,,,,2 of 3,,,,,0 of 0,,,,,15 of 33,,,,,4 of 4,,,,,5 of 7,,,,,23 of 43,,,,,0 of 0,,,,,1 of 1,,,,,L,1983-08-30,1990-02-13,71.0,75.0,34.64273735942559,28.184014729939697,False,http://ufcstats.com/fighter-details/193b9d1858bc4df3|http://ufcstats.com/fighter-details/d1941565abf50b16,0.7241379310344828,False,True,1.3333333333333333,-300.00000000000006,6.458722629485891,4.0,33.33333333333333
W,Kyung Ho Kang,Guido Cannetti,http://ufcstats.com/fighter-details/a7897d200692ab64,http://ufcstats.com/fighter-details/d05412b513b19621,Bantamweight Bout,Submission,1,4:53,3 Rnd (5-5-5),Marc Wasem,Triangle Choke From Bottom,Mr. Perfect,Ninja,2018-01-14,"St. Louis, Missouri, USA",http://ufcstats.com/event-details/fc1868f56d3036eb,0,,,,,3 of 11,,,,,28 of 36,,,,,1 of 2,,,,,1,,,,,0,,,,,0:38,,,,,0,,,,,19 of 39,,,,,22 of 42,,,,,1 of 2,,,,,0,,,,,0,,,,,1:27,,,,,3 of 9,,,,,0 of 2,,,,,0 of 0,,,,,1 of 8,,,,,1 of 1,,,,,1 of 2,,,,,12 of 29,,,,,4 of 7,,,,,3 of 3,,,,,9 of 29,,,,,5 of 5,,,,,5 of 5,,,,,W,1987-09-09,1979-12-19,73.0,68.0,30.349699172467606,38.07333483918219,True,http://ufcstats.com/fighter-details/a7897d200692ab64|http://ufcstats.com/fighter-details/d05412b513b19621,0.7195253505933118,True,True,1.3448275862068966,-290.0,7.723635666714582,5.0,34.48275862068966
L,Maia Stevenson,Polyana Viana,http://ufcstats.com/fighter-details/2fee10d5cf86bfca,http://ufcstats.com/fighter-details/9673a497a9da119a,Women's Strawweight Bout,Submission,1,3:50,3 Rnd (5-5-5),Camila Albuquerque,Rear Naked Choke,--,Dama de Ferro,2018-02-03,"Belem, Para, Brazil",http://ufcstats.com/event-details/7cf20446453f852b,0,,,,,6 of 11,,,,,11 of 16,,,,,1 of 1,,,,,0,,,,,0,,,,,1:29,,,,,0,,,,,12 of 18,,,,,25 of 35,,,,,1 of 2,,,,,3,,,,,1,,,,,1:46,,,,,1 of 6,,,,,3 of 3,,,,,2 of 2,,,,,4 of 9,,,,,2 of 2,,,,,0 of 0,,,,,11 of 16,,,,,1 of 2,,,,,0 of 0,,,,,4 of 8,,,,,1 of 2,,,,,7 of 8,,,,,L,1982-03-19,1992-06-14,62.0,67.0,35.88027132658439,25.640499120447373,False,http://ufcstats.com/fighter-details/2fee10d5cf86bfca|http://ufcstats.com/fighter-details/9673a497a9da119a,0.7857142857142857,False,True,1.2272727272727273,-439.99999999999994,10.239772206137019,5.0,22.72727272727273
W,Shane Burgos,Kurt Holobaugh,http://ufcstats.com/fighter-details/98d961097baaf308,http://ufcstats.com/fighter-details/a7151778b3381036,Featherweight Bout,Submission,1,2:11,3 Rnd (5-5-5),Yves Lavigne,Armbar From Bottom Guard,Hurricane,--,2018-11-03,"New York City, New York, USA",http://ufcstats.com/event-details/20821819c401ced8,0,,,,,17 of 24,,,,,17 of 24,,,,,0 of 0,,,,,1,,,,,0,,,,,0:00,,,,,1,,,,,21 of 51,,,,,26 of 57,,,,,0 of 0,,,,,0,,,,,0,,,,,0:13,,,,,13 of 19,,,,,2 of 3,,,,,2 of 2,,,,,17 of 24,,,,,0 of 0,,,,,0 of 0,,,,,14 of 40,,,,,1 of 2,,,,,6 of 9,,,,,19 of 48,,,,,1 of 2,,,,,1 of 1,,,,,W,1991-03-19,1986-09-08,75.0,70.0,27.62821960752103,32.15397989007303,True,http://ufcstats.com/fighter-details/98d961097baaf308|http://ufcstats.com/fighter-details/a7151778b3381036,0.7727272727272727,True,True,1.25,-400.0,4.525760282552003,5.0,25.0
L,Demian Maia,Kamaru Usman,http://ufcstats.com/fighter-details/427b5953ac8e3a27,http://ufcstats.com/fighter-details/f1b2aa7853d1ed6e,Welterweight Bout,Decision - Unanimous,5,5:00,5 Rnd (5-5-5-5-5),Leon Roberts,Chris Lee 45 - 50. Guilherme Bravo 46 - 49. Sal D'amato 46 - 49.,--,The Nigerian Nightmare,2018-05-19,"Santiago, Chile",http://ufcstats.com/event-details/3144121470023e9a,0,0.0,0.0,0.0,0.0,5 of 12,7 of 18,4 of 25,4 of 9,7 of 23,10 of 17,8 of 20,4 of 25,4 of 9,7 of 23,0 of 1,0 of 4,0 of 4,0 of 3,0 of 3,0,0.0,0.0,0.0,0.0,0,0.0,0.0,0.0,0.0,2:01,0:00,0:00,0:00,0:00,0,0.0,0.0,1.0,0.0,12 of 29,12 of 47,13 of 53,16 of 42,13 of 38,13 of 30,16 of 52,16 of 56,32 of 58,20 of 48,0 of 0,0 of 0,0 of 0,0 of 0,0 of 0,0,0.0,0.0,0.0,0.0,0,0.0,0.0,0.0,0.0,0:00,0:38,0:26,1:31,1:44,5 of 12,7 of 18,4 of 25,4 of 9,6 of 21,0 of 0,0 of 0,0 of 0,0 of 0,1 of 2,0 of 0,0 of 0,0 of 0,0 of 0,0 of 0,5 of 12,6 of 17,4 of 25,4 of 9,6 of 22,0 of 0,1 of 1,0 of 0,0 of 0,0 of 0,0 of 0,0 of 0,0 of 0,0 of 0,1 of 1,6 of 22,9 of 43,9 of 44,14 of 38,11 of 34,0 of 1,1 of 2,2 of 5,0 of 2,1 of 2,6 of 6,2 of 2,2 of 4,2 of 2,1 of 2,12 of 29,10 of 43,13 of 51,10 of 33,10 of 31,0 of 0,1 of 3,0 of 0,0 of 0,0 of 2,0 of 0,1 of 1,0 of 2,6 of 9,3 of 5,L,1977-11-06,1987-05-11,72.0,76.0,40.531975331457865,31.02322429618678,False,http://ufcstats.com/fighter-details/427b5953ac8e3a27|http://ufcstats.com/fighter-details/f1b2aa7853d1ed6e,0.8122418325197146,False,True,1.1904761904761905,-525.0,9.508751035271086,4.0,19.047619047619047
L,Nik Lentz,David Teymur,http://ufcstats.com/fighter-details/6fb1ba67bef41b37,http://ufcstats.com/fighter-details/2747c60e42d9d75f,Lightweight Bout,Decision - Unanimous,3,5:00,3 Rnd (5-5-5),Todd Ronald Anderson,Eric Colon 27 - 30. Tim Corrado 27 - 30. Doug Crosby 28 - 29.,The Carny,--,2018-06-01,"Utica, New York, USA",http://ufcstats.com/event-details/d29b5c4f22c6357d,0,0.0,0.0,,,25 of 49,15 of 42,21 of 53,,,26 of 50,15 of 42,22 of 54,,,0 of 3,0 of 1,0 of 1,,,0,0.0,0.0,,,0,0.0,0.0,,,0:35,0:02,0:07,,,0,0.0,0.0,,,23 of 63,18 of 56,26 of 68,,,27 of 67,18 of 56,27 of 69,,,0 of 0,0 of 0,0 of 0,,,0,0.0,0.0,,,0,0.0,0.0,,,0:00,0:00,0:06,,,13 of 33,5 of 29,13 of 45,,,9 of 12,8 of 9,7 of 7,,,3 of 4,2 of 4,1 of 1,,,25 of 49,15 of 42,21 of 53,,,0 of 0,0 of 0,0 of 0,,,0 of 0,0 of 0,0 of 0,,,13 of 51,5 of 39,13 of 51,,,3 of 5,4 of 7,5 of 8,,,7 of 7,9 of 10,8 of 9,,,23 of 63,18 of 56,26 of 68,,,0 of 0,0 of 0,0 of 0,,,0 of 0,0 of 0,0 of 0,,,L,1984-08-13,1989-05-01,68.0,73.0,33.79946200127313,29.084786135238915,False,http://ufcstats.com/fighter-details/2747c60e42d9d75f|http://ufcstats.com/fighter-details/6fb1ba67bef41b37,0.7241379310344828,False,True,1.3333333333333333,-300.00000000000006,4.714675866034213,5.0,33.33333333333333
W,Kevin Holland,John Phillips,http://ufcstats.com/fighter-details/3a46b268013afede,http://ufcstats.com/fighter-details/e9ac7bfb65c25497,Middleweight Bout,Submission,3,4:05,3 Rnd (5-5-5),Peter Hickmott,Rear Naked Choke,Trailblazer,The Welsh Wrecking Machine,2018-11-24,"Beijing, China",http://ufcstats.com/event-details/de25520d54eab12d,0,0.0,0.0,,,60 of 90,49 of 79,14 of 18,,,60 of 90,50 of 80,54 of 66,,,1 of 1,0 of 1,4 of 4,,,0,0.0,2.0,,,0,0.0,0.0,,,0:03,0:00,3:19,,,0,0.0,0.0,,,12 of 44,38 of 102,1 of 8,,,13 of 45,39 of 103,1 of 8,,,0 of 0,0 of 0,0 of 0,,,0,0.0,0.0,,,0,0.0,1.0,,,0:03,0:23,0:23,,,31 of 56,30 of 54,13 of 17,,,20 of 25,12 of 16,1 of 1,,,9 of 9,7 of 9,0 of 0,,,51 of 80,44 of 73,0 of 0,,,6 of 6,5 of 6,0 of 0,,,3 of 4,0 of 0,14 of 18,,,2 of 26,18 of 74,1 of 8,,,3 of 8,13 of 21,0 of 0,,,7 of 10,7 of 7,0 of 0,,,11 of 40,32 of 90,0 of 2,,,1 of 4,6 of 12,0 of 0,,,0 of 0,0 of 0,1 of 6,,,W,1992-11-05,1985-06-09,81.0,75.0,26.05118517149565,33.45996153240655,True,http://ufcstats.com/fighter-details/3a46b268013afede|http://ufcstats.com/fighter-details/e9ac7bfb65c25497,0.8233260786070925,True,True,1.1694915254237288,-590.0,7.4087763609109025,6.0,16.94915254237288
L,Mizuto Hirota,Christos Giagos,http://ufcstats.com/fighter-details/35faad160d346839,http://ufcstats.com/fighter-details/de45aaae23dfa392,Lightweight Bout,Decision - Unanimous,3,5:00,3 Rnd (5-5-5),Steve Perceval,Howard Hughes 28 - 29. Howie Booth 27 - 29. Kon Papaioannou 28 - 30.,Pugnus,The Spartan,2018-12-01,"Adelaide, South Australia, Australia",http://ufcstats.com/event-details/d1d20e651e6cbc02,0,0.0,0.0,,,8 of 19,4 of 15,7 of 21,,,12 of 23,8 of 21,27 of 42,,,0 of 0,0 of 0,0 of 0,,,1,0.0,0.0,,,0,0.0,0.0,,,0:00,0:00,1:06,,,0,0.0,0.0,,,21 of 51,9 of 31,1 of 8,,,33 of 64,25 of 55,5 of 12,,,2 of 2,2 of 2,1 of 6,,,0,0.0,0.0,,,0,0.0,1.0,,,2:41,3:59,2:42,,,7 of 17,4 of 15,4 of 18,,,1 of 1,0 of 0,3 of 3,,,0 of 1,0 of 0,0 of 0,,,7 of 18,4 of 12,1 of 11,,,1 of 1,0 of 3,3 of 6,,,0 of 0,0 of 0,3 of 4,,,14 of 44,7 of 28,1 of 8,,,7 of 7,1 of 2,0 of 0,,,0 of 0,1 of 1,0 of 0,,,10 of 32,3 of 13,1 of 8,,,2 of 2,1 of 2,0 of 0,,,9 of 17,5 of 16,0 of 0,,,L,1981-05-05,1990-01-23,67.0,71.0,37.57503576391028,28.854801946651882,False,http://ufcstats.com/fighter-details/35faad160d346839|http://ufcstats.com/fighter-details/de45aaae23dfa392,0.7634625062908909,False,True,1.2702702702702702,-370.0000000000001,8.720233817258396,4.0,27.027027027027017
W,Devonte Smith,Dong Hyun Ma,http://ufcstats.com/fighter-details/207773daeb4afa7b,http://ufcstats.com/fighter-details/98a6b2361045898f,Lightweight Bout,KO/TKO,1,3:53,3 Rnd (5-5-5),Herb Dean,Punch to Head At Distance,King Kage,Maestro,2019-02-09,"Melbourne, Victoria, Australia",http://ufcstats.com/event-details/b5882371e2a3900d,1,,,,,19 of 43,,,,,19 of 43,,,,,0 of 0,,,,,0,,,,,0,,,,,0:02,,,,,0,,,,,1 of 9,,,,,1 of 9,,,,,0 of 0,,,,,0,,,,,0,,,,,0:00,,,,,14 of 34,,,,,1 of 4,,,,,4 of 5,,,,,15 of 38,,,,,0 of 0,,,,,4 of 5,,,,,0 of 4,,,,,0 of 1,,,,,1 of 4,,,,,1 of 9,,,,,0 of 0,,,,,0 of 0,,,,,W,1993-07-30,1988-09-09,76.0,70.0,25.530982840167834,30.41814684764232,True,http://ufcstats.com/fighter-details/207773daeb4afa7b|http://ufcstats.com/fighter-details/98a6b2361045898f,0.7065820777160984,True,True,1.3703703703703702,-270.0000000000001,4.887164007474485,6.0,37.037037037037024
L,Kevin Lee,Al Iaquinta,http://ufcstats.com/fighter-details/ee9ebceabfd16fa7,http://ufcstats.com/fighter-details/59279a7c978f7da0,Lightweight Bout,Decision - Unanimous,5,5:00,5 Rnd (5-5-5-5-5),Keith Peterson,Sal D'amato 47 - 48. Brian Puccillo 47 - 48. Chris Lee 46 - 49.,The Motown Phenom,Raging,2018-12-15,"Milwaukee, Wisconsin, USA",http://ufcstats.com/event-details/7a703c565ccaa18f,0,0.0,0.0,0.0,0.0,23 of 86,34 of 69,10 of 35,17 of 61,18 of 45,23 of 86,43 of 81,20 of 46,17 of 61,18 of 45,0 of 0,1 of 2,2 of 2,0 of 0,0 of 1,0,0.0,0.0,0.0,0.0,0,0.0,0.0,0.0,0.0,0:00,1:44,2:27,0:00,1:14,0,0.0,0.0,0.0,0.0,20 of 51,18 of 35,16 of 29,24 of 60,33 of 53,20 of 51,18 of 35,18 of 31,24 of 60,33 of 53,0 of 6,0 of 0,0 of 1,0 of 0,0 of 0,0,0.0,0.0,0.0,0.0,0,0.0,0.0,0.0,0.0,0:00,0:00,0:00,0:00,0:14,17 of 77,29 of 62,5 of 29,13 of 57,16 of 42,4 of 7,3 of 5,3 of 4,3 of 3,1 of 2,2 of 2,2 of 2,2 of 2,1 of 1,1 of 1,23 of 86,15 of 48,8 of 33,17 of 61,18 of 45,0 of 0,0 of 0,1 of 1,0 of 0,0 of 0,0 of 0,19 of 21,1 of 1,0 of 0,0 of 0,12 of 38,12 of 29,12 of 23,16 of 50,30 of 49,5 of 9,4 of 4,3 of 5,4 of 6,3 of 4,3 of 4,2 of 2,1 of 1,4 of 4,0 of 0,20 of 51,17 of 34,16 of 28,24 of 60,33 of 53,0 of 0,0 of 0,0 of 0,0 of 0,0 of 0,0 of 0,1 of 1,0 of 1,0 of 0,0 of 0,L,1992-09-04,1987-04-30,77.0,70.0,26.278431453075697,31.62830174473124,False,http://ufcstats.com/fighter-details/59279a7c978f7da0|http://ufcstats.com/fighter-details/ee9ebceabfd16fa7,0.7427937915742794,True,False,1.2985074626865671,-335.00000000000006,5.349870291655542,7.0,-100.0
W,Jon Jones,Thiago Santos,http://ufcstats.com/fighter-details/07f72a2a7591b409,http://ufcstats.com/fighter-details/dea070ed4a2a8281,UFC Light Heavyweight Title Bout,Decision - Split,5,5:00,5 Rnd (5-5-5-5-5),Herb Dean,Mike Bell 47 - 48. Junichiro Kamijo 48 - 47. Derek Cleary 47 - 48.,Bones,Marreta,2019-07-06,"Las Vegas, Nevada, USA",http://ufcstats.com/event-details/6c9383ffab2725a5,0,0.0,0.0,0.0,0.0,7 of 16,11 of 17,14 of 19,11 of 17,16 of 21,7 of 16,11 of 17,14 of 19,11 of 17,16 of 21,0 of 1,0 of 0,0 of 0,0 of 0,0 of 0,0,0.0,0.0,0.0,0.0,0,0.0,0.0,0.0,0.0,0:00,0:00,0:00,0:00,0:00,0,0.0,0.0,0.0,0.0,11 of 26,7 of 42,6 of 33,8 of 28,11 of 37,11 of 26,7 of 42,6 of 33,8 of 28,11 of 37,0 of 0,0 of 0,0 of 0,0 of 0,0 of 0,0,0.0,0.0,0.0,0.0,0,0.0,0.0,0.0,0.0,0:00,0:00,0:00,0:00,0:00,0 of 4,2 of 7,4 of 7,2 of 7,3 of 7,3 of 5,4 of 4,4 of 4,2 of 3,3 of 3,4 of 7,5 of 6,6 of 8,7 of 7,10 of 11,7 of 16,10 of 15,11 of 15,11 of 17,16 of 21,0 of 0,1 of 2,3 of 4,0 of 0,0 of 0,0 of 0,0 of 0,0 of 0,0 of 0,0 of 0,3 of 12,1 of 25,1 of 17,0 of 13,4 of 25,1 of 1,2 of 6,1 of 6,1 of 5,2 of 3,7 of 13,4 of 11,4 of 10,7 of 10,5 of 9,11 of 26,6 of 38,6 of 30,8 of 28,11 of 37,0 of 0,1 of 4,0 of 3,0 of 0,0 of 0,0 of 0,0 of 0,0 of 0,0 of 0,0 of 0,W,1987-07-19,1984-01-07,84.0,76.0,31.965064306590826,35.494226438599014,True,http://ufcstats.com/fighter-details/07f72a2a7591b409|http://ufcstats.com/fighter-details/dea070ed4a2a8281,0.8358033905533638,True,True,1.1492537313432836,-670.0000000000001,3.5291621320081887,8.0,14.925373134328357
W,Ricardo Ramos,Journey Newson,http://ufcstats.com/fighter-details/1ae8f3c723aacff4,http://ufcstats.com/fighter-details/78f485f851891d68,Bantamweight Bout,Decision - Unanimous,3,5:00,3 Rnd (5-5-5),Travis Metteer,Nick Vogel 27 - 30. Nick Palmer 27 - 30. Derek Cleary 27 - 30.,--,--,2019-06-29,"Minneapolis, Minnesota, USA",http://ufcstats.com/event-details/c0c1bc0766df4c00,0,0.0,0.0,,,9 of 39,17 of 47,14 of 34,,,10 of 40,17 of 47,21 of 42,,,1 of 1,0 of 0,2 of 2,,,0,0.0,0.0,,,0,0.0,0.0,,,0:46,0:00,2:00,,,0,0.0,0.0,,,10 of 36,17 of 59,11 of 28,,,12 of 39,17 of 59,12 of 29,,,0 of 1,0 of 0,0 of 0,,,0,0.0,1.0,,,0,0.0,0.0,,,0:10,0:00,0:00,,,2 of 25,11 of 39,10 of 26,,,2 of 6,3 of 4,3 of 7,,,5 of 8,3 of 4,1 of 1,,,8 of 38,17 of 47,12 of 32,,,1 of 1,0 of 0,0 of 0,,,0 of 0,0 of 0,2 of 2,,,0 of 22,5 of 38,4 of 20,,,3 of 7,4 of 8,2 of 3,,,7 of 7,8 of 13,5 of 5,,,9 of 35,17 of 59,11 of 28,,,1 of 1,0 of 0,0 of 0,,,0 of 0,0 of 0,0 of 0,,,W,1995-08-01,1989-03-07,72.0,67.0,23.910141892030637,30.311368474369768,True,http://ufcstats.com/fighter-details/1ae8f3c723aacff4|http://ufcstats.com/fighter-details/78f485f851891d68,0.7666504618376278,True,True,1.263157894736842,-380.0000000000001,6.401226582339131,5.0,26.315789473684205
L,Matt Wiman,Luis Pena,http://ufcstats.com/fighter-details/eb29176b03dfa888,http://ufcstats.com/fighter-details/2844b047183a1adb,Lightweight Bout,KO/TKO,3,1:14,3 Rnd (5-5-5),Dan Miragliotta,Punches to Head On Ground,--,Violent Bob Ross,2019-06-22,"Greenville, South Carolina, USA",http://ufcstats.com/event-details/b16a7e6a627e9789,0,0.0,0.0,,,8 of 14,9 of 15,7 of 13,,,10 of 16,11 of 17,7 of 13,,,1 of 2,0 of 1,0 of 0,,,0,0.0,0.0,,,0,0.0,0.0,,,0:09,0:05,0:00,,,0,0.0,0.0,,,35 of 65,29 of 40,23 of 43,,,38 of 68,37 of 49,23 of 43,,,0 of 0,1 of 1,0 of 0,,,0,1.0,0.0,,,1,0.0,0.0,,,3:09,4:03,0:21,,,0 of 4,2 of 8,0 of 6,,,0 of 1,2 of 2,1 of 1,,,8 of 9,5 of 5,6 of 6,,,8 of 11,9 of 12,7 of 13,,,0 of 2,0 of 0,0 of 0,,,0 of 1,0 of 3,0 of 0,,,33 of 62,29 of 40,22 of 42,,,2 of 3,0 of 0,1 of 1,,,0 of 0,0 of 0,0 of 0,,,0 of 11,8 of 14,10 of 20,,,9 of 12,0 of 0,0 of 0,,,26 of 42,21 of 26,13 of 23,,,L,1983-09-19,1993-07-05,68.0,75.0,35.75706551126991,25.963572147272018,False,http://ufcstats.com/fighter-details/2844b047183a1adb|http://ufcstats.com/fighter-details/eb29176b03dfa888,0.7666504618376276,False,True,1.263157894736842,-380.0000000000001,9.79349336399789,7.0,26.315789473684205
W,Charles Oliveira,Nik Lentz,http://ufcstats.com/fighter-details/07225ba28ae309b6,http://ufcstats.com/fighter-details/6fb1ba67bef41b37,Lightweight Bout,KO/TKO,2,2:11,3 Rnd (5-5-5),Todd Ronald Anderson,Punch to Head At Distance,Do Bronxs,The Carny,2019-05-18,"Rochester, New York, USA",http://ufcstats.com/event-details/6b8f28da9a483049,0,1.0,,,,24 of 39,14 of 20,,,,28 of 43,15 of 21,,,,0 of 0,0 of 0,,,,0,1.0,,,,1,0.0,,,,1:30,0:07,,,,0,0.0,,,,12 of 38,6 of 11,,,,13 of 39,8 of 14,,,,1 of 2,1 of 2,,,,0,0.0,,,,0,0.0,,,,0:16,1:24,,,,15 of 25,8 of 13,,,,7 of 12,6 of 7,,,,2 of 2,0 of 0,,,,14 of 24,6 of 10,,,,7 of 12,3 of 5,,,,3 of 3,5 of 5,,,,7 of 30,3 of 6,,,,2 of 4,3 of 5,,,,3 of 4,0 of 0,,,,10 of 35,0 of 4,,,,2 of 3,4 of 5,,,,0 of 0,2 of 2,,,,W,1989-10-17,1984-08-13,74.0,68.0,29.583085210510824,34.76046736072609,True,http://ufcstats.com/fighter-details/07225ba28ae309b6|http://ufcstats.com/fighter-details/6fb1ba67bef41b37,0.7784405624201107,True,True,1.238095238095238,-420.00000000000034,5.177382150215266,6.0,23.809523809523792
W,Irene Aldana,Bethe Correia,http://ufcstats.com/fighter-details/578ef12674df1e6a,http://ufcstats.com/fighter-details/673ea7dcc786b1b3,Women's Bantamweight Bout,Submission,3,3:24,3 Rnd (5-5-5),Eduardo Herdy,Armbar From Back Control,--,Pitbull,2019-05-11,"Rio de Janeiro, Rio de Janeiro, Brazil",http://ufcstats.com/event-details/9de7c97e1c0d7927,0,0.0,0.0,,,21 of 81,31 of 96,31 of 70,,,22 of 82,31 of 96,31 of 70,,,0 of 0,0 of 0,0 of 0,,,0,0.0,1.0,,,0,0.0,0.0,,,0:00,0:02,0:08,,,0,0.0,0.0,,,16 of 49,39 of 82,26 of 65,,,16 of 49,39 of 82,26 of 65,,,0 of 0,0 of 1,0 of 1,,,0,0.0,0.0,,,0,0.0,0.0,,,0:00,0:13,0:02,,,18 of 78,23 of 83,26 of 63,,,1 of 1,6 of 10,4 of 6,,,2 of 2,2 of 3,1 of 1,,,21 of 81,28 of 93,31 of 69,,,0 of 0,3 of 3,0 of 0,,,0 of 0,0 of 0,0 of 1,,,7 of 35,20 of 57,16 of 49,,,6 of 10,11 of 16,1 of 6,,,3 of 4,8 of 9,9 of 10,,,16 of 49,38 of 81,26 of 65,,,0 of 0,1 of 1,0 of 0,,,0 of 0,0 of 0,0 of 0,,,W,1988-03-26,1983-06-22,68.0,64.0,31.124526855445353,35.88574714059837,True,http://ufcstats.com/fighter-details/578ef12674df1e6a|http://ufcstats.com/fighter-details/673ea7dcc786b1b3,0.7727272727272727,True,True,1.25,-400.0,4.761220285153016,4.0,25.0
W,Macy Chiasson,Sarah Moras,http://ufcstats.com/fighter-details/9cdd2da1a9104a0b,http://ufcstats.com/fighter-details/539ed332b3078821,Women's Bantamweight Bout,KO/TKO,2,2:22,3 Rnd (5-5-5),Yves Lavigne,Punches to Head From Mount,--,Cheesecake,2019-05-04,"Ottawa, Ontario, Canada",http://ufcstats.com/event-details/351264d11286d09a,0,0.0,,,,20 of 32,23 of 34,,,,47 of 59,35 of 48,,,,0 of 0,0 of 0,,,,0,0.0,,,,1,1.0,,,,1:08,2:09,,,,0,0.0,,,,9 of 11,0 of 0,,,,26 of 31,3 of 7,,,,1 of 1,0 of 2,,,,1,0.0,,,,0,0.0,,,,3:46,0:00,,,,17 of 29,21 of 32,,,,3 of 3,2 of 2,,,,0 of 0,0 of 0,,,,0 of 1,1 of 1,,,,0 of 0,0 of 0,,,,20 of 31,22 of 33,,,,9 of 11,0 of 0,,,,0 of 0,0 of 0,,,,0 of 0,0 of 0,,,,1 of 1,0 of 0,,,,0 of 0,0 of 0,,,,8 of 10,0 of 0,,,,W,1991-07-27,1988-04-30,72.0,67.0,27.770590771884432,31.009534761151837,True,http://ufcstats.com/fighter-details/539ed332b3078821|http://ufcstats.com/fighter-details/9cdd2da1a9104a0b,0.84,True,True,1.1428571428571428,-700.0000000000003,3.238943989267405,5.0,14.28571428571428
W,Greg Hardy,Dmitrii Smoliakov,http://ufcstats.com/fighter-details/85073dbd1be65ed9,http://ufcstats.com/fighter-details/75afb06215a07341,Heavyweight Bout,KO/TKO,1,2:15,3 Rnd (5-5-5),Keith Peterson,Punches to Head On Ground,Prince of War,The Lifeguard,2019-04-27,"Sunrise, Florida, USA",http://ufcstats.com/event-details/c912f676692c353a,0,,,,,14 of 30,,,,,17 of 33,,,,,0 of 0,,,,,0,,,,,0,,,,,0:25,,,,,0,,,,,1 of 3,,,,,1 of 3,,,,,0 of 2,,,,,0,,,,,0,,,,,0:00,,,,,12 of 28,,,,,2 of 2,,,,,0 of 0,,,,,4 of 13,,,,,2 of 2,,,,,8 of 15,,,,,1 of 3,,,,,0 of 0,,,,,0 of 0,,,,,1 of 3,,,,,0 of 0,,,,,0 of 0,,,,,W,1988-07-28,1982-08-05,80.0,74.0,30.74669568848094,36.72628459174384,True,http://ufcstats.com/fighter-details/75afb06215a07341|http://ufcstats.com/fighter-details/85073dbd1be65ed9,0.7195253505933118,True,True,1.3448275862068966,-290.0,5.979588903262901,6.0,34.48275862068966
W,Montel Jackson,Andre Soukhamthath,http://ufcstats.com/fighter-details/cc1a8b4b38b92c6d,http://ufcstats.com/fighter-details/d0e50a3d1b250708,Bantamweight Bout,Decision - Unanimous,3,5:00,3 Rnd (5-5-5),Jason Herzog,Anthony Maness 27 - 30. Ken Coffey 26 - 30. Will Fisher 27 - 29.,Quik,The Asian Sensation,2019-04-13,"Atlanta, Georgia, USA",http://ufcstats.com/event-details/b0550072e5f0afa7,0,0.0,0.0,,,15 of 32,29 of 52,20 of 23,,,25 of 42,57 of 83,78 of 93,,,2 of 2,1 of 2,0 of 0,,,0,0.0,0.0,,,0,0.0,1.0,,,1:25,1:54,4:25,,,0,0.0,0.0,,,17 of 29,11 of 26,2 of 7,,,18 of 30,15 of 30,8 of 13,,,0 of 0,0 of 0,1 of 1,,,0,0.0,0.0,,,0,0.0,0.0,,,0:00,0:00,0:05,,,8 of 24,21 of 42,9 of 12,,,4 of 4,4 of 6,9 of 9,,,3 of 4,4 of 4,2 of 2,,,13 of 30,20 of 40,5 of 8,,,2 of 2,9 of 12,0 of 0,,,0 of 0,0 of 0,15 of 15,,,3 of 13,3 of 15,0 of 5,,,2 of 2,4 of 7,1 of 1,,,12 of 14,4 of 4,1 of 1,,,16 of 28,8 of 23,2 of 7,,,1 of 1,3 of 3,0 of 0,,,0 of 0,0 of 0,0 of 0,,,W,1992-04-24,1988-10-23,75.0,70.0,26.9683840188368,30.470167080775102,True,http://ufcstats.com/fighter-details/cc1a8b4b38b92c6d|http://ufcstats.com/fighter-details/d0e50a3d1b250708,0.8250000000000001,True,True,1.1666666666666667,-599.9999999999998,3.5017830619383012,5.0,16.666666666666675
L,Ross Pearson,Desmond Green,http://ufcstats.com/fighter-details/4f732e58ed907eff,http://ufcstats.com/fighter-details/f046d724d2a84ac5,Lightweight Bout,KO/TKO,1,2:52,3 Rnd (5-5-5),James Chappell,Punches to Head On Ground,The Real Deal,The Predator,2019-03-30,"Philadelphia, Pennsylvania, USA",http://ufcstats.com/event-details/9649d75defe0dedb,0,,,,,12 of 24,,,,,12 of 24,,,,,0 of 1,,,,,0,,,,,0,,,,,0:00,,,,,1,,,,,25 of 32,,,,,25 of 32,,,,,1 of 2,,,,,0,,,,,0,,,,,0:08,,,,,1 of 6,,,,,4 of 11,,,,,7 of 7,,,,,12 of 24,,,,,0 of 0,,,,,0 of 0,,,,,17 of 23,,,,,6 of 6,,,,,2 of 3,,,,,10 of 16,,,,,1 of 1,,,,,14 of 15,,,,,L,1984-09-26,1989-10-11,69.0,73.0,34.50584200907616,29.46535520921032,False,http://ufcstats.com/fighter-details/4f732e58ed907eff|http://ufcstats.com/fighter-details/f046d724d2a84ac5,0.825,False,True,1.1666666666666667,-599.9999999999998,5.0404867998658425,4.0,16.666666666666675
L,Macy Chiasson,Lina Lansberg,http://ufcstats.com/fighter-details/9cdd2da1a9104a0b,http://ufcstats.com/fighter-details/2eeaefbfc7f9fcff,Women's Bantamweight Bout,Decision - Unanimous,3,5:00,3 Rnd (5-5-5),Leon Roberts,Thomas Knudsen 27 - 29. Paul Sutherland 27 - 29. Andy Roberts 28 - 29.,--,Elbow Queen,2019-09-28,"Copenhagen, Denmark",http://ufcstats.com/event-details/1bf49bf829964144,0,0.0,0.0,,,13 of 19,6 of 13,7 of 15,,,30 of 47,17 of 28,11 of 19,,,0 of 2,0 of 0,0 of 2,,,0,0.0,0.0,,,0,0.0,0.0,,,4:33,0:43,0:31,,,0,0.0,0.0,,,1 of 5,5 of 9,15 of 25,,,9 of 20,13 of 29,27 of 42,,,0 of 0,1 of 2,1 of 2,,,0,0.0,0.0,,,0,0.0,0.0,,,0:00,3:37,4:08,,,1 of 6,2 of 9,1 of 7,,,12 of 12,3 of 3,6 of 8,,,0 of 1,1 of 1,0 of 0,,,3 of 7,0 of 4,1 of 7,,,10 of 12,6 of 9,6 of 8,,,0 of 0,0 of 0,0 of 0,,,1 of 5,5 of 9,12 of 22,,,0 of 0,0 of 0,2 of 2,,,0 of 0,0 of 0,1 of 1,,,0 of 2,0 of 3,2 of 3,,,1 of 3,1 of 2,6 of 10,,,0 of 0,4 of 4,7 of 12,,,L,1991-07-27,1982-03-13,72.0,65.0,28.173063101911744,37.544918786833406,False,http://ufcstats.com/fighter-details/2eeaefbfc7f9fcff|http://ufcstats.com/fighter-details/9cdd2da1a9104a0b,0.783098015142214,True,False,1.2325581395348837,-430.00000000000006,9.371855684921663,7.0,-100.0
L,Michel Pereira,Tristan Connelly,http://ufcstats.com/fighter-details/595db60957de51d3,http://ufcstats.com/fighter-details/2ebfbe72ed703925,Welterweight Bout,Decision - Unanimous,3,5:00,3 Rnd (5-5-5),Jason Herzog,Derek Cleary 28 - 29. Sal D'amato 27 - 29. Dave Hagen 27 - 29.,Demolidor,Boondock,2019-09-14,"Vancouver, British Columbia, Canada",http://ufcstats.com/event-details/4834ff149dc9542a,0,0.0,0.0,,,17 of 34,13 of 34,2 of 7,,,18 of 35,33 of 59,5 of 13,,,1 of 2,1 of 2,0 of 1,,,0,0.0,0.0,,,0,0.0,0.0,,,0:24,2:23,0:16,,,0,0.0,0.0,,,15 of 37,18 of 44,31 of 44,,,28 of 52,46 of 73,77 of 97,,,0 of 4,0 of 1,0 of 1,,,0,0.0,1.0,,,0,0.0,0.0,,,2:00,0:00,3:43,,,6 of 19,6 of 19,1 of 6,,,10 of 14,6 of 14,1 of 1,,,1 of 1,1 of 1,0 of 0,,,13 of 30,9 of 30,1 of 6,,,4 of 4,4 of 4,1 of 1,,,0 of 0,0 of 0,0 of 0,,,13 of 32,12 of 36,26 of 38,,,0 of 3,3 of 5,4 of 5,,,2 of 2,3 of 3,1 of 1,,,5 of 25,11 of 34,7 of 12,,,6 of 8,7 of 10,1 of 2,,,4 of 4,0 of 0,23 of 30,,,L,1993-10-06,1985-12-12,73.0,68.0,25.938930984209122,33.75565548916131,False,http://ufcstats.com/fighter-details/2ebfbe72ed703925|http://ufcstats.com/fighter-details/595db60957de51d3,0.7925157465728047,True,False,1.2173913043478262,-459.99999999999983,7.816724504952191,5.0,-100.0
W,Curtis Blaydes,Shamil Abdurakhimov,http://ufcstats.com/fighter-details/fa6796c55d6c5440,http://ufcstats.com/fighter-details/2f5cbecbbe18bac4,Heavyweight Bout,KO/TKO,2,2:22,3 Rnd (5-5-5),Marc Goddard,Elbow to Head From Half Guard,Razor,Abrek,2019-09-07,"Abu Dhabi, Abu Dhabi, United Arab Emirates",http://ufcstats.com/event-details/a79bfbc01b2264d6,0,0.0,,,,12 of 24,13 of 19,,,,25 of 43,21 of 31,,,,4 of 4,1 of 1,,,,0,0.0,,,,0,0.0,,,,4:02,2:05,,,,0,0.0,,,,1 of 5,2 of 3,,,,1 of 5,2 of 3,,,,0 of 0,0 of 0,,,,0,0.0,,,,0,0.0,,,,0:00,0:00,,,,10 of 22,13 of 19,,,,1 of 1,0 of 0,,,,1 of 1,0 of 0,,,,2 of 7,0 of 3,,,,0 of 0,0 of 0,,,,10 of 17,13 of 16,,,,1 of 4,2 of 3,,,,0 of 1,0 of 0,,,,0 of 0,0 of 0,,,,1 of 5,2 of 3,,,,0 of 0,0 of 0,,,,0 of 0,0 of 0,,,,W,1991-02-18,1981-09-02,80.0,76.0,28.550894268876156,38.013100885028436,True,http://ufcstats.com/fighter-details/2f5cbecbbe18bac4|http://ufcstats.com/fighter-details/fa6796c55d6c5440,0.8162544169611307,True,True,1.181818181818182,-549.9999999999991,9.46220661615228,4.0,18.18181818181821
W,Ryan Spann,Sam Alvey,http://ufcstats.com/fighter-details/a67f5afa8d6a1b80,http://ufcstats.com/fighter-details/d156513a19acf856,Light Heavyweight Bout,Decision - Split,3,5:00,3 Rnd (5-5-5),Dan Miragliotta,Sal D'amato 28 - 29. Dave Tirelli 28 - 29. Chris Lee 29 - 28.,Superman,Smile'N,2020-05-09,"Jacksonville, Florida, USA",http://ufcstats.com/event-details/898337ef520fe4d3,0,0.0,0.0,,,9 of 27,22 of 39,20 of 49,,,9 of 27,23 of 40,20 of 49,,,2 of 4,0 of 1,0 of 2,,,1,0.0,0.0,,,0,0.0,0.0,,,2:01,0:28,0:32,,,0,0.0,0.0,,,17 of 25,15 of 39,25 of 44,,,57 of 67,17 of 41,29 of 48,,,0 of 0,0 of 0,0 of 0,,,0,0.0,0.0,,,0,0.0,0.0,,,0:00,0:00,0:29,,,7 of 25,18 of 32,16 of 45,,,2 of 2,4 of 7,4 of 4,,,0 of 0,0 of 0,0 of 0,,,8 of 24,22 of 39,18 of 46,,,1 of 3,0 of 0,2 of 3,,,0 of 0,0 of 0,0 of 0,,,10 of 18,9 of 32,21 of 40,,,2 of 2,0 of 0,1 of 1,,,5 of 5,6 of 7,3 of 3,,,13 of 20,14 of 37,19 of 37,,,4 of 5,1 of 2,6 of 7,,,0 of 0,0 of 0,0 of 0,,,W,1991-08-24,1986-05-06,79.0,75.0,28.70969287528149,34.01028084081124,True,http://ufcstats.com/fighter-details/a67f5afa8d6a1b80|http://ufcstats.com/fighter-details/d156513a19acf856,0.7784405624201107,True,True,1.238095238095238,-420.00000000000034,5.3005879655297505,4.0,23.809523809523792
W,Mariya Agapova,Hannah Cifers,http://ufcstats.com/fighter-details/a08ddd04eaffd81d,http://ufcstats.com/fighter-details/2244d9a2b64b8c3b,Women's Flyweight Bout,Submission,1,2:42,3 Rnd (5-5-5),Dan Miragliotta,Rear Naked Choke,Demonslayer,Shockwave,2020-06-13,"Las Vegas, Nevada, USA",http://ufcstats.com/event-details/1e13936d708bcff7,1,,,,,29 of 52,,,,,36 of 59,,,,,0 of 0,,,,,1,,,,,0,,,,,0:24,,,,,0,,,,,11 of 32,,,,,14 of 36,,,,,0 of 0,,,,,0,,,,,0,,,,,0:30,,,,,20 of 41,,,,,8 of 10,,,,,1 of 1,,,,,19 of 35,,,,,10 of 17,,,,,0 of 0,,,,,4 of 21,,,,,3 of 5,,,,,4 of 6,,,,,7 of 23,,,,,4 of 9,,,,,0 of 0,,,,,W,1997-04-07,1992-06-26,68.0,62.0,23.18459653517868,27.964982169380615,True,http://ufcstats.com/fighter-details/2244d9a2b64b8c3b|http://ufcstats.com/fighter-details/a08ddd04eaffd81d,0.7572205943909586,True,True,1.2985074626865671,-335.00000000000006,4.780385634201934,6.0,29.850746268656714
W,Israel Adesanya,Yoel Romero,http://ufcstats.com/fighter-details/1338e2c7480bdf9e,http://ufcstats.com/fighter-details/f77c68bb4be8516d,UFC Middleweight Title Bout,Decision - Unanimous,5,5:00,5 Rnd (5-5-5-5-5),Dan Miragliotta,Chris Lee 46 - 49. Sal D'amato 47 - 48. Ron McCarthy 47 - 48.,The Last Stylebender,Soldier of God,2020-03-07,"Las Vegas, Nevada, USA",http://ufcstats.com/event-details/0b5b6876c2a4723f,0,0.0,0.0,0.0,0.0,2 of 11,11 of 29,12 of 30,11 of 33,12 of 29,2 of 11,11 of 29,12 of 30,11 of 33,12 of 29,0 of 0,0 of 0,0 of 0,0 of 0,0 of 0,0,0.0,0.0,0.0,0.0,0,0.0,0.0,0.0,0.0,0:00,0:00,0:00,0:00,0:00,0,0.0,0.0,0.0,0.0,4 of 6,7 of 14,9 of 14,6 of 22,14 of 33,4 of 6,7 of 14,9 of 14,6 of 22,14 of 33,0 of 0,0 of 0,0 of 0,0 of 2,0 of 1,0,0.0,0.0,0.0,0.0,0,0.0,0.0,0.0,0.0,0:00,0:00,0:00,0:00,0:00,0 of 7,3 of 18,3 of 18,4 of 22,4 of 16,0 of 0,3 of 5,4 of 7,1 of 4,1 of 6,2 of 4,5 of 6,5 of 5,6 of 7,7 of 7,2 of 11,11 of 29,12 of 30,11 of 33,12 of 29,0 of 0,0 of 0,0 of 0,0 of 0,0 of 0,0 of 0,0 of 0,0 of 0,0 of 0,0 of 0,1 of 2,5 of 11,2 of 5,4 of 15,8 of 25,1 of 1,0 of 0,2 of 3,1 of 5,3 of 4,2 of 3,2 of 3,5 of 6,1 of 2,3 of 4,4 of 6,3 of 10,9 of 14,5 of 20,14 of 32,0 of 0,4 of 4,0 of 0,1 of 2,0 of 1,0 of 0,0 of 0,0 of 0,0 of 0,0 of 0,W,1989-07-22,1977-04-30,80.0,73.0,30.626227780173444,42.85372047338412,True,http://ufcstats.com/fighter-details/1338e2c7480bdf9e|http://ufcstats.com/fighter-details/f77c68bb4be8516d,0.7106109324758842,True,True,1.3846153846153846,-260.0,12.227492693210678,7.0,38.46153846153846
L,Chris Gruetzemacher,Alexander Hernandez,http://ufcstats.com/fighter-details/feaf00f3373435d6,http://ufcstats.com/fighter-details/262a7d06203657e6,Lightweight Bout,KO/TKO,1,1:46,3 Rnd (5-5-5),Mark Smith,Punches to Head At Distance,Gritz,The Great Ape,2020-10-31,"Las Vegas, Nevada, USA",http://ufcstats.com/event-details/ad044be25c94dcfd,0,,,,,8 of 27,,,,,8 of 27,,,,,0 of 0,,,,,0,,,,,0,,,,,0:00,,,,,1,,,,,29 of 52,,,,,29 of 52,,,,,0 of 0,,,,,0,,,,,0,,,,,0:00,,,,,4 of 20,,,,,0 of 2,,,,,4 of 5,,,,,8 of 26,,,,,0 of 1,,,,,0 of 0,,,,,16 of 34,,,,,4 of 9,,,,,9 of 9,,,,,28 of 51,,,,,1 of 1,,,,,0 of 0,,,,,L,1986-06-16,1992-10-01,68.0,72.0,34.3771603797477,28.082712170681123,False,http://ufcstats.com/fighter-details/262a7d06203657e6|http://ufcstats.com/fighter-details/feaf00f3373435d6,0.7713919453049889,False,True,1.2298850574712643,-435.0000000000001,6.2944482090665765,4.0,22.988505747126432
L,Brok Weaver,Jalin Turner,http://ufcstats.com/fighter-details/7c9f96f9a6a5cd50,http://ufcstats.com/fighter-details/4d8fa64202cee4c1,Catch Weight Bout,Submission,2,4:20,3 Rnd (5-5-5),Herb Dean,Rear Naked Choke,Chata Tuska,The Tarantula,2020-09-12,"Las Vegas, Nevada, USA",http://ufcstats.com/event-details/9c37681096c6f3a9,0,0.0,,,,29 of 39,27 of 41,,,,31 of 42,29 of 43,,,,1 of 4,0 of 2,,,,0,0.0,,,,1,0.0,,,,0:28,0:00,,,,1,1.0,,,,35 of 75,31 of 77,,,,36 of 76,34 of 80,,,,0 of 0,1 of 1,,,,0,1.0,,,,0,0.0,,,,0:40,1:07,,,,6 of 11,11 of 23,,,,5 of 9,9 of 10,,,,18 of 19,7 of 8,,,,26 of 35,22 of 35,,,,1 of 2,5 of 6,,,,2 of 2,0 of 0,,,,21 of 58,21 of 65,,,,8 of 11,9 of 11,,,,6 of 6,1 of 1,,,,26 of 63,21 of 60,,,,2 of 3,4 of 6,,,,7 of 9,6 of 11,,,,L,1991-12-05,1995-05-18,73.0,77.0,28.772664736442227,25.322901907636705,False,http://ufcstats.com/fighter-details/4d8fa64202cee4c1|http://ufcstats.com/fighter-details/7c9f96f9a6a5cd50,0.7663131403918749,False,True,1.238095238095238,-420.00000000000034,3.4497628288055218,4.0,23.809523809523792
L,Nik Lentz,Movsar Evloev,http://ufcstats.com/fighter-details/6fb1ba67bef41b37,http://ufcstats.com/fighter-details/76e2870ffafbe38f,Catch Weight Bout,Decision - Split,3,5:00,3 Rnd (5-5-5),Lukasz Bosacki,Ben Cartlidge 28 - 29. Eric Colon 29 - 28. Paul Sutherland 28 - 29.,The Carny,--,2021-01-23,"Abu Dhabi, Abu Dhabi, United Arab Emirates",http://ufcstats.com/event-details/4304992c2acc187b,0,0.0,0.0,,,7 of 15,20 of 45,19 of 67,,,8 of 17,20 of 50,22 of 70,,,0 of 2,1 of 2,0 of 1,,,1,1.0,0.0,,,1,0.0,0.0,,,0:46,0:33,0:07,,,0,0.0,0.0,,,7 of 15,28 of 55,47 of 100,,,37 of 49,34 of 64,66 of 122,,,1 of 1,1 of 1,0 of 0,,,0,0.0,0.0,,,0,0.0,0.0,,,3:22,0:59,0:15,,,3 of 11,9 of 33,12 of 56,,,3 of 3,7 of 8,5 of 9,,,1 of 1,4 of 4,2 of 2,,,5 of 13,17 of 41,19 of 66,,,2 of 2,3 of 4,0 of 1,,,0 of 0,0 of 0,0 of 0,,,6 of 14,25 of 48,39 of 91,,,1 of 1,2 of 4,4 of 5,,,0 of 0,1 of 3,4 of 4,,,3 of 10,28 of 55,47 of 100,,,0 of 0,0 of 0,0 of 0,,,4 of 5,0 of 0,0 of 0,,,L,1984-08-13,1994-02-11,68.0,72.0,36.44701807703101,26.94921866978788,False,http://ufcstats.com/fighter-details/6fb1ba67bef41b37|http://ufcstats.com/fighter-details/76e2870ffafbe38f,0.8061104582843713,False,True,1.1785714285714286,-559.9999999999999,9.497799407243132,4.0,17.85714285714286
W,Sumudaerji,Zarrukh Adashev,http://ufcstats.com/fighter-details/3cf18e01cb6cbde3,http://ufcstats.com/fighter-details/79cb2a690b9ba5e8,Flyweight Bout,Decision - Unanimous,3,5:00,3 Rnd (5-5-5),Jason Herzog,Eric Colon 28 - 29. Sal D'amato 28 - 29. Clemens Werner 27 - 30.,The Tibetan Eagle,The Lion,2021-01-20,"Abu Dhabi, Abu Dhabi, United Arab Emirates",http://ufcstats.com/event-details/56116537d71a578c,0,0.0,0.0,,,17 of 39,15 of 38,18 of 50,,,17 of 39,15 of 38,18 of 50,,,0 of 0,0 of 0,0 of 0,,,0,0.0,0.0,,,0,0.0,0.0,,,0:00,0:00,0:00,,,0,0.0,0.0,,,7 of 36,13 of 38,8 of 49,,,7 of 36,13 of 38,8 of 49,,,0 of 0,0 of 1,0 of 0,,,0,0.0,0.0,,,0,0.0,0.0,,,0:00,0:02,0:00,,,6 of 26,7 of 25,9 of 36,,,2 of 2,4 of 8,3 of 6,,,9 of 11,4 of 5,6 of 8,,,17 of 39,15 of 38,18 of 50,,,0 of 0,0 of 0,0 of 0,,,0 of 0,0 of 0,0 of 0,,,4 of 29,11 of 35,5 of 38,,,1 of 4,1 of 2,1 of 7,,,2 of 3,1 of 1,2 of 4,,,7 of 36,9 of 32,8 of 49,,,0 of 0,4 of 6,0 of 0,,,0 of 0,0 of 0,0 of 0,,,W,1996-01-20,1992-07-29,72.0,65.0,25.002566787819053,28.479708686694455,True,http://ufcstats.com/fighter-details/3cf18e01cb6cbde3|http://ufcstats.com/fighter-details/79cb2a690b9ba5e8,0.7619047619047619,True,True,1.25,-400.0,3.477141898875402,7.0,25.0
W,Lerone Murphy,Douglas Silva de Andrade,http://ufcstats.com/fighter-details/396fe87b84ac2e1c,http://ufcstats.com/fighter-details/3a314d9fa7c6825d,Featherweight Bout,Decision - Unanimous,3,5:00,3 Rnd (5-5-5),Marc Goddard,Ben Cartlidge 28 - 29. David Lethaby 28 - 29. Paul Sutherland 27 - 30.,The Miracle,D Silva,2021-01-20,"Abu Dhabi, Abu Dhabi, United Arab Emirates",http://ufcstats.com/event-details/56116537d71a578c,0,0.0,0.0,,,16 of 37,14 of 33,18 of 45,,,16 of 37,19 of 38,25 of 56,,,0 of 0,0 of 1,1 of 3,,,0,0.0,0.0,,,0,0.0,0.0,,,0:00,0:20,1:31,,,0,0.0,0.0,,,11 of 38,11 of 27,17 of 43,,,12 of 39,15 of 31,24 of 51,,,0 of 1,1 of 1,0 of 0,,,0,0.0,0.0,,,0,0.0,0.0,,,0:06,1:05,0:10,,,8 of 27,8 of 25,13 of 40,,,3 of 5,2 of 3,3 of 3,,,5 of 5,4 of 5,2 of 2,,,15 of 36,11 of 30,11 of 31,,,1 of 1,3 of 3,2 of 4,,,0 of 0,0 of 0,5 of 10,,,2 of 23,4 of 18,10 of 33,,,1 of 2,4 of 5,6 of 7,,,8 of 13,3 of 4,1 of 3,,,11 of 37,10 of 26,12 of 38,,,0 of 1,1 of 1,5 of 5,,,0 of 0,0 of 0,0 of 0,,,W,1991-07-22,1985-06-22,73.0,68.0,29.500948000301168,35.58183946282264,True,http://ufcstats.com/fighter-details/396fe87b84ac2e1c|http://ufcstats.com/fighter-details/3a314d9fa7c6825d,0.7191400832177531,True,True,1.3278688524590163,-305.00000000000006,6.080891462521475,5.0,32.78688524590163
L,Junior Dos Santos,Ciryl Gane,http://ufcstats.com/fighter-details/63def5a5662a6917,http://ufcstats.com/fighter-details/787bb1f087ccff8a,Heavyweight Bout,KO/TKO,2,2:34,3 Rnd (5-5-5),Jerin Valel,Elbow to Head In Clinch,Cigano,Bon Gamin,2020-12-12,"Las Vegas, Nevada, USA",http://ufcstats.com/event-details/d0d43cb9b14f231c,0,0.0,,,,9 of 23,1 of 12,,,,9 of 23,2 of 13,,,,0 of 1,0 of 0,,,,0,0.0,,,,0,0.0,,,,0:00,0:00,,,,0,1.0,,,,37 of 47,22 of 33,,,,37 of 47,24 of 35,,,,0 of 0,0 of 0,,,,0,0.0,,,,0,0.0,,,,0:12,0:13,,,,5 of 15,1 of 11,,,,3 of 7,0 of 0,,,,1 of 1,0 of 1,,,,9 of 23,1 of 12,,,,0 of 0,0 of 0,,,,0 of 0,0 of 0,,,,7 of 16,6 of 12,,,,12 of 12,5 of 8,,,,18 of 19,11 of 13,,,,36 of 46,17 of 28,,,,1 of 1,3 of 3,,,,0 of 0,2 of 2,,,,L,1984-01-30,1990-04-12,77.0,81.0,36.868655756107245,30.670034292285262,False,http://ufcstats.com/fighter-details/63def5a5662a6917|http://ufcstats.com/fighter-details/787bb1f087ccff8a,0.7727272727272727,False,True,1.25,-400.0,6.198621463821983,4.0,25.0
W,Shavkat Rakhmonov,Michel Prazeres,http://ufcstats.com/fighter-details/01afe0916a40c7c5,http://ufcstats.com/fighter-details/e51fcd9cd84c0b93,Welterweight Bout,Submission,2,2:10,3 Rnd (5-5-5),Mike Beltran,Rear Naked Choke,Nomad,Tractor,2021-06-26,"Las Vegas, Nevada, USA",http://ufcstats.com/event-details/a1d6b308781aa2f5,0,0.0,,,,10 of 17,11 of 18,,,,46 of 54,18 of 27,,,,1 of 1,0 of 0,,,,0,1.0,,,,0,0.0,,,,2:23,1:02,,,,0,0.0,,,,5 of 10,1 of 4,,,,31 of 36,1 of 4,,,,0 of 2,0 of 1,,,,0,0.0,,,,0,0.0,,,,0:54,0:04,,,,6 of 11,9 of 15,,,,4 of 5,2 of 3,,,,0 of 1,0 of 0,,,,4 of 9,6 of 11,,,,4 of 4,0 of 0,,,,2 of 4,5 of 7,,,,1 of 5,0 of 1,,,,0 of 1,0 of 1,,,,4 of 4,1 of 2,,,,5 of 10,1 of 4,,,,0 of 0,0 of 0,,,,0 of 0,0 of 0,,,,W,1994-10-23,1981-07-25,77.0,67.0,26.67542796908903,39.92142206889943,True,http://ufcstats.com/fighter-details/01afe0916a40c7c5|http://ufcstats.com/fighter-details/e51fcd9cd84c0b93,0.7161380760469599,True,True,1.3278688524590163,-305.00000000000006,13.245994099810403,10.0,32.78688524590163
W,JJ Aldrich,Vanessa Demopoulos,http://ufcstats.com/fighter-details/6fd953151d981979,http://ufcstats.com/fighter-details/2c483cf443f38ece,Women's Flyweight Bout,Decision - Unanimous,3,5:00,3 Rnd (5-5-5),Chris Tognoni,Derek Cleary 27 - 30. Dave Hagen 27 - 30. Ron McCarthy 27 - 30.,--,Lil Monster,2021-08-28,"Las Vegas, Nevada, USA",http://ufcstats.com/event-details/0db9d2486d564a3c,0,0.0,0.0,,,17 of 28,38 of 54,38 of 52,,,25 of 38,41 of 57,55 of 70,,,1 of 1,0 of 0,0 of 1,,,0,0.0,0.0,,,0,0.0,0.0,,,3:18,0:00,1:01,,,0,0.0,0.0,,,17 of 30,30 of 79,23 of 53,,,28 of 43,31 of 80,28 of 62,,,0 of 1,0 of 1,0 of 3,,,0,0.0,0.0,,,0,0.0,0.0,,,0:00,0:58,0:55,,,14 of 25,29 of 43,32 of 46,,,2 of 2,9 of 11,6 of 6,,,1 of 1,0 of 0,0 of 0,,,7 of 11,34 of 49,23 of 33,,,0 of 0,4 of 5,2 of 2,,,10 of 17,0 of 0,13 of 17,,,9 of 21,19 of 62,13 of 39,,,5 of 6,9 of 14,8 of 12,,,3 of 3,2 of 3,2 of 2,,,12 of 25,26 of 73,15 of 40,,,3 of 3,4 of 6,8 of 13,,,2 of 2,0 of 0,0 of 0,,,W,1992-09-29,1988-09-22,67.0,59.0,28.91229799379864,32.93154548005777,True,http://ufcstats.com/fighter-details/2c483cf443f38ece|http://ufcstats.com/fighter-details/6fd953151d981979,0.7880184331797235,True,True,1.2105263157894737,-475.0,4.0192474862591325,8.0,21.052631578947366
L,Li Jingliang,Khamzat Chimaev,http://ufcstats.com/fighter-details/e64b96c07d7ce999,http://ufcstats.com/fighter-details/767755fd74662dbf,Welterweight Bout,Submission,1,3:16,3 Rnd (5-5-5),Jason Herzog,Rear Naked Choke,The Leech,Borz,2021-10-30,"Abu Dhabi, Abu Dhabi, United Arab Emirates",http://ufcstats.com/event-details/3974fa35c917af1d,0,,,,,0 of 1,,,,,0 of 1,,,,,0 of 0,,,,,0,,,,,0,,,,,0:00,,,,,0,,,,,25 of 25,,,,,58 of 62,,,,,1 of 2,,,,,3,,,,,0,,,,,3:01,,,,,0 of 1,,,,,0 of 0,,,,,0 of 0,,,,,0 of 1,,,,,0 of 0,,,,,0 of 0,,,,,25 of 25,,,,,0 of 0,,,,,0 of 0,,,,,1 of 1,,,,,0 of 0,,,,,24 of 24,,,,,L,1988-03-20,1994-05-01,71.0,75.0,33.61328432479791,27.49953797819257,False,http://ufcstats.com/fighter-details/767755fd74662dbf|http://ufcstats.com/fighter-details/e64b96c07d7ce999,0.7775930160049886,False,True,1.2298850574712643,-435.0000000000001,6.113746346605339,4.0,22.988505747126432
L,Shamil Abdurakhimov,Sergei Pavlovich,http://ufcstats.com/fighter-details/2f5cbecbbe18bac4,http://ufcstats.com/fighter-details/f14cf73e51b29254,Heavyweight Bout,KO/TKO,1,4:03,3 Rnd (5-5-5),Daniel Movahedi,Punches to Head On Ground,Abrek,--,2022-03-19,"London, England, United Kingdom",http://ufcstats.com/event-details/1d00756835ca67c9,0,,,,,17 of 34,,,,,17 of 34,,,,,0 of 1,,,,,0,,,,,0,,,,,0:00,,,,,1,,,,,21 of 47,,,,,22 of 48,,,,,0 of 0,,,,,0,,,,,0,,,,,0:12,,,,,4 of 16,,,,,4 of 5,,,,,9 of 13,,,,,17 of 34,,,,,0 of 0,,,,,0 of 0,,,,,21 of 46,,,,,0 of 1,,,,,0 of 0,,,,,6 of 22,,,,,4 of 8,,,,,11 of 17,,,,,L,1981-09-02,1992-05-13,76.0,84.0,40.54292695948582,29.84866219018871,False,http://ufcstats.com/fighter-details/2f5cbecbbe18bac4|http://ufcstats.com/fighter-details/f14cf73e51b29254,0.7421203438395416,False,True,1.2857142857142856,-350.00000000000017,10.69426476929711,8.0,28.57142857142856
W,Tyson Pedro,Ike Villanueva,http://ufcstats.com/fighter-details/49e96ff8ab781589,http://ufcstats.com/fighter-details/f9d0cae37dabfafc,Light Heavyweight Bout,KO/TKO,1,4:55,3 Rnd (5-5-5),Mark Smith,Punches to Head On Ground,--,Hurricane,2022-04-23,"Las Vegas, Nevada, USA",http://ufcstats.com/event-details/236a37d96d476164,1,,,,,22 of 29,,,,,22 of 29,,,,,0 of 0,,,,,0,,,,,0,,,,,0:00,,,,,0,,,,,4 of 22,,,,,4 of 22,,,,,0 of 0,,,,,0,,,,,0,,,,,0:00,,,,,10 of 17,,,,,5 of 5,,,,,7 of 7,,,,,19 of 25,,,,,1 of 1,,,,,2 of 3,,,,,2 of 20,,,,,1 of 1,,,,,1 of 1,,,,,4 of 21,,,,,0 of 1,,,,,0 of 0,,,,,W,1991-09-17,1984-04-04,79.0,73.0,30.59884871010356,38.05143158312628,True,http://ufcstats.com/fighter-details/49e96ff8ab781589|http://ufcstats.com/fighter-details/f9d0cae37dabfafc,0.8259833134684148,True,True,1.1587301587301586,-630.0000000000005,7.45258287302272,6.0,15.873015873015861
L,Gilbert Burns,Khamzat Chimaev,http://ufcstats.com/fighter-details/23024fdfc966410a,http://ufcstats.com/fighter-details/767755fd74662dbf,Welterweight Bout,Decision - Unanimous,3,5:00,3 Rnd (5-5-5),Mike Beltran,Troy Wincapaw 28 - 29. Chris Lee 28 - 29. Eric Colon 28 - 29.,Durinho,Borz,2022-04-09,"Jacksonville, Florida, USA",http://ufcstats.com/event-details/3a97fda0de6f1fa4,0,0.0,0.0,,,18 of 42,56 of 90,45 of 68,,,29 of 53,63 of 98,49 of 72,,,0 of 0,0 of 3,0 of 2,,,0,0.0,0.0,,,0,0.0,0.0,,,0:00,0:02,0:04,,,1,0.0,0.0,,,27 of 54,37 of 75,44 of 94,,,39 of 66,41 of 79,44 of 94,,,1 of 2,1 of 1,0 of 0,,,0,0.0,0.0,,,0,0.0,0.0,,,1:44,0:10,0:29,,,11 of 34,45 of 76,33 of 56,,,5 of 5,7 of 9,10 of 10,,,2 of 3,4 of 5,2 of 2,,,14 of 38,43 of 75,42 of 65,,,1 of 1,5 of 6,3 of 3,,,3 of 3,8 of 9,0 of 0,,,15 of 40,29 of 64,40 of 87,,,7 of 9,4 of 7,3 of 6,,,5 of 5,4 of 4,1 of 1,,,13 of 31,36 of 72,38 of 88,,,4 of 4,1 of 3,6 of 6,,,10 of 19,0 of 0,0 of 0,,,L,1986-07-20,1994-05-01,71.0,75.0,35.72147272017906,27.94034100631772,False,http://ufcstats.com/fighter-details/23024fdfc966410a|http://ufcstats.com/fighter-details/767755fd74662dbf,0.798845836768343,False,True,1.196078431372549,-510.00000000000006,7.781131713861338,4.0,19.6078431372549
W,Kevin Holland,Alex Oliveira,http://ufcstats.com/fighter-details/3a46b268013afede,http://ufcstats.com/fighter-details/57b10fca4f9c9a7a,Welterweight Bout,KO/TKO,2,0:38,3 Rnd (5-5-5),Chris Tognoni,Elbows to Head From Half Guard,Trailblazer,Cowboy,2022-03-05,"Las Vegas, Nevada, USA",http://ufcstats.com/event-details/75e0d3cc2262b732,0,1.0,,,,31 of 50,19 of 26,,,,31 of 50,20 of 27,,,,0 of 0,0 of 0,,,,0,0.0,,,,0,0.0,,,,0:00,0:15,,,,0,0.0,,,,19 of 39,2 of 5,,,,19 of 39,2 of 5,,,,2 of 3,0 of 0,,,,1,0.0,,,,0,0.0,,,,0:22,0:00,,,,7 of 24,17 of 24,,,,3 of 5,0 of 0,,,,21 of 21,2 of 2,,,,30 of 48,4 of 4,,,,0 of 1,0 of 0,,,,1 of 1,15 of 22,,,,6 of 25,0 of 3,,,,6 of 7,1 of 1,,,,7 of 7,1 of 1,,,,18 of 38,2 of 5,,,,0 of 0,0 of 0,,,,1 of 1,0 of 0,,,,W,1992-11-05,1988-02-21,81.0,76.0,29.328459858860892,34.03492200387414,True,http://ufcstats.com/fighter-details/3a46b268013afede|http://ufcstats.com/fighter-details/57b10fca4f9c9a7a,0.7775930160049885,True,True,1.2298850574712643,-435.0000000000001,4.706462145013244,5.0,22.988505747126432
L,Ode Osbourne,Tyson Nam,http://ufcstats.com/fighter-details/6d68c1afe954f121,http://ufcstats.com/fighter-details/6e00cfffd54653c4,Flyweight Bout,KO/TKO,1,2:59,3 Rnd (5-5-5),Jason Herzog,Punch to Head At Distance,The Jamaican Sensation,--,2022-08-13,"San Diego, California, USA",http://ufcstats.com/event-details/a23e63184c65f5b8,0,,,,,15 of 41,,,,,15 of 41,,,,,0 of 0,,,,,0,,,,,0,,,,,0:00,,,,,1,,,,,13 of 25,,,,,13 of 25,,,,,0 of 0,,,,,0,,,,,0,,,,,0:03,,,,,7 of 32,,,,,7 of 8,,,,,1 of 1,,,,,15 of 41,,,,,0 of 0,,,,,0 of 0,,,,,7 of 15,,,,,3 of 6,,,,,3 of 4,,,,,12 of 23,,,,,0 of 0,,,,,1 of 2,,,,,L,1992-01-09,1983-10-06,73.0,68.0,30.593372896089583,38.85363833617391,False,http://ufcstats.com/fighter-details/6d68c1afe954f121|http://ufcstats.com/fighter-details/6e00cfffd54653c4,0.7942689199118295,True,False,1.2173913043478262,-459.99999999999983,8.260265440084325,5.0,-100.0
W,Bryan Battle,Takashi Sato,http://ufcstats.com/fighter-details/f626118b6da0e020,http://ufcstats.com/fighter-details/8abac218746e04ca,Welterweight Bout,KO/TKO,1,0:44,3 Rnd (5-5-5),Mark Smith,Kick to Head At Distance,Pooh Bear,Ten,2022-08-06,"Las Vegas, Nevada, USA",http://ufcstats.com/event-details/8f6a18831a120817,1,,,,,7 of 10,,,,,7 of 10,,,,,0 of 0,,,,,0,,,,,0,,,,,0:02,,,,,0,,,,,2 of 8,,,,,2 of 8,,,,,0 of 0,,,,,0,,,,,0,,,,,0:00,,,,,4 of 6,,,,,2 of 3,,,,,1 of 1,,,,,6 of 8,,,,,0 of 0,,,,,1 of 2,,,,,0 of 5,,,,,2 of 2,,,,,0 of 1,,,,,2 of 8,,,,,0 of 0,,,,,0 of 0,,,,,W,1994-09-21,1990-06-09,77.0,73.0,27.874631238149995,32.15945570408701,True,http://ufcstats.com/fighter-details/8abac218746e04ca|http://ufcstats.com/fighter-details/f626118b6da0e020,0.7388632872503841,True,True,1.3076923076923077,-325.0,4.284824465937014,4.0,30.76923076923077
W,Ricardo Ramos,Danny Chavez,http://ufcstats.com/fighter-details/1ae8f3c723aacff4,http://ufcstats.com/fighter-details/0de720c0f1d4ab9c,Featherweight Bout,KO/TKO,1,1:12,3 Rnd (5-5-5),Mike Beltran,Spinning Back Elbow to Head At Distance,--,The Colombian Warrior,2022-06-18,"Austin, Texas, USA",http://ufcstats.com/event-details/a0a680fe2f6cc8e6,1,,,,,4 of 14,,,,,4 of 14,,,,,0 of 0,,,,,0,,,,,0,,,,,0:01,,,,,0,,,,,3 of 9,,,,,3 of 9,,,,,0 of 0,,,,,0,,,,,0,,,,,0:00,,,,,3 of 12,,,,,1 of 2,,,,,0 of 0,,,,,4 of 14,,,,,0 of 0,,,,,0 of 0,,,,,2 of 7,,,,,0 of 0,,,,,1 of 2,,,,,3 of 8,,,,,0 of 1,,,,,0 of 0,,,,,W,1995-08-01,1987-03-14,72.0,67.0,26.88077099461317,35.264242250011975,True,http://ufcstats.com/fighter-details/0de720c0f1d4ab9c|http://ufcstats.com/fighter-details/1ae8f3c723aacff4,0.7421289355322339,True,True,1.303030303030303,-330.00000000000006,8.383471255398806,5.0,30.303030303030297
W,Jailton Almeida,Parker Porter,http://ufcstats.com/fighter-details/41e83a89929d1327,http://ufcstats.com/fighter-details/ac40f7e3cbecdda4,Heavyweight Bout,Submission,1,4:35,3 Rnd (5-5-5),Mark Smith,Rear Naked Choke,Malhadinho,--,2022-05-21,"Las Vegas, Nevada, USA",http://ufcstats.com/event-details/a6c32678efd4f434,0,,,,,18 of 34,,,,,36 of 58,,,,,1 of 2,,,,,1,,,,,0,,,,,4:29,,,,,0,,,,,0 of 0,,,,,0 of 0,,,,,0 of 0,,,,,0,,,,,0,,,,,0:00,,,,,16 of 32,,,,,2 of 2,,,,,0 of 0,,,,,1 of 1,,,,,0 of 0,,,,,17 of 33,,,,,0 of 0,,,,,0 of 0,,,,,0 of 0,,,,,0 of 0,,,,,0 of 0,,,,,0 of 0,,,,,W,1991-06-26,1985-04-22,79.0,75.0,30.902756387879286,37.07947459564536,True,http://ufcstats.com/fighter-details/41e83a89929d1327|http://ufcstats.com/fighter-details/ac40f7e3cbecdda4,0.8209718670076726,True,True,1.1666666666666667,-599.9999999999998,6.176718207766072,4.0,16.666666666666675
L,Tim Means,Kevin Holland,http://ufcstats.com/fighter-details/4b47e71384a9522f,http://ufcstats.com/fighter-details/3a46b268013afede,Welterweight Bout,Submission,2,1:28,3 Rnd (5-5-5),Kerry Hatley,D'Arce Choke On Ground,The Dirty Bird,Trailblazer,2022-06-18,"Austin, Texas, USA",http://ufcstats.com/event-details/a0a680fe2f6cc8e6,0,0.0,,,,14 of 34,7 of 12,,,,18 of 40,7 of 12,,,,2 of 4,0 of 1,,,,0,0.0,,,,0,0.0,,,,1:30,0:00,,,,0,0.0,,,,27 of 70,9 of 20,,,,44 of 89,9 of 20,,,,0 of 0,0 of 1,,,,0,1.0,,,,0,0.0,,,,0:02,0:07,,,,7 of 22,1 of 3,,,,6 of 10,5 of 7,,,,1 of 2,1 of 2,,,,13 of 33,7 of 12,,,,1 of 1,0 of 0,,,,0 of 0,0 of 0,,,,21 of 57,5 of 14,,,,2 of 6,1 of 3,,,,4 of 7,3 of 3,,,,24 of 65,9 of 20,,,,3 of 5,0 of 0,,,,0 of 0,0 of 0,,,,L,1984-02-20,1992-11-05,75.0,81.0,38.32522228382513,29.615940094594688,False,http://ufcstats.com/fighter-details/3a46b268013afede|http://ufcstats.com/fighter-details/4b47e71384a9522f,0.745958429561201,False,True,1.2941176470588236,-339.99999999999994,8.70928218923044,6.0,29.41176470588236
W,Tatsuro Taira,Jesus Aguilar,http://ufcstats.com/fighter-details/4461d7e47375a895,http://ufcstats.com/fighter-details/c051c2e12d692b8a,Flyweight Bout,Submission,1,4:20,3 Rnd (5-5-5),Chris Tognoni,Triangle Armbar From Bottom Guard,--,--,2023-02-04,"Las Vegas, Nevada, USA",http://ufcstats.com/event-details/d26394fc0e8e880a,0,,,,,1 of 1,,,,,5 of 5,,,,,1 of 1,,,,,2,,,,,0,,,,,3:49,,,,,0,,,,,2 of 2,,,,,2 of 2,,,,,0 of 0,,,,,1,,,,,0,,,,,0:23,,,,,1 of 1,,,,,0 of 0,,,,,0 of 0,,,,,0 of 0,,,,,0 of 0,,,,,1 of 1,,,,,0 of 0,,,,,1 of 1,,,,,1 of 1,,,,,2 of 2,,,,,0 of 0,,,,,0 of 0,,,,,W,2000-01-27,1996-03-13,70.0,62.0,23.02306002176636,26.8971984366551,True,http://ufcstats.com/fighter-details/4461d7e47375a895|http://ufcstats.com/fighter-details/c051c2e12d692b8a,0.8928571428571428,True,True,1.08,-1249.9999999999989,3.8741384148887406,8.0,8.000000000000007
W,Erin Blanchfield,Molly McCann,http://ufcstats.com/fighter-details/669970f7feba8ecd,http://ufcstats.com/fighter-details/51018a31ddf31eb2,Women's Flyweight Bout,Submission,1,3:37,3 Rnd (5-5-5),Kevin MacDonald,Kimura From Side Control,Cold Blooded,Meatball,2022-11-12,"New York City, New York, USA",http://ufcstats.com/event-details/b3b6e80b7d5f8f0d,0,,,,,25 of 38,,,,,93 of 115,,,,,1 of 1,,,,,2,,,,,0,,,,,2:48,,,,,0,,,,,7 of 13,,,,,7 of 13,,,,,0 of 0,,,,,0,,,,,0,,,,,0:00,,,,,22 of 34,,,,,1 of 2,,,,,2 of 2,,,,,7 of 19,,,,,0 of 0,,,,,18 of 19,,,,,2 of 7,,,,,3 of 3,,,,,2 of 3,,,,,7 of 13,,,,,0 of 0,,,,,0 of 0,,,,,W,1999-05-04,1990-05-04,66.0,62.0,23.526834911052244,32.52633524302347,True,http://ufcstats.com/fighter-details/51018a31ddf31eb2|http://ufcstats.com/fighter-details/669970f7feba8ecd,0.7807933194154488,True,True,1.2352941176470589,-424.9999999999999,8.999500331971223,4.0,23.529411764705888
W,Guido Cannetti,Randy Costa,http://ufcstats.com/fighter-details/d05412b513b19621,http://ufcstats.com/fighter-details/325ad0dd9126d3df,Bantamweight Bout,Submission,1,1:04,3 Rnd (5-5-5),Chris Tognoni,Rear Naked Choke,Ninja,The Zohan,2022-10-01,"Las Vegas, Nevada, USA",http://ufcstats.com/event-details/4f670b7972fa0a2e,0,,,,,8 of 13,,,,,8 of 13,,,,,1 of 1,,,,,1,,,,,0,,,,,0:09,,,,,0,,,,,2 of 7,,,,,2 of 7,,,,,0 of 0,,,,,0,,,,,0,,,,,0:00,,,,,1 of 5,,,,,3 of 3,,,,,4 of 5,,,,,8 of 13,,,,,0 of 0,,,,,0 of 0,,,,,0 of 3,,,,,2 of 4,,,,,0 of 0,,,,,2 of 7,,,,,0 of 0,,,,,0 of 0,,,,,W,1979-12-19,1994-07-06,68.0,73.0,42.785272798209405,28.23877287007947,True,http://ufcstats.com/fighter-details/325ad0dd9126d3df|http://ufcstats.com/fighter-details/d05412b513b19621,0.7116843702579667,False,False,1.3571428571428572,-279.99999999999994,14.546499928129936,5.0,-100.0
W,Randy Brown,Francisco Trinaldo,http://ufcstats.com/fighter-details/c6aee362c7a7d482,http://ufcstats.com/fighter-details/a8283a4f415e1eb9,Welterweight Bout,Decision - Unanimous,3,5:00,3 Rnd (5-5-5),Keith Peterson,Chris Lee 28 - 29. Sal D'amato 28 - 29. Eric Colon 28 - 29.,Rudeboy,Massaranduba,2022-10-01,"Las Vegas, Nevada, USA",http://ufcstats.com/event-details/4f670b7972fa0a2e,1,0.0,0.0,,,23 of 49,25 of 69,12 of 23,,,27 of 53,25 of 69,13 of 26,,,0 of 0,0 of 1,0 of 0,,,1,0.0,0.0,,,1,0.0,0.0,,,0:38,0:00,0:00,,,0,0.0,0.0,,,9 of 15,19 of 37,12 of 15,,,13 of 19,22 of 40,47 of 52,,,1 of 3,0 of 1,0 of 0,,,0,0.0,0.0,,,0,0.0,0.0,,,1:04,0:50,3:27,,,8 of 28,15 of 55,7 of 18,,,2 of 5,6 of 9,2 of 2,,,13 of 16,4 of 5,3 of 3,,,21 of 46,25 of 69,10 of 21,,,0 of 1,0 of 0,0 of 0,,,2 of 2,0 of 0,2 of 2,,,1 of 6,8 of 24,11 of 14,,,3 of 4,6 of 8,0 of 0,,,5 of 5,5 of 5,1 of 1,,,9 of 15,19 of 36,5 of 8,,,0 of 0,0 of 1,0 of 0,,,0 of 0,0 of 0,7 of 7,,,W,1990-07-08,1978-08-24,78.0,70.0,32.2333791932757,44.10494397557787,True,http://ufcstats.com/fighter-details/a8283a4f415e1eb9|http://ufcstats.com/fighter-details/c6aee362c7a7d482,0.7388632872503841,True,True,1.3076923076923077,-325.0,11.871564782302165,8.0,30.76923076923077
W,Trey Ogden,Daniel Zellhuber,http://ufcstats.com/fighter-details/cfc3e7bb44685289,http://ufcstats.com/fighter-details/4148802ae4a50768,Lightweight Bout,Decision - Unanimous,3,5:00,3 Rnd (5-5-5),Herb Dean,Doug Crosby 27 - 30. Junichiro Kamijo 27 - 30. Chris Lee 28 - 29.,Samurai Ghost,Golden Boy,2022-09-17,"Las Vegas, Nevada, USA",http://ufcstats.com/event-details/8d477c3fbe001f9d,0,0.0,0.0,,,20 of 47,26 of 57,25 of 64,,,20 of 47,27 of 58,25 of 64,,,0 of 1,1 of 4,0 of 4,,,0,0.0,0.0,,,0,0.0,0.0,,,0:00,0:38,0:00,,,0,0.0,0.0,,,12 of 36,23 of 64,17 of 78,,,12 of 36,23 of 64,17 of 78,,,0 of 0,0 of 0,0 of 0,,,0,0.0,0.0,,,0,0.0,0.0,,,0:00,0:00,0:00,,,1 of 24,6 of 33,15 of 52,,,1 of 3,4 of 6,2 of 4,,,18 of 20,16 of 18,8 of 8,,,20 of 47,26 of 57,25 of 64,,,0 of 0,0 of 0,0 of 0,,,0 of 0,0 of 0,0 of 0,,,1 of 22,8 of 40,10 of 63,,,6 of 8,10 of 19,5 of 13,,,5 of 6,5 of 5,2 of 2,,,12 of 36,23 of 64,17 of 78,,,0 of 0,0 of 0,0 of 0,,,0 of 0,0 of 0,0 of 0,,,W,1989-11-14,1999-07-07,72.0,77.0,32.84119454882715,23.198286070213626,True,http://ufcstats.com/fighter-details/4148802ae4a50768|http://ufcstats.com/fighter-details/cfc3e7bb44685289,0.7756269247690277,False,False,1.2439024390243902,-410.0,9.64290847861352,5.0,-100.0
W,Daniel Zellhuber,Christos Giagos,http://ufcstats.com/fighter-details/4148802ae4a50768,http://ufcstats.com/fighter-details/de45aaae23dfa392,Lightweight Bout,Submission,2,3:26,3 Rnd (5-5-5),Jason Herzog,Anaconda Choke On Ground,Golden Boy,The Spartan,2023-09-16,"Las Vegas, Nevada, USA",http://ufcstats.com/event-details/8fa2b06572365321,0,0.0,,,,12 of 50,24 of 51,,,,12 of 50,24 of 51,,,,0 of 0,0 of 0,,,,0,1.0,,,,0,0.0,,,,0:00,0:17,,,,0,0.0,,,,26 of 52,12 of 30,,,,26 of 52,12 of 30,,,,0 of 2,0 of 4,,,,0,0.0,,,,0,0.0,,,,0:00,0:11,,,,7 of 40,11 of 35,,,,2 of 7,9 of 12,,,,3 of 3,4 of 4,,,,12 of 50,23 of 50,,,,0 of 0,1 of 1,,,,0 of 0,0 of 0,,,,16 of 37,9 of 26,,,,2 of 6,1 of 1,,,,8 of 9,2 of 3,,,,26 of 51,10 of 28,,,,0 of 1,2 of 2,,,,0 of 0,0 of 0,,,,W,1999-07-07,1990-01-23,77.0,71.0,24.19488422075744,33.64613920888177,True,http://ufcstats.com/fighter-details/4148802ae4a50768|http://ufcstats.com/fighter-details/de45aaae23dfa392,0.7135512302607419,True,True,1.3448275862068966,-290.0,9.45125498812433,6.0,34.48275862068966
W,Jamie Mullarkey,John Makdessi,http://ufcstats.com/fighter-details/af9f42e6894047fc,http://ufcstats.com/fighter-details/c21a036b4e012f1c,Lightweight Bout,Decision - Unanimous,3,5:00,3 Rnd (5-5-5),Jim Perdios,Mark Christie 28 - 29. Eric Colon 28 - 29. David Lethaby 28 - 29.,--,The Bull,2023-09-09,"Sydney, New South Wales, Australia",http://ufcstats.com/event-details/ece280745f8727b8,0,0.0,0.0,,,22 of 45,37 of 62,29 of 72,,,22 of 45,37 of 62,29 of 72,,,0 of 0,0 of 1,0 of 1,,,0,0.0,0.0,,,0,0.0,0.0,,,0:00,0:00,0:00,,,0,0.0,0.0,,,24 of 51,21 of 61,38 of 76,,,24 of 51,21 of 61,40 of 78,,,0 of 0,0 of 0,0 of 1,,,0,0.0,0.0,,,0,0.0,0.0,,,0:00,0:00,0:00,,,5 of 24,17 of 40,16 of 56,,,4 of 8,8 of 10,1 of 2,,,13 of 13,12 of 12,12 of 14,,,22 of 45,37 of 62,29 of 72,,,0 of 0,0 of 0,0 of 0,,,0 of 0,0 of 0,0 of 0,,,6 of 27,11 of 40,20 of 52,,,10 of 16,5 of 16,7 of 13,,,8 of 8,5 of 5,11 of 11,,,24 of 51,21 of 61,38 of 76,,,0 of 0,0 of 0,0 of 0,,,0 of 0,0 of 0,0 of 0,,,W,1994-08-17,1985-05-03,74.0,68.0,29.062882879183007,38.35260135389501,True,http://ufcstats.com/fighter-details/af9f42e6894047fc|http://ufcstats.com/fighter-details/c21a036b4e012f1c,0.7179705215419501,True,True,1.3355704697986577,-298.00000000000006,9.289718474712004,6.0,33.55704697986577
L,Rani Yahya,Montel Jackson,http://ufcstats.com/fighter-details/94527830000ab715,http://ufcstats.com/fighter-details/cc1a8b4b38b92c6d,Bantamweight Bout,KO/TKO,1,3:42,3 Rnd (5-5-5),Keith Peterson,Punch to Head At Distance,--,Quik,2023-04-22,"Las Vegas, Nevada, USA",http://ufcstats.com/event-details/6fb1ba67bef41b37,0,,,,,7 of 21,,,,,7 of 22,,,,,0 of 3,,,,,0,,,,,0,,,,,0:08,,,,,1,,,,,9 of 21,,,,,10 of 23,,,,,0 of 0,,,,,0,,,,,0,,,,,1:17,,,,,1 of 10,,,,,1 of 2,,,,,5 of 9,,,,,7 of 21,,,,,0 of 0,,,,,0 of 0,,,,,7 of 18,,,,,1 of 2,,,,,1 of 1,,,,,5 of 14,,,,,0 of 0,,,,,4 of 7,,,,,L,1984-09-12,1992-04-24,67.0,75.0,38.607226705544946,30.993107319109907,False,http://ufcstats.com/fighter-details/94527830000ab715|http://ufcstats.com/fighter-details/cc1a8b4b38b92c6d,0.8219814241486068,False,True,1.1694915254237288,-590.0,7.614119386435039,8.0,16.94915254237288
W,Michael Morales,Jake Matthews,http://ufcstats.com/fighter-details/c32aeb1a59e6272d,http://ufcstats.com/fighter-details/a845f0735bc67405,Welterweight Bout,Decision - Unanimous,3,5:00,3 Rnd (5-5-5),Herb Dean,Chris Flores 27 - 30. Derek Cleary 28 - 29. Sal D'amato 28 - 29.,--,The Celtic Kid,2023-11-18,"Las Vegas, Nevada, USA",http://ufcstats.com/event-details/3feed7d02711d8b7,0,0.0,0.0,,,26 of 73,36 of 77,22 of 58,,,26 of 73,36 of 77,22 of 58,,,0 of 0,0 of 0,0 of 1,,,0,0.0,0.0,,,0,0.0,0.0,,,0:07,0:00,0:00,,,0,0.0,0.0,,,14 of 40,18 of 46,25 of 63,,,14 of 40,18 of 46,25 of 63,,,0 of 0,0 of 0,0 of 1,,,0,0.0,0.0,,,0,0.0,0.0,,,0:00,0:00,0:03,,,12 of 54,20 of 58,13 of 45,,,3 of 5,7 of 10,2 of 2,,,11 of 14,9 of 9,7 of 11,,,26 of 73,32 of 68,22 of 56,,,0 of 0,4 of 9,0 of 2,,,0 of 0,0 of 0,0 of 0,,,7 of 26,13 of 37,13 of 46,,,6 of 11,3 of 3,8 of 10,,,1 of 3,2 of 6,4 of 7,,,13 of 39,18 of 46,23 of 61,,,1 of 1,0 of 0,2 of 2,,,0 of 0,0 of 0,0 of 0,,,W,1999-06-24,1994-08-19,79.0,73.0,24.40296515328857,29.249060555658225,True,http://ufcstats.com/fighter-details/a845f0735bc67405|http://ufcstats.com/fighter-details/c32aeb1a59e6272d,0.7380410022779044,True,True,1.2777777777777777,-360.0000000000001,4.846095402369656,6.0,27.777777777777768
W,Merab Dvalishvili,Henry Cejudo,http://ufcstats.com/fighter-details/c03520b5c88ed6b4,http://ufcstats.com/fighter-details/056c493bbd76a918,Bantamweight Bout,Decision - Unanimous,3,5:00,3 Rnd (5-5-5),Jonathan Romero,Mike Bell 28 - 29. Raphael  Davis 28 - 29. Chris Leben 28 - 29.,The Machine,Triple C,2024-02-17,"Anaheim, California, USA",http://ufcstats.com/event-details/dab0e6cb8c932162,0,0.0,0.0,,,16 of 32,34 of 78,24 of 62,,,42 of 59,49 of 94,76 of 120,,,1 of 2,2 of 4,2 of 5,,,0,1.0,0.0,,,0,0.0,0.0,,,0:13,1:46,2:24,,,0,0.0,0.0,,,11 of 20,9 of 29,9 of 29,,,36 of 48,9 of 29,9 of 29,,,0 of 0,1 of 5,0 of 2,,,0,0.0,0.0,,,0,0.0,0.0,,,1:53,0:12,0:00,,,9 of 22,22 of 61,13 of 45,,,4 of 7,9 of 14,7 of 13,,,3 of 3,3 of 3,4 of 4,,,9 of 23,27 of 64,15 of 47,,,6 of 8,1 of 6,6 of 10,,,1 of 1,6 of 8,3 of 5,,,4 of 13,6 of 22,3 of 19,,,3 of 3,2 of 5,0 of 3,,,4 of 4,1 of 2,6 of 7,,,9 of 18,6 of 24,9 of 26,,,2 of 2,3 of 5,0 of 3,,,0 of 0,0 of 0,0 of 0,,,W,1991-01-10,1987-02-09,68.0,64.0,33.10403362149805,37.0219785484986,True,http://ufcstats.com/fighter-details/056c493bbd76a918|http://ufcstats.com/fighter-details/c03520b5c88ed6b4,0.7179705215419501,True,True,1.3355704697986577,-298.00000000000006,3.917944927000555,4.0,33.55704697986577
L,Alex Perez,Muhammad Mokaev,http://ufcstats.com/fighter-details/ab2b4ff41d6ebe0f,http://ufcstats.com/fighter-details/75353550928a7921,Flyweight Bout,Decision - Unanimous,3,5:00,3 Rnd (5-5-5),Keith Peterson,Sal D'amato 28 - 29. Chris Lee 28 - 29. Rick Winter 28 - 29.,--,The Punisher,2024-03-02,"Las Vegas, Nevada, USA",http://ufcstats.com/event-details/e4a9dbade7c7e1a7,0,0.0,0.0,,,12 of 41,13 of 29,5 of 17,,,12 of 41,18 of 39,17 of 34,,,0 of 0,0 of 0,0 of 0,,,0,0.0,0.0,,,0,0.0,0.0,,,0:03,1:21,2:20,,,0,0.0,0.0,,,29 of 60,8 of 17,10 of 27,,,32 of 69,9 of 18,15 of 32,,,1 of 6,1 of 7,1 of 7,,,0,0.0,0.0,,,0,0.0,0.0,,,1:24,1:59,1:06,,,5 of 28,12 of 28,5 of 17,,,3 of 5,0 of 0,0 of 0,,,4 of 8,1 of 1,0 of 0,,,12 of 41,6 of 20,1 of 13,,,0 of 0,2 of 3,0 of 0,,,0 of 0,5 of 6,4 of 4,,,24 of 51,3 of 11,7 of 23,,,2 of 4,5 of 5,2 of 3,,,3 of 5,0 of 1,1 of 1,,,14 of 38,7 of 16,10 of 27,,,2 of 2,1 of 1,0 of 0,,,13 of 20,0 of 0,0 of 0,,,L,1992-03-21,2000-07-30,65.0,70.0,31.948636864548895,23.58980677221298,False,http://ufcstats.com/fighter-details/75353550928a7921|http://ufcstats.com/fighter-details/ab2b4ff41d6ebe0f,0.771505376344086,False,True,1.2439024390243902,-410.0,8.358830092335914,5.0,24.390243902439025
L,Alex Caceres,Sean Woodson,http://ufcstats.com/fighter-details/7aa3d6964eff4877,http://ufcstats.com/fighter-details/4682bc59d5f55145,Featherweight Bout,Decision - Unanimous,3,5:00,3 Rnd (5-5-5),Jason Herzog,Sal D'amato 28 - 29. Brian Puccillo 28 - 29. Henry Guery 27 - 30.,Bruce Leeroy,The Sniper,2024-05-11,"St. Louis, Missouri, USA",http://ufcstats.com/event-details/5dfe71ade71f3a4b,0,0.0,0.0,,,18 of 49,32 of 73,32 of 75,,,18 of 49,32 of 73,35 of 78,,,0 of 0,0 of 0,0 of 0,,,0,0.0,0.0,,,0,0.0,0.0,,,0:00,0:04,0:08,,,0,0.0,0.0,,,31 of 63,31 of 71,39 of 92,,,31 of 63,31 of 71,39 of 92,,,0 of 0,0 of 0,0 of 0,,,0,0.0,0.0,,,0,0.0,0.0,,,0:00,0:00,0:00,,,11 of 36,16 of 52,16 of 55,,,4 of 8,11 of 15,13 of 17,,,3 of 5,5 of 6,3 of 3,,,18 of 49,31 of 70,30 of 71,,,0 of 0,1 of 3,2 of 4,,,0 of 0,0 of 0,0 of 0,,,18 of 44,16 of 51,27 of 76,,,3 of 6,9 of 13,7 of 9,,,10 of 13,6 of 7,5 of 7,,,31 of 63,29 of 69,38 of 90,,,0 of 0,2 of 2,1 of 2,,,0 of 0,0 of 0,0 of 0,,,L,1988-06-20,1992-06-07,73.0,78.0,35.891222954612346,31.926733608492988,False,http://ufcstats.com/fighter-details/4682bc59d5f55145|http://ufcstats.com/fighter-details/7aa3d6964eff4877,0.7055341817105653,False,True,1.3355704697986577,-298.00000000000006,3.9644893461193575,5.0,33.55704697986577
W,Ignacio Bahamondes,Christos Giagos,http://ufcstats.com/fighter-details/e4a47b07044ddd72,http://ufcstats.com/fighter-details/de45aaae23dfa392,Lightweight Bout,KO/TKO,1,3:34,3 Rnd (5-5-5),Chris Tognoni,Kick to Head At Distance,La Jaula,The Spartan,2024-04-06,"Las Vegas, Nevada, USA",http://ufcstats.com/event-details/899eaba48fa864a6,1,,,,,40 of 68,,,,,40 of 69,,,,,0 of 0,,,,,0,,,,,0,,,,,0:15,,,,,0,,,,,17 of 45,,,,,18 of 46,,,,,0 of 1,,,,,0,,,,,0,,,,,0:10,,,,,26 of 53,,,,,8 of 9,,,,,6 of 6,,,,,33 of 56,,,,,7 of 12,,,,,0 of 0,,,,,7 of 31,,,,,3 of 7,,,,,7 of 7,,,,,16 of 44,,,,,1 of 1,,,,,0 of 0,,,,,W,1997-08-27,1990-01-23,75.0,71.0,26.609718200921304,34.201934331300436,True,http://ufcstats.com/fighter-details/de45aaae23dfa392|http://ufcstats.com/fighter-details/e4a47b07044ddd72,0.725752508361204,True,True,1.3225806451612905,-309.99999999999983,7.592216130379132,4.0,32.258064516129046
W,Danny Barlow,Nikolay Veretennikov,http://ufcstats.com/fighter-details/b7c5eb7cdbac6a63,http://ufcstats.com/fighter-details/0f1efce7d2571d10,Welterweight Bout,Decision - Split,3,5:00,3 Rnd (5-5-5),Mike Beltran,Ron McCarthy 28 - 29. Jerin Valel 30 - 27. Bryan Miner 28 - 29.,LeftHand2God,--,2024-08-10,"Las Vegas, Nevada, USA",http://ufcstats.com/event-details/2c733e059462c1dc,0,0.0,0.0,,,17 of 32,11 of 25,19 of 42,,,18 of 33,15 of 32,19 of 42,,,0 of 2,0 of 0,0 of 0,,,0,0.0,0.0,,,0,0.0,0.0,,,0:17,0:45,0:14,,,0,0.0,0.0,,,10 of 15,11 of 29,29 of 48,,,10 of 15,19 of 37,30 of 49,,,0 of 1,0 of 1,0 of 0,,,0,0.0,0.0,,,0,0.0,0.0,,,0:02,0:07,0:00,,,5 of 14,7 of 16,13 of 33,,,4 of 7,1 of 3,2 of 3,,,8 of 11,3 of 6,4 of 6,,,17 of 32,10 of 24,19 of 42,,,0 of 0,1 of 1,0 of 0,,,0 of 0,0 of 0,0 of 0,,,2 of 5,3 of 18,18 of 36,,,7 of 9,5 of 8,10 of 11,,,1 of 1,3 of 3,1 of 1,,,8 of 13,9 of 27,28 of 47,,,2 of 2,2 of 2,1 of 1,,,0 of 0,0 of 0,0 of 0,,,W,1995-08-02,1989-12-22,79.0,74.0,29.02455218108517,34.63452363840462,True,http://ufcstats.com/fighter-details/0f1efce7d2571d10|http://ufcstats.com/fighter-details/b7c5eb7cdbac6a63,0.7640449438202247,True,True,1.2352941176470589,-424.9999999999999,5.609971457319453,5.0,23.529411764705888
L,Li Jingliang,Carlos Prates,http://ufcstats.com/fighter-details/e64b96c07d7ce999,http://ufcstats.com/fighter-details/7ee0fd831c0fe7c3,Welterweight Bout,KO/TKO,2,4:02,3 Rnd (5-5-5),Matt Wynne,Punch to Head At Distance,The Leech,The Nightmare,2024-08-17,"Perth, Western Australia, Australia",http://ufcstats.com/event-details/32ba186f4b0e3267,0,0.0,,,,26 of 66,15 of 45,,,,26 of 66,15 of 45,,,,0 of 0,0 of 0,,,,0,0.0,,,,0,0.0,,,,0:00,0:23,,,,1,2.0,,,,25 of 36,30 of 48,,,,25 of 36,30 of 48,,,,0 of 0,0 of 0,,,,0,0.0,,,,0,0.0,,,,0:00,0:00,,,,7 of 38,5 of 26,,,,4 of 9,0 of 1,,,,15 of 19,10 of 18,,,,26 of 66,15 of 45,,,,0 of 0,0 of 0,,,,0 of 0,0 of 0,,,,18 of 27,26 of 43,,,,1 of 2,0 of 1,,,,6 of 7,4 of 4,,,,25 of 36,30 of 48,,,,0 of 0,0 of 0,,,,0 of 0,0 of 0,,,,L,1988-03-20,1993-08-17,71.0,78.0,36.41142528594016,31.001321040130872,False,http://ufcstats.com/fighter-details/7ee0fd831c0fe7c3|http://ufcstats.com/fighter-details/e64b96c07d7ce999,0.771505376344086,False,True,1.2439024390243902,-410.0,5.41010424580929,7.0,24.390243902439025
W,Kennedy Nzechukwu,Chris Barnett,http://ufcstats.com/fighter-details/8667caa0451d245b,http://ufcstats.com/fighter-details/7a5e8c94a86f9895,Heavyweight Bout,KO/TKO,1,4:27,3 Rnd (5-5-5),Jason Herzog,Knee to Body At Distance,African Savage,Beastboy,2024-10-26,"Abu Dhabi, Abu Dhabi, United Arab Emirates",http://ufcstats.com/event-details/221b2a3070c7ce3e,0,,,,,51 of 74,,,,,51 of 74,,,,,0 of 0,,,,,0,,,,,0,,,,,0:00,,,,,0,,,,,12 of 34,,,,,12 of 34,,,,,0 of 1,,,,,0,,,,,0,,,,,0:00,,,,,28 of 50,,,,,22 of 23,,,,,1 of 1,,,,,50 of 73,,,,,0 of 0,,,,,1 of 1,,,,,3 of 22,,,,,2 of 3,,,,,7 of 9,,,,,12 of 34,,,,,0 of 0,,,,,0 of 0,,,,,W,1992-06-13,1986-06-14,83.0,75.0,32.37027454362512,38.36902879593695,True,http://ufcstats.com/fighter-details/7a5e8c94a86f9895|http://ufcstats.com/fighter-details/8667caa0451d245b,0.8524590163934427,True,True,1.125,-800.0,5.9987542523118265,8.0,12.5
W,Jon Jones,Stipe Miocic,http://ufcstats.com/fighter-details/07f72a2a7591b409,http://ufcstats.com/fighter-details/d28dee5c705991df,UFC Heavyweight Title Bout,KO/TKO,3,4:29,5 Rnd (5-5-5-5-5),Herb Dean,Spinning Back Kick Body,Bones,--,2024-11-16,"New York City, New York, USA",http://ufcstats.com/event-details/daff32bc96d1eabf,0,0.0,1.0,,,42 of 48,20 of 28,34 of 43,,,49 of 56,20 of 28,35 of 44,,,1 of 1,0 of 0,0 of 0,,,0,0.0,0.0,,,0,0.0,0.0,,,3:37,0:00,0:14,,,0,0.0,0.0,,,6 of 13,16 of 37,15 of 39,,,11 of 18,16 of 37,15 of 39,,,0 of 0,0 of 0,0 of 0,,,0,0.0,0.0,,,0,0.0,0.0,,,0:00,0:00,0:00,,,36 of 42,9 of 16,25 of 33,,,4 of 4,7 of 8,5 of 6,,,2 of 2,4 of 4,4 of 4,,,5 of 6,19 of 27,30 of 37,,,0 of 0,1 of 1,1 of 2,,,37 of 42,0 of 0,3 of 4,,,3 of 10,9 of 29,12 of 36,,,1 of 1,4 of 5,2 of 2,,,2 of 2,3 of 3,1 of 1,,,5 of 12,16 of 37,11 of 34,,,0 of 0,0 of 0,4 of 5,,,1 of 1,0 of 0,0 of 0,,,W,1987-07-19,1982-08-19,84.0,80.0,37.3313620402883,42.24590511783267,True,http://ufcstats.com/fighter-details/07f72a2a7591b409|http://ufcstats.com/fighter-details/d28dee5c705991df,0.8118668596237336,True,True,1.181818181818182,-549.9999999999991,4.914543077544373,4.0,18.18181818181821
L,Clay Guida,Chase Hooper,http://ufcstats.com/fighter-details/c47df9303d318c67,http://ufcstats.com/fighter-details/971246648e162f0d,Lightweight Bout,Submission,1,3:41,3 Rnd (5-5-5),Keith Peterson,Armbar From Mount,The Carpenter,The Dream,2024-12-07,"Las Vegas, Nevada, USA",http://ufcstats.com/event-details/ad23903ef3af7406,0,,,,,5 of 13,,,,,6 of 15,,,,,0 of 1,,,,,0,,,,,0,,,,,0:00,,,,,0,,,,,7 of 15,,,,,14 of 28,,,,,3 of 6,,,,,1,,,,,0,,,,,2:08,,,,,3 of 9,,,,,2 of 4,,,,,0 of 0,,,,,2 of 10,,,,,3 of 3,,,,,0 of 0,,,,,5 of 10,,,,,2 of 5,,,,,0 of 0,,,,,5 of 12,,,,,1 of 2,,,,,1 of 1,,,,,L,1981-12-08,1999-09-13,70.0,74.0,42.998829544754514,25.235288883413073,False,http://ufcstats.com/fighter-details/971246648e162f0d|http://ufcstats.com/fighter-details/c47df9303d318c67,0.88,False,True,1.0909090909090908,-1100.000000000001,17.76354066134144,4.0,9.090909090909083
W,Shi Ming,Feng Xiaocan,http://ufcstats.com/fighter-details/d683f4870742b273,http://ufcstats.com/fighter-details/c940b42df95bbd28,Women's Strawweight Bout,KO/TKO,3,0:46,3 Rnd + OT (5-5-5-5),Kevin Sataki,Kick to Head At Distance,--,--,2024-11-23,"Macau, China",http://ufcstats.com/event-details/e955046551f8c7dd,0,0.0,1.0,,,12 of 38,13 of 61,5 of 9,,,12 of 39,16 of 64,5 of 9,,,1 of 2,0 of 0,0 of 0,,,0,0.0,0.0,,,0,0.0,0.0,,,0:26,0:27,0:00,,,0,0.0,0.0,,,18 of 37,27 of 59,3 of 6,,,25 of 45,30 of 63,3 of 6,,,0 of 0,0 of 0,0 of 0,,,0,0.0,0.0,,,1,0.0,0.0,,,1:03,0:02,0:00,,,4 of 25,5 of 45,4 of 6,,,4 of 7,6 of 14,1 of 3,,,4 of 6,2 of 2,0 of 0,,,12 of 36,13 of 59,3 of 6,,,0 of 2,0 of 2,0 of 0,,,0 of 0,0 of 0,2 of 3,,,8 of 24,19 of 48,2 of 5,,,0 of 2,2 of 5,0 of 0,,,10 of 11,6 of 6,1 of 1,,,17 of 35,27 of 59,3 of 6,,,0 of 1,0 of 0,0 of 0,,,1 of 1,0 of 0,0 of 0,,,W,1994-11-14,2001-12-27,60.0,66.0,30.02662614564296,22.908067927472842,True,http://ufcstats.com/fighter-details/c940b42df95bbd28|http://ufcstats.com/fighter-details/d683f4870742b273,0.7994561522773623,False,False,1.2040816326530612,-490.0,7.118558218170119,6.0,-100.0
L,King Green,Mauricio Ruffy,http://ufcstats.com/fighter-details/887961364be5ceb3,http://ufcstats.com/fighter-details/9c393e836a852f30,Lightweight Bout,KO/TKO,1,2:07,3 Rnd (5-5-5),Chris Tognoni,"Kick to Head At Distance
      Wheel kick",--,--,2025-03-08,"Las Vegas, Nevada, USA",http://ufcstats.com/event-details/ca936c67687789e9,0,,,,,4 of 15,,,,,4 of 15,,,,,0 of 0,,,,,0,,,,,0,,,,,0:00,,,,,1,,,,,4 of 9,,,,,4 of 9,,,,,0 of 0,,,,,0,,,,,0,,,,,0:00,,,,,1 of 7,,,,,1 of 3,,,,,2 of 5,,,,,4 of 15,,,,,0 of 0,,,,,0 of 0,,,,,4 of 7,,,,,0 of 0,,,,,0 of 2,,,,,4 of 9,,,,,0 of 0,,,,,0 of 0,,,,,L,1986-09-09,1996-06-17,71.0,75.0,38.494972518258415,28.723382410316432,False,http://ufcstats.com/fighter-details/887961364be5ceb3|http://ufcstats.com/fighter-details/9c393e836a852f30,0.7880910683012259,False,True,1.21,-476.19047619047626,9.771590107941982,4.0,20.999999999999996
L,Gilbert Burns,Michael Morales,http://ufcstats.com/fighter-details/23024fdfc966410a,http://ufcstats.com/fighter-details/c32aeb1a59e6272d,Welterweight Bout,KO/TKO,1,3:39,5 Rnd (5-5-5-5-5),Herb Dean,Punches to Head At Distance,Durinho,--,2025-05-17,"Las Vegas, Nevada, USA",http://ufcstats.com/event-details/8ad022dd81224f61,0,,,,,5 of 18,,,,,5 of 18,,,,,1 of 2,,,,,0,,,,,0,,,,,0:30,,,,,2,,,,,33 of 56,,,,,35 of 58,,,,,0 of 0,,,,,0,,,,,0,,,,,0:10,,,,,4 of 13,,,,,0 of 3,,,,,1 of 2,,,,,5 of 18,,,,,0 of 0,,,,,0 of 0,,,,,31 of 52,,,,,0 of 0,,,,,2 of 4,,,,,25 of 44,,,,,2 of 3,,,,,6 of 9,,,,,L,1986-07-20,1999-06-24,71.0,79.0,38.826259266104024,25.897862379104293,False,http://ufcstats.com/fighter-details/23024fdfc966410a|http://ufcstats.com/fighter-details/c32aeb1a59e6272d,0.8355795148247979,False,True,1.22,-454.5454545454546,12.928396886999732,8.0,21.999999999999996
L,Kelvin Gastelum,Joe Pyfer,http://ufcstats.com/fighter-details/8c0580d4fff106c1,http://ufcstats.com/fighter-details/c1085e1701b13eca,Middleweight Bout,Decision - Unanimous,3,5:00,3 Rnd (5-5-5),Mike Beltran,Chris Lee 28 - 29. Eric Colon 27 - 29. Sal D'amato 27 - 30.,--,Bodybagz,2025-06-07,"Newark, New Jersey, USA",http://ufcstats.com/event-details/18c49685296c60e6,0,0.0,0.0,,,8 of 20,11 of 50,14 of 29,,,8 of 20,11 of 50,15 of 30,,,0 of 0,0 of 0,0 of 1,,,0,0.0,0.0,,,0,0.0,0.0,,,0:00,0:00,0:27,,,2,0.0,0.0,,,21 of 39,17 of 40,19 of 35,,,22 of 40,17 of 40,19 of 35,,,0 of 0,0 of 0,1 of 2,,,0,0.0,0.0,,,0,0.0,0.0,,,0:16,0:00,0:15,,,3 of 14,2 of 34,8 of 21,,,2 of 3,6 of 10,3 of 4,,,3 of 3,3 of 6,3 of 4,,,8 of 20,11 of 50,13 of 28,,,0 of 0,0 of 0,1 of 1,,,0 of 0,0 of 0,0 of 0,,,16 of 33,12 of 35,16 of 31,,,5 of 6,4 of 4,3 of 4,,,0 of 0,1 of 1,0 of 0,,,17 of 31,17 of 40,17 of 33,,,1 of 1,0 of 0,2 of 2,,,3 of 7,0 of 0,0 of 0,,,L,1991-10-24,1996-09-17,71.0,75.0,33.621498045818875,28.720644503309444,False,http://ufcstats.com/fighter-details/8c0580d4fff106c1|http://ufcstats.com/fighter-details/c1085e1701b13eca,0.7291666666666666,False,True,1.3,-333.33333333333326,4.900853542509431,4.0,30.000000000000004
W,Joselyne Edwards,Priscila Cachoeira,http://ufcstats.com/fighter-details/f9ab66e67240db7b,http://ufcstats.com/fighter-details/b1e5bcaad32a3cac,Women's Bantamweight Bout,KO/TKO,1,2:24,3 Rnd (5-5-5),Herb Dean,Punch to Head At Distance,La Pantera,Zombie Girl,2025-08-09,"Las Vegas, Nevada, USA",http://ufcstats.com/event-details/6cd3dfc54f01287f,1,,,,,26 of 44,,,,,26 of 44,,,,,0 of 2,,,,,0,,,,,0,,,,,0:01,,,,,0,,,,,18 of 50,,,,,18 of 50,,,,,0 of 0,,,,,0,,,,,0,,,,,0:00,,,,,16 of 29,,,,,5 of 10,,,,,5 of 5,,,,,24 of 42,,,,,0 of 0,,,,,2 of 2,,,,,15 of 47,,,,,1 of 1,,,,,2 of 2,,,,,18 of 50,,,,,0 of 0,,,,,0 of 0,,,,,W,1995-09-29,1988-08-19,70.0,65.0,29.862351725223654,36.972696222372804,True,http://ufcstats.com/fighter-details/b1e5bcaad32a3cac|http://ufcstats.com/fighter-details/f9ab66e67240db7b,0.7705810267750173,True,True,1.24,-416.6666666666667,7.11034449714915,5.0,24.0
