season,team,head_coach,offensive_coordinator,defensive_coordinator,hc_prior_role_seasons,hc_prior_quality,hc_recent_quality,hc_prior_win_pct,oc_prior_role_seasons,oc_prior_quality,oc_recent_quality,oc_prior_win_pct,dc_prior_role_seasons,dc_prior_quality,dc_recent_quality,dc_prior_win_pct,prev_head_coach,prev_offensive_coordinator,prev_defensive_coordinator,prev_hc_prior_role_seasons,prev_hc_prior_quality,prev_hc_recent_quality,prev_hc_prior_win_pct,prev_oc_prior_role_seasons,prev_oc_prior_quality,prev_oc_recent_quality,prev_oc_prior_win_pct,prev_dc_prior_role_seasons,prev_dc_prior_quality,prev_dc_recent_quality,prev_dc_prior_win_pct,hc_changed_quality,hc_quality_delta_vs_departed,oc_changed_quality,oc_quality_delta_vs_departed,dc_changed_quality,dc_quality_delta_vs_departed,staff_quality_mean,staff_quality_min,staff_upgrade_count,staff_downgrade_count
2006,ARI,Dennis Green,,Clancy Pendergast,0,,,,,,,,0.0,,,,,,,,,,,,,,,,,,,0.0,,0.0,,0.0,,,,0,0
2007,ARI,Ken Whisenhunt,Todd Haley,Clancy Pendergast,0,,,,0.0,,,,1.0,0.59375,0.59375,0.3076923076923077,Dennis Green,,Clancy Pendergast,0.0,,,,,,,,0.0,,,,1.0,,0.0,,0.0,,0.59375,0.59375,0,0
2008,ARI,Ken Whisenhunt,Todd Haley,Clancy Pendergast,1,0.5384615384615384,0.5384615384615384,0.5384615384615384,1.0,0.5,0.5,0.5384615384615384,2.0,0.5625,0.53125,0.4230769230769231,Ken Whisenhunt,Todd Haley,Clancy Pendergast,0.0,,,,0.0,,,,1.0,0.59375,0.59375,0.3076923076923077,0.0,,0.0,,0.0,-0.03125,0.5336538461538461,0.5,0,1
2009,ARI,Ken Whisenhunt,position to join the Kansas City Chiefs as their head coach,Billy Davis,2,0.5608974358974359,0.5833333333333334,0.5608974358974359,0.0,,,,0.0,,,,Ken Whisenhunt,Todd Haley,Clancy Pendergast,1.0,0.5384615384615384,0.5384615384615384,0.5384615384615384,1.0,0.5,0.5,0.5384615384615384,2.0,0.5625,0.53125,0.4230769230769231,0.0,0.022435897435897467,1.0,,1.0,,0.5608974358974359,0.5608974358974359,1,0
2010,ARI,Ken Whisenhunt,,,3,0.6047008547008547,0.6923076923076923,0.6047008547008547,,,,,,,,,Ken Whisenhunt,position to join the Kansas City Chiefs as their head coach,Billy Davis,2.0,0.5608974358974359,0.5833333333333334,0.5608974358974359,0.0,,,,0.0,,,,0.0,0.04380341880341876,0.0,,0.0,,0.6047008547008547,0.6047008547008547,1,0
2011,ARI,Ken Whisenhunt,Mike Miller,Ray Horton,4,0.5112179487179487,0.23076923076923078,0.5112179487179487,0.0,,,,0.0,,,,Ken Whisenhunt,,,3.0,0.6047008547008547,0.6923076923076923,0.6047008547008547,,,,,,,,,0.0,-0.09348290598290598,0.0,,0.0,,0.5112179487179487,0.5112179487179487,0,1
2012,ARI,Ken Whisenhunt,Mike Miller,Ray Horton,5,0.5166666666666666,0.5384615384615384,0.5166666666666666,1.0,0.3125,0.3125,0.5384615384615384,1.0,0.59375,0.59375,0.5384615384615384,Ken Whisenhunt,Mike Miller,Ray Horton,4.0,0.5112179487179487,0.23076923076923078,0.5112179487179487,0.0,,,,0.0,,,,0.0,0.005448717948717929,0.0,,0.0,,0.47430555555555554,0.3125,1,0
2013,ARI,Bruce Arians,,Todd Bowles,0,,,,,,,,0.0,,,,Ken Whisenhunt,Mike Miller,Ray Horton,5.0,0.5166666666666666,0.5384615384615384,0.5166666666666666,1.0,0.3125,0.3125,0.5384615384615384,1.0,0.59375,0.59375,0.5384615384615384,1.0,,0.0,,1.0,,,,0,0
2014,ARI,Bruce Arians,Harold Goodwin,Todd Bowles,1,0.6923076923076923,0.6923076923076923,0.6923076923076923,0.0,,,,1.0,0.96875,0.96875,0.6923076923076923,Bruce Arians,,Todd Bowles,0.0,,,,,,,,0.0,,,,0.0,,0.0,,0.0,,0.8305288461538461,0.6923076923076923,0,0
2015,ARI,Bruce Arians,Harold Goodwin,James Bettcher,2,0.6538461538461539,0.6153846153846154,0.6538461538461539,1.0,0.3125,0.3125,0.6153846153846154,0.0,,,,Bruce Arians,Harold Goodwin,Todd Bowles,1.0,0.6923076923076923,0.6923076923076923,0.6923076923076923,0.0,,,,1.0,0.96875,0.96875,0.6923076923076923,0.0,-0.038461538461538436,0.0,,1.0,,0.4831730769230769,0.3125,0,1
2016,ARI,Bruce Arians,,James Bettcher,3,0.6923076923076924,0.7692307692307693,0.6923076923076924,,,,,1.0,0.96875,0.96875,0.7692307692307693,Bruce Arians,Harold Goodwin,James Bettcher,2.0,0.6538461538461539,0.6153846153846154,0.6538461538461539,1.0,0.3125,0.3125,0.6153846153846154,0.0,,,,0.0,0.03846153846153855,0.0,,0.0,,0.8305288461538463,0.6923076923076924,1,0
2017,ARI,Bruce Arians,,James Bettcher,4,0.6346153846153847,0.46153846153846156,0.6346153846153847,,,,,2.0,0.921875,0.875,0.6153846153846154,Bruce Arians,,James Bettcher,3.0,0.6923076923076924,0.7692307692307693,0.6923076923076924,,,,,1.0,0.96875,0.96875,0.7692307692307693,0.0,-0.05769230769230771,0.0,,0.0,-0.046875,0.7782451923076923,0.6346153846153847,0,2
2018,ARI,Steve Wilks,"Mike McCoy (fired Oct 19, 2018)",Al Holcomb,0,,,,0.0,,,,0.0,,,,Bruce Arians,,James Bettcher,4.0,0.6346153846153847,0.46153846153846156,0.6346153846153847,,,,,2.0,0.921875,0.875,0.6153846153846154,1.0,,0.0,,1.0,,,,0,0
2019,ARI,Kliff Kingsbury,,Vance Joseph,0,,,,,,,,1.0,0.59375,0.59375,0.6923076923076923,Steve Wilks,"Mike McCoy (fired Oct 19, 2018)",Al Holcomb,0.0,,,,0.0,,,,0.0,,,,1.0,,0.0,,1.0,,0.59375,0.59375,0,0
2020,ARI,Kliff Kingsbury,,Vance Joseph,1,0.38461538461538464,0.38461538461538464,0.38461538461538464,,,,,2.0,0.359375,0.125,0.5384615384615384,Kliff Kingsbury,,Vance Joseph,0.0,,,,,,,,1.0,0.59375,0.59375,0.6923076923076923,0.0,,0.0,,0.0,-0.234375,0.3719951923076923,0.359375,0,1
2021,ARI,Kliff Kingsbury,,Vance Joseph,2,0.42307692307692313,0.46153846153846156,0.42307692307692313,,,,,3.0,0.46875,0.6875,0.5128205128205128,Kliff Kingsbury,,Vance Joseph,1.0,0.38461538461538464,0.38461538461538464,0.38461538461538464,,,,,2.0,0.359375,0.125,0.5384615384615384,0.0,0.03846153846153849,0.0,,0.0,0.109375,0.44591346153846156,0.42307692307692313,2,0
2022,ARI,Kliff Kingsbury,,Vance Joseph,3,0.47252747252747257,0.5714285714285714,0.47252747252747257,,,,,4.0,0.5546875,0.8125,0.5274725274725274,Kliff Kingsbury,,Vance Joseph,2.0,0.42307692307692313,0.46153846153846156,0.42307692307692313,,,,,3.0,0.46875,0.6875,0.5128205128205128,0.0,0.04945054945054944,0.0,,0.0,0.0859375,0.5136074862637363,0.47252747252747257,2,0
2023,ARI,Jonathan Gannon,Drew Petzing,Nick Rallis,0,,,,0.0,,,,0.0,,,,Kliff Kingsbury,,Vance Joseph,3.0,0.47252747252747257,0.5714285714285714,0.47252747252747257,,,,,4.0,0.5546875,0.8125,0.5274725274725274,1.0,,0.0,,1.0,,,,0,0
2024,ARI,Jonathan Gannon,Drew Petzing,Nick Rallis,1,0.21428571428571427,0.21428571428571427,0.21428571428571427,1.0,0.21875,0.21875,0.21428571428571427,1.0,0.03125,0.03125,0.21428571428571427,Jonathan Gannon,Drew Petzing,Nick Rallis,0.0,,,,0.0,,,,0.0,,,,0.0,,0.0,,0.0,,0.15476190476190477,0.03125,0,0
2025,ARI,Jonathan Gannon,Drew Petzing,Nick Rallis,2,0.35714285714285715,0.5,0.35714285714285715,2.0,0.46875,0.71875,0.35714285714285715,2.0,0.109375,0.1875,0.35714285714285715,Jonathan Gannon,Drew Petzing,Nick Rallis,1.0,0.21428571428571427,0.21428571428571427,0.21428571428571427,1.0,0.21875,0.21875,0.21428571428571427,1.0,0.03125,0.03125,0.21428571428571427,0.0,0.14285714285714288,0.0,0.25,0.0,0.078125,0.3117559523809524,0.109375,3,0
2026,ARI,Jonathan Gannon,Nathaniel Hackett,Nick Rallis,3,0.2619047619047619,0.07142857142857142,0.2619047619047619,9.0,0.5173611111111112,0.53125,0.5262515262515263,3.0,0.14583333333333334,0.21875,0.2619047619047619,Jonathan Gannon,Drew Petzing,Nick Rallis,2.0,0.35714285714285715,0.5,0.35714285714285715,2.0,0.46875,0.71875,0.35714285714285715,2.0,0.109375,0.1875,0.35714285714285715,0.0,-0.09523809523809523,1.0,0.04861111111111116,0.0,0.03645833333333334,0.30836640211640215,0.14583333333333334,2,1
2006,ATL,Jim Mora,Greg Knapp,Ed Donatell,0,,,,0.0,,,,0.0,,,,,,,,,,,,,,,,,,,0.0,,0.0,,0.0,,,,0,0
2007,ATL,Bobby Petrino,Hue Jackson,Mike Zimmer,0,,,,0.0,,,,1.0,0.625,0.625,0.5384615384615384,Jim Mora,Greg Knapp,Ed Donatell,0.0,,,,0.0,,,,0.0,,,,1.0,,1.0,,1.0,,0.625,0.625,0,0
2008,ATL,Mike Smith,Mike Mularkey,Brian VanGorder,0,,,,1.0,0.15625,0.15625,0.38461538461538464,0.0,,,,Bobby Petrino,Hue Jackson,Mike Zimmer,0.0,,,,0.0,,,,1.0,0.625,0.625,0.5384615384615384,1.0,,1.0,,1.0,,0.15625,0.15625,0,0
2009,ATL,Mike Smith,Mike Mularkey,Brian VanGorder,1,0.8181818181818182,0.8181818181818182,0.8181818181818182,2.0,0.484375,0.8125,0.6013986013986015,1.0,0.53125,0.53125,0.8181818181818182,Mike Smith,Mike Mularkey,Brian VanGorder,0.0,,,,1.0,0.15625,0.15625,0.38461538461538464,0.0,,,,0.0,,0.0,0.328125,0.0,,0.6112689393939394,0.484375,1,0
2010,ATL,Mike Smith,Mike Mularkey,Brian VanGorder,2,0.6783216783216783,0.5384615384615384,0.6783216783216783,3.0,0.5208333333333334,0.59375,0.5804195804195804,2.0,0.40625,0.28125,0.6783216783216783,Mike Smith,Mike Mularkey,Brian VanGorder,1.0,0.8181818181818182,0.8181818181818182,0.8181818181818182,2.0,0.484375,0.8125,0.6013986013986015,1.0,0.53125,0.53125,0.8181818181818182,0.0,-0.1398601398601399,0.0,0.03645833333333337,0.0,-0.125,0.5351350038850039,0.40625,1,2
2011,ATL,Mike Smith,Mike Mularkey,Brian VanGorder,3,0.7342657342657343,0.8461538461538461,0.7342657342657343,4.0,0.5859375,0.78125,0.6468531468531469,3.0,0.5416666666666666,0.8125,0.7342657342657343,Mike Smith,Mike Mularkey,Brian VanGorder,2.0,0.6783216783216783,0.5384615384615384,0.6783216783216783,3.0,0.5208333333333334,0.59375,0.5804195804195804,2.0,0.40625,0.28125,0.6783216783216783,0.0,0.05594405594405594,0.0,0.06510416666666663,0.0,0.13541666666666663,0.6206233003108003,0.5416666666666666,3,0
2012,ATL,Mike Smith,Dirk Koetter,Mike Nolan,4,0.7237762237762237,0.6923076923076923,0.7237762237762237,5.0,0.5375,0.03125,0.45,3.0,0.7604166666666666,0.71875,0.4102564102564103,Mike Smith,Mike Mularkey,Brian VanGorder,3.0,0.7342657342657343,0.8461538461538461,0.7342657342657343,4.0,0.5859375,0.78125,0.6468531468531469,3.0,0.5416666666666666,0.8125,0.7342657342657343,0.0,-0.010489510489510523,1.0,-0.04843750000000002,1.0,0.21875,0.6738976301476302,0.5375,1,2
2013,ATL,Mike Smith,Dirk Koetter,Mike Nolan,5,0.7328671328671328,0.7692307692307693,0.7328671328671328,6.0,0.59375,0.875,0.5032051282051282,4.0,0.7421875,0.6875,0.5,Mike Smith,Dirk Koetter,Mike Nolan,4.0,0.7237762237762237,0.6923076923076923,0.7237762237762237,5.0,0.5375,0.03125,0.45,3.0,0.7604166666666666,0.71875,0.4102564102564103,0.0,0.009090909090909038,0.0,0.05625000000000002,0.0,-0.01822916666666663,0.6896015442890443,0.59375,2,1
2014,ATL,Mike Smith,Dirk Koetter,Mike Nolan,6,0.6491841491841491,0.23076923076923078,0.6491841491841491,7.0,0.5982142857142857,0.625,0.4642857142857143,5.0,0.6,0.03125,0.4461538461538462,Mike Smith,Dirk Koetter,Mike Nolan,5.0,0.7328671328671328,0.7692307692307693,0.7328671328671328,6.0,0.59375,0.875,0.5032051282051282,4.0,0.7421875,0.6875,0.5,0.0,-0.08368298368298366,0.0,0.004464285714285698,0.0,-0.14218750000000002,0.6157994782994782,0.5982142857142857,1,2
2015,ATL,Dan Quinn,Kyle Shanahan,Richard Smith,0,,,,7.0,0.5223214285714286,0.21875,0.456959706959707,3.0,0.17708333333333334,0.25,0.5021367521367521,Mike Smith,Dirk Koetter,Mike Nolan,6.0,0.6491841491841491,0.23076923076923078,0.6491841491841491,7.0,0.5982142857142857,0.625,0.4642857142857143,5.0,0.6,0.03125,0.4461538461538462,1.0,,1.0,-0.0758928571428571,1.0,-0.4229166666666666,0.349702380952381,0.17708333333333334,0,2
2016,ATL,Dan Quinn,Kyle Shanahan,Richard Smith,1,0.38461538461538464,0.38461538461538464,0.38461538461538464,8.0,0.52734375,0.5625,0.44791666666666674,4.0,0.28125,0.59375,0.47275641025641024,Dan Quinn,Kyle Shanahan,Richard Smith,0.0,,,,7.0,0.5223214285714286,0.21875,0.456959706959707,3.0,0.17708333333333334,0.25,0.5021367521367521,0.0,,0.0,0.005022321428571397,0.0,0.10416666666666666,0.3977363782051282,0.28125,2,0
2017,ATL,Dan Quinn,Steve Sarkisian,Marquand Manuel,2,0.5384615384615384,0.6923076923076923,0.5384615384615384,0.0,,,,0.0,,,,Dan Quinn,Kyle Shanahan,Richard Smith,1.0,0.38461538461538464,0.38461538461538464,0.38461538461538464,8.0,0.52734375,0.5625,0.44791666666666674,4.0,0.28125,0.59375,0.47275641025641024,0.0,0.1538461538461538,1.0,,1.0,,0.5384615384615384,0.5384615384615384,1,0
2018,ATL,Dan Quinn,Steve Sarkisian,Marquand Manuel,3,0.5384615384615384,0.5384615384615384,0.5384615384615384,1.0,0.78125,0.78125,0.5384615384615384,1.0,0.4375,0.4375,0.5384615384615384,Dan Quinn,Steve Sarkisian,Marquand Manuel,2.0,0.5384615384615384,0.6923076923076923,0.5384615384615384,0.0,,,,0.0,,,,0.0,0.0,0.0,,0.0,,0.5857371794871794,0.4375,0,0
2019,ATL,Dan Quinn,Dirk Koetter,,4,0.5192307692307693,0.46153846153846156,0.5192307692307693,9.0,0.6284722222222222,0.71875,0.43803418803418803,,,,,Dan Quinn,Steve Sarkisian,Marquand Manuel,3.0,0.5384615384615384,0.5384615384615384,0.5384615384615384,1.0,0.78125,0.78125,0.5384615384615384,1.0,0.4375,0.4375,0.5384615384615384,0.0,-0.019230769230769162,1.0,-0.1527777777777778,0.0,,0.5738514957264957,0.5192307692307693,0,2
2020,ATL,Raheem Morris,Dirk Koetter,Raheem Morris,3,0.3333333333333333,0.15384615384615385,0.3333333333333333,10.0,0.63125,0.65625,0.44038461538461543,0.0,,,,Dan Quinn,Dirk Koetter,,4.0,0.5192307692307693,0.46153846153846156,0.5192307692307693,9.0,0.6284722222222222,0.71875,0.43803418803418803,,,,,1.0,-0.18589743589743596,0.0,0.002777777777777768,0.0,,0.4822916666666667,0.3333333333333333,1,1
2021,ATL,Arthur Smith,Dave Ragone,Dean Pees,0,,,,0.0,,,,12.0,0.6744791666666666,0.59375,0.6004273504273504,Raheem Morris,Dirk Koetter,Raheem Morris,3.0,0.3333333333333333,0.15384615384615385,0.3333333333333333,10.0,0.63125,0.65625,0.44038461538461543,0.0,,,,1.0,,1.0,,1.0,,0.6744791666666666,0.6744791666666666,0,0
2022,ATL,Arthur Smith,Dave Ragone,Dean Pees,1,0.42857142857142855,0.42857142857142855,0.42857142857142855,1.0,0.21875,0.21875,0.42857142857142855,13.0,0.6346153846153846,0.15625,0.587207664130741,Arthur Smith,Dave Ragone,Dean Pees,0.0,,,,0.0,,,,12.0,0.6744791666666666,0.59375,0.6004273504273504,0.0,,0.0,,0.0,-0.03986378205128205,0.42731227106227104,0.21875,0,1
2023,ATL,Arthur Smith,Dave Ragone,Ryan Nielsen,2,0.42857142857142855,0.42857142857142855,0.42857142857142855,2.0,0.4375,0.65625,0.42857142857142855,0.0,,,,Arthur Smith,Dave Ragone,Dean Pees,1.0,0.42857142857142855,0.42857142857142855,0.42857142857142855,1.0,0.21875,0.21875,0.42857142857142855,13.0,0.6346153846153846,0.15625,0.587207664130741,0.0,0.0,0.0,0.21875,1.0,,0.4330357142857143,0.42857142857142855,1,0
2024,ATL,Raheem Morris,Zac Robinson,Jimmy Lake,4,0.3269230769230769,0.3076923076923077,0.3269230769230769,0.0,,,,0.0,,,,Arthur Smith,Dave Ragone,Ryan Nielsen,2.0,0.42857142857142855,0.42857142857142855,0.42857142857142855,2.0,0.4375,0.65625,0.42857142857142855,0.0,,,,1.0,-0.10164835164835162,1.0,,1.0,,0.3269230769230769,0.3269230769230769,0,1
2025,ATL,Raheem Morris,Zac Robinson,Jeff Ulbrich,5,0.36153846153846153,0.5,0.36153846153846153,1.0,0.625,0.625,0.5,3.0,0.59375,0.9375,0.38095238095238093,Raheem Morris,Zac Robinson,Jimmy Lake,4.0,0.3269230769230769,0.3076923076923077,0.3269230769230769,0.0,,,,0.0,,,,0.0,0.0346153846153846,0.0,,1.0,,0.5267628205128205,0.36153846153846153,1,0
2026,ATL,Raheem Morris,,,6,0.3846153846153846,0.5,0.3846153846153846,,,,,,,,,Raheem Morris,Zac Robinson,Jeff Ulbrich,5.0,0.36153846153846153,0.5,0.36153846153846153,1.0,0.625,0.625,0.5,3.0,0.59375,0.9375,0.38095238095238093,0.0,0.02307692307692305,0.0,,0.0,,0.3846153846153846,0.3846153846153846,1,0
2006,BAL,Brian Billick,Jim Fassel (fired Oct 17),Rex Ryan,0,,,,0.0,,,,0.0,,,,,,,,,,,,,,,,,,,0.0,,0.0,,0.0,,,,0,0
2007,BAL,Brian Billick,Rick Neuheisel,Rex Ryan,1,0.7692307692307693,0.7692307692307693,0.7692307692307693,0.0,,,,1.0,1.0,1.0,0.7692307692307693,Brian Billick,Jim Fassel (fired Oct 17),Rex Ryan,0.0,,,,0.0,,,,0.0,,,,0.0,,1.0,,0.0,,0.8846153846153846,0.7692307692307693,0,0
2008,BAL,John Harbaugh,Cam Cameron,Rex Ryan,0,,,,1.0,0.96875,0.96875,0.9230769230769231,2.0,0.734375,0.46875,0.5,Brian Billick,Rick Neuheisel,Rex Ryan,1.0,0.7692307692307693,0.7692307692307693,0.7692307692307693,0.0,,,,1.0,1.0,1.0,0.7692307692307693,1.0,,1.0,,0.0,-0.265625,0.8515625,0.734375,0,1
2009,BAL,John Harbaugh,Cam Cameron,Greg Mattison,1,0.75,0.75,0.75,2.0,0.703125,0.4375,0.8365384615384616,0.0,,,,John Harbaugh,Cam Cameron,Rex Ryan,0.0,,,,1.0,0.96875,0.96875,0.9230769230769231,2.0,0.734375,0.46875,0.5,0.0,,0.0,-0.265625,1.0,,0.7265625,0.703125,0,1
2010,BAL,John Harbaugh,Cam Cameron,Greg Mattison,2,0.6057692307692308,0.46153846153846156,0.6057692307692308,3.0,0.6875,0.65625,0.7115384615384616,1.0,0.90625,0.90625,0.46153846153846156,John Harbaugh,Cam Cameron,Greg Mattison,1.0,0.75,0.75,0.75,2.0,0.703125,0.4375,0.8365384615384616,0.0,,,,0.0,-0.14423076923076916,0.0,-0.015625,0.0,,0.733173076923077,0.6057692307692308,0,2
2011,BAL,John Harbaugh,Cam Cameron,Chuck Pagano,3,0.6602564102564102,0.7692307692307693,0.6602564102564102,4.0,0.6640625,0.59375,0.7259615384615384,0.0,,,,John Harbaugh,Cam Cameron,Greg Mattison,2.0,0.6057692307692308,0.46153846153846156,0.6057692307692308,3.0,0.6875,0.65625,0.7115384615384616,1.0,0.90625,0.90625,0.46153846153846156,0.0,0.054487179487179405,0.0,-0.0234375,1.0,,0.6621594551282051,0.6602564102564102,1,1
2012,BAL,John Harbaugh,Cam Cameron (fired Dec 10) Jim Caldwell,Dean Pees,4,0.6875,0.7692307692307693,0.6875,0.0,,,,4.0,0.6875,0.65625,0.7628205128205128,John Harbaugh,Cam Cameron,Chuck Pagano,3.0,0.6602564102564102,0.7692307692307693,0.6602564102564102,4.0,0.6640625,0.59375,0.7259615384615384,0.0,,,,0.0,0.027243589743589758,1.0,,1.0,,0.6875,0.6875,1,0
2013,BAL,John Harbaugh,Jim Caldwell,Dean Pees,5,0.6730769230769231,0.6153846153846154,0.6730769230769231,0.0,,,,5.0,0.64375,0.46875,0.7333333333333333,John Harbaugh,Cam Cameron (fired Dec 10) Jim Caldwell,Dean Pees,4.0,0.6875,0.7692307692307693,0.6875,0.0,,,,4.0,0.6875,0.65625,0.7628205128205128,0.0,-0.014423076923076872,1.0,,0.0,-0.043749999999999956,0.6584134615384616,0.64375,0,2
2014,BAL,John Harbaugh,Gary Kubiak,Dean Pees,6,0.6378205128205129,0.46153846153846156,0.6378205128205129,0.0,,,,6.0,0.6510416666666666,0.6875,0.6880341880341879,John Harbaugh,Jim Caldwell,Dean Pees,5.0,0.6730769230769231,0.6153846153846154,0.6730769230769231,0.0,,,,5.0,0.64375,0.46875,0.7333333333333333,0.0,-0.03525641025641024,1.0,,0.0,0.007291666666666585,0.6444310897435898,0.6378205128205129,1,1
2015,BAL,John Harbaugh,Marc Trestman,Dean Pees,7,0.6346153846153847,0.6153846153846154,0.6346153846153847,0.0,,,,7.0,0.6294642857142857,0.5,0.6776556776556776,John Harbaugh,Gary Kubiak,Dean Pees,6.0,0.6378205128205129,0.46153846153846156,0.6378205128205129,0.0,,,,6.0,0.6510416666666666,0.6875,0.6880341880341879,0.0,-0.0032051282051281937,1.0,,0.0,-0.02157738095238093,0.6320398351648352,0.6294642857142857,0,2
2016,BAL,John Harbaugh,Marc Trestman (fired Oct 10) Marty Mornhinweg,Dean Pees,8,0.6033653846153846,0.38461538461538464,0.6033653846153846,0.0,,,,8.0,0.62109375,0.5625,0.641025641025641,John Harbaugh,Marc Trestman,Dean Pees,7.0,0.6346153846153847,0.6153846153846154,0.6346153846153847,0.0,,,,7.0,0.6294642857142857,0.5,0.6776556776556776,0.0,-0.03125000000000011,1.0,,0.0,-0.008370535714285698,0.6122295673076923,0.6033653846153846,0,2
2017,BAL,John Harbaugh,Marty Mornhinweg,Dean Pees,9,0.5790598290598291,0.38461538461538464,0.5790598290598291,9.0,0.5694444444444444,0.09375,0.48931623931623935,9.0,0.6458333333333334,0.84375,0.6125356125356125,John Harbaugh,Marc Trestman (fired Oct 10) Marty Mornhinweg,Dean Pees,8.0,0.6033653846153846,0.38461538461538464,0.6033653846153846,0.0,,,,8.0,0.62109375,0.5625,0.641025641025641,0.0,-0.02430555555555547,1.0,,0.0,0.02473958333333337,0.5981125356125356,0.5694444444444444,1,1
2018,BAL,John Harbaugh,Marty Mornhinweg,Don Martindale,10,0.575,0.5384615384615384,0.575,10.0,0.553125,0.40625,0.49423076923076925,0.0,,,,John Harbaugh,Marty Mornhinweg,Dean Pees,9.0,0.5790598290598291,0.38461538461538464,0.5790598290598291,9.0,0.5694444444444444,0.09375,0.48931623931623935,9.0,0.6458333333333334,0.84375,0.6125356125356125,0.0,-0.004059829059829156,0.0,-0.016319444444444442,1.0,,0.5640624999999999,0.553125,0,2
2019,BAL,John Harbaugh,Greg Roman,Don Martindale,11,0.5786713286713286,0.6153846153846154,0.5786713286713286,5.0,0.6,0.84375,0.676923076923077,1.0,0.9375,0.9375,0.6153846153846154,John Harbaugh,Marty Mornhinweg,Don Martindale,10.0,0.575,0.5384615384615384,0.575,10.0,0.553125,0.40625,0.49423076923076925,0.0,,,,0.0,0.0036713286713286886,1.0,0.046875,0.0,,0.705390442890443,0.5786713286713286,2,0
2020,BAL,John Harbaugh,Greg Roman,Don Martindale,12,0.6073717948717948,0.9230769230769231,0.6073717948717948,6.0,0.6666666666666666,1.0,0.717948717948718,2.0,0.921875,0.90625,0.7692307692307693,John Harbaugh,Greg Roman,Don Martindale,11.0,0.5786713286713286,0.6153846153846154,0.5786713286713286,5.0,0.6,0.84375,0.676923076923077,1.0,0.9375,0.9375,0.6153846153846154,0.0,0.02870046620046618,0.0,0.06666666666666665,0.0,-0.015625,0.7319711538461539,0.6073717948717948,2,1
2021,BAL,John Harbaugh,Greg Roman,Don Martindale,13,0.613905325443787,0.6923076923076923,0.613905325443787,7.0,0.6830357142857143,0.78125,0.7142857142857143,3.0,0.8645833333333334,0.75,0.7435897435897436,John Harbaugh,Greg Roman,Don Martindale,12.0,0.6073717948717948,0.9230769230769231,0.6073717948717948,6.0,0.6666666666666666,1.0,0.717948717948718,2.0,0.921875,0.90625,0.7692307692307693,0.0,0.00653353057199213,0.0,0.016369047619047672,0.0,-0.05729166666666663,0.7205081243542782,0.613905325443787,2,1
2022,BAL,John Harbaugh,Greg Roman,Mike Macdonald,14,0.6006671899529042,0.42857142857142855,0.6006671899529042,8.0,0.671875,0.59375,0.6785714285714286,0.0,,,,John Harbaugh,Greg Roman,Don Martindale,13.0,0.613905325443787,0.6923076923076923,0.613905325443787,7.0,0.6830357142857143,0.78125,0.7142857142857143,3.0,0.8645833333333334,0.75,0.7435897435897436,0.0,-0.013238135490882708,0.0,-0.011160714285714302,1.0,,0.6362710949764521,0.6006671899529042,0,2
2023,BAL,John Harbaugh,Todd Monken,Mike Macdonald,15,0.5987179487179487,0.5714285714285714,0.5987179487179487,1.0,0.65625,0.65625,0.23076923076923078,1.0,0.53125,0.53125,0.5714285714285714,John Harbaugh,Greg Roman,Mike Macdonald,14.0,0.6006671899529042,0.42857142857142855,0.6006671899529042,8.0,0.671875,0.59375,0.6785714285714286,0.0,,,,0.0,-0.0019492412349555455,1.0,-0.015625,0.0,,0.5954059829059829,0.53125,0,2
2024,BAL,John Harbaugh,Todd Monken,Zach Orr,16,0.6104052197802198,0.7857142857142857,0.6104052197802198,2.0,0.78125,0.90625,0.5082417582417582,0.0,,,,John Harbaugh,Todd Monken,Mike Macdonald,15.0,0.5987179487179487,0.5714285714285714,0.5987179487179487,1.0,0.65625,0.65625,0.23076923076923078,1.0,0.53125,0.53125,0.5714285714285714,0.0,0.011687271062271076,0.0,0.125,1.0,,0.6958276098901099,0.6104052197802198,2,0
2025,BAL,John Harbaugh,Todd Monken,Zach Orr,17,0.6207175177763413,0.7857142857142857,0.6207175177763413,3.0,0.8541666666666666,1.0,0.6007326007326007,1.0,0.8125,0.8125,0.7857142857142857,John Harbaugh,Todd Monken,Zach Orr,16.0,0.6104052197802198,0.7857142857142857,0.6104052197802198,2.0,0.78125,0.90625,0.5082417582417582,0.0,,,,0.0,0.010312297996121544,0.0,0.07291666666666663,0.0,,0.762461394814336,0.6207175177763413,2,0
2026,BAL,Jesse Minter,Declan Doyle,Anthony Weaver,0,,,,1.0,0.78125,0.78125,0.7142857142857143,3.0,0.3645833333333333,0.28125,0.4358974358974359,John Harbaugh,Todd Monken,Zach Orr,17.0,0.6207175177763413,0.7857142857142857,0.6207175177763413,3.0,0.8541666666666666,1.0,0.6007326007326007,1.0,0.8125,0.8125,0.7857142857142857,1.0,,1.0,-0.07291666666666663,1.0,-0.4479166666666667,0.5729166666666666,0.3645833333333333,0,2
2006,BUF,Dick Jauron,Steve Fairchild,Perry Fewell,0,,,,0.0,,,,0.0,,,,,,,,,,,,,,,,,,,0.0,,0.0,,0.0,,,,0,0
2007,BUF,Dick Jauron,,Perry Fewell,1,0.46153846153846156,0.46153846153846156,0.46153846153846156,,,,,1.0,0.46875,0.46875,0.46153846153846156,Dick Jauron,Steve Fairchild,Perry Fewell,0.0,,,,0.0,,,,0.0,,,,0.0,,0.0,,0.0,,0.4651442307692308,0.46153846153846156,0,0
2008,BUF,Dick Jauron,Turk Schonert,Perry Fewell,2,0.5,0.5384615384615384,0.5,0.0,,,,2.0,0.34375,0.21875,0.5,Dick Jauron,,Perry Fewell,1.0,0.46153846153846156,0.46153846153846156,0.46153846153846156,,,,,1.0,0.46875,0.46875,0.46153846153846156,0.0,0.038461538461538436,0.0,,0.0,-0.125,0.421875,0.34375,1,1
2009,BUF,Dick Jauron,,Perry Fewell,3,0.4166666666666667,0.25,0.4166666666666667,,,,,3.0,0.4166666666666667,0.5625,0.4166666666666667,Dick Jauron,Turk Schonert,Perry Fewell,2.0,0.5,0.5384615384615384,0.5,0.0,,,,2.0,0.34375,0.21875,0.5,0.0,-0.08333333333333331,0.0,,0.0,0.07291666666666669,0.4166666666666667,0.4166666666666667,1,1
2010,BUF,Chan Gailey,,George Edwards,0,,,,,,,,0.0,,,,Dick Jauron,,Perry Fewell,3.0,0.4166666666666667,0.25,0.4166666666666667,,,,,3.0,0.4166666666666667,0.5625,0.4166666666666667,1.0,,0.0,,1.0,,,,0,0
2011,BUF,Chan Gailey,,George Edwards,1,0.3076923076923077,0.3076923076923077,0.3076923076923077,,,,,1.0,0.125,0.125,0.3076923076923077,Chan Gailey,,George Edwards,0.0,,,,,,,,0.0,,,,0.0,,0.0,,0.0,,0.21634615384615385,0.125,0,0
2012,BUF,Chan Gailey,,Dave Wannstedt,2,0.2692307692307693,0.23076923076923078,0.2692307692307693,,,,,0.0,,,,Chan Gailey,,George Edwards,1.0,0.3076923076923077,0.3076923076923077,0.3076923076923077,,,,,1.0,0.125,0.125,0.3076923076923077,0.0,-0.038461538461538436,0.0,,1.0,,0.2692307692307693,0.2692307692307693,0,1
2013,BUF,Doug Marrone,Nathaniel Hackett,Mike Pettine,0,,,,0.0,,,,4.0,0.8671875,0.71875,0.4807692307692308,Chan Gailey,,Dave Wannstedt,2.0,0.2692307692307693,0.23076923076923078,0.2692307692307693,,,,,0.0,,,,1.0,,0.0,,1.0,,0.8671875,0.8671875,0,0
2014,BUF,Doug Marrone,Nathaniel Hackett,Jim Schwartz,1,0.38461538461538464,0.38461538461538464,0.38461538461538464,1.0,0.21875,0.21875,0.38461538461538464,3.0,0.5729166666666666,0.9375,0.6829836829836831,Doug Marrone,Nathaniel Hackett,Mike Pettine,0.0,,,,0.0,,,,4.0,0.8671875,0.71875,0.4807692307692308,0.0,,0.0,,1.0,-0.29427083333333337,0.39209401709401703,0.21875,0,1
2015,BUF,Rex Ryan,Greg Roman,Dennis Thurman,6,0.4358974358974359,0.23076923076923078,0.4358974358974359,4.0,0.5390625,0.25,0.7307692307692307,2.0,0.375,0.25,0.34615384615384615,Doug Marrone,Nathaniel Hackett,Jim Schwartz,1.0,0.38461538461538464,0.38461538461538464,0.38461538461538464,1.0,0.21875,0.21875,0.38461538461538464,3.0,0.5729166666666666,0.9375,0.6829836829836831,1.0,0.051282051282051266,1.0,0.3203125,1.0,-0.19791666666666663,0.4499866452991453,0.375,2,1
2016,BUF,Rex Ryan,,Dennis Thurman,7,0.4395604395604396,0.46153846153846156,0.4395604395604396,,,,,3.0,0.375,0.375,0.3846153846153846,Rex Ryan,Greg Roman,Dennis Thurman,6.0,0.4358974358974359,0.23076923076923078,0.4358974358974359,4.0,0.5390625,0.25,0.7307692307692307,2.0,0.375,0.25,0.34615384615384615,0.0,0.0036630036630037055,0.0,,0.0,0.0,0.4072802197802198,0.375,1,0
2017,BUF,Sean McDermott,Rick Dennison,Leslie Frazier,0,,,,9.0,0.5729166666666666,0.28125,0.46076146076146074,6.0,0.6510416666666666,0.3125,0.483974358974359,Rex Ryan,,Dennis Thurman,7.0,0.4395604395604396,0.46153846153846156,0.4395604395604396,,,,,3.0,0.375,0.375,0.3846153846153846,1.0,,0.0,,1.0,0.27604166666666663,0.6119791666666666,0.5729166666666666,1,0
2018,BUF,Sean McDermott,Brian Daboll,Leslie Frazier,1,0.5384615384615384,0.5384615384615384,0.5384615384615384,4.0,0.2109375,0.0625,0.3269230769230769,7.0,0.6071428571428571,0.34375,0.49175824175824173,Sean McDermott,Rick Dennison,Leslie Frazier,0.0,,,,9.0,0.5729166666666666,0.28125,0.46076146076146074,6.0,0.6510416666666666,0.3125,0.483974358974359,0.0,,1.0,-0.36197916666666663,0.0,-0.043898809523809534,0.45218063186813184,0.2109375,0,2
2019,BUF,Sean McDermott,Brian Daboll,Leslie Frazier,2,0.46153846153846156,0.38461538461538464,0.46153846153846156,5.0,0.18125,0.0625,0.3384615384615385,8.0,0.64453125,0.90625,0.4783653846153846,Sean McDermott,Brian Daboll,Leslie Frazier,1.0,0.5384615384615384,0.5384615384615384,0.5384615384615384,4.0,0.2109375,0.0625,0.3269230769230769,7.0,0.6071428571428571,0.34375,0.49175824175824173,0.0,-0.07692307692307687,0.0,-0.029687500000000006,0.0,0.037388392857142905,0.42910657051282053,0.18125,1,2
2020,BUF,Sean McDermott,Brian Daboll,Leslie Frazier,3,0.4871794871794872,0.5384615384615384,0.4871794871794872,6.0,0.22395833333333334,0.4375,0.3717948717948718,9.0,0.6701388888888888,0.875,0.485042735042735,Sean McDermott,Brian Daboll,Leslie Frazier,2.0,0.46153846153846156,0.38461538461538464,0.46153846153846156,5.0,0.18125,0.0625,0.3384615384615385,8.0,0.64453125,0.90625,0.4783653846153846,0.0,0.02564102564102566,0.0,0.04270833333333335,0.0,0.02560763888888884,0.46042556980056987,0.22395833333333334,3,0
2021,BUF,Sean McDermott,Brian Daboll,Leslie Frazier,4,0.5576923076923077,0.7692307692307693,0.5576923076923077,7.0,0.32142857142857145,0.90625,0.42857142857142855,10.0,0.665625,0.625,0.5134615384615384,Sean McDermott,Brian Daboll,Leslie Frazier,3.0,0.4871794871794872,0.5384615384615384,0.4871794871794872,6.0,0.22395833333333334,0.4375,0.3717948717948718,9.0,0.6701388888888888,0.875,0.485042735042735,0.0,0.07051282051282048,0.0,0.09747023809523811,0.0,-0.004513888888888817,0.514915293040293,0.32142857142857145,2,1
2022,BUF,Sean McDermott,Ken Dorsey,Leslie Frazier,5,0.5747252747252747,0.6428571428571429,0.5747252747252747,0.0,,,,11.0,0.6960227272727273,1.0,0.5252247752247752,Sean McDermott,Brian Daboll,Leslie Frazier,4.0,0.5576923076923077,0.7692307692307693,0.5576923076923077,7.0,0.32142857142857145,0.90625,0.42857142857142855,10.0,0.665625,0.625,0.5134615384615384,0.0,0.017032967032966972,1.0,,0.0,0.03039772727272727,0.635374000999001,0.5747252747252747,2,0
2023,BUF,Sean McDermott,Ken Dorsey ( fired after Week 10 ) Joe Brady ( interim ),,6,0.61996336996337,0.8461538461538461,0.61996336996337,0.0,,,,,,,,Sean McDermott,Ken Dorsey,Leslie Frazier,5.0,0.5747252747252747,0.6428571428571429,0.5747252747252747,0.0,,,,11.0,0.6960227272727273,1.0,0.5252247752247752,0.0,0.0452380952380953,1.0,,0.0,,0.61996336996337,0.61996336996337,1,0
2024,BUF,Sean McDermott,Joe Brady,Bobby Babich,7,0.6232339089481947,0.6428571428571429,0.6232339089481947,1.0,0.5625,0.5625,0.3076923076923077,0.0,,,,Sean McDermott,Ken Dorsey ( fired after Week 10 ) Joe Brady ( interim ),,6.0,0.61996336996337,0.8461538461538461,0.61996336996337,0.0,,,,,,,,0.0,0.003270538984824767,1.0,,0.0,,0.5928669544740974,0.5625,1,0
2025,BUF,Sean McDermott,Joe Brady,Bobby Babich,8,0.6346153846153846,0.7142857142857143,0.6346153846153846,2.0,0.765625,0.96875,0.510989010989011,1.0,0.5625,0.5625,0.7142857142857143,Sean McDermott,Joe Brady,Bobby Babich,7.0,0.6232339089481947,0.6428571428571429,0.6232339089481947,1.0,0.5625,0.5625,0.3076923076923077,0.0,,,,0.0,0.011381475667189833,0.0,0.203125,0.0,,0.6542467948717948,0.5625,2,0
2026,BUF,Sean McDermott,,,9,0.6355311355311355,0.6428571428571429,0.6355311355311355,,,,,,,,,Sean McDermott,Joe Brady,Bobby Babich,8.0,0.6346153846153846,0.7142857142857143,0.6346153846153846,2.0,0.765625,0.96875,0.510989010989011,1.0,0.5625,0.5625,0.7142857142857143,0.0,0.0009157509157509125,0.0,,0.0,,0.6355311355311355,0.6355311355311355,1,0
2006,CAR,John Fox,Dan Henning,Mike Trgovac,0,,,,0.0,,,,0.0,,,,,,,,,,,,,,,,,,,0.0,,0.0,,0.0,,,,0,0
2007,CAR,John Fox,Jeff Davidson,Mike Trgovac,1,0.5384615384615384,0.5384615384615384,0.5384615384615384,0.0,,,,1.0,0.6875,0.6875,0.5384615384615384,John Fox,Dan Henning,Mike Trgovac,0.0,,,,0.0,,,,0.0,,,,0.0,,1.0,,0.0,,0.6129807692307692,0.5384615384615384,0,0
2008,CAR,John Fox,Jeff Davidson,Mike Trgovac,2,0.46153846153846156,0.38461538461538464,0.46153846153846156,1.0,0.25,0.25,0.38461538461538464,2.0,0.5625,0.4375,0.46153846153846156,John Fox,Jeff Davidson,Mike Trgovac,1.0,0.5384615384615384,0.5384615384615384,0.5384615384615384,0.0,,,,1.0,0.6875,0.6875,0.5384615384615384,0.0,-0.07692307692307687,0.0,,0.0,-0.125,0.4246794871794872,0.25,0,2
2009,CAR,John Fox,Jeff Davidson,Ron Meeks,3,0.5501165501165501,0.7272727272727273,0.5501165501165501,2.0,0.5,0.75,0.5559440559440559,3.0,0.4895833333333333,0.59375,0.75990675990676,John Fox,Jeff Davidson,Mike Trgovac,2.0,0.46153846153846156,0.38461538461538464,0.46153846153846156,1.0,0.25,0.25,0.38461538461538464,2.0,0.5625,0.4375,0.46153846153846156,0.0,0.08857808857808858,0.0,0.25,1.0,-0.07291666666666669,0.5132332944832945,0.4895833333333333,2,1
2010,CAR,John Fox,Jeff Davidson,Ron Meeks,4,0.5664335664335665,0.6153846153846154,0.5664335664335665,3.0,0.46875,0.40625,0.5757575757575758,4.0,0.546875,0.71875,0.7237762237762239,John Fox,Jeff Davidson,Ron Meeks,3.0,0.5501165501165501,0.7272727272727273,0.5501165501165501,2.0,0.5,0.75,0.5559440559440559,3.0,0.4895833333333333,0.59375,0.75990675990676,0.0,0.01631701631701632,0.0,-0.03125,0.0,0.057291666666666685,0.5273528554778555,0.46875,2,1
2011,CAR,Ron Rivera,Rob Chudzinski,Sean McDermott,0,,,,2.0,0.40625,0.15625,0.47115384615384615,2.0,0.609375,0.375,0.641025641025641,John Fox,Jeff Davidson,Ron Meeks,4.0,0.5664335664335665,0.6153846153846154,0.5664335664335665,3.0,0.46875,0.40625,0.5757575757575758,4.0,0.546875,0.71875,0.7237762237762239,1.0,,1.0,-0.0625,1.0,0.0625,0.5078125,0.40625,1,1
2012,CAR,Ron Rivera,Rob Chudzinski,Sean McDermott,1,0.38461538461538464,0.38461538461538464,0.38461538461538464,3.0,0.5729166666666666,0.90625,0.4423076923076923,3.0,0.4270833333333333,0.0625,0.5555555555555555,Ron Rivera,Rob Chudzinski,Sean McDermott,0.0,,,,2.0,0.40625,0.15625,0.47115384615384615,2.0,0.609375,0.375,0.641025641025641,0.0,,0.0,0.16666666666666663,0.0,-0.18229166666666669,0.4615384615384615,0.38461538461538464,1,1
2013,CAR,Ron Rivera,Mike Shula,Sean McDermott,2,0.42307692307692313,0.46153846153846156,0.42307692307692313,0.0,,,,4.0,0.4609375,0.5625,0.532051282051282,Ron Rivera,Rob Chudzinski,Sean McDermott,1.0,0.38461538461538464,0.38461538461538464,0.38461538461538464,3.0,0.5729166666666666,0.90625,0.4423076923076923,3.0,0.4270833333333333,0.0625,0.5555555555555555,0.0,0.03846153846153849,1.0,,0.0,0.033854166666666685,0.44200721153846156,0.42307692307692313,2,0
2014,CAR,Ron Rivera,Mike Shula,Sean McDermott,3,0.5641025641025642,0.8461538461538461,0.5641025641025642,1.0,0.78125,0.78125,0.8461538461538461,5.0,0.55,0.90625,0.5948717948717949,Ron Rivera,Mike Shula,Sean McDermott,2.0,0.42307692307692313,0.46153846153846156,0.42307692307692313,0.0,,,,4.0,0.4609375,0.5625,0.532051282051282,0.0,0.14102564102564108,0.0,,0.0,0.08906250000000004,0.6317841880341881,0.55,2,0
2015,CAR,Ron Rivera,Mike Shula,Sean McDermott,4,0.5192307692307693,0.38461538461538464,0.5192307692307693,2.0,0.609375,0.4375,0.6153846153846154,6.0,0.4947916666666667,0.21875,0.5598290598290598,Ron Rivera,Mike Shula,Sean McDermott,3.0,0.5641025641025642,0.8461538461538461,0.5641025641025642,1.0,0.78125,0.78125,0.8461538461538461,5.0,0.55,0.90625,0.5948717948717949,0.0,-0.044871794871794934,0.0,-0.171875,0.0,-0.05520833333333336,0.5411324786324786,0.4947916666666667,0,3
2016,CAR,Ron Rivera,Mike Shula,Sean McDermott,5,0.6,0.9230769230769231,0.6,3.0,0.6979166666666666,0.875,0.7179487179487181,7.0,0.5580357142857143,0.9375,0.6117216117216117,Ron Rivera,Mike Shula,Sean McDermott,4.0,0.5192307692307693,0.38461538461538464,0.5192307692307693,2.0,0.609375,0.4375,0.6153846153846154,6.0,0.4947916666666667,0.21875,0.5598290598290598,0.0,0.0807692307692307,0.0,0.08854166666666663,0.0,0.06324404761904762,0.6186507936507937,0.5580357142857143,3,0
2017,CAR,Ron Rivera,Mike Shula,Steve Wilks,6,0.5641025641025641,0.38461538461538464,0.5641025641025641,4.0,0.6015625,0.3125,0.6346153846153847,0.0,,,,Ron Rivera,Mike Shula,Sean McDermott,5.0,0.6,0.9230769230769231,0.6,3.0,0.6979166666666666,0.875,0.7179487179487181,7.0,0.5580357142857143,0.9375,0.6117216117216117,0.0,-0.03589743589743588,0.0,-0.09635416666666663,1.0,,0.582832532051282,0.5641025641025641,0,2
2018,CAR,Ron Rivera,,Eric Washington,7,0.5824175824175823,0.6923076923076923,0.5824175824175823,,,,,0.0,,,,Ron Rivera,Mike Shula,Steve Wilks,6.0,0.5641025641025641,0.38461538461538464,0.5641025641025641,4.0,0.6015625,0.3125,0.6346153846153847,0.0,,,,0.0,0.01831501831501825,0.0,,1.0,,0.5824175824175823,0.5824175824175823,1,0
2019,CAR,Ron Rivera,Norv Turner,Eric Washington,8,0.5576923076923077,0.38461538461538464,0.5576923076923077,5.0,0.35,0.1875,0.4461538461538462,1.0,0.15625,0.15625,0.38461538461538464,Ron Rivera,,Eric Washington,7.0,0.5824175824175823,0.6923076923076923,0.5824175824175823,,,,,0.0,,,,0.0,-0.024725274725274637,0.0,,0.0,,0.35464743589743586,0.15625,0,1
2020,CAR,Matt Rhule,Joe Brady,Phil Snow,0,,,,0.0,,,,0.0,,,,Ron Rivera,Norv Turner,Eric Washington,8.0,0.5576923076923077,0.38461538461538464,0.5576923076923077,5.0,0.35,0.1875,0.4461538461538462,1.0,0.15625,0.15625,0.38461538461538464,1.0,,1.0,,1.0,,,,0,0
2021,CAR,Matt Rhule,,Phil Snow,1,0.3076923076923077,0.3076923076923077,0.3076923076923077,,,,,1.0,0.34375,0.34375,0.3076923076923077,Matt Rhule,Joe Brady,Phil Snow,0.0,,,,0.0,,,,0.0,,,,0.0,,0.0,,0.0,,0.32572115384615385,0.3076923076923077,0,0
2022,CAR,Steve Wilks,Ben McAdoo,Al Holcomb,1,0.23076923076923078,0.23076923076923078,0.23076923076923078,2.0,0.625,0.625,0.38461538461538464,1.0,0.40625,0.40625,0.23076923076923078,Matt Rhule,,Phil Snow,1.0,0.3076923076923077,0.3076923076923077,0.3076923076923077,,,,,1.0,0.34375,0.34375,0.3076923076923077,1.0,-0.07692307692307693,0.0,,1.0,0.0625,0.4206730769230769,0.23076923076923078,1,1
2023,CAR,Frank Reich,Thomas Brown,Ejiro Evero,5,0.5252747252747253,0.21428571428571427,0.5252747252747253,0.0,,,,1.0,0.875,0.875,0.21428571428571427,Steve Wilks,Ben McAdoo,Al Holcomb,1.0,0.23076923076923078,0.23076923076923078,0.23076923076923078,2.0,0.625,0.625,0.38461538461538464,1.0,0.40625,0.40625,0.23076923076923078,1.0,0.2945054945054945,1.0,,1.0,0.46875,0.7001373626373626,0.5252747252747253,2,0
2024,CAR,Dave Canales,,Ejiro Evero,0,,,,,,,,2.0,0.59375,0.3125,0.17857142857142855,Frank Reich,Thomas Brown,Ejiro Evero,5.0,0.5252747252747253,0.21428571428571427,0.5252747252747253,0.0,,,,1.0,0.875,0.875,0.21428571428571427,1.0,,0.0,,0.0,-0.28125,0.59375,0.59375,0,1
2025,CAR,Dave Canales,Brad Idzik,Ejiro Evero,1,0.2857142857142857,0.2857142857142857,0.2857142857142857,0.0,,,,3.0,0.40625,0.03125,0.21428571428571427,Dave Canales,,Ejiro Evero,0.0,,,,,,,,2.0,0.59375,0.3125,0.17857142857142855,0.0,,0.0,,0.0,-0.1875,0.34598214285714285,0.2857142857142857,0,1
2026,CAR,Dave Canales,,,2,0.39285714285714285,0.5,0.39285714285714285,,,,,,,,,Dave Canales,Brad Idzik,Ejiro Evero,1.0,0.2857142857142857,0.2857142857142857,0.2857142857142857,0.0,,,,3.0,0.40625,0.03125,0.21428571428571427,0.0,0.10714285714285715,0.0,,0.0,,0.39285714285714285,0.39285714285714285,1,0
2006,CHI,Lovie Smith,Ron Turner,Ron Rivera,0,,,,0.0,,,,0.0,,,,,,,,,,,,,,,,,,,0.0,,0.0,,0.0,,,,0,0
2007,CHI,Lovie Smith,Ron Turner,Bob Babich,1,0.8333333333333334,0.8333333333333334,0.8333333333333334,1.0,0.53125,0.53125,0.8333333333333334,0.0,,,,Lovie Smith,Ron Turner,Ron Rivera,0.0,,,,0.0,,,,0.0,,,,0.0,,0.0,,1.0,,0.6822916666666667,0.53125,0,0
2008,CHI,Lovie Smith,Ron Turner,Bob Babich,2,0.6474358974358975,0.46153846153846156,0.6474358974358975,2.0,0.328125,0.125,0.6474358974358975,1.0,0.65625,0.65625,0.46153846153846156,Lovie Smith,Ron Turner,Bob Babich,1.0,0.8333333333333334,0.8333333333333334,0.8333333333333334,1.0,0.53125,0.53125,0.8333333333333334,0.0,,,,0.0,-0.1858974358974359,0.0,-0.203125,0.0,,0.5439369658119658,0.328125,0,2
2009,CHI,Lovie Smith,Ron Turner,,3,0.6134421134421134,0.5454545454545454,0.6134421134421134,3.0,0.28125,0.1875,0.6134421134421134,,,,,Lovie Smith,Ron Turner,Bob Babich,2.0,0.6474358974358975,0.46153846153846156,0.6474358974358975,2.0,0.328125,0.125,0.6474358974358975,1.0,0.65625,0.65625,0.46153846153846156,0.0,-0.033993783993784055,0.0,-0.046875,0.0,,0.4473460567210567,0.28125,0,2
2010,CHI,Lovie Smith,Mike Martz,Rod Marinelli,4,0.5562354312354313,0.38461538461538464,0.5562354312354313,3.0,0.2708333333333333,0.21875,0.34401709401709407,0.0,,,,Lovie Smith,Ron Turner,,3.0,0.6134421134421134,0.5454545454545454,0.6134421134421134,3.0,0.28125,0.1875,0.6134421134421134,,,,,0.0,-0.057206682206682125,1.0,-0.010416666666666685,0.0,,0.41353438228438233,0.2708333333333333,0,2
2011,CHI,Lovie Smith,Mike Martz,Rod Marinelli,5,0.5680652680652681,0.6153846153846154,0.5680652680652681,4.0,0.2734375,0.28125,0.4118589743589744,1.0,0.9375,0.9375,0.6153846153846154,Lovie Smith,Mike Martz,Rod Marinelli,4.0,0.5562354312354313,0.38461538461538464,0.5562354312354313,3.0,0.2708333333333333,0.21875,0.34401709401709407,0.0,,,,0.0,0.011829836829836848,0.0,0.002604166666666685,0.0,,0.5930009226884226,0.2734375,2,0
2012,CHI,Lovie Smith,Mike Tice,Rod Marinelli,6,0.5631313131313131,0.5384615384615384,0.5631313131313131,0.0,,,,2.0,0.78125,0.625,0.5769230769230769,Lovie Smith,Mike Martz,Rod Marinelli,5.0,0.5680652680652681,0.6153846153846154,0.5680652680652681,4.0,0.2734375,0.28125,0.4118589743589744,1.0,0.9375,0.9375,0.6153846153846154,0.0,-0.004933954933954987,1.0,,0.0,-0.15625,0.6721906565656566,0.5631313131313131,0,2
2013,CHI,Marc Trestman,,Mel Tucker,0,,,,,,,,5.0,0.30625,0.15625,0.3269230769230769,Lovie Smith,Mike Tice,Rod Marinelli,6.0,0.5631313131313131,0.5384615384615384,0.5631313131313131,0.0,,,,2.0,0.78125,0.625,0.5769230769230769,1.0,,0.0,,1.0,-0.475,0.30625,0.30625,0,1
2014,CHI,Marc Trestman,Aaron Kromer,Mel Tucker,1,0.38461538461538464,0.38461538461538464,0.38461538461538464,0.0,,,,6.0,0.28125,0.15625,0.3365384615384615,Marc Trestman,,Mel Tucker,0.0,,,,,,,,5.0,0.30625,0.15625,0.3269230769230769,0.0,,0.0,,0.0,-0.025000000000000022,0.3329326923076923,0.28125,0,1
2015,CHI,John Fox,Adam Gase,Vic Fangio,9,0.6021756021756022,0.7692307692307693,0.6021756021756022,2.0,0.953125,0.90625,0.7692307692307693,4.0,0.796875,0.5625,0.7307692307692307,Marc Trestman,Aaron Kromer,Mel Tucker,1.0,0.38461538461538464,0.38461538461538464,0.38461538461538464,0.0,,,,6.0,0.28125,0.15625,0.3365384615384615,1.0,0.21756021756021754,1.0,,1.0,0.515625,0.7840585340585341,0.6021756021756022,2,0
2016,CHI,John Fox,,Vic Fangio,10,0.5881118881118882,0.46153846153846156,0.5881118881118882,,,,,5.0,0.68125,0.21875,0.676923076923077,John Fox,Adam Gase,Vic Fangio,9.0,0.6021756021756022,0.7692307692307693,0.6021756021756022,2.0,0.953125,0.90625,0.7692307692307693,4.0,0.796875,0.5625,0.7307692307692307,0.0,-0.014063714063713983,0.0,,0.0,-0.11562499999999998,0.6346809440559441,0.5881118881118882,0,2
2017,CHI,John Fox,Dowell Loggains,Vic Fangio,11,0.5556261919898284,0.23076923076923078,0.5556261919898284,1.0,0.6875,0.6875,0.38461538461538464,6.0,0.5989583333333334,0.1875,0.6025641025641025,John Fox,,Vic Fangio,10.0,0.5881118881118882,0.46153846153846156,0.5881118881118882,,,,,5.0,0.68125,0.21875,0.676923076923077,0.0,-0.03248569612205976,0.0,,0.0,-0.08229166666666665,0.6140281751077206,0.5556261919898284,0,2
2018,CHI,Matt Nagy,Mark Helfrich,Vic Fangio,0,,,,0.0,,,,7.0,0.5892857142857143,0.53125,0.5641025641025641,John Fox,Dowell Loggains,Vic Fangio,11.0,0.5556261919898284,0.23076923076923078,0.5556261919898284,1.0,0.6875,0.6875,0.38461538461538464,6.0,0.5989583333333334,0.1875,0.6025641025641025,1.0,,1.0,,0.0,-0.009672619047619069,0.5892857142857143,0.5892857142857143,0,1
2019,CHI,Matt Nagy,Mark Helfrich,Chuck Pagano,1,0.7692307692307693,0.7692307692307693,0.7692307692307693,1.0,0.625,0.625,0.7692307692307693,1.0,0.96875,0.96875,0.7692307692307693,Matt Nagy,Mark Helfrich,Vic Fangio,0.0,,,,0.0,,,,7.0,0.5892857142857143,0.53125,0.5641025641025641,0.0,,0.0,,1.0,0.3794642857142857,0.7876602564102564,0.625,1,0
2020,CHI,Matt Nagy,Bill Lazor,Chuck Pagano,2,0.6153846153846154,0.46153846153846156,0.6153846153846154,2.0,0.515625,0.4375,0.4230769230769231,2.0,0.890625,0.8125,0.6153846153846154,Matt Nagy,Mark Helfrich,Chuck Pagano,1.0,0.7692307692307693,0.7692307692307693,0.7692307692307693,1.0,0.625,0.625,0.7692307692307693,1.0,0.96875,0.96875,0.7692307692307693,0.0,-0.15384615384615385,1.0,-0.109375,0.0,-0.078125,0.6738782051282052,0.515625,0,3
2021,CHI,Matt Nagy,Bill Lazor,Sean Desai,3,0.5384615384615384,0.38461538461538464,0.5384615384615384,3.0,0.4583333333333333,0.34375,0.4102564102564103,0.0,,,,Matt Nagy,Bill Lazor,Chuck Pagano,2.0,0.6153846153846154,0.46153846153846156,0.6153846153846154,2.0,0.515625,0.4375,0.4230769230769231,2.0,0.890625,0.8125,0.6153846153846154,0.0,-0.07692307692307698,0.0,-0.057291666666666685,1.0,,0.4983974358974359,0.4583333333333333,0,2
2022,CHI,Matt Eberflus,Luke Getsy,Alan Williams,0,,,,0.0,,,,2.0,0.328125,0.0625,0.5,Matt Nagy,Bill Lazor,Sean Desai,3.0,0.5384615384615384,0.38461538461538464,0.5384615384615384,3.0,0.4583333333333333,0.34375,0.4102564102564103,0.0,,,,1.0,,1.0,,1.0,,0.328125,0.328125,0,0
2023,CHI,Matt Eberflus,Luke Getsy,Alan Williams; resigned on September 20,1,0.07142857142857142,0.07142857142857142,0.07142857142857142,1.0,0.375,0.375,0.07142857142857142,0.0,,,,Matt Eberflus,Luke Getsy,Alan Williams,0.0,,,,0.0,,,,2.0,0.328125,0.0625,0.5,0.0,,0.0,,1.0,,0.2232142857142857,0.07142857142857142,0,0
2024,CHI,Matt Eberflus,,,2,0.2857142857142857,0.5,0.2857142857142857,,,,,,,,,Matt Eberflus,Luke Getsy,Alan Williams; resigned on September 20,1.0,0.07142857142857142,0.07142857142857142,0.07142857142857142,1.0,0.375,0.375,0.07142857142857142,0.0,,,,0.0,0.21428571428571427,0.0,,0.0,,0.2857142857142857,0.2857142857142857,1,0
2025,CHI,Ben Johnson,Declan Doyle,Dennis Allen,0,,,,0.0,,,,7.0,0.6473214285714286,0.9375,0.6978021978021979,Matt Eberflus,,,2.0,0.2857142857142857,0.5,0.2857142857142857,,,,,,,,,1.0,,0.0,,0.0,,0.6473214285714286,0.6473214285714286,0,0
2026,CHI,Ben Johnson,,,1,0.7142857142857143,0.7142857142857143,0.7142857142857143,,,,,,,,,Ben Johnson,Declan Doyle,Dennis Allen,0.0,,,,0.0,,,,7.0,0.6473214285714286,0.9375,0.6978021978021979,0.0,,0.0,,0.0,,0.7142857142857143,0.7142857142857143,0,0
2006,CIN,Marvin Lewis,Bob Bratkowski,Chuck Bresnahan,0,,,,0.0,,,,0.0,,,,,,,,,,,,,,,,,,,0.0,,0.0,,0.0,,,,0,0
2007,CIN,Marvin Lewis,Bob Bratkowski,Chuck Bresnahan,1,0.38461538461538464,0.38461538461538464,0.38461538461538464,1.0,0.78125,0.78125,0.38461538461538464,1.0,0.25,0.25,0.38461538461538464,Marvin Lewis,Bob Bratkowski,Chuck Bresnahan,0.0,,,,0.0,,,,0.0,,,,0.0,,0.0,,0.0,,0.4719551282051282,0.25,0,0
2008,CIN,Marvin Lewis,Bob Bratkowski,Mike Zimmer,2,0.42307692307692313,0.46153846153846156,0.42307692307692313,2.0,0.734375,0.6875,0.42307692307692313,2.0,0.46875,0.3125,0.4230769230769231,Marvin Lewis,Bob Bratkowski,Chuck Bresnahan,1.0,0.38461538461538464,0.38461538461538464,0.38461538461538464,1.0,0.78125,0.78125,0.38461538461538464,1.0,0.25,0.25,0.38461538461538464,0.0,0.03846153846153849,0.0,-0.046875,1.0,0.21875,0.5420673076923077,0.42307692307692313,2,1
2009,CIN,Marvin Lewis,Bob Bratkowski,Mike Zimmer,3,0.3820512820512821,0.3,0.3820512820512821,3.0,0.5,0.03125,0.3820512820512821,3.0,0.3854166666666667,0.21875,0.382051282051282,Marvin Lewis,Bob Bratkowski,Mike Zimmer,2.0,0.42307692307692313,0.46153846153846156,0.42307692307692313,2.0,0.734375,0.6875,0.42307692307692313,2.0,0.46875,0.3125,0.4230769230769231,0.0,-0.041025641025641046,0.0,-0.234375,0.0,-0.08333333333333331,0.42248931623931624,0.3820512820512821,0,3
2010,CIN,Marvin Lewis,Bob Bratkowski,Mike Zimmer,4,0.44038461538461543,0.6153846153846154,0.44038461538461543,4.0,0.53125,0.625,0.44038461538461543,4.0,0.484375,0.78125,0.4403846153846154,Marvin Lewis,Bob Bratkowski,Mike Zimmer,3.0,0.3820512820512821,0.3,0.3820512820512821,3.0,0.5,0.03125,0.3820512820512821,3.0,0.3854166666666667,0.21875,0.382051282051282,0.0,0.05833333333333335,0.0,0.03125,0.0,0.09895833333333331,0.48533653846153846,0.44038461538461543,3,0
2011,CIN,Marvin Lewis,Jay Gruden,Mike Zimmer,5,0.38307692307692315,0.15384615384615385,0.38307692307692315,0.0,,,,5.0,0.41875,0.15625,0.38307692307692304,Marvin Lewis,Bob Bratkowski,Mike Zimmer,4.0,0.44038461538461543,0.6153846153846154,0.44038461538461543,4.0,0.53125,0.625,0.44038461538461543,4.0,0.484375,0.78125,0.4403846153846154,0.0,-0.05730769230769228,1.0,,0.0,-0.06562499999999999,0.4009134615384616,0.38307692307692315,0,2
2012,CIN,Marvin Lewis,Jay Gruden,Mike Zimmer,6,0.42179487179487185,0.6153846153846154,0.42179487179487185,1.0,0.40625,0.40625,0.6153846153846154,6.0,0.4739583333333333,0.75,0.4217948717948718,Marvin Lewis,Jay Gruden,Mike Zimmer,5.0,0.38307692307692315,0.15384615384615385,0.38307692307692315,0.0,,,,5.0,0.41875,0.15625,0.38307692307692304,0.0,0.0387179487179487,0.0,,0.0,0.055208333333333304,0.4340010683760684,0.40625,2,0
2013,CIN,Marvin Lewis,Jay Gruden,Mike Zimmer,7,0.4494505494505495,0.6153846153846154,0.4494505494505495,2.0,0.484375,0.5625,0.6153846153846154,7.0,0.5223214285714286,0.8125,0.44945054945054946,Marvin Lewis,Jay Gruden,Mike Zimmer,6.0,0.42179487179487185,0.6153846153846154,0.42179487179487185,1.0,0.40625,0.40625,0.6153846153846154,6.0,0.4739583333333333,0.75,0.4217948717948718,0.0,0.02765567765567767,0.0,0.078125,0.0,0.04836309523809529,0.485382326007326,0.4494505494505495,3,0
2014,CIN,Marvin Lewis,Hue Jackson,Paul Guenther,8,0.4798076923076924,0.6923076923076923,0.4798076923076924,2.0,0.25,0.4375,0.4230769230769231,0.0,,,,Marvin Lewis,Jay Gruden,Mike Zimmer,7.0,0.4494505494505495,0.6153846153846154,0.4494505494505495,2.0,0.484375,0.5625,0.6153846153846154,7.0,0.5223214285714286,0.8125,0.44945054945054946,0.0,0.03035714285714286,1.0,-0.234375,1.0,,0.3649038461538462,0.25,1,1
2015,CIN,Marvin Lewis,Hue Jackson,Paul Guenther,9,0.4863247863247864,0.5384615384615384,0.4863247863247864,3.0,0.34375,0.53125,0.4615384615384615,1.0,0.75,0.75,0.5384615384615384,Marvin Lewis,Hue Jackson,Paul Guenther,8.0,0.4798076923076924,0.6923076923076923,0.4798076923076924,2.0,0.25,0.4375,0.4230769230769231,0.0,,,,0.0,0.006517094017093994,0.0,0.09375,0.0,,0.5266915954415955,0.34375,2,0
2016,CIN,Marvin Lewis,Ken Zampese,Paul Guenther,10,0.506923076923077,0.6923076923076923,0.506923076923077,0.0,,,,2.0,0.703125,0.65625,0.6153846153846154,Marvin Lewis,Hue Jackson,Paul Guenther,9.0,0.4863247863247864,0.5384615384615384,0.4863247863247864,3.0,0.34375,0.53125,0.4615384615384615,1.0,0.75,0.75,0.5384615384615384,0.0,0.02059829059829066,1.0,,0.0,-0.046875,0.6050240384615385,0.506923076923077,1,1
2017,CIN,Marvin Lewis,,Paul Guenther,11,0.4958041958041959,0.38461538461538464,0.4958041958041959,,,,,3.0,0.6458333333333334,0.53125,0.5384615384615384,Marvin Lewis,Ken Zampese,Paul Guenther,10.0,0.506923076923077,0.6923076923076923,0.506923076923077,0.0,,,,2.0,0.703125,0.65625,0.6153846153846154,0.0,-0.011118881118881152,0.0,,0.0,-0.05729166666666663,0.5708187645687646,0.4958041958041959,0,2
2018,CIN,Marvin Lewis,Bill Lazor,Marvin Lewis,12,0.4993589743589744,0.5384615384615384,0.4993589743589744,1.0,0.59375,0.59375,0.5384615384615384,0.0,,,,Marvin Lewis,,Paul Guenther,11.0,0.4958041958041959,0.38461538461538464,0.4958041958041959,,,,,3.0,0.6458333333333334,0.53125,0.5384615384615384,0.0,0.003554778554778537,0.0,,1.0,,0.5465544871794872,0.4993589743589744,1,0
2019,CIN,Zac Taylor,Brian Callahan,Lou Anarumo,0,,,,0.0,,,,0.0,,,,Marvin Lewis,Bill Lazor,Marvin Lewis,12.0,0.4993589743589744,0.5384615384615384,0.4993589743589744,1.0,0.59375,0.59375,0.5384615384615384,0.0,,,,1.0,,1.0,,1.0,,,,0,0
2020,CIN,Zac Taylor,Brian Callahan,Lou Anarumo,1,0.15384615384615385,0.15384615384615385,0.15384615384615385,1.0,0.125,0.125,0.15384615384615385,1.0,0.0625,0.0625,0.15384615384615385,Zac Taylor,Brian Callahan,Lou Anarumo,0.0,,,,0.0,,,,0.0,,,,0.0,,0.0,,0.0,,0.11378205128205128,0.0625,0,0
2021,CIN,Zac Taylor,Brian Callahan,Lou Anarumo,2,0.23076923076923078,0.3076923076923077,0.23076923076923078,2.0,0.21875,0.3125,0.23076923076923078,2.0,0.125,0.1875,0.23076923076923078,Zac Taylor,Brian Callahan,Lou Anarumo,1.0,0.15384615384615385,0.15384615384615385,0.15384615384615385,1.0,0.125,0.125,0.15384615384615385,1.0,0.0625,0.0625,0.15384615384615385,0.0,0.07692307692307693,0.0,0.09375,0.0,0.0625,0.19150641025641027,0.125,3,0
2022,CIN,Zac Taylor,Brian Callahan,Lou Anarumo,3,0.34432234432234426,0.5714285714285714,0.34432234432234426,3.0,0.3854166666666667,0.71875,0.34432234432234426,3.0,0.25,0.5,0.34432234432234426,Zac Taylor,Brian Callahan,Lou Anarumo,2.0,0.23076923076923078,0.3076923076923077,0.23076923076923078,2.0,0.21875,0.3125,0.23076923076923078,2.0,0.125,0.1875,0.23076923076923078,0.0,0.11355311355311348,0.0,0.16666666666666669,0.0,0.125,0.32657967032967034,0.25,3,0
2023,CIN,Zac Taylor,Brian Callahan,Lou Anarumo,4,0.4697802197802198,0.8461538461538461,0.4697802197802198,4.0,0.5078125,0.875,0.4697802197802198,4.0,0.3515625,0.65625,0.4697802197802198,Zac Taylor,Brian Callahan,Lou Anarumo,3.0,0.34432234432234426,0.5714285714285714,0.34432234432234426,3.0,0.3854166666666667,0.71875,0.34432234432234426,3.0,0.25,0.5,0.34432234432234426,0.0,0.1254578754578755,0.0,0.12239583333333331,0.0,0.1015625,0.44305173992673996,0.3515625,3,0
2024,CIN,Zac Taylor,Dan Pitcher,,5,0.49010989010989015,0.5714285714285714,0.49010989010989015,0.0,,,,,,,,Zac Taylor,Brian Callahan,Lou Anarumo,4.0,0.4697802197802198,0.8461538461538461,0.4697802197802198,4.0,0.5078125,0.875,0.4697802197802198,4.0,0.3515625,0.65625,0.4697802197802198,0.0,0.02032967032967037,1.0,,0.0,,0.49010989010989015,0.49010989010989015,1,0
2025,CIN,Zac Taylor,Dan Pitcher,Al Golden,6,0.5155677655677656,0.6428571428571429,0.5155677655677656,1.0,0.8125,0.8125,0.6428571428571429,0.0,,,,Zac Taylor,Dan Pitcher,,5.0,0.49010989010989015,0.5714285714285714,0.49010989010989015,0.0,,,,,,,,0.0,0.02545787545787548,0.0,,0.0,,0.6640338827838828,0.5155677655677656,1,0
2026,CIN,Zac Taylor,,,7,0.4827315541601256,0.2857142857142857,0.4827315541601256,,,,,,,,,Zac Taylor,Dan Pitcher,Al Golden,6.0,0.5155677655677656,0.6428571428571429,0.5155677655677656,1.0,0.8125,0.8125,0.6428571428571429,0.0,,,,0.0,-0.03283621140764004,0.0,,0.0,,0.4827315541601256,0.4827315541601256,0,1
2006,CLE,Romeo Crennel,,Todd Grantham,0,,,,,,,,0.0,,,,,,,,,,,,,,,,,,,0.0,,0.0,,0.0,,,,0,0
2007,CLE,Romeo Crennel,Rob Chudzinski,Todd Grantham,1,0.3076923076923077,0.3076923076923077,0.3076923076923077,0.0,,,,1.0,0.3125,0.3125,0.3076923076923077,Romeo Crennel,,Todd Grantham,0.0,,,,,,,,0.0,,,,0.0,,0.0,,0.0,,0.31009615384615385,0.3076923076923077,0,0
2008,CLE,Romeo Crennel,Rob Chudzinski,Mel Tucker,2,0.5,0.6923076923076923,0.5,1.0,0.65625,0.65625,0.6923076923076923,0.0,,,,Romeo Crennel,Rob Chudzinski,Todd Grantham,1.0,0.3076923076923077,0.3076923076923077,0.3076923076923077,0.0,,,,1.0,0.3125,0.3125,0.3076923076923077,0.0,0.1923076923076923,0.0,,1.0,,0.578125,0.5,1,0
2009,CLE,Eric Mangini,Brian Daboll,Rob Ryan,3,0.4764957264957266,0.5833333333333334,0.4764957264957266,0.0,,,,2.0,0.234375,0.28125,0.28205128205128205,Romeo Crennel,Rob Chudzinski,Mel Tucker,2.0,0.5,0.6923076923076923,0.5,1.0,0.65625,0.65625,0.6923076923076923,0.0,,,,1.0,-0.02350427350427342,1.0,,1.0,,0.3554353632478633,0.234375,0,1
2010,CLE,Eric Mangini,Brian Daboll,Rob Ryan,4,0.4535256410256411,0.38461538461538464,0.4535256410256411,1.0,0.0625,0.0625,0.38461538461538464,3.0,0.1875,0.09375,0.3162393162393162,Eric Mangini,Brian Daboll,Rob Ryan,3.0,0.4764957264957266,0.5833333333333334,0.4764957264957266,0.0,,,,2.0,0.234375,0.28125,0.28205128205128205,0.0,-0.0229700854700855,0.0,,0.0,-0.046875,0.23450854700854704,0.0625,0,2
2011,CLE,Pat Shurmur,,Dick Jauron,0,,,,,,,,0.0,,,,Eric Mangini,Brian Daboll,Rob Ryan,4.0,0.4535256410256411,0.38461538461538464,0.4535256410256411,1.0,0.0625,0.0625,0.38461538461538464,3.0,0.1875,0.09375,0.3162393162393162,1.0,,0.0,,1.0,,,,0,0
2012,CLE,Pat Shurmur,Brad Childress,Dick Jauron,1,0.15384615384615385,0.15384615384615385,0.15384615384615385,0.0,,,,1.0,0.46875,0.46875,0.15384615384615385,Pat Shurmur,,Dick Jauron,0.0,,,,,,,,0.0,,,,0.0,,0.0,,0.0,,0.3112980769230769,0.15384615384615385,0,0
2013,CLE,Rob Chudzinski,Norv Turner,,0,,,,1.0,0.375,0.375,0.46153846153846156,,,,,Pat Shurmur,Brad Childress,Dick Jauron,1.0,0.15384615384615385,0.15384615384615385,0.15384615384615385,0.0,,,,1.0,0.46875,0.46875,0.15384615384615385,1.0,,1.0,,0.0,,0.375,0.375,0,0
2014,CLE,Mike Pettine,Kyle Shanahan,,0,,,,6.0,0.5729166666666666,0.4375,0.4561965811965812,,,,,Rob Chudzinski,Norv Turner,,0.0,,,,1.0,0.375,0.375,0.46153846153846156,,,,,1.0,,1.0,0.19791666666666663,0.0,,0.5729166666666666,0.5729166666666666,1,0
2015,CLE,Mike Pettine,John DeFilippo,,1,0.46153846153846156,0.46153846153846156,0.46153846153846156,0.0,,,,,,,,Mike Pettine,Kyle Shanahan,,0.0,,,,6.0,0.5729166666666666,0.4375,0.4561965811965812,,,,,0.0,,1.0,,0.0,,0.46153846153846156,0.46153846153846156,0,0
2016,CLE,Hue Jackson,,Ray Horton,1,0.46153846153846156,0.46153846153846156,0.46153846153846156,,,,,4.0,0.5,0.28125,0.23076923076923075,Mike Pettine,John DeFilippo,,1.0,0.46153846153846156,0.46153846153846156,0.46153846153846156,0.0,,,,,,,,1.0,0.0,0.0,,0.0,,0.4807692307692308,0.46153846153846156,0,0
2017,CLE,Hue Jackson,,,2,0.2692307692307693,0.07692307692307693,0.2692307692307693,,,,,,,,,Hue Jackson,,Ray Horton,1.0,0.46153846153846156,0.46153846153846156,0.46153846153846156,,,,,4.0,0.5,0.28125,0.23076923076923075,0.0,-0.1923076923076923,0.0,,0.0,,0.2692307692307693,0.2692307692307693,0,1
2018,CLE,Gregg Williams,Todd Haley,Gregg Williams,0,,,,8.0,0.69921875,0.84375,0.6402243589743589,9.0,0.5069444444444444,0.4375,0.48931623931623935,Hue Jackson,,,2.0,0.2692307692307693,0.07692307692307693,0.2692307692307693,,,,,,,,,1.0,,0.0,,0.0,,0.6030815972222222,0.5069444444444444,0,0
2019,CLE,Freddie Kitchens,,Steve Wilks,0,,,,,,,,1.0,0.71875,0.71875,0.6923076923076923,Gregg Williams,Todd Haley,Gregg Williams,0.0,,,,8.0,0.69921875,0.84375,0.6402243589743589,9.0,0.5069444444444444,0.4375,0.48931623931623935,1.0,,0.0,,1.0,0.21180555555555558,0.71875,0.71875,1,0
2020,CLE,Kevin Stefanski,Alex Van Pelt,Joe Woods,0,,,,0.0,,,,1.0,0.53125,0.53125,0.3076923076923077,Freddie Kitchens,,Steve Wilks,0.0,,,,,,,,1.0,0.71875,0.71875,0.6923076923076923,1.0,,0.0,,1.0,-0.1875,0.53125,0.53125,0,1
2021,CLE,Kevin Stefanski,Alex Van Pelt,Joe Woods,1,0.6923076923076923,0.6923076923076923,0.6923076923076923,1.0,0.75,0.75,0.6923076923076923,2.0,0.40625,0.28125,0.5,Kevin Stefanski,Alex Van Pelt,Joe Woods,0.0,,,,0.0,,,,1.0,0.53125,0.53125,0.3076923076923077,0.0,,0.0,,0.0,-0.125,0.6161858974358975,0.40625,0,1
2022,CLE,Kevin Stefanski,Alex Van Pelt,Joe Woods,2,0.5604395604395604,0.42857142857142855,0.5604395604395604,2.0,0.625,0.5,0.5604395604395604,3.0,0.4583333333333333,0.5625,0.4761904761904762,Kevin Stefanski,Alex Van Pelt,Joe Woods,1.0,0.6923076923076923,0.6923076923076923,0.6923076923076923,1.0,0.75,0.75,0.6923076923076923,2.0,0.40625,0.28125,0.5,0.0,-0.13186813186813184,0.0,-0.125,0.0,0.052083333333333315,0.5479242979242979,0.4583333333333333,1,2
2023,CLE,Kevin Stefanski,Alex Van Pelt,Jim Schwartz,3,0.4926739926739927,0.35714285714285715,0.4926739926739927,3.0,0.6145833333333334,0.59375,0.4926739926739927,9.0,0.6388888888888888,0.59375,0.578088578088578,Kevin Stefanski,Alex Van Pelt,Joe Woods,2.0,0.5604395604395604,0.42857142857142855,0.5604395604395604,2.0,0.625,0.5,0.5604395604395604,3.0,0.4583333333333333,0.5625,0.4761904761904762,0.0,-0.06776556776556775,0.0,-0.01041666666666663,1.0,0.18055555555555552,0.5820487382987384,0.4926739926739927,1,2
2024,CLE,Kevin Stefanski,,Jim Schwartz,4,0.5302197802197802,0.6428571428571429,0.5302197802197802,,,,,10.0,0.675,1.0,0.5845654345654345,Kevin Stefanski,Alex Van Pelt,Jim Schwartz,3.0,0.4926739926739927,0.35714285714285715,0.4926739926739927,3.0,0.6145833333333334,0.59375,0.4926739926739927,9.0,0.6388888888888888,0.59375,0.578088578088578,0.0,0.03754578754578752,0.0,,0.0,0.036111111111111205,0.6026098901098902,0.5302197802197802,2,0
2025,CLE,Kevin Stefanski,,Jim Schwartz,5,0.45274725274725275,0.14285714285714285,0.45274725274725275,,,,,11.0,0.6676136363636364,0.59375,0.5444101353192262,Kevin Stefanski,,Jim Schwartz,4.0,0.5302197802197802,0.6428571428571429,0.5302197802197802,,,,,10.0,0.675,1.0,0.5845654345654345,0.0,-0.07747252747252747,0.0,,0.0,-0.007386363636363691,0.5601804445554446,0.45274725274725275,0,2
2026,CLE,Todd Monken,,,0,,,,,,,,,,,,Kevin Stefanski,,Jim Schwartz,5.0,0.45274725274725275,0.14285714285714285,0.45274725274725275,,,,,11.0,0.6676136363636364,0.59375,0.5444101353192262,1.0,,0.0,,0.0,,,,0,0
2006,DAL,Bill Parcells,,Mike Zimmer,0,,,,,,,,0.0,,,,,,,,,,,,,,,,,,,0.0,,0.0,,0.0,,,,0,0
2007,DAL,Wade Phillips,Jason Garrett,Brian Stewart,0,,,,0.0,,,,0.0,,,,Bill Parcells,,Mike Zimmer,0.0,,,,,,,,0.0,,,,1.0,,0.0,,1.0,,,,0,0
2008,DAL,Wade Phillips,,,1,0.7692307692307693,0.7692307692307693,0.7692307692307693,,,,,,,,,Wade Phillips,Jason Garrett,Brian Stewart,0.0,,,,0.0,,,,0.0,,,,0.0,,0.0,,0.0,,0.7692307692307693,0.7692307692307693,0,0
2009,DAL,Wade Phillips,Jason Garrett,Wade Phillips,2,0.6346153846153846,0.5,0.6346153846153846,1.0,0.9375,0.9375,0.7692307692307693,1.0,0.84375,0.84375,0.9230769230769231,Wade Phillips,,,1.0,0.7692307692307693,0.7692307692307693,0.7692307692307693,,,,,,,,,0.0,-0.1346153846153847,0.0,,0.0,,0.8052884615384616,0.6346153846153846,0,1
2010,DAL,Jason Garrett,,"Wade Phillips (fired Nov 8, 2010)",0,,,,,,,,0.0,,,,Wade Phillips,Jason Garrett,Wade Phillips,2.0,0.6346153846153846,0.5,0.6346153846153846,1.0,0.9375,0.9375,0.7692307692307693,1.0,0.84375,0.84375,0.9230769230769231,1.0,,0.0,,1.0,,,,0,0
2011,DAL,Jason Garrett,,Rob Ryan,1,0.38461538461538464,0.38461538461538464,0.38461538461538464,,,,,4.0,0.2421875,0.40625,0.3333333333333333,Jason Garrett,,"Wade Phillips (fired Nov 8, 2010)",0.0,,,,,,,,0.0,,,,0.0,,0.0,,1.0,,0.3134014423076923,0.2421875,0,0
2012,DAL,Jason Garrett,,Rob Ryan,2,0.42307692307692313,0.46153846153846156,0.42307692307692313,,,,,5.0,0.30625,0.5625,0.3589743589743589,Jason Garrett,,Rob Ryan,1.0,0.38461538461538464,0.38461538461538464,0.38461538461538464,,,,,4.0,0.2421875,0.40625,0.3333333333333333,0.0,0.03846153846153849,0.0,,0.0,0.06406250000000002,0.3646634615384616,0.30625,2,0
2013,DAL,Jason Garrett,,Monte Kiffin,3,0.43589743589743596,0.46153846153846156,0.43589743589743596,,,,,3.0,0.71875,0.84375,0.48205128205128206,Jason Garrett,,Rob Ryan,2.0,0.42307692307692313,0.46153846153846156,0.42307692307692313,,,,,5.0,0.30625,0.5625,0.3589743589743589,0.0,0.01282051282051283,0.0,,1.0,0.4125,0.577323717948718,0.43589743589743596,2,0
2014,DAL,Jason Garrett,Bill Callahan,Rod Marinelli,4,0.4423076923076924,0.46153846153846156,0.4423076923076924,0.0,,,,3.0,0.8541666666666666,1.0,0.5897435897435898,Jason Garrett,,Monte Kiffin,3.0,0.43589743589743596,0.46153846153846156,0.43589743589743596,,,,,3.0,0.71875,0.84375,0.48205128205128206,0.0,0.006410256410256443,0.0,,1.0,0.13541666666666663,0.6482371794871795,0.4423076923076924,2,0
2015,DAL,Jason Garrett,Scott Linehan,Rod Marinelli resigned to a three-year contract,5,0.5076923076923078,0.7692307692307693,0.5076923076923078,5.0,0.51875,0.5,0.3384615384615385,0.0,,,,Jason Garrett,Bill Callahan,Rod Marinelli,4.0,0.4423076923076924,0.46153846153846156,0.4423076923076924,0.0,,,,3.0,0.8541666666666666,1.0,0.5897435897435898,0.0,0.06538461538461537,1.0,,1.0,,0.513221153846154,0.5076923076923078,1,0
2016,DAL,Jason Garrett,Scott Linehan,Rod Marinelli,6,0.44871794871794873,0.15384615384615385,0.44871794871794873,6.0,0.4583333333333333,0.15625,0.3076923076923077,4.0,0.71875,0.3125,0.6346153846153846,Jason Garrett,Scott Linehan,Rod Marinelli resigned to a three-year contract,5.0,0.5076923076923078,0.7692307692307693,0.5076923076923078,5.0,0.51875,0.5,0.3384615384615385,0.0,,,,0.0,-0.05897435897435904,0.0,-0.06041666666666673,1.0,,0.5419337606837606,0.44871794871794873,0,2
2017,DAL,Jason Garrett,Scott Linehan,,7,0.5054945054945056,0.8461538461538461,0.5054945054945056,7.0,0.53125,0.96875,0.38461538461538464,,,,,Jason Garrett,Scott Linehan,Rod Marinelli,6.0,0.44871794871794873,0.15384615384615385,0.44871794871794873,6.0,0.4583333333333333,0.15625,0.3076923076923077,4.0,0.71875,0.3125,0.6346153846153846,0.0,0.05677655677655685,0.0,0.07291666666666669,0.0,,0.5183722527472527,0.5054945054945056,2,0
2018,DAL,Jason Garrett,Scott Linehan,Rod Marinelli,8,0.5096153846153846,0.5384615384615384,0.5096153846153846,8.0,0.55078125,0.6875,0.40384615384615385,5.0,0.7,0.625,0.676923076923077,Jason Garrett,Scott Linehan,,7.0,0.5054945054945056,0.8461538461538461,0.5054945054945056,7.0,0.53125,0.96875,0.38461538461538464,,,,,0.0,0.004120879120878995,0.0,0.01953125,0.0,,0.5867988782051282,0.5096153846153846,2,0
2019,DAL,Jason Garrett,Kellen Moore,,9,0.5299145299145299,0.6923076923076923,0.5299145299145299,0.0,,,,,,,,Jason Garrett,Scott Linehan,Rod Marinelli,8.0,0.5096153846153846,0.5384615384615384,0.5096153846153846,8.0,0.55078125,0.6875,0.40384615384615385,5.0,0.7,0.625,0.676923076923077,0.0,0.020299145299145338,1.0,,0.0,,0.5299145299145299,0.5299145299145299,1,0
2020,DAL,Mike McCarthy,Kellen Moore,Mike Nolan,13,0.6096646942800789,0.38461538461538464,0.6096646942800789,1.0,0.9375,0.9375,0.38461538461538464,6.0,0.515625,0.09375,0.4230769230769231,Jason Garrett,Kellen Moore,,9.0,0.5299145299145299,0.6923076923076923,0.5299145299145299,0.0,,,,,,,,1.0,0.07975016436554894,0.0,,0.0,,0.6875965647600263,0.515625,1,0
2021,DAL,Mike McCarthy,Kellen Moore,Dan Quinn,14,0.5935897435897435,0.38461538461538464,0.5935897435897435,2.0,0.59375,0.25,0.38461538461538464,2.0,0.984375,0.96875,0.7692307692307693,Mike McCarthy,Kellen Moore,Mike Nolan,13.0,0.6096646942800789,0.38461538461538464,0.6096646942800789,1.0,0.9375,0.9375,0.38461538461538464,6.0,0.515625,0.09375,0.4230769230769231,0.0,-0.016074950690335377,0.0,-0.34375,1.0,0.46875,0.7239049145299145,0.5935897435897435,1,2
2022,DAL,Mike McCarthy,Kellen Moore,Dan Quinn,15,0.6016361416361415,0.7142857142857143,0.6016361416361415,3.0,0.6041666666666666,0.625,0.4945054945054945,3.0,0.9791666666666666,0.96875,0.7509157509157509,Mike McCarthy,Kellen Moore,Dan Quinn,14.0,0.5935897435897435,0.38461538461538464,0.5935897435897435,2.0,0.59375,0.25,0.38461538461538464,2.0,0.984375,0.96875,0.7692307692307693,0.0,0.008046398046398062,0.0,0.01041666666666663,0.0,-0.00520833333333337,0.7283231583231582,0.6016361416361415,2,1
2023,DAL,Mike McCarthy,Brian Schottenheimer,Dan Quinn,16,0.6086767399267399,0.7142857142857143,0.6086767399267399,13.0,0.4519230769230769,0.15625,0.5110594533671458,4.0,0.96875,0.9375,0.7417582417582418,Mike McCarthy,Kellen Moore,Dan Quinn,15.0,0.6016361416361415,0.7142857142857143,0.6016361416361415,3.0,0.6041666666666666,0.625,0.4945054945054945,3.0,0.9791666666666666,0.96875,0.7509157509157509,0.0,0.007040598290598332,1.0,-0.1522435897435897,0.0,-0.01041666666666663,0.676449938949939,0.4519230769230769,1,2
2024,DAL,Mike McCarthy,Brian Schottenheimer,Mike Zimmer,17,0.6148890325360913,0.7142857142857143,0.6148890325360913,14.0,0.4799107142857143,0.84375,0.5255756148613292,8.0,0.56640625,0.875,0.4798076923076923,Mike McCarthy,Brian Schottenheimer,Dan Quinn,16.0,0.6086767399267399,0.7142857142857143,0.6086767399267399,13.0,0.4519230769230769,0.15625,0.5110594533671458,4.0,0.96875,0.9375,0.7417582417582418,0.0,0.006212292609351411,0.0,0.027987637362637374,1.0,-0.40234375,0.5537353322739352,0.4799107142857143,2,1
2025,DAL,Brian Schottenheimer,Klayton Adams,Matt Eberflus,0,,,,0.0,,,,4.0,0.5703125,0.53125,0.603021978021978,Mike McCarthy,Brian Schottenheimer,Mike Zimmer,17.0,0.6148890325360913,0.7142857142857143,0.6148890325360913,14.0,0.4799107142857143,0.84375,0.5255756148613292,8.0,0.56640625,0.875,0.4798076923076923,1.0,,1.0,,1.0,0.00390625,0.5703125,0.5703125,1,0
2026,DAL,Brian Schottenheimer,,,1,0.42857142857142855,0.42857142857142855,0.42857142857142855,,,,,,,,,Brian Schottenheimer,Klayton Adams,Matt Eberflus,0.0,,,,0.0,,,,4.0,0.5703125,0.53125,0.603021978021978,0.0,,0.0,,0.0,,0.42857142857142855,0.42857142857142855,0,0
2006,DEN,Mike Shanahan,Rick Dennison,Larry Coyer,0,,,,0.0,,,,0.0,,,,,,,,,,,,,,,,,,,0.0,,0.0,,0.0,,,,0,0
2007,DEN,Mike Shanahan,Rick Dennison,Bob Slowik,1,0.5384615384615384,0.5384615384615384,0.5384615384615384,1.0,0.5625,0.5625,0.5384615384615384,0.0,,,,Mike Shanahan,Rick Dennison,Larry Coyer,0.0,,,,0.0,,,,0.0,,,,0.0,,0.0,,1.0,,0.5504807692307692,0.5384615384615384,0,0
2008,DEN,Mike Shanahan,Rick Dennison,Bob Slowik,2,0.46153846153846156,0.38461538461538464,0.46153846153846156,2.0,0.65625,0.75,0.46153846153846156,1.0,0.09375,0.09375,0.38461538461538464,Mike Shanahan,Rick Dennison,Bob Slowik,1.0,0.5384615384615384,0.5384615384615384,0.5384615384615384,1.0,0.5625,0.5625,0.5384615384615384,0.0,,,,0.0,-0.07692307692307687,0.0,0.09375,0.0,,0.4038461538461539,0.09375,1,1
2009,DEN,Josh McDaniels,,Mike Nolan,0,,,,,,,,0.0,,,,Mike Shanahan,Rick Dennison,Bob Slowik,2.0,0.46153846153846156,0.38461538461538464,0.46153846153846156,2.0,0.65625,0.75,0.46153846153846156,1.0,0.09375,0.09375,0.38461538461538464,1.0,,0.0,,1.0,,,,0,0
2010,DEN,Josh McDaniels,,,1,0.38461538461538464,0.38461538461538464,0.38461538461538464,,,,,,,,,Josh McDaniels,,Mike Nolan,0.0,,,,,,,,0.0,,,,0.0,,0.0,,0.0,,0.38461538461538464,0.38461538461538464,0,0
2011,DEN,John Fox,Mike McCoy,Dennis Allen,5,0.48391608391608393,0.15384615384615385,0.48391608391608393,0.0,,,,0.0,,,,Josh McDaniels,,,1.0,0.38461538461538464,0.38461538461538464,0.38461538461538464,,,,,,,,,1.0,0.09930069930069929,0.0,,0.0,,0.48391608391608393,0.48391608391608393,1,0
2012,DEN,John Fox,Mike McCoy,Jack Del Rio,6,0.49300699300699297,0.5384615384615384,0.49300699300699297,1.0,0.34375,0.34375,0.5384615384615384,0.0,,,,John Fox,Mike McCoy,Dennis Allen,5.0,0.48391608391608393,0.15384615384615385,0.48391608391608393,0.0,,,,0.0,,,,0.0,0.009090909090909038,0.0,,1.0,,0.41837849650349646,0.34375,1,0
2013,DEN,John Fox,Adam Gase,Jack Del Rio,7,0.5544455544455544,0.9230769230769231,0.5544455544455544,0.0,,,,1.0,0.90625,0.90625,0.9230769230769231,John Fox,Mike McCoy,Jack Del Rio,6.0,0.49300699300699297,0.5384615384615384,0.49300699300699297,1.0,0.34375,0.34375,0.5384615384615384,0.0,,,,0.0,0.06143856143856147,1.0,,0.0,,0.7303477772227772,0.5544455544455544,1,0
2014,DEN,John Fox,Adam Gase,Jack Del Rio,8,0.5812937062937064,0.7692307692307693,0.5812937062937064,1.0,1.0,1.0,0.7692307692307693,2.0,0.671875,0.4375,0.8461538461538463,John Fox,Adam Gase,Jack Del Rio,7.0,0.5544455544455544,0.9230769230769231,0.5544455544455544,0.0,,,,1.0,0.90625,0.90625,0.9230769230769231,0.0,0.026848151848151924,0.0,,0.0,-0.234375,0.7510562354312355,0.5812937062937064,1,1
2015,DEN,Gary Kubiak,Rick Dennison,Wade Phillips,8,0.46714743589743596,0.0,0.46714743589743596,7.0,0.6651785714285714,0.15625,0.42757242757242764,5.0,0.75625,0.34375,0.5846153846153846,John Fox,Adam Gase,Jack Del Rio,8.0,0.5812937062937064,0.7692307692307693,0.5812937062937064,1.0,1.0,1.0,0.7692307692307693,2.0,0.671875,0.4375,0.8461538461538463,1.0,-0.1141462703962704,1.0,-0.3348214285714286,1.0,0.08437499999999998,0.6295253357753358,0.46714743589743596,1,2
2016,DEN,Gary Kubiak,Rick Dennison,Wade Phillips,9,0.4921652421652422,0.6923076923076923,0.4921652421652422,8.0,0.609375,0.21875,0.4606643356643357,6.0,0.796875,1.0,0.6025641025641026,Gary Kubiak,Rick Dennison,Wade Phillips,8.0,0.46714743589743596,0.0,0.46714743589743596,7.0,0.6651785714285714,0.15625,0.42757242757242764,5.0,0.75625,0.34375,0.5846153846153846,0.0,0.025017806267806253,0.0,-0.0558035714285714,0.0,0.04062500000000002,0.6328050807217475,0.4921652421652422,2,1
2017,DEN,Vance Joseph,"Mike McCoy (fired November 20, 2017)",,0,,,,0.0,,,,,,,,Gary Kubiak,Rick Dennison,Wade Phillips,9.0,0.4921652421652422,0.6923076923076923,0.4921652421652422,8.0,0.609375,0.21875,0.4606643356643357,6.0,0.796875,1.0,0.6025641025641026,1.0,,1.0,,0.0,,,,0,0
2018,DEN,Vance Joseph,Bill Musgrave,Joe Woods,1,0.23076923076923078,0.23076923076923078,0.23076923076923078,4.0,0.4296875,0.375,0.40384615384615385,0.0,,,,Vance Joseph,"Mike McCoy (fired November 20, 2017)",,0.0,,,,0.0,,,,,,,,0.0,,1.0,,0.0,,0.3302283653846154,0.23076923076923078,0,0
2019,DEN,Vic Fangio,Rich Scangarello,Ed Donatell,0,,,,0.0,,,,1.0,0.5,0.5,0.38461538461538464,Vance Joseph,Bill Musgrave,Joe Woods,1.0,0.23076923076923078,0.23076923076923078,0.23076923076923078,4.0,0.4296875,0.375,0.40384615384615385,0.0,,,,1.0,,1.0,,1.0,,0.5,0.5,0,0
2020,DEN,Vic Fangio,,,1,0.5384615384615384,0.5384615384615384,0.5384615384615384,,,,,,,,,Vic Fangio,Rich Scangarello,Ed Donatell,0.0,,,,0.0,,,,1.0,0.5,0.5,0.38461538461538464,0.0,,0.0,,0.0,,0.5384615384615384,0.5384615384615384,0,0
2021,DEN,Vic Fangio,Pat Shurmur,Ed Donatell,2,0.46153846153846156,0.38461538461538464,0.46153846153846156,6.0,0.4166666666666667,0.65625,0.5128205128205129,2.0,0.5,0.5,0.46153846153846156,Vic Fangio,,,1.0,0.5384615384615384,0.5384615384615384,0.5384615384615384,,,,,,,,,0.0,-0.07692307692307687,0.0,,0.0,,0.4594017094017094,0.4166666666666667,0,1
2022,DEN,Nathaniel Hackett,Justin Outten,Ejiro Evero,0,,,,0.0,,,,0.0,,,,Vic Fangio,Pat Shurmur,Ed Donatell,2.0,0.46153846153846156,0.38461538461538464,0.46153846153846156,6.0,0.4166666666666667,0.65625,0.5128205128205129,2.0,0.5,0.5,0.46153846153846156,1.0,,1.0,,1.0,,,,0,0
2023,DEN,Sean Payton,Joe Lombardi,Vance Joseph,15,0.6533799533799535,0.5,0.6533799533799535,4.0,0.578125,0.5,0.5934065934065934,5.0,0.5375,0.46875,0.4648351648351648,Nathaniel Hackett,Justin Outten,Ejiro Evero,0.0,,,,0.0,,,,0.0,,,,1.0,,1.0,,1.0,,0.5896683177933179,0.5375,0,0
2024,DEN,Sean Payton,Joe Lombardi,Vance Joseph,16,0.6482579920079921,0.5714285714285714,0.6482579920079921,5.0,0.5625,0.5,0.589010989010989,6.0,0.484375,0.21875,0.4826007326007325,Sean Payton,Joe Lombardi,Vance Joseph,15.0,0.6533799533799535,0.5,0.6533799533799535,4.0,0.578125,0.5,0.5934065934065934,5.0,0.5375,0.46875,0.4648351648351648,0.0,-0.005121961371961414,0.0,-0.015625,0.0,-0.05312499999999998,0.5650443306693307,0.484375,0,3
2025,DEN,Sean Payton,Joe Lombardi,Vance Joseph,17,0.6479402949991185,0.6428571428571429,0.6479402949991185,6.0,0.5520833333333334,0.5,0.597985347985348,7.0,0.5491071428571429,0.9375,0.5054945054945054,Sean Payton,Joe Lombardi,Vance Joseph,16.0,0.6482579920079921,0.5714285714285714,0.6482579920079921,5.0,0.5625,0.5,0.589010989010989,6.0,0.484375,0.21875,0.4826007326007325,0.0,-0.0003176970088735187,0.0,-0.01041666666666663,0.0,0.0647321428571429,0.5830435903965316,0.5491071428571429,1,2
2026,DEN,Sean Payton,Davis Webb,Vance Joseph,18,0.6635309135309135,0.9285714285714286,0.6635309135309135,0.0,,,,8.0,0.578125,0.78125,0.5583791208791209,Sean Payton,Joe Lombardi,Vance Joseph,17.0,0.6479402949991185,0.6428571428571429,0.6479402949991185,6.0,0.5520833333333334,0.5,0.597985347985348,7.0,0.5491071428571429,0.9375,0.5054945054945054,0.0,0.015590618531794997,1.0,,0.0,0.029017857142857095,0.6208279567654568,0.578125,2,0
2006,DET,Rod Marinelli,Mike Martz,Donnie Henderson,0,,,,0.0,,,,0.0,,,,,,,,,,,,,,,,,,,0.0,,0.0,,0.0,,,,0,0
2007,DET,Rod Marinelli,Mike Martz,Joe Barry,1,0.23076923076923078,0.23076923076923078,0.23076923076923078,1.0,0.1875,0.1875,0.23076923076923078,0.0,,,,Rod Marinelli,Mike Martz,Donnie Henderson,0.0,,,,0.0,,,,0.0,,,,0.0,,0.0,,1.0,,0.2091346153846154,0.1875,0,0
2008,DET,Rod Marinelli,Jim Colletto,Joe Barry,2,0.3076923076923077,0.38461538461538464,0.3076923076923077,0.0,,,,1.0,0.15625,0.15625,0.38461538461538464,Rod Marinelli,Mike Martz,Joe Barry,1.0,0.23076923076923078,0.23076923076923078,0.23076923076923078,1.0,0.1875,0.1875,0.23076923076923078,0.0,,,,0.0,0.07692307692307693,1.0,,0.0,,0.23197115384615385,0.15625,1,0
2009,DET,Jim Schwartz,Scott Linehan,Gunther Cunningham,0,,,,0.0,,,,3.0,0.3854166666666667,0.125,0.3123543123543124,Rod Marinelli,Jim Colletto,Joe Barry,2.0,0.3076923076923077,0.38461538461538464,0.3076923076923077,0.0,,,,1.0,0.15625,0.15625,0.38461538461538464,1.0,,1.0,,1.0,0.22916666666666669,0.3854166666666667,0.3854166666666667,1,0
2010,DET,Jim Schwartz,Scott Linehan,Gunther Cunningham,1,0.07692307692307693,0.07692307692307693,0.07692307692307693,1.0,0.125,0.125,0.07692307692307693,4.0,0.3203125,0.125,0.25349650349650354,Jim Schwartz,Scott Linehan,Gunther Cunningham,0.0,,,,0.0,,,,3.0,0.3854166666666667,0.125,0.3123543123543124,0.0,,0.0,,0.0,-0.06510416666666669,0.17407852564102563,0.07692307692307693,0,1
2011,DET,Jim Schwartz,Scott Linehan,Gunther Cunningham,2,0.2692307692307693,0.46153846153846156,0.2692307692307693,2.0,0.328125,0.53125,0.2692307692307693,5.0,0.31875,0.3125,0.2951048951048952,Jim Schwartz,Scott Linehan,Gunther Cunningham,1.0,0.07692307692307693,0.07692307692307693,0.07692307692307693,1.0,0.125,0.125,0.07692307692307693,4.0,0.3203125,0.125,0.25349650349650354,0.0,0.19230769230769235,0.0,0.203125,0.0,-0.0015625000000000222,0.30536858974358977,0.2692307692307693,2,1
2012,DET,Jim Schwartz,Scott Linehan,Gunther Cunningham,3,0.35897435897435903,0.5384615384615384,0.35897435897435903,3.0,0.5,0.84375,0.35897435897435903,6.0,0.4114583333333333,0.875,0.3356643356643357,Jim Schwartz,Scott Linehan,Gunther Cunningham,2.0,0.2692307692307693,0.46153846153846156,0.2692307692307693,2.0,0.328125,0.53125,0.2692307692307693,5.0,0.31875,0.3125,0.2951048951048952,0.0,0.08974358974358976,0.0,0.171875,0.0,0.09270833333333334,0.4234775641025641,0.35897435897435903,3,0
2013,DET,Jim Schwartz,Scott Linehan,Gunther Cunningham,4,0.326923076923077,0.23076923076923078,0.326923076923077,4.0,0.5234375,0.59375,0.326923076923077,7.0,0.40625,0.375,0.3206793206793207,Jim Schwartz,Scott Linehan,Gunther Cunningham,3.0,0.35897435897435903,0.5384615384615384,0.35897435897435903,3.0,0.5,0.84375,0.35897435897435903,6.0,0.4114583333333333,0.875,0.3356643356643357,0.0,-0.03205128205128205,0.0,0.0234375,0.0,-0.005208333333333315,0.41887019230769235,0.326923076923077,1,2
2014,DET,Jim Caldwell,Joe Lombardi,Teryl Austin,3,0.5384615384615384,0.15384615384615385,0.5384615384615384,0.0,,,,0.0,,,,Jim Schwartz,Scott Linehan,Gunther Cunningham,4.0,0.326923076923077,0.23076923076923078,0.326923076923077,4.0,0.5234375,0.59375,0.326923076923077,7.0,0.40625,0.375,0.3206793206793207,1.0,0.21153846153846145,1.0,,1.0,,0.5384615384615384,0.5384615384615384,1,0
2015,DET,Jim Caldwell,Joe Lombardi,Teryl Austin,4,0.5769230769230769,0.6923076923076923,0.5769230769230769,1.0,0.5,0.5,0.6923076923076923,1.0,1.0,1.0,0.6923076923076923,Jim Caldwell,Joe Lombardi,Teryl Austin,3.0,0.5384615384615384,0.15384615384615385,0.5384615384615384,0.0,,,,0.0,,,,0.0,0.038461538461538436,0.0,,0.0,,0.6923076923076922,0.5,1,0
2016,DET,Jim Caldwell,Jim Bob Cooter,Teryl Austin,5,0.5692307692307692,0.5384615384615384,0.5692307692307692,0.0,,,,2.0,0.71875,0.4375,0.6153846153846154,Jim Caldwell,Joe Lombardi,Teryl Austin,4.0,0.5769230769230769,0.6923076923076923,0.5769230769230769,1.0,0.5,0.5,0.6923076923076923,1.0,1.0,1.0,0.6923076923076923,0.0,-0.007692307692307665,1.0,,0.0,-0.28125,0.6439903846153846,0.5692307692307692,0,2
2017,DET,Jim Caldwell,Jim Bob Cooter,Teryl Austin,6,0.5769230769230769,0.6153846153846154,0.5769230769230769,1.0,0.65625,0.65625,0.6153846153846154,3.0,0.5104166666666666,0.09375,0.6153846153846154,Jim Caldwell,Jim Bob Cooter,Teryl Austin,5.0,0.5692307692307692,0.5384615384615384,0.5692307692307692,0.0,,,,2.0,0.71875,0.4375,0.6153846153846154,0.0,0.007692307692307665,0.0,,0.0,-0.20833333333333337,0.5811965811965812,0.5104166666666666,1,1
2018,DET,Matt Patricia,Jim Bob Cooter,,0,,,,2.0,0.546875,0.4375,0.5769230769230769,,,,,Jim Caldwell,Jim Bob Cooter,Teryl Austin,6.0,0.5769230769230769,0.6153846153846154,0.5769230769230769,1.0,0.65625,0.65625,0.6153846153846154,3.0,0.5104166666666666,0.09375,0.6153846153846154,1.0,,0.0,-0.109375,0.0,,0.546875,0.546875,0,1
2019,DET,Matt Patricia,Darrell Bevell,Paul Pasqualoni,1,0.38461538461538464,0.38461538461538464,0.38461538461538464,12.0,0.5520833333333334,0.5625,0.6073717948717948,2.0,0.40625,0.3125,0.6538461538461539,Matt Patricia,Jim Bob Cooter,,0.0,,,,2.0,0.546875,0.4375,0.5769230769230769,,,,,0.0,,1.0,0.00520833333333337,0.0,,0.44764957264957267,0.38461538461538464,1,0
2020,DET,Matt Patricia,Darrell Bevell,Cory Undlin,2,0.23076923076923078,0.07692307692307693,0.23076923076923078,13.0,0.5384615384615384,0.375,0.5665680473372781,0.0,,,,Matt Patricia,Darrell Bevell,Paul Pasqualoni,1.0,0.38461538461538464,0.38461538461538464,0.38461538461538464,12.0,0.5520833333333334,0.5625,0.6073717948717948,2.0,0.40625,0.3125,0.6538461538461539,0.0,-0.15384615384615385,0.0,-0.013621794871794934,1.0,,0.3846153846153846,0.23076923076923078,0,2
2021,DET,Dan Campbell,Anthony Lynn,Aaron Glenn,0,,,,0.0,,,,0.0,,,,Matt Patricia,Darrell Bevell,Cory Undlin,2.0,0.23076923076923078,0.07692307692307693,0.23076923076923078,13.0,0.5384615384615384,0.375,0.5665680473372781,0.0,,,,1.0,,1.0,,1.0,,,,0,0
2022,DET,Dan Campbell,Ben Johnson,Aaron Glenn,1,0.21428571428571427,0.21428571428571427,0.21428571428571427,0.0,,,,1.0,0.09375,0.09375,0.21428571428571427,Dan Campbell,Anthony Lynn,Aaron Glenn,0.0,,,,0.0,,,,0.0,,,,0.0,,1.0,,0.0,,0.15401785714285715,0.09375,0,0
2023,DET,Dan Campbell,Ben Johnson,Aaron Glenn,2,0.39285714285714285,0.5714285714285714,0.39285714285714285,1.0,0.84375,0.84375,0.5714285714285714,2.0,0.078125,0.0625,0.39285714285714285,Dan Campbell,Ben Johnson,Aaron Glenn,1.0,0.21428571428571427,0.21428571428571427,0.21428571428571427,0.0,,,,1.0,0.09375,0.09375,0.21428571428571427,0.0,0.17857142857142858,0.0,,0.0,-0.015625,0.4382440476190476,0.078125,1,1
2024,DET,Dan Campbell,Ben Johnson,Aaron Glenn,3,0.5,0.7142857142857143,0.5,2.0,0.828125,0.8125,0.6428571428571428,3.0,0.21875,0.5,0.5,Dan Campbell,Ben Johnson,Aaron Glenn,2.0,0.39285714285714285,0.5714285714285714,0.39285714285714285,1.0,0.84375,0.84375,0.5714285714285714,2.0,0.078125,0.0625,0.39285714285714285,0.0,0.10714285714285715,0.0,-0.015625,0.0,0.140625,0.515625,0.21875,2,1
2025,DET,Dan Campbell,,Kelvin Sheppard,4,0.6071428571428572,0.9285714285714286,0.6071428571428572,,,,,0.0,,,,Dan Campbell,Ben Johnson,Aaron Glenn,3.0,0.5,0.7142857142857143,0.5,2.0,0.828125,0.8125,0.6428571428571428,3.0,0.21875,0.5,0.5,0.0,0.1071428571428572,0.0,,1.0,,0.6071428571428572,0.6071428571428572,1,0
2026,DET,Dan Campbell,,,5,0.5857142857142857,0.5,0.5857142857142857,,,,,,,,,Dan Campbell,,Kelvin Sheppard,4.0,0.6071428571428572,0.9285714285714286,0.6071428571428572,,,,,0.0,,,,0.0,-0.021428571428571463,0.0,,0.0,,0.5857142857142857,0.5857142857142857,0,1
2006,GB,Mike McCarthy,Jeff Jagodzinski,Bob Sanders,0,,,,0.0,,,,0.0,,,,,,,,,,,,,,,,,,,0.0,,0.0,,0.0,,,,0,0
2007,GB,Mike McCarthy,Joe Philbin,Bob Sanders,1,0.5,0.5,0.5,0.0,,,,1.0,0.53125,0.53125,0.5,Mike McCarthy,Jeff Jagodzinski,Bob Sanders,0.0,,,,0.0,,,,0.0,,,,0.0,,1.0,,0.0,,0.515625,0.5,0,0
2008,GB,Mike McCarthy,Joe Philbin,Bob Sanders,2,0.6346153846153846,0.7692307692307693,0.6346153846153846,1.0,0.875,0.875,0.7692307692307693,2.0,0.625,0.71875,0.6346153846153846,Mike McCarthy,Joe Philbin,Bob Sanders,1.0,0.5,0.5,0.5,0.0,,,,1.0,0.53125,0.53125,0.5,0.0,0.13461538461538458,0.0,,0.0,0.09375,0.7115384615384616,0.625,2,0
2009,GB,Mike McCarthy,Joe Philbin,Dom Capers,3,0.5564102564102563,0.4,0.5564102564102563,2.0,0.78125,0.6875,0.5846153846153846,2.0,0.421875,0.03125,0.23076923076923078,Mike McCarthy,Joe Philbin,Bob Sanders,2.0,0.6346153846153846,0.7692307692307693,0.6346153846153846,1.0,0.875,0.875,0.7692307692307693,2.0,0.625,0.71875,0.6346153846153846,0.0,-0.07820512820512826,0.0,-0.09375,1.0,-0.203125,0.5865117521367521,0.421875,0,3
2010,GB,Mike McCarthy,Joe Philbin,Dom Capers,4,0.5903846153846153,0.6923076923076923,0.5903846153846153,3.0,0.8229166666666666,0.90625,0.6205128205128205,3.0,0.6041666666666666,0.96875,0.3846153846153846,Mike McCarthy,Joe Philbin,Dom Capers,3.0,0.5564102564102563,0.4,0.5564102564102563,2.0,0.78125,0.6875,0.5846153846153846,2.0,0.421875,0.03125,0.23076923076923078,0.0,0.033974358974358965,0.0,0.04166666666666663,0.0,0.18229166666666663,0.6724893162393162,0.5903846153846153,3,0
2011,GB,Mike McCarthy,Joe Philbin,Dom Capers,5,0.5953846153846153,0.6153846153846154,0.5953846153846153,4.0,0.84375,0.90625,0.6192307692307693,4.0,0.6796875,0.90625,0.4423076923076923,Mike McCarthy,Joe Philbin,Dom Capers,4.0,0.5903846153846153,0.6923076923076923,0.5903846153846153,3.0,0.8229166666666666,0.90625,0.6205128205128205,3.0,0.6041666666666666,0.96875,0.3846153846153846,0.0,0.0050000000000000044,0.0,0.02083333333333337,0.0,0.07552083333333337,0.7062740384615385,0.5953846153846153,3,0
2012,GB,Mike McCarthy,Tom Clements,Dom Capers,6,0.6499999999999999,0.9230769230769231,0.6499999999999999,0.0,,,,5.0,0.59375,0.25,0.5384615384615385,Mike McCarthy,Joe Philbin,Dom Capers,5.0,0.5953846153846153,0.6153846153846154,0.5953846153846153,4.0,0.84375,0.90625,0.6192307692307693,4.0,0.6796875,0.90625,0.4423076923076923,0.0,0.05461538461538462,1.0,,0.0,-0.0859375,0.621875,0.59375,1,1
2013,GB,Mike McCarthy,Tom Clements,Dom Capers,7,0.667032967032967,0.7692307692307693,0.667032967032967,1.0,0.75,0.75,0.7692307692307693,6.0,0.6197916666666666,0.75,0.576923076923077,Mike McCarthy,Tom Clements,Dom Capers,6.0,0.6499999999999999,0.9230769230769231,0.6499999999999999,0.0,,,,5.0,0.59375,0.25,0.5384615384615385,0.0,0.017032967032967083,0.0,,0.0,0.02604166666666663,0.6789415445665444,0.6197916666666666,2,0
2014,GB,Mike McCarthy,Tom Clements,Dom Capers,8,0.6509615384615385,0.5384615384615384,0.6509615384615385,2.0,0.703125,0.65625,0.6538461538461539,7.0,0.5580357142857143,0.1875,0.5714285714285714,Mike McCarthy,Tom Clements,Dom Capers,7.0,0.667032967032967,0.7692307692307693,0.667032967032967,1.0,0.75,0.75,0.7692307692307693,6.0,0.6197916666666666,0.75,0.576923076923077,0.0,-0.016071428571428514,0.0,-0.046875,0.0,-0.06175595238095233,0.6373740842490844,0.5580357142857143,0,3
2015,GB,Mike McCarthy,Edgar Bennett,Dom Capers,9,0.6726495726495726,0.8461538461538461,0.6726495726495726,0.0,,,,8.0,0.5859375,0.78125,0.6057692307692308,Mike McCarthy,Tom Clements,Dom Capers,8.0,0.6509615384615385,0.5384615384615384,0.6509615384615385,2.0,0.703125,0.65625,0.6538461538461539,7.0,0.5580357142857143,0.1875,0.5714285714285714,0.0,0.02168803418803411,1.0,,0.0,0.0279017857142857,0.6292935363247862,0.5859375,2,0
2016,GB,Mike McCarthy,Edgar Bennett,Dom Capers,10,0.6592307692307692,0.5384615384615384,0.6592307692307692,1.0,0.5,0.5,0.5384615384615384,9.0,0.6006944444444444,0.71875,0.5982905982905984,Mike McCarthy,Edgar Bennett,Dom Capers,9.0,0.6726495726495726,0.8461538461538461,0.6726495726495726,0.0,,,,8.0,0.5859375,0.78125,0.6057692307692308,0.0,-0.013418803418803416,0.0,,0.0,0.01475694444444442,0.5866417378917379,0.5,1,1
2017,GB,Mike McCarthy,Edgar Bennett,Dom Capers,11,0.6552447552447552,0.6153846153846154,0.6552447552447552,2.0,0.6875,0.875,0.5769230769230769,10.0,0.571875,0.3125,0.6,Mike McCarthy,Edgar Bennett,Dom Capers,10.0,0.6592307692307692,0.5384615384615384,0.6592307692307692,1.0,0.5,0.5,0.5384615384615384,9.0,0.6006944444444444,0.71875,0.5982905982905984,0.0,-0.003986013986013948,0.0,0.1875,0.0,-0.028819444444444398,0.6382065850815851,0.571875,1,2
2018,GB,Mike McCarthy,Joe Philbin,,12,0.6284188034188033,0.3333333333333333,0.6284188034188033,5.0,0.875,1.0,0.68,,,,,Mike McCarthy,Edgar Bennett,Dom Capers,11.0,0.6552447552447552,0.6153846153846154,0.6552447552447552,2.0,0.6875,0.875,0.5769230769230769,10.0,0.571875,0.3125,0.6,0.0,-0.026825951825951933,1.0,0.1875,0.0,,0.7517094017094017,0.6284188034188033,1,1
2019,GB,Matt LaFleur,Nathaniel Hackett,Mike Pettine,0,,,,4.0,0.3359375,0.09375,0.44230769230769235,5.0,0.88125,0.9375,0.46153846153846156,Mike McCarthy,Joe Philbin,,12.0,0.6284188034188033,0.3333333333333333,0.6284188034188033,5.0,0.875,1.0,0.68,,,,,1.0,,1.0,-0.5390625,0.0,,0.60859375,0.3359375,0,1
2020,GB,Matt LaFleur,Nathaniel Hackett,Mike Pettine,1,0.7692307692307693,0.7692307692307693,0.7692307692307693,5.0,0.425,0.78125,0.5076923076923078,6.0,0.8229166666666666,0.53125,0.5128205128205129,Matt LaFleur,Nathaniel Hackett,Mike Pettine,0.0,,,,4.0,0.3359375,0.09375,0.44230769230769235,5.0,0.88125,0.9375,0.46153846153846156,0.0,,0.0,0.08906249999999999,0.0,-0.05833333333333335,0.6723824786324787,0.425,1,1
2021,GB,Matt LaFleur,Nathaniel Hackett,Joe Barry,2,0.7692307692307693,0.7692307692307693,0.7692307692307693,6.0,0.5208333333333334,1.0,0.5512820512820513,4.0,0.1484375,0.0625,0.3846153846153846,Matt LaFleur,Nathaniel Hackett,Mike Pettine,1.0,0.7692307692307693,0.7692307692307693,0.7692307692307693,5.0,0.425,0.78125,0.5076923076923078,6.0,0.8229166666666666,0.53125,0.5128205128205129,0.0,0.0,0.0,0.09583333333333338,1.0,-0.6744791666666666,0.47950053418803423,0.1484375,1,1
2022,GB,Matt LaFleur,Adam Stenavich,Joe Barry,3,0.7747252747252747,0.7857142857142857,0.7747252747252747,0.0,,,,5.0,0.2375,0.59375,0.4648351648351648,Matt LaFleur,Nathaniel Hackett,Joe Barry,2.0,0.7692307692307693,0.7692307692307693,0.7692307692307693,6.0,0.5208333333333334,1.0,0.5512820512820513,4.0,0.1484375,0.0625,0.3846153846153846,0.0,0.005494505494505475,1.0,,0.0,0.08906249999999999,0.5061126373626373,0.2375,2,0
2023,GB,Matt LaFleur,Adam Stenavich,Joe Barry,4,0.6881868131868132,0.42857142857142855,0.6881868131868132,1.0,0.53125,0.53125,0.42857142857142855,6.0,0.234375,0.21875,0.4587912087912087,Matt LaFleur,Adam Stenavich,Joe Barry,3.0,0.7747252747252747,0.7857142857142857,0.7747252747252747,0.0,,,,5.0,0.2375,0.59375,0.4648351648351648,0.0,-0.08653846153846156,0.0,,0.0,-0.003124999999999989,0.48460393772893773,0.234375,0,2
2024,GB,Matt LaFleur,Adam Stenavich,Jeff Hafley,5,0.6505494505494506,0.5,0.6505494505494506,2.0,0.65625,0.78125,0.4642857142857143,0.0,,,,Matt LaFleur,Adam Stenavich,Joe Barry,4.0,0.6881868131868132,0.42857142857142855,0.6881868131868132,1.0,0.53125,0.53125,0.42857142857142855,6.0,0.234375,0.21875,0.4587912087912087,0.0,-0.037637362637362615,0.0,0.125,1.0,,0.6533997252747252,0.6505494505494506,1,1
2025,GB,Matt LaFleur,Adam Stenavich,Jeff Hafley,6,0.6492673992673993,0.6428571428571429,0.6492673992673993,3.0,0.6979166666666666,0.78125,0.5238095238095238,1.0,0.875,0.875,0.6428571428571429,Matt LaFleur,Adam Stenavich,Jeff Hafley,5.0,0.6505494505494506,0.5,0.6505494505494506,2.0,0.65625,0.78125,0.4642857142857143,0.0,,,,0.0,-0.0012820512820512775,0.0,0.04166666666666663,0.0,,0.7407280219780219,0.6492673992673993,1,1
2026,GB,Matt LaFleur,,,7,0.6279434850863422,0.5,0.6279434850863422,,,,,,,,,Matt LaFleur,Adam Stenavich,Jeff Hafley,6.0,0.6492673992673993,0.6428571428571429,0.6492673992673993,3.0,0.6979166666666666,0.78125,0.5238095238095238,1.0,0.875,0.875,0.6428571428571429,0.0,-0.021323914181057058,0.0,,0.0,,0.6279434850863422,0.6279434850863422,0,1
2006,HOU,Gary Kubiak,Troy Calhoun,Richard Smith,0,,,,0.0,,,,0.0,,,,,,,,,,,,,,,,,,,0.0,,0.0,,0.0,,,,0,0
2007,HOU,Gary Kubiak,Mike Sherman,Richard Smith,1,0.46153846153846156,0.46153846153846156,0.46153846153846156,0.0,,,,1.0,0.15625,0.15625,0.46153846153846156,Gary Kubiak,Troy Calhoun,Richard Smith,0.0,,,,0.0,,,,0.0,,,,0.0,,1.0,,0.0,,0.3088942307692308,0.15625,0,0
2008,HOU,Gary Kubiak,Kyle Shanahan,Richard Smith,2,0.46153846153846156,0.46153846153846156,0.46153846153846156,0.0,,,,2.0,0.140625,0.125,0.46153846153846156,Gary Kubiak,Mike Sherman,Richard Smith,1.0,0.46153846153846156,0.46153846153846156,0.46153846153846156,0.0,,,,1.0,0.15625,0.15625,0.46153846153846156,0.0,0.0,1.0,,0.0,-0.015625,0.3010817307692308,0.140625,0,1
2009,HOU,Gary Kubiak,Kyle Shanahan,Frank Bush,3,0.5021367521367521,0.5833333333333334,0.5021367521367521,1.0,0.59375,0.59375,0.5833333333333334,0.0,,,,Gary Kubiak,Kyle Shanahan,Richard Smith,2.0,0.46153846153846156,0.46153846153846156,0.46153846153846156,0.0,,,,2.0,0.140625,0.125,0.46153846153846156,0.0,0.040598290598290565,0.0,,1.0,,0.5479433760683761,0.5021367521367521,1,0
2010,HOU,Gary Kubiak,Rick Dennison,Frank Bush,4,0.530448717948718,0.6153846153846154,0.530448717948718,3.0,0.7708333333333334,1.0,0.45920745920745926,1.0,0.5625,0.5625,0.6153846153846154,Gary Kubiak,Kyle Shanahan,Frank Bush,3.0,0.5021367521367521,0.5833333333333334,0.5021367521367521,1.0,0.59375,0.59375,0.5833333333333334,0.0,,,,0.0,0.028311965811965822,1.0,0.17708333333333337,0.0,,0.6212606837606838,0.530448717948718,2,0
2011,HOU,Gary Kubiak,Rick Dennison,Wade Phillips,5,0.48589743589743595,0.3076923076923077,0.48589743589743595,4.0,0.7890625,0.84375,0.42132867132867136,2.0,0.734375,0.625,0.8076923076923077,Gary Kubiak,Rick Dennison,Frank Bush,4.0,0.530448717948718,0.6153846153846154,0.530448717948718,3.0,0.7708333333333334,1.0,0.45920745920745926,1.0,0.5625,0.5625,0.6153846153846154,0.0,-0.044551282051282004,0.0,0.01822916666666663,1.0,0.171875,0.669778311965812,0.48589743589743595,2,1
2012,HOU,Gary Kubiak,Rick Dennison,Wade Phillips,6,0.5074786324786326,0.6153846153846154,0.5074786324786326,5.0,0.7625,0.65625,0.4601398601398602,3.0,0.8229166666666666,1.0,0.7435897435897436,Gary Kubiak,Rick Dennison,Wade Phillips,5.0,0.48589743589743595,0.3076923076923077,0.48589743589743595,4.0,0.7890625,0.84375,0.42132867132867136,2.0,0.734375,0.625,0.8076923076923077,0.0,0.021581196581196616,0.0,-0.026562500000000044,0.0,0.08854166666666663,0.6976317663817664,0.5074786324786326,2,1
2013,HOU,Gary Kubiak,Rick Dennison,Wade Phillips,7,0.5338827838827839,0.6923076923076923,0.5338827838827839,6.0,0.75,0.6875,0.4988344988344989,4.0,0.859375,0.96875,0.7307692307692308,Gary Kubiak,Rick Dennison,Wade Phillips,6.0,0.5074786324786326,0.6153846153846154,0.5074786324786326,5.0,0.7625,0.65625,0.4601398601398602,3.0,0.8229166666666666,1.0,0.7435897435897436,0.0,0.02640415140415131,0.0,-0.012499999999999956,0.0,0.03645833333333337,0.7144192612942613,0.5338827838827839,2,1
2014,HOU,Bill O'Brien,,Romeo Crennel,0,,,,,,,,3.0,0.3958333333333333,0.09375,0.3846153846153846,Gary Kubiak,Rick Dennison,Wade Phillips,7.0,0.5338827838827839,0.6923076923076923,0.5338827838827839,6.0,0.75,0.6875,0.4988344988344989,4.0,0.859375,0.96875,0.7307692307692308,1.0,,0.0,,1.0,-0.4635416666666667,0.3958333333333333,0.3958333333333333,0,1
2015,HOU,Bill O'Brien,George Godsey,Romeo Crennel,1,0.5384615384615384,0.5384615384615384,0.5384615384615384,0.0,,,,4.0,0.53125,0.9375,0.423076923076923,Bill O'Brien,,Romeo Crennel,0.0,,,,,,,,3.0,0.3958333333333333,0.09375,0.3846153846153846,0.0,,0.0,,0.0,0.13541666666666669,0.5348557692307692,0.53125,1,0
2016,HOU,Bill O'Brien,George Godsey,Romeo Crennel,2,0.5769230769230769,0.6153846153846154,0.5769230769230769,1.0,0.28125,0.28125,0.6153846153846154,5.0,0.5875,0.8125,0.4615384615384615,Bill O'Brien,George Godsey,Romeo Crennel,1.0,0.5384615384615384,0.5384615384615384,0.5384615384615384,0.0,,,,4.0,0.53125,0.9375,0.423076923076923,0.0,0.038461538461538436,0.0,,0.0,0.05625000000000002,0.48189102564102565,0.28125,2,0
2017,HOU,Bill O'Brien,,Mike Vrabel,3,0.564102564102564,0.5384615384615384,0.564102564102564,,,,,0.0,,,,Bill O'Brien,George Godsey,Romeo Crennel,2.0,0.5769230769230769,0.6153846153846154,0.5769230769230769,1.0,0.28125,0.28125,0.6153846153846154,5.0,0.5875,0.8125,0.4615384615384615,0.0,-0.012820512820512886,0.0,,1.0,,0.564102564102564,0.564102564102564,0,1
2018,HOU,Bill O'Brien,,Romeo Crennel,4,0.4807692307692307,0.23076923076923078,0.4807692307692307,,,,,6.0,0.640625,0.90625,0.4743589743589743,Bill O'Brien,,Mike Vrabel,3.0,0.564102564102564,0.5384615384615384,0.564102564102564,,,,,0.0,,,,0.0,-0.08333333333333326,0.0,,1.0,,0.5606971153846154,0.4807692307692307,0,1
2019,HOU,Bill O'Brien,Tim Kelly,Romeo Crennel,5,0.5538461538461539,0.8461538461538461,0.5538461538461539,0.0,,,,7.0,0.6651785714285714,0.8125,0.5274725274725275,Bill O'Brien,,Romeo Crennel,4.0,0.4807692307692307,0.23076923076923078,0.4807692307692307,,,,,6.0,0.640625,0.90625,0.4743589743589743,0.0,0.07307692307692315,0.0,,0.0,0.024553571428571397,0.6095123626373626,0.5538461538461539,2,0
2020,HOU,Romeo Crennel,Tim Kelly,Anthony Weaver,4,0.3317307692307692,0.07692307692307693,0.3317307692307692,1.0,0.90625,0.90625,0.6153846153846154,0.0,,,,Bill O'Brien,Tim Kelly,Romeo Crennel,5.0,0.5538461538461539,0.8461538461538461,0.5538461538461539,0.0,,,,7.0,0.6651785714285714,0.8125,0.5274725274725275,1.0,-0.22211538461538466,0.0,,1.0,,0.6189903846153846,0.3317307692307692,0,1
2021,HOU,David Culley,Tim Kelly,Lovie Smith,0,,,,2.0,0.890625,0.875,0.46153846153846156,0.0,,,,Romeo Crennel,Tim Kelly,Anthony Weaver,4.0,0.3317307692307692,0.07692307692307693,0.3317307692307692,1.0,0.90625,0.90625,0.6153846153846154,0.0,,,,1.0,,0.0,-0.015625,1.0,,0.890625,0.890625,0,1
2022,HOU,Lovie Smith,Pep Hamilton,,9,0.5036260036260036,0.38461538461538464,0.5036260036260036,2.0,0.609375,0.65625,0.7307692307692308,,,,,David Culley,Tim Kelly,Lovie Smith,0.0,,,,2.0,0.890625,0.875,0.46153846153846156,0.0,,,,1.0,,1.0,-0.28125,0.0,,0.5565005018130018,0.5036260036260036,0,1
2023,HOU,DeMeco Ryans,Bobby Slowik,Matt Burke,0,,,,0.0,,,,2.0,0.34375,0.3125,0.34615384615384615,Lovie Smith,Pep Hamilton,,9.0,0.5036260036260036,0.38461538461538464,0.5036260036260036,2.0,0.609375,0.65625,0.7307692307692308,,,,,1.0,,1.0,,0.0,,0.34375,0.34375,0,0
2024,HOU,DeMeco Ryans,Bobby Slowik,Matt Burke,1,0.6428571428571429,0.6428571428571429,0.6428571428571429,1.0,0.59375,0.59375,0.6428571428571429,3.0,0.4375,0.625,0.4450549450549451,DeMeco Ryans,Bobby Slowik,Matt Burke,0.0,,,,0.0,,,,2.0,0.34375,0.3125,0.34615384615384615,0.0,,0.0,,0.0,0.09375,0.5580357142857143,0.4375,1,0
2025,HOU,DeMeco Ryans,Nick Caley,Matt Burke,2,0.6071428571428572,0.5714285714285714,0.6071428571428572,0.0,,,,4.0,0.5390625,0.84375,0.4766483516483517,DeMeco Ryans,Bobby Slowik,Matt Burke,1.0,0.6428571428571429,0.6428571428571429,0.6428571428571429,1.0,0.59375,0.59375,0.6428571428571429,3.0,0.4375,0.625,0.4450549450549451,0.0,-0.0357142857142857,1.0,,0.0,0.1015625,0.5731026785714286,0.5390625,1,1
2026,HOU,DeMeco Ryans,,,3,0.6904761904761906,0.8571428571428571,0.6904761904761906,,,,,,,,,DeMeco Ryans,Nick Caley,Matt Burke,2.0,0.6071428571428572,0.5714285714285714,0.6071428571428572,0.0,,,,4.0,0.5390625,0.84375,0.4766483516483517,0.0,0.08333333333333337,0.0,,0.0,,0.6904761904761906,0.6904761904761906,1,0
2006,IND,Tony Dungy,Tom Moore,Ron Meeks,0,,,,0.0,,,,0.0,,,,,,,,,,,,,,,,,,,0.0,,0.0,,0.0,,,,0,0
2007,IND,Tony Dungy,Tom Moore,Ron Meeks,1,0.6923076923076923,0.6923076923076923,0.6923076923076923,1.0,1.0,1.0,0.6923076923076923,1.0,0.0625,0.0625,0.6923076923076923,Tony Dungy,Tom Moore,Ron Meeks,0.0,,,,0.0,,,,0.0,,,,0.0,,0.0,,0.0,,0.5849358974358975,0.0625,0,0
2008,IND,Tony Dungy,Tom Moore,Ron Meeks,2,0.7307692307692308,0.7692307692307693,0.7307692307692308,2.0,0.984375,0.96875,0.7307692307692308,2.0,0.4375,0.8125,0.7307692307692308,Tony Dungy,Tom Moore,Ron Meeks,1.0,0.6923076923076923,0.6923076923076923,0.6923076923076923,1.0,1.0,1.0,0.6923076923076923,1.0,0.0625,0.0625,0.6923076923076923,0.0,0.03846153846153855,0.0,-0.015625,0.0,0.375,0.717548076923077,0.4375,2,1
2009,IND,Jim Caldwell,Tom Moore,Larry Coyer,0,,,,3.0,0.96875,0.9375,0.75990675990676,1.0,0.5625,0.5625,0.5384615384615384,Tony Dungy,Tom Moore,Ron Meeks,2.0,0.7307692307692308,0.7692307692307693,0.7307692307692308,2.0,0.984375,0.96875,0.7307692307692308,2.0,0.4375,0.8125,0.7307692307692308,1.0,,0.0,-0.015625,1.0,0.125,0.765625,0.5625,1,1
2010,IND,Jim Caldwell,Clyde Christensen,Larry Coyer,1,0.8461538461538461,0.8461538461538461,0.8461538461538461,0.0,,,,2.0,0.578125,0.59375,0.6923076923076923,Jim Caldwell,Tom Moore,Larry Coyer,0.0,,,,3.0,0.96875,0.9375,0.75990675990676,1.0,0.5625,0.5625,0.5384615384615384,0.0,,1.0,,0.0,0.015625,0.7121394230769231,0.578125,1,0
2011,IND,Jim Caldwell,,,2,0.7307692307692308,0.6153846153846154,0.7307692307692308,,,,,,,,,Jim Caldwell,Clyde Christensen,Larry Coyer,1.0,0.8461538461538461,0.8461538461538461,0.8461538461538461,0.0,,,,2.0,0.578125,0.59375,0.6923076923076923,0.0,-0.11538461538461531,0.0,,0.0,,0.7307692307692308,0.7307692307692308,0,1
2012,IND,Chuck Pagano,Bruce Arians,Greg Manusky,0,,,,5.0,0.675,0.875,0.6685314685314685,5.0,0.4625,0.21875,0.40641025641025647,Jim Caldwell,,,2.0,0.7307692307692308,0.6153846153846154,0.7307692307692308,,,,,,,,,1.0,,0.0,,0.0,,0.5687500000000001,0.4625,0,0
2013,IND,Chuck Pagano,Pep Hamilton,Greg Manusky,1,0.7692307692307693,0.7692307692307693,0.7692307692307693,0.0,,,,6.0,0.40625,0.125,0.46688034188034194,Chuck Pagano,Bruce Arians,Greg Manusky,0.0,,,,5.0,0.675,0.875,0.6685314685314685,5.0,0.4625,0.21875,0.40641025641025647,0.0,,1.0,,0.0,-0.05625000000000002,0.5877403846153846,0.40625,0,1
2014,IND,Chuck Pagano,Pep Hamilton,Greg Manusky,2,0.7307692307692308,0.6923076923076923,0.7307692307692308,1.0,0.5625,0.5625,0.6923076923076923,7.0,0.40625,0.40625,0.4990842490842491,Chuck Pagano,Pep Hamilton,Greg Manusky,1.0,0.7692307692307693,0.7692307692307693,0.7692307692307693,0.0,,,,6.0,0.40625,0.125,0.46688034188034194,0.0,-0.038461538461538436,0.0,,0.0,0.0,0.5665064102564102,0.40625,0,1
2015,IND,Chuck Pagano,Rob Chudzinski,Greg Manusky,3,0.7435897435897436,0.7692307692307693,0.7435897435897436,4.0,0.609375,0.71875,0.4471153846153846,8.0,0.4453125,0.71875,0.5328525641025641,Chuck Pagano,Pep Hamilton,Greg Manusky,2.0,0.7307692307692308,0.6923076923076923,0.7307692307692308,1.0,0.5625,0.5625,0.6923076923076923,7.0,0.40625,0.40625,0.4990842490842491,0.0,0.012820512820512775,1.0,0.046875,0.0,0.0390625,0.5994257478632479,0.4453125,3,0
2016,IND,Chuck Pagano,Rob Chudzinski,Ted Monachino,4,0.6923076923076923,0.5384615384615384,0.6923076923076923,5.0,0.50625,0.09375,0.46538461538461534,0.0,,,,Chuck Pagano,Rob Chudzinski,Greg Manusky,3.0,0.7435897435897436,0.7692307692307693,0.7435897435897436,4.0,0.609375,0.71875,0.4471153846153846,8.0,0.4453125,0.71875,0.5328525641025641,0.0,-0.05128205128205132,0.0,-0.10312500000000002,1.0,,0.5992788461538461,0.50625,0,2
2017,IND,Chuck Pagano,Rob Chudzinski,Ted Monachino,5,0.6615384615384615,0.5384615384615384,0.6615384615384615,6.0,0.5260416666666666,0.625,0.4775641025641025,1.0,0.15625,0.15625,0.5384615384615384,Chuck Pagano,Rob Chudzinski,Ted Monachino,4.0,0.6923076923076923,0.5384615384615384,0.6923076923076923,5.0,0.50625,0.09375,0.46538461538461534,0.0,,,,0.0,-0.03076923076923077,0.0,0.019791666666666652,0.0,,0.44794337606837603,0.15625,1,1
2018,IND,Frank Reich,Nick Sirianni,Matt Eberflus,0,,,,0.0,,,,0.0,,,,Chuck Pagano,Rob Chudzinski,Ted Monachino,5.0,0.6615384615384615,0.5384615384615384,0.6615384615384615,6.0,0.5260416666666666,0.625,0.4775641025641025,1.0,0.15625,0.15625,0.5384615384615384,1.0,,1.0,,1.0,,,,0,0
2019,IND,Frank Reich,Nick Sirianni,Matt Eberflus,1,0.6923076923076923,0.6923076923076923,0.6923076923076923,1.0,0.8125,0.8125,0.6923076923076923,1.0,0.5625,0.5625,0.6923076923076923,Frank Reich,Nick Sirianni,Matt Eberflus,0.0,,,,0.0,,,,0.0,,,,0.0,,0.0,,0.0,,0.6891025641025642,0.5625,0,0
2020,IND,Frank Reich,Nick Sirianni,Matt Eberflus,2,0.5384615384615384,0.38461538461538464,0.5384615384615384,2.0,0.703125,0.59375,0.5384615384615384,2.0,0.515625,0.46875,0.5384615384615384,Frank Reich,Nick Sirianni,Matt Eberflus,1.0,0.6923076923076923,0.6923076923076923,0.6923076923076923,1.0,0.8125,0.8125,0.6923076923076923,1.0,0.5625,0.5625,0.6923076923076923,0.0,-0.15384615384615385,0.0,-0.109375,0.0,-0.046875,0.5857371794871794,0.515625,0,3
2021,IND,Frank Reich,Marcus Brady,Matt Eberflus,3,0.5897435897435898,0.6923076923076923,0.5897435897435898,0.0,,,,3.0,0.5833333333333334,0.71875,0.5897435897435898,Frank Reich,Nick Sirianni,Matt Eberflus,2.0,0.5384615384615384,0.38461538461538464,0.5384615384615384,2.0,0.703125,0.59375,0.5384615384615384,2.0,0.515625,0.46875,0.5384615384615384,0.0,0.05128205128205132,1.0,,0.0,0.06770833333333337,0.5865384615384616,0.5833333333333334,2,0
2022,IND,Frank Reich,Parks Frazier,Gus Bradley,4,0.603021978021978,0.6428571428571429,0.603021978021978,0.0,,,,9.0,0.5694444444444444,0.375,0.517094017094017,Frank Reich,Marcus Brady,Matt Eberflus,3.0,0.5897435897435898,0.6923076923076923,0.5897435897435898,0.0,,,,3.0,0.5833333333333334,0.71875,0.5897435897435898,0.0,0.013278388278388231,1.0,,1.0,-0.01388888888888895,0.5862332112332111,0.5694444444444444,1,1
2023,IND,Shane Steichen,Jim Bob Cooter,Gus Bradley,0,,,,3.0,0.4375,0.21875,0.5128205128205128,10.0,0.571875,0.59375,0.48681318681318675,Frank Reich,Parks Frazier,Gus Bradley,4.0,0.603021978021978,0.6428571428571429,0.603021978021978,0.0,,,,9.0,0.5694444444444444,0.375,0.517094017094017,1.0,,1.0,,0.0,0.0024305555555556024,0.5046875,0.4375,1,0
2024,IND,Shane Steichen,Jim Bob Cooter,Gus Bradley,1,0.5,0.5,0.5,4.0,0.46875,0.5625,0.5096153846153846,11.0,0.5596590909090909,0.4375,0.488011988011988,Shane Steichen,Jim Bob Cooter,Gus Bradley,0.0,,,,3.0,0.4375,0.21875,0.5128205128205128,10.0,0.571875,0.59375,0.48681318681318675,0.0,,0.0,0.03125,0.0,-0.012215909090909083,0.5094696969696969,0.46875,1,1
2025,IND,Shane Steichen,Jim Bob Cooter,Lou Anarumo,2,0.5,0.5,0.5,5.0,0.4375,0.3125,0.5076923076923077,5.0,0.30625,0.125,0.49010989010989015,Shane Steichen,Jim Bob Cooter,Gus Bradley,1.0,0.5,0.5,0.5,4.0,0.46875,0.5625,0.5096153846153846,11.0,0.5596590909090909,0.4375,0.488011988011988,0.0,0.0,0.0,-0.03125,1.0,-0.2534090909090909,0.4145833333333333,0.30625,0,2
2026,IND,Shane Steichen,,,3,0.4523809523809524,0.35714285714285715,0.4523809523809524,,,,,,,,,Shane Steichen,Jim Bob Cooter,Lou Anarumo,2.0,0.5,0.5,0.5,5.0,0.4375,0.3125,0.5076923076923077,5.0,0.30625,0.125,0.49010989010989015,0.0,-0.047619047619047616,0.0,,0.0,,0.4523809523809524,0.4523809523809524,0,1
2006,JAX,Jack Del Rio,Carl Smith,Mike Smith,0,,,,0.0,,,,0.0,,,,,,,,,,,,,,,,,,,0.0,,0.0,,0.0,,,,0,0
2007,JAX,Jack Del Rio,Dirk Koetter,Mike Smith,1,0.46153846153846156,0.46153846153846156,0.46153846153846156,0.0,,,,1.0,0.90625,0.90625,0.46153846153846156,Jack Del Rio,Carl Smith,Mike Smith,0.0,,,,0.0,,,,0.0,,,,0.0,,1.0,,0.0,,0.6838942307692308,0.46153846153846156,0,0
2008,JAX,Jack Del Rio,Dirk Koetter,Gregg Williams,2,0.5769230769230769,0.6923076923076923,0.5769230769230769,1.0,0.90625,0.90625,0.6923076923076923,2.0,0.296875,0.5625,0.4230769230769231,Jack Del Rio,Dirk Koetter,Mike Smith,1.0,0.46153846153846156,0.46153846153846156,0.46153846153846156,0.0,,,,1.0,0.90625,0.90625,0.46153846153846156,0.0,0.11538461538461531,0.0,,1.0,-0.609375,0.5933493589743589,0.296875,1,1
2009,JAX,Jack Del Rio,Dirk Koetter,Mel Tucker,3,0.4679487179487179,0.25,0.4679487179487179,2.0,0.765625,0.625,0.47115384615384615,1.0,0.46875,0.46875,0.25,Jack Del Rio,Dirk Koetter,Gregg Williams,2.0,0.5769230769230769,0.6923076923076923,0.5769230769230769,1.0,0.90625,0.90625,0.6923076923076923,2.0,0.296875,0.5625,0.4230769230769231,0.0,-0.10897435897435898,0.0,-0.140625,1.0,0.171875,0.5674412393162392,0.4679487179487179,1,2
2010,JAX,Jack Del Rio,Dirk Koetter,Mel Tucker,4,0.46634615384615385,0.46153846153846156,0.46634615384615385,3.0,0.6666666666666666,0.46875,0.4679487179487179,2.0,0.265625,0.0625,0.3557692307692308,Jack Del Rio,Dirk Koetter,Mel Tucker,3.0,0.4679487179487179,0.25,0.4679487179487179,2.0,0.765625,0.625,0.47115384615384615,1.0,0.46875,0.46875,0.25,0.0,-0.0016025641025640414,0.0,-0.09895833333333337,0.0,-0.203125,0.46621260683760685,0.265625,0,3
2011,JAX,Jack Del Rio,Dirk Koetter,Mel Tucker,5,0.4807692307692307,0.5384615384615384,0.4807692307692307,4.0,0.6640625,0.65625,0.485576923076923,3.0,0.19791666666666666,0.0625,0.4166666666666667,Jack Del Rio,Dirk Koetter,Mel Tucker,4.0,0.46634615384615385,0.46153846153846156,0.46634615384615385,3.0,0.6666666666666666,0.46875,0.4679487179487179,2.0,0.265625,0.0625,0.3557692307692308,0.0,0.014423076923076872,0.0,-0.0026041666666666297,0.0,-0.06770833333333334,0.4475827991452992,0.19791666666666666,1,2
2012,JAX,Mike Mularkey,Bob Bratkowski,Mel Tucker,0,,,,5.0,0.50625,0.40625,0.38307692307692315,4.0,0.34375,0.78125,0.3894230769230769,Jack Del Rio,Dirk Koetter,Mel Tucker,5.0,0.4807692307692307,0.5384615384615384,0.4807692307692307,4.0,0.6640625,0.65625,0.485576923076923,3.0,0.19791666666666666,0.0625,0.4166666666666667,1.0,,1.0,-0.15781250000000002,0.0,0.14583333333333334,0.425,0.34375,1,1
2013,JAX,Gus Bradley,Jedd Fisch,Bob Babich,0,,,,0.0,,,,2.0,0.734375,0.8125,0.5034965034965035,Mike Mularkey,Bob Bratkowski,Mel Tucker,0.0,,,,5.0,0.50625,0.40625,0.38307692307692315,4.0,0.34375,0.78125,0.3894230769230769,1.0,,1.0,,1.0,0.390625,0.734375,0.734375,1,0
2014,JAX,Gus Bradley,Jedd Fisch,Bob Babich,1,0.3076923076923077,0.3076923076923077,0.3076923076923077,1.0,0.03125,0.03125,0.3076923076923077,3.0,0.5833333333333334,0.28125,0.43822843822843827,Gus Bradley,Jedd Fisch,Bob Babich,0.0,,,,0.0,,,,2.0,0.734375,0.8125,0.5034965034965035,0.0,,0.0,,0.0,-0.15104166666666663,0.3074252136752137,0.03125,0,1
2015,JAX,Gus Bradley,Greg Olson,Bob Babich,2,0.2692307692307693,0.23076923076923078,0.2692307692307693,6.0,0.3802083333333333,0.0625,0.32051282051282054,4.0,0.5390625,0.40625,0.3863636363636364,Gus Bradley,Jedd Fisch,Bob Babich,1.0,0.3076923076923077,0.3076923076923077,0.3076923076923077,1.0,0.03125,0.03125,0.3076923076923077,3.0,0.5833333333333334,0.28125,0.43822843822843827,0.0,-0.038461538461538436,1.0,0.3489583333333333,0.0,-0.04427083333333337,0.39616720085470086,0.2692307692307693,1,2
2016,JAX,Gus Bradley,Greg Olson,Todd Wash,3,0.2820512820512821,0.3076923076923077,0.2820512820512821,7.0,0.38839285714285715,0.4375,0.3186813186813187,0.0,,,,Gus Bradley,Greg Olson,Bob Babich,2.0,0.2692307692307693,0.23076923076923078,0.2692307692307693,6.0,0.3802083333333333,0.0625,0.32051282051282054,4.0,0.5390625,0.40625,0.3863636363636364,0.0,0.01282051282051283,0.0,0.008184523809523836,1.0,,0.3352220695970696,0.2820512820512821,2,0
2017,JAX,Doug Marrone,Nathaniel Hackett,Todd Wash,2,0.46153846153846156,0.5384615384615384,0.46153846153846156,2.0,0.25,0.28125,0.46153846153846156,1.0,0.78125,0.78125,0.23076923076923078,Gus Bradley,Greg Olson,Todd Wash,3.0,0.2820512820512821,0.3076923076923077,0.2820512820512821,7.0,0.38839285714285715,0.4375,0.3186813186813187,0.0,,,,1.0,0.17948717948717946,1.0,-0.13839285714285715,0.0,,0.4975961538461539,0.25,1,1
2018,JAX,Doug Marrone,Nathaniel Hackett,Todd Wash,3,0.5128205128205129,0.6153846153846154,0.5128205128205129,3.0,0.4166666666666667,0.75,0.5128205128205129,2.0,0.890625,1.0,0.42307692307692313,Doug Marrone,Nathaniel Hackett,Todd Wash,2.0,0.46153846153846156,0.5384615384615384,0.46153846153846156,2.0,0.25,0.28125,0.46153846153846156,1.0,0.78125,0.78125,0.23076923076923078,0.0,0.05128205128205132,0.0,0.16666666666666669,0.0,0.109375,0.6067040598290598,0.4166666666666667,3,0
2019,JAX,Doug Marrone,John DeFilippo,Todd Wash,4,0.44230769230769235,0.23076923076923078,0.44230769230769235,1.0,0.3125,0.3125,0.15384615384615385,3.0,0.875,0.84375,0.35897435897435903,Doug Marrone,Nathaniel Hackett,Todd Wash,3.0,0.5128205128205129,0.6153846153846154,0.5128205128205129,3.0,0.4166666666666667,0.75,0.5128205128205129,2.0,0.890625,1.0,0.42307692307692313,0.0,-0.07051282051282054,1.0,-0.10416666666666669,0.0,-0.015625,0.5432692307692307,0.3125,0,3
2020,JAX,Doug Marrone,Jay Gruden,Todd Wash,5,0.43076923076923085,0.38461538461538464,0.43076923076923085,3.0,0.59375,0.8125,0.6410256410256411,4.0,0.703125,0.1875,0.3653846153846154,Doug Marrone,John DeFilippo,Todd Wash,4.0,0.44230769230769235,0.23076923076923078,0.44230769230769235,1.0,0.3125,0.3125,0.15384615384615385,3.0,0.875,0.84375,0.35897435897435903,0.0,-0.011538461538461497,1.0,0.28125,0.0,-0.171875,0.5758814102564103,0.43076923076923085,1,2
2021,JAX,Urban Meyer,Brian Schottenheimer,Joe Cullen,0,,,,12.0,0.4765625,0.8125,0.5357905982905984,0.0,,,,Doug Marrone,Jay Gruden,Todd Wash,5.0,0.43076923076923085,0.38461538461538464,0.43076923076923085,3.0,0.59375,0.8125,0.6410256410256411,4.0,0.703125,0.1875,0.3653846153846154,1.0,,1.0,-0.1171875,1.0,,0.4765625,0.4765625,0,1
2022,JAX,Doug Pederson,Press Taylor,Mike Caldwell,5,0.523076923076923,0.3076923076923077,0.523076923076923,0.0,,,,0.0,,,,Urban Meyer,Brian Schottenheimer,Joe Cullen,0.0,,,,12.0,0.4765625,0.8125,0.5357905982905984,0.0,,,,1.0,,1.0,,1.0,,0.523076923076923,0.523076923076923,0,0
2023,JAX,Doug Pederson,Press Taylor,Mike Caldwell,6,0.5192307692307692,0.5,0.5192307692307692,1.0,0.71875,0.71875,0.5,1.0,0.6875,0.6875,0.5,Doug Pederson,Press Taylor,Mike Caldwell,5.0,0.523076923076923,0.3076923076923077,0.523076923076923,0.0,,,,0.0,,,,0.0,-0.0038461538461538325,0.0,,0.0,,0.641826923076923,0.5192307692307692,0,1
2024,JAX,Doug Pederson,Press Taylor,Ryan Nielsen,7,0.5266875981161695,0.5714285714285714,0.5266875981161695,2.0,0.546875,0.375,0.5357142857142857,1.0,0.8125,0.8125,0.35714285714285715,Doug Pederson,Press Taylor,Mike Caldwell,6.0,0.5192307692307692,0.5,0.5192307692307692,1.0,0.71875,0.71875,0.5,1.0,0.6875,0.6875,0.5,0.0,0.007456828885400335,0.0,-0.171875,1.0,0.125,0.6286875327053898,0.5266875981161695,2,1
2025,JAX,Liam Coen,Grant Udinski,Anthony Campanile,0,,,,0.0,,,,0.0,,,,Doug Pederson,Press Taylor,Ryan Nielsen,7.0,0.5266875981161695,0.5714285714285714,0.5266875981161695,2.0,0.546875,0.375,0.5357142857142857,1.0,0.8125,0.8125,0.35714285714285715,1.0,,1.0,,1.0,,,,0,0
2026,JAX,Liam Coen,Grant Udinski,Anthony Campanile,1,0.7857142857142857,0.7857142857142857,0.7857142857142857,1.0,0.53125,0.53125,0.7857142857142857,1.0,0.875,0.875,0.7857142857142857,Liam Coen,Grant Udinski,Anthony Campanile,0.0,,,,0.0,,,,0.0,,,,0.0,,0.0,,0.0,,0.7306547619047619,0.53125,0,0
2006,KC,Herm Edwards,Mike Solari,Gunther Cunningham,0,,,,0.0,,,,0.0,,,,,,,,,,,,,,,,,,,0.0,,0.0,,0.0,,,,0,0
2007,KC,Herm Edwards,Mike Solari,Gunther Cunningham,1,0.6153846153846154,0.6153846153846154,0.6153846153846154,1.0,0.6875,0.6875,0.6153846153846154,1.0,0.40625,0.40625,0.6153846153846154,Herm Edwards,Mike Solari,Gunther Cunningham,0.0,,,,0.0,,,,0.0,,,,0.0,,0.0,,0.0,,0.5697115384615384,0.40625,0,0
2008,KC,Herm Edwards,Chan Gailey,Gunther Cunningham,2,0.42307692307692313,0.23076923076923078,0.42307692307692313,0.0,,,,2.0,0.515625,0.625,0.42307692307692313,Herm Edwards,Mike Solari,Gunther Cunningham,1.0,0.6153846153846154,0.6153846153846154,0.6153846153846154,1.0,0.6875,0.6875,0.6153846153846154,1.0,0.40625,0.40625,0.6153846153846154,0.0,-0.1923076923076923,1.0,,0.0,0.109375,0.46935096153846156,0.42307692307692313,1,1
2009,KC,Todd Haley,,Clancy Pendergast,0,,,,,,,,3.0,0.5,0.375,0.4764957264957265,Herm Edwards,Chan Gailey,Gunther Cunningham,2.0,0.42307692307692313,0.23076923076923078,0.42307692307692313,0.0,,,,2.0,0.515625,0.625,0.42307692307692313,1.0,,0.0,,1.0,-0.015625,0.5,0.5,0,1
2010,KC,Todd Haley,Charlie Weis,Romeo Crennel,1,0.3076923076923077,0.3076923076923077,0.3076923076923077,0.0,,,,0.0,,,,Todd Haley,,Clancy Pendergast,0.0,,,,,,,,3.0,0.5,0.375,0.4764957264957265,0.0,,0.0,,1.0,,0.3076923076923077,0.3076923076923077,0,0
2011,KC,Todd Haley,Bill Muir,Romeo Crennel,2,0.4230769230769231,0.5384615384615384,0.4230769230769231,1.0,0.625,0.625,0.5384615384615384,1.0,0.65625,0.65625,0.5384615384615384,Todd Haley,Charlie Weis,Romeo Crennel,1.0,0.3076923076923077,0.3076923076923077,0.3076923076923077,0.0,,,,0.0,,,,0.0,0.11538461538461536,1.0,,0.0,,0.5681089743589743,0.4230769230769231,1,0
2012,KC,Romeo Crennel,Brian Daboll,Romeo Crennel,3,0.4166666666666667,0.25,0.4166666666666667,3.0,0.2604166666666667,0.5,0.4102564102564103,2.0,0.546875,0.4375,0.5384615384615384,Todd Haley,Bill Muir,Romeo Crennel,2.0,0.4230769230769231,0.5384615384615384,0.4230769230769231,1.0,0.625,0.625,0.5384615384615384,1.0,0.65625,0.65625,0.5384615384615384,1.0,-0.0064102564102563875,1.0,-0.3645833333333333,0.0,-0.109375,0.40798611111111116,0.2604166666666667,0,3
2013,KC,Andy Reid,Doug Pederson,Bob Sutton,7,0.5302197802197802,0.15384615384615385,0.5302197802197802,0.0,,,,3.0,0.3333333333333333,0.65625,0.4764957264957266,Romeo Crennel,Brian Daboll,Romeo Crennel,3.0,0.4166666666666667,0.25,0.4166666666666667,3.0,0.2604166666666667,0.5,0.4102564102564103,2.0,0.546875,0.4375,0.5384615384615384,1.0,0.11355311355311354,1.0,,1.0,-0.21354166666666669,0.4317765567765568,0.3333333333333333,1,1
2014,KC,Andy Reid,Doug Pederson,Bob Sutton,8,0.5408653846153846,0.6153846153846154,0.5408653846153846,1.0,0.59375,0.59375,0.6153846153846154,4.0,0.453125,0.8125,0.5112179487179488,Andy Reid,Doug Pederson,Bob Sutton,7.0,0.5302197802197802,0.15384615384615385,0.5302197802197802,0.0,,,,3.0,0.3333333333333333,0.65625,0.4764957264957266,0.0,0.010645604395604358,0.0,,0.0,0.11979166666666669,0.5292467948717948,0.453125,2,0
2015,KC,Andy Reid,Doug Pederson,Bob Sutton,9,0.5491452991452991,0.6153846153846154,0.5491452991452991,2.0,0.65625,0.71875,0.6153846153846154,5.0,0.46875,0.53125,0.5320512820512822,Andy Reid,Doug Pederson,Bob Sutton,8.0,0.5408653846153846,0.6153846153846154,0.5408653846153846,1.0,0.59375,0.59375,0.6153846153846154,4.0,0.453125,0.8125,0.5112179487179488,0.0,0.0082799145299145,0.0,0.0625,0.0,0.015625,0.558048433048433,0.46875,3,0
2016,KC,Andy Reid,Brad Childress Matt Nagy,Bob Sutton,10,0.5711538461538461,0.7692307692307693,0.5711538461538461,0.0,,,,6.0,0.5364583333333334,0.875,0.5715811965811967,Andy Reid,Doug Pederson,Bob Sutton,9.0,0.5491452991452991,0.6153846153846154,0.5491452991452991,2.0,0.65625,0.71875,0.6153846153846154,5.0,0.46875,0.53125,0.5320512820512822,0.0,0.02200854700854704,1.0,,0.0,0.06770833333333337,0.5538060897435897,0.5364583333333334,2,0
2017,KC,Andy Reid,Matt Nagy,Bob Sutton,11,0.5891608391608391,0.7692307692307693,0.5891608391608391,0.0,,,,7.0,0.5580357142857143,0.6875,0.5998168498168498,Andy Reid,Brad Childress Matt Nagy,Bob Sutton,10.0,0.5711538461538461,0.7692307692307693,0.5711538461538461,0.0,,,,6.0,0.5364583333333334,0.875,0.5715811965811967,0.0,0.018006993006992933,1.0,,0.0,0.02157738095238093,0.5735982767232767,0.5580357142857143,2,0
2018,KC,Andy Reid,Eric Bieniemy,Bob Sutton,12,0.5849358974358974,0.5384615384615384,0.5849358974358974,0.0,,,,8.0,0.51171875,0.1875,0.5921474358974359,Andy Reid,Matt Nagy,Bob Sutton,11.0,0.5891608391608391,0.7692307692307693,0.5891608391608391,0.0,,,,7.0,0.5580357142857143,0.6875,0.5998168498168498,0.0,-0.0042249417249417,1.0,,0.0,-0.0463169642857143,0.5483273237179487,0.51171875,0,2
2019,KC,Andy Reid,Eric Bieniemy,Steve Spagnuolo,13,0.5931952662721893,0.6923076923076923,0.5931952662721893,1.0,1.0,1.0,0.6923076923076923,6.0,0.4583333333333333,0.09375,0.5384615384615384,Andy Reid,Eric Bieniemy,Bob Sutton,12.0,0.5849358974358974,0.5384615384615384,0.5849358974358974,0.0,,,,8.0,0.51171875,0.1875,0.5921474358974359,0.0,0.00825936883629197,0.0,,1.0,-0.053385416666666685,0.6838428665351742,0.4583333333333333,1,1
2020,KC,Andy Reid,Eric Bieniemy,Steve Spagnuolo,14,0.6002747252747253,0.6923076923076923,0.6002747252747253,2.0,0.984375,0.96875,0.6923076923076923,7.0,0.48214285714285715,0.625,0.5604395604395604,Andy Reid,Eric Bieniemy,Steve Spagnuolo,13.0,0.5931952662721893,0.6923076923076923,0.5931952662721893,1.0,1.0,1.0,0.6923076923076923,6.0,0.4583333333333333,0.09375,0.5384615384615384,0.0,0.007079459002535926,0.0,-0.015625,0.0,0.023809523809523836,0.6889308608058609,0.48214285714285715,2,1
2021,KC,Andy Reid,Eric Bieniemy,Steve Spagnuolo,15,0.6166666666666667,0.8461538461538461,0.6166666666666667,3.0,0.9791666666666666,0.96875,0.7435897435897436,8.0,0.484375,0.5,0.5961538461538461,Andy Reid,Eric Bieniemy,Steve Spagnuolo,14.0,0.6002747252747253,0.6923076923076923,0.6002747252747253,2.0,0.984375,0.96875,0.6923076923076923,7.0,0.48214285714285715,0.625,0.5604395604395604,0.0,0.016391941391941445,0.0,-0.00520833333333337,0.0,0.002232142857142849,0.6934027777777777,0.484375,2,1
2022,KC,Andy Reid,Eric Bieniemy,Steve Spagnuolo,16,0.6272321428571428,0.7857142857142857,0.6272321428571428,4.0,0.984375,1.0,0.7541208791208791,9.0,0.4618055555555556,0.28125,0.6172161172161172,Andy Reid,Eric Bieniemy,Steve Spagnuolo,15.0,0.6166666666666667,0.8461538461538461,0.6166666666666667,3.0,0.9791666666666666,0.96875,0.7435897435897436,8.0,0.484375,0.5,0.5961538461538461,0.0,0.010565476190476097,0.0,0.00520833333333337,0.0,-0.02256944444444442,0.6911375661375662,0.4618055555555556,2,1
2023,KC,Andy Reid,Matt Nagy,Steve Spagnuolo,17,0.6407563025210083,0.8571428571428571,0.6407563025210083,1.0,0.9375,0.9375,0.5384615384615384,10.0,0.478125,0.625,0.6412087912087912,Andy Reid,Eric Bieniemy,Steve Spagnuolo,16.0,0.6272321428571428,0.7857142857142857,0.6272321428571428,4.0,0.984375,1.0,0.7541208791208791,9.0,0.4618055555555556,0.28125,0.6172161172161172,0.0,0.013524159663865554,1.0,-0.046875,0.0,0.016319444444444442,0.6854604341736694,0.478125,2,1
2024,KC,Andy Reid,Matt Nagy,Steve Spagnuolo,18,0.6408730158730158,0.6428571428571429,0.6408730158730158,2.0,0.84375,0.75,0.5906593406593407,11.0,0.5028409090909091,0.75,0.6413586413586413,Andy Reid,Matt Nagy,Steve Spagnuolo,17.0,0.6407563025210083,0.8571428571428571,0.6407563025210083,1.0,0.9375,0.9375,0.5384615384615384,10.0,0.478125,0.625,0.6412087912087912,0.0,0.00011671335200746924,0.0,-0.09375,0.0,0.02471590909090904,0.662487974987975,0.5028409090909091,2,1
2025,KC,Andy Reid,Matt Nagy,Steve Spagnuolo,19,0.6522556390977443,0.8571428571428571,0.6522556390977443,3.0,0.8125,0.75,0.6794871794871794,12.0,0.5182291666666666,0.6875,0.6593406593406593,Andy Reid,Matt Nagy,Steve Spagnuolo,18.0,0.6408730158730158,0.6428571428571429,0.6408730158730158,2.0,0.84375,0.75,0.5906593406593407,11.0,0.5028409090909091,0.75,0.6413586413586413,0.0,0.011382623224728494,0.0,-0.03125,0.0,0.015388257575757569,0.6609949352548036,0.5182291666666666,2,1
2026,KC,Andy Reid,,,20,0.6375,0.35714285714285715,0.6375,,,,,,,,,Andy Reid,Matt Nagy,Steve Spagnuolo,19.0,0.6522556390977443,0.8571428571428571,0.6522556390977443,3.0,0.8125,0.75,0.6794871794871794,12.0,0.5182291666666666,0.6875,0.6593406593406593,0.0,-0.014755639097744355,0.0,,0.0,,0.6375,0.6375,0,1
2006,LA,Scott Linehan,Greg Olson,Jim Haslett,0,,,,0.0,,,,0.0,,,,,,,,,,,,,,,,,,,0.0,,0.0,,0.0,,,,0,0
2007,LA,Scott Linehan,Greg Olson,Jim Haslett,1,0.46153846153846156,0.46153846153846156,0.46153846153846156,1.0,0.75,0.75,0.46153846153846156,1.0,0.21875,0.21875,0.46153846153846156,Scott Linehan,Greg Olson,Jim Haslett,0.0,,,,0.0,,,,0.0,,,,0.0,,0.0,,0.0,,0.47676282051282054,0.21875,0,0
2008,LA,Jim Haslett,,,0,,,,,,,,,,,,Scott Linehan,Greg Olson,Jim Haslett,1.0,0.46153846153846156,0.46153846153846156,0.46153846153846156,1.0,0.75,0.75,0.46153846153846156,1.0,0.21875,0.21875,0.46153846153846156,1.0,,0.0,,0.0,,,,0,0
2009,LA,Steve Spagnuolo,Pat Shurmur,Ken Flajole,0,,,,0.0,,,,0.0,,,,Jim Haslett,,,0.0,,,,,,,,,,,,1.0,,0.0,,0.0,,,,0,0
2010,LA,Steve Spagnuolo,Pat Shurmur,Ken Flajole,1,0.07692307692307693,0.07692307692307693,0.07692307692307693,1.0,0.09375,0.09375,0.07692307692307693,1.0,0.03125,0.03125,0.07692307692307693,Steve Spagnuolo,Pat Shurmur,Ken Flajole,0.0,,,,0.0,,,,0.0,,,,0.0,,0.0,,0.0,,0.0673076923076923,0.03125,0,0
2011,LA,Steve Spagnuolo,Josh McDaniels,Ken Flajole,2,0.2692307692307693,0.46153846153846156,0.2692307692307693,2.0,0.921875,1.0,0.8846153846153846,2.0,0.359375,0.6875,0.2692307692307693,Steve Spagnuolo,Pat Shurmur,Ken Flajole,1.0,0.07692307692307693,0.07692307692307693,0.07692307692307693,1.0,0.09375,0.09375,0.07692307692307693,1.0,0.03125,0.03125,0.07692307692307693,0.0,0.19230769230769235,1.0,0.828125,0.0,0.328125,0.516826923076923,0.2692307692307693,3,0
2012,LA,Jeff Fisher,Brian Schottenheimer,Gregg Williams†,5,0.5944055944055945,0.3076923076923077,0.5944055944055945,6.0,0.4322916666666667,0.28125,0.5074786324786326,0.0,,,,Steve Spagnuolo,Josh McDaniels,Ken Flajole,2.0,0.2692307692307693,0.46153846153846156,0.2692307692307693,2.0,0.921875,1.0,0.8846153846153846,2.0,0.359375,0.6875,0.2692307692307693,1.0,0.3251748251748252,1.0,-0.4895833333333333,1.0,,0.5133486305361306,0.4322916666666667,1,1
2013,LA,Jeff Fisher,Brian Schottenheimer,Tim Walton,6,0.5722610722610724,0.46153846153846156,0.5722610722610724,7.0,0.42410714285714285,0.375,0.500915750915751,0.0,,,,Jeff Fisher,Brian Schottenheimer,Gregg Williams†,5.0,0.5944055944055945,0.3076923076923077,0.5944055944055945,6.0,0.4322916666666667,0.28125,0.5074786324786326,0.0,,,,0.0,-0.022144522144522116,0.0,-0.008184523809523836,1.0,,0.4981841075591076,0.42410714285714285,0,2
2014,LA,Jeff Fisher,Brian Schottenheimer,Gregg Williams,7,0.5564435564435566,0.46153846153846156,0.5564435564435566,8.0,0.40625,0.28125,0.49599358974358976,6.0,0.4583333333333333,0.53125,0.5673076923076923,Jeff Fisher,Brian Schottenheimer,Tim Walton,6.0,0.5722610722610724,0.46153846153846156,0.5722610722610724,7.0,0.42410714285714285,0.375,0.500915750915751,0.0,,,,0.0,-0.01581751581751578,0.0,-0.01785714285714285,1.0,,0.47367562992562995,0.40625,0,2
2015,LA,Jeff Fisher,Rob Boras,Gregg Williams,8,0.534965034965035,0.38461538461538464,0.534965034965035,0.0,,,,7.0,0.47767857142857145,0.59375,0.5412087912087912,Jeff Fisher,Brian Schottenheimer,Gregg Williams,7.0,0.5564435564435566,0.46153846153846156,0.5564435564435566,8.0,0.40625,0.28125,0.49599358974358976,6.0,0.4583333333333333,0.53125,0.5673076923076923,0.0,-0.021478521478521584,1.0,,0.0,0.019345238095238138,0.5063218031968032,0.47767857142857145,1,1
2016,LA,Jeff Fisher,Rob Boras,Gregg Williams,9,0.5268065268065268,0.46153846153846156,0.5268065268065268,1.0,0.03125,0.03125,0.46153846153846156,8.0,0.515625,0.78125,0.53125,Jeff Fisher,Rob Boras,Gregg Williams,8.0,0.534965034965035,0.38461538461538464,0.534965034965035,0.0,,,,7.0,0.47767857142857145,0.59375,0.5412087912087912,0.0,-0.00815850815850816,0.0,,0.0,0.03794642857142855,0.3578938422688423,0.03125,1,1
2017,LA,Sean McVay,Matt LaFleur,Wade Phillips,0,,,,0.0,,,,7.0,0.8214285714285714,0.96875,0.5824175824175825,Jeff Fisher,Rob Boras,Gregg Williams,9.0,0.5268065268065268,0.46153846153846156,0.5268065268065268,1.0,0.03125,0.03125,0.46153846153846156,8.0,0.515625,0.78125,0.53125,1.0,,1.0,,1.0,0.3058035714285714,0.8214285714285714,0.8214285714285714,1,0
2018,LA,Sean McVay,Sean McVay (de facto),Wade Phillips,1,0.6923076923076923,0.6923076923076923,0.6923076923076923,0.0,,,,8.0,0.82421875,0.84375,0.5961538461538461,Sean McVay,Matt LaFleur,Wade Phillips,0.0,,,,0.0,,,,7.0,0.8214285714285714,0.96875,0.5824175824175825,0.0,,1.0,,0.0,0.002790178571428603,0.7582632211538461,0.6923076923076923,1,0
2019,LA,Sean McVay,Sean McVay (de facto),Wade Phillips,2,0.7307692307692308,0.7692307692307693,0.7307692307692308,1.0,0.9375,0.9375,0.7692307692307693,9.0,0.8194444444444444,0.78125,0.6153846153846154,Sean McVay,Sean McVay (de facto),Wade Phillips,1.0,0.6923076923076923,0.6923076923076923,0.6923076923076923,0.0,,,,8.0,0.82421875,0.84375,0.5961538461538461,0.0,0.03846153846153855,0.0,,0.0,-0.00477430555555558,0.8292378917378919,0.7307692307692308,1,1
2020,LA,Sean McVay,Kevin O'Connell,Brandon Staley,3,0.6410256410256411,0.46153846153846156,0.6410256410256411,1.0,0.09375,0.09375,0.23076923076923078,0.0,,,,Sean McVay,Sean McVay (de facto),Wade Phillips,2.0,0.7307692307692308,0.7692307692307693,0.7307692307692308,1.0,0.9375,0.9375,0.7692307692307693,9.0,0.8194444444444444,0.78125,0.6153846153846154,0.0,-0.08974358974358976,1.0,-0.84375,1.0,,0.36738782051282054,0.09375,0,2
2021,LA,Sean McVay,Kevin O'Connell,Raheem Morris,4,0.6346153846153847,0.6153846153846154,0.6346153846153847,2.0,0.25,0.40625,0.42307692307692313,1.0,0.5625,0.5625,0.3076923076923077,Sean McVay,Kevin O'Connell,Brandon Staley,3.0,0.6410256410256411,0.46153846153846156,0.6410256410256411,1.0,0.09375,0.09375,0.23076923076923078,0.0,,,,0.0,-0.0064102564102563875,0.0,0.15625,1.0,,0.4823717948717949,0.25,1,1
2022,LA,Sean McVay,Liam Coen,Raheem Morris,5,0.6362637362637363,0.6428571428571429,0.6362637362637363,0.0,,,,2.0,0.671875,0.78125,0.4752747252747253,Sean McVay,Kevin O'Connell,Raheem Morris,4.0,0.6346153846153847,0.6153846153846154,0.6346153846153847,2.0,0.25,0.40625,0.42307692307692313,1.0,0.5625,0.5625,0.3076923076923077,0.0,0.0016483516483516425,1.0,,0.0,0.109375,0.6540693681318681,0.6362637362637363,2,0
2023,LA,Sean McVay,Mike LaFleur,Raheem Morris,6,0.565934065934066,0.21428571428571427,0.565934065934066,2.0,0.234375,0.15625,0.3571428571428571,3.0,0.5520833333333334,0.3125,0.3882783882783883,Sean McVay,Liam Coen,Raheem Morris,5.0,0.6362637362637363,0.6428571428571429,0.6362637362637363,0.0,,,,2.0,0.671875,0.78125,0.4752747252747253,0.0,-0.0703296703296703,1.0,,0.0,-0.11979166666666663,0.4507974664224665,0.234375,0,2
2024,LA,Sean McVay,Mike LaFleur,Chris Shula,7,0.576923076923077,0.6428571428571429,0.576923076923077,3.0,0.3958333333333333,0.71875,0.4523809523809524,0.0,,,,Sean McVay,Mike LaFleur,Raheem Morris,6.0,0.565934065934066,0.21428571428571427,0.565934065934066,2.0,0.234375,0.15625,0.3571428571428571,3.0,0.5520833333333334,0.3125,0.3882783882783883,0.0,0.01098901098901095,0.0,0.16145833333333331,1.0,,0.4863782051282052,0.3958333333333333,2,0
2025,LA,Sean McVay,Mike LaFleur,Chris Shula,8,0.5851648351648353,0.6428571428571429,0.5851648351648353,4.0,0.4375,0.5625,0.5,1.0,0.28125,0.28125,0.6428571428571429,Sean McVay,Mike LaFleur,Chris Shula,7.0,0.576923076923077,0.6428571428571429,0.576923076923077,3.0,0.3958333333333333,0.71875,0.4523809523809524,0.0,,,,0.0,0.008241758241758323,0.0,0.041666666666666685,0.0,,0.43463827838827845,0.28125,2,0
2026,LA,Sean McVay,Nathan Scheelhaase,Chris Shula,9,0.5995115995115996,0.7142857142857143,0.5995115995115996,0.0,,,,2.0,0.5,0.71875,0.6785714285714286,Sean McVay,Mike LaFleur,Chris Shula,8.0,0.5851648351648353,0.6428571428571429,0.5851648351648353,4.0,0.4375,0.5625,0.5,1.0,0.28125,0.28125,0.6428571428571429,0.0,0.014346764346764296,1.0,,0.0,0.21875,0.5497557997557998,0.5,2,0
2006,LAC,Marty Schottenheimer,Cam Cameron,Wade Phillips,0,,,,0.0,,,,0.0,,,,,,,,,,,,,,,,,,,0.0,,0.0,,0.0,,,,0,0
2007,LAC,Norv Turner,Clarence Shelmon,Ted Cottrell,0,,,,0.0,,,,0.0,,,,Marty Schottenheimer,Cam Cameron,Wade Phillips,0.0,,,,0.0,,,,0.0,,,,1.0,,1.0,,1.0,,,,0,0
2008,LAC,Norv Turner,Clarence Shelmon,"Ted Cottrell ( fired on October 28, 2008 ) Ron Rivera ( interim )",1,0.7692307692307693,0.7692307692307693,0.7692307692307693,1.0,0.59375,0.59375,0.7692307692307693,0.0,,,,Norv Turner,Clarence Shelmon,Ted Cottrell,0.0,,,,0.0,,,,0.0,,,,0.0,,0.0,,1.0,,0.6814903846153846,0.59375,0,0
2009,LAC,Norv Turner,Clarence Shelmon,Ron Rivera,2,0.5846153846153846,0.4,0.5846153846153846,2.0,0.75,0.90625,0.5846153846153846,1.0,0.96875,0.96875,0.8333333333333334,Norv Turner,Clarence Shelmon,"Ted Cottrell ( fired on October 28, 2008 ) Ron Rivera ( interim )",1.0,0.7692307692307693,0.7692307692307693,0.7692307692307693,1.0,0.59375,0.59375,0.7692307692307693,0.0,,,,0.0,-0.18461538461538463,0.0,0.15625,1.0,,0.7677884615384616,0.5846153846153846,1,1
2010,LAC,Norv Turner,Clarence Shelmon,Ron Rivera,3,0.6717948717948717,0.8461538461538461,0.6717948717948717,3.0,0.8125,0.9375,0.6717948717948717,2.0,0.703125,0.4375,0.8397435897435898,Norv Turner,Clarence Shelmon,Ron Rivera,2.0,0.5846153846153846,0.4,0.5846153846153846,2.0,0.75,0.90625,0.5846153846153846,1.0,0.96875,0.96875,0.8333333333333334,0.0,0.08717948717948709,0.0,0.0625,0.0,-0.265625,0.7291399572649572,0.6717948717948717,2,1
2011,LAC,Norv Turner,Clarence Shelmon,Greg Manusky,4,0.6576923076923077,0.6153846153846154,0.6576923076923077,4.0,0.84375,0.9375,0.6576923076923077,4.0,0.5234375,0.5,0.3926282051282052,Norv Turner,Clarence Shelmon,Ron Rivera,3.0,0.6717948717948717,0.8461538461538461,0.6717948717948717,3.0,0.8125,0.9375,0.6717948717948717,2.0,0.703125,0.4375,0.8397435897435898,0.0,-0.014102564102564052,0.0,0.03125,1.0,-0.1796875,0.6749599358974359,0.5234375,1,2
2012,LAC,Norv Turner,,John Pagano,5,0.6184615384615385,0.46153846153846156,0.6184615384615385,,,,,0.0,,,,Norv Turner,Clarence Shelmon,Greg Manusky,4.0,0.6576923076923077,0.6153846153846154,0.6576923076923077,4.0,0.84375,0.9375,0.6576923076923077,4.0,0.5234375,0.5,0.3926282051282052,0.0,-0.03923076923076918,0.0,,1.0,,0.6184615384615385,0.6184615384615385,0,1
2013,LAC,Mike McCoy,Ken Whisenhunt,John Pagano,0,,,,1.0,0.625,0.625,0.5384615384615384,1.0,0.65625,0.65625,0.38461538461538464,Norv Turner,,John Pagano,5.0,0.6184615384615385,0.46153846153846156,0.6184615384615385,,,,,0.0,,,,1.0,,0.0,,0.0,,0.640625,0.625,0,0
2014,LAC,Mike McCoy,Frank Reich,John Pagano,1,0.6153846153846154,0.6153846153846154,0.6153846153846154,0.0,,,,2.0,0.375,0.09375,0.5,Mike McCoy,Ken Whisenhunt,John Pagano,0.0,,,,1.0,0.625,0.625,0.5384615384615384,1.0,0.65625,0.65625,0.38461538461538464,0.0,,1.0,,0.0,-0.28125,0.4951923076923077,0.375,0,1
2015,LAC,Mike McCoy,Frank Reich,John Pagano,2,0.5769230769230769,0.5384615384615384,0.5769230769230769,1.0,0.6875,0.6875,0.5384615384615384,3.0,0.40625,0.46875,0.5128205128205128,Mike McCoy,Frank Reich,John Pagano,1.0,0.6153846153846154,0.6153846153846154,0.6153846153846154,0.0,,,,2.0,0.375,0.09375,0.5,0.0,-0.03846153846153855,0.0,,0.0,0.03125,0.5568910256410257,0.40625,1,1
2016,LAC,Mike McCoy,Ken Whisenhunt,John Pagano,3,0.4615384615384615,0.23076923076923078,0.4615384615384615,2.0,0.796875,0.96875,0.5769230769230769,4.0,0.3515625,0.1875,0.4423076923076923,Mike McCoy,Frank Reich,John Pagano,2.0,0.5769230769230769,0.5384615384615384,0.5769230769230769,1.0,0.6875,0.6875,0.5384615384615384,3.0,0.40625,0.46875,0.5128205128205128,0.0,-0.11538461538461536,1.0,0.109375,0.0,-0.0546875,0.5366586538461539,0.3515625,1,2
2017,LAC,Anthony Lynn,Ken Whisenhunt,Gus Bradley,0,,,,3.0,0.6979166666666666,0.5,0.48717948717948717,4.0,0.578125,0.875,0.4615384615384615,Mike McCoy,Ken Whisenhunt,John Pagano,3.0,0.4615384615384615,0.23076923076923078,0.4615384615384615,2.0,0.796875,0.96875,0.5769230769230769,4.0,0.3515625,0.1875,0.4423076923076923,1.0,,0.0,-0.09895833333333337,1.0,0.2265625,0.6380208333333333,0.578125,1,1
2018,LAC,Anthony Lynn,Ken Whisenhunt,Gus Bradley,1,0.6923076923076923,0.6923076923076923,0.6923076923076923,4.0,0.7265625,0.8125,0.5384615384615384,5.0,0.6125,0.75,0.5076923076923077,Anthony Lynn,Ken Whisenhunt,Gus Bradley,0.0,,,,3.0,0.6979166666666666,0.5,0.48717948717948717,4.0,0.578125,0.875,0.4615384615384615,0.0,,0.0,0.02864583333333337,0.0,0.034375000000000044,0.6771233974358974,0.6125,2,0
2019,LAC,Anthony Lynn,Shane Steichen,Gus Bradley,2,0.7692307692307692,0.8461538461538461,0.7692307692307692,0.0,,,,6.0,0.6197916666666666,0.65625,0.5641025641025641,Anthony Lynn,Ken Whisenhunt,Gus Bradley,1.0,0.6923076923076923,0.6923076923076923,0.6923076923076923,4.0,0.7265625,0.8125,0.5384615384615384,5.0,0.6125,0.75,0.5076923076923077,0.0,0.07692307692307687,1.0,,0.0,0.007291666666666585,0.6945112179487178,0.6197916666666666,2,0
2020,LAC,Anthony Lynn,Shane Steichen,Gus Bradley,3,0.6153846153846153,0.3076923076923077,0.6153846153846153,1.0,0.625,0.625,0.3076923076923077,7.0,0.5848214285714286,0.375,0.5274725274725275,Anthony Lynn,Shane Steichen,Gus Bradley,2.0,0.7692307692307692,0.8461538461538461,0.7692307692307692,0.0,,,,6.0,0.6197916666666666,0.65625,0.5641025641025641,0.0,-0.15384615384615385,0.0,,0.0,-0.034970238095238027,0.6084020146520147,0.5848214285714286,0,2
2021,LAC,Brandon Staley,Joe Lombardi,Renaldo Hill,0,,,,2.0,0.484375,0.46875,0.6153846153846154,0.0,,,,Anthony Lynn,Shane Steichen,Gus Bradley,3.0,0.6153846153846153,0.3076923076923077,0.6153846153846153,1.0,0.625,0.625,0.3076923076923077,7.0,0.5848214285714286,0.375,0.5274725274725275,1.0,,1.0,-0.140625,1.0,,0.484375,0.484375,0,1
2022,LAC,Brandon Staley,Joe Lombardi,Renaldo Hill,1,0.5,0.5,0.5,3.0,0.6041666666666666,0.84375,0.576923076923077,1.0,0.3125,0.3125,0.5,Brandon Staley,Joe Lombardi,Renaldo Hill,0.0,,,,2.0,0.484375,0.46875,0.6153846153846154,0.0,,,,0.0,,0.0,0.11979166666666663,0.0,,0.47222222222222215,0.3125,1,0
2023,LAC,Brandon Staley,,,2,0.5714285714285714,0.6428571428571429,0.5714285714285714,,,,,,,,,Brandon Staley,Joe Lombardi,Renaldo Hill,1.0,0.5,0.5,0.5,3.0,0.6041666666666666,0.84375,0.576923076923077,1.0,0.3125,0.3125,0.5,0.0,0.0714285714285714,0.0,,0.0,,0.5714285714285714,0.5714285714285714,1,0
2024,LAC,Jim Harbaugh,Greg Roman,Jesse Minter,4,0.7307692307692307,0.5384615384615384,0.7307692307692307,9.0,0.6736111111111112,0.6875,0.6666666666666666,0.0,,,,Brandon Staley,,,2.0,0.5714285714285714,0.6428571428571429,0.5714285714285714,,,,,,,,,1.0,0.15934065934065933,0.0,,0.0,,0.702190170940171,0.6736111111111112,1,0
2025,LAC,Jim Harbaugh,Greg Roman,Jesse Minter,5,0.7131868131868131,0.6428571428571429,0.7131868131868131,10.0,0.665625,0.59375,0.6642857142857144,1.0,0.90625,0.90625,0.6428571428571429,Jim Harbaugh,Greg Roman,Jesse Minter,4.0,0.7307692307692307,0.5384615384615384,0.7307692307692307,9.0,0.6736111111111112,0.6875,0.6666666666666666,0.0,,,,0.0,-0.01758241758241763,0.0,-0.007986111111111138,0.0,,0.7616872710622711,0.665625,0,2
2026,LAC,Jim Harbaugh,,,6,0.6895604395604394,0.5714285714285714,0.6895604395604394,,,,,,,,,Jim Harbaugh,Greg Roman,Jesse Minter,5.0,0.7131868131868131,0.6428571428571429,0.7131868131868131,10.0,0.665625,0.59375,0.6642857142857144,1.0,0.90625,0.90625,0.6428571428571429,0.0,-0.023626373626373653,0.0,,0.0,,0.6895604395604394,0.6895604395604394,0,1
2006,LV,Art Shell,,,0,,,,,,,,,,,,,,,,,,,,,,,,,,,0.0,,0.0,,0.0,,,,0,0
2007,LV,Lane Kiffin,Greg Knapp,Rob Ryan,0,,,,1.0,0.46875,0.46875,0.38461538461538464,0.0,,,,Art Shell,,,0.0,,,,,,,,,,,,1.0,,0.0,,0.0,,0.46875,0.46875,0,0
2008,LV,Tom Cable,Greg Knapp,Rob Ryan,0,,,,2.0,0.421875,0.375,0.3076923076923077,1.0,0.1875,0.1875,0.23076923076923078,Lane Kiffin,Greg Knapp,Rob Ryan,0.0,,,,1.0,0.46875,0.46875,0.38461538461538464,0.0,,,,1.0,,0.0,-0.046875,0.0,,0.3046875,0.1875,0,1
2009,LV,Tom Cable,,John Marshall,1,0.3333333333333333,0.3333333333333333,0.3333333333333333,,,,,3.0,0.5208333333333334,0.1875,0.44230769230769235,Tom Cable,Greg Knapp,Rob Ryan,0.0,,,,2.0,0.421875,0.375,0.3076923076923077,1.0,0.1875,0.1875,0.23076923076923078,0.0,,0.0,,1.0,0.33333333333333337,0.42708333333333337,0.3333333333333333,1,0
2010,LV,Tom Cable,Hue Jackson,John Marshall,2,0.3205128205128205,0.3076923076923077,0.3205128205128205,1.0,0.0625,0.0625,0.3076923076923077,4.0,0.4453125,0.21875,0.4086538461538462,Tom Cable,,John Marshall,1.0,0.3333333333333333,0.3333333333333333,0.3333333333333333,,,,,3.0,0.5208333333333334,0.1875,0.44230769230769235,0.0,-0.01282051282051283,0.0,,0.0,-0.07552083333333337,0.27610844017094016,0.0625,0,2
2011,LV,Hue Jackson,,Chuck Bresnahan,0,,,,,,,,2.0,0.3125,0.375,0.42307692307692313,Tom Cable,Hue Jackson,John Marshall,2.0,0.3205128205128205,0.3076923076923077,0.3205128205128205,1.0,0.0625,0.0625,0.3076923076923077,4.0,0.4453125,0.21875,0.4086538461538462,1.0,,0.0,,1.0,-0.1328125,0.3125,0.3125,0,1
2012,LV,Dennis Allen,Greg Knapp,Jason Tarver,0,,,,4.0,0.296875,0.25,0.3141025641025641,0.0,,,,Hue Jackson,,Chuck Bresnahan,0.0,,,,,,,,2.0,0.3125,0.375,0.42307692307692313,1.0,,0.0,,1.0,,0.296875,0.296875,0,0
2013,LV,Dennis Allen,Greg Olson,Jason Tarver,1,0.23076923076923078,0.23076923076923078,0.23076923076923078,4.0,0.4765625,0.25,0.3653846153846154,1.0,0.25,0.25,0.23076923076923078,Dennis Allen,Greg Knapp,Jason Tarver,0.0,,,,4.0,0.296875,0.25,0.3141025641025641,0.0,,,,0.0,,1.0,0.1796875,0.0,,0.3191105769230769,0.23076923076923078,1,0
2014,LV,Tony Sparano,Greg Olson,Jason Tarver,4,0.5384615384615384,0.46153846153846156,0.5384615384615384,5.0,0.44375,0.3125,0.3384615384615385,2.0,0.234375,0.21875,0.23076923076923078,Dennis Allen,Greg Olson,Jason Tarver,1.0,0.23076923076923078,0.23076923076923078,0.23076923076923078,4.0,0.4765625,0.25,0.3653846153846154,1.0,0.25,0.25,0.23076923076923078,1.0,0.30769230769230765,0.0,-0.03281250000000002,0.0,-0.015625,0.40552884615384616,0.234375,1,2
2015,LV,Jack Del Rio,Bill Musgrave,Ken Norton Jr,6,0.4519230769230769,0.3076923076923077,0.4519230769230769,3.0,0.4479166666666667,0.40625,0.4102564102564103,0.0,,,,Tony Sparano,Greg Olson,Jason Tarver,4.0,0.5384615384615384,0.46153846153846156,0.5384615384615384,5.0,0.44375,0.3125,0.3384615384615385,2.0,0.234375,0.21875,0.23076923076923078,1.0,-0.08653846153846151,1.0,0.004166666666666707,1.0,,0.4499198717948718,0.4479166666666667,1,1
2016,LV,Jack Del Rio,,Ken Norton Jr,7,0.44230769230769235,0.38461538461538464,0.44230769230769235,,,,,1.0,0.5,0.5,0.38461538461538464,Jack Del Rio,Bill Musgrave,Ken Norton Jr,6.0,0.4519230769230769,0.3076923076923077,0.4519230769230769,3.0,0.4479166666666667,0.40625,0.4102564102564103,0.0,,,,0.0,-0.009615384615384581,0.0,,0.0,,0.47115384615384615,0.44230769230769235,0,1
2017,LV,Jack Del Rio,Todd Downing,"Ken Norton Jr (fired November 21, 2017)",8,0.4831730769230769,0.7692307692307693,0.4831730769230769,0.0,,,,0.0,,,,Jack Del Rio,,Ken Norton Jr,7.0,0.44230769230769235,0.38461538461538464,0.44230769230769235,,,,,1.0,0.5,0.5,0.38461538461538464,0.0,0.04086538461538458,0.0,,1.0,,0.4831730769230769,0.4831730769230769,1,0
2018,LV,Jon Gruden,Greg Olson,Paul Guenther,3,0.48205128205128206,0.6,0.48205128205128206,8.0,0.3515625,0.09375,0.3076923076923077,4.0,0.609375,0.5,0.5384615384615384,Jack Del Rio,Todd Downing,"Ken Norton Jr (fired November 21, 2017)",8.0,0.4831730769230769,0.7692307692307693,0.4831730769230769,0.0,,,,0.0,,,,1.0,-0.0011217948717948678,1.0,,1.0,,0.4809962606837607,0.3515625,0,1
2019,LV,Jon Gruden,Greg Olson,Paul Guenther,4,0.43846153846153846,0.3076923076923077,0.43846153846153846,9.0,0.3472222222222222,0.3125,0.3076923076923077,5.0,0.49375,0.03125,0.49230769230769234,Jon Gruden,Greg Olson,Paul Guenther,3.0,0.48205128205128206,0.6,0.48205128205128206,8.0,0.3515625,0.09375,0.3076923076923077,4.0,0.609375,0.5,0.5384615384615384,0.0,-0.0435897435897436,0.0,-0.00434027777777779,0.0,-0.11562499999999998,0.42647792022792025,0.3472222222222222,0,3
2020,LV,Jon Gruden,Greg Olson,,5,0.4430769230769231,0.46153846153846156,0.4430769230769231,10.0,0.396875,0.84375,0.3230769230769231,,,,,Jon Gruden,Greg Olson,Paul Guenther,4.0,0.43846153846153846,0.3076923076923077,0.43846153846153846,9.0,0.3472222222222222,0.3125,0.3076923076923077,5.0,0.49375,0.03125,0.49230769230769234,0.0,0.004615384615384632,0.0,0.04965277777777777,0.0,,0.4199759615384615,0.396875,2,0
2021,LV,Rich Bisaccia,Greg Olson,Gus Bradley,0,,,,11.0,0.4147727272727273,0.59375,0.3356643356643357,8.0,0.59375,0.65625,0.5192307692307692,Jon Gruden,Greg Olson,,5.0,0.4430769230769231,0.46153846153846156,0.4430769230769231,10.0,0.396875,0.84375,0.3230769230769231,,,,,1.0,,0.0,0.017897727272727315,0.0,,0.5042613636363636,0.4147727272727273,1,0
2022,LV,Josh McDaniels,,Patrick Graham,2,0.3076923076923077,0.23076923076923078,0.3076923076923077,,,,,3.0,0.2708333333333333,0.34375,0.3772893772893773,Rich Bisaccia,Greg Olson,Gus Bradley,0.0,,,,11.0,0.4147727272727273,0.59375,0.3356643356643357,8.0,0.59375,0.65625,0.5192307692307692,1.0,,0.0,,1.0,-0.3229166666666667,0.2892628205128205,0.2708333333333333,0,1
2023,LV,Antonio Pierce,Mick Lombardi; fired on October 31,Patrick Graham,0,,,,0.0,,,,4.0,0.234375,0.125,0.3901098901098901,Josh McDaniels,,Patrick Graham,2.0,0.3076923076923077,0.23076923076923078,0.3076923076923077,,,,,3.0,0.2708333333333333,0.34375,0.3772893772893773,1.0,,0.0,,0.0,-0.036458333333333315,0.234375,0.234375,0,1
2024,LV,Antonio Pierce,,Patrick Graham,1,0.5,0.5,0.5,,,,,5.0,0.31875,0.65625,0.41208791208791207,Antonio Pierce,Mick Lombardi; fired on October 31,Patrick Graham,0.0,,,,0.0,,,,4.0,0.234375,0.125,0.3901098901098901,0.0,,0.0,,0.0,0.08437499999999998,0.409375,0.31875,1,0
2025,LV,Pete Carroll,,Patrick Graham,14,0.6126373626373628,0.5,0.6126373626373628,,,,,6.0,0.3854166666666667,0.71875,0.3791208791208791,Antonio Pierce,,Patrick Graham,1.0,0.5,0.5,0.5,,,,,5.0,0.31875,0.65625,0.41208791208791207,1.0,0.11263736263736279,0.0,,0.0,0.06666666666666671,0.4990270146520147,0.3854166666666667,2,0
2026,LV,Klint Kubliak,,of the Pittsburgh Steelers,0,,,,,,,,0.0,,,,Pete Carroll,,Patrick Graham,14.0,0.6126373626373628,0.5,0.6126373626373628,,,,,6.0,0.3854166666666667,0.71875,0.3791208791208791,1.0,,0.0,,1.0,,,,0,0
2006,MIA,Nick Saban,Mike Mularkey,Dom Capers,0,,,,0.0,,,,0.0,,,,,,,,,,,,,,,,,,,0.0,,0.0,,0.0,,,,0,0
2007,MIA,Cam Cameron,,Dom Capers,0,,,,,,,,1.0,0.8125,0.8125,0.38461538461538464,Nick Saban,Mike Mularkey,Dom Capers,0.0,,,,0.0,,,,0.0,,,,1.0,,0.0,,0.0,,0.8125,0.8125,0,0
2008,MIA,Tony Sparano,Dan Henning,Paul Pasqualoni,0,,,,1.0,0.21875,0.21875,0.5384615384615384,0.0,,,,Cam Cameron,,Dom Capers,0.0,,,,,,,,1.0,0.8125,0.8125,0.38461538461538464,1.0,,0.0,,1.0,,0.21875,0.21875,0,0
2009,MIA,Tony Sparano,Dan Henning,Paul Pasqualoni,1,0.7692307692307693,0.7692307692307693,0.7692307692307693,2.0,0.546875,0.875,0.6538461538461539,1.0,0.5,0.5,0.7692307692307693,Tony Sparano,Dan Henning,Paul Pasqualoni,0.0,,,,1.0,0.21875,0.21875,0.5384615384615384,0.0,,,,0.0,,0.0,0.328125,0.0,,0.6053685897435898,0.5,1,0
2010,MIA,Tony Sparano,Dan Henning,Mike Nolan,2,0.6538461538461539,0.5384615384615384,0.6538461538461539,3.0,0.53125,0.5,0.6153846153846154,1.0,0.9375,0.9375,0.38461538461538464,Tony Sparano,Dan Henning,Paul Pasqualoni,1.0,0.7692307692307693,0.7692307692307693,0.7692307692307693,2.0,0.546875,0.875,0.6538461538461539,1.0,0.5,0.5,0.7692307692307693,0.0,-0.11538461538461542,0.0,-0.015625,1.0,0.4375,0.7075320512820512,0.53125,1,2
2011,MIA,Tony Sparano,Brian Daboll,Mike Nolan,3,0.5641025641025641,0.38461538461538464,0.5641025641025641,2.0,0.140625,0.21875,0.38461538461538464,2.0,0.78125,0.625,0.38461538461538464,Tony Sparano,Dan Henning,Mike Nolan,2.0,0.6538461538461539,0.5384615384615384,0.6538461538461539,3.0,0.53125,0.5,0.6153846153846154,1.0,0.9375,0.9375,0.38461538461538464,0.0,-0.08974358974358976,1.0,-0.390625,0.0,-0.15625,0.4953258547008547,0.140625,0,3
2012,MIA,Joe Philbin,,Kevin Coyle,0,,,,,,,,0.0,,,,Tony Sparano,Brian Daboll,Mike Nolan,3.0,0.5641025641025641,0.38461538461538464,0.5641025641025641,2.0,0.140625,0.21875,0.38461538461538464,2.0,0.78125,0.625,0.38461538461538464,1.0,,0.0,,1.0,,,,0,0
2013,MIA,Joe Philbin,Mike Sherman,Kevin Coyle,1,0.46153846153846156,0.46153846153846156,0.46153846153846156,1.0,0.71875,0.71875,0.46153846153846156,1.0,0.4375,0.4375,0.46153846153846156,Joe Philbin,,Kevin Coyle,0.0,,,,,,,,0.0,,,,0.0,,0.0,,0.0,,0.5392628205128206,0.4375,0,0
2014,MIA,Joe Philbin,Bill Lazor,Kevin Coyle,2,0.42307692307692313,0.38461538461538464,0.42307692307692313,0.0,,,,2.0,0.515625,0.59375,0.42307692307692313,Joe Philbin,Mike Sherman,Kevin Coyle,1.0,0.46153846153846156,0.46153846153846156,0.46153846153846156,1.0,0.71875,0.71875,0.46153846153846156,1.0,0.4375,0.4375,0.46153846153846156,0.0,-0.038461538461538436,1.0,,0.0,0.078125,0.46935096153846156,0.42307692307692313,1,1
2015,MIA,Joe Philbin,,,3,0.4615384615384615,0.5384615384615384,0.4615384615384615,,,,,,,,,Joe Philbin,Bill Lazor,Kevin Coyle,2.0,0.42307692307692313,0.38461538461538464,0.42307692307692313,0.0,,,,2.0,0.515625,0.59375,0.42307692307692313,0.0,0.03846153846153838,0.0,,0.0,,0.4615384615384615,0.4615384615384615,1,0
2016,MIA,Adam Gase,,Vance Joseph,0,,,,,,,,0.0,,,,Joe Philbin,,,3.0,0.4615384615384615,0.5384615384615384,0.4615384615384615,,,,,,,,,1.0,,0.0,,0.0,,,,0,0
2017,MIA,Adam Gase,Clyde Christensen,Matt Burke,1,0.6923076923076923,0.6923076923076923,0.6923076923076923,1.0,0.875,0.875,0.6153846153846154,0.0,,,,Adam Gase,,Vance Joseph,0.0,,,,,,,,0.0,,,,0.0,,0.0,,1.0,,0.7836538461538461,0.6923076923076923,0,0
2018,MIA,Adam Gase,Dowell Loggains,Matt Burke,2,0.5384615384615384,0.38461538461538464,0.5384615384615384,2.0,0.46875,0.25,0.358974358974359,1.0,0.375,0.375,0.38461538461538464,Adam Gase,Clyde Christensen,Matt Burke,1.0,0.6923076923076923,0.6923076923076923,0.6923076923076923,1.0,0.875,0.875,0.6153846153846154,0.0,,,,0.0,-0.15384615384615385,1.0,-0.40625,0.0,,0.46073717948717946,0.375,0,2
2019,MIA,Brian Flores,Chad O'Shea,Patrick Graham,0,,,,0.0,,,,0.0,,,,Adam Gase,Dowell Loggains,Matt Burke,2.0,0.5384615384615384,0.38461538461538464,0.5384615384615384,2.0,0.46875,0.25,0.358974358974359,1.0,0.375,0.375,0.38461538461538464,1.0,,1.0,,1.0,,,,0,0
2020,MIA,Brian Flores,Chan Gailey,Josh Boyer,1,0.38461538461538464,0.38461538461538464,0.38461538461538464,3.0,0.375,0.15625,0.33799533799533804,0.0,,,,Brian Flores,Chad O'Shea,Patrick Graham,0.0,,,,0.0,,,,0.0,,,,0.0,,1.0,,1.0,,0.3798076923076923,0.375,0,0
2021,MIA,Brian Flores,,Josh Boyer,2,0.5384615384615384,0.6923076923076923,0.5384615384615384,,,,,1.0,0.8125,0.8125,0.6923076923076923,Brian Flores,Chan Gailey,Josh Boyer,1.0,0.38461538461538464,0.38461538461538464,0.38461538461538464,3.0,0.375,0.15625,0.33799533799533804,0.0,,,,0.0,0.1538461538461538,0.0,,0.0,,0.6754807692307692,0.5384615384615384,1,0
2022,MIA,Mike McDaniel,Frank Smith,Vic Fangio,0,,,,0.0,,,,8.0,0.63671875,0.96875,0.5897435897435898,Brian Flores,,Josh Boyer,2.0,0.5384615384615384,0.6923076923076923,0.5384615384615384,,,,,1.0,0.8125,0.8125,0.6923076923076923,1.0,,0.0,,1.0,-0.17578125,0.63671875,0.63671875,0,1
2023,MIA,Mike McDaniel,Frank Smith,,1,0.42857142857142855,0.42857142857142855,0.42857142857142855,1.0,0.78125,0.78125,0.42857142857142855,,,,,Mike McDaniel,Frank Smith,Vic Fangio,0.0,,,,0.0,,,,8.0,0.63671875,0.96875,0.5897435897435898,0.0,,0.0,,0.0,,0.6049107142857143,0.42857142857142855,0,0
2024,MIA,Mike McDaniel,Frank Smith,Anthony Weaver,2,0.5,0.5714285714285714,0.5,2.0,0.859375,0.9375,0.5,1.0,0.0625,0.0625,0.3076923076923077,Mike McDaniel,Frank Smith,,1.0,0.42857142857142855,0.42857142857142855,0.42857142857142855,1.0,0.78125,0.78125,0.42857142857142855,,,,,0.0,0.07142857142857145,0.0,0.078125,0.0,,0.4739583333333333,0.0625,2,0
2025,MIA,Mike McDaniel,Frank Smith,Anthony Weaver,3,0.5,0.5,0.5,3.0,0.6979166666666666,0.375,0.5,2.0,0.40625,0.75,0.40384615384615385,Mike McDaniel,Frank Smith,Anthony Weaver,2.0,0.5,0.5714285714285714,0.5,2.0,0.859375,0.9375,0.5,1.0,0.0625,0.0625,0.3076923076923077,0.0,0.0,0.0,-0.16145833333333337,0.0,0.34375,0.5347222222222222,0.40625,1,1
2026,MIA,Jeff Hafley,,Jeff Hafley as their new head coach,0,,,,,,,,0.0,,,,Mike McDaniel,Frank Smith,Anthony Weaver,3.0,0.5,0.5,0.5,3.0,0.6979166666666666,0.375,0.5,2.0,0.40625,0.75,0.40384615384615385,1.0,,0.0,,1.0,,,,0,0
2006,MIN,Brad Childress,Darrell Bevell,Mike Tomlin,0,,,,0.0,,,,0.0,,,,,,,,,,,,,,,,,,,0.0,,0.0,,0.0,,,,0,0
2007,MIN,Brad Childress,Darrell Bevell,Leslie Frazier,1,0.3076923076923077,0.3076923076923077,0.3076923076923077,1.0,0.125,0.125,0.3076923076923077,0.0,,,,Brad Childress,Darrell Bevell,Mike Tomlin,0.0,,,,0.0,,,,0.0,,,,0.0,,0.0,,1.0,,0.21634615384615385,0.125,0,0
2008,MIN,Brad Childress,Darrell Bevell,Leslie Frazier,2,0.4230769230769231,0.5384615384615384,0.4230769230769231,2.0,0.34375,0.5625,0.4230769230769231,1.0,0.84375,0.84375,0.5384615384615384,Brad Childress,Darrell Bevell,Leslie Frazier,1.0,0.3076923076923077,0.3076923076923077,0.3076923076923077,1.0,0.125,0.125,0.3076923076923077,0.0,,,,0.0,0.11538461538461536,0.0,0.21875,0.0,,0.5368589743589743,0.34375,2,0
2009,MIN,Brad Childress,Darrell Bevell,Leslie Frazier,3,0.532051282051282,0.75,0.532051282051282,3.0,0.3333333333333333,0.3125,0.532051282051282,2.0,0.859375,0.875,0.6442307692307692,Brad Childress,Darrell Bevell,Leslie Frazier,2.0,0.4230769230769231,0.5384615384615384,0.4230769230769231,2.0,0.34375,0.5625,0.4230769230769231,1.0,0.84375,0.84375,0.5384615384615384,0.0,0.10897435897435898,0.0,-0.010416666666666685,0.0,0.015625,0.5749198717948718,0.3333333333333333,2,1
2010,MIN,Brad Childress,Darrell Bevell,Leslie Frazier,4,0.5721153846153846,0.6923076923076923,0.5721153846153846,4.0,0.4375,0.75,0.5721153846153846,3.0,0.8229166666666666,0.75,0.6602564102564102,Brad Childress,Darrell Bevell,Leslie Frazier,3.0,0.532051282051282,0.75,0.532051282051282,3.0,0.3333333333333333,0.3125,0.532051282051282,2.0,0.859375,0.875,0.6442307692307692,0.0,0.04006410256410253,0.0,0.10416666666666669,0.0,-0.03645833333333337,0.610844017094017,0.4375,2,1
2011,MIN,Leslie Frazier,Bill Musgrave,Fred Pagac,0,,,,0.0,,,,0.0,,,,Brad Childress,Darrell Bevell,Leslie Frazier,4.0,0.5721153846153846,0.6923076923076923,0.5721153846153846,4.0,0.4375,0.75,0.5721153846153846,3.0,0.8229166666666666,0.75,0.6602564102564102,1.0,,1.0,,1.0,,,,0,0
2012,MIN,Leslie Frazier,Bill Musgrave,Alan Williams,1,0.23076923076923078,0.23076923076923078,0.23076923076923078,1.0,0.53125,0.53125,0.23076923076923078,0.0,,,,Leslie Frazier,Bill Musgrave,Fred Pagac,0.0,,,,0.0,,,,0.0,,,,0.0,,0.0,,1.0,,0.3810096153846154,0.23076923076923078,0,0
2013,MIN,Leslie Frazier,Bill Musgrave,Alan Williams,2,0.42307692307692313,0.6153846153846154,0.42307692307692313,2.0,0.46875,0.40625,0.42307692307692313,1.0,0.59375,0.59375,0.6153846153846154,Leslie Frazier,Bill Musgrave,Alan Williams,1.0,0.23076923076923078,0.23076923076923078,0.23076923076923078,1.0,0.53125,0.53125,0.23076923076923078,0.0,,,,0.0,0.19230769230769235,0.0,-0.0625,0.0,,0.4951923076923077,0.42307692307692313,1,1
2014,MIN,Mike Zimmer,Norv Turner,George Edwards,0,,,,2.0,0.3125,0.25,0.34615384615384615,2.0,0.203125,0.28125,0.2692307692307693,Leslie Frazier,Bill Musgrave,Alan Williams,2.0,0.42307692307692313,0.6153846153846154,0.42307692307692313,2.0,0.46875,0.40625,0.42307692307692313,1.0,0.59375,0.59375,0.6153846153846154,1.0,,1.0,-0.15625,1.0,-0.390625,0.2578125,0.203125,0,2
2015,MIN,Mike Zimmer,Norv Turner,George Edwards,1,0.46153846153846156,0.46153846153846156,0.46153846153846156,3.0,0.34375,0.40625,0.3846153846153846,3.0,0.25,0.34375,0.3333333333333333,Mike Zimmer,Norv Turner,George Edwards,0.0,,,,2.0,0.3125,0.25,0.34615384615384615,2.0,0.203125,0.28125,0.2692307692307693,0.0,,0.0,0.03125,0.0,0.046875,0.35176282051282054,0.25,2,0
2016,MIN,Mike Zimmer,Norv Turner,George Edwards,2,0.5769230769230769,0.6923076923076923,0.5769230769230769,4.0,0.390625,0.53125,0.4615384615384615,4.0,0.359375,0.6875,0.4230769230769231,Mike Zimmer,Norv Turner,George Edwards,1.0,0.46153846153846156,0.46153846153846156,0.46153846153846156,3.0,0.34375,0.40625,0.3846153846153846,3.0,0.25,0.34375,0.3333333333333333,0.0,0.11538461538461531,0.0,0.046875,0.0,0.109375,0.4423076923076923,0.359375,3,0
2017,MIN,Mike Zimmer,Pat Shurmur,George Edwards,3,0.5128205128205128,0.38461538461538464,0.5128205128205128,5.0,0.36875,0.1875,0.4461538461538462,5.0,0.4875,1.0,0.4153846153846154,Mike Zimmer,Norv Turner,George Edwards,2.0,0.5769230769230769,0.6923076923076923,0.5769230769230769,4.0,0.390625,0.53125,0.4615384615384615,4.0,0.359375,0.6875,0.4230769230769231,0.0,-0.0641025641025641,1.0,-0.021874999999999978,0.0,0.128125,0.4563568376068376,0.36875,1,2
2018,MIN,Mike Zimmer,,George Edwards,4,0.5961538461538461,0.8461538461538461,0.5961538461538461,,,,,6.0,0.5677083333333334,0.96875,0.4871794871794872,Mike Zimmer,Pat Shurmur,George Edwards,3.0,0.5128205128205128,0.38461538461538464,0.5128205128205128,5.0,0.36875,0.1875,0.4461538461538462,5.0,0.4875,1.0,0.4153846153846154,0.0,0.08333333333333337,0.0,,0.0,0.08020833333333338,0.5819310897435898,0.5677083333333334,2,0
2019,MIN,Mike Zimmer,Kevin Stefanski,George Edwards,5,0.5846153846153845,0.5384615384615384,0.5846153846153845,0.0,,,,7.0,0.6294642857142857,1.0,0.4945054945054945,Mike Zimmer,,George Edwards,4.0,0.5961538461538461,0.8461538461538461,0.5961538461538461,,,,,6.0,0.5677083333333334,0.96875,0.4871794871794872,0.0,-0.011538461538461608,0.0,,0.0,0.06175595238095233,0.6070398351648352,0.5846153846153845,1,1
2020,MIN,Mike Zimmer,Gary Kubiak,,6,0.5897435897435898,0.6153846153846154,0.5897435897435898,1.0,0.78125,0.78125,0.6153846153846154,,,,,Mike Zimmer,Kevin Stefanski,George Edwards,5.0,0.5846153846153845,0.5384615384615384,0.5846153846153845,0.0,,,,7.0,0.6294642857142857,1.0,0.4945054945054945,0.0,0.005128205128205221,1.0,,0.0,,0.6854967948717949,0.5897435897435898,1,0
2021,MIN,Mike Zimmer,Klint Kubiak,,7,0.5824175824175823,0.5384615384615384,0.5824175824175823,0.0,,,,,,,,Mike Zimmer,Gary Kubiak,,6.0,0.5897435897435898,0.6153846153846154,0.5897435897435898,1.0,0.78125,0.78125,0.6153846153846154,,,,,0.0,-0.007326007326007411,1.0,,0.0,,0.5824175824175823,0.5824175824175823,0,1
2022,MIN,Kevin O'Connell,Wes Phillips,Ed Donatell,0,,,,0.0,,,,3.0,0.5416666666666666,0.625,0.402930402930403,Mike Zimmer,Klint Kubiak,,7.0,0.5824175824175823,0.5384615384615384,0.5824175824175823,0.0,,,,,,,,1.0,,1.0,,0.0,,0.5416666666666666,0.5416666666666666,0,0
2023,MIN,Kevin O'Connell,Wes Phillips,Brian Flores,1,0.7857142857142857,0.7857142857142857,0.7857142857142857,1.0,0.3125,0.3125,0.7857142857142857,0.0,,,,Kevin O'Connell,Wes Phillips,Ed Donatell,0.0,,,,0.0,,,,3.0,0.5416666666666666,0.625,0.402930402930403,0.0,,0.0,,1.0,,0.5491071428571428,0.3125,0,0
2024,MIN,Kevin O'Connell,Wes Phillips,Brian Flores,2,0.6428571428571428,0.5,0.6428571428571428,2.0,0.421875,0.53125,0.6428571428571428,1.0,0.53125,0.53125,0.5,Kevin O'Connell,Wes Phillips,Brian Flores,1.0,0.7857142857142857,0.7857142857142857,0.7857142857142857,1.0,0.3125,0.3125,0.7857142857142857,0.0,,,,0.0,-0.1428571428571429,0.0,0.109375,0.0,,0.5319940476190476,0.421875,1,1
2025,MIN,Kevin O'Connell,Wes Phillips,Brian Flores,3,0.6904761904761904,0.7857142857142857,0.6904761904761904,3.0,0.5,0.65625,0.6904761904761904,2.0,0.765625,1.0,0.6428571428571428,Kevin O'Connell,Wes Phillips,Brian Flores,2.0,0.6428571428571428,0.5,0.6428571428571428,2.0,0.421875,0.53125,0.6428571428571428,1.0,0.53125,0.53125,0.5,0.0,0.04761904761904756,0.0,0.078125,0.0,0.234375,0.6520337301587301,0.5,3,0
2026,MIN,Kevin O'Connell,,,4,0.6428571428571428,0.5,0.6428571428571428,,,,,,,,,Kevin O'Connell,Wes Phillips,Brian Flores,3.0,0.6904761904761904,0.7857142857142857,0.6904761904761904,3.0,0.5,0.65625,0.6904761904761904,2.0,0.765625,1.0,0.6428571428571428,0.0,-0.04761904761904756,0.0,,0.0,,0.6428571428571428,0.6428571428571428,0,1
2006,NE,Bill Belichick,Josh McDaniels,Dean Pees,0,,,,0.0,,,,0.0,,,,,,,,,,,,,,,,,,,0.0,,0.0,,0.0,,,,0,0
2007,NE,Bill Belichick,Josh McDaniels,Dean Pees,1,0.7692307692307693,0.7692307692307693,0.7692307692307693,1.0,0.84375,0.84375,0.7692307692307693,1.0,0.875,0.875,0.7692307692307693,Bill Belichick,Josh McDaniels,Dean Pees,0.0,,,,0.0,,,,0.0,,,,0.0,,0.0,,0.0,,0.829326923076923,0.7692307692307693,0,0
2008,NE,Bill Belichick,,Dean Pees,2,0.8846153846153846,1.0,0.8846153846153846,,,,,2.0,0.875,0.875,0.8846153846153846,Bill Belichick,Josh McDaniels,Dean Pees,1.0,0.7692307692307693,0.7692307692307693,0.7692307692307693,1.0,0.84375,0.84375,0.7692307692307693,1.0,0.875,0.875,0.7692307692307693,0.0,0.11538461538461531,0.0,,0.0,0.0,0.8798076923076923,0.875,1,0
2009,NE,Bill Belichick,,Dean Pees,3,0.8119658119658119,0.6666666666666666,0.8119658119658119,,,,,3.0,0.6979166666666666,0.34375,0.8119658119658119,Bill Belichick,,Dean Pees,2.0,0.8846153846153846,1.0,0.8846153846153846,,,,,2.0,0.875,0.875,0.8846153846153846,0.0,-0.07264957264957272,0.0,,0.0,-0.17708333333333337,0.7549412393162392,0.6979166666666666,0,2
2010,NE,Bill Belichick,,,4,0.7628205128205128,0.6153846153846154,0.7628205128205128,,,,,,,,,Bill Belichick,,Dean Pees,3.0,0.8119658119658119,0.6666666666666666,0.8119658119658119,,,,,3.0,0.6979166666666666,0.34375,0.8119658119658119,0.0,-0.04914529914529908,0.0,,0.0,,0.7628205128205128,0.7628205128205128,0,1
2011,NE,Bill Belichick,Bill O'Brien,,5,0.7948717948717949,0.9230769230769231,0.7948717948717949,0.0,,,,,,,,Bill Belichick,,,4.0,0.7628205128205128,0.6153846153846154,0.7628205128205128,,,,,,,,,0.0,0.03205128205128216,0.0,,0.0,,0.7948717948717949,0.7948717948717949,1,0
2012,NE,Bill Belichick,Josh McDaniels,Matt Patricia,6,0.8034188034188033,0.8461538461538461,0.8034188034188033,3.0,0.6354166666666666,0.0625,0.641025641025641,0.0,,,,Bill Belichick,Bill O'Brien,,5.0,0.7948717948717949,0.9230769230769231,0.7948717948717949,0.0,,,,,,,,0.0,0.008547008547008406,1.0,,0.0,,0.719417735042735,0.6354166666666666,1,0
2013,NE,Bill Belichick,Josh McDaniels,Matt Patricia,7,0.8095238095238094,0.8461538461538461,0.8095238095238094,4.0,0.7265625,1.0,0.6923076923076923,1.0,0.5,0.5,0.8461538461538461,Bill Belichick,Josh McDaniels,Matt Patricia,6.0,0.8034188034188033,0.8461538461538461,0.8034188034188033,3.0,0.6354166666666666,0.0625,0.641025641025641,0.0,,,,0.0,0.006105006105006083,0.0,0.09114583333333337,0.0,,0.6786954365079364,0.5,2,0
2014,NE,Bill Belichick,Josh McDaniels,Matt Patricia,8,0.7948717948717948,0.6923076923076923,0.7948717948717948,5.0,0.725,0.71875,0.6923076923076923,2.0,0.40625,0.3125,0.7692307692307692,Bill Belichick,Josh McDaniels,Matt Patricia,7.0,0.8095238095238094,0.8461538461538461,0.8095238095238094,4.0,0.7265625,1.0,0.6923076923076923,1.0,0.5,0.5,0.8461538461538461,0.0,-0.0146520146520146,0.0,-0.0015625000000000222,0.0,-0.09375,0.6420405982905982,0.40625,0,3
2015,NE,Bill Belichick,Josh McDaniels,Matt Patricia,9,0.792022792022792,0.7692307692307693,0.792022792022792,6.0,0.75,0.875,0.7051282051282052,3.0,0.5,0.6875,0.7692307692307692,Bill Belichick,Josh McDaniels,Matt Patricia,8.0,0.7948717948717948,0.6923076923076923,0.7948717948717948,5.0,0.725,0.71875,0.6923076923076923,2.0,0.40625,0.3125,0.7692307692307692,0.0,-0.002849002849002802,0.0,0.025000000000000022,0.0,0.09375,0.6806742640075973,0.5,2,1
2016,NE,Bill Belichick,Josh McDaniels,Matt Patricia,10,0.782051282051282,0.6923076923076923,0.782051282051282,7.0,0.78125,0.96875,0.7032967032967034,4.0,0.5625,0.75,0.75,Bill Belichick,Josh McDaniels,Matt Patricia,9.0,0.792022792022792,0.7692307692307693,0.792022792022792,6.0,0.75,0.875,0.7051282051282052,3.0,0.5,0.6875,0.7692307692307692,0.0,-0.009971509971509973,0.0,0.03125,0.0,0.0625,0.7086004273504273,0.5625,2,1
2017,NE,Bill Belichick,Josh McDaniels,Matt Patricia,11,0.7878787878787878,0.8461538461538461,0.7878787878787878,8.0,0.796875,0.90625,0.7211538461538461,5.0,0.6,0.75,0.7692307692307693,Bill Belichick,Josh McDaniels,Matt Patricia,10.0,0.782051282051282,0.6923076923076923,0.782051282051282,7.0,0.78125,0.96875,0.7032967032967034,4.0,0.5625,0.75,0.75,0.0,0.005827505827505797,0.0,0.015625,0.0,0.03749999999999998,0.7282512626262626,0.6,3,0
2018,NE,Bill Belichick,Josh McDaniels,Matt Patricia to serve as head coach,12,0.7927350427350427,0.8461538461538461,0.7927350427350427,9.0,0.8194444444444444,1.0,0.735042735042735,0.0,,,,Bill Belichick,Josh McDaniels,Matt Patricia,11.0,0.7878787878787878,0.8461538461538461,0.7878787878787878,8.0,0.796875,0.90625,0.7211538461538461,5.0,0.6,0.75,0.7692307692307693,0.0,0.004856254856254849,0.0,0.02256944444444442,1.0,,0.8060897435897436,0.7927350427350427,2,0
2019,NE,Bill Belichick,Josh McDaniels,Greg Schiano (resigned March 28),13,0.7909270216962525,0.7692307692307693,0.7909270216962525,10.0,0.809375,0.71875,0.7384615384615384,0.0,,,,Bill Belichick,Josh McDaniels,Matt Patricia to serve as head coach,12.0,0.7927350427350427,0.8461538461538461,0.7927350427350427,9.0,0.8194444444444444,1.0,0.735042735042735,0.0,,,,0.0,-0.0018080210387901863,0.0,-0.010069444444444464,1.0,,0.8001510108481262,0.7909270216962525,0,2
2020,NE,Bill Belichick,Josh McDaniels,,14,0.7838827838827839,0.6923076923076923,0.7838827838827839,11.0,0.7784090909090909,0.46875,0.7342657342657343,,,,,Bill Belichick,Josh McDaniels,Greg Schiano (resigned March 28),13.0,0.7909270216962525,0.7692307692307693,0.7909270216962525,10.0,0.809375,0.71875,0.7384615384615384,0.0,,,,0.0,-0.0070442378134686345,0.0,-0.030965909090909016,0.0,,0.7811459373959374,0.7784090909090909,0,2
2021,NE,Bill Belichick,Josh McDaniels,,15,0.7572649572649574,0.38461538461538464,0.7572649572649574,12.0,0.7369791666666666,0.28125,0.7051282051282052,,,,,Bill Belichick,Josh McDaniels,,14.0,0.7838827838827839,0.6923076923076923,0.7838827838827839,11.0,0.7784090909090909,0.46875,0.7342657342657343,,,,,0.0,-0.026617826617826523,0.0,-0.04142992424242431,0.0,,0.747122061965812,0.7369791666666666,0,2
2022,NE,Bill Belichick,,,16,0.750114468864469,0.6428571428571429,0.750114468864469,,,,,,,,,Bill Belichick,Josh McDaniels,,15.0,0.7572649572649574,0.38461538461538464,0.7572649572649574,12.0,0.7369791666666666,0.28125,0.7051282051282052,,,,,0.0,-0.007150488400488375,0.0,,0.0,,0.750114468864469,0.750114468864469,0,1
2023,NE,Bill Belichick,,,17,0.7354018530489119,0.5,0.7354018530489119,,,,,,,,,Bill Belichick,,,16.0,0.750114468864469,0.6428571428571429,0.750114468864469,,,,,,,,,0.0,-0.01471261581555705,0.0,,0.0,,0.7354018530489119,0.7354018530489119,0,1
2024,NE,Jerod Mayo,Alex Van Pelt,DeMarcus Covington,0,,,,4.0,0.5078125,0.1875,0.5302197802197802,0.0,,,,Bill Belichick,,,17.0,0.7354018530489119,0.5,0.7354018530489119,,,,,,,,,1.0,,0.0,,0.0,,0.5078125,0.5078125,0,0
2025,NE,Mike Vrabel,Josh McDaniels,Terrell Williams,6,0.5448717948717948,0.35714285714285715,0.5448717948717948,13.0,0.7427884615384616,0.8125,0.7003381234150464,0.0,,,,Jerod Mayo,Alex Van Pelt,DeMarcus Covington,0.0,,,,4.0,0.5078125,0.1875,0.5302197802197802,0.0,,,,1.0,,1.0,0.23497596153846156,1.0,,0.6438301282051282,0.5448717948717948,1,0
2026,NE,Mike Vrabel,Josh McDaniels,Zak Kuhr,7,0.5996860282574569,0.9285714285714286,0.5996860282574569,14.0,0.7611607142857143,1.0,0.716640502354788,0.0,,,,Mike Vrabel,Josh McDaniels,Terrell Williams,6.0,0.5448717948717948,0.35714285714285715,0.5448717948717948,13.0,0.7427884615384616,0.8125,0.7003381234150464,0.0,,,,0.0,0.05481423338566205,0.0,0.018372252747252737,1.0,,0.6804233712715856,0.5996860282574569,2,0
2006,NO,Sean Payton,Doug Marrone,Gary Gibbs,0,,,,0.0,,,,0.0,,,,,,,,,,,,,,,,,,,0.0,,0.0,,0.0,,,,0,0
2007,NO,Sean Payton,,Gary Gibbs,1,0.5384615384615384,0.5384615384615384,0.5384615384615384,,,,,1.0,0.65625,0.65625,0.5384615384615384,Sean Payton,Doug Marrone,Gary Gibbs,0.0,,,,0.0,,,,0.0,,,,0.0,,0.0,,0.0,,0.5973557692307692,0.5384615384615384,0,0
2008,NO,Sean Payton,,Gary Gibbs,2,0.5384615384615384,0.5384615384615384,0.5384615384615384,,,,,2.0,0.453125,0.25,0.5384615384615384,Sean Payton,,Gary Gibbs,1.0,0.5384615384615384,0.5384615384615384,0.5384615384615384,,,,,1.0,0.65625,0.65625,0.5384615384615384,0.0,0.0,0.0,,0.0,-0.203125,0.4957932692307692,0.453125,0,1
2009,NO,Sean Payton,Pete Carmichael Jr,Gregg Williams,3,0.5104895104895105,0.45454545454545453,0.5104895104895105,0.0,,,,3.0,0.25,0.15625,0.3653846153846154,Sean Payton,,Gary Gibbs,2.0,0.5384615384615384,0.5384615384615384,0.5384615384615384,,,,,2.0,0.453125,0.25,0.5384615384615384,0.0,-0.027972027972027913,0.0,,1.0,-0.203125,0.38024475524475526,0.25,0,2
2010,NO,Sean Payton,Pete Carmichael Jr,Gregg Williams,4,0.5751748251748252,0.7692307692307693,0.5751748251748252,1.0,1.0,1.0,0.7692307692307693,4.0,0.359375,0.6875,0.46634615384615385,Sean Payton,Pete Carmichael Jr,Gregg Williams,3.0,0.5104895104895105,0.45454545454545453,0.5104895104895105,0.0,,,,3.0,0.25,0.15625,0.3653846153846154,0.0,0.06468531468531469,0.0,,0.0,0.109375,0.6448499417249417,0.359375,2,0
2011,NO,Sean Payton,Pete Carmichael Jr,Gregg Williams,5,0.5986013986013987,0.6923076923076923,0.5986013986013987,2.0,0.90625,0.8125,0.7307692307692308,5.0,0.44375,0.78125,0.5115384615384615,Sean Payton,Pete Carmichael Jr,Gregg Williams,4.0,0.5751748251748252,0.7692307692307693,0.5751748251748252,1.0,1.0,1.0,0.7692307692307693,4.0,0.359375,0.6875,0.46634615384615385,0.0,0.023426573426573505,0.0,-0.09375,0.0,0.08437499999999998,0.6495337995337995,0.44375,2,1
2012,NO,Joe Vitt,"Pete Carmichael, Jr",Steve Spagnuolo,0,,,,0.0,,,,2.0,0.78125,0.78125,0.6923076923076923,Sean Payton,Pete Carmichael Jr,Gregg Williams,5.0,0.5986013986013987,0.6923076923076923,0.5986013986013987,2.0,0.90625,0.8125,0.7307692307692308,5.0,0.44375,0.78125,0.5115384615384615,1.0,,1.0,,1.0,0.3375,0.78125,0.78125,1,0
2013,NO,Sean Payton,Pete Carmichael Jr,Rob Ryan,6,0.6398601398601399,0.8461538461538461,0.6398601398601399,3.0,0.9166666666666666,0.9375,0.7692307692307693,6.0,0.3125,0.34375,0.37606837606837606,Joe Vitt,"Pete Carmichael, Jr",Steve Spagnuolo,0.0,,,,0.0,,,,2.0,0.78125,0.78125,0.6923076923076923,1.0,,1.0,,1.0,-0.46875,0.6230089355089355,0.3125,0,1
2014,NO,Sean Payton,Pete Carmichael Jr,Rob Ryan,7,0.6363636363636365,0.6153846153846154,0.6363636363636365,4.0,0.9140625,0.90625,0.7307692307692308,7.0,0.3705357142857143,0.71875,0.41025641025641024,Sean Payton,Pete Carmichael Jr,Rob Ryan,6.0,0.6398601398601399,0.8461538461538461,0.6398601398601399,3.0,0.9166666666666666,0.9375,0.7692307692307693,6.0,0.3125,0.34375,0.37606837606837606,0.0,-0.0034965034965034336,0.0,-0.0026041666666666297,0.0,0.0580357142857143,0.6403206168831169,0.3705357142857143,1,2
2015,NO,Sean Payton,Pete Carmichael Jr,"Rob Ryan (Weeks 1–10, fired) Dennis Allen (Weeks 11–17)",8,0.6145104895104896,0.46153846153846156,0.6145104895104896,5.0,0.9,0.84375,0.676923076923077,0.0,,,,Sean Payton,Pete Carmichael Jr,Rob Ryan,7.0,0.6363636363636365,0.6153846153846154,0.6363636363636365,4.0,0.9140625,0.90625,0.7307692307692308,7.0,0.3705357142857143,0.71875,0.41025641025641024,0.0,-0.021853146853146876,0.0,-0.014062499999999978,1.0,,0.7572552447552447,0.6145104895104896,0,2
2016,NO,Sean Payton,Pete Carmichael Jr,Dennis Allen,9,0.6060606060606061,0.5384615384615384,0.6060606060606061,6.0,0.8854166666666666,0.8125,0.6538461538461539,1.0,0.40625,0.40625,0.5384615384615384,Sean Payton,Pete Carmichael Jr,"Rob Ryan (Weeks 1–10, fired) Dennis Allen (Weeks 11–17)",8.0,0.6145104895104896,0.46153846153846156,0.6145104895104896,5.0,0.9,0.84375,0.676923076923077,0.0,,,,0.0,-0.00844988344988351,0.0,-0.014583333333333393,1.0,,0.6325757575757576,0.40625,0,2
2017,NO,Sean Payton,Pete Carmichael Jr,Dennis Allen,10,0.5993006993006993,0.5384615384615384,0.5993006993006993,7.0,0.875,0.8125,0.6373626373626374,2.0,0.3125,0.21875,0.5384615384615384,Sean Payton,Pete Carmichael Jr,Dennis Allen,9.0,0.6060606060606061,0.5384615384615384,0.6060606060606061,6.0,0.8854166666666666,0.8125,0.6538461538461539,1.0,0.40625,0.40625,0.5384615384615384,0.0,-0.006759906759906786,0.0,-0.01041666666666663,0.0,-0.09375,0.5956002331002331,0.3125,0,3
2018,NO,Sean Payton,Pete Carmichael Jr,Dennis Allen,11,0.6147488874761602,0.7692307692307693,0.6147488874761602,8.0,0.88671875,0.96875,0.6538461538461539,3.0,0.4375,0.6875,0.6153846153846154,Sean Payton,Pete Carmichael Jr,Dennis Allen,10.0,0.5993006993006993,0.5384615384615384,0.5993006993006993,7.0,0.875,0.8125,0.6373626373626374,2.0,0.3125,0.21875,0.5384615384615384,0.0,0.015448188175460897,0.0,0.01171875,0.0,0.125,0.6463225458253867,0.4375,3,0
2019,NO,Sean Payton,Pete Carmichael Jr,Dennis Allen,12,0.634032634032634,0.8461538461538461,0.634032634032634,9.0,0.8888888888888888,0.90625,0.6752136752136751,4.0,0.5,0.6875,0.6730769230769231,Sean Payton,Pete Carmichael Jr,Dennis Allen,11.0,0.6147488874761602,0.7692307692307693,0.6147488874761602,8.0,0.88671875,0.96875,0.6538461538461539,3.0,0.4375,0.6875,0.6153846153846154,0.0,0.019283746556473802,0.0,0.0021701388888888395,0.0,0.0625,0.6743071743071742,0.5,3,0
2020,NO,Sean Payton,Pete Carmichael Jr,Dennis Allen,13,0.6503496503496504,0.8461538461538461,0.6503496503496504,10.0,0.8875,0.875,0.6923076923076923,5.0,0.53125,0.65625,0.7076923076923077,Sean Payton,Pete Carmichael Jr,Dennis Allen,12.0,0.634032634032634,0.8461538461538461,0.634032634032634,9.0,0.8888888888888888,0.90625,0.6752136752136751,4.0,0.5,0.6875,0.6730769230769231,0.0,0.01631701631701643,0.0,-0.001388888888888884,0.0,0.03125,0.6896998834498834,0.53125,2,1
2021,NO,Sean Payton,Pete Carmichael Jr,Dennis Allen,14,0.6643356643356644,0.8461538461538461,0.6643356643356644,11.0,0.8693181818181818,0.6875,0.7062937062937062,6.0,0.5989583333333334,0.9375,0.7307692307692308,Sean Payton,Pete Carmichael Jr,Dennis Allen,13.0,0.6503496503496504,0.8461538461538461,0.6503496503496504,10.0,0.8875,0.875,0.6923076923076923,5.0,0.53125,0.65625,0.7076923076923077,0.0,0.013986013986013957,0.0,-0.018181818181818188,0.0,0.06770833333333337,0.7108707264957266,0.5989583333333334,2,1
2022,NO,Dennis Allen,Pete Carmichael Jr,Ryan Nielsen and Kris Richard,2,0.23076923076923078,0.23076923076923078,0.23076923076923078,12.0,0.8072916666666666,0.125,0.689102564102564,0.0,,,,Sean Payton,Pete Carmichael Jr,Dennis Allen,14.0,0.6643356643356644,0.8461538461538461,0.6643356643356644,11.0,0.8693181818181818,0.6875,0.7062937062937062,6.0,0.5989583333333334,0.9375,0.7307692307692308,1.0,-0.4335664335664336,0.0,-0.06202651515151514,1.0,,0.5190304487179487,0.23076923076923078,0,2
2023,NO,Dennis Allen,Pete Carmichael,Joe Woods,3,0.2967032967032967,0.42857142857142855,0.2967032967032967,0.0,,,,4.0,0.453125,0.4375,0.44642857142857145,Dennis Allen,Pete Carmichael Jr,Ryan Nielsen and Kris Richard,2.0,0.23076923076923078,0.23076923076923078,0.23076923076923078,12.0,0.8072916666666666,0.125,0.689102564102564,0.0,,,,0.0,0.06593406593406592,1.0,,1.0,,0.3749141483516484,0.2967032967032967,1,0
2024,NO,Dennis Allen,Klint Kubiak,Joe Woods,4,0.3475274725274725,0.5,0.3475274725274725,1.0,0.46875,0.46875,0.5,5.0,0.53125,0.84375,0.45714285714285713,Dennis Allen,Pete Carmichael,Joe Woods,3.0,0.2967032967032967,0.42857142857142855,0.2967032967032967,0.0,,,,4.0,0.453125,0.4375,0.44642857142857145,0.0,0.05082417582417581,1.0,,0.0,0.078125,0.4491758241758242,0.3475274725274725,2,0
2025,NO,Kellen Moore,Doug Nussmeier,Brandon Staley,0,,,,0.0,,,,1.0,1.0,1.0,0.6153846153846154,Dennis Allen,Klint Kubiak,Joe Woods,4.0,0.3475274725274725,0.5,0.3475274725274725,1.0,0.46875,0.46875,0.5,5.0,0.53125,0.84375,0.45714285714285713,1.0,,1.0,,1.0,0.46875,1.0,1.0,1,0
2026,NO,Kellen Moore,,,1,0.42857142857142855,0.42857142857142855,0.42857142857142855,,,,,,,,,Kellen Moore,Doug Nussmeier,Brandon Staley,0.0,,,,0.0,,,,1.0,1.0,1.0,0.6153846153846154,0.0,,0.0,,0.0,,0.42857142857142855,0.42857142857142855,0,0
2006,NYG,Tom Coughlin,John Hufnagel,Tim Lewis,0,,,,0.0,,,,0.0,,,,,,,,,,,,,,,,,,,0.0,,0.0,,0.0,,,,0,0
2007,NYG,Tom Coughlin,Kevin Gilbride,Steve Spagnuolo,1,0.5384615384615384,0.5384615384615384,0.5384615384615384,0.0,,,,0.0,,,,Tom Coughlin,John Hufnagel,Tim Lewis,0.0,,,,0.0,,,,0.0,,,,0.0,,1.0,,1.0,,0.5384615384615384,0.5384615384615384,0,0
2008,NYG,Tom Coughlin,Kevin Gilbride,Steve Spagnuolo,2,0.6153846153846154,0.6923076923076923,0.6153846153846154,1.0,0.4375,0.4375,0.6923076923076923,1.0,0.78125,0.78125,0.6923076923076923,Tom Coughlin,Kevin Gilbride,Steve Spagnuolo,1.0,0.5384615384615384,0.5384615384615384,0.5384615384615384,0.0,,,,0.0,,,,0.0,0.07692307692307698,0.0,,0.0,,0.6113782051282052,0.4375,1,0
2009,NYG,Tom Coughlin,Kevin Gilbride,Bill Sheridan,3,0.6410256410256411,0.6923076923076923,0.6410256410256411,2.0,0.609375,0.78125,0.6923076923076923,0.0,,,,Tom Coughlin,Kevin Gilbride,Steve Spagnuolo,2.0,0.6153846153846154,0.6923076923076923,0.6153846153846154,1.0,0.4375,0.4375,0.6923076923076923,1.0,0.78125,0.78125,0.6923076923076923,0.0,0.02564102564102566,0.0,0.171875,1.0,,0.6252003205128205,0.609375,2,0
2010,NYG,Tom Coughlin,Kevin Gilbride,Perry Fewell,4,0.576923076923077,0.38461538461538464,0.576923076923077,3.0,0.6770833333333334,0.8125,0.5897435897435898,4.0,0.4453125,0.53125,0.40865384615384615,Tom Coughlin,Kevin Gilbride,Bill Sheridan,3.0,0.6410256410256411,0.6923076923076923,0.6410256410256411,2.0,0.609375,0.78125,0.6923076923076923,0.0,,,,0.0,-0.0641025641025641,0.0,0.06770833333333337,1.0,,0.5664396367521368,0.4453125,1,1
2011,NYG,Tom Coughlin,Kevin Gilbride,Perry Fewell,5,0.6,0.6923076923076923,0.6,4.0,0.6328125,0.5,0.6153846153846154,5.0,0.53125,0.875,0.46538461538461534,Tom Coughlin,Kevin Gilbride,Perry Fewell,4.0,0.576923076923077,0.38461538461538464,0.576923076923077,3.0,0.6770833333333334,0.8125,0.5897435897435898,4.0,0.4453125,0.53125,0.40865384615384615,0.0,0.023076923076922995,0.0,-0.04427083333333337,0.0,0.0859375,0.5880208333333333,0.53125,2,1
2012,NYG,Tom Coughlin,Kevin Gilbride,Perry Fewell,6,0.5897435897435898,0.5384615384615384,0.5897435897435898,5.0,0.64375,0.6875,0.6,6.0,0.46875,0.15625,0.4775641025641025,Tom Coughlin,Kevin Gilbride,Perry Fewell,5.0,0.6,0.6923076923076923,0.6,4.0,0.6328125,0.5,0.6153846153846154,5.0,0.53125,0.875,0.46538461538461534,0.0,-0.01025641025641022,0.0,0.010937500000000044,0.0,-0.0625,0.5674145299145299,0.46875,1,2
2013,NYG,Tom Coughlin,Kevin Gilbride,Perry Fewell,7,0.5824175824175823,0.5384615384615384,0.5824175824175823,6.0,0.640625,0.625,0.5897435897435898,7.0,0.44642857142857145,0.3125,0.4862637362637362,Tom Coughlin,Kevin Gilbride,Perry Fewell,6.0,0.5897435897435898,0.5384615384615384,0.5897435897435898,5.0,0.64375,0.6875,0.6,6.0,0.46875,0.15625,0.4775641025641025,0.0,-0.007326007326007411,0.0,-0.0031250000000000444,0.0,-0.022321428571428548,0.5564903846153846,0.44642857142857145,0,3
2014,NYG,Tom Coughlin,Ben McAdoo,Perry Fewell,8,0.5769230769230769,0.5384615384615384,0.5769230769230769,0.0,,,,8.0,0.48828125,0.78125,0.4927884615384615,Tom Coughlin,Kevin Gilbride,Perry Fewell,7.0,0.5824175824175823,0.5384615384615384,0.5824175824175823,6.0,0.640625,0.625,0.5897435897435898,7.0,0.44642857142857145,0.3125,0.4862637362637362,0.0,-0.005494505494505475,1.0,,0.0,0.04185267857142855,0.5326021634615384,0.48828125,1,1
2015,NYG,Tom Coughlin,Ben McAdoo,Steve Spagnuolo,9,0.5555555555555556,0.38461538461538464,0.5555555555555556,1.0,0.625,0.625,0.38461538461538464,3.0,0.5416666666666666,0.0625,0.641025641025641,Tom Coughlin,Ben McAdoo,Perry Fewell,8.0,0.5769230769230769,0.5384615384615384,0.5769230769230769,0.0,,,,8.0,0.48828125,0.78125,0.4927884615384615,0.0,-0.02136752136752129,0.0,,1.0,0.05338541666666663,0.5740740740740741,0.5416666666666666,1,1
2016,NYG,Ben McAdoo,Mike Sullivan,Steve Spagnuolo,0,,,,2.0,0.421875,0.1875,0.38461538461538464,4.0,0.4296875,0.09375,0.5769230769230769,Tom Coughlin,Ben McAdoo,Steve Spagnuolo,9.0,0.5555555555555556,0.38461538461538464,0.5555555555555556,1.0,0.625,0.625,0.38461538461538464,3.0,0.5416666666666666,0.0625,0.641025641025641,1.0,,1.0,-0.203125,0.0,-0.11197916666666663,0.42578125,0.421875,0,2
2017,NYG,Ben McAdoo,Mike Sullivan,Steve Spagnuolo,1,0.6923076923076923,0.6923076923076923,0.6923076923076923,3.0,0.3541666666666667,0.21875,0.4871794871794872,5.0,0.53125,0.9375,0.6,Ben McAdoo,Mike Sullivan,Steve Spagnuolo,0.0,,,,2.0,0.421875,0.1875,0.38461538461538464,4.0,0.4296875,0.09375,0.5769230769230769,0.0,,0.0,-0.06770833333333331,0.0,0.1015625,0.5259081196581197,0.3541666666666667,1,1
2018,NYG,Pat Shurmur,,James Bettcher,2,0.2692307692307693,0.38461538461538464,0.2692307692307693,,,,,3.0,0.875,0.78125,0.5897435897435898,Ben McAdoo,Mike Sullivan,Steve Spagnuolo,1.0,0.6923076923076923,0.6923076923076923,0.6923076923076923,3.0,0.3541666666666667,0.21875,0.4871794871794872,5.0,0.53125,0.9375,0.6,1.0,-0.423076923076923,0.0,,1.0,0.34375,0.5721153846153846,0.2692307692307693,1,1
2019,NYG,Pat Shurmur,,James Bettcher,3,0.2820512820512821,0.3076923076923077,0.2820512820512821,,,,,4.0,0.7109375,0.21875,0.5192307692307692,Pat Shurmur,,James Bettcher,2.0,0.2692307692307693,0.38461538461538464,0.2692307692307693,,,,,3.0,0.875,0.78125,0.5897435897435898,0.0,0.01282051282051283,0.0,,0.0,-0.1640625,0.4964943910256411,0.2820512820512821,1,1
2020,NYG,Joe Judge,Jason Garrett,Patrick Graham,0,,,,2.0,0.890625,0.84375,0.7307692307692308,1.0,0.03125,0.03125,0.38461538461538464,Pat Shurmur,,James Bettcher,3.0,0.2820512820512821,0.3076923076923077,0.2820512820512821,,,,,4.0,0.7109375,0.21875,0.5192307692307692,1.0,,0.0,,1.0,-0.6796875,0.4609375,0.03125,0,1
2021,NYG,Joe Judge,,Patrick Graham,1,0.46153846153846156,0.46153846153846156,0.46153846153846156,,,,,2.0,0.234375,0.4375,0.42307692307692313,Joe Judge,Jason Garrett,Patrick Graham,0.0,,,,2.0,0.890625,0.84375,0.7307692307692308,1.0,0.03125,0.03125,0.38461538461538464,0.0,,0.0,,0.0,0.203125,0.3479567307692308,0.234375,1,0
2022,NYG,Brian Daboll,Mike Kafka,Don Martindale,0,,,,0.0,,,,4.0,0.703125,0.21875,0.6648351648351648,Joe Judge,,Patrick Graham,1.0,0.46153846153846156,0.46153846153846156,0.46153846153846156,,,,,2.0,0.234375,0.4375,0.42307692307692313,1.0,,0.0,,1.0,0.46875,0.703125,0.703125,1,0
2023,NYG,Brian Daboll,Mike Kafka,Don Martindale,1,0.5,0.5,0.5,1.0,0.75,0.75,0.5,5.0,0.59375,0.15625,0.6318681318681318,Brian Daboll,Mike Kafka,Don Martindale,0.0,,,,0.0,,,,4.0,0.703125,0.21875,0.6648351648351648,0.0,,0.0,,0.0,-0.109375,0.6145833333333334,0.5,0,1
2024,NYG,Brian Daboll,Mike Kafka,Shane Bowen,2,0.4285714285714286,0.35714285714285715,0.4285714285714286,2.0,0.40625,0.0625,0.4285714285714286,3.0,0.5,0.25,0.5,Brian Daboll,Mike Kafka,Don Martindale,1.0,0.5,0.5,0.5,1.0,0.75,0.75,0.5,5.0,0.59375,0.15625,0.6318681318681318,0.0,-0.0714285714285714,0.0,-0.34375,1.0,-0.09375,0.4449404761904762,0.40625,0,3
2025,NYG,Brian Daboll,,,3,0.3333333333333333,0.14285714285714285,0.3333333333333333,,,,,,,,,Brian Daboll,Mike Kafka,Shane Bowen,2.0,0.4285714285714286,0.35714285714285715,0.4285714285714286,2.0,0.40625,0.0625,0.4285714285714286,3.0,0.5,0.25,0.5,0.0,-0.09523809523809529,0.0,,0.0,,0.3333333333333333,0.3333333333333333,0,1
2026,NYG,John Harbaugh,for the Tennessee Titans,,18,0.614010989010989,0.5,0.614010989010989,0.0,,,,,,,,Brian Daboll,,,3.0,0.3333333333333333,0.14285714285714285,0.3333333333333333,,,,,,,,,1.0,0.28067765567765574,0.0,,0.0,,0.614010989010989,0.614010989010989,1,0
2006,NYJ,Eric Mangini,Brian Schottenheimer,Bob Sutton,0,,,,0.0,,,,0.0,,,,,,,,,,,,,,,,,,,0.0,,0.0,,0.0,,,,0,0
2007,NYJ,Eric Mangini,Brian Schottenheimer,Bob Sutton,1,0.6153846153846154,0.6153846153846154,0.6153846153846154,1.0,0.59375,0.59375,0.6153846153846154,1.0,0.28125,0.28125,0.6153846153846154,Eric Mangini,Brian Schottenheimer,Bob Sutton,0.0,,,,0.0,,,,0.0,,,,0.0,,0.0,,0.0,,0.4967948717948718,0.28125,0,0
2008,NYJ,Eric Mangini,Brian Schottenheimer,Bob Sutton,2,0.42307692307692313,0.23076923076923078,0.42307692307692313,2.0,0.4375,0.28125,0.42307692307692313,2.0,0.171875,0.0625,0.42307692307692313,Eric Mangini,Brian Schottenheimer,Bob Sutton,1.0,0.6153846153846154,0.6153846153846154,0.6153846153846154,1.0,0.59375,0.59375,0.6153846153846154,1.0,0.28125,0.28125,0.6153846153846154,0.0,-0.1923076923076923,0.0,-0.15625,0.0,-0.109375,0.344150641025641,0.171875,0,3
2009,NYJ,Rex Ryan,Brian Schottenheimer,Mike Pettine,0,,,,3.0,0.5104166666666666,0.65625,0.4764957264957266,0.0,,,,Eric Mangini,Brian Schottenheimer,Bob Sutton,2.0,0.42307692307692313,0.23076923076923078,0.42307692307692313,2.0,0.4375,0.28125,0.42307692307692313,2.0,0.171875,0.0625,0.42307692307692313,1.0,,0.0,0.07291666666666663,1.0,,0.5104166666666666,0.5104166666666666,1,0
2010,NYJ,Rex Ryan,Brian Schottenheimer,Mike Pettine,1,0.46153846153846156,0.46153846153846156,0.46153846153846156,4.0,0.4609375,0.3125,0.47275641025641035,1.0,1.0,1.0,0.46153846153846156,Rex Ryan,Brian Schottenheimer,Mike Pettine,0.0,,,,3.0,0.5104166666666666,0.65625,0.4764957264957266,0.0,,,,0.0,,0.0,-0.04947916666666663,0.0,,0.6408253205128206,0.4609375,0,1
2011,NYJ,Rex Ryan,Brian Schottenheimer,Mike Pettine,2,0.5769230769230769,0.6923076923076923,0.5769230769230769,5.0,0.4625,0.46875,0.5166666666666668,2.0,0.921875,0.84375,0.5769230769230769,Rex Ryan,Brian Schottenheimer,Mike Pettine,1.0,0.46153846153846156,0.46153846153846156,0.46153846153846156,4.0,0.4609375,0.3125,0.47275641025641035,1.0,1.0,1.0,0.46153846153846156,0.0,0.11538461538461531,0.0,0.0015625000000000222,0.0,-0.078125,0.6537660256410257,0.4625,2,1
2012,NYJ,Rex Ryan,Tony Sparano,Mike Pettine,3,0.5384615384615384,0.46153846153846156,0.5384615384615384,0.0,,,,3.0,0.9166666666666666,0.90625,0.5384615384615384,Rex Ryan,Brian Schottenheimer,Mike Pettine,2.0,0.5769230769230769,0.6923076923076923,0.5769230769230769,5.0,0.4625,0.46875,0.5166666666666668,2.0,0.921875,0.84375,0.5769230769230769,0.0,-0.038461538461538436,1.0,,0.0,-0.00520833333333337,0.7275641025641025,0.5384615384615384,0,2
2013,NYJ,Rex Ryan,Marty Mornhinweg,Dennis Thurman,4,0.4807692307692308,0.3076923076923077,0.4807692307692308,7.0,0.7053571428571429,0.21875,0.5302197802197802,0.0,,,,Rex Ryan,Tony Sparano,Mike Pettine,3.0,0.5384615384615384,0.46153846153846156,0.5384615384615384,0.0,,,,3.0,0.9166666666666666,0.90625,0.5384615384615384,0.0,-0.057692307692307654,1.0,,1.0,,0.5930631868131868,0.4807692307692308,0,1
2014,NYJ,Rex Ryan,Marty Mornhinweg,Dennis Thurman,5,0.4769230769230769,0.46153846153846156,0.4769230769230769,8.0,0.62890625,0.09375,0.5216346153846154,1.0,0.5,0.5,0.46153846153846156,Rex Ryan,Marty Mornhinweg,Dennis Thurman,4.0,0.4807692307692308,0.3076923076923077,0.4807692307692308,7.0,0.7053571428571429,0.21875,0.5302197802197802,0.0,,,,0.0,-0.003846153846153888,0.0,-0.0764508928571429,0.0,,0.5352764423076923,0.4769230769230769,0,2
2015,NYJ,Todd Bowles,Chan Gailey,Kacy Rodgers,0,,,,1.0,0.28125,0.28125,0.09090909090909091,0.0,,,,Rex Ryan,Marty Mornhinweg,Dennis Thurman,5.0,0.4769230769230769,0.46153846153846156,0.4769230769230769,8.0,0.62890625,0.09375,0.5216346153846154,1.0,0.5,0.5,0.46153846153846156,1.0,,1.0,-0.34765625,1.0,,0.28125,0.28125,0,1
2016,NYJ,Todd Bowles,Chan Gailey,Kacy Rodgers,1,0.6153846153846154,0.6153846153846154,0.6153846153846154,2.0,0.484375,0.6875,0.3531468531468532,1.0,0.90625,0.90625,0.6153846153846154,Todd Bowles,Chan Gailey,Kacy Rodgers,0.0,,,,1.0,0.28125,0.28125,0.09090909090909091,0.0,,,,0.0,,0.0,0.203125,0.0,,0.6686698717948718,0.484375,1,0
2017,NYJ,Todd Bowles,John Morton,Kacy Rodgers,2,0.46153846153846156,0.3076923076923077,0.46153846153846156,0.0,,,,2.0,0.578125,0.25,0.46153846153846156,Todd Bowles,Chan Gailey,Kacy Rodgers,1.0,0.6153846153846154,0.6153846153846154,0.6153846153846154,2.0,0.484375,0.6875,0.3531468531468532,1.0,0.90625,0.90625,0.6153846153846154,0.0,-0.15384615384615385,1.0,,0.0,-0.328125,0.5198317307692308,0.46153846153846156,0,2
2018,NYJ,Todd Bowles,,Kacy Rodgers,3,0.4102564102564103,0.3076923076923077,0.4102564102564103,,,,,3.0,0.4791666666666667,0.28125,0.4102564102564103,Todd Bowles,John Morton,Kacy Rodgers,2.0,0.46153846153846156,0.3076923076923077,0.46153846153846156,0.0,,,,2.0,0.578125,0.25,0.46153846153846156,0.0,-0.051282051282051266,0.0,,0.0,-0.09895833333333331,0.4447115384615385,0.4102564102564103,0,2
2019,NYJ,Adam Gase,,Gregg Williams,3,0.4615384615384615,0.3076923076923077,0.4615384615384615,,,,,10.0,0.5,0.4375,0.4865384615384616,Todd Bowles,,Kacy Rodgers,3.0,0.4102564102564103,0.3076923076923077,0.4102564102564103,,,,,3.0,0.4791666666666667,0.28125,0.4102564102564103,1.0,0.05128205128205121,0.0,,1.0,0.020833333333333315,0.4807692307692307,0.4615384615384615,2,0
2020,NYJ,Adam Gase,,,4,0.4807692307692307,0.5384615384615384,0.4807692307692307,,,,,,,,,Adam Gase,,Gregg Williams,3.0,0.4615384615384615,0.3076923076923077,0.4615384615384615,,,,,10.0,0.5,0.4375,0.4865384615384616,0.0,0.019230769230769218,0.0,,0.0,,0.4807692307692307,0.4807692307692307,1,0
2021,NYJ,Robert Saleh,Mike LaFleur,Jeff Ulbrich,0,,,,0.0,,,,0.0,,,,Adam Gase,,,4.0,0.4807692307692307,0.5384615384615384,0.4807692307692307,,,,,,,,,1.0,,0.0,,0.0,,,,0,0
2022,NYJ,Robert Saleh,Mike LaFleur,Jeff Ulbrich,1,0.2857142857142857,0.2857142857142857,0.2857142857142857,1.0,0.3125,0.3125,0.2857142857142857,1.0,0.03125,0.03125,0.2857142857142857,Robert Saleh,Mike LaFleur,Jeff Ulbrich,0.0,,,,0.0,,,,0.0,,,,0.0,,0.0,,0.0,,0.20982142857142858,0.03125,0,0
2023,NYJ,Robert Saleh,Nathaniel Hackett,Jeff Ulbrich,2,0.3571428571428571,0.42857142857142855,0.3571428571428571,7.0,0.5848214285714286,0.96875,0.5847723704866563,2.0,0.421875,0.8125,0.3571428571428571,Robert Saleh,Mike LaFleur,Jeff Ulbrich,1.0,0.2857142857142857,0.2857142857142857,0.2857142857142857,1.0,0.3125,0.3125,0.2857142857142857,1.0,0.03125,0.03125,0.2857142857142857,0.0,0.0714285714285714,1.0,0.2723214285714286,0.0,0.390625,0.4546130952380952,0.3571428571428571,3,0
2024,NYJ,Robert Saleh,Nathaniel Hackett,,3,0.38095238095238093,0.42857142857142855,0.38095238095238093,8.0,0.515625,0.03125,0.5652472527472527,,,,,Robert Saleh,Nathaniel Hackett,Jeff Ulbrich,2.0,0.3571428571428571,0.42857142857142855,0.3571428571428571,7.0,0.5848214285714286,0.96875,0.5847723704866563,2.0,0.421875,0.8125,0.3571428571428571,0.0,0.023809523809523836,0.0,-0.0691964285714286,0.0,,0.44828869047619047,0.38095238095238093,1,1
2025,NYJ,Aaron Glenn,Tanner Engstrand,,0,,,,0.0,,,,,,,,Robert Saleh,Nathaniel Hackett,,3.0,0.38095238095238093,0.42857142857142855,0.38095238095238093,8.0,0.515625,0.03125,0.5652472527472527,,,,,1.0,,1.0,,0.0,,,,0,0
2026,NYJ,Aaron Glenn,,,1,0.21428571428571427,0.21428571428571427,0.21428571428571427,,,,,,,,,Aaron Glenn,Tanner Engstrand,,0.0,,,,0.0,,,,,,,,0.0,,0.0,,0.0,,0.21428571428571427,0.21428571428571427,0,0
2006,PHI,Andy Reid,Marty Mornhinweg,Jim Johnson,0,,,,0.0,,,,0.0,,,,,,,,,,,,,,,,,,,0.0,,0.0,,0.0,,,,0,0
2007,PHI,Andy Reid,Marty Mornhinweg,Jim Johnson,1,0.6153846153846154,0.6153846153846154,0.6153846153846154,1.0,0.875,0.875,0.6153846153846154,1.0,0.71875,0.71875,0.6153846153846154,Andy Reid,Marty Mornhinweg,Jim Johnson,0.0,,,,0.0,,,,0.0,,,,0.0,,0.0,,0.0,,0.7363782051282052,0.6153846153846154,0,0
2008,PHI,Andy Reid,Marty Mornhinweg,Jim Johnson,2,0.5769230769230769,0.5384615384615384,0.5769230769230769,2.0,0.84375,0.8125,0.5769230769230769,2.0,0.65625,0.59375,0.5769230769230769,Andy Reid,Marty Mornhinweg,Jim Johnson,1.0,0.6153846153846154,0.6153846153846154,0.6153846153846154,1.0,0.875,0.875,0.6153846153846154,1.0,0.71875,0.71875,0.6153846153846154,0.0,-0.03846153846153855,0.0,-0.03125,0.0,-0.0625,0.6923076923076922,0.5769230769230769,0,3
2009,PHI,Andy Reid,Marty Mornhinweg,Sean McDermott,3,0.5790598290598291,0.5833333333333334,0.5790598290598291,3.0,0.7291666666666666,0.5,0.5790598290598291,0.0,,,,Andy Reid,Marty Mornhinweg,Jim Johnson,2.0,0.5769230769230769,0.5384615384615384,0.5769230769230769,2.0,0.84375,0.8125,0.5769230769230769,2.0,0.65625,0.59375,0.5769230769230769,0.0,0.00213675213675224,0.0,-0.11458333333333337,1.0,,0.6541132478632479,0.5790598290598291,1,1
2010,PHI,Andy Reid,Marty Mornhinweg,Sean McDermott,4,0.6009615384615384,0.6666666666666666,0.6009615384615384,4.0,0.7421875,0.78125,0.6009615384615384,1.0,0.84375,0.84375,0.6666666666666666,Andy Reid,Marty Mornhinweg,Sean McDermott,3.0,0.5790598290598291,0.5833333333333334,0.5790598290598291,3.0,0.7291666666666666,0.5,0.5790598290598291,0.0,,,,0.0,0.021901709401709324,0.0,0.01302083333333337,0.0,,0.7289663461538461,0.6009615384615384,2,0
2011,PHI,Andy Reid,Marty Mornhinweg,Juan Castillo,5,0.6038461538461538,0.6153846153846154,0.6038461538461538,5.0,0.7875,0.96875,0.6038461538461538,0.0,,,,Andy Reid,Marty Mornhinweg,Sean McDermott,4.0,0.6009615384615384,0.6666666666666666,0.6009615384615384,4.0,0.7421875,0.78125,0.6009615384615384,1.0,0.84375,0.84375,0.6666666666666666,0.0,0.0028846153846153744,0.0,0.04531249999999998,1.0,,0.6956730769230769,0.6038461538461538,2,0
2012,PHI,Andy Reid,Marty Mornhinweg,Juan Castillo,6,0.592948717948718,0.5384615384615384,0.592948717948718,6.0,0.7864583333333334,0.78125,0.592948717948718,1.0,0.65625,0.65625,0.5384615384615384,Andy Reid,Marty Mornhinweg,Juan Castillo,5.0,0.6038461538461538,0.6153846153846154,0.6038461538461538,5.0,0.7875,0.96875,0.6038461538461538,0.0,,,,0.0,-0.010897435897435859,0.0,-0.0010416666666666075,0.0,,0.6785523504273504,0.592948717948718,0,2
2013,PHI,Chip Kelly,Pat Shurmur,Billy Davis,0,,,,2.0,0.125,0.15625,0.2692307692307693,1.0,0.8125,0.8125,0.6923076923076923,Andy Reid,Marty Mornhinweg,Juan Castillo,6.0,0.592948717948718,0.5384615384615384,0.592948717948718,6.0,0.7864583333333334,0.78125,0.592948717948718,1.0,0.65625,0.65625,0.5384615384615384,1.0,,1.0,-0.6614583333333334,1.0,0.15625,0.46875,0.125,1,1
2014,PHI,Chip Kelly,Pat Shurmur,Bill Davis,1,0.6923076923076923,0.6923076923076923,0.6923076923076923,3.0,0.3958333333333333,0.9375,0.4102564102564103,1.0,0.125,0.125,0.46153846153846156,Chip Kelly,Pat Shurmur,Billy Davis,0.0,,,,2.0,0.125,0.15625,0.2692307692307693,1.0,0.8125,0.8125,0.6923076923076923,0.0,,0.0,0.2708333333333333,1.0,-0.6875,0.40438034188034183,0.125,1,1
2015,PHI,Chip Kelly,Pat Shurmur,Billy Davis,2,0.6153846153846154,0.5384615384615384,0.6153846153846154,4.0,0.4140625,0.46875,0.4423076923076923,2.0,0.6875,0.5625,0.6923076923076923,Chip Kelly,Pat Shurmur,Bill Davis,1.0,0.6923076923076923,0.6923076923076923,0.6923076923076923,3.0,0.3958333333333333,0.9375,0.4102564102564103,1.0,0.125,0.125,0.46153846153846156,0.0,-0.07692307692307687,0.0,0.018229166666666685,1.0,0.5625,0.5723157051282052,0.4140625,2,1
2016,PHI,Doug Pederson,Frank Reich,Jim Schwartz,0,,,,2.0,0.640625,0.59375,0.3846153846153846,4.0,0.65625,0.90625,0.6468531468531469,Chip Kelly,Pat Shurmur,Billy Davis,2.0,0.6153846153846154,0.5384615384615384,0.6153846153846154,4.0,0.4140625,0.46875,0.4423076923076923,2.0,0.6875,0.5625,0.6923076923076923,1.0,,1.0,0.2265625,1.0,-0.03125,0.6484375,0.640625,1,1
2017,PHI,Doug Pederson,Frank Reich,Jim Schwartz,1,0.3076923076923077,0.3076923076923077,0.3076923076923077,3.0,0.5625,0.40625,0.358974358974359,5.0,0.66875,0.71875,0.579020979020979,Doug Pederson,Frank Reich,Jim Schwartz,0.0,,,,2.0,0.640625,0.59375,0.3846153846153846,4.0,0.65625,0.90625,0.6468531468531469,0.0,,0.0,-0.078125,0.0,0.012499999999999956,0.5129807692307692,0.3076923076923077,1,1
2018,PHI,Doug Pederson,Mike Groh,Jim Schwartz,2,0.5769230769230769,0.8461538461538461,0.5769230769230769,0.0,,,,6.0,0.703125,0.875,0.6235431235431236,Doug Pederson,Frank Reich,Jim Schwartz,1.0,0.3076923076923077,0.3076923076923077,0.3076923076923077,3.0,0.5625,0.40625,0.358974358974359,5.0,0.66875,0.71875,0.579020979020979,0.0,0.26923076923076916,1.0,,0.0,0.034375000000000044,0.6400240384615384,0.5769230769230769,2,0
2019,PHI,Doug Pederson,Mike Groh,Jim Schwartz,3,0.564102564102564,0.5384615384615384,0.564102564102564,1.0,0.53125,0.53125,0.5384615384615384,7.0,0.6383928571428571,0.25,0.6113886113886114,Doug Pederson,Mike Groh,Jim Schwartz,2.0,0.5769230769230769,0.8461538461538461,0.5769230769230769,0.0,,,,6.0,0.703125,0.875,0.6235431235431236,0.0,-0.012820512820512886,0.0,,0.0,-0.0647321428571429,0.5779151404151404,0.53125,0,2
2020,PHI,Doug Pederson,,Jim Schwartz,4,0.5769230769230769,0.6153846153846154,0.5769230769230769,,,,,8.0,0.64453125,0.6875,0.6118881118881119,Doug Pederson,Mike Groh,Jim Schwartz,3.0,0.564102564102564,0.5384615384615384,0.564102564102564,1.0,0.53125,0.53125,0.5384615384615384,7.0,0.6383928571428571,0.25,0.6113886113886114,0.0,0.012820512820512886,0.0,,0.0,0.006138392857142905,0.6107271634615384,0.5769230769230769,2,0
2021,PHI,Nick Sirianni,Shane Steichen,Jonathan Gannon,0,,,,2.0,0.578125,0.53125,0.38461538461538464,0.0,,,,Doug Pederson,,Jim Schwartz,4.0,0.5769230769230769,0.6153846153846154,0.5769230769230769,,,,,8.0,0.64453125,0.6875,0.6118881118881119,1.0,,0.0,,1.0,,0.578125,0.578125,0,0
2022,PHI,Nick Sirianni,Shane Steichen,Jonathan Gannon,1,0.5714285714285714,0.5714285714285714,0.5714285714285714,3.0,0.6145833333333334,0.6875,0.4468864468864469,1.0,0.6875,0.6875,0.5714285714285714,Nick Sirianni,Shane Steichen,Jonathan Gannon,0.0,,,,2.0,0.578125,0.53125,0.38461538461538464,0.0,,,,0.0,,0.0,0.03645833333333337,0.0,,0.6245039682539683,0.5714285714285714,1,0
2023,PHI,Nick Sirianni,Brian Johnson,Sean Desai,2,0.6785714285714286,0.7857142857142857,0.6785714285714286,0.0,,,,1.0,0.4375,0.4375,0.35714285714285715,Nick Sirianni,Shane Steichen,Jonathan Gannon,1.0,0.5714285714285714,0.5714285714285714,0.5714285714285714,3.0,0.6145833333333334,0.6875,0.4468864468864469,1.0,0.6875,0.6875,0.5714285714285714,0.0,0.1071428571428572,1.0,,1.0,-0.25,0.5580357142857143,0.4375,1,1
2024,PHI,Nick Sirianni,Kellen Moore,Vic Fangio,3,0.6428571428571429,0.5714285714285714,0.6428571428571429,4.0,0.65625,0.8125,0.5494505494505495,9.0,0.6076388888888888,0.375,0.5718355718355719,Nick Sirianni,Brian Johnson,Sean Desai,2.0,0.6785714285714286,0.7857142857142857,0.6785714285714286,0.0,,,,1.0,0.4375,0.4375,0.35714285714285715,0.0,-0.0357142857142857,1.0,,1.0,0.17013888888888884,0.6355820105820106,0.6076388888888888,1,1
2025,PHI,Nick Sirianni,Kevin Patullo,Vic Fangio,4,0.6964285714285714,0.8571428571428571,0.6964285714285714,0.0,,,,10.0,0.64375,0.96875,0.6003663003663003,Nick Sirianni,Kellen Moore,Vic Fangio,3.0,0.6428571428571429,0.5714285714285714,0.6428571428571429,4.0,0.65625,0.8125,0.5494505494505495,9.0,0.6076388888888888,0.375,0.5718355718355719,0.0,0.05357142857142849,1.0,,0.0,0.036111111111111205,0.6700892857142857,0.64375,2,0
2026,PHI,Nick Sirianni,,,5,0.6714285714285714,0.5714285714285714,0.6714285714285714,,,,,,,,,Nick Sirianni,Kevin Patullo,Vic Fangio,4.0,0.6964285714285714,0.8571428571428571,0.6964285714285714,0.0,,,,10.0,0.64375,0.96875,0.6003663003663003,0.0,-0.025000000000000022,0.0,,0.0,,0.6714285714285714,0.6714285714285714,0,1
2006,PIT,Bill Cowher,Ken Whisenhunt,Dick LeBeau,0,,,,0.0,,,,0.0,,,,,,,,,,,,,,,,,,,0.0,,0.0,,0.0,,,,0,0
2007,PIT,Mike Tomlin,Bruce Arians,Dick LeBeau,0,,,,0.0,,,,1.0,0.75,0.75,0.5384615384615384,Bill Cowher,Ken Whisenhunt,Dick LeBeau,0.0,,,,0.0,,,,0.0,,,,1.0,,1.0,,0.0,,0.75,0.75,0,0
2008,PIT,Mike Tomlin,Bruce Arians,Dick LeBeau,1,0.5384615384615384,0.5384615384615384,0.5384615384615384,1.0,0.84375,0.84375,0.5384615384615384,2.0,0.84375,0.9375,0.5384615384615384,Mike Tomlin,Bruce Arians,Dick LeBeau,0.0,,,,0.0,,,,1.0,0.75,0.75,0.5384615384615384,0.0,,0.0,,0.0,0.09375,0.7419871794871794,0.5384615384615384,1,0
2009,PIT,Mike Tomlin,Bruce Arians,Dick LeBeau,2,0.6328671328671329,0.7272727272727273,0.6328671328671329,2.0,0.59375,0.34375,0.6328671328671329,3.0,0.8854166666666666,0.96875,0.6013986013986014,Mike Tomlin,Bruce Arians,Dick LeBeau,1.0,0.5384615384615384,0.5384615384615384,0.5384615384615384,1.0,0.84375,0.84375,0.5384615384615384,2.0,0.84375,0.9375,0.5384615384615384,0.0,0.09440559440559448,0.0,-0.25,0.0,0.04166666666666663,0.7040112665112664,0.59375,2,1
2010,PIT,Mike Tomlin,Bruce Arians,Dick LeBeau,3,0.6270396270396271,0.6153846153846154,0.6270396270396271,3.0,0.625,0.6875,0.6270396270396271,4.0,0.7890625,0.5,0.6048951048951049,Mike Tomlin,Bruce Arians,Dick LeBeau,2.0,0.6328671328671329,0.7272727272727273,0.6328671328671329,2.0,0.59375,0.34375,0.6328671328671329,3.0,0.8854166666666666,0.96875,0.6013986013986014,0.0,-0.005827505827505797,0.0,0.03125,0.0,-0.09635416666666663,0.6803673756798757,0.625,1,2
2011,PIT,Mike Tomlin,Bruce Arians,Dick LeBeau,4,0.6433566433566433,0.6923076923076923,0.6433566433566433,4.0,0.625,0.625,0.6433566433566433,5.0,0.83125,1.0,0.6223776223776223,Mike Tomlin,Bruce Arians,Dick LeBeau,3.0,0.6270396270396271,0.6153846153846154,0.6270396270396271,3.0,0.625,0.6875,0.6270396270396271,4.0,0.7890625,0.5,0.6048951048951049,0.0,0.01631701631701621,0.0,0.0,0.0,0.042187500000000044,0.699868881118881,0.625,2,0
2012,PIT,Mike Tomlin,Todd Haley,Dick LeBeau,5,0.6685314685314685,0.7692307692307693,0.6685314685314685,2.0,0.609375,0.71875,0.5608974358974359,6.0,0.828125,0.8125,0.6468531468531468,Mike Tomlin,Bruce Arians,Dick LeBeau,4.0,0.6433566433566433,0.6923076923076923,0.6433566433566433,4.0,0.625,0.625,0.6433566433566433,5.0,0.83125,1.0,0.6223776223776223,0.0,0.025174825174825166,1.0,-0.015625,0.0,-0.0031250000000000444,0.7020104895104895,0.609375,1,2
2013,PIT,Mike Tomlin,Todd Haley,Dick LeBeau,6,0.6468531468531468,0.5384615384615384,0.6468531468531468,3.0,0.5729166666666666,0.5,0.5534188034188033,7.0,0.8214285714285714,0.78125,0.6313686313686313,Mike Tomlin,Todd Haley,Dick LeBeau,5.0,0.6685314685314685,0.7692307692307693,0.6685314685314685,2.0,0.609375,0.71875,0.5608974358974359,6.0,0.828125,0.8125,0.6468531468531468,0.0,-0.021678321678321733,0.0,-0.03645833333333337,0.0,-0.006696428571428603,0.6803994616494616,0.5729166666666666,0,3
2014,PIT,Mike Tomlin,Todd Haley,Dick LeBeau,7,0.6423576423576424,0.6153846153846154,0.6423576423576424,4.0,0.546875,0.46875,0.5689102564102564,8.0,0.765625,0.375,0.6293706293706294,Mike Tomlin,Todd Haley,Dick LeBeau,6.0,0.6468531468531468,0.5384615384615384,0.6468531468531468,3.0,0.5729166666666666,0.5,0.5534188034188033,7.0,0.8214285714285714,0.78125,0.6313686313686313,0.0,-0.004495504495504399,0.0,-0.02604166666666663,0.0,-0.0558035714285714,0.6516192141192141,0.546875,0,3
2015,PIT,Mike Tomlin,Todd Haley,Keith Butler,8,0.6486013986013985,0.6923076923076923,0.6486013986013985,5.0,0.625,0.9375,0.5935897435897436,0.0,,,,Mike Tomlin,Todd Haley,Dick LeBeau,7.0,0.6423576423576424,0.6153846153846154,0.6423576423576424,4.0,0.546875,0.46875,0.5689102564102564,8.0,0.765625,0.375,0.6293706293706294,0.0,0.006243756243756171,0.0,0.078125,1.0,,0.6368006993006993,0.625,2,0
2016,PIT,Mike Tomlin,Todd Haley,Keith Butler,9,0.6449106449106448,0.6153846153846154,0.6449106449106448,6.0,0.6510416666666666,0.78125,0.5972222222222222,1.0,0.625,0.625,0.6153846153846154,Mike Tomlin,Todd Haley,Keith Butler,8.0,0.6486013986013985,0.6923076923076923,0.6486013986013985,5.0,0.625,0.9375,0.5935897435897436,0.0,,,,0.0,-0.0036907536907537786,0.0,0.02604166666666663,0.0,,0.6403174371924371,0.625,1,1
2017,PIT,Mike Tomlin,Todd Haley,Keith Butler,10,0.6496503496503496,0.6923076923076923,0.6496503496503496,7.0,0.6785714285714286,0.84375,0.6108058608058607,2.0,0.5625,0.5,0.6538461538461539,Mike Tomlin,Todd Haley,Keith Butler,9.0,0.6449106449106448,0.6153846153846154,0.6449106449106448,6.0,0.6510416666666666,0.78125,0.5972222222222222,1.0,0.625,0.625,0.6153846153846154,0.0,0.004739704739704864,0.0,0.027529761904761973,0.0,-0.0625,0.6302405927405927,0.5625,2,1
2018,PIT,Mike Tomlin,Randy Fichtner,Keith Butler,11,0.6675143038779402,0.8461538461538461,0.6675143038779402,0.0,,,,3.0,0.59375,0.65625,0.717948717948718,Mike Tomlin,Todd Haley,Keith Butler,10.0,0.6496503496503496,0.6923076923076923,0.6496503496503496,7.0,0.6785714285714286,0.84375,0.6108058608058607,2.0,0.5625,0.5,0.6538461538461539,0.0,0.017863954227590573,1.0,,0.0,0.03125,0.6306321519389702,0.59375,2,0
2019,PIT,Mike Tomlin,Randy Fichtner,Keith Butler,12,0.6631701631701631,0.6153846153846154,0.6631701631701631,1.0,0.875,0.875,0.6153846153846154,4.0,0.515625,0.28125,0.6923076923076923,Mike Tomlin,Randy Fichtner,Keith Butler,11.0,0.6675143038779402,0.8461538461538461,0.6675143038779402,0.0,,,,3.0,0.59375,0.65625,0.717948717948718,0.0,-0.004344140707777111,0.0,,0.0,-0.078125,0.6845983877233878,0.515625,0,2
2020,PIT,Mike Tomlin,Randy Fichtner,Keith Butler,13,0.659494351802044,0.6153846153846154,0.659494351802044,2.0,0.46875,0.0625,0.6153846153846154,5.0,0.6,0.9375,0.676923076923077,Mike Tomlin,Randy Fichtner,Keith Butler,12.0,0.6631701631701631,0.6153846153846154,0.6631701631701631,1.0,0.875,0.875,0.6153846153846154,4.0,0.515625,0.28125,0.6923076923076923,0.0,-0.0036758113681191196,0.0,-0.40625,0.0,0.08437499999999998,0.5760814506006814,0.46875,1,2
2021,PIT,Mike Tomlin,Matt Canada,Keith Butler,14,0.6618381618381617,0.6923076923076923,0.6618381618381617,0.0,,,,6.0,0.6614583333333334,0.96875,0.6794871794871794,Mike Tomlin,Randy Fichtner,Keith Butler,13.0,0.659494351802044,0.6153846153846154,0.659494351802044,2.0,0.46875,0.0625,0.6153846153846154,5.0,0.6,0.9375,0.676923076923077,0.0,0.0023438100361177217,1.0,,0.0,0.06145833333333339,0.6616482475857475,0.6614583333333334,2,0
2022,PIT,Mike Tomlin,Matt Canada,Teryl Austin,15,0.6558108558108556,0.5714285714285714,0.6558108558108556,1.0,0.28125,0.28125,0.5714285714285714,4.0,0.5390625,0.625,0.5961538461538461,Mike Tomlin,Matt Canada,Keith Butler,14.0,0.6618381618381617,0.6923076923076923,0.6618381618381617,0.0,,,,6.0,0.6614583333333334,0.96875,0.6794871794871794,0.0,-0.006027306027306056,0.0,,1.0,-0.12239583333333337,0.4920411186036186,0.28125,0,2
2023,PIT,Mike Tomlin,Matt Canada,Teryl Austin,16,0.6505369630369631,0.5714285714285714,0.6505369630369631,2.0,0.375,0.46875,0.5714285714285714,5.0,0.48125,0.25,0.5912087912087912,Mike Tomlin,Matt Canada,Teryl Austin,15.0,0.6558108558108556,0.5714285714285714,0.6558108558108556,1.0,0.28125,0.28125,0.5714285714285714,4.0,0.5390625,0.625,0.5961538461538461,0.0,-0.005273892773892563,0.0,0.09375,0.0,-0.05781249999999999,0.502262321012321,0.375,1,2
2024,PIT,Mike Tomlin,Arthur Smith,Teryl Austin,17,0.6458835282364694,0.5714285714285714,0.6458835282364694,2.0,0.828125,0.9375,0.6153846153846154,6.0,0.4947916666666667,0.5625,0.5879120879120879,Mike Tomlin,Matt Canada,Teryl Austin,16.0,0.6505369630369631,0.5714285714285714,0.6505369630369631,2.0,0.375,0.46875,0.5714285714285714,5.0,0.48125,0.25,0.5912087912087912,0.0,-0.004653434800493628,1.0,0.453125,0.0,0.013541666666666674,0.6562667316343788,0.4947916666666667,2,1
2025,PIT,Mike Tomlin,Arthur Smith,Teryl Austin,18,0.6377788877788878,0.5,0.6377788877788878,3.0,0.6875,0.40625,0.576923076923077,7.0,0.5357142857142857,0.78125,0.575353218210361,Mike Tomlin,Arthur Smith,Teryl Austin,17.0,0.6458835282364694,0.5714285714285714,0.6458835282364694,2.0,0.828125,0.9375,0.6153846153846154,6.0,0.4947916666666667,0.5625,0.5879120879120879,0.0,-0.008104640457581636,0.0,-0.140625,0.0,0.04092261904761901,0.6203310578310578,0.5357142857142857,1,2
2026,PIT,Mike McCarthy,Brian Angelichio,Patrick Graham,18,0.6045380545380544,0.42857142857142855,0.6045380545380544,0.0,,,,7.0,0.3794642857142857,0.34375,0.3453689167974882,Mike Tomlin,Arthur Smith,Teryl Austin,18.0,0.6377788877788878,0.5,0.6377788877788878,3.0,0.6875,0.40625,0.576923076923077,7.0,0.5357142857142857,0.78125,0.575353218210361,1.0,-0.03324083324083338,1.0,,1.0,-0.15625,0.49200117012617006,0.3794642857142857,0,2
2006,SEA,Mike Holmgren,Gil Haskell,John Marshall,0,,,,0.0,,,,0.0,,,,,,,,,,,,,,,,,,,0.0,,0.0,,0.0,,,,0,0
2007,SEA,Mike Holmgren,Gil Haskell,John Marshall,1,0.46153846153846156,0.46153846153846156,0.46153846153846156,1.0,0.28125,0.28125,0.46153846153846156,1.0,0.375,0.375,0.46153846153846156,Mike Holmgren,Gil Haskell,John Marshall,0.0,,,,0.0,,,,0.0,,,,0.0,,0.0,,0.0,,0.3725961538461539,0.28125,0,0
2008,SEA,Mike Holmgren,Gil Haskell,John Marshall,2,0.5384615384615385,0.6153846153846154,0.5384615384615385,2.0,0.40625,0.53125,0.5384615384615385,2.0,0.6875,1.0,0.5384615384615385,Mike Holmgren,Gil Haskell,John Marshall,1.0,0.46153846153846156,0.46153846153846156,0.46153846153846156,1.0,0.28125,0.28125,0.46153846153846156,1.0,0.375,0.375,0.46153846153846156,0.0,0.07692307692307698,0.0,0.125,0.0,0.3125,0.5440705128205129,0.40625,3,0
2009,SEA,Jim Mora,Greg Knapp,Gus Bradley,1,0.38461538461538464,0.38461538461538464,0.38461538461538464,3.0,0.3125,0.09375,0.3162393162393162,0.0,,,,Mike Holmgren,Gil Haskell,John Marshall,2.0,0.5384615384615385,0.6153846153846154,0.5384615384615385,2.0,0.40625,0.53125,0.5384615384615385,2.0,0.6875,1.0,0.5384615384615385,1.0,-0.1538461538461539,1.0,-0.09375,1.0,,0.3485576923076923,0.3125,0,2
2010,SEA,Pete Carroll,Jeremy Bates,Gus Bradley,0,,,,0.0,,,,1.0,0.375,0.375,0.3076923076923077,Jim Mora,Greg Knapp,Gus Bradley,1.0,0.38461538461538464,0.38461538461538464,0.38461538461538464,3.0,0.3125,0.09375,0.3162393162393162,0.0,,,,1.0,,1.0,,0.0,,0.375,0.375,0,0
2011,SEA,Pete Carroll,Darrell Bevell,Gus Bradley,1,0.38461538461538464,0.38461538461538464,0.38461538461538464,5.0,0.36875,0.09375,0.5346153846153846,2.0,0.296875,0.21875,0.34615384615384615,Pete Carroll,Jeremy Bates,Gus Bradley,0.0,,,,0.0,,,,1.0,0.375,0.375,0.3076923076923077,0.0,,1.0,,0.0,-0.078125,0.35008012820512824,0.296875,0,1
2012,SEA,Pete Carroll,Darrell Bevell,Gus Bradley,2,0.42307692307692313,0.46153846153846156,0.42307692307692313,6.0,0.34375,0.21875,0.5224358974358975,3.0,0.4791666666666667,0.84375,0.3846153846153846,Pete Carroll,Darrell Bevell,Gus Bradley,1.0,0.38461538461538464,0.38461538461538464,0.38461538461538464,5.0,0.36875,0.09375,0.5346153846153846,2.0,0.296875,0.21875,0.34615384615384615,0.0,0.03846153846153849,0.0,-0.025000000000000022,0.0,0.18229166666666669,0.4153311965811966,0.34375,2,1
2013,SEA,Pete Carroll,Darrell Bevell,Dan Quinn,3,0.5128205128205129,0.6923076923076923,0.5128205128205129,7.0,0.42410714285714285,0.90625,0.5467032967032966,0.0,,,,Pete Carroll,Darrell Bevell,Gus Bradley,2.0,0.42307692307692313,0.46153846153846156,0.42307692307692313,6.0,0.34375,0.21875,0.5224358974358975,3.0,0.4791666666666667,0.84375,0.3846153846153846,0.0,0.08974358974358976,0.0,0.08035714285714285,1.0,,0.4684638278388279,0.42410714285714285,2,0
2014,SEA,Pete Carroll,Darrell Bevell,Dan Quinn,4,0.576923076923077,0.7692307692307693,0.576923076923077,8.0,0.46484375,0.75,0.5745192307692308,1.0,1.0,1.0,0.7692307692307693,Pete Carroll,Darrell Bevell,Dan Quinn,3.0,0.5128205128205129,0.6923076923076923,0.5128205128205129,7.0,0.42410714285714285,0.90625,0.5467032967032966,0.0,,,,0.0,0.0641025641025641,0.0,0.04073660714285715,0.0,,0.6805889423076924,0.46484375,2,0
2015,SEA,Pete Carroll,Darrell Bevell,Kris Richard,5,0.6153846153846154,0.7692307692307693,0.6153846153846154,9.0,0.5034722222222222,0.8125,0.5961538461538463,0.0,,,,Pete Carroll,Darrell Bevell,Dan Quinn,4.0,0.576923076923077,0.7692307692307693,0.576923076923077,8.0,0.46484375,0.75,0.5745192307692308,1.0,1.0,1.0,0.7692307692307693,0.0,0.038461538461538436,0.0,0.03862847222222221,1.0,,0.5594284188034189,0.5034722222222222,2,0
2016,SEA,Pete Carroll,Darrell Bevell,Kris Richard,6,0.6282051282051282,0.6923076923076923,0.6282051282051282,10.0,0.546875,0.9375,0.6057692307692308,1.0,0.84375,0.84375,0.6923076923076923,Pete Carroll,Darrell Bevell,Kris Richard,5.0,0.6153846153846154,0.7692307692307693,0.6153846153846154,9.0,0.5034722222222222,0.8125,0.5961538461538463,0.0,,,,0.0,0.012820512820512775,0.0,0.04340277777777779,0.0,,0.6729433760683761,0.546875,2,0
2017,SEA,Pete Carroll,Darrell Bevell,Kris Richard,7,0.6263736263736265,0.6153846153846154,0.6263736263736265,11.0,0.5511363636363636,0.59375,0.6066433566433567,2.0,0.828125,0.8125,0.6538461538461539,Pete Carroll,Darrell Bevell,Kris Richard,6.0,0.6282051282051282,0.6923076923076923,0.6282051282051282,10.0,0.546875,0.9375,0.6057692307692308,1.0,0.84375,0.84375,0.6923076923076923,0.0,-0.001831501831501714,0.0,0.0042613636363636465,0.0,-0.015625,0.6685449966699967,0.5511363636363636,1,2
2018,SEA,Pete Carroll,Brian Schottenheimer,Ken Norton Jr,8,0.625,0.6153846153846154,0.625,9.0,0.375,0.125,0.4836182336182337,2.0,0.421875,0.34375,0.576923076923077,Pete Carroll,Darrell Bevell,Kris Richard,7.0,0.6263736263736265,0.6153846153846154,0.6263736263736265,11.0,0.5511363636363636,0.59375,0.6066433566433567,2.0,0.828125,0.8125,0.6538461538461539,0.0,-0.0013736263736264798,1.0,-0.17613636363636365,1.0,-0.40625,0.4739583333333333,0.375,0,3
2019,SEA,Pete Carroll,Brian Schottenheimer,Ken Norton Jr,9,0.6324786324786325,0.6923076923076923,0.6324786324786325,10.0,0.421875,0.84375,0.5044871794871796,3.0,0.4791666666666667,0.59375,0.6153846153846154,Pete Carroll,Brian Schottenheimer,Ken Norton Jr,8.0,0.625,0.6153846153846154,0.625,9.0,0.375,0.125,0.4836182336182337,2.0,0.421875,0.34375,0.576923076923077,0.0,0.007478632478632452,0.0,0.046875,0.0,0.057291666666666685,0.5111734330484331,0.421875,3,0
2020,SEA,Pete Carroll,Brian Schottenheimer,Ken Norton Jr,10,0.6384615384615385,0.6923076923076923,0.6384615384615385,11.0,0.4460227272727273,0.6875,0.5215617715617716,4.0,0.46875,0.4375,0.6346153846153846,Pete Carroll,Brian Schottenheimer,Ken Norton Jr,9.0,0.6324786324786325,0.6923076923076923,0.6324786324786325,10.0,0.421875,0.84375,0.5044871794871796,3.0,0.4791666666666667,0.59375,0.6153846153846154,0.0,0.005982905982906073,0.0,0.024147727272727293,0.0,-0.010416666666666685,0.5177447552447553,0.4460227272727273,2,1
2021,SEA,Pete Carroll,Shane Waldron,Ken Norton Jr,11,0.6433566433566434,0.6923076923076923,0.6433566433566434,0.0,,,,5.0,0.48125,0.53125,0.6461538461538462,Pete Carroll,Brian Schottenheimer,Ken Norton Jr,10.0,0.6384615384615385,0.6923076923076923,0.6384615384615385,11.0,0.4460227272727273,0.6875,0.5215617715617716,4.0,0.46875,0.4375,0.6346153846153846,0.0,0.004895104895104918,1.0,,0.0,0.012500000000000011,0.5623033216783218,0.48125,2,0
2022,SEA,Pete Carroll,Shane Waldron,Clint Hurtt,12,0.6254578754578756,0.42857142857142855,0.6254578754578756,1.0,0.5625,0.5625,0.42857142857142855,0.0,,,,Pete Carroll,Shane Waldron,Ken Norton Jr,11.0,0.6433566433566434,0.6923076923076923,0.6433566433566434,0.0,,,,5.0,0.48125,0.53125,0.6461538461538462,0.0,-0.017898767898767876,0.0,,1.0,,0.5939789377289377,0.5625,0,1
2023,SEA,Pete Carroll,Shane Waldron,Clint Hurtt,13,0.6213017751479291,0.5714285714285714,0.6213017751479291,2.0,0.5625,0.5625,0.5,1.0,0.28125,0.28125,0.5714285714285714,Pete Carroll,Shane Waldron,Clint Hurtt,12.0,0.6254578754578756,0.42857142857142855,0.6254578754578756,1.0,0.5625,0.5625,0.42857142857142855,0.0,,,,0.0,-0.004156100309946509,0.0,0.0,0.0,,0.48835059171597633,0.28125,0,1
2024,SEA,Mike Macdonald,Ryan Grubb,Aden Durde,0,,,,0.0,,,,0.0,,,,Pete Carroll,Shane Waldron,Clint Hurtt,13.0,0.6213017751479291,0.5714285714285714,0.6213017751479291,2.0,0.5625,0.5625,0.5,1.0,0.28125,0.28125,0.5714285714285714,1.0,,1.0,,1.0,,,,0,0
2025,SEA,Mike Macdonald,Klint Kubiak,Aden Durde,1,0.5,0.5,0.5,2.0,0.40625,0.34375,0.35714285714285715,1.0,0.625,0.625,0.5,Mike Macdonald,Ryan Grubb,Aden Durde,0.0,,,,0.0,,,,0.0,,,,0.0,,1.0,,0.0,,0.5104166666666666,0.40625,0,0
2026,SEA,Mike Macdonald,Brian Fleury,Aden Durde,2,0.6785714285714286,0.8571428571428571,0.6785714285714286,0.0,,,,2.0,0.796875,0.96875,0.6785714285714286,Mike Macdonald,Klint Kubiak,Aden Durde,1.0,0.5,0.5,0.5,2.0,0.40625,0.34375,0.35714285714285715,1.0,0.625,0.625,0.5,0.0,0.1785714285714286,1.0,,0.0,0.171875,0.7377232142857143,0.6785714285714286,2,0
2006,SF,Mike Nolan,Norv Turner,Bill Davis,0,,,,0.0,,,,0.0,,,,,,,,,,,,,,,,,,,0.0,,0.0,,0.0,,,,0,0
2007,SF,Mike Nolan,Jim Hostler,Greg Manusky,1,0.46153846153846156,0.46153846153846156,0.46153846153846156,0.0,,,,0.0,,,,Mike Nolan,Norv Turner,Bill Davis,0.0,,,,0.0,,,,0.0,,,,0.0,,1.0,,1.0,,0.46153846153846156,0.46153846153846156,0,0
2008,SF,Mike Singletary,Mike Martz,Greg Manusky,0,,,,2.0,0.296875,0.40625,0.3076923076923077,1.0,0.40625,0.40625,0.23076923076923078,Mike Nolan,Jim Hostler,Greg Manusky,1.0,0.46153846153846156,0.46153846153846156,0.46153846153846156,0.0,,,,0.0,,,,1.0,,1.0,,0.0,,0.3515625,0.296875,0,0
2009,SF,Mike Singletary,Jimmy Raye,Greg Manusky,1,0.4166666666666667,0.4166666666666667,0.4166666666666667,0.0,,,,2.0,0.359375,0.3125,0.32371794871794873,Mike Singletary,Mike Martz,Greg Manusky,0.0,,,,2.0,0.296875,0.40625,0.3076923076923077,1.0,0.40625,0.40625,0.23076923076923078,0.0,,1.0,,0.0,-0.046875,0.38802083333333337,0.359375,0,1
2010,SF,Mike Singletary,Jimmy Raye,Greg Manusky,2,0.4391025641025641,0.46153846153846156,0.4391025641025641,1.0,0.34375,0.34375,0.46153846153846156,3.0,0.53125,0.875,0.3696581196581197,Mike Singletary,Jimmy Raye,Greg Manusky,1.0,0.4166666666666667,0.4166666666666667,0.4166666666666667,0.0,,,,2.0,0.359375,0.3125,0.32371794871794873,0.0,0.02243589743589741,0.0,,0.0,0.171875,0.43803418803418803,0.34375,2,0
2011,SF,Jim Harbaugh,Greg Roman,Vic Fangio,0,,,,0.0,,,,0.0,,,,Mike Singletary,Jimmy Raye,Greg Manusky,2.0,0.4391025641025641,0.46153846153846156,0.4391025641025641,1.0,0.34375,0.34375,0.46153846153846156,3.0,0.53125,0.875,0.3696581196581197,1.0,,1.0,,1.0,,,,0,0
2012,SF,Jim Harbaugh,Greg Roman,Vic Fangio,1,0.8461538461538461,0.8461538461538461,0.8461538461538461,1.0,0.4375,0.4375,0.8461538461538461,1.0,0.9375,0.9375,0.8461538461538461,Jim Harbaugh,Greg Roman,Vic Fangio,0.0,,,,0.0,,,,0.0,,,,0.0,,0.0,,0.0,,0.7403846153846154,0.4375,0,0
2013,SF,Jim Harbaugh,Greg Roman,Vic Fangio,2,0.7692307692307692,0.6923076923076923,0.7692307692307692,2.0,0.6875,0.9375,0.7692307692307692,2.0,0.890625,0.84375,0.7692307692307692,Jim Harbaugh,Greg Roman,Vic Fangio,1.0,0.8461538461538461,0.8461538461538461,0.8461538461538461,1.0,0.4375,0.4375,0.8461538461538461,1.0,0.9375,0.9375,0.8461538461538461,0.0,-0.07692307692307698,0.0,0.25,0.0,-0.046875,0.782451923076923,0.6875,1,2
2014,SF,Jim Harbaugh,Greg Roman,Vic Fangio,3,0.7948717948717948,0.8461538461538461,0.7948717948717948,3.0,0.6354166666666666,0.53125,0.7948717948717948,3.0,0.875,0.84375,0.7948717948717948,Jim Harbaugh,Greg Roman,Vic Fangio,2.0,0.7692307692307692,0.6923076923076923,0.7692307692307692,2.0,0.6875,0.9375,0.7692307692307692,2.0,0.890625,0.84375,0.7692307692307692,0.0,0.02564102564102566,0.0,-0.05208333333333337,0.0,-0.015625,0.7684294871794872,0.6354166666666666,1,2
2015,SF,Jim Tomsula,Geep Chryst,Eric Mangini,0,,,,0.0,,,,0.0,,,,Jim Harbaugh,Greg Roman,Vic Fangio,3.0,0.7948717948717948,0.8461538461538461,0.7948717948717948,3.0,0.6354166666666666,0.53125,0.7948717948717948,3.0,0.875,0.84375,0.7948717948717948,1.0,,1.0,,1.0,,,,0,0
2016,SF,Chip Kelly,Curtis Modkins,Jim O'Neil,3,0.5641025641025642,0.46153846153846156,0.5641025641025642,0.0,,,,0.0,,,,Jim Tomsula,Geep Chryst,Eric Mangini,0.0,,,,0.0,,,,0.0,,,,1.0,,1.0,,1.0,,0.5641025641025642,0.5641025641025642,0,0
2017,SF,Kyle Shanahan,Kyle Shanahan (de facto),Robert Saleh,0,,,,0.0,,,,0.0,,,,Chip Kelly,Curtis Modkins,Jim O'Neil,3.0,0.5641025641025642,0.46153846153846156,0.5641025641025642,0.0,,,,0.0,,,,1.0,,1.0,,1.0,,,,0,0
2018,SF,Kyle Shanahan,Kyle Shanahan (de facto),Robert Saleh,1,0.46153846153846156,0.46153846153846156,0.46153846153846156,1.0,0.46875,0.46875,0.46153846153846156,1.0,0.25,0.25,0.46153846153846156,Kyle Shanahan,Kyle Shanahan (de facto),Robert Saleh,0.0,,,,0.0,,,,0.0,,,,0.0,,0.0,,0.0,,0.3934294871794872,0.25,0,0
2019,SF,Kyle Shanahan,Kyle Shanahan (de facto),Robert Saleh,2,0.34615384615384615,0.23076923076923078,0.34615384615384615,2.0,0.375,0.28125,0.34615384615384615,2.0,0.3125,0.375,0.34615384615384615,Kyle Shanahan,Kyle Shanahan (de facto),Robert Saleh,1.0,0.46153846153846156,0.46153846153846156,0.46153846153846156,1.0,0.46875,0.46875,0.46153846153846156,1.0,0.25,0.25,0.46153846153846156,0.0,-0.11538461538461542,0.0,-0.09375,0.0,0.0625,0.3445512820512821,0.3125,1,2
2020,SF,Kyle Shanahan,Kyle Shanahan (de facto),Robert Saleh,3,0.4871794871794872,0.7692307692307693,0.4871794871794872,3.0,0.5,0.75,0.4871794871794872,3.0,0.53125,0.96875,0.4871794871794872,Kyle Shanahan,Kyle Shanahan (de facto),Robert Saleh,2.0,0.34615384615384615,0.23076923076923078,0.34615384615384615,2.0,0.375,0.28125,0.34615384615384615,2.0,0.3125,0.375,0.34615384615384615,0.0,0.14102564102564108,0.0,0.125,0.0,0.21875,0.5061431623931624,0.4871794871794872,3,0
2021,SF,Kyle Shanahan,Mike McDaniel,DeMeco Ryans,4,0.44230769230769235,0.3076923076923077,0.44230769230769235,0.0,,,,0.0,,,,Kyle Shanahan,Kyle Shanahan (de facto),Robert Saleh,3.0,0.4871794871794872,0.7692307692307693,0.4871794871794872,3.0,0.5,0.75,0.4871794871794872,3.0,0.53125,0.96875,0.4871794871794872,0.0,-0.04487179487179488,1.0,,1.0,,0.44230769230769235,0.44230769230769235,0,1
2022,SF,Kyle Shanahan,Kyle Shanahan (de facto),DeMeco Ryans,5,0.46813186813186813,0.5714285714285714,0.46813186813186813,4.0,0.4921875,0.46875,0.44230769230769235,1.0,0.65625,0.65625,0.5714285714285714,Kyle Shanahan,Mike McDaniel,DeMeco Ryans,4.0,0.44230769230769235,0.3076923076923077,0.44230769230769235,0.0,,,,0.0,,,,0.0,0.025824175824175788,1.0,,0.0,,0.538856456043956,0.46813186813186813,1,0
2023,SF,Kyle Shanahan,Kyle Shanahan (de facto),Steve Wilks,6,0.532967032967033,0.8571428571428571,0.532967032967033,5.0,0.575,0.90625,0.5252747252747253,2.0,0.5625,0.40625,0.5384615384615384,Kyle Shanahan,Kyle Shanahan (de facto),DeMeco Ryans,5.0,0.46813186813186813,0.5714285714285714,0.46813186813186813,4.0,0.4921875,0.46875,0.44230769230769235,1.0,0.65625,0.65625,0.5714285714285714,0.0,0.06483516483516483,0.0,0.08281249999999996,1.0,-0.09375,0.5568223443223443,0.532967032967033,2,1
2024,SF,Kyle Shanahan,Kyle Shanahan (de facto),Nick Sorensen,7,0.5486656200941915,0.6428571428571429,0.5486656200941915,6.0,0.6458333333333334,1.0,0.5448717948717948,0.0,,,,Kyle Shanahan,Kyle Shanahan (de facto),Steve Wilks,6.0,0.532967032967033,0.8571428571428571,0.532967032967033,5.0,0.575,0.90625,0.5252747252747253,2.0,0.5625,0.40625,0.5384615384615384,0.0,0.015698587127158548,0.0,0.07083333333333341,1.0,,0.5972494767137624,0.5486656200941915,2,0
2025,SF,Kyle Shanahan,Klay Kubiak,Robert Saleh,8,0.5247252747252747,0.35714285714285715,0.5247252747252747,0.0,,,,4.0,0.609375,0.84375,0.44230769230769235,Kyle Shanahan,Kyle Shanahan (de facto),Nick Sorensen,7.0,0.5486656200941915,0.6428571428571429,0.5486656200941915,6.0,0.6458333333333334,1.0,0.5448717948717948,0.0,,,,0.0,-0.02394034536891676,1.0,,1.0,,0.5670501373626373,0.5247252747252747,0,1
2026,SF,Kyle Shanahan,Klay Kubiak,Raheem Morris,9,0.5378510378510379,0.6428571428571429,0.5378510378510379,1.0,0.84375,0.84375,0.6428571428571429,4.0,0.515625,0.40625,0.451923076923077,Kyle Shanahan,Klay Kubiak,Robert Saleh,8.0,0.5247252747252747,0.35714285714285715,0.5247252747252747,0.0,,,,4.0,0.609375,0.84375,0.44230769230769235,0.0,0.01312576312576319,0.0,,1.0,-0.09375,0.6324086792836793,0.515625,1,1
2006,TB,Jon Gruden,,Monte Kiffin,0,,,,,,,,0.0,,,,,,,,,,,,,,,,,,,0.0,,0.0,,0.0,,,,0,0
2007,TB,Jon Gruden,Bill Muir,Monte Kiffin,1,0.3076923076923077,0.3076923076923077,0.3076923076923077,0.0,,,,1.0,0.34375,0.34375,0.3076923076923077,Jon Gruden,,Monte Kiffin,0.0,,,,,,,,0.0,,,,0.0,,0.0,,0.0,,0.32572115384615385,0.3076923076923077,0,0
2008,TB,Jon Gruden,,Monte Kiffin,2,0.4230769230769231,0.5384615384615384,0.4230769230769231,,,,,2.0,0.65625,0.96875,0.4230769230769231,Jon Gruden,Bill Muir,Monte Kiffin,1.0,0.3076923076923077,0.3076923076923077,0.3076923076923077,0.0,,,,1.0,0.34375,0.34375,0.3076923076923077,0.0,0.11538461538461536,0.0,,0.0,0.3125,0.5396634615384616,0.4230769230769231,2,0
2009,TB,Raheem Morris,,Jim Bates,0,,,,,,,,0.0,,,,Jon Gruden,,Monte Kiffin,2.0,0.4230769230769231,0.5384615384615384,0.4230769230769231,,,,,2.0,0.65625,0.96875,0.4230769230769231,1.0,,0.0,,1.0,,,,0,0
2010,TB,Raheem Morris,Greg Olson,,1,0.23076923076923078,0.23076923076923078,0.23076923076923078,2.0,0.453125,0.15625,0.34615384615384615,,,,,Raheem Morris,,Jim Bates,0.0,,,,,,,,0.0,,,,0.0,,0.0,,0.0,,0.3419471153846154,0.23076923076923078,0,0
2011,TB,Raheem Morris,Greg Olson,,2,0.42307692307692313,0.6153846153846154,0.42307692307692313,3.0,0.5520833333333334,0.75,0.4358974358974359,,,,,Raheem Morris,Greg Olson,,1.0,0.23076923076923078,0.23076923076923078,0.23076923076923078,2.0,0.453125,0.15625,0.34615384615384615,,,,,0.0,0.19230769230769235,0.0,0.09895833333333337,0.0,,0.48758012820512825,0.42307692307692313,2,0
2012,TB,Greg Schiano,Mike Sullivan,Bill Sheridan,0,,,,0.0,,,,1.0,0.40625,0.40625,0.38461538461538464,Raheem Morris,Greg Olson,,2.0,0.42307692307692313,0.6153846153846154,0.42307692307692313,3.0,0.5520833333333334,0.75,0.4358974358974359,,,,,1.0,,1.0,,0.0,,0.40625,0.40625,0,0
2013,TB,Greg Schiano,Mike Sullivan,,1,0.46153846153846156,0.46153846153846156,0.46153846153846156,1.0,0.65625,0.65625,0.46153846153846156,,,,,Greg Schiano,Mike Sullivan,Bill Sheridan,0.0,,,,0.0,,,,1.0,0.40625,0.40625,0.38461538461538464,0.0,,0.0,,0.0,,0.5588942307692308,0.46153846153846156,0,0
2014,TB,Lovie Smith,Jeff Tedford,Leslie Frazier,7,0.5705960705960706,0.6153846153846154,0.5705960705960706,0.0,,,,4.0,0.8046875,0.75,0.5913461538461539,Greg Schiano,Mike Sullivan,,1.0,0.46153846153846156,0.46153846153846156,0.46153846153846156,1.0,0.65625,0.65625,0.46153846153846156,,,,,1.0,0.10905760905760908,1.0,,0.0,,0.6876417852980353,0.5705960705960706,1,0
2015,TB,Lovie Smith,Dirk Koetter,Leslie Frazier,8,0.5185023310023309,0.15384615384615385,0.5185023310023309,8.0,0.6171875,0.75,0.4447115384615385,5.0,0.71875,0.375,0.5038461538461538,Lovie Smith,Jeff Tedford,Leslie Frazier,7.0,0.5705960705960706,0.6153846153846154,0.5705960705960706,0.0,,,,4.0,0.8046875,0.75,0.5913461538461539,0.0,-0.05209373959373975,1.0,,0.0,-0.0859375,0.6181466103341103,0.5185023310023309,0,2
2016,TB,Dirk Koetter,,Mike Smith,0,,,,,,,,2.0,0.703125,0.5,0.5769230769230769,Lovie Smith,Dirk Koetter,Leslie Frazier,8.0,0.5185023310023309,0.15384615384615385,0.5185023310023309,8.0,0.6171875,0.75,0.4447115384615385,5.0,0.71875,0.375,0.5038461538461538,1.0,,0.0,,1.0,-0.015625,0.703125,0.703125,0,1
2017,TB,Dirk Koetter,,Mike Smith,1,0.6153846153846154,0.6153846153846154,0.6153846153846154,,,,,3.0,0.625,0.46875,0.5897435897435898,Dirk Koetter,,Mike Smith,0.0,,,,,,,,2.0,0.703125,0.5,0.5769230769230769,0.0,,0.0,,0.0,-0.078125,0.6201923076923077,0.6153846153846154,0,1
2018,TB,Dirk Koetter,Todd Monken,,2,0.42307692307692313,0.23076923076923078,0.42307692307692313,0.0,,,,,,,,Dirk Koetter,,Mike Smith,1.0,0.6153846153846154,0.6153846153846154,0.6153846153846154,,,,,3.0,0.625,0.46875,0.5897435897435898,0.0,-0.1923076923076923,0.0,,0.0,,0.42307692307692313,0.42307692307692313,0,1
2019,TB,Bruce Arians,Byron Leftwich,Todd Bowles,5,0.6153846153846154,0.5384615384615384,0.6153846153846154,0.0,,,,2.0,0.921875,0.875,0.6538461538461539,Dirk Koetter,Todd Monken,,2.0,0.42307692307692313,0.23076923076923078,0.42307692307692313,0.0,,,,,,,,1.0,0.1923076923076923,1.0,,0.0,,0.7686298076923077,0.6153846153846154,1,0
2020,TB,Bruce Arians,Byron Leftwich,Todd Bowles,6,0.5897435897435898,0.46153846153846156,0.5897435897435898,1.0,0.53125,0.53125,0.46153846153846156,3.0,0.8958333333333334,0.84375,0.5897435897435898,Bruce Arians,Byron Leftwich,Todd Bowles,5.0,0.6153846153846154,0.5384615384615384,0.6153846153846154,0.0,,,,2.0,0.921875,0.875,0.6538461538461539,0.0,-0.02564102564102566,0.0,,0.0,-0.02604166666666663,0.6722756410256411,0.53125,0,2
2021,TB,Bruce Arians,Byron Leftwich,Todd Bowles,7,0.6043956043956044,0.6923076923076923,0.6043956043956044,2.0,0.59375,0.65625,0.5769230769230769,4.0,0.890625,0.875,0.6153846153846154,Bruce Arians,Byron Leftwich,Todd Bowles,6.0,0.5897435897435898,0.46153846153846156,0.5897435897435898,1.0,0.53125,0.53125,0.46153846153846156,3.0,0.8958333333333334,0.84375,0.5897435897435898,0.0,0.0146520146520146,0.0,0.0625,0.0,-0.00520833333333337,0.6962568681318682,0.59375,2,1
2022,TB,Todd Bowles,Byron Leftwich,,4,0.3653846153846154,0.23076923076923078,0.3653846153846154,3.0,0.7083333333333334,0.9375,0.6465201465201464,,,,,Bruce Arians,Byron Leftwich,Todd Bowles,7.0,0.6043956043956044,0.6923076923076923,0.6043956043956044,2.0,0.59375,0.65625,0.5769230769230769,4.0,0.890625,0.875,0.6153846153846154,1.0,-0.23901098901098894,0.0,0.11458333333333337,0.0,,0.5368589743589745,0.3653846153846154,1,1
2023,TB,Todd Bowles,Dave Canales,,5,0.37802197802197807,0.42857142857142855,0.37802197802197807,0.0,,,,,,,,Todd Bowles,Byron Leftwich,,4.0,0.3653846153846154,0.23076923076923078,0.3653846153846154,3.0,0.7083333333333334,0.9375,0.6465201465201464,,,,,0.0,0.012637362637362648,1.0,,0.0,,0.37802197802197807,0.37802197802197807,1,0
2024,TB,Todd Bowles,Liam Coen,,6,0.39835164835164844,0.5,0.39835164835164844,1.0,0.125,0.125,0.21428571428571427,,,,,Todd Bowles,Dave Canales,,5.0,0.37802197802197807,0.42857142857142855,0.37802197802197807,0.0,,,,,,,,0.0,0.02032967032967037,1.0,,0.0,,0.26167582417582425,0.125,1,0
2025,TB,Todd Bowles,Josh Grizzard,,7,0.4230769230769231,0.5714285714285714,0.4230769230769231,0.0,,,,,,,,Todd Bowles,Liam Coen,,6.0,0.39835164835164844,0.5,0.39835164835164844,1.0,0.125,0.125,0.21428571428571427,,,,,0.0,0.024725274725274637,1.0,,0.0,,0.4230769230769231,0.4230769230769231,1,0
2026,TB,Todd Bowles,in as many seasons,,8,0.41483516483516486,0.35714285714285715,0.41483516483516486,0.0,,,,,,,,Todd Bowles,Josh Grizzard,,7.0,0.4230769230769231,0.5714285714285714,0.4230769230769231,0.0,,,,,,,,0.0,-0.008241758241758212,1.0,,0.0,,0.41483516483516486,0.41483516483516486,0,1
2006,TEN,Jeff Fisher,Norm Chow,Jim Schwartz,0,,,,0.0,,,,0.0,,,,,,,,,,,,,,,,,,,0.0,,0.0,,0.0,,,,0,0
2007,TEN,Jeff Fisher,Norm Chow,Jim Schwartz,1,0.6153846153846154,0.6153846153846154,0.6153846153846154,1.0,0.3125,0.3125,0.6153846153846154,1.0,0.09375,0.09375,0.6153846153846154,Jeff Fisher,Norm Chow,Jim Schwartz,0.0,,,,0.0,,,,0.0,,,,0.0,,0.0,,0.0,,0.3405448717948718,0.09375,0,0
2008,TEN,Jeff Fisher,Mike Heimerdinger,Jim Schwartz,2,0.6153846153846154,0.6153846153846154,0.6153846153846154,0.0,,,,2.0,0.390625,0.6875,0.6153846153846154,Jeff Fisher,Norm Chow,Jim Schwartz,1.0,0.6153846153846154,0.6153846153846154,0.6153846153846154,1.0,0.3125,0.3125,0.6153846153846154,1.0,0.09375,0.09375,0.6153846153846154,0.0,0.0,1.0,,0.0,0.296875,0.5030048076923077,0.390625,1,0
2009,TEN,Jeff Fisher,Mike Heimerdinger,Chuck Cecil,3,0.6829836829836831,0.8181818181818182,0.6829836829836831,1.0,0.53125,0.53125,0.8181818181818182,0.0,,,,Jeff Fisher,Mike Heimerdinger,Jim Schwartz,2.0,0.6153846153846154,0.6153846153846154,0.6153846153846154,0.0,,,,2.0,0.390625,0.6875,0.6153846153846154,0.0,0.06759906759906764,0.0,,1.0,,0.6071168414918415,0.53125,1,0
2010,TEN,Jeff Fisher,Mike Heimerdinger,Chuck Cecil,4,0.6660839160839161,0.6153846153846154,0.6660839160839161,2.0,0.546875,0.5625,0.7167832167832169,1.0,0.15625,0.15625,0.6153846153846154,Jeff Fisher,Mike Heimerdinger,Chuck Cecil,3.0,0.6829836829836831,0.8181818181818182,0.6829836829836831,1.0,0.53125,0.53125,0.8181818181818182,0.0,,,,0.0,-0.01689976689976691,0.0,0.015625,0.0,,0.4564029720279721,0.15625,1,1
2011,TEN,Mike Munchak,Chris Palmer,Jerry Gray,0,,,,0.0,,,,0.0,,,,Jeff Fisher,Mike Heimerdinger,Chuck Cecil,4.0,0.6660839160839161,0.6153846153846154,0.6660839160839161,2.0,0.546875,0.5625,0.7167832167832169,1.0,0.15625,0.15625,0.6153846153846154,1.0,,1.0,,1.0,,,,0,0
2012,TEN,Mike Munchak,,Jerry Gray,1,0.5384615384615384,0.5384615384615384,0.5384615384615384,,,,,1.0,0.5,0.5,0.5384615384615384,Mike Munchak,Chris Palmer,Jerry Gray,0.0,,,,0.0,,,,0.0,,,,0.0,,0.0,,0.0,,0.5192307692307692,0.5,0,0
2013,TEN,Mike Munchak,Dowell Loggains,Jerry Gray,2,0.46153846153846156,0.38461538461538464,0.46153846153846156,0.0,,,,2.0,0.34375,0.1875,0.46153846153846156,Mike Munchak,,Jerry Gray,1.0,0.5384615384615384,0.5384615384615384,0.5384615384615384,,,,,1.0,0.5,0.5,0.5384615384615384,0.0,-0.07692307692307687,0.0,,0.0,-0.15625,0.4026442307692308,0.34375,0,2
2014,TEN,Ken Whisenhunt,Jason Michael,Ray Horton,6,0.45619658119658113,0.15384615384615385,0.45619658119658113,0.0,,,,2.0,0.765625,0.9375,0.34615384615384615,Mike Munchak,Dowell Loggains,Jerry Gray,2.0,0.46153846153846156,0.38461538461538464,0.46153846153846156,0.0,,,,2.0,0.34375,0.1875,0.46153846153846156,1.0,-0.005341880341880434,1.0,,1.0,0.421875,0.6109107905982906,0.45619658119658113,1,1
2015,TEN,Ken Whisenhunt,Jason Michael,Ray Horton,7,0.402014652014652,0.07692307692307693,0.402014652014652,1.0,0.15625,0.15625,0.07692307692307693,3.0,0.5729166666666666,0.1875,0.2564102564102564,Ken Whisenhunt,Jason Michael,Ray Horton,6.0,0.45619658119658113,0.15384615384615385,0.45619658119658113,0.0,,,,2.0,0.765625,0.9375,0.34615384615384615,0.0,-0.054181929181929156,0.0,,0.0,-0.19270833333333337,0.3770604395604395,0.15625,0,2
2016,TEN,Mike Mularkey,Terry Robiskie,Dick LeBeau,1,0.07692307692307693,0.07692307692307693,0.07692307692307693,0.0,,,,9.0,0.6979166666666666,0.15625,0.6363636363636364,Ken Whisenhunt,Jason Michael,Ray Horton,7.0,0.402014652014652,0.07692307692307693,0.402014652014652,1.0,0.15625,0.15625,0.07692307692307693,3.0,0.5729166666666666,0.1875,0.2564102564102564,1.0,-0.32509157509157505,1.0,,1.0,0.125,0.3874198717948718,0.07692307692307693,1,1
2017,TEN,Mike Mularkey,Terry Robiskie,Dick LeBeau,2,0.34615384615384615,0.6153846153846154,0.34615384615384615,1.0,0.6875,0.6875,0.6153846153846154,10.0,0.665625,0.375,0.6342657342657343,Mike Mularkey,Terry Robiskie,Dick LeBeau,1.0,0.07692307692307693,0.07692307692307693,0.07692307692307693,0.0,,,,9.0,0.6979166666666666,0.15625,0.6363636363636364,0.0,0.2692307692307692,0.0,,0.0,-0.03229166666666661,0.5664262820512821,0.34615384615384615,1,1
2018,TEN,Mike Vrabel,Matt LaFleur,Dean Pees,0,,,,1.0,0.90625,0.90625,0.6923076923076923,10.0,0.675,0.9375,0.6051282051282051,Mike Mularkey,Terry Robiskie,Dick LeBeau,2.0,0.34615384615384615,0.6153846153846154,0.34615384615384615,1.0,0.6875,0.6875,0.6153846153846154,10.0,0.665625,0.375,0.6342657342657343,1.0,,1.0,0.21875,1.0,0.009375000000000022,0.790625,0.675,2,0
2019,TEN,Mike Vrabel,Arthur Smith,Dean Pees,1,0.5384615384615384,0.5384615384615384,0.5384615384615384,0.0,,,,11.0,0.6818181818181818,0.75,0.599067599067599,Mike Vrabel,Matt LaFleur,Dean Pees,0.0,,,,1.0,0.90625,0.90625,0.6923076923076923,10.0,0.675,0.9375,0.6051282051282051,0.0,,1.0,,0.0,0.006818181818181723,0.6101398601398601,0.5384615384615384,1,0
2020,TEN,Mike Vrabel,Arthur Smith,,2,0.5769230769230769,0.6153846153846154,0.5769230769230769,1.0,0.71875,0.71875,0.6153846153846154,,,,,Mike Vrabel,Arthur Smith,Dean Pees,1.0,0.5384615384615384,0.5384615384615384,0.5384615384615384,0.0,,,,11.0,0.6818181818181818,0.75,0.599067599067599,0.0,0.038461538461538436,0.0,,0.0,,0.6478365384615384,0.5769230769230769,1,0
2021,TEN,Mike Vrabel,Todd Downing,Shane Bowen,3,0.5897435897435898,0.6153846153846154,0.5897435897435898,1.0,0.59375,0.59375,0.3076923076923077,0.0,,,,Mike Vrabel,Arthur Smith,,2.0,0.5769230769230769,0.6153846153846154,0.5769230769230769,1.0,0.71875,0.71875,0.6153846153846154,,,,,0.0,0.012820512820512886,1.0,-0.125,0.0,,0.5917467948717949,0.5897435897435898,1,1
2022,TEN,Mike Vrabel,Todd Downing,Shane Bowen,4,0.6208791208791209,0.7142857142857143,0.6208791208791209,2.0,0.5625,0.53125,0.510989010989011,1.0,0.75,0.75,0.7142857142857143,Mike Vrabel,Todd Downing,Shane Bowen,3.0,0.5897435897435898,0.6153846153846154,0.5897435897435898,1.0,0.59375,0.59375,0.3076923076923077,0.0,,,,0.0,0.031135531135531136,0.0,-0.03125,0.0,,0.644459706959707,0.5625,1,1
2023,TEN,Mike Vrabel,Tim Kelly,Shane Bowen,5,0.5824175824175823,0.42857142857142855,0.5824175824175823,3.0,0.6041666666666666,0.03125,0.3791208791208791,2.0,0.625,0.5,0.5714285714285714,Mike Vrabel,Todd Downing,Shane Bowen,4.0,0.6208791208791209,0.7142857142857143,0.6208791208791209,2.0,0.5625,0.53125,0.510989010989011,1.0,0.75,0.75,0.7142857142857143,0.0,-0.03846153846153855,1.0,0.04166666666666663,0.0,-0.125,0.6038614163614163,0.5824175824175823,1,2
2024,TEN,Brian Callahan,,Dennard Wilson,0,,,,,,,,0.0,,,,Mike Vrabel,Tim Kelly,Shane Bowen,5.0,0.5824175824175823,0.42857142857142855,0.5824175824175823,3.0,0.6041666666666666,0.03125,0.3791208791208791,2.0,0.625,0.5,0.5714285714285714,1.0,,0.0,,1.0,,,,0,0
2025,TEN,Brian Callahan,Nick Holz,Dennard Wilson,1,0.21428571428571427,0.21428571428571427,0.21428571428571427,0.0,,,,1.0,0.46875,0.46875,0.21428571428571427,Brian Callahan,,Dennard Wilson,0.0,,,,,,,,0.0,,,,0.0,,0.0,,0.0,,0.34151785714285715,0.21428571428571427,0,0
2026,TEN,Robert Saleh,Brian Daboll,Gus Bradley,4,0.33928571428571425,0.21428571428571427,0.33928571428571425,8.0,0.39453125,0.90625,0.4553571428571429,12.0,0.5546875,0.5,0.489010989010989,Brian Callahan,Nick Holz,Dennard Wilson,1.0,0.21428571428571427,0.21428571428571427,0.21428571428571427,0.0,,,,1.0,0.46875,0.46875,0.21428571428571427,1.0,0.12499999999999997,1.0,,1.0,0.0859375,0.4295014880952381,0.33928571428571425,2,0
2006,WAS,Joe Gibbs,Al Saunders,Gregg Williams,0,,,,0.0,,,,0.0,,,,,,,,,,,,,,,,,,,0.0,,0.0,,0.0,,,,0,0
2007,WAS,Joe Gibbs,Al Saunders,Gregg Williams,1,0.3076923076923077,0.3076923076923077,0.3076923076923077,1.0,0.71875,0.71875,0.3076923076923077,1.0,0.03125,0.03125,0.3076923076923077,Joe Gibbs,Al Saunders,Gregg Williams,0.0,,,,0.0,,,,0.0,,,,0.0,,0.0,,0.0,,0.3525641025641026,0.03125,0,0
2008,WAS,Jim Zorn,Sherman Smith,Greg Blache,0,,,,0.0,,,,0.0,,,,Joe Gibbs,Al Saunders,Gregg Williams,1.0,0.3076923076923077,0.3076923076923077,0.3076923076923077,1.0,0.71875,0.71875,0.3076923076923077,1.0,0.03125,0.03125,0.3076923076923077,1.0,,1.0,,1.0,,,,0,0
2009,WAS,Jim Zorn,Sherman Lewis,Greg Blache,1,0.4166666666666667,0.4166666666666667,0.4166666666666667,0.0,,,,1.0,0.71875,0.71875,0.4166666666666667,Jim Zorn,Sherman Smith,Greg Blache,0.0,,,,0.0,,,,0.0,,,,0.0,,1.0,,0.0,,0.5677083333333334,0.4166666666666667,0,0
2010,WAS,Mike Shanahan,Kyle Shanahan,Jim Haslett,3,0.45920745920745926,0.45454545454545453,0.45920745920745926,2.0,0.65625,0.71875,0.5993589743589745,2.0,0.25,0.28125,0.34615384615384615,Jim Zorn,Sherman Lewis,Greg Blache,1.0,0.4166666666666667,0.4166666666666667,0.4166666666666667,0.0,,,,1.0,0.71875,0.71875,0.4166666666666667,1.0,0.04254079254079257,1.0,,1.0,-0.46875,0.45515248640248646,0.25,1,1
2011,WAS,Mike Shanahan,Kyle Shanahan,Jim Haslett,4,0.4405594405594406,0.38461538461538464,0.4405594405594406,3.0,0.5520833333333334,0.34375,0.5277777777777778,3.0,0.22916666666666666,0.1875,0.358974358974359,Mike Shanahan,Kyle Shanahan,Jim Haslett,3.0,0.45920745920745926,0.45454545454545453,0.45920745920745926,2.0,0.65625,0.71875,0.5993589743589745,2.0,0.25,0.28125,0.34615384615384615,0.0,-0.018648018648018683,0.0,-0.10416666666666663,0.0,-0.020833333333333343,0.40726981351981356,0.22916666666666666,0,3
2012,WAS,Mike Shanahan,Kyle Shanahan,Jim Haslett,5,0.39860139860139865,0.23076923076923078,0.39860139860139865,4.0,0.5078125,0.375,0.4535256410256411,4.0,0.2578125,0.34375,0.3269230769230769,Mike Shanahan,Kyle Shanahan,Jim Haslett,4.0,0.4405594405594406,0.38461538461538464,0.4405594405594406,3.0,0.5520833333333334,0.34375,0.5277777777777778,3.0,0.22916666666666666,0.1875,0.358974358974359,0.0,-0.041958041958041925,0.0,-0.04427083333333337,0.0,0.028645833333333343,0.38807546620046623,0.2578125,1,2
2013,WAS,Mike Shanahan,Kyle Shanahan,Jim Haslett,6,0.44755244755244755,0.6923076923076923,0.44755244755244755,5.0,0.6,0.96875,0.5012820512820513,5.0,0.25,0.21875,0.4,Mike Shanahan,Kyle Shanahan,Jim Haslett,5.0,0.39860139860139865,0.23076923076923078,0.39860139860139865,4.0,0.5078125,0.375,0.4535256410256411,4.0,0.2578125,0.34375,0.3269230769230769,0.0,0.0489510489510489,0.0,0.09218749999999998,0.0,-0.0078125,0.4325174825174825,0.25,2,1
2014,WAS,Jay Gruden,Sean McVay,Jim Haslett,0,,,,0.0,,,,6.0,0.25,0.25,0.3717948717948718,Mike Shanahan,Kyle Shanahan,Jim Haslett,6.0,0.44755244755244755,0.6923076923076923,0.44755244755244755,5.0,0.6,0.96875,0.5012820512820513,5.0,0.25,0.21875,0.4,1.0,,1.0,,0.0,0.0,0.25,0.25,0,0
2015,WAS,Jay Gruden,Sean McVay,Joe Barry,1,0.23076923076923078,0.23076923076923078,0.23076923076923078,1.0,0.34375,0.34375,0.23076923076923078,2.0,0.09375,0.03125,0.19230769230769232,Jay Gruden,Sean McVay,Jim Haslett,0.0,,,,0.0,,,,6.0,0.25,0.25,0.3717948717948718,0.0,,0.0,,1.0,-0.15625,0.22275641025641027,0.09375,0,1
2016,WAS,Jay Gruden,Sean McVay,Joe Barry,2,0.42307692307692313,0.6153846153846154,0.42307692307692313,2.0,0.5,0.65625,0.42307692307692313,3.0,0.17708333333333334,0.34375,0.3333333333333333,Jay Gruden,Sean McVay,Joe Barry,1.0,0.23076923076923078,0.23076923076923078,0.23076923076923078,1.0,0.34375,0.34375,0.23076923076923078,2.0,0.09375,0.03125,0.19230769230769232,0.0,0.19230769230769235,0.0,0.15625,0.0,0.08333333333333334,0.36672008547008544,0.17708333333333334,3,0
2017,WAS,Jay Gruden,Matt Cavanaugh,Greg Manusky,3,0.4615384615384615,0.5384615384615384,0.4615384615384615,0.0,,,,9.0,0.4548611111111111,0.53125,0.5334757834757835,Jay Gruden,Sean McVay,Joe Barry,2.0,0.42307692307692313,0.6153846153846154,0.42307692307692313,2.0,0.5,0.65625,0.42307692307692313,3.0,0.17708333333333334,0.34375,0.3333333333333333,0.0,0.03846153846153838,1.0,,1.0,0.2777777777777778,0.4581997863247863,0.4548611111111111,2,0
2018,WAS,Jay Gruden,Matt Cavanaugh,Greg Manusky,4,0.4423076923076923,0.38461538461538464,0.4423076923076923,1.0,0.53125,0.53125,0.38461538461538464,10.0,0.465625,0.5625,0.5185897435897436,Jay Gruden,Matt Cavanaugh,Greg Manusky,3.0,0.4615384615384615,0.5384615384615384,0.4615384615384615,0.0,,,,9.0,0.4548611111111111,0.53125,0.5334757834757835,0.0,-0.019230769230769218,0.0,,0.0,0.010763888888888906,0.47972756410256406,0.4423076923076923,1,1
2019,WAS,Bill Callahan,Kevin O'Connell,Greg Manusky,0,,,,0.0,,,,11.0,0.46875,0.5,0.5064102564102565,Jay Gruden,Matt Cavanaugh,Greg Manusky,4.0,0.4423076923076923,0.38461538461538464,0.4423076923076923,1.0,0.53125,0.53125,0.38461538461538464,10.0,0.465625,0.5625,0.5185897435897436,1.0,,1.0,,0.0,0.003124999999999989,0.46875,0.46875,1,0
2020,WAS,Ron Rivera,Scott Turner,Jack Del Rio,9,0.5299145299145299,0.3076923076923077,0.5299145299145299,0.0,,,,3.0,0.71875,0.8125,0.8205128205128206,Bill Callahan,Kevin O'Connell,Greg Manusky,0.0,,,,0.0,,,,11.0,0.46875,0.5,0.5064102564102565,1.0,,1.0,,1.0,0.25,0.6243322649572649,0.5299145299145299,1,0
2021,WAS,Ron Rivera,Scott Turner,Jack Del Rio,10,0.5230769230769231,0.46153846153846156,0.5230769230769231,1.0,0.15625,0.15625,0.46153846153846156,4.0,0.765625,0.90625,0.7307692307692308,Ron Rivera,Scott Turner,Jack Del Rio,9.0,0.5299145299145299,0.3076923076923077,0.5299145299145299,0.0,,,,3.0,0.71875,0.8125,0.8205128205128206,0.0,-0.006837606837606813,0.0,,0.0,0.046875,0.481650641025641,0.15625,1,1
2022,WAS,Ron Rivera,Scott Turner,Jack Del Rio,11,0.5144855144855145,0.42857142857142855,0.5144855144855145,2.0,0.265625,0.375,0.44505494505494503,5.0,0.6375,0.125,0.6703296703296704,Ron Rivera,Scott Turner,Jack Del Rio,10.0,0.5230769230769231,0.46153846153846156,0.5230769230769231,1.0,0.15625,0.15625,0.46153846153846156,4.0,0.765625,0.90625,0.7307692307692308,0.0,-0.008591408591408611,0.0,0.109375,0.0,-0.12812500000000004,0.47253683816183817,0.265625,1,2
2023,WAS,Ron Rivera,Eric Bieniemy,Jack Del Rio (fired),12,0.5132783882783883,0.5,0.5132783882783883,5.0,0.9875,1.0,0.7747252747252747,0.0,,,,Ron Rivera,Scott Turner,Jack Del Rio,11.0,0.5144855144855145,0.42857142857142855,0.5144855144855145,2.0,0.265625,0.375,0.44505494505494503,5.0,0.6375,0.125,0.6703296703296704,0.0,-0.0012071262071261524,1.0,0.721875,1.0,,0.7503891941391942,0.5132783882783883,1,1
2024,WAS,Dan Quinn,Kliff Kingsbury,Joe Whitt Jr,5,0.5076923076923078,0.46153846153846156,0.5076923076923078,0.0,,,,0.0,,,,Ron Rivera,Eric Bieniemy,Jack Del Rio (fired),12.0,0.5132783882783883,0.5,0.5132783882783883,5.0,0.9875,1.0,0.7747252747252747,0.0,,,,1.0,-0.005586080586080566,1.0,,1.0,,0.5076923076923078,0.5076923076923078,0,1
2025,WAS,Dan Quinn,Kliff Kingsbury,Joe Whitt Jr,6,0.5421245421245422,0.7142857142857143,0.5421245421245422,1.0,0.90625,0.90625,0.7142857142857143,1.0,0.53125,0.53125,0.7142857142857143,Dan Quinn,Kliff Kingsbury,Joe Whitt Jr,5.0,0.5076923076923078,0.46153846153846156,0.5076923076923078,0.0,,,,0.0,,,,0.0,0.03443223443223442,0.0,,0.0,,0.6598748473748474,0.53125,1,0
2026,WAS,Dan Quinn,David Blough,Daronte Jones,7,0.4952904238618525,0.21428571428571427,0.4952904238618525,0.0,,,,0.0,,,,Dan Quinn,Kliff Kingsbury,Joe Whitt Jr,6.0,0.5421245421245422,0.7142857142857143,0.5421245421245422,1.0,0.90625,0.90625,0.7142857142857143,1.0,0.53125,0.53125,0.7142857142857143,0.0,-0.046834118262689683,1.0,,1.0,,0.4952904238618525,0.4952904238618525,0,1
