symbol,arm_time,trigger_time,dist_ema9,dist_sma9,sma9_slope3,rsi_pct1,rsi_accel,rsi_sma5_slope1,close_location,entry,entry_time,mfe5d,mae5d,hit5,hit10,t5_s0.05,t5_s0.075,t5_s0.1,ema9_m3p649_rsiacc_m7p63088,rsi1_m21p182_sma9slope_lte2p604,rsi1_m21p182_sma9_m3p517,rsi_sma5_slope_m5p915_rsi1_m17p635,ema9_m3p649_close_bottom16p592
ETHUSDT,2025-06-10 00:00:00+00:00,2025-06-12 20:00:00+00:00,-0.028790530268256176,-0.03878353457818595,-0.011878942292524952,-0.12357642346725628,-2.869415892138541,-0.05680665745668356,0.30231227106227415,2642.66,2025-06-13 00:00:00+00:00,0.014258360893947941,-0.07783067061218618,False,False,False,False,False,False,False,False,False,False
ETHUSDT,2025-08-24 00:00:00+00:00,2025-08-25 16:00:00+00:00,-0.04477179684181165,-0.05483214939060599,-0.01619074554094213,-0.2375875727480874,-12.811993166985687,-0.0967640308032991,0.018907379977346633,4420.34,2025-08-25 20:00:00+00:00,0.05510662075767936,-0.036906663288344355,True,False,True,True,True,True,True,True,True,True
SOLUSDT,2024-11-21 00:00:00+00:00,2024-11-25 16:00:00+00:00,-0.036029913563977334,-0.03557055982829549,-0.014671542494602674,-0.11240393024000539,3.364563844852512,-0.05518577255591739,0.2694475760992123,239.65,2024-11-25 20:00:00+00:00,0.02970999374087202,-0.07448362194867508,False,False,False,False,False,False,False,False,False,False
SOLUSDT,2025-01-18 00:00:00+00:00,2025-01-19 12:00:00+00:00,0.04342632193301044,0.04477317384999502,0.07927673465607876,-0.1620044023482422,-16.81828653176244,-0.030191205067575222,0.28502054538662625,270.58,2025-01-19 16:00:00+00:00,0.029011752531598933,-0.15204375785349988,False,False,False,False,False,False,False,False,False,False
SOLUSDT,2025-07-22 00:00:00+00:00,2025-07-23 16:00:00+00:00,-0.03875634367878289,-0.05192586659796239,-0.008711246335613376,-0.12026344266119293,1.4307916735927861,-0.09649237503381902,0.307121661721071,188.09,2025-07-23 20:00:00+00:00,0.038120048912754445,-0.06624488276888729,False,False,False,False,False,False,False,False,False,False
SOLUSDT,2025-08-24 00:00:00+00:00,2025-08-25 16:00:00+00:00,-0.04052194420888178,-0.050943697576181446,-0.01852432432432427,-0.12276173341820085,-4.647789391879115,-0.07767266248317561,0.06639566395664058,191.47,2025-08-25 20:00:00+00:00,0.13855956546717496,-0.03206768684389194,True,True,True,True,True,False,False,False,False,True
SOLUSDT,2026-08-20 00:00:00+00:00,2026-08-22 08:00:00+00:00,0.012477314244526916,0.01119942196531798,0.027481161608037707,-0.07209823909667679,7.59426978584203,-0.03895702524687927,0.5340599455040852,93.29,2026-08-22 12:00:00+00:00,0.13399078143423737,-0.018329938900203735,True,True,True,True,True,False,False,False,False,False
ZECUSDT,2024-07-14 00:00:00+00:00,2024-07-16 16:00:00+00:00,0.02299936043482842,0.025503766298321295,0.0029913710450624187,-0.0260783293989576,-6.202216836912598,0.020872229058447767,0.06896551724137981,29.79,2024-07-16 20:00:00+00:00,0.0983551527358173,-0.033232628398791486,True,False,True,True,True,False,False,False,False,False
ZECUSDT,2024-11-07 00:00:00+00:00,2024-11-11 16:00:00+00:00,-0.029348218997531594,-0.04154374425690377,-0.007892905980855458,-0.059225145519889666,0.9113274344055426,-0.02914163491930266,0.39375000000000127,44.07,2024-11-11 20:00:00+00:00,0.055139550714772056,-0.17404129793510326,True,False,False,False,False,False,False,False,False,False
ZECUSDT,2024-11-24 00:00:00+00:00,2024-11-24 08:00:00+00:00,0.009041357852310528,0.011562998405103775,0.05934530095036972,-0.19190753239272085,-12.40716186551272,-0.025007072717153078,0.027027027027027643,50.77,2024-11-24 12:00:00+00:00,0.16348237147921996,-0.13669489856214312,True,True,False,True,True,False,False,False,False,False
ZECUSDT,2025-05-09 00:00:00+00:00,2025-05-13 00:00:00+00:00,-0.025966698732588056,-0.03475601987514321,0.007754923863081853,-0.18473764707593432,-18.05248978015166,-0.04812012793011311,0.10606060606060647,42.11,2025-05-13 04:00:00+00:00,0.040370458323438774,-0.05794348135834715,False,False,False,False,False,False,False,False,False,False
ZECUSDT,2025-05-22 00:00:00+00:00,2025-05-23 20:00:00+00:00,-0.0066966822419202154,-0.027256808442007396,0.028361568534533976,-0.09084962674525443,-3.833163245418426,-0.05810370593576708,0.24817518248174958,46.92,2025-05-24 00:00:00+00:00,0.21035805626598458,-0.010656436487638588,True,True,True,True,True,False,False,False,False,False
ZECUSDT,2025-09-06 00:00:00+00:00,2025-09-10 16:00:00+00:00,-0.020913706749136507,-0.024021962937542884,-0.015030308493138356,-0.10207507527809123,-5.753676085512737,-0.02268065144317677,0.16363636363636316,47.4,2025-09-10 20:00:00+00:00,0.1727848101265823,-0.016244725738396526,True,True,True,True,True,False,False,False,False,False
ZECUSDT,2025-09-24 00:00:00+00:00,2025-09-25 16:00:00+00:00,-0.013070935451115595,-0.023834377174669297,0.016345776031434056,-0.030887269189712074,8.156757220418932,-0.03550247930126149,0.5473684210526315,56.12,2025-09-25 20:00:00+00:00,0.36279401282965096,-0.05452601568068416,True,True,False,True,True,False,False,False,False,False
ZECUSDT,2025-10-04 00:00:00+00:00,2025-10-05 00:00:00+00:00,0.07315102081638059,0.1059578113784243,0.0342044765158529,0.012170920288899989,10.004890907115026,0.013468142860920906,0.1591463414634154,159.13,2025-10-05 04:00:00+00:00,0.5082008420788036,-0.2416891849431282,True,True,False,False,True,False,False,False,False,False
ZECUSDT,2025-10-21 00:00:00+00:00,2025-10-21 20:00:00+00:00,-0.014093116759797186,-0.026401540398430123,0.043177077521309615,-0.10986178315094142,0.5110347963501738,-0.022630744288204774,0.09154929577464757,262.9,2025-10-22 00:00:00+00:00,0.3671357930772159,-0.1393685812095854,True,True,True,True,True,False,False,False,False,False
ZECUSDT,2025-10-31 00:00:00+00:00,2025-11-01 20:00:00+00:00,0.005433644791733139,-0.00445011071596324,0.03596652207763307,-0.0692640172868152,-5.6567638855998155,-0.03266692676121108,0.1047191011235948,412.07,2025-11-02 00:00:00+00:00,0.33858325041861836,-0.10888926638677898,True,True,False,False,False,False,False,False,False,False
ZECUSDT,2026-04-08 00:00:00+00:00,2026-04-09 08:00:00+00:00,-0.008880476273915083,-0.03605809742289856,0.03215534532029318,-0.10216974063737527,-7.8444641824313806,-0.05560786697189668,0.05211141060198034,311.44,2026-04-09 12:00:00+00:00,0.2655407141022348,-0.009825327510917026,True,True,True,True,True,False,False,False,False,False
ZECUSDT,2026-05-03 00:00:00+00:00,2026-05-06 16:00:00+00:00,0.05360290424248193,0.07539021796345446,0.10645576150029812,-0.1303516388307916,-11.56305777100664,-0.029163898106360886,0.13774255261000162,556.1,2026-05-06 20:00:00+00:00,0.15626685847869082,-0.04144937960798434,True,True,True,True,True,False,False,False,False,False
ZECUSDT,2026-05-20 00:00:00+00:00,2026-05-22 12:00:00+00:00,-0.027074040071235816,-0.0388007024747814,-0.01584743710704961,-0.1124245314278588,-1.5413218077787647,-0.05345691692751264,0.20661938534278892,629.42,2026-05-22 16:00:00+00:00,0.09148104604238827,-0.1079247561246861,True,False,False,False,True,False,False,False,False,False
ZECUSDT,2026-08-20 00:00:00+00:00,2026-08-23 00:00:00+00:00,0.014952587528930472,-0.005489730600479081,0.07616823069448309,-0.061498466912686456,7.21393073457773,-0.04661535573526343,0.21672885572139333,781.99,2026-08-23 04:00:00+00:00,0.13556439340656534,-0.038951904755815336,True,True,True,True,True,False,False,False,False,False
ZECUSDT,2026-09-04 00:00:00+00:00,2026-09-07 12:00:00+00:00,-0.012539117758163076,-0.03341560393962251,0.04012349588038555,-0.13915166920599564,-10.703551617631788,-0.048296300347571486,0.10656270305393033,1146.67,2026-09-07 16:00:00+00:00,0.13024671439908597,-0.080398022098773,True,True,True,True,True,False,False,False,False,False
ZECUSDT,2026-09-17 00:00:00+00:00,2026-09-20 00:00:00+00:00,-0.022048674196737617,-0.036087419689942,-0.0013069236852017996,-0.03418392701517581,-1.0173867132152665,-0.05022905261258048,0.40326902465166076,1456.79,2026-09-20 04:00:00+00:00,0.15310374178845265,-0.02010584916151259,True,True,True,True,True,False,False,False,False,False
XRPUSDT,2024-07-13 00:00:00+00:00,2024-07-14 00:00:00+00:00,0.013391276903834015,0.01593988881167485,0.0479983613646191,-0.0369535619652237,16.470395654818233,-0.03611963853186262,0.3163265306122487,0.5197,2024-07-14 04:00:00+00:00,0.22724648835866845,-0.006542235905330096,True,True,True,True,True,False,False,False,False,False
XRPUSDT,2024-11-12 00:00:00+00:00,2024-11-13 04:00:00+00:00,0.008550672139131077,0.009418592811322624,0.04530618037323508,-0.03296444341238902,13.531559023289113,-0.025833645246602144,0.5663956639566414,0.661,2024-11-13 08:00:00+00:00,0.9210287443267775,-0.013615733736762503,True,True,True,True,True,False,False,False,False,False
XRPUSDT,2024-11-22 00:00:00+00:00,2024-11-23 16:00:00+00:00,0.0008397041682000062,-0.016606177320198312,0.044936689266586116,-0.15083048490709872,-12.319992493346007,-0.027252942509830347,0.41536683997689233,1.4751,2024-11-23 20:00:00+00:00,0.043522473052674204,-0.13395701986306008,False,False,False,False,False,False,False,False,False,False
XRPUSDT,2024-12-02 00:00:00+00:00,2024-12-03 04:00:00+00:00,0.03695320420529313,0.028131258933575598,0.10504003994392463,-0.12407941960704305,-11.034953014980857,-0.005835831849584139,0.4356725146198827,2.6294,2024-12-03 08:00:00+00:00,0.1064121092264394,-0.17308131132577764,True,True,True,True,True,False,False,False,False,False
XRPUSDT,2025-01-15 00:00:00+00:00,2025-01-18 04:00:00+00:00,-0.02934728598901415,-0.04061976262954481,-0.0069695878704715275,-0.13034281435966144,-4.270016878605389,-0.04885708546056966,0.2621195039458849,3.1165,2025-01-18 08:00:00+00:00,0.08118081180811809,-0.09266805711535364,True,False,True,True,True,False,False,False,False,False
XRPUSDT,2025-05-12 00:00:00+00:00,2025-05-13 00:00:00+00:00,-0.014260537229096815,-0.010268408690811803,0.019295526463886103,-0.1947099865306573,-13.712830272418032,-0.020909209605325607,0.027684563758391754,2.4299,2025-05-13 04:00:00+00:00,0.09123832256471465,-0.05411745339314378,True,False,True,True,True,False,False,False,False,False
XRPUSDT,2025-07-11 00:00:00+00:00,2025-07-11 20:00:00+00:00,0.03078950991413243,0.03980379305241355,0.04659293582407287,-0.21483482946360288,-21.43929201696639,-0.025561922824660743,0.36592741935483886,2.7323,2025-07-12 00:00:00+00:00,0.1345752662591957,-0.025399846283351013,True,True,True,True,True,False,False,False,False,False
XRPUSDT,2026-08-20 00:00:00+00:00,2026-08-22 08:00:00+00:00,0.04182820014774791,0.04434465338198157,0.07133729234007347,-0.1527678240921555,-13.555653386372967,-0.03362177147441281,0.4548587181254303,1.4884,2026-08-22 12:00:00+00:00,0.041857027680731074,-0.08801397473797368,False,False,False,False,False,False,False,False,False,False
NEARUSDT,2024-09-26 00:00:00+00:00,2024-09-27 16:00:00+00:00,-0.019399444116045328,-0.03355825281482083,0.011101691494085797,-0.08801213083078174,-1.9053650549055732,-0.037443958384091536,0.06206896551723779,5.38,2024-09-27 20:00:00+00:00,0.04609665427509291,-0.15947955390334567,False,False,False,False,False,False,False,False,False,False
NEARUSDT,2024-11-24 00:00:00+00:00,2024-11-24 08:00:00+00:00,-0.002739790574485701,-0.010287560127804518,0.035089313296142066,-0.1723708487994553,-15.246592663864256,-0.03903554265220621,0.03357314148681113,6.263,2024-11-24 12:00:00+00:00,0.1577518760977168,-0.04901804247165886,True,True,True,True,True,False,False,False,False,False
NEARUSDT,2024-12-06 00:00:00+00:00,2024-12-09 00:00:00+00:00,-0.030249173663756013,-0.030428488708743484,-0.006386283873194842,-0.23674752396820808,-19.02284187247072,-0.034353094043000576,0.1656184486373162,7.442,2024-12-09 04:00:00+00:00,0.015587207739854891,-0.20706799247514118,False,False,False,False,False,False,True,False,False,False
NEARUSDT,2025-05-10 00:00:00+00:00,2025-05-13 00:00:00+00:00,-0.037305834453281506,-0.0439444170134724,-0.006099270891755548,-0.20340099809778012,-15.792990804843548,-0.05380923845283281,0.08173076923076887,3.012,2025-05-13 04:00:00+00:00,0.09362549800796804,-0.11786188579017265,True,False,True,True,True,True,False,False,False,True
NEARUSDT,2025-09-19 00:00:00+00:00,2025-09-22 00:00:00+00:00,-0.03677250362530393,-0.04207523622749165,-0.004366657199659119,-0.2430399876993592,-10.755545365553594,-0.059647714827624654,0.14146341463414588,2.985,2025-09-22 04:00:00+00:00,0.04991624790619764,-0.12093802345058624,False,False,False,False,False,True,True,True,True,True
NEARUSDT,2026-05-21 00:00:00+00:00,2026-05-22 16:00:00+00:00,0.032239468596873655,0.04080629301868255,0.08165918222642388,-0.12401393359070434,-5.9716483040564725,-0.01806109976690451,0.12949640287769656,2.117,2026-05-22 20:00:00+00:00,0.406707605101559,-0.050543221539915084,True,True,False,True,True,False,False,False,False,False
NEARUSDT,2026-06-03 00:00:00+00:00,2026-06-03 20:00:00+00:00,0.012278721174706186,0.020282506338283213,0.02495462794918346,-0.03374294229653385,3.4588211243520917,0.002361637015368956,0.25925925925926097,2.817,2026-06-04 00:00:00+00:00,0.013134540291089847,-0.3564075257365993,False,False,False,False,False,False,False,False,False,False
NEARUSDT,2026-09-04 00:00:00+00:00,2026-09-07 12:00:00+00:00,-0.014328086708765175,-0.029962898605175314,0.01666348357524816,-0.08474110640843535,-8.321860502346482,-0.052968294863855236,0.08333333333333179,2.295,2026-09-07 16:00:00+00:00,0.18867102396514168,-0.02265795206971677,True,True,True,True,True,False,False,False,False,False
NEARUSDT,2026-09-17 00:00:00+00:00,2026-09-19 16:00:00+00:00,-0.010769113539877195,-0.03493184031158714,0.021191970666832427,-0.09932359767708787,-1.6988020612220538,-0.04917824774478008,0.43369175627240153,3.523,2026-09-19 20:00:00+00:00,0.37013908600624457,-0.02810105024127174,True,True,True,True,True,False,False,False,False,False
NEARUSDT,2026-09-27 00:00:00+00:00,2026-09-28 04:00:00+00:00,-0.012190214725962933,-0.019841776189868487,0.025092106123694835,-0.05680131441971448,2.7284338615147448,-0.019152164139756733,0.2242152466367746,5.121,2026-09-28 08:00:00+00:00,0.08181995703964051,-0.11189220855301707,True,False,False,False,False,False,False,False,False,False
SUIUSDT,2024-08-12 00:00:00+00:00,2024-08-12 16:00:00+00:00,0.04075150173725972,0.06595939874385448,0.05555762474083448,-0.15683330763035241,-14.716358590218562,,0.08700564971751319,1.007,2024-08-12 20:00:00+00:00,0.030685203574975395,-0.2073485600794438,False,False,False,False,False,False,False,False,False,False
SUIUSDT,2024-09-15 00:00:00+00:00,2024-09-16 16:00:00+00:00,-0.026240228854784386,-0.03771502161714668,0.0013919736343819267,-0.06560038704093607,4.830689770169009,-0.03149473120191848,0.4804928131416859,1.0462,2024-09-16 20:00:00+00:00,0.507264385394762,-0.02724144523035743,True,True,True,True,True,False,False,False,False,False
SUIUSDT,2024-10-13 00:00:00+00:00,2024-10-15 08:00:00+00:00,-0.04385483805621648,-0.05339798575190802,-0.008524353886552594,-0.20167663577921602,-13.036201990533023,-0.05306997810940639,0.11080636313768503,2.1126,2024-10-15 12:00:00+00:00,0.05452996307867064,-0.06631638738994605,True,False,True,True,True,True,False,False,False,True
SUIUSDT,2024-11-17 00:00:00+00:00,2024-11-20 16:00:00+00:00,-0.05700879465538988,-0.06309310002608515,-0.010977833790495772,-0.19147092892714812,-12.257432467620099,-0.04231713446750718,0.15220086794792356,3.4719,2024-11-20 20:00:00+00:00,0.06483481667098712,-0.09654655952072366,True,False,True,True,True,True,False,False,False,True
SUIUSDT,2024-12-05 00:00:00+00:00,2024-12-06 12:00:00+00:00,-0.006781909755704918,-0.012362160574586945,0.04599203489898396,-0.05191360397359612,10.344728855815795,-0.02517045553125341,0.22834645669291723,4.1104,2024-12-06 16:00:00+00:00,0.08230342545737623,-0.18499416115219935,True,False,True,True,True,False,False,False,False,False
SUIUSDT,2025-01-03 00:00:00+00:00,2025-01-07 12:00:00+00:00,-0.0385279897398213,-0.044633288062932985,-0.013067487158405,-0.24692538012445198,-18.457922548842205,-0.07124172935487016,0.264145578618141,4.893,2025-01-07 16:00:00+00:00,0.07334968322092794,-0.10376047414674017,True,False,False,False,False,True,True,True,True,False
SUIUSDT,2025-04-25 00:00:00+00:00,2025-04-26 08:00:00+00:00,-0.014446238209950613,-0.03430823079060685,0.022991296015331786,-0.09755388392799835,-1.2004390180472058,-0.056912396245726304,0.15910465819721734,3.4365,2025-04-26 12:00:00+00:00,0.12760075658373338,-0.0478393714535138,True,True,True,True,True,False,False,False,False,False
SUIUSDT,2025-05-08 00:00:00+00:00,2025-05-11 12:00:00+00:00,-0.00998901595713253,-0.012900796362672717,0.002668150837223049,-0.0761134043480759,-6.662802941698892,-0.025990699174221366,0.3235294117647047,3.9319,2025-05-11 16:00:00+00:00,0.09333909814593433,-0.07530710343599789,True,False,True,True,True,False,False,False,False,False
SUIUSDT,2026-05-10 00:00:00+00:00,2026-05-11 04:00:00+00:00,0.04120407794739056,0.05663051628595994,0.0740748016028916,-0.060854395619924784,-0.5706041483540503,-0.017853705968146616,0.4534351145038169,1.2839,2026-05-11 08:00:00+00:00,0.03473790793675513,-0.17999844224628092,False,False,False,False,False,False,False,False,False,False
SUIUSDT,2026-08-21 00:00:00+00:00,2026-08-22 08:00:00+00:00,0.01031693145270407,0.012126144455747667,0.05847642565899025,-0.11624411329871032,7.346436379486136,-0.05146955146661336,0.32330827067669116,0.829,2026-08-22 12:00:00+00:00,0.034378769601930204,-0.12533172496984313,False,False,False,False,False,False,False,False,False,False
SUIUSDT,2026-09-21 00:00:00+00:00,2026-09-23 12:00:00+00:00,-0.045614213964850436,-0.05338250674299572,-0.013102856335763247,-0.2524783425442969,-13.31643115995481,-0.05248046765832959,0.14266304347826175,0.9553,2026-09-23 16:00:00+00:00,0.355281063540249,-0.023971527268920823,True,True,True,True,True,True,True,True,False,True
QNTUSDT,2024-11-16 00:00:00+00:00,2024-11-16 20:00:00+00:00,0.1811902272449757,0.232394366197183,0.10879750130140553,-0.028738031884931514,-12.918168860362144,0.020697208158201974,0.20370370370370297,87.6,2024-11-17 00:00:00+00:00,0.11415525114155245,-0.11529680365296802,True,True,False,False,False,False,False,False,False,False
QNTUSDT,2024-12-01 00:00:00+00:00,2024-12-02 08:00:00+00:00,0.029158191921480725,0.04079725942074108,0.04377505688590322,-0.11800470899398352,-10.526802094481269,-0.011312869200995834,0.4000000000000007,111.5,2024-12-02 12:00:00+00:00,0.5040358744394617,-0.008968609865470878,True,True,True,True,True,False,False,False,False,False
QNTUSDT,2025-05-10 00:00:00+00:00,2025-05-13 00:00:00+00:00,-0.04135456812909277,-0.05070167496604794,-0.005066996959801839,-0.223138604268043,-18.28405538057992,-0.06956023881689577,0.07407407407407506,93.2,2025-05-13 04:00:00+00:00,0.08905579399141628,-0.0394849785407726,True,False,True,True,True,True,True,True,True,True
QNTUSDT,2025-05-28 00:00:00+00:00,2025-05-30 08:00:00+00:00,-0.03914300097774026,-0.04961989106156184,-0.011016054179221468,-0.12015908618457938,-0.6206587200580955,-0.038842114744434664,0.05970149253731438,107.79,2025-05-30 12:00:00+00:00,0.09462844419704974,-0.043696075702755466,True,False,True,True,True,False,False,False,False,True
QNTUSDT,2025-07-22 00:00:00+00:00,2025-07-23 16:00:00+00:00,-0.04424673997631978,-0.06094561590588565,-0.009497525532585427,-0.10112768717663922,3.2311876521736806,-0.08227014833364188,0.4137380191693293,121.33,2025-07-23 20:00:00+00:00,0.09774993818511502,-0.05818841176955414,True,False,False,True,True,False,False,False,False,False
QNTUSDT,2026-09-22 00:00:00+00:00,2026-09-25 12:00:00+00:00,0.062355014485929505,0.0843154574132492,0.11715699403713042,-0.07470130308590184,4.359372396326222,-0.02166276103657294,0.5306859205776177,95.56,2026-09-25 16:00:00+00:00,2.9033068229384678,-0.0068020092088740824,True,True,True,True,True,False,False,False,False,False
WLDUSDT,2024-10-14 00:00:00+00:00,2024-10-15 12:00:00+00:00,-0.00468281376415558,-0.015004413062665534,0.05081519086205222,-0.05431740027434884,9.05607115060954,-0.038259364534328766,0.30258302583025787,2.357,2024-10-15 16:00:00+00:00,0.07467119219346618,-0.11752227407721683,True,False,False,False,False,False,False,False,False,False
WLDUSDT,2024-11-12 00:00:00+00:00,2024-11-12 08:00:00+00:00,0.008726888717335068,0.024845585844982088,0.07391152560969538,-0.22797203819676126,-18.04009807723677,0.009440263923605974,0.3461538461538459,2.452,2024-11-12 12:00:00+00:00,0.0367047308319739,-0.1349918433931484,False,False,False,False,False,False,False,False,False,False
WLDUSDT,2024-11-28 00:00:00+00:00,2024-11-29 04:00:00+00:00,0.03073252671183835,0.03704612365063786,0.057328145265888475,-0.013564152536196694,8.167613939344562,0.007711735464562164,0.13725490196078619,2.818,2024-11-29 08:00:00+00:00,0.32576295244854503,-0.00035486160397446564,True,True,True,True,True,False,False,False,False,False
WLDUSDT,2025-04-26 00:00:00+00:00,2025-04-26 08:00:00+00:00,0.04082090765261959,0.05563909774436082,0.08432331702771956,-0.19030600115859497,-16.246206498646103,-0.009351946244218534,0.054945054945056235,1.093,2025-04-26 12:00:00+00:00,0.151875571820677,-0.08142726440988102,True,True,True,True,True,False,False,False,False,False
WLDUSDT,2025-05-11 00:00:00+00:00,2025-05-11 12:00:00+00:00,0.005088337135157994,0.00498098170621275,0.029941236824923,-0.10416323618407575,-9.194702917965948,-0.023905473962156698,0.16666666666666835,1.233,2025-05-11 16:00:00+00:00,0.09570154095701522,-0.09570154095701544,True,False,True,True,True,False,False,False,False,False
WLDUSDT,2025-05-22 00:00:00+00:00,2025-05-22 20:00:00+00:00,0.11934438929400382,0.15347498518581237,0.1105574880135376,-0.10149670496997265,-12.922408055619826,0.02644269318769843,0.285714285714286,1.515,2025-05-23 00:00:00+00:00,0.055445544554455495,-0.13399339933993393,True,False,True,True,True,False,False,False,False,False
WLDUSDT,2025-09-08 00:00:00+00:00,2025-09-09 12:00:00+00:00,0.09237612852956989,0.1147351218847883,0.20416530009839295,-0.21013216526357348,-20.89340481245759,-0.032391911944202434,0.21246458923512737,1.82,2025-09-09 16:00:00+00:00,0.1428571428571428,-0.15934065934065933,True,True,False,True,True,False,False,False,False,False
WLDUSDT,2026-05-25 00:00:00+00:00,2026-05-26 20:00:00+00:00,0.040115967365286886,0.05126849894291752,0.0927498810898959,-0.03980307455644916,11.093875362342445,-0.010402652531458889,0.10344827586206896,0.3758,2026-05-27 00:00:00+00:00,0.014103246407663583,-0.2682277807344332,False,False,False,False,False,False,False,False,False,False
WLDUSDT,2026-06-04 00:00:00+00:00,2026-06-04 04:00:00+00:00,0.03560307416134978,0.05689773507206586,0.09302325581395343,-0.10154643815265263,-7.114017359697229,-0.01412785147347273,0.4060606060606056,0.5133,2026-06-04 08:00:00+00:00,0.23066432885252297,-0.23709331774790565,True,True,False,False,False,False,False,False,False,False
WLDUSDT,2026-06-16 00:00:00+00:00,2026-06-17 08:00:00+00:00,0.004993039966577628,-0.0019702090799461613,0.04616286714405016,-0.14167486752121616,-10.90420003435645,-0.013734632872550945,0.282167042889392,0.653,2026-06-17 12:00:00+00:00,0.050995405819295625,-0.09601837672281777,True,False,True,True,True,False,False,False,False,False
WLDUSDT,2026-09-07 00:00:00+00:00,2026-09-08 16:00:00+00:00,-0.0008616151322581311,-0.009634780132418808,0.03314781670630329,-0.17539811980659203,-17.983401610739072,-0.04641685820810648,0.04633204633204555,0.4637,2026-09-08 20:00:00+00:00,0.01035152037955589,-0.16907483286607727,False,False,False,False,False,False,False,False,False,False
WLDUSDT,2026-09-27 00:00:00+00:00,2026-09-28 00:00:00+00:00,-0.01681027014402825,-0.02849294850770756,0.024809360754574294,-0.09069785525205976,-0.3634700941367015,-0.03915222176211963,0.19281045751633702,0.5267,2026-09-28 04:00:00+00:00,0.12037212834630728,-0.11467628631099291,True,True,False,False,False,False,False,False,False,False
DOGEUSDT,2024-09-28 00:00:00+00:00,2024-09-30 08:00:00+00:00,-0.02958891339570291,-0.03793323750199651,-0.02026445505046537,-0.06893540058026826,-4.864249108867824,-0.03872291840788167,0.343589743589742,0.12046,2024-09-30 12:00:00+00:00,0.0057280425037355975,-0.1608832807570978,False,False,False,False,False,False,False,False,False,False
DOGEUSDT,2024-10-28 00:00:00+00:00,2024-10-30 12:00:00+00:00,-0.013560044696913853,-0.02804397671820802,0.01260120654072061,-0.06897461585744769,3.569366615061732,-0.041952714562839,0.09481481481481498,0.16533,2024-10-30 16:00:00+00:00,0.0502631101433495,-0.13996249924393633,True,False,True,True,True,False,False,False,False,False
DOGEUSDT,2024-11-09 00:00:00+00:00,2024-11-12 12:00:00+00:00,0.06525212932328306,0.08111825790452576,0.12247331509033921,-0.12117099621603666,-2.1454775817526723,-0.025208395571629905,0.49214659685863904,0.37204,2024-11-12 16:00:00+00:00,0.16681002042791104,-0.08611977206751953,True,True,False,True,True,False,False,False,False,False
DOGEUSDT,2024-11-23 00:00:00+00:00,2024-11-23 16:00:00+00:00,-0.015500551943760654,-0.010231015393240006,0.04790228618984682,-0.20158185469759193,-5.534875241065954,-0.02346185753000629,0.22033514492753645,0.42373,2024-11-23 20:00:00+00:00,0.07049300261959268,-0.13860241191324663,True,False,True,True,True,False,False,False,False,False
DOGEUSDT,2025-05-09 00:00:00+00:00,2025-05-11 04:00:00+00:00,0.011283437764221915,0.013684025196603722,0.05357207265232522,-0.11968534396851527,4.147041794196369,-0.03507536112843457,0.17411607738492332,0.23029,2025-05-11 08:00:00+00:00,0.10039515393634124,-0.07186590820270089,True,True,True,True,True,False,False,False,False,False
DOGEUSDT,2025-07-19 00:00:00+00:00,2025-07-22 16:00:00+00:00,-0.02329972810384573,-0.033751803334256425,-0.010370303704673511,-0.10521909416513153,-5.649772782331958,-0.03604171156593905,0.14760746147607356,0.25973,2025-07-22 20:00:00+00:00,0.043814730681861924,-0.14969391290956002,False,False,False,False,False,False,False,False,False,False
DOGEUSDT,2025-09-13 00:00:00+00:00,2025-09-14 12:00:00+00:00,-0.03185997858655043,-0.048272106531545456,0.009229809791082122,-0.17042761596465728,-3.743648307846918,-0.050751966081933886,0.07681660899653969,0.27381,2025-09-14 16:00:00+00:00,0.054709470070486876,-0.06139293670793611,True,False,False,True,True,False,False,False,False,False
DOGEUSDT,2026-08-21 00:00:00+00:00,2026-08-22 08:00:00+00:00,0.022991519989323805,0.027617571584644063,0.05097463284379167,-0.13676553674426717,0.1371633772404124,-0.03518260020288155,0.37823834196891215,0.08988,2026-08-22 12:00:00+00:00,0.06052514463729408,-0.06708945260347143,True,False,True,True,True,False,False,False,False,False
DOGEUSDT,2026-09-21 00:00:00+00:00,2026-09-23 12:00:00+00:00,-0.055754859657323075,-0.06628271080295234,-0.008119620197000743,-0.24404316143324944,-10.482578910100713,-0.071531512767812,0.03566710700132181,0.09277,2026-09-23 16:00:00+00:00,0.0762099816751105,-0.01767812870540053,True,False,True,True,True,True,True,True,True,True
ENAUSDT,2024-09-30 00:00:00+00:00,2024-09-30 12:00:00+00:00,-0.013277977222901693,-0.005271389677344751,0.02798785208122445,-0.11076186614765615,,,0.03539823008849421,0.3816,2024-09-30 16:00:00+00:00,0.0398322851153039,-0.28459119496855334,False,False,False,False,False,False,False,False,False,False
ENAUSDT,2024-10-14 00:00:00+00:00,2024-10-15 16:00:00+00:00,0.008668918849163099,-0.0047938638542665,0.03643590592911572,-0.08156797547842753,-7.721688826782511,-0.032958936819202034,0.06028368794326364,0.4153,2024-10-15 20:00:00+00:00,0.08451721647002164,-0.12135805441849268,True,False,True,True,True,False,False,False,False,False
ENAUSDT,2024-11-06 00:00:00+00:00,2024-11-07 16:00:00+00:00,0.057802299949023084,0.0561766543990001,0.09858617708386297,-0.01875362965081795,-0.5153199985083035,-0.019367632088140407,0.6209150326797377,0.507,2024-11-07 20:00:00+00:00,0.3299802761341224,-0.06508875739644981,True,True,False,True,True,False,False,False,False,False
ENAUSDT,2024-11-23 00:00:00+00:00,2024-11-24 08:00:00+00:00,-0.04672942620519083,-0.060846560846560926,0.023139794077061904,-0.16320386151385846,-3.865164669905667,-0.055729404697762885,0.05140186915888055,0.6035,2024-11-24 12:00:00+00:00,0.26296603148301556,-0.07903893951946983,True,True,True,True,True,False,False,False,False,True
ENAUSDT,2024-12-06 00:00:00+00:00,2024-12-07 12:00:00+00:00,-0.0010625111337667636,-0.007323001167892307,0.03239156646136765,-0.07089231117700368,4.119728014822279,-0.01925007026368919,0.19313304721030217,1.0483,2024-12-07 16:00:00+00:00,0.09052752074787751,-0.18515692072879908,True,False,False,False,False,False,False,False,False,False
ENAUSDT,2025-05-13 00:00:00+00:00,2025-05-14 08:00:00+00:00,0.014211446760273416,0.034482758620689724,0.03267700041893584,-0.020567446130529188,-0.07349621741811063,0.009386135151864483,0.5499999999999984,0.4249,2025-05-14 12:00:00+00:00,0.0016474464579900872,-0.18545540127088722,False,False,False,False,False,False,False,False,False,False
ENAUSDT,2025-07-20 00:00:00+00:00,2025-07-21 16:00:00+00:00,0.045385759790492974,0.029923329682365996,0.04759500642555525,-0.04988060797577809,-8.376937669828735,0.005621330686840231,0.155612244897959,0.5224,2025-07-21 20:00:00+00:00,0.19544410413476276,-0.18759571209800918,True,True,False,False,False,False,False,False,False,False
ENAUSDT,2025-08-09 00:00:00+00:00,2025-08-12 08:00:00+00:00,-0.019575217272895018,-0.0346360385979928,0.0026020401101716217,-0.07002344070387745,0.8761739058193996,-0.03792103005145875,0.4915611814345989,0.7769,2025-08-12 12:00:00+00:00,0.085339168490153,-0.12781567769339686,True,False,True,True,True,False,False,False,False,False
ENAUSDT,2025-09-09 00:00:00+00:00,2025-09-09 12:00:00+00:00,-0.003507371215770827,-0.0013880126182964636,0.031677153395530455,-0.19487614946112397,-11.637542041069281,-0.011503552745158574,0.24625623960066598,0.7915,2025-09-09 16:00:00+00:00,0.05950726468730272,-0.07719519898926086,True,False,True,True,True,False,False,False,False,False
ENAUSDT,2026-04-17 00:00:00+00:00,2026-04-18 00:00:00+00:00,0.045394643156279724,0.04817228676678953,0.0658411356085773,-0.03760554856599485,7.172736328075075,0.0038908021751109523,0.14285714285714332,0.1233,2026-04-18 04:00:00+00:00,0.02108678021086785,-0.15247364152473653,False,False,False,False,False,False,False,False,False,False
ENAUSDT,2026-05-10 00:00:00+00:00,2026-05-11 00:00:00+00:00,-0.02093134891026005,-0.022371554950663675,0.006420683160688556,-0.11810169639524848,2.3100844306115107,-0.025775966667241912,0.25,0.1276,2026-05-11 04:00:00+00:00,0.042319749216300995,-0.13949843260188088,False,False,False,False,False,False,False,False,False,False
ENAUSDT,2026-08-20 00:00:00+00:00,2026-08-21 16:00:00+00:00,0.08579241315156705,0.10837837837837827,0.15360631885262932,-0.20366108381438908,-20.365471545628708,-0.029010800042505447,0.0898876404494376,0.1367,2026-08-21 20:00:00+00:00,0.3423555230431603,-0.013167520117044584,True,True,True,True,True,False,False,False,False,False
ENAUSDT,2026-09-19 00:00:00+00:00,2026-09-20 04:00:00+00:00,0.02142125285127916,0.01867099617302559,0.06018319296735708,-0.03212450436717873,7.303044309063878,-0.023849400746193794,0.3387096774193572,0.1952,2026-09-20 08:00:00+00:00,0.21670081967213095,0.0,True,True,True,True,True,False,False,False,False,False
MOVRUSDT,2024-11-08 00:00:00+00:00,2024-11-09 00:00:00+00:00,0.10106162545092112,0.13572190094659664,0.07090219234007189,-0.2191185005418005,-31.1213609367192,-0.01634985254903465,0.009523809523808865,11.724,2024-11-09 04:00:00+00:00,0.1038041624019106,-0.12427499147048793,True,True,True,True,True,False,False,False,False,False
MOVRUSDT,2024-11-23 00:00:00+00:00,2024-11-24 00:00:00+00:00,0.12283185430292587,0.17495057244011236,0.14811849479583672,-0.14239993574049914,-13.481833175486145,0.0229510557613557,0.18941504178273122,17.03,2024-11-24 04:00:00+00:00,0.03910745742806809,-0.11884908984145626,False,False,False,False,False,False,False,False,False,False
MOVRUSDT,2024-12-03 00:00:00+00:00,2024-12-05 12:00:00+00:00,-0.022412968539317735,-0.03855605457164657,-0.002406420126012776,-0.08144063693467363,-2.110624452393523,-0.046095643423448296,0.2843137254901958,18.932,2024-12-05 16:00:00+00:00,0.08578068878090028,-0.325110923304458,True,False,False,True,True,False,False,False,False,False
MOVRUSDT,2025-05-09 00:00:00+00:00,2025-05-13 00:00:00+00:00,-0.04899615696059778,-0.059211712023956364,-0.005939748077506302,-0.25526853136408556,-19.389859475788356,-0.08717224696654957,0.1798319327731094,7.539,2025-05-13 04:00:00+00:00,0.10080912587876378,-0.08330017243666266,True,True,True,True,True,True,True,True,True,False
MOVRUSDT,2025-08-10 00:00:00+00:00,2025-08-11 04:00:00+00:00,-0.014429143388068444,-0.016686812238042026,0.013072311190979624,-0.19003114346700856,-16.012026510584725,-0.04458323261313246,0.1057142857142856,6.959,2025-08-11 08:00:00+00:00,0.03218853283517742,-0.1018824543756286,False,False,False,False,False,False,False,False,False,False
MOVRUSDT,2026-04-16 00:00:00+00:00,2026-04-17 00:00:00+00:00,0.0809474850621752,0.1021333781286744,0.06579536299346511,0.007547692600303968,-2.604923372353454,0.04337837565792113,0.44086021505376277,1.454,2026-04-17 04:00:00+00:00,2.0233837689133427,-0.01856946354883071,True,True,True,True,True,False,False,False,False,False
MOVRUSDT,2026-09-29 00:00:00+00:00,2026-09-30 12:00:00+00:00,0.23331010774124517,0.31324587388912395,0.22689511941848406,0.01697190929994785,6.30308874592923,0.035127480990194915,0.7370370370370373,1.724,2026-09-30 16:00:00+00:00,0.9373549883990719,-0.06380510440835263,True,True,False,True,True,False,False,False,False,False
AAVEUSDT,2024-08-01 00:00:00+00:00,2024-08-03 16:00:00+00:00,-0.046615327689882635,-0.04952090982358737,-0.012701874336908947,-0.21810099235107416,-7.70988212750899,-0.03385415495946675,0.05175983436853004,106.21,2024-08-03 20:00:00+00:00,0.05460879389887974,-0.2830241973448827,True,False,True,True,True,True,True,True,False,True
AAVEUSDT,2024-09-10 00:00:00+00:00,2024-09-12 12:00:00+00:00,-0.02539565276773048,-0.035355265313416706,-0.009134374169938009,-0.11076064950730802,2.7772924351632398,-0.041362451782724685,0.16498316498316332,143.96,2024-09-12 16:00:00+00:00,0.04167824395665454,-0.05216726868574617,False,False,False,False,False,False,False,False,False,False
AAVEUSDT,2024-09-22 00:00:00+00:00,2024-09-24 12:00:00+00:00,-0.014596616047617195,-0.02887609270574132,0.005679622144630692,-0.06715679822900233,-1.8719056158247867,-0.0627799074326667,0.3850574712643695,165.66,2024-09-24 16:00:00+00:00,0.05022334902812986,-0.04623928528310994,True,False,True,True,True,False,False,False,False,False
AAVEUSDT,2024-12-07 00:00:00+00:00,2024-12-09 04:00:00+00:00,-0.022702981264683952,-0.027646573475073932,-0.007005711435933315,-0.0633138734673856,3.3739733669017227,-0.03889559571529311,0.4826291079812204,271.0,2024-12-09 08:00:00+00:00,0.4629151291512914,-0.17110701107011073,True,True,False,False,False,False,False,False,False,False
AAVEUSDT,2025-05-20 00:00:00+00:00,2025-05-21 16:00:00+00:00,-0.021319240321074573,-0.03593572388136823,-0.009692095803787382,-0.08901799170070057,-5.46894837628453,-0.03393581570101145,0.31914893617021317,248.76,2025-05-21 20:00:00+00:00,0.11336227689339129,-0.038229618909792484,True,True,True,True,True,False,False,False,False,False
AAVEUSDT,2025-06-10 00:00:00+00:00,2025-06-12 00:00:00+00:00,-0.01819218887019025,-0.03186900987342767,-0.0008957951807663234,-0.09624699025351091,-4.267938895804903,-0.055080461060067254,0.20841300191204695,297.53,2025-06-12 04:00:00+00:00,0.04046650757906778,-0.120895371895271,False,False,False,False,False,False,False,False,False,False
AAVEUSDT,2025-08-23 00:00:00+00:00,2025-08-24 00:00:00+00:00,0.014675815513305324,0.0025922271260547802,0.04756317659532727,-0.08437018079242786,-7.1620884213512,-0.016500960181989766,0.23671013039117558,351.11,2025-08-24 04:00:00+00:00,0.02677223662100192,-0.11614593717068733,False,False,False,False,False,False,False,False,False,False
AAVEUSDT,2026-08-21 00:00:00+00:00,2026-08-24 20:00:00+00:00,-0.014307246439046906,-0.03837209302325584,0.023454157782516027,-0.060438259973524255,-3.882236119710356,-0.038740730589652994,0.39516129032257813,132.32,2026-08-25 00:00:00+00:00,0.03090991535671095,-0.09522370012091896,False,False,False,False,False,False,False,False,False,False
AAVEUSDT,2026-09-21 00:00:00+00:00,2026-09-23 12:00:00+00:00,-0.043180039373607704,-0.04405107814650555,0.0016620328883374391,-0.26257888560734877,-12.400048555657854,-0.04838040668294341,0.0688976377952745,138.89,2026-09-23 16:00:00+00:00,0.1334149326805385,-0.028511771905824657,True,True,True,True,True,True,True,True,False,True
UNIUSDT,2024-06-16 00:00:00+00:00,2024-06-17 00:00:00+00:00,-0.03352975774821321,-0.04109151143529688,0.010275681864889696,-0.2799156341936305,-26.885679279833525,-0.05175125883813847,0.01102204408817735,11.005,2024-06-17 04:00:00+00:00,0.021808268968650513,-0.16056338028169026,False,False,False,False,False,False,True,True,False,False
UNIUSDT,2024-10-10 00:00:00+00:00,2024-10-12 00:00:00+00:00,-0.014118097887146575,-0.027050683561187117,-0.0012488552160518918,-0.07550359310737753,-4.033644494490396,-0.04668172453307173,0.05185185185184951,7.781,2024-10-12 04:00:00+00:00,0.06811463822130825,-0.030715846292250326,True,False,True,True,True,False,False,False,False,False
UNIUSDT,2024-11-06 00:00:00+00:00,2024-11-07 08:00:00+00:00,0.015855718994299606,-0.010280684885913938,0.07681586492513537,-0.002293207113691076,10.433721749888662,-0.03372669738774525,0.5327102803738222,8.921,2024-11-07 12:00:00+00:00,0.20659118932855058,-0.04483802264320125,True,True,True,True,True,False,False,False,False,False
UNIUSDT,2024-11-23 00:00:00+00:00,2024-11-24 12:00:00+00:00,-0.03491516193432531,-0.05405209765984509,0.02676732284300609,-0.11960752030844124,3.2199528688318324,-0.04894020566819468,0.20499999999999943,10.165,2024-11-24 16:00:00+00:00,0.35730447614363037,-0.006099360550909871,True,True,True,True,True,False,False,False,False,False
UNIUSDT,2024-12-03 00:00:00+00:00,2024-12-05 00:00:00+00:00,-0.0163266129667754,-0.02118221618575622,0.03403505102269522,-0.13219077915053723,2.003528973250404,-0.037186851279753186,0.3302083333333338,15.053,2024-12-05 04:00:00+00:00,0.2934298810868263,-0.06995283332226143,True,True,True,True,True,False,False,False,False,False
UNIUSDT,2025-05-10 00:00:00+00:00,2025-05-11 04:00:00+00:00,0.026188941410674182,0.03155221256227425,0.05039760581445041,-0.09481559849448906,3.8189497615905736,-0.020628374044877718,0.1954022988505737,7.04,2025-05-11 08:00:00+00:00,0.05113636363636376,-0.13196022727272727,True,False,True,True,True,False,False,False,False,False
UNIUSDT,2025-06-10 00:00:00+00:00,2025-06-12 04:00:00+00:00,-0.011533366241688991,-0.033535020663947535,-0.0036467374483603043,-0.05620572527426404,-1.761801301435625,-0.030797330906189746,0.12244897959183407,7.952,2025-06-12 08:00:00+00:00,0.012575452716297786,-0.1466297786720322,False,False,False,False,False,False,False,False,False,False
UNIUSDT,2025-07-11 00:00:00+00:00,2025-07-12 12:00:00+00:00,-0.03365493481127513,-0.04877673093214885,0.0021095418178076475,-0.12108358669167152,-4.7005904411863355,-0.06335656387753597,0.17877094972067029,8.234,2025-07-12 16:00:00+00:00,0.17658489191158622,-0.004372115618168526,True,True,True,True,True,False,False,False,False,False
UNIUSDT,2025-07-21 00:00:00+00:00,2025-07-22 00:00:00+00:00,-0.006704689117481011,-0.007961667584787557,0.0021352832114660547,-0.09504608030788186,-6.9669082624022,-0.01959400331228467,0.2380952380952374,10.604,2025-07-22 04:00:00+00:00,0.022915880799698307,-0.09241795548849474,False,False,False,False,False,False,False,False,False,False
UNIUSDT,2026-07-30 00:00:00+00:00,2026-08-01 04:00:00+00:00,-0.0353745531691132,-0.049421525934705834,-0.0031849587753318698,-0.193427975580873,-8.603877351005963,-0.06028165909074601,0.07589285714285864,4.099,2026-08-01 08:00:00+00:00,0.04781654061966334,-0.0763600878262991,False,False,False,False,False,False,False,False,True,False
UNIUSDT,2026-08-23 00:00:00+00:00,2026-08-24 12:00:00+00:00,-0.010016538162476052,-0.017374810318664613,0.00841622035195111,-0.04929942597864012,-2.0285610677673844,-0.04109033484197022,0.24725274725274754,4.318,2026-08-24 16:00:00+00:00,0.1218156553960168,-0.040064844835572044,True,True,True,True,True,False,False,False,False,False
UNIUSDT,2026-09-02 00:00:00+00:00,2026-09-02 08:00:00+00:00,-0.007302694300696078,-0.012842286041408246,0.04982170760046478,-0.24476846923889883,-22.645961908776727,-0.03316621252919638,0.07164179104477619,5.747,2026-09-02 12:00:00+00:00,0.30207064555420216,-0.01914042108926406,True,True,True,True,True,False,False,False,False,False
UNIUSDT,2026-09-17 00:00:00+00:00,2026-09-19 16:00:00+00:00,-0.002987162462483317,-0.020996227923359534,0.01911914460285158,-0.07219739370361666,1.759528798931683,-0.0301629945734615,0.32248520710059075,8.711,2026-09-19 20:00:00+00:00,0.25611296062449784,-0.029273332568017563,True,True,True,True,True,False,False,False,False,False
PUMPUSDT,2026-05-08 00:00:00+00:00,2026-05-12 00:00:00+00:00,-0.039815799866175894,-0.04734719530718079,-0.015621777686121052,-0.18406004692872646,-6.54654806225259,-0.043487478994691964,0.054347826086954265,0.002022,2026-05-12 04:00:00+00:00,0.011869436201780381,-0.15578635014836795,False,False,False,False,False,False,False,False,False,True
PUMPUSDT,2026-07-19 00:00:00+00:00,2026-07-22 16:00:00+00:00,-0.04247147196100498,-0.050045034902048924,-0.017695200176952253,-0.13014096629580185,-5.806734223410324,-0.05035587581775913,0.11881188118811745,0.001875,2026-07-22 20:00:00+00:00,0.16480000000000006,-0.061866666666666625,True,True,False,True,True,False,False,False,False,True
PUMPUSDT,2026-08-04 00:00:00+00:00,2026-08-06 00:00:00+00:00,-0.022818065346975946,-0.040684150513112805,0.018393794416833087,-0.12069122328890702,-6.464717155016942,-0.05984114748730007,0.20155038759689944,0.002337,2026-08-06 04:00:00+00:00,0.2353444587077449,-0.04150620453572973,True,True,True,True,True,False,False,False,False,False
PUMPUSDT,2026-08-20 00:00:00+00:00,2026-08-21 16:00:00+00:00,0.023204455488403886,0.016533968733654758,0.08063807071531759,-0.17178729500408774,-15.297477701427738,-0.024561289242305717,0.19397993311036768,0.003888,2026-08-21 20:00:00+00:00,0.4009773662551439,-0.07073045267489719,True,True,True,True,True,False,False,False,False,False
PUMPUSDT,2026-09-28 00:00:00+00:00,2026-09-28 20:00:00+00:00,-4.8223695421345525e-05,-0.014640865566195038,0.04131868131868144,-0.10644320788502704,-6.702659182879614,-0.032846943910927906,0.33263157894736894,0.004929,2026-09-29 00:00:00+00:00,0.24934063704605403,-0.050923108135524475,True,True,False,True,True,False,False,False,False,False
AVAXUSDT,2024-11-10 00:00:00+00:00,2024-11-12 12:00:00+00:00,-0.0059138818549153704,-0.004374081932430274,0.02881418544514247,-0.05939576189692386,14.641346412248424,-0.04265775248527881,0.49003984063745076,33.9,2024-11-12 16:00:00+00:00,0.09941002949852518,-0.09764011799410022,True,False,False,False,True,False,False,False,False,False
AVAXUSDT,2024-11-22 00:00:00+00:00,2024-11-23 20:00:00+00:00,0.0032401994326585193,-0.013281125985501907,0.0458192684411487,-0.03999878287996683,4.33834160688766,-0.048875881676436195,0.4716981132075462,41.44,2024-11-24 00:00:00+00:00,0.15661196911196917,-0.07553088803088792,True,True,False,False,True,False,False,False,False,False
AVAXUSDT,2024-12-02 00:00:00+00:00,2024-12-05 00:00:00+00:00,-0.029767091879156604,-0.03520030297929644,0.011621472053126691,-0.10650825335940439,0.431205005786893,-0.05285174612254495,0.3973941368078195,50.94,2024-12-05 04:00:00+00:00,0.0677267373380448,-0.20691009030231644,True,False,True,True,True,False,False,False,False,False
AVAXUSDT,2025-05-09 00:00:00+00:00,2025-05-12 16:00:00+00:00,-0.014374600227702428,-0.01761976982781699,-0.006514513627298935,-0.04302622502432385,-0.06998492596652284,-0.02913361995649344,0.5138888888888874,24.47,2025-05-12 20:00:00+00:00,0.08459337964854918,-0.09644462607274207,True,False,True,True,True,False,False,False,False,False
AVAXUSDT,2026-08-20 00:00:00+00:00,2026-08-22 08:00:00+00:00,-0.0038581603893199645,-0.01089369158878506,0.025763930497303633,-0.04792693996827313,19.636569397486888,-0.06284793519117993,0.5741935483870957,7.526,2026-08-22 12:00:00+00:00,0.02763752325272395,-0.0495615200637789,False,False,False,False,False,False,False,False,False,False
AVAXUSDT,2026-09-19 00:00:00+00:00,2026-09-20 04:00:00+00:00,0.03744859000849088,0.04222072061201332,0.0631686978832584,0.004311558563666162,18.53852269303279,-0.032780815576123334,0.2985507246376799,9.596,2026-09-20 08:00:00+00:00,0.22957482284285113,0.0,True,True,True,True,True,False,False,False,False,False
LINKUSDT,2024-11-08 00:00:00+00:00,2024-11-12 12:00:00+00:00,-0.029202793422252737,-0.030972426044643564,-0.000848896434634816,-0.08058192254159413,9.414172916275142,-0.051807252069965504,0.4117647058823522,13.95,2024-11-12 16:00:00+00:00,0.06810035842293916,-0.0888888888888888,True,False,False,False,True,False,False,False,False,False
LINKUSDT,2024-11-22 00:00:00+00:00,2024-11-24 08:00:00+00:00,-0.02472240182330887,-0.03764886669227829,0.035264483627204024,-0.2058580848061743,-9.874669591348187,-0.06649909263978104,0.008474576271184756,16.69,2024-11-24 12:00:00+00:00,0.1420011983223486,-0.03535050928699823,True,True,True,True,True,False,False,False,True,False
LINKUSDT,2024-12-02 00:00:00+00:00,2024-12-03 00:00:00+00:00,0.10022361349510689,0.13947891597781736,0.09787478460654775,-0.1214679051978732,-13.287323541597488,0.023630785645630148,0.2514970059880231,24.21,2024-12-03 04:00:00+00:00,0.11069805865344895,-0.07434944237918217,True,True,True,True,True,False,False,False,False,False
LINKUSDT,2024-12-12 00:00:00+00:00,2024-12-12 16:00:00+00:00,0.026150280164884743,0.03846153846153855,0.07460763105813051,-0.1074313445859636,-8.280220068143336,0.01912676051503226,0.035294117647060176,26.95,2024-12-12 20:00:00+00:00,0.1480519480519482,-0.007421150278293154,True,True,True,True,True,False,False,False,False,False
LINKUSDT,2025-05-09 00:00:00+00:00,2025-05-12 16:00:00+00:00,-0.02038946466066538,-0.024522982099534296,-0.00144045046814667,-0.08532317274772028,0.36042512282706696,-0.04227943454821159,0.5,16.53,2025-05-12 20:00:00+00:00,0.07743496672716255,-0.08832425892317008,True,False,True,True,True,False,False,False,False,False
LINKUSDT,2025-08-20 00:00:00+00:00,2025-08-22 00:00:00+00:00,-0.019071851950201668,-0.03364380222841212,-0.0039018468741871537,-0.025019929152248266,-0.27885102271113027,-0.03559251753935877,0.20833333333333662,24.67,2025-08-22 04:00:00+00:00,0.12971220105391157,-0.07255776246453194,True,True,True,True,True,False,False,False,False,False
LINKUSDT,2026-08-19 00:00:00+00:00,2026-08-22 12:00:00+00:00,0.001852879883371683,-0.00869961198022895,0.02715844864548811,-0.026978885792239504,-0.28018091561105507,-0.04153031249770356,0.318289786223275,11.61,2026-08-22 16:00:00+00:00,0.031869078380706295,-0.052540913006029255,False,False,False,False,False,False,False,False,False,False
LINKUSDT,2026-09-06 00:00:00+00:00,2026-09-08 08:00:00+00:00,-0.01475451212464629,-0.027382341501361207,0.00010373174969524612,-0.09580591657085546,-6.203244955240777,-0.038692578275135836,0.11550151975683946,12.504,2026-09-08 12:00:00+00:00,0.023272552783109468,-0.1000479846449136,False,False,False,False,False,False,False,False,False,False
LINKUSDT,2026-09-28 00:00:00+00:00,2026-09-30 00:00:00+00:00,-0.020837900044242796,-0.037369407982855596,0.010770480459701082,-0.06784253973721521,-3.204907158489412,-0.05019635835192948,0.18027210884353992,14.373,2026-09-30 04:00:00+00:00,0.030682529743268683,-0.022403116955402425,False,False,False,False,False,False,False,False,False,False
ADAUSDT,2024-11-08 00:00:00+00:00,2024-11-10 20:00:00+00:00,0.06796651849829605,0.08829918032786899,0.11306251853203486,-0.11455778302562625,-11.183570281771424,-0.013814502299642761,0.6518723994452146,0.5903,2024-11-11 00:00:00+00:00,0.19854311367101474,-0.12044723022192116,True,True,False,True,True,False,False,False,False,False
ADAUSDT,2024-11-22 00:00:00+00:00,2024-11-24 08:00:00+00:00,-0.03544436099753823,-0.06531477936992391,0.026246774895681613,-0.19425945297342695,-12.107209797469935,-0.0627297765410898,0.06549118387909296,1.0039,2024-11-24 12:00:00+00:00,0.08277716904074106,-0.1290965235581234,True,False,False,True,True,False,False,False,True,False
ADAUSDT,2024-12-02 00:00:00+00:00,2024-12-02 08:00:00+00:00,-0.02584461496848367,-0.01975855171643537,0.00987428993294115,-0.2231248011412399,-14.797479541812287,-0.016804161953987373,0.15841584158415858,1.073,2024-12-02 12:00:00+00:00,0.23616029822926388,-0.004659832246039053,True,True,True,True,True,False,True,False,False,False
ADAUSDT,2025-03-03 00:00:00+00:00,2025-03-03 04:00:00+00:00,0.11334485404521089,0.17265613958448434,0.20133668791578563,-0.09653093488508102,2.5142221939279636,0.05176180948206377,0.29893617021276586,1.0141,2025-03-03 08:00:00+00:00,0.018637215264766693,-0.2529336357361206,False,False,False,False,False,False,False,False,False,False
ADAUSDT,2025-05-10 00:00:00+00:00,2025-05-13 00:00:00+00:00,-0.03931618253718805,-0.0461527929901423,0.0017555409260476829,-0.22469713526790713,-15.935296241019685,-0.057276324751961094,0.0,0.7741,2025-05-13 04:00:00+00:00,0.08758558325797705,-0.06123239891486887,True,False,True,True,True,True,True,True,False,True
ADAUSDT,2025-07-21 00:00:00+00:00,2025-07-23 08:00:00+00:00,-0.016384257624506127,-0.01858947608027628,-0.00833939454741539,-0.0331541729439363,2.584718743465487,-0.030764357072869397,0.3862433862433843,0.8623,2025-07-23 12:00:00+00:00,0.0004638756813175604,-0.11712860953264526,False,False,False,False,False,False,False,False,False,False
ADAUSDT,2025-08-14 00:00:00+00:00,2025-08-14 12:00:00+00:00,0.004559497609267105,0.007028027434709649,0.042918238358964134,-0.1327833170357834,1.4145557436390774,-0.019460351162299383,0.4386740331491719,0.9251,2025-08-14 16:00:00+00:00,0.06777645659928644,-0.07037077072748898,True,False,False,True,True,False,False,False,False,False
ADAUSDT,2026-08-06 00:00:00+00:00,2026-08-09 20:00:00+00:00,-0.015821795228957325,-0.018117567870765128,-0.00607682444109936,-0.1355836988884218,-7.254190472898912,-0.03298597136346848,0.1833333333333361,0.1944,2026-08-10 00:00:00+00:00,0.025205761316872577,-0.08384773662551426,False,False,False,False,False,False,False,False,False,False
ADAUSDT,2026-08-21 00:00:00+00:00,2026-08-22 08:00:00+00:00,0.013213547868070608,0.010581745235707096,0.0575444179262794,-0.09979544484504121,7.7798841647312855,-0.04671641180738939,0.40243902439024365,0.2239,2026-08-22 12:00:00+00:00,0.04600267976775352,-0.09557838320678869,False,False,False,False,False,False,False,False,False,False
PEPEUSDT,2024-05-13 00:00:00+00:00,2024-05-13 20:00:00+00:00,0.06217527197717332,0.08178844056706658,0.053484809803421074,-0.1307707046827713,-15.025343711178678,-0.014025935711089788,0.3939393939393935,9.91e-06,2024-05-14 00:00:00+00:00,0.1715438950554995,-0.07467204843592323,True,True,True,True,True,False,False,False,False,False
PEPEUSDT,2024-05-23 00:00:00+00:00,2024-05-24 00:00:00+00:00,0.029760433051829516,0.0303006329113924,0.01919045315271739,-0.08009078872921982,-12.405326298850639,-0.030038255814252568,0.0909090909090921,1.446e-05,2024-05-24 04:00:00+00:00,0.1929460580912863,-0.0705394190871369,True,True,False,True,True,False,False,False,False,False
PEPEUSDT,2024-09-29 00:00:00+00:00,2024-09-30 12:00:00+00:00,-0.03603893559077265,-0.043884034948371786,-0.013322884012539338,-0.11297653023784682,-3.145440896565262,-0.04960915953200984,0.022727272727272464,1.07e-05,2024-09-30 16:00:00+00:00,0.07009345794392541,-0.22149532710280373,True,False,True,True,True,False,False,False,False,False
PEPEUSDT,2024-11-10 00:00:00+00:00,2024-11-11 04:00:00+00:00,0.0032980909227391386,0.003701989819528073,0.04295366795366795,-0.18932821622769624,-18.31613991354874,-0.03421527157407511,0.28037383177570147,1.205e-05,2024-11-11 08:00:00+00:00,1.1551867219917011,-0.015767634854771728,True,True,True,True,True,False,False,False,False,False
PEPEUSDT,2024-12-07 00:00:00+00:00,2024-12-09 08:00:00+00:00,-0.03173979735888166,-0.04625474628926496,0.012361857336303572,-0.16857374108290257,-10.364349938538453,-0.030559005174531806,0.04945054945054806,2.455e-05,2024-12-09 12:00:00+00:00,0.15519348268839095,-0.11934826883910388,True,True,True,True,True,False,False,False,False,False
PEPEUSDT,2025-04-26 00:00:00+00:00,2025-04-27 08:00:00+00:00,-0.012072084116785398,-0.02532561505065123,0.0055784622847443455,-0.0344481350841348,1.6852297707432342,-0.026985572911164657,0.14285714285714285,8.99e-06,2025-04-27 12:00:00+00:00,0.023359288097886566,-0.06006674082313679,False,False,False,False,False,False,False,False,False,False
PEPEUSDT,2025-05-08 00:00:00+00:00,2025-05-09 00:00:00+00:00,0.09515002675649442,0.12710477081384464,0.10334150432202316,-0.11596184877636473,-12.312802668068386,0.018953227561027353,0.06818181818182124,1.072e-05,2025-05-09 04:00:00+00:00,0.4375,-0.007462686567164312,True,True,True,True,True,False,False,False,False,False
PEPEUSDT,2025-05-22 00:00:00+00:00,2025-05-23 08:00:00+00:00,0.00044876794507975326,0.0011228385358184045,0.041637426900584806,-0.11910913527387423,0.9218572220987298,-0.015394580246412715,0.08620689655172471,1.487e-05,2025-05-23 12:00:00+00:00,0.024209818426361718,-0.1513113651647613,False,False,False,False,False,False,False,False,False,False
PEPEUSDT,2026-01-04 00:00:00+00:00,2026-01-06 16:00:00+00:00,-0.03326812904977605,-0.040586797066014646,-0.01714194168535732,-0.07486916441354063,0.7549008902578294,-0.05375789416023191,0.5588235294117642,6.55e-06,2026-01-06 20:00:00+00:00,0.08396946564885499,-0.10992366412213739,True,False,True,True,True,False,False,False,False,False
PEPEUSDT,2026-08-20 00:00:00+00:00,2026-08-22 08:00:00+00:00,0.04623160453432407,0.05263157894736814,0.0905612244897962,-0.11282139829768512,-3.9852237031267634,-0.025436122215826584,0.36666666666666636,4e-06,2026-08-22 12:00:00+00:00,0.07750000000000012,-0.08749999999999991,True,False,True,True,True,False,False,False,False,False
PEPEUSDT,2026-09-21 00:00:00+00:00,2026-09-22 12:00:00+00:00,0.017444085585419433,0.013879250520471897,0.07217261904761907,-0.03500006248291765,4.403247218787797,-0.04499576199665112,0.37500000000000133,4.87e-06,2026-09-22 16:00:00+00:00,0.04106776180698146,-0.1355236139630389,False,False,False,False,False,False,False,False,False,False
SANDUSDT,2024-11-11 00:00:00+00:00,2024-11-12 12:00:00+00:00,-0.030308029926641056,-0.03376999294912242,0.00642390289449124,-0.08843316712983695,8.097113077401424,-0.04590397289702741,0.1893491124260347,0.2893,2024-11-12 16:00:00+00:00,0.3916349809885933,-0.07984790874524716,True,True,True,True,True,False,False,False,False,False
SANDUSDT,2024-11-23 00:00:00+00:00,2024-11-24 12:00:00+00:00,0.04185128709300212,0.07027805067513526,0.16175182481751826,-0.2683324106403415,-24.20551434051106,-0.03181939709325776,0.1022336769759443,0.5205,2024-11-24 16:00:00+00:00,0.6676272814601345,-0.005187319884726094,True,True,True,True,True,False,False,False,False,False
SANDUSDT,2024-12-03 00:00:00+00:00,2024-12-03 04:00:00+00:00,0.10764537740339164,0.1436965898917555,0.05004529372553712,-0.042011657401188174,-12.091827865350304,0.09012728657388847,0.3096646942800778,0.7807,2024-12-03 08:00:00+00:00,0.3663379018829256,-0.11323171512744967,True,True,True,True,True,False,False,False,False,False
SANDUSDT,2025-05-09 00:00:00+00:00,2025-05-13 00:00:00+00:00,-0.04629145030392834,-0.05596364541832666,-0.0023909330849246624,-0.2518441230796121,-18.984415969636068,-0.07716185971418799,0.05555555555555661,0.3369,2025-05-13 04:00:00+00:00,0.1712674384090236,-0.12051053725140981,True,True,True,True,True,True,True,True,True,True
TAOUSDT,2024-09-20 00:00:00+00:00,2024-09-24 20:00:00+00:00,0.007235151444206611,-0.00038341237009387186,0.004479669193659497,-0.05130948940156066,-5.990564586312267,-0.026511141783856274,0.16499999999999773,550.5,2024-09-25 00:00:00+00:00,0.06630336058128972,-0.08664850136239777,True,False,True,True,True,False,False,False,False,False
TAOUSDT,2024-10-06 00:00:00+00:00,2024-10-07 16:00:00+00:00,0.01290458654985649,0.01774054904255884,0.03778992521732527,-0.04709359853439654,-1.9093048380653883,-0.02414114778322174,0.3194444444444426,618.4,2024-10-07 20:00:00+00:00,0.10316946959896511,-0.1332470892626132,True,True,False,False,False,False,False,False,False,False
TAOUSDT,2025-10-13 00:00:00+00:00,2025-10-14 04:00:00+00:00,-0.017257474377388005,-0.03536256638821422,0.058177299556609885,-0.12467668350879191,-1.831774490405202,-0.021006955298691565,0.42061855670103165,401.5,2025-10-14 08:00:00+00:00,0.19302615193026162,-0.147945205479452,True,True,True,True,True,False,False,False,False,False
TAOUSDT,2025-10-31 00:00:00+00:00,2025-11-02 00:00:00+00:00,-0.007169562754906544,-0.026463777704267222,0.03131823144104828,-0.04027934972556413,0.9115888064831168,-0.04757618364767524,0.11170212765957561,490.5,2025-11-02 04:00:00+00:00,0.053211009174311874,-0.25076452599388377,True,False,True,True,True,False,False,False,False,False
TAOUSDT,2026-03-16 00:00:00+00:00,2026-03-17 04:00:00+00:00,-0.007379452865341696,-0.019032982622059325,0.008224076281287296,-0.0875868009668167,-7.503247668861725,-0.04214881332050591,0.3333333333333347,276.5,2026-03-17 08:00:00+00:00,0.12332730560578664,-0.122242314647378,True,True,False,False,False,False,False,False,False,False
TAOUSDT,2026-09-06 00:00:00+00:00,2026-09-08 08:00:00+00:00,-0.010386960936209944,-0.023637529386620892,-0.007087683558271829,-0.03196207154377906,-0.7240418507330872,-0.01657056742889762,0.3620689655172446,253.7,2026-09-08 12:00:00+00:00,0.06385494678754422,-0.10011824990145834,True,False,True,True,True,False,False,False,False,False
TAOUSDT,2026-09-21 00:00:00+00:00,2026-09-23 12:00:00+00:00,-0.04804118357820031,-0.06658089417819235,-0.011900557949007795,-0.19135450379020813,-5.249752751836965,-0.06188324624193209,0.09599999999999909,290.2,2026-09-23 16:00:00+00:00,0.17608545830461764,-0.04169538249483107,True,True,True,True,True,False,False,False,True,True
LTCUSDT,2024-11-10 00:00:00+00:00,2024-11-12 12:00:00+00:00,-0.023276147028575167,-0.027603334094542187,0.002790937325566345,-0.09556620576394981,10.237669986374797,-0.06123504586892914,0.4984894259818745,75.71,2024-11-12 16:00:00+00:00,0.3008849557522124,-0.050851935015189476,True,True,False,True,True,False,False,False,False,False
LTCUSDT,2024-12-01 00:00:00+00:00,2024-12-02 08:00:00+00:00,0.03150676645240735,0.05067897664958432,0.05651354112900675,-0.19341634271386787,-18.67942090355254,-0.008717570758342341,0.2351816443594652,117.05,2024-12-02 12:00:00+00:00,0.25638615976078594,-0.00281930798803931,True,True,True,True,True,False,False,False,False,False
LTCUSDT,2025-07-19 00:00:00+00:00,2025-07-23 16:00:00+00:00,-0.03236147858837002,-0.0382844889206575,-0.0026425101945761753,-0.11803736294507494,0.38592326123259824,-0.07240480149463324,0.31280788177340135,112.11,2025-07-23 20:00:00+00:00,0.03835518687003825,-0.04932655427704935,False,False,False,False,False,False,False,False,False,False
LTCUSDT,2026-08-21 00:00:00+00:00,2026-08-25 16:00:00+00:00,-0.01317828187078307,-0.01762672563711698,-0.006420922394300033,-0.045736054321357744,-2.9528581650931756,-0.023766351506746775,0.24074074074074586,50.84,2026-08-25 20:00:00+00:00,0.0015735641227379027,-0.0558615263571991,False,False,False,False,False,False,False,False,False,False
ONDOUSDT,2026-05-04 00:00:00+00:00,2026-05-07 16:00:00+00:00,0.03460103572821138,0.04438789000528831,0.03217002695049964,-0.07182599109512178,-7.898135479815437,0.02377827450096759,0.36075949367088767,0.3511,2026-05-07 20:00:00+00:00,0.3890629450299059,-0.020506978068926318,True,True,True,True,True,False,False,False,False,False
ONDOUSDT,2026-09-19 00:00:00+00:00,2026-09-20 00:00:00+00:00,-0.006066306799577981,-0.009878213802435809,0.021903866364290092,-0.12099836114503659,-5.275167494181808,-0.016324990319462218,0.24657534246575188,0.4066,2026-09-20 04:00:00+00:00,0.3320216428922773,-0.005656665027053642,True,True,True,True,True,False,False,False,False,False
ZROUSDT,2024-12-01 00:00:00+00:00,2024-12-01 08:00:00+00:00,0.11634024089315598,0.1478781512605043,0.07563329039839095,,,,0.23246492985971892,6.071,2024-12-01 12:00:00+00:00,0.23340471092077109,-0.05765112831493979,True,True,True,True,True,False,False,False,False,False
ZROUSDT,2025-08-11 00:00:00+00:00,2025-08-11 12:00:00+00:00,0.04667677563262518,0.0678580417820287,0.06841284354326893,-0.05659305988188612,-1.7056610646444028,-0.01439073731643703,0.3032258064516143,2.357,2025-08-11 16:00:00+00:00,0.03860840050912162,-0.1391599490878236,False,False,False,False,False,False,False,False,False,False
ZROUSDT,2026-01-14 00:00:00+00:00,2026-01-15 00:00:00+00:00,-0.015887209377706824,-0.023161040548801082,0.03116683008824772,-0.1746748303929193,-7.923757317981533,-0.04978042229899271,0.10389610389610404,1.597,2026-01-15 04:00:00+00:00,0.14402003757044457,-0.015654351909830888,True,True,True,True,True,False,False,False,False,False
ZROUSDT,2026-02-11 00:00:00+00:00,2026-02-11 16:00:00+00:00,0.07148491736666873,0.11039270761566566,0.07890674138029619,-0.11444140181768603,-13.078889791698685,0.03429169600329818,0.09302325581395357,2.327,2026-02-11 20:00:00+00:00,0.027073485174043954,-0.3076923076923077,False,False,False,False,False,False,False,False,False,False
ZROUSDT,2026-08-22 00:00:00+00:00,2026-08-22 08:00:00+00:00,0.022374241081498436,0.02286689419795218,0.054462571976967356,0.009081553225461114,12.354584019376468,-0.05246833549773,0.47761194029850745,0.998,2026-08-22 12:00:00+00:00,0.3466933867735471,-0.00501002004008011,True,True,True,True,True,False,False,False,False,False
ZROUSDT,2026-09-22 00:00:00+00:00,2026-09-24 08:00:00+00:00,0.010883438937908663,-0.0005998350453625401,0.0433388093561764,-0.12474275121857115,-10.02717953009082,-0.020558700215121517,0.277777777777779,1.481,2026-09-24 12:00:00+00:00,0.16610398379473335,-0.039162727886563165,True,True,True,True,True,False,False,False,False,False
TRXUSDT,2024-08-20 00:00:00+00:00,2024-08-22 00:00:00+00:00,-0.03462694627614682,-0.05592197586303682,0.011641113003975079,-0.13850155844947631,-0.22883661147558598,-0.10130396074818426,0.01785714285714091,0.1495,2024-08-22 04:00:00+00:00,0.13712374581939812,-0.009364548494983138,True,True,True,True,True,False,False,False,False,False
TRXUSDT,2024-11-12 00:00:00+00:00,2024-11-13 08:00:00+00:00,-0.006278564895334848,-0.010692177827799743,0.020417278121610538,-0.06580227599365696,-3.3088563366037604,-0.06913633710384792,0.3333333333333333,0.1759,2024-11-13 12:00:00+00:00,0.17453098351335994,-0.008527572484366086,True,True,True,True,True,False,False,False,False,False
TRXUSDT,2024-12-03 00:00:00+00:00,2024-12-04 04:00:00+00:00,0.2191820306167387,0.3091213078209176,0.2757738067023747,0.0027331300746649134,17.298663416094882,-0.004786476950495833,0.1782178217821784,0.3916,2024-12-04 08:00:00+00:00,0.021450459652706977,-0.23110316649642504,False,False,False,False,False,False,False,False,False,False
TRUMPUSDT,2026-08-21 00:00:00+00:00,2026-08-21 16:00:00+00:00,0.01964410522860338,0.023787918071039638,0.018887861577070453,-0.20349369343772106,-20.91056563213079,,0.07407407407407261,1.755,2026-08-21 20:00:00+00:00,1.0968660968660973,-0.004558404558404394,True,True,True,True,True,False,False,False,False,False
HBARUSDT,2024-04-23 00:00:00+00:00,2024-04-24 04:00:00+00:00,0.10769635834838054,0.1933701657458562,0.22985004686035637,-0.27993248898537315,-27.717557771193412,-0.016872885267308124,0.09438202247190973,0.1391,2024-04-24 08:00:00+00:00,0.01797268152408349,-0.27318475916606766,False,False,False,False,False,False,False,False,False,False
HBARUSDT,2024-11-12 00:00:00+00:00,2024-11-12 12:00:00+00:00,-0.03735310826661864,-0.04147902346527621,0.0029517224984649815,-0.0786280467480387,11.076009434365261,-0.03881689071867633,0.18681318681318787,0.05394,2024-11-12 16:00:00+00:00,0.7862439747868002,-0.015758249907304456,True,True,True,True,True,False,False,False,False,False
HBARUSDT,2024-11-29 00:00:00+00:00,2024-11-30 00:00:00+00:00,0.03344878063021972,0.0498496192487361,0.07619025756393216,-0.2036579250659326,-17.97820864588386,0.007339143015649752,0.003618272274989798,0.16408,2024-11-30 04:00:00+00:00,1.3902974158946853,-0.00249878108239876,True,True,True,True,True,False,False,False,False,False
HBARUSDT,2025-01-17 00:00:00+00:00,2025-01-17 12:00:00+00:00,0.00866895691157965,-0.002406339838461835,0.04983536190041238,-0.07758697249966506,-4.5833877433895225,-0.042597826914935966,0.1746280344557564,0.36436,2025-01-17 16:00:00+00:00,0.05618070040619161,-0.12995389175540673,True,False,True,True,True,False,False,False,False,False
HBARUSDT,2025-05-10 00:00:00+00:00,2025-05-13 00:00:00+00:00,-0.04094188394986964,-0.04311628250747024,0.006274005641823788,-0.22986322133651227,-15.788564303238267,-0.05712317489213525,0.016818500350386678,0.20136,2025-05-13 04:00:00+00:00,0.08546881207787038,-0.07131505760826384,True,False,True,True,True,True,True,True,False,True
HBARUSDT,2025-07-13 00:00:00+00:00,2025-07-14 20:00:00+00:00,0.0003376035529776278,-0.025335667884229474,0.027806883589803766,-0.0033801128138863934,2.3586109952466074,-0.04314031769486193,0.6098003629764053,0.23689,2025-07-15 00:00:00+00:00,0.2621892017392038,-0.05838152729114776,True,True,False,True,True,False,False,False,False,False
HBARUSDT,2026-08-21 00:00:00+00:00,2026-08-22 08:00:00+00:00,0.0004862973185784103,-0.0024326025985920152,0.028280509696595013,-0.05409192429152676,13.869837808819362,-0.05827538030822399,0.4846416382252572,0.07745,2026-08-22 12:00:00+00:00,0.08792769528728206,-0.021949644932214407,True,False,True,True,True,False,False,False,False,False
HBARUSDT,2026-09-20 00:00:00+00:00,2026-09-23 12:00:00+00:00,-0.052905297270536944,-0.06779017163380185,0.004986117538176904,-0.21451656531471552,-4.371922527280788,-0.08353077005478682,0.23949579831932838,0.08997,2026-09-23 16:00:00+00:00,0.4081360453484495,-0.019450928087139996,True,True,True,True,True,False,True,True,True,False
ALICEUSDT,2024-06-03 00:00:00+00:00,2024-06-03 16:00:00+00:00,0.08381638379098755,0.1357289635913379,0.1714708968582186,-0.1575324280846847,-15.358133642158307,,0.04896907216494879,2.395,2024-06-03 20:00:00+00:00,0.03924843423799573,-0.3273486430062631,False,False,False,False,False,False,False,False,False,False
ALICEUSDT,2024-11-18 00:00:00+00:00,2024-11-18 12:00:00+00:00,0.02763629418154534,0.04121530128639139,0.03304773561811514,-0.20090447553286306,-22.022902076192246,0.008833298869520778,0.27741935483870916,1.367,2024-11-18 16:00:00+00:00,0.01609363569861011,-0.17776152158010228,False,False,False,False,False,False,False,False,False,False
ALICEUSDT,2024-12-02 00:00:00+00:00,2024-12-02 08:00:00+00:00,-0.049940099549297345,-0.05987261146496803,-0.01195720578980497,-0.23782703143907646,-17.572101246280788,-0.07074814351704639,0.1703703703703697,1.477,2024-12-02 12:00:00+00:00,0.29451591062965465,-0.005416384563303955,True,True,True,True,True,True,True,True,True,False
ALICEUSDT,2025-05-12 00:00:00+00:00,2025-05-13 00:00:00+00:00,-0.032026502233244436,-0.03977968176254576,0.00020403999183815635,-0.20914617922143153,-16.15303603825653,-0.06672502682821557,0.05,0.523,2025-05-13 04:00:00+00:00,0.12810707456978965,-0.10133843212237104,True,True,True,True,True,False,False,False,True,False
ALICEUSDT,2025-10-09 00:00:00+00:00,2025-10-09 20:00:00+00:00,0.18678113134158902,0.23663739021329966,0.12800754835666006,0.025888187510299643,-0.6115224473948615,0.06666200275965162,0.5688622754491025,0.4928,2025-10-10 00:00:00+00:00,0.21327110389610393,-0.8579545454545454,True,True,False,False,False,False,False,False,False,False
ALICEUSDT,2026-04-18 00:00:00+00:00,2026-04-18 12:00:00+00:00,0.16744317843449052,0.2583878305373901,0.26057347670250897,-0.19679412390127682,-12.79426474914321,0.011151994202815763,0.24494949494949533,0.1965,2026-04-18 16:00:00+00:00,0.05038167938931304,-0.2681933842239186,True,False,False,False,False,False,False,False,False,False
ALICEUSDT,2026-06-21 00:00:00+00:00,2026-06-21 04:00:00+00:00,0.04342886743237462,0.06863274917007645,0.17466219279949202,-0.24817571195361443,-24.64449605842141,-0.055010097644549116,0.07575757575757582,0.1539,2026-06-21 08:00:00+00:00,0.035737491877842587,-0.26900584795321636,False,False,False,False,False,False,False,False,False,False
ALICEUSDT,2026-10-01 00:00:00+00:00,2026-10-01 16:00:00+00:00,0.1918885723350996,0.23751408186256096,0.06619511544107826,0.02879219687667911,-17.584361501161347,0.07171846004240012,0.8541666666666666,0.2195,2026-10-01 20:00:00+00:00,0.09612756264236899,-0.22687927107061512,True,False,False,True,True,False,False,False,False,False
GTCUSDT,2024-11-24 00:00:00+00:00,2024-11-24 12:00:00+00:00,-0.02405580305970023,-0.03278255122273632,0.03163780171825992,-0.1365126281647403,,,0.2499999999999986,0.814,2024-11-24 16:00:00+00:00,0.2211302211302213,-0.006142506142505999,True,True,True,True,True,False,False,False,False,False
GTCUSDT,2025-08-13 00:00:00+00:00,2025-08-13 16:00:00+00:00,0.24224739540461493,0.3194622279129322,0.13848396501457727,-0.1433214895601641,-43.971039268352385,0.05104937657617459,0.2500000000000002,0.458,2025-08-13 20:00:00+00:00,0.19213973799126638,-0.3013100436681223,True,True,False,False,False,False,False,False,False,False
GTCUSDT,2026-04-19 00:00:00+00:00,2026-04-19 08:00:00+00:00,0.15933176756092005,0.18322981366459623,0.1103448275862069,0.005391593581074439,-5.10488830026334,0.03209258536002135,0.375,0.127,2026-04-19 12:00:00+00:00,0.22834645669291342,-0.20472440944881887,True,True,False,False,False,False,False,False,False,False
GTCUSDT,2026-05-11 00:00:00+00:00,2026-05-11 20:00:00+00:00,0.36436121988782433,0.47107438016528924,0.1824104234527688,0.01750325908663597,-4.277270057329034,0.06500050391097045,0.43137254901960775,0.177,2026-05-12 00:00:00+00:00,0.10734463276836159,-0.45197740112994345,True,True,False,False,True,False,False,False,False,False
GTCUSDT,2026-08-09 00:00:00+00:00,2026-08-11 12:00:00+00:00,-0.02353602454365844,-0.025680224043575506,-0.015966120978446297,-0.11099941070226771,-4.936786766938887,-0.018474132262992327,0.21262458471760862,0.08397,2026-08-11 16:00:00+00:00,0.061807788495891414,-0.056091461236155826,True,False,False,True,True,False,False,False,False,False
GTCUSDT,2026-10-01 00:00:00+00:00,2026-10-02 04:00:00+00:00,0.06296958683818676,0.11776544665190802,0.15331815368290713,-0.2515474496383707,-23.72129045810582,0.005889395570837674,0.06604050484297043,0.12948,2026-10-02 08:00:00+00:00,0.08781278962001848,-0.06541550818659259,True,False,True,True,True,False,False,False,False,False
FETUSDT,2024-11-28 00:00:00+00:00,2024-11-29 00:00:00+00:00,0.028937686953460773,0.0375369955966216,0.04962873162600401,-0.15031948654421334,-10.886059268395186,0.016134861996356165,0.08,1.597,2024-11-29 04:00:00+00:00,0.2366938008766437,-0.004383218534752542,True,True,True,True,True,False,False,False,False,False
FETUSDT,2025-04-26 00:00:00+00:00,2025-04-27 20:00:00+00:00,-0.048675715215124926,-0.06756756756756765,-0.015450643776824036,-0.12301155868513203,-5.866489819015342,-0.06481176471391659,0.11764705882352941,0.713,2025-04-28 00:00:00+00:00,0.10659186535764387,-0.04768583450210373,True,True,True,True,True,False,False,False,False,True
FETUSDT,2025-05-09 00:00:00+00:00,2025-05-12 16:00:00+00:00,-0.030657258579700253,-0.0331735130231956,-0.013675869120654327,-0.07640548119563761,2.6328337124873116,-0.028710994473663765,0.4705882352941168,0.829,2025-05-12 20:00:00+00:00,0.09288299155609181,-0.11338962605548852,True,False,True,True,True,False,False,False,False,False
FETUSDT,2026-05-26 00:00:00+00:00,2026-05-28 00:00:00+00:00,-0.064309107203109,-0.07809288943690929,-0.017983675665979026,-0.2602562445125365,-12.490038528830468,-0.06376556983094595,0.019607843137255464,0.2242,2026-05-28 04:00:00+00:00,0.2885816235504013,-0.033898305084745894,True,True,True,True,True,True,True,True,True,True
FETUSDT,2026-09-07 00:00:00+00:00,2026-09-09 12:00:00+00:00,-0.024109484314218665,-0.032341686211578846,-0.012012927617537583,-0.134648934759932,-7.245744134894551,-0.025847851341154415,0.36956521739130344,0.1742,2026-09-09 16:00:00+00:00,0.02066590126291623,-0.07864523536165324,False,False,False,False,False,False,False,False,False,False
FETUSDT,2026-09-21 00:00:00+00:00,2026-09-23 12:00:00+00:00,-0.04839740528644154,-0.06141817201402,-0.00021564504825055675,-0.23469619484031856,-11.799664707747446,-0.05360018436409353,0.03401360544217686,0.1935,2026-09-23 16:00:00+00:00,0.34366925064599485,-0.015503875968992276,True,True,True,True,True,True,True,True,False,True
BCHUSDT,2024-10-14 00:00:00+00:00,2024-10-15 12:00:00+00:00,-0.0077355032971088145,-0.009889799378355435,0.034761703648354514,-0.14059443394032378,-2.4340350813183704,-0.04928971245510061,0.16477272727272604,350.3,2024-10-15 16:00:00+00:00,0.07764773051670004,-0.0025692263773908763,True,False,True,True,True,False,False,False,False,False
BCHUSDT,2024-11-09 00:00:00+00:00,2024-11-12 08:00:00+00:00,-0.02385843756965622,-0.027437737441958765,0.00707676919229816,-0.1874893371640023,-13.055202025313541,-0.05158160995512484,0.24760076775431836,435.2,2024-11-12 12:00:00+00:00,0.12293198529411775,-0.07352941176470584,True,True,False,True,True,False,False,False,False,False
BCHUSDT,2024-12-06 00:00:00+00:00,2024-12-09 20:00:00+00:00,-0.07147019974194091,-0.0824984287774041,-0.018701590814271918,-0.33568758062969695,-16.957742998885706,-0.09026885042632482,0.3963675213675215,551.6,2024-12-10 00:00:00+00:00,0.0232052211747642,-0.12037708484408993,False,False,False,False,False,True,True,True,True,False
BCHUSDT,2025-06-19 00:00:00+00:00,2025-06-22 00:00:00+00:00,-0.015099705217157533,-0.015249876065248746,-0.013437980343751432,-0.06390470697989936,-1.201772763481415,-0.020570531220221122,0.3545454545454525,463.5,2025-06-22 04:00:00+00:00,0.09449838187702264,-0.05738942826321469,True,False,False,True,True,False,False,False,False,False
BCHUSDT,2026-08-21 00:00:00+00:00,2026-08-22 08:00:00+00:00,0.02220884827874392,0.01235418016850276,0.0840908092917052,-0.058043189219424085,9.646875745107579,-0.04857489358158351,0.5270270270270274,277.6,2026-08-22 12:00:00+00:00,0.030259365994236287,-0.07096541786743527,False,False,False,False,False,False,False,False,False,False
BCHUSDT,2026-09-22 00:00:00+00:00,2026-09-24 08:00:00+00:00,-0.0012308890976776565,-0.022063363119415258,0.0017903645833334814,-0.08562599622599476,-7.1029341838908095,-0.0317348974722953,0.5868263473053869,334.4,2026-09-24 12:00:00+00:00,0.04515550239234467,-0.09509569377990412,False,False,False,False,False,False,False,False,False,False
XLMUSDT,2024-11-10 00:00:00+00:00,2024-11-12 12:00:00+00:00,0.050423168806408736,0.06199825901924738,0.03286713286713305,0.027267851894291928,7.562612735027145,0.02923997685079205,0.6700000000000002,0.1219,2024-11-12 16:00:00+00:00,0.9852337981952419,-0.018047579983593076,True,True,True,True,True,False,False,False,False,False
XLMUSDT,2024-11-20 00:00:00+00:00,2024-11-20 16:00:00+00:00,0.010487170649643662,0.016804766781491454,0.026913332377264787,-0.15834814477907322,-15.218966900384636,-0.007428581518607036,0.05833333333333386,0.2426,2024-11-20 20:00:00+00:00,1.6273701566364385,-0.054410552349546615,True,True,True,True,True,False,False,False,False,False
XLMUSDT,2025-05-10 00:00:00+00:00,2025-05-13 00:00:00+00:00,-0.03713495193180261,-0.04223842195540306,0.002435879065768809,-0.200665007775354,-12.749642121912487,-0.05402589300466765,0.02580645161290394,0.2976,2025-05-13 04:00:00+00:00,0.06955645161290347,-0.05443548387096775,True,False,True,True,True,True,False,False,False,True
XLMUSDT,2025-07-11 00:00:00+00:00,2025-07-11 20:00:00+00:00,0.0772428484542913,0.10397303646205702,0.08821132187314773,-0.187589197587557,-18.6967989423582,-0.019359362294075866,0.36175710594315263,0.3603,2025-07-12 00:00:00+00:00,0.4338051623646959,-0.02636691645850686,True,True,True,True,True,False,False,False,False,False
XLMUSDT,2026-05-28 00:00:00+00:00,2026-05-30 04:00:00+00:00,0.06924310840139092,0.09153713298791022,0.12421120759398097,-0.2618984405535726,-26.95386950444528,-0.02570081237435895,0.030023094688222243,0.2527,2026-05-30 08:00:00+00:00,0.08587257617728539,-0.2164622081519587,True,False,False,False,False,False,False,False,False,False
XLMUSDT,2026-08-22 00:00:00+00:00,2026-08-22 08:00:00+00:00,0.013770636584281126,0.015068260352348206,0.04517465956187072,-0.1286271508736877,0.31783559201754485,-0.029689941554673416,0.36551724137930997,0.1992,2026-08-22 12:00:00+00:00,0.01556224899598413,-0.1074297188755019,False,False,False,False,False,False,False,False,False,False
MEGAUSDT,2026-09-21 00:00:00+00:00,2026-09-23 16:00:00+00:00,-0.035997916578968,-0.042178284830319934,0.0007498609128950839,-0.11106743049844403,9.475451425671409,-0.049112122543422676,0.163865546218488,0.04403,2026-09-23 20:00:00+00:00,0.06563706563706573,-0.08085396320690441,True,False,True,True,True,False,False,False,False,False
PENGUUSDT,2025-04-25 00:00:00+00:00,2025-04-25 16:00:00+00:00,0.08762636800591794,0.1285994292796817,0.11775887621625114,-0.07875523485316083,-7.319041143899398,,0.24474789915966452,0.008701,2025-04-25 20:00:00+00:00,0.6308470290771175,-0.03643259395471776,True,True,True,True,True,False,False,False,False,False
PENGUUSDT,2025-05-08 00:00:00+00:00,2025-05-09 08:00:00+00:00,0.08765301277973858,0.08556998556998563,0.10006790542626098,-0.0014033982039927118,-7.579724471966529,0.006635961483211217,0.22753906250000042,0.015044,2025-05-09 12:00:00+00:00,0.024328636001063497,-0.166511566072853,False,False,False,False,False,False,False,False,False,False
PENGUUSDT,2025-07-10 00:00:00+00:00,2025-07-10 16:00:00+00:00,0.05067097731589332,0.08218003273322427,0.090067009683934,-0.09143875909478338,1.4155417060534319,0.03532479627698848,0.044429254955572414,0.018369,2025-07-10 20:00:00+00:00,0.8992324024171159,-0.0013065490772496968,True,True,True,True,True,False,False,False,False,False
PENGUUSDT,2025-07-21 00:00:00+00:00,2025-07-21 12:00:00+00:00,0.07341125883185051,0.10354370795706802,0.07213162867941825,-0.1140567929107833,-10.995480224318612,0.026497961270743886,0.23206585652685058,0.036728,2025-07-21 16:00:00+00:00,0.2690045741668483,-0.0313929427140055,True,True,True,True,True,False,False,False,False,False
PENGUUSDT,2026-04-26 00:00:00+00:00,2026-04-29 12:00:00+00:00,-0.02652830573302234,-0.036201800126208106,-0.003717021088855521,-0.12277552806988035,-7.593235995644143,-0.03607094926056831,0.20663650075414763,0.009672,2026-04-29 16:00:00+00:00,0.0885028949545077,-0.036497105045492195,True,False,True,True,True,False,False,False,False,False
PENGUUSDT,2026-08-20 00:00:00+00:00,2026-08-22 08:00:00+00:00,0.026251710646535198,0.025239818639256395,0.06672120324923214,-0.052181417068181024,12.354452960022229,-0.0389400488492716,0.5923217550274241,0.008466,2026-08-22 12:00:00+00:00,0.24946846208362872,-0.05102763997165127,True,True,False,True,True,False,False,False,False,False
PENGUUSDT,2026-09-23 00:00:00+00:00,2026-09-23 12:00:00+00:00,-0.013711973947213796,-0.016831515288532106,0.04684874446784848,-0.14619090194555995,3.8387614541651445,-0.05767578053536848,0.1987513007284081,0.009663,2026-09-23 16:00:00+00:00,0.1301873124288524,-0.04025664907378668,True,True,True,True,True,False,False,False,False,False
NIGHTUSDT,2026-09-19 00:00:00+00:00,2026-09-21 04:00:00+00:00,-0.021294091726806297,-0.02628412771864863,-0.013287064517602198,-0.174771007512023,-14.40673593554493,-0.022097294644680465,0.395833333333334,0.02337,2026-09-21 08:00:00+00:00,0.09157038938810458,-0.02652973898160027,True,False,True,True,True,False,False,False,False,False
NIGHTUSDT,2026-09-29 00:00:00+00:00,2026-10-01 12:00:00+00:00,0.021612447408407842,0.02249863861740864,0.08911849169684083,-0.24566278949917364,-24.135490900014986,-0.03657945251077277,0.30270270270270266,0.03964,2026-10-01 16:00:00+00:00,0.26362260343087796,-0.05726538849646823,True,True,False,True,True,False,False,False,False,False
XPLUSDT,2026-04-02 00:00:00+00:00,2026-04-03 00:00:00+00:00,0.014324739779614015,0.012744516893894664,0.0720186401186187,-0.11108093088187054,8.713956720666502,-0.038910607985722545,0.14473684210526375,0.1139,2026-04-03 04:00:00+00:00,0.3467954345917472,-0.050921861281826186,True,True,True,True,True,False,False,False,False,False
XPLUSDT,2026-09-24 00:00:00+00:00,2026-09-25 12:00:00+00:00,0.026581922591540907,0.03813848138166809,0.07905992577170262,-0.022500479327171807,7.853202933672051,-0.011742022891543025,0.39657020364415846,0.11,2026-09-25 16:00:00+00:00,0.11181818181818182,-0.15800000000000003,True,True,True,True,True,False,False,False,False,False
SCRUSDT,2025-05-10 00:00:00+00:00,2025-05-11 12:00:00+00:00,-0.00047083739117104173,0.0005558643690939391,0.0291762013729977,-0.135957404696335,-11.134789503855743,-0.026075053223724942,0.16000000000000036,0.401,2025-05-11 16:00:00+00:00,0.15211970074812964,-0.07231920199501252,True,True,True,True,True,False,False,False,False,False
SCRUSDT,2025-08-12 00:00:00+00:00,2025-08-13 00:00:00+00:00,0.02947474777030723,0.048402710551790795,0.03645484949832789,-0.059394248671404415,-4.6645294185386135,0.02300022844291494,0.4090909090909091,0.362,2025-08-13 04:00:00+00:00,0.1574585635359116,-0.055248618784530246,True,True,True,True,True,False,False,False,False,False
ARBUSDT,2024-11-22 00:00:00+00:00,2024-11-22 16:00:00+00:00,0.008892014132944048,0.0,0.04658104196816204,-0.13381425541132586,-12.182904681884011,,0.25895316804407614,0.7714,2024-11-22 20:00:00+00:00,0.24073113819030323,-0.004148301788955089,True,True,True,True,True,False,False,False,False,False
ARBUSDT,2025-05-10 00:00:00+00:00,2025-05-11 04:00:00+00:00,0.06000156021256653,0.08119792485458266,0.08395342232320391,-0.1429958680438017,-9.879501472608553,-0.010983511879301133,0.13804713804713803,0.4586,2025-05-11 08:00:00+00:00,0.04753597906672469,-0.15525512429132138,False,False,False,False,False,False,False,False,False,False
ARBUSDT,2025-08-13 00:00:00+00:00,2025-08-14 12:00:00+00:00,-0.007890201147324083,-0.01806588735387893,0.0373965111000627,-0.08007433597564284,-2.1568662120682234,-0.05365879818857555,0.6317016317016309,0.5235,2025-08-14 16:00:00+00:00,0.07851002865329515,-0.1004775549188156,True,False,False,False,False,False,False,False,False,False
ARBUSDT,2025-08-23 00:00:00+00:00,2025-08-24 08:00:00+00:00,-0.016240351548541754,-0.0311033195724707,0.0035754824063565227,-0.03148299612855954,4.585506104440043,-0.039693164416882976,0.30232558139535437,0.5711,2025-08-24 12:00:00+00:00,0.06916476974260188,-0.146209070215374,True,False,True,True,True,False,False,False,False,False
ARBUSDT,2026-04-11 00:00:00+00:00,2026-04-12 00:00:00+00:00,-0.014871575278310512,-0.027027027027027084,0.01711993738994333,-0.10904378811143922,-1.5527187999868346,-0.027437446723056036,0.025000000000000695,0.1124,2026-04-12 04:00:00+00:00,0.18683274021352303,-0.030249110320284656,True,True,True,True,True,False,False,False,False,False
ARBUSDT,2026-05-08 00:00:00+00:00,2026-05-12 08:00:00+00:00,-0.01964100125127677,-0.02299123014932447,-0.013330215154349734,-0.0685509177505097,-3.696432501296499,-0.04166924915606607,0.34482758620689524,0.1374,2026-05-12 12:00:00+00:00,0.04366812227074246,-0.1419213973799126,False,False,False,False,False,False,False,False,False,False
ARBUSDT,2026-08-22 00:00:00+00:00,2026-08-22 08:00:00+00:00,0.013211493571522404,0.011444266422522276,0.0391247472945655,-0.05868841639519995,8.635459070455113,-0.046924580256694326,0.5227272727272718,0.0981,2026-08-22 12:00:00+00:00,0.05810397553516822,-0.10193679918450571,True,False,True,True,True,False,False,False,False,False
ARBUSDT,2026-09-01 00:00:00+00:00,2026-09-01 12:00:00+00:00,0.05501586667568348,0.08138006571741507,0.09171349994021294,-0.11072045731109093,-9.30822040796123,0.014094778442990785,0.4126984126984135,0.1097,2026-09-01 16:00:00+00:00,0.8833181403828623,-0.04740200546946227,True,True,True,True,True,False,False,False,False,False
ARBUSDT,2026-09-18 00:00:00+00:00,2026-09-18 08:00:00+00:00,0.08161771276164109,0.11046336919286026,0.10440727465817079,-0.06304926184417947,7.590686071783239,0.002143202157608881,0.22033898305084898,0.2053,2026-09-18 12:00:00+00:00,0.24452021432050652,-0.044325377496346796,True,True,True,True,True,False,False,False,False,False
ENJUSDT,2024-11-18 00:00:00+00:00,2024-11-18 12:00:00+00:00,0.09324485491798962,0.11766465274869908,0.041687437686939166,0.008590499116981842,,,0.8684210526315791,0.2076,2024-11-18 16:00:00+00:00,0.15317919075144504,-0.1151252408477842,True,True,True,True,True,False,False,False,False,False
ENJUSDT,2024-11-30 00:00:00+00:00,2024-12-01 00:00:00+00:00,-0.001629892716561332,0.0024823575304089296,0.04653924661347153,-0.10739111024083914,2.500714875948688,-0.022939042613943528,0.21499999999999894,0.314,2024-12-01 04:00:00+00:00,0.25732484076433115,-0.04490445859872616,True,True,True,True,True,False,False,False,False,False
ENJUSDT,2026-04-08 00:00:00+00:00,2026-04-08 20:00:00+00:00,0.16370557527894247,0.2298327955412145,0.1507820411837515,-0.024099030863264592,3.255069573580471,0.07574743015182173,0.22128851540616218,0.02788,2026-04-09 00:00:00+00:00,0.989239598278336,-0.08572453371592537,True,True,False,False,True,False,False,False,False,False
DOTUSDT,2024-11-10 00:00:00+00:00,2024-11-12 12:00:00+00:00,-0.011361772067179698,-0.013089928430660702,0.008852706039931268,-0.047950977733645095,6.206860661144759,-0.03857180887844136,0.4913294797687858,5.286,2024-11-12 16:00:00+00:00,0.16288308740068125,-0.11350737797956867,True,True,False,False,False,False,False,False,False,False
DOTUSDT,2024-11-22 00:00:00+00:00,2024-11-23 20:00:00+00:00,0.09832459297753537,0.12556178950151287,0.12520244587671447,-0.03979100176182948,2.1618583847716764,0.0022426120339822386,0.565315315315317,8.515,2024-11-24 00:00:00+00:00,0.2331180270111568,-0.11332941867293023,True,True,True,True,True,False,False,False,False,False
DOTUSDT,2024-12-04 00:00:00+00:00,2024-12-04 20:00:00+00:00,0.01046455775892241,0.023397695927308115,0.027851901267511803,-0.15169232737956284,-11.771005791156952,0.00016361361720007572,0.15708274894810692,10.513,2024-12-05 00:00:00+00:00,0.06848663559402657,-0.28659754589555786,True,False,False,True,True,False,False,False,False,False
DOTUSDT,2025-05-09 00:00:00+00:00,2025-05-13 00:00:00+00:00,-0.041125694458506,-0.05021577089054552,-0.004404903981772734,-0.19409983403302367,-12.302987926070394,-0.07687761492864786,0.07692307692307387,4.841,2025-05-13 04:00:00+00:00,0.08923776079322443,-0.05866556496591613,True,False,True,True,True,True,False,False,True,True
DOTUSDT,2026-08-22 00:00:00+00:00,2026-08-22 08:00:00+00:00,0.011591737063910923,0.012801755669348935,0.04497388202318775,-0.08754686403100587,12.616125796982516,-0.05134959790096583,0.4800000000000011,0.922,2026-08-22 12:00:00+00:00,0.018438177874186445,-0.0997830802603038,False,False,False,False,False,False,False,False,False,False
DOTUSDT,2026-09-07 00:00:00+00:00,2026-09-09 04:00:00+00:00,0.01563699823557485,0.0190485399342486,0.051336789671647676,-0.09187936395922369,2.678674011894074,-0.011617877734715676,0.05660377358490764,1.172,2026-09-09 08:00:00+00:00,0.014505119453924964,-0.1510238907849829,False,False,False,False,False,False,False,False,False,False
MANAUSDT,2024-11-10 00:00:00+00:00,2024-11-12 12:00:00+00:00,-0.017344335192246207,-0.017005123140546807,0.012657436634684327,-0.14977033877181212,0.05515159871322339,-0.03291974377987239,0.20444444444444396,0.3542,2024-11-12 16:00:00+00:00,0.2927724449463578,-0.10304912478825534,True,True,False,False,False,False,False,False,False,False
MANAUSDT,2024-11-23 00:00:00+00:00,2024-11-24 08:00:00+00:00,0.12514611191959224,0.15200870809732114,0.14177541485419676,-0.11591630019855159,-12.201984372683498,-0.0074657596858793696,0.014211886304909426,0.6347,2024-11-24 12:00:00+00:00,0.23207814715613662,-0.12415314321726811,True,True,False,False,False,False,False,False,False,False
MANAUSDT,2024-12-04 00:00:00+00:00,2024-12-04 20:00:00+00:00,0.04056038267056539,0.06189950220151008,0.04389373262572649,-0.14871747456748619,-14.93330234040117,0.01261377822902876,0.20803443328551036,0.7796,2024-12-05 00:00:00+00:00,0.021164699846075052,-0.3283735248845562,False,False,False,False,False,False,False,False,False,False
MANAUSDT,2025-05-09 00:00:00+00:00,2025-05-13 00:00:00+00:00,-0.036269196956352334,-0.04289764931857676,-0.005699214842210698,-0.20939606688160972,-15.913927971066478,-0.06399315535840688,0.04661016949152497,0.3487,2025-05-13 04:00:00+00:00,0.16002294235732717,-0.07857757384571273,True,True,True,True,True,False,False,False,True,False
MANAUSDT,2026-08-22 00:00:00+00:00,2026-08-22 20:00:00+00:00,-0.00786773190168244,-0.021568055960361487,0.01134856300663234,-0.0748312663813323,-5.548509839049672,-0.06935558124183461,0.3913043478260867,0.0746,2026-08-23 00:00:00+00:00,0.04289544235924936,-0.04021447721179627,False,False,False,False,False,False,False,False,False,False
FILUSDT,2024-11-10 00:00:00+00:00,2024-11-12 12:00:00+00:00,-0.024081467396441902,-0.02612979777135782,0.002171440388791357,-0.0805163791534994,14.103372395120083,-0.03749534099086016,0.28571428571428636,4.194,2024-11-12 16:00:00+00:00,0.16309012875536477,-0.09823557463042443,True,True,False,False,True,False,False,False,False,False
FILUSDT,2024-11-23 00:00:00+00:00,2024-11-24 08:00:00+00:00,0.009318160648800644,0.01023591542116109,0.06640718432668691,-0.19301669208596706,-11.17640750717159,-0.04385546941235441,0.004016064257027668,5.505,2024-11-24 12:00:00+00:00,0.07211625794732068,-0.06339691189827434,True,False,False,True,True,False,False,False,False,False
FILUSDT,2024-12-03 00:00:00+00:00,2024-12-03 12:00:00+00:00,-0.022343430616402316,-0.026015581524763576,0.014076558924036808,-0.17626075414263365,-13.909289180000918,-0.042739677532962705,0.4043927648578819,7.001,2024-12-03 16:00:00+00:00,0.20325667761748312,-0.02185402085416377,True,True,True,True,True,False,False,False,False,False
FILUSDT,2025-11-07 00:00:00+00:00,2025-11-07 20:00:00+00:00,0.3743846218577196,0.4752814961581213,0.3295425340529423,0.006393211977224533,-6.073664823571249,0.020066529329771265,0.3326403326403321,3.392,2025-11-08 00:00:00+00:00,0.08048349056603787,-0.3862028301886793,True,False,False,False,False,False,False,False,False,False
FILUSDT,2026-05-06 00:00:00+00:00,2026-05-06 16:00:00+00:00,0.027008894606740164,0.036557748301520476,0.04614169675090274,-0.010420042715535094,7.281818056855499,-0.0002017137451050255,0.42307692307692735,1.067,2026-05-06 20:00:00+00:00,0.24086223055295242,-0.018744142455482726,True,True,True,True,True,False,False,False,False,False
FILUSDT,2026-08-21 00:00:00+00:00,2026-08-22 08:00:00+00:00,-0.008033040037440986,-0.016606498194945862,0.031695026655955694,-0.06557987969155432,18.725760458080465,-0.05805224849044455,0.5311720698254385,0.7717,2026-08-22 12:00:00+00:00,0.01853051704030051,-0.11001684592458216,False,False,False,False,False,False,False,False,False,False
DEXEUSDT,2024-11-11 00:00:00+00:00,2024-11-12 00:00:00+00:00,0.02281489672968129,0.0331569283939952,0.02581431420341218,-0.1272236224731863,-11.753194860274448,-0.020748522133026914,0.280453257790369,9.566,2024-11-12 04:00:00+00:00,0.016830441145724295,-0.11875392013380737,False,False,False,False,False,False,False,False,False,False
DEXEUSDT,2024-12-23 00:00:00+00:00,2024-12-24 00:00:00+00:00,0.016582006306122166,0.025331375171884885,0.0762624838917525,-0.12211452782826593,-8.384053521530532,-0.020232042414686013,0.07127771911298826,12.181,2024-12-24 04:00:00+00:00,0.3009605122732124,-0.09375256547081512,True,True,True,True,True,False,False,False,False,False
DEXEUSDT,2025-01-02 00:00:00+00:00,2025-01-02 16:00:00+00:00,0.11782704121361576,0.16092389989340616,0.10072413693818216,-0.05632203398562363,-7.106674559853587,0.052470386029981775,0.05224660397074261,19.737,2025-01-02 20:00:00+00:00,0.04271165830673351,-0.22592085929979222,False,False,False,False,False,False,False,False,False,False
DEXEUSDT,2025-02-03 00:00:00+00:00,2025-02-04 00:00:00+00:00,-0.012733436553557853,-0.005490180448580739,0.03523113501916031,-0.19136513631133734,-14.943946109743948,-0.03687475499917736,0.008785529715762,22.18,2025-02-04 04:00:00+00:00,0.029891794409377725,-0.1168620378719567,False,False,False,False,False,False,False,False,False,False
DEXEUSDT,2025-09-18 00:00:00+00:00,2025-09-18 16:00:00+00:00,0.07723026384130938,0.08996356798683736,0.04648874677161485,0.20466495720737954,38.95960253998243,0.02473428095559438,0.866379310344827,8.246,2025-09-18 20:00:00+00:00,0.5659713800630608,-0.0362600048508368,True,True,True,True,True,False,False,False,False,False
DEXEUSDT,2025-10-02 00:00:00+00:00,2025-10-02 20:00:00+00:00,0.04696400018285307,0.04580267589996412,0.10559548948830244,-0.19679549883809877,-20.201667633939792,-0.018999617456232576,0.011472275334608453,12.351,2025-10-03 00:00:00+00:00,0.10363533317140305,-0.06363857177556487,True,True,True,True,True,False,False,False,False,False
DEXEUSDT,2026-03-09 00:00:00+00:00,2026-03-10 08:00:00+00:00,0.04186204249079695,0.038731811191292875,0.08633629774327867,-0.11924856355615654,-5.211341659036506,-0.012700583583725833,0.11349693251533731,4.874,2026-03-10 12:00:00+00:00,0.13069347558473554,-0.18752564628641766,True,True,False,False,False,False,False,False,False,False
DEXEUSDT,2026-03-19 00:00:00+00:00,2026-03-22 00:00:00+00:00,0.01896288260055723,0.026412874939849118,0.017998076818404485,-0.09064992457885679,-8.492482127997626,-0.013120498459710417,0.1646341463414641,6.402,2026-03-22 04:00:00+00:00,0.20899718837863168,-0.023430178069353436,True,True,True,True,True,False,False,False,False,False
DEXEUSDT,2026-04-13 00:00:00+00:00,2026-04-16 00:00:00+00:00,-0.000800301927219027,-0.0029681286381187943,0.05391779712492406,-0.1412183809199481,-7.169119956570512,-0.03824456471486826,0.11927877947295464,11.529,2026-04-16 04:00:00+00:00,0.40888194986555626,-0.04683840749414514,True,True,True,True,True,False,False,False,False,False
DEXEUSDT,2026-05-25 00:00:00+00:00,2026-05-26 12:00:00+00:00,-0.0299336608345121,-0.05695765745428749,0.016348630949649445,-0.1148260559111679,0.7361474624282636,-0.05914593262056955,0.294890510948903,16.271,2026-05-26 16:00:00+00:00,0.20287628295740867,-0.029992010325118335,True,True,True,True,True,False,False,False,False,False
DEXEUSDT,2026-06-23 00:00:00+00:00,2026-06-23 12:00:00+00:00,0.12106441592074435,0.15385528815706162,0.17946631630196275,-0.019501495549615,-0.24725437073158218,0.031222250770874593,0.4679604540461362,22.676,2026-06-23 16:00:00+00:00,0.12453695537131781,-0.10358969835949894,True,True,True,True,True,False,False,False,False,False
TIAUSDT,2024-09-23 00:00:00+00:00,2024-09-24 04:00:00+00:00,0.02866086610455887,0.054644912174439675,0.0606066689418423,-0.1027059586252349,2.476403297045465,0.07206730949074047,0.11184210526315716,6.191,2024-09-24 08:00:00+00:00,0.10644483928282988,-0.07365530608948467,True,True,True,True,True,False,False,False,False,False
TIAUSDT,2024-11-23 00:00:00+00:00,2024-11-24 08:00:00+00:00,0.04919068495096157,0.054157094677159234,0.0975465827402453,-0.05004275857767515,6.194074818401205,-0.01370890206392994,0.2947019867549678,7.186,2024-11-24 12:00:00+00:00,0.24394656276092408,-0.016003339827442287,True,True,True,True,True,False,False,False,False,False
TIAUSDT,2026-04-16 00:00:00+00:00,2026-04-18 08:00:00+00:00,-0.012938336275772455,-0.02183406113537123,0.01305297651556514,-0.18546224503961317,-14.807175085855675,-0.034954431977442635,0.08664259927797881,0.4032,2026-04-18 12:00:00+00:00,0.014136904761904656,-0.12475198412698418,False,False,False,False,False,False,False,False,False,False
TIAUSDT,2026-09-06 00:00:00+00:00,2026-09-07 04:00:00+00:00,0.04304172417694008,0.04982761451321638,0.056242774566473974,0.001475276329775621,11.645633610873006,-0.014451724831749169,0.22695035460993163,0.4262,2026-09-07 08:00:00+00:00,0.036602534021586086,-0.17620835288596903,False,False,False,False,False,False,False,False,False,False
TIAUSDT,2026-09-22 00:00:00+00:00,2026-09-23 12:00:00+00:00,-0.04020767291336236,-0.04122861265718425,0.04399913914727782,-0.3023572448320433,-21.06245816188141,-0.06577747492429453,0.024118738404453097,0.465,2026-09-23 16:00:00+00:00,0.10752688172043001,-0.05376344086021512,True,True,True,True,True,True,False,True,True,True
APTUSDT,2024-10-14 00:00:00+00:00,2024-10-16 12:00:00+00:00,-0.0322922799889217,-0.04050963737340729,-0.005415357955161015,-0.11030474776213839,0.005270784316209642,-0.06820769346080335,0.1212121212121186,9.78,2024-10-16 16:00:00+00:00,0.053169734151329306,-0.017382413087934534,True,False,True,True,True,False,False,False,False,False
APTUSDT,2024-11-10 00:00:00+00:00,2024-11-12 00:00:00+00:00,0.06697372839882987,0.08800527654763024,0.054550874403815675,-0.15959470601366188,-20.801950007121306,0.02232071105065292,0.33333333333333376,12.83,2024-11-12 04:00:00+00:00,0.030397505845674244,-0.14263445050662515,False,False,False,False,False,False,False,False,False,False
APTUSDT,2025-05-11 00:00:00+00:00,2025-05-13 00:00:00+00:00,-0.04971326092307915,-0.05813953488372092,-0.009677419354838679,-0.21835831416134333,-13.109484326330971,-0.07154674470868683,0.040935672514620505,5.526,2025-05-13 04:00:00+00:00,0.13174086138255525,-0.0917480998914223,True,True,True,True,True,True,True,True,True,True
APTUSDT,2026-05-10 00:00:00+00:00,2026-05-11 00:00:00+00:00,-0.012741010782093554,-0.009378084896347616,0.016762019472046585,-0.12142186922646603,10.208393340807959,-0.01841215143994024,0.26315789473684065,1.114,2026-05-11 04:00:00+00:00,0.026929982046678402,-0.12926391382405755,False,False,False,False,False,False,False,False,False,False
APTUSDT,2026-08-22 00:00:00+00:00,2026-08-22 08:00:00+00:00,0.012080869680546114,0.01001053740779767,0.04630650496141153,-0.048890985348444826,12.045413649708934,-0.05715541786778555,0.4838709677419355,0.639,2026-08-22 12:00:00+00:00,0.04068857589984365,-0.13928012519561805,False,False,False,False,False,False,False,False,False,False
GALAUSDT,2024-09-27 00:00:00+00:00,2024-09-30 08:00:00+00:00,-0.0357827879111523,-0.03946150999259812,-0.008440366972476965,-0.12185249060602998,-0.7807509549773357,-0.054830086754977914,0.37037037037037096,0.02308,2024-09-30 12:00:00+00:00,0.03249566724436748,-0.1993067590987868,False,False,False,False,False,False,False,False,False,False
GALAUSDT,2024-11-10 00:00:00+00:00,2024-11-12 12:00:00+00:00,-0.012727121354087378,-0.012453094717743585,0.026497354497354575,-0.09578542888232888,9.001173000524687,-0.03251571714384194,0.3961352657004839,0.02661,2024-11-12 16:00:00+00:00,0.17587373167981957,-0.09770762871101091,True,True,True,True,True,False,False,False,False,False
GALAUSDT,2024-11-24 00:00:00+00:00,2024-11-24 12:00:00+00:00,-0.02276058541267001,-0.02537496462597877,0.08088910036366115,-0.25135206057686443,-16.947727071880998,-0.02873193474724589,0.007707129094412017,0.03444,2024-11-24 16:00:00+00:00,0.18292682926829262,-0.05052264808362361,True,True,True,True,True,False,False,False,False,False
GALAUSDT,2024-12-04 00:00:00+00:00,2024-12-04 20:00:00+00:00,0.05870612561068356,0.07567299096056423,0.07592501549708208,-0.16146061710553006,-14.680215732779956,-0.002013745236160158,0.20146520146520117,0.06016,2024-12-05 00:00:00+00:00,0.0644946808510638,-0.32679521276595735,True,False,False,True,True,False,False,False,False,False
GALAUSDT,2025-05-09 00:00:00+00:00,2025-05-11 12:00:00+00:00,0.01937176882713798,0.019577133907595856,0.039450835684827545,-0.11214410024487886,-11.912917812463931,-0.03234642978439772,0.24545454545454484,0.0217,2025-05-11 16:00:00+00:00,0.08202764976958532,-0.11105990783410136,True,False,True,True,True,False,False,False,False,False
GALAUSDT,2026-05-07 00:00:00+00:00,2026-05-08 16:00:00+00:00,0.0621106965700029,0.07384882710686358,0.0267618198037467,0.013034920616991075,-4.3842823030257705,0.03615141225287832,1.0,0.00412,2026-05-08 20:00:00+00:00,0.08737864077669877,-0.12621359223300976,True,False,True,True,True,False,False,False,False,False
SKYUSDT,2025-12-22 00:00:00+00:00,2025-12-26 20:00:00+00:00,-0.05639336369334402,-0.0683007024361082,-0.011734007286572368,-0.12303283739983328,10.710922555206857,-0.09226844166713111,0.3148688046647227,0.06233,2025-12-27 00:00:00+00:00,0.04556393390020852,-0.08037862987325528,False,False,False,False,False,False,False,False,False,False
SKYUSDT,2026-09-27 00:00:00+00:00,2026-09-28 04:00:00+00:00,-0.008525744756332165,-0.0017507200542158374,0.01739517646551869,-0.24267098609035043,-21.36393813087252,-0.011613934975261087,0.031161473087818425,0.07857,2026-09-28 08:00:00+00:00,0.20834924271350386,-0.02990963472063135,True,True,True,True,True,False,True,False,False,False
AXSUSDT,2024-11-10 00:00:00+00:00,2024-11-12 12:00:00+00:00,-0.04215708783854766,-0.04705042250168601,-0.0014063583242547306,-0.0992853160755075,9.621810957723909,-0.05770061559712725,0.15087719298245658,5.34,2024-11-12 16:00:00+00:00,0.1685393258426966,-0.09906367041198505,True,True,False,True,True,False,False,False,False,True
AXSUSDT,2024-11-22 00:00:00+00:00,2024-11-24 08:00:00+00:00,0.046078221525403196,0.05887300252312877,0.09750094013879873,-0.2287521095352566,-21.157601980639257,-0.02537480614464649,0.005050505050504946,7.554,2024-11-24 12:00:00+00:00,0.15673815197246488,-0.09081281440296529,True,True,False,True,True,False,False,False,False,False
AXSUSDT,2024-12-02 00:00:00+00:00,2024-12-02 08:00:00+00:00,-0.045983787736770365,-0.04995543366472399,-0.00954799804422235,-0.23138957219550083,-13.968902350479958,-0.06230984514539284,0.13793103448275873,7.695,2024-12-02 12:00:00+00:00,0.34541910331384007,-0.003638726445744034,True,True,True,True,True,True,True,True,True,True
AXSUSDT,2025-05-14 00:00:00+00:00,2025-05-14 12:00:00+00:00,0.008645251301809598,0.013033888109083458,0.03856166047690124,-0.12805306471698996,-10.470277289200034,-0.018913286940250185,0.2499999999999994,3.366,2025-05-14 16:00:00+00:00,0.0430778371954843,-0.16904337492572785,False,False,False,False,False,False,False,False,False,False
AXSUSDT,2026-01-14 00:00:00+00:00,2026-01-14 16:00:00+00:00,0.03523733109431615,0.05226246517436839,0.11972891566265087,-0.16081841002881725,-3.0490280056314134,-0.012158246200083878,0.13761467889908371,1.219,2026-01-14 20:00:00+00:00,0.8539786710418373,-0.1345365053322396,True,True,False,False,False,False,False,False,False,False
AXSUSDT,2026-01-24 00:00:00+00:00,2026-01-24 08:00:00+00:00,-0.005975574446201337,-0.023083952481226855,0.026217075756340247,-0.05261611818313838,-5.7144117141539965,-0.032141657658962486,0.060869565217392445,2.731,2026-01-24 12:00:00+00:00,0.022702306847308673,-0.310508971072867,False,False,False,False,False,False,False,False,False,False
AXSUSDT,2026-04-25 00:00:00+00:00,2026-04-25 12:00:00+00:00,0.1370389460362358,0.19518366634674122,0.13250988142292464,-0.19579372937157824,-21.403213577083307,0.042771055665513424,0.288770053475936,1.523,2026-04-25 16:00:00+00:00,0.07222586999343417,-0.11621799080761641,True,False,True,True,True,False,False,False,False,False
AXSUSDT,2026-08-22 00:00:00+00:00,2026-08-22 08:00:00+00:00,-0.0074312984158370066,-0.014168937329700482,0.028356870656803812,-0.05844096471766613,18.55591145253291,-0.07049734923766082,0.520833333333331,1.005,2026-08-22 12:00:00+00:00,0.02189054726368167,-0.0885572139303481,False,False,False,False,False,False,False,False,False,False
AXSUSDT,2026-09-22 00:00:00+00:00,2026-09-23 12:00:00+00:00,-0.03910288921119509,-0.04178019981834702,0.010194719135487862,-0.31697640945774364,-18.85262189991547,-0.06176477911177669,0.13043478260869565,1.054,2026-09-23 16:00:00+00:00,0.17267552182163182,-0.03700189753320693,True,True,True,True,True,True,True,True,True,True
MUBARAKUSDT,2026-05-04 00:00:00+00:00,2026-05-04 16:00:00+00:00,0.06203571721652823,0.07307200681721349,0.06851809697245614,-0.04635260583853651,-5.607960840343509,,0.12048192771084251,0.01679,2026-05-04 20:00:00+00:00,0.04169148302561054,-0.0821917808219178,False,False,False,False,False,False,False,False,False,False
MUBARAKUSDT,2026-07-31 00:00:00+00:00,2026-07-31 20:00:00+00:00,0.020968250363064822,0.02516660820764627,0.06063988095238093,-0.011884700164039974,20.48370146400694,-0.008148192889052663,0.7647058823529406,0.01299,2026-08-01 00:00:00+00:00,0.08237105465742878,-0.09391839876828334,True,False,False,False,True,False,False,False,False,False
MUBARAKUSDT,2026-08-10 00:00:00+00:00,2026-08-10 04:00:00+00:00,-0.02477027729080239,-0.014925373134328401,0.1526522470859566,-0.25736395051182115,-9.428853444666096,-0.06081484324691033,0.11235955056179778,0.02024,2026-08-10 08:00:00+00:00,0.18873517786561256,-0.24011857707509887,True,True,True,True,True,False,False,False,True,False
MUBARAKUSDT,2026-09-03 00:00:00+00:00,2026-09-03 04:00:00+00:00,0.051646563350984165,0.07173485795962131,0.08384972889233144,0.025261041717575594,15.643585265551579,0.03255543827196994,0.5238095238095236,0.02667,2026-09-03 08:00:00+00:00,0.41582302212223476,0.0,True,True,True,True,True,False,False,False,False,False
MUBARAKUSDT,2026-09-21 00:00:00+00:00,2026-09-21 20:00:00+00:00,0.10472528730369524,0.1458642676216262,0.11187724579974745,0.011217220954753193,11.694252560202784,0.024931901991859018,0.6987447698744752,0.04376,2026-09-22 00:00:00+00:00,1.0006855575868374,-0.05073126142595974,True,True,True,True,True,False,False,False,False,False
NOMUSDT,2026-01-25 00:00:00+00:00,2026-01-25 08:00:00+00:00,0.4282677998267348,0.6004087889626981,0.401862464183381,,,,0.3382352941176465,0.01737,2026-01-25 12:00:00+00:00,0.007484168105929889,-0.49107656879677597,False,False,False,False,False,False,False,False,False,False
NOMUSDT,2026-04-02 00:00:00+00:00,2026-04-02 12:00:00+00:00,0.16208894267863694,0.17272727272727262,0.23206916879544126,-0.17240159775177544,-19.178632951665634,-0.03376116190003475,0.10080645161290333,0.00815,2026-04-02 16:00:00+00:00,0.10061349693251542,-0.46871165644171775,True,True,False,True,True,False,False,False,False,False
NOMUSDT,2026-09-05 00:00:00+00:00,2026-09-05 08:00:00+00:00,0.11596740531334726,0.14932432432432452,0.05263157894736836,0.05716840692814151,3.875061895788434,0.1519868016361674,0.4571428571428573,0.00189,2026-09-05 12:00:00+00:00,0.05820105820105814,-0.1957671957671957,True,False,False,False,True,False,False,False,False,False
NOMUSDT,2026-09-23 00:00:00+00:00,2026-09-23 12:00:00+00:00,-0.029549587989612935,-0.030450358239508812,-0.010006333122229205,-0.24406835049107467,-18.05525623538319,-0.02107054475012482,0.2875816993464049,0.001682,2026-09-23 16:00:00+00:00,0.674791914387634,-0.010107015457788249,True,True,True,True,True,False,True,False,False,False
SYNUSDT,2024-08-17 00:00:00+00:00,2024-08-17 12:00:00+00:00,0.11029606233578537,0.12762700888915046,0.19371764540535485,-0.12526814752656124,,,0.051813471502590705,0.6382,2024-08-17 16:00:00+00:00,0.28094641178314017,-0.17502350360388597,True,True,True,True,True,False,False,False,False,False
SYNUSDT,2024-11-30 00:00:00+00:00,2024-12-02 00:00:00+00:00,-0.004154577491244704,-0.017765042979942636,0.022877147276723964,-0.07739449167007528,-3.840887303965374,-0.026537816273178638,0.0854092526690376,0.6848,2024-12-02 04:00:00+00:00,0.5252628504672898,-0.04278621495327106,True,True,True,True,True,False,False,False,False,False
SYNUSDT,2025-04-26 00:00:00+00:00,2025-04-27 00:00:00+00:00,0.026254949795269766,0.016950835954312016,0.06577043858720577,-0.05594011105789576,0.9170005055553361,-0.0048693188103143825,0.17868338557993685,0.341,2025-04-27 04:00:00+00:00,0.04692082111436946,-0.22228739002932563,False,False,False,False,False,False,False,False,False,False
SYNUSDT,2026-01-29 00:00:00+00:00,2026-01-29 08:00:00+00:00,0.05365201088331428,0.06748804707613076,0.07619236097367876,-0.16922035172623284,-28.503468231529084,-0.04956024910880186,0.47663551401869186,0.0644,2026-01-29 12:00:00+00:00,1.1739130434782612,-0.06987577639751552,True,True,True,True,True,False,False,False,False,False
SYNUSDT,2026-06-17 00:00:00+00:00,2026-06-18 00:00:00+00:00,0.2765202077035729,0.37259284731774356,0.24246955778679746,0.024267775419216653,11.737409921160548,0.026165087359544925,0.9064748201438851,0.0888,2026-06-18 04:00:00+00:00,2.565315315315315,-0.05067567567567577,True,True,False,True,True,False,False,False,False,False
SYNUSDT,2026-06-30 00:00:00+00:00,2026-06-30 16:00:00+00:00,-0.01745179488579318,-0.014075482400395245,0.15861687911809752,-0.16951279516358952,-6.473341131939009,-0.02345632778255413,0.10163278907030979,0.52171,2026-06-30 20:00:00+00:00,0.1979835540817696,-0.41296889076306764,True,True,True,True,True,False,False,False,False,False
SYNUSDT,2026-09-19 00:00:00+00:00,2026-09-19 12:00:00+00:00,0.09982345178930085,0.13950694717594891,0.10345110735735741,-0.04375507632943865,-3.7518022141977525,0.032194785195115205,0.32861328124999933,0.2382,2026-09-19 16:00:00+00:00,0.14785894206549122,-0.22334172963895882,True,True,False,False,False,False,False,False,False,False
DASHUSDT,2024-11-10 00:00:00+00:00,2024-11-14 12:00:00+00:00,-0.026702642368716334,-0.026040303585448843,-0.0047751345719742044,-0.1211210651421204,-0.8741690605710701,-0.017840690140870974,0.2142857142857127,24.82,2024-11-14 16:00:00+00:00,0.22119258662369057,-0.005640612409347323,True,True,True,True,True,False,False,False,False,False
DASHUSDT,2024-11-24 00:00:00+00:00,2024-11-24 12:00:00+00:00,-0.030273762647149205,-0.043029659611173776,0.042362624061970555,-0.1118852669155983,11.111901716704295,-0.05632202403726172,0.015463917525770138,32.07,2024-11-24 16:00:00+00:00,0.21234798877455563,-0.03648269410664173,True,True,True,True,True,False,False,False,False,False
DASHUSDT,2024-12-04 00:00:00+00:00,2024-12-05 00:00:00+00:00,-0.010640238963230852,-0.018020969855832014,0.0169744011917361,-0.0742238085585355,-3.7995010162127514,-0.024878815063605897,0.24390243902439002,56.6,2024-12-05 04:00:00+00:00,0.26572438162544176,-0.2842756183745584,True,True,True,True,True,False,False,False,False,False
DASHUSDT,2025-05-12 00:00:00+00:00,2025-05-13 00:00:00+00:00,-0.03878688065990876,-0.04620224719101118,-0.003091536359156044,-0.2559539371975059,-18.78346328721183,-0.08146343575605486,0.06766917293233063,23.57,2025-05-13 04:00:00+00:00,0.10564276622825619,-0.03988120492151048,True,True,True,True,True,True,True,True,True,True
DASHUSDT,2025-10-01 00:00:00+00:00,2025-10-01 20:00:00+00:00,0.1755838003949992,0.22925869232451368,0.09885620915032667,0.007173484682149844,-10.138705513341193,0.06525962311668976,0.7642276422764226,31.25,2025-10-02 00:00:00+00:00,0.248,-0.05344000000000004,True,True,False,True,True,False,False,False,False,False
DASHUSDT,2025-10-12 00:00:00+00:00,2025-10-12 12:00:00+00:00,0.11349124887038053,0.1693483507642799,0.13215495403182187,-0.13747495139223986,-12.833495172673608,0.03131709138420158,0.13308457711442792,51.67,2025-10-12 16:00:00+00:00,0.18985871879233596,-0.25062899167795627,True,True,True,True,True,False,False,False,False,False
DASHUSDT,2025-11-01 00:00:00+00:00,2025-11-02 12:00:00+00:00,0.14524499196529428,0.15392298784018532,0.19406080929251734,-0.0470409977256675,-4.501652744397163,0.006060815828367927,0.5366972477064218,88.6,2025-11-02 16:00:00+00:00,0.6930022573363432,-0.10203160270880351,True,True,False,False,True,False,False,False,False,False
DASHUSDT,2026-01-16 00:00:00+00:00,2026-01-16 16:00:00+00:00,0.01842431085161822,0.01840332447151738,0.03310534245296881,-0.06880664454816066,-6.5599396302152115,-0.007725533324368206,0.29290322580645295,87.66,2026-01-16 20:00:00+00:00,0.05281770476842351,-0.2678530686744238,True,False,False,False,False,False,False,False,False,False
DASHUSDT,2026-04-10 00:00:00+00:00,2026-04-11 04:00:00+00:00,0.04284247663943841,0.039753328216393546,0.09709921890879536,-0.02279601486666194,8.284796362145869,-0.029190619589337996,0.3276836158192075,43.66,2026-04-11 08:00:00+00:00,0.09780119102153018,-0.13719651855245063,True,False,True,True,True,False,False,False,False,False
DASHUSDT,2026-05-04 00:00:00+00:00,2026-05-05 00:00:00+00:00,0.022159070015716598,0.017685589519650602,0.07001012382213223,-0.06321804675670539,-3.108762665536503,-0.0442792183132088,0.09374999999999903,46.6,2026-05-05 04:00:00+00:00,0.2465665236051502,-0.047210300429184615,True,True,True,True,True,False,False,False,False,False
DASHUSDT,2026-08-21 00:00:00+00:00,2026-08-22 04:00:00+00:00,0.09181673042244021,0.12146824438541404,0.09293655768532894,-0.23862056664159947,-27.73680008015141,-0.02499320410823691,0.5181623931623933,41.29,2026-08-22 08:00:00+00:00,0.06926616614192294,-0.1053523855655123,True,False,False,True,True,False,False,False,False,False
DASHUSDT,2026-09-04 00:00:00+00:00,2026-09-05 16:00:00+00:00,0.07405863681371772,0.0815588877357476,0.10882720580940863,-0.0539283118390097,-4.900248998026555,-0.006092073268882392,0.21016166281755125,67.15,2026-09-05 20:00:00+00:00,0.17170513775130303,-0.18332092330603134,True,True,True,True,True,False,False,False,False,False
SUPERUSDT,2024-08-24 00:00:00+00:00,2024-08-26 16:00:00+00:00,-0.01846707223501931,-0.029834465883462835,-0.0021914987498160565,-0.09789404100912791,-2.6713814840810457,-0.042727865480450045,0.17666666666666556,0.7314,2024-08-26 20:00:00+00:00,0.03691550451189496,-0.15436149849603498,False,False,False,False,False,False,False,False,False,False
SUPERUSDT,2024-09-10 00:00:00+00:00,2024-09-12 12:00:00+00:00,-0.031224499294250196,-0.049245527338072526,-0.017014754779717367,-0.09029867231409017,-1.5741306497122238,-0.05016172389583573,0.1380368098159495,0.7992,2024-09-12 16:00:00+00:00,0.21871871871871873,-0.030655655655655645,True,True,True,True,True,False,False,False,False,False
SUPERUSDT,2024-10-12 00:00:00+00:00,2024-10-13 12:00:00+00:00,-0.006883800772772286,-0.011672492509630317,0.02708197862382855,-0.09748456346031209,-2.6600520611811405,-0.040270621545632546,0.08793456032719786,1.2305,2024-10-13 16:00:00+00:00,0.16505485574969536,-0.009508329947175764,True,True,True,True,True,False,False,False,False,False
SUPERUSDT,2024-11-10 00:00:00+00:00,2024-11-11 04:00:00+00:00,-0.0006644137670724914,-0.005751754285057031,0.03787927027285187,-0.15395073638543455,-14.154915991645176,-0.04066381712531175,0.28121353558926276,1.4404,2024-11-11 08:00:00+00:00,0.10622049430713698,-0.16307970008331008,True,True,True,True,True,False,False,False,False,False
SUPERUSDT,2025-04-25 00:00:00+00:00,2025-04-28 00:00:00+00:00,-0.028461309848096583,-0.03349597149552219,-0.0028008514588435673,-0.10254535146931576,-0.7283017835842145,-0.02445083712187912,0.42163355408388525,0.6693,2025-04-28 04:00:00+00:00,0.18317645301060814,-0.03331839235021661,True,True,True,True,True,False,False,False,False,False
SUPERUSDT,2025-05-09 00:00:00+00:00,2025-05-12 12:00:00+00:00,-0.033606645635807175,-0.03580194008336912,-0.011767876392382304,-0.15077720252260784,-4.557130672937149,-0.026748897138038297,0.07880910683012164,0.8245,2025-05-12 16:00:00+00:00,0.08902365069739249,-0.13098847786537293,True,False,False,True,True,False,False,False,False,False
SUPERUSDT,2025-09-29 00:00:00+00:00,2025-09-29 12:00:00+00:00,0.2380836515033602,0.32773806604930145,0.13399349816066364,-0.21689747814748228,-65.27736976830863,0.09279255576537349,0.22948632421614396,0.7821,2025-09-29 16:00:00+00:00,0.0020457741976729338,-0.26889144610663607,False,False,False,False,False,False,False,False,False,False
SUPERUSDT,2026-08-23 00:00:00+00:00,2026-08-24 16:00:00+00:00,0.05408188775341438,0.07020702070207019,0.07389109655246484,-0.17767629634953497,-23.080021034984043,-0.026310495556192137,0.19718309859155,0.1188,2026-08-24 20:00:00+00:00,0.07659932659932678,-0.10690235690235694,True,False,True,True,True,False,False,False,False,False
SUPERUSDT,2026-09-18 00:00:00+00:00,2026-09-18 16:00:00+00:00,0.08668684608813404,0.10715885673326775,0.05681280181800963,-0.03561698680369252,-12.28227811860792,0.054872184640956334,0.831168831168832,0.1373,2026-09-18 20:00:00+00:00,0.49817916970138376,-0.04661325564457408,True,True,True,True,True,False,False,False,False,False
OPUSDT,2024-11-21 00:00:00+00:00,2024-11-22 16:00:00+00:00,0.03448565301141282,0.027791321306679828,0.08080098366414878,-0.1107200675463067,-12.756674922979485,-0.009067615591493716,0.2314814814814814,2.107,2024-11-22 20:00:00+00:00,0.1575700047460844,-0.03559563360227824,True,True,True,True,True,False,False,False,False,False
OPUSDT,2025-05-11 00:00:00+00:00,2025-05-11 04:00:00+00:00,0.04336657212199202,0.05545010845986975,0.0646651270207852,-0.18282931411602055,-16.421936207560123,-0.004808973124154958,0.1038961038961039,0.866,2025-05-11 08:00:00+00:00,0.06235565819861444,-0.1605080831408776,True,False,True,True,True,False,False,False,False,False
OPUSDT,2025-08-13 00:00:00+00:00,2025-08-14 12:00:00+00:00,-0.04637597868294341,-0.05868892179297347,0.00691244239631339,-0.16448270664099607,-5.380953165626195,-0.06700041426116998,0.32307692307692365,0.777,2025-08-14 16:00:00+00:00,0.01158301158301156,-0.1068211068211069,False,False,False,False,False,False,False,False,False,False
OPUSDT,2026-05-06 00:00:00+00:00,2026-05-09 04:00:00+00:00,0.035630385113346597,0.045095828635851376,0.05110354021626429,-0.10893378610342042,-3.470246399783008,-0.01097014942680341,0.042857142857142067,0.1648,2026-05-09 08:00:00+00:00,0.020631067961164984,-0.1274271844660193,False,False,False,False,False,False,False,False,False,False
OPUSDT,2026-08-22 00:00:00+00:00,2026-08-22 08:00:00+00:00,0.03241668622497551,0.03627161535217205,0.056948623648723995,-0.05329681540151354,8.221297123040202,-0.03294935229768792,0.5714285714285725,0.1091,2026-08-22 12:00:00+00:00,0.06232813932172321,-0.1274060494958753,True,False,True,True,True,False,False,False,False,False
OPUSDT,2026-09-19 00:00:00+00:00,2026-09-23 12:00:00+00:00,-0.060550598866016436,-0.061274717813799784,0.015338216286083783,-0.30149454449130975,-14.513520944524842,-0.05030941084646967,0.013698630136985742,0.1229,2026-09-23 16:00:00+00:00,0.2286411716842962,-0.021969080553295273,True,True,True,True,True,True,True,True,False,True
POLUSDT,2024-11-18 00:00:00+00:00,2024-11-19 12:00:00+00:00,-0.0005534604835909507,-0.004498665650019107,0.02664126917858267,-0.05424825198717298,-5.238618598584608,-0.028978744895369002,0.4952830188679224,0.4351,2024-11-19 16:00:00+00:00,0.40818202712020235,-0.0409101356010112,True,True,True,True,True,False,False,False,False,False
POLUSDT,2024-12-03 00:00:00+00:00,2024-12-03 12:00:00+00:00,0.029334448816337844,0.04661760734539566,0.05509847918224864,-0.1818256285742761,-17.903603689785193,0.005520745622246137,0.6328011611030473,0.6889,2024-12-03 16:00:00+00:00,0.08869211786906672,-0.04267673102046743,True,False,True,True,True,False,False,False,False,False
POLUSDT,2025-05-10 00:00:00+00:00,2025-05-12 16:00:00+00:00,-0.016983949740333237,-0.016247582205028976,-0.01151427600271926,-0.08974055143628101,-2.8239851271236134,-0.010785046764421935,0.45142857142857207,0.2543,2025-05-12 20:00:00+00:00,0.039716869838773095,-0.10892646480534807,False,False,False,False,False,False,False,False,False,False
POLUSDT,2026-01-10 00:00:00+00:00,2026-01-11 12:00:00+00:00,-0.042485044026474905,-0.0663138430147292,0.03082686998816886,-0.1636864656948066,-1.1044090354605203,-0.06572021112263815,0.02727272727272929,0.1626,2026-01-11 16:00:00+00:00,0.05658056580565818,-0.14637146371463705,True,False,True,True,True,False,False,False,False,True
POLUSDT,2026-08-21 00:00:00+00:00,2026-08-22 12:00:00+00:00,0.08899801265604013,0.11069611406206326,0.1130680474477539,-0.04730736679307623,-0.10740816606761427,0.02091392714049789,0.6004993757802748,0.11035,2026-08-22 16:00:00+00:00,0.1626642501132758,-0.08237426370638878,True,True,False,False,True,False,False,False,False,False
SHIBUSDT,2024-09-26 00:00:00+00:00,2024-09-28 04:00:00+00:00,-0.002287558725280525,-0.014084507042253502,0.04686677198525535,-0.21420622240846954,-20.54135647947399,-0.06491640264809073,0.057324840764329574,1.96e-05,2024-09-28 08:00:00+00:00,0.040306122448979576,-0.2091836734693877,False,False,False,False,False,False,False,False,True,False
SHIBUSDT,2024-11-10 00:00:00+00:00,2024-11-11 04:00:00+00:00,0.03417071337180966,0.03569459757442095,0.10017183867380997,-0.17143427424545565,-15.682138528252551,-0.02822069789465731,0.2697095435684644,2.506e-05,2024-11-11 08:00:00+00:00,0.21548284118116512,-0.098563447725459,True,True,True,True,True,False,False,False,False,False
SHIBUSDT,2024-12-01 00:00:00+00:00,2024-12-02 00:00:00+00:00,0.006435989085330496,0.007077404455039904,0.04042165639654294,-0.08808889123010433,-6.251685570467316,-0.04465176823570327,0.07168458781362064,3.005e-05,2024-12-02 04:00:00+00:00,0.0981697171381033,-0.11514143094841922,True,False,False,False,False,False,False,False,False,False
SHIBUSDT,2025-05-10 00:00:00+00:00,2025-05-11 04:00:00+00:00,-0.0028980063675683176,-0.004555968318497139,0.02914232128687888,-0.13104380446861597,4.330043140261772,-0.03567994268640606,0.18947368421052818,1.579e-05,2025-05-11 08:00:00+00:00,0.11779607346421783,-0.08549715009499681,True,True,True,True,True,False,False,False,False,False
SHIBUSDT,2026-07-26 00:00:00+00:00,2026-07-26 12:00:00+00:00,0.02714499882117627,0.03931203931203919,0.08691429958727848,-0.13049772656028458,-1.600029337025461,-0.05618941811588751,0.25999999999999907,5.17e-06,2026-07-26 16:00:00+00:00,0.044487427466150864,-0.12185686653771755,False,False,False,False,False,False,False,False,False,False
SHIBUSDT,2026-08-21 00:00:00+00:00,2026-08-22 08:00:00+00:00,0.006343189938679439,0.009568403908794876,0.053173241852487285,-0.09461146046522506,14.559966329321924,-0.04739066692753824,0.4210526315789471,5.51e-06,2026-08-22 12:00:00+00:00,0.04355716878402904,-0.072595281306715,False,False,False,False,False,False,False,False,False,False
SHIBUSDT,2026-09-22 00:00:00+00:00,2026-09-23 12:00:00+00:00,-0.05621364031861398,-0.06569207994078474,-0.006982726938625339,-0.27788904134131,-9.089342443970764,-0.07818162455260269,0.12765957446808396,5.62e-06,2026-09-23 16:00:00+00:00,0.08007117437722422,-0.014234875444839923,True,False,True,True,True,True,True,True,True,True
ICPUSDT,2024-09-27 00:00:00+00:00,2024-09-30 08:00:00+00:00,-0.028481373416843425,-0.032513887109734574,-0.011590966642878286,-0.12661742242897966,-8.364176685745946,-0.01400754933258519,0.18484848484848462,9.231,2024-09-30 12:00:00+00:00,0.02123280251327042,-0.16737081572960677,False,False,False,False,False,False,False,False,False,False
ICPUSDT,2024-11-22 00:00:00+00:00,2024-11-24 08:00:00+00:00,-0.024353434302320398,-0.038915771743469385,0.026905157071727137,-0.18393169728284797,-8.189625860894928,-0.06445212791726496,0.07482185273159213,10.962,2024-11-24 12:00:00+00:00,0.16465973362525088,-0.05154168947272386,True,True,False,True,True,False,False,False,True,False
ICPUSDT,2024-12-02 00:00:00+00:00,2024-12-05 00:00:00+00:00,-0.0337416228834323,-0.04207429705137844,0.016677615054677686,-0.14554735546019282,2.432091314170073,-0.042370486781286076,0.19639468690702153,14.003,2024-12-05 04:00:00+00:00,0.11240448475326725,-0.23394986788545313,True,True,True,True,True,False,False,False,False,False
ICPUSDT,2025-06-09 00:00:00+00:00,2025-06-13 00:00:00+00:00,-0.05291968486628862,-0.06057071913620882,-0.02311692607361382,-0.2332263477281895,-11.167089845871004,-0.0706086867491863,0.2486338797814215,5.549,2025-06-13 04:00:00+00:00,0.04234997296810228,-0.08812398630383866,False,False,False,False,False,True,True,True,True,False
ICPUSDT,2025-11-04 00:00:00+00:00,2025-11-05 00:00:00+00:00,0.03279772896960309,0.04109220525926438,0.12860540431130452,-0.00930992288371546,19.64071153869463,-0.032663227479574175,0.6206896551724143,5.16,2025-11-05 04:00:00+00:00,0.9087209302325581,-0.0868217054263567,True,True,False,False,True,False,False,False,False,False
ICPUSDT,2026-05-06 00:00:00+00:00,2026-05-07 12:00:00+00:00,0.00892537821336159,0.0007505535332308355,0.04256817559372417,-0.12768439691210653,-11.502970632222798,-0.054086407781650525,0.05776173285198558,2.963,2026-05-07 16:00:00+00:00,0.3810327370907862,-0.019912251096861344,True,True,True,True,True,False,False,False,False,False
ICPUSDT,2026-09-07 00:00:00+00:00,2026-09-09 00:00:00+00:00,-0.028649545541532095,-0.04461952057351948,-0.005015417765724339,-0.12724019229670747,-9.338243674776983,-0.05832253727674819,0.13768115942029044,2.843,2026-09-09 04:00:00+00:00,0.02391839606049939,-0.07140344706296164,False,False,False,False,False,False,False,False,False,False
INJUSDT,2024-11-10 00:00:00+00:00,2024-11-12 08:00:00+00:00,-0.04947034278332785,-0.062139654067905226,-0.00034154463561464343,-0.2249458001678296,-13.252942630506297,-0.05654772780289008,0.3159340659340655,24.38,2024-11-12 12:00:00+00:00,0.11566858080393772,-0.08531583264971276,True,True,False,False,True,True,True,True,False,False
INJUSDT,2024-11-25 00:00:00+00:00,2024-11-25 20:00:00+00:00,-0.02911857087106373,-0.026401446654611083,-0.001644868811682687,-0.05174487757728352,6.183799250178829,-0.018700152243895873,0.4126984126984132,26.91,2024-11-26 00:00:00+00:00,0.17056856187290959,-0.01783723522853964,True,True,True,True,True,False,False,False,False,False
INJUSDT,2025-05-09 00:00:00+00:00,2025-05-13 00:00:00+00:00,-0.03135134673301587,-0.03898683883784437,0.011131570137261404,-0.22271833599506852,-16.86498599279178,-0.06698943402952551,0.04901960784313797,12.89,2025-05-13 04:00:00+00:00,0.09076803723816917,-0.1186966640806828,True,False,True,True,True,False,True,True,True,False
INJUSDT,2025-05-22 00:00:00+00:00,2025-05-23 08:00:00+00:00,-0.008204271273802966,-0.01098102543399282,0.04753446671741535,-0.20024642541286253,-8.119621971127145,-0.041341622301521386,0.13281249999999983,13.62,2025-05-23 12:00:00+00:00,0.12775330396475781,-0.09324522760646103,True,True,False,False,True,False,False,False,False,False
INJUSDT,2026-05-11 00:00:00+00:00,2026-05-13 12:00:00+00:00,0.054822039434708536,0.07279810891262484,0.07349624060150362,-0.1948155360091024,-20.099705200571066,-0.002034581243242517,0.05236486486486438,5.447,2026-05-13 16:00:00+00:00,0.005324031577014887,-0.1854231687167247,False,False,False,False,False,False,False,False,False,False
INJUSDT,2026-05-29 00:00:00+00:00,2026-05-31 00:00:00+00:00,-0.0071851622613926525,-0.019752462743116816,0.011772923978600858,-0.05718742984190006,-2.3877011415911085,-0.027279060039765546,0.13173652694610868,6.468,2026-05-31 04:00:00+00:00,0.13559059987631406,-0.19526901669758812,True,True,True,True,True,False,False,False,False,False
INJUSDT,2026-08-24 00:00:00+00:00,2026-08-25 20:00:00+00:00,-0.015168822996493248,-0.029396386452100187,0.017437049296607166,-0.05099173759121767,3.181074039119622,-0.04847761114527127,0.6751592356687889,5.569,2026-08-26 00:00:00+00:00,0.020650026934817767,-0.11707667444783632,False,False,False,False,False,False,False,False,False,False
INJUSDT,2026-09-07 00:00:00+00:00,2026-09-09 12:00:00+00:00,-0.020923896645631435,-0.03379973918866541,-0.0035295976961033926,-0.15963028452314676,-11.495159508139714,-0.04705711333565821,0.2492997198879537,6.092,2026-09-09 16:00:00+00:00,0.030039395929087442,-0.06533158240315162,False,False,False,False,False,False,False,False,False,False
INJUSDT,2026-09-19 00:00:00+00:00,2026-09-20 00:00:00+00:00,0.029086477083520634,0.02897437056457086,0.06341830767012246,-0.12642618584394483,-9.226351716086086,-0.03737901813548883,0.22742857142857148,7.589,2026-09-20 04:00:00+00:00,0.14468309395177226,-0.017130056660956794,True,True,True,True,True,False,False,False,False,False
ETHFIUSDT,2024-11-10 00:00:00+00:00,2024-11-11 04:00:00+00:00,0.008046139501365346,0.011268143621084636,0.03348904533192987,-0.22637015756797807,-20.52627237698998,-0.014123822053107915,0.31292517006802595,1.764,2024-11-11 08:00:00+00:00,0.08560090702947853,-0.19557823129251695,True,False,True,True,True,False,False,False,False,False
ETHFIUSDT,2024-11-23 00:00:00+00:00,2024-11-24 08:00:00+00:00,-0.023534608555595082,-0.029866286716352497,0.038588503130335905,-0.17198536554436727,-5.943168650519063,-0.04511484298519042,0.01388888888888891,1.966,2024-11-24 12:00:00+00:00,0.36876907426246186,-0.045269582909460815,True,True,True,True,True,False,False,False,False,False
ETHFIUSDT,2024-12-04 00:00:00+00:00,2024-12-05 00:00:00+00:00,-0.020271869708609613,-0.02179555848543535,0.01709759879311057,-0.10090272122909982,1.9818765164696188,-0.03477689634353098,0.5287356321839074,2.639,2024-12-05 04:00:00+00:00,0.19666540356195528,-0.22773777946191742,True,True,True,True,True,False,False,False,False,False
ETHFIUSDT,2025-05-09 00:00:00+00:00,2025-05-09 08:00:00+00:00,0.018165823461959274,0.013900113140455694,0.11317020510975184,-0.2186365643387509,-20.360440389193236,-0.05641090029755347,0.21186440677966029,0.697,2025-05-09 12:00:00+00:00,1.1578192252510764,-0.01865136298421799,True,True,True,True,True,False,False,False,False,False
ETHFIUSDT,2025-09-11 00:00:00+00:00,2025-09-14 12:00:00+00:00,-0.026016687303779484,-0.03036828036828032,0.00929256594724226,-0.11460466695927085,-2.324813539342493,-0.044998726445987014,0.1269841269841272,1.452,2025-09-14 16:00:00+00:00,0.1673553719008265,-0.04063360881542699,True,True,True,True,True,False,False,False,False,False
ETHFIUSDT,2025-10-04 00:00:00+00:00,2025-10-07 12:00:00+00:00,-0.024600876775147884,-0.029255481585537146,-0.0024370925485895922,-0.15028063048541496,-10.540800419433864,-0.0561656577369003,0.3392857142857143,1.766,2025-10-07 16:00:00+00:00,0.027180067950169917,-0.9518686296715742,False,False,False,False,False,False,False,False,False,False
ETHFIUSDT,2026-09-10 00:00:00+00:00,2026-09-10 20:00:00+00:00,0.0200467502694075,0.03339091380203851,0.043157041174880506,-0.20065119542894483,-16.416576387039797,0.008217853539179476,0.12955465587044457,0.6647,2026-09-11 00:00:00+00:00,0.17240860538588842,-0.1402136302091168,True,True,False,False,True,False,False,False,False,False
SEIUSDT,2024-09-21 00:00:00+00:00,2024-09-22 08:00:00+00:00,-0.013395506782208466,-0.022864808466239173,0.017779665645195397,-0.06703893700500863,-2.210082875447476,-0.057828449189271325,0.3739837398374013,0.3642,2024-09-22 12:00:00+00:00,0.3882482152663371,-0.011257550796265892,True,True,True,True,True,False,False,False,False,False
SEIUSDT,2024-11-24 00:00:00+00:00,2024-11-25 08:00:00+00:00,0.020442023994218905,0.02035123777365877,0.05637297664049634,-0.08379275057756908,-7.31924027930426,-0.002117367687001992,0.19522776572668118,0.6178,2024-11-25 12:00:00+00:00,0.15522822920038837,-0.048883133700226566,True,True,True,True,True,False,False,False,False,False
SEIUSDT,2025-05-09 00:00:00+00:00,2025-05-13 00:00:00+00:00,-0.0340955657357338,-0.042659492697924684,-0.0031924403013666725,-0.16210157229674127,-13.388896562049915,-0.06161385682911691,0.09848484848484802,0.2491,2025-05-13 04:00:00+00:00,0.08109193095142508,-0.11441188277800085,True,False,True,True,True,False,False,False,False,False
SEIUSDT,2025-06-24 00:00:00+00:00,2025-06-25 04:00:00+00:00,0.07675013025935784,0.0720738336396698,0.13613542453458916,-0.11962972595876609,-12.011150568601025,-0.01918396283433743,0.30543933054393224,0.3045,2025-06-25 08:00:00+00:00,0.028899835796387663,-0.19376026272577995,False,False,False,False,False,False,False,False,False,False
SEIUSDT,2025-07-11 00:00:00+00:00,2025-07-11 12:00:00+00:00,0.06033385744020192,0.08419732132974223,0.07688334392879859,-0.12935831472943804,-15.464357926675206,0.0011040301871276803,0.0952380952380955,0.3266,2025-07-11 16:00:00+00:00,0.195039804041641,-0.04868340477648503,True,True,True,True,True,False,False,False,False,False
SEIUSDT,2026-05-09 00:00:00+00:00,2026-05-11 00:00:00+00:00,0.026619711191628204,0.03238469087340512,0.040250838559136914,-0.10674634491793467,-2.4118068863974003,0.008518533730718758,0.2544910179640722,0.07365,2026-05-11 04:00:00+00:00,0.05173116089613039,-0.1424304141208418,True,False,True,True,True,False,False,False,False,False
SEIUSDT,2026-09-20 00:00:00+00:00,2026-09-21 12:00:00+00:00,0.0709330662883767,0.10142025902521445,0.0655096553409924,-0.14611454453583694,-17.297305407574783,0.009187044928547383,0.19540229885057553,0.05868,2026-09-21 16:00:00+00:00,0.3168029993183368,-0.03135650988411731,True,True,True,True,True,False,False,False,False,False
VIRTUALUSDT,2025-10-26 00:00:00+00:00,2025-10-26 04:00:00+00:00,0.040972465375326284,0.029808917197452045,0.10893109401977696,,,,0.8281938325991178,1.2126,2025-10-26 08:00:00+00:00,0.38982351970971485,-0.02399802078179114,True,True,True,True,True,False,False,False,False,False
VIRTUALUSDT,2026-05-05 00:00:00+00:00,2026-05-07 12:00:00+00:00,0.008769350829613165,0.0077611637947405665,0.041003268663011294,-0.12143377681786993,2.508233734660614,-0.03946800661558625,0.05638474295190642,0.8843,2026-05-07 16:00:00+00:00,0.09419880131177205,-0.08594368427004406,True,False,True,True,True,False,False,False,False,False
VIRTUALUSDT,2026-08-21 00:00:00+00:00,2026-08-22 08:00:00+00:00,-0.010376023400388013,-0.016093389700230554,0.03670501518999947,-0.0845420500507601,11.532312595950316,-0.0607557063662163,0.5142180094786715,0.6825,2026-08-22 12:00:00+00:00,0.2266666666666668,-0.04761904761904756,True,True,True,True,True,False,False,False,False,False
VIRTUALUSDT,2026-09-28 00:00:00+00:00,2026-09-28 04:00:00+00:00,-0.026907944012071194,-0.030853295065680575,0.0032670690514426948,-0.07603322393858736,6.711676482606961,-0.036338070310604986,0.0,0.7812,2026-09-28 08:00:00+00:00,0.07629288274449553,-0.02508960573476693,True,False,True,True,True,False,False,False,False,False
MAGICUSDT,2024-10-20 00:00:00+00:00,2024-10-20 08:00:00+00:00,0.1418222142755723,0.16279748016798878,0.050168453292496196,,,,0.49903660886319856,0.4428,2024-10-20 12:00:00+00:00,0.05962059620596194,-0.14859981933152666,True,False,False,True,True,False,False,False,False,False
MAGICUSDT,2024-11-18 00:00:00+00:00,2024-11-18 20:00:00+00:00,0.07204704895174041,0.0907539811504714,0.028924928941648442,0.04003091144564186,-1.0993627771844388,0.03850054756334309,0.6682464454976301,0.4476,2024-11-19 00:00:00+00:00,0.08400357462019659,-0.15303842716711347,True,False,False,False,False,False,False,False,False,False
MAGICUSDT,2025-04-21 00:00:00+00:00,2025-04-21 16:00:00+00:00,0.21862423739181325,0.23297472044093492,0.23254294859233138,-0.0103748114755714,-1.9666365427541876,0.004178694999329435,0.6587301587301586,0.2584,2025-04-21 20:00:00+00:00,0.08630030959752322,-0.2832817337461301,True,False,False,False,False,False,False,False,False,False
MAGICUSDT,2025-07-09 00:00:00+00:00,2025-07-09 12:00:00+00:00,0.16299732973443715,0.21285542651181433,0.19884772345362878,-0.03965898505144405,-4.078330342509162,0.008726510081499272,0.43708609271523136,0.2018,2025-07-09 16:00:00+00:00,0.03320118929633287,-0.15559960356788904,False,False,False,False,False,False,False,False,False,False
MAGICUSDT,2025-08-04 00:00:00+00:00,2025-08-05 08:00:00+00:00,0.04991262695380305,0.05411073825503365,0.1256492314149309,-0.01765075564415175,6.830145166236704,-0.018605051614918988,0.5666666666666695,0.2512,2025-08-05 12:00:00+00:00,0.2611464968152868,-0.1476910828025476,True,True,False,False,False,False,False,False,False,False
ACEUSDT,2024-11-24 00:00:00+00:00,2024-11-24 08:00:00+00:00,-0.008788777761902788,-0.009281324470086338,0.05152327779487398,,,,0.004672897196261168,2.635,2024-11-24 12:00:00+00:00,0.1480075901328275,-0.07210626185958258,True,True,False,True,True,False,False,False,False,False
ACEUSDT,2024-12-04 00:00:00+00:00,2024-12-04 20:00:00+00:00,-0.000887240621965546,0.00022700739395520309,0.015778897783048418,-0.11051676541036515,-7.30281211087366,-0.010784966378866279,0.30319148936170226,3.43,2024-12-05 00:00:00+00:00,0.07288629737609331,-0.3294460641399418,True,False,False,True,True,False,False,False,False,False
ACEUSDT,2025-05-10 00:00:00+00:00,2025-05-10 08:00:00+00:00,0.07822643956894448,0.09068904308536374,0.08187849162011185,-0.08304586872909325,-9.040260475464109,0.013644129520651749,0.42592592592592593,0.75,2025-05-10 12:00:00+00:00,0.14666666666666672,-0.058666666666666756,True,True,False,True,True,False,False,False,False,False
ACEUSDT,2025-09-11 00:00:00+00:00,2025-09-11 08:00:00+00:00,0.09728321451441713,0.1470095025153717,0.1178921058112894,-0.3221205413775554,-42.579010394568584,-0.009504627085940798,0.009569377990430632,0.685,2025-09-11 12:00:00+00:00,0.15912408759124075,-0.1503649635036498,True,True,False,False,False,False,False,False,False,False
ACEUSDT,2026-07-20 00:00:00+00:00,2026-07-20 12:00:00+00:00,0.13743931217542826,0.24478245489918637,0.31897356143079314,-0.2535329007295727,-23.404792056580092,0.03553102255782736,0.0424028268551239,0.1174,2026-07-20 16:00:00+00:00,0.20868824531516172,-0.3364565587734243,True,True,True,True,True,False,False,False,False,False
ACEUSDT,2026-08-07 00:00:00+00:00,2026-08-07 12:00:00+00:00,-0.04795410979382342,-0.03739585351676045,0.23291925465838537,-0.2026402294583045,-0.9382514171135838,-0.043034013601613186,0.10410094637223964,0.1105,2026-08-07 16:00:00+00:00,0.4850678733031675,-0.13936651583710402,True,True,True,True,True,False,False,False,False,True
ALGOUSDT,2024-11-10 00:00:00+00:00,2024-11-12 12:00:00+00:00,-0.02446526937806781,-0.028472884714170088,0.012482353815290725,-0.07864632892733181,11.985967599968113,-0.058084259211044764,0.2584269662921347,0.1472,2024-11-12 16:00:00+00:00,0.48980978260869557,-0.05366847826086951,True,True,True,True,True,False,False,False,False,False
ALGOUSDT,2024-11-22 00:00:00+00:00,2024-11-23 16:00:00+00:00,0.04353853574208455,0.05261881668283208,0.0954974100146102,-0.13071963631109162,-11.780883682086312,-0.011097863286638976,0.07456140350877107,0.2893,2024-11-23 20:00:00+00:00,0.1372277912201867,-0.13307984790874516,True,True,True,True,True,False,False,False,False,False
ALGOUSDT,2024-12-02 00:00:00+00:00,2024-12-02 08:00:00+00:00,-0.014563525278399214,-0.0204854777606287,0.021938629194149684,-0.10390235989149799,-8.063025910711566,-0.020992043641102076,0.21040723981900414,0.4654,2024-12-02 12:00:00+00:00,0.3190803609798023,-0.07584873227331324,True,True,True,True,True,False,False,False,False,False
ALGOUSDT,2025-05-09 00:00:00+00:00,2025-05-12 16:00:00+00:00,-0.018031661466615057,-0.018444597384721262,-0.006382493731479477,-0.1634136504096817,-11.35910513993106,-0.018416119247736562,0.39408866995073905,0.2376,2025-05-12 20:00:00+00:00,0.057659932659932744,-0.11153198653198648,True,False,False,True,True,False,False,False,False,False
ALGOUSDT,2025-07-13 00:00:00+00:00,2025-07-14 08:00:00+00:00,0.04611810280594186,0.059884067854403034,0.09768878076167287,-0.11427565690350017,-3.596664068898548,-0.019519620152533834,0.23170731707316933,0.2762,2025-07-14 12:00:00+00:00,0.21650977552498207,-0.026430123099203562,True,True,True,True,True,False,False,False,False,False
ALGOUSDT,2026-04-02 00:00:00+00:00,2026-04-05 04:00:00+00:00,-0.0191551975886064,-0.03357380688124312,-0.0044198895027625085,-0.04213020850626015,3.2439357941800253,-0.05270323711536096,0.03124999999999661,0.116,2026-04-05 08:00:00+00:00,0.09396551724137936,-0.059482758620689635,True,False,True,True,True,False,False,False,False,False
ALGOUSDT,2026-05-08 00:00:00+00:00,2026-05-11 00:00:00+00:00,-0.032603796626746395,-0.03429462197973476,-0.006196746707978651,-0.21195516612659226,-8.539919264501854,-0.0424229679204543,0.14285714285714254,0.1239,2026-05-11 04:00:00+00:00,0.029055690072639306,-0.10169491525423724,False,False,False,False,False,False,True,False,False,False
ALGOUSDT,2026-08-21 00:00:00+00:00,2026-08-22 08:00:00+00:00,-0.0032382294273731738,-0.006728045325779086,0.037091443261109136,-0.1140623712724298,12.029988831525564,-0.06047749939689551,0.29787234042553185,0.0934,2026-08-22 12:00:00+00:00,0.020342612419700146,-0.06959314775160597,False,False,False,False,False,False,False,False,False,False
ALGOUSDT,2026-09-20 00:00:00+00:00,2026-09-20 04:00:00+00:00,0.009577131404777672,0.012176223156962651,0.024495350419596384,-0.11016026579762783,-3.258046512921524,-0.006950825553259765,0.16666666666666666,0.1019,2026-09-20 08:00:00+00:00,0.15603532875367998,-0.011776251226692902,True,True,True,True,True,False,False,False,False,False
APEUSDT,2024-09-09 00:00:00+00:00,2024-09-10 12:00:00+00:00,0.008438585818887345,0.013228606862339731,0.040877796901893415,-0.11624125377545169,-10.346090587070293,-0.02637141915275565,0.22499999999999784,0.817,2024-09-10 16:00:00+00:00,0.022031823745410017,-0.11627906976744184,False,False,False,False,False,False,False,False,False,False
APEUSDT,2024-10-20 00:00:00+00:00,2024-10-20 16:00:00+00:00,0.2726036639902214,0.3879914660164585,0.28851943971724014,-0.015405818596210596,-2.4743980784984245,0.031300360874149113,0.28402366863905343,1.518,2024-10-20 20:00:00+00:00,0.15876152832674562,-0.2918313570487484,True,True,False,False,True,False,False,False,False,False
APEUSDT,2024-12-03 00:00:00+00:00,2024-12-04 00:00:00+00:00,0.0871712257202939,0.10432368107893697,0.06648804907283368,-0.05664649302251579,-12.859801154981298,0.014194033142543416,0.18292682926829404,1.855,2024-12-04 04:00:00+00:00,0.16873315363881414,-0.06846361185983829,True,True,True,True,True,False,False,False,False,False
APEUSDT,2025-05-09 00:00:00+00:00,2025-05-13 00:00:00+00:00,-0.03904917611536163,-0.0481787887328613,0.0035271608019298295,-0.1975416124799696,-14.611556328985067,-0.07224637469757744,0.050239234449760604,0.6378,2025-05-13 04:00:00+00:00,0.1389150203825651,-0.07933521480087802,True,True,True,True,True,True,False,False,True,True
APEUSDT,2026-04-18 00:00:00+00:00,2026-04-18 16:00:00+00:00,0.021266937079822856,0.016205910390848288,0.009085079093629878,0.07217027973953982,2.860912402218986,-0.01953581836651086,0.5740740740740748,0.1066,2026-04-18 20:00:00+00:00,0.016885553470919357,-0.07692307692307687,False,False,False,False,False,False,False,False,False,False
MORPHOUSDT,2026-02-15 00:00:00+00:00,2026-02-15 16:00:00+00:00,-0.03125527378037152,-0.05155807365439102,0.03666722604463857,-0.14784118327408724,4.445778371214132,,0.2592592592592603,1.302,2026-02-15 20:00:00+00:00,0.2112135176651304,-0.0038402457757297226,True,True,True,True,True,False,False,False,False,False
MORPHOUSDT,2026-02-25 00:00:00+00:00,2026-02-27 08:00:00+00:00,-0.030999023167593953,-0.041601819705495036,-0.0026268656716418315,-0.19040521195488258,-12.78769489222995,-0.05459689412567004,0.078125,1.78,2026-02-27 12:00:00+00:00,0.13146067415730323,-0.059550561797752866,True,True,False,True,True,False,False,False,False,False
MORPHOUSDT,2026-05-25 00:00:00+00:00,2026-05-26 00:00:00+00:00,-0.027787559991746424,-0.04203659194584797,0.00339600354365599,-0.13154806060151525,-6.908467448885645,-0.06202470509878322,0.2924528301886797,2.169,2026-05-26 04:00:00+00:00,0.08160442600276618,-0.08437067773167362,True,False,True,True,True,False,False,False,False,False
MORPHOUSDT,2026-08-20 00:00:00+00:00,2026-08-21 16:00:00+00:00,-0.0018101624343165312,-0.00526089243866279,0.02716643741403013,-0.23952944077032567,-25.545399274126062,-0.03495850327759886,0.12,2.311,2026-08-21 20:00:00+00:00,0.2981393336218088,-0.08091735179575932,True,True,True,True,True,False,False,False,False,False
ARKUSDT,2024-09-20 00:00:00+00:00,2024-09-21 04:00:00+00:00,0.058347024171151896,0.06457063853755951,0.1304121324380645,-0.006672581819568424,18.85905747975505,-0.02875332086375637,0.33962264150943433,0.4617,2024-09-21 08:00:00+00:00,0.27788607320771064,-0.11890838206627685,True,True,True,True,True,False,False,False,False,False
ARKUSDT,2024-10-16 00:00:00+00:00,2024-10-17 08:00:00+00:00,-0.017171972402106217,-0.03344747801943537,0.044082405689548354,-0.11465945160869007,2.9785019407136346,-0.048735910583124875,0.3467741935483876,0.5805,2024-10-17 12:00:00+00:00,0.1545219638242894,-0.03565891472868221,True,True,True,True,True,False,False,False,False,False
ARKUSDT,2024-11-11 00:00:00+00:00,2024-11-11 16:00:00+00:00,0.06019296756417081,0.07264050901378583,0.04416830708661412,-0.007591169604494352,-4.036808807263824,0.046293640689548,0.3895582329317281,0.6069,2024-11-11 20:00:00+00:00,0.13511286867688255,-0.11863568956994552,True,True,True,True,True,False,False,False,False,False
ARKUSDT,2025-02-17 00:00:00+00:00,2025-02-17 08:00:00+00:00,0.21080121022008336,0.2701594299482235,0.10630937189848311,-0.03571956726445624,-28.768634468281874,0.09974498661867104,0.46485473289596974,0.551,2025-02-17 12:00:00+00:00,0.07840290381125214,-0.25281306715063523,True,False,False,False,False,False,False,False,False,False
ARKUSDT,2025-07-12 00:00:00+00:00,2025-07-12 08:00:00+00:00,0.14837532329346348,0.18991419009033939,0.09522103406460158,-0.14805439910360563,-33.59446018151672,0.04639923470935026,0.3289062499999999,0.5247,2025-07-12 12:00:00+00:00,0.08633504859919938,-0.17705355441204507,True,False,False,True,True,False,False,False,False,False
ARKUSDT,2026-09-13 00:00:00+00:00,2026-09-13 12:00:00+00:00,-0.01703911083059073,0.02580494269899436,0.15226374416097732,-0.38639007655038016,-39.531359757487714,-0.007543570717741366,0.059021922428330556,0.146,2026-09-13 16:00:00+00:00,0.46780821917808213,-0.08630136986301373,True,True,False,False,True,False,False,False,False,False
ARKUSDT,2026-09-25 00:00:00+00:00,2026-09-26 12:00:00+00:00,0.041370163788414294,0.039702667249672086,0.12704514094224328,-0.16141403611189864,-9.137215852130964,-0.03285059492084186,0.05691056910569153,0.264,2026-09-26 16:00:00+00:00,0.6143939393939395,-0.2151515151515152,True,True,True,True,True,False,False,False,False,False
ZKUSDT,2024-11-10 00:00:00+00:00,2024-11-12 12:00:00+00:00,-0.005880705780796025,-0.00560554654078782,0.002439926062846709,-0.01308961192526037,4.739072218524413,0.0036871644253129165,0.7289719626168215,0.1498,2024-11-12 16:00:00+00:00,0.07610146862483336,-0.12616822429906538,True,False,True,True,True,False,False,False,False,False
ZKUSDT,2024-11-24 00:00:00+00:00,2024-11-24 12:00:00+00:00,-0.029695513513864458,-0.04349287442860983,0.011903952112101157,-0.0516018557772826,10.365474193972283,-0.04730985857240466,0.5185185185185177,0.158,2024-11-24 16:00:00+00:00,0.1860759493670887,-0.017721518987341756,True,True,True,True,True,False,False,False,False,False
ZKUSDT,2024-12-04 00:00:00+00:00,2024-12-08 08:00:00+00:00,-0.027800095585181483,-0.0433206839210335,-0.007448474332388377,-0.05732556749989037,1.65943707354036,-0.048259370459505235,0.47368421052631327,0.2492,2024-12-08 12:00:00+00:00,0.0341091492776886,-0.2776886035313002,False,False,False,False,False,False,False,False,False,False
ZKUSDT,2025-08-13 00:00:00+00:00,2025-08-14 08:00:00+00:00,-0.0025469380189780955,-0.011157031543525542,0.049728209612977414,-0.07904595400521841,4.686629036422033,-0.034959484720220035,0.3771043771043757,0.06726,2025-08-14 12:00:00+00:00,0.04400832589949455,-0.11344038061254824,False,False,False,False,False,False,False,False,False,False
ZKUSDT,2025-11-02 00:00:00+00:00,2025-11-02 12:00:00+00:00,0.20480641552864443,0.262602187423429,0.30829981931573114,-0.11696474540166557,-12.623419815072765,-0.021217100128153144,0.4680351906158354,0.063,2025-11-02 16:00:00+00:00,0.3492063492063493,-0.2857142857142857,True,True,False,True,True,False,False,False,False,False
ZKUSDT,2026-09-06 00:00:00+00:00,2026-09-07 12:00:00+00:00,-0.01999480636448736,-0.033415082771306004,0.019587414044592633,-0.1472988225292532,-10.853662707212543,-0.046039538580277095,0.03636363636363803,0.01054,2026-09-07 16:00:00+00:00,0.046489563567362335,-0.13377609108159405,False,False,False,False,False,False,False,False,False,False
ZKUSDT,2026-09-19 00:00:00+00:00,2026-09-20 12:00:00+00:00,-0.006317068995092878,-0.010931095061487373,0.014053840063341205,-0.055682310699603166,11.059058553198284,-0.022652910642876556,0.3611111111111099,0.01124,2026-09-20 16:00:00+00:00,0.1583629893238434,-0.014234875444839923,True,True,True,True,True,False,False,False,False,False
RAYUSDT,2024-07-19 00:00:00+00:00,2024-07-22 00:00:00+00:00,-0.010405132071017675,-0.012079015974045038,0.016846245938088034,-0.22998368482744447,-20.39716746056849,-0.01277686682283996,0.0,2.4797,2024-07-22 04:00:00+00:00,0.012098237690043145,-0.15312336169697938,False,False,False,False,False,False,True,False,False,False
RAYUSDT,2024-10-14 00:00:00+00:00,2024-10-16 12:00:00+00:00,-0.022615210004889086,-0.03157216494845361,-0.0002683987331579818,-0.08915260389247692,-3.261610230384953,-0.04337310501810121,0.12307692307692329,2.003,2024-10-16 16:00:00+00:00,0.26809785322016966,-0.01298052920619075,True,True,True,True,True,False,False,False,False,False
RAYUSDT,2024-10-24 00:00:00+00:00,2024-10-25 04:00:00+00:00,-0.011883709292815459,-0.009180736014938073,0.046831731552370304,-0.2833557987960642,-25.96709742272769,-0.032964574310700656,0.17251461988304137,2.829,2024-10-25 08:00:00+00:00,0.27889713679745487,-0.06291975963237906,True,True,True,True,True,False,False,False,False,False
RAYUSDT,2024-11-06 00:00:00+00:00,2024-11-07 20:00:00+00:00,0.03372910049672484,0.03076542599233334,0.09065652478826136,-0.11336930029106851,-4.408417257438529,-0.02303434122462611,0.1686274509803928,4.632,2024-11-08 00:00:00+00:00,0.295336787564767,-0.07059585492227982,True,True,True,True,True,False,False,False,False,False
RAYUSDT,2024-11-17 00:00:00+00:00,2024-11-17 08:00:00+00:00,0.09395996317518396,0.11627906976744184,0.05563669239863689,-0.029144259696899155,-9.918272506468178,0.06662439850646318,0.6280623608017808,5.649,2024-11-17 12:00:00+00:00,0.15064613205877153,-0.08266949902637633,True,True,False,True,True,False,False,False,False,False
RAYUSDT,2025-01-18 00:00:00+00:00,2025-01-19 12:00:00+00:00,-0.02594135813177878,-0.04414578227527888,0.05836973074284191,-0.15648263103072957,-4.948021021761129,-0.0413875215972731,0.09557774607703184,6.714,2025-01-19 16:00:00+00:00,0.29579982126899007,-0.12168602919273164,True,True,False,False,False,False,False,False,False,False
RAYUSDT,2025-05-10 00:00:00+00:00,2025-05-11 04:00:00+00:00,0.022717062186505377,0.029579235376765656,0.031148728506614765,-0.11746263331761841,-8.991107151018014,0.0035744732594304995,0.06278026905829506,3.095,2025-05-11 08:00:00+00:00,0.24911147011308565,-0.0840064620355413,True,True,True,True,True,False,False,False,False,False
RAYUSDT,2025-08-10 00:00:00+00:00,2025-08-11 04:00:00+00:00,-0.008776191647777765,-0.0216480446927374,0.035038204722241284,-0.1380280221115492,-8.318816033899672,-0.02399569113334754,0.0,3.269,2025-08-11 08:00:00+00:00,0.2594065463444477,-0.08442948914040993,True,True,False,False,True,False,False,False,False,False
RAYUSDT,2026-08-22 00:00:00+00:00,2026-08-22 08:00:00+00:00,0.002501444797994079,-7.593129736216397e-05,0.028794175546042577,-0.10860955776698411,3.0209541192595353,-0.05562498784218961,0.3569682151589252,0.7304,2026-08-22 12:00:00+00:00,0.17182365826944124,-0.029846659364731742,True,True,True,True,True,False,False,False,False,False
RAYUSDT,2026-09-06 00:00:00+00:00,2026-09-06 20:00:00+00:00,0.13288170238000951,0.16960152032832632,0.16025896647979176,0.01735257842978344,11.24591983923142,-0.03111321499893971,0.7711711711711723,1.2858,2026-09-07 00:00:00+00:00,0.39212941359464915,-0.1749883341110593,True,True,False,False,False,False,False,False,False,False
RAYUSDT,2026-09-18 00:00:00+00:00,2026-09-18 12:00:00+00:00,0.048341914841196765,0.06094524716447136,0.06917289811767202,-0.08780422153335532,-4.704970661189805,0.028423289795348472,0.18097754293262674,1.6623,2026-09-18 16:00:00+00:00,0.25615111592372,-0.05191601997232753,True,True,True,True,True,False,False,False,False,False
RESOLVUSDT,2025-11-13 00:00:00+00:00,2025-11-13 16:00:00+00:00,0.07444589722685069,0.11525649566955365,0.048367382573773376,-0.011472801726935877,2.3624874662228734,,0.3440366972477057,0.1487,2025-11-13 20:00:00+00:00,0.6597175521183591,-0.24882313382649635,True,True,True,True,True,False,False,False,False,False
RESOLVUSDT,2026-01-26 00:00:00+00:00,2026-01-26 12:00:00+00:00,0.12570288330393442,0.1722497722902543,0.0865405762040905,-0.026847660211637203,-4.550530236181487,0.08358306834233109,0.3964497041420125,0.1285,2026-01-26 16:00:00+00:00,0.041245136186770504,-0.398443579766537,False,False,False,False,False,False,False,False,False,False
ZAMAUSDT,2026-04-11 00:00:00+00:00,2026-04-11 04:00:00+00:00,0.008875028790155559,0.01649336679813551,0.04761010423513934,,,,0.22950819672131195,0.0252,2026-04-11 08:00:00+00:00,0.7031746031746031,-0.030952380952380953,True,True,True,True,True,False,False,False,False,False
ZAMAUSDT,2026-07-22 00:00:00+00:00,2026-07-23 20:00:00+00:00,0.060708246422192635,0.07187975987814732,0.08749878203254391,-0.0574570426802401,-5.184856728848146,0.0037007780647182464,0.6655948553054667,0.05317,2026-07-24 00:00:00+00:00,0.2548429565544479,-0.08218920443859312,True,True,False,True,True,False,False,False,False,False
ZAMAUSDT,2026-09-19 00:00:00+00:00,2026-09-19 20:00:00+00:00,0.13193368224778257,0.17211156639086234,0.1764410281226152,-0.14472870427799833,-14.243275796971105,-0.0032864147798818966,0.4228395061728401,0.08232,2026-09-20 00:00:00+00:00,0.310131195335277,-0.05721574344023328,True,True,False,True,True,False,False,False,False,False
SAGAUSDT,2024-09-17 00:00:00+00:00,2024-09-19 12:00:00+00:00,0.057492368840231345,0.07063129556247905,0.0780928983727025,-0.08761277891620178,-7.755794235655998,-0.007347197946139916,0.32585139318885475,2.3603,2024-09-19 16:00:00+00:00,0.15836969876710594,-0.08909884336736862,True,True,True,True,True,False,False,False,False,False
SAGAUSDT,2024-10-07 00:00:00+00:00,2024-10-07 20:00:00+00:00,0.041109770069737595,0.05195698997820619,0.05287947576767382,-0.1080989324613294,-13.12820996010987,0.0005883425509640716,0.12755716004813417,2.7515,2024-10-08 00:00:00+00:00,0.07174268580774124,-0.1925131746320189,True,False,False,True,True,False,False,False,False,False
SAGAUSDT,2025-05-11 00:00:00+00:00,2025-05-12 12:00:00+00:00,-0.026066695775665116,-0.04031879981247066,0.02759414393919113,-0.15092830736664287,-0.6393764893743921,-0.05547794896494196,0.07246376811594206,0.4093,2025-05-12 16:00:00+00:00,0.07207427314927939,-0.2545809919374542,True,False,False,False,False,False,False,False,False,False
SAGAUSDT,2026-05-12 00:00:00+00:00,2026-05-13 00:00:00+00:00,-0.20135694411664484,-0.20570377184912603,0.1965655157230397,-0.32517107103719023,-5.2566855076018015,-0.08414156632402037,0.1082802547770701,0.02878,2026-05-13 04:00:00+00:00,0.30681028492008333,-0.2984711605281446,True,True,True,True,True,False,False,True,True,True
SAGAUSDT,2026-09-15 00:00:00+00:00,2026-09-16 00:00:00+00:00,0.00478136662138029,0.020959377700950688,0.1003982642810437,-0.27710387818592397,-23.538268614134964,-0.013891515840950719,0.11662531017369772,0.02102,2026-09-16 04:00:00+00:00,0.9576593720266413,-0.10941960038058995,True,True,False,False,False,False,False,False,False,False
ETCUSDT,2024-11-09 00:00:00+00:00,2024-11-12 12:00:00+00:00,-0.02991090291672671,-0.035884133160397846,-0.006158693784015901,-0.05864532818896018,5.449247433215447,-0.04618320659807362,0.4299065420560754,22.31,2024-11-12 16:00:00+00:00,0.3635141192290454,-0.051098162259076485,True,True,False,True,True,False,False,False,False,False
ETCUSDT,2024-11-25 00:00:00+00:00,2024-11-26 04:00:00+00:00,-0.019389032391120997,-0.022970105357209336,0.01966366776752837,-0.07179049835144691,-4.1939512418114475,-0.04340030027695818,0.1619047619047634,29.15,2024-11-26 08:00:00+00:00,0.16638078902229858,-0.06072041166380793,True,True,False,True,True,False,False,False,False,False
ETCUSDT,2025-05-09 00:00:00+00:00,2025-05-13 00:00:00+00:00,-0.03635811414869017,-0.043838067546410286,-0.005007232669411388,-0.2000228170069075,-12.564732762540473,-0.07233419467065882,0.06896551724137805,19.0,2025-05-13 04:00:00+00:00,0.10578947368421066,-0.05842105263157893,True,True,True,True,True,False,False,False,True,False
ETCUSDT,2025-07-18 00:00:00+00:00,2025-07-19 08:00:00+00:00,0.021133188015183935,0.011111636483994491,0.06533346766068893,-0.12250558674095868,-10.164941054359545,-0.015116965456916986,0.06779661016949311,23.76,2025-07-19 12:00:00+00:00,0.07702020202020199,-0.1022727272727274,True,False,True,True,True,False,False,False,False,False
ETCUSDT,2026-08-21 00:00:00+00:00,2026-08-22 04:00:00+00:00,0.05638524190348293,0.07270094134685023,0.07856919712589816,-0.23356956647116767,-23.6142319853452,-0.032074377189871606,0.5705521472392642,8.23,2026-08-22 08:00:00+00:00,0.004860267314702238,-0.08991494532199273,False,False,False,False,False,False,False,False,False,False
ETCUSDT,2026-09-22 00:00:00+00:00,2026-09-23 12:00:00+00:00,-0.03978487519094098,-0.044595249636451784,0.012018641157713894,-0.2662232283821149,-12.811712140230036,-0.0634961843088474,0.025974025974025435,8.76,2026-09-23 16:00:00+00:00,0.1894977168949772,-0.0182648401826484,True,True,True,True,True,True,True,True,True,True
EIGENUSDT,2024-12-06 00:00:00+00:00,2024-12-07 08:00:00+00:00,0.004048334391525632,0.0024015487538902036,0.06751948935279661,-0.11113521999003473,-4.160584734991133,-0.0453332455787081,0.4913151364764261,4.545,2024-12-07 12:00:00+00:00,0.18679867986798682,-0.15995599559955997,True,True,True,True,True,False,False,False,False,False
EIGENUSDT,2025-05-09 00:00:00+00:00,2025-05-09 08:00:00+00:00,0.11524062328435192,0.15240957389717713,0.1662285642758794,-0.1979874880339808,-25.1972772544281,-0.019691115058195097,0.10285714285714292,1.192,2025-05-09 12:00:00+00:00,0.36828859060402697,-0.05872483221476499,True,True,True,True,True,False,False,False,False,False
EIGENUSDT,2025-08-13 00:00:00+00:00,2025-08-14 12:00:00+00:00,-0.03686684360866255,-0.046710949217912856,0.03496451803666467,-0.16910125918846064,-2.116606429963795,-0.05626157235654494,0.37588652482269613,1.484,2025-08-14 16:00:00+00:00,0.004716981132075526,-0.1435309973045823,False,False,False,False,False,False,False,False,False,False
EIGENUSDT,2025-09-13 00:00:00+00:00,2025-09-14 08:00:00+00:00,-0.013133769696121678,-0.02145922746781115,0.0266470835081829,-0.0684623677902928,0.29165775312259967,-0.05102095100503756,0.11688311688311849,1.596,2025-09-14 12:00:00+00:00,0.31516290726817053,-0.06766917293233088,True,True,False,True,True,False,False,False,False,False
EIGENUSDT,2025-10-06 00:00:00+00:00,2025-10-06 20:00:00+00:00,-0.0009400582109234668,0.008481911026484212,0.0031255426289285015,-0.13706789121990548,-9.900225540099655,0.00015016539641399262,0.045977011494252935,1.943,2025-10-07 00:00:00+00:00,0.05712815234173951,-0.7426659804426146,True,False,True,True,True,False,False,False,False,False
EIGENUSDT,2026-05-25 00:00:00+00:00,2026-05-26 20:00:00+00:00,-0.009813376208329783,-0.027379228642885334,0.03459076671660055,-0.04202219129401741,7.312031463704443,-0.03237455468017869,0.184615384615382,0.2464,2026-05-27 00:00:00+00:00,0.028814935064935154,-0.1785714285714286,False,False,False,False,False,False,False,False,False,False
EIGENUSDT,2026-06-20 00:00:00+00:00,2026-06-20 12:00:00+00:00,0.024735604720845572,0.03992542403710608,0.06026710380405964,-0.12686881327027566,-8.171143167361151,0.004123676067569804,0.4513888888888889,0.2541,2026-06-20 16:00:00+00:00,0.24321133412042517,-0.17473435655253833,True,True,True,True,True,False,False,False,False,False
EIGENUSDT,2026-09-21 00:00:00+00:00,2026-09-23 12:00:00+00:00,-0.04564080552064109,-0.04529395778603129,0.007805724197744945,-0.3233535634029209,-23.304630405557553,-0.05144983465980635,0.042016806722689086,0.2342,2026-09-23 16:00:00+00:00,0.2203245089666952,-0.02348420153714781,True,True,True,True,True,True,True,True,False,True
COTIUSDT,2024-11-22 00:00:00+00:00,2024-11-23 04:00:00+00:00,0.10282157134407544,0.14570724267914859,0.12496223401959528,-0.17600066641385415,-16.89750626226713,0.002507346363513907,0.22578241430700505,0.13273,2024-11-23 08:00:00+00:00,0.18571536201310934,-0.061930234310253796,True,True,True,True,True,False,False,False,False,False
COTIUSDT,2024-12-02 00:00:00+00:00,2024-12-02 08:00:00+00:00,-0.03485543638488542,-0.03687779892120813,-0.0048622827812542235,-0.15394735234911694,-10.762209591375246,-0.045394316942071744,0.23206377325066485,0.14959,2024-12-02 12:00:00+00:00,0.28497894244267674,-0.005347951066247747,True,True,True,True,True,False,False,False,False,False
COTIUSDT,2025-11-09 00:00:00+00:00,2025-11-10 00:00:00+00:00,0.22187561699705793,0.30854495822648675,0.15001902587519034,-0.12432265866191572,-20.650076161483184,0.059041874761553315,0.10208333333333347,0.05274,2025-11-10 04:00:00+00:00,0.09783845278725822,-0.35400075843761847,True,False,False,False,False,False,False,False,False,False
COTIUSDT,2026-04-17 00:00:00+00:00,2026-04-18 16:00:00+00:00,-0.032314139449605706,-0.044956940592614236,0.0024875621890547706,-0.17683560727977465,-8.48231805977911,-0.060357282352684116,0.19402985074627097,0.01453,2026-04-18 20:00:00+00:00,0.10667584308327616,-0.05161734342739155,True,True,False,True,True,False,False,False,True,False
COTIUSDT,2026-07-27 00:00:00+00:00,2026-07-28 04:00:00+00:00,0.20465116085714263,0.29396103110250515,0.19632257130447384,-0.15369688954244587,-16.910002834581746,0.047781729372021964,0.18799999999999994,0.01189,2026-07-28 08:00:00+00:00,0.7661900756938607,-0.1404541631623213,True,True,False,False,True,False,False,False,False,False
COTIUSDT,2026-09-09 00:00:00+00:00,2026-09-10 00:00:00+00:00,-0.016419670574387313,-0.011809593023255793,0.03361502347417833,-0.036771946938102595,17.80185259913587,-0.013935234171210564,0.5253164556962026,0.01811,2026-09-10 04:00:00+00:00,0.0795140806184429,-0.12644947542794038,True,False,True,True,True,False,False,False,False,False
LDOUSDT,2024-11-25 00:00:00+00:00,2024-11-26 00:00:00+00:00,0.02247677631104117,0.026550552251486836,0.0691900075700227,-0.05732413964773464,2.3183264752964163,-0.027433665955174713,0.13253012048192656,1.611,2024-11-26 04:00:00+00:00,0.17008069522035996,-0.059590316573556845,True,True,False,True,True,False,False,False,False,False
LDOUSDT,2024-12-06 00:00:00+00:00,2024-12-07 16:00:00+00:00,-0.024808205310930642,-0.035392921415716705,0.006895857452056342,-0.09185648296578863,-6.567564140078126,-0.031338556428902486,0.14606741573034027,2.144,2024-12-07 20:00:00+00:00,0.10960820895522372,-0.3316231343283582,True,True,False,False,False,False,False,False,False,False
LDOUSDT,2024-12-16 00:00:00+00:00,2024-12-16 08:00:00+00:00,-0.023520714960925115,-0.023323899677954563,0.013450697260409594,-0.11543491432554864,-2.216864131866174,-0.0212746252943542,0.21929824561403757,2.225,2024-12-16 12:00:00+00:00,0.05078651685393254,-0.37258426966292146,True,False,True,True,True,False,False,False,False,False
LDOUSDT,2025-05-10 00:00:00+00:00,2025-05-12 12:00:00+00:00,-0.018380201148818553,-0.02391041162227625,-0.011370436864152955,-0.05980010775143485,2.992599529024325,-0.02460164469364301,0.1875,1.076,2025-05-12 16:00:00+00:00,0.09386617100371741,-0.14591078066914498,True,False,False,True,True,False,False,False,False,False
LDOUSDT,2025-07-17 00:00:00+00:00,2025-07-18 20:00:00+00:00,0.008652404600250296,0.00021088148460579603,0.04552971006504247,-0.06123403607391542,-3.79687654072967,-0.04310274420843818,0.4878048780487818,1.055,2025-07-19 00:00:00+00:00,0.22369668246445507,-0.025592417061611306,True,True,True,True,True,False,False,False,False,False
LDOUSDT,2025-08-09 00:00:00+00:00,2025-08-10 04:00:00+00:00,0.02443563648666669,0.030941949616648312,0.05265180630284405,-0.14812232551309956,-7.50149712147369,-0.023696536611995,0.01515151515151347,1.256,2025-08-10 08:00:00+00:00,0.2961783439490444,-0.02468152866242035,True,True,True,True,True,False,False,False,False,False
LDOUSDT,2026-04-16 00:00:00+00:00,2026-04-18 08:00:00+00:00,-0.02936981515813475,-0.039312617702448205,-0.0112243314539906,-0.16266859051351112,-8.462744051125313,-0.045266002187696275,0.1631799163179924,0.408,2026-04-18 12:00:00+00:00,0.003676470588235281,-0.15735294117647058,False,False,False,False,False,False,False,False,False,False
LDOUSDT,2026-04-26 00:00:00+00:00,2026-04-27 04:00:00+00:00,-0.07060185564523858,-0.0633362340911563,0.043058943665966964,-0.37638423333342086,-28.140988434160917,-0.02836957282518293,0.02846054333764528,0.3826,2026-04-27 08:00:00+00:00,0.0880815473078933,-0.05227391531625725,True,False,True,True,True,True,False,True,False,True
LDOUSDT,2026-07-16 00:00:00+00:00,2026-07-18 16:00:00+00:00,-0.024596204482499107,-0.03543437134019989,-0.006711209210761848,-0.09697073592578342,-7.8567110960825985,-0.04385566579386224,0.2521008403361342,0.3569,2026-07-18 20:00:00+00:00,0.15634631549453637,-0.021014289717007584,True,True,True,True,True,False,False,False,False,False
LDOUSDT,2026-08-23 00:00:00+00:00,2026-08-24 16:00:00+00:00,-0.030843853313928582,-0.04729497884021505,0.018522833178005405,-0.12584841287437454,-5.698286351149676,-0.049108930141962936,0.14754098360655685,0.3703,2026-08-24 20:00:00+00:00,0.0464488252768025,-0.07507426411018092,False,False,False,False,False,False,False,False,False,False
LDOUSDT,2026-09-21 00:00:00+00:00,2026-09-22 08:00:00+00:00,-0.025034302088770888,-0.03916658060518441,0.005112235629946893,-0.09609243088665609,1.4557764548938579,-0.06233375500294436,0.24528301886792242,0.4136,2026-09-22 12:00:00+00:00,0.2248549323017408,-0.07930367504835589,True,True,True,True,True,False,False,False,False,False
CRVUSDT,2024-08-24 00:00:00+00:00,2024-08-25 04:00:00+00:00,-0.0360295060663951,-0.047116088187573624,0.01064240241785086,-0.13953652278726403,-1.489386433875886,-0.08774730713140433,0.1567164179104468,0.3328,2024-08-25 08:00:00+00:00,0.024939903846153966,-0.15985576923076916,False,False,False,False,False,False,False,False,False,False
CRVUSDT,2024-11-13 00:00:00+00:00,2024-11-14 08:00:00+00:00,0.002912296080471277,0.009630577082236025,0.032230506368437384,-0.04429724098986265,-1.93271904770382,-0.025943319136401466,0.4692307692307704,0.2983,2024-11-14 12:00:00+00:00,0.47301374455246403,-0.0744217230975528,True,True,False,True,True,False,False,False,False,False
CRVUSDT,2024-11-23 00:00:00+00:00,2024-11-23 20:00:00+00:00,0.03011685535898523,0.027995753323486028,0.06953666905284983,-0.06288681587593192,1.9706207040220534,-0.009280138484664024,0.3211382113821137,0.4948,2024-11-24 00:00:00+00:00,0.16491511721907837,-0.05679062247372679,True,True,True,True,True,False,False,False,False,False
CRVUSDT,2024-12-03 00:00:00+00:00,2024-12-03 16:00:00+00:00,0.058978893019698164,0.07066381156316903,0.07671790235081377,-0.11673373522286801,-10.83870812634052,0.012518359178990579,0.024020227560050712,0.8498,2024-12-03 20:00:00+00:00,0.5730760178865615,-0.0009413979759943514,True,True,True,True,True,False,False,False,False,False
CRVUSDT,2025-04-11 00:00:00+00:00,2025-04-13 04:00:00+00:00,-0.00039423264829219207,-0.005827169402850441,-9.019572472268589e-05,-0.036864369791728246,-0.587409578653947,-0.013974040464336368,0.12772585669781902,0.6125,2025-04-13 08:00:00+00:00,0.08848979591836725,-0.07118367346938792,True,False,False,True,True,False,False,False,False,False
CRVUSDT,2025-05-10 00:00:00+00:00,2025-05-11 12:00:00+00:00,-0.024063340212006845,-0.030137219324109732,0.0017893152319010674,-0.11684438555725518,-9.978139288709102,-0.044939036999277704,0.22580645161290427,0.7601,2025-05-11 16:00:00+00:00,0.08827785817655576,-0.11643204841468235,True,False,True,True,True,False,False,False,False,False
CRVUSDT,2025-05-22 00:00:00+00:00,2025-05-23 20:00:00+00:00,-0.027756411293111682,-0.041049963202224204,0.006640142680751859,-0.1673019155770855,-11.28640843277364,-0.06307616384185588,0.14285714285714318,0.7819,2025-05-24 00:00:00+00:00,0.035170737946028874,-0.06816728481903056,False,False,False,False,False,False,False,False,False,False
CRVUSDT,2025-07-16 00:00:00+00:00,2025-07-18 12:00:00+00:00,-0.01675234308597584,-0.0374590641963124,0.03816687236569405,-0.1196529576935339,-0.3344222658630116,-0.0380492984039521,0.08849557522123891,0.9536,2025-07-18 16:00:00+00:00,0.10109060402684578,-0.04886744966442946,True,True,True,True,True,False,False,False,False,False
CRVUSDT,2026-08-10 00:00:00+00:00,2026-08-13 00:00:00+00:00,-0.022577309308651095,-0.03365147276616742,2.220446049250313e-16,-0.08438170957031432,-6.308042455357352,-0.06615918702996137,0.216981132075474,0.2609,2026-08-13 04:00:00+00:00,0.002299731697968488,-0.08815638175546192,False,False,False,False,False,False,False,False,False,False
CRVUSDT,2026-08-20 00:00:00+00:00,2026-08-23 00:00:00+00:00,-0.028571648827537488,-0.048048147901842087,0.011332683189292814,-0.15941522981198109,-9.646264727508822,-0.024726722074527085,0.13545816733067778,0.3183,2026-08-23 04:00:00+00:00,0.08765315739868051,-0.05183788878416595,True,False,True,True,True,False,False,False,False,False
CRVUSDT,2026-09-02 00:00:00+00:00,2026-09-02 08:00:00+00:00,-0.004401535522964628,-0.018231292517006725,0.04743959210817983,-0.1445044263952019,-5.407579599618266,-0.027971039820005705,0.11353711790392987,0.3608,2026-09-02 12:00:00+00:00,0.12555432372505537,-0.03658536585365846,True,True,True,True,True,False,False,False,False,False
OPNUSDT,2026-06-03 00:00:00+00:00,2026-06-04 00:00:00+00:00,0.20661591911184618,0.326276973504507,0.30645017396734775,-0.06453842678695665,5.411061435720441,0.028019289375005973,0.5239234449760766,0.2159,2026-06-04 04:00:00+00:00,0.4719777674849468,-0.6257526632700324,True,True,False,False,False,False,False,False,False,False
OPNUSDT,2026-10-01 00:00:00+00:00,2026-10-02 04:00:00+00:00,-0.01314443331291626,-0.015651201788708935,0.04011627906976756,-0.15320031435818637,-8.231058847596145,-0.047666195187991645,0.21739130434782628,0.0586,2026-10-02 08:00:00+00:00,0.027303754266211566,-0.005119453924914752,False,False,False,False,False,False,False,False,False,False
CAKEUSDT,2024-11-24 00:00:00+00:00,2024-11-24 12:00:00+00:00,0.03110838230622348,0.03538291428296714,0.07083655083655072,-0.11080821955441578,,,0.1353383458646601,2.394,2024-11-24 16:00:00+00:00,0.36967418546365893,-0.007101086048454608,True,True,True,True,True,False,False,False,False,False
CAKEUSDT,2024-12-04 00:00:00+00:00,2024-12-04 12:00:00+00:00,0.09075172930844078,0.11982216099439569,0.08165131400704406,-0.08500775161149954,-10.324697221582213,0.017957665479942264,0.13028169014084626,3.973,2024-12-04 16:00:00+00:00,0.10042788824565818,-0.061414548200352304,True,True,False,True,True,False,False,False,False,False
CAKEUSDT,2025-10-02 00:00:00+00:00,2025-10-04 08:00:00+00:00,-0.0017078302807850276,-0.02392344497607657,0.06041131105398456,-0.1213631004548229,-2.686560419118635,-0.04714111848107683,0.09352517985611453,3.402,2025-10-04 12:00:00+00:00,0.35302763080540855,-0.06819517930629049,True,True,True,True,True,False,False,False,False,False
CAKEUSDT,2026-08-22 00:00:00+00:00,2026-08-22 08:00:00+00:00,-0.01071953917635593,-0.013294797687861237,0.025759272679359846,-0.149679165635917,9.848901487529524,-0.06918652325838914,0.34090909090909177,1.706,2026-08-22 12:00:00+00:00,0.05744431418522855,-0.030480656506447823,True,False,True,True,True,False,False,False,False,False
LSKUSDT,2024-11-12 00:00:00+00:00,2024-11-13 08:00:00+00:00,-0.016213482994433037,-0.0238178633975481,0.0044564325085023615,-0.06350574610636306,-3.5024720865223173,-0.03217754086628555,0.5641025641025658,0.929,2024-11-13 12:00:00+00:00,0.10764262648008605,-0.06996770721205603,True,True,False,True,True,False,False,False,False,False
LSKUSDT,2025-11-11 00:00:00+00:00,2025-11-11 08:00:00+00:00,0.23931913224710533,0.33456904541241905,0.16334231805929922,-0.21083349041784882,-36.12202142150291,0.05425581382687139,0.02654867256637171,0.319,2025-11-11 12:00:00+00:00,0.37617554858934166,-0.2852664576802507,True,True,False,False,False,False,False,False,False,False
LSKUSDT,2026-08-26 00:00:00+00:00,2026-08-26 08:00:00+00:00,0.03789260934104677,0.046586441081853724,0.012791118619524644,-0.04649874778866092,-13.92669595044297,0.06447711502551012,0.5890410958904125,0.0975,2026-08-26 12:00:00+00:00,0.3128205128205128,-0.04615384615384621,True,True,True,True,True,False,False,False,False,False
LSKUSDT,2026-09-11 00:00:00+00:00,2026-09-11 08:00:00+00:00,0.054632371839781424,0.07634228187919456,0.04622586307782317,-0.18290379127426293,-21.593240585201457,0.029480698811340522,0.05076142131979701,0.128,2026-09-11 12:00:00+00:00,14.625,-0.05859375,True,True,False,True,True,False,False,False,False,False
KITEUSDT,2026-01-27 00:00:00+00:00,2026-01-28 08:00:00+00:00,0.09021522533956472,0.10406290956749653,0.056494045970645335,0.05659687176507844,0.4694166818676848,0.02250784114952653,0.5583333333333328,0.1404,2026-01-28 12:00:00+00:00,0.16096866096866114,-0.07051282051282048,True,True,True,True,True,False,False,False,False,False
KITEUSDT,2026-02-08 00:00:00+00:00,2026-02-10 04:00:00+00:00,-0.024209694570599183,-0.026394264323329697,0.03276325273573155,-0.18081960069458503,-4.555751239690679,-0.037686339466271535,0.16788321167883366,0.1705,2026-02-10 08:00:00+00:00,0.42346041055718464,-0.06686217008797668,True,True,True,True,True,False,False,False,False,False
KITEUSDT,2026-02-20 00:00:00+00:00,2026-02-20 20:00:00+00:00,0.011852405743788985,0.01733730107387732,0.060025601170339504,-0.1449136953648843,-9.446922500919761,-0.0058762439583863735,0.2619047619047617,0.2622,2026-02-21 00:00:00+00:00,0.09077040427154848,-0.2349351639969488,True,False,False,False,False,False,False,False,False,False
KITEUSDT,2026-09-26 00:00:00+00:00,2026-09-28 00:00:00+00:00,-0.021763826007924036,-0.04058226731363046,0.030220404453533467,-0.19099113229303,-14.556155778865076,-0.06163814909411547,0.15596330275229178,0.145,2026-09-28 04:00:00+00:00,0.06896551724137945,-0.08551724137931027,True,False,False,False,True,False,False,False,True,False
JASMYUSDT,2024-05-27 00:00:00+00:00,2024-05-27 08:00:00+00:00,0.016936835405657824,0.031529646776174536,0.08429802865547575,,,,0.023726668775704566,0.025468,2024-05-27 12:00:00+00:00,0.46144180932935464,-0.05764096120621964,True,True,True,True,True,False,False,False,False,False
JASMYUSDT,2024-11-23 00:00:00+00:00,2024-11-23 20:00:00+00:00,0.11531915107660673,0.15343522777860197,0.07910328262610111,0.008726004291735423,-3.1167803177597904,0.06423299079197542,0.4980842911877389,0.02592,2024-11-24 00:00:00+00:00,0.06057098765432101,-0.15123456790123457,True,False,True,True,True,False,False,False,False,False
JASMYUSDT,2024-12-03 00:00:00+00:00,2024-12-03 12:00:00+00:00,0.09982929595898749,0.13289854590223937,0.10205353868720213,-0.12097710628027569,-13.480331556990762,0.03378234569068117,0.5646258503401363,0.03782,2024-12-03 16:00:00+00:00,0.5634584875727129,-0.007139079851930186,True,True,True,True,True,False,False,False,False,False
JASMYUSDT,2025-05-09 00:00:00+00:00,2025-05-13 00:00:00+00:00,-0.03593693447724411,-0.04073009971269226,0.0204656510491521,-0.21792308127449145,-17.96002428145512,-0.059113541259454117,0.06249999999999938,0.01891,2025-05-13 04:00:00+00:00,0.13114754098360648,-0.11581173982020099,True,True,True,True,True,False,True,True,False,False
JASMYUSDT,2026-01-08 00:00:00+00:00,2026-01-09 00:00:00+00:00,0.0424456689875623,0.06398884946781558,0.014917695473251058,-0.06736937070601767,-8.142001730989257,0.024130682749097465,0.2916666666666659,0.00933,2026-01-09 04:00:00+00:00,0.04930332261521975,-0.08788853161843513,False,False,False,False,False,False,False,False,False,False
JASMYUSDT,2026-05-08 00:00:00+00:00,2026-05-10 08:00:00+00:00,0.018455674555369672,0.021050940061063894,0.048349056603773644,-0.12764772151715154,-7.147545041934933,-0.011865722419855174,0.34285714285714414,0.00704,2026-05-10 12:00:00+00:00,0.06392045454545459,-0.109375,True,False,True,True,True,False,False,False,False,False
JASMYUSDT,2026-08-25 00:00:00+00:00,2026-08-25 20:00:00+00:00,0.016543379101848554,0.020895522388059584,0.04914478438930381,-0.07277926660036471,0.39574797811132356,-0.005083789604833688,0.5357142857142858,0.00495,2026-08-26 00:00:00+00:00,0.02626262626262621,-0.14141414141414144,False,False,False,False,False,False,False,False,False,False
JASMYUSDT,2026-09-27 00:00:00+00:00,2026-09-28 04:00:00+00:00,-0.013346601832609939,-0.01061712010617133,0.029371584699453557,-0.1648858475185968,-3.088337258413219,-0.0331691484135298,0.1162790697674412,0.00497,2026-09-28 08:00:00+00:00,0.25553319919517103,-0.01810865191146882,True,True,True,True,True,False,False,False,False,False
BONKUSDT,2024-05-20 00:00:00+00:00,2024-05-21 16:00:00+00:00,0.025909811224241963,0.03922162489588854,0.07034605721695453,-0.06043381868155573,-0.014727528908537124,-0.021564694951471508,0.11261261261261235,3.05e-05,2024-05-21 20:00:00+00:00,0.2295081967213113,-0.0003278688524589457,True,True,True,True,True,False,False,False,False,False
BONKUSDT,2024-09-30 00:00:00+00:00,2024-10-01 16:00:00+00:00,-0.04020830386083307,-0.043381281864530274,0.009419657216376276,-0.13383672289986803,0.6150573217927828,-0.023872465001587684,0.5184049079754599,2.336e-05,2024-10-01 20:00:00+00:00,0.10017123287671237,-0.17251712328767121,True,True,True,True,True,False,False,False,False,False
BONKUSDT,2024-11-10 00:00:00+00:00,2024-11-10 20:00:00+00:00,0.05013788579267553,0.07006548175865301,0.055541841520612145,-0.020356695436487215,3.4402084758861946,0.027034770394982255,0.8938775510204079,2.543e-05,2024-11-11 00:00:00+00:00,0.9264648053480142,-0.03185214313802587,True,True,True,True,True,False,False,False,False,False
BONKUSDT,2025-04-25 00:00:00+00:00,2025-04-26 04:00:00+00:00,0.05720775163382563,0.07738249805245401,0.09746366486178393,-0.1766453418815771,-14.755168395651339,-0.0006302009102210349,0.006535947712417143,1.845e-05,2025-04-26 08:00:00+00:00,0.18102981029810294,-0.0395663956639567,True,True,True,True,True,False,False,False,False,False
BONKUSDT,2025-05-09 00:00:00+00:00,2025-05-11 04:00:00+00:00,-0.01667547179509632,-0.02294951107563381,0.012834765032845086,-0.1096828852799685,4.712421098013813,-0.027817376974499153,0.08387096774193356,2.176e-05,2025-05-11 08:00:00+00:00,0.1861213235294117,-0.06295955882352933,True,True,True,True,True,False,False,False,False,False
BONKUSDT,2025-07-13 00:00:00+00:00,2025-07-17 12:00:00+00:00,0.00234488865554483,-0.009268382805764253,0.07291288116554884,-0.1145537235536439,-3.468015554856649,-0.05225455129938639,0.17940199335548299,3.575e-05,2025-07-17 16:00:00+00:00,0.035804195804195915,-0.12027972027972034,False,False,False,False,False,False,False,False,False,False
BONKUSDT,2026-09-22 00:00:00+00:00,2026-09-23 08:00:00+00:00,0.042698908813454395,0.04766269477543528,0.04568690095846639,-0.16626180259858736,-19.736927787702285,-0.0109558915497866,0.1111111111111111,3.82e-06,2026-09-23 12:00:00+00:00,0.015706806282722585,-0.11518324607329844,False,False,False,False,False,False,False,False,False,False
PLUMEUSDT,2026-05-08 00:00:00+00:00,2026-05-09 08:00:00+00:00,0.04312881419583725,0.05878225617837374,0.05303341269189721,-0.07276165282823843,-6.04527399290933,0.024311771149655215,0.3499999999999974,0.0151,2026-05-09 12:00:00+00:00,0.08609271523178808,-0.16887417218543044,True,False,True,True,True,False,False,False,False,False
PLUMEUSDT,2026-05-24 00:00:00+00:00,2026-05-24 08:00:00+00:00,0.07683448217265276,0.11705633139808569,0.04552538758100266,-0.09991180667533617,-14.698653867033642,0.04188751371936039,0.21167883211678887,0.01584,2026-05-24 12:00:00+00:00,0.02146464646464641,-0.23863636363636365,False,False,False,False,False,False,False,False,False,False
PLUMEUSDT,2026-08-06 00:00:00+00:00,2026-08-07 04:00:00+00:00,-0.0074446359659554595,0.001966292134831571,0.03870842248589779,-0.17030152066818283,-4.598454988911172,5.601066337401761e-07,0.2621359223300966,0.0119,2026-08-07 08:00:00+00:00,0.06638655462184873,-0.027731092436974802,True,False,True,True,True,False,False,False,False,False
PLUMEUSDT,2026-08-21 00:00:00+00:00,2026-08-22 08:00:00+00:00,-0.01443790285126112,-0.02767980371108736,0.02507270297885733,-0.0020386488348808074,15.225118267227955,-0.05591709437785142,0.6923076923076921,0.01409,2026-08-22 12:00:00+00:00,0.031227821149751644,-0.09439318665720364,False,False,False,False,False,False,False,False,False,False
PLUMEUSDT,2026-09-22 00:00:00+00:00,2026-09-23 12:00:00+00:00,-0.02120605972158751,-0.018677755850013966,0.02759469834142081,-0.2285242137094453,-12.677393859935457,-0.044407953105044085,0.28834355828220865,0.01547,2026-09-23 16:00:00+00:00,0.2941176470588236,-0.014221073044602406,True,True,True,True,True,False,False,False,False,False
ONEUSDT,2024-11-11 00:00:00+00:00,2024-11-12 08:00:00+00:00,-0.0267012417764374,-0.026974675371260526,0.02832902987827368,-0.2055481607902624,-13.773332454369623,-0.03635118785285796,0.2464454976303315,0.01507,2024-11-12 12:00:00+00:00,0.009953550099535358,-0.16323822163238222,False,False,False,False,False,False,False,False,False,False
ONEUSDT,2024-11-22 00:00:00+00:00,2024-11-22 12:00:00+00:00,0.031325567785397634,0.041502964497464045,0.04822163983526773,-0.06099282377125492,-6.655916321270084,0.0147757540180109,0.6701030927835044,0.01619,2024-11-22 16:00:00+00:00,0.8826436071649166,-0.021618282890673246,True,True,True,True,True,False,False,False,False,False
ONEUSDT,2024-12-03 00:00:00+00:00,2024-12-03 08:00:00+00:00,0.01615918888807455,0.02712559835878725,0.013710236463067016,-0.06611809326340723,-5.341747628981366,0.006307497871155698,0.3841463414634153,0.03002,2024-12-03 12:00:00+00:00,0.6162558294470353,-0.08294470353097938,True,True,False,False,True,False,False,False,False,False
ONEUSDT,2025-05-10 00:00:00+00:00,2025-05-13 00:00:00+00:00,-0.047886065761083785,-0.059403192227619694,-0.004765522480834283,-0.18393641660349547,-13.159980473830593,-0.0742907454538353,0.06122448979591931,0.01505,2025-05-13 04:00:00+00:00,0.12956810631229243,-0.10232558139534886,True,True,True,True,True,True,False,False,True,True
ONEUSDT,2026-09-17 00:00:00+00:00,2026-09-18 00:00:00+00:00,0.05999685334357552,0.08452848329460783,0.3327282434596901,-0.29890845713544667,-30.003321840268768,-0.056356738801300654,0.1320072332730559,0.001505,2026-09-18 04:00:00+00:00,2.4491694352159468,-0.0026578073089701393,True,True,True,True,True,False,False,False,False,False
WIFUSDT,2024-09-29 00:00:00+00:00,2024-10-01 12:00:00+00:00,-0.02812482685940121,-0.027257163452874544,0.00721513817670294,-0.201076072162924,-13.108142017481953,-0.0417056825004376,0.4268292682926829,2.399,2024-10-01 16:00:00+00:00,0.04001667361400596,-0.1792413505627345,False,False,False,False,False,False,False,False,False,False
WIFUSDT,2024-10-14 00:00:00+00:00,2024-10-15 04:00:00+00:00,-0.01886240432653985,-0.026786068074652336,0.013005258298880218,-0.025309299080043757,4.316635325950394,-0.04031005026684431,0.2777777777777778,2.729,2024-10-15 08:00:00+00:00,0.03700989373396846,-0.10443385855624776,False,False,False,False,False,False,False,False,False,False
WIFUSDT,2024-11-11 00:00:00+00:00,2024-11-12 08:00:00+00:00,-0.018095537914505466,-0.03971028071060512,0.041704204204204176,-0.21912628527204803,-20.017975817011212,-0.03678633271337595,0.29464285714285643,2.96,2024-11-12 12:00:00+00:00,0.6316891891891891,-0.04831081081081079,True,True,True,True,True,False,False,True,False,False
WIFUSDT,2025-05-09 00:00:00+00:00,2025-05-11 04:00:00+00:00,0.01062089190410842,-0.0010218418699705634,0.07217200766913168,-0.08664700198017639,2.8070006821508713,-0.02329796235821946,0.13114754098360656,0.868,2025-05-11 08:00:00+00:00,0.5230414746543779,-0.004608294930875556,True,True,True,True,True,False,False,False,False,False
WIFUSDT,2026-05-06 00:00:00+00:00,2026-05-06 08:00:00+00:00,0.07386109497255977,0.09637249593936126,0.056636155606407446,-0.10594048669067557,-14.704604510730334,0.049363980216836634,0.2727272727272727,0.225,2026-05-06 12:00:00+00:00,0.08444444444444432,-0.06666666666666676,True,False,False,True,True,False,False,False,False,False
WIFUSDT,2026-08-21 00:00:00+00:00,2026-08-22 08:00:00+00:00,0.043874567228554984,0.04735278699982537,0.08630180322682701,-0.054007448975247785,13.711782976890007,-0.0387551170173106,0.4827586206896547,0.1998,2026-08-22 12:00:00+00:00,0.1611611611611612,-0.06806806806806809,True,True,False,True,True,False,False,False,False,False
WIFUSDT,2026-09-21 00:00:00+00:00,2026-09-22 20:00:00+00:00,0.028452203423730893,0.01340269817476436,0.07355168496781506,-0.03921059974620822,2.671295200012125,-0.020216916834546073,0.7016129032258078,0.2553,2026-09-23 00:00:00+00:00,0.022718370544457356,-0.1316098707403056,False,False,False,False,False,False,False,False,False,False
STXUSDT,2024-11-11 00:00:00+00:00,2024-11-12 08:00:00+00:00,-0.017496025022700534,-0.03467472562430407,0.050283995990644925,-0.19543225773629003,-13.978615471582842,-0.041777354912607145,0.39543726235741494,2.023,2024-11-12 12:00:00+00:00,0.028175976272861947,-0.1413741967375185,False,False,False,False,False,False,False,False,False,False
STXUSDT,2024-11-25 00:00:00+00:00,2024-11-25 12:00:00+00:00,0.01446465358632687,0.03032528856243455,0.019087846869485947,-0.04144561042469619,-1.087731938390469,0.03315363373441471,0.511450381679388,2.182,2024-11-25 16:00:00+00:00,0.08524289642529781,-0.07103574702108151,True,False,False,True,True,False,False,False,False,False
STXUSDT,2024-12-05 00:00:00+00:00,2024-12-05 16:00:00+00:00,0.0019514158008606675,-0.0033350745369069568,0.03239857296938542,-0.08286985479329545,0.30076421862345626,-0.011959932927316674,0.11999999999999744,2.756,2024-12-05 20:00:00+00:00,0.025399129172714252,-0.3105950653120464,False,False,False,False,False,False,False,False,False,False
STXUSDT,2025-04-25 00:00:00+00:00,2025-04-26 08:00:00+00:00,-0.0142322426177518,-0.032135627530364363,0.0043202033036850995,-0.10082616714467285,-7.398945427160612,-0.032853466606578396,0.14705882352941177,0.849,2025-04-26 12:00:00+00:00,0.09893992932862195,-0.09658421672555939,True,False,True,True,True,False,False,False,False,False
STXUSDT,2025-05-08 00:00:00+00:00,2025-05-11 04:00:00+00:00,-0.018156015417553628,-0.02574778130820632,0.01591718610863735,-0.13684648587050752,-4.587102878306084,-0.02606720250166139,0.19298245614035087,0.988,2025-05-11 08:00:00+00:00,0.054655870445344146,-0.7074898785425101,True,False,True,True,True,False,False,False,False,False
STXUSDT,2026-08-21 00:00:00+00:00,2026-08-22 04:00:00+00:00,0.07498547748811157,0.09219354838709681,0.12115732368896914,-0.2356760257536601,-23.899138736171494,-0.038838972854034925,0.30362116991643423,0.1881,2026-08-22 08:00:00+00:00,0.5417331206804892,-0.00531632110579483,True,True,True,True,True,False,False,False,False,False
STXUSDT,2026-09-19 00:00:00+00:00,2026-09-23 08:00:00+00:00,-0.029245861088051273,-0.04370205232443769,-0.004373939156547935,-0.06952631899235284,2.135159052403729,-0.05178315082282614,0.20792079207920705,0.3241,2026-09-23 12:00:00+00:00,0.10984264116013587,-0.07497685899413753,True,True,False,True,True,False,False,False,False,False
PENDLEUSDT,2024-09-22 00:00:00+00:00,2024-09-22 20:00:00+00:00,0.023037248001473554,0.02798960864828648,0.05436927517450574,-0.05354782719681661,-4.776557824368524,-0.01334427703798502,0.48192771084337543,4.088,2024-09-23 00:00:00+00:00,0.15875733855185903,-0.05650684931506844,True,True,False,True,True,False,False,False,False,False
PENDLEUSDT,2024-10-20 00:00:00+00:00,2024-10-23 08:00:00+00:00,-0.026390164972738828,-0.028147496585727128,-0.0014792557494511804,-0.13906097691402397,3.9831737295738847,-0.039973546755643685,0.18633540372670906,4.665,2024-10-23 12:00:00+00:00,0.0998928188638799,-0.1211146838156485,True,False,True,True,True,False,False,False,False,False
PENDLEUSDT,2024-10-30 00:00:00+00:00,2024-10-31 12:00:00+00:00,-0.0330847875697855,-0.044650712651768565,-0.0070544040884966686,-0.16280055951851458,-5.5603804021508765,-0.06838759140303508,0.27461139896372955,4.827,2024-10-31 16:00:00+00:00,0.04806297907603074,-0.16283405842137966,False,False,False,False,False,False,False,False,False,False
PENDLEUSDT,2024-11-11 00:00:00+00:00,2024-11-11 16:00:00+00:00,0.030272297117528657,0.038515679987487283,0.025359340857606938,-0.09932246716476278,-11.845543662195745,0.02321045937090105,0.17437722419928922,5.901,2024-11-11 20:00:00+00:00,0.014234875444840034,-0.16065073716319256,False,False,False,False,False,False,False,False,False,False
PENDLEUSDT,2024-12-06 00:00:00+00:00,2024-12-09 00:00:00+00:00,-0.031274986788689896,-0.03317653707428159,-0.012247779474297671,-0.18739650278863296,-12.773189977336393,-0.035531707489768305,0.2330623306233066,6.462,2024-12-09 04:00:00+00:00,0.012689569792633915,-0.2339832869080779,False,False,False,False,False,False,False,False,False,False
PENDLEUSDT,2025-05-09 00:00:00+00:00,2025-05-11 04:00:00+00:00,-0.02499949139702462,-0.031692438643779464,0.010870188722537755,-0.14565042746781476,-1.2413774772564778,-0.028374316479124473,0.0932203389830499,3.793,2025-05-11 08:00:00+00:00,0.14764039019245967,-0.04297389928816242,True,True,True,True,True,False,False,False,False,False
PENDLEUSDT,2025-05-22 00:00:00+00:00,2025-05-23 20:00:00+00:00,-0.04365986300055136,-0.05570494634266698,-0.018665569166706808,-0.1500809853407361,-5.37080440305018,-0.08766845935550749,0.11445783132530173,4.254,2025-05-24 00:00:00+00:00,0.10672308415608844,-0.0025858015984953076,True,True,True,True,True,False,False,False,False,True
PENDLEUSDT,2025-08-07 00:00:00+00:00,2025-08-11 04:00:00+00:00,-0.006075478012027458,-0.011085216333975079,-0.009832447075348694,-0.017152903332812275,0.4384426189948627,-0.007098738183920483,0.10593220338982835,5.422,2025-08-11 08:00:00+00:00,0.08815935079306536,-0.0680560678716341,True,False,True,True,True,False,False,False,False,False
PENDLEUSDT,2026-04-17 00:00:00+00:00,2026-04-18 08:00:00+00:00,-0.012289651852591565,-0.018512530315278886,0.03714261759034132,-0.24292086902843735,-21.053645113986285,-0.04100911831263121,0.09302325581395357,1.348,2026-04-18 12:00:00+00:00,0.04525222551928776,-0.08382789317507422,False,False,False,False,False,False,False,False,False,False
PENDLEUSDT,2026-08-21 00:00:00+00:00,2026-08-23 00:00:00+00:00,-0.02036999921580851,-0.03190848886213116,0.015419100665670316,-0.14247261293335667,-3.7279540480031343,-0.04063832768047915,0.019047619047619067,1.608,2026-08-23 04:00:00+00:00,0.23320895522388052,-0.01679104477611948,True,True,True,True,True,False,False,False,False,False
PENDLEUSDT,2026-09-06 00:00:00+00:00,2026-09-09 00:00:00+00:00,-0.024937952503232386,-0.039846938775510266,0.005901975878881194,-0.0835323797698373,-4.549322682315214,-0.04507893267981444,0.17460317460317729,2.093,2026-09-09 04:00:00+00:00,0.0793119923554706,-0.08122312470138549,True,False,False,False,True,False,False,False,False,False
PENDLEUSDT,2026-09-18 00:00:00+00:00,2026-09-20 00:00:00+00:00,-0.02086698967917644,-0.033029756158979295,0.003960729785530637,-0.075941249599766,-0.7277856743285867,-0.03883074281271015,0.17187500000000172,2.561,2026-09-20 04:00:00+00:00,0.09254197579070689,-0.09410386567746976,True,False,True,True,True,False,False,False,False,False
ARUSDT,2024-11-30 00:00:00+00:00,2024-12-02 08:00:00+00:00,-0.005228379205503342,-0.007423117709438043,0.001770538243626163,-0.19189209406051433,-18.813621016769403,-0.037511434575399516,0.22815533980582617,24.96,2024-12-02 12:00:00+00:00,0.16185897435897423,-0.039262820512820484,True,True,True,True,True,False,False,False,False,False
ARUSDT,2025-05-10 00:00:00+00:00,2025-05-11 12:00:00+00:00,-0.014148025774040618,-0.019323671497584516,0.004042037186742009,-0.08678032692107907,-7.45939609584768,-0.03430748488597035,0.27272727272727226,8.12,2025-05-11 16:00:00+00:00,0.10221674876847286,-0.08620689655172409,True,True,True,True,True,False,False,False,False,False
ARUSDT,2025-07-20 00:00:00+00:00,2025-07-22 08:00:00+00:00,-0.015128165660553972,-0.03076923076923066,-0.00580168776371337,-0.03886366725245882,-0.3231139863038166,-0.0469795677985303,0.7741935483870955,8.11,2025-07-22 12:00:00+00:00,0.0295930949445129,-0.1442663378545005,False,False,False,False,False,False,False,False,False,False
ARUSDT,2025-11-07 00:00:00+00:00,2025-11-07 08:00:00+00:00,0.05477775076348279,0.08644104332830338,0.11837029893924789,-0.15829017723573502,-14.810492754823855,0.008261321712918601,0.15789473684210428,5.6,2025-11-07 12:00:00+00:00,0.5589285714285717,-0.16607142857142854,True,True,True,True,True,False,False,False,False,False
ARUSDT,2026-04-16 00:00:00+00:00,2026-04-17 16:00:00+00:00,-0.009730344654440004,-0.03126601742696056,0.012980269989615989,-0.08041823630603939,-5.473362636397773,-0.047724232701714886,0.3333333333333333,2.09,2026-04-17 20:00:00+00:00,0.04784688995215314,-0.05263157894736836,False,False,False,False,False,False,False,False,False,False
ARUSDT,2026-05-06 00:00:00+00:00,2026-05-07 12:00:00+00:00,-0.01821542939188947,-0.03457446808510645,0.024058102587380725,-0.12834862719377693,-9.556897214282806,-0.03443568222760385,0.1904761904761907,2.41,2026-05-07 16:00:00+00:00,0.1618257261410787,-0.06224066390041505,True,True,True,True,True,False,False,False,False,False
ARUSDT,2026-08-21 00:00:00+00:00,2026-08-22 08:00:00+00:00,5.6794702562479316e-05,-0.0034362498717817047,0.04530102396397373,-0.1343558311220474,7.6962955239807656,-0.05180023630850972,0.37179487179487036,2.157,2026-08-22 12:00:00+00:00,0.10106629578117765,-0.0644413537320353,True,True,False,True,True,False,False,False,False,False
ARUSDT,2026-09-03 00:00:00+00:00,2026-09-06 12:00:00+00:00,-0.005185116398885192,-0.017383142481697034,0.0319643549012012,-0.057243459973820965,-0.27504698026773866,-0.05743276842609035,0.2627118644067801,2.908,2026-09-06 16:00:00+00:00,0.07599724896836313,-0.10591471801925711,True,False,True,True,True,False,False,False,False,False
ARUSDT,2026-09-18 00:00:00+00:00,2026-09-19 16:00:00+00:00,0.08470975222007948,0.10043892150715394,0.17482002343880798,-0.11945158270754153,-3.1980159362406937,-0.02525120988072993,0.17090069284064635,4.289,2026-09-19 20:00:00+00:00,0.2331545814875262,-0.06481697365353223,True,True,False,True,True,False,False,False,False,False
RENDERUSDT,2024-09-27 00:00:00+00:00,2024-10-01 12:00:00+00:00,-0.05482252196958537,-0.05891377723227975,-0.008367564278107364,-0.2702266731657965,-13.60751491488675,-0.03628811411465005,0.29656862745098045,6.131,2024-10-01 16:00:00+00:00,0.008481487522427056,-0.1797422932637417,False,False,False,False,False,True,True,True,False,False
RENDERUSDT,2024-11-11 00:00:00+00:00,2024-11-12 12:00:00+00:00,0.031075105868703545,0.03117089392961714,0.06829630415186383,0.0006769573969356291,16.198300969486553,-0.026689479278079187,0.7078464106844741,6.927,2024-11-12 16:00:00+00:00,0.0827197921178,-0.08430778114623927,True,False,True,True,True,False,False,False,False,False
RENDERUSDT,2024-11-30 00:00:00+00:00,2024-12-02 00:00:00+00:00,-0.040011183835019226,-0.04885548343013313,-0.007547406756247654,-0.19990012002346202,-10.097702877103465,-0.049898402783310924,0.07061068702290219,8.35,2024-12-02 04:00:00+00:00,0.4251497005988025,-0.041916167664670656,True,True,True,True,True,True,False,False,False,True
RENDERUSDT,2025-04-21 00:00:00+00:00,2025-04-24 00:00:00+00:00,-0.04089357750645961,-0.04878768504401709,0.0017243078135775747,-0.2089182764936146,-2.967459625360455,-0.07222664394470801,0.025641025641026615,4.298,2025-04-24 04:00:00+00:00,0.10656119125174501,-0.04583527221963701,True,True,True,True,True,False,False,False,True,True
RENDERUSDT,2025-05-09 00:00:00+00:00,2025-05-12 16:00:00+00:00,-0.027864542384426372,-0.03221476510067112,-0.01014425510376249,-0.11205818498570119,-5.2346077019426644,-0.03250548231571537,0.45652173913043426,5.047,2025-05-12 20:00:00+00:00,0.07707549039033101,-0.1381018426788191,True,False,True,True,True,False,False,False,False,False
RENDERUSDT,2026-05-26 00:00:00+00:00,2026-05-27 04:00:00+00:00,-0.024982816356425963,-0.03939953361834425,0.018404907975459794,-0.18159571424897447,-13.876525332774328,-0.05797194255023119,0.19753086419753113,2.196,2026-05-27 08:00:00+00:00,0.04781420765027322,-0.11976320582877964,False,False,False,False,False,False,False,False,False,False
RENDERUSDT,2026-09-20 00:00:00+00:00,2026-09-23 12:00:00+00:00,-0.0491186576881949,-0.05920087976539601,-0.011295681063122842,-0.2030672899773016,-5.121066855730639,-0.06652534830839218,0.25000000000000044,1.71,2026-09-23 16:00:00+00:00,0.22514619883040954,-0.012865497076023358,True,True,True,True,True,False,False,False,True,False
STRKUSDT,2024-11-11 00:00:00+00:00,2024-11-12 08:00:00+00:00,0.0048817919731638515,0.01509518477043681,0.03673260889755747,-0.10783735448421661,-7.266088928415073,-0.02231937208364021,0.3129657228017895,0.5036,2024-11-12 12:00:00+00:00,0.030381254964257254,-0.16560762509928517,False,False,False,False,False,False,False,False,False,False
STRKUSDT,2024-11-24 00:00:00+00:00,2024-11-24 12:00:00+00:00,-0.01272259909349538,-0.020430584199063295,0.03266191632498683,-0.08487421996084976,6.153000937643029,-0.03812543296476445,0.19784946236559114,0.5648,2024-11-24 16:00:00+00:00,0.1527974504249292,-0.054709631728045216,True,True,True,True,True,False,False,False,False,False
STRKUSDT,2024-12-04 00:00:00+00:00,2024-12-05 00:00:00+00:00,-0.031333024851669666,-0.0371715999816814,0.007459013872227915,-0.10976210821502042,1.5110436485132723,-0.04625815910398179,0.5090497737556551,0.7008,2024-12-05 04:00:00+00:00,0.14768835616438358,-0.25799086757990863,True,True,True,True,True,False,False,False,False,False
STRKUSDT,2025-05-10 00:00:00+00:00,2025-05-11 04:00:00+00:00,-0.005638346468830324,-0.011677018633540204,0.030202201177373933,-0.18470651836468222,-8.019644083578882,-0.03360859695831808,0.07547169811320797,0.1769,2025-05-11 08:00:00+00:00,0.12323346523459566,-0.1311475409836066,True,True,True,True,True,False,False,False,False,False
STRKUSDT,2025-10-01 00:00:00+00:00,2025-10-03 00:00:00+00:00,-0.021383585611206568,-0.03884766477520718,0.01267128333578893,-0.06634301156627254,7.576750955836843,-0.04530185686578492,0.45238095238095444,0.1469,2025-10-03 04:00:00+00:00,0.3437712729748128,-0.023144996596324074,True,True,True,True,True,False,False,False,False,False
STRKUSDT,2025-11-10 00:00:00+00:00,2025-11-10 12:00:00+00:00,0.16208841008621633,0.20213982908283423,0.14297800338409483,-0.05253695614178344,-8.942423880699565,0.018545875386732025,0.6160990712074305,0.1985,2025-11-10 16:00:00+00:00,0.023173803526448378,-0.3390428211586901,False,False,False,False,False,False,False,False,False,False
STRKUSDT,2026-04-22 00:00:00+00:00,2026-04-23 08:00:00+00:00,0.001528568727858115,-0.0010301313417462321,0.0699917332598512,-0.22211575119489257,-18.02987928242014,-0.020047670935668727,0.11627906976744201,0.043,2026-04-23 12:00:00+00:00,0.023255813953488413,-0.12558139534883705,False,False,False,False,False,False,False,False,False,False
STRKUSDT,2026-05-08 00:00:00+00:00,2026-05-09 08:00:00+00:00,0.037011859863677055,0.02494969818913484,0.07996523250760523,-0.10404576288313361,-10.215768986012236,-0.029611702882401447,0.2499999999999994,0.0567,2026-05-09 12:00:00+00:00,0.005291005291005346,-0.19753086419753085,False,False,False,False,False,False,False,False,False,False
STRKUSDT,2026-09-06 00:00:00+00:00,2026-09-09 20:00:00+00:00,-0.0011702593293804187,0.0038893844781446862,0.006139154160982319,-0.1291038129190668,-12.634413922275677,0.0022754025937583577,0.36734693877551117,0.03126,2026-09-10 00:00:00+00:00,0.006717850287907723,-0.11420345489443384,False,False,False,False,False,False,False,False,False,False
STRKUSDT,2026-09-18 00:00:00+00:00,2026-09-19 04:00:00+00:00,0.06035798372157486,0.08808243993704168,0.16049765646539815,-0.23793187185706255,-22.547469524316583,-0.019549016748346748,0.3784119106699758,0.04065,2026-09-19 08:00:00+00:00,0.2521525215252154,-0.06445264452644517,True,True,True,True,True,False,False,False,False,False
JSTUSDT,2024-08-20 00:00:00+00:00,2024-08-21 20:00:00+00:00,-0.004940624786686887,-0.012890887842192944,0.02371025631729684,-0.06809820715077308,3.1987938950252186,-0.02634588208117372,0.29545454545454564,0.03098,2024-08-22 00:00:00+00:00,0.11426726920593944,-0.018076178179470714,True,True,True,True,True,False,False,False,False,False
JSTUSDT,2024-11-12 00:00:00+00:00,2024-11-13 00:00:00+00:00,-0.015880631180386073,-0.014263240692186652,0.02299549388455735,-0.336884930400981,-30.36422040893406,-0.03239268673399276,0.0,0.03133,2024-11-13 04:00:00+00:00,0.46345355888924367,-0.027130545802744876,True,True,True,True,True,False,True,False,False,False
JSTUSDT,2024-12-03 00:00:00+00:00,2024-12-04 04:00:00+00:00,0.19083150849297348,0.25992256662213875,0.19908236954987246,0.008611697064926371,12.67912666483224,0.0257013387614784,0.2939438700147717,0.06183,2024-12-04 08:00:00+00:00,0.0019408054342551218,-0.22723596959404824,False,False,False,False,False,False,False,False,False,False
JSTUSDT,2025-04-27 00:00:00+00:00,2025-04-27 20:00:00+00:00,0.0015790206751660207,0.01367407707207069,0.08763048673122897,-0.3030581633506375,-28.92674908794153,-0.05777556668777151,0.07299270072992736,0.03895,2025-04-28 00:00:00+00:00,0.12965340179717577,-0.08523748395378683,True,True,False,False,True,False,False,False,False,False
JSTUSDT,2026-04-09 00:00:00+00:00,2026-04-13 00:00:00+00:00,-0.015073012001556751,-0.013793409322747974,0.03437676815561308,-0.27906010497842126,-18.904974109918058,-0.052308481548936525,0.1794258373205745,0.07404,2026-04-13 04:00:00+00:00,0.10210696920583495,-0.21799027552674222,True,True,True,True,True,False,False,False,False,False
ZENUSDT,2024-07-06 00:00:00+00:00,2024-07-07 04:00:00+00:00,-0.02562019379242797,-0.04329054842473734,0.0005837711617042718,-0.14843851255818707,-8.311210094348958,-0.04182816688710356,0.22105263157894656,9.12,2024-07-07 08:00:00+00:00,0.2752192982456143,-0.11951754385964908,True,True,True,True,True,False,False,False,False,False
ZENUSDT,2024-11-10 00:00:00+00:00,2024-11-10 16:00:00+00:00,0.08122220816929326,0.1040935672514618,0.052811602134354985,-0.015756596188001515,-6.198190899507907,0.04564794017927354,0.2244897959183661,9.44,2024-11-10 20:00:00+00:00,0.04343220338983045,-0.1112288135593219,False,False,False,False,False,False,False,False,False,False
ZENUSDT,2024-11-24 00:00:00+00:00,2024-11-24 04:00:00+00:00,0.14658054745974303,0.18433825908747714,0.12443905397210409,-0.10077276705612714,-19.78960908845815,0.040336286841375024,0.3301886792452825,12.2,2024-11-24 08:00:00+00:00,0.39262295081967213,-0.13524590163934413,True,True,False,False,False,False,False,False,False,False
ZENUSDT,2024-12-20 00:00:00+00:00,2024-12-20 08:00:00+00:00,0.040842851524027335,0.049030394718745374,0.06091777923688668,-0.17888564442064203,-24.270554077387047,-0.000988010326304467,0.06818181818181755,16.94,2024-12-20 12:00:00+00:00,1.7319952774498226,-0.023612750885478317,True,True,True,True,True,False,False,False,False,False
ZENUSDT,2025-05-10 00:00:00+00:00,2025-05-11 12:00:00+00:00,-0.014546716081379807,-0.017169670470299603,0.017248860924278686,-0.12541378033059625,-10.184154907166032,-0.030932822701975837,0.2535211267605633,10.25,2025-05-11 16:00:00+00:00,0.09658536585365862,-0.08780487804878057,True,False,True,True,True,False,False,False,False,False
ZENUSDT,2025-06-03 00:00:00+00:00,2025-06-04 08:00:00+00:00,-0.01710882169219663,-0.03518608023199621,0.02041822844742547,-0.0769057307864589,-0.8955558631674165,-0.02308842076089046,0.10909090909090985,11.08,2025-06-04 12:00:00+00:00,0.042418772563177054,-0.12454873646209397,False,False,False,False,False,False,False,False,False,False
ZENUSDT,2025-10-01 00:00:00+00:00,2025-10-01 12:00:00+00:00,0.05036896030014759,0.061405453336289106,0.06188024128291891,-0.09413558055075322,-2.6656796299278227,-0.006735570111148115,0.31293706293706386,8.518,2025-10-01 16:00:00+00:00,0.3383423338811926,-0.003404555059873249,True,True,True,True,True,False,False,False,False,False
ZENUSDT,2025-11-01 00:00:00+00:00,2025-11-01 16:00:00+00:00,0.1607002806259603,0.2169865407191025,0.1791747482958157,0.021980807903873467,4.387469956157034,0.0261373767292159,0.7413043478260875,19.815,2025-11-01 20:00:00+00:00,0.2616704516780217,-0.2404743880898309,True,True,True,True,True,False,False,False,False,False
ZENUSDT,2026-05-03 00:00:00+00:00,2026-05-06 16:00:00+00:00,-0.010737971942866076,-0.008182568876210383,0.023857470062871755,-0.08968070656060767,-1.2600667297033254,-0.04094714471491212,0.17073170731707252,7.34,2026-05-06 20:00:00+00:00,0.02670299727520442,-0.08269754768392379,False,False,False,False,False,False,False,False,False,False
ZENUSDT,2026-08-21 00:00:00+00:00,2026-08-22 04:00:00+00:00,0.06811254035702063,0.08680462241332987,0.08801169590643276,-0.24861750343864442,-26.640957921076293,-0.03899740185039724,0.48573757131214373,5.394,2026-08-22 08:00:00+00:00,0.10641453466814976,-0.09529106414534672,True,True,False,False,True,False,False,False,False,False
ZENUSDT,2026-09-04 00:00:00+00:00,2026-09-05 08:00:00+00:00,0.07421826496513728,0.08752835958307292,0.07485421452553442,-0.016609257769678254,-1.510404625627686,0.03532890325945681,0.7023809523809511,7.345,2026-09-05 12:00:00+00:00,0.07978216473791688,-0.08291354663036077,True,False,False,True,True,False,False,False,False,False
ZENUSDT,2026-09-18 00:00:00+00:00,2026-09-19 12:00:00+00:00,0.010758760660949163,0.01376978068235335,0.027746410711405156,-0.05867582928820436,-4.660215362908303,-0.03809032571748461,0.1330645161290336,7.901,2026-09-19 16:00:00+00:00,0.0631565624604482,-0.11390963169219082,True,False,False,True,True,False,False,False,False,False
MINAUSDT,2024-11-12 00:00:00+00:00,2024-11-12 12:00:00+00:00,-0.020303802571370433,-0.025854513584574912,0.01689779330505159,-0.05064494290478572,14.140734351459727,-0.04398718339729668,0.3106060606060622,0.6176,2024-11-12 16:00:00+00:00,0.16693652849740936,-0.06023316062176165,True,True,True,True,True,False,False,False,False,False
MINAUSDT,2024-11-24 00:00:00+00:00,2024-11-24 08:00:00+00:00,-0.03620124211641007,-0.04540530781729546,0.035327102803738075,-0.2626134257600258,-14.227803706321886,-0.0633704122461527,0.09759188846641231,0.7053,2024-11-24 12:00:00+00:00,0.17637884588118524,-0.04409471147029631,True,True,True,True,True,False,False,True,True,False
MINAUSDT,2024-12-06 00:00:00+00:00,2024-12-07 04:00:00+00:00,0.0033236404527399177,0.009120797539505787,0.025386660222329605,-0.08396231607058202,-0.6271657771916423,0.010021216402760436,0.1396895787139686,0.9515,2024-12-07 08:00:00+00:00,0.0157645822385708,-0.2901734104046243,False,False,False,False,False,False,False,False,False,False
MINAUSDT,2025-05-10 00:00:00+00:00,2025-05-11 04:00:00+00:00,0.0134021523076151,0.013264198721813614,0.03653862178151823,-0.18687950242117823,-13.940693336314112,-0.02850858873143647,0.10852713178294673,0.2799,2025-05-11 08:00:00+00:00,0.11075384065737781,-0.08931761343336897,True,True,True,True,True,False,False,False,False,False
MINAUSDT,2025-11-07 00:00:00+00:00,2025-11-07 08:00:00+00:00,0.019928557318149576,-0.003031301482701698,0.06015090121559319,-0.021061001995636763,4.34161709500831,0.0024586825093408926,0.18309859154929528,0.1682,2025-11-07 12:00:00+00:00,0.24851367419738413,-0.1777645659928655,True,True,True,True,True,False,False,False,False,False
MINAUSDT,2026-08-21 00:00:00+00:00,2026-08-22 08:00:00+00:00,0.04155309718553091,0.05037313432835844,0.08307139649753026,-0.234050938536849,-23.53065321345612,-0.04042326228576465,0.17948717948718,0.0562,2026-08-22 12:00:00+00:00,0.23665480427046282,-0.06583629893238441,True,True,False,True,True,False,False,False,False,False
MINAUSDT,2026-09-12 00:00:00+00:00,2026-09-13 08:00:00+00:00,-0.021645610405393367,-0.040260142458965475,0.003314344899016053,-0.1451433000155551,-12.61443081060262,-0.0608205406124368,0.27397260273972623,0.1033,2026-09-13 12:00:00+00:00,0.0058083252662148865,-0.24201355275895453,False,False,False,False,False,False,False,False,False,False
MINAUSDT,2026-09-22 00:00:00+00:00,2026-09-23 12:00:00+00:00,-0.013754174212475934,-0.03364303911284272,0.047402291633966476,-0.08431249419643805,-3.7600306834055246,-0.048937191908383415,0.2435897435897452,0.1433,2026-09-23 16:00:00+00:00,0.07117934403349602,-0.048150732728541645,True,False,True,True,True,False,False,False,False,False
