track,price_band,venue,conditions,condition_count,full_n,full_wins,full_win_pct,full_roi,train_n,train_win_pct,train_roi,validation_n,validation_win_pct,validation_roi,holdout_n,holdout_win_pct,holdout_roi,positive_season_ratio,positive_seasons,active_seasons,worst_active_season_roi,recent_delta,era_floor,preferred,elite_recent,score,feature_signature
LONG,DOG20_34,AWAY,"[[""coachq_staff_quality_min"", "">="", 0.46153846153846156], [""coachq_hc_prior_role_seasons"", ""<="", 0.0]]",2,93,34,0.3655913978494624,0.36913978494623656,28,0.32142857142857145,0.2542857142857143,37,0.3783783783783784,0.39162162162162156,28,0.39285714285714285,0.4542857142857143,0.8571428571428571,12,14,-0.73,0.13133204633204637,0.2542857142857143,True,True,0.4478573950942988,coachq_hc_prior_role_seasons|coachq_staff_quality_min
MODERN,FAV55_65,AWAY,"[[""coachonly_staff_prior_quality_spread"", "">="", 0.32451923076923084]]",1,119,85,0.7142857142857143,0.18633109911242718,30,0.7,0.1804424741601397,30,0.6666666666666666,0.10835464131428946,35,0.7428571428571429,0.22825043897565936,0.8333333333333334,15,18,-0.28864628646526136,0.08385188123844478,0.10835464131428946,True,True,0.3294917571691811,coachonly_staff_prior_quality_spread
LONG,DOG20_34,HOME,"[[""coachq_oc_prior_quality"", ""<="", 0.44765625]]",1,90,33,0.36666666666666664,0.367,35,0.37142857142857144,0.33171428571428574,33,0.36363636363636365,0.3460606060606061,22,0.36363636363636365,0.45454545454545453,0.7333333333333333,11,15,-1.0,0.11565800865800863,0.33171428571428574,True,False,0.4452755861195224,coachq_oc_prior_quality
LONG,DOG35_44,ANY,"[[""coachq_dc_recent_quality"", "">="", 0.34375], [""coachq_hc_prior_quality"", ""<="", 0.48391608391608393]]",2,158,80,0.5063291139240507,0.2689873417721519,71,0.4788732394366197,0.20352112676056336,51,0.49019607843137253,0.21313725490196084,36,0.5833333333333334,0.4772222222222222,0.7222222222222222,13,18,-0.415,0.2688930313909601,0.20352112676056336,True,False,0.41838542061628975,coachq_dc_recent_quality|coachq_hc_prior_quality
LONG,DOG35_44,ANY,"[[""coachq_dc_recent_quality"", "">="", 0.34375], [""coachq_hc_prior_win_pct"", ""<="", 0.48391608391608393]]",2,158,80,0.5063291139240507,0.2689873417721519,71,0.4788732394366197,0.20352112676056336,51,0.49019607843137253,0.21313725490196084,36,0.5833333333333334,0.4772222222222222,0.7222222222222222,13,18,-0.415,0.2688930313909601,0.20352112676056336,True,False,0.41838542061628975,coachq_dc_recent_quality|coachq_hc_prior_win_pct
LONG,DOG20_34,ANY,"[[""coachq_oc_prior_quality"", "">="", 0.65625], [""coachonly_upgrade_minus_downgrade"", ""<="", -1.0]]",2,81,32,0.3950617283950617,0.3512345679012346,30,0.3333333333333333,0.21500000000000002,19,0.47368421052631576,0.46315789473684216,32,0.40625,0.4125,0.8,12,15,-1.0,0.07342105263157889,0.21500000000000002,True,False,0.40941149699875556,coachonly_upgrade_minus_downgrade|coachq_oc_prior_quality
LONG,DOG35_44,ANY,"[[""coachonly_hc_oc_quality_mean"", "">="", 0.6653081293706293], [""coachq_dc_recent_quality"", "">="", 0.34375]]",2,99,55,0.5555555555555556,0.3740404040404041,36,0.5,0.22749999999999998,37,0.5945945945945946,0.4927027027027027,26,0.5769230769230769,0.40807692307692306,0.7222222222222222,13,18,-1.0,0.04797557172557171,0.22749999999999998,True,False,0.40870954233878937,coachonly_hc_oc_quality_mean|coachq_dc_recent_quality
LONG,DOG20_34,ANY,"[[""coachq_oc_recent_quality"", ""<="", 0.3125], [""coachq_dc_changed_quality"", "">="", 1.0]]",2,97,35,0.36082474226804123,0.29257731958762884,41,0.3170731707317073,0.1102439024390244,37,0.3783783783783784,0.3864864864864864,19,0.42105263157894735,0.5031578947368421,0.7142857142857143,10,14,-1.0,0.25479270027408674,0.1102439024390244,True,False,0.3944685054815007,coachq_dc_changed_quality|coachq_oc_recent_quality
LONG,DOG20_34,AWAY,"[[""adv_staff_quality_mean"", "">="", -0.15197649572649574], [""adv_staff_upgrade_count"", ""<="", -1.0]]",2,265,92,0.3471698113207547,0.28803773584905656,71,0.30985915492957744,0.17887323943661973,104,0.3557692307692308,0.3066346153846154,90,0.36666666666666664,0.3526666666666667,0.7222222222222222,13,18,-0.40153846153846157,0.10991273925604911,0.17887323943661973,True,False,0.3736303083913786,adv_staff_quality_mean|adv_staff_upgrade_count
MODERN,PK_55,AWAY,"[[""coachq_oc_prior_role_seasons"", "">="", 3.0], [""coachq_oc_quality_delta_vs_departed"", "">="", -0.09635416666666663]]",2,134,74,0.5522388059701493,0.12363036470667675,60,0.5666666666666667,0.13540550455691866,19,0.631578947368421,0.2744427105499599,29,0.6551724137931034,0.37113690211214434,0.7647058823529411,13,17,-0.5828310033773674,0.16621279455870508,0.13540550455691866,True,False,0.3524949361529108,coachq_oc_prior_role_seasons|coachq_oc_quality_delta_vs_departed
LONG,FAV65_75,AWAY,"[[""coachq_dc_recent_quality"", "">="", 0.84375]]",1,89,73,0.8202247191011236,0.178358472895728,30,0.8333333333333334,0.1985726237861864,31,0.8064516129032258,0.15360565657032238,28,0.8214285714285714,0.18410535787336454,0.8823529411764706,15,17,-0.23888737387510228,0.008016217695110156,0.15360565657032238,True,False,0.3303071599868423,coachq_dc_recent_quality
LONG,FAV55_65,ANY,"[[""adv_dc_quality_delta_vs_departed"", "">="", 0.012760416666666677], [""adv_dc_prior_quality"", "">="", 0.0625]]",2,85,63,0.7411764705882353,0.2295768094807718,33,0.7878787878787878,0.33034661456810827,31,0.6774193548387096,0.11674031744578214,21,0.7619047619047619,0.23779241353803737,0.8125,13,16,-1.0,0.014248947531092182,0.11674031744578214,True,False,0.3296173405434183,adv_dc_prior_quality|adv_dc_quality_delta_vs_departed
MODERN,DOG35_44,HOME,"[[""coachq_hc_prior_role_seasons"", ""<="", 1.0], [""coachq_prev_hc_prior_role_seasons"", ""<="", 0.0]]",2,126,58,0.4603174603174603,0.14555555555555555,38,0.4473684210526316,0.09736842105263159,20,0.5,0.25,26,0.5384615384615384,0.343076923076923,0.7222222222222222,13,18,-1.0,0.1693927125506072,0.09736842105263159,True,False,0.3292262721580546,coachq_hc_prior_role_seasons|coachq_prev_hc_prior_role_seasons
LONG,DOG20_34,AWAY,"[[""coachonly_oc_dc_quality_mean"", "">="", 0.6978422619047618], [""coachq_staff_quality_mean"", "">="", 0.5564903846153846]]",2,144,51,0.3541666666666667,0.28923611111111114,51,0.3137254901960784,0.12117647058823529,52,0.38461538461538464,0.4511538461538462,41,0.36585365853658536,0.2929268292682927,0.7222222222222222,13,18,-0.6970000000000001,0.006761670897251992,0.12117647058823529,True,False,0.32915396411798437,coachonly_oc_dc_quality_mean|coachq_staff_quality_mean
LONG,DOG20_34,ANY,"[[""coachonly_upgrade_minus_downgrade"", ""<="", -1.0], [""coachq_staff_quality_min"", "">="", 0.5]]",2,180,64,0.35555555555555557,0.2432222222222222,39,0.3333333333333333,0.18512820512820513,78,0.3717948717948718,0.2725641025641025,63,0.3492063492063492,0.2428571428571428,0.7222222222222222,13,18,-0.6618181818181817,0.014010989010988989,0.18512820512820513,True,False,0.32706066377727977,coachonly_upgrade_minus_downgrade|coachq_staff_quality_min
MODERN,FAV65_75,AWAY,"[[""coachq_dc_recent_quality"", "">="", 0.8125]]",1,101,82,0.8118811881188119,0.16444041887178537,32,0.78125,0.12052457104942156,22,0.7727272727272727,0.09302802022956293,25,0.8,0.15527915479981858,0.8823529411764706,15,17,-0.23888737387510228,0.04850285916032633,0.09302802022956293,True,False,0.31026450065893996,coachq_dc_recent_quality
LONG,DOG35_44,ANY,"[[""adv_staff_upgrade_count"", "">="", 0.0], [""coachq_prev_dc_recent_quality"", ""<="", 0.28125]]",2,146,69,0.4726027397260274,0.18308219178082194,40,0.45,0.14350000000000002,55,0.4727272727272727,0.1845454545454545,51,0.49019607843137253,0.21254901960784314,0.7222222222222222,13,18,-1.0,0.04852629233511588,0.14350000000000002,True,False,0.30456640091630577,adv_staff_upgrade_count|coachq_prev_dc_recent_quality
LONG,FAV55_65,AWAY,"[[""coachq_dc_prior_win_pct"", ""<="", 0.6045454545454546], [""coachq_prev_dc_prior_win_pct"", ""<="", 0.5384615384615384]]",2,132,92,0.696969696969697,0.16232538482666328,45,0.6888888888888889,0.15620072013338396,40,0.7,0.17208751764500269,47,0.7021276595744681,0.15988122734717375,0.7777777777777778,14,18,-0.5212355212355212,-0.004262891542019587,0.15620072013338396,True,False,0.3025474779320862,coachq_dc_prior_win_pct|coachq_prev_dc_prior_win_pct
LONG,DOG35_44,ANY,"[[""coachq_prev_hc_prior_role_seasons"", ""<="", 0.0]]",1,302,139,0.4602649006622517,0.15632450331125827,141,0.46808510638297873,0.17737588652482272,69,0.4492753623188406,0.12304347826086957,92,0.45652173913043476,0.14902173913043476,0.7894736842105263,15,19,-0.7872727272727272,-0.001187943262411395,0.12304347826086957,True,False,0.2903624449769287,coachq_prev_hc_prior_role_seasons
MODERN,FAV75_85,HOME,"[[""coachq_dc_quality_delta_vs_departed"", ""<="", -0.01718749999999998]]",1,122,107,0.8770491803278688,0.10863594314495806,51,0.8627450980392157,0.09683714622549029,18,0.9444444444444444,0.18874251854823726,15,0.9333333333333333,0.18133212345272878,0.7058823529411765,12,17,-0.16203404438698557,0.038542291065865014,0.09683714622549029,True,False,0.28270135658943174,coachq_dc_quality_delta_vs_departed
MODERN,FAV55_65,AWAY,"[[""coachq_hc_quality_delta_vs_departed"", ""<="", -0.023648747086247035]]",1,97,65,0.6701030927835051,0.1116998530210509,39,0.6666666666666666,0.11796024132894371,18,0.6666666666666666,0.09664534225150012,22,0.6818181818181818,0.1195432404725148,0.7058823529411765,12,17,-0.3354566418657268,0.012240448682292876,0.09664534225150012,True,False,0.2548578989602755,coachq_hc_quality_delta_vs_departed
MODERN,DOG20_34,AWAY,"[[""coachq_staff_quality_min"", "">="", 0.5076709401709403], [""coachq_prev_dc_prior_quality"", ""<="", 0.53125]]",2,74,34,0.4594594594594595,0.7116216216216216,33,0.5151515151515151,1.0084848484848485,12,0.4166666666666667,0.625,18,0.4444444444444444,0.5950000000000001,0.75,12,16,-1.0,-0.22174242424242419,0.5950000000000001,False,False,0.5813549046648898,coachq_prev_dc_prior_quality|coachq_staff_quality_min
LONG,DOG20_34,AWAY,"[[""coachonly_oc_dc_quality_mean"", "">="", 0.6978422619047618], [""coachq_dc_changed_quality"", "">="", 1.0]]",2,71,30,0.4225352112676056,0.5519718309859155,20,0.4,0.4835,30,0.43333333333333335,0.5860000000000001,21,0.42857142857142855,0.5685714285714286,0.6875,11,16,-1.0,0.03382142857142856,0.4835,False,False,0.5296815050025504,coachonly_oc_dc_quality_mean|coachq_dc_changed_quality
LONG,DOG35_44,ANY,"[[""coachq_prev_dc_recent_quality"", ""<="", 0.28125], [""coachonly_upgrade_minus_downgrade"", "">="", 1.0]]",2,83,46,0.5542168674698795,0.38903614457831326,20,0.55,0.3990000000000001,32,0.5625,0.413125,31,0.5483870967741935,0.357741935483871,0.7857142857142857,11,14,-1.0,-0.04832056451612904,0.357741935483871,False,False,0.4303299395750214,coachonly_upgrade_minus_downgrade|coachq_prev_dc_recent_quality
LONG,DOG20_34,AWAY,"[[""coachonly_oc_dc_quality_mean"", "">="", 0.6978422619047618], [""coachq_oc_prior_quality"", "">="", 0.59375], [""coachq_staff_quality_min"", "">="", 0.46153846153846156]]",3,76,30,0.39473684210526316,0.4001315789473684,28,0.39285714285714285,0.3989285714285714,21,0.38095238095238093,0.3880952380952381,27,0.4074074074074074,0.41074074074074074,0.6428571428571429,9,14,-1.0,0.017228835978835955,0.3880952380952381,False,False,0.4297184509043738,coachonly_oc_dc_quality_mean|coachq_oc_prior_quality|coachq_staff_quality_min
LONG,DOG35_44,HOME,"[[""coachq_staff_downgrade_count"", ""<="", 0.0], [""coachq_dc_prior_quality"", "">="", 0.4166666666666667]]",2,109,61,0.5596330275229358,0.405045871559633,33,0.5454545454545454,0.35333333333333333,42,0.5952380952380952,0.5111904761904762,34,0.5294117647058824,0.3241176470588236,0.8333333333333334,15,18,-1.0,-0.10814425770308111,0.3241176470588236,False,False,0.4206198390329009,coachq_dc_prior_quality|coachq_staff_downgrade_count
LONG,DOG20_34,AWAY,"[[""coachq_staff_quality_mean"", "">="", 0.5564903846153846], [""coachq_prev_oc_recent_quality"", "">="", 0.78125]]",2,78,29,0.3717948717948718,0.3515384615384615,24,0.3333333333333333,0.14916666666666667,36,0.3888888888888889,0.4275,18,0.3888888888888889,0.4694444444444445,0.8125,13,16,-1.0,0.18111111111111117,0.14916666666666667,False,False,0.41875449889141647,coachq_prev_oc_recent_quality|coachq_staff_quality_mean
LONG,DOG20_34,AWAY,"[[""adv_staff_quality_min"", "">="", 0.0625], [""coachq_hc_prior_role_seasons"", ""<="", 0.0]]",2,74,29,0.3918918918918919,0.46067567567567574,33,0.3333333333333333,0.23242424242424242,17,0.5294117647058824,0.9823529411764708,24,0.375,0.405,0.8,12,15,-1.0,-0.2023885918003565,0.23242424242424242,False,False,0.40333799229797745,adv_staff_quality_min|coachq_hc_prior_role_seasons
LONG,DOG35_44,ANY,"[[""coachq_dc_recent_quality"", "">="", 0.34375], [""coachq_prev_dc_recent_quality"", ""<="", 0.28125]]",2,106,54,0.5094339622641509,0.2800943396226415,26,0.5,0.25846153846153846,49,0.46938775510204084,0.16693877551020408,31,0.5806451612903226,0.47709677419354835,0.6875,11,16,-1.0,0.26439661720767704,0.16693877551020408,False,False,0.40230934435387505,coachq_dc_recent_quality|coachq_prev_dc_recent_quality
LONG,DOG20_34,AWAY,"[[""adv_hc_quality_delta_vs_departed"", ""<="", -0.03895104895104903], [""coachonly_hc_oc_quality_mean"", "">="", 0.49632138694638694]]",2,70,27,0.38571428571428573,0.42357142857142854,23,0.34782608695652173,0.3095652173913044,27,0.4444444444444444,0.6155555555555554,20,0.35,0.2955,0.8461538461538461,11,13,-1.0,-0.1670603864734299,0.2955,False,False,0.39500196610898614,adv_hc_quality_delta_vs_departed|coachonly_hc_oc_quality_mean
MODERN,DOG20_34,AWAY,"[[""adv_oc_prior_quality"", "">="", 0.03791666666666667], [""coachq_prev_oc_prior_quality"", "">="", 0.375]]",2,85,34,0.4,0.38011764705882356,28,0.42857142857142855,0.45642857142857135,13,0.38461538461538464,0.29999999999999993,21,0.38095238095238093,0.4261904761904762,0.5294117647058824,9,17,-1.0,0.04797619047619056,0.29999999999999993,False,False,0.39406067543305334,adv_oc_prior_quality|coachq_prev_oc_prior_quality
MODERN,DOG35_44,AWAY,"[[""coachq_prev_oc_prior_quality"", "">="", 0.6473958333333334], [""coachq_prev_oc_prior_role_seasons"", "">="", 2.0]]",2,91,49,0.5384615384615384,0.3436263736263736,31,0.4838709677419355,0.21741935483870972,13,0.6153846153846154,0.5838461538461538,32,0.53125,0.309375,0.9285714285714286,13,14,-0.0975,-0.09125775434243172,0.21741935483870972,False,False,0.3937162784844935,coachq_prev_oc_prior_quality|coachq_prev_oc_prior_role_seasons
LONG,DOG20_34,ANY,"[[""adv_oc_quality_delta_vs_departed"", "">="", -0.18320312499999997], [""coachq_dc_changed_quality"", "">="", 1.0]]",2,70,25,0.35714285714285715,0.2854285714285715,20,0.35,0.27199999999999996,32,0.34375,0.20625,18,0.3888888888888889,0.44111111111111106,0.6666666666666666,8,12,-1.0,0.2019861111111111,0.20625,False,False,0.39107176238758673,adv_oc_quality_delta_vs_departed|coachq_dc_changed_quality
LONG,DOG20_34,HOME,"[[""coachq_oc_recent_quality"", ""<="", 0.3359375]]",1,86,34,0.3953488372093023,0.477093023255814,25,0.44,0.5912000000000001,39,0.41025641025641024,0.4984615384615384,22,0.3181818181818182,0.30954545454545457,0.6875,11,16,-1.0,-0.23528531468531466,0.30954545454545457,False,False,0.38515339397201726,coachq_oc_recent_quality
LONG,DOG20_34,AWAY,"[[""coachonly_oc_dc_quality_mean"", "">="", 0.6978422619047618], [""coachq_staff_quality_min"", "">="", 0.46153846153846156]]",2,131,50,0.3816793893129771,0.38015267175572515,48,0.3333333333333333,0.19125,44,0.4318181818181818,0.6047727272727272,39,0.38461538461538464,0.3592307692307693,0.7777777777777778,14,18,-0.625,-0.03878059440559434,0.19125,False,False,0.3842266597132423,coachonly_oc_dc_quality_mean|coachq_staff_quality_min
LONG,DOG35_44,ANY,"[[""coachonly_hc_oc_quality_mean"", "">="", 0.6653081293706293], [""coachq_staff_downgrade_count"", ""<="", 0.0]]",2,71,36,0.5070422535211268,0.27154929577464787,23,0.4782608695652174,0.1856521739130435,32,0.5,0.26,16,0.5625,0.418125,0.6666666666666666,10,15,-1.0,0.19529891304347827,0.1856521739130435,False,False,0.38332658180393864,coachonly_hc_oc_quality_mean|coachq_staff_downgrade_count
LONG,DOG20_34,AWAY,"[[""coachq_staff_quality_mean"", "">="", 0.5564903846153846], [""adv_staff_upgrade_count"", ""<="", -1.0]]",2,167,59,0.3532934131736527,0.330059880239521,43,0.32558139534883723,0.30651162790697667,68,0.36764705882352944,0.33882352941176463,56,0.35714285714285715,0.33749999999999997,0.6111111111111112,11,18,-1.0,0.014832421340629287,0.30651162790697667,False,False,0.3782607712815964,adv_staff_upgrade_count|coachq_staff_quality_mean
LONG,DOG35_44,ANY,"[[""coachonly_hc_oc_quality_mean"", "">="", 0.6653081293706293], [""coachonly_upgrade_minus_downgrade"", "">="", 1.0]]",2,72,39,0.5416666666666666,0.3502777777777778,18,0.5,0.2138888888888889,24,0.5833333333333334,0.4779166666666667,30,0.5333333333333333,0.33,0.6923076923076923,9,13,-1.0,-0.015902777777777766,0.2138888888888889,False,False,0.3670144918089673,coachonly_hc_oc_quality_mean|coachonly_upgrade_minus_downgrade
LONG,DOG35_44,AWAY,"[[""coachq_prev_dc_prior_quality"", ""<="", 0.390625], [""adv_staff_upgrade_count"", "">="", 0.0]]",2,87,46,0.5287356321839081,0.3466666666666667,28,0.5,0.29071428571428565,28,0.5714285714285714,0.4482142857142858,31,0.5161290322580645,0.3054838709677419,0.625,10,16,-0.27142857142857146,-0.06398041474654381,0.29071428571428565,False,False,0.36499130803558116,adv_staff_upgrade_count|coachq_prev_dc_prior_quality
LONG,FAV55_65,AWAY,"[[""coachq_prev_dc_prior_win_pct"", ""<="", 0.5384615384615384], [""adv_hc_prior_quality"", "">="", 0.009038461538461448]]",2,72,55,0.7638888888888888,0.2674686294426764,25,0.72,0.20048832867902242,21,0.8095238095238095,0.339400526234025,26,0.7692307692307693,0.27377392507625437,0.8,12,15,-0.16216216216216217,0.0038294976197306707,0.20048832867902242,False,False,0.36279507198465494,adv_hc_prior_quality|coachq_prev_dc_prior_win_pct
LONG,FAV55_65,AWAY,"[[""coachq_prev_dc_prior_win_pct"", ""<="", 0.5384615384615384], [""adv_hc_prior_win_pct"", "">="", 0.009038461538461448]]",2,72,55,0.7638888888888888,0.2674686294426764,25,0.72,0.20048832867902242,21,0.8095238095238095,0.339400526234025,26,0.7692307692307693,0.27377392507625437,0.8,12,15,-0.16216216216216217,0.0038294976197306707,0.20048832867902242,False,False,0.36279507198465494,adv_hc_prior_win_pct|coachq_prev_dc_prior_win_pct
MODERN,PK_55,ANY,"[[""coachq_oc_prior_role_seasons"", "">="", 3.0], [""coachq_oc_prior_quality"", ""<="", 0.546875], [""coachq_oc_quality_delta_vs_departed"", "">="", -0.10125000000000003]]",3,105,64,0.6095238095238096,0.2236256925469569,49,0.6326530612244898,0.2585170629218781,19,0.5789473684210527,0.16178953344613398,21,0.6666666666666666,0.37432152946181513,0.6666666666666666,10,15,-0.20734447034447037,0.1641682312778091,0.16178953344613398,False,False,0.3621686185422383,coachq_oc_prior_quality|coachq_oc_prior_role_seasons|coachq_oc_quality_delta_vs_departed
LONG,DOG20_34,AWAY,"[[""adv_hc_quality_delta_vs_departed"", ""<="", -0.03895104895104903], [""adv_staff_quality_mean"", "">="", -0.15197649572649574]]",2,94,35,0.3723404255319149,0.35670212765957443,27,0.3333333333333333,0.19037037037037033,41,0.4146341463414634,0.5117073170731707,26,0.34615384615384615,0.28500000000000003,0.8125,13,16,-1.0,-0.06603884372177049,0.19037037037037033,False,False,0.3608012652924095,adv_hc_quality_delta_vs_departed|adv_staff_quality_mean
LONG,DOG35_49,AWAY,"[[""coachq_oc_recent_quality"", ""<="", 0.59375], [""adv_staff_quality_min"", ""<="", -0.21430288461538458]]",2,76,40,0.5263157894736842,0.24052631578947364,20,0.5,0.24200000000000005,30,0.5333333333333333,0.22899999999999998,26,0.5384615384615384,0.25269230769230766,0.8461538461538461,11,13,-0.435,0.017192307692307646,0.22899999999999998,False,False,0.35949056334359153,adv_staff_quality_min|coachq_oc_recent_quality
LONG,FAV65_75,AWAY,"[[""coachq_dc_recent_quality"", "">="", 0.84375], [""coachq_prev_hc_prior_quality"", "">="", 0.42307692307692313]]",2,70,60,0.8571428571428571,0.2293134421781852,20,0.85,0.2150938278555774,24,0.875,0.25013656834222237,26,0.8461538461538461,0.22103025981338784,0.8666666666666667,13,15,-0.3305084745762712,-0.011584938285512048,0.2150938278555774,False,False,0.3590032894334296,coachq_dc_recent_quality|coachq_prev_hc_prior_quality
LONG,FAV65_75,AWAY,"[[""coachq_dc_recent_quality"", "">="", 0.84375], [""coachq_prev_hc_prior_win_pct"", "">="", 0.42307692307692313]]",2,70,60,0.8571428571428571,0.2293134421781852,20,0.85,0.2150938278555774,24,0.875,0.25013656834222237,26,0.8461538461538461,0.22103025981338784,0.8666666666666667,13,15,-0.3305084745762712,-0.011584938285512048,0.2150938278555774,False,False,0.3590032894334296,coachq_dc_recent_quality|coachq_prev_hc_prior_win_pct
LONG,DOG20_34,AWAY,"[[""coachq_oc_prior_quality"", "">="", 0.59375], [""coachq_staff_quality_min"", "">="", 0.46153846153846156]]",2,169,62,0.3668639053254438,0.3150295857988165,53,0.37735849056603776,0.34188679245283016,66,0.36363636363636365,0.31833333333333336,50,0.36,0.2822,0.6666666666666666,12,18,-1.0,-0.04791006289308175,0.2822,False,False,0.3589132761264367,coachq_oc_prior_quality|coachq_staff_quality_min
LONG,DOG20_34,AWAY,"[[""coachq_oc_prior_quality"", "">="", 0.59375], [""coachq_staff_quality_min"", "">="", 0.46153846153846156], [""coachq_prev_hc_prior_quality"", "">="", 0.5384615384615384]]",3,98,43,0.4387755102040816,0.5313265306122449,32,0.5,0.8025,38,0.4473684210526316,0.5450000000000002,28,0.35714285714285715,0.20285714285714285,0.7647058823529411,13,17,-1.0,-0.4708928571428572,0.20285714285714285,False,False,0.35679583003725923,coachq_oc_prior_quality|coachq_prev_hc_prior_quality|coachq_staff_quality_min
LONG,DOG20_34,AWAY,"[[""coachq_oc_prior_quality"", "">="", 0.59375], [""coachq_staff_quality_min"", "">="", 0.46153846153846156], [""coachq_prev_hc_prior_win_pct"", "">="", 0.5384615384615384]]",3,98,43,0.4387755102040816,0.5313265306122449,32,0.5,0.8025,38,0.4473684210526316,0.5450000000000002,28,0.35714285714285715,0.20285714285714285,0.7647058823529411,13,17,-1.0,-0.4708928571428572,0.20285714285714285,False,False,0.35679583003725923,coachq_oc_prior_quality|coachq_prev_hc_prior_win_pct|coachq_staff_quality_min
MODERN,DOG20_34,AWAY,"[[""coachq_prev_oc_prior_role_seasons"", "">="", 4.0], [""coachq_dc_recent_quality"", "">="", 0.5]]",2,81,28,0.345679012345679,0.2554320987654321,44,0.29545454545454547,0.07613636363636365,18,0.4444444444444444,0.6027777777777777,17,0.4117647058823529,0.4994117647058824,0.6153846153846154,8,13,-1.0,0.15995469399881168,0.07613636363636365,False,False,0.35631867859615907,coachq_dc_recent_quality|coachq_prev_oc_prior_role_seasons
MODERN,DOG20_34,AWAY,"[[""coachq_oc_recent_quality"", "">="", 0.6875], [""coachq_staff_quality_min"", "">="", 0.5076709401709403]]",2,90,39,0.43333333333333335,0.5532222222222222,37,0.4864864864864865,0.7699999999999999,19,0.42105263157894735,0.5284210526315789,16,0.3125,0.19437500000000002,0.7647058823529411,13,17,-1.0,-0.45483552631578944,0.19437500000000002,False,False,0.3555386246985903,coachq_oc_recent_quality|coachq_staff_quality_min
MODERN,DOG35_49,AWAY,"[[""coachq_prev_oc_prior_role_seasons"", "">="", 2.0], [""coachonly_hc_oc_quality_mean"", ""<="", 0.44230769230769235]]",2,85,47,0.5529411764705883,0.2878823529411765,36,0.5833333333333334,0.3194444444444445,17,0.5882352941176471,0.39000000000000007,21,0.5238095238095238,0.26333333333333336,0.75,12,16,-1.0,-0.09138888888888891,0.26333333333333336,False,False,0.355052626880299,coachonly_hc_oc_quality_mean|coachq_prev_oc_prior_role_seasons
MODERN,DOG35_44,HOME,"[[""coachq_prev_hc_prior_role_seasons"", ""<="", 0.0], [""coachq_prev_dc_prior_role_seasons"", ""<="", 3.0]]",2,103,49,0.47572815533980584,0.1821359223300971,27,0.48148148148148145,0.18444444444444447,14,0.5,0.2585714285714285,23,0.5652173913043478,0.40217391304347827,0.6111111111111112,11,18,-1.0,0.18066597653554178,0.18444444444444447,False,False,0.35456930153042576,coachq_prev_dc_prior_role_seasons|coachq_prev_hc_prior_role_seasons
MODERN,DOG20_34,AWAY,"[[""adv_dc_prior_win_pct"", "">="", 0.06672008547008541], [""coachq_staff_quality_min"", "">="", 0.5076709401709403]]",2,79,33,0.4177215189873418,0.4850632911392406,31,0.45161290322580644,0.6841935483870968,19,0.3684210526315789,0.32894736842105265,17,0.35294117647058826,0.21529411764705883,0.7647058823529411,13,17,-1.0,-0.2912763407570158,0.21529411764705883,False,False,0.3519727949903658,adv_dc_prior_win_pct|coachq_staff_quality_min
LONG,DOG20_34,ANY,"[[""adv_oc_quality_delta_vs_departed"", "">="", -0.18320312499999997], [""coachonly_upgrade_minus_downgrade"", ""<="", -1.0]]",2,96,36,0.375,0.36385416666666665,25,0.36,0.4288,37,0.40540540540540543,0.4016216216216216,34,0.35294117647058826,0.27499999999999997,0.6666666666666666,10,15,-1.0,-0.14021081081081083,0.27499999999999997,False,False,0.35028476024637695,adv_oc_quality_delta_vs_departed|coachonly_upgrade_minus_downgrade
LONG,DOG20_34,AWAY,"[[""coachonly_oc_dc_quality_mean"", "">="", 0.6978422619047618], [""coachq_oc_prior_quality"", "">="", 0.59375]]",2,81,31,0.38271604938271603,0.3504938271604938,28,0.39285714285714285,0.3989285714285714,21,0.38095238095238093,0.3880952380952381,32,0.375,0.2834375,0.6428571428571429,9,14,-1.0,-0.11007440476190478,0.2834375,False,False,0.3501356836227229,coachonly_oc_dc_quality_mean|coachq_oc_prior_quality
LONG,DOG20_34,AWAY,"[[""coachonly_oc_dc_quality_mean"", "">="", 0.6978422619047618], [""coachq_hc_prior_quality"", "">="", 0.5384615384615384]]",2,72,30,0.4166666666666667,0.4918055555555555,20,0.45,0.519,33,0.42424242424242425,0.6348484848484848,19,0.3684210526315789,0.21473684210526317,0.7333333333333333,11,15,-1.0,-0.3621874003189793,0.21473684210526317,False,False,0.34704007098125694,coachonly_oc_dc_quality_mean|coachq_hc_prior_quality
LONG,DOG20_34,AWAY,"[[""coachonly_oc_dc_quality_mean"", "">="", 0.6978422619047618], [""coachq_hc_prior_win_pct"", "">="", 0.5384615384615384]]",2,72,30,0.4166666666666667,0.4918055555555555,20,0.45,0.519,33,0.42424242424242425,0.6348484848484848,19,0.3684210526315789,0.21473684210526317,0.7333333333333333,11,15,-1.0,-0.3621874003189793,0.21473684210526317,False,False,0.34704007098125694,coachonly_oc_dc_quality_mean|coachq_hc_prior_win_pct
LONG,DOG20_34,HOME,"[[""coachq_hc_prior_quality"", "">="", 0.5384615384615384], [""coachq_hc_prior_win_pct"", "">="", 0.5384615384615384], [""coachq_prev_dc_prior_role_seasons"", ""<="", 1.0]]",3,64,26,0.40625,0.48796875,25,0.44,0.5947999999999999,19,0.42105263157894735,0.601578947368421,20,0.35,0.2465,0.6428571428571429,9,14,-1.0,-0.3516894736842104,0.2465,False,False,0.3463151173368206,coachq_hc_prior_quality|coachq_hc_prior_win_pct|coachq_prev_dc_prior_role_seasons
LONG,DOG20_34,AWAY,"[[""coachq_staff_quality_min"", "">="", 0.46153846153846156], [""coachonly_upgrade_minus_downgrade"", ""<="", -1.0]]",2,151,58,0.3841059602649007,0.38231788079470197,34,0.4117647058823529,0.5185294117647059,66,0.4090909090909091,0.4457575757575758,51,0.3333333333333333,0.20941176470588235,0.8333333333333334,15,18,-1.0,-0.2727317290552585,0.20941176470588235,False,False,0.3458002115857802,coachonly_upgrade_minus_downgrade|coachq_staff_quality_min
LONG,DOG20_34,AWAY,"[[""coachq_prev_oc_prior_win_pct"", "">="", 0.5993589743589745], [""coachq_staff_quality_mean"", "">="", 0.5564903846153846]]",2,97,36,0.3711340206185567,0.30752577319587626,30,0.4,0.43799999999999994,41,0.36585365853658536,0.2502439024390244,26,0.34615384615384615,0.24730769230769234,0.75,12,16,-1.0,-0.09681425891181983,0.24730769230769234,False,False,0.34390785494798903,coachq_prev_oc_prior_win_pct|coachq_staff_quality_mean
MODERN,DOG20_34,AWAY,"[[""adv_oc_prior_quality"", "">="", 0.03791666666666667], [""coachq_prev_oc_recent_quality"", "">="", 0.25]]",2,84,34,0.40476190476190477,0.39357142857142857,27,0.4444444444444444,0.5103703703703703,12,0.3333333333333333,0.13083333333333327,22,0.36363636363636365,0.36136363636363633,0.5625,9,16,-0.5166666666666667,0.04076178451178458,0.13083333333333327,False,False,0.34264433992999177,adv_oc_prior_quality|coachq_prev_oc_recent_quality
MODERN,FAV55_65,AWAY,"[[""coachonly_staff_prior_quality_spread"", "">="", 0.32451923076923084], [""coachq_oc_prior_role_seasons"", ""<="", 2.0]]",2,75,56,0.7466666666666667,0.2402602335175991,19,0.7894736842105263,0.3397470637435261,14,0.6428571428571429,0.07904054628327042,26,0.8076923076923077,0.32249464981867665,0.7333333333333333,11,15,-0.1960654288240495,0.11310084480527838,0.07904054628327042,False,False,0.3396419508070164,coachonly_staff_prior_quality_spread|coachq_oc_prior_role_seasons
MODERN,PK_55,AWAY,"[[""coachq_oc_quality_delta_vs_departed"", "">="", -0.09635416666666663], [""coachq_prev_oc_prior_role_seasons"", "">="", 2.0]]",2,123,70,0.5691056910569106,0.15389720046658398,55,0.5636363636363636,0.12376758291109578,18,0.6666666666666666,0.34524508335829096,27,0.6666666666666666,0.38677667263896987,0.6470588235294118,11,17,-0.6245479030396306,0.1522703395042765,0.12376758291109578,False,False,0.3386563355576995,coachq_oc_quality_delta_vs_departed|coachq_prev_oc_prior_role_seasons
LONG,DOG20_34,AWAY,"[[""coachq_oc_recent_quality"", "">="", 0.71875], [""coachq_oc_prior_quality"", "">="", 0.59375], [""coachq_staff_quality_min"", "">="", 0.46153846153846156]]",3,87,36,0.41379310344827586,0.48770114942528736,25,0.44,0.49360000000000004,34,0.47058823529411764,0.731764705882353,28,0.32142857142857145,0.1860714285714286,0.7647058823529411,13,17,-1.0,-0.42661092436974785,0.1860714285714286,False,False,0.33851697154904,coachq_oc_prior_quality|coachq_oc_recent_quality|coachq_staff_quality_min
LONG,DOG35_44,AWAY,"[[""adv_staff_quality_min"", ""<="", -0.23339102564102565], [""coachq_dc_prior_win_pct"", ""<="", 0.5909090909090909]]",2,73,39,0.5342465753424658,0.3427397260273973,27,0.5555555555555556,0.3840740740740741,21,0.5714285714285714,0.4414285714285714,25,0.48,0.2152,0.8125,13,16,-1.0,-0.19755132275132276,0.2152,False,False,0.338174338625907,adv_staff_quality_min|coachq_dc_prior_win_pct
LONG,DOG35_49,ANY,"[[""coachq_dc_prior_role_seasons"", ""<="", 0.0], [""coachq_oc_prior_win_pct"", ""<="", 0.4358974358974359]]",2,79,44,0.5569620253164557,0.319746835443038,23,0.6521739130434783,0.5517391304347826,25,0.44,0.06799999999999999,31,0.5806451612903226,0.35064516129032247,0.6923076923076923,9,13,-0.165,0.040775596072931186,0.06799999999999999,False,False,0.33729353391731837,coachq_dc_prior_role_seasons|coachq_oc_prior_win_pct
MODERN,PK_55,AWAY,"[[""coachq_oc_prior_role_seasons"", "">="", 3.0], [""coachq_oc_quality_delta_vs_departed"", "">="", -0.09635416666666663], [""coachq_prev_oc_prior_role_seasons"", "">="", 2.0]]",3,119,68,0.5714285714285714,0.159868906766197,52,0.5769230769230769,0.15235117899803613,18,0.6666666666666666,0.34524508335829096,26,0.6538461538461539,0.36242192927893024,0.6470588235294118,11,17,-0.5828310033773674,0.1136237981007667,0.15235117899803613,False,False,0.33672955394693305,coachq_oc_prior_role_seasons|coachq_oc_quality_delta_vs_departed|coachq_prev_oc_prior_role_seasons
MODERN,FAV65_75,AWAY,"[[""coachq_dc_recent_quality"", "">="", 0.8125], [""coachq_dc_prior_role_seasons"", "">="", 2.0]]",2,73,61,0.8356164383561644,0.1973435188801046,22,0.8181818181818182,0.1758986156264354,18,0.7777777777777778,0.09990351938173339,21,0.8571428571428571,0.23616149444052542,0.8461538461538461,11,13,-0.2968592617731454,0.09826042693644102,0.09990351938173339,False,False,0.3354398596688987,coachq_dc_prior_role_seasons|coachq_dc_recent_quality
MODERN,DOG20_34,ANY,"[[""adv_oc_recent_quality"", ""<="", -0.46875]]",1,123,44,0.35772357723577236,0.3158536585365854,34,0.4117647058823529,0.5650000000000001,28,0.32142857142857145,0.1714285714285714,31,0.3548387096774194,0.30193548387096775,0.6842105263157895,13,19,-1.0,-0.06627880184331797,0.1714285714285714,False,False,0.3341475217058836,adv_oc_recent_quality
LONG,DOG35_44,ANY,"[[""coachonly_hc_oc_quality_mean"", "">="", 0.6653081293706293], [""adv_staff_upgrade_count"", "">="", 0.0]]",2,102,55,0.5392156862745098,0.33921568627450976,34,0.5294117647058824,0.31235294117647056,35,0.6,0.504,33,0.48484848484848486,0.1921212121212121,0.8235294117647058,14,17,-0.27142857142857146,-0.21605525846702314,0.1921212121212121,False,False,0.3306247663585895,adv_staff_upgrade_count|coachonly_hc_oc_quality_mean
LONG,DOG20_34,AWAY,"[[""coachq_staff_quality_mean"", "">="", 0.5564903846153846], [""coachonly_upgrade_minus_downgrade"", ""<="", -1.0]]",2,152,57,0.375,0.35335526315789473,36,0.4166666666666667,0.5405555555555556,60,0.4,0.40116666666666667,56,0.32142857142857145,0.18178571428571427,0.8333333333333334,15,18,-1.0,-0.28907539682539685,0.18178571428571427,False,False,0.326467009603507,coachonly_upgrade_minus_downgrade|coachq_staff_quality_mean
LONG,DOG35_44,ANY,"[[""coachonly_hc_oc_quality_mean"", "">="", 0.6653081293706293], [""coachq_prev_hc_prior_quality"", "">="", 0.5790598290598291]]",2,94,48,0.5106382978723404,0.2572340425531915,35,0.4857142857142857,0.19485714285714287,29,0.5517241379310345,0.35413793103448266,30,0.5,0.23633333333333334,0.7222222222222222,13,18,-0.6385714285714286,-0.03816420361247941,0.19485714285714287,False,False,0.32572697088838864,coachonly_hc_oc_quality_mean|coachq_prev_hc_prior_quality
LONG,DOG35_44,ANY,"[[""coachonly_hc_oc_quality_mean"", "">="", 0.6653081293706293], [""coachq_prev_hc_prior_win_pct"", "">="", 0.5790598290598291]]",2,94,48,0.5106382978723404,0.2572340425531915,35,0.4857142857142857,0.19485714285714287,29,0.5517241379310345,0.35413793103448266,30,0.5,0.23633333333333334,0.7222222222222222,13,18,-0.6385714285714286,-0.03816420361247941,0.19485714285714287,False,False,0.32572697088838864,coachonly_hc_oc_quality_mean|coachq_prev_hc_prior_win_pct
LONG,FAV55_65,AWAY,"[[""coachq_dc_prior_win_pct"", ""<="", 0.6045454545454546], [""adv_hc_prior_quality"", "">="", 0.009038461538461448]]",2,105,77,0.7333333333333333,0.21300869079263912,30,0.7666666666666667,0.2727051463472254,34,0.7058823529411765,0.16831735929788041,41,0.7317073170731707,0.2063894616264002,0.7777777777777778,14,18,-0.15550502962656745,-0.0141217911961527,0.16831735929788041,False,False,0.3248076542133065,adv_hc_prior_quality|coachq_dc_prior_win_pct
LONG,FAV55_65,AWAY,"[[""coachq_dc_prior_win_pct"", ""<="", 0.6045454545454546], [""adv_hc_prior_win_pct"", "">="", 0.009038461538461448]]",2,105,77,0.7333333333333333,0.21300869079263912,30,0.7666666666666667,0.2727051463472254,34,0.7058823529411765,0.16831735929788041,41,0.7317073170731707,0.2063894616264002,0.7777777777777778,14,18,-0.15550502962656745,-0.0141217911961527,0.16831735929788041,False,False,0.3248076542133065,adv_hc_prior_win_pct|coachq_dc_prior_win_pct
LONG,FAV55_65,AWAY,"[[""coachq_prev_dc_prior_win_pct"", ""<="", 0.5384615384615384], [""coachq_prev_hc_recent_quality"", "">="", 0.5384615384615384]]",2,91,64,0.7032967032967034,0.17908110721234963,27,0.6296296296296297,0.07430087584692302,33,0.696969696969697,0.168429868965331,31,0.7741935483870968,0.2816797236322894,0.75,12,16,-0.17785344370590875,0.1603143512261624,0.07430087584692302,False,False,0.32457388026893225,coachq_prev_dc_prior_win_pct|coachq_prev_hc_recent_quality
LONG,DOG20_34,AWAY,"[[""coachonly_oc_dc_quality_mean"", "">="", 0.6978422619047618], [""adv_staff_quality_mean"", "">="", -0.15197649572649574]]",2,146,52,0.3561643835616438,0.29198630136986303,49,0.32653061224489793,0.16693877551020408,53,0.37735849056603776,0.4237735849056604,44,0.36363636363636365,0.2725,0.6666666666666666,12,18,-0.6633333333333334,-0.02285618020793223,0.16693877551020408,False,False,0.3243319092281543,adv_staff_quality_mean|coachonly_oc_dc_quality_mean
MODERN,DOG35_44,HOME,"[[""coachq_prev_oc_prior_quality"", ""<="", 0.5], [""coachq_prev_dc_prior_win_pct"", "">="", 0.38461538461538464]]",2,80,40,0.5,0.248,30,0.5666666666666667,0.4153333333333334,13,0.46153846153846156,0.16230769230769226,27,0.5185185185185185,0.28481481481481485,0.6875,11,16,-1.0,-0.004005698005697944,0.16230769230769226,False,False,0.32408185671989587,coachq_prev_dc_prior_win_pct|coachq_prev_oc_prior_quality
LONG,DOG20_34,AWAY,"[[""coachq_prev_hc_prior_quality"", "">="", 0.5384615384615384], [""adv_hc_quality_delta_vs_departed"", ""<="", -0.03895104895104903]]",2,94,31,0.32978723404255317,0.18999999999999995,32,0.3125,0.11343750000000002,39,0.3333333333333333,0.16897435897435897,23,0.34782608695652173,0.33217391304347826,0.6666666666666666,10,15,-1.0,0.19096798355629876,0.11343750000000002,False,False,0.3240203647168622,adv_hc_quality_delta_vs_departed|coachq_prev_hc_prior_quality
LONG,DOG20_34,AWAY,"[[""coachq_prev_hc_prior_win_pct"", "">="", 0.5384615384615384], [""adv_hc_quality_delta_vs_departed"", ""<="", -0.03895104895104903]]",2,94,31,0.32978723404255317,0.18999999999999995,32,0.3125,0.11343750000000002,39,0.3333333333333333,0.16897435897435897,23,0.34782608695652173,0.33217391304347826,0.6666666666666666,10,15,-1.0,0.19096798355629876,0.11343750000000002,False,False,0.3240203647168622,adv_hc_quality_delta_vs_departed|coachq_prev_hc_prior_win_pct
MODERN,DOG20_34,AWAY,"[[""coachq_oc_prior_role_seasons"", "">="", 6.0], [""coachq_prev_oc_prior_role_seasons"", "">="", 4.0]]",2,76,26,0.34210526315789475,0.23092105263157892,42,0.30952380952380953,0.09571428571428568,18,0.3888888888888889,0.4438888888888889,16,0.375,0.34625,0.6923076923076923,9,13,-1.0,0.07644841269841274,0.09571428571428568,False,False,0.3217714153132593,coachq_oc_prior_role_seasons|coachq_prev_oc_prior_role_seasons
MODERN,DOG20_34,AWAY,"[[""coachq_hc_prior_role_seasons"", "">="", 7.0], [""coachq_staff_quality_min"", "">="", 0.5076709401709403]]",2,92,36,0.391304347826087,0.3752173913043478,44,0.4090909090909091,0.4352272727272728,17,0.4117647058823529,0.46764705882352947,31,0.3548387096774194,0.23935483870967741,0.6153846153846154,8,13,-1.0,-0.21208232706572375,0.23935483870967741,False,False,0.3206060187111144,coachq_hc_prior_role_seasons|coachq_staff_quality_min
MODERN,DOG35_44,HOME,"[[""coachq_prev_hc_prior_role_seasons"", ""<="", 0.0]]",1,131,60,0.4580152671755725,0.14114503816793894,39,0.4358974358974359,0.06923076923076925,20,0.5,0.25,30,0.5333333333333333,0.33566666666666667,0.7222222222222222,13,18,-1.0,0.17605128205128204,0.06923076923076925,False,False,0.3204571862054099,coachq_prev_hc_prior_role_seasons
LONG,FAV65_75,AWAY,"[[""coachq_dc_recent_quality"", "">="", 0.84375], [""coachonly_staff_prior_quality_spread"", "">="", 0.07598729395604392]]",2,77,63,0.8181818181818182,0.1768721656597118,28,0.8214285714285714,0.1848884172600915,25,0.8,0.14836560188506673,24,0.8333333333333334,0.19721420939119075,0.8,12,15,-1.0,0.030587199818611632,0.14836560188506673,False,False,0.31974774985039606,coachonly_staff_prior_quality_spread|coachq_dc_recent_quality
LONG,FAV65_75,AWAY,"[[""coachq_dc_recent_quality"", "">="", 0.84375], [""coachq_staff_quality_min"", "">="", 0.38461538461538464]]",2,78,65,0.8333333333333334,0.19820244753660796,27,0.8518518518518519,0.22508582722488604,26,0.8461538461538461,0.21034915482146818,25,0.8,0.156535821897013,0.875,14,16,-0.23888737387510228,-0.0611816691261641,0.156535821897013,False,False,0.3190014099796225,coachq_dc_recent_quality|coachq_staff_quality_min
MODERN,DOG35_44,HOME,"[[""coachq_staff_downgrade_count"", ""<="", 0.0], [""coachq_prev_hc_prior_role_seasons"", ""<="", 0.0]]",2,98,44,0.4489795918367347,0.11469387755102046,25,0.44,0.07440000000000001,16,0.5,0.24625000000000002,20,0.55,0.375,0.6666666666666666,10,15,-1.0,0.21467499999999998,0.07440000000000001,False,False,0.3174452698131696,coachq_prev_hc_prior_role_seasons|coachq_staff_downgrade_count
LONG,DOG20_34,AWAY,"[[""coachq_oc_prior_quality"", "">="", 0.59375], [""coachonly_upgrade_minus_downgrade"", ""<="", -1.0]]",2,98,40,0.40816326530612246,0.4652040816326531,30,0.4,0.4993333333333333,32,0.5,0.765,36,0.3333333333333333,0.17027777777777786,0.6875,11,16,-1.0,-0.4618888888888888,0.17027777777777786,False,False,0.3150266757088613,coachonly_upgrade_minus_downgrade|coachq_oc_prior_quality
LONG,DOG35_44,AWAY,"[[""adv_staff_quality_min"", ""<="", -0.23339102564102565], [""adv_staff_upgrade_count"", "">="", 0.0]]",2,72,37,0.5138888888888888,0.27958333333333335,23,0.5652173913043478,0.4143478260869566,20,0.45,0.07749999999999999,29,0.5172413793103449,0.31206896551724134,0.6428571428571429,9,14,-0.415,0.06614505247376307,0.07749999999999999,False,False,0.3148910949680104,adv_staff_quality_min|adv_staff_upgrade_count
MODERN,DOG20_34,AWAY,"[[""coachq_staff_quality_min"", "">="", 0.5076709401709403], [""coachq_dc_recent_quality"", "">="", 0.5]]",2,174,61,0.3505747126436782,0.267183908045977,67,0.3880597014925373,0.4814925373134329,32,0.28125,0.06343750000000004,42,0.38095238095238093,0.3138095238095238,0.6842105263157895,13,19,-1.0,0.041344505152807354,0.06343750000000004,False,False,0.314846967597863,coachq_dc_recent_quality|coachq_staff_quality_min
MODERN,FAV55_65,ANY,"[[""adv_dc_prior_quality"", ""<="", -0.08268229166666669], [""coachq_oc_recent_quality"", "">="", 0.75]]",2,70,46,0.6571428571428571,0.09137442071685113,23,0.6521739130434783,0.07569502324834335,13,0.6923076923076923,0.16824819742582045,19,0.8421052631578947,0.3819439279360945,0.625,10,16,-1.0,0.2599723175990126,0.07569502324834335,False,False,0.3140448086111421,adv_dc_prior_quality|coachq_oc_recent_quality
LONG,DOG35_44,ANY,"[[""coachq_prev_hc_prior_role_seasons"", ""<="", 0.0], [""coachonly_hc_oc_quality_mean"", ""<="", 0.38307692307692315]]",2,88,47,0.5340909090909091,0.34556818181818183,40,0.525,0.323,12,0.75,0.8741666666666666,36,0.4722222222222222,0.19444444444444442,0.7142857142857143,10,14,-0.435,-0.40413888888888894,0.19444444444444442,False,False,0.31396349904184895,coachonly_hc_oc_quality_mean|coachq_prev_hc_prior_role_seasons
LONG,DOG35_49,AWAY,"[[""coachonly_upgrade_minus_downgrade"", "">="", 1.0], [""coachq_hc_recent_quality"", "">="", 0.723776223776224]]",2,91,44,0.4835164835164835,0.16670329670329673,28,0.4642857142857143,0.16107142857142856,42,0.4523809523809524,0.07523809523809524,21,0.5714285714285714,0.35714285714285715,0.6,9,15,-0.492,0.23898809523809525,0.07523809523809524,False,False,0.3126233186889127,coachonly_upgrade_minus_downgrade|coachq_hc_recent_quality
MODERN,DOG20_34,AWAY,"[[""adv_staff_quality_min"", "">="", 0.13461538461538458], [""coachq_staff_quality_min"", "">="", 0.5076709401709403]]",2,159,54,0.33962264150943394,0.2161006289308176,65,0.4,0.41846153846153844,22,0.3181818181818182,0.21318181818181817,42,0.35714285714285715,0.31452380952380954,0.5263157894736842,10,19,-1.0,-0.0012978687978687509,0.21318181818181817,False,False,0.31251810771674304,adv_staff_quality_min|coachq_staff_quality_min
LONG,DOG20_34,AWAY,"[[""coachonly_oc_dc_quality_mean"", "">="", 0.6978422619047618]]",1,151,53,0.3509933774834437,0.2701324503311259,51,0.3137254901960784,0.12117647058823529,56,0.375,0.40392857142857136,44,0.36363636363636365,0.2725,0.6666666666666666,12,18,-0.6970000000000001,0.009947478991596703,0.12117647058823529,False,False,0.3123236473176889,coachonly_oc_dc_quality_mean
LONG,DOG35_44,HOME,"[[""coachq_prev_hc_prior_role_seasons"", ""<="", 0.0]]",1,131,60,0.4580152671755725,0.14114503816793894,60,0.43333333333333335,0.07133333333333333,32,0.4375,0.08906249999999999,39,0.5128205128205128,0.29128205128205126,0.7222222222222222,13,18,-1.0,0.2110841346153846,0.07133333333333333,False,False,0.3122815451797689,coachq_prev_hc_prior_role_seasons
LONG,DOG20_34,AWAY,"[[""adv_staff_quality_min"", "">="", 0.0625], [""coachonly_oc_dc_quality_mean"", "">="", 0.6978422619047618], [""coachq_staff_quality_min"", "">="", 0.46153846153846156]]",3,83,34,0.40963855421686746,0.4662650602409638,31,0.3548387096774194,0.24483870967741936,30,0.5333333333333333,0.9070000000000001,22,0.3181818181818182,0.17727272727272728,0.6470588235294118,11,17,-1.0,-0.39864662756598246,0.17727272727272728,False,False,0.31086059026063917,adv_staff_quality_min|coachonly_oc_dc_quality_mean|coachq_staff_quality_min
LONG,DOG20_34,AWAY,"[[""coachq_staff_quality_mean"", "">="", 0.5564903846153846], [""coachq_dc_changed_quality"", "">="", 1.0]]",2,147,53,0.36054421768707484,0.3202721088435374,41,0.34146341463414637,0.2346341463414634,66,0.3939393939393939,0.44803030303030306,40,0.325,0.19724999999999998,0.6842105263157895,13,19,-1.0,-0.14408222468588322,0.19724999999999998,False,False,0.30910755673622126,coachq_dc_changed_quality|coachq_staff_quality_mean
MODERN,DOG35_44,AWAY,"[[""coachq_dc_quality_delta_vs_departed"", "">="", 0.007291666666666585], [""coachq_staff_upgrade_count"", "">="", 2.0]]",2,113,57,0.504424778761062,0.26548672566371684,47,0.5106382978723404,0.30276595744680856,19,0.5789473684210527,0.46473684210526317,33,0.48484848484848486,0.19636363636363638,0.75,12,16,-1.0,-0.18738776341239952,0.19636363636363638,False,False,0.30846921248015813,coachq_dc_quality_delta_vs_departed|coachq_staff_upgrade_count
LONG,DOG20_34,AWAY,"[[""coachq_oc_prior_win_pct"", "">="", 0.576048951048951], [""coachq_staff_quality_min"", "">="", 0.46153846153846156], [""coachq_prev_hc_prior_quality"", "">="", 0.5384615384615384]]",3,77,33,0.42857142857142855,0.44779220779220785,27,0.4444444444444444,0.4903703703703703,29,0.4827586206896552,0.6137931034482759,21,0.3333333333333333,0.16380952380952382,0.6923076923076923,9,13,-0.38571428571428573,-0.3882722130997992,0.16380952380952382,False,False,0.30814926172289686,coachq_oc_prior_win_pct|coachq_prev_hc_prior_quality|coachq_staff_quality_min
LONG,DOG20_34,AWAY,"[[""coachq_oc_prior_win_pct"", "">="", 0.576048951048951], [""coachq_staff_quality_min"", "">="", 0.46153846153846156], [""coachq_prev_hc_prior_win_pct"", "">="", 0.5384615384615384]]",3,77,33,0.42857142857142855,0.44779220779220785,27,0.4444444444444444,0.4903703703703703,29,0.4827586206896552,0.6137931034482759,21,0.3333333333333333,0.16380952380952382,0.6923076923076923,9,13,-0.38571428571428573,-0.3882722130997992,0.16380952380952382,False,False,0.30814926172289686,coachq_oc_prior_win_pct|coachq_prev_hc_prior_win_pct|coachq_staff_quality_min
MODERN,FAV55_65,AWAY,"[[""coachq_prev_oc_prior_role_seasons"", ""<="", 1.0], [""adv_hc_quality_delta_vs_departed"", "">="", -0.021489115051615087]]",2,74,52,0.7027027027027027,0.1599277579416128,29,0.6551724137931034,0.09575613725621294,13,0.8461538461538461,0.37724110426334284,21,0.7619047619047619,0.24753361125437537,0.7857142857142857,11,14,-1.0,0.011034990494597469,0.09575613725621294,False,False,0.3069199608236105,adv_hc_quality_delta_vs_departed|coachq_prev_oc_prior_role_seasons
MODERN,FAV55_65,AWAY,"[[""coachq_oc_prior_role_seasons"", ""<="", 2.0], [""coachq_dc_prior_win_pct"", ""<="", 0.5769230769230769]]",2,142,100,0.704225352112676,0.173981354288411,39,0.6923076923076923,0.1641814236290523,18,0.8333333333333334,0.36620775395983896,49,0.7142857142857143,0.1913689807591368,0.7647058823529411,13,17,-0.3216568047337278,-0.07382560803530883,0.1641814236290523,False,False,0.30638940621406907,coachq_dc_prior_win_pct|coachq_oc_prior_role_seasons
LONG,DOG35_44,ANY,"[[""coachq_prev_hc_prior_role_seasons"", ""<="", 0.0], [""coachq_hc_prior_quality"", ""<="", 0.48391608391608393]]",2,151,74,0.4900662251655629,0.23264900662251659,80,0.475,0.194625,26,0.5769230769230769,0.4396153846153847,45,0.4666666666666667,0.18066666666666664,0.7777777777777778,14,18,-1.0,-0.1364535256410257,0.18066666666666664,False,False,0.30619143435821417,coachq_hc_prior_quality|coachq_prev_hc_prior_role_seasons
LONG,DOG35_44,ANY,"[[""coachq_prev_hc_prior_role_seasons"", ""<="", 0.0], [""coachq_hc_prior_win_pct"", ""<="", 0.48391608391608393]]",2,151,74,0.4900662251655629,0.23264900662251659,80,0.475,0.194625,26,0.5769230769230769,0.4396153846153847,45,0.4666666666666667,0.18066666666666664,0.7777777777777778,14,18,-1.0,-0.1364535256410257,0.18066666666666664,False,False,0.30619143435821417,coachq_hc_prior_win_pct|coachq_prev_hc_prior_role_seasons
LONG,DOG35_44,ANY,"[[""coachq_dc_recent_quality"", "">="", 0.34375], [""coachq_prev_hc_prior_quality"", "">="", 0.5790598290598291]]",2,202,97,0.4801980198019802,0.20435643564356437,55,0.4727272727272727,0.16381818181818178,58,0.5,0.26224137931034486,89,0.47191011235955055,0.19168539325842696,0.7222222222222222,13,18,-0.37999999999999995,-0.02134438730583635,0.16381818181818178,False,False,0.30439611719097737,coachq_dc_recent_quality|coachq_prev_hc_prior_quality
LONG,DOG35_44,ANY,"[[""coachq_dc_recent_quality"", "">="", 0.34375], [""coachq_prev_hc_prior_win_pct"", "">="", 0.5790598290598291]]",2,202,97,0.4801980198019802,0.20435643564356437,55,0.4727272727272727,0.16381818181818178,58,0.5,0.26224137931034486,89,0.47191011235955055,0.19168539325842696,0.7222222222222222,13,18,-0.37999999999999995,-0.02134438730583635,0.16381818181818178,False,False,0.30439611719097737,coachq_dc_recent_quality|coachq_prev_hc_prior_win_pct
MODERN,FAV65_75,AWAY,"[[""coachq_dc_recent_quality"", "">="", 0.8125], [""coachq_prev_hc_prior_quality"", "">="", 0.4223076923076924]]",2,80,67,0.8375,0.20020619517096838,26,0.8076923076923077,0.15515163226644116,14,0.8571428571428571,0.20962584579459737,24,0.7916666666666666,0.14474231686205596,0.8,12,15,-0.5536723163841808,-0.03764642216846331,0.14474231686205596,False,False,0.30420543108479486,coachq_dc_recent_quality|coachq_prev_hc_prior_quality
MODERN,FAV65_75,AWAY,"[[""coachq_dc_recent_quality"", "">="", 0.8125], [""coachq_prev_hc_prior_win_pct"", "">="", 0.4223076923076924]]",2,80,67,0.8375,0.20020619517096838,26,0.8076923076923077,0.15515163226644116,14,0.8571428571428571,0.20962584579459737,24,0.7916666666666666,0.14474231686205596,0.8,12,15,-0.5536723163841808,-0.03764642216846331,0.14474231686205596,False,False,0.30420543108479486,coachq_dc_recent_quality|coachq_prev_hc_prior_win_pct
LONG,DOG20_34,AWAY,"[[""adv_staff_quality_min"", "">="", 0.0625], [""adv_staff_upgrade_count"", ""<="", -1.0]]",2,122,45,0.36885245901639346,0.4046721311475409,33,0.3939393939393939,0.5339393939393938,47,0.40425531914893614,0.5172340425531915,42,0.30952380952380953,0.1771428571428571,0.6470588235294118,11,17,-1.0,-0.34844386110343556,0.1771428571428571,False,False,0.3014231189168425,adv_staff_quality_min|adv_staff_upgrade_count
MODERN,DOG20_34,AWAY,"[[""coachq_staff_quality_min"", "">="", 0.5076709401709403], [""coachq_prev_oc_prior_quality"", "">="", 0.375]]",2,167,58,0.3473053892215569,0.22634730538922154,64,0.375,0.3125,31,0.3225806451612903,0.19451612903225804,49,0.32653061224489793,0.18571428571428575,0.7222222222222222,13,18,-1.0,-0.06779377880184326,0.18571428571428575,False,False,0.30072238049438793,coachq_prev_oc_prior_quality|coachq_staff_quality_min
LONG,DOG20_34,AWAY,"[[""coachq_oc_prior_win_pct"", "">="", 0.576048951048951], [""coachq_hc_prior_quality"", "">="", 0.5384615384615384]]",2,117,42,0.358974358974359,0.26153846153846155,46,0.32608695652173914,0.10543478260869564,46,0.391304347826087,0.39369565217391306,25,0.36,0.3056,0.5555555555555556,10,18,-1.0,0.05603478260869563,0.10543478260869564,False,False,0.300050677472753,coachq_hc_prior_quality|coachq_oc_prior_win_pct
LONG,DOG20_34,AWAY,"[[""coachq_oc_prior_win_pct"", "">="", 0.576048951048951], [""coachq_hc_prior_win_pct"", "">="", 0.5384615384615384]]",2,117,42,0.358974358974359,0.26153846153846155,46,0.32608695652173914,0.10543478260869564,46,0.391304347826087,0.39369565217391306,25,0.36,0.3056,0.5555555555555556,10,18,-1.0,0.05603478260869563,0.10543478260869564,False,False,0.300050677472753,coachq_hc_prior_win_pct|coachq_oc_prior_win_pct
LONG,DOG20_34,AWAY,"[[""coachq_oc_recent_quality"", "">="", 0.71875], [""coachq_staff_quality_min"", "">="", 0.46153846153846156]]",2,105,44,0.41904761904761906,0.5024761904761904,33,0.45454545454545453,0.5918181818181818,36,0.5,0.825,36,0.3055555555555556,0.09805555555555556,0.7647058823529411,13,17,-1.0,-0.6103535353535353,0.09805555555555556,False,False,0.29901212398326615,coachq_oc_recent_quality|coachq_staff_quality_min
LONG,FAV55_65,AWAY,"[[""coachonly_staff_prior_quality_spread"", "">="", 0.33395432692307697]]",1,109,78,0.7155963302752294,0.18837816886767217,27,0.8148148148148148,0.34904476922719097,36,0.6388888888888888,0.06721435596506235,46,0.717391304347826,0.18889771353695362,0.8333333333333334,15,18,-0.28864628646526136,-0.01923184905917305,0.06721435596506235,False,False,0.29871861936892263,coachonly_staff_prior_quality_spread
LONG,DOG35_49,AWAY,"[[""coachq_prev_oc_prior_quality"", "">="", 0.7291666666666666], [""coachq_prev_oc_prior_role_seasons"", "">="", 2.0]]",2,79,40,0.5063291139240507,0.2125316455696202,30,0.5333333333333333,0.25033333333333335,19,0.47368421052631576,0.19000000000000003,30,0.5,0.189,0.6923076923076923,9,13,-1.0,-0.031166666666666676,0.189,False,False,0.2986139666878666,coachq_prev_oc_prior_quality|coachq_prev_oc_prior_role_seasons
LONG,DOG35_44,AWAY,"[[""coachonly_hc_oc_quality_mean"", "">="", 0.675]]",1,95,45,0.47368421052631576,0.1728421052631579,35,0.42857142857142855,0.06514285714285716,32,0.46875,0.183125,28,0.5357142857142857,0.29571428571428576,0.631578947368421,12,19,-0.43,0.1715803571428572,0.06514285714285716,False,False,0.29803837248171683,coachonly_hc_oc_quality_mean
LONG,FAV55_65,AWAY,"[[""coachq_dc_recent_quality"", ""<="", 0.59375], [""coachq_prev_dc_prior_win_pct"", ""<="", 0.5384615384615384]]",2,84,63,0.75,0.25749130051136326,29,0.8275862068965517,0.3900898495932003,23,0.7391304347826086,0.25563982201906876,32,0.6875,0.1386546155722851,0.8235294117647058,14,17,-1.0,-0.18421022023384948,0.1386546155722851,False,False,0.2975050114583936,coachq_dc_recent_quality|coachq_prev_dc_prior_win_pct
LONG,DOG35_49,AWAY,"[[""adv_oc_recent_quality"", ""<="", -0.2265625], [""adv_oc_prior_quality"", ""<="", -0.15625], [""adv_oc_prior_win_pct"", ""<="", 0.003525641025641013]]",3,65,34,0.5230769230769231,0.25230769230769234,21,0.5714285714285714,0.4142857142857143,20,0.5,0.18250000000000002,24,0.5,0.16875000000000004,0.7692307692307693,10,13,-0.4,-0.12964285714285714,0.16875000000000004,False,False,0.29708436603395605,adv_oc_prior_quality|adv_oc_prior_win_pct|adv_oc_recent_quality
MODERN,FAV65_75,AWAY,"[[""coachq_dc_recent_quality"", "">="", 0.8125], [""coachq_hc_prior_quality"", "">="", 0.46153846153846156]]",2,82,68,0.8292682926829268,0.18655113891722439,21,0.8095238095238095,0.15670516461290926,17,0.8235294117647058,0.16199524216050373,22,0.7727272727272727,0.11042568637226141,0.875,14,16,-1.0,-0.048924517014445085,0.11042568637226141,False,False,0.295346605244778,coachq_dc_recent_quality|coachq_hc_prior_quality
MODERN,FAV65_75,AWAY,"[[""coachq_dc_recent_quality"", "">="", 0.8125], [""coachq_hc_prior_win_pct"", "">="", 0.46153846153846156]]",2,82,68,0.8292682926829268,0.18655113891722439,21,0.8095238095238095,0.15670516461290926,17,0.8235294117647058,0.16199524216050373,22,0.7727272727272727,0.11042568637226141,0.875,14,16,-1.0,-0.048924517014445085,0.11042568637226141,False,False,0.295346605244778,coachq_dc_recent_quality|coachq_hc_prior_win_pct
LONG,DOG20_34,AWAY,"[[""coachq_oc_prior_win_pct"", "">="", 0.576048951048951], [""coachq_staff_quality_min"", "">="", 0.46153846153846156]]",2,122,47,0.38524590163934425,0.34729508196721315,40,0.4,0.32199999999999995,48,0.4166666666666667,0.4852083333333333,34,0.3235294117647059,0.18235294117647058,0.6470588235294118,11,17,-0.38571428571428573,-0.22125122549019607,0.18235294117647058,False,False,0.2943560297861083,coachq_oc_prior_win_pct|coachq_staff_quality_min
MODERN,DOG35_44,AWAY,"[[""coachq_dc_quality_delta_vs_departed"", "">="", 0.007291666666666585], [""coachonly_upgrade_minus_downgrade"", "">="", 2.0]]",2,90,44,0.4888888888888889,0.23444444444444446,40,0.525,0.34125,18,0.5555555555555556,0.40166666666666667,27,0.48148148148148145,0.19333333333333336,0.7142857142857143,10,14,-1.0,-0.17812499999999998,0.19333333333333336,False,False,0.29398028669672305,coachonly_upgrade_minus_downgrade|coachq_dc_quality_delta_vs_departed
LONG,DOG35_44,AWAY,"[[""coachq_prev_oc_prior_win_pct"", "">="", 0.5779914529914529], [""coachq_prev_oc_prior_quality"", "">="", 0.546875]]",2,134,64,0.47761194029850745,0.20574626865671639,55,0.4727272727272727,0.176,34,0.5,0.27529411764705886,45,0.4666666666666667,0.1895555555555556,0.6666666666666666,12,18,-0.4566666666666666,-0.036091503267973835,0.176,False,False,0.29312730716620355,coachq_prev_oc_prior_quality|coachq_prev_oc_prior_win_pct
MODERN,DOG35_49,ANY,"[[""coachq_prev_oc_recent_quality"", "">="", 0.84375], [""coachq_prev_hc_recent_quality"", "">="", 0.6923076923076923]]",2,86,47,0.5465116279069767,0.27930232558139534,30,0.6,0.3789999999999999,15,0.6,0.4313333333333333,21,0.47619047619047616,0.14857142857142852,0.8,12,15,-0.45,-0.25659523809523804,0.14857142857142852,False,False,0.29311056703151583,coachq_prev_hc_recent_quality|coachq_prev_oc_recent_quality
LONG,FAV55_65,AWAY,"[[""coachq_dc_prior_quality"", ""<="", 0.4375], [""coachq_dc_prior_win_pct"", ""<="", 0.6045454545454546], [""adv_hc_prior_quality"", ""<="", 0.1911305361305361]]",3,63,46,0.7301587301587301,0.21355410278795275,26,0.6538461538461539,0.08746593123421594,12,0.9166666666666666,0.5475097330345496,25,0.72,0.18438709868547265,0.8333333333333334,10,12,-0.1785167801389175,-0.13310073344891016,0.08746593123421594,False,False,0.2916194161656168,adv_hc_prior_quality|coachq_dc_prior_quality|coachq_dc_prior_win_pct
LONG,FAV55_65,AWAY,"[[""coachq_dc_prior_quality"", ""<="", 0.4375], [""coachq_dc_prior_win_pct"", ""<="", 0.6045454545454546], [""adv_hc_prior_win_pct"", ""<="", 0.1911305361305361]]",3,63,46,0.7301587301587301,0.21355410278795275,26,0.6538461538461539,0.08746593123421594,12,0.9166666666666666,0.5475097330345496,25,0.72,0.18438709868547265,0.8333333333333334,10,12,-0.1785167801389175,-0.13310073344891016,0.08746593123421594,False,False,0.2916194161656168,adv_hc_prior_win_pct|coachq_dc_prior_quality|coachq_dc_prior_win_pct
LONG,FAV65_75,AWAY,"[[""coachq_prev_oc_recent_quality"", "">="", 0.78125], [""adv_hc_prior_quality"", ""<="", 0.34484265734265734]]",2,82,72,0.8780487804878049,0.26675116077943894,20,0.95,0.3758539604036313,26,0.9615384615384616,0.39537907755343205,36,0.7777777777777778,0.11324055442922604,0.8333333333333334,15,18,-0.17141994478951,-0.2723759645493056,0.11324055442922604,False,False,0.2913670477554319,adv_hc_prior_quality|coachq_prev_oc_recent_quality
LONG,FAV65_75,AWAY,"[[""coachq_prev_oc_recent_quality"", "">="", 0.78125], [""adv_hc_prior_win_pct"", ""<="", 0.34484265734265734]]",2,82,72,0.8780487804878049,0.26675116077943894,20,0.95,0.3758539604036313,26,0.9615384615384616,0.39537907755343205,36,0.7777777777777778,0.11324055442922604,0.8333333333333334,15,18,-0.17141994478951,-0.2723759645493056,0.11324055442922604,False,False,0.2913670477554319,adv_hc_prior_win_pct|coachq_prev_oc_recent_quality
LONG,FAV55_65,AWAY,"[[""coachq_dc_recent_quality"", ""<="", 0.59375], [""coachq_dc_prior_win_pct"", ""<="", 0.6045454545454546], [""coachq_prev_dc_prior_win_pct"", ""<="", 0.5384615384615384]]",3,77,57,0.7402597402597403,0.2422147825562842,25,0.8,0.3501177355289635,20,0.75,0.2730323585148337,32,0.6875,0.1386546155722851,0.8,12,15,-1.0,-0.17292043144961355,0.1386546155722851,False,False,0.29097412961515157,coachq_dc_prior_win_pct|coachq_dc_recent_quality|coachq_prev_dc_prior_win_pct
LONG,FAV55_65,AWAY,"[[""coachq_dc_recent_quality"", ""<="", 0.59375], [""coachq_dc_prior_win_pct"", ""<="", 0.6045454545454546], [""adv_hc_prior_quality"", ""<="", 0.1911305361305361]]",3,94,67,0.7127659574468085,0.18776991693738737,29,0.6896551724137931,0.15478846674396216,25,0.76,0.28787509398278577,40,0.7,0.14911573267424666,0.75,12,16,-1.0,-0.07221604768912732,0.14911573267424666,False,False,0.2891080419868066,adv_hc_prior_quality|coachq_dc_prior_win_pct|coachq_dc_recent_quality
LONG,FAV55_65,AWAY,"[[""coachq_dc_recent_quality"", ""<="", 0.59375], [""coachq_dc_prior_win_pct"", ""<="", 0.6045454545454546], [""adv_hc_prior_win_pct"", ""<="", 0.1911305361305361]]",3,94,67,0.7127659574468085,0.18776991693738737,29,0.6896551724137931,0.15478846674396216,25,0.76,0.28787509398278577,40,0.7,0.14911573267424666,0.75,12,16,-1.0,-0.07221604768912732,0.14911573267424666,False,False,0.2891080419868066,adv_hc_prior_win_pct|coachq_dc_prior_win_pct|coachq_dc_recent_quality
MODERN,FAV65_75,HOME,"[[""coachq_prev_oc_prior_win_pct"", "">="", 0.5191506410256411], [""adv_staff_quality_mean"", "">="", 0.010131766381766383]]",2,133,102,0.7669172932330827,0.09812135603031309,48,0.8125,0.16879818045519435,22,0.8181818181818182,0.16129948295895052,33,0.8181818181818182,0.16811309597321128,0.7222222222222222,13,18,-1.0,0.003064264266138844,0.16129948295895052,False,False,0.2890306953493313,adv_staff_quality_mean|coachq_prev_oc_prior_win_pct
LONG,DOG35_44,AWAY,"[[""adv_hc_prior_quality"", ""<="", -0.15384615384615385], [""coachq_dc_prior_win_pct"", ""<="", 0.5909090909090909]]",2,82,41,0.5,0.265,40,0.425,0.07175000000000004,18,0.6666666666666666,0.6816666666666668,24,0.5,0.27458333333333335,0.6666666666666666,12,18,-1.0,-0.10212500000000008,0.07175000000000004,False,False,0.28901377704767434,adv_hc_prior_quality|coachq_dc_prior_win_pct
LONG,DOG35_44,AWAY,"[[""adv_hc_prior_win_pct"", ""<="", -0.15384615384615385], [""coachq_dc_prior_win_pct"", ""<="", 0.5909090909090909]]",2,82,41,0.5,0.265,40,0.425,0.07175000000000004,18,0.6666666666666666,0.6816666666666668,24,0.5,0.27458333333333335,0.6666666666666666,12,18,-1.0,-0.10212500000000008,0.07175000000000004,False,False,0.28901377704767434,adv_hc_prior_win_pct|coachq_dc_prior_win_pct
LONG,FAV55_65,ANY,"[[""adv_dc_quality_delta_vs_departed"", "">="", 0.012760416666666677], [""coachq_dc_quality_delta_vs_departed"", "">="", -0.06770833333333334], [""adv_dc_prior_quality"", "">="", 0.0625]]",3,80,58,0.725,0.2001700139479242,31,0.7741935483870968,0.30436312173865354,31,0.6774193548387096,0.11674031744578214,18,0.7222222222222222,0.16441080561757962,0.75,12,16,-1.0,-0.04614091397463824,0.11674031744578214,False,False,0.28876609161884187,adv_dc_prior_quality|adv_dc_quality_delta_vs_departed|coachq_dc_quality_delta_vs_departed
MODERN,DOG35_44,ANY,"[[""coachq_hc_prior_role_seasons"", ""<="", 1.0], [""coachonly_hc_oc_quality_mean"", ""<="", 0.39092548076923084]]",2,103,51,0.49514563106796117,0.2531067961165049,25,0.6,0.5047999999999999,13,0.46153846153846156,0.1938461538461538,30,0.4666666666666667,0.17933333333333332,0.6875,11,16,-0.4325,-0.16998974358974353,0.17933333333333332,False,False,0.2882894853454851,coachonly_hc_oc_quality_mean|coachq_hc_prior_role_seasons
MODERN,DOG20_34,AWAY,"[[""adv_staff_quality_mean"", "">="", 0.0958104395604395], [""coachq_prev_oc_prior_quality"", "">="", 0.375]]",2,107,39,0.3644859813084112,0.2809345794392523,43,0.37209302325581395,0.27999999999999997,14,0.5714285714285714,1.1164285714285713,31,0.3225806451612903,0.19032258064516128,0.6666666666666666,12,18,-1.0,-0.5078917050691244,0.19032258064516128,False,False,0.2875632960943533,adv_staff_quality_mean|coachq_prev_oc_prior_quality
LONG,DOG35_44,ANY,"[[""coachq_dc_prior_role_seasons"", ""<="", 0.0], [""adv_staff_upgrade_count"", "">="", 0.0]]",2,214,105,0.49065420560747663,0.2288317757009346,124,0.5,0.27879032258064523,38,0.4473684210526316,0.09157894736842107,52,0.5,0.21,0.631578947368421,12,19,-1.0,0.024815365025466857,0.09157894736842107,False,False,0.28635306824105045,adv_staff_upgrade_count|coachq_dc_prior_role_seasons
LONG,FAV65_75,ANY,"[[""coachq_prev_dc_recent_quality"", "">="", 0.8125], [""coachq_dc_recent_quality"", "">="", 0.8125]]",2,74,61,0.8243243243243243,0.18438328300567727,19,0.8421052631578947,0.20553995554103519,28,0.8571428571428571,0.23940998913254072,27,0.7777777777777778,0.11243052190478914,0.8571428571428571,12,14,-0.10942299934782283,-0.11004445043199881,0.11243052190478914,False,False,0.2859002713606662,coachq_dc_recent_quality|coachq_prev_dc_recent_quality
LONG,DOG35_44,ANY,"[[""coachq_staff_downgrade_count"", ""<="", 0.0], [""coachq_prev_dc_recent_quality"", ""<="", 0.28125]]",2,96,49,0.5104166666666666,0.2754166666666667,24,0.4583333333333333,0.16916666666666666,30,0.6,0.5056666666666666,42,0.47619047619047616,0.1716666666666667,0.6666666666666666,10,15,-0.542,-0.16574999999999995,0.16916666666666666,False,False,0.28493709132745804,coachq_prev_dc_recent_quality|coachq_staff_downgrade_count
MODERN,FAV65_75,AWAY,"[[""coachq_dc_recent_quality"", "">="", 0.8125], [""coachonly_hc_oc_quality_mean"", "">="", 0.5183722527472527]]",2,77,63,0.8181818181818182,0.17236302925037672,21,0.8095238095238095,0.15670516461290926,15,0.8,0.1327363751054898,21,0.7619047619047619,0.09567604918870763,0.875,14,16,-1.0,-0.049044720670491884,0.09567604918870763,False,False,0.2844159850230948,coachonly_hc_oc_quality_mean|coachq_dc_recent_quality
LONG,FAV55_65,HOME,"[[""adv_dc_recent_quality"", "">="", 0.34375]]",1,74,52,0.7027027027027027,0.1633371326165674,25,0.68,0.13728296115975694,26,0.7307692307692307,0.21620262862445191,23,0.6956521739130435,0.1318958887128832,0.8,12,15,-0.664864864864865,-0.04484690617922121,0.1318958887128832,False,False,0.28435668011222925,adv_dc_recent_quality
LONG,FAV55_65,AWAY,"[[""coachq_dc_prior_win_pct"", ""<="", 0.6045454545454546], [""adv_staff_quality_mean"", ""<="", 0.08353365384615385]]",2,175,120,0.6857142857142857,0.149163952848524,53,0.6415094339622641,0.08408667712620878,46,0.7391304347826086,0.24773397350492302,76,0.6842105263157895,0.13488598788916017,0.8333333333333334,15,18,-0.03729613732016712,-0.03102433742640573,0.08408667712620878,False,False,0.28411290975956666,adv_staff_quality_mean|coachq_dc_prior_win_pct
MODERN,DOG35_49,AWAY,"[[""coachq_dc_quality_delta_vs_departed"", "">="", 0.007291666666666585], [""coachq_oc_prior_quality"", ""<="", 0.609375]]",2,98,53,0.5408163265306123,0.27908163265306124,50,0.56,0.3292,17,0.6470588235294118,0.4988235294117647,23,0.4782608695652174,0.13304347826086954,0.7857142857142857,11,14,-0.4225,-0.2809682864450128,0.13304347826086954,False,False,0.2839278932973459,coachq_dc_quality_delta_vs_departed|coachq_oc_prior_quality
MODERN,FAV55_65,AWAY,"[[""coachq_dc_prior_win_pct"", ""<="", 0.5769230769230769], [""adv_hc_quality_delta_vs_departed"", "">="", -0.021489115051615087]]",2,75,57,0.76,0.25389432744535495,23,0.782608695652174,0.3130227568425928,13,0.8461538461538461,0.3783233738658709,31,0.7096774193548387,0.1577243576059193,0.6875,11,16,-0.1740251702083763,-0.18794870774831252,0.1577243576059193,False,False,0.2836695122361263,adv_hc_quality_delta_vs_departed|coachq_dc_prior_win_pct
MODERN,FAV55_65,AWAY,"[[""coachq_oc_prior_role_seasons"", ""<="", 2.0], [""adv_hc_quality_delta_vs_departed"", "">="", -0.021489115051615087]]",2,97,67,0.6907216494845361,0.1436079565569129,39,0.6410256410256411,0.07090987849832711,16,0.8125,0.3285277729344591,29,0.7586206896551724,0.2454915836548854,0.6666666666666666,12,18,-1.0,0.04577275793849231,0.07090987849832711,False,False,0.2835580408437697,adv_hc_quality_delta_vs_departed|coachq_oc_prior_role_seasons
MODERN,DOG20_34,ANY,"[[""adv_oc_recent_quality"", ""<="", -0.46875], [""coachq_oc_recent_quality"", ""<="", 0.3125]]",2,99,36,0.36363636363636365,0.3411111111111112,27,0.4074074074074074,0.5737037037037038,23,0.30434782608695654,0.0973913043478261,25,0.32,0.18239999999999998,0.7058823529411765,12,17,-1.0,-0.15314750402576496,0.0973913043478261,False,False,0.28343241059237384,adv_oc_recent_quality|coachq_oc_recent_quality
MODERN,DOG35_44,ANY,"[[""coachq_prev_hc_prior_role_seasons"", ""<="", 0.0]]",1,302,139,0.4602649006622517,0.15632450331125827,77,0.45454545454545453,0.12935064935064933,39,0.48717948717948717,0.24333333333333335,75,0.4533333333333333,0.1328,0.7894736842105263,15,19,-0.7872727272727272,-0.053541991341991335,0.12935064935064933,False,False,0.282648398158807,coachq_prev_hc_prior_role_seasons
MODERN,DOG35_44,ANY,"[[""coachq_prev_hc_prior_quality"", "">="", 0.6145104895104896], [""coachq_oc_prior_role_seasons"", ""<="", 2.0]]",2,147,71,0.48299319727891155,0.20571428571428574,32,0.5,0.24749999999999997,29,0.41379310344827586,0.06862068965517237,57,0.49122807017543857,0.2126315789473684,0.6666666666666666,12,18,-1.0,0.05457123411978221,0.06862068965517237,False,False,0.28213150324397146,coachq_oc_prior_role_seasons|coachq_prev_hc_prior_quality
MODERN,DOG35_44,ANY,"[[""coachq_prev_hc_prior_win_pct"", "">="", 0.6145104895104896], [""coachq_oc_prior_role_seasons"", ""<="", 2.0]]",2,147,71,0.48299319727891155,0.20571428571428574,32,0.5,0.24749999999999997,29,0.41379310344827586,0.06862068965517237,57,0.49122807017543857,0.2126315789473684,0.6666666666666666,12,18,-1.0,0.05457123411978221,0.06862068965517237,False,False,0.28213150324397146,coachq_oc_prior_role_seasons|coachq_prev_hc_prior_win_pct
LONG,FAV55_65,AWAY,"[[""adv_dc_prior_quality"", ""<="", -0.02379464285714294], [""coachq_dc_prior_win_pct"", ""<="", 0.6045454545454546], [""adv_hc_prior_quality"", ""<="", 0.1911305361305361]]",3,66,48,0.7272727272727273,0.21733732932916427,19,0.631578947368421,0.07437161911474637,20,0.85,0.4301071978235894,27,0.7037037037037037,0.16033551911381008,0.8,12,15,-0.5467479674796748,-0.09190388935535779,0.07437161911474637,False,False,0.28208890270259934,adv_dc_prior_quality|adv_hc_prior_quality|coachq_dc_prior_win_pct
LONG,FAV55_65,AWAY,"[[""adv_dc_prior_quality"", ""<="", -0.02379464285714294], [""coachq_dc_prior_win_pct"", ""<="", 0.6045454545454546], [""adv_hc_prior_win_pct"", ""<="", 0.1911305361305361]]",3,66,48,0.7272727272727273,0.21733732932916427,19,0.631578947368421,0.07437161911474637,20,0.85,0.4301071978235894,27,0.7037037037037037,0.16033551911381008,0.8,12,15,-0.5467479674796748,-0.09190388935535779,0.07437161911474637,False,False,0.28208890270259934,adv_dc_prior_quality|adv_hc_prior_win_pct|coachq_dc_prior_win_pct
LONG,DOG20_34,AWAY,"[[""coachq_prev_hc_prior_quality"", "">="", 0.5384615384615384], [""adv_staff_upgrade_count"", ""<="", -1.0]]",2,180,58,0.32222222222222224,0.1571111111111111,52,0.3076923076923077,0.12576923076923074,72,0.3055555555555556,0.09180555555555552,56,0.35714285714285715,0.2701785714285714,0.5555555555555556,10,18,-1.0,0.16139117826617824,0.09180555555555552,False,False,0.2817983774524935,adv_staff_upgrade_count|coachq_prev_hc_prior_quality
LONG,DOG20_34,AWAY,"[[""coachq_prev_hc_prior_win_pct"", "">="", 0.5384615384615384], [""adv_staff_upgrade_count"", ""<="", -1.0]]",2,180,58,0.32222222222222224,0.1571111111111111,52,0.3076923076923077,0.12576923076923074,72,0.3055555555555556,0.09180555555555552,56,0.35714285714285715,0.2701785714285714,0.5555555555555556,10,18,-1.0,0.16139117826617824,0.09180555555555552,False,False,0.2817983774524935,adv_staff_upgrade_count|coachq_prev_hc_prior_win_pct
LONG,FAV55_65,AWAY,"[[""coachq_dc_prior_win_pct"", ""<="", 0.6045454545454546], [""coachq_prev_dc_prior_win_pct"", ""<="", 0.5384615384615384], [""adv_hc_prior_quality"", ""<="", 0.1911305361305361]]",3,83,60,0.7228915662650602,0.20298285435283328,30,0.6666666666666666,0.12271729030659517,25,0.8,0.3376750406604899,28,0.7142857142857143,0.16872079234196646,0.6875,11,16,-0.4761904761904762,-0.061475373141576084,0.12271729030659517,False,False,0.2805461216296167,adv_hc_prior_quality|coachq_dc_prior_win_pct|coachq_prev_dc_prior_win_pct
LONG,FAV55_65,AWAY,"[[""coachq_dc_prior_win_pct"", ""<="", 0.6045454545454546], [""coachq_prev_dc_prior_win_pct"", ""<="", 0.5384615384615384], [""adv_hc_prior_win_pct"", ""<="", 0.1911305361305361]]",3,83,60,0.7228915662650602,0.20298285435283328,30,0.6666666666666666,0.12271729030659517,25,0.8,0.3376750406604899,28,0.7142857142857143,0.16872079234196646,0.6875,11,16,-0.4761904761904762,-0.061475373141576084,0.12271729030659517,False,False,0.2805461216296167,adv_hc_prior_win_pct|coachq_dc_prior_win_pct|coachq_prev_dc_prior_win_pct
LONG,DOG20_34,AWAY,"[[""coachonly_oc_dc_quality_mean"", "">="", 0.6978422619047618], [""coachonly_hc_oc_quality_mean"", "">="", 0.49632138694638694]]",2,111,40,0.36036036036036034,0.2927927927927928,36,0.3333333333333333,0.17055555555555557,37,0.40540540540540543,0.54,38,0.34210526315789475,0.16789473684210524,0.6666666666666666,12,18,-1.0,-0.18738304093567257,0.16789473684210524,False,False,0.2798993076870023,coachonly_hc_oc_quality_mean|coachonly_oc_dc_quality_mean
MODERN,PK_55,HOME,"[[""adv_hc_prior_quality"", "">="", 0.09655448717948717]]",1,85,50,0.5882352941176471,0.15841792782249667,29,0.6206896551724138,0.23068021789524942,18,0.6111111111111112,0.1896183646559791,23,0.6086956521739131,0.20777346408308645,0.5625,9,16,-0.3817663817663817,-0.002375827192527824,0.1896183646559791,False,False,0.27974339175255475,adv_hc_prior_quality
MODERN,PK_55,HOME,"[[""adv_hc_prior_win_pct"", "">="", 0.09655448717948717]]",1,85,50,0.5882352941176471,0.15841792782249667,29,0.6206896551724138,0.23068021789524942,18,0.6111111111111112,0.1896183646559791,23,0.6086956521739131,0.20777346408308645,0.5625,9,16,-0.3817663817663817,-0.002375827192527824,0.1896183646559791,False,False,0.27974339175255475,adv_hc_prior_win_pct
MODERN,PK_55,HOME,"[[""adv_hc_prior_quality"", "">="", 0.09655448717948717], [""adv_hc_prior_win_pct"", "">="", 0.09655448717948717]]",2,85,50,0.5882352941176471,0.15841792782249667,29,0.6206896551724138,0.23068021789524942,18,0.6111111111111112,0.1896183646559791,23,0.6086956521739131,0.20777346408308645,0.5625,9,16,-0.3817663817663817,-0.002375827192527824,0.1896183646559791,False,False,0.27974339175255475,adv_hc_prior_quality|adv_hc_prior_win_pct
MODERN,DOG35_44,AWAY,"[[""coachonly_hc_oc_quality_mean"", "">="", 0.673036858974359]]",1,98,47,0.47959183673469385,0.1833673469387755,33,0.42424242424242425,0.0712121212121212,18,0.5,0.25111111111111106,25,0.52,0.2396,0.631578947368421,12,19,-0.43,0.07843838383838389,0.0712121212121212,False,False,0.27861381769803334,coachonly_hc_oc_quality_mean
MODERN,DOG35_49,AWAY,"[[""coachq_dc_quality_delta_vs_departed"", "">="", 0.007291666666666585], [""coachq_staff_upgrade_count"", "">="", 2.0]]",2,163,83,0.50920245398773,0.2142944785276074,66,0.5151515151515151,0.24833333333333335,28,0.6071428571428571,0.4389285714285714,45,0.4888888888888889,0.16133333333333333,0.7058823529411765,12,17,-0.6383333333333333,-0.18229761904761904,0.16133333333333333,False,False,0.2785629376150507,coachq_dc_quality_delta_vs_departed|coachq_staff_upgrade_count
LONG,FAV55_65,AWAY,"[[""coachq_dc_prior_win_pct"", ""<="", 0.6045454545454546], [""adv_hc_prior_quality"", ""<="", 0.1911305361305361], [""adv_hc_prior_win_pct"", ""<="", 0.1911305361305361]]",3,164,114,0.6951219512195121,0.15886386037258524,52,0.6923076923076923,0.15994979478228807,47,0.723404255319149,0.2153816176270129,65,0.676923076923077,0.11712842683008295,0.7894736842105263,15,19,-0.17357187696170748,-0.07053727937456755,0.11712842683008295,False,False,0.2785235248280687,adv_hc_prior_quality|adv_hc_prior_win_pct|coachq_dc_prior_win_pct
LONG,FAV55_65,AWAY,"[[""coachq_dc_prior_quality"", ""<="", 0.4375], [""adv_staff_quality_min"", ""<="", 0.08333333333333331]]",2,92,64,0.6956521739130435,0.16164602317965315,39,0.6666666666666666,0.10984283900458557,20,0.8,0.34662445323346075,33,0.6666666666666666,0.11075982868727385,0.8666666666666667,13,15,-1.0,-0.11747381743174931,0.10984283900458557,False,False,0.27826807952222704,adv_staff_quality_min|coachq_dc_prior_quality
MODERN,DOG35_49,HOME,"[[""coachq_dc_prior_win_pct"", "">="", 0.6025641025641025]]",1,132,63,0.4772727272727273,0.10992424242424242,53,0.49056603773584906,0.13735849056603774,28,0.5,0.15142857142857144,29,0.5172413793103449,0.22413793103448276,0.6111111111111112,11,18,-0.645,0.07974440003717817,0.13735849056603774,False,False,0.27741507453301545,coachq_dc_prior_win_pct
MODERN,DOG35_44,HOME,"[[""coachq_hc_prior_role_seasons"", ""<="", 1.0], [""coachq_staff_downgrade_count"", ""<="", 0.0], [""coachq_prev_hc_prior_role_seasons"", ""<="", 0.0]]",3,95,42,0.4421052631578947,0.0956842105263158,24,0.4583333333333333,0.11916666666666668,16,0.5,0.24625000000000002,18,0.5,0.24166666666666664,0.6666666666666666,10,15,-1.0,0.05895833333333328,0.11916666666666668,False,False,0.2772326738601629,coachq_hc_prior_role_seasons|coachq_prev_hc_prior_role_seasons|coachq_staff_downgrade_count
LONG,DOG20_34,AWAY,"[[""adv_oc_prior_quality"", "">="", 0.0625], [""adv_staff_quality_min"", "">="", 0.0625], [""coachq_staff_quality_min"", "">="", 0.46153846153846156]]",3,62,25,0.4032258064516129,0.40983870967741937,18,0.3888888888888889,0.2816666666666667,28,0.4642857142857143,0.6532142857142856,16,0.3125,0.12812500000000004,0.6666666666666666,10,15,-1.0,-0.3393154761904761,0.12812500000000004,False,False,0.27647700045663176,adv_oc_prior_quality|adv_staff_quality_min|coachq_staff_quality_min
LONG,DOG20_34,AWAY,"[[""adv_staff_quality_min"", "">="", 0.0625], [""coachonly_upgrade_minus_downgrade"", ""<="", -1.0]]",2,104,39,0.375,0.3498076923076923,27,0.4074074074074074,0.46148148148148144,43,0.4186046511627907,0.4646511627906977,34,0.29411764705882354,0.11588235294117641,0.75,12,16,-1.0,-0.3471839691949131,0.11588235294117641,False,False,0.2762472278719484,adv_staff_quality_min|coachonly_upgrade_minus_downgrade
LONG,DOG35_49,AWAY,"[[""coachq_dc_prior_role_seasons"", ""<="", 0.0], [""coachq_oc_recent_quality"", ""<="", 0.59375]]",2,86,48,0.5581395348837209,0.33581395348837206,32,0.59375,0.4565625,22,0.6363636363636364,0.5190909090909092,32,0.46875,0.0890625,0.8125,13,16,-1.0,-0.3987642045454546,0.0890625,False,False,0.2759933120481272,coachq_dc_prior_role_seasons|coachq_oc_recent_quality
MODERN,FAV65_75,HOME,"[[""coachq_prev_oc_prior_win_pct"", "">="", 0.5191506410256411], [""coachq_prev_oc_recent_quality"", "">="", 0.3828125], [""adv_staff_quality_mean"", "">="", 0.010131766381766383]]",3,118,91,0.7711864406779662,0.10778480695829563,45,0.8222222222222222,0.18440346638197905,20,0.8,0.14100751983293414,27,0.7777777777777778,0.11457857501735606,0.8235294117647058,14,17,-0.4008401284902397,-0.048126918090100515,0.11457857501735606,False,False,0.2759276646077553,adv_staff_quality_mean|coachq_prev_oc_prior_win_pct|coachq_prev_oc_recent_quality
LONG,DOG20_34,AWAY,"[[""adv_staff_quality_min"", "">="", 0.0625], [""coachonly_oc_dc_quality_mean"", "">="", 0.6978422619047618]]",2,86,34,0.3953488372093023,0.4151162790697675,32,0.34375,0.20593749999999997,31,0.5161290322580645,0.845483870967742,23,0.30434782608695654,0.12608695652173915,0.6470588235294118,11,17,-1.0,-0.39962372896213183,0.12608695652173915,False,False,0.27579774277137703,adv_staff_quality_min|coachonly_oc_dc_quality_mean
LONG,DOG35_44,ANY,"[[""coachq_prev_dc_prior_win_pct"", "">="", 0.6048951048951049], [""coachq_dc_prior_win_pct"", "">="", 0.6223776223776223]]",2,71,33,0.4647887323943662,0.14281690140845066,22,0.45454545454545453,0.08545454545454546,21,0.47619047619047616,0.15666666666666668,28,0.4642857142857143,0.17750000000000005,0.7692307692307693,10,13,-1.0,0.056439393939393984,0.08545454545454546,False,False,0.2757832573581761,coachq_dc_prior_win_pct|coachq_prev_dc_prior_win_pct
LONG,DOG20_34,ANY,"[[""coachonly_upgrade_minus_downgrade"", ""<="", -1.0], [""coachonly_hc_oc_quality_mean"", "">="", 0.5577287296037297]]",2,194,69,0.3556701030927835,0.25087628865979383,53,0.39622641509433965,0.4358490566037736,76,0.35526315789473684,0.22092105263157893,65,0.3230769230769231,0.13507692307692307,0.7647058823529411,13,17,-0.667,-0.1933081315407532,0.13507692307692307,False,False,0.27570116024193553,coachonly_hc_oc_quality_mean|coachonly_upgrade_minus_downgrade
LONG,FAV65_75,AWAY,"[[""coachonly_oc_dc_quality_mean"", "">="", 0.710546875], [""coachonly_staff_prior_quality_spread"", "">="", 0.07598729395604392]]",2,92,74,0.8043478260869565,0.15649910493788396,38,0.8421052631578947,0.21538986370780025,23,0.782608695652174,0.1282301311160806,31,0.7741935483870968,0.10528418766835673,0.8125,13,16,-0.5223665223665224,-0.06652580974358369,0.10528418766835673,False,False,0.2756090213390285,coachonly_oc_dc_quality_mean|coachonly_staff_prior_quality_spread
LONG,DOG35_44,ANY,"[[""coachq_prev_hc_prior_role_seasons"", ""<="", 0.0], [""adv_staff_upgrade_count"", "">="", 0.0]]",2,178,84,0.47191011235955055,0.1796067415730337,101,0.45544554455445546,0.13504950495049506,34,0.5294117647058824,0.3255882352941177,43,0.46511627906976744,0.16883720930232557,0.6842105263157895,13,19,-1.0,-0.0614816608199808,0.13504950495049506,False,False,0.2755112147154394,adv_staff_upgrade_count|coachq_prev_hc_prior_role_seasons
MODERN,PK_55,ANY,"[[""coachq_oc_prior_role_seasons"", "">="", 3.0], [""coachq_oc_quality_delta_vs_departed"", "">="", -0.10125000000000003]]",2,232,126,0.5431034482758621,0.09735840947430675,103,0.5631067961165048,0.12190689643954494,33,0.5757575757575758,0.16918710729356626,53,0.5660377358490566,0.17021398731262932,0.7058823529411765,12,17,-0.22818181818181815,0.024666985446073708,0.12190689643954494,False,False,0.2749965072874669,coachq_oc_prior_role_seasons|coachq_oc_quality_delta_vs_departed
MODERN,DOG35_44,HOME,"[[""coachq_oc_changed_quality"", "">="", 1.0], [""coachq_oc_prior_role_seasons"", ""<="", 2.0], [""coachq_prev_dc_prior_quality"", "">="", 0.44642857142857145]]",3,69,35,0.5072463768115942,0.2620289855072464,25,0.6,0.4972,12,0.4166666666666667,0.0625,24,0.5,0.2354166666666667,0.625,10,16,-1.0,-0.0444333333333333,0.0625,False,False,0.2742678876118466,coachq_oc_changed_quality|coachq_oc_prior_role_seasons|coachq_prev_dc_prior_quality
MODERN,FAV55_65,AWAY,"[[""coachq_oc_prior_role_seasons"", ""<="", 2.0], [""coachq_prev_oc_prior_role_seasons"", ""<="", 1.0]]",2,205,135,0.6585365853658537,0.10098532795909805,48,0.6458333333333334,0.09548334571474358,35,0.7142857142857143,0.1797741082007447,62,0.7096774193548387,0.1811887662419114,0.6842105263157895,13,19,-0.17476314295409243,0.04356003928416727,0.09548334571474358,False,False,0.27375161579649365,coachq_oc_prior_role_seasons|coachq_prev_oc_prior_role_seasons
LONG,DOG35_44,AWAY,"[[""adv_staff_quality_min"", ""<="", -0.23339102564102565]]",1,106,52,0.49056603773584906,0.2233962264150943,35,0.5428571428571428,0.3494285714285714,31,0.4838709677419355,0.19677419354838704,40,0.45,0.13375,0.75,12,16,-1.0,-0.13935138248847925,0.13375,False,False,0.2732799413205984,adv_staff_quality_min
MODERN,DOG35_44,HOME,"[[""coachq_prev_oc_prior_quality"", ""<="", 0.5]]",1,138,61,0.4420289855072464,0.11166666666666666,54,0.42592592592592593,0.06074074074074075,19,0.47368421052631576,0.2347368421052631,43,0.4883720930232558,0.21906976744186046,0.7222222222222222,13,18,-1.0,0.07133097601885854,0.06074074074074075,False,False,0.27322002135140633,coachq_prev_oc_prior_quality
LONG,DOG20_34,AWAY,"[[""adv_staff_upgrade_count"", ""<="", -1.0], [""coachq_hc_prior_role_seasons"", ""<="", 0.0]]",2,127,43,0.33858267716535434,0.22535433070866143,42,0.35714285714285715,0.28880952380952385,44,0.3409090909090909,0.23886363636363636,41,0.3170731707317073,0.14585365853658536,0.7222222222222222,13,18,-1.0,-0.11798292154999476,0.14585365853658536,False,False,0.2728672537021411,adv_staff_upgrade_count|coachq_hc_prior_role_seasons
LONG,FAV55_65,AWAY,"[[""coachq_prev_oc_prior_quality"", "">="", 0.74609375], [""coachq_prev_hc_recent_quality"", "">="", 0.5384615384615384]]",2,72,50,0.6944444444444444,0.15079946761681468,20,0.75,0.24642901790357516,23,0.6521739130434783,0.09072388202321398,29,0.6896551724137931,0.1324942077174218,0.8,12,15,-0.6095505617977528,-0.036082242245972784,0.09072388202321398,False,False,0.27226463008799145,coachq_prev_hc_recent_quality|coachq_prev_oc_prior_quality
LONG,DOG35_49,AWAY,"[[""adv_oc_recent_quality"", ""<="", -0.2265625], [""adv_oc_prior_quality"", ""<="", -0.15625]]",2,83,43,0.5180722891566265,0.22662650602409642,29,0.5517241379310345,0.3458620689655173,23,0.5217391304347826,0.22304347826086957,31,0.4838709677419355,0.11774193548387095,0.8125,13,16,-1.0,-0.16671083812932247,0.11774193548387095,False,False,0.2720971084271271,adv_oc_prior_quality|adv_oc_recent_quality
LONG,DOG20_34,AWAY,"[[""coachq_oc_prior_quality"", "">="", 0.59375], [""coachq_staff_quality_mean"", "">="", 0.5564903846153846]]",2,184,65,0.3532608695652174,0.26652173913043475,61,0.3770491803278688,0.3672131147540984,67,0.3582089552238806,0.2765671641791045,56,0.32142857142857145,0.14482142857142857,0.6842105263157895,13,19,-1.0,-0.17706871089517287,0.14482142857142857,False,False,0.271578231693001,coachq_oc_prior_quality|coachq_staff_quality_mean
MODERN,FAV55_65,AWAY,"[[""coachq_oc_prior_role_seasons"", ""<="", 2.0], [""coachq_prev_oc_prior_role_seasons"", ""<="", 1.0], [""adv_hc_quality_delta_vs_departed"", "">="", -0.021489115051615087]]",3,67,46,0.6865671641791045,0.13406984337678218,25,0.64,0.06698538277745456,13,0.8461538461538461,0.37724110426334284,19,0.7368421052631579,0.2107410642871739,0.7142857142857143,10,14,-1.0,-0.011372179233224783,0.06698538277745456,False,False,0.27069686255755043,adv_hc_quality_delta_vs_departed|coachq_oc_prior_role_seasons|coachq_prev_oc_prior_role_seasons
MODERN,DOG35_44,AWAY,"[[""coachonly_hc_oc_quality_mean"", "">="", 0.673036858974359], [""coachq_oc_prior_quality"", "">="", 0.4140625]]",2,79,39,0.4936708860759494,0.2226582278481013,29,0.4482758620689655,0.14137931034482756,16,0.5,0.24312499999999998,18,0.5,0.19055555555555553,0.5625,9,16,-0.43,-0.001696599616858252,0.14137931034482756,False,False,0.270591914794915,coachonly_hc_oc_quality_mean|coachq_oc_prior_quality
MODERN,DOG35_44,AWAY,"[[""coachonly_hc_oc_quality_mean"", "">="", 0.673036858974359], [""coachq_oc_recent_quality"", "">="", 0.21875]]",2,79,39,0.4936708860759494,0.2226582278481013,29,0.4482758620689655,0.14137931034482756,16,0.5,0.24312499999999998,18,0.5,0.19055555555555553,0.5625,9,16,-0.43,-0.001696599616858252,0.14137931034482756,False,False,0.270591914794915,coachonly_hc_oc_quality_mean|coachq_oc_recent_quality
LONG,FAV65_75,AWAY,"[[""coachq_prev_oc_recent_quality"", "">="", 0.78125], [""coachq_prev_hc_prior_quality"", ""<="", 0.6427738927738927]]",2,86,69,0.8023255813953488,0.15114443258596613,25,0.76,0.09252377114748953,24,0.8333333333333334,0.19608574391211678,37,0.8108108108108109,0.16160186675175803,0.6666666666666666,12,18,-0.28354978354978355,0.017297109221954876,0.09252377114748953,False,False,0.26991677720983326,coachq_prev_hc_prior_quality|coachq_prev_oc_recent_quality
LONG,FAV65_75,AWAY,"[[""coachq_prev_oc_recent_quality"", "">="", 0.78125], [""coachq_prev_hc_prior_win_pct"", ""<="", 0.6427738927738927]]",2,86,69,0.8023255813953488,0.15114443258596613,25,0.76,0.09252377114748953,24,0.8333333333333334,0.19608574391211678,37,0.8108108108108109,0.16160186675175803,0.6666666666666666,12,18,-0.28354978354978355,0.017297109221954876,0.09252377114748953,False,False,0.26991677720983326,coachq_prev_hc_prior_win_pct|coachq_prev_oc_recent_quality
LONG,DOG20_34,ANY,"[[""coachq_prev_hc_prior_quality"", "">="", 0.5384615384615384], [""coachonly_upgrade_minus_downgrade"", ""<="", -1.0]]",2,247,84,0.340080971659919,0.21251012145748988,61,0.39344262295081966,0.4239344262295082,112,0.32142857142857145,0.12660714285714286,74,0.32432432432432434,0.16824324324324325,0.6666666666666666,12,18,-0.752,-0.1070275413000823,0.12660714285714286,False,False,0.2693855088556932,coachonly_upgrade_minus_downgrade|coachq_prev_hc_prior_quality
LONG,DOG20_34,ANY,"[[""coachq_prev_hc_prior_win_pct"", "">="", 0.5384615384615384], [""coachonly_upgrade_minus_downgrade"", ""<="", -1.0]]",2,247,84,0.340080971659919,0.21251012145748988,61,0.39344262295081966,0.4239344262295082,112,0.32142857142857145,0.12660714285714286,74,0.32432432432432434,0.16824324324324325,0.6666666666666666,12,18,-0.752,-0.1070275413000823,0.12660714285714286,False,False,0.2693855088556932,coachonly_upgrade_minus_downgrade|coachq_prev_hc_prior_win_pct
MODERN,FAV55_65,ANY,"[[""adv_staff_quality_min"", ""<="", -0.12590144230769232], [""coachonly_staff_prior_quality_spread"", "">="", 0.33926282051282036]]",2,106,71,0.6698113207547169,0.12020526780351097,30,0.6666666666666666,0.12728588416018674,22,0.7272727272727273,0.22060934073667393,31,0.7096774193548387,0.17776399489003195,0.6470588235294118,11,17,-0.4082687338501292,0.0038163824416016234,0.12728588416018674,False,False,0.26910903811153675,adv_staff_quality_min|coachonly_staff_prior_quality_spread
LONG,DOG20_34,AWAY,"[[""coachq_prev_oc_recent_quality"", "">="", 0.78125], [""coachonly_hc_oc_quality_mean"", "">="", 0.49632138694638694]]",2,93,31,0.3333333333333333,0.21021505376344082,25,0.32,0.10319999999999997,40,0.35,0.28250000000000003,28,0.32142857142857145,0.20249999999999999,0.625,10,16,-1.0,0.009649999999999992,0.10319999999999997,False,False,0.26793170198183136,coachonly_hc_oc_quality_mean|coachq_prev_oc_recent_quality
MODERN,PK_55,AWAY,"[[""coachq_oc_prior_role_seasons"", "">="", 3.0], [""coachq_prev_oc_prior_role_seasons"", "">="", 2.0]]",2,132,73,0.553030303030303,0.12219698227863031,57,0.5789473684210527,0.15678880987015326,18,0.6666666666666666,0.34524508335829096,30,0.5666666666666667,0.18076567204173952,0.6470588235294118,11,17,-0.5900000000000001,-0.07025127457248262,0.15678880987015326,False,False,0.2674210523409134,coachq_oc_prior_role_seasons|coachq_prev_oc_prior_role_seasons
MODERN,FAV55_65,HOME,"[[""adv_staff_upgrade_count"", "">="", 1.0], [""adv_dc_prior_win_pct"", "">="", -0.21282051282051279]]",2,114,80,0.7017543859649122,0.15293640381646292,45,0.7333333333333333,0.22103111577890908,17,0.7647058823529411,0.24876052240980767,31,0.7096774193548387,0.145831809385186,0.6666666666666666,12,18,-0.1740251702083763,-0.08906400970917236,0.145831809385186,False,False,0.2674129955406317,adv_dc_prior_win_pct|adv_staff_upgrade_count
LONG,FAV55_65,AWAY,"[[""coachq_dc_recent_quality"", ""<="", 0.59375], [""adv_hc_prior_quality"", ""<="", 0.1911305361305361]]",2,123,86,0.6991869918699187,0.1653998799272508,34,0.7058823529411765,0.17754396390183189,44,0.7045454545454546,0.1902218066837759,45,0.6888888888888889,0.131954021428965,0.6666666666666666,12,18,-0.59375,-0.05192886386383888,0.131954021428965,False,False,0.2669883512852551,adv_hc_prior_quality|coachq_dc_recent_quality
LONG,FAV55_65,AWAY,"[[""coachq_dc_recent_quality"", ""<="", 0.59375], [""adv_hc_prior_win_pct"", ""<="", 0.1911305361305361]]",2,123,86,0.6991869918699187,0.1653998799272508,34,0.7058823529411765,0.17754396390183189,44,0.7045454545454546,0.1902218066837759,45,0.6888888888888889,0.131954021428965,0.6666666666666666,12,18,-0.59375,-0.05192886386383888,0.131954021428965,False,False,0.2669883512852551,adv_hc_prior_win_pct|coachq_dc_recent_quality
LONG,FAV55_65,AWAY,"[[""coachq_dc_recent_quality"", ""<="", 0.59375], [""adv_hc_prior_quality"", ""<="", 0.1911305361305361], [""adv_hc_prior_win_pct"", ""<="", 0.1911305361305361]]",3,123,86,0.6991869918699187,0.1653998799272508,34,0.7058823529411765,0.17754396390183189,44,0.7045454545454546,0.1902218066837759,45,0.6888888888888889,0.131954021428965,0.6666666666666666,12,18,-0.59375,-0.05192886386383888,0.131954021428965,False,False,0.2669883512852551,adv_hc_prior_quality|adv_hc_prior_win_pct|coachq_dc_recent_quality
LONG,DOG20_34,AWAY,"[[""coachq_oc_prior_quality"", "">="", 0.59375], [""adv_staff_upgrade_count"", ""<="", -1.0]]",2,86,31,0.36046511627906974,0.3532558139534884,27,0.37037037037037035,0.45925925925925926,27,0.4074074074074074,0.51,32,0.3125,0.13156250000000003,0.6470588235294118,11,17,-1.0,-0.3530671296296296,0.13156250000000003,False,False,0.26600528195236794,adv_staff_upgrade_count|coachq_oc_prior_quality
LONG,DOG20_34,AWAY,"[[""coachonly_upgrade_minus_downgrade"", ""<="", -1.0], [""coachonly_hc_oc_quality_mean"", "">="", 0.49632138694638694]]",2,187,63,0.33689839572192515,0.21566844919786096,54,0.35185185185185186,0.30703703703703705,71,0.3380281690140845,0.1966197183098591,62,0.3225806451612903,0.15790322580645164,0.6111111111111112,11,18,-1.0,-0.09392515186699643,0.15790322580645164,False,False,0.2650699643095259,coachonly_hc_oc_quality_mean|coachonly_upgrade_minus_downgrade
LONG,DOG35_44,ANY,"[[""coachq_prev_hc_prior_role_seasons"", ""<="", 0.0], [""adv_staff_quality_mean"", ""<="", -0.19265187937062933]]",2,92,47,0.5108695652173914,0.2866304347826087,40,0.55,0.36974999999999997,22,0.5454545454545454,0.37545454545454543,30,0.43333333333333335,0.11066666666666665,0.7333333333333333,11,15,-1.0,-0.26193560606060606,0.11066666666666665,False,False,0.26397068408314295,adv_staff_quality_mean|coachq_prev_hc_prior_role_seasons
MODERN,FAV65_75,HOME,"[[""adv_staff_quality_mean"", "">="", 0.010131766381766383], [""coachq_prev_oc_recent_quality"", ""<="", 0.78125]]",2,135,104,0.7703703703703704,0.09902974950959108,47,0.8085106382978723,0.16186747337089652,18,0.7777777777777778,0.10331930548399784,45,0.8,0.12739356629223006,0.7222222222222222,13,18,-0.5349143610013175,-0.005199823135217135,0.10331930548399784,False,False,0.2639606362825322,adv_staff_quality_mean|coachq_prev_oc_recent_quality
LONG,DOG20_34,ANY,"[[""adv_staff_quality_min"", "">="", 0.109375], [""coachonly_upgrade_minus_downgrade"", ""<="", -1.0]]",2,114,42,0.3684210526315789,0.3046491228070175,23,0.391304347826087,0.40521739130434786,44,0.4090909090909091,0.4011363636363636,47,0.3191489361702128,0.1651063829787234,0.5625,9,16,-0.5814285714285715,-0.23807049449163234,0.1651063829787234,False,False,0.2632649727266174,adv_staff_quality_min|coachonly_upgrade_minus_downgrade
LONG,FAV55_65,AWAY,"[[""adv_staff_quality_mean"", "">="", 0.24649621212121214]]",1,77,53,0.6883116883116883,0.1290430312258848,42,0.6904761904761905,0.12271386582767681,15,0.6666666666666666,0.11518788823506991,20,0.7,0.15272563580523282,0.6470588235294118,11,17,-1.0,0.033774758773859465,0.11518788823506991,False,False,0.26237529630874395,adv_staff_quality_mean
MODERN,FAV65_75,HOME,"[[""coachq_prev_oc_prior_win_pct"", "">="", 0.5191506410256411], [""coachq_prev_oc_prior_quality"", "">="", 0.5677083333333333], [""adv_staff_quality_mean"", "">="", 0.010131766381766383]]",3,101,79,0.7821782178217822,0.11844989734076533,37,0.8108108108108109,0.16656410905096275,21,0.8095238095238095,0.1476265777058747,23,0.782608695652174,0.12024720445279638,0.7058823529411765,12,17,-1.0,-0.03684813892562236,0.12024720445279638,False,False,0.2620745025142861,adv_staff_quality_mean|coachq_prev_oc_prior_quality|coachq_prev_oc_prior_win_pct
MODERN,PK_55,AWAY,"[[""coachq_oc_prior_role_seasons"", "">="", 3.0]]",1,168,90,0.5357142857142857,0.085489542467399,71,0.5633802816901409,0.1311131144805067,26,0.6153846153846154,0.24070992929817445,41,0.5609756097560976,0.15217307337013355,0.7058823529411765,12,17,-0.4668617300360278,-0.033738448519207015,0.1311131144805067,False,False,0.2617117532885481,coachq_oc_prior_role_seasons
MODERN,FAV65_75,AWAY,"[[""adv_hc_prior_quality"", ""<="", 0.15646853146853149], [""coachq_prev_oc_prior_role_seasons"", "">="", 3.0]]",2,78,65,0.8333333333333334,0.1940213774418638,32,0.8125,0.17427485122829195,13,1.0,0.4224924031347363,26,0.7692307692307693,0.09949663060598456,0.7857142857142857,11,14,-0.09776431405895691,-0.19888699657552955,0.09949663060598456,False,False,0.26167297468640344,adv_hc_prior_quality|coachq_prev_oc_prior_role_seasons
MODERN,FAV65_75,AWAY,"[[""adv_hc_prior_win_pct"", ""<="", 0.15646853146853149], [""coachq_prev_oc_prior_role_seasons"", "">="", 3.0]]",2,78,65,0.8333333333333334,0.1940213774418638,32,0.8125,0.17427485122829195,13,1.0,0.4224924031347363,26,0.7692307692307693,0.09949663060598456,0.7857142857142857,11,14,-0.09776431405895691,-0.19888699657552955,0.09949663060598456,False,False,0.26167297468640344,adv_hc_prior_win_pct|coachq_prev_oc_prior_role_seasons
MODERN,DOG35_44,AWAY,"[[""coachq_dc_quality_delta_vs_departed"", "">="", 0.007291666666666585], [""coachq_prev_dc_prior_quality"", ""<="", 0.5234375]]",2,136,64,0.47058823529411764,0.18514705882352944,61,0.4426229508196721,0.12606557377049182,12,0.75,0.8641666666666667,48,0.4583333333333333,0.15770833333333337,0.7222222222222222,13,18,-1.0,-0.337407786885246,0.12606557377049182,False,False,0.2613198104989162,coachq_dc_quality_delta_vs_departed|coachq_prev_dc_prior_quality
LONG,DOG20_34,AWAY,"[[""adv_hc_quality_delta_vs_departed"", ""<="", -0.03895104895104903], [""adv_staff_upgrade_count"", ""<="", -1.0]]",2,102,34,0.3333333333333333,0.19431372549019604,34,0.35294117647058826,0.25647058823529406,41,0.34146341463414637,0.17829268292682926,27,0.2962962962962963,0.14037037037037034,0.6875,11,16,-1.0,-0.07701126521069132,0.14037037037037034,False,False,0.260965866020923,adv_hc_quality_delta_vs_departed|adv_staff_upgrade_count
MODERN,DOG35_44,HOME,"[[""coachq_oc_changed_quality"", "">="", 1.0], [""coachq_prev_dc_prior_quality"", "">="", 0.44642857142857145]]",2,85,41,0.4823529411764706,0.19811764705882354,34,0.5294117647058824,0.32029411764705884,14,0.42857142857142855,0.08214285714285714,29,0.4827586206896552,0.1913793103448276,0.625,10,16,-1.0,-0.009839177050130377,0.08214285714285714,False,False,0.26094029679884106,coachq_oc_changed_quality|coachq_prev_dc_prior_quality
LONG,DOG20_34,AWAY,"[[""coachq_prev_oc_prior_win_pct"", "">="", 0.5993589743589745], [""coachq_staff_quality_min"", "">="", 0.46153846153846156], [""coachq_prev_hc_prior_quality"", "">="", 0.5384615384615384]]",3,79,30,0.379746835443038,0.31658227848101267,23,0.391304347826087,0.3578260869565217,34,0.4117647058823529,0.4223529411764706,22,0.3181818181818182,0.11,0.7142857142857143,10,14,-1.0,-0.2800895140664962,0.11,False,False,0.2594129396558269,coachq_prev_hc_prior_quality|coachq_prev_oc_prior_win_pct|coachq_staff_quality_min
LONG,DOG20_34,AWAY,"[[""coachq_prev_oc_prior_win_pct"", "">="", 0.5993589743589745], [""coachq_staff_quality_min"", "">="", 0.46153846153846156], [""coachq_prev_hc_prior_win_pct"", "">="", 0.5384615384615384]]",3,79,30,0.379746835443038,0.31658227848101267,23,0.391304347826087,0.3578260869565217,34,0.4117647058823529,0.4223529411764706,22,0.3181818181818182,0.11,0.7142857142857143,10,14,-1.0,-0.2800895140664962,0.11,False,False,0.2594129396558269,coachq_prev_hc_prior_win_pct|coachq_prev_oc_prior_win_pct|coachq_staff_quality_min
LONG,DOG35_44,ANY,"[[""coachq_prev_oc_prior_win_pct"", "">="", 0.6067249417249418], [""coachq_dc_recent_quality"", "">="", 0.34375]]",2,122,58,0.47540983606557374,0.1914754098360656,42,0.4523809523809524,0.11142857142857142,37,0.5405405405405406,0.36324324324324325,43,0.4418604651162791,0.12186046511627903,0.7333333333333333,11,15,-0.16,-0.11547544221962831,0.11142857142857142,False,False,0.25931721207419284,coachq_dc_recent_quality|coachq_prev_oc_prior_win_pct
LONG,DOG35_44,AWAY,"[[""coachq_prev_oc_prior_win_pct"", "">="", 0.5779914529914529], [""adv_staff_upgrade_count"", "">="", 0.0]]",2,99,47,0.47474747474747475,0.1812121212121212,41,0.4878048780487805,0.20073170731707324,29,0.4827586206896552,0.19482758620689655,29,0.4482758620689655,0.13999999999999999,0.6470588235294118,11,17,-1.0,-0.05777964676198491,0.13999999999999999,False,False,0.2592722317885392,adv_staff_upgrade_count|coachq_prev_oc_prior_win_pct
MODERN,DOG35_49,ANY,"[[""coachq_dc_changed_quality"", "">="", 1.0], [""coachq_prev_hc_prior_role_seasons"", ""<="", 0.0]]",2,123,59,0.4796747967479675,0.13910569105691056,33,0.5151515151515151,0.20696969696969697,18,0.6111111111111112,0.49944444444444447,30,0.5,0.2053333333333333,0.5333333333333333,8,15,-1.0,-0.14787373737373738,0.2053333333333333,False,False,0.25923674475157676,coachq_dc_changed_quality|coachq_prev_hc_prior_role_seasons
LONG,DOG20_34,AWAY,"[[""coachonly_hc_oc_quality_mean"", "">="", 0.49632138694638694], [""adv_staff_upgrade_count"", ""<="", -1.0]]",2,193,60,0.31088082901554404,0.16518134715025903,53,0.3018867924528302,0.1707547169811321,74,0.3108108108108108,0.15959459459459457,66,0.3181818181818182,0.16696969696969696,0.5555555555555556,10,18,-0.58125,0.0017950411818336287,0.15959459459459457,False,False,0.258588487725969,adv_staff_upgrade_count|coachonly_hc_oc_quality_mean
LONG,FAV65_75,AWAY,"[[""coachq_prev_oc_recent_quality"", "">="", 0.78125], [""coachq_staff_quality_min"", "">="", 0.38461538461538464]]",2,104,83,0.7980769230769231,0.14953209190832037,33,0.8181818181818182,0.1826413672801862,31,0.8064516129032258,0.15745109932070486,40,0.775,0.11607970898193305,0.6666666666666666,12,18,-0.2777777777777778,-0.053966524318512496,0.11607970898193305,False,False,0.2584893889783321,coachq_prev_oc_recent_quality|coachq_staff_quality_min
LONG,FAV55_65,AWAY,"[[""coachq_dc_prior_quality"", ""<="", 0.4375], [""coachq_dc_recent_quality"", ""<="", 0.59375]]",2,103,70,0.6796116504854369,0.13332477525268357,45,0.6666666666666666,0.10405318621144563,21,0.7142857142857143,0.2108878201484433,37,0.6756756756756757,0.12490308779443374,0.7058823529411765,12,17,-1.0,-0.03256741538551072,0.10405318621144563,False,False,0.258363173492511,coachq_dc_prior_quality|coachq_dc_recent_quality
LONG,DOG20_34,AWAY,"[[""coachq_staff_quality_mean"", "">="", 0.5564903846153846], [""coachq_prev_oc_prior_role_seasons"", "">="", 3.0]]",2,106,41,0.3867924528301887,0.3947169811320755,38,0.3684210526315789,0.3660526315789474,44,0.45454545454545453,0.5904545454545455,24,0.2916666666666667,0.08124999999999995,0.6875,11,16,-1.0,-0.3970035885167465,0.08124999999999995,False,False,0.25765187202227646,coachq_prev_oc_prior_role_seasons|coachq_staff_quality_mean
LONG,FAV55_65,AWAY,"[[""coachq_dc_prior_quality"", ""<="", 0.4375]]",1,124,84,0.6774193548387096,0.12861805696687573,53,0.660377358490566,0.09602695495235568,28,0.7142857142857143,0.19845004580761022,43,0.6744186046511628,0.12331649229778267,0.7058823529411765,12,17,-1.0,-0.023922008082200283,0.09602695495235568,False,False,0.25750129562573354,coachq_dc_prior_quality
LONG,DOG20_34,AWAY,"[[""coachq_staff_quality_min"", "">="", 0.46153846153846156], [""adv_staff_upgrade_count"", ""<="", -1.0]]",2,188,62,0.32978723404255317,0.23308510638297877,36,0.2777777777777778,0.10805555555555552,87,0.3563218390804598,0.3175862068965517,65,0.3230769230769231,0.18923076923076917,0.5294117647058824,9,17,-1.0,-0.023590111995284435,0.10805555555555552,False,False,0.25729841784590585,adv_staff_upgrade_count|coachq_staff_quality_min
LONG,FAV55_65,AWAY,"[[""coachq_dc_prior_quality"", ""<="", 0.4375], [""coachq_dc_prior_win_pct"", ""<="", 0.6045454545454546], [""coachq_prev_dc_prior_win_pct"", ""<="", 0.5384615384615384]]",3,61,45,0.7377049180327869,0.2331517298018681,19,0.8421052631578947,0.41745650632350007,16,0.75,0.2569707683435626,26,0.6538461538461539,0.0838096001642481,0.8,8,10,-0.5810810810810811,-0.2534040371692832,0.0838096001642481,False,False,0.25708690486798713,coachq_dc_prior_quality|coachq_dc_prior_win_pct|coachq_prev_dc_prior_win_pct
MODERN,DOG20_34,AWAY,"[[""coachq_staff_quality_min"", "">="", 0.5076709401709403]]",1,325,105,0.3230769230769231,0.1639076923076923,122,0.36885245901639346,0.356639344262295,59,0.3050847457627119,0.12559322033898304,89,0.3146067415730337,0.13528089887640452,0.6842105263157895,13,19,-0.5529411764705883,-0.10583538342423451,0.12559322033898304,False,False,0.2567728044299888,coachq_staff_quality_min
LONG,PK_55,AWAY,"[[""coachq_dc_quality_delta_vs_departed"", "">="", -0.006696428571428603], [""coachonly_upgrade_minus_downgrade"", "">="", 1.0]]",2,100,55,0.55,0.12288104308555713,30,0.5333333333333333,0.10086632495946066,39,0.5384615384615384,0.08813862813991832,31,0.5806451612903226,0.18789380846177667,0.5882352941176471,10,17,-0.7380952380952381,0.09339133191208718,0.08813862813991832,False,False,0.2565834771558563,coachonly_upgrade_minus_downgrade|coachq_dc_quality_delta_vs_departed
MODERN,PK_55,AWAY,"[[""coachq_oc_prior_role_seasons"", "">="", 3.0], [""coachq_oc_prior_quality"", ""<="", 0.54296875]]",2,74,43,0.581081081081081,0.17402464668035592,34,0.6470588235294118,0.307260224139949,13,0.6153846153846154,0.23648684648684656,18,0.5555555555555556,0.1350582873436444,0.6875,11,16,-0.6148148148148148,-0.13681524796975342,0.1350582873436444,False,False,0.2557999329151737,coachq_oc_prior_quality|coachq_oc_prior_role_seasons
MODERN,FAV75_85,ANY,"[[""coachq_hc_recent_quality"", ""<="", 0.5384615384615384], [""coachq_staff_upgrade_count"", ""<="", 0.0]]",2,157,135,0.8598726114649682,0.09182119377503709,28,0.9285714285714286,0.19406847739915115,25,0.88,0.1211771693521795,31,0.8709677419354839,0.11028990635115266,0.6842105263157895,13,19,-0.3593005449188841,-0.04733291702451267,0.11028990635115266,False,False,0.2547260580699415,coachq_hc_recent_quality|coachq_staff_upgrade_count
MODERN,PK_55,AWAY,"[[""coachq_prev_oc_prior_win_pct"", ""<="", 0.508974358974359], [""coachq_oc_quality_delta_vs_departed"", "">="", -0.09635416666666663]]",2,81,47,0.5802469135802469,0.17256077964748703,32,0.5625,0.1175797871570864,15,0.6666666666666666,0.34206768493560946,20,0.55,0.12921852060982494,0.6875,11,16,-0.7708333333333334,-0.10060521543652298,0.1175797871570864,False,False,0.25407957265540604,coachq_oc_quality_delta_vs_departed|coachq_prev_oc_prior_win_pct
LONG,DOG20_34,AWAY,"[[""coachq_prev_hc_prior_quality"", "">="", 0.5384615384615384], [""coachonly_upgrade_minus_downgrade"", ""<="", -1.0]]",2,180,63,0.35,0.24683333333333338,48,0.3958333333333333,0.42958333333333343,78,0.34615384615384615,0.21807692307692308,54,0.3148148148148148,0.1259259259259259,0.6666666666666666,12,18,-1.0,-0.19790420227920233,0.1259259259259259,False,False,0.2533746595037755,coachonly_upgrade_minus_downgrade|coachq_prev_hc_prior_quality
LONG,DOG20_34,AWAY,"[[""coachq_prev_hc_prior_win_pct"", "">="", 0.5384615384615384], [""coachonly_upgrade_minus_downgrade"", ""<="", -1.0]]",2,180,63,0.35,0.24683333333333338,48,0.3958333333333333,0.42958333333333343,78,0.34615384615384615,0.21807692307692308,54,0.3148148148148148,0.1259259259259259,0.6666666666666666,12,18,-1.0,-0.19790420227920233,0.1259259259259259,False,False,0.2533746595037755,coachonly_upgrade_minus_downgrade|coachq_prev_hc_prior_win_pct
MODERN,DOG35_49,AWAY,"[[""coachq_dc_quality_delta_vs_departed"", "">="", 0.007291666666666585], [""coachonly_upgrade_minus_downgrade"", "">="", 2.0]]",2,131,64,0.48854961832061067,0.17190839694656487,56,0.5178571428571429,0.2621428571428572,27,0.5925925925925926,0.3959259259259259,35,0.4857142857142857,0.16514285714285715,0.5882352941176471,10,17,-1.0,-0.16389153439153437,0.16514285714285715,False,False,0.25313084428742005,coachonly_upgrade_minus_downgrade|coachq_dc_quality_delta_vs_departed
MODERN,DOG35_49,AWAY,"[[""coachq_dc_quality_delta_vs_departed"", "">="", 0.007291666666666585], [""coachonly_upgrade_minus_downgrade"", "">="", 2.0], [""coachq_staff_upgrade_count"", "">="", 2.0]]",3,131,64,0.48854961832061067,0.17190839694656487,56,0.5178571428571429,0.2621428571428572,27,0.5925925925925926,0.3959259259259259,35,0.4857142857142857,0.16514285714285715,0.5882352941176471,10,17,-1.0,-0.16389153439153437,0.16514285714285715,False,False,0.25313084428742005,coachonly_upgrade_minus_downgrade|coachq_dc_quality_delta_vs_departed|coachq_staff_upgrade_count
MODERN,DOG20_34,AWAY,"[[""coachq_staff_quality_min"", "">="", 0.5076709401709403], [""coachq_prev_hc_prior_role_seasons"", "">="", 5.25]]",2,101,38,0.37623762376237624,0.28762376237623766,45,0.4,0.34,20,0.4,0.4264999999999999,36,0.3333333333333333,0.14499999999999996,0.5833333333333334,7,12,-1.0,-0.23825000000000002,0.14499999999999996,False,False,0.25274154298720397,coachq_prev_hc_prior_role_seasons|coachq_staff_quality_min
MODERN,DOG35_49,ANY,"[[""coachq_prev_hc_prior_role_seasons"", ""<="", 0.0]]",1,411,188,0.45742092457420924,0.10226277372262772,110,0.4727272727272727,0.11427272727272726,54,0.4444444444444444,0.09129629629629628,97,0.4639175257731959,0.11917525773195875,0.6842105263157895,13,19,-0.59625,0.01639074594744698,0.09129629629629628,False,False,0.25271162000289754,coachq_prev_hc_prior_role_seasons
MODERN,DOG20_34,AWAY,"[[""adv_staff_quality_mean"", "">="", 0.0958104395604395]]",1,221,73,0.33031674208144796,0.1636651583710407,86,0.38372093023255816,0.36302325581395345,21,0.38095238095238093,0.4109523809523809,54,0.3148148148148148,0.1461111111111111,0.6842105263157895,13,19,-1.0,-0.2408767072720561,0.1461111111111111,False,False,0.25208948342982934,adv_staff_quality_mean
MODERN,DOG35_49,ANY,"[[""coachq_prev_oc_prior_win_pct"", "">="", 0.6765034965034964]]",1,176,88,0.5,0.17835227272727275,56,0.6428571428571429,0.5005357142857142,19,0.5263157894736842,0.2673684210526316,53,0.4716981132075472,0.11,0.75,12,16,-0.512,-0.2739520676691729,0.11,False,False,0.25201366244719203,coachq_prev_oc_prior_win_pct
LONG,FAV65_75,ANY,"[[""adv_dc_prior_quality"", "">="", 0.3359375]]",1,110,84,0.7636363636363637,0.09746709766530393,52,0.75,0.07963357343759897,39,0.7692307692307693,0.10571500458834948,19,0.7894736842105263,0.12934472344645553,0.6666666666666666,10,15,-0.3038917604134995,0.03667043443348131,0.07963357343759897,False,False,0.25149567015940216,adv_dc_prior_quality
MODERN,FAV55_65,HOME,"[[""adv_staff_upgrade_count"", "">="", 1.0], [""coachq_oc_quality_delta_vs_departed"", "">="", -0.02604166666666663]]",2,107,70,0.6542056074766355,0.09310383823699554,32,0.6875,0.17851367898578266,12,0.6666666666666666,0.11132900441376954,38,0.6842105263157895,0.11880985852411159,0.7058823529411765,12,17,-0.20205920205920205,-0.026111483175664515,0.11132900441376954,False,False,0.2513793346229209,adv_staff_upgrade_count|coachq_oc_quality_delta_vs_departed
MODERN,DOG35_49,ANY,"[[""coachq_prev_oc_prior_win_pct"", "">="", 0.6765034965034964], [""coachq_prev_oc_prior_quality"", "">="", 0.718080357142857]]",2,105,52,0.49523809523809526,0.17133333333333337,32,0.65625,0.5121875,12,0.5,0.24250000000000002,39,0.46153846153846156,0.11435897435897434,0.7692307692307693,10,13,-1.0,-0.2629847756410257,0.11435897435897434,False,False,0.25132972004733284,coachq_prev_oc_prior_quality|coachq_prev_oc_prior_win_pct
MODERN,DOG35_44,ANY,"[[""coachq_prev_hc_prior_quality"", "">="", 0.6145104895104896]]",1,283,125,0.4416961130742049,0.10222614840989401,84,0.44047619047619047,0.09511904761904762,46,0.45652173913043476,0.16782608695652176,102,0.4411764705882353,0.09127450980392156,0.7777777777777778,14,18,-0.254,-0.04019805748386314,0.09127450980392156,False,False,0.25116617354525383,coachq_prev_hc_prior_quality
MODERN,DOG35_44,ANY,"[[""coachq_prev_hc_prior_win_pct"", "">="", 0.6145104895104896]]",1,283,125,0.4416961130742049,0.10222614840989401,84,0.44047619047619047,0.09511904761904762,46,0.45652173913043476,0.16782608695652176,102,0.4411764705882353,0.09127450980392156,0.7777777777777778,14,18,-0.254,-0.04019805748386314,0.09127450980392156,False,False,0.25116617354525383,coachq_prev_hc_prior_win_pct
MODERN,DOG35_44,ANY,"[[""coachq_prev_hc_prior_quality"", "">="", 0.6145104895104896], [""coachq_prev_hc_prior_win_pct"", "">="", 0.6145104895104896]]",2,283,125,0.4416961130742049,0.10222614840989401,84,0.44047619047619047,0.09511904761904762,46,0.45652173913043476,0.16782608695652176,102,0.4411764705882353,0.09127450980392156,0.7777777777777778,14,18,-0.254,-0.04019805748386314,0.09127450980392156,False,False,0.25116617354525383,coachq_prev_hc_prior_quality|coachq_prev_hc_prior_win_pct
LONG,DOG20_34,AWAY,"[[""adv_hc_recent_quality"", ""<="", -0.3846153846153846], [""adv_staff_upgrade_count"", ""<="", -1.0]]",2,81,26,0.32098765432098764,0.18530864197530866,26,0.3076923076923077,0.2076923076923077,29,0.3448275862068966,0.21103448275862066,26,0.3076923076923077,0.1342307692307692,0.6666666666666666,12,18,-1.0,-0.07513262599469497,0.1342307692307692,False,False,0.2506335507885498,adv_hc_recent_quality|adv_staff_upgrade_count
LONG,FAV55_65,AWAY,"[[""coachonly_staff_prior_quality_spread"", "">="", 0.33395432692307697], [""adv_staff_quality_min"", ""<="", 0.08333333333333331]]",2,83,58,0.6987951807228916,0.16876370439608027,19,0.7894736842105263,0.32668631699094525,28,0.6428571428571429,0.0799201198009666,36,0.6944444444444444,0.15451622465610101,0.625,10,16,-0.46090534979423864,-0.0487869937398549,0.0799201198009666,False,False,0.250441222608013,adv_staff_quality_min|coachonly_staff_prior_quality_spread
MODERN,DOG35_49,AWAY,"[[""coachq_oc_prior_quality"", ""<="", 0.609375], [""coachq_dc_recent_quality"", "">="", 0.71875]]",2,122,63,0.5163934426229508,0.21778688524590167,53,0.5283018867924528,0.22584905660377355,21,0.6190476190476191,0.47523809523809524,23,0.4782608695652174,0.13043478260869565,0.6470588235294118,11,17,-0.3281818181818182,-0.22010879331223873,0.13043478260869565,False,False,0.250331376731729,coachq_dc_recent_quality|coachq_oc_prior_quality
LONG,DOG35_44,ANY,"[[""coachq_prev_hc_prior_role_seasons"", ""<="", 0.0], [""coachq_staff_downgrade_count"", ""<="", 0.0]]",2,218,101,0.463302752293578,0.15669724770642204,112,0.4732142857142857,0.18214285714285713,43,0.46511627906976744,0.16255813953488374,63,0.4444444444444444,0.10746031746031745,0.6842105263157895,13,19,-1.0,-0.064890180878553,0.10746031746031745,False,False,0.25022156940382095,coachq_prev_hc_prior_role_seasons|coachq_staff_downgrade_count
MODERN,FAV65_75,ANY,"[[""coachq_prev_hc_prior_role_seasons"", "">="", 8.0], [""coachq_oc_prior_role_seasons"", "">="", 5.0], [""coachq_oc_quality_delta_vs_departed"", ""<="", 0.07935267857142853]]",3,78,64,0.8205128205128205,0.16570592792916172,27,0.8148148148148148,0.16699782064344817,29,0.8620689655172413,0.21875430448959346,22,0.7727272727272727,0.09419301776833199,0.7,7,10,-0.1991345301060858,-0.09868304479818883,0.09419301776833199,False,False,0.24971767630591865,coachq_oc_prior_role_seasons|coachq_oc_quality_delta_vs_departed|coachq_prev_hc_prior_role_seasons
MODERN,DOG20_34,AWAY,"[[""coachq_oc_prior_role_seasons"", "">="", 6.0], [""coachq_prev_oc_prior_quality"", "">="", 0.375]]",2,78,25,0.32051282051282054,0.15128205128205127,45,0.3111111111111111,0.09422222222222225,14,0.35714285714285715,0.3585714285714286,19,0.3157894736842105,0.1336842105263158,0.7692307692307693,10,13,-1.0,-0.09271261487050964,0.09422222222222225,False,False,0.2486754438820983,coachq_oc_prior_role_seasons|coachq_prev_oc_prior_quality
MODERN,FAV55_65,AWAY,"[[""coachq_dc_prior_win_pct"", ""<="", 0.5769230769230769], [""adv_dc_prior_quality"", ""<="", 0.1486049107142857]]",2,126,86,0.6825396825396826,0.14352848969091803,45,0.7333333333333333,0.22969978732984117,13,0.7692307692307693,0.2727975422628425,42,0.6666666666666666,0.11485949377083925,0.6842105263157895,13,19,-0.43990929705215426,-0.13638917102550258,0.11485949377083925,False,False,0.24840864034169952,adv_dc_prior_quality|coachq_dc_prior_win_pct
LONG,DOG35_49,AWAY,"[[""coachq_dc_prior_role_seasons"", ""<="", 0.0], [""coachq_prev_oc_prior_role_seasons"", "">="", 2.0]]",2,102,52,0.5098039215686274,0.2097058823529412,24,0.5833333333333334,0.42624999999999996,29,0.5172413793103449,0.2158620689655173,49,0.46938775510204084,0.10000000000000002,0.75,12,16,-1.0,-0.22105603448275862,0.10000000000000002,False,False,0.24831121912151288,coachq_dc_prior_role_seasons|coachq_prev_oc_prior_role_seasons
LONG,FAV55_65,AWAY,"[[""coachq_prev_oc_prior_quality"", "">="", 0.74609375]]",1,88,61,0.6931818181818182,0.15222744869580795,29,0.7586206896551724,0.2649118139817468,24,0.6666666666666666,0.1143560009740011,35,0.6571428571428571,0.08482939589669763,0.7647058823529411,13,17,-0.4511733956178401,-0.10480451158117632,0.08482939589669763,False,False,0.24830505490222332,coachq_prev_oc_prior_quality
LONG,DOG20_34,AWAY,"[[""adv_hc_quality_delta_vs_departed"", ""<="", -0.03895104895104903], [""coachonly_upgrade_minus_downgrade"", ""<="", -1.0]]",2,102,32,0.3137254901960784,0.1342156862745098,34,0.3235294117647059,0.16411764705882353,39,0.3076923076923077,0.06794871794871798,29,0.3103448275862069,0.1882758620689655,0.625,10,16,-1.0,0.07224267956519473,0.06794871794871798,False,False,0.2481602595334336,adv_hc_quality_delta_vs_departed|coachonly_upgrade_minus_downgrade
LONG,DOG20_34,AWAY,"[[""coachq_prev_oc_recent_quality"", "">="", 0.78125], [""adv_staff_quality_mean"", "">="", -0.15197649572649574]]",2,99,33,0.3333333333333333,0.21808080808080804,25,0.32,0.10319999999999997,41,0.36585365853658536,0.3436585365853658,33,0.30303030303030304,0.14909090909090908,0.625,10,16,-1.0,-0.07433835920177381,0.10319999999999997,False,False,0.24813947403237968,adv_staff_quality_mean|coachq_prev_oc_recent_quality
LONG,DOG35_44,AWAY,"[[""adv_oc_prior_quality"", ""<="", 0.17539062500000002], [""adv_staff_upgrade_count"", "">="", 0.0]]",2,128,65,0.5078125,0.284453125,44,0.6136363636363636,0.5502272727272728,43,0.46511627906976744,0.16674418604651164,41,0.43902439024390244,0.12268292682926828,0.5789473684210527,11,19,-1.0,-0.23580280255762393,0.12268292682926828,False,False,0.24763130425495994,adv_oc_prior_quality|adv_staff_upgrade_count
MODERN,DOG20_34,ANY,"[[""adv_oc_prior_win_pct"", ""<="", -0.27195877039627037]]",1,98,32,0.32653061224489793,0.1864285714285714,31,0.2903225806451613,0.06258064516129036,24,0.3333333333333333,0.22583333333333336,16,0.3125,0.11937500000000001,0.7333333333333333,11,15,-1.0,-0.024831989247311836,0.06258064516129036,False,False,0.2467819345597134,adv_oc_prior_win_pct
LONG,DOG35_49,ANY,"[[""coachq_prev_dc_prior_win_pct"", "">="", 0.641025641025641]]",1,234,114,0.48717948717948717,0.128974358974359,59,0.4745762711864407,0.10152542372881353,73,0.5205479452054794,0.19547945205479453,102,0.47058823529411764,0.09725490196078435,0.7058823529411765,12,17,-0.584,-0.05124753593101969,0.09725490196078435,False,False,0.24653075510864542,coachq_prev_dc_prior_win_pct
MODERN,DOG20_34,AWAY,"[[""coachq_dc_prior_win_pct"", "">="", 0.6468531468531469], [""coachq_staff_quality_min"", "">="", 0.5076709401709403]]",2,77,26,0.33766233766233766,0.22610389610389606,34,0.29411764705882354,0.08911764705882359,17,0.4117647058823529,0.6129411764705882,16,0.375,0.246875,0.5,7,14,-1.0,-0.10415441176470591,0.08911764705882359,False,False,0.24551772989687973,coachq_dc_prior_win_pct|coachq_staff_quality_min
LONG,DOG20_34,AWAY,"[[""coachq_staff_quality_min"", "">="", 0.46153846153846156], [""coachq_staff_quality_mean"", "">="", 0.5564903846153846]]",2,362,121,0.3342541436464088,0.19574585635359115,106,0.3113207547169811,0.08867924528301885,136,0.375,0.36117647058823527,120,0.30833333333333335,0.10283333333333336,0.6842105263157895,13,19,-0.5117647058823529,-0.1220945246022937,0.08867924528301885,False,False,0.24492096770455113,coachq_staff_quality_mean|coachq_staff_quality_min
LONG,DOG35_49,AWAY,"[[""coachq_prev_dc_prior_quality"", ""<="", 0.296875]]",1,92,47,0.5108695652173914,0.24434782608695657,38,0.5,0.19684210526315785,27,0.5925925925925926,0.46814814814814815,27,0.4444444444444444,0.0874074074074074,0.7333333333333333,11,15,-0.4575,-0.2450877192982456,0.0874074074074074,False,False,0.24473018488829595,coachq_prev_dc_prior_quality
LONG,FAV55_65,AWAY,"[[""coachq_dc_prior_quality"", ""<="", 0.4375], [""adv_staff_quality_mean"", ""<="", 0.08353365384615385]]",2,96,66,0.6875,0.15060566068270856,43,0.6511627906976745,0.0911094773202362,20,0.8,0.3449584442485166,33,0.6666666666666666,0.11034142472119807,0.6875,11,16,-1.0,-0.10769253606317836,0.0911094773202362,False,False,0.24384791548771964,adv_staff_quality_mean|coachq_dc_prior_quality
MODERN,DOG35_44,HOME,"[[""coachq_prev_oc_prior_quality"", ""<="", 0.5], [""coachq_prev_dc_prior_role_seasons"", ""<="", 3.0]]",2,87,39,0.4482758620689655,0.13781609195402297,37,0.43243243243243246,0.08567567567567567,12,0.5,0.3291666666666666,22,0.45454545454545453,0.1390909090909091,0.7058823529411765,12,17,-1.0,-0.06833026208026205,0.08567567567567567,False,False,0.24382811254106337,coachq_prev_dc_prior_role_seasons|coachq_prev_oc_prior_quality
LONG,FAV55_65,AWAY,"[[""coachq_dc_recent_quality"", ""<="", 0.59375], [""coachq_dc_prior_win_pct"", ""<="", 0.6045454545454546]]",2,185,123,0.6648648648648648,0.11057134706533718,56,0.6607142857142857,0.10187018257005628,47,0.6808510638297872,0.15368665638146212,82,0.6585365853658537,0.0918011723565306,0.6842105263157895,13,19,-1.0,-0.03597724711922859,0.0918011723565306,False,False,0.24361741731128433,coachq_dc_prior_win_pct|coachq_dc_recent_quality
MODERN,FAV55_65,AWAY,"[[""coachq_dc_prior_win_pct"", ""<="", 0.5769230769230769]]",1,251,168,0.6693227091633466,0.1147125273919551,81,0.6419753086419753,0.0754340715116105,33,0.6666666666666666,0.1012015596388628,84,0.6785714285714286,0.12852564627300844,0.5789473684210527,11,19,-0.11635102067974103,0.040207830697771785,0.0754340715116105,False,False,0.2430569291900069,coachq_dc_prior_win_pct
LONG,FAV55_65,AWAY,"[[""coachq_dc_recent_quality"", ""<="", 0.59375], [""adv_staff_quality_mean"", ""<="", 0.08353365384615385]]",2,151,102,0.6754966887417219,0.13357184464827518,46,0.6956521739130435,0.16914855358247205,45,0.6888888888888889,0.1653243781635263,60,0.65,0.0824819676622859,0.7222222222222222,13,18,-0.17334125233327677,-0.08475449821071328,0.0824819676622859,False,False,0.24296342809784896,adv_staff_quality_mean|coachq_dc_recent_quality
LONG,DOG35_44,ANY,"[[""coachonly_hc_oc_quality_mean"", "">="", 0.6653081293706293]]",1,161,75,0.4658385093167702,0.1472049689440994,56,0.44642857142857145,0.09464285714285715,54,0.5,0.24055555555555555,51,0.45098039215686275,0.10607843137254902,0.6842105263157895,13,19,-0.6385714285714286,-0.06152077497665734,0.09464285714285715,False,False,0.24276888114495782,coachonly_hc_oc_quality_mean
LONG,DOG20_34,AWAY,"[[""coachq_oc_prior_win_pct"", "">="", 0.576048951048951], [""coachq_oc_prior_quality"", "">="", 0.59375], [""coachq_staff_quality_min"", "">="", 0.46153846153846156]]",3,95,36,0.37894736842105264,0.3390526315789474,28,0.42857142857142855,0.45857142857142863,41,0.3902439024390244,0.4078048780487806,26,0.3076923076923077,0.10192307692307698,0.6,9,15,-1.0,-0.3312650763870276,0.10192307692307698,False,False,0.24270337898836808,coachq_oc_prior_quality|coachq_oc_prior_win_pct|coachq_staff_quality_min
LONG,PK_55,HOME,"[[""coachq_hc_recent_quality"", ""<="", 0.3076923076923077]]",1,81,47,0.5802469135802469,0.1719771305487951,29,0.5862068965517241,0.19182898392512374,25,0.6,0.20598220116817262,27,0.5555555555555556,0.11916859301553705,0.6111111111111112,11,18,-1.0,-0.07973699953111114,0.11916859301553705,False,False,0.24172383475200118,coachq_hc_recent_quality
LONG,FAV65_75,AWAY,"[[""coachq_prev_hc_recent_quality"", "">="", 0.6923076923076923], [""coachq_staff_quality_min"", "">="", 0.38461538461538464]]",2,119,92,0.773109243697479,0.10910988534477263,35,0.8,0.15027324058443273,44,0.75,0.07741447730633863,40,0.775,0.10795689835234742,0.6470588235294118,11,17,-0.5016501650165016,-0.005886960593038254,0.07741447730633863,False,False,0.24135864795788242,coachq_prev_hc_recent_quality|coachq_staff_quality_min
LONG,FAV65_75,AWAY,"[[""coachq_oc_prior_win_pct"", "">="", 0.5797397047397047], [""coachonly_staff_prior_quality_spread"", "">="", 0.07598729395604392]]",2,134,104,0.7761194029850746,0.11822063370847902,55,0.8181818181818182,0.1834685606639582,46,0.7391304347826086,0.06394875689770109,33,0.7575757575757576,0.08512579585224961,0.7058823529411765,12,17,-0.28584474885844746,-0.03858286292858004,0.06394875689770109,False,False,0.24121811451944328,coachonly_staff_prior_quality_spread|coachq_oc_prior_win_pct
LONG,DOG35_44,AWAY,"[[""coachq_prev_oc_prior_win_pct"", "">="", 0.5779914529914529]]",1,163,74,0.4539877300613497,0.13736196319018404,68,0.4411764705882353,0.08882352941176469,44,0.5,0.2606818181818182,51,0.43137254901960786,0.0956862745098039,0.7222222222222222,13,18,-0.5109999999999999,-0.07906639928698754,0.08882352941176469,False,False,0.24090478127201523,coachq_prev_oc_prior_win_pct
LONG,DOG35_49,ANY,"[[""adv_oc_prior_quality"", ""<="", -0.03125], [""coachq_dc_quality_delta_vs_departed"", "">="", -0.015625]]",2,119,59,0.4957983193277311,0.18226890756302522,28,0.5357142857142857,0.3064285714285714,41,0.5121951219512195,0.2002439024390244,50,0.46,0.09800000000000003,0.7058823529411765,12,17,-1.0,-0.1553362369337979,0.09800000000000003,False,False,0.24055882813951288,adv_oc_prior_quality|coachq_dc_quality_delta_vs_departed
LONG,DOG20_34,AWAY,"[[""coachq_dc_changed_quality"", "">="", 1.0], [""coachq_hc_prior_quality"", "">="", 0.5384615384615384]]",2,92,33,0.358695652173913,0.3110869565217392,28,0.35714285714285715,0.3464285714285715,42,0.38095238095238093,0.3954761904761905,22,0.3181818181818182,0.10499999999999998,0.6111111111111112,11,18,-1.0,-0.265952380952381,0.10499999999999998,False,False,0.23989701258555846,coachq_dc_changed_quality|coachq_hc_prior_quality
LONG,DOG20_34,AWAY,"[[""coachq_dc_changed_quality"", "">="", 1.0], [""coachq_hc_prior_win_pct"", "">="", 0.5384615384615384]]",2,92,33,0.358695652173913,0.3110869565217392,28,0.35714285714285715,0.3464285714285715,42,0.38095238095238093,0.3954761904761905,22,0.3181818181818182,0.10499999999999998,0.6111111111111112,11,18,-1.0,-0.265952380952381,0.10499999999999998,False,False,0.23989701258555846,coachq_dc_changed_quality|coachq_hc_prior_win_pct
LONG,DOG20_34,ANY,"[[""coachq_hc_prior_quality"", "">="", 0.5384615384615384], [""coachonly_upgrade_minus_downgrade"", ""<="", -1.0]]",2,208,71,0.34134615384615385,0.20197115384615383,50,0.4,0.4604,98,0.32653061224489793,0.12653061224489795,60,0.31666666666666665,0.10983333333333332,0.6666666666666666,12,18,-0.69,-0.18363197278911564,0.10983333333333332,False,False,0.23959005659983082,coachonly_upgrade_minus_downgrade|coachq_hc_prior_quality
LONG,DOG20_34,ANY,"[[""coachq_hc_prior_win_pct"", "">="", 0.5384615384615384], [""coachonly_upgrade_minus_downgrade"", ""<="", -1.0]]",2,208,71,0.34134615384615385,0.20197115384615383,50,0.4,0.4604,98,0.32653061224489793,0.12653061224489795,60,0.31666666666666665,0.10983333333333332,0.6666666666666666,12,18,-0.69,-0.18363197278911564,0.10983333333333332,False,False,0.23959005659983082,coachonly_upgrade_minus_downgrade|coachq_hc_prior_win_pct
LONG,FAV65_75,AWAY,"[[""coachq_prev_hc_recent_quality"", "">="", 0.6923076923076923], [""coachq_oc_changed_quality"", ""<="", 0.0]]",2,104,82,0.7884615384615384,0.12816388349773056,28,0.8571428571428571,0.22886481952872104,43,0.7674418604651163,0.09946356803569788,33,0.7575757575757576,0.08011804580075091,0.7058823529411765,12,17,-1.0,-0.08404614798145854,0.08011804580075091,False,False,0.2395442119268465,coachq_oc_changed_quality|coachq_prev_hc_recent_quality
MODERN,FAV55_65,ANY,"[[""adv_dc_quality_delta_vs_departed"", "">="", -0.014508928571428548], [""adv_dc_recent_quality"", "">="", 0.21875]]",2,95,69,0.7263157894736842,0.20695358566580993,50,0.76,0.2719504868348385,13,0.6923076923076923,0.10857225439571226,15,0.6666666666666666,0.08145723029689979,0.6470588235294118,11,17,-1.0,-0.10880414031837561,0.08145723029689979,False,False,0.23923636198588832,adv_dc_quality_delta_vs_departed|adv_dc_recent_quality
LONG,DOG35_49,ANY,"[[""adv_oc_prior_quality"", ""<="", -0.03125], [""coachq_oc_recent_quality"", ""<="", 0.4375], [""coachq_oc_prior_win_pct"", ""<="", 0.4358974358974359]]",3,110,57,0.5181818181818182,0.21872727272727274,31,0.4838709677419355,0.12612903225806446,44,0.5909090909090909,0.39227272727272733,35,0.45714285714285713,0.08257142857142862,0.7142857142857143,10,14,-0.335,-0.17662945119396728,0.08257142857142862,False,False,0.2388345189733782,adv_oc_prior_quality|coachq_oc_prior_win_pct|coachq_oc_recent_quality
MODERN,DOG35_44,ANY,"[[""adv_staff_quality_min"", ""<="", -0.23076923076923073]]",1,210,93,0.44285714285714284,0.10047619047619048,58,0.46551724137931033,0.15017241379310348,30,0.43333333333333335,0.09633333333333335,56,0.42857142857142855,0.08446428571428574,0.7368421052631579,14,19,-0.705,-0.038788587848932674,0.08446428571428574,False,False,0.23849240680903325,adv_staff_quality_min
LONG,FAV55_65,AWAY,"[[""coachq_dc_prior_quality"", ""<="", 0.4375], [""coachq_dc_prior_win_pct"", ""<="", 0.6045454545454546]]",2,107,72,0.6728971962616822,0.12312204301059942,40,0.65,0.08186809631547577,25,0.72,0.20796540877058678,42,0.6666666666666666,0.11190951262501042,0.6470588235294118,11,17,-1.0,-0.03300723991802085,0.08186809631547577,False,False,0.2383386211541047,coachq_dc_prior_quality|coachq_dc_prior_win_pct
LONG,DOG20_34,AWAY,"[[""coachonly_oc_dc_quality_mean"", "">="", 0.6978422619047618], [""coachq_prev_hc_recent_quality"", "">="", 0.3]]",2,111,38,0.34234234234234234,0.2284684684684685,35,0.3142857142857143,0.11342857142857143,39,0.38461538461538464,0.45692307692307693,37,0.32432432432432434,0.09648648648648647,0.7058823529411765,12,17,-1.0,-0.18868933768933774,0.09648648648648647,False,False,0.23803996353864887,coachonly_oc_dc_quality_mean|coachq_prev_hc_recent_quality
LONG,FAV55_65,AWAY,"[[""coachq_dc_prior_quality"", ""<="", 0.4375], [""coachq_dc_recent_quality"", ""<="", 0.59375], [""coachq_dc_prior_win_pct"", ""<="", 0.6045454545454546]]",3,93,63,0.6774193548387096,0.13353197168182446,37,0.6486486486486487,0.08029255495817667,20,0.75,0.27143221115586547,36,0.6666666666666666,0.11163901693999533,0.6470588235294118,11,17,-1.0,-0.06422336611702574,0.08029255495817667,False,False,0.2355921561949018,coachq_dc_prior_quality|coachq_dc_prior_win_pct|coachq_dc_recent_quality
MODERN,DOG35_44,ANY,"[[""coachq_oc_prior_role_seasons"", ""<="", 2.0], [""adv_staff_quality_mean"", "">="", 0.1045673076923076]]",2,177,81,0.4576271186440678,0.13525423728813557,55,0.43636363636363634,0.09090909090909091,16,0.4375,0.103125,62,0.45161290322580644,0.09467741935483871,0.631578947368421,12,19,-0.42,-0.0023396260997067403,0.09090909090909091,False,False,0.23482560931982235,adv_staff_quality_mean|coachq_oc_prior_role_seasons
LONG,DOG20_34,AWAY,"[[""coachq_oc_prior_quality"", "">="", 0.59375], [""adv_staff_quality_mean"", "">="", -0.15197649572649574]]",2,222,74,0.3333333333333333,0.1932882882882883,78,0.3333333333333333,0.21628205128205133,76,0.35526315789473684,0.2618421052631579,68,0.3088235294117647,0.09029411764705877,0.6842105263157895,13,19,-1.0,-0.14876796062554584,0.09029411764705877,False,False,0.23479623168573913,adv_staff_quality_mean|coachq_oc_prior_quality
LONG,DOG20_34,AWAY,"[[""coachq_dc_changed_quality"", "">="", 1.0], [""adv_staff_quality_mean"", "">="", -0.15197649572649574]]",2,215,70,0.32558139534883723,0.1861860465116279,63,0.3333333333333333,0.23238095238095238,88,0.32954545454545453,0.2034090909090909,64,0.3125,0.11703125,0.5789473684210527,11,19,-1.0,-0.10086377164502164,0.11703125,False,False,0.2342463401672249,adv_staff_quality_mean|coachq_dc_changed_quality
LONG,FAV65_75,AWAY,"[[""coachonly_staff_prior_quality_spread"", "">="", 0.07598729395604392], [""coachq_oc_recent_quality"", ""<="", 0.90625]]",2,208,159,0.7644230769230769,0.09846061975853057,66,0.7878787878787878,0.14013958662654813,70,0.7428571428571429,0.06948653277411197,72,0.7638888888888888,0.08842415136436585,0.631578947368421,12,19,-0.4217592592592593,-0.01638890833596421,0.06948653277411197,False,False,0.2335525131126842,coachonly_staff_prior_quality_spread|coachq_oc_recent_quality
MODERN,DOG35_49,ANY,"[[""coachq_prev_oc_prior_quality"", "">="", 0.718080357142857], [""coachq_prev_oc_recent_quality"", "">="", 0.84375]]",2,120,59,0.49166666666666664,0.17300000000000004,40,0.575,0.34924999999999995,17,0.5294117647058824,0.33176470588235296,34,0.4411764705882353,0.08705882352941179,0.7333333333333333,11,15,-0.562,-0.25344852941176466,0.08705882352941179,False,False,0.23325303668565836,coachq_prev_oc_prior_quality|coachq_prev_oc_recent_quality
MODERN,FAV65_75,AWAY,"[[""coachq_prev_oc_recent_quality"", "">="", 0.84375], [""coachq_prev_hc_prior_quality"", "">="", 0.4223076923076924]]",2,86,69,0.8023255813953488,0.1505778738128196,22,0.8636363636363636,0.22664924908915252,14,0.7857142857142857,0.1224781715257515,32,0.75,0.08203639994250957,0.6470588235294118,11,17,-0.5223665223665224,-0.09252731036494243,0.08203639994250957,False,False,0.23318189026645925,coachq_prev_hc_prior_quality|coachq_prev_oc_recent_quality
MODERN,FAV65_75,AWAY,"[[""coachq_prev_oc_recent_quality"", "">="", 0.84375], [""coachq_prev_hc_prior_win_pct"", "">="", 0.4223076923076924]]",2,86,69,0.8023255813953488,0.1505778738128196,22,0.8636363636363636,0.22664924908915252,14,0.7857142857142857,0.1224781715257515,32,0.75,0.08203639994250957,0.6470588235294118,11,17,-0.5223665223665224,-0.09252731036494243,0.08203639994250957,False,False,0.23318189026645925,coachq_prev_hc_prior_win_pct|coachq_prev_oc_recent_quality
MODERN,DOG20_34,AWAY,"[[""adv_staff_quality_min"", "">="", 0.13461538461538458], [""coachq_prev_oc_prior_quality"", "">="", 0.375]]",2,109,40,0.3669724770642202,0.30357798165137617,45,0.4666666666666667,0.6062222222222222,18,0.3888888888888889,0.5055555555555555,30,0.3,0.11566666666666665,0.5294117647058824,9,17,-1.0,-0.44022222222222224,0.11566666666666665,False,False,0.23261068142490346,adv_staff_quality_min|coachq_prev_oc_prior_quality
LONG,FAV55_65,ANY,"[[""coachonly_staff_prior_quality_spread"", "">="", 0.3629807692307693], [""coachq_dc_quality_delta_vs_departed"", "">="", -0.06770833333333334]]",2,93,64,0.6881720430107527,0.14134612246468473,28,0.7142857142857143,0.19496776843897853,24,0.7083333333333334,0.17262346298879247,41,0.6585365853658537,0.08641777466325022,0.6666666666666666,10,15,-0.22972972972972971,-0.09737784105063528,0.08641777466325022,False,False,0.23247661262838026,coachonly_staff_prior_quality_spread|coachq_dc_quality_delta_vs_departed
MODERN,DOG35_44,ANY,"[[""coachq_prev_oc_prior_quality"", "">="", 0.675], [""coachq_prev_oc_recent_quality"", "">="", 0.84375]]",2,95,45,0.47368421052631576,0.18768421052631576,28,0.5714285714285714,0.4142857142857143,15,0.5333333333333333,0.37399999999999994,33,0.42424242424242425,0.08878787878787878,0.7222222222222222,13,18,-1.0,-0.3053549783549784,0.08878787878787878,False,False,0.23223449337106136,coachq_prev_oc_prior_quality|coachq_prev_oc_recent_quality
LONG,DOG20_34,AWAY,"[[""coachq_oc_prior_quality"", "">="", 0.59375], [""coachq_hc_prior_quality"", "">="", 0.5384615384615384]]",2,119,44,0.3697478991596639,0.28361344537815125,33,0.3939393939393939,0.36,51,0.39215686274509803,0.36431372549019614,35,0.3142857142857143,0.09400000000000003,0.6111111111111112,11,18,-1.0,-0.26815686274509803,0.09400000000000003,False,False,0.23212905314008223,coachq_hc_prior_quality|coachq_oc_prior_quality
LONG,DOG20_34,AWAY,"[[""coachq_oc_prior_quality"", "">="", 0.59375], [""coachq_hc_prior_win_pct"", "">="", 0.5384615384615384]]",2,119,44,0.3697478991596639,0.28361344537815125,33,0.3939393939393939,0.36,51,0.39215686274509803,0.36431372549019614,35,0.3142857142857143,0.09400000000000003,0.6111111111111112,11,18,-1.0,-0.26815686274509803,0.09400000000000003,False,False,0.23212905314008223,coachq_hc_prior_win_pct|coachq_oc_prior_quality
LONG,PK_55,ANY,"[[""coachq_oc_recent_quality"", ""<="", 0.46875], [""coachq_oc_prior_win_pct"", ""<="", 0.44134615384615383]]",2,105,59,0.5619047619047619,0.12707878070284737,35,0.5714285714285714,0.13247022923801843,41,0.5609756097560976,0.14290246224799225,29,0.5517241379310345,0.0982004482172638,0.631578947368421,12,19,-1.0,-0.03948589752574154,0.0982004482172638,False,False,0.2319784229191069,coachq_oc_prior_win_pct|coachq_oc_recent_quality
MODERN,DOG20_34,AWAY,"[[""coachq_dc_prior_role_seasons"", "">="", 5.0], [""coachq_prev_oc_recent_quality"", "">="", 0.25]]",2,97,31,0.31958762886597936,0.16247422680412374,50,0.3,0.0916,18,0.3888888888888889,0.4511111111111112,25,0.32,0.16559999999999994,0.6,9,15,-1.0,-0.10575555555555563,0.0916,False,False,0.23148874510915077,coachq_dc_prior_role_seasons|coachq_prev_oc_recent_quality
LONG,FAV55_65,AWAY,"[[""adv_staff_quality_mean"", ""<="", 0.08353365384615385], [""adv_hc_prior_quality"", "">="", 0.009038461538461448]]",2,92,65,0.7065217391304348,0.1756350284590949,19,0.7368421052631579,0.2469011375421105,35,0.7428571428571429,0.227463939717945,38,0.6578947368421053,0.09226481881075141,0.6111111111111112,11,18,-0.573943661971831,-0.14491771981927634,0.09226481881075141,False,False,0.22856934643599147,adv_hc_prior_quality|adv_staff_quality_mean
LONG,FAV55_65,AWAY,"[[""adv_staff_quality_mean"", ""<="", 0.08353365384615385], [""adv_hc_prior_win_pct"", "">="", 0.009038461538461448]]",2,92,65,0.7065217391304348,0.1756350284590949,19,0.7368421052631579,0.2469011375421105,35,0.7428571428571429,0.227463939717945,38,0.6578947368421053,0.09226481881075141,0.6111111111111112,11,18,-0.573943661971831,-0.14491771981927634,0.09226481881075141,False,False,0.22856934643599147,adv_hc_prior_win_pct|adv_staff_quality_mean
MODERN,DOG35_49,HOME,"[[""coachq_prev_hc_recent_quality"", "">="", 0.6923076923076923]]",1,124,63,0.5080645161290323,0.19088709677419355,42,0.5952380952380952,0.3661904761904762,30,0.4666666666666667,0.10433333333333333,37,0.4594594594594595,0.10081081081081085,0.5882352941176471,10,17,-0.4675,-0.1344510939510939,0.10081081081081085,False,False,0.22762863483688037,coachq_prev_hc_recent_quality
MODERN,DOG35_49,AWAY,"[[""coachq_staff_upgrade_count"", "">="", 2.0]]",1,236,111,0.4703389830508475,0.10783898305084745,88,0.45454545454545453,0.08886363636363641,35,0.5714285714285714,0.35857142857142854,64,0.484375,0.12078124999999999,0.6111111111111112,11,18,-0.33285714285714285,-0.10293628246753249,0.08886363636363641,False,False,0.22557818745252223,coachq_staff_upgrade_count
LONG,FAV55_65,AWAY,"[[""adv_dc_prior_quality"", ""<="", -0.02379464285714294], [""adv_staff_quality_mean"", ""<="", 0.08353365384615385]]",2,119,79,0.6638655462184874,0.11608998672520149,36,0.6388888888888888,0.08327269307681005,43,0.6976744186046512,0.17204707996996646,40,0.65,0.08547167577063139,0.6111111111111112,11,18,-0.32972972972972975,-0.04218821075275686,0.08327269307681005,False,False,0.22470680760148884,adv_dc_prior_quality|adv_staff_quality_mean
MODERN,DOG20_34,AWAY,"[[""adv_staff_quality_mean"", "">="", 0.0958104395604395], [""coachq_prev_oc_recent_quality"", "">="", 0.25]]",2,111,40,0.36036036036036034,0.27126126126126127,43,0.3953488372093023,0.38,13,0.5384615384615384,1.023076923076923,34,0.29411764705882354,0.08529411764705884,0.6111111111111112,11,18,-1.0,-0.6162443438914026,0.08529411764705884,False,False,0.2245727376184818,adv_staff_quality_mean|coachq_prev_oc_recent_quality
LONG,DOG20_34,ANY,"[[""coachq_prev_oc_recent_quality"", "">="", 0.78125], [""adv_staff_quality_mean"", "">="", -0.089556277056277]]",2,108,35,0.32407407407407407,0.1565740740740741,29,0.3448275862068966,0.19103448275862073,45,0.3333333333333333,0.1688888888888889,34,0.29411764705882354,0.1108823529411764,0.5882352941176471,10,17,-1.0,-0.06907933288257842,0.1108823529411764,False,False,0.2244656616471892,adv_staff_quality_mean|coachq_prev_oc_recent_quality
MODERN,DOG20_34,ANY,"[[""adv_hc_prior_quality"", "">="", 0.12721445221445216]]",1,134,42,0.31343283582089554,0.08335820895522389,54,0.3333333333333333,0.10574074074074076,16,0.3125,0.194375,26,0.3076923076923077,0.15384615384615385,0.5555555555555556,10,18,-1.0,0.0037882834757834716,0.10574074074074076,False,False,0.2242483278952632,adv_hc_prior_quality
MODERN,DOG20_34,ANY,"[[""adv_hc_prior_win_pct"", "">="", 0.12721445221445216]]",1,134,42,0.31343283582089554,0.08335820895522389,54,0.3333333333333333,0.10574074074074076,16,0.3125,0.194375,26,0.3076923076923077,0.15384615384615385,0.5555555555555556,10,18,-1.0,0.0037882834757834716,0.10574074074074076,False,False,0.2242483278952632,adv_hc_prior_win_pct
MODERN,DOG20_34,ANY,"[[""adv_hc_prior_quality"", "">="", 0.12721445221445216], [""adv_hc_prior_win_pct"", "">="", 0.12721445221445216]]",2,134,42,0.31343283582089554,0.08335820895522389,54,0.3333333333333333,0.10574074074074076,16,0.3125,0.194375,26,0.3076923076923077,0.15384615384615385,0.5555555555555556,10,18,-1.0,0.0037882834757834716,0.10574074074074076,False,False,0.2242483278952632,adv_hc_prior_quality|adv_hc_prior_win_pct
LONG,FAV55_65,AWAY,"[[""adv_dc_prior_quality"", ""<="", -0.02379464285714294]]",1,136,90,0.6617647058823529,0.11128546031156605,38,0.631578947368421,0.0707229506099725,52,0.6923076923076923,0.16065104509938924,46,0.6521739130434783,0.08898904639186496,0.6111111111111112,11,18,-0.44144144144144143,-0.026697951462815908,0.0707229506099725,False,False,0.22420873114073586,adv_dc_prior_quality
MODERN,DOG35_44,ANY,"[[""coachq_prev_hc_prior_quality"", "">="", 0.6145104895104896], [""coachq_prev_oc_prior_role_seasons"", ""<="", 4.0]]",2,201,90,0.44776119402985076,0.11452736318407962,60,0.48333333333333334,0.19933333333333333,22,0.45454545454545453,0.18772727272727277,71,0.4507042253521127,0.10197183098591547,0.6111111111111112,11,18,-0.41888888888888887,-0.09155847204438758,0.10197183098591547,False,False,0.2241971403490349,coachq_prev_hc_prior_quality|coachq_prev_oc_prior_role_seasons
MODERN,DOG35_44,ANY,"[[""coachq_prev_hc_prior_win_pct"", "">="", 0.6145104895104896], [""coachq_prev_oc_prior_role_seasons"", ""<="", 4.0]]",2,201,90,0.44776119402985076,0.11452736318407962,60,0.48333333333333334,0.19933333333333333,22,0.45454545454545453,0.18772727272727277,71,0.4507042253521127,0.10197183098591547,0.6111111111111112,11,18,-0.41888888888888887,-0.09155847204438758,0.10197183098591547,False,False,0.2241971403490349,coachq_prev_hc_prior_win_pct|coachq_prev_oc_prior_role_seasons
MODERN,PK_55,AWAY,"[[""coachq_oc_quality_delta_vs_departed"", "">="", -0.09635416666666663], [""coachq_staff_quality_min"", ""<="", 0.46153846153846156]]",2,89,49,0.550561797752809,0.11954091681093475,39,0.5641025641025641,0.13483464083008792,13,0.6923076923076923,0.4042490842490843,21,0.5238095238095238,0.0806333059539605,0.75,12,16,-1.0,-0.1889085565856256,0.0806333059539605,False,False,0.22395343438739657,coachq_oc_quality_delta_vs_departed|coachq_staff_quality_min
MODERN,DOG35_44,ANY,"[[""coachonly_hc_oc_quality_mean"", ""<="", 0.39092548076923084], [""coachq_oc_recent_quality"", ""<="", 0.4375]]",2,125,55,0.44,0.10808000000000001,40,0.45,0.12125000000000004,27,0.4444444444444444,0.11407407407407408,27,0.4444444444444444,0.11074074074074075,0.5625,9,16,-0.49000000000000005,-0.006921296296296314,0.11074074074074075,False,False,0.22367084100090184,coachonly_hc_oc_quality_mean|coachq_oc_recent_quality
LONG,DOG20_34,ANY,"[[""coachq_oc_prior_quality"", "">="", 0.65625], [""coachq_staff_quality_min"", "">="", 0.5]]",2,132,46,0.3484848484848485,0.21060606060606057,35,0.34285714285714286,0.1677142857142857,43,0.3953488372093023,0.3627906976744186,54,0.3148148148148148,0.11722222222222223,0.5294117647058824,9,17,-1.0,-0.14803026947212994,0.11722222222222223,False,False,0.22277392998944115,coachq_oc_prior_quality|coachq_staff_quality_min
LONG,PK_55,AWAY,"[[""coachq_dc_quality_delta_vs_departed"", "">="", -0.006696428571428603]]",1,155,85,0.5483870967741935,0.10633297760488114,46,0.5652173913043478,0.13739477195733385,63,0.5396825396825397,0.08374166696689861,46,0.5434782608695652,0.10621145651749136,0.5555555555555556,10,18,-0.5163551401869159,-0.004356762944624865,0.08374166696689861,False,False,0.22082354726877612,coachq_dc_quality_delta_vs_departed
MODERN,DOG35_44,HOME,"[[""coachq_prev_hc_prior_role_seasons"", ""<="", 0.0], [""coachq_prev_oc_prior_role_seasons"", ""<="", 2.0]]",2,92,40,0.43478260869565216,0.09076086956521741,18,0.4444444444444444,0.13,16,0.5,0.24625000000000002,25,0.44,0.1052,0.6428571428571429,9,14,-1.0,-0.08292500000000001,0.1052,False,False,0.2201686602736192,coachq_prev_hc_prior_role_seasons|coachq_prev_oc_prior_role_seasons
MODERN,DOG35_49,AWAY,"[[""coachq_prev_dc_prior_win_pct"", ""<="", 0.5038461538461538], [""coachonly_hc_oc_quality_mean"", ""<="", 0.44230769230769235]]",2,113,52,0.46017699115044247,0.08637168141592917,57,0.47368421052631576,0.11157894736842107,13,0.5384615384615384,0.1938461538461539,20,0.45,0.10799999999999994,0.5882352941176471,10,17,-1.0,-0.04471255060728753,0.10799999999999994,False,False,0.21866194316864812,coachonly_hc_oc_quality_mean|coachq_prev_dc_prior_win_pct
LONG,DOG35_49,AWAY,"[[""coachq_oc_prior_win_pct"", ""<="", 0.4608391608391609], [""coachonly_upgrade_minus_downgrade"", "">="", 1.0]]",2,76,36,0.47368421052631576,0.11197368421052627,20,0.5,0.15950000000000003,33,0.45454545454545453,0.09545454545454544,23,0.4782608695652174,0.09434782608695656,0.6,9,15,-1.0,-0.03312944664031618,0.09434782608695656,False,False,0.21657987180400984,coachonly_upgrade_minus_downgrade|coachq_oc_prior_win_pct
MODERN,DOG35_49,AWAY,"[[""coachq_prev_dc_recent_quality"", ""<="", 0.3046875]]",1,164,80,0.4878048780487805,0.16335365853658537,68,0.4411764705882353,0.07088235294117648,18,0.6111111111111112,0.42055555555555557,43,0.46511627906976744,0.08860465116279069,0.6111111111111112,11,18,-0.395,-0.15711430308557534,0.07088235294117648,False,False,0.2151508291147026,coachq_prev_dc_recent_quality
MODERN,PK_55,AWAY,"[[""coachq_dc_quality_delta_vs_departed"", "">="", -0.00416666666666668]]",1,147,80,0.54421768707483,0.0990128119376579,58,0.5517241379310345,0.10958202292593354,27,0.5925925925925926,0.19662862506970813,37,0.5405405405405406,0.08934397296769196,0.5555555555555556,10,18,-0.5163551401869159,-0.06376135103012888,0.08934397296769196,False,False,0.21012210059645714,coachq_dc_quality_delta_vs_departed
LONG,DOG35_44,ANY,"[[""coachq_oc_prior_win_pct"", "">="", 0.6153846153846154], [""coachq_staff_quality_mean"", "">="", 0.6215678418803419]]",2,114,52,0.45614035087719296,0.11850877192982456,35,0.4857142857142857,0.21771428571428575,41,0.43902439024390244,0.06780487804878049,38,0.4473684210526316,0.0818421052631579,0.6111111111111112,11,18,-1.0,-0.060917476618375224,0.06780487804878049,False,False,0.20981306595311047,coachq_oc_prior_win_pct|coachq_staff_quality_mean
MODERN,PK_55,AWAY,"[[""coachq_oc_recent_quality"", ""<="", 0.546875], [""coachq_oc_prior_quality"", ""<="", 0.54296875]]",2,112,61,0.5446428571428571,0.09470994648966387,43,0.6046511627906976,0.23035062781232027,16,0.5625,0.14218855218855228,29,0.5517241379310345,0.08286096172524124,0.6111111111111112,11,18,-0.5720000000000001,-0.10340862827519504,0.08286096172524124,False,False,0.20868526092013634,coachq_oc_prior_quality|coachq_oc_recent_quality
MODERN,DOG35_44,ANY,"[[""coachonly_hc_oc_quality_mean"", ""<="", 0.39092548076923084]]",1,202,87,0.4306930693069307,0.084009900990099,56,0.42857142857142855,0.07035714285714287,34,0.4411764705882353,0.11794117647058826,60,0.43333333333333335,0.09216666666666667,0.5555555555555556,10,18,-1.0,-0.0019824929971988814,0.07035714285714287,False,False,0.2077781243095489,coachonly_hc_oc_quality_mean
MODERN,DOG35_44,ANY,"[[""coachonly_upgrade_minus_downgrade"", "">="", 2.0]]",1,201,91,0.4527363184079602,0.13532338308457711,73,0.4383561643835616,0.09986301369863015,39,0.6153846153846154,0.5456410256410257,62,0.43548387096774194,0.08967741935483872,0.5882352941176471,10,17,-0.56,-0.2330746003149892,0.08967741935483872,False,False,0.207487939576195,coachonly_upgrade_minus_downgrade
LONG,DOG35_44,ANY,"[[""coachq_dc_prior_win_pct"", "">="", 0.6223776223776223], [""adv_staff_upgrade_count"", "">="", 0.0]]",2,116,56,0.4827586206896552,0.19732758620689655,39,0.5384615384615384,0.3125641025641025,40,0.475,0.19150000000000003,37,0.43243243243243246,0.08216216216216218,0.5294117647058824,9,17,-0.48599999999999993,-0.16986988911988907,0.08216216216216218,False,False,0.20491844465139933,adv_staff_upgrade_count|coachq_dc_prior_win_pct
MODERN,DOG35_44,HOME,"[[""coachq_prev_oc_recent_quality"", "">="", 0.65625]]",1,113,49,0.4336283185840708,0.08256637168141591,29,0.4827586206896552,0.18793103448275866,16,0.4375,0.10125,50,0.44,0.115,0.5,9,18,-1.0,-0.02959051724137933,0.10125,False,False,0.20437209679154816,coachq_prev_oc_recent_quality
