event_date,year,event_name,weight_class,fighter_1,fighter_2,favorite,underdog,favorite_age,underdog_age,younger_advantage,market_prob,favorite_decimal_odds,won,profit,snapshot_mode,snapshot_rows,source_values,region_values,adding_date_selected,fight_url
2024-01-13,2024,UFC Fight Night 234 - Ankalaev vs. Walker 2,,Waldo Cortes-Acosta,Andrei Arlovski,Waldo Cortes-Acosta,Andrei Arlovski,32.279923612394505,44.94000561270936,12.660082000314858,0.8115183246073299,1.1612903225806452,True,8.064516129032262,historical_import_fallback,1,zewnetrzne,us,2025-07-27 09:10:07.798897+00:00,http://ufcstats.com/fight-details/6f13fe34cb3ca906
2024-01-13,2024,UFC Fight Night 234 - Ankalaev vs. Walker 2,,Marcus McGhee,Gaston Bolanos,Marcus McGhee,Gaston Bolanos,33.687207813986596,31.329869880969493,-2.357337933017103,0.6853932584269663,1.4,True,19.999999999999996,historical_import_fallback,1,zewnetrzne,us,2025-07-27 09:10:07.798897+00:00,http://ufcstats.com/fight-details/03de7404decde12f
2024-01-13,2024,UFC Fight Night 234 - Ankalaev vs. Walker 2,,Farid Basharat,Taylor Lapilus,Farid Basharat,Taylor Lapilus,26.448181687508985,31.765197095080666,5.317015407571681,0.7449664429530202,1.2666666666666666,True,13.33333333333333,historical_import_fallback,1,zewnetrzne,us,2025-07-27 09:10:07.798897+00:00,http://ufcstats.com/fight-details/477c3b9de012e4b3
2024-01-13,2024,UFC Fight Night 234 - Ankalaev vs. Walker 2,,Mario Bautista,Ricky Simon,Ricky Simon,Mario Bautista,31.36820057906733,30.535876848942824,-0.8323237301245072,0.6067415730337078,1.5555555555555556,False,-50.0,historical_import_fallback,1,zewnetrzne,us,2025-07-27 09:10:07.798897+00:00,http://ufcstats.com/fight-details/a8239866e1222eae
2024-01-13,2024,UFC Fight Night 234 - Ankalaev vs. Walker 2,,Felipe Bunes,Joshua Van,Joshua Van,Felipe Bunes,22.25918396681657,34.20741014531441,11.948226178497844,0.7055341817105653,1.3355704697986577,True,16.778523489932883,historical_import_fallback,1,zewnetrzne,us,2025-07-27 09:10:07.798897+00:00,http://ufcstats.com/fight-details/fd29123ff92789e4
2024-01-13,2024,UFC Fight Night 234 - Ankalaev vs. Walker 2,,Westin Wilson,Jean Silva,Jean Silva,Westin Wilson,27.04504541503248,34.96854829325722,7.923502878224742,0.8677165354330709,1.1052631578947367,True,5.263157894736836,historical_import_fallback,1,zewnetrzne,us,2025-07-27 09:10:07.798897+00:00,http://ufcstats.com/fight-details/0494ebcee93e717b
2024-01-13,2024,UFC Fight Night 234 - Ankalaev vs. Walker 2,,Nikolas Motta,Tom Nolan,Tom Nolan,Nikolas Motta,23.84990793787689,30.92739755094218,7.077489613065293,0.7508125677139762,1.2777777777777777,False,-50.0,historical_import_fallback,1,zewnetrzne,us,2025-07-27 09:10:07.798897+00:00,http://ufcstats.com/fight-details/5344e76e26503716
2024-01-20,2024,UFC 297 - Strickland vs. Du Plessis,,Mike Malott,Neil Magny,Mike Malott,Neil Magny,32.20326221619882,36.46618342607993,4.262921209881107,0.76,1.263157894736842,False,-50.0,historical_import_fallback,1,zewnetrzne,us,2025-07-27 09:10:07.798897+00:00,http://ufcstats.com/fight-details/97817609ed46baa0
2024-01-20,2024,UFC 297 - Strickland vs. Du Plessis,,Dricus Du Plessis,Sean Strickland,Dricus Du Plessis,Sean Strickland,30.015674517615007,32.89595268896692,2.8802781713519146,0.5043297540699689,1.8928571428571428,True,44.64285714285714,historical_import_fallback,1,zewnetrzne,us,2025-07-27 09:10:07.798897+00:00,http://ufcstats.com/fight-details/14e53999507c76a7
2024-01-20,2024,UFC 297 - Strickland vs. Du Plessis,,Garrett Armfield,Brad Katona,Brad Katona,Garrett Armfield,32.08827012190531,27.28050541763349,-4.807764704271822,0.6750312469954812,1.4201680672268908,False,-50.0,historical_import_fallback,1,zewnetrzne,us,2025-07-27 09:10:07.798897+00:00,http://ufcstats.com/fight-details/670e4754d8d3d172
2024-01-20,2024,UFC 297 - Strickland vs. Du Plessis,,Polyana Viana,Gillian Robertson,Gillian Robertson,Polyana Viana,28.679575898204618,31.600922674661355,2.921346776456737,0.7179705215419501,1.3355704697986577,True,16.778523489932883,historical_import_fallback,1,zewnetrzne,us,2025-07-27 09:10:07.798897+00:00,http://ufcstats.com/fight-details/dff2685afd98ed9e
2024-01-20,2024,UFC 297 - Strickland vs. Du Plessis,,Movsar Evloev,Arnold Allen,Movsar Evloev,Arnold Allen,29.93901312141933,29.9937712615591,0.05475814013977143,0.6574752261956054,1.4587155963302751,True,22.935779816513758,historical_import_fallback,1,zewnetrzne,us,2025-07-27 09:10:07.798897+00:00,http://ufcstats.com/fight-details/1a7cd191f0cf160c
2024-02-03,2024,UFC Fight Night 235 - Dolidze vs. Imavov,,Viviane Araujo,Natalia Silva,Natalia Silva,Viviane Araujo,26.998500995913673,37.20268041095984,10.20417941504617,0.7408716136631331,1.2941176470588236,True,14.70588235294118,historical_import_fallback,1,zewnetrzne,us,2025-07-27 09:10:07.798897+00:00,http://ufcstats.com/fight-details/7b1882dc76786d77
2024-02-10,2024,UFC Fight Night 236 - Hermansson vs. Pyfer,,Robert Bryczek,Ihor Potieria,Robert Bryczek,Ihor Potieria,33.605070603776944,27.70214309670972,-5.902927507067226,0.6690070210631895,1.434782608695652,False,-50.0,historical_import_fallback,1,zewnetrzne,us,2025-07-27 09:10:07.798897+00:00,http://ufcstats.com/fight-details/17050a7b673dc49d
2024-02-10,2024,UFC Fight Night 236 - Hermansson vs. Pyfer,,Jack Hermansson,Joe Pyfer,Joe Pyfer,Jack Hermansson,27.398235418933996,35.66945248704628,8.271217068112282,0.6853932584269663,1.4,False,-50.0,historical_import_fallback,1,zewnetrzne,us,2025-07-27 09:10:07.798897+00:00,http://ufcstats.com/fight-details/406f2aacd1d1faf9
2024-02-10,2024,UFC Fight Night 236 - Hermansson vs. Pyfer,,Carlos Prates,Trevin Giles,Carlos Prates,Trevin Giles,30.483856615810044,31.513309650437723,1.0294530346276787,0.690792883054068,1.3875968992248062,True,19.379844961240313,historical_import_fallback,1,zewnetrzne,us,2025-07-27 09:10:07.798897+00:00,http://ufcstats.com/fight-details/246fef4b19c3a7ed
2024-02-17,2024,UFC 298 - Volkanovski vs. Topuria,,Merab Dvalishvili,Henry Cejudo,Merab Dvalishvili,Henry Cejudo,33.10403362149805,37.0219785484986,3.917944927000555,0.7179705215419501,1.3355704697986577,True,16.778523489932883,historical_import_fallback,1,zewnetrzne,us,2025-07-27 09:10:07.798897+00:00,http://ufcstats.com/fight-details/9785420602b452f7
2024-02-17,2024,UFC 298 - Volkanovski vs. Topuria,,Amanda Lemos,Mackenzie Dern,Amanda Lemos,Mackenzie Dern,36.74271203378577,30.902756387879286,-5.839955645906485,0.593369754159424,1.617283950617284,True,30.864197530864203,historical_import_fallback,1,zewnetrzne,us,2025-07-27 09:10:07.798897+00:00,http://ufcstats.com/fight-details/2aeb3ec2d8c05dc8
2024-02-17,2024,UFC 298 - Volkanovski vs. Topuria,,Junior Tafa,Marcos Rogerio de Lima,Marcos Rogerio de Lima,Junior Tafa,38.64829531064977,27.40644913995496,-11.24184617069481,0.6690070210631895,1.434782608695652,True,21.739130434782606,historical_import_fallback,1,zewnetrzne,us,2025-07-27 09:10:07.798897+00:00,http://ufcstats.com/fight-details/1456a3f96ac7e35b
2024-02-17,2024,UFC 298 - Volkanovski vs. Topuria,,Paulo Costa,Robert Whittaker,Robert Whittaker,Paulo Costa,33.1615296686448,32.827505013792205,-0.33402465485259825,0.644729178800233,1.4878048780487805,True,24.390243902439025,historical_import_fallback,1,zewnetrzne,us,2025-07-27 09:10:07.798897+00:00,http://ufcstats.com/fight-details/01432891260084a4
2024-02-24,2024,UFC Fight Night 237 - Moreno vs. Royval 2,,Daniel Lacerda,Edgar Chairez,Edgar Chairez,Daniel Lacerda,28.077236356667147,27.721308445758638,-0.35592791090850895,0.8,1.2,True,9.999999999999998,historical_import_fallback,1,zewnetrzne,us,2025-07-27 09:10:07.798897+00:00,http://ufcstats.com/fight-details/1c03c1bb62f3aed6
2024-02-24,2024,UFC Fight Night 237 - Moreno vs. Royval 2,,Brandon Royval,Brandon Moreno,Brandon Moreno,Brandon Royval,30.21554172912517,31.524261278465676,1.3087195493405055,0.7220792588780237,1.3278688524590163,False,-50.0,historical_import_fallback,1,zewnetrzne,us,2025-07-27 09:10:07.798897+00:00,http://ufcstats.com/fight-details/74f5cbecac011abb
2024-02-24,2024,UFC Fight Night 237 - Moreno vs. Royval 2,,Chris Duncan,Manuel Torres,Manuel Torres,Chris Duncan,28.920511714819607,30.793240107599743,1.872728392780136,0.6037569709421778,1.5882352941176472,True,29.41176470588236,historical_import_fallback,1,zewnetrzne,us,2025-07-27 09:10:07.798897+00:00,http://ufcstats.com/fight-details/673a156925dfb31d
2024-02-24,2024,UFC Fight Night 237 - Moreno vs. Royval 2,,Sam Hughes,Yazmin Jauregui,Yazmin Jauregui,Sam Hughes,24.988877252784107,31.658418721808115,6.669541469024008,0.8524590163934427,1.125,True,6.25,historical_import_fallback,1,zewnetrzne,us,2025-07-27 09:10:07.798897+00:00,http://ufcstats.com/fight-details/6e4acb2aaa2cee56
2024-02-24,2024,UFC Fight Night 237 - Moreno vs. Royval 2,,Raoni Barcelos,Cristian Quinonez,Raoni Barcelos,Cristian Quinonez,36.81937342998145,27.83082472603818,-8.988548703943266,0.593369754159424,1.617283950617284,True,30.864197530864203,historical_import_fallback,1,zewnetrzne,us,2025-07-27 09:10:07.798897+00:00,http://ufcstats.com/fight-details/063e7ce759c52f81
2024-02-24,2024,UFC Fight Night 237 - Moreno vs. Royval 2,,Victor Altamirano,Felipe dos Santos,Felipe dos Santos,Victor Altamirano,23.452911421863558,33.08760617945612,9.634694757592559,0.7095435684647303,1.350877192982456,True,17.543859649122794,historical_import_fallback,1,zewnetrzne,us,2025-07-27 09:10:07.798897+00:00,http://ufcstats.com/fight-details/93ddc6b233d1956a
2024-03-02,2024,UFC Fight Night 238 - Rozenstruik vs. Gaziev,,Bekzat Almakhan,Umar Nurmagomedov,Umar Nurmagomedov,Bekzat Almakhan,28.16211147388379,26.39889936138319,-1.7632121125006002,0.8933823529411765,1.074074074074074,True,3.703703703703698,historical_import_fallback,1,zewnetrzne,us,2025-07-27 09:10:07.798897+00:00,http://ufcstats.com/fight-details/dcf5014e56649c2f
2024-03-02,2024,UFC Fight Night 238 - Rozenstruik vs. Gaziev,,Javid Basharat,Aiemann Zahabi,Javid Basharat,Aiemann Zahabi,28.48518450070843,36.28548156361869,7.800297062910257,0.8524590163934427,1.125,False,-50.0,historical_import_fallback,1,zewnetrzne,us,2025-07-27 09:10:07.798897+00:00,http://ufcstats.com/fight-details/a7d397cd0f2ac93a
2024-03-02,2024,UFC Fight Night 238 - Rozenstruik vs. Gaziev,,Jairzinho Rozenstruik,Shamil Gaziev,Shamil Gaziev,Jairzinho Rozenstruik,34.056825259930044,35.959670629787055,1.9028453698570118,0.6164383561643836,1.5555555555555556,False,-50.0,historical_import_fallback,1,zewnetrzne,us,2025-07-27 09:10:07.798897+00:00,http://ufcstats.com/fight-details/838fd9d2b14e0790
2024-03-02,2024,UFC Fight Night 238 - Rozenstruik vs. Gaziev,,Eryk Anders,Jamie Pickett,Eryk Anders,Jamie Pickett,36.865917849100256,35.507915973633956,-1.3580018754663001,0.8081570996978852,1.1869158878504673,True,9.345794392523366,historical_import_fallback,1,zewnetrzne,us,2025-07-27 09:10:07.798897+00:00,http://ufcstats.com/fight-details/32bd7ed48f5aea7e
2024-03-02,2024,UFC Fight Night 238 - Rozenstruik vs. Gaziev,,Christian Leroy Duncan,Claudio Ribeiro,Christian Leroy Duncan,Claudio Ribeiro,28.608390316022916,31.62556383772425,3.0171735217013342,0.771505376344086,1.2439024390243902,True,12.195121951219512,historical_import_fallback,1,zewnetrzne,us,2025-07-27 09:10:07.798897+00:00,http://ufcstats.com/fight-details/3ea7d69a1238f26a
2024-03-02,2024,UFC Fight Night 238 - Rozenstruik vs. Gaziev,,Abdul-Kareem Al-Selwady,Loik Radzhabov,Abdul-Kareem Al-Selwady,Loik Radzhabov,28.89587055175671,33.457223625399564,4.561353073642856,0.551441114716549,1.7407407407407407,False,-50.0,historical_import_fallback,1,zewnetrzne,us,2025-07-27 09:10:07.798897+00:00,http://ufcstats.com/fight-details/ba8f219260e212f8
2024-03-02,2024,UFC Fight Night 238 - Rozenstruik vs. Gaziev,,Steve Erceg,Matt Schnell,Steve Erceg,Matt Schnell,28.60017659500195,34.12801084211175,5.527834247109798,0.7957758771164253,1.2061855670103092,True,10.309278350515461,historical_import_fallback,1,zewnetrzne,us,2025-07-27 09:10:07.798897+00:00,http://ufcstats.com/fight-details/024beecfd3f0ed7a
2024-03-02,2024,UFC Fight Night 238 - Rozenstruik vs. Gaziev,,Muhammad Mokaev,Alex Perez,Muhammad Mokaev,Alex Perez,23.58980677221298,31.948636864548895,8.358830092335914,0.771505376344086,1.2439024390243902,True,12.195121951219512,historical_import_fallback,1,zewnetrzne,us,2025-07-27 09:10:07.798897+00:00,http://ufcstats.com/fight-details/5a82757b553c40fc
2024-03-09,2024,UFC 299 - O'Malley vs. Vera 2,,Mateusz Gamrot,Rafael dos Anjos,Mateusz Gamrot,Rafael dos Anjos,33.24366687885446,39.36836485348775,6.1246979746332855,0.7957758771164253,1.2061855670103092,True,10.309278350515461,historical_import_fallback,1,zewnetrzne,us,2025-07-27 09:10:07.798897+00:00,http://ufcstats.com/fight-details/8baff440b82afd2b
2024-03-09,2024,UFC 299 - O'Malley vs. Vera 2,,Pedro Munhoz,Kyler Phillips,Kyler Phillips,Pedro Munhoz,28.74254775936535,37.50385018172857,8.761302422363222,0.6750312469954812,1.4201680672268908,True,21.00840336134454,historical_import_fallback,1,zewnetrzne,us,2025-07-27 09:10:07.798897+00:00,http://ufcstats.com/fight-details/ebb758b49e82d0ed
2024-03-09,2024,UFC 299 - O'Malley vs. Vera 2,,Michael Page,Kevin Holland,Kevin Holland,Michael Page,31.340821508997447,36.92341389624701,5.582592387249566,0.5634920634920635,1.704225352112676,False,-50.0,historical_import_fallback,1,zewnetrzne,us,2025-07-27 09:10:07.798897+00:00,http://ufcstats.com/fight-details/270edfb687c0d20c
2024-03-09,2024,UFC 299 - O'Malley vs. Vera 2,,Philipe Lins,Ion Cutelaba,Ion Cutelaba,Philipe Lins,30.23470707817409,38.56068228642614,8.325975208252054,0.551441114716549,1.7407407407407407,False,-50.0,historical_import_fallback,1,zewnetrzne,us,2025-07-27 09:10:07.798897+00:00,http://ufcstats.com/fight-details/7bc7af11050e861b
2024-03-09,2024,UFC 299 - O'Malley vs. Vera 2,,Sean O'Malley,Marlon Vera,Sean O'Malley,Marlon Vera,29.3750042779797,31.266898019808757,1.8918937418290582,0.7135512302607419,1.3448275862068966,True,17.24137931034483,historical_import_fallback,1,zewnetrzne,us,2025-07-27 09:10:07.798897+00:00,http://ufcstats.com/fight-details/894c44c3d04aaf6f
2024-03-09,2024,UFC 299 - O'Malley vs. Vera 2,,Jack Della Maddalena,Gilbert Burns,Jack Della Maddalena,Gilbert Burns,27.494062164178594,37.63800762507101,10.143945460892418,0.6037569709421778,1.5882352941176472,True,29.41176470588236,historical_import_fallback,1,zewnetrzne,us,2025-07-27 09:10:07.798897+00:00,http://ufcstats.com/fight-details/68f7f992603192c6
2024-03-16,2024,UFC Fight Night 239 - Tuivasa vs. Tybura,,Christian Rodriguez,Isaac Dulgarian,Isaac Dulgarian,Christian Rodriguez,27.69940518970273,26.245576568991833,-1.4538286207108975,0.644729178800233,1.4878048780487805,False,-50.0,historical_import_fallback,1,zewnetrzne,us,2025-07-27 09:10:07.798897+00:00,http://ufcstats.com/fight-details/acc7392d48cc09a0
2024-03-16,2024,UFC Fight Night 239 - Tuivasa vs. Tybura,,Marcin Tybura,Tai Tuivasa,Tai Tuivasa,Marcin Tybura,31.001321040130872,38.34986344688802,7.348542406757151,0.5173641257162701,1.847457627118644,False,-50.0,historical_import_fallback,1,zewnetrzne,us,2025-07-27 09:10:07.798897+00:00,http://ufcstats.com/fight-details/8bc0c220f7dcefa7
2024-03-23,2024,UFC on ESPN 53 - Ribas vs. Namajunas,,Ricardo Ramos,Julian Erosa,Ricardo Ramos,Julian Erosa,28.643983107113765,34.64547526643258,6.001492159318811,0.6092362344582594,1.5714285714285714,False,-50.0,historical_import_fallback,1,zewnetrzne,us,2025-07-27 09:10:07.798897+00:00,http://ufcstats.com/fight-details/8c8337ce8437fe2e
2024-03-23,2024,UFC on ESPN 53 - Ribas vs. Namajunas,,Trey Ogden,Kurt Holobaugh,Trey Ogden,Kurt Holobaugh,34.35525712369179,37.53944297281943,3.184185849127637,0.5324675324675325,1.8,True,40.0,historical_import_fallback,1,zewnetrzne,us,2025-07-27 09:10:07.798897+00:00,http://ufcstats.com/fight-details/de7cb625bdec0f91
2024-03-23,2024,UFC on ESPN 53 - Ribas vs. Namajunas,,Fernando Padilla,Luis Pajuelo,Fernando Padilla,Luis Pajuelo,27.269553789605535,29.26275009069317,1.993196301087636,0.6164383561643836,1.5555555555555556,True,27.77777777777778,historical_import_fallback,1,zewnetrzne,us,2025-07-27 09:10:07.798897+00:00,http://ufcstats.com/fight-details/a1294453a28beda3
2024-03-23,2024,UFC on ESPN 53 - Ribas vs. Namajunas,,Cody Gibson,Miles Johns,Miles Johns,Cody Gibson,29.982819633531147,36.53189319424766,6.549073560716511,0.5634920634920635,1.704225352112676,True,35.2112676056338,historical_import_fallback,1,zewnetrzne,us,2025-07-27 09:10:07.798897+00:00,http://ufcstats.com/fight-details/48ff3f1bcefbf965
2024-03-30,2024,UFC on ESPN 54 - Blanchfield vs. Fiorot,,Nursulton Ruziboev,Sedriques Dumas,Nursulton Ruziboev,Sedriques Dumas,30.36065080049556,28.649458921127742,-1.7111918793678171,0.690792883054068,1.3875968992248062,True,19.379844961240313,historical_import_fallback,1,zewnetrzne,us,2025-07-27 09:10:07.798897+00:00,http://ufcstats.com/fight-details/e30250daa73005a8
2024-03-30,2024,UFC on ESPN 54 - Blanchfield vs. Fiorot,,Joaquin Buckley,Vicente Luque,Vicente Luque,Joaquin Buckley,32.34015756654825,29.925323586384387,-2.4148339801638627,0.5720596355604639,1.6756756756756757,False,-50.0,historical_import_fallback,1,zewnetrzne,us,2025-07-27 09:10:07.798897+00:00,http://ufcstats.com/fight-details/de12349f334c964e
2024-03-30,2024,UFC on ESPN 54 - Blanchfield vs. Fiorot,,Rhys McKee,Chidi Njokuani,Chidi Njokuani,Rhys McKee,35.245076900963056,28.553632175883145,-6.691444725079911,0.5427435387673957,1.7692307692307692,True,38.46153846153846,historical_import_fallback,1,zewnetrzne,us,2025-07-27 09:10:07.798897+00:00,http://ufcstats.com/fight-details/eb9f9f61507497a5
2024-03-30,2024,UFC on ESPN 54 - Blanchfield vs. Fiorot,,Jamall Emmers,Nate Landwehr,Jamall Emmers,Nate Landwehr,34.683805964530414,35.81456155841667,1.1307555938862563,0.6037569709421778,1.5882352941176472,False,-50.0,historical_import_fallback,1,zewnetrzne,us,2025-07-27 09:10:07.798897+00:00,http://ufcstats.com/fight-details/636b01ee49925e49
2024-03-30,2024,UFC on ESPN 54 - Blanchfield vs. Fiorot,,Dennis Buzukja,Connor Matthews,Dennis Buzukja,Connor Matthews,26.494726106627787,31.83090686324839,5.336180756620603,0.5173641257162701,1.847457627118644,True,42.3728813559322,historical_import_fallback,1,zewnetrzne,us,2025-07-27 09:10:07.798897+00:00,http://ufcstats.com/fight-details/f59cefe16905d62c
2024-04-06,2024,UFC Fight Night 240 - Allen vs. Curtis 2,,Damon Jackson,Alexander Hernandez,Alexander Hernandez,Damon Jackson,31.513309650437723,35.66123876602531,4.147929115587591,0.6224665518611737,1.5405405405405406,False,-50.0,historical_import_fallback,1,zewnetrzne,us,2025-07-27 09:10:07.798897+00:00,http://ufcstats.com/fight-details/9c22ddb8d8fc1838
2024-04-06,2024,UFC Fight Night 240 - Allen vs. Curtis 2,,Norma Dumont,Germaine de Randamie,Norma Dumont,Germaine de Randamie,33.51471967254632,39.951539045976304,6.436819373429984,0.5108342361863489,1.869565217391304,True,43.4782608695652,historical_import_fallback,1,zewnetrzne,us,2025-07-27 09:10:07.798897+00:00,http://ufcstats.com/fight-details/188e6416157e5a1f
2024-04-06,2024,UFC Fight Night 240 - Allen vs. Curtis 2,,Victor Hugo,Pedro Falcao,Victor Hugo,Pedro Falcao,31.37093848607432,31.685797791878,0.3148593058036795,0.5829926410466068,1.6451612903225803,True,32.25806451612902,historical_import_fallback,1,zewnetrzne,us,2025-07-27 09:10:07.798897+00:00,http://ufcstats.com/fight-details/5c3b8819dbe98114
2024-04-06,2024,UFC Fight Night 240 - Allen vs. Curtis 2,,Lukasz Brzeski,Valter Walker,Valter Walker,Lukasz Brzeski,26.311286337159558,31.888402910395147,5.577116573235589,0.6853932584269663,1.4,False,-50.0,historical_import_fallback,1,zewnetrzne,us,2025-07-27 09:10:07.798897+00:00,http://ufcstats.com/fight-details/ff5a8078ea85bbc7
2024-04-06,2024,UFC Fight Night 240 - Allen vs. Curtis 2,,Jean Matsumoto,Dan Argueta,Jean Matsumoto,Dan Argueta,24.575453294728845,30.648131036229355,6.0726777415005095,0.5829926410466068,1.6451612903225803,True,32.25806451612902,historical_import_fallback,1,zewnetrzne,us,2025-07-27 09:10:07.798897+00:00,http://ufcstats.com/fight-details/1f7566c90343a680
2024-04-06,2024,UFC Fight Night 240 - Allen vs. Curtis 2,,Christos Giagos,Ignacio Bahamondes,Ignacio Bahamondes,Christos Giagos,26.609718200921304,34.201934331300436,7.592216130379132,0.725752508361204,1.3225806451612905,True,16.129032258064523,historical_import_fallback,1,zewnetrzne,us,2025-07-27 09:10:07.798897+00:00,http://ufcstats.com/fight-details/6ff21ea2c75c48ed
2024-04-06,2024,UFC Fight Night 240 - Allen vs. Curtis 2,,Dylan Budka,Cesar Almeida,Dylan Budka,Cesar Almeida,24.227739104841305,36.025380397954784,11.797641293113479,0.5996387718242023,1.6024096385542168,False,-50.0,historical_import_fallback,1,zewnetrzne,us,2025-07-27 09:10:07.798897+00:00,http://ufcstats.com/fight-details/3cf5e0ebb5f8322c
2024-04-13,2024,UFC 300 - Pereira vs. Hill,,Cody Brundage,Bo Nickal,Bo Nickal,Cody Brundage,28.246986591100434,29.911634051349445,1.664647460249011,0.903954802259887,1.0625,True,3.125,historical_import_fallback,1,zewnetrzne,us,2025-07-27 09:10:07.798897+00:00,http://ufcstats.com/fight-details/0c2e3988793b418c
2024-04-13,2024,UFC 300 - Pereira vs. Hill,,Holly Holm,Kayla Harrison,Kayla Harrison,Holly Holm,33.7830345592312,42.48957884145465,8.706544282223454,0.786743515850144,1.21978021978022,True,10.989010989011005,historical_import_fallback,1,zewnetrzne,us,2025-07-27 09:10:07.798897+00:00,http://ufcstats.com/fight-details/b1ac165326d8f29e
2024-04-13,2024,UFC 300 - Pereira vs. Hill,,Diego Lopes,Sodiq Yusuff,Diego Lopes,Sodiq Yusuff,29.287391253756066,30.902756387879286,1.6153651341232198,0.5634920634920635,1.704225352112676,True,35.2112676056338,historical_import_fallback,1,zewnetrzne,us,2025-07-27 09:10:07.798897+00:00,http://ufcstats.com/fight-details/538ca98010ed00ec
2024-04-13,2024,UFC 300 - Pereira vs. Hill,,Alex Pereira,Jamahal Hill,Alex Pereira,Jamahal Hill,36.770091103855655,32.90416640998789,-3.8659246938677683,0.5427435387673957,1.7692307692307692,True,38.46153846153846,historical_import_fallback,1,zewnetrzne,us,2025-07-27 09:10:07.798897+00:00,http://ufcstats.com/fight-details/e4931f3ab3bf4141
2024-04-27,2024,UFC on ESPN 55 - Nicolau vs. Perez,,Victor Henry,Rani Yahya,Victor Henry,Rani Yahya,36.98364785040076,39.62299020513768,2.6393423547369252,0.757188498402556,1.2666666666666666,True,13.33333333333333,historical_import_fallback,1,zewnetrzne,us,2025-07-27 09:10:07.798897+00:00,http://ufcstats.com/fight-details/55231cc4112334b4
2024-04-27,2024,UFC on ESPN 55 - Nicolau vs. Perez,,Jonathan Pearce,David Onama,Jonathan Pearce,David Onama,31.98970546965372,29.889730795293538,-2.0999746743601833,0.593369754159424,1.617283950617284,False,-50.0,historical_import_fallback,1,zewnetrzne,us,2025-07-27 09:10:07.798897+00:00,http://ufcstats.com/fight-details/7ca5604d99220e88
2024-04-27,2024,UFC on ESPN 55 - Nicolau vs. Perez,,Marnic Mann,Ketlen Souza,Ketlen Souza,Marnic Mann,29.692601490790366,31.146430111501264,1.4538286207108975,0.7477827050997783,1.2816901408450705,True,14.084507042253524,historical_import_fallback,1,zewnetrzne,us,2025-07-27 09:10:07.798897+00:00,http://ufcstats.com/fight-details/4915c8a588513c22
2024-04-27,2024,UFC on ESPN 55 - Nicolau vs. Perez,,Don'Tale Mayes,Caio Machado,Caio Machado,Don'Tale Mayes,29.77200079399303,32.279923612394505,2.5079228184014752,0.551441114716549,1.7407407407407407,False,-50.0,historical_import_fallback,1,zewnetrzne,us,2025-07-27 09:10:07.798897+00:00,http://ufcstats.com/fight-details/417049c7a3d65ccc
2024-04-27,2024,UFC on ESPN 55 - Nicolau vs. Perez,,Austin Hubbard,Michal Figlak,Michal Figlak,Austin Hubbard,27.696667282695742,32.348371287569215,4.651704004873473,0.6092362344582594,1.5714285714285714,False,-50.0,historical_import_fallback,1,zewnetrzne,us,2025-07-27 09:10:07.798897+00:00,http://ufcstats.com/fight-details/681cd3cc6299d652
2024-05-04,2024,UFC 301 - Pantoja vs. Erceg,,Alexandre Pantoja,Steve Erceg,Alexandre Pantoja,Steve Erceg,34.05134944591607,28.772664736442227,-5.27868470947384,0.6164383561643836,1.5555555555555556,True,27.77777777777778,historical_import_fallback,1,zewnetrzne,us,2025-07-27 09:10:07.798897+00:00,http://ufcstats.com/fight-details/3f419fce8ba8aa0e
2024-05-04,2024,UFC 301 - Pantoja vs. Erceg,,Joanderson Brito,Jack Shore,Joanderson Brito,Jack Shore,29.227157299602318,29.24084683463726,0.013689535034941969,0.6574752261956054,1.4587155963302751,True,22.935779816513758,historical_import_fallback,1,zewnetrzne,us,2025-07-27 09:10:07.798897+00:00,http://ufcstats.com/fight-details/c456b1950208e0b2
2024-05-04,2024,UFC 301 - Pantoja vs. Erceg,,Myktybek Orolbai,Elves Brener,Myktybek Orolbai,Elves Brener,26.229149126949903,26.60150447990034,0.37235535295043576,0.6853932584269663,1.4,True,19.999999999999996,historical_import_fallback,1,zewnetrzne,us,2025-07-27 09:10:07.798897+00:00,http://ufcstats.com/fight-details/8a121f9c48f3773c
2024-05-04,2024,UFC 301 - Pantoja vs. Erceg,,Jose Aldo,Jonathan Martinez,Jonathan Martinez,Jose Aldo,30.040315680677907,37.651697160105954,7.611381479428047,0.5996387718242023,1.6024096385542168,False,-50.0,historical_import_fallback,1,zewnetrzne,us,2025-07-27 09:10:07.798897+00:00,http://ufcstats.com/fight-details/b3d88eaea611a4a8
2024-05-11,2024,UFC on ESPN 56 - Lewis vs. Nascimento,,Waldo Cortes-Acosta,Robelis Despaigne,Robelis Despaigne,Waldo Cortes-Acosta,35.66945248704628,32.60573454622614,-3.0637179408201405,0.6690070210631895,1.434782608695652,False,-50.0,historical_import_fallback,1,zewnetrzne,us,2025-07-27 09:10:07.798897+00:00,http://ufcstats.com/fight-details/e98eb6de29c62c9c
2024-05-11,2024,UFC on ESPN 56 - Lewis vs. Nascimento,,Jake Hadley,Charles Johnson,Charles Johnson,Jake Hadley,33.33401781008508,27.770590771884432,-5.563427038200647,0.5173641257162701,1.847457627118644,True,42.3728813559322,historical_import_fallback,1,zewnetrzne,us,2025-07-27 09:10:07.798897+00:00,http://ufcstats.com/fight-details/4b45f190122a1ce1
2024-05-11,2024,UFC on ESPN 56 - Lewis vs. Nascimento,,Terrance McKinney,Esteban Ribovics,Esteban Ribovics,Terrance McKinney,28.038905658569306,29.654270792692525,1.6153651341232198,0.5689655172413793,1.6666666666666663,True,33.333333333333314,historical_import_fallback,1,zewnetrzne,us,2025-07-27 09:10:07.798897+00:00,http://ufcstats.com/fight-details/8d9bcbb48888a5a3
2024-05-11,2024,UFC on ESPN 56 - Lewis vs. Nascimento,,Tabatha Ricci,Tecia Pennington,Tabatha Ricci,Tecia Pennington,29.218943578581353,34.735826197663194,5.516882619081841,0.5789895749799518,1.6578947368421053,True,32.89473684210527,historical_import_fallback,1,zewnetrzne,us,2025-07-27 09:10:07.798897+00:00,http://ufcstats.com/fight-details/13d8d5cd83e5b57e
2024-05-11,2024,UFC on ESPN 56 - Lewis vs. Nascimento,,Viacheslav Borshchev,Chase Hooper,Viacheslav Borshchev,Chase Hooper,32.34015756654825,24.66032841194549,-7.679829154602761,0.5101214574898786,1.8333333333333333,False,-50.0,historical_import_fallback,1,zewnetrzne,us,2025-07-27 09:10:07.798897+00:00,http://ufcstats.com/fight-details/420a5e3b4010ebef
2024-06-08,2024,UFC on ESPN 57 - Cannonier vs. Imavov,,Ricky Turcios,Raul Rosas Jr.,Raul Rosas Jr.,Ricky Turcios,19.66638603119845,31.009534761151837,11.343148729953388,0.7055341817105653,1.3355704697986577,True,16.778523489932883,historical_import_fallback,1,zewnetrzne,us,2025-07-27 09:10:07.798897+00:00,http://ufcstats.com/fight-details/b34abcfe4c2e8a57
2024-06-08,2024,UFC on ESPN 57 - Cannonier vs. Imavov,,Punahele Soriano,Miguel Baeza,Miguel Baeza,Punahele Soriano,31.79257616515055,31.543426627514595,-0.2491495376359545,0.6309403437815976,1.5208333333333337,False,-50.0,historical_import_fallback,1,zewnetrzne,us,2025-07-27 09:10:07.798897+00:00,http://ufcstats.com/fight-details/393f9bc7b51791a6
2024-06-08,2024,UFC on ESPN 57 - Cannonier vs. Imavov,,Dustin Jacoby,Dominick Reyes,Dustin Jacoby,Dominick Reyes,36.17870319034614,34.451083868936394,-1.7276193214097475,0.6744186046511629,1.4,False,-50.0,historical_import_fallback,1,zewnetrzne,us,2025-07-27 09:10:07.798897+00:00,http://ufcstats.com/fight-details/2d12ae4683bbf433
2024-06-15,2024,UFC on ESPN 58 - Perez vs. Taira,,Gabriella Fernandes,Carli Judice,Gabriella Fernandes,Carli Judice,30.83978452671855,25.290047023552845,-5.549737503165705,0.593369754159424,1.617283950617284,True,30.864197530864203,historical_import_fallback,1,zewnetrzne,us,2025-07-27 09:10:07.798897+00:00,http://ufcstats.com/fight-details/19ef5890b20f903a
2024-06-15,2024,UFC on ESPN 58 - Perez vs. Taira,,Douglas Silva de Andrade,Miles Johns,Miles Johns,Douglas Silva de Andrade,30.212803822118182,38.98231996550237,8.769516143384188,0.6067415730337078,1.5555555555555556,True,27.77777777777778,historical_import_fallback,1,zewnetrzne,us,2025-07-27 09:10:07.798897+00:00,http://ufcstats.com/fight-details/6bdb93f9b4581bf6
2024-06-15,2024,UFC on ESPN 58 - Perez vs. Taira,,Adam Fugitt,Josh Quinlan,Josh Quinlan,Adam Fugitt,31.35451104403239,35.42304085641731,4.06852981238492,0.558797046641455,1.6896551724137931,False,-50.0,historical_import_fallback,1,zewnetrzne,us,2025-07-27 09:10:07.798897+00:00,http://ufcstats.com/fight-details/ab7bc93bdf4132c4
2024-06-15,2024,UFC on ESPN 58 - Perez vs. Taira,,Alex Perez,Tatsuro Taira,Tatsuro Taira,Alex Perez,24.383799804239647,32.23611710028269,7.852317296043044,0.6805678793256433,1.3846153846153846,True,19.23076923076923,historical_import_fallback,1,zewnetrzne,us,2025-07-27 09:10:07.798897+00:00,http://ufcstats.com/fight-details/7f14be4e45bca6bd
2024-06-15,2024,UFC on ESPN 58 - Perez vs. Taira,,Garrett Armfield,Brady Hiestand,Garrett Armfield,Brady Hiestand,27.6829777476608,25.128510510140522,-2.554467237520278,0.7095435684647303,1.350877192982456,False,-50.0,historical_import_fallback,1,zewnetrzne,us,2025-07-27 09:10:07.798897+00:00,http://ufcstats.com/fight-details/fea3a0643218e16b
2024-06-15,2024,UFC on ESPN 58 - Perez vs. Taira,,Westin Wilson,Jeka Saragih,Jeka Saragih,Westin Wilson,29.454403581182365,35.39018597233345,5.935782391151083,0.7380410022779044,1.2777777777777777,False,-50.0,historical_import_fallback,1,zewnetrzne,us,2025-07-27 09:10:07.798897+00:00,http://ufcstats.com/fight-details/e47523ac32bfa24c
2024-06-15,2024,UFC on ESPN 58 - Perez vs. Taira,,Jose Johnson,Asu Almabayev,Asu Almabayev,Jose Johnson,30.388029870565447,29.07383450721096,-1.3141953633544858,0.7659021045164341,1.2531645569620251,True,12.658227848101255,historical_import_fallback,1,zewnetrzne,us,2025-07-27 09:10:07.798897+00:00,http://ufcstats.com/fight-details/3b1438e9ec64990e
2024-06-22,2024,UFC on ABC 6 - Whittaker vs. Aliskerov,,Muin Gafurov,Kyung Ho Kang,Muin Gafurov,Kyung Ho Kang,28.099139612723054,36.786518545897586,8.687378933174532,0.6230031948881789,1.5128205128205128,True,25.64102564102564,historical_import_fallback,1,zewnetrzne,us,2025-07-27 09:10:07.798897+00:00,http://ufcstats.com/fight-details/8db5cf5df713a7e9
2024-06-22,2024,UFC on ABC 6 - Whittaker vs. Aliskerov,,Brendson Ribeiro,Magomed Gadzhiyasulov,Magomed Gadzhiyasulov,Brendson Ribeiro,30.631703594187424,27.787018213926363,-2.844685380261062,0.7581792318634424,1.2439024390243902,True,12.195121951219512,historical_import_fallback,1,zewnetrzne,us,2025-07-27 09:10:07.798897+00:00,http://ufcstats.com/fight-details/0ac2da3dbaf2fce2
2024-06-22,2024,UFC on ABC 6 - Whittaker vs. Aliskerov,,Nicolas Dalby,Rinat Fakhretdinov,Rinat Fakhretdinov,Nicolas Dalby,32.7344161755546,39.59834904207479,6.863932866520187,0.7659021045164341,1.2531645569620251,True,12.658227848101255,historical_import_fallback,1,zewnetrzne,us,2025-07-27 09:10:07.798897+00:00,http://ufcstats.com/fight-details/de1acb6803ab3f14
2024-06-22,2024,UFC on ABC 6 - Whittaker vs. Aliskerov,,Volkan Oezdemir,Johnny Walker,Johnny Walker,Volkan Oezdemir,32.230641286268714,34.7577294537191,2.527088167450387,0.5427435387673957,1.7692307692307692,False,-50.0,historical_import_fallback,1,zewnetrzne,us,2025-07-27 09:10:07.798897+00:00,http://ufcstats.com/fight-details/9d5f562e0572058c
2024-06-22,2024,UFC on ABC 6 - Whittaker vs. Aliskerov,,Alexander Volkov,Sergei Pavlovich,Sergei Pavlovich,Alexander Volkov,32.11017337796122,35.66123876602531,3.551065388064096,0.6634806849860614,1.4201680672268908,False,-50.0,historical_import_fallback,1,zewnetrzne,us,2025-07-27 09:10:07.798897+00:00,http://ufcstats.com/fight-details/cd3bb8a2824fbf22
2024-06-29,2024,UFC 303 - Pereira vs. Prochazka 2,,Alex Pereira,Jiri Prochazka,Alex Pereira,Jiri Prochazka,36.98090994339377,31.707701047933906,-5.273208895459863,0.558797046641455,1.6896551724137931,True,34.48275862068966,historical_import_fallback,1,zewnetrzne,us,2025-07-27 09:10:07.798897+00:00,http://ufcstats.com/fight-details/bca5d01f8775f852
2024-06-29,2024,UFC 303 - Pereira vs. Prochazka 2,,Jean Silva,Charles Jourdain,Charles Jourdain,Jean Silva,28.589224966973998,27.505013792206547,-1.08421117476745,0.551441114716549,1.7407407407407407,False,-50.0,historical_import_fallback,1,zewnetrzne,us,2025-07-27 09:10:07.798897+00:00,http://ufcstats.com/fight-details/2b7883b304b3df1c
2024-06-29,2024,UFC 303 - Pereira vs. Prochazka 2,,Diego Lopes,Dan Ige,Diego Lopes,Dan Ige,29.49821009329418,32.89869059597391,3.4004805026797307,0.7179705215419501,1.3355704697986577,True,16.778523489932883,historical_import_fallback,1,zewnetrzne,us,2025-07-27 09:10:07.798897+00:00,http://ufcstats.com/fight-details/fc8ad0c7fc70dde7
2024-07-13,2024,UFC on ESPN 59 - Namajunas vs. Cortez,,Gabriel Bonfim,Ange Loosa,Gabriel Bonfim,Ange Loosa,26.8971984366551,31.321656159948528,4.424457723293429,0.771505376344086,1.2439024390243902,True,12.195121951219512,historical_import_fallback,1,zewnetrzne,us,2025-07-27 09:10:07.798897+00:00,http://ufcstats.com/fight-details/dad759ec50508147
2024-07-13,2024,UFC on ESPN 59 - Namajunas vs. Cortez,,Luana Santos,Mariya Agapova,Luana Santos,Mariya Agapova,24.241428639876247,27.266815882598546,3.0253872427222994,0.7640449438202247,1.2352941176470589,True,11.764705882352944,historical_import_fallback,1,zewnetrzne,us,2025-07-27 09:10:07.798897+00:00,http://ufcstats.com/fight-details/e06bfd0100eccbad
2024-07-13,2024,UFC on ESPN 59 - Namajunas vs. Cortez,,Christian Rodriguez,Julian Erosa,Christian Rodriguez,Julian Erosa,26.571387502823466,34.95212085121529,8.380733348391825,0.700162074554295,1.3703703703703702,False,-50.0,historical_import_fallback,1,zewnetrzne,us,2025-07-27 09:10:07.798897+00:00,http://ufcstats.com/fight-details/a63bb85cc39389c7
2024-07-13,2024,UFC on ESPN 59 - Namajunas vs. Cortez,,Charles Johnson,Joshua Van,Joshua Van,Charles Johnson,22.757483042088474,33.506505951525355,10.749022909436881,0.700162074554295,1.3703703703703702,False,-50.0,historical_import_fallback,1,zewnetrzne,us,2025-07-27 09:10:07.798897+00:00,http://ufcstats.com/fight-details/80108a70c4afa6c2
2024-07-13,2024,UFC on ESPN 59 - Namajunas vs. Cortez,,Jean Silva,Drew Dober,Drew Dober,Jean Silva,35.73242434820701,27.543344490304385,-8.189079857902627,0.5,1.9090909090909087,False,-50.0,historical_import_fallback,1,zewnetrzne,us,2025-07-27 09:10:07.798897+00:00,http://ufcstats.com/fight-details/54de03e04f571735
2024-07-20,2024,UFC on ESPN 60 - Lemos vs. Jandiroba,,Kaynan Kruschewsky,Kurt Holobaugh,Kaynan Kruschewsky,Kurt Holobaugh,33.29568711198724,37.86525390665106,4.569566794663821,0.5795601552393274,1.625,False,-50.0,historical_import_fallback,1,zewnetrzne,us,2025-07-27 09:10:07.798897+00:00,http://ufcstats.com/fight-details/9eaa33f874bbb999
2024-07-20,2024,UFC on ESPN 60 - Lemos vs. Jandiroba,,Cody Durden,Bruno Silva,Bruno Silva,Cody Durden,27.754163329842502,33.31211455402917,5.55795122418667,0.5795601552393274,1.625,True,31.25,historical_import_fallback,1,zewnetrzne,us,2025-07-27 09:10:07.798897+00:00,http://ufcstats.com/fight-details/94541dd979e0b4bd
2024-07-20,2024,UFC on ESPN 60 - Lemos vs. Jandiroba,,Amanda Lemos,Virna Jandiroba,Virna Jandiroba,Amanda Lemos,36.140372492248304,37.164349712862,1.0239772206136948,0.5101214574898786,1.8333333333333333,True,41.666666666666664,historical_import_fallback,1,zewnetrzne,us,2025-07-27 09:10:07.798897+00:00,http://ufcstats.com/fight-details/4a00db8aeff200a2
2024-07-27,2024,UFC 304 - Edwards vs. Muhammad 2,,Christian Leroy Duncan,Gregory Rodrigues,Christian Leroy Duncan,Gregory Rodrigues,29.010862646050228,32.44146012580683,3.4305974797565995,0.5217391304347827,1.8333333333333333,False,-50.0,historical_import_fallback,1,zewnetrzne,us,2025-07-27 09:10:07.798897+00:00,http://ufcstats.com/fight-details/f02fed4e98048471
2024-07-27,2024,UFC 304 - Edwards vs. Muhammad 2,,Muhammad Mokaev,Manel Kape,Muhammad Mokaev,Manel Kape,23.992279102240293,30.700151269362134,6.707872167121842,0.6498905908096281,1.4545454545454546,True,22.72727272727273,historical_import_fallback,1,zewnetrzne,us,2025-07-27 09:10:07.798897+00:00,http://ufcstats.com/fight-details/d6e240c47ba6034d
2024-07-27,2024,UFC 304 - Edwards vs. Muhammad 2,,Bruna Brasil,Molly McCann,Molly McCann,Bruna Brasil,34.23205130837731,30.886328945837356,-3.345722362539952,0.7307110438729199,1.289855072463768,False,-50.0,historical_import_fallback,1,zewnetrzne,us,2025-07-27 09:10:07.798897+00:00,http://ufcstats.com/fight-details/678eda89a096dde8
2024-07-27,2024,UFC 304 - Edwards vs. Muhammad 2,,Jake Hadley,Caolan Loughran,Caolan Loughran,Jake Hadley,28.192228450960663,27.98140961142255,-0.21081883953811342,0.6750312469954812,1.4201680672268908,False,-50.0,historical_import_fallback,1,zewnetrzne,us,2025-07-27 09:10:07.798897+00:00,http://ufcstats.com/fight-details/9d8c32c60df0e287
2024-08-03,2024,UFC on ABC 7 - Sandhagen vs. Nurmagomedov,,Guram Kutateladze,Jordan Vucenic,Guram Kutateladze,Jordan Vucenic,32.57014175513529,28.4222126395477,-4.147929115587591,0.5795601552393274,1.625,True,31.25,historical_import_fallback,1,zewnetrzne,us,2025-07-27 09:10:07.798897+00:00,http://ufcstats.com/fight-details/77df662671ce11c5
2024-08-03,2024,UFC on ABC 7 - Sandhagen vs. Nurmagomedov,,Deiveson Figueiredo,Marlon Vera,Deiveson Figueiredo,Marlon Vera,36.62771993949225,31.66937034983607,-4.9583495896561836,0.5720596355604639,1.6756756756756757,True,33.78378378378378,historical_import_fallback,1,zewnetrzne,us,2025-07-27 09:10:07.798897+00:00,http://ufcstats.com/fight-details/bb85e207eba236bc
2024-08-03,2024,UFC on ABC 7 - Sandhagen vs. Nurmagomedov,,Mohammad Yahya,Kaue Fernandes,Kaue Fernandes,Mohammad Yahya,29.383217999000664,30.199114287083237,0.8158962880825733,0.7307110438729199,1.289855072463768,True,14.492753623188403,historical_import_fallback,1,zewnetrzne,us,2025-07-27 09:10:07.798897+00:00,http://ufcstats.com/fight-details/1cd63899011c4bf6
2024-08-03,2024,UFC on ABC 7 - Sandhagen vs. Nurmagomedov,,Cory Sandhagen,Umar Nurmagomedov,Umar Nurmagomedov,Cory Sandhagen,28.58374915296002,32.28813733341547,3.7043881804554495,0.7520040080160321,1.2531645569620251,True,12.658227848101255,historical_import_fallback,1,zewnetrzne,us,2025-07-27 09:10:07.798897+00:00,http://ufcstats.com/fight-details/33655fd07cfbe034
2024-08-03,2024,UFC on ABC 7 - Sandhagen vs. Nurmagomedov,,Alonzo Menifield,Azamat Murzakanov,Azamat Murzakanov,Alonzo Menifield,35.310786669130785,36.79473226691855,1.4839455977877662,0.7179705215419501,1.3355704697986577,True,16.778523489932883,historical_import_fallback,1,zewnetrzne,us,2025-07-27 09:10:07.798897+00:00,http://ufcstats.com/fight-details/fbbb703581440496
2024-08-03,2024,UFC on ABC 7 - Sandhagen vs. Nurmagomedov,,Don'Tale Mayes,Shamil Gaziev,Shamil Gaziev,Don'Tale Mayes,34.47846293900628,32.548238499079375,-1.9302244399269028,0.8882882882882883,1.0689655172413792,True,3.4482758620689613,historical_import_fallback,1,zewnetrzne,us,2025-07-27 09:10:07.798897+00:00,http://ufcstats.com/fight-details/637f792270a0c746
2024-08-03,2024,UFC on ABC 7 - Sandhagen vs. Nurmagomedov,,Denis Tiuliulin,Sedriques Dumas,Sedriques Dumas,Denis Tiuliulin,28.994435204008294,36.21429598143699,7.219860777428696,0.6750312469954812,1.4201680672268908,True,21.00840336134454,historical_import_fallback,1,zewnetrzne,us,2025-07-27 09:10:07.798897+00:00,http://ufcstats.com/fight-details/e6851877e33d343f
2024-08-03,2024,UFC on ABC 7 - Sandhagen vs. Nurmagomedov,,Elves Brener,Joel Alvarez,Joel Alvarez,Elves Brener,31.422958719207102,26.850654017536293,-4.572304701670809,0.5893794380981784,1.6024096385542168,True,30.12048192771084,historical_import_fallback,1,zewnetrzne,us,2025-07-27 09:10:07.798897+00:00,http://ufcstats.com/fight-details/de767dd5216bcad9
2024-08-03,2024,UFC on ABC 7 - Sandhagen vs. Nurmagomedov,,Jai Herbert,Rolando Bedoya,Jai Herbert,Rolando Bedoya,36.225247609464944,27.554296118332342,-8.670951491132602,0.5101214574898786,1.8333333333333333,True,41.666666666666664,historical_import_fallback,1,zewnetrzne,us,2025-07-27 09:10:07.798897+00:00,http://ufcstats.com/fight-details/d038ff5ac21094f3
2024-08-10,2024,UFC on ESPN 61 - Tybura vs. Spivac 2,,Nikolay Veretennikov,Danny Barlow,Danny Barlow,Nikolay Veretennikov,29.02455218108517,34.63452363840462,5.609971457319453,0.7640449438202247,1.2352941176470589,True,11.764705882352944,historical_import_fallback,1,zewnetrzne,us,2025-07-27 09:10:07.798897+00:00,http://ufcstats.com/fight-details/7b4284bd3033a319
2024-08-10,2024,UFC on ESPN 61 - Tybura vs. Spivac 2,,Marcin Tybura,Serghei Spivac,Serghei Spivac,Marcin Tybura,29.544754512412986,38.75233577691534,9.207581264502352,0.5795601552393274,1.625,True,31.25,historical_import_fallback,1,zewnetrzne,us,2025-07-27 09:10:07.798897+00:00,http://ufcstats.com/fight-details/84973bbdffaf0d0e
2024-08-10,2024,UFC on ESPN 61 - Tybura vs. Spivac 2,,Chris Gutierrez,Quang Le,Chris Gutierrez,Quang Le,33.30390083300821,32.81381547875726,-0.4900853542509438,0.8284518828451883,1.1388888888888888,True,6.944444444444442,historical_import_fallback,1,zewnetrzne,us,2025-07-27 09:10:07.798897+00:00,http://ufcstats.com/fight-details/6aa89b7b5350b8e2
2024-08-17,2024,UFC 305 - Du Plessis vs. Adesanya,,Kai Kara-France,Steve Erceg,Steve Erceg,Kai Kara-France,29.06014497217602,31.395579649137215,2.3354346769611958,0.7055341817105653,1.3355704697986577,False,-50.0,historical_import_fallback,1,zewnetrzne,us,2025-07-27 09:10:07.798897+00:00,http://ufcstats.com/fight-details/bf8c5effd23f69c4
2024-08-17,2024,UFC 305 - Du Plessis vs. Adesanya,,Jairzinho Rozenstruik,Tai Tuivasa,Jairzinho Rozenstruik,Tai Tuivasa,36.41963900696113,31.422958719207102,-4.996680287754025,0.6805678793256433,1.3846153846153846,True,19.23076923076923,historical_import_fallback,1,zewnetrzne,us,2025-07-27 09:10:07.798897+00:00,http://ufcstats.com/fight-details/dd3d8f7066c145b7
2024-08-17,2024,UFC 305 - Du Plessis vs. Adesanya,,Mateusz Gamrot,Dan Hooker,Mateusz Gamrot,Dan Hooker,33.68446990697961,34.50857991608315,0.824110009103542,0.769993669550538,1.2247191011235956,False,-50.0,historical_import_fallback,1,zewnetrzne,us,2025-07-27 09:10:07.798897+00:00,http://ufcstats.com/fight-details/059f5cf0e9e37627
2024-08-17,2024,UFC 305 - Du Plessis vs. Adesanya,,Dricus Du Plessis,Israel Adesanya,Dricus Du Plessis,Israel Adesanya,30.590634989082595,35.07258875952278,4.481953770440185,0.5217391304347827,1.8333333333333333,True,41.666666666666664,historical_import_fallback,1,zewnetrzne,us,2025-07-27 09:10:07.798897+00:00,http://ufcstats.com/fight-details/6c44af21414e4143
2024-08-17,2024,UFC 305 - Du Plessis vs. Adesanya,,Luana Santos,Casey O'Neill,Luana Santos,Casey O'Neill,24.337255385120844,26.861605645564246,2.524350260443402,0.5795601552393274,1.625,False,-50.0,historical_import_fallback,1,zewnetrzne,us,2025-07-27 09:10:07.798897+00:00,http://ufcstats.com/fight-details/b9d5c77ae7a8109b
2024-08-17,2024,UFC 305 - Du Plessis vs. Adesanya,,Junior Tafa,Valter Walker,Valter Walker,Junior Tafa,26.67542796908903,27.90474821522687,1.229320246137842,0.558797046641455,1.6896551724137931,True,34.48275862068966,historical_import_fallback,1,zewnetrzne,us,2025-07-27 09:10:07.798897+00:00,http://ufcstats.com/fight-details/ea4ff1d77928b029
2024-08-24,2024,UFC on ESPN 62 - Cannonier vs. Borralho,,Dennis Buzukja,Francis Marshall,Francis Marshall,Dennis Buzukja,25.47896260703505,26.8971984366551,1.4182358296200483,0.6574752261956054,1.4587155963302751,True,22.935779816513758,historical_import_fallback,1,zewnetrzne,us,2025-07-27 09:10:07.798897+00:00,http://ufcstats.com/fight-details/560f1e26c2a6690a
2024-08-24,2024,UFC on ESPN 62 - Cannonier vs. Borralho,,Tabatha Ricci,Angela Hill,Tabatha Ricci,Angela Hill,29.506423814315145,39.61477648411672,10.108352669801572,0.6309403437815976,1.5208333333333337,True,26.041666666666686,historical_import_fallback,1,zewnetrzne,us,2025-07-27 09:10:07.798897+00:00,http://ufcstats.com/fight-details/70afe9e0d2422252
2024-08-24,2024,UFC on ESPN 62 - Cannonier vs. Borralho,,Viacheslav Borshchev,James Llontop,Viacheslav Borshchev,James Llontop,32.627637802282045,25.062800741972797,-7.564837060309248,0.690792883054068,1.3875968992248062,True,19.379844961240313,historical_import_fallback,1,zewnetrzne,us,2025-07-27 09:10:07.798897+00:00,http://ufcstats.com/fight-details/ba8eda6993922ba0
2024-08-24,2024,UFC on ESPN 62 - Cannonier vs. Borralho,,Mairon Santos,Kaan Ofli,Mairon Santos,Kaan Ofli,24.205835848785394,31.182022902592113,6.9761870538067186,0.6805555555555556,1.4081632653061225,True,20.408163265306122,historical_import_fallback,1,zewnetrzne,us,2025-07-27 09:10:07.798897+00:00,http://ufcstats.com/fight-details/bad06a5380d762b8
2024-08-24,2024,UFC on ESPN 62 - Cannonier vs. Borralho,,Jacqueline Cavalcanti,Josiane Nunes,Jacqueline Cavalcanti,Josiane Nunes,26.98754936788572,30.670034292285262,3.6824849243995423,0.7135512302607419,1.3448275862068966,True,17.24137931034483,historical_import_fallback,1,zewnetrzne,us,2025-07-27 09:10:07.798897+00:00,http://ufcstats.com/fight-details/903d588b30a471e8
2024-09-07,2024,UFC Fight Night 242 - Burns vs. Brady,,Andre Petroski,Dylan Budka,Andre Petroski,Dylan Budka,33.240928971847474,24.649376783917536,-8.591552187929938,0.7179705215419501,1.3355704697986577,True,16.778523489932883,historical_import_fallback,1,zewnetrzne,us,2025-07-27 09:10:07.798897+00:00,http://ufcstats.com/fight-details/f734b497add754af
2024-09-07,2024,UFC Fight Night 242 - Burns vs. Brady,,Jaqueline Amorim,Vanessa Demopoulos,Jaqueline Amorim,Vanessa Demopoulos,29.2079919505534,35.959670629787055,6.751678679233656,0.690792883054068,1.3875968992248062,True,19.379844961240313,historical_import_fallback,1,zewnetrzne,us,2025-07-27 09:10:07.798897+00:00,http://ufcstats.com/fight-details/f1613b372748c8bb
2024-09-07,2024,UFC Fight Night 242 - Burns vs. Brady,,Cody Durden,Matt Schnell,Cody Durden,Matt Schnell,33.44627199737161,34.64547526643258,1.1992032690609662,0.7050331642606321,1.359712230215827,True,17.985611510791355,historical_import_fallback,1,zewnetrzne,us,2025-07-27 09:10:07.798897+00:00,http://ufcstats.com/fight-details/fe59646ebad8b6e4
2024-09-07,2024,UFC Fight Night 242 - Burns vs. Brady,,Zygimantas Ramaska,Nathan Fletcher,Nathan Fletcher,Zygimantas Ramaska,26.678165876096017,27.696667282695742,1.018501406599725,0.5634920634920635,1.704225352112676,True,35.2112676056338,historical_import_fallback,1,zewnetrzne,us,2025-07-27 09:10:07.798897+00:00,http://ufcstats.com/fight-details/0c418b9cdfd525c9
2024-09-07,2024,UFC Fight Night 242 - Burns vs. Brady,,Felipe dos Santos,Andre Lima,Andre Lima,Felipe dos Santos,25.591216794321582,23.989541195233304,-1.6016755990882778,0.5996387718242023,1.6024096385542168,True,30.12048192771084,historical_import_fallback,1,zewnetrzne,us,2025-07-27 09:10:07.798897+00:00,http://ufcstats.com/fight-details/69bde5bae0d6ec4f
2024-09-07,2024,UFC Fight Night 242 - Burns vs. Brady,,Yanal Ashmouz,Trevor Peek,Yanal Ashmouz,Trevor Peek,29.440714046147423,29.66248451371349,0.221770467566067,0.5324675324675325,1.8,True,40.0,historical_import_fallback,1,zewnetrzne,us,2025-07-27 09:10:07.798897+00:00,http://ufcstats.com/fight-details/75fa9c0bb31caaa3
2024-09-14,2024,UFC 306 - Noche UFC: O'Malley vs. Dvalishvili,,Edgar Chairez,Joshua Van,Joshua Van,Edgar Chairez,22.92997118352875,28.633031479085812,5.703060295557062,0.7050331642606321,1.359712230215827,True,17.985611510791355,historical_import_fallback,1,zewnetrzne,us,2025-07-27 09:10:07.798897+00:00,http://ufcstats.com/fight-details/dae8ad2e03aa4a9a
2024-09-14,2024,UFC 306 - Noche UFC: O'Malley vs. Dvalishvili,,Esteban Ribovics,Daniel Zellhuber,Daniel Zellhuber,Esteban Ribovics,25.19148237130126,28.383881941449857,3.1923995701485985,0.6369041816941222,1.5050505050505052,False,-50.0,historical_import_fallback,1,zewnetrzne,us,2025-07-27 09:10:07.798897+00:00,http://ufcstats.com/fight-details/27d98a8ee6608e27
2024-09-14,2024,UFC 306 - Noche UFC: O'Malley vs. Dvalishvili,,Diego Lopes,Brian Ortega,Diego Lopes,Brian Ortega,29.709028932832297,33.56400199867211,3.8549730658398147,0.644729178800233,1.4878048780487805,True,24.390243902439025,historical_import_fallback,1,zewnetrzne,us,2025-07-27 09:10:07.798897+00:00,http://ufcstats.com/fight-details/2335e75ce63805b6
2024-09-14,2024,UFC 306 - Noche UFC: O'Malley vs. Dvalishvili,,Norma Dumont,Irene Aldana,Norma Dumont,Irene Aldana,33.95552270067147,36.471659240093906,2.5161365394224333,0.5427435387673957,1.7692307692307692,True,38.46153846153846,historical_import_fallback,1,zewnetrzne,us,2025-07-27 09:10:07.798897+00:00,http://ufcstats.com/fight-details/2397e2a92710705a
2024-09-14,2024,UFC 306 - Noche UFC: O'Malley vs. Dvalishvili,,Ronaldo Rodriguez,Ode Osbourne,Ronaldo Rodriguez,Ode Osbourne,25.358494698727558,32.68239594242181,7.323901243694255,0.644729178800233,1.4878048780487805,True,24.390243902439025,historical_import_fallback,1,zewnetrzne,us,2025-07-27 09:10:07.798897+00:00,http://ufcstats.com/fight-details/78b506e5092a27fd
2024-09-14,2024,UFC 306 - Noche UFC: O'Malley vs. Dvalishvili,,Sean O'Malley,Merab Dvalishvili,Merab Dvalishvili,Sean O'Malley,33.67899409296563,29.892468702300526,-3.786525390665105,0.5217391304347827,1.8333333333333333,True,41.666666666666664,historical_import_fallback,1,zewnetrzne,us,2025-07-27 09:10:07.798897+00:00,http://ufcstats.com/fight-details/3146e5a47a922976
2024-09-14,2024,UFC 306 - Noche UFC: O'Malley vs. Dvalishvili,,Ignacio Bahamondes,Manuel Torres,Manuel Torres,Ignacio Bahamondes,29.476306837238273,27.050521229046456,-2.4257856081918163,0.5427435387673957,1.7692307692307692,False,-50.0,historical_import_fallback,1,zewnetrzne,us,2025-07-27 09:10:07.798897+00:00,http://ufcstats.com/fight-details/3733d100f7bd5590
2024-09-28,2024,UFC Fight Night 243 - Moicano vs. St. Denis,,Bryan Battle,Kevin Jousset,Bryan Battle,Kevin Jousset,30.021150331628984,31.40926918417216,1.388118852543176,0.6309403437815976,1.5208333333333337,True,26.041666666666686,historical_import_fallback,1,zewnetrzne,us,2025-07-27 09:10:07.798897+00:00,http://ufcstats.com/fight-details/45f00a42a17f8e2a
2024-09-28,2024,UFC Fight Night 243 - Moicano vs. St. Denis,,Victor Altamirano,Daniel Barez,Victor Altamirano,Daniel Barez,33.68173199997262,35.80087202338173,2.119140023409109,0.5324675324675325,1.8,False,-50.0,historical_import_fallback,1,zewnetrzne,us,2025-07-27 09:10:07.798897+00:00,http://ufcstats.com/fight-details/47d978a984a163aa
2024-09-28,2024,UFC Fight Night 243 - Moicano vs. St. Denis,,Jacqueline Cavalcanti,Nora Cornolle,Jacqueline Cavalcanti,Nora Cornolle,27.083376113130317,34.812487593858876,7.729111480728559,0.644729178800233,1.4878048780487805,True,24.390243902439025,historical_import_fallback,1,zewnetrzne,us,2025-07-27 09:10:07.798897+00:00,http://ufcstats.com/fight-details/a187670c5ee1ec5f
2024-09-28,2024,UFC Fight Night 243 - Moicano vs. St. Denis,,Taylor Lapilus,Vince Morales,Taylor Lapilus,Vince Morales,32.47431500989069,33.87886130447579,1.4045462945851028,0.7508125677139762,1.2777777777777777,True,13.888888888888884,historical_import_fallback,1,zewnetrzne,us,2025-07-27 09:10:07.798897+00:00,http://ufcstats.com/fight-details/d063d46208c560b1
2024-09-28,2024,UFC Fight Night 243 - Moicano vs. St. Denis,,Chris Duncan,Bolaji Oki,Bolaji Oki,Chris Duncan,28.871229388693813,31.38736592811625,2.516136539422437,0.5829926410466068,1.6451612903225803,False,-50.0,historical_import_fallback,1,zewnetrzne,us,2025-07-27 09:10:07.798897+00:00,http://ufcstats.com/fight-details/eedc7fccf7037949
2024-09-28,2024,UFC Fight Night 243 - Moicano vs. St. Denis,,Roosevelt Roberts,Ludovit Klein,Ludovit Klein,Roosevelt Roberts,29.599512652552754,30.628965687180436,1.0294530346276822,0.8677165354330709,1.1052631578947367,True,5.263157894736836,historical_import_fallback,1,zewnetrzne,us,2025-07-27 09:10:07.798897+00:00,http://ufcstats.com/fight-details/e01019fbfe0e9528
2024-09-28,2024,UFC Fight Night 243 - Moicano vs. St. Denis,,William Gomis,Joanderson Brito,Joanderson Brito,William Gomis,29.62962962962963,27.29419495266843,-2.3354346769611993,0.7220792588780237,1.3278688524590163,False,-50.0,historical_import_fallback,1,zewnetrzne,us,2025-07-27 09:10:07.798897+00:00,http://ufcstats.com/fight-details/19706d8ba0edf9cd
2024-09-28,2024,UFC Fight Night 243 - Moicano vs. St. Denis,,Morgan Charriere,Gabriel Miranda,Morgan Charriere,Gabriel Miranda,28.925987528833584,34.51405573009713,5.5880682012635425,0.8042929292929294,1.1923076923076923,True,9.615384615384615,historical_import_fallback,1,zewnetrzne,us,2025-07-27 09:10:07.798897+00:00,http://ufcstats.com/fight-details/f114929ed709606e
2024-09-28,2024,UFC Fight Night 243 - Moicano vs. St. Denis,,Ivan Erslan,Ion Cutelaba,Ivan Erslan,Ion Cutelaba,32.87131152590402,30.790502200592755,-2.0808093253112645,0.5173641257162701,1.847457627118644,False,-50.0,historical_import_fallback,1,zewnetrzne,us,2025-07-27 09:10:07.798897+00:00,http://ufcstats.com/fight-details/89b772f864acb637
2024-09-28,2024,UFC Fight Night 243 - Moicano vs. St. Denis,,Oumar Sy,Da Woon Jung,Oumar Sy,Da Woon Jung,28.854801946651882,30.809667549641677,1.9548656029897948,0.827123695976155,1.16,True,7.9999999999999964,historical_import_fallback,1,zewnetrzne,us,2025-07-27 09:10:07.798897+00:00,http://ufcstats.com/fight-details/3599e9de4ae0e171
2024-10-05,2024,UFC 307 - Pereira vs. Rountree,,Austin Hubbard,Alexander Hernandez,Austin Hubbard,Alexander Hernandez,32.78917431569437,32.01160872570963,-0.7775655899847393,0.5043297540699689,1.8928571428571428,False,-50.0,historical_import_fallback,1,zewnetrzne,us,2025-07-27 09:10:07.798897+00:00,http://ufcstats.com/fight-details/e8aad69aace1d31f
2024-10-05,2024,UFC 307 - Pereira vs. Rountree,,Jose Aldo,Mario Bautista,Mario Bautista,Jose Aldo,31.26416011280177,38.07333483918219,6.809174726380419,0.5260865852617197,1.819672131147541,True,40.98360655737705,historical_import_fallback,1,zewnetrzne,us,2025-07-27 09:10:07.798897+00:00,http://ufcstats.com/fight-details/3d7d82fff71e395a
2024-10-05,2024,UFC 307 - Pereira vs. Rountree,,Alex Pereira,Khalil Rountree,Alex Pereira,Khalil Rountree,37.249224830078646,34.60714456833474,-2.6420802617439065,0.7768331562167907,1.2352941176470589,True,11.764705882352944,historical_import_fallback,1,zewnetrzne,us,2025-07-27 09:10:07.798897+00:00,http://ufcstats.com/fight-details/8c5e06c71f392f33
2024-10-05,2024,UFC 307 - Pereira vs. Rountree,,Joaquin Buckley,Stephen Thompson,Joaquin Buckley,Stephen Thompson,30.442788010705215,41.64904139030918,11.206253379603965,0.6636481241914618,1.4444444444444444,True,22.22222222222222,historical_import_fallback,1,zewnetrzne,us,2025-07-27 09:10:07.798897+00:00,http://ufcstats.com/fight-details/69bca5091b2a31f6
2024-10-05,2024,UFC 307 - Pereira vs. Rountree,,Kayla Harrison,Ketlen Vieira,Kayla Harrison,Ketlen Vieira,34.26216828545419,33.11224734251901,-1.149920942935175,0.88,1.0909090909090908,True,4.545454545454541,historical_import_fallback,1,zewnetrzne,us,2025-07-27 09:10:07.798897+00:00,http://ufcstats.com/fight-details/9ea124a13d071186
2024-10-12,2024,UFC Fight Night 244 - Royval vs. Taira,,Dan Argueta,Cody Haddon,Cody Haddon,Dan Argueta,26.094991683607464,31.165595460550183,5.070603776942718,0.5720596355604639,1.6756756756756757,True,33.78378378378378,historical_import_fallback,1,zewnetrzne,us,2025-07-27 09:10:07.798897+00:00,http://ufcstats.com/fight-details/b23554da35a84fbc
2024-10-12,2024,UFC Fight Night 244 - Royval vs. Taira,,Lucas Rocha,Clayton Carpenter,Clayton Carpenter,Lucas Rocha,28.34281333634503,24.167505150687557,-4.1753081856574745,0.6805555555555556,1.4081632653061225,True,20.408163265306122,historical_import_fallback,1,zewnetrzne,us,2025-07-27 09:10:07.798897+00:00,http://ufcstats.com/fight-details/de484433eef22e1d
2024-10-12,2024,UFC Fight Night 244 - Royval vs. Taira,,Julia Polastri,Cory McKenna,Cory McKenna,Julia Polastri,25.257192139468984,26.606980293914315,1.3497881544453314,0.5043297540699689,1.8928571428571428,False,-50.0,historical_import_fallback,1,zewnetrzne,us,2025-07-27 09:10:07.798897+00:00,http://ufcstats.com/fight-details/48dd2c9cb39bd2d4
2024-10-12,2024,UFC Fight Night 244 - Royval vs. Taira,,Jonathan Pearce,Pat Sabatini,Jonathan Pearce,Pat Sabatini,32.44967384682779,33.9254057235946,1.4757318767668082,0.6164383561643836,1.5555555555555556,False,-50.0,historical_import_fallback,1,zewnetrzne,us,2025-07-27 09:10:07.798897+00:00,http://ufcstats.com/fight-details/69a5895fde58432c
2024-10-12,2024,UFC Fight Night 244 - Royval vs. Taira,,Junior Tafa,Sean Sharaf,Junior Tafa,Sean Sharaf,28.058071007618224,31.255946391780803,3.197875384162579,0.6750312469954812,1.4201680672268908,True,21.00840336134454,historical_import_fallback,1,zewnetrzne,us,2025-07-27 09:10:07.798897+00:00,http://ufcstats.com/fight-details/85854504ce1aa97a
2024-10-19,2024,UFC Fight Night 245 - Hernandez vs. Pereira,,Jean Matsumoto,Brad Katona,Jean Matsumoto,Brad Katona,25.112083068098592,32.83571873481317,7.7236356667145785,0.644729178800233,1.4878048780487805,True,24.390243902439025,historical_import_fallback,1,zewnetrzne,us,2025-07-27 09:10:07.798897+00:00,http://ufcstats.com/fight-details/308f6cb830019ea9
2024-10-19,2024,UFC Fight Night 245 - Hernandez vs. Pereira,,Asu Almabayev,Matheus Nicolau,Asu Almabayev,Matheus Nicolau,30.733006153446,31.784362444129584,1.0513562906835858,0.6853932584269663,1.4,True,19.999999999999996,historical_import_fallback,1,zewnetrzne,us,2025-07-27 09:10:07.798897+00:00,http://ufcstats.com/fight-details/c61923255389e67c
2024-10-19,2024,UFC Fight Night 245 - Hernandez vs. Pereira,,Joselyne Edwards,Tamires Vidal,Joselyne Edwards,Tamires Vidal,29.05740706516903,26.23188703395689,-2.8255200312121396,0.690792883054068,1.3875968992248062,True,19.379844961240313,historical_import_fallback,1,zewnetrzne,us,2025-07-27 09:10:07.798897+00:00,http://ufcstats.com/fight-details/fc73ecbd83b7f159
2024-10-19,2024,UFC Fight Night 245 - Hernandez vs. Pereira,,Jake Hadley,Cameron Smotherman,Jake Hadley,Cameron Smotherman,28.21139380000958,27.088851927144294,-1.1225418728652876,0.8172588832487311,1.1739130434782608,False,-50.0,historical_import_fallback,1,zewnetrzne,us,2025-07-27 09:10:07.798897+00:00,http://ufcstats.com/fight-details/a2f46e94aa6b0c64
2024-10-26,2024,UFC 308 - Topuria vs. Holloway,,Myktybek Orolbai,Mateusz Rebecki,Myktybek Orolbai,Mateusz Rebecki,26.708282853172893,32.063628958842415,5.355346105669522,0.6957699520733487,1.3773584905660377,False,-50.0,historical_import_fallback,1,zewnetrzne,us,2025-07-27 09:10:07.798897+00:00,http://ufcstats.com/fight-details/919e3c5cc6999cb3
2024-10-26,2024,UFC 308 - Topuria vs. Holloway,,Farid Basharat,Victor Hugo,Farid Basharat,Victor Hugo,27.233960998514686,31.926733608492988,4.692772609978302,0.8172588832487311,1.1739130434782608,True,8.695652173913038,historical_import_fallback,1,zewnetrzne,us,2025-07-27 09:10:07.798897+00:00,http://ufcstats.com/fight-details/5c783cd188425783
2024-10-26,2024,UFC 308 - Topuria vs. Holloway,,Geoff Neal,Rafael dos Anjos,Geoff Neal,Rafael dos Anjos,34.1636036332026,40.000821372102095,5.837217738899497,0.6805555555555556,1.4081632653061225,True,20.408163265306122,historical_import_fallback,1,zewnetrzne,us,2025-07-27 09:10:07.798897+00:00,http://ufcstats.com/fight-details/1d65c141776949d6
2024-11-02,2024,UFC Fight Night 246 - Moreno vs. Albazi,,Mike Malott,Trevin Giles,Mike Malott,Trevin Giles,32.98904152720453,32.24159291429667,-0.7474486129078599,0.757188498402556,1.2666666666666666,True,13.33333333333333,historical_import_fallback,1,zewnetrzne,us,2025-07-27 09:10:07.798897+00:00,http://ufcstats.com/fight-details/d29a82322bb083d9
2024-11-02,2024,UFC Fight Night 246 - Moreno vs. Albazi,,Amir Albazi,Brandon Moreno,Brandon Moreno,Amir Albazi,30.905494294886275,31.017748482172802,0.1122541872865277,0.6164383561643836,1.5555555555555556,True,27.77777777777778,historical_import_fallback,1,zewnetrzne,us,2025-07-27 09:10:07.798897+00:00,http://ufcstats.com/fight-details/799acf3ae8a5df0a
2024-11-02,2024,UFC Fight Night 246 - Moreno vs. Albazi,,Caio Machado,Brendson Ribeiro,Caio Machado,Brendson Ribeiro,30.28946521831386,28.151159845855837,-2.1383053724580243,0.6309403437815976,1.5208333333333337,False,-50.0,historical_import_fallback,1,zewnetrzne,us,2025-07-27 09:10:07.798897+00:00,http://ufcstats.com/fight-details/7edf2fe3a8776a44
2024-11-09,2024,UFC Fight Night 247 - Magny vs. Prates,,Cortavious Romious,Gaston Bolanos,Cortavious Romious,Gaston Bolanos,30.842522433725538,32.15397989007303,1.3114574563474939,0.6853932584269663,1.4,False,-50.0,historical_import_fallback,1,zewnetrzne,us,2025-07-27 09:10:07.798897+00:00,http://ufcstats.com/fight-details/e6685759ed2af90d
2024-11-09,2024,UFC Fight Night 247 - Magny vs. Prates,,Mansur Abdul-Malik,Dusko Todorovic,Mansur Abdul-Malik,Dusko Todorovic,27.091589834151282,30.478380801796067,3.386790967644785,0.7957758771164253,1.2061855670103092,True,10.309278350515461,historical_import_fallback,1,zewnetrzne,us,2025-07-27 09:10:07.798897+00:00,http://ufcstats.com/fight-details/ea6427379a83bd01
2024-11-09,2024,UFC Fight Night 247 - Magny vs. Prates,,Carlos Prates,Neil Magny,Carlos Prates,Neil Magny,31.231305228717908,37.27112808613455,6.039822857416645,0.8524590163934427,1.125,True,6.25,historical_import_fallback,1,zewnetrzne,us,2025-07-27 09:10:07.798897+00:00,http://ufcstats.com/fight-details/73f451d894a1d4ca
2024-11-16,2024,UFC 309 - Jones vs. Miocic,,Marcin Tybura,Jhonata Diniz,Jhonata Diniz,Marcin Tybura,33.40246548525979,39.02065066360021,5.618185178340418,0.5108342361863489,1.869565217391304,False,-50.0,historical_import_fallback,1,zewnetrzne,us,2025-07-27 09:10:07.798897+00:00,http://ufcstats.com/fight-details/6c1faa6284428e5d
2024-11-16,2024,UFC 309 - Jones vs. Miocic,,Damon Jackson,Jim Miller,Damon Jackson,Jim Miller,36.274529935590735,41.21645208320499,4.941922147614257,0.6750312469954812,1.4201680672268908,False,-50.0,historical_import_fallback,1,zewnetrzne,us,2025-07-27 09:10:07.798897+00:00,http://ufcstats.com/fight-details/35c8223cc967fe0a
2024-11-16,2024,UFC 309 - Jones vs. Miocic,,Oban Elliott,Bassil Hafez,Oban Elliott,Bassil Hafez,26.91088797169004,32.794650129708344,5.883762158018303,0.725752508361204,1.3225806451612905,True,16.129032258064523,historical_import_fallback,1,zewnetrzne,us,2025-07-27 09:10:07.798897+00:00,http://ufcstats.com/fight-details/9676a4e9362e4bfd
2024-11-16,2024,UFC 309 - Jones vs. Miocic,,Marcus McGhee,Jonathan Martinez,Marcus McGhee,Jonathan Martinez,34.53048317213906,30.576945454047653,-3.953537718091404,0.5108342361863489,1.869565217391304,True,43.4782608695652,historical_import_fallback,1,zewnetrzne,us,2025-07-27 09:10:07.798897+00:00,http://ufcstats.com/fight-details/2a930e2d7e1f87a9
2024-11-16,2024,UFC 309 - Jones vs. Miocic,,Viviane Araujo,Karine Silva,Karine Silva,Viviane Araujo,30.957514528019054,37.98845972196554,7.030945193946486,0.7135512302607419,1.3448275862068966,False,-50.0,historical_import_fallback,1,zewnetrzne,us,2025-07-27 09:10:07.798897+00:00,http://ufcstats.com/fight-details/8545a2495db16538
2024-11-23,2024,UFC Fight Night 248 - Yan vs. Figueiredo,,Volkan Oezdemir,Carlos Ulberg,Carlos Ulberg,Volkan Oezdemir,34.04587363190209,35.179367132795335,1.1334935008932447,0.6957699520733487,1.3773584905660377,True,18.867924528301884,historical_import_fallback,1,zewnetrzne,us,2025-07-27 09:10:07.798897+00:00,http://ufcstats.com/fight-details/02ec66f311dce539
2024-11-23,2024,UFC Fight Night 248 - Yan vs. Figueiredo,,Petr Yan,Deiveson Figueiredo,Petr Yan,Deiveson Figueiredo,31.781624537122596,36.934365524274966,5.15274098715237,0.7220792588780237,1.3278688524590163,True,16.393442622950815,historical_import_fallback,1,zewnetrzne,us,2025-07-27 09:10:07.798897+00:00,http://ufcstats.com/fight-details/f53573316a4f349f
2024-11-23,2024,UFC Fight Night 248 - Yan vs. Figueiredo,,Carlos Hernandez,Nyamjargal Tumendemberel,Carlos Hernandez,Nyamjargal Tumendemberel,31.08072034333354,26.67542796908903,-4.40529237424451,0.5260865852617197,1.819672131147541,True,40.98360655737705,historical_import_fallback,1,zewnetrzne,us,2025-07-27 09:10:07.798897+00:00,http://ufcstats.com/fight-details/5dab54e34c2cfe01
2024-11-23,2024,UFC Fight Night 248 - Yan vs. Figueiredo,,Jose Ochoa,Lone'er Kavanagh,Lone'er Kavanagh,Jose Ochoa,25.459797257986132,23.896452356995695,-1.5633449009904368,0.725752508361204,1.3225806451612905,True,16.129032258064523,historical_import_fallback,1,zewnetrzne,us,2025-07-27 09:10:07.798897+00:00,http://ufcstats.com/fight-details/38f1c83c19e99fa2
2024-12-07,2024,UFC 310 - Pantoja vs. Asakura,,Movsar Evloev,Aljamain Sterling,Movsar Evloev,Aljamain Sterling,30.82061917766963,35.3545931812426,4.533974003572968,0.6750312469954812,1.4201680672268908,True,21.00840336134454,historical_import_fallback,1,zewnetrzne,us,2025-07-27 09:10:07.798897+00:00,http://ufcstats.com/fight-details/df30514e0674d598
2024-12-07,2024,UFC 310 - Pantoja vs. Asakura,,Bryan Battle,Randy Brown,Bryan Battle,Randy Brown,30.212803822118182,34.418228984852526,4.205425162734343,0.6164383561643836,1.5555555555555556,True,27.77777777777778,historical_import_fallback,1,zewnetrzne,us,2025-07-27 09:10:07.798897+00:00,http://ufcstats.com/fight-details/7c0d0a28a8fba102
2024-12-07,2024,UFC 310 - Pantoja vs. Asakura,,Eryk Anders,Chris Weidman,Chris Weidman,Eryk Anders,40.47447928431111,37.632531811057035,-2.8419474732540735,0.5043297540699689,1.8928571428571428,False,-50.0,historical_import_fallback,1,zewnetrzne,us,2025-07-27 09:10:07.798897+00:00,http://ufcstats.com/fight-details/0f16d83859d608c7
2024-12-07,2024,UFC 310 - Pantoja vs. Asakura,,Alexander Volkov,Ciryl Gane,Ciryl Gane,Alexander Volkov,34.65642689446053,36.12120714319938,1.4647802487388475,0.76,1.263157894736842,True,13.157894736842103,historical_import_fallback,1,zewnetrzne,us,2025-07-27 09:10:07.798897+00:00,http://ufcstats.com/fight-details/f706508c52f337a6
2024-12-07,2024,UFC 310 - Pantoja vs. Asakura,,Cody Durden,Joshua Van,Joshua Van,Cody Durden,23.159955372115785,33.69542153500756,10.535466162891776,0.6037569709421778,1.5882352941176472,True,29.41176470588236,historical_import_fallback,1,zewnetrzne,us,2025-07-27 09:10:07.798897+00:00,http://ufcstats.com/fight-details/d38029cf47e54cf7
2024-12-07,2024,UFC 310 - Pantoja vs. Asakura,,Kron Gracie,Bryce Mitchell,Bryce Mitchell,Kron Gracie,30.17721103102733,36.40868737893317,6.2314763479058435,0.8677165354330709,1.1052631578947367,True,5.263157894736836,historical_import_fallback,1,zewnetrzne,us,2025-07-27 09:10:07.798897+00:00,http://ufcstats.com/fight-details/0292b9c31c0089ac
2024-12-07,2024,UFC 310 - Pantoja vs. Asakura,,Kai Asakura,Alexandre Pantoja,Alexandre Pantoja,Kai Asakura,34.64547526643258,31.102623599389446,-3.5428516670431307,0.6923076923076924,1.4,True,19.999999999999996,historical_import_fallback,1,zewnetrzne,us,2025-07-27 09:10:07.798897+00:00,http://ufcstats.com/fight-details/e761c5009c09b295
2024-12-07,2024,UFC 310 - Pantoja vs. Asakura,,Lukasz Brzeski,Kennedy Nzechukwu,Kennedy Nzechukwu,Lukasz Brzeski,32.48526663791864,32.559190127107335,0.07392348918869374,0.8118668596237336,1.181818181818182,True,9.090909090909104,historical_import_fallback,1,zewnetrzne,us,2025-07-27 09:10:07.798897+00:00,http://ufcstats.com/fight-details/eb94412f15c62650
2025-03-08,2025,UFC 313 - Pereira vs. Ankalaev,,Joshua Van,Rei Tsuruya,Joshua Van,Rei Tsuruya,23.40910490975174,22.71093862296967,-0.6981662867820688,0.6144278606965174,1.55,True,27.500000000000004,historical_import_fallback,1,efortuna,pl,2025-07-27 11:15:14.177369+00:00,http://ufcstats.com/fight-details/af3e43049bc86fe9
2025-03-08,2025,UFC 313 - Pereira vs. Ankalaev,,Amanda Lemos,Iasmin Lucindo,Iasmin Lucindo,Amanda Lemos,23.162693279122774,37.796806231476346,14.634112952353572,0.5352480417754569,1.78,False,-50.0,historical_import_fallback,1,efortuna,pl,2025-07-27 11:15:14.177369+00:00,http://ufcstats.com/fight-details/79f1c9f97d83ec83
2025-03-08,2025,UFC 313 - Pereira vs. Ankalaev,,Mairon Santos,Francis Marshall,Mairon Santos,Francis Marshall,24.742465622155144,26.0155923804048,1.2731267582496564,0.7319587628865979,1.3,True,15.000000000000002,historical_import_fallback,1,efortuna,pl,2025-07-27 11:15:14.177369+00:00,http://ufcstats.com/fight-details/19fe7177254802d1
2025-03-08,2025,UFC 313 - Pereira vs. Ankalaev,,Jalin Turner,Ignacio Bahamondes,Ignacio Bahamondes,Jalin Turner,27.529654955269443,29.807593585083882,2.2779386298144395,0.5235602094240838,1.82,True,41.0,historical_import_fallback,1,efortuna,pl,2025-07-27 11:15:14.177369+00:00,http://ufcstats.com/fight-details/a3cd6a65aaa9f104
2025-03-08,2025,UFC 313 - Pereira vs. Ankalaev,,Alex Pereira,Magomed Ankalaev,Alex Pereira,Magomed Ankalaev,37.67086250915487,32.76453315263147,-4.9063293565234005,0.5170603674540682,1.84,False,-50.0,historical_import_fallback,1,efortuna,pl,2025-07-27 11:15:14.177369+00:00,http://ufcstats.com/fight-details/9e05fe95a4fc63bc
2025-03-15,2025,UFC Fight Night 254 - Vettori vs. Dolidze 2,,Waldo Cortes-Acosta,Ryan Spann,Waldo Cortes-Acosta,Ryan Spann,33.4490099043786,33.558526184658135,0.10951628027953575,0.6020151133501259,1.58,True,29.000000000000004,historical_import_fallback,1,efortuna,pl,2025-07-27 11:15:14.177369+00:00,http://ufcstats.com/fight-details/74bc22b367cca118
2025-03-15,2025,UFC Fight Night 254 - Vettori vs. Dolidze 2,,Cody Gibson,Da'Mon Blackshear,Da'Mon Blackshear,Cody Gibson,30.590634989082595,37.50932599574256,6.918691006659962,0.7867132867132868,1.22,True,10.999999999999998,historical_import_fallback,1,efortuna,pl,2025-07-27 11:15:14.177369+00:00,http://ufcstats.com/fight-details/ab1aa23060d4e87b
2025-03-15,2025,UFC Fight Night 254 - Vettori vs. Dolidze 2,,Andre Lima,Daniel Barez,Andre Lima,Daniel Barez,26.10868121864241,36.26084040055579,10.152159181913383,0.7677902621722846,1.24,True,12.0,historical_import_fallback,1,efortuna,pl,2025-07-27 11:15:14.177369+00:00,http://ufcstats.com/fight-details/5d8af316413ea2f7
2025-03-15,2025,UFC Fight Night 254 - Vettori vs. Dolidze 2,,Sam Hughes,Stephanie Luciano,Stephanie Luciano,Sam Hughes,25.24624051144103,32.712512919498685,7.466272408057655,0.67816091954023,1.4,False,-50.0,historical_import_fallback,1,efortuna,pl,2025-07-27 11:15:14.177369+00:00,http://ufcstats.com/fight-details/5fa6543868367f4b
2025-03-15,2025,UFC Fight Night 254 - Vettori vs. Dolidze 2,,Brendson Ribeiro,Diyar Nurgozhay,Diyar Nurgozhay,Brendson Ribeiro,27.896534494205905,28.515301477785307,0.6187669835794019,0.7590132827324478,1.27,False,-50.0,historical_import_fallback,1,efortuna,pl,2025-07-27 11:15:14.177369+00:00,http://ufcstats.com/fight-details/e56403718205b494
2025-03-22,2025,UFC Fight Night 255 - Edwards vs. Brady,,Jai Herbert,Chris Padilla,Jai Herbert,Chris Padilla,36.85770412807929,29.52011334935009,-7.337590778729201,0.5,1.9,False,-50.0,historical_import_fallback,1,efortuna,pl,2025-07-27 11:15:14.177369+00:00,http://ufcstats.com/fight-details/2a1071689c3af9df
2025-03-22,2025,UFC Fight Night 255 - Edwards vs. Brady,,Morgan Charriere,Nathaniel Wood,Morgan Charriere,Nathaniel Wood,29.40512125505657,31.62830174473124,2.223180489674668,0.5658914728682171,1.68,False,-50.0,historical_import_fallback,1,efortuna,pl,2025-07-27 11:15:14.177369+00:00,http://ufcstats.com/fight-details/9779eb1aae1d4654
2025-03-22,2025,UFC Fight Night 255 - Edwards vs. Brady,,Mick Parkin,Marcin Tybura,Mick Parkin,Marcin Tybura,29.470831023224296,39.36562694648076,9.894795923256464,0.5275590551181102,1.8,False,-50.0,historical_import_fallback,1,efortuna,pl,2025-07-27 11:15:14.177369+00:00,http://ufcstats.com/fight-details/dd229687cb62c871
2025-03-22,2025,UFC Fight Night 255 - Edwards vs. Brady,,Alexia Thainara,Molly McCann,Alexia Thainara,Molly McCann,27.33526355777326,34.883673176040574,7.548409618267314,0.6222222222222222,1.53,True,26.5,historical_import_fallback,1,efortuna,pl,2025-07-27 11:15:14.177369+00:00,http://ufcstats.com/fight-details/b5b4b69bccb9ff4a
2025-03-22,2025,UFC Fight Night 255 - Edwards vs. Brady,,Sean Brady,Leon Edwards,Sean Brady,Leon Edwards,32.32646803151331,33.574953626700065,1.2484855951867573,0.5732647814910026,1.66,True,32.99999999999999,historical_import_fallback,1,efortuna,pl,2025-07-27 11:15:14.177369+00:00,http://ufcstats.com/fight-details/371ed8497799998e
2025-03-22,2025,UFC Fight Night 255 - Edwards vs. Brady,,Shauna Bannon,Puja Tomar,Shauna Bannon,Puja Tomar,31.41200709117915,31.29427708987864,-0.11773000130050804,0.5939086294416244,1.6,True,30.000000000000004,historical_import_fallback,1,efortuna,pl,2025-07-27 11:15:14.177369+00:00,http://ufcstats.com/fight-details/a693622ad8c0d672
2025-03-22,2025,UFC Fight Night 255 - Edwards vs. Brady,,Nathan Fletcher,Caolan Loughran,Nathan Fletcher,Caolan Loughran,27.214795649465767,28.84385031862393,1.6290546691581618,0.5170603674540682,1.84,False,-50.0,historical_import_fallback,1,efortuna,pl,2025-07-27 11:15:14.177369+00:00,http://ufcstats.com/fight-details/1b02588149d126bf
2025-03-22,2025,UFC Fight Night 255 - Edwards vs. Brady,,Kaue Fernandes,Guram Kutateladze,Guram Kutateladze,Kaue Fernandes,33.20259827374963,30.015674517615007,-3.1869237561346218,0.7809694793536804,1.22,False,-50.0,historical_import_fallback,1,efortuna,pl,2025-07-27 11:15:14.177369+00:00,http://ufcstats.com/fight-details/265dbd9be8caa7de
2025-03-22,2025,UFC Fight Night 255 - Edwards vs. Brady,,Chris Duncan,Jordan Vucenic,Jordan Vucenic,Chris Duncan,29.054669158162042,31.86649965433924,2.8118304961771976,0.7809694793536804,1.22,False,-50.0,historical_import_fallback,1,efortuna,pl,2025-07-27 11:15:14.177369+00:00,http://ufcstats.com/fight-details/8e6640c007ad603d
2025-03-29,2025,UFC on ESPN 64 - Moreno vs. Erceg,,Austin Hubbard,MarQuel Mederos,MarQuel Mederos,Austin Hubbard,28.3263858943031,33.26830804191736,4.941922147614257,0.6399026763990268,1.48,True,24.0,historical_import_fallback,1,efortuna,pl,2025-07-27 11:15:14.177369+00:00,http://ufcstats.com/fight-details/9f66d450af690df5
2025-03-29,2025,UFC on ESPN 64 - Moreno vs. Erceg,,Kevin Borjas,Ronaldo Rodriguez,Ronaldo Rodriguez,Kevin Borjas,25.895124472097304,27.310622394710364,1.41549792261306,0.5714285714285715,1.68,False,-50.0,historical_import_fallback,1,efortuna,pl,2025-07-27 11:15:14.177369+00:00,http://ufcstats.com/fight-details/5ba7dd466e30169f
2025-03-29,2025,UFC on ESPN 64 - Moreno vs. Erceg,,Christian Rodriguez,Melquizael Costa,Christian Rodriguez,Melquizael Costa,27.28050541763349,28.537204733841214,1.256699316207726,0.5903307888040712,1.61,False,-50.0,historical_import_fallback,1,efortuna,pl,2025-07-27 11:15:14.177369+00:00,http://ufcstats.com/fight-details/41cdbcc0f3635b8f
2025-03-29,2025,UFC on ESPN 64 - Moreno vs. Erceg,,Saimon Oliveira,David Martinez,David Martinez,Saimon Oliveira,26.65352471303312,33.93909525862954,7.285570545596421,0.778175313059034,1.24,True,12.0,historical_import_fallback,1,efortuna,pl,2025-07-27 11:15:14.177369+00:00,http://ufcstats.com/fight-details/55376d5c205fa844
2025-03-29,2025,UFC on ESPN 64 - Moreno vs. Erceg,,Jamall Emmers,Gabriel Miranda,Jamall Emmers,Gabriel Miranda,35.68040411507423,35.012354805369036,-0.6680493097051965,0.7769652650822669,1.22,True,10.999999999999998,historical_import_fallback,1,efortuna,pl,2025-07-27 11:15:14.177369+00:00,http://ufcstats.com/fight-details/e2e2537a345367d4
2025-03-29,2025,UFC on ESPN 64 - Moreno vs. Erceg,,Steve Erceg,Brandon Moreno,Brandon Moreno,Steve Erceg,31.307966624913583,29.673436141741444,-1.6345304831721386,0.6659142212189616,1.48,True,24.0,historical_import_fallback,1,efortuna,pl,2025-07-27 11:15:14.177369+00:00,http://ufcstats.com/fight-details/33e301872e2b5680
2025-04-05,2025,UFC on ESPN 65 - Emmett vs. Murphy,,Diana Belbita,Dione Barbosa,Dione Barbosa,Diana Belbita,32.909642224001864,28.775402643449215,-4.134239580552649,0.8412483039348712,1.17,True,8.499999999999996,historical_import_fallback,1,efortuna,pl,2025-07-27 11:15:14.177369+00:00,http://ufcstats.com/fight-details/76641669c1607b7a
2025-04-05,2025,UFC on ESPN 65 - Emmett vs. Murphy,,Ode Osbourne,Luis Gurule,Luis Gurule,Ode Osbourne,31.38462802110926,33.238191064840485,1.8535630437312243,0.6762749445676275,1.46,False,-50.0,historical_import_fallback,1,efortuna,pl,2025-07-27 11:15:14.177369+00:00,http://ufcstats.com/fight-details/de9422207df2de64
2025-04-05,2025,UFC on ESPN 65 - Emmett vs. Murphy,,Talita Alencar,Vanessa Demopoulos,Vanessa Demopoulos,Talita Alencar,36.53463110125465,34.467511310978324,-2.0671197902763225,0.5,1.89,False,-50.0,historical_import_fallback,1,efortuna,pl,2025-07-27 11:15:14.177369+00:00,http://ufcstats.com/fight-details/cca4d763b1c6de0a
2025-04-05,2025,UFC on ESPN 65 - Emmett vs. Murphy,,Victor Henry,Pedro Falcao,Victor Henry,Pedro Falcao,37.92274995379782,32.68239594242181,-5.240354011376006,0.6399026763990268,1.48,True,24.0,historical_import_fallback,1,efortuna,pl,2025-07-27 11:15:14.177369+00:00,http://ufcstats.com/fight-details/4b1aec2395ebca14
2025-04-05,2025,UFC on ESPN 65 - Emmett vs. Murphy,,Rhys McKee,Daniel Frunza,Daniel Frunza,Rhys McKee,30.979417784074965,29.56939567547588,-1.4100221085990832,0.588089330024814,1.66,False,-50.0,historical_import_fallback,1,efortuna,pl,2025-07-27 11:15:14.177369+00:00,http://ufcstats.com/fight-details/58811a4e36c53b89
2025-04-05,2025,UFC on ESPN 65 - Emmett vs. Murphy,,Joanderson Brito,Pat Sabatini,Joanderson Brito,Pat Sabatini,30.147094053950457,34.404539449817584,4.257445395867126,0.655813953488372,1.48,False,-50.0,historical_import_fallback,1,efortuna,pl,2025-07-27 11:15:14.177369+00:00,http://ufcstats.com/fight-details/a160e94fdb66de17
2025-04-05,2025,UFC on ESPN 65 - Emmett vs. Murphy,,Uran Satybaldiev,Martin Buday,Martin Buday,Uran Satybaldiev,33.3997275782528,30.65360685024333,-2.746120728009469,0.5798969072164949,1.63,True,31.499999999999993,historical_import_fallback,1,efortuna,pl,2025-07-27 11:15:14.177369+00:00,http://ufcstats.com/fight-details/96cc199d78732d11
2025-04-12,2025,UFC 314 - Volkanovski vs. Lopes,,Jean Silva,Bryce Mitchell,Jean Silva,Bryce Mitchell,28.29079310321225,30.52218731390788,2.2313942106956333,0.6689976689976691,1.42,True,20.999999999999996,historical_import_fallback,1,efortuna,pl,2025-07-27 11:15:14.177369+00:00,http://ufcstats.com/fight-details/8c540eb4afe8c43e
2025-04-12,2025,UFC 314 - Volkanovski vs. Lopes,,Diego Lopes,Alexander Volkanovski,Alexander Volkanovski,Diego Lopes,36.53463110125465,30.28398940429988,-6.250641696954766,0.5549872122762148,1.74,True,37.0,historical_import_fallback,1,efortuna,pl,2025-07-27 11:15:14.177369+00:00,http://ufcstats.com/fight-details/e733f148060bef2a
2025-04-12,2025,UFC 314 - Volkanovski vs. Lopes,,Paddy Pimblett,Michael Chandler,Paddy Pimblett,Michael Chandler,30.273037776271927,38.96863043046743,8.6955926541955,0.5714285714285715,1.68,True,34.0,historical_import_fallback,1,efortuna,pl,2025-07-27 11:15:14.177369+00:00,http://ufcstats.com/fight-details/d05cb4c4135ce402
2025-04-12,2025,UFC 314 - Volkanovski vs. Lopes,,Hailey Cowan,Nora Cornolle,Nora Cornolle,Hailey Cowan,35.34911736722862,33.16426757565179,-2.1848497915768306,0.6020151133501259,1.58,True,29.000000000000004,historical_import_fallback,1,efortuna,pl,2025-07-27 11:15:14.177369+00:00,http://ufcstats.com/fight-details/0e71e69359db4d1e
2025-04-12,2025,UFC 314 - Volkanovski vs. Lopes,,Patricio Freire,Yair Rodriguez,Yair Rodriguez,Patricio Freire,32.515383614995514,37.76668925439947,5.2513056394039594,0.635036496350365,1.5,True,25.0,historical_import_fallback,1,efortuna,pl,2025-07-27 11:15:14.177369+00:00,http://ufcstats.com/fight-details/d3be5a4e0ec273e2
2025-04-26,2025,UFC on ESPN 66 - Garry vs. Prates,,Jimmy Flick,Matt Schnell,Matt Schnell,Jimmy Flick,35.27793178504692,34.63452363840462,-0.6434081466422938,0.6794055201698515,1.51,True,25.5,historical_import_fallback,1,efortuna,pl,2025-07-27 11:15:14.177369+00:00,http://ufcstats.com/fight-details/d8d22dcc1f6912e7
2025-04-26,2025,UFC on ESPN 66 - Garry vs. Prates,,Chris Gutierrez,John Castaneda,Chris Gutierrez,John Castaneda,34.01301874781823,33.355921066140986,-0.6570976816772429,0.5583756345177665,1.74,True,37.0,historical_import_fallback,1,efortuna,pl,2025-07-27 11:15:14.177369+00:00,http://ufcstats.com/fight-details/6f3cb7ce84185dd3
2025-04-26,2025,UFC on ESPN 66 - Garry vs. Prates,,Evan Elder,Gauge Young,Evan Elder,Gauge Young,28.041643565576294,24.78353422725997,-3.2581093383163235,0.6523809523809524,1.46,True,23.0,historical_import_fallback,1,efortuna,pl,2025-07-27 11:15:14.177369+00:00,http://ufcstats.com/fight-details/97770b38df67b276
2025-04-26,2025,UFC on ESPN 66 - Garry vs. Prates,,Andre Muniz,Ikram Aliskerov,Ikram Aliskerov,Andre Muniz,32.38396407866007,35.1875808538163,2.803616775156229,0.8446866485013624,1.14,True,6.999999999999995,historical_import_fallback,1,efortuna,pl,2025-07-27 11:15:14.177369+00:00,http://ufcstats.com/fight-details/62fbdd4f0bcd3c2a
2025-04-26,2025,UFC on ESPN 66 - Garry vs. Prates,,Joselyne Edwards,Chelsea Chandler,Joselyne Edwards,Chelsea Chandler,29.57487148948986,34.4237047988665,4.848833309376644,0.7203389830508474,1.32,True,16.000000000000004,historical_import_fallback,1,efortuna,pl,2025-07-27 11:15:14.177369+00:00,http://ufcstats.com/fight-details/7fd6770fe2d4f258
2025-04-26,2025,UFC on ESPN 66 - Garry vs. Prates,,Nicolas Dalby,Randy Brown,Randy Brown,Nicolas Dalby,34.80153596583092,40.44162440022725,5.640088434396326,0.6823266219239373,1.42,True,20.999999999999996,historical_import_fallback,1,efortuna,pl,2025-07-27 11:15:14.177369+00:00,http://ufcstats.com/fight-details/fbf83609dc96f32e
2025-04-26,2025,UFC on ESPN 66 - Garry vs. Prates,,Jaqueline Amorim,Polyana Viana,Jaqueline Amorim,Polyana Viana,29.840448469167743,32.86583571189004,3.0253872427222994,0.8231707317073171,1.16,True,7.9999999999999964,historical_import_fallback,1,efortuna,pl,2025-07-27 11:15:14.177369+00:00,http://ufcstats.com/fight-details/e7b3ca036835b7c2
2025-05-03,2025,UFC on ESPN 67 - Sandhagen vs. Figueiredo,,Mason Jones,Jeremy Stephens,Mason Jones,Jeremy Stephens,30.021150331628984,38.938513453390556,8.917363121761571,0.8284883720930233,1.18,True,8.999999999999996,historical_import_fallback,1,efortuna,pl,2025-07-27 11:15:14.177369+00:00,http://ufcstats.com/fight-details/9039959b41901412
2025-05-03,2025,UFC on ESPN 67 - Sandhagen vs. Figueiredo,,Azamat Bekoev,Ryan Loder,Azamat Bekoev,Ryan Loder,29.342149393895834,33.91171618855965,4.569566794663817,0.7633587786259542,1.24,True,12.0,historical_import_fallback,1,efortuna,pl,2025-07-27 11:15:14.177369+00:00,http://ufcstats.com/fight-details/77ed474dfc5359ea
2025-05-03,2025,UFC on ESPN 67 - Sandhagen vs. Figueiredo,,Ivana Petrovic,Juliana Miller,Ivana Petrovic,Juliana Miller,30.89454266685832,28.988959389994317,-1.9055832768640038,0.6650943396226415,1.42,False,-50.0,historical_import_fallback,1,efortuna,pl,2025-07-27 11:15:14.177369+00:00,http://ufcstats.com/fight-details/469f887278324e63
2025-05-03,2025,UFC on ESPN 67 - Sandhagen vs. Figueiredo,,Don'Tale Mayes,Thomas Petersen,Thomas Petersen,Don'Tale Mayes,30.095073820817674,33.29568711198724,3.2006132911695673,0.6923076923076924,1.4,True,19.999999999999996,historical_import_fallback,1,efortuna,pl,2025-07-27 11:15:14.177369+00:00,http://ufcstats.com/fight-details/c445401709421fa4
2025-05-03,2025,UFC on ESPN 67 - Sandhagen vs. Figueiredo,,Yana Santos,Miesha Tate,Miesha Tate,Yana Santos,38.70852926480352,35.475061089550096,-3.233468175253428,0.548051948051948,1.74,False,-50.0,historical_import_fallback,1,efortuna,pl,2025-07-27 11:15:14.177369+00:00,http://ufcstats.com/fight-details/2707dc2245335cc1
2025-05-03,2025,UFC on ESPN 67 - Sandhagen vs. Figueiredo,,Cory Sandhagen,Deiveson Figueiredo,Cory Sandhagen,Deiveson Figueiredo,33.03558594632333,37.37516855240012,4.339582606076789,0.8157099697885197,1.22,True,10.999999999999998,historical_import_fallback,1,efortuna,pl,2025-07-27 11:15:14.177369+00:00,http://ufcstats.com/fight-details/9b3bade95e1dd484
2025-05-10,2025,UFC 315 - Muhammad vs. Della Maddalena,,Natalia Silva,Alexa Grasso,Natalia Silva,Alexa Grasso,28.263414033142364,31.751507560045724,3.4880935269033593,0.6567505720823799,1.5,True,25.0,historical_import_fallback,1,efortuna,pl,2025-07-27 11:15:14.177369+00:00,http://ufcstats.com/fight-details/0f53eb509d0ffeb9
2025-05-10,2025,UFC 315 - Muhammad vs. Della Maddalena,,Mike Malott,Charles Radtke,Mike Malott,Charles Radtke,33.506505951525355,34.83712875692177,1.3306228053964162,0.6020151133501259,1.58,True,29.000000000000004,historical_import_fallback,1,efortuna,pl,2025-07-27 11:15:14.177369+00:00,http://ufcstats.com/fight-details/2521234a4bf7c615
2025-05-10,2025,UFC 315 - Muhammad vs. Della Maddalena,,Ivan Erslan,Navajo Stirling,Navajo Stirling,Ivan Erslan,27.505013792206547,33.48460269546945,5.979588903262901,0.7203389830508474,1.32,True,16.000000000000004,historical_import_fallback,1,efortuna,pl,2025-07-27 11:15:14.177369+00:00,http://ufcstats.com/fight-details/99aa1f28e22bb6dd
2025-05-10,2025,UFC 315 - Muhammad vs. Della Maddalena,,Modestas Bukauskas,Ion Cutelaba,Modestas Bukauskas,Ion Cutelaba,31.24499476375285,31.403793370158184,0.15879860640533394,0.5,1.9,True,44.99999999999999,historical_import_fallback,1,efortuna,pl,2025-07-27 11:15:14.177369+00:00,http://ufcstats.com/fight-details/c812457a810dde39
2025-05-10,2025,UFC 315 - Muhammad vs. Della Maddalena,,Bekzat Almakhan,Brad Katona,Bekzat Almakhan,Brad Katona,27.587151002416203,33.391513857231836,5.804362854815633,0.6144278606965174,1.55,True,27.500000000000004,historical_import_fallback,1,efortuna,pl,2025-07-27 11:15:14.177369+00:00,http://ufcstats.com/fight-details/c20bd12ae7f04eff
2025-05-10,2025,UFC 315 - Muhammad vs. Della Maddalena,,Jose Aldo,Aiemann Zahabi,Jose Aldo,Aiemann Zahabi,38.66746065969869,37.4737332046517,-1.1937274550469894,0.630071599045346,1.55,False,-50.0,historical_import_fallback,1,efortuna,pl,2025-07-27 11:15:14.177369+00:00,http://ufcstats.com/fight-details/891b2faf1bff38ee
2025-05-17,2025,UFC Fight Night 256 - Burns vs. Morales,,Connor Matthews,Yadier Del Valle,Yadier Del Valle,Connor Matthews,28.80004380651211,32.96166245713464,4.1616186506225326,0.7962328767123288,1.19,True,9.499999999999996,historical_import_fallback,1,efortuna,pl,2025-07-27 11:15:14.177369+00:00,http://ufcstats.com/fight-details/d6e2bc6e6c0cc4fe
2025-05-17,2025,UFC Fight Night 256 - Burns vs. Morales,,Nursulton Ruziboev,Dustin Stoltzfus,Nursulton Ruziboev,Dustin Stoltzfus,31.491406394381816,33.50376804451837,2.012361650136551,0.728952772073922,1.32,True,16.000000000000004,historical_import_fallback,1,efortuna,pl,2025-07-27 11:15:14.177369+00:00,http://ufcstats.com/fight-details/b3044bf646306e7f
2025-05-17,2025,UFC Fight Night 256 - Burns vs. Morales,,Mairon Santos,Sodiq Yusuff,Mairon Santos,Sodiq Yusuff,24.93411911264434,31.995181283667698,7.061062171023359,0.5402597402597403,1.77,True,38.5,historical_import_fallback,1,efortuna,pl,2025-07-27 11:15:14.177369+00:00,http://ufcstats.com/fight-details/dcb27eef6441268c
2025-05-17,2025,UFC Fight Night 256 - Burns vs. Morales,,Melquizael Costa,Julian Erosa,Melquizael Costa,Julian Erosa,28.671362177183653,35.795396209367745,7.124034032184092,0.6153846153846154,1.55,True,27.500000000000004,historical_import_fallback,1,efortuna,pl,2025-07-27 11:15:14.177369+00:00,http://ufcstats.com/fight-details/fe2acfdaaaec3dba
2025-05-17,2025,UFC Fight Night 256 - Burns vs. Morales,,Thiago Moises,Jared Gordon,Jared Gordon,Thiago Moises,36.69342970765998,30.152569867964434,-6.540859839695546,0.5289473684210526,1.79,True,39.5,historical_import_fallback,1,efortuna,pl,2025-07-27 11:15:14.177369+00:00,http://ufcstats.com/fight-details/8ba31cf0b3164b72
2025-05-17,2025,UFC Fight Night 256 - Burns vs. Morales,,Tainara Lisboa,Luana Santos,Luana Santos,Tainara Lisboa,25.084703998028708,34.2101480523214,9.125444054292693,0.5907928388746803,1.6,True,30.000000000000004,historical_import_fallback,1,efortuna,pl,2025-07-27 11:15:14.177369+00:00,http://ufcstats.com/fight-details/f75fe8b384b0db11
2025-05-31,2025,UFC on ESPN 68 - Blanchfield vs. Barber,,Jordan Leavitt,Kurt Holobaugh,Jordan Leavitt,Kurt Holobaugh,29.99650916856609,38.72769461385244,8.731185445286354,0.598984771573604,1.58,True,29.000000000000004,historical_import_fallback,1,efortuna,pl,2025-07-27 11:15:14.177369+00:00,http://ufcstats.com/fight-details/2521fed000747f47
2025-05-31,2025,UFC on ESPN 68 - Blanchfield vs. Barber,,Mateusz Gamrot,Ludovit Klein,Mateusz Gamrot,Ludovit Klein,34.47024921798531,30.27029986926494,-4.199949348720374,0.5758354755784062,1.65,True,32.49999999999999,historical_import_fallback,1,efortuna,pl,2025-07-27 11:15:14.177369+00:00,http://ufcstats.com/fight-details/212527d462690304
2025-05-31,2025,UFC on ESPN 68 - Blanchfield vs. Barber,,Dustin Jacoby,Bruno Lopes,Dustin Jacoby,Bruno Lopes,37.15613599184103,32.10195965694025,-5.054176334900781,0.5587467362924282,1.69,True,34.5,historical_import_fallback,1,efortuna,pl,2025-07-27 11:15:14.177369+00:00,http://ufcstats.com/fight-details/7aaa810540132a4b
2025-05-31,2025,UFC on ESPN 68 - Blanchfield vs. Barber,,Allan Nascimento,Jafel Filho,Allan Nascimento,Jafel Filho,33.72006269807046,32.07184267986338,-1.648220018207077,0.5132275132275133,1.84,True,42.00000000000001,historical_import_fallback,1,efortuna,pl,2025-07-27 11:15:14.177369+00:00,http://ufcstats.com/fight-details/baa2ee0bf7f97079
2025-06-07,2025,UFC 316 - Dvalishvili vs. O'Malley 2,,Bruno Silva,Joshua Van,Joshua Van,Bruno Silva,23.658254447387694,28.6357693860928,4.977514938705106,0.7769652650822669,1.22,True,10.999999999999998,historical_import_fallback,1,efortuna,pl,2025-07-27 11:15:14.177369+00:00,http://ufcstats.com/fight-details/b6a87389bdc36a00
2025-06-07,2025,UFC 316 - Dvalishvili vs. O'Malley 2,,Kayla Harrison,Julianna Pena,Kayla Harrison,Julianna Pena,34.932955502166365,35.80087202338173,0.8679165212153634,0.8176100628930817,1.16,True,7.9999999999999964,historical_import_fallback,1,efortuna,pl,2025-07-27 11:15:14.177369+00:00,http://ufcstats.com/fight-details/81b84b34f0357fa5
2025-06-14,2025,UFC on ESPN 69 - Usman vs. Buckley,,Andre Petroski,Edmen Shahbazyan,Edmen Shahbazyan,Andre Petroski,27.565247746360296,34.00754293380425,6.442295187443957,0.6184538653366584,1.53,True,26.5,historical_import_fallback,1,efortuna,pl,2025-07-27 11:15:14.177369+00:00,http://ufcstats.com/fight-details/e5bd7e6e2a50a843
2025-06-14,2025,UFC on ESPN 69 - Usman vs. Buckley,,Joaquin Buckley,Kamaru Usman,Joaquin Buckley,Kamaru Usman,31.13274057646632,38.095238095238095,6.962497518771777,0.6650943396226415,1.42,False,-50.0,historical_import_fallback,1,efortuna,pl,2025-07-27 11:15:14.177369+00:00,http://ufcstats.com/fight-details/d75b3d3c2b209b75
2025-06-14,2025,UFC on ESPN 69 - Usman vs. Buckley,,Alonzo Menifield,Oumar Sy,Oumar Sy,Alonzo Menifield,29.563919861461905,37.65717297411993,8.093253112658026,0.7633587786259542,1.24,False,-50.0,historical_import_fallback,1,efortuna,pl,2025-07-27 11:15:14.177369+00:00,http://ufcstats.com/fight-details/ec2034b134ae71cd
2025-06-21,2025,UFC on ABC 8 - Hill vs. Rountree,,Ignacio Bahamondes,Rafael Fiziev,Ignacio Bahamondes,Rafael Fiziev,27.81713519100324,32.296351054436435,4.479215863433197,0.5236842105263159,1.81,False,-50.0,historical_import_fallback,1,efortuna,pl,2025-07-27 11:15:14.177369+00:00,http://ufcstats.com/fight-details/a1afc16e21d1a807
2025-06-21,2025,UFC on ABC 8 - Hill vs. Rountree,,Hamdy Abdelwahab,Mohammed Usman,Hamdy Abdelwahab,Mohammed Usman,32.411343148729955,36.222509702457955,3.8111665537280004,0.5798969072164949,1.63,False,-50.0,historical_import_fallback,1,efortuna,pl,2025-07-27 11:15:14.177369+00:00,http://ufcstats.com/fight-details/a12d3a6c8aaf87ca
2025-06-21,2025,UFC on ABC 8 - Hill vs. Rountree,,Tofiq Musayev,Myktybek Orolbai,Myktybek Orolbai,Tofiq Musayev,27.359904720836155,35.51612969465492,8.156224973818766,0.5871794871794872,1.61,True,30.500000000000004,historical_import_fallback,1,efortuna,pl,2025-07-27 11:15:14.177369+00:00,http://ufcstats.com/fight-details/36ec204f47e4d613
2025-06-21,2025,UFC on ABC 8 - Hill vs. Rountree,,Tagir Ulanbekov,Azat Maksum,Tagir Ulanbekov,Azat Maksum,33.873385490461814,30.38255405655147,-3.490831433910344,0.7769652650822669,1.22,True,10.999999999999998,historical_import_fallback,1,efortuna,pl,2025-07-27 11:15:14.177369+00:00,http://ufcstats.com/fight-details/8c140756bf43dcc2
2025-06-21,2025,UFC on ABC 8 - Hill vs. Rountree,,Nikolas Motta,Nazim Sadykhov,Nazim Sadykhov,Nikolas Motta,31.099885692382458,32.364798729611145,1.2649130372286876,0.7823741007194245,1.21,True,10.499999999999998,historical_import_fallback,1,efortuna,pl,2025-07-27 11:15:14.177369+00:00,http://ufcstats.com/fight-details/7513a00037094075
2025-06-28,2025,UFC 317 - Topuria vs. Oliveira,,Jack Hermansson,Gregory Rodrigues,Gregory Rodrigues,Jack Hermansson,33.36139688015496,37.049357618568486,3.6879607384135227,0.6105527638190955,1.55,True,27.500000000000004,historical_import_fallback,1,efortuna,pl,2025-07-27 11:15:14.177369+00:00,http://ufcstats.com/fight-details/958522de54ccc536
2025-06-28,2025,UFC 317 - Topuria vs. Oliveira,,Viviane Araujo,Tracy Cortez,Tracy Cortez,Viviane Araujo,31.548902441528572,38.60175089153097,7.052848450002397,0.6650943396226415,1.42,True,20.999999999999996,historical_import_fallback,1,efortuna,pl,2025-07-27 11:15:14.177369+00:00,http://ufcstats.com/fight-details/815ff62ca8e217be
2025-06-28,2025,UFC 317 - Topuria vs. Oliveira,,Felipe Lima,Payton Talbott,Felipe Lima,Payton Talbott,27.143610067284065,26.801371691410502,-0.3422383758735634,0.6070528967254408,1.56,False,-50.0,historical_import_fallback,1,efortuna,pl,2025-07-27 11:15:14.177369+00:00,http://ufcstats.com/fight-details/f6a3c78f15ff26c7
2025-07-12,2025,UFC on ESPN 70 - Lewis vs. Teixeira,,Steve Garcia,Calvin Kattar,Steve Garcia,Calvin Kattar,33.139626412588896,37.29576924919745,4.156142836608552,0.5445026178010471,1.74,True,37.0,historical_import_fallback,1,efortuna,pl,2025-07-27 11:15:14.177369+00:00,http://ufcstats.com/fight-details/f368475c366c6d85
2025-07-12,2025,UFC on ESPN 70 - Lewis vs. Teixeira,,Chidi Njokuani,Jake Matthews,Jake Matthews,Chidi Njokuani,30.89728057386531,36.52915528724067,5.63187471337536,0.5,1.89,True,44.49999999999999,historical_import_fallback,1,efortuna,pl,2025-07-27 11:15:14.177369+00:00,http://ufcstats.com/fight-details/d5e3be7a07c48b08
2025-07-12,2025,UFC on ESPN 70 - Lewis vs. Teixeira,,Tallison Teixeira,Derrick Lewis,Tallison Teixeira,Derrick Lewis,25.59669260833556,40.42519695818532,14.828504349849759,0.6493827160493827,1.42,False,-50.0,historical_import_fallback,1,efortuna,pl,2025-07-27 11:15:14.177369+00:00,http://ufcstats.com/fight-details/0adfc21045c02555
2025-08-02,2025,UFC on ESPN 71 - Taira vs. Park,,Danny Silva,Kevin Vallejos,Kevin Vallejos,Danny Silva,23.65004072636673,28.504349849757354,4.854309123390625,0.7769652650822669,1.24,True,12.0,strict_pre_event_snapshot,7,BetAnySports;BetMGM;BetOnline.ag;BetRivers;BetUS;DraftKings;FanDuel,us,2025-08-01 22:00:11.063177+00:00,http://ufcstats.com/fight-details/111e66eb922449e4
2025-08-02,2025,UFC on ESPN 71 - Taira vs. Park,,Rafael Estevam,Felipe Bunes,Rafael Estevam,Felipe Bunes,28.978007761966364,35.759803418276896,6.781795656310532,0.8270676691729323,1.19,True,9.499999999999996,strict_pre_event_snapshot,7,BetAnySports;BetMGM;BetOnline.ag;BetRivers;BetUS;DraftKings;FanDuel,us,2025-08-01 22:00:11.063177+00:00,http://ufcstats.com/fight-details/b47db03affb279c3
2025-08-02,2025,UFC on ESPN 71 - Taira vs. Park,,Nathan Fletcher,Rinya Nakamura,Rinya Nakamura,Nathan Fletcher,30.363388707502548,27.578937281395238,-2.78445142610731,0.7672253258845437,1.25,True,12.5,strict_pre_event_snapshot,7,BetAnySports;BetMGM;BetOnline.ag;BetRivers;BetUS;DraftKings;FanDuel,us,2025-08-01 22:00:11.063177+00:00,http://ufcstats.com/fight-details/eeeffa7f514e0c0e
2025-08-02,2025,UFC on ESPN 71 - Taira vs. Park,,Piera Rodriguez,Ketlen Souza,Piera Rodriguez,Ketlen Souza,32.723464547526646,30.957514528019054,-1.7659500195075921,0.6627906976744187,1.45,True,22.499999999999996,strict_pre_event_snapshot,7,BetAnySports;BetMGM;BetOnline.ag;BetRivers;BetUS;DraftKings;FanDuel,us,2025-08-01 22:00:11.063177+00:00,http://ufcstats.com/fight-details/d98d6b2c13557a87
2025-08-02,2025,UFC on ESPN 71 - Taira vs. Park,,Chris Duncan,Mateusz Rebecki,Mateusz Rebecki,Chris Duncan,32.83024292079919,32.230641286268714,-0.5996016345304795,0.6555819477434679,1.48,False,-50.0,strict_pre_event_snapshot,7,BetAnySports;BetMGM;BetOnline.ag;BetRivers;BetUS;DraftKings;FanDuel,us,2025-08-01 22:00:11.063177+00:00,http://ufcstats.com/fight-details/426a69e343822ab3
2025-08-09,2025,UFC on ESPN 72 - Dolidze vs. Hernandez,,Eryk Anders,Christian Leroy Duncan,Christian Leroy Duncan,Eryk Anders,30.045791494691883,38.30331902776922,8.257527533077337,0.7998274434982675,1.2,True,9.999999999999998,strict_pre_event_snapshot,6,BetAnySports;BetMGM;BetRivers;BetUS;DraftKings;FanDuel,us,2025-08-08 22:00:08.581337+00:00,http://ufcstats.com/fight-details/75a84211f50c53f5
2025-08-09,2025,UFC on ESPN 72 - Dolidze vs. Hernandez,,Gabriella Fernandes,Julija Stoliarenko,Gabriella Fernandes,Julija Stoliarenko,31.98970546965372,32.33741965954126,0.3477141898875402,0.775735936228197,1.24,True,12.0,strict_pre_event_snapshot,6,BetAnySports;BetMGM;BetRivers;BetUS;DraftKings;FanDuel,us,2025-08-08 22:00:08.581337+00:00,http://ufcstats.com/fight-details/6ef50ed03b116b60
2025-08-09,2025,UFC on ESPN 72 - Dolidze vs. Hernandez,,Cody Brundage,Eric McConico,Cody Brundage,Eric McConico,31.234043135724896,35.25329062198402,4.019247486259125,0.6015037593984962,1.61,False,-50.0,strict_pre_event_snapshot,6,BetAnySports;BetMGM;BetRivers;BetUS;DraftKings;FanDuel,us,2025-08-08 22:00:08.581337+00:00,http://ufcstats.com/fight-details/857e8facd8ff7c36
2025-08-09,2025,UFC on ESPN 72 - Dolidze vs. Hernandez,,Christian Rodriguez,Andre Fili,Christian Rodriguez,Andre Fili,27.644647049562963,35.12460899265557,7.479961943092604,0.6713215773456217,1.44,False,-50.0,strict_pre_event_snapshot,6,BetAnySports;BetMGM;BetRivers;BetUS;DraftKings;FanDuel,us,2025-08-08 22:00:08.581337+00:00,http://ufcstats.com/fight-details/98d6771af9b0ebe5
2025-08-09,2025,UFC on ESPN 72 - Dolidze vs. Hernandez,,Jean Matsumoto,Miles Johns,Jean Matsumoto,Miles Johns,25.91702772815321,31.362724765053354,5.4456970369001425,0.7018395551724466,1.39,True,19.499999999999996,strict_pre_event_snapshot,6,BetAnySports;BetMGM;BetRivers;BetUS;DraftKings;FanDuel,us,2025-08-08 22:00:08.581337+00:00,http://ufcstats.com/fight-details/ed5383b50ffcdded
2025-08-09,2025,UFC on ESPN 72 - Dolidze vs. Hernandez,,Joselyne Edwards,Priscila Cachoeira,Joselyne Edwards,Priscila Cachoeira,29.862351725223654,36.972696222372804,7.11034449714915,0.7656402566606221,1.27,True,13.5,strict_pre_event_snapshot,6,BetAnySports;BetMGM;BetRivers;BetUS;DraftKings;FanDuel,us,2025-08-08 22:00:08.581337+00:00,http://ufcstats.com/fight-details/aef44145740741b3
2025-08-16,2025,UFC 319 - Du Plessis vs. Chimaev,,Michael Page,Jared Cannonier,Michael Page,Jared Cannonier,38.36081507491598,41.41905720172214,3.0582421268061566,0.6428571428571429,1.51,True,25.5,strict_pre_event_snapshot,5,BetAnySports;BetMGM;BetRivers;DraftKings;FanDuel,us,2025-08-15 22:00:05.428787+00:00,http://ufcstats.com/fight-details/9939d7073462e07e
2025-08-16,2025,UFC 319 - Du Plessis vs. Chimaev,,Joseph Morales,Alibi Idiris,Alibi Idiris,Joseph Morales,30.817881270662642,30.98489359808894,0.16701232742629912,0.7867132867132868,1.22,False,-50.0,strict_pre_event_snapshot,5,BetAnySports;BetMGM;BetRivers;DraftKings;FanDuel,us,2025-08-15 22:00:05.428787+00:00,http://ufcstats.com/fight-details/68c423c7119004f3
2025-08-16,2025,UFC 319 - Du Plessis vs. Chimaev,,Dricus Du Plessis,Khamzat Chimaev,Khamzat Chimaev,Dricus Du Plessis,31.29427708987864,31.587233139626413,0.29295604974777234,0.6818181818181819,1.41,True,20.499999999999996,strict_pre_event_snapshot,5,BetAnySports;BetMGM;BetRivers;DraftKings;FanDuel,us,2025-08-15 22:00:05.428787+00:00,http://ufcstats.com/fight-details/12cedec11b37ddc0
2025-08-16,2025,UFC 319 - Du Plessis vs. Chimaev,,Kai Asakura,Tim Elliott,Kai Asakura,Tim Elliott,31.79257616515055,38.64555740364278,6.852981238492234,0.7261410788381742,1.33,False,-50.0,strict_pre_event_snapshot,5,BetAnySports;BetMGM;BetRivers;DraftKings;FanDuel,us,2025-08-15 22:00:05.428787+00:00,http://ufcstats.com/fight-details/82338ba457fbe87f
2025-08-23,2025,UFC Fight Night 257 - Walker vs. Zhang,,Uran Satybaldiev,Diyar Nurgozhay,Uran Satybaldiev,Diyar Nurgozhay,31.03691383122172,28.337337522331055,-2.6995763088906664,0.5071224586931393,2.0,True,50.0,strict_pre_event_snapshot,6,BetAnySports;BetMGM;BetRivers;BetUS;DraftKings;FanDuel,us,2025-08-22 22:00:05.423656+00:00,http://ufcstats.com/fight-details/7fc5f1dc2df84ac7
2025-08-23,2025,UFC Fight Night 257 - Walker vs. Zhang,,Lone'er Kavanagh,Charles Johnson,Lone'er Kavanagh,Charles Johnson,26.207245870893995,34.61809619636269,8.410850325468697,0.6800845605065401,1.43,False,-50.0,strict_pre_event_snapshot,4,BetMGM;BetRivers;DraftKings;FanDuel,us,2025-08-22 22:00:05.423656+00:00,http://ufcstats.com/fight-details/1ab1ed99a4bc5494
2025-09-06,2025,UFC Fight Night 258 - Imavov vs. Borralho,,Marcin Tybura,Ante Delija,Ante Delija,Marcin Tybura,35.083540387550734,39.82559532365483,4.742054936104097,0.5324675324675325,1.88,True,43.99999999999999,strict_pre_event_snapshot,7,BetAnySports;BetMGM;BetOnline.ag;BetRivers;BetUS;DraftKings;FanDuel,us,2025-09-05 22:00:09.404168+00:00,http://ufcstats.com/fight-details/23dbe713c4294c66
2025-09-06,2025,UFC Fight Night 258 - Imavov vs. Borralho,,Mason Jones,Bolaji Oki,Mason Jones,Bolaji Oki,30.366126614509536,29.81033149209087,-0.5557951224186652,0.5526992287917738,1.77,True,38.5,strict_pre_event_snapshot,7,BetAnySports;BetMGM;BetOnline.ag;BetRivers;BetUS;DraftKings;FanDuel,us,2025-09-05 22:00:09.404168+00:00,http://ufcstats.com/fight-details/69b31593175f77ec
2025-09-06,2025,UFC Fight Night 258 - Imavov vs. Borralho,,Modestas Bukauskas,Paul Craig,Modestas Bukauskas,Paul Craig,31.570805697584483,37.77764088242743,6.206835184842944,0.7400000000000001,1.31,True,15.500000000000004,strict_pre_event_snapshot,7,BetAnySports;BetMGM;BetOnline.ag;BetRivers;BetUS;DraftKings;FanDuel,us,2025-09-05 22:00:09.404168+00:00,http://ufcstats.com/fight-details/0149e875b31e57f8
2025-09-06,2025,UFC Fight Night 258 - Imavov vs. Borralho,,Rhys McKee,Axel Sola,Axel Sola,Rhys McKee,27.970457983394592,29.991033354552112,2.02057537115752,0.5426356589147286,1.79,True,39.5,strict_pre_event_snapshot,7,BetAnySports;BetMGM;BetOnline.ag;BetRivers;BetUS;DraftKings;FanDuel,us,2025-09-05 22:00:09.404168+00:00,http://ufcstats.com/fight-details/a47123ae6e048f11
2025-09-06,2025,UFC Fight Night 258 - Imavov vs. Borralho,,Brendson Ribeiro,Oumar Sy,Oumar Sy,Brendson Ribeiro,29.79390405004894,28.994435204008294,-0.7994688460406465,0.8,1.21,True,10.499999999999998,strict_pre_event_snapshot,7,BetAnySports;BetMGM;BetOnline.ag;BetRivers;BetUS;DraftKings;FanDuel,us,2025-09-05 22:00:09.404168+00:00,http://ufcstats.com/fight-details/4080b4310d82b42d
2025-09-06,2025,UFC Fight Night 258 - Imavov vs. Borralho,,Robert Bryczek,Brad Tavares,Brad Tavares,Robert Bryczek,37.711931114259706,35.176629225788346,-2.535301888471359,0.6542056074766355,1.48,False,-50.0,strict_pre_event_snapshot,7,BetAnySports;BetMGM;BetOnline.ag;BetRivers;BetUS;DraftKings;FanDuel,us,2025-09-05 22:00:09.404168+00:00,http://ufcstats.com/fight-details/b3253e2c2d111030
2025-09-06,2025,UFC Fight Night 258 - Imavov vs. Borralho,,Sam Hughes,Shauna Bannon,Sam Hughes,Shauna Bannon,33.191646645721676,31.871975468353217,-1.319671177368459,0.7358536585365854,1.33,True,16.500000000000004,strict_pre_event_snapshot,6,BetAnySports;BetOnline.ag;BetRivers;BetUS;DraftKings;FanDuel,us,2025-09-05 22:00:09.404168+00:00,http://ufcstats.com/fight-details/a38010639e61885c
2025-09-06,2025,UFC Fight Night 258 - Imavov vs. Borralho,,Robert Ruchala,William Gomis,William Gomis,Robert Ruchala,28.23329705606549,27.313360301717353,-0.9199367543481358,0.6888888888888889,1.43,True,21.499999999999996,strict_pre_event_snapshot,7,BetAnySports;BetMGM;BetOnline.ag;BetRivers;BetUS;DraftKings;FanDuel,us,2025-09-05 22:00:09.404168+00:00,http://ufcstats.com/fight-details/b53031bf4bd0a330
2025-09-06,2025,UFC Fight Night 258 - Imavov vs. Borralho,,Trey Waters,Sam Patterson,Sam Patterson,Trey Waters,29.35310102192379,30.5413526629568,1.188251641033009,0.6204379562043796,1.56,True,28.000000000000004,strict_pre_event_snapshot,7,BetAnySports;BetMGM;BetOnline.ag;BetRivers;BetUS;DraftKings;FanDuel,us,2025-09-05 22:00:09.404168+00:00,http://ufcstats.com/fight-details/420211200a35c1d1
