fighter,profile_url,height_in,reach_in,stance,current_ufc_record,ufc_fights,card_text,height_source,reach_source,ufc_com_verified_profile,ufc_com_url
Aalon Cruz,https://boutmetrics.com/explore/fighters/aalon-cruz,72.0,78.0,Switch,0-2-0,2,"Switch 0-2-0 Aalon Cruz Height 6' 0"" Reach 78"" UFC fights 2 View profile →",boutmetrics,boutmetrics,True,https://www.ufc.com/athlete/aalon-cruz
Aaron Jeffery,https://boutmetrics.com/explore/fighters/aaron-jeffery,74.0,73.0,Orthodox,0-0-0,0,"Orthodox 0-0-0 Aaron Jeffery Height 6' 2"" Reach 73"" UFC fights 0 View profile →",boutmetrics,boutmetrics,True,https://www.ufc.com/athlete/aaron-jeffery
Aaron Tau,https://boutmetrics.com/explore/fighters/aaron-tau,64.0,66.0,Switch,0-0-0,0,"Switch 0-0-0 Aaron Tau “ Tauzemup ” Height 5' 4"" Reach 66"" UFC fights 0 View profile →",boutmetrics,boutmetrics,True,https://www.ufc.com/athlete/aaron-tau
Abdellah Er-Ramy,https://boutmetrics.com/explore/fighters/abdellah-er-ramy,72.0,74.0,Orthodox,0-0-0,0,"Orthodox 0-0-0 Abdellah Er-Ramy “ The Golden Boy ” Height 6' 0"" Reach 74"" UFC fights 0 View profile →",boutmetrics,boutmetrics,False,
Abdul Rakhman Yakhyaev,https://boutmetrics.com/explore/fighters/abdul-rakhman-yakhyaev,74.0,78.0,Orthodox,3-0-0,3,"Orthodox 3-0-0 Abdul Rakhman Yakhyaev “ The Hunter ” Height 6' 2"" Reach 78"" UFC fights 3 View profile →",boutmetrics,boutmetrics,False,
Abe Alsaghir,https://boutmetrics.com/explore/fighters/abe-alsaghir,,,Stance —,0-0-0,0,Stance — 0-0-0 Abe Alsaghir “ The Killer ” Height — Reach — UFC fights 0 View profile →,,,False,
Acacio Dos Santos,https://boutmetrics.com/explore/fighters/acacio-dos-santos,76.0,79.0,Orthodox,0-0-0,0,"Orthodox 0-0-0 Acacio Dos Santos “ Pequeno ” Height 6' 4"" Reach 79"" UFC fights 0 View profile →",boutmetrics,boutmetrics,True,https://www.ufc.com/athlete/acacio-dos-santos
Achilles Estremadura,https://boutmetrics.com/explore/fighters/achilles-estremadura,70.0,68.0,Orthodox,0-0-0,0,"Orthodox 0-0-0 Achilles Estremadura Height 5' 10"" Reach 68"" UFC fights 0 View profile →",boutmetrics,boutmetrics,True,https://www.ufc.com/athlete/achilles-estremadura
Adam Antolin,https://boutmetrics.com/explore/fighters/adam-antolin,65.0,63.0,Orthodox,0-0-0,0,"Orthodox 0-0-0 Adam Antolin “ Captain Chaos ” Height 5' 5"" Reach 63"" UFC fights 0 View profile →",boutmetrics,boutmetrics,True,https://www.ufc.com/athlete/adam-antolin
Adam Bramhald,https://boutmetrics.com/explore/fighters/adam-bramhald,70.0,70.0,Orthodox,0-0-0,0,"Orthodox 0-0-0 Adam Bramhald “ Samurai ” Height 5' 10"" Reach 70"" UFC fights 0 View profile →",boutmetrics,boutmetrics,False,
Adam Darby,https://boutmetrics.com/explore/fighters/adam-darby,,,Stance —,0-0-0,0,Stance — 0-0-0 Adam Darby Height — Reach — UFC fights 0 View profile →,,,False,
Adam Livingston,https://boutmetrics.com/explore/fighters/adam-livingston,74.0,71.0,Orthodox,0-0-0,0,"Orthodox 0-0-0 Adam Livingston “ Bomb ” Height 6' 2"" Reach 71"" UFC fights 0 View profile →",boutmetrics,boutmetrics,False,
Adama Diop,https://boutmetrics.com/explore/fighters/adama-diop,,,Stance —,0-0-0,0,Stance — 0-0-0 Adama Diop “ Blinde ” Height — Reach — UFC fights 0 View profile →,,,False,
Adrian Diaz,https://boutmetrics.com/explore/fighters/adrian-diaz,70.0,,Southpaw,0-0-0,0,"Southpaw 0-0-0 Adrian Diaz Height 5' 10"" Reach — UFC fights 0 View profile →",boutmetrics,,True,https://www.ufc.com/athlete/adrian-diaz
Adrian Yanez,https://boutmetrics.com/explore/fighters/adrian-yanez,67.0,70.0,Orthodox,7-3-1,11,"Orthodox 7-3-1 Adrian Yanez Height 5' 7"" Reach 70"" UFC fights 11 View profile →",boutmetrics,boutmetrics,True,https://www.ufc.com/athlete/adrian-yanez
Ahmad Hassanzada,https://boutmetrics.com/explore/fighters/ahmad-hassanzada,73.0,75.0,Orthodox,0-0-0,0,"Orthodox 0-0-0 Ahmad Hassanzada “ Lion of the Ring ” Height 6' 1"" Reach 75"" UFC fights 0 View profile →",boutmetrics,boutmetrics,True,https://www.ufc.com/athlete/ahmad-hassanzada
Aieza Bertolso,https://boutmetrics.com/explore/fighters/aieza-bertolso,,,Stance —,0-0-0,0,Stance — 0-0-0 Aieza Bertolso Height — Reach — UFC fights 0 View profile →,,,False,
AJ Cunningham,https://boutmetrics.com/explore/fighters/aj-cunningham,70.0,71.0,Orthodox,0-2-0,2,"Orthodox 0-2-0 AJ Cunningham “ The Savage ” Height 5' 10"" Reach 71"" UFC fights 2 View profile →",boutmetrics,boutmetrics,True,https://www.ufc.com/athlete/aj-cunningham
AJ Dobson,https://boutmetrics.com/explore/fighters/aj-dobson,73.0,76.0,Orthodox,1-3-0,4,"Orthodox 1-3-0 AJ Dobson Height 6' 1"" Reach 76"" UFC fights 4 View profile →",boutmetrics,boutmetrics,True,https://www.ufc.com/athlete/aj-dobson
AJ Fletcher,https://boutmetrics.com/explore/fighters/aj-fletcher,70.0,67.0,Switch,1-3-0,4,"Switch 1-3-0 AJ Fletcher “ The Ghost ” Height 5' 10"" Reach 67"" UFC fights 4 View profile →",boutmetrics,boutmetrics,True,https://www.ufc.com/athlete/aj-fletcher
Akbar Abdullaev,https://boutmetrics.com/explore/fighters/akbar-abdullaev,,,Stance —,0-0-0,0,Stance — 0-0-0 Akbar Abdullaev Height — Reach — UFC fights 0 View profile →,,,False,
Al Matavao,https://boutmetrics.com/explore/fighters/al-matavao,68.0,67.0,Orthodox,0-0-0,0,"Orthodox 0-0-0 Al Matavao “ Sweetness ” Height 5' 8"" Reach 67"" UFC fights 0 View profile →",boutmetrics,boutmetrics,True,https://www.ufc.com/athlete/al-matavao
Albert Duraev,https://boutmetrics.com/explore/fighters/albert-duraev,71.0,75.0,Orthodox,2-2-0,4,"Orthodox 2-2-0 Albert Duraev Height 5' 11"" Reach 75"" UFC fights 4 View profile →",boutmetrics,boutmetrics,True,https://www.ufc.com/athlete/albert-duraev
Alberto Montes,https://boutmetrics.com/explore/fighters/alberto-montes,67.0,69.0,Orthodox,1-1-0,2,"Orthodox 1-1-0 Alberto Montes “ The Promise ” Height 5' 7"" Reach 69"" UFC fights 2 View profile →",boutmetrics,boutmetrics,True,https://www.ufc.com/athlete/alberto-montes
Alejandro Flores,https://boutmetrics.com/explore/fighters/alejandro-flores,70.0,73.0,Orthodox,0-0-0,0,"Orthodox 0-0-0 Alejandro Flores “ El Gallito ” Height 5' 10"" Reach 73"" UFC fights 0 View profile →",boutmetrics,boutmetrics,True,https://www.ufc.com/athlete/alejandro-flores
Aleksa Camur,https://boutmetrics.com/explore/fighters/aleksa-camur,73.0,74.0,Orthodox,1-3-0,4,"Orthodox 1-3-0 Aleksa Camur Height 6' 1"" Reach 74"" UFC fights 4 View profile →",boutmetrics,boutmetrics,True,https://www.ufc.com/athlete/aleksa-camur
Alessandro Costa,https://boutmetrics.com/explore/fighters/alessandro-costa,64.0,67.0,Orthodox,5-3-0,8,"Orthodox 5-3-0 Alessandro Costa “ Nono ” Height 5' 4"" Reach 67"" UFC fights 8 View profile →",boutmetrics,boutmetrics,True,https://www.ufc.com/athlete/alessandro-costa
Alex Gilpin,https://boutmetrics.com/explore/fighters/alex-gilpin,67.0,,Orthodox,0-0-0,0,"Orthodox 0-0-0 Alex Gilpin Height 5' 7"" Reach — UFC fights 0 View profile →",boutmetrics,,True,https://www.ufc.com/athlete/alex-gilpin
Alexander Morgan,https://boutmetrics.com/explore/fighters/alexander-morgan,70.0,71.0,Orthodox,0-0-0,0,"Orthodox 0-0-0 Alexander Morgan “ The Chess Master ” Height 5' 10"" Reach 71"" UFC fights 0 View profile →",boutmetrics,boutmetrics,False,
Alexander Munoz,https://boutmetrics.com/explore/fighters/alexander-munoz,69.0,72.0,Switch,1-2-0,3,"Switch 1-2-0 Alexander Munoz Height 5' 9"" Reach 72"" UFC fights 3 View profile →",boutmetrics,boutmetrics,False,
Alexander Poppeck,https://boutmetrics.com/explore/fighters/alexander-poppeck,74.0,74.0,Orthodox,0-1-0,1,"Orthodox 0-1-0 Alexander Poppeck “ Ironside ” Height 6' 2"" Reach — UFC fights 1 View profile →",boutmetrics,ufc.com_verified_static_fill,True,https://www.ufc.com/athlete/alexander-poppeck
Alexia Thainara,https://boutmetrics.com/explore/fighters/alexia-thainara,64.0,67.0,Orthodox,4-0-0,4,"Orthodox 4-0-0 Alexia Thainara “ Burguesinha ” Height 5' 4"" Reach 67"" UFC fights 4 View profile →",boutmetrics,boutmetrics,True,https://www.ufc.com/athlete/alexia-thainara
Alexis Miranda,https://boutmetrics.com/explore/fighters/alexis-miranda,,,Stance —,0-0-0,0,Stance — 0-0-0 Alexis Miranda “ Mantis ” Height — Reach — UFC fights 0 View profile →,,,False,
Alfred Khashakyan,https://boutmetrics.com/explore/fighters/alfred-khashakyan,68.0,70.0,Orthodox,0-0-0,0,"Orthodox 0-0-0 Alfred Khashakyan “ The Fearless ” Height 5' 8"" Reach 70"" UFC fights 0 View profile →",boutmetrics,boutmetrics,True,https://www.ufc.com/athlete/alfred-khashakyan
Aliaskhab Khizriev,https://boutmetrics.com/explore/fighters/aliaskhab-khizriev,69.0,74.0,Southpaw,1-0-0 (1 NC),2,"Southpaw 1-0-0 (1 NC) Aliaskhab Khizriev “ Black Wolf ” Height 5' 9"" Reach 74"" UFC fights 2 View profile →",boutmetrics,boutmetrics,True,https://www.ufc.com/athlete/aliaskhab-khizriev
Alik Lorenz,https://boutmetrics.com/explore/fighters/alik-lorenz,74.0,77.0,Orthodox,0-0-0,0,"Orthodox 0-0-0 Alik Lorenz Height 6' 2"" Reach 77"" UFC fights 0 View profile →",boutmetrics,boutmetrics,True,https://www.ufc.com/athlete/alik-lorenz
Allan Begosso,https://boutmetrics.com/explore/fighters/allan-begosso,65.0,66.0,Orthodox,0-0-0,0,"Orthodox 0-0-0 Allan Begosso “ Mini ” Height 5' 5"" Reach 66"" UFC fights 0 View profile →",boutmetrics,boutmetrics,False,
Allen Crowder,https://boutmetrics.com/explore/fighters/allen-crowder,75.0,76.0,Orthodox,1-2-0,3,"Orthodox 1-2-0 Allen Crowder “ Pretty Boy ” Height 6' 3"" Reach 76"" UFC fights 3 View profile →",boutmetrics,boutmetrics,True,https://www.ufc.com/athlete/allen-crowder
Alonzo Menifield,https://boutmetrics.com/explore/fighters/alonzo-menifield,72.0,76.0,Orthodox,12-6-1,19,"Orthodox 12-6-1 Alonzo Menifield “ Atomic ” Height 6' 0"" Reach 76"" UFC fights 19 View profile →",boutmetrics,boutmetrics,True,https://www.ufc.com/athlete/alonzo-menifield
Alton Cunningham,https://boutmetrics.com/explore/fighters/alton-cunningham,74.0,77.0,Orthodox,0-0-0,0,"Orthodox 0-0-0 Alton Cunningham “ The Bo-Man ” Height 6' 2"" Reach 77"" UFC fights 0 View profile →",boutmetrics,boutmetrics,True,https://www.ufc.com/athlete/alton-cunningham
Alvi Dasuyev,https://boutmetrics.com/explore/fighters/alvi-dasuyev,,,Stance —,0-0-0,0,Stance — 0-0-0 Alvi Dasuyev “ Spartan ” Height — Reach — UFC fights 0 View profile →,,,False,
Amiran Gogoladze,https://boutmetrics.com/explore/fighters/amiran-gogoladze,73.0,74.0,Switch,0-0-0,0,"Switch 0-0-0 Amiran Gogoladze Height 6' 1"" Reach 74"" UFC fights 0 View profile →",boutmetrics,boutmetrics,True,https://www.ufc.com/athlete/amiran-gogoladze
An Tuan Ho,https://boutmetrics.com/explore/fighters/an-tuan-ho,66.0,66.0,Switch,0-0-0,0,"Switch 0-0-0 An Tuan Ho “ Highlight ” Height 5' 6"" Reach 66"" UFC fights 0 View profile →",boutmetrics,boutmetrics,False,
Ananias Mulumba,https://boutmetrics.com/explore/fighters/ananias-mulumba,,,Stance —,0-0-0,0,Stance — 0-0-0 Ananias Mulumba “ Metal ” Height — Reach — UFC fights 0 View profile →,,,False,
Andre Lima,https://boutmetrics.com/explore/fighters/andre-lima,67.0,67.0,Orthodox,5-1-0,6,"Orthodox 5-1-0 Andre Lima “ Mascote ” Height 5' 7"" Reach 67"" UFC fights 6 View profile →",boutmetrics,boutmetrics,False,
Andreas Gustafsson,https://boutmetrics.com/explore/fighters/andreas-gustafsson,73.0,73.0,Orthodox,1-1-0,2,"Orthodox 1-1-0 Andreas Gustafsson “ Bane ” Height 6' 1"" Reach 73"" UFC fights 2 View profile →",boutmetrics,boutmetrics,True,https://www.ufc.com/athlete/andreas-gustafsson
Andrey Pulyaev,https://boutmetrics.com/explore/fighters/andrey-pulyaev,76.0,78.0,Southpaw,1-4-0,5,"Southpaw 1-4-0 Andrey Pulyaev Height 6' 4"" Reach 78"" UFC fights 5 View profile →",boutmetrics,boutmetrics,True,https://www.ufc.com/athlete/andrey-pulyaev
Ange Loosa,https://boutmetrics.com/explore/fighters/ange-loosa,70.0,74.0,Orthodox,2-3-0 (1 NC),6,"Orthodox 2-3-0 (1 NC) Ange Loosa “ The Last Ninja ” Height 5' 10"" Reach 74"" UFC fights 6 View profile →",boutmetrics,boutmetrics,True,https://www.ufc.com/athlete/ange-loosa
Angel De Anda,https://boutmetrics.com/explore/fighters/angel-de-anda,69.0,,Orthodox,0-0-0,0,"Orthodox 0-0-0 Angel De Anda “ The Dream ” Height 5' 9"" Reach — UFC fights 0 View profile →",boutmetrics,,True,https://www.ufc.com/athlete/angel-de-anda
Angelo Trevino,https://boutmetrics.com/explore/fighters/angelo-trevino,71.0,,Switch,0-0-0,0,"Switch 0-0-0 Angelo Trevino “ Baby Monsta ” Height 5' 11"" Reach — UFC fights 0 View profile →",boutmetrics,,True,https://www.ufc.com/athlete/angelo-trevino
Anthony Adams,https://boutmetrics.com/explore/fighters/anthony-adams,73.0,76.0,Orthodox,0-0-0,0,"Orthodox 0-0-0 Anthony Adams “ Sugafoot ” Height 6' 1"" Reach 76"" UFC fights 0 View profile →",boutmetrics,boutmetrics,True,https://www.ufc.com/athlete/anthony-adams
Anthony Drilich,https://boutmetrics.com/explore/fighters/anthony-drilich,65.0,65.0,Southpaw,0-0-0,0,"Southpaw 0-0-0 Anthony Drilich Height 5' 5"" Reach 65"" UFC fights 0 View profile →",boutmetrics,boutmetrics,False,
Anthony Guarascio,https://boutmetrics.com/explore/fighters/anthony-guarascio,74.0,72.0,Orthodox,0-0-0,0,"Orthodox 0-0-0 Anthony Guarascio “ The Daywalker ” Height 6' 2"" Reach 72"" UFC fights 0 View profile →",boutmetrics,boutmetrics,False,
Anthony Hernandez,https://boutmetrics.com/explore/fighters/anthony-hernandez,72.0,75.0,Orthodox,9-4-0,13,"Orthodox 9-4-0 Anthony Hernandez “ Fluffy ” Height 6' 0"" Reach 75"" UFC fights 13 View profile →",boutmetrics,boutmetrics,True,https://www.ufc.com/athlete/anthony-hernandez
Anthony Romero,https://boutmetrics.com/explore/fighters/anthony-romero,65.0,66.0,Southpaw,0-1-0,1,"Southpaw 0-1-0 Anthony Romero “ The Bully ” Height 5' 5"" Reach 66"" UFC fights 1 View profile →",boutmetrics,boutmetrics,False,
Anthony Wint,https://boutmetrics.com/explore/fighters/anthony-wint,,,Stance —,2-0-0,2,Stance — 2-0-0 Anthony Wint “ Bow Down ” Height — Reach — UFC fights 2 View profile →,,,False,
Anton Berzin,https://boutmetrics.com/explore/fighters/anton-berzin,74.0,,Orthodox,0-0-0,0,"Orthodox 0-0-0 Anton Berzin “ The Body Snatcher ” Height 6' 2"" Reach — UFC fights 0 View profile →",boutmetrics,,True,https://www.ufc.com/athlete/anton-berzin
Anton Turkalj,https://boutmetrics.com/explore/fighters/anton-turkalj,76.0,78.0,Orthodox,0-4-0,4,"Orthodox 0-4-0 Anton Turkalj “ The Pleasure Man ” Height 6' 4"" Reach 78"" UFC fights 4 View profile →",boutmetrics,boutmetrics,True,https://www.ufc.com/athlete/anton-turkalj
Antonina Shevchenko,https://boutmetrics.com/explore/fighters/antonina-shevchenko,68.0,67.0,Southpaw,4-4-0,8,"Southpaw 4-4-0 Antonina Shevchenko “ La Pantera ” Height 5' 8"" Reach 67"" UFC fights 8 View profile →",boutmetrics,boutmetrics,True,https://www.ufc.com/athlete/antonina-shevchenko
Antonio Arroyo,https://boutmetrics.com/explore/fighters/antonio-arroyo,75.0,73.0,Orthodox,0-3-0,3,"Orthodox 0-3-0 Antonio Arroyo Height 6' 3"" Reach 73"" UFC fights 3 View profile →",boutmetrics,boutmetrics,True,https://www.ufc.com/athlete/antonio-arroyo
Antonio Jones,https://boutmetrics.com/explore/fighters/antonio-jones,71.0,,Orthodox,0-0-0,0,"Orthodox 0-0-0 Antonio Jones “ Doomsday ” Height 5' 11"" Reach — UFC fights 0 View profile →",boutmetrics,,True,https://www.ufc.com/athlete/antonio-jones
Antonio Monteiro,https://boutmetrics.com/explore/fighters/antonio-monteiro,67.0,70.0,Orthodox,0-0-0,0,"Orthodox 0-0-0 Antonio Monteiro Height 5' 7"" Reach 70"" UFC fights 0 View profile →",boutmetrics,boutmetrics,False,
Antonio Trocoli,https://boutmetrics.com/explore/fighters/antonio-trocoli,78.0,79.0,Orthodox,0-4-0,4,"Orthodox 0-4-0 Antonio Trocoli “ Malvado ” Height 6' 6"" Reach 79"" UFC fights 4 View profile →",boutmetrics,boutmetrics,False,
Arlind Berisha,https://boutmetrics.com/explore/fighters/arlind-berisha,,,Stance —,0-0-0,0,Stance — 0-0-0 Arlind Berisha Height — Reach — UFC fights 0 View profile →,,,False,
Armando Villarreal,https://boutmetrics.com/explore/fighters/armando-villarreal,67.0,66.0,Southpaw,0-0-0,0,"Southpaw 0-0-0 Armando Villarreal “ La Lumbre ” Height 5' 7"" Reach 66"" UFC fights 0 View profile →",boutmetrics,boutmetrics,False,
Armen Petrosyan,https://boutmetrics.com/explore/fighters/armen-petrosyan,75.0,71.0,Orthodox,3-4-0,7,"Orthodox 3-4-0 Armen Petrosyan “ Superman ” Height 6' 3"" Reach 71"" UFC fights 7 View profile →",boutmetrics,boutmetrics,True,https://www.ufc.com/athlete/armen-petrosyan
Artem Vakhitov,https://boutmetrics.com/explore/fighters/artem-vakhitov,73.0,75.0,Orthodox,0-0-0,0,"Orthodox 0-0-0 Artem Vakhitov Height 6' 1"" Reach 75"" UFC fights 0 View profile →",boutmetrics,boutmetrics,False,
Arthur Lopes,https://boutmetrics.com/explore/fighters/arthur-lopes,74.0,77.0,Southpaw,0-0-0,0,"Southpaw 0-0-0 Arthur Lopes “ Demolidor ” Height 6' 2"" Reach 77"" UFC fights 0 View profile →",boutmetrics,boutmetrics,False,
Ateba Gautier,https://boutmetrics.com/explore/fighters/ateba-gautier,76.0,81.0,Switch,5-1-0,6,"Switch 5-1-0 Ateba Gautier “ The Storm ” Height 6' 4"" Reach 81"" UFC fights 6 View profile →",boutmetrics,boutmetrics,True,https://www.ufc.com/athlete/ateba-gautier
Austen Lane,https://boutmetrics.com/explore/fighters/austen-lane,78.0,80.0,Orthodox,1-5-0 (1 NC),7,"Orthodox 1-5-0 (1 NC) Austen Lane Height 6' 6"" Reach 80"" UFC fights 7 View profile →",boutmetrics,boutmetrics,True,https://www.ufc.com/athlete/austen-lane
Austin Arnett,https://boutmetrics.com/explore/fighters/austin-arnett,72.0,72.0,Orthodox,1-3-0,4,"Orthodox 1-3-0 Austin Arnett Height 6' 0"" Reach 72"" UFC fights 4 View profile →",boutmetrics,boutmetrics,True,https://www.ufc.com/athlete/austin-arnett
Austin Bashi,https://boutmetrics.com/explore/fighters/austin-bashi,66.0,70.0,Orthodox,1-2-0,3,"Orthodox 1-2-0 Austin Bashi Height 5' 6"" Reach 70"" UFC fights 3 View profile →",boutmetrics,boutmetrics,True,https://www.ufc.com/athlete/austin-bashi
Austin Springer,https://boutmetrics.com/explore/fighters/austin-springer,68.0,71.0,Orthodox,0-1-0,1,"Orthodox 0-1-0 Austin Springer Height 5' 8"" Reach 71"" UFC fights 1 View profile →",boutmetrics,boutmetrics,True,https://www.ufc.com/athlete/austin-springer
Austin Tweedy,https://boutmetrics.com/explore/fighters/austin-tweedy,69.0,68.0,Orthodox,0-0-0,0,"Orthodox 0-0-0 Austin Tweedy Height 5' 9"" Reach — UFC fights 0 View profile →",boutmetrics,ufc.com_verified_static_fill,True,https://www.ufc.com/athlete/austin-tweedy
Austin Vanderford,https://boutmetrics.com/explore/fighters/austin-vanderford,71.0,74.0,Orthodox,1-1-0,2,"Orthodox 1-1-0 Austin Vanderford “ The Gentleman ” Height 5' 11"" Reach 74"" UFC fights 2 View profile →",boutmetrics,boutmetrics,True,https://www.ufc.com/athlete/austin-vanderford
Azamat Murzakanov,https://boutmetrics.com/explore/fighters/azamat-murzakanov,70.0,71.0,Southpaw,6-1-0,7,"Southpaw 6-1-0 Azamat Murzakanov “ The Professional ” Height 5' 10"" Reach 71"" UFC fights 7 View profile →",boutmetrics,boutmetrics,True,https://www.ufc.com/athlete/azamat-murzakanov
Azamat Nuftillaev,https://boutmetrics.com/explore/fighters/azamat-nuftillaev,,,Stance —,0-0-0,0,Stance — 0-0-0 Azamat Nuftillaev “ Dragon ” Height — Reach — UFC fights 0 View profile →,,,False,
Azunna Anyanwu,https://boutmetrics.com/explore/fighters/azunna-anyanwu,73.0,,Orthodox,0-1-0,1,"Orthodox 0-1-0 Azunna Anyanwu “ Zulu ” Height 6' 1"" Reach — UFC fights 1 View profile →",boutmetrics,,False,
Bailey Schoenfelder,https://boutmetrics.com/explore/fighters/bailey-schoenfelder,75.0,76.0,Orthodox,0-0-0,0,"Orthodox 0-0-0 Bailey Schoenfelder “ Berserk ” Height 6' 3"" Reach 76"" UFC fights 0 View profile →",boutmetrics,boutmetrics,False,
Baisangur Susurkaev,https://boutmetrics.com/explore/fighters/baisangur-susurkaev,74.0,79.0,Orthodox,3-0-0,3,"Orthodox 3-0-0 Baisangur Susurkaev “ The Real Hunter ” Height 6' 2"" Reach 79"" UFC fights 3 View profile →",boutmetrics,boutmetrics,False,
Bartosz Szewczyk,https://boutmetrics.com/explore/fighters/bartosz-szewczyk,76.0,73.0,Orthodox,0-0-0,0,"Orthodox 0-0-0 Bartosz Szewczyk Height 6' 4"" Reach 73"" UFC fights 0 View profile →",boutmetrics,boutmetrics,False,
Bella Mir,https://boutmetrics.com/explore/fighters/bella-mir,,,Stance —,0-0-0,0,Stance — 0-0-0 Bella Mir “ Lady ” Height — Reach — UFC fights 0 View profile →,,,False,
Ben Sosoli,https://boutmetrics.com/explore/fighters/ben-sosoli,72.0,72.0,Southpaw,0-1-0 (1 NC),2,"Southpaw 0-1-0 (1 NC) Ben Sosoli “ Combat Wombat ” Height 6' 0"" Reach 72"" UFC fights 2 View profile →",boutmetrics,boutmetrics,True,https://www.ufc.com/athlete/ben-sosoli
Benito Lopez,https://boutmetrics.com/explore/fighters/benito-lopez,70.0,73.0,Switch,2-2-0,4,"Switch 2-2-0 Benito Lopez “ Golden Boy ” Height 5' 10"" Reach 73"" UFC fights 4 View profile →",boutmetrics,boutmetrics,False,
Benjamin Bennett,https://boutmetrics.com/explore/fighters/benjamin-bennett,72.0,73.0,Switch,0-0-0,0,"Switch 0-0-0 Benjamin Bennett “ Mr. Alaska ” Height 6' 0"" Reach 73"" UFC fights 0 View profile →",boutmetrics,boutmetrics,False,
Bevon Lewis,https://boutmetrics.com/explore/fighters/bevon-lewis,75.0,79.0,Orthodox,1-3-0,4,"Orthodox 1-3-0 Bevon Lewis Height 6' 3"" Reach 79"" UFC fights 4 View profile →",boutmetrics,boutmetrics,True,https://www.ufc.com/athlete/bevon-lewis
Bilal Hasan,https://boutmetrics.com/explore/fighters/bilal-hasan,,,Stance —,1-0-0,1,Stance — 1-0-0 Bilal Hasan “ The IndoNinja ” Height — Reach — UFC fights 1 View profile →,,,False,
Bill Algeo,https://boutmetrics.com/explore/fighters/bill-algeo,72.0,73.0,Switch,5-5-0,10,"Switch 5-5-0 Bill Algeo “ Senor Perfecto ” Height 6' 0"" Reach 73"" UFC fights 10 View profile →",boutmetrics,boutmetrics,False,
Billy Brand,https://boutmetrics.com/explore/fighters/billy-brand,66.0,65.0,Orthodox,0-0-0,0,"Orthodox 0-0-0 Billy Brand Height 5' 6"" Reach 65"" UFC fights 0 View profile →",boutmetrics,boutmetrics,False,
Billy Quarantillo,https://boutmetrics.com/explore/fighters/billy-quarantillo,70.0,70.0,Orthodox,6-6-0,12,"Orthodox 6-6-0 Billy Quarantillo Height 5' 10"" Reach 70"" UFC fights 12 View profile →",boutmetrics,boutmetrics,True,https://www.ufc.com/athlete/billy-quarantillo
Blake Bilder,https://boutmetrics.com/explore/fighters/blake-bilder,68.0,68.0,Switch,1-2-0,3,"Switch 1-2-0 Blake Bilder “ El Animal ” Height 5' 8"" Reach 68"" UFC fights 3 View profile →",boutmetrics,boutmetrics,False,
Bobby Moffett,https://boutmetrics.com/explore/fighters/bobby-moffett,70.0,73.0,Orthodox,0-2-0 (1 NC),3,"Orthodox 0-2-0 (1 NC) Bobby Moffett “ The Wolfman ” Height 5' 10"" Reach 73"" UFC fights 3 View profile →",boutmetrics,boutmetrics,True,https://www.ufc.com/athlete/bobby-moffett
Bogdan Grad,https://boutmetrics.com/explore/fighters/bogdan-grad,68.0,70.0,Orthodox,2-2-0,4,"Orthodox 2-2-0 Bogdan Grad “ The Unleashed ” Height 5' 8"" Reach 70"" UFC fights 4 View profile →",boutmetrics,boutmetrics,True,https://www.ufc.com/athlete/bogdan-grad
Bolaji Oki,https://boutmetrics.com/explore/fighters/bolaji-oki,70.0,73.0,Orthodox,2-3-0,5,"Orthodox 2-3-0 Bolaji Oki “ The Zulu Warrior ” Height 5' 10"" Reach 73"" UFC fights 5 View profile →",boutmetrics,boutmetrics,False,
Boston Salmon,https://boutmetrics.com/explore/fighters/boston-salmon,69.0,69.0,Southpaw,0-2-0,2,"Southpaw 0-2-0 Boston Salmon “ Boom Boom ” Height 5' 9"" Reach 69"" UFC fights 2 View profile →",boutmetrics,boutmetrics,False,
Brady Huang,https://boutmetrics.com/explore/fighters/brady-huang,69.0,69.0,Orthodox,0-0-0,0,"Orthodox 0-0-0 Brady Huang “ The Kung Fu Warrior ” Height 5' 9"" Reach 69"" UFC fights 0 View profile →",boutmetrics,boutmetrics,True,https://www.ufc.com/athlete/brady-huang
Brandon Davis,https://boutmetrics.com/explore/fighters/brandon-davis,70.0,72.0,Orthodox,2-7-0,9,"Orthodox 2-7-0 Brandon Davis “ Killer B ” Height 5' 10"" Reach 72"" UFC fights 9 View profile →",boutmetrics,boutmetrics,True,https://www.ufc.com/athlete/brandon-davis
Brandon Holmes,https://boutmetrics.com/explore/fighters/brandon-holmes,74.0,74.0,Orthodox,0-0-0,0,"Orthodox 0-0-0 Brandon Holmes Height 6' 2"" Reach 74"" UFC fights 0 View profile →",boutmetrics,boutmetrics,False,
Brandon Lewis,https://boutmetrics.com/explore/fighters/brandon-lewis,64.0,70.0,Orthodox,0-0-0,0,"Orthodox 0-0-0 Brandon Lewis Height 5' 4"" Reach 70"" UFC fights 0 View profile →",boutmetrics,boutmetrics,True,https://www.ufc.com/athlete/brandon-lewis
Brendan Allen,https://boutmetrics.com/explore/fighters/brendan-allen,74.0,75.0,Orthodox,15-4-0,19,"Orthodox 15-4-0 Brendan Allen “ All In ” Height 6' 2"" Reach 75"" UFC fights 19 View profile →",boutmetrics,boutmetrics,True,https://www.ufc.com/athlete/brendan-allen
Brendan Loughnane,https://boutmetrics.com/explore/fighters/brendan-loughnane,70.0,70.0,Switch,0-1-0,1,"Switch 0-1-0 Brendan Loughnane Height 5' 10"" Reach 70"" UFC fights 1 View profile →",boutmetrics,boutmetrics,True,https://www.ufc.com/athlete/brendan-loughnane
Brendson Ribeiro,https://boutmetrics.com/explore/fighters/brendson-ribeiro,75.0,81.0,Orthodox,2-6-0,8,"Orthodox 2-6-0 Brendson Ribeiro “ The Gorilla ” Height 6' 3"" Reach 81"" UFC fights 8 View profile →",boutmetrics,boutmetrics,False,
Brok Weaver,https://boutmetrics.com/explore/fighters/brok-weaver,72.0,73.0,Southpaw,1-2-0,3,"Southpaw 1-2-0 Brok Weaver “ Chata Tuska ” Height 6' 0"" Reach 73"" UFC fights 3 View profile →",boutmetrics,boutmetrics,True,https://www.ufc.com/athlete/brok-weaver
Bruna Brasil,https://boutmetrics.com/explore/fighters/bruna-brasil,66.0,65.0,Orthodox,2-5-0,7,"Orthodox 2-5-0 Bruna Brasil Height 5' 6"" Reach 65"" UFC fights 7 View profile →",boutmetrics,boutmetrics,False,
Brunno Ferreira,https://boutmetrics.com/explore/fighters/brunno-ferreira,70.0,72.0,Orthodox,6-5-0,11,"Orthodox 6-5-0 Brunno Ferreira “ The Hulk ” Height 5' 10"" Reach 72"" UFC fights 11 View profile →",boutmetrics,boutmetrics,True,https://www.ufc.com/athlete/brunno-ferreira
Bruno Korea,https://boutmetrics.com/explore/fighters/bruno-korea,66.0,65.0,Stance —,0-1-0,1,"Stance — 0-1-0 Bruno Korea Height 5' 6"" Reach 65"" UFC fights 1 View profile →",boutmetrics,boutmetrics,True,https://www.ufc.com/athlete/bruno-korea
Bruno Lopes,https://boutmetrics.com/explore/fighters/bruno-lopes,74.0,74.0,Orthodox,1-3-0,4,"Orthodox 1-3-0 Bruno Lopes “ The Brazilian Cowboy ” Height 6' 2"" Reach 74"" UFC fights 4 View profile →",boutmetrics,boutmetrics,True,https://www.ufc.com/athlete/bruno-lopes
Caio Bittencourt,https://boutmetrics.com/explore/fighters/caio-bittencourt,72.0,75.0,Orthodox,0-0-0,0,"Orthodox 0-0-0 Caio Bittencourt “ Leao ” Height 6' 0"" Reach 75"" UFC fights 0 View profile →",boutmetrics,boutmetrics,True,https://www.ufc.com/athlete/caio-bittencourt
Caio Borralho,https://boutmetrics.com/explore/fighters/caio-borralho,73.0,75.0,Southpaw,8-1-0,9,"Southpaw 8-1-0 Caio Borralho “ The Natural ” Height 6' 1"" Reach 75"" UFC fights 9 View profile →",boutmetrics,boutmetrics,True,https://www.ufc.com/athlete/caio-borralho
Caio Machado,https://boutmetrics.com/explore/fighters/caio-machado,76.0,78.0,Southpaw,0-3-0,3,"Southpaw 0-3-0 Caio Machado “ Bigfoot ” Height 6' 4"" Reach 78"" UFC fights 3 View profile →",boutmetrics,boutmetrics,False,
Callum Connor,https://boutmetrics.com/explore/fighters/callum-connor,,,Stance —,0-0-0,0,Stance — 0-0-0 Callum Connor “ 007 ” Height — Reach — UFC fights 0 View profile →,,,False,
Cam Rowston,https://boutmetrics.com/explore/fighters/cam-rowston,75.0,78.0,Orthodox,3-0-0,3,"Orthodox 3-0-0 Cam Rowston Height 6' 3"" Reach 78"" UFC fights 3 View profile →",boutmetrics,boutmetrics,True,https://www.ufc.com/athlete/cameron-rowston
Cam Teague,https://boutmetrics.com/explore/fighters/cam-teague,70.0,69.0,Orthodox,0-0-0,0,"Orthodox 0-0-0 Cam Teague “ Chaos ” Height 5' 10"" Reach 69"" UFC fights 0 View profile →",boutmetrics,boutmetrics,False,
Cameron Church,https://boutmetrics.com/explore/fighters/cameron-church,71.0,72.0,Orthodox,0-0-0,0,"Orthodox 0-0-0 Cameron Church Height 5' 11"" Reach 72"" UFC fights 0 View profile →",boutmetrics,boutmetrics,False,
Cameron Olson,https://boutmetrics.com/explore/fighters/cameron-olson,73.0,75.0,Orthodox,0-0-0,0,"Orthodox 0-0-0 Cameron Olson “ Cap'n Crunch ” Height 6' 1"" Reach 75"" UFC fights 0 View profile →",boutmetrics,boutmetrics,False,
Cameron Saaiman,https://boutmetrics.com/explore/fighters/cameron-saaiman,68.0,67.0,Southpaw,3-3-0,6,"Southpaw 3-3-0 Cameron Saaiman “ MSP ” Height 5' 8"" Reach 67"" UFC fights 6 View profile →",boutmetrics,boutmetrics,True,https://www.ufc.com/athlete/cameron-saaiman
Camila Reynoso,https://boutmetrics.com/explore/fighters/camila-reynoso,,,Stance —,0-0-0,0,Stance — 0-0-0 Camila Reynoso “ Buttercup ” Height — Reach — UFC fights 0 View profile →,,,False,
Canaan Kawaihae,https://boutmetrics.com/explore/fighters/canaan-kawaihae,72.0,71.0,Southpaw,0-0-0,0,"Southpaw 0-0-0 Canaan Kawaihae Height 6' 0"" Reach 71"" UFC fights 0 View profile →",boutmetrics,boutmetrics,True,https://www.ufc.com/athlete/canaan-kawaihae
Carlos Calderon,https://boutmetrics.com/explore/fighters/carlos-calderon,71.0,71.0,Southpaw,0-0-0,0,"Southpaw 0-0-0 Carlos Calderon “ Chief ” Height 5' 11"" Reach 71"" UFC fights 0 View profile →",boutmetrics,boutmetrics,False,
Carlos Candelario,https://boutmetrics.com/explore/fighters/carlos-candelario,68.0,68.0,Southpaw,0-2-0,2,"Southpaw 0-2-0 Carlos Candelario “ The Cannon ” Height 5' 8"" Reach 68"" UFC fights 2 View profile →",boutmetrics,boutmetrics,True,https://www.ufc.com/athlete/carlos-candelario
Carlos Hernandez,https://boutmetrics.com/explore/fighters/carlos-hernandez,68.0,67.0,Orthodox,3-4-0,7,"Orthodox 3-4-0 Carlos Hernandez Height 5' 8"" Reach 67"" UFC fights 7 View profile →",boutmetrics,boutmetrics,True,https://www.ufc.com/athlete/carlos-hernandez
Carlos Prates,https://boutmetrics.com/explore/fighters/carlos-prates,73.0,78.0,Switch,7-1-0,8,"Switch 7-1-0 Carlos Prates “ The Nightmare ” Height 6' 1"" Reach 78"" UFC fights 8 View profile →",boutmetrics,boutmetrics,False,
Carol Foro,https://boutmetrics.com/explore/fighters/carol-foro,62.0,61.0,Orthodox,1-0-0,1,"Orthodox 1-0-0 Carol Foro “ Anabelle ” Height 5' 2"" Reach 61"" UFC fights 1 View profile →",boutmetrics,boutmetrics,False,
Casey Kenney,https://boutmetrics.com/explore/fighters/casey-kenney,67.0,68.0,Southpaw,5-3-0,8,"Southpaw 5-3-0 Casey Kenney Height 5' 7"" Reach 68"" UFC fights 8 View profile →",boutmetrics,boutmetrics,True,https://www.ufc.com/athlete/casey-kenney
Cesar Almeida,https://boutmetrics.com/explore/fighters/cesar-almeida,73.0,74.0,Orthodox,3-3-0,6,"Orthodox 3-3-0 Cesar Almeida “ Cesinha ” Height 6' 1"" Reach 74"" UFC fights 6 View profile →",boutmetrics,boutmetrics,True,https://www.ufc.com/athlete/cesar-almeida
Cezary Oleksiejczuk,https://boutmetrics.com/explore/fighters/cezary-oleksiejczuk,75.0,75.0,Southpaw,1-0-0,1,"Southpaw 1-0-0 Cezary Oleksiejczuk Height 6' 3"" Reach 75"" UFC fights 1 View profile →",boutmetrics,boutmetrics,True,https://www.ufc.com/athlete/cezary-oleksiejczuk
Chad Anheliger,https://boutmetrics.com/explore/fighters/chad-anheliger,66.0,64.0,Orthodox,2-3-0,5,"Orthodox 2-3-0 Chad Anheliger “ The Monster ” Height 5' 6"" Reach 64"" UFC fights 5 View profile →",boutmetrics,boutmetrics,True,https://www.ufc.com/athlete/chad-anheliger
Chad Hanekom,https://boutmetrics.com/explore/fighters/chad-hanekom,76.0,74.0,Orthodox,0-0-0,0,"Orthodox 0-0-0 Chad Hanekom “ Superman ” Height 6' 4"" Reach 74"" UFC fights 0 View profile →",boutmetrics,boutmetrics,True,https://www.ufc.com/athlete/chad-hanekom
Chad Johnson,https://boutmetrics.com/explore/fighters/chad-johnson,74.0,80.0,Orthodox,0-0-0,0,"Orthodox 0-0-0 Chad Johnson “ Big Rigg ” Height 6' 2"" Reach 80"" UFC fights 0 View profile →",boutmetrics,boutmetrics,False,
Chandler Cole,https://boutmetrics.com/explore/fighters/chandler-cole,70.0,72.0,Orthodox,0-0-0,0,"Orthodox 0-0-0 Chandler Cole “ The Hammer ” Height 5' 10"" Reach 72"" UFC fights 0 View profile →",boutmetrics,boutmetrics,True,https://www.ufc.com/athlete/chandler-cole
Charles Byrd,https://boutmetrics.com/explore/fighters/charles-byrd,70.0,73.0,Orthodox,1-3-0,4,"Orthodox 1-3-0 Charles Byrd “ Kid Dynamite ” Height 5' 10"" Reach 73"" UFC fights 4 View profile →",boutmetrics,boutmetrics,True,https://www.ufc.com/athlete/charles-byrd
Charlie Campbell,https://boutmetrics.com/explore/fighters/charlie-campbell,72.0,72.0,Orthodox,2-1-0,3,"Orthodox 2-1-0 Charlie Campbell “ The Cannibal ” Height 6' 0"" Reach 72"" UFC fights 3 View profile →",boutmetrics,boutmetrics,True,https://www.ufc.com/athlete/charlie-campbell
Charlie Cleveland,https://boutmetrics.com/explore/fighters/charlie-cleveland,,,Stance —,0-0-0,0,Stance — 0-0-0 Charlie Cleveland “ The Reaper ” Height — Reach — UFC fights 0 View profile →,,,False,
Chase Gibson,https://boutmetrics.com/explore/fighters/chase-gibson,70.0,72.0,Orthodox,0-0-0,0,"Orthodox 0-0-0 Chase Gibson “ El Guero ” Height 5' 10"" Reach 72"" UFC fights 0 View profile →",boutmetrics,boutmetrics,True,https://www.ufc.com/athlete/chase-gibson
Chase Hooper,https://boutmetrics.com/explore/fighters/chase-hooper,73.0,74.0,Southpaw,9-5-0,14,"Southpaw 9-5-0 Chase Hooper “ The Dream ” Height 6' 1"" Reach 74"" UFC fights 14 View profile →",boutmetrics,boutmetrics,True,https://www.ufc.com/athlete/chase-hooper
Chase Waldon,https://boutmetrics.com/explore/fighters/chase-waldon,73.0,75.0,Orthodox,0-0-0,0,"Orthodox 0-0-0 Chase Waldon Height 6' 1"" Reach 75"" UFC fights 0 View profile →",boutmetrics,boutmetrics,True,https://www.ufc.com/athlete/chase-waldon
Chasen Blair,https://boutmetrics.com/explore/fighters/chasen-blair,70.0,71.0,Orthodox,0-0-0,0,"Orthodox 0-0-0 Chasen Blair “ Mestizo ” Height 5' 10"" Reach 71"" UFC fights 0 View profile →",boutmetrics,boutmetrics,False,
Chelsea Hackett,https://boutmetrics.com/explore/fighters/chelsea-hackett,64.0,66.0,Switch,0-0-0,0,"Switch 0-0-0 Chelsea Hackett “ Hammer ” Height 5' 4"" Reach 66"" UFC fights 0 View profile →",boutmetrics,boutmetrics,True,https://www.ufc.com/athlete/chelsea-hackett
Cheyanne Vlismas,https://boutmetrics.com/explore/fighters/cheyanne-vlismas,63.0,63.0,Switch,2-2-0,4,"Switch 2-2-0 Cheyanne Vlismas “ The Warrior Princess ” Height 5' 3"" Reach 63"" UFC fights 4 View profile →",boutmetrics,boutmetrics,True,https://www.ufc.com/athlete/cheyanne-vlismas
Cheyden Leialoha,https://boutmetrics.com/explore/fighters/cheyden-leialoha,68.0,73.0,Orthodox,0-0-0,0,"Orthodox 0-0-0 Cheyden Leialoha “ Steadfast ” Height 5' 8"" Reach 73"" UFC fights 0 View profile →",boutmetrics,boutmetrics,True,https://www.ufc.com/athlete/cheyden-leialoha
Chibwikem Onyenegecha,https://boutmetrics.com/explore/fighters/chibwikem-onyenegecha,75.0,,Orthodox,0-0-0,0,"Orthodox 0-0-0 Chibwikem Onyenegecha Height 6' 3"" Reach — UFC fights 0 View profile →",boutmetrics,,True,https://www.ufc.com/athlete/chibwikem-onyenegecha
Chidi Njokuani,https://boutmetrics.com/explore/fighters/chidi-njokuani,75.0,80.0,Orthodox,6-5-0,11,"Orthodox 6-5-0 Chidi Njokuani “ Bang Bang ” Height 6' 3"" Reach 80"" UFC fights 11 View profile →",boutmetrics,boutmetrics,False,
Chris Birchler,https://boutmetrics.com/explore/fighters/chris-birchler,75.0,,Switch,0-0-0,0,"Switch 0-0-0 Chris Birchler “ The Big Buck ” Height 6' 3"" Reach — UFC fights 0 View profile →",boutmetrics,,False,
Chris Curtis,https://boutmetrics.com/explore/fighters/chris-curtis,70.0,75.0,Orthodox,6-5-0 (1 NC),12,"Orthodox 6-5-0 (1 NC) Chris Curtis “ Action-Man ” Height 5' 10"" Reach 75"" UFC fights 12 View profile →",boutmetrics,boutmetrics,True,https://www.ufc.com/athlete/chris-curtis
Chris Duncan,https://boutmetrics.com/explore/fighters/chris-duncan,70.0,71.0,Orthodox,6-2-0,8,"Orthodox 6-2-0 Chris Duncan “ The Problem ” Height 5' 10"" Reach 71"" UFC fights 8 View profile →",boutmetrics,boutmetrics,False,
Chris Ewert,https://boutmetrics.com/explore/fighters/chris-ewert,72.0,75.0,Orthodox,0-0-0,0,"Orthodox 0-0-0 Chris Ewert “ El Tanke ” Height 6' 0"" Reach 75"" UFC fights 0 View profile →",boutmetrics,boutmetrics,False,
Christian Echols,https://boutmetrics.com/explore/fighters/christian-echols,,,Stance —,0-0-0,0,Stance — 0-0-0 Christian Echols “ Vanilla Gorilla ” Height — Reach — UFC fights 0 View profile →,,,False,
Christian Lohsen,https://boutmetrics.com/explore/fighters/christian-lohsen,74.0,77.0,Southpaw,0-0-0,0,"Southpaw 0-0-0 Christian Lohsen “ Hollywood ” Height 6' 2"" Reach 77"" UFC fights 0 View profile →",boutmetrics,boutmetrics,False,
Christian Natividad,https://boutmetrics.com/explore/fighters/christian-natividad,,,Stance —,0-0-0,0,Stance — 0-0-0 Christian Natividad “ The Hawaiian Punch ” Height — Reach — UFC fights 0 View profile →,,,False,
Christian Ocon,https://boutmetrics.com/explore/fighters/christian-ocon,68.0,69.0,Orthodox,0-0-0,0,"Orthodox 0-0-0 Christian Ocon Height 5' 8"" Reach 69"" UFC fights 0 View profile →",boutmetrics,boutmetrics,True,https://www.ufc.com/athlete/christian-ocon
Christian Rodriguez,https://boutmetrics.com/explore/fighters/christian-rodriguez,67.0,71.0,Orthodox,6-4-0,10,"Orthodox 6-4-0 Christian Rodriguez “ Ceerod ” Height 5' 7"" Reach 71"" UFC fights 10 View profile →",boutmetrics,boutmetrics,False,
Christien Savoie,https://boutmetrics.com/explore/fighters/christien-savoie,71.0,72.0,Orthodox,0-0-0,0,"Orthodox 0-0-0 Christien Savoie “ The Tiger ” Height 5' 11"" Reach 72"" UFC fights 0 View profile →",boutmetrics,boutmetrics,False,
CJ Hamilton,https://boutmetrics.com/explore/fighters/cj-hamilton,67.0,68.0,Switch,0-0-0,0,"Switch 0-0-0 CJ Hamilton “ The Autobot ” Height 5' 7"" Reach 68"" UFC fights 0 View profile →",boutmetrics,boutmetrics,True,https://www.ufc.com/athlete/cj-hamilton
CJ Vergara,https://boutmetrics.com/explore/fighters/cj-vergara,66.0,68.0,Orthodox,3-5-0,8,"Orthodox 3-5-0 CJ Vergara Height 5' 6"" Reach 68"" UFC fights 8 View profile →",boutmetrics,boutmetrics,True,https://www.ufc.com/athlete/cj-vergara
Claudia Leite,https://boutmetrics.com/explore/fighters/claudia-leite,63.0,64.0,Orthodox,0-0-0,0,"Orthodox 0-0-0 Claudia Leite Height 5' 3"" Reach 64"" UFC fights 0 View profile →",boutmetrics,boutmetrics,False,
Claudio Ribeiro,https://boutmetrics.com/explore/fighters/claudio-ribeiro,73.0,77.0,Orthodox,1-3-0,4,"Orthodox 1-3-0 Claudio Ribeiro Height 6' 1"" Reach 77"" UFC fights 4 View profile →",boutmetrics,boutmetrics,True,https://www.ufc.com/athlete/claudio-ribeiro
Cody Brundage,https://boutmetrics.com/explore/fighters/cody-brundage,72.0,72.0,Orthodox,6-8-1 (1 NC),16,"Orthodox 6-8-1 (1 NC) Cody Brundage Height 6' 0"" Reach 72"" UFC fights 16 View profile →",boutmetrics,boutmetrics,True,https://www.ufc.com/athlete/cody-brundage
Cody Haddon,https://boutmetrics.com/explore/fighters/cody-haddon,67.0,69.0,Orthodox,2-0-0,2,"Orthodox 2-0-0 Cody Haddon Height 5' 7"" Reach 69"" UFC fights 2 View profile →",boutmetrics,boutmetrics,True,https://www.ufc.com/athlete/cody-haddon
Collin Anglin,https://boutmetrics.com/explore/fighters/collin-anglin,69.0,71.0,Orthodox,0-2-0,2,"Orthodox 0-2-0 Collin Anglin Height 5' 9"" Reach 71"" UFC fights 2 View profile →",boutmetrics,boutmetrics,False,
Collin Huckbody,https://boutmetrics.com/explore/fighters/collin-huckbody,75.0,76.0,Orthodox,0-0-0,0,"Orthodox 0-0-0 Collin Huckbody “ All In ” Height 6' 3"" Reach 76"" UFC fights 0 View profile →",boutmetrics,boutmetrics,True,https://www.ufc.com/athlete/collin-huckbody
Colton Loud,https://boutmetrics.com/explore/fighters/colton-loud,,,Stance —,0-0-0,0,Stance — 0-0-0 Colton Loud Height — Reach — UFC fights 0 View profile →,,,False,
Connor Matthews,https://boutmetrics.com/explore/fighters/connor-matthews,68.0,71.0,Switch,0-3-0,3,"Switch 0-3-0 Connor Matthews “ The Controller ” Height 5' 8"" Reach 71"" UFC fights 3 View profile →",boutmetrics,boutmetrics,True,https://www.ufc.com/athlete/connor-matthews
Corinne Laframboise,https://boutmetrics.com/explore/fighters/corinne-laframboise,64.0,65.0,Orthodox,0-0-0,0,"Orthodox 0-0-0 Corinne Laframboise Height 5' 4"" Reach 65"" UFC fights 0 View profile →",boutmetrics,boutmetrics,False,
Cortavious Romious,https://boutmetrics.com/explore/fighters/cortavious-romious,64.0,68.0,Southpaw,0-2-0,2,"Southpaw 0-2-0 Cortavious Romious Height 5' 4"" Reach 68"" UFC fights 2 View profile →",boutmetrics,boutmetrics,True,https://www.ufc.com/athlete/cortavious-romious
Cory McKenna,https://boutmetrics.com/explore/fighters/cory-mckenna,63.0,58.0,Orthodox,3-3-0,6,"Orthodox 3-3-0 Cory McKenna “ Poppins ” Height 5' 3"" Reach 58"" UFC fights 6 View profile →",boutmetrics,boutmetrics,True,https://www.ufc.com/athlete/cory-mckenna
Cristian Perez,https://boutmetrics.com/explore/fighters/cristian-perez,69.0,72.0,Orthodox,0-0-0,0,"Orthodox 0-0-0 Cristian Perez “ El Puas ” Height 5' 9"" Reach 72"" UFC fights 0 View profile →",boutmetrics,boutmetrics,False,
Damian Piwowarczyk,https://boutmetrics.com/explore/fighters/damian-piwowarczyk,,,Stance —,0-0-0,0,Stance — 0-0-0 Damian Piwowarczyk “ Damsyn ” Height — Reach — UFC fights 0 View profile →,,,False,
Damon Wilson,https://boutmetrics.com/explore/fighters/damon-wilson,69.0,69.0,Switch,0-0-0,0,"Switch 0-0-0 Damon Wilson “ The Nomad ” Height 5' 9"" Reach 69"" UFC fights 0 View profile →",boutmetrics,boutmetrics,False,
Dan Ige,https://boutmetrics.com/explore/fighters/dan-ige,67.0,71.0,Orthodox,11-11-0,22,"Orthodox 11-11-0 Dan Ige “ 100 Grand ” Height 5' 7"" Reach 71"" UFC fights 22 View profile →",boutmetrics,boutmetrics,True,https://www.ufc.com/athlete/dan-ige
Daniel Allen,https://boutmetrics.com/explore/fighters/daniel-allen,72.0,75.0,Southpaw,0-0-0,0,"Southpaw 0-0-0 Daniel Allen Height 6' 0"" Reach 75"" UFC fights 0 View profile →",boutmetrics,boutmetrics,False,
Daniel Barez,https://boutmetrics.com/explore/fighters/daniel-barez,66.0,66.0,Orthodox,1-3-0,4,"Orthodox 1-3-0 Daniel Barez Height 5' 6"" Reach 66"" UFC fights 4 View profile →",boutmetrics,boutmetrics,True,https://www.ufc.com/athlete/daniel-barez
Daniel Frunza,https://boutmetrics.com/explore/fighters/daniel-frunza,73.0,73.0,Orthodox,0-2-0,2,"Orthodox 0-2-0 Daniel Frunza Height 6' 1"" Reach 73"" UFC fights 2 View profile →",boutmetrics,boutmetrics,False,
Daniel Jolly,https://boutmetrics.com/explore/fighters/daniel-jolly,73.0,75.0,Orthodox,0-2-0,2,"Orthodox 0-2-0 Daniel Jolly “ The Werewolf of Texas ” Height 6' 1"" Reach 75"" UFC fights 2 View profile →",boutmetrics,boutmetrics,True,https://www.ufc.com/athlete/daniel-jolly
Daniel Marcos,https://boutmetrics.com/explore/fighters/daniel-marcos,67.0,69.0,Orthodox,5-1-0 (1 NC),7,"Orthodox 5-1-0 (1 NC) Daniel Marcos “ Soncora ” Height 5' 7"" Reach 69"" UFC fights 7 View profile →",boutmetrics,boutmetrics,True,https://www.ufc.com/athlete/daniel-marcos
Daniel Rodriguez,https://boutmetrics.com/explore/fighters/daniel-rodriguez,73.0,74.0,Southpaw,10-5-0,15,"Southpaw 10-5-0 Daniel Rodriguez “ D-Rod ” Height 6' 1"" Reach 74"" UFC fights 15 View profile →",boutmetrics,boutmetrics,False,
Daniel Spohn,https://boutmetrics.com/explore/fighters/daniel-spohn,76.0,79.0,Southpaw,0-1-0,1,"Southpaw 0-1-0 Daniel Spohn “ Dragon ” Height 6' 4"" Reach 79"" UFC fights 1 View profile →",boutmetrics,boutmetrics,False,
Daniel Swain,https://boutmetrics.com/explore/fighters/daniel-swain,69.0,70.0,Orthodox,0-0-0,0,"Orthodox 0-0-0 Daniel Swain Height 5' 9"" Reach 70"" UFC fights 0 View profile →",boutmetrics,boutmetrics,False,
Daniel Zellhuber,https://boutmetrics.com/explore/fighters/daniel-zellhuber,73.0,77.0,Switch,3-4-0,7,"Switch 3-4-0 Daniel Zellhuber “ Golden Boy ” Height 6' 1"" Reach 77"" UFC fights 7 View profile →",boutmetrics,boutmetrics,False,
Danilo Suzart,https://boutmetrics.com/explore/fighters/danilo-suzart,72.0,,Orthodox,0-0-0,0,"Orthodox 0-0-0 Danilo Suzart Height 6' 0"" Reach — UFC fights 0 View profile →",boutmetrics,,True,https://www.ufc.com/athlete/danilo-suzart
Danny Sabatello,https://boutmetrics.com/explore/fighters/danny-sabatello,70.0,71.0,Orthodox,0-0-0,0,"Orthodox 0-0-0 Danny Sabatello “ Italian Gangster ” Height 5' 10"" Reach 71"" UFC fights 0 View profile →",boutmetrics,boutmetrics,True,https://www.ufc.com/athlete/danny-sabatello
Danyelle Wolf,https://boutmetrics.com/explore/fighters/danyelle-wolf,71.0,70.0,Orthodox,0-1-0,1,"Orthodox 0-1-0 Danyelle Wolf Height 5' 11"" Reach 70"" UFC fights 1 View profile →",boutmetrics,boutmetrics,True,https://www.ufc.com/athlete/danyelle-wolf
Danylo Voievodkin,https://boutmetrics.com/explore/fighters/danylo-voievodkin,76.0,78.0,Southpaw,0-0-0,0,"Southpaw 0-0-0 Danylo Voievodkin Height 6' 4"" Reach 78"" UFC fights 0 View profile →",boutmetrics,boutmetrics,True,https://www.ufc.com/athlete/danylo-voievodkin
Darion Abbey,https://boutmetrics.com/explore/fighters/darion-abbey,74.0,80.0,Orthodox,0-0-0,0,"Orthodox 0-0-0 Darion Abbey Height 6' 2"" Reach 80"" UFC fights 0 View profile →",boutmetrics,boutmetrics,False,
Darrius Flowers,https://boutmetrics.com/explore/fighters/darrius-flowers,69.0,71.0,Orthodox,1-3-0,4,"Orthodox 1-3-0 Darrius Flowers “ Beast Mode ” Height 5' 9"" Reach 71"" UFC fights 4 View profile →",boutmetrics,boutmetrics,False,
Dashawn Boatwright,https://boutmetrics.com/explore/fighters/dashawn-boatwright,72.0,76.0,Orthodox,0-0-0,0,"Orthodox 0-0-0 Dashawn Boatwright “ Buck, the 400-pound Silverback ” Height 6' 0"" Reach — UFC fights 0 View profile →",boutmetrics,ufc.com_verified_static_fill,True,https://www.ufc.com/athlete/dashawn-boatwright
Davi Bittencourt,https://boutmetrics.com/explore/fighters/davi-bittencourt,65.0,65.0,Orthodox,0-0-0,0,"Orthodox 0-0-0 Davi Bittencourt “ The Black ” Height 5' 5"" Reach 65"" UFC fights 0 View profile →",boutmetrics,boutmetrics,False,
David Martinez,https://boutmetrics.com/explore/fighters/david-martinez,65.0,67.0,Orthodox,4-0-0,4,"Orthodox 4-0-0 David Martinez Height 5' 5"" Reach 67"" UFC fights 4 View profile →",boutmetrics,boutmetrics,False,
David Mgoyan,https://boutmetrics.com/explore/fighters/david-mgoyan,69.0,70.0,Orthodox,0-0-0,0,"Orthodox 0-0-0 David Mgoyan Height 5' 9"" Reach 70"" UFC fights 0 View profile →",boutmetrics,boutmetrics,False,
Denise Gomes,https://boutmetrics.com/explore/fighters/denise-gomes,62.0,63.0,Orthodox,7-2-0,9,"Orthodox 7-2-0 Denise Gomes “ Dee ” Height 5' 2"" Reach 63"" UFC fights 9 View profile →",boutmetrics,boutmetrics,True,https://www.ufc.com/athlete/denise-gomes
Dennis Bryant,https://boutmetrics.com/explore/fighters/dennis-bryant,72.0,,Orthodox,0-0-0,0,"Orthodox 0-0-0 Dennis Bryant “ The Beard ” Height 6' 0"" Reach — UFC fights 0 View profile →",boutmetrics,,False,
Dennis Buzukja,https://boutmetrics.com/explore/fighters/dennis-buzukja,69.0,70.0,Switch,1-5-0,6,"Switch 1-5-0 Dennis Buzukja “ The Great ” Height 5' 9"" Reach 70"" UFC fights 6 View profile →",boutmetrics,boutmetrics,True,https://www.ufc.com/athlete/dennis-buzukja
Devin Smyth,https://boutmetrics.com/explore/fighters/devin-smyth,70.0,72.0,Switch,0-0-0,0,"Switch 0-0-0 Devin Smyth Height 5' 10"" Reach 72"" UFC fights 0 View profile →",boutmetrics,boutmetrics,True,https://www.ufc.com/athlete/devin-smyth
Devonte Smith,https://boutmetrics.com/explore/fighters/devonte-smith,69.0,76.0,Orthodox,3-3-0,6,"Orthodox 3-3-0 Devonte Smith “ King Kage ” Height 5' 9"" Reach 76"" UFC fights 6 View profile →",boutmetrics,boutmetrics,False,
Diego Lopes,https://boutmetrics.com/explore/fighters/diego-lopes,71.0,72.0,Orthodox,7-3-0,10,"Orthodox 7-3-0 Diego Lopes Height 5' 11"" Reach 72"" UFC fights 10 View profile →",boutmetrics,boutmetrics,True,https://www.ufc.com/athlete/diego-lopes
Ding Meng,https://boutmetrics.com/explore/fighters/ding-meng,74.0,73.0,Orthodox,0-2-0,2,"Orthodox 0-2-0 Ding Meng Height 6' 2"" Reach 73"" UFC fights 2 View profile →",boutmetrics,boutmetrics,False,
Dinis Paiva Jr.,https://boutmetrics.com/explore/fighters/dinis-paiva-jr,69.0,71.0,Southpaw,0-0-0,0,"Southpaw 0-0-0 Dinis Paiva Jr. “ Sweetbread ” Height 5' 9"" Reach 71"" UFC fights 0 View profile →",boutmetrics,boutmetrics,True,https://www.ufc.com/athlete/dinis-paiva
Dione Barbosa,https://boutmetrics.com/explore/fighters/dione-barbosa,66.0,66.0,Orthodox,4-2-0,6,"Orthodox 4-2-0 Dione Barbosa “ The Witch ” Height 5' 6"" Reach 66"" UFC fights 6 View profile →",boutmetrics,boutmetrics,True,https://www.ufc.com/athlete/dione-barbosa
Diyar Nurgozhay,https://boutmetrics.com/explore/fighters/diyar-nurgozhay,74.0,74.0,Southpaw,2-2-0,4,"Southpaw 2-2-0 Diyar Nurgozhay Height 6' 2"" Reach 74"" UFC fights 4 View profile →",boutmetrics,boutmetrics,False,
Djorden Santos,https://boutmetrics.com/explore/fighters/djorden-santos,72.0,75.0,Orthodox,1-3-0,4,"Orthodox 1-3-0 Djorden Santos “ Shakur ” Height 6' 0"" Reach 75"" UFC fights 4 View profile →",boutmetrics,boutmetrics,True,https://www.ufc.com/athlete/djorden-santos
Domingo Pilarte,https://boutmetrics.com/explore/fighters/domingo-pilarte,72.0,73.0,Southpaw,0-2-0 (1 NC),3,"Southpaw 0-2-0 (1 NC) Domingo Pilarte “ Son of Fire ” Height 6' 0"" Reach 73"" UFC fights 3 View profile →",boutmetrics,boutmetrics,True,https://www.ufc.com/athlete/domingo-pilarte
Don'Tale Mayes,https://boutmetrics.com/explore/fighters/don-tale-mayes,78.0,81.0,Orthodox,4-7-0 (1 NC),12,"Orthodox 4-7-0 (1 NC) Don'Tale Mayes “ Lord Kong ” Height 6' 6"" Reach 81"" UFC fights 12 View profile →",boutmetrics,boutmetrics,True,https://www.ufc.com/athlete/dontale-mayes
Donte Johnson,https://boutmetrics.com/explore/fighters/donte-johnson,68.0,74.0,Southpaw,3-0-0,3,"Southpaw 3-0-0 Donte Johnson “ Lock Jaw ” Height 5' 8"" Reach 74"" UFC fights 3 View profile →",boutmetrics,boutmetrics,True,https://www.ufc.com/athlete/donte-johnson
Dorian Ramos,https://boutmetrics.com/explore/fighters/dorian-ramos,68.0,70.0,Orthodox,0-0-0,0,"Orthodox 0-0-0 Dorian Ramos Height 5' 8"" Reach 70"" UFC fights 0 View profile →",boutmetrics,boutmetrics,False,
Douglas Rodrigues,https://boutmetrics.com/explore/fighters/douglas-rodrigues,,,Stance —,0-0-0,0,Stance — 0-0-0 Douglas Rodrigues “ Blade ” Height — Reach — UFC fights 0 View profile →,,,False,
Drako Rodriguez,https://boutmetrics.com/explore/fighters/drako-rodriguez,68.0,69.0,Orthodox,0-2-0,2,"Orthodox 0-2-0 Drako Rodriguez Height 5' 8"" Reach 69"" UFC fights 2 View profile →",boutmetrics,boutmetrics,True,https://www.ufc.com/athlete/drako-rodriguez
Dusko Todorovic,https://boutmetrics.com/explore/fighters/dusko-todorovic,73.0,74.0,Orthodox,4-7-0,11,"Orthodox 4-7-0 Dusko Todorovic “ Thunder ” Height 6' 1"" Reach 74"" UFC fights 11 View profile →",boutmetrics,boutmetrics,False,
Dustin Jacoby,https://boutmetrics.com/explore/fighters/dustin-jacoby,75.0,76.0,Orthodox,10-7-1,18,"Orthodox 10-7-1 Dustin Jacoby “ The Hanyak ” Height 6' 3"" Reach 76"" UFC fights 18 View profile →",boutmetrics,boutmetrics,True,https://www.ufc.com/athlete/dustin-jacoby
Dustin Joynson,https://boutmetrics.com/explore/fighters/dustin-joynson,78.0,78.0,Orthodox,0-0-0,0,"Orthodox 0-0-0 Dustin Joynson Height 6' 6"" Reach 78"" UFC fights 0 View profile →",boutmetrics,boutmetrics,True,https://www.ufc.com/athlete/dustin-joynson
Dustin Stoltzfus,https://boutmetrics.com/explore/fighters/dustin-stoltzfus,72.0,75.0,Orthodox,4-7-0,11,"Orthodox 4-7-0 Dustin Stoltzfus Height 6' 0"" Reach 75"" UFC fights 11 View profile →",boutmetrics,boutmetrics,False,
Dwight Grant,https://boutmetrics.com/explore/fighters/dwight-grant,73.0,76.0,Switch,3-5-0,8,"Switch 3-5-0 Dwight Grant “ The Body Snatcher ” Height 6' 1"" Reach 76"" UFC fights 8 View profile →",boutmetrics,boutmetrics,False,
Dylan Budka,https://boutmetrics.com/explore/fighters/dylan-budka,72.0,75.0,Switch,0-3-0,3,"Switch 0-3-0 Dylan Budka “ The Mindless Hulk ” Height 6' 0"" Reach 75"" UFC fights 3 View profile →",boutmetrics,boutmetrics,True,https://www.ufc.com/athlete/dylan-budka
Dylan Lockard,https://boutmetrics.com/explore/fighters/dylan-lockard,69.0,72.0,Orthodox,0-0-0,0,"Orthodox 0-0-0 Dylan Lockard Height 5' 9"" Reach 72"" UFC fights 0 View profile →",boutmetrics,boutmetrics,True,https://www.ufc.com/athlete/dylan-lockard
Dylan Mantello,https://boutmetrics.com/explore/fighters/dylan-mantello,73.0,73.0,Orthodox,0-0-0,0,"Orthodox 0-0-0 Dylan Mantello “ The Quiet Man ” Height 6' 1"" Reach 73"" UFC fights 0 View profile →",boutmetrics,boutmetrics,False,
Dylan Potter,https://boutmetrics.com/explore/fighters/dylan-potter,74.0,77.0,Switch,0-0-0,0,"Switch 0-0-0 Dylan Potter “ Big Poppa ” Height 6' 2"" Reach 77"" UFC fights 0 View profile →",boutmetrics,boutmetrics,True,https://www.ufc.com/athlete/dylan-potter
Dylan Salvador,https://boutmetrics.com/explore/fighters/dylan-salvador,69.0,69.0,Southpaw,0-0-0,0,"Southpaw 0-0-0 Dylan Salvador Height 5' 9"" Reach 69"" UFC fights 0 View profile →",boutmetrics,boutmetrics,False,
Edivan Santos,https://boutmetrics.com/explore/fighters/edivan-santos,76.0,78.0,Orthodox,0-0-0,0,"Orthodox 0-0-0 Edivan Santos “ Pe De Sapo ” Height 6' 4"" Reach 78"" UFC fights 0 View profile →",boutmetrics,boutmetrics,True,https://www.ufc.com/athlete/edivan-santos
Edmen Shahbazyan,https://boutmetrics.com/explore/fighters/edmen-shahbazyan,74.0,75.0,Orthodox,10-6-0,16,"Orthodox 10-6-0 Edmen Shahbazyan “ The Golden Boy ” Height 6' 2"" Reach 75"" UFC fights 16 View profile →",boutmetrics,boutmetrics,True,https://www.ufc.com/athlete/edmen-shahbazyan
Ednilson Santos,https://boutmetrics.com/explore/fighters/ednilson-santos,,,Orthodox,0-0-0,0,Orthodox 0-0-0 Ednilson Santos “ Cai Cai ” Height — Reach — UFC fights 0 View profile →,,,False,
Eduardo Chapolin,https://boutmetrics.com/explore/fighters/eduardo-chapolin,67.0,67.0,Orthodox,0-1-0,1,"Orthodox 0-1-0 Eduardo Chapolin Height 5' 7"" Reach 67"" UFC fights 1 View profile →",boutmetrics,boutmetrics,True,https://www.ufc.com/athlete/eduardo-chapolin
Eduardo Neves,https://boutmetrics.com/explore/fighters/eduardo-neves,74.0,78.0,Orthodox,0-0-0,0,"Orthodox 0-0-0 Eduardo Neves “ Bebezao ” Height 6' 2"" Reach 78"" UFC fights 0 View profile →",boutmetrics,boutmetrics,True,https://www.ufc.com/athlete/eduardo-neves
Eduardo Torres Caut,https://boutmetrics.com/explore/fighters/eduardo-torres-caut,67.0,70.0,Orthodox,0-0-0,0,"Orthodox 0-0-0 Eduardo Torres Caut “ Cyborg ” Height 5' 7"" Reach 70"" UFC fights 0 View profile →",boutmetrics,boutmetrics,False,
Elias Urbina,https://boutmetrics.com/explore/fighters/elias-urbina,75.0,77.0,Southpaw,0-0-0,0,"Southpaw 0-0-0 Elias Urbina Height 6' 3"" Reach 77"" UFC fights 0 View profile →",boutmetrics,boutmetrics,True,https://www.ufc.com/athlete/elias-urbina
Elijah Smith,https://boutmetrics.com/explore/fighters/elijah-smith,69.0,71.0,Orthodox,3-0-0,3,"Orthodox 3-0-0 Elijah Smith “ Swift ” Height 5' 9"" Reach 71"" UFC fights 3 View profile →",boutmetrics,boutmetrics,True,https://www.ufc.com/athlete/elijah-smith
Emiliano Sordi,https://boutmetrics.com/explore/fighters/emiliano-sordi,74.0,75.5,Orthodox,0-0-0,0,"Orthodox 0-0-0 Emiliano Sordi “ He-Man ” Height 6' 2"" Reach — UFC fights 0 View profile →",boutmetrics,ufc.com_verified_static_fill,True,https://www.ufc.com/athlete/emiliano-sordi
Emilio Quissua,https://boutmetrics.com/explore/fighters/emilio-quissua,,,Stance —,0-0-0,0,Stance — 0-0-0 Emilio Quissua “ Sniper ” Height — Reach — UFC fights 0 View profile →,,,False,
Erisson Ferreira,https://boutmetrics.com/explore/fighters/erisson-ferreira,66.0,70.0,Orthodox,0-0-0,0,"Orthodox 0-0-0 Erisson Ferreira “ Gato ” Height 5' 6"" Reach 70"" UFC fights 0 View profile →",boutmetrics,boutmetrics,True,https://www.ufc.com/athlete/erisson-ferreira-da-silva
Ernie Juarez,https://boutmetrics.com/explore/fighters/ernie-juarez,68.0,70.0,Stance —,0-0-0,0,"Stance — 0-0-0 Ernie Juarez “ The Young Titan ” Height 5' 8"" Reach 70"" UFC fights 0 View profile →",boutmetrics,boutmetrics,False,
Esteban Ribovics,https://boutmetrics.com/explore/fighters/esteban-ribovics,70.0,69.0,Orthodox,6-3-0,9,"Orthodox 6-3-0 Esteban Ribovics “ El Gringo ” Height 5' 10"" Reach 69"" UFC fights 9 View profile →",boutmetrics,boutmetrics,True,https://www.ufc.com/athlete/esteban-ribovics
Fabio Cherant,https://boutmetrics.com/explore/fighters/fabio-cherant,73.0,74.0,Southpaw,0-3-0,3,"Southpaw 0-3-0 Fabio Cherant “ Water Buffalo ” Height 6' 1"" Reach 74"" UFC fights 3 View profile →",boutmetrics,boutmetrics,True,https://www.ufc.com/athlete/fabio-cherant
Fabrizio Escarrega,https://boutmetrics.com/explore/fighters/fabrizio-escarrega,,,Stance —,0-0-0,0,Stance — 0-0-0 Fabrizio Escarrega “ El Cachorro ” Height — Reach — UFC fights 0 View profile →,,,False,
Farid Basharat,https://boutmetrics.com/explore/fighters/farid-basharat,68.0,71.0,Orthodox,7-0-0,7,"Orthodox 7-0-0 Farid Basharat “ Ferocious ” Height 5' 8"" Reach 71"" UFC fights 7 View profile →",boutmetrics,boutmetrics,True,https://www.ufc.com/athlete/farid-basharat
Felipe Franco,https://boutmetrics.com/explore/fighters/felipe-franco,73.0,76.0,Orthodox,1-1-0,2,"Orthodox 1-1-0 Felipe Franco Height 6' 1"" Reach 76"" UFC fights 2 View profile →",boutmetrics,boutmetrics,True,https://www.ufc.com/athlete/felipe-franco
Fernie Garcia,https://boutmetrics.com/explore/fighters/fernie-garcia,67.0,67.0,Orthodox,0-4-0,4,"Orthodox 0-4-0 Fernie Garcia Height 5' 7"" Reach 67"" UFC fights 4 View profile →",boutmetrics,boutmetrics,True,https://www.ufc.com/athlete/fernie-garcia
Francesco Mazzeo,https://boutmetrics.com/explore/fighters/francesco-mazzeo,75.0,75.0,Orthodox,0-0-0,0,"Orthodox 0-0-0 Francesco Mazzeo Height 6' 3"" Reach 75"" UFC fights 0 View profile →",boutmetrics,boutmetrics,False,
Francis Marshall,https://boutmetrics.com/explore/fighters/francis-marshall,69.0,72.0,Orthodox,4-3-0,7,"Orthodox 4-3-0 Francis Marshall “ Fire ” Height 5' 9"" Reach 72"" UFC fights 7 View profile →",boutmetrics,boutmetrics,True,https://www.ufc.com/athlete/francis-marshall
Freddy Vidal,https://boutmetrics.com/explore/fighters/freddy-vidal,75.0,79.0,Orthodox,0-0-0,0,"Orthodox 0-0-0 Freddy Vidal “ The Barbarian ” Height 6' 3"" Reach 79"" UFC fights 0 View profile →",boutmetrics,boutmetrics,False,
Gabriel Bonfim,https://boutmetrics.com/explore/fighters/gabriel-bonfim,73.0,72.0,Orthodox,7-1-0,8,"Orthodox 7-1-0 Gabriel Bonfim “ Marretinha ” Height 6' 1"" Reach 72"" UFC fights 8 View profile →",boutmetrics,boutmetrics,False,
Gabriel Lorenco,https://boutmetrics.com/explore/fighters/gabriel-lorenco,,,Stance —,0-0-0,0,Stance — 0-0-0 Gabriel Lorenco “ The Black Mamba ” Height — Reach — UFC fights 0 View profile →,,,False,
Garrett Gross,https://boutmetrics.com/explore/fighters/garrett-gross,69.0,69.0,Orthodox,0-0-0,0,"Orthodox 0-0-0 Garrett Gross Height 5' 9"" Reach — UFC fights 0 View profile →",boutmetrics,ufc.com_verified_static_fill,True,https://www.ufc.com/athlete/garrett-gross
Gary Balletto,https://boutmetrics.com/explore/fighters/gary-balletto,,,Stance —,0-0-0,0,Stance — 0-0-0 Gary Balletto “ Batman ” Height — Reach — UFC fights 0 View profile →,,,False,
Gauge Young,https://boutmetrics.com/explore/fighters/gauge-young,69.0,70.0,Orthodox,2-2-0,4,"Orthodox 2-2-0 Gauge Young “ Gee Money ” Height 5' 9"" Reach 70"" UFC fights 4 View profile →",boutmetrics,boutmetrics,True,https://www.ufc.com/athlete/gauge-young
Genaro Valdez,https://boutmetrics.com/explore/fighters/genaro-valdez,69.0,72.0,Orthodox,0-3-0,3,"Orthodox 0-3-0 Genaro Valdez “ Rayadito ” Height 5' 9"" Reach 72"" UFC fights 3 View profile →",boutmetrics,boutmetrics,True,https://www.ufc.com/athlete/genaro-valdez
Geoff Neal,https://boutmetrics.com/explore/fighters/geoff-neal,71.0,75.0,Southpaw,8-6-0,14,"Southpaw 8-6-0 Geoff Neal “ Handz of Steel ” Height 5' 11"" Reach 75"" UFC fights 14 View profile →",boutmetrics,boutmetrics,True,https://www.ufc.com/athlete/geoff-neal
George Mangos,https://boutmetrics.com/explore/fighters/george-mangos,70.0,70.0,Switch,0-0-0,0,"Switch 0-0-0 George Mangos Height 5' 10"" Reach 70"" UFC fights 0 View profile →",boutmetrics,boutmetrics,False,
George Staines,https://boutmetrics.com/explore/fighters/george-staines,,,Stance —,0-0-0,0,Stance — 0-0-0 George Staines “ Saint ” Height — Reach — UFC fights 0 View profile →,,,False,
Giga Chikadze,https://boutmetrics.com/explore/fighters/giga-chikadze,72.0,74.0,Orthodox,8-5-0,13,"Orthodox 8-5-0 Giga Chikadze “ Ninja ” Height 6' 0"" Reach 74"" UFC fights 13 View profile →",boutmetrics,boutmetrics,True,https://www.ufc.com/athlete/giga-chikadze
Gloria de Paula,https://boutmetrics.com/explore/fighters/gloria-de-paula,65.0,67.0,Orthodox,1-3-0,4,"Orthodox 1-3-0 Gloria de Paula “ Glorinha ” Height 5' 5"" Reach 67"" UFC fights 4 View profile →",boutmetrics,boutmetrics,False,
Grant Dawson,https://boutmetrics.com/explore/fighters/grant-dawson,70.0,72.0,Switch,12-2-1,15,"Switch 12-2-1 Grant Dawson “ KGD ” Height 5' 10"" Reach 72"" UFC fights 15 View profile →",boutmetrics,boutmetrics,False,
Greg Hardy,https://boutmetrics.com/explore/fighters/greg-hardy,77.0,80.0,Orthodox,4-5-0 (1 NC),10,"Orthodox 4-5-0 (1 NC) Greg Hardy “ Prince of War ” Height 6' 5"" Reach 80"" UFC fights 10 View profile →",boutmetrics,boutmetrics,True,https://www.ufc.com/athlete/greg-hardy
Greg Rebello,https://boutmetrics.com/explore/fighters/greg-rebello,72.0,73.0,Southpaw,0-0-0,0,"Southpaw 0-0-0 Greg Rebello “ Ribz ” Height 6' 0"" Reach 73"" UFC fights 0 View profile →",boutmetrics,boutmetrics,True,https://www.ufc.com/athlete/greg-rebello
Greg Velasco,https://boutmetrics.com/explore/fighters/greg-velasco,74.0,70.0,Southpaw,0-0-0,0,"Southpaw 0-0-0 Greg Velasco “ The Viking King ” Height 6' 2"" Reach 70"" UFC fights 0 View profile →",boutmetrics,boutmetrics,False,
Gregory Rodrigues,https://boutmetrics.com/explore/fighters/gregory-rodrigues,75.0,75.0,Orthodox,11-3-0,14,"Orthodox 11-3-0 Gregory Rodrigues “ Robocop ” Height 6' 3"" Reach 75"" UFC fights 14 View profile →",boutmetrics,boutmetrics,True,https://www.ufc.com/athlete/gregory-rodrigues
Guilherme Uriel,https://boutmetrics.com/explore/fighters/guilherme-uriel,73.0,74.0,Orthodox,0-0-0,0,"Orthodox 0-0-0 Guilherme Uriel “ Urso ” Height 6' 1"" Reach 74"" UFC fights 0 View profile →",boutmetrics,boutmetrics,True,https://www.ufc.com/athlete/guilherme-uriel
Hailey Cowan,https://boutmetrics.com/explore/fighters/hailey-cowan,68.0,67.0,Southpaw,0-4-0,4,"Southpaw 0-4-0 Hailey Cowan “ All Hail ” Height 5' 8"" Reach 67"" UFC fights 4 View profile →",boutmetrics,boutmetrics,False,
Hannah Goldy,https://boutmetrics.com/explore/fighters/hannah-goldy,64.0,61.0,Orthodox,1-4-0,5,"Orthodox 1-4-0 Hannah Goldy “ 24K ” Height 5' 4"" Reach 61"" UFC fights 5 View profile →",boutmetrics,boutmetrics,True,https://www.ufc.com/athlete/hannah-goldy
Hashem Arkhagha,https://boutmetrics.com/explore/fighters/hashem-arkhagha,74.0,75.0,Orthodox,0-0-0,0,"Orthodox 0-0-0 Hashem Arkhagha Height 6' 2"" Reach 75"" UFC fights 0 View profile →",boutmetrics,boutmetrics,True,https://www.ufc.com/athlete/hashem-arkhagha
Henrique Shiguemoto,https://boutmetrics.com/explore/fighters/henrique-shiguemoto,71.0,72.0,Orthodox,0-0-0,0,"Orthodox 0-0-0 Henrique Shiguemoto Height 5' 11"" Reach 72"" UFC fights 0 View profile →",boutmetrics,boutmetrics,True,https://www.ufc.com/athlete/henrique-shiguemoto
Heraldo Souza,https://boutmetrics.com/explore/fighters/heraldo-souza,71.0,73.0,Orthodox,0-0-0,0,"Orthodox 0-0-0 Heraldo Souza “ Savage ” Height 5' 11"" Reach 73"" UFC fights 0 View profile →",boutmetrics,boutmetrics,False,
Herdem Alacabek,https://boutmetrics.com/explore/fighters/herdem-alacabek,74.0,75.0,Orthodox,0-0-0,0,"Orthodox 0-0-0 Herdem Alacabek Height 6' 2"" Reach 75"" UFC fights 0 View profile →",boutmetrics,boutmetrics,True,https://www.ufc.com/athlete/herdem-alacabek
Hilarie Rose,https://boutmetrics.com/explore/fighters/hilarie-rose,63.0,63.0,Orthodox,0-0-0,0,"Orthodox 0-0-0 Hilarie Rose Height 5' 3"" Reach 63"" UFC fights 0 View profile →",boutmetrics,boutmetrics,True,https://www.ufc.com/athlete/hilarie-rose
Hugo Cunha,https://boutmetrics.com/explore/fighters/hugo-cunha,75.0,79.0,Orthodox,0-0-0,0,"Orthodox 0-0-0 Hugo Cunha “ Silverback ” Height 6' 3"" Reach 79"" UFC fights 0 View profile →",boutmetrics,boutmetrics,False,
Hugo Guillon,https://boutmetrics.com/explore/fighters/hugo-guillon,,,Stance —,0-0-0,0,Stance — 0-0-0 Hugo Guillon “ The White Walker ” Height — Reach — UFC fights 0 View profile →,,,False,
Hunter Azure,https://boutmetrics.com/explore/fighters/hunter-azure,68.0,69.0,Orthodox,2-2-0,4,"Orthodox 2-2-0 Hunter Azure Height 5' 8"" Reach 69"" UFC fights 4 View profile →",boutmetrics,boutmetrics,False,
Hunter Smith,https://boutmetrics.com/explore/fighters/hunter-smith,,,Stance —,0-0-0,0,Stance — 0-0-0 Hunter Smith “ Headshot ” Height — Reach — UFC fights 0 View profile →,,,False,
Ian Escuza,https://boutmetrics.com/explore/fighters/ian-escuza,,,Stance —,0-0-0,0,Stance — 0-0-0 Ian Escuza “ The Specimen ” Height — Reach — UFC fights 0 View profile →,,,False,
Ian Heinisch,https://boutmetrics.com/explore/fighters/ian-heinisch,71.0,72.0,Orthodox,3-4-0,7,"Orthodox 3-4-0 Ian Heinisch “ The Hurricane ” Height 5' 11"" Reach 72"" UFC fights 7 View profile →",boutmetrics,boutmetrics,True,https://www.ufc.com/athlete/ian-heinisch
Igor Cavalcanti,https://boutmetrics.com/explore/fighters/igor-cavalcanti,71.0,79.0,Orthodox,0-0-0,0,"Orthodox 0-0-0 Igor Cavalcanti “ Jacare ” Height 5' 11"" Reach 79"" UFC fights 0 View profile →",boutmetrics,boutmetrics,True,https://www.ufc.com/athlete/igor-cavalcanti
Igor Severino,https://boutmetrics.com/explore/fighters/igor-severino,67.0,69.0,Orthodox,0-1-0,1,"Orthodox 0-1-0 Igor Severino Height 5' 7"" Reach 69"" UFC fights 1 View profile →",boutmetrics,boutmetrics,True,https://www.ufc.com/athlete/igor-severino
Ihor Potieria,https://boutmetrics.com/explore/fighters/ihor-potieria,75.0,75.0,Southpaw,2-6-0,8,"Southpaw 2-6-0 Ihor Potieria “ Duelist ” Height 6' 3"" Reach 75"" UFC fights 8 View profile →",boutmetrics,boutmetrics,False,
Ikram Aliskerov,https://boutmetrics.com/explore/fighters/ikram-aliskerov,72.0,76.0,Southpaw,5-1-0,6,"Southpaw 5-1-0 Ikram Aliskerov Height 6' 0"" Reach 76"" UFC fights 6 View profile →",boutmetrics,boutmetrics,True,https://www.ufc.com/athlete/ikram-aliskerov
Ilian Bouafia,https://boutmetrics.com/explore/fighters/ilian-bouafia,77.0,78.0,Southpaw,0-0-0,0,"Southpaw 0-0-0 Ilian Bouafia “ The Gorilla ” Height 6' 5"" Reach 78"" UFC fights 0 View profile →",boutmetrics,boutmetrics,False,
Impa Kasanganay,https://boutmetrics.com/explore/fighters/impa-kasanganay,71.0,75.0,Orthodox,2-2-0,4,"Orthodox 2-2-0 Impa Kasanganay “ Tshilobo ” Height 5' 11"" Reach 75"" UFC fights 4 View profile →",boutmetrics,boutmetrics,True,https://www.ufc.com/athlete/impa-kasanganay
Isaac Moreno,https://boutmetrics.com/explore/fighters/isaac-moreno,,,Stance —,0-0-0,0,Stance — 0-0-0 Isaac Moreno “ Primetime ” Height — Reach — UFC fights 0 View profile →,,,False,
Islam Dulatov,https://boutmetrics.com/explore/fighters/islam-dulatov,75.0,75.0,Orthodox,1-0-0,1,"Orthodox 1-0-0 Islam Dulatov “ The Ripper ” Height 6' 3"" Reach 75"" UFC fights 1 View profile →",boutmetrics,boutmetrics,True,https://www.ufc.com/athlete/islam-dulatov
Islem Masraf,https://boutmetrics.com/explore/fighters/islem-masraf,72.0,74.0,Southpaw,0-0-0,0,"Southpaw 0-0-0 Islem Masraf “ Lightning ” Height 6' 0"" Reach 74"" UFC fights 0 View profile →",boutmetrics,boutmetrics,False,
Ismael Bonfim,https://boutmetrics.com/explore/fighters/ismael-bonfim,68.0,71.0,Orthodox,2-4-0,6,"Orthodox 2-4-0 Ismael Bonfim “ Marreta ” Height 5' 8"" Reach 71"" UFC fights 6 View profile →",boutmetrics,boutmetrics,True,https://www.ufc.com/athlete/ismael-bonfim
Issa Isakov,https://boutmetrics.com/explore/fighters/issa-isakov,69.0,70.0,Orthodox,0-0-0,0,"Orthodox 0-0-0 Issa Isakov “ Determinator ” Height 5' 9"" Reach 70"" UFC fights 0 View profile →",boutmetrics,boutmetrics,True,https://www.ufc.com/athlete/issa-isakov
Ivan Valenzuela,https://boutmetrics.com/explore/fighters/ivan-valenzuela,74.0,77.0,Orthodox,0-0-0,0,"Orthodox 0-0-0 Ivan Valenzuela “ Bam Bam ” Height 6' 2"" Reach 77"" UFC fights 0 View profile →",boutmetrics,boutmetrics,False,
Jack Cartwright,https://boutmetrics.com/explore/fighters/jack-cartwright,69.0,68.0,Orthodox,0-0-0,0,"Orthodox 0-0-0 Jack Cartwright Height 5' 9"" Reach 68"" UFC fights 0 View profile →",boutmetrics,boutmetrics,True,https://www.ufc.com/athlete/jack-cartwright
Jack Congdon,https://boutmetrics.com/explore/fighters/jack-congdon,74.0,75.0,Switch,0-0-0,0,"Switch 0-0-0 Jack Congdon “ .50 Cal ” Height 6' 2"" Reach 75"" UFC fights 0 View profile →",boutmetrics,boutmetrics,False,
Jack Della Maddalena,https://boutmetrics.com/explore/fighters/jack-della-maddalena,71.0,73.0,Switch,8-2-0,10,"Switch 8-2-0 Jack Della Maddalena Height 5' 11"" Reach 73"" UFC fights 10 View profile →",boutmetrics,boutmetrics,False,
Jack Duffy,https://boutmetrics.com/explore/fighters/jack-duffy,67.0,69.0,Switch,0-0-0,0,"Switch 0-0-0 Jack Duffy “ The Fury ” Height 5' 7"" Reach 69"" UFC fights 0 View profile →",boutmetrics,boutmetrics,False,
Jacob Kilburn,https://boutmetrics.com/explore/fighters/jacob-kilburn,69.0,72.0,Orthodox,0-2-0,2,"Orthodox 0-2-0 Jacob Kilburn “ The Killer ” Height 5' 9"" Reach 72"" UFC fights 2 View profile →",boutmetrics,boutmetrics,True,https://www.ufc.com/athlete/jacob-kilburn
Jacob Rosales,https://boutmetrics.com/explore/fighters/jacob-rosales,71.0,74.0,Orthodox,0-0-0,0,"Orthodox 0-0-0 Jacob Rosales “ The Lil Badger ” Height 5' 11"" Reach 74"" UFC fights 0 View profile →",boutmetrics,boutmetrics,True,https://www.ufc.com/athlete/jacob-rosales
Jacob Silva,https://boutmetrics.com/explore/fighters/jacob-silva,65.0,67.0,Orthodox,0-0-0,0,"Orthodox 0-0-0 Jacob Silva “ Lil Animal ” Height 5' 5"" Reach 67"" UFC fights 0 View profile →",boutmetrics,boutmetrics,False,
Jacobe Smith,https://boutmetrics.com/explore/fighters/jacobe-smith,70.0,72.0,Southpaw,4-0-0,4,"Southpaw 4-0-0 Jacobe Smith “ Cobe ” Height 5' 10"" Reach 72"" UFC fights 4 View profile →",boutmetrics,boutmetrics,False,
Jacobi Jones,https://boutmetrics.com/explore/fighters/jacobi-jones,69.0,72.0,Orthodox,0-0-0,0,"Orthodox 0-0-0 Jacobi Jones “ Big Toe ” Height 5' 9"" Reach 72"" UFC fights 0 View profile →",boutmetrics,boutmetrics,False,
Jaden Ortega,https://boutmetrics.com/explore/fighters/jaden-ortega,,,Stance —,0-0-0,0,Stance — 0-0-0 Jaden Ortega Height — Reach — UFC fights 0 View profile →,,,False,
Jafel Filho,https://boutmetrics.com/explore/fighters/jafel-filho,67.0,68.0,Orthodox,3-3-0,6,"Orthodox 3-3-0 Jafel Filho “ Pastor ” Height 5' 7"" Reach 68"" UFC fights 6 View profile →",boutmetrics,boutmetrics,True,https://www.ufc.com/athlete/jafel-filho
Jailton Almeida,https://boutmetrics.com/explore/fighters/jailton-almeida,75.0,79.0,Orthodox,8-3-0,11,"Orthodox 8-3-0 Jailton Almeida “ Malhadinho ” Height 6' 3"" Reach 79"" UFC fights 11 View profile →",boutmetrics,boutmetrics,True,https://www.ufc.com/athlete/jailton-almeida
Jaime Alvarez,https://boutmetrics.com/explore/fighters/jaime-alvarez,68.0,69.0,Orthodox,0-0-0,0,"Orthodox 0-0-0 Jaime Alvarez Height 5' 8"" Reach 69"" UFC fights 0 View profile →",boutmetrics,boutmetrics,False,
Jaimelene Nievera,https://boutmetrics.com/explore/fighters/jaimelene-nievera,65.0,,Orthodox,0-0-0,0,"Orthodox 0-0-0 Jaimelene Nievera “ Queenie ” Height 5' 5"" Reach — UFC fights 0 View profile →",boutmetrics,,False,
Jair Farias,https://boutmetrics.com/explore/fighters/jair-farias,73.0,76.0,Orthodox,0-0-0,0,"Orthodox 0-0-0 Jair Farias “ Chosen ” Height 6' 1"" Reach 76"" UFC fights 0 View profile →",boutmetrics,boutmetrics,True,https://www.ufc.com/athlete/jair-farias
Jake Hadley,https://boutmetrics.com/explore/fighters/jake-hadley,67.0,70.0,Southpaw,3-4-0,7,"Southpaw 3-4-0 Jake Hadley “ White Kong ” Height 5' 7"" Reach 70"" UFC fights 7 View profile →",boutmetrics,boutmetrics,False,
Jalin Turner,https://boutmetrics.com/explore/fighters/jalin-turner,75.0,77.0,Southpaw,9-6-0,15,"Southpaw 9-6-0 Jalin Turner “ The Tarantula ” Height 6' 3"" Reach 77"" UFC fights 15 View profile →",boutmetrics,boutmetrics,True,https://www.ufc.com/athlete/jalin-turner
Jamahal Hill,https://boutmetrics.com/explore/fighters/jamahal-hill,76.0,79.0,Southpaw,6-4-0 (1 NC),11,"Southpaw 6-4-0 (1 NC) Jamahal Hill “ Sweet Dreams ” Height 6' 4"" Reach 79"" UFC fights 11 View profile →",boutmetrics,boutmetrics,True,https://www.ufc.com/athlete/jamahal-hill
Jamall Emmers,https://boutmetrics.com/explore/fighters/jamall-emmers,70.0,74.0,Orthodox,6-4-0,10,"Orthodox 6-4-0 Jamall Emmers “ Pretty Boy ” Height 5' 10"" Reach 74"" UFC fights 10 View profile →",boutmetrics,boutmetrics,True,https://www.ufc.com/athlete/jamall-emmers
James Barnes,https://boutmetrics.com/explore/fighters/james-barnes,68.0,71.0,Orthodox,0-0-0,0,"Orthodox 0-0-0 James Barnes “ Mooka ” Height 5' 8"" Reach 71"" UFC fights 0 View profile →",boutmetrics,boutmetrics,True,https://www.ufc.com/athlete/james-barnes
James Gray,https://boutmetrics.com/explore/fighters/james-gray,69.0,,Orthodox,0-0-0,0,"Orthodox 0-0-0 James Gray “ The Phenom ” Height 5' 9"" Reach — UFC fights 0 View profile →",boutmetrics,,False,
James Llontop,https://boutmetrics.com/explore/fighters/james-llontop,72.0,73.0,Orthodox,0-3-0,3,"Orthodox 0-3-0 James Llontop “ Goku ” Height 6' 0"" Reach 73"" UFC fights 3 View profile →",boutmetrics,boutmetrics,True,https://www.ufc.com/athlete/james-llontop
James Wallace,https://boutmetrics.com/explore/fighters/james-wallace,70.0,69.0,Orthodox,0-0-0,0,"Orthodox 0-0-0 James Wallace “ Jesse ” Height 5' 10"" Reach 69"" UFC fights 0 View profile →",boutmetrics,boutmetrics,False,
Jamie Colleen,https://boutmetrics.com/explore/fighters/jamie-colleen,63.0,65.0,Orthodox,0-0-0,0,"Orthodox 0-0-0 Jamie Colleen Height 5' 3"" Reach 65"" UFC fights 0 View profile →",boutmetrics,boutmetrics,True,https://www.ufc.com/athlete/jamie-colleen
Jamie Pickett,https://boutmetrics.com/explore/fighters/jamie-pickett,74.0,80.0,Orthodox,2-7-0,9,"Orthodox 2-7-0 Jamie Pickett “ The Night Wolf ” Height 6' 2"" Reach 80"" UFC fights 9 View profile →",boutmetrics,boutmetrics,True,https://www.ufc.com/athlete/jamie-pickett
Jasmine Jasudavicius,https://boutmetrics.com/explore/fighters/jasmine-jasudavicius,67.0,68.0,Orthodox,9-3-0,12,"Orthodox 9-3-0 Jasmine Jasudavicius Height 5' 7"" Reach 68"" UFC fights 12 View profile →",boutmetrics,boutmetrics,True,https://www.ufc.com/athlete/jasmine-jasudavicius
Jason Jackson,https://boutmetrics.com/explore/fighters/jason-jackson,73.0,78.0,Orthodox,0-0-0,0,"Orthodox 0-0-0 Jason Jackson “ Jah-Son ” Height 6' 1"" Reach 78"" UFC fights 0 View profile →",boutmetrics,boutmetrics,False,
Jean Matsumoto,https://boutmetrics.com/explore/fighters/jean-matsumoto,66.0,68.0,Orthodox,4-2-0,6,"Orthodox 4-2-0 Jean Matsumoto Height 5' 6"" Reach 68"" UFC fights 6 View profile →",boutmetrics,boutmetrics,True,https://www.ufc.com/athlete/jean-matsumoto
Jean Silva,https://boutmetrics.com/explore/fighters/jean-silva,67.0,69.0,Orthodox,7-1-0,8,"Orthodox 7-1-0 Jean Silva “ Lord ” Height 5' 7"" Reach 69"" UFC fights 8 View profile →",boutmetrics,boutmetrics,False,
Jean-Paul Lebosnoyani,https://boutmetrics.com/explore/fighters/jean-paul-lebosnoyani,71.0,72.0,Switch,2-0-0,2,"Switch 2-0-0 Jean-Paul Lebosnoyani “ Mufasa ” Height 5' 11"" Reach 72"" UFC fights 2 View profile →",boutmetrics,boutmetrics,False,
Jeff Hughes,https://boutmetrics.com/explore/fighters/jeff-hughes,74.0,77.0,Orthodox,0-3-0 (1 NC),4,"Orthodox 0-3-0 (1 NC) Jeff Hughes “ Lights Out ” Height 6' 2"" Reach 77"" UFC fights 4 View profile →",boutmetrics,boutmetrics,False,
Jeff Molina,https://boutmetrics.com/explore/fighters/jeff-molina,66.0,69.0,Orthodox,3-0-0,3,"Orthodox 3-0-0 Jeff Molina “ El Jefe ” Height 5' 6"" Reach 69"" UFC fights 3 View profile →",boutmetrics,boutmetrics,False,
Jerome Rivera,https://boutmetrics.com/explore/fighters/jerome-rivera,70.0,72.0,Southpaw,0-4-0,4,"Southpaw 0-4-0 Jerome Rivera “ Renegade ” Height 5' 10"" Reach 72"" UFC fights 4 View profile →",boutmetrics,boutmetrics,True,https://www.ufc.com/athlete/jerome-rivera
Jesse Murray,https://boutmetrics.com/explore/fighters/jesse-murray,75.0,78.0,Orthodox,0-0-0,0,"Orthodox 0-0-0 Jesse Murray “ Hollywood ” Height 6' 3"" Reach 78"" UFC fights 0 View profile →",boutmetrics,boutmetrics,False,
Jesus Aguilar,https://boutmetrics.com/explore/fighters/jesus-aguilar,64.0,62.0,Orthodox,4-3-0,7,"Orthodox 4-3-0 Jesus Aguilar Height 5' 4"" Reach 62"" UFC fights 7 View profile →",boutmetrics,boutmetrics,True,https://www.ufc.com/athlete/jesus-aguilar
Jhonata Diniz,https://boutmetrics.com/explore/fighters/jhonata-diniz,76.0,79.0,Orthodox,3-2-0,5,"Orthodox 3-2-0 Jhonata Diniz Height 6' 4"" Reach 79"" UFC fights 5 View profile →",boutmetrics,boutmetrics,False,
Jhonata Silva,https://boutmetrics.com/explore/fighters/jhonata-silva,65.0,66.0,Orthodox,0-0-0,0,"Orthodox 0-0-0 Jhonata Silva Height 5' 5"" Reach 66"" UFC fights 0 View profile →",boutmetrics,boutmetrics,False,
Jhonoven Pati,https://boutmetrics.com/explore/fighters/jhonoven-pati,73.0,75.0,Switch,0-0-0,0,"Switch 0-0-0 Jhonoven Pati “ The Samoan Savage ” Height 6' 1"" Reach 75"" UFC fights 0 View profile →",boutmetrics,boutmetrics,False,
Jimmy Crute,https://boutmetrics.com/explore/fighters/jimmy-crute,74.0,74.0,Orthodox,6-4-2,12,"Orthodox 6-4-2 Jimmy Crute Height 6' 2"" Reach 74"" UFC fights 12 View profile →",boutmetrics,boutmetrics,True,https://www.ufc.com/athlete/jim-crute
Jimmy Drago,https://boutmetrics.com/explore/fighters/jimmy-drago,70.0,71.0,Orthodox,0-0-0,0,"Orthodox 0-0-0 Jimmy Drago Height 5' 10"" Reach 71"" UFC fights 0 View profile →",boutmetrics,boutmetrics,False,
Jimmy Flick,https://boutmetrics.com/explore/fighters/jimmy-flick,67.0,68.0,Orthodox,2-4-0,6,"Orthodox 2-4-0 Jimmy Flick “ The Brick ” Height 5' 7"" Reach 68"" UFC fights 6 View profile →",boutmetrics,boutmetrics,True,https://www.ufc.com/athlete/jimmy-flick
Jimmy Lawson,https://boutmetrics.com/explore/fighters/jimmy-lawson,72.0,77.0,Orthodox,0-0-0,0,"Orthodox 0-0-0 Jimmy Lawson “ Greedy ” Height 6' 0"" Reach 77"" UFC fights 0 View profile →",boutmetrics,boutmetrics,True,https://www.ufc.com/athlete/jimmy-lawson
JJ Okanovich,https://boutmetrics.com/explore/fighters/jj-okanovich,71.0,76.0,Orthodox,0-0-0,0,"Orthodox 0-0-0 JJ Okanovich “ The Bosnian Bomber ” Height 5' 11"" Reach 76"" UFC fights 0 View profile →",boutmetrics,boutmetrics,True,https://www.ufc.com/athlete/jj-okanovich
Joanderson Brito,https://boutmetrics.com/explore/fighters/joanderson-brito,68.0,72.0,Orthodox,8-3-0,11,"Orthodox 8-3-0 Joanderson Brito “ Tubarao ” Height 5' 8"" Reach 72"" UFC fights 11 View profile →",boutmetrics,boutmetrics,True,https://www.ufc.com/athlete/joanderson-brito
Joby Sanchez,https://boutmetrics.com/explore/fighters/joby-sanchez,66.0,68.0,Orthodox,1-4-0,5,"Orthodox 1-4-0 Joby Sanchez Height 5' 6"" Reach 68"" UFC fights 5 View profile →",boutmetrics,boutmetrics,False,
Joe Lowry,https://boutmetrics.com/explore/fighters/joe-lowry,71.0,73.0,Orthodox,0-0-0,0,"Orthodox 0-0-0 Joe Lowry Height 5' 11"" Reach 73"" UFC fights 0 View profile →",boutmetrics,boutmetrics,False,
Joe Pyfer,https://boutmetrics.com/explore/fighters/joe-pyfer,74.0,75.0,Orthodox,7-1-0,8,"Orthodox 7-1-0 Joe Pyfer “ Bodybagz ” Height 6' 2"" Reach 75"" UFC fights 8 View profile →",boutmetrics,boutmetrics,False,
Joe Solecki,https://boutmetrics.com/explore/fighters/joe-solecki,69.0,70.0,Orthodox,5-4-0,9,"Orthodox 5-4-0 Joe Solecki Height 5' 9"" Reach 70"" UFC fights 9 View profile →",boutmetrics,boutmetrics,False,
Joey Gomez,https://boutmetrics.com/explore/fighters/joey-gomez,70.0,71.0,Orthodox,0-2-0,2,"Orthodox 0-2-0 Joey Gomez Height 5' 10"" Reach 71"" UFC fights 2 View profile →",boutmetrics,boutmetrics,False,
Joey Hart,https://boutmetrics.com/explore/fighters/joey-hart,75.0,79.0,Orthodox,0-0-0,0,"Orthodox 0-0-0 Joey Hart “ The Hitman ” Height 6' 3"" Reach 79"" UFC fights 0 View profile →",boutmetrics,boutmetrics,False,
John Castaneda,https://boutmetrics.com/explore/fighters/john-castaneda,66.0,71.0,Switch,4-5-1,10,"Switch 4-5-1 John Castaneda “ Sexi Mexi ” Height 5' 6"" Reach 71"" UFC fights 10 View profile →",boutmetrics,boutmetrics,False,
Jon Kunneman,https://boutmetrics.com/explore/fighters/jon-kunneman,,,Stance —,0-0-0,0,Stance — 0-0-0 Jon Kunneman “ AK-47 ” Height — Reach — UFC fights 0 View profile →,,,False,
Jonas Bilharinho,https://boutmetrics.com/explore/fighters/jonas-bilharinho,71.0,75.0,Switch,0-0-0,0,"Switch 0-0-0 Jonas Bilharinho Height 5' 11"" Reach 75"" UFC fights 0 View profile →",boutmetrics,boutmetrics,True,https://www.ufc.com/athlete/jonas-bilharinho
Jonathan Micallef,https://boutmetrics.com/explore/fighters/jonathan-micallef,72.0,77.0,Southpaw,3-0-0,3,"Southpaw 3-0-0 Jonathan Micallef “ The Captain ” Height 6' 0"" Reach 77"" UFC fights 3 View profile →",boutmetrics,boutmetrics,True,https://www.ufc.com/athlete/jonathan-micallef
Jonathan Pearce,https://boutmetrics.com/explore/fighters/jonathan-pearce,72.0,71.0,Switch,5-4-0,9,"Switch 5-4-0 Jonathan Pearce “ JSP ” Height 6' 0"" Reach 71"" UFC fights 9 View profile →",boutmetrics,boutmetrics,True,https://www.ufc.com/athlete/jonathan-pearce
Jonny Parsons,https://boutmetrics.com/explore/fighters/jonny-parsons,69.0,69.0,Orthodox,1-0-0,1,"Orthodox 1-0-0 Jonny Parsons “ The Sluggernaut ” Height 5' 9"" Reach 69"" UFC fights 1 View profile →",boutmetrics,boutmetrics,True,https://www.ufc.com/athlete/jonny-parsons
Jordan Espinosa,https://boutmetrics.com/explore/fighters/jordan-espinosa,66.0,69.0,Orthodox,2-4-0,6,"Orthodox 2-4-0 Jordan Espinosa “ The Gamer ” Height 5' 6"" Reach 69"" UFC fights 6 View profile →",boutmetrics,boutmetrics,True,https://www.ufc.com/athlete/jordan-espinosa
Jordan Griffin,https://boutmetrics.com/explore/fighters/jordan-griffin,70.0,73.0,Southpaw,1-4-0,5,"Southpaw 1-4-0 Jordan Griffin “ Native Psycho ” Height 5' 10"" Reach 73"" UFC fights 5 View profile →",boutmetrics,boutmetrics,True,https://www.ufc.com/athlete/jordan-griffin
Jordan Leavitt,https://boutmetrics.com/explore/fighters/jordan-leavitt,69.0,71.0,Southpaw,6-4-0,10,"Southpaw 6-4-0 Jordan Leavitt “ The Monkey King ” Height 5' 9"" Reach 71"" UFC fights 10 View profile →",boutmetrics,boutmetrics,True,https://www.ufc.com/athlete/jordan-leavitt
Jordan Williams,https://boutmetrics.com/explore/fighters/jordan-williams,73.0,75.0,Southpaw,0-3-0,3,"Southpaw 0-3-0 Jordan Williams “ Bomaye ” Height 6' 1"" Reach 75"" UFC fights 3 View profile →",boutmetrics,boutmetrics,False,
Jordan Wright,https://boutmetrics.com/explore/fighters/jordan-wright,74.0,77.0,Orthodox,2-5-0,7,"Orthodox 2-5-0 Jordan Wright “ The Beverly Hills Ninja ” Height 6' 2"" Reach 77"" UFC fights 7 View profile →",boutmetrics,boutmetrics,False,
Jose Alday,https://boutmetrics.com/explore/fighters/jose-alday,67.0,68.0,Orthodox,0-0-0,0,"Orthodox 0-0-0 Jose Alday “ Pochito ” Height 5' 7"" Reach 68"" UFC fights 0 View profile →",boutmetrics,boutmetrics,True,https://www.ufc.com/athlete/jose-alday
Jose Daniel Medina,https://boutmetrics.com/explore/fighters/jose-daniel-medina,72.0,74.0,Orthodox,0-4-0,4,"Orthodox 0-4-0 Jose Daniel Medina “ Chicho ” Height 6' 0"" Reach 74"" UFC fights 4 View profile →",boutmetrics,boutmetrics,True,https://www.ufc.com/athlete/jose-daniel-medina
Jose Delano,https://boutmetrics.com/explore/fighters/jose-delano,68.0,70.0,Orthodox,1-0-0,1,"Orthodox 1-0-0 Jose Delano Height 5' 8"" Reach 70"" UFC fights 1 View profile →",boutmetrics,boutmetrics,True,https://www.ufc.com/athlete/jose-delano
Jose Delgado,https://boutmetrics.com/explore/fighters/jose-delgado,71.0,74.0,Switch,4-2-0,6,"Switch 4-2-0 Jose Delgado Height 5' 11"" Reach 74"" UFC fights 6 View profile →",boutmetrics,boutmetrics,False,
Jose Johnson,https://boutmetrics.com/explore/fighters/jose-johnson,72.0,71.0,Orthodox,1-3-0,4,"Orthodox 1-3-0 Jose Johnson “ Zhakwarius ” Height 6' 0"" Reach 71"" UFC fights 4 View profile →",boutmetrics,boutmetrics,False,
Joseph Holmes,https://boutmetrics.com/explore/fighters/joseph-holmes,76.0,80.0,Orthodox,1-3-0,4,"Orthodox 1-3-0 Joseph Holmes “ Uglyman Joe ” Height 6' 4"" Reach 80"" UFC fights 4 View profile →",boutmetrics,boutmetrics,True,https://www.ufc.com/athlete/joseph-holmes
Josh Appelt,https://boutmetrics.com/explore/fighters/josh-appelt,70.0,,Southpaw,0-0-0,0,"Southpaw 0-0-0 Josh Appelt Height 5' 10"" Reach — UFC fights 0 View profile →",boutmetrics,,False,
Josh Hokit,https://boutmetrics.com/explore/fighters/josh-hokit,73.0,73.0,Orthodox,4-0-0,4,"Orthodox 4-0-0 Josh Hokit Height 6' 1"" Reach 73"" UFC fights 4 View profile →",boutmetrics,boutmetrics,False,
Josh Parisian,https://boutmetrics.com/explore/fighters/josh-parisian,76.0,79.0,Orthodox,2-5-0,7,"Orthodox 2-5-0 Josh Parisian Height 6' 4"" Reach 79"" UFC fights 7 View profile →",boutmetrics,boutmetrics,False,
Josh Quinlan,https://boutmetrics.com/explore/fighters/josh-quinlan,72.0,72.0,Orthodox,1-3-0,4,"Orthodox 1-3-0 Josh Quinlan “ Bushido ” Height 6' 0"" Reach 72"" UFC fights 4 View profile →",boutmetrics,boutmetrics,False,
Josh Wick,https://boutmetrics.com/explore/fighters/josh-wick,69.0,69.0,Switch,0-0-0,0,"Switch 0-0-0 Josh Wick “ The White Mamba ” Height 5' 9"" Reach 69"" UFC fights 0 View profile →",boutmetrics,boutmetrics,False,
Joshua Wang-Kim,https://boutmetrics.com/explore/fighters/joshua-wang-kim,69.0,71.0,Switch,0-0-0,0,"Switch 0-0-0 Joshua Wang-Kim “ Twin Dragon ” Height 5' 9"" Reach 71"" UFC fights 0 View profile →",boutmetrics,boutmetrics,False,
Joshua Weems,https://boutmetrics.com/explore/fighters/joshua-weems,68.0,69.0,Orthodox,0-1-0,1,"Orthodox 0-1-0 Joshua Weems “ Wide Open ” Height 5' 8"" Reach 69"" UFC fights 1 View profile →",boutmetrics,boutmetrics,True,https://www.ufc.com/athlete/josh-weems
Josias Musasa,https://boutmetrics.com/explore/fighters/josias-musasa,68.0,74.0,Southpaw,0-2-0,2,"Southpaw 0-2-0 Josias Musasa “ The KO Wizard ” Height 5' 8"" Reach 74"" UFC fights 2 View profile →",boutmetrics,boutmetrics,True,https://www.ufc.com/athlete/josias-musasa
Jovan Leka,https://boutmetrics.com/explore/fighters/jovan-leka,76.0,75.0,Stance —,1-0-0,1,Stance — 1-0-0 Jovan Leka Height — Reach — UFC fights 1 View profile →,ufc.com_verified_static_fill,ufc.com_verified_static_fill,True,https://www.ufc.com/athlete/jovan-leka
JP Buys,https://boutmetrics.com/explore/fighters/jp-buys,65.0,67.0,Orthodox,0-4-0,4,"Orthodox 0-4-0 JP Buys “ Young Savage ” Height 5' 5"" Reach 67"" UFC fights 4 View profile →",boutmetrics,boutmetrics,False,
JR Coughran,https://boutmetrics.com/explore/fighters/jr-coughran,66.0,,Orthodox,0-0-0,0,"Orthodox 0-0-0 JR Coughran “ Bam Bam ” Height 5' 6"" Reach — UFC fights 0 View profile →",boutmetrics,,True,https://www.ufc.com/athlete/jr-coughran-0
Juan Adams,https://boutmetrics.com/explore/fighters/juan-adams,77.0,80.0,Orthodox,1-3-0,4,"Orthodox 1-3-0 Juan Adams “ The Kraken ” Height 6' 5"" Reach 80"" UFC fights 4 View profile →",boutmetrics,boutmetrics,True,https://www.ufc.com/athlete/juan-adams
Juan Andres Luna,https://boutmetrics.com/explore/fighters/juan-andres-luna,67.0,72.0,Orthodox,0-0-0,0,"Orthodox 0-0-0 Juan Andres Luna Height 5' 7"" Reach 72"" UFC fights 0 View profile →",boutmetrics,boutmetrics,True,https://www.ufc.com/athlete/juan-andres-luna
Juan Diaz,https://boutmetrics.com/explore/fighters/juan-diaz,68.5,69.5,Stance —,1-0-0,1,Stance — 1-0-0 Juan Diaz “ Pegajoso ” Height — Reach — UFC fights 1 View profile →,ufc.com_verified_static_fill,ufc.com_verified_static_fill,True,https://www.ufc.com/athlete/juan-diaz
Juan Puerta,https://boutmetrics.com/explore/fighters/juan-puerta,69.0,71.0,Southpaw,0-0-0,0,"Southpaw 0-0-0 Juan Puerta “ Leadfeather ” Height 5' 9"" Reach 71"" UFC fights 0 View profile →",boutmetrics,boutmetrics,True,https://www.ufc.com/athlete/juan-puerta
Julia Polastri,https://boutmetrics.com/explore/fighters/julia-polastri,62.0,63.0,Orthodox,3-3-0,6,"Orthodox 3-3-0 Julia Polastri “ Psycho ” Height 5' 2"" Reach 63"" UFC fights 6 View profile →",boutmetrics,boutmetrics,False,
Julian Erosa,https://boutmetrics.com/explore/fighters/julian-erosa,73.0,74.0,Southpaw,9-9-0,18,"Southpaw 9-9-0 Julian Erosa “ Juicy J ” Height 6' 1"" Reach 74"" UFC fights 18 View profile →",boutmetrics,boutmetrics,False,
Julian Marquez,https://boutmetrics.com/explore/fighters/julian-marquez,74.0,72.0,Orthodox,3-5-0,8,"Orthodox 3-5-0 Julian Marquez “ The Cuban Missile Crisis ” Height 6' 2"" Reach 72"" UFC fights 8 View profile →",boutmetrics,boutmetrics,True,https://www.ufc.com/athlete/julian-marquez
Julieta Martinez,https://boutmetrics.com/explore/fighters/julieta-martinez,61.0,62.0,Orthodox,0-0-0,0,"Orthodox 0-0-0 Julieta Martinez “ The Ninja Ferret ” Height 5' 1"" Reach 62"" UFC fights 0 View profile →",boutmetrics,boutmetrics,False,
Julius Anglickas,https://boutmetrics.com/explore/fighters/julius-anglickas,75.0,,Orthodox,0-0-0,0,"Orthodox 0-0-0 Julius Anglickas Height 6' 3"" Reach — UFC fights 0 View profile →",boutmetrics,,False,
Justin Burlinson,https://boutmetrics.com/explore/fighters/justin-burlinson,73.0,74.0,Switch,0-0-0,0,"Switch 0-0-0 Justin Burlinson Height 6' 1"" Reach 74"" UFC fights 0 View profile →",boutmetrics,boutmetrics,True,https://www.ufc.com/athlete/justin-burlinson
Justin Gonzales,https://boutmetrics.com/explore/fighters/justin-gonzales,69.0,72.0,Orthodox,0-0-0,0,"Orthodox 0-0-0 Justin Gonzales “ J-Train ” Height 5' 9"" Reach 72"" UFC fights 0 View profile →",boutmetrics,boutmetrics,True,https://www.ufc.com/athlete/justin-gonzales
Justin Sumter,https://boutmetrics.com/explore/fighters/justin-sumter,74.0,80.0,Southpaw,0-0-0,0,"Southpaw 0-0-0 Justin Sumter Height 6' 2"" Reach 80"" UFC fights 0 View profile →",boutmetrics,boutmetrics,False,
Kaik Brito,https://boutmetrics.com/explore/fighters/kaik-brito,71.0,72.0,Orthodox,0-0-0,0,"Orthodox 0-0-0 Kaik Brito Height 5' 11"" Reach 72"" UFC fights 0 View profile →",boutmetrics,boutmetrics,False,
Kailan Hill,https://boutmetrics.com/explore/fighters/kailan-hill,73.0,77.0,Southpaw,0-0-0,0,"Southpaw 0-0-0 Kailan Hill Height 6' 1"" Reach 77"" UFC fights 0 View profile →",boutmetrics,boutmetrics,True,https://www.ufc.com/athlete/kailan-hill
Kaleio Romero,https://boutmetrics.com/explore/fighters/kaleio-romero,70.0,69.0,Switch,0-0-0,0,"Switch 0-0-0 Kaleio Romero “ KO ” Height 5' 10"" Reach 69"" UFC fights 0 View profile →",boutmetrics,boutmetrics,False,
Kali Robbins,https://boutmetrics.com/explore/fighters/kali-robbins,63.0,63.0,Orthodox,0-0-0,0,"Orthodox 0-0-0 Kali Robbins “ Pop Tart ” Height 5' 3"" Reach 63"" UFC fights 0 View profile →",boutmetrics,boutmetrics,True,https://www.ufc.com/athlete/kali-robbins
Kaloyan Kolev,https://boutmetrics.com/explore/fighters/kaloyan-kolev,74.0,73.0,Orthodox,0-0-0,0,"Orthodox 0-0-0 Kaloyan Kolev Height 6' 2"" Reach 73"" UFC fights 0 View profile →",boutmetrics,boutmetrics,True,https://www.ufc.com/athlete/kaloyan-kolev
Kamuela Kirk,https://boutmetrics.com/explore/fighters/kamuela-kirk,70.0,75.0,Switch,1-2-0,3,"Switch 1-2-0 Kamuela Kirk “ The Jawaiian ” Height 5' 10"" Reach 75"" UFC fights 3 View profile →",boutmetrics,boutmetrics,True,https://www.ufc.com/athlete/kamuela-kirk
Karl Reed,https://boutmetrics.com/explore/fighters/karl-reed,75.0,78.0,Orthodox,0-0-0,0,"Orthodox 0-0-0 Karl Reed “ No Worries ” Height 6' 3"" Reach 78"" UFC fights 0 View profile →",boutmetrics,boutmetrics,True,https://www.ufc.com/athlete/karl-reed
Karl Roberson,https://boutmetrics.com/explore/fighters/karl-roberson,73.0,74.0,Southpaw,4-6-0,10,"Southpaw 4-6-0 Karl Roberson “ Baby K ” Height 6' 1"" Reach 74"" UFC fights 10 View profile →",boutmetrics,boutmetrics,True,https://www.ufc.com/athlete/karl-roberson
Karl Williams,https://boutmetrics.com/explore/fighters/karl-williams,75.0,79.0,Orthodox,3-1-0,4,"Orthodox 3-1-0 Karl Williams Height 6' 3"" Reach 79"" UFC fights 4 View profile →",boutmetrics,boutmetrics,True,https://www.ufc.com/athlete/karl-williams
Kasey Tanner,https://boutmetrics.com/explore/fighters/kasey-tanner,67.0,69.0,Orthodox,0-0-0,0,"Orthodox 0-0-0 Kasey Tanner Height 5' 7"" Reach 69"" UFC fights 0 View profile →",boutmetrics,boutmetrics,False,
Kathryn Paprocki,https://boutmetrics.com/explore/fighters/kathryn-paprocki,63.0,63.0,Orthodox,0-0-0,0,"Orthodox 0-0-0 Kathryn Paprocki Height 5' 3"" Reach 63"" UFC fights 0 View profile →",boutmetrics,boutmetrics,False,
Kaushik Saikumar,https://boutmetrics.com/explore/fighters/kaushik-saikumar,70.0,71.0,Orthodox,0-0-0,0,"Orthodox 0-0-0 Kaushik Saikumar “ The Pride of Chennai ” Height 5' 10"" Reach 71"" UFC fights 0 View profile →",boutmetrics,boutmetrics,False,
Kaynan Kruschewsky,https://boutmetrics.com/explore/fighters/kaynan-kruschewsky,72.0,73.0,Orthodox,0-2-0,2,"Orthodox 0-2-0 Kaynan Kruschewsky “ Bahia ” Height 6' 0"" Reach 73"" UFC fights 2 View profile →",boutmetrics,boutmetrics,True,https://www.ufc.com/athlete/kaynan-kruschewsky
Kelly Velasco,https://boutmetrics.com/explore/fighters/kelly-velasco,69.0,,Orthodox,0-0-0,0,"Orthodox 0-0-0 Kelly Velasco “ Killer ” Height 5' 9"" Reach — UFC fights 0 View profile →",boutmetrics,,True,https://www.ufc.com/athlete/kelly-velasco
Ken Cross,https://boutmetrics.com/explore/fighters/ken-cross,72.0,72.0,Southpaw,0-0-0,0,"Southpaw 0-0-0 Ken Cross “ The Boss ” Height 6' 0"" Reach 72"" UFC fights 0 View profile →",boutmetrics,boutmetrics,False,
Kennedy Nzechukwu,https://boutmetrics.com/explore/fighters/kennedy-nzechukwu,77.0,83.0,Southpaw,8-7-1,16,"Southpaw 8-7-1 Kennedy Nzechukwu “ Chosen ” Height 6' 5"" Reach 83"" UFC fights 16 View profile →",boutmetrics,boutmetrics,True,https://www.ufc.com/athlete/kennedy-nzechukwu
Kenneth Bergh,https://boutmetrics.com/explore/fighters/kenneth-bergh,74.0,74.0,Orthodox,0-0-0,0,"Orthodox 0-0-0 Kenneth Bergh Height 6' 2"" Reach 74"" UFC fights 0 View profile →",boutmetrics,boutmetrics,True,https://www.ufc.com/athlete/kenneth-bergh
Kevin Aguilar,https://boutmetrics.com/explore/fighters/kevin-aguilar,67.0,73.0,Orthodox,2-4-0,6,"Orthodox 2-4-0 Kevin Aguilar “ Angel of Death ” Height 5' 7"" Reach 73"" UFC fights 6 View profile →",boutmetrics,boutmetrics,False,
Kevin Borjas,https://boutmetrics.com/explore/fighters/kevin-borjas,65.0,68.0,Orthodox,2-5-0,7,"Orthodox 2-5-0 Kevin Borjas “ El Gallo Negro ” Height 5' 5"" Reach 68"" UFC fights 7 View profile →",boutmetrics,boutmetrics,False,
Kevin Christian,https://boutmetrics.com/explore/fighters/kevin-christian,79.0,80.0,Orthodox,0-2-0,2,"Orthodox 0-2-0 Kevin Christian Height 6' 7"" Reach 80"" UFC fights 2 View profile →",boutmetrics,boutmetrics,True,https://www.ufc.com/athlete/kevin-christian
Kevin Holland,https://boutmetrics.com/explore/fighters/kevin-holland,75.0,81.0,Orthodox,16-12-0 (1 NC),29,"Orthodox 16-12-0 (1 NC) Kevin Holland “ Trailblazer ” Height 6' 3"" Reach 81"" UFC fights 29 View profile →",boutmetrics,boutmetrics,True,https://www.ufc.com/athlete/kevin-holland
Kevin Syler,https://boutmetrics.com/explore/fighters/kevin-syler,69.0,71.0,Switch,0-0-0,0,"Switch 0-0-0 Kevin Syler “ El Nino Bala ” Height 5' 9"" Reach 71"" UFC fights 0 View profile →",boutmetrics,boutmetrics,False,
Kevin Szaflarski,https://boutmetrics.com/explore/fighters/kevin-szaflarski,77.0,77.0,Orthodox,0-0-0,0,"Orthodox 0-0-0 Kevin Szaflarski Height 6' 5"" Reach 77"" UFC fights 0 View profile →",boutmetrics,boutmetrics,False,
Kevin Vallejos,https://boutmetrics.com/explore/fighters/kevin-vallejos,67.0,68.0,Switch,4-0-0,4,"Switch 4-0-0 Kevin Vallejos “ El Chino ” Height 5' 7"" Reach 68"" UFC fights 4 View profile →",boutmetrics,boutmetrics,False,
Khadzhi Bestaev,https://boutmetrics.com/explore/fighters/khadzhi-bestaev,78.0,76.0,Stance —,0-0-0,0,"Stance — 0-0-0 Khadzhi Bestaev “ Best ” Height 6' 6"" Reach 76"" UFC fights 0 View profile →",boutmetrics,boutmetrics,False,
Kleydson Rodrigues,https://boutmetrics.com/explore/fighters/kleydson-rodrigues,65.0,67.0,Orthodox,1-3-0,4,"Orthodox 1-3-0 Kleydson Rodrigues “ KR ” Height 5' 5"" Reach 67"" UFC fights 4 View profile →",boutmetrics,boutmetrics,False,
Kody Steele,https://boutmetrics.com/explore/fighters/kody-steele,69.0,71.0,Orthodox,1-1-0,2,"Orthodox 1-1-0 Kody Steele Height 5' 9"" Reach 71"" UFC fights 2 View profile →",boutmetrics,boutmetrics,True,https://www.ufc.com/athlete/kody-steele
Korey Kuppe,https://boutmetrics.com/explore/fighters/korey-kuppe,77.0,77.0,Switch,0-0-0,0,"Switch 0-0-0 Korey Kuppe Height 6' 5"" Reach 77"" UFC fights 0 View profile →",boutmetrics,boutmetrics,True,https://www.ufc.com/athlete/korey-kuppe
Kurt Holobaugh,https://boutmetrics.com/explore/fighters/kurt-holobaugh,71.0,70.0,Orthodox,2-7-0,9,"Orthodox 2-7-0 Kurt Holobaugh “ The Hurt ” Height 5' 11"" Reach 70"" UFC fights 9 View profile →",boutmetrics,boutmetrics,True,https://www.ufc.com/athlete/kurt-holobaugh
Kwon Won Il,https://boutmetrics.com/explore/fighters/kwon-won-il,,,Stance —,0-0-0,0,Stance — 0-0-0 Kwon Won Il “ Pretty Boy ” Height — Reach — UFC fights 0 View profile →,,,False,
Kyle Daukaus,https://boutmetrics.com/explore/fighters/kyle-daukaus,74.0,76.0,Southpaw,4-5-0 (1 NC),10,"Southpaw 4-5-0 (1 NC) Kyle Daukaus Height 6' 2"" Reach 76"" UFC fights 10 View profile →",boutmetrics,boutmetrics,True,https://www.ufc.com/athlete/kyle-daukaus
Kyle Driscoll,https://boutmetrics.com/explore/fighters/kyle-driscoll,71.0,74.0,Orthodox,0-0-0,0,"Orthodox 0-0-0 Kyle Driscoll “ KD ” Height 5' 11"" Reach 74"" UFC fights 0 View profile →",boutmetrics,boutmetrics,False,
Kyle Stewart,https://boutmetrics.com/explore/fighters/kyle-stewart,72.0,76.0,Orthodox,0-2-0,2,"Orthodox 0-2-0 Kyle Stewart “ Gunz Up ” Height 6' 0"" Reach 76"" UFC fights 2 View profile →",boutmetrics,boutmetrics,False,
Kyler Phillips,https://boutmetrics.com/explore/fighters/kyler-phillips,68.0,72.0,Orthodox,6-4-0,10,"Orthodox 6-4-0 Kyler Phillips “ The Matrix ” Height 5' 8"" Reach 72"" UFC fights 10 View profile →",boutmetrics,boutmetrics,True,https://www.ufc.com/athlete/kyler-phillips
Kyron Bowen,https://boutmetrics.com/explore/fighters/kyron-bowen,75.0,73.0,Orthodox,0-0-0,0,"Orthodox 0-0-0 Kyron Bowen “ Bullseye ” Height 6' 3"" Reach 73"" UFC fights 0 View profile →",boutmetrics,boutmetrics,True,https://www.ufc.com/athlete/kyron-bowen
Lance Lawrence,https://boutmetrics.com/explore/fighters/lance-lawrence,73.0,74.0,Orthodox,0-0-0,0,"Orthodox 0-0-0 Lance Lawrence Height 6' 1"" Reach 74"" UFC fights 0 View profile →",boutmetrics,boutmetrics,True,https://www.ufc.com/athlete/lance-lawrence
Lauren Mueller,https://boutmetrics.com/explore/fighters/lauren-mueller,65.0,67.0,Orthodox,1-3-0,4,"Orthodox 1-3-0 Lauren Mueller “ Princess Tiger ” Height 5' 5"" Reach 67"" UFC fights 4 View profile →",boutmetrics,boutmetrics,True,https://www.ufc.com/athlete/lauren-mueller
Lazar Stojadinovic,https://boutmetrics.com/explore/fighters/lazar-stojadinovic,67.0,68.0,Southpaw,0-0-0,0,"Southpaw 0-0-0 Lazar Stojadinovic “ The Bronx Bomber ” Height 5' 7"" Reach 68"" UFC fights 0 View profile →",boutmetrics,boutmetrics,False,
Leon Aliu,https://boutmetrics.com/explore/fighters/leon-aliu,72.0,74.0,Orthodox,0-0-0,0,"Orthodox 0-0-0 Leon Aliu “ The Albanian Lion ” Height 6' 0"" Reach 74"" UFC fights 0 View profile →",boutmetrics,boutmetrics,True,https://www.ufc.com/athlete/leon-aliu
Leonardo Damiani,https://boutmetrics.com/explore/fighters/leonardo-damiani,70.0,69.0,Orthodox,0-0-0,0,"Orthodox 0-0-0 Leonardo Damiani “ Puppy ” Height 5' 10"" Reach 69"" UFC fights 0 View profile →",boutmetrics,boutmetrics,True,https://www.ufc.com/athlete/leonardo-damiani
Lerryan Douglas,https://boutmetrics.com/explore/fighters/lerryan-douglas,69.0,72.0,Orthodox,1-1-0,2,"Orthodox 1-1-0 Lerryan Douglas “ Gunslinger ” Height 5' 9"" Reach 72"" UFC fights 2 View profile →",boutmetrics,boutmetrics,False,
Leslie Hernandez,https://boutmetrics.com/explore/fighters/leslie-hernandez,63.0,64.0,Orthodox,0-0-0,0,"Orthodox 0-0-0 Leslie Hernandez “ Dora The Destroyer ” Height 5' 3"" Reach 64"" UFC fights 0 View profile →",boutmetrics,boutmetrics,False,
Levi Rodrigues Jr.,https://boutmetrics.com/explore/fighters/levi-rodrigues,,,Stance —,0-0-0,0,Stance — 0-0-0 Levi Rodrigues “ Baby Monster ” Height — Reach — UFC fights 0 View profile →,,,False,
Liam Anderson,https://boutmetrics.com/explore/fighters/liam-anderson,75.0,75.0,Orthodox,0-0-0,0,"Orthodox 0-0-0 Liam Anderson Height 6' 3"" Reach 75"" UFC fights 0 View profile →",boutmetrics,boutmetrics,False,
Liam McCracken,https://boutmetrics.com/explore/fighters/liam-mccracken,,,Stance —,0-0-0,0,Stance — 0-0-0 Liam McCracken Height — Reach — UFC fights 0 View profile →,,,False,
Loai Abushaar,https://boutmetrics.com/explore/fighters/loai-abushaar,,,Stance —,0-0-0,0,Stance — 0-0-0 Loai Abushaar “ Savage Bull ” Height — Reach — UFC fights 0 View profile →,,,False,
Logan Paxton,https://boutmetrics.com/explore/fighters/logan-paxton,,,Stance —,0-0-0,0,Stance — 0-0-0 Logan Paxton “ Warverine ” Height — Reach — UFC fights 0 View profile →,,,False,
Logan Urban,https://boutmetrics.com/explore/fighters/logan-urban,72.0,72.0,Orthodox,0-0-0,0,"Orthodox 0-0-0 Logan Urban “ Hulk ” Height 6' 0"" Reach 72"" UFC fights 0 View profile →",boutmetrics,boutmetrics,True,https://www.ufc.com/athlete/logan-urban
Lone'er Kavanagh,https://boutmetrics.com/explore/fighters/lone-er-kavanagh,66.0,67.0,Orthodox,3-2-0,5,"Orthodox 3-2-0 Lone'er Kavanagh Height 5' 6"" Reach 67"" UFC fights 5 View profile →",boutmetrics,boutmetrics,True,https://www.ufc.com/athlete/loneer-kavanagh
Lorenzo Hood,https://boutmetrics.com/explore/fighters/lorenzo-hood,75.0,80.0,Southpaw,0-0-0,0,"Southpaw 0-0-0 Lorenzo Hood “ Dream Killer ” Height 6' 3"" Reach 80"" UFC fights 0 View profile →",boutmetrics,boutmetrics,True,https://www.ufc.com/athlete/lorenzo-hood
Louis Cosce,https://boutmetrics.com/explore/fighters/louis-cosce,69.0,71.0,Orthodox,0-2-0,2,"Orthodox 0-2-0 Louis Cosce Height 5' 9"" Reach 71"" UFC fights 2 View profile →",boutmetrics,boutmetrics,True,https://www.ufc.com/athlete/louis-cosce
Louis Lee Scott,https://boutmetrics.com/explore/fighters/louis-lee-scott,68.0,70.0,Orthodox,0-0-0,0,"Orthodox 0-0-0 Louis Lee Scott “ Lightning ” Height 5' 8"" Reach 70"" UFC fights 0 View profile →",boutmetrics,boutmetrics,False,
Luana Pinheiro,https://boutmetrics.com/explore/fighters/luana-pinheiro,62.0,62.0,Orthodox,3-4-0,7,"Orthodox 3-4-0 Luana Pinheiro Height 5' 2"" Reach 62"" UFC fights 7 View profile →",boutmetrics,boutmetrics,True,https://www.ufc.com/athlete/luana-pinheiro
Luca Borando,https://boutmetrics.com/explore/fighters/luca-borando,,,Stance —,0-0-0,0,Stance — 0-0-0 Luca Borando Height — Reach — UFC fights 0 View profile →,,,False,
Lucas Almeida,https://boutmetrics.com/explore/fighters/lucas-almeida,71.0,71.0,Orthodox,2-4-0,6,"Orthodox 2-4-0 Lucas Almeida Height 5' 11"" Reach 71"" UFC fights 6 View profile →",boutmetrics,boutmetrics,True,https://www.ufc.com/athlete/lucas-almeida
Lucas Camacho,https://boutmetrics.com/explore/fighters/lucas-camacho,76.0,80.0,Orthodox,0-0-0,0,"Orthodox 0-0-0 Lucas Camacho Height 6' 4"" Reach 80"" UFC fights 0 View profile →",boutmetrics,boutmetrics,False,
Lucas Fernando,https://boutmetrics.com/explore/fighters/lucas-fernando,75.0,80.0,Stance —,1-0-0,1,"Stance — 1-0-0 Lucas Fernando Height 6' 3"" Reach 80"" UFC fights 1 View profile →",boutmetrics,boutmetrics,True,https://www.ufc.com/athlete/lucas-fernando
Lucas Rocha,https://boutmetrics.com/explore/fighters/lucas-rocha,63.0,64.0,Orthodox,1-1-0,2,"Orthodox 1-1-0 Lucas Rocha “ Fenomeno ” Height 5' 3"" Reach 64"" UFC fights 2 View profile →",boutmetrics,boutmetrics,True,https://www.ufc.com/athlete/lucas-rocha
Lucasz Sudolski,https://boutmetrics.com/explore/fighters/lucasz-sudolski,76.0,75.0,Orthodox,0-0-0,0,"Orthodox 0-0-0 Lucasz Sudolski Height 6' 4"" Reach 75"" UFC fights 0 View profile →",boutmetrics,boutmetrics,True,https://www.ufc.com/athlete/lukasz-sudolski
Luis Gomez,https://boutmetrics.com/explore/fighters/luis-gomez,67.0,68.0,Orthodox,0-0-0,0,"Orthodox 0-0-0 Luis Gomez “ Tiger Junior ” Height 5' 7"" Reach 68"" UFC fights 0 View profile →",boutmetrics,boutmetrics,False,
Luis Gurule,https://boutmetrics.com/explore/fighters/luis-gurule,65.0,64.0,Orthodox,1-4-0,5,"Orthodox 1-4-0 Luis Gurule “ Grim ” Height 5' 5"" Reach 64"" UFC fights 5 View profile →",boutmetrics,boutmetrics,False,
Luis Hernandez,https://boutmetrics.com/explore/fighters/luis-hernandez,,,Stance —,1-0-0,1,Stance — 1-0-0 Luis Hernandez “ The Stache ” Height — Reach — UFC fights 1 View profile →,,,False,
Lukasz Brzeski,https://boutmetrics.com/explore/fighters/lukasz-brzeski,75.0,78.0,Orthodox,1-6-0,7,"Orthodox 1-6-0 Lukasz Brzeski “ The Bull ” Height 6' 3"" Reach 78"" UFC fights 7 View profile →",boutmetrics,boutmetrics,False,
Luke Flores,https://boutmetrics.com/explore/fighters/luke-flores,72.0,73.0,Southpaw,0-0-0,0,"Southpaw 0-0-0 Luke Flores Height 6' 0"" Reach 73"" UFC fights 0 View profile →",boutmetrics,boutmetrics,False,
Magomed Gadzhiyasulov,https://boutmetrics.com/explore/fighters/magomed-gadzhiyasulov,74.0,75.0,Orthodox,1-1-0,2,"Orthodox 1-1-0 Magomed Gadzhiyasulov Height 6' 2"" Reach 75"" UFC fights 2 View profile →",boutmetrics,boutmetrics,True,https://www.ufc.com/athlete/magomed-gadzhiyasulov
Mahamed Aly,https://boutmetrics.com/explore/fighters/mahamed-aly,74.0,78.0,Orthodox,0-0-0,0,"Orthodox 0-0-0 Mahamed Aly Height 6' 2"" Reach 78"" UFC fights 0 View profile →",boutmetrics,boutmetrics,False,
Maheshate,https://boutmetrics.com/explore/fighters/maheshate,72.0,71.0,Orthodox,2-4-0,6,"Orthodox 2-4-0 Maheshate Height 6' 0"" Reach 71"" UFC fights 6 View profile →",boutmetrics,boutmetrics,False,
Maki Pitolo,https://boutmetrics.com/explore/fighters/maki-pitolo,70.0,75.0,Orthodox,1-5-0,6,"Orthodox 1-5-0 Maki Pitolo “ Coconut Bombz ” Height 5' 10"" Reach 75"" UFC fights 6 View profile →",boutmetrics,boutmetrics,True,https://www.ufc.com/athlete/maki-pitolo
Malcolm Wellmaker,https://boutmetrics.com/explore/fighters/malcolm-wellmaker,70.0,71.0,Switch,2-2-0,4,"Switch 2-2-0 Malcolm Wellmaker “ The Machine ” Height 5' 10"" Reach 71"" UFC fights 4 View profile →",boutmetrics,boutmetrics,False,
Malik Lewis,https://boutmetrics.com/explore/fighters/malik-lewis,72.0,75.0,Orthodox,0-0-0,0,"Orthodox 0-0-0 Malik Lewis “ Hard Knock ” Height 6' 0"" Reach 75"" UFC fights 0 View profile →",boutmetrics,boutmetrics,True,https://www.ufc.com/athlete/malik-lewis
Mana Martinez,https://boutmetrics.com/explore/fighters/mana-martinez,70.0,70.0,Orthodox,2-2-0,4,"Orthodox 2-2-0 Mana Martinez “ ManaBoi ” Height 5' 10"" Reach 70"" UFC fights 4 View profile →",boutmetrics,boutmetrics,True,https://www.ufc.com/athlete/mana-martinez
Mandel Nallo,https://boutmetrics.com/explore/fighters/mandel-nallo,72.0,75.0,Orthodox,0-1-0,1,"Orthodox 0-1-0 Mandel Nallo “ Mango ” Height 6' 0"" Reach 75"" UFC fights 1 View profile →",boutmetrics,boutmetrics,True,https://www.ufc.com/athlete/mandel-nallo
Mando Gutierrez,https://boutmetrics.com/explore/fighters/mando-gutierrez,66.0,70.0,Southpaw,0-0-0,0,"Southpaw 0-0-0 Mando Gutierrez “ El Toro ” Height 5' 6"" Reach 70"" UFC fights 0 View profile →",boutmetrics,boutmetrics,True,https://www.ufc.com/athlete/mando-gutierrez
Manny Vazquez,https://boutmetrics.com/explore/fighters/manny-vazquez,70.0,72.0,Orthodox,0-0-0,0,"Orthodox 0-0-0 Manny Vazquez Height 5' 10"" Reach 72"" UFC fights 0 View profile →",boutmetrics,boutmetrics,True,https://www.ufc.com/athlete/manny-vazquez
Manoel Sousa,https://boutmetrics.com/explore/fighters/manoel-sousa,69.0,70.0,Orthodox,2-0-0,2,"Orthodox 2-0-0 Manoel Sousa “ Manumito ” Height 5' 9"" Reach 70"" UFC fights 2 View profile →",boutmetrics,boutmetrics,True,https://www.ufc.com/athlete/manoel-sousa
Mansur Abdul-Malik,https://boutmetrics.com/explore/fighters/mansur-abdul-malik,74.0,80.0,Orthodox,3-2-1,6,"Orthodox 3-2-1 Mansur Abdul-Malik Height 6' 2"" Reach 80"" UFC fights 6 View profile →",boutmetrics,boutmetrics,True,https://www.ufc.com/athlete/mansur-abdul-malik
Manuel Exposito,https://boutmetrics.com/explore/fighters/manuel-exposito,67.0,68.0,Orthodox,0-0-0,0,"Orthodox 0-0-0 Manuel Exposito Height 5' 7"" Reach 68"" UFC fights 0 View profile →",boutmetrics,boutmetrics,False,
Marcio Barbosa,https://boutmetrics.com/explore/fighters/marcio-barbosa,66.0,70.0,Orthodox,2-0-0,2,"Orthodox 2-0-0 Marcio Barbosa “ Ticoto ” Height 5' 6"" Reach 70"" UFC fights 2 View profile →",boutmetrics,boutmetrics,True,https://www.ufc.com/athlete/marcio-barbosa
Marco Tulio,https://boutmetrics.com/explore/fighters/marco-tulio,72.0,74.0,Orthodox,2-2-0,4,"Orthodox 2-2-0 Marco Tulio “ Matuto ” Height 6' 0"" Reach 74"" UFC fights 4 View profile →",boutmetrics,boutmetrics,True,https://www.ufc.com/athlete/marco-tulio
Marcos Degli,https://boutmetrics.com/explore/fighters/marcos-degli,,,Stance —,0-0-0,0,Stance — 0-0-0 Marcos Degli “ Tailandes ” Height — Reach — UFC fights 0 View profile →,,,False,
Maria Silva,https://boutmetrics.com/explore/fighters/maria-silva,63.0,64.0,Orthodox,0-0-0,0,"Orthodox 0-0-0 Maria Silva “ Viuva Negra ” Height 5' 3"" Reach 64"" UFC fights 0 View profile →",boutmetrics,boutmetrics,False,
Mario Mingaj,https://boutmetrics.com/explore/fighters/mario-mingaj,,,Stance —,0-0-0,0,Stance — 0-0-0 Mario Mingaj Height — Reach — UFC fights 0 View profile →,,,False,
Mario Piazzon,https://boutmetrics.com/explore/fighters/mario-piazzon,69.0,73.0,Orthodox,0-0-0,0,"Orthodox 0-0-0 Mario Piazzon “ The Shark ” Height 5' 9"" Reach 73"" UFC fights 0 View profile →",boutmetrics,boutmetrics,False,
Mario Pinto,https://boutmetrics.com/explore/fighters/mario-pinto,77.0,79.0,Orthodox,4-0-0,4,"Orthodox 4-0-0 Mario Pinto Height 6' 5"" Reach 79"" UFC fights 4 View profile →",boutmetrics,boutmetrics,True,https://www.ufc.com/athlete/mario-pinto
Mario Sousa,https://boutmetrics.com/explore/fighters/mario-sousa,75.0,79.0,Orthodox,0-0-0,0,"Orthodox 0-0-0 Mario Sousa “ Coracao Valente ” Height 6' 3"" Reach 79"" UFC fights 0 View profile →",boutmetrics,boutmetrics,False,
Mariusz Ksiazkiewicz,https://boutmetrics.com/explore/fighters/mariusz-ksiazkiewicz,75.0,75.0,Southpaw,0-0-0,0,"Southpaw 0-0-0 Mariusz Ksiazkiewicz “ The Iron Pol ” Height 6' 3"" Reach 75"" UFC fights 0 View profile →",boutmetrics,boutmetrics,True,https://www.ufc.com/athlete/mariusz-ksiazkiewicz
Mariya Agapova,https://boutmetrics.com/explore/fighters/mariya-agapova,66.0,68.0,Southpaw,2-4-0,6,"Southpaw 2-4-0 Mariya Agapova “ Money Mashka ” Height 5' 6"" Reach 68"" UFC fights 6 View profile →",boutmetrics,boutmetrics,True,https://www.ufc.com/athlete/mariya-agapova
Mark Cherico,https://boutmetrics.com/explore/fighters/mark-cherico,67.0,69.0,Orthodox,0-0-0,0,"Orthodox 0-0-0 Mark Cherico “ The Pride of Bloomfield ” Height 5' 7"" Reach 69"" UFC fights 0 View profile →",boutmetrics,boutmetrics,False,
Marnic Mann,https://boutmetrics.com/explore/fighters/marnic-mann,60.0,64.0,Southpaw,0-2-0,2,"Southpaw 0-2-0 Marnic Mann “ The Sawed-Off Savage ” Height 5' 0"" Reach 64"" UFC fights 2 View profile →",boutmetrics,boutmetrics,True,https://www.ufc.com/athlete/marnic-mann
MarQuel Mederos,https://boutmetrics.com/explore/fighters/marquel-mederos,70.0,69.0,Orthodox,4-0-1,5,"Orthodox 4-0-1 MarQuel Mederos Height 5' 10"" Reach 69"" UFC fights 5 View profile →",boutmetrics,boutmetrics,True,https://www.ufc.com/athlete/marquel-mederos
Martin Buday,https://boutmetrics.com/explore/fighters/martin-buday,76.0,77.0,Orthodox,7-1-0,8,"Orthodox 7-1-0 Martin Buday “ Badys ” Height 6' 4"" Reach 77"" UFC fights 8 View profile →",boutmetrics,boutmetrics,False,
Martin Day,https://boutmetrics.com/explore/fighters/martin-day,70.0,73.0,Orthodox,0-4-0,4,"Orthodox 0-4-0 Martin Day “ The Spartan ” Height 5' 10"" Reach 73"" UFC fights 4 View profile →",boutmetrics,boutmetrics,True,https://www.ufc.com/athlete/martin-day
Martin Kozak,https://boutmetrics.com/explore/fighters/martin-kozak,,,Stance —,0-0-0,0,Stance — 0-0-0 Martin Kozak “ CEO ” Height — Reach — UFC fights 0 View profile →,,,False,
Marwan Rahiki,https://boutmetrics.com/explore/fighters/marwan-rahiki,68.0,72.0,Stance —,2-1-0,3,Stance — 2-1-0 Marwan Rahiki “ Freaky ” Height — Reach — UFC fights 3 View profile →,ufc.com_verified_static_fill,ufc.com_verified_static_fill,True,https://www.ufc.com/athlete/marwan-rahiki
Matej Penaz,https://boutmetrics.com/explore/fighters/matej-penaz,75.0,83.0,Southpaw,0-0-0,0,"Southpaw 0-0-0 Matej Penaz “ Money ” Height 6' 3"" Reach 83"" UFC fights 0 View profile →",boutmetrics,boutmetrics,False,
Mateo Vogel,https://boutmetrics.com/explore/fighters/mateo-vogel,68.0,71.0,Orthodox,0-0-0,0,"Orthodox 0-0-0 Mateo Vogel “ Carrapato ” Height 5' 8"" Reach 71"" UFC fights 0 View profile →",boutmetrics,boutmetrics,False,
Mateusz Rebecki,https://boutmetrics.com/explore/fighters/mateusz-rebecki,67.0,66.0,Southpaw,5-4-0,9,"Southpaw 5-4-0 Mateusz Rebecki Height 5' 7"" Reach 66"" UFC fights 9 View profile →",boutmetrics,boutmetrics,False,
Matheus Scheffel,https://boutmetrics.com/explore/fighters/matheus-scheffel,74.0,75.0,Orthodox,0-0-0,0,"Orthodox 0-0-0 Matheus Scheffel “ Buffa ” Height 6' 2"" Reach 75"" UFC fights 0 View profile →",boutmetrics,boutmetrics,True,https://www.ufc.com/athlete/matheus-scheffel
Matt Adams,https://boutmetrics.com/explore/fighters/matt-adams,,,Stance —,0-0-0,0,Stance — 0-0-0 Matt Adams “ Bad ” Height — Reach — UFC fights 0 View profile →,,,False,
Matt Bessette,https://boutmetrics.com/explore/fighters/matt-bessette,70.0,70.0,Orthodox,0-2-0,2,"Orthodox 0-2-0 Matt Bessette “ The Mangler ” Height 5' 10"" Reach 70"" UFC fights 2 View profile →",boutmetrics,boutmetrics,False,
Matt Dixon,https://boutmetrics.com/explore/fighters/matt-dixon,70.0,75.0,Switch,0-0-0,0,"Switch 0-0-0 Matt Dixon “ Magic ” Height 5' 10"" Reach 75"" UFC fights 0 View profile →",boutmetrics,boutmetrics,True,https://www.ufc.com/athlete/matt-dixon
Matt Frevola,https://boutmetrics.com/explore/fighters/matt-frevola,69.0,71.0,Orthodox,5-6-1,12,"Orthodox 5-6-1 Matt Frevola “ The SteamRolla ” Height 5' 9"" Reach 71"" UFC fights 12 View profile →",boutmetrics,boutmetrics,True,https://www.ufc.com/athlete/matt-frevola
Matt Sayles,https://boutmetrics.com/explore/fighters/matt-sayles,67.0,68.0,Orthodox,1-3-0,4,"Orthodox 1-3-0 Matt Sayles Height 5' 7"" Reach 68"" UFC fights 4 View profile →",boutmetrics,boutmetrics,False,
Matthieu Duclos,https://boutmetrics.com/explore/fighters/matthieu-duclos,75.0,77.0,Orthodox,1-0-0,1,"Orthodox 1-0-0 Matthieu Duclos Height 6' 3"" Reach 77"" UFC fights 1 View profile →",boutmetrics,boutmetrics,True,https://www.ufc.com/athlete/matthieu-letho-duclos
Maurice Mitchell,https://boutmetrics.com/explore/fighters/maurice-mitchell,69.0,,Orthodox,0-0-0,0,"Orthodox 0-0-0 Maurice Mitchell “ The AK Kid ” Height 5' 9"" Reach — UFC fights 0 View profile →",boutmetrics,,True,https://www.ufc.com/athlete/maurice-mitchell
Mauricio Ruffy,https://boutmetrics.com/explore/fighters/mauricio-ruffy,71.0,75.0,Orthodox,5-2-0,7,"Orthodox 5-2-0 Mauricio Ruffy Height 5' 11"" Reach 75"" UFC fights 7 View profile →",boutmetrics,boutmetrics,True,https://www.ufc.com/athlete/mauricio-ruffy
Max Mustaki,https://boutmetrics.com/explore/fighters/max-mustaki,72.0,,Orthodox,0-0-0,0,"Orthodox 0-0-0 Max Mustaki Height 6' 0"" Reach — UFC fights 0 View profile →",boutmetrics,,True,https://www.ufc.com/athlete/max-mustaki
Maycee Barber,https://boutmetrics.com/explore/fighters/maycee-barber,65.0,65.0,Switch,10-3-0,13,"Switch 10-3-0 Maycee Barber “ The Future ” Height 5' 5"" Reach 65"" UFC fights 13 View profile →",boutmetrics,boutmetrics,True,https://www.ufc.com/athlete/maycee-barber
Mayton Perea,https://boutmetrics.com/explore/fighters/mayton-perea,,,Stance —,0-0-0,0,Stance — 0-0-0 Mayton Perea “ The Lion ” Height — Reach — UFC fights 0 View profile →,,,False,
Melsik Baghdasaryan,https://boutmetrics.com/explore/fighters/melsik-baghdasaryan,69.0,70.0,Southpaw,3-3-0,6,"Southpaw 3-3-0 Melsik Baghdasaryan “ The Gun ” Height 5' 9"" Reach 70"" UFC fights 6 View profile →",boutmetrics,boutmetrics,True,https://www.ufc.com/athlete/melsik-baghdasaryan
Michael Aswell Jr.,https://boutmetrics.com/explore/fighters/michael-aswell,68.0,69.0,Orthodox,0-0-0,0,"Orthodox 0-0-0 Michael Aswell “ The Texas Kid ” Height 5' 8"" Reach 69"" UFC fights 0 View profile →",boutmetrics,boutmetrics,True,https://www.ufc.com/athlete/michael-aswell-jr
Michael Cora,https://boutmetrics.com/explore/fighters/michael-cora,73.0,77.0,Southpaw,0-0-0,0,"Southpaw 0-0-0 Michael Cora “ Kookie Monster ” Height 6' 1"" Reach 77"" UFC fights 0 View profile →",boutmetrics,boutmetrics,True,https://www.ufc.com/athlete/michael-cora
Michael Imperato,https://boutmetrics.com/explore/fighters/michael-imperato,67.0,66.0,Switch,0-0-0,0,"Switch 0-0-0 Michael Imperato Height 5' 7"" Reach 66"" UFC fights 0 View profile →",boutmetrics,boutmetrics,False,
Michael Lombardo,https://boutmetrics.com/explore/fighters/michael-lombardo,72.0,72.0,Orthodox,0-0-0,0,"Orthodox 0-0-0 Michael Lombardo “ The Don ” Height 6' 0"" Reach 72"" UFC fights 0 View profile →",boutmetrics,boutmetrics,True,https://www.ufc.com/athlete/michael-lombardo
Michael Morales,https://boutmetrics.com/explore/fighters/michael-morales,72.0,79.0,Orthodox,7-0-0,7,"Orthodox 7-0-0 Michael Morales Height 6' 0"" Reach 79"" UFC fights 7 View profile →",boutmetrics,boutmetrics,False,
Michael Oliveira,https://boutmetrics.com/explore/fighters/michael-oliveira,,,Stance —,1-0-0,1,Stance — 1-0-0 Michael Oliveira “ PQD ” Height — Reach — UFC fights 1 View profile →,,,False,
Michal Martinek,https://boutmetrics.com/explore/fighters/michal-martinek,74.0,,Southpaw,0-0-0,0,"Southpaw 0-0-0 Michal Martinek Height 6' 2"" Reach — UFC fights 0 View profile →",boutmetrics,,True,https://www.ufc.com/athlete/michal-martinek
Mick Parkin,https://boutmetrics.com/explore/fighters/mick-parkin,76.0,79.0,Orthodox,4-2-0,6,"Orthodox 4-2-0 Mick Parkin Height 6' 4"" Reach 79"" UFC fights 6 View profile →",boutmetrics,boutmetrics,False,
Miguel Baeza,https://boutmetrics.com/explore/fighters/miguel-baeza,74.0,74.0,Orthodox,3-4-0,7,"Orthodox 3-4-0 Miguel Baeza “ Caramel Thunder ” Height 6' 2"" Reach 74"" UFC fights 7 View profile →",boutmetrics,boutmetrics,True,https://www.ufc.com/athlete/miguel-baeza
Mike Breeden,https://boutmetrics.com/explore/fighters/mike-breeden,70.0,70.0,Orthodox,1-3-0,4,"Orthodox 1-3-0 Mike Breeden “ Money ” Height 5' 10"" Reach 70"" UFC fights 4 View profile →",boutmetrics,boutmetrics,False,
Mike Davis,https://boutmetrics.com/explore/fighters/mike-davis,72.0,72.0,Orthodox,5-3-0,8,"Orthodox 5-3-0 Mike Davis “ Beast Boy ” Height 6' 0"" Reach 72"" UFC fights 8 View profile →",boutmetrics,boutmetrics,True,https://www.ufc.com/athlete/mike-davis
Mike Malott,https://boutmetrics.com/explore/fighters/mike-malott,73.0,73.0,Orthodox,7-1-0,8,"Orthodox 7-1-0 Mike Malott “ Proper ” Height 6' 1"" Reach 73"" UFC fights 8 View profile →",boutmetrics,boutmetrics,False,
Mike Santiago,https://boutmetrics.com/explore/fighters/mike-santiago,70.0,69.0,Orthodox,0-3-0,3,"Orthodox 0-3-0 Mike Santiago Height 5' 10"" Reach 69"" UFC fights 3 View profile →",boutmetrics,boutmetrics,False,
Mikey Gonzalez,https://boutmetrics.com/explore/fighters/mikey-gonzalez,71.0,74.0,Orthodox,0-0-0,0,"Orthodox 0-0-0 Mikey Gonzalez “ Rolls ” Height 5' 11"" Reach 74"" UFC fights 0 View profile →",boutmetrics,boutmetrics,False,
Mikheil Sazhiniani,https://boutmetrics.com/explore/fighters/mikheil-sazhiniani,72.0,71.0,Orthodox,0-0-0,0,"Orthodox 0-0-0 Mikheil Sazhiniani “ Spartan ” Height 6' 0"" Reach 71"" UFC fights 0 View profile →",boutmetrics,boutmetrics,False,
Miles Johns,https://boutmetrics.com/explore/fighters/miles-johns,67.0,68.0,Orthodox,7-5-0 (1 NC),13,"Orthodox 7-5-0 (1 NC) Miles Johns “ Chapo ” Height 5' 7"" Reach 68"" UFC fights 13 View profile →",boutmetrics,boutmetrics,False,
Mitch Ramirez,https://boutmetrics.com/explore/fighters/mitch-ramirez,71.0,71.0,Orthodox,0-3-0,3,"Orthodox 0-3-0 Mitch Ramirez Height 5' 11"" Reach 71"" UFC fights 3 View profile →",boutmetrics,boutmetrics,True,https://www.ufc.com/athlete/mitch-ramirez
Mitch Raposo,https://boutmetrics.com/explore/fighters/mitch-raposo,65.0,64.0,Switch,2-2-0,4,"Switch 2-2-0 Mitch Raposo Height 5' 5"" Reach 64"" UFC fights 4 View profile →",boutmetrics,boutmetrics,True,https://www.ufc.com/athlete/mitch-raposo
Mitchell Sipe,https://boutmetrics.com/explore/fighters/mitchell-sipe,74.0,,Orthodox,0-0-0,0,"Orthodox 0-0-0 Mitchell Sipe “ No Dice ” Height 6' 2"" Reach — UFC fights 0 View profile →",boutmetrics,,True,https://www.ufc.com/athlete/mitchell-sipe
Mo Miller,https://boutmetrics.com/explore/fighters/mo-miller,68.0,72.0,Orthodox,0-0-0,0,"Orthodox 0-0-0 Mo Miller “ Moshow ” Height 5' 8"" Reach 72"" UFC fights 0 View profile →",boutmetrics,boutmetrics,True,https://www.ufc.com/athlete/mo-miller
Modestino Rodrigues,https://boutmetrics.com/explore/fighters/modestino-rodrigues,,,Stance —,0-0-0,0,Stance — 0-0-0 Modestino Rodrigues Height — Reach — UFC fights 0 View profile →,,,False,
Mohamed Ado,https://boutmetrics.com/explore/fighters/mohamed-ado,71.0,76.0,Switch,0-0-0,0,"Switch 0-0-0 Mohamed Ado Height 5' 11"" Reach 76"" UFC fights 0 View profile →",boutmetrics,boutmetrics,False,
Montel Jackson,https://boutmetrics.com/explore/fighters/montel-jackson,70.0,75.0,Southpaw,10-4-0,14,"Southpaw 10-4-0 Montel Jackson “ Quik ” Height 5' 10"" Reach 75"" UFC fights 14 View profile →",boutmetrics,boutmetrics,True,https://www.ufc.com/athlete/montel-jackson
Mridul Saikia,https://boutmetrics.com/explore/fighters/mridul-saikia,67.0,68.0,Orthodox,0-0-0,0,"Orthodox 0-0-0 Mridul Saikia “ Crusher ” Height 5' 7"" Reach 68"" UFC fights 0 View profile →",boutmetrics,boutmetrics,False,
Muhammad Naimov,https://boutmetrics.com/explore/fighters/muhammad-naimov,69.0,70.0,Orthodox,5-3-0,8,"Orthodox 5-3-0 Muhammad Naimov “ Hillman ” Height 5' 9"" Reach 70"" UFC fights 8 View profile →",boutmetrics,boutmetrics,False,
Muin Gafurov,https://boutmetrics.com/explore/fighters/muin-gafurov,67.0,68.0,Orthodox,2-3-0,5,"Orthodox 2-3-0 Muin Gafurov “ Tajik ” Height 5' 7"" Reach 68"" UFC fights 5 View profile →",boutmetrics,boutmetrics,True,https://www.ufc.com/athlete/muin-gafurov
Murtaza Talha,https://boutmetrics.com/explore/fighters/murtaza-talha,72.0,74.0,Orthodox,0-0-0,0,"Orthodox 0-0-0 Murtaza Talha Height 6' 0"" Reach 74"" UFC fights 0 View profile →",boutmetrics,boutmetrics,True,https://www.ufc.com/athlete/murtaza-talha
Namo Fazil,https://boutmetrics.com/explore/fighters/namo-fazil,,,Stance —,0-0-0,0,Stance — 0-0-0 Namo Fazil “ The Grandson of Saladin ” Height — Reach — UFC fights 0 View profile →,,,False,
Nariman Abbasov,https://boutmetrics.com/explore/fighters/nariman-abbasov,68.0,66.0,Orthodox,0-0-0,0,"Orthodox 0-0-0 Nariman Abbasov “ Bayraktar ” Height 5' 8"" Reach 66"" UFC fights 0 View profile →",boutmetrics,boutmetrics,True,https://www.ufc.com/athlete/nariman-abbassov
Nasrudin Nasrudinov,https://boutmetrics.com/explore/fighters/nasrudin-nasrudinov,72.0,71.0,Orthodox,0-0-0,0,"Orthodox 0-0-0 Nasrudin Nasrudinov Height 6' 0"" Reach 71"" UFC fights 0 View profile →",boutmetrics,boutmetrics,True,https://www.ufc.com/athlete/nasrudin-nasrudinov
Natan Levy,https://boutmetrics.com/explore/fighters/natan-levy,69.0,71.0,Southpaw,2-2-0,4,"Southpaw 2-2-0 Natan Levy “ Lethal ” Height 5' 9"" Reach 71"" UFC fights 4 View profile →",boutmetrics,boutmetrics,True,https://www.ufc.com/athlete/natan-levy
Nate Smith,https://boutmetrics.com/explore/fighters/nate-smith,66.0,69.0,Switch,0-0-0,0,"Switch 0-0-0 Nate Smith “ The Savage ” Height 5' 6"" Reach 69"" UFC fights 0 View profile →",boutmetrics,boutmetrics,False,
Navajo Stirling,https://boutmetrics.com/explore/fighters/navajo-stirling,76.0,79.0,Orthodox,6-0-0,6,"Orthodox 6-0-0 Navajo Stirling Height 6' 4"" Reach 79"" UFC fights 6 View profile →",boutmetrics,boutmetrics,True,https://www.ufc.com/athlete/navajo-stirling
Nayara Maia,https://boutmetrics.com/explore/fighters/nayara-maia,65.0,66.0,Orthodox,0-0-0,0,"Orthodox 0-0-0 Nayara Maia “ Capita ” Height 5' 5"" Reach 66"" UFC fights 0 View profile →",boutmetrics,boutmetrics,True,https://www.ufc.com/athlete/nayara-maia
Nazim Sadykhov,https://boutmetrics.com/explore/fighters/nazim-sadykhov,70.0,69.0,Southpaw,4-2-1,7,"Southpaw 4-2-1 Nazim Sadykhov “ Black Wolf ” Height 5' 10"" Reach 69"" UFC fights 7 View profile →",boutmetrics,boutmetrics,False,
Neemias Santana,https://boutmetrics.com/explore/fighters/neemias-santana,74.0,76.0,Orthodox,0-0-0,0,"Orthodox 0-0-0 Neemias Santana Height 6' 2"" Reach 76"" UFC fights 0 View profile →",boutmetrics,boutmetrics,False,
Nick Klein,https://boutmetrics.com/explore/fighters/nick-klein,73.0,77.0,Orthodox,0-2-0,2,"Orthodox 0-2-0 Nick Klein “ Blue Collar ” Height 6' 1"" Reach 77"" UFC fights 2 View profile →",boutmetrics,boutmetrics,True,https://www.ufc.com/athlete/nick-klein
Nick Maximov,https://boutmetrics.com/explore/fighters/nick-maximov,72.0,76.0,Southpaw,2-2-0,4,"Southpaw 2-2-0 Nick Maximov Height 6' 0"" Reach 76"" UFC fights 4 View profile →",boutmetrics,boutmetrics,True,https://www.ufc.com/athlete/nick-maximov
Nick Newell,https://boutmetrics.com/explore/fighters/nick-newell,70.0,,Southpaw,0-0-0,0,"Southpaw 0-0-0 Nick Newell “ Notorious ” Height 5' 10"" Reach — UFC fights 0 View profile →",boutmetrics,,True,https://www.ufc.com/athlete/nick-newell
Nick Piccininni,https://boutmetrics.com/explore/fighters/nick-piccininni,66.0,66.0,Orthodox,0-0-0,0,"Orthodox 0-0-0 Nick Piccininni Height 5' 6"" Reach 66"" UFC fights 0 View profile →",boutmetrics,boutmetrics,False,
Nick Urso,https://boutmetrics.com/explore/fighters/nick-urso,66.0,66.0,Southpaw,0-0-0,0,"Southpaw 0-0-0 Nick Urso Height 5' 6"" Reach 66"" UFC fights 0 View profile →",boutmetrics,boutmetrics,False,
Nicolle Caliari,https://boutmetrics.com/explore/fighters/nicolle-caliari,63.0,62.0,Orthodox,1-2-0,3,"Orthodox 1-2-0 Nicolle Caliari Height 5' 3"" Reach 62"" UFC fights 3 View profile →",boutmetrics,boutmetrics,True,https://www.ufc.com/athlete/nicolle-caliari
Nikolas Motta,https://boutmetrics.com/explore/fighters/nikolas-motta,69.0,70.0,Orthodox,3-3-0 (1 NC),7,"Orthodox 3-3-0 (1 NC) Nikolas Motta “ Iron ” Height 5' 9"" Reach 70"" UFC fights 7 View profile →",boutmetrics,boutmetrics,True,https://www.ufc.com/athlete/nikolas-motta
Nikolay Veretennikov,https://boutmetrics.com/explore/fighters/nikolay-veretennikov,73.0,74.0,Orthodox,2-4-0,6,"Orthodox 2-4-0 Nikolay Veretennikov “ Gladiator ” Height 6' 1"" Reach 74"" UFC fights 6 View profile →",boutmetrics,boutmetrics,True,https://www.ufc.com/athlete/nikolay-veretennikov
Norbert Novenyi Jr.,https://boutmetrics.com/explore/fighters/norbert-novenyi,,,Stance —,0-0-0,0,Stance — 0-0-0 Norbert Novenyi “ Magic ” Height — Reach — UFC fights 0 View profile →,,,False,
Nurullo Aliev,https://boutmetrics.com/explore/fighters/nurullo-aliev,70.0,72.0,Orthodox,4-0-0,4,"Orthodox 4-0-0 Nurullo Aliev “ Tajik Eagle ” Height 5' 10"" Reach 72"" UFC fights 4 View profile →",boutmetrics,boutmetrics,True,https://www.ufc.com/athlete/nurullo-aliev
Ode Osbourne,https://boutmetrics.com/explore/fighters/ode-osbourne,67.0,73.0,Southpaw,5-8-0,13,"Southpaw 5-8-0 Ode Osbourne “ The Jamaican Sensation ” Height 5' 7"" Reach 73"" UFC fights 13 View profile →",boutmetrics,boutmetrics,True,https://www.ufc.com/athlete/ode-osbourne
Orion Cosce,https://boutmetrics.com/explore/fighters/orion-cosce,71.0,71.0,Switch,1-2-0,3,"Switch 1-2-0 Orion Cosce “ Galaxy ” Height 5' 11"" Reach 71"" UFC fights 3 View profile →",boutmetrics,boutmetrics,False,
Oscar Cota,https://boutmetrics.com/explore/fighters/oscar-cota,72.0,72.0,Orthodox,0-0-0,0,"Orthodox 0-0-0 Oscar Cota “ Elevation ” Height 6' 0"" Reach 72"" UFC fights 0 View profile →",boutmetrics,boutmetrics,True,https://www.ufc.com/athlete/oscar-cota
Oscar Ravello,https://boutmetrics.com/explore/fighters/oscar-ravello,,,Stance —,0-0-0,0,Stance — 0-0-0 Oscar Ravello “ The Punisher ” Height — Reach — UFC fights 0 View profile →,,,False,
Otari Tanzilovi,https://boutmetrics.com/explore/fighters/otari-tanzilovi,70.0,70.0,Orthodox,0-1-0,1,"Orthodox 0-1-0 Otari Tanzilovi Height 5' 10"" Reach 70"" UFC fights 1 View profile →",boutmetrics,boutmetrics,True,https://www.ufc.com/athlete/otari-tanzilovi
Ozzy Diaz,https://boutmetrics.com/explore/fighters/ozzy-diaz,76.0,79.0,Orthodox,1-3-0,4,"Orthodox 1-3-0 Ozzy Diaz Height 6' 4"" Reach 79"" UFC fights 4 View profile →",boutmetrics,boutmetrics,True,https://www.ufc.com/athlete/ozzy-diaz
Paris Moran,https://boutmetrics.com/explore/fighters/paris-moran,,,Stance —,0-0-0,0,Stance — 0-0-0 Paris Moran Height — Reach — UFC fights 0 View profile →,,,False,
Pat Pytlik,https://boutmetrics.com/explore/fighters/pat-pytlik,72.0,73.0,Orthodox,0-0-0,0,"Orthodox 0-0-0 Pat Pytlik Height 6' 0"" Reach 73"" UFC fights 0 View profile →",boutmetrics,boutmetrics,False,
Patricia Alujas,https://boutmetrics.com/explore/fighters/patricia-alujas,64.0,64.0,Orthodox,0-0-0,0,"Orthodox 0-0-0 Patricia Alujas “ The Angel ” Height 5' 4"" Reach 64"" UFC fights 0 View profile →",boutmetrics,boutmetrics,False,
Patrick Rivera,https://boutmetrics.com/explore/fighters/patrick-rivera,,,Stance —,0-0-0,0,Stance — 0-0-0 Patrick Rivera “ Yah's Rebel ” Height — Reach — UFC fights 0 View profile →,,,False,
Patrik White,https://boutmetrics.com/explore/fighters/patrik-white,72.0,72.0,Orthodox,0-0-0,0,"Orthodox 0-0-0 Patrik White “ Primetime ” Height 6' 0"" Reach 72"" UFC fights 0 View profile →",boutmetrics,boutmetrics,True,https://www.ufc.com/athlete/patrik-white
Pauline Macias,https://boutmetrics.com/explore/fighters/pauline-macias,64.0,64.0,Southpaw,0-0-0,0,"Southpaw 0-0-0 Pauline Macias “ PITA ” Height 5' 4"" Reach 64"" UFC fights 0 View profile →",boutmetrics,boutmetrics,False,
Payton Talbott,https://boutmetrics.com/explore/fighters/payton-talbott,70.0,70.0,Switch,6-1-0,7,"Switch 6-1-0 Payton Talbott Height 5' 10"" Reach 70"" UFC fights 7 View profile →",boutmetrics,boutmetrics,False,
Pedro Falcao,https://boutmetrics.com/explore/fighters/pedro-falcao,66.0,66.0,Orthodox,0-2-0,2,"Orthodox 0-2-0 Pedro Falcao “ Pedrinho ” Height 5' 6"" Reach 66"" UFC fights 2 View profile →",boutmetrics,boutmetrics,True,https://www.ufc.com/athlete/pedro-falcao
Peter Barrett,https://boutmetrics.com/explore/fighters/peter-barrett,70.0,73.0,Southpaw,0-2-0,2,"Southpaw 0-2-0 Peter Barrett “ Slippery ” Height 5' 10"" Reach 73"" UFC fights 2 View profile →",boutmetrics,boutmetrics,True,https://www.ufc.com/athlete/peter-barrett
Phil Hawes,https://boutmetrics.com/explore/fighters/phil-hawes,72.0,77.0,Orthodox,4-4-0,8,"Orthodox 4-4-0 Phil Hawes “ No Hype ” Height 6' 0"" Reach 77"" UFC fights 8 View profile →",boutmetrics,boutmetrics,True,https://www.ufc.com/athlete/phillip-hawes
Phillip Latu,https://boutmetrics.com/explore/fighters/phillip-latu,75.0,76.0,Orthodox,0-0-0,0,"Orthodox 0-0-0 Phillip Latu “ The Doctor ” Height 6' 3"" Reach 76"" UFC fights 0 View profile →",boutmetrics,boutmetrics,False,
Piera Rodriguez,https://boutmetrics.com/explore/fighters/piera-rodriguez,63.0,63.0,Orthodox,5-2-0,7,"Orthodox 5-2-0 Piera Rodriguez “ La Fiera ” Height 5' 3"" Reach 63"" UFC fights 7 View profile →",boutmetrics,boutmetrics,True,https://www.ufc.com/athlete/piera-rodriguez
Piero Guaylupo,https://boutmetrics.com/explore/fighters/piero-guaylupo,,,Stance —,0-0-0,0,Stance — 0-0-0 Piero Guaylupo “ El Lobo ” Height — Reach — UFC fights 0 View profile →,,,False,
Punahele Soriano,https://boutmetrics.com/explore/fighters/punahele-soriano,71.0,72.0,Southpaw,7-5-0,12,"Southpaw 7-5-0 Punahele Soriano “ Puna ” Height 5' 11"" Reach 72"" UFC fights 12 View profile →",boutmetrics,boutmetrics,False,
Qiu Lun,https://boutmetrics.com/explore/fighters/qiu-lun,68.0,66.0,Southpaw,0-0-0,0,"Southpaw 0-0-0 Qiu Lun “ Tibetan Knight ” Height 5' 8"" Reach 66"" UFC fights 0 View profile →",boutmetrics,boutmetrics,True,https://www.ufc.com/athlete/qiu-lun
Quentin Pasley,https://boutmetrics.com/explore/fighters/quentin-pasley,,,Stance —,0-0-0,0,Stance — 0-0-0 Quentin Pasley Height — Reach — UFC fights 0 View profile →,,,False,
Quillan Salkilld,https://boutmetrics.com/explore/fighters/quillan-salkilld,72.0,75.0,Orthodox,6-0-0,6,"Orthodox 6-0-0 Quillan Salkilld Height 6' 0"" Reach 75"" UFC fights 6 View profile →",boutmetrics,boutmetrics,True,https://www.ufc.com/athlete/quillan-salkilld
Radley Da Silva,https://boutmetrics.com/explore/fighters/radley-da-silva,69.0,71.0,Orthodox,0-0-0,0,"Orthodox 0-0-0 Radley Da Silva “ Snake Eyes ” Height 5' 9"" Reach 71"" UFC fights 0 View profile →",boutmetrics,boutmetrics,False,
Rafael Alves,https://boutmetrics.com/explore/fighters/rafael-alves,68.0,68.0,Orthodox,1-3-0,4,"Orthodox 1-3-0 Rafael Alves “ The Turn ” Height 5' 8"" Reach 68"" UFC fights 4 View profile →",boutmetrics,boutmetrics,True,https://www.ufc.com/athlete/rafael-alves
Raimond Magomedaliev,https://boutmetrics.com/explore/fighters/raimond-magomedaliev,73.0,75.0,Orthodox,0-0-0,0,"Orthodox 0-0-0 Raimond Magomedaliev Height 6' 1"" Reach 75"" UFC fights 0 View profile →",boutmetrics,boutmetrics,True,https://www.ufc.com/athlete/raimond-magomedaliev
Rainn Guerrero,https://boutmetrics.com/explore/fighters/rainn-guerrero,66.0,65.0,Orthodox,0-0-0,0,"Orthodox 0-0-0 Rainn Guerrero “ Purple Rainn ” Height 5' 6"" Reach 65"" UFC fights 0 View profile →",boutmetrics,boutmetrics,True,https://www.ufc.com/athlete/rainn-guerrero
Ramazan Kuramagomedov,https://boutmetrics.com/explore/fighters/ramazan-kuramagomedov,73.0,73.0,Orthodox,0-0-0,0,"Orthodox 0-0-0 Ramazan Kuramagomedov Height 6' 1"" Reach 73"" UFC fights 0 View profile →",boutmetrics,boutmetrics,True,https://www.ufc.com/athlete/ramazan-kuramagomedov
Rami Hamed,https://boutmetrics.com/explore/fighters/rami-hamed,73.0,71.0,Orthodox,0-0-0,0,"Orthodox 0-0-0 Rami Hamed Height 6' 1"" Reach 71"" UFC fights 0 View profile →",boutmetrics,boutmetrics,False,
Ramiro Jimenez,https://boutmetrics.com/explore/fighters/ramiro-jimenez,69.0,73.0,Southpaw,0-0-0,0,"Southpaw 0-0-0 Ramiro Jimenez “ El Cachanilla ” Height 5' 9"" Reach 73"" UFC fights 0 View profile →",boutmetrics,boutmetrics,True,https://www.ufc.com/athlete/ramiro-jimenez
Ramon Taveras,https://boutmetrics.com/explore/fighters/ramon-taveras,68.0,70.0,Southpaw,1-2-0,3,"Southpaw 1-2-0 Ramon Taveras “ The Savage ” Height 5' 8"" Reach 70"" UFC fights 3 View profile →",boutmetrics,boutmetrics,True,https://www.ufc.com/athlete/ramon-taveras
Randall Wallace,https://boutmetrics.com/explore/fighters/randall-wallace,71.0,73.0,Orthodox,0-0-0,0,"Orthodox 0-0-0 Randall Wallace “ Braveheart ” Height 5' 11"" Reach 73"" UFC fights 0 View profile →",boutmetrics,boutmetrics,False,
Raul Rosas Jr.,https://boutmetrics.com/explore/fighters/raul-rosas-jr,69.0,67.0,Switch,7-1-0,8,"Switch 7-1-0 Raul Rosas Jr. “ El Nino Problema ” Height 5' 9"" Reach 67"" UFC fights 8 View profile →",boutmetrics,boutmetrics,False,
Ray Rodriguez,https://boutmetrics.com/explore/fighters/ray-rodriguez,67.0,70.0,Orthodox,0-2-0,2,"Orthodox 0-2-0 Ray Rodriguez “ The Judge ” Height 5' 7"" Reach 70"" UFC fights 2 View profile →",boutmetrics,boutmetrics,True,https://www.ufc.com/athlete/ray-rodriguez
Rayanne dos Santos,https://boutmetrics.com/explore/fighters/rayanne-dos-santos,62.0,62.0,Orthodox,0-3-0,3,"Orthodox 0-3-0 Rayanne dos Santos Height 5' 2"" Reach 62"" UFC fights 3 View profile →",boutmetrics,boutmetrics,True,https://www.ufc.com/athlete/rayanne-dos-santos
Reginaldo Junior,https://boutmetrics.com/explore/fighters/reginaldo-junior,,,Stance —,0-0-0,0,Stance — 0-0-0 Reginaldo Junior “ The Beast ” Height — Reach — UFC fights 0 View profile →,,,False,
Reyes Cortez Jr.,https://boutmetrics.com/explore/fighters/reyes-cortez-jr,67.0,68.0,Orthodox,0-0-0,0,"Orthodox 0-0-0 Reyes Cortez Jr. Height 5' 7"" Reach 68"" UFC fights 0 View profile →",boutmetrics,boutmetrics,True,https://www.ufc.com/athlete/reyes-cortez
Ricardo Prasel,https://boutmetrics.com/explore/fighters/ricardo-prasel,79.0,78.0,Orthodox,0-0-0,0,"Orthodox 0-0-0 Ricardo Prasel “ Alemao ” Height 6' 7"" Reach 78"" UFC fights 0 View profile →",boutmetrics,boutmetrics,True,https://www.ufc.com/athlete/ricardo-prasel
Richard Jacobi,https://boutmetrics.com/explore/fighters/richard-jacobi,76.0,75.0,Orthodox,0-0-0,0,"Orthodox 0-0-0 Richard Jacobi Height 6' 4"" Reach 75"" UFC fights 0 View profile →",boutmetrics,boutmetrics,True,https://www.ufc.com/athlete/richard-jacobi
Richie Santiago,https://boutmetrics.com/explore/fighters/richie-santiago,67.0,67.0,Southpaw,0-0-0,0,"Southpaw 0-0-0 Richie Santiago “ The Milford Mauler ” Height 5' 7"" Reach 67"" UFC fights 0 View profile →",boutmetrics,boutmetrics,True,https://www.ufc.com/athlete/richie-santiago
Rickson Zenidim,https://boutmetrics.com/explore/fighters/rickson-zenidim,67.0,67.0,Orthodox,0-0-0,0,"Orthodox 0-0-0 Rickson Zenidim “ The King ” Height 5' 7"" Reach 67"" UFC fights 0 View profile →",boutmetrics,boutmetrics,True,https://www.ufc.com/athlete/rickson-zenidim
Ricky Palacios,https://boutmetrics.com/explore/fighters/ricky-palacios,66.0,,Orthodox,0-0-0,0,"Orthodox 0-0-0 Ricky Palacios “ El Gallero ” Height 5' 6"" Reach — UFC fights 0 View profile →",boutmetrics,,False,
Ricky Turcios,https://boutmetrics.com/explore/fighters/ricky-turcios,69.0,71.0,Orthodox,2-4-0,6,"Orthodox 2-4-0 Ricky Turcios Height 5' 9"" Reach 71"" UFC fights 6 View profile →",boutmetrics,boutmetrics,True,https://www.ufc.com/athlete/ricky-turcios
Rico DiSciullo,https://boutmetrics.com/explore/fighters/rico-disciullo,68.0,,Orthodox,0-0-0,0,"Orthodox 0-0-0 Rico DiSciullo Height 5' 8"" Reach — UFC fights 0 View profile →",boutmetrics,,False,
Rico Farrington,https://boutmetrics.com/explore/fighters/rico-farrington,76.0,79.0,Southpaw,0-0-0,0,"Southpaw 0-0-0 Rico Farrington “ The Triggerman ” Height 6' 4"" Reach 79"" UFC fights 0 View profile →",boutmetrics,boutmetrics,True,https://www.ufc.com/athlete/rico-farrington
Rilley Dutro,https://boutmetrics.com/explore/fighters/rilley-dutro,68.0,,Orthodox,0-0-0,0,"Orthodox 0-0-0 Rilley Dutro Height 5' 8"" Reach — UFC fights 0 View profile →",boutmetrics,,False,
Rizvan Kuniev,https://boutmetrics.com/explore/fighters/rizvan-kuniev,76.0,76.0,Orthodox,2-1-0,3,"Orthodox 2-1-0 Rizvan Kuniev Height 6' 4"" Reach 76"" UFC fights 3 View profile →",boutmetrics,boutmetrics,True,https://www.ufc.com/athlete/rizvan-kuniev
Rodolfo Bellato,https://boutmetrics.com/explore/fighters/rodolfo-bellato,75.0,75.0,Orthodox,2-2-1 (1 NC),6,"Orthodox 2-2-1 (1 NC) Rodolfo Bellato “ Trator ” Height 6' 3"" Reach 75"" UFC fights 6 View profile →",boutmetrics,boutmetrics,True,https://www.ufc.com/athlete/rodolfo-bellato
Rodrigo Lidio,https://boutmetrics.com/explore/fighters/rodrigo-lidio,71.0,73.0,Orthodox,0-0-0,0,"Orthodox 0-0-0 Rodrigo Lidio “ Dynamis ” Height 5' 11"" Reach 73"" UFC fights 0 View profile →",boutmetrics,boutmetrics,True,https://www.ufc.com/athlete/rodrigo-lidio
Rodrigo Nascimento,https://boutmetrics.com/explore/fighters/rodrigo-nascimento,74.0,80.0,Orthodox,4-3-0 (1 NC),8,"Orthodox 4-3-0 (1 NC) Rodrigo Nascimento “ Ze Colmeia ” Height 6' 2"" Reach 80"" UFC fights 8 View profile →",boutmetrics,boutmetrics,True,https://www.ufc.com/athlete/rodrigo-nascimento-ferreira
Roman Puga,https://boutmetrics.com/explore/fighters/roman-puga,,,Stance —,0-0-0,0,Stance — 0-0-0 Roman Puga Height — Reach — UFC fights 0 View profile →,,,False,
Ronald Humphrey,https://boutmetrics.com/explore/fighters/ronald-humphrey,,,Stance —,0-0-0,0,Stance — 0-0-0 Ronald Humphrey “ The Career Ender ” Height — Reach — UFC fights 0 View profile →,,,False,
Ronaldo Candido,https://boutmetrics.com/explore/fighters/ronaldo-candido,66.0,,Southpaw,0-0-0,0,"Southpaw 0-0-0 Ronaldo Candido “ Pacman ” Height 5' 6"" Reach — UFC fights 0 View profile →",boutmetrics,,True,https://www.ufc.com/athlete/ronaldo-candido
Ronaldo Rodriguez,https://boutmetrics.com/explore/fighters/ronaldo-rodriguez,66.0,65.0,Orthodox,2-1-0,3,"Orthodox 2-1-0 Ronaldo Rodriguez “ Lazy Boy ” Height 5' 6"" Reach 65"" UFC fights 3 View profile →",boutmetrics,boutmetrics,False,
Ronnie Lawrence,https://boutmetrics.com/explore/fighters/ronnie-lawrence,68.0,68.0,Switch,2-1-0 (1 NC),4,"Switch 2-1-0 (1 NC) Ronnie Lawrence “ The Heat ” Height 5' 8"" Reach 68"" UFC fights 4 View profile →",boutmetrics,boutmetrics,True,https://www.ufc.com/athlete/ronnie-lawrence
Roosevelt Roberts,https://boutmetrics.com/explore/fighters/roosevelt-roberts,74.0,73.0,Orthodox,4-5-0 (1 NC),10,"Orthodox 4-5-0 (1 NC) Roosevelt Roberts “ The Predator ” Height 6' 2"" Reach 73"" UFC fights 10 View profile →",boutmetrics,boutmetrics,True,https://www.ufc.com/athlete/roosevelt-roberts
Rose Conceicao,https://boutmetrics.com/explore/fighters/rose-conceicao,55.0,65.0,Orthodox,0-0-0,0,"Orthodox 0-0-0 Rose Conceicao Height 4' 7"" Reach 65"" UFC fights 0 View profile →",boutmetrics,boutmetrics,False,
Roybert Echeverria,https://boutmetrics.com/explore/fighters/roybert-echeverria,65.0,67.0,Switch,0-0-0,0,"Switch 0-0-0 Roybert Echeverria “ The Unbroken ” Height 5' 5"" Reach 67"" UFC fights 0 View profile →",boutmetrics,boutmetrics,True,https://www.ufc.com/athlete/roy-echeverria
Ryan Gandra,https://boutmetrics.com/explore/fighters/ryan-gandra,73.0,74.0,Orthodox,3-0-0,3,"Orthodox 3-0-0 Ryan Gandra “ Problema ” Height 6' 1"" Reach 74"" UFC fights 3 View profile →",boutmetrics,boutmetrics,False,
Ryan Spann,https://boutmetrics.com/explore/fighters/ryan-spann,77.0,79.0,Orthodox,10-7-0,17,"Orthodox 10-7-0 Ryan Spann “ Superman ” Height 6' 5"" Reach 79"" UFC fights 17 View profile →",boutmetrics,boutmetrics,False,
Saimon Oliveira,https://boutmetrics.com/explore/fighters/saimon-oliveira,64.0,72.0,Orthodox,0-4-0,4,"Orthodox 0-4-0 Saimon Oliveira Height 5' 4"" Reach 72"" UFC fights 4 View profile →",boutmetrics,boutmetrics,True,https://www.ufc.com/athlete/saimon-oliveira
Samuel Sanches,https://boutmetrics.com/explore/fighters/samuel-sanches,70.0,74.0,Orthodox,0-0-0,0,"Orthodox 0-0-0 Samuel Sanches “ The Prodigy ” Height 5' 10"" Reach 74"" UFC fights 0 View profile →",boutmetrics,boutmetrics,True,https://www.ufc.com/athlete/samuel-sanches
Samuel Silva,https://boutmetrics.com/explore/fighters/samuel-silva,72.0,72.0,Orthodox,0-0-0,0,"Orthodox 0-0-0 Samuel Silva “ Caveira ” Height 6' 0"" Reach 72"" UFC fights 0 View profile →",boutmetrics,boutmetrics,False,
Sanford Alton Meeks,https://boutmetrics.com/explore/fighters/sanford-alton-meeks,77.0,75.0,Orthodox,0-0-0,0,"Orthodox 0-0-0 Sanford Alton Meeks Height 6' 5"" Reach 75"" UFC fights 0 View profile →",boutmetrics,boutmetrics,False,
SangHoon Yoo,https://boutmetrics.com/explore/fighters/sanghoon-yoo,72.0,74.0,Orthodox,0-0-0,0,"Orthodox 0-0-0 SangHoon Yoo “ Assassin ” Height 6' 0"" Reach 74"" UFC fights 0 View profile →",boutmetrics,boutmetrics,True,https://www.ufc.com/athlete/sang-hoon-yoo
Santo Curatolo,https://boutmetrics.com/explore/fighters/santo-curatolo,63.0,62.0,Southpaw,0-0-0,0,"Southpaw 0-0-0 Santo Curatolo Height 5' 3"" Reach 62"" UFC fights 0 View profile →",boutmetrics,boutmetrics,True,https://www.ufc.com/athlete/santo-curatolo
Sarah Alpar,https://boutmetrics.com/explore/fighters/sarah-alpar,64.0,63.0,Southpaw,0-2-0,2,"Southpaw 0-2-0 Sarah Alpar “ Too Sweet ” Height 5' 4"" Reach 63"" UFC fights 2 View profile →",boutmetrics,boutmetrics,True,https://www.ufc.com/athlete/sarah-alpar
Sean Clancy Jr.,https://boutmetrics.com/explore/fighters/sean-clancy-jr,,,Stance —,0-0-0,0,Stance — 0-0-0 Sean Clancy Jr. “ The One ” Height — Reach — UFC fights 0 View profile →,,,False,
Sean Gauci,https://boutmetrics.com/explore/fighters/sean-gauci,65.0,64.0,Switch,0-0-0,0,"Switch 0-0-0 Sean Gauci Height 5' 5"" Reach 64"" UFC fights 0 View profile →",boutmetrics,boutmetrics,False,
Sean Lally,https://boutmetrics.com/explore/fighters/sean-lally,72.0,74.5,Orthodox,0-0-0,0,"Orthodox 0-0-0 Sean Lally “ The Unpredictable One ” Height 6' 0"" Reach — UFC fights 0 View profile →",boutmetrics,ufc.com_verified_static_fill,True,https://www.ufc.com/athlete/sean-lally
Sean O'Malley,https://boutmetrics.com/explore/fighters/sean-o-malley,71.0,72.0,Switch,12-3-0 (1 NC),16,"Switch 12-3-0 (1 NC) Sean O'Malley “ Suga ” Height 5' 11"" Reach 72"" UFC fights 16 View profile →",boutmetrics,boutmetrics,False,
Sean Woodson,https://boutmetrics.com/explore/fighters/sean-woodson,74.0,78.0,Orthodox,8-2-1,11,"Orthodox 8-2-1 Sean Woodson “ The Sniper ” Height 6' 2"" Reach 78"" UFC fights 11 View profile →",boutmetrics,boutmetrics,False,
Sedriques Dumas,https://boutmetrics.com/explore/fighters/sedriques-dumas,74.0,79.0,Orthodox,3-6-0 (1 NC),10,"Orthodox 3-6-0 (1 NC) Sedriques Dumas “ The Reaper ” Height 6' 2"" Reach 79"" UFC fights 10 View profile →",boutmetrics,boutmetrics,True,https://www.ufc.com/athlete/sedriques-dumas
Seokhyeon Ko,https://boutmetrics.com/explore/fighters/seokhyeon-ko,70.0,71.0,Southpaw,2-1-0,3,"Southpaw 2-1-0 Seokhyeon Ko “ Technical ” Height 5' 10"" Reach 71"" UFC fights 3 View profile →",boutmetrics,boutmetrics,True,https://www.ufc.com/athlete/seokhyeon-ko
Serhiy Sidey,https://boutmetrics.com/explore/fighters/serhiy-sidey,71.0,72.0,Switch,2-1-0,3,"Switch 2-1-0 Serhiy Sidey Height 5' 11"" Reach 72"" UFC fights 3 View profile →",boutmetrics,boutmetrics,False,
Apollo Gomes,https://boutmetrics.com/explore/fighters/severino-apollo-gomes,,,Stance —,0-0-0,0,Stance — 0-0-0 Severino Apollo Gomes Height — Reach — UFC fights 0 View profile →,,,False,
Shaheen Santana,https://boutmetrics.com/explore/fighters/shaheen-santana,73.0,75.0,Orthodox,0-0-0,0,"Orthodox 0-0-0 Shaheen Santana “ Shazam ” Height 6' 1"" Reach 75"" UFC fights 0 View profile →",boutmetrics,boutmetrics,False,
Shamil Gaziev,https://boutmetrics.com/explore/fighters/shamil-gaziev,76.0,78.0,Orthodox,4-3-0,7,"Orthodox 4-3-0 Shamil Gaziev Height 6' 4"" Reach 78"" UFC fights 7 View profile →",boutmetrics,boutmetrics,False,
Shanelle Dyer,https://boutmetrics.com/explore/fighters/shanelle-dyer,66.0,65.0,Orthodox,2-0-0,2,"Orthodox 2-0-0 Shanelle Dyer “ The Nightmare ” Height 5' 6"" Reach 65"" UFC fights 2 View profile →",boutmetrics,boutmetrics,True,https://www.ufc.com/athlete/shanelle-dyer
Shang Zhifa,https://boutmetrics.com/explore/fighters/shang-zhifa,67.0,63.0,Orthodox,0-0-0,0,"Orthodox 0-0-0 Shang Zhifa “ Northeast Flying Tiger ” Height 5' 7"" Reach 63"" UFC fights 0 View profile →",boutmetrics,boutmetrics,True,https://www.ufc.com/athlete/shang-zhifa
Shanna Young,https://boutmetrics.com/explore/fighters/shanna-young,67.0,65.0,Orthodox,1-3-0,4,"Orthodox 1-3-0 Shanna Young “ The Shanimal ” Height 5' 7"" Reach 65"" UFC fights 4 View profile →",boutmetrics,boutmetrics,True,https://www.ufc.com/athlete/shanna-young
Shannon Clark,https://boutmetrics.com/explore/fighters/shannon-clark,65.0,64.0,Orthodox,0-0-0,0,"Orthodox 0-0-0 Shannon Clark “ MMA Barbie ” Height 5' 5"" Reach 64"" UFC fights 0 View profile →",boutmetrics,boutmetrics,False,
Shannon Ross,https://boutmetrics.com/explore/fighters/shannon-ross,66.0,66.0,Switch,0-3-0,3,"Switch 0-3-0 Shannon Ross “ The Turkish Delight ” Height 5' 6"" Reach 66"" UFC fights 3 View profile →",boutmetrics,boutmetrics,True,https://www.ufc.com/athlete/shannon-ross
Shawn Teed,https://boutmetrics.com/explore/fighters/shawn-teed,77.0,79.0,Orthodox,0-0-0,0,"Orthodox 0-0-0 Shawn Teed Height 6' 5"" Reach — UFC fights 0 View profile →",boutmetrics,ufc.com_verified_static_fill,True,https://www.ufc.com/athlete/shawn-teed
Sherrard Blackledge,https://boutmetrics.com/explore/fighters/sherrard-blackledge,71.0,75.0,Orthodox,0-0-0,0,"Orthodox 0-0-0 Sherrard Blackledge “ The Thriller ” Height 5' 11"" Reach 75"" UFC fights 0 View profile →",boutmetrics,boutmetrics,False,
Shimon Smotritsky,https://boutmetrics.com/explore/fighters/shimon-smotritsky,74.0,74.0,Orthodox,0-0-0,0,"Orthodox 0-0-0 Shimon Smotritsky “ The Assassin ” Height 6' 2"" Reach 74"" UFC fights 0 View profile →",boutmetrics,boutmetrics,True,https://www.ufc.com/athlete/shimon-smotritsky
Shonte Barnes,https://boutmetrics.com/explore/fighters/shonte-barnes,71.0,76.0,Southpaw,0-0-0,0,"Southpaw 0-0-0 Shonte Barnes “ Shyne ” Height 5' 11"" Reach 76"" UFC fights 0 View profile →",boutmetrics,boutmetrics,True,https://www.ufc.com/athlete/shonte-barnes
Sidney Outlaw,https://boutmetrics.com/explore/fighters/sidney-outlaw,68.0,74.0,Orthodox,0-0-0,0,"Orthodox 0-0-0 Sidney Outlaw Height 5' 8"" Reach 74"" UFC fights 0 View profile →",boutmetrics,boutmetrics,True,https://www.ufc.com/athlete/sidney-outlaw
Silvestre Sanchez,https://boutmetrics.com/explore/fighters/silvestre-sanchez,,,Stance —,0-0-0,0,Stance — 0-0-0 Silvestre Sanchez “ Gorilla ” Height — Reach — UFC fights 0 View profile →,,,False,
Sodiq Yusuff,https://boutmetrics.com/explore/fighters/sodiq-yusuff,69.0,71.0,Orthodox,6-4-0,10,"Orthodox 6-4-0 Sodiq Yusuff “ Super ” Height 5' 9"" Reach 71"" UFC fights 10 View profile →",boutmetrics,boutmetrics,True,https://www.ufc.com/athlete/sodiq-yusuff
Solomon Renfro,https://boutmetrics.com/explore/fighters/solomon-renfro,69.0,72.0,Switch,0-0-0,0,"Switch 0-0-0 Solomon Renfro “ The Black Dragon ” Height 5' 9"" Reach 72"" UFC fights 0 View profile →",boutmetrics,boutmetrics,False,
Stephanie Frausto,https://boutmetrics.com/explore/fighters/stephanie-frausto,62.0,61.0,Orthodox,0-0-0,0,"Orthodox 0-0-0 Stephanie Frausto “ Lil Bovy ” Height 5' 2"" Reach 61"" UFC fights 0 View profile →",boutmetrics,boutmetrics,True,https://www.ufc.com/athlete/stephanie-frausto
Stephanie Luciano,https://boutmetrics.com/explore/fighters/stephanie-luciano,66.0,65.0,Orthodox,3-1-0,4,"Orthodox 3-1-0 Stephanie Luciano “ Rondinha ” Height 5' 6"" Reach 65"" UFC fights 4 View profile →",boutmetrics,boutmetrics,True,https://www.ufc.com/athlete/stephanie-bruna-luciano
Stephen Regman,https://boutmetrics.com/explore/fighters/stephen-regman,71.0,76.0,Orthodox,0-0-0,0,"Orthodox 0-0-0 Stephen Regman Height 5' 11"" Reach 76"" UFC fights 0 View profile →",boutmetrics,boutmetrics,False,
Steven Asplund,https://boutmetrics.com/explore/fighters/steven-asplund,77.0,78.0,Orthodox,2-1-0,3,"Orthodox 2-1-0 Steven Asplund “ Concrete ” Height 6' 5"" Reach 78"" UFC fights 3 View profile →",boutmetrics,boutmetrics,True,https://www.ufc.com/athlete/steven-asplund
Steven Nguyen,https://boutmetrics.com/explore/fighters/steven-nguyen,71.0,73.0,Switch,1-1-0,2,"Switch 1-1-0 Steven Nguyen “ The Ninja ” Height 5' 11"" Reach 73"" UFC fights 2 View profile →",boutmetrics,boutmetrics,True,https://www.ufc.com/athlete/steven-nguyen
Steven Peterson,https://boutmetrics.com/explore/fighters/steven-peterson,70.0,70.0,Orthodox,3-5-0,8,"Orthodox 3-5-0 Steven Peterson “ Ocho ” Height 5' 10"" Reach 70"" UFC fights 8 View profile →",boutmetrics,boutmetrics,True,https://www.ufc.com/athlete/steven-peterson
Tafon Nchukwi,https://boutmetrics.com/explore/fighters/tafon-nchukwi,72.0,77.0,Orthodox,2-4-0,6,"Orthodox 2-4-0 Tafon Nchukwi “ Da Don ” Height 6' 0"" Reach 77"" UFC fights 6 View profile →",boutmetrics,boutmetrics,True,https://www.ufc.com/athlete/tafon-nchukwi
Taiga Iwasaki,https://boutmetrics.com/explore/fighters/taiga-iwasaki,73.0,73.0,Orthodox,0-0-0,0,"Orthodox 0-0-0 Taiga Iwasaki Height 6' 1"" Reach 73"" UFC fights 0 View profile →",boutmetrics,boutmetrics,False,
Talita Alencar,https://boutmetrics.com/explore/fighters/talita-alencar,61.0,58.0,Orthodox,4-1-0,5,"Orthodox 4-1-0 Talita Alencar “ Problem Child ” Height 5' 1"" Reach 58"" UFC fights 5 View profile →",boutmetrics,boutmetrics,True,https://www.ufc.com/athlete/talita-alencar
Tallison Teixeira,https://boutmetrics.com/explore/fighters/tallison-teixeira,79.0,83.0,Orthodox,2-2-0,4,"Orthodox 2-2-0 Tallison Teixeira “ Xicao ” Height 6' 7"" Reach 83"" UFC fights 4 View profile →",boutmetrics,boutmetrics,True,https://www.ufc.com/athlete/tallison-teixeira
Taneisha Tennant,https://boutmetrics.com/explore/fighters/taneisha-tennant,67.0,70.0,Orthodox,0-0-0,0,"Orthodox 0-0-0 Taneisha Tennant “ Triple Threat ” Height 5' 7"" Reach 70"" UFC fights 0 View profile →",boutmetrics,boutmetrics,True,https://www.ufc.com/athlete/taneisha-tennant
Taner Trembley,https://boutmetrics.com/explore/fighters/taner-trembley,,,Stance —,0-0-0,0,Stance — 0-0-0 Taner Trembley “ Killemquick ” Height — Reach — UFC fights 0 View profile →,,,False,
Taylor Moore,https://boutmetrics.com/explore/fighters/taylor-moore,70.0,70.0,Southpaw,0-0-0,0,"Southpaw 0-0-0 Taylor Moore Height 5' 10"" Reach 70"" UFC fights 0 View profile →",boutmetrics,boutmetrics,False,
Te Edwards,https://boutmetrics.com/explore/fighters/te-edwards,68.0,72.0,Orthodox,0-2-0,2,"Orthodox 0-2-0 Te Edwards Height 5' 8"" Reach 72"" UFC fights 2 View profile →",boutmetrics,boutmetrics,True,https://www.ufc.com/athlete/te-edwards
Tebaris Gordon,https://boutmetrics.com/explore/fighters/tebaris-gordon,73.0,78.0,Orthodox,0-0-0,0,"Orthodox 0-0-0 Tebaris Gordon “ Boom ” Height 6' 1"" Reach — UFC fights 0 View profile →",boutmetrics,ufc.com_verified_static_fill,True,https://www.ufc.com/athlete/tebaris-gordon
Teddy Ash,https://boutmetrics.com/explore/fighters/teddy-ash,73.0,73.0,Switch,0-0-0,0,"Switch 0-0-0 Teddy Ash “ Bear ” Height 6' 1"" Reach 73"" UFC fights 0 View profile →",boutmetrics,boutmetrics,True,https://www.ufc.com/athlete/teddy-ash
Tereza Bleda,https://boutmetrics.com/explore/fighters/tereza-bleda,69.0,71.0,Orthodox,1-2-0,3,"Orthodox 1-2-0 Tereza Bleda Height 5' 9"" Reach 71"" UFC fights 3 View profile →",boutmetrics,boutmetrics,False,
Terrance McKinney,https://boutmetrics.com/explore/fighters/terrance-mckinney,70.0,73.0,Switch,8-6-0,14,"Switch 8-6-0 Terrance McKinney “ T. Wrecks ” Height 5' 10"" Reach 73"" UFC fights 14 View profile →",boutmetrics,boutmetrics,True,https://www.ufc.com/athlete/terrance-mckinney
Thanh Le,https://boutmetrics.com/explore/fighters/thanh-le,69.0,74.0,Orthodox,0-0-0,0,"Orthodox 0-0-0 Thanh Le Height 5' 9"" Reach 74"" UFC fights 0 View profile →",boutmetrics,boutmetrics,False,
Theo Haig,https://boutmetrics.com/explore/fighters/theo-haig,74.0,77.0,Orthodox,0-0-0,0,"Orthodox 0-0-0 Theo Haig Height 6' 2"" Reach 77"" UFC fights 0 View profile →",boutmetrics,boutmetrics,False,
Theo Rlayang,https://boutmetrics.com/explore/fighters/theo-rlayang,67.0,65.0,Orthodox,0-0-0,0,"Orthodox 0-0-0 Theo Rlayang “ Jungle King ” Height 5' 7"" Reach 65"" UFC fights 0 View profile →",boutmetrics,boutmetrics,True,https://www.ufc.com/athlete/theo-rlayang
Thomas Pagliarulo,https://boutmetrics.com/explore/fighters/thomas-pagliarulo,,,Stance —,0-0-0,0,Stance — 0-0-0 Thomas Pagliarulo “ The Phenom ” Height — Reach — UFC fights 0 View profile →,,,False,
Thomas Paull,https://boutmetrics.com/explore/fighters/thomas-paull,67.0,67.0,Orthodox,0-0-0,0,"Orthodox 0-0-0 Thomas Paull “ Juggernaut ” Height 5' 7"" Reach 67"" UFC fights 0 View profile →",boutmetrics,boutmetrics,False,
Thomas Petersen,https://boutmetrics.com/explore/fighters/thomas-petersen,73.0,74.0,Southpaw,3-4-0,7,"Southpaw 3-4-0 Thomas Petersen “ The Train ” Height 6' 1"" Reach 74"" UFC fights 7 View profile →",boutmetrics,boutmetrics,True,https://www.ufc.com/athlete/thomas-petersen
Tiffany Masters,https://boutmetrics.com/explore/fighters/tiffany-masters,63.0,65.0,Orthodox,0-0-0,0,"Orthodox 0-0-0 Tiffany Masters “ Rainbow Renegade ” Height 5' 3"" Reach 65"" UFC fights 0 View profile →",boutmetrics,boutmetrics,False,
Tim Caron,https://boutmetrics.com/explore/fighters/tim-caron,73.0,74.0,Orthodox,0-0-0,0,"Orthodox 0-0-0 Tim Caron “ The Bear ” Height 6' 1"" Reach — UFC fights 0 View profile →",boutmetrics,ufc.com_verified_static_fill,True,https://www.ufc.com/athlete/tim-caron
Timmy Cuamba,https://boutmetrics.com/explore/fighters/timmy-cuamba,69.0,71.0,Orthodox,2-3-0,5,"Orthodox 2-3-0 Timmy Cuamba “ Twilight ” Height 5' 9"" Reach 71"" UFC fights 5 View profile →",boutmetrics,boutmetrics,True,https://www.ufc.com/athlete/timothy-cuamba
TJ Brown,https://boutmetrics.com/explore/fighters/tj-brown,69.0,72.0,Switch,3-5-0,8,"Switch 3-5-0 TJ Brown “ Downtown ” Height 5' 9"" Reach 72"" UFC fights 8 View profile →",boutmetrics,boutmetrics,True,https://www.ufc.com/athlete/tj-brown
TJ Laramie,https://boutmetrics.com/explore/fighters/tj-laramie,66.0,66.0,Orthodox,0-2-0,2,"Orthodox 0-2-0 TJ Laramie Height 5' 6"" Reach 66"" UFC fights 2 View profile →",boutmetrics,boutmetrics,False,
Toby Misech,https://boutmetrics.com/explore/fighters/toby-misech,68.0,,Southpaw,0-0-0,0,"Southpaw 0-0-0 Toby Misech “ 2 Quick ” Height 5' 8"" Reach — UFC fights 0 View profile →",boutmetrics,,True,https://www.ufc.com/athlete/toby-misech
Tom Nolan,https://boutmetrics.com/explore/fighters/tom-nolan,75.0,73.0,Southpaw,5-1-0,6,"Southpaw 5-1-0 Tom Nolan “ Big Train ” Height 6' 3"" Reach 73"" UFC fights 6 View profile →",boutmetrics,boutmetrics,True,https://www.ufc.com/athlete/tom-nolan
Tommy Cuozzi Jr.,https://boutmetrics.com/explore/fighters/tommy-cuozzi-jr,69.0,71.0,Orthodox,0-0-0,0,"Orthodox 0-0-0 Tommy Cuozzi Jr. “ Little T ” Height 5' 9"" Reach 71"" UFC fights 0 View profile →",boutmetrics,boutmetrics,False,
Tommy McMillen,https://boutmetrics.com/explore/fighters/tommy-mcmillen,72.0,74.0,Orthodox,3-0-0,3,"Orthodox 3-0-0 Tommy McMillen “ Gun ” Height 6' 0"" Reach 74"" UFC fights 3 View profile →",boutmetrics,boutmetrics,False,
Tony Gravely,https://boutmetrics.com/explore/fighters/tony-gravely,65.0,69.0,Orthodox,4-4-0,8,"Orthodox 4-4-0 Tony Gravely Height 5' 5"" Reach 69"" UFC fights 8 View profile →",boutmetrics,boutmetrics,True,https://www.ufc.com/athlete/tony-gravely
Tony Johnson,https://boutmetrics.com/explore/fighters/tony-johnson,73.0,,Stance —,0-0-0,0,"Stance — 0-0-0 Tony Johnson Height 6' 1"" Reach — UFC fights 0 View profile →",boutmetrics,,False,
Torrez Finney,https://boutmetrics.com/explore/fighters/torrez-finney,68.0,75.0,Orthodox,1-1-0,2,"Orthodox 1-1-0 Torrez Finney “ The Punisher ” Height 5' 8"" Reach 75"" UFC fights 2 View profile →",boutmetrics,boutmetrics,False,
Tracy Cortez,https://boutmetrics.com/explore/fighters/tracy-cortez,65.0,65.0,Orthodox,6-3-0,9,"Orthodox 6-3-0 Tracy Cortez Height 5' 5"" Reach 65"" UFC fights 9 View profile →",boutmetrics,boutmetrics,True,https://www.ufc.com/athlete/tracy-cortez
Trent Miller,https://boutmetrics.com/explore/fighters/trent-miller,69.0,72.0,Orthodox,0-0-0,0,"Orthodox 0-0-0 Trent Miller “ The Terminator ” Height 5' 9"" Reach 72"" UFC fights 0 View profile →",boutmetrics,boutmetrics,True,https://www.ufc.com/athlete/trent-miller
Trevor Peek,https://boutmetrics.com/explore/fighters/trevor-peek,69.0,70.0,Switch,2-4-0,6,"Switch 2-4-0 Trevor Peek Height 5' 9"" Reach 70"" UFC fights 6 View profile →",boutmetrics,boutmetrics,False,
Trey Waters,https://boutmetrics.com/explore/fighters/trey-waters,77.0,77.0,Orthodox,2-1-0,3,"Orthodox 2-1-0 Trey Waters “ The Truth ” Height 6' 5"" Reach 77"" UFC fights 3 View profile →",boutmetrics,boutmetrics,True,https://www.ufc.com/athlete/trey-waters
Tucker Lutz,https://boutmetrics.com/explore/fighters/tucker-lutz,68.0,72.0,Orthodox,1-3-0,4,"Orthodox 1-3-0 Tucker Lutz “ Top Gun ” Height 5' 8"" Reach 72"" UFC fights 4 View profile →",boutmetrics,boutmetrics,True,https://www.ufc.com/athlete/tucker-lutz
Ty Flores,https://boutmetrics.com/explore/fighters/ty-flores,75.0,73.0,Switch,0-0-0,0,"Switch 0-0-0 Ty Flores “ Big Medicine ” Height 6' 3"" Reach 73"" UFC fights 0 View profile →",boutmetrics,boutmetrics,True,https://www.ufc.com/athlete/ty-flores
Ty Miller,https://boutmetrics.com/explore/fighters/ty-miller,74.0,77.0,Orthodox,2-0-0,2,"Orthodox 2-0-0 Ty Miller “ Thriller ” Height 6' 2"" Reach 77"" UFC fights 2 View profile →",boutmetrics,boutmetrics,True,https://www.ufc.com/athlete/ty-miller
Tyler Hill,https://boutmetrics.com/explore/fighters/tyler-hill,75.0,77.0,Switch,0-0-0,0,"Switch 0-0-0 Tyler Hill Height 6' 3"" Reach — UFC fights 0 View profile →",boutmetrics,ufc.com_verified_static_fill,True,https://www.ufc.com/athlete/tyler-hill
Tyshawn Williams,https://boutmetrics.com/explore/fighters/tyshawn-williams,,,Stance —,0-0-0,0,Stance — 0-0-0 Tyshawn Williams Height — Reach — UFC fights 0 View profile →,,,False,
Uros Medic,https://boutmetrics.com/explore/fighters/uros-medic,73.0,71.0,Southpaw,8-3-0,11,"Southpaw 8-3-0 Uros Medic “ The Doctor ” Height 6' 1"" Reach 71"" UFC fights 11 View profile →",boutmetrics,boutmetrics,False,
Vadym Kutsyi,https://boutmetrics.com/explore/fighters/vadym-kutsyi,72.0,71.0,Orthodox,0-0-0,0,"Orthodox 0-0-0 Vadym Kutsyi Height 6' 0"" Reach 71"" UFC fights 0 View profile →",boutmetrics,boutmetrics,False,
Valesca Machado,https://boutmetrics.com/explore/fighters/valesca-machado,64.0,63.0,Orthodox,0-0-0,0,"Orthodox 0-0-0 Valesca Machado Height 5' 4"" Reach 63"" UFC fights 0 View profile →",boutmetrics,boutmetrics,False,
Vanessa Demopoulos,https://boutmetrics.com/explore/fighters/vanessa-demopoulos,62.0,59.0,Orthodox,5-6-0,11,"Orthodox 5-6-0 Vanessa Demopoulos “ Lil Monster ” Height 5' 2"" Reach 59"" UFC fights 11 View profile →",boutmetrics,boutmetrics,True,https://www.ufc.com/athlete/vanessa-demopoulos
Vanilto Antunes,https://boutmetrics.com/explore/fighters/vanilto-antunes,72.0,72.0,Orthodox,0-0-0,0,"Orthodox 0-0-0 Vanilto Antunes Height 6' 0"" Reach 72"" UFC fights 0 View profile →",boutmetrics,boutmetrics,False,
Viacheslav Borshchev,https://boutmetrics.com/explore/fighters/viacheslav-borshchev,71.0,69.0,Orthodox,3-6-1,10,"Orthodox 3-6-1 Viacheslav Borshchev “ Slava Claus ” Height 5' 11"" Reach 69"" UFC fights 10 View profile →",boutmetrics,boutmetrics,True,https://www.ufc.com/athlete/viacheslav-borshchev
Victor Altamirano,https://boutmetrics.com/explore/fighters/victor-altamirano,68.0,70.0,Switch,2-4-0,6,"Switch 2-4-0 Victor Altamirano “ El Magnifico ” Height 5' 8"" Reach 70"" UFC fights 6 View profile →",boutmetrics,boutmetrics,False,
Victor Dias,https://boutmetrics.com/explore/fighters/victor-dias,66.0,69.0,Orthodox,0-0-0,0,"Orthodox 0-0-0 Victor Dias “ Crazy Horse ” Height 5' 6"" Reach 69"" UFC fights 0 View profile →",boutmetrics,boutmetrics,True,https://www.ufc.com/athlete/victor-dias
Victor Hugo,https://boutmetrics.com/explore/fighters/victor-hugo,67.0,71.0,Orthodox,1-1-0,2,"Orthodox 1-1-0 Victor Hugo “ Striker ” Height 5' 7"" Reach 71"" UFC fights 2 View profile →",boutmetrics,boutmetrics,True,https://www.ufc.com/athlete/victor-hugo
Victor Martinez,https://boutmetrics.com/explore/fighters/victor-martinez,68.0,70.0,Orthodox,0-2-0,2,"Orthodox 0-2-0 Victor Martinez “ The Brick ” Height 5' 8"" Reach 70"" UFC fights 2 View profile →",boutmetrics,boutmetrics,True,https://www.ufc.com/athlete/victor-martinez
Victor Reyna,https://boutmetrics.com/explore/fighters/victor-reyna,71.0,74.0,Southpaw,0-0-0,0,"Southpaw 0-0-0 Victor Reyna “ Kelevra ” Height 5' 11"" Reach 74"" UFC fights 0 View profile →",boutmetrics,boutmetrics,True,https://www.ufc.com/athlete/victor-reyna
Victor Valenzuela,https://boutmetrics.com/explore/fighters/victor-valenzuela,69.0,71.5,Stance —,1-0-0,1,Stance — 1-0-0 Victor Valenzuela “ Psicosis ” Height — Reach — UFC fights 1 View profile →,ufc.com_verified_static_fill,ufc.com_verified_static_fill,True,https://www.ufc.com/athlete/victor-valenzuela-0
Victoria Leonardo,https://boutmetrics.com/explore/fighters/victoria-leonardo,65.0,64.0,Orthodox,1-4-0,5,"Orthodox 1-4-0 Victoria Leonardo “ Fury ” Height 5' 5"" Reach 64"" UFC fights 5 View profile →",boutmetrics,boutmetrics,False,
Viktoriia Dudakova,https://boutmetrics.com/explore/fighters/viktoriia-dudakova,65.0,67.0,Orthodox,2-2-0,4,"Orthodox 2-2-0 Viktoriia Dudakova Height 5' 5"" Reach 67"" UFC fights 4 View profile →",boutmetrics,boutmetrics,True,https://www.ufc.com/athlete/viktoriia-dudakova
Vince Morales,https://boutmetrics.com/explore/fighters/vince-morales,67.0,70.0,Orthodox,3-9-0,12,"Orthodox 3-9-0 Vince Morales “ Vandetta ” Height 5' 7"" Reach 70"" UFC fights 12 View profile →",boutmetrics,boutmetrics,True,https://www.ufc.com/athlete/vince-morales
Vinicius Salvador,https://boutmetrics.com/explore/fighters/vinicius-salvador,67.0,70.0,Southpaw,0-3-0,3,"Southpaw 0-3-0 Vinicius Salvador Height 5' 7"" Reach 70"" UFC fights 3 View profile →",boutmetrics,boutmetrics,True,https://www.ufc.com/athlete/vinicius-salvador
Vitor Petrino,https://boutmetrics.com/explore/fighters/vitor-petrino,74.0,77.0,Orthodox,8-2-0,10,"Orthodox 8-2-0 Vitor Petrino Height 6' 2"" Reach 77"" UFC fights 10 View profile →",boutmetrics,boutmetrics,False,
Waldo Cortes Acosta,https://boutmetrics.com/explore/fighters/waldo-cortes-acosta,76.0,78.0,Orthodox,0-0-0,0,"Orthodox 0-0-0 Waldo Cortes-Acosta “ Salsa Boy ” Height 6' 4"" Reach 78"" UFC fights 0 View profile →",boutmetrics,boutmetrics,True,https://www.ufc.com/athlete/waldo-cortes-acosta
Wes Schultz,https://boutmetrics.com/explore/fighters/wes-schultz,74.0,77.0,Orthodox,1-2-0,3,"Orthodox 1-2-0 Wes Schultz “ Party Time ” Height 6' 2"" Reach 77"" UFC fights 3 View profile →",boutmetrics,boutmetrics,True,https://www.ufc.com/athlete/wes-schultz
Will Currie,https://boutmetrics.com/explore/fighters/will-currie,75.0,76.0,Switch,0-0-0,0,"Switch 0-0-0 Will Currie “ Drago ” Height 6' 3"" Reach 76"" UFC fights 0 View profile →",boutmetrics,boutmetrics,False,
Will Santiago,https://boutmetrics.com/explore/fighters/will-santiago,67.0,69.5,Orthodox,0-0-0,0,"Orthodox 0-0-0 Will Santiago “ The Brown Bomber ” Height 5' 7"" Reach — UFC fights 0 View profile →",boutmetrics,ufc.com_verified_static_fill,True,https://www.ufc.com/athlete/will-santiago
William Knight,https://boutmetrics.com/explore/fighters/william-knight,70.0,73.0,Orthodox,3-4-0,7,"Orthodox 3-4-0 William Knight “ Knightmare ” Height 5' 10"" Reach 73"" UFC fights 7 View profile →",boutmetrics,boutmetrics,False,
Xavier Franklin,https://boutmetrics.com/explore/fighters/xavier-franklin,66.0,66.0,Southpaw,0-0-0,0,"Southpaw 0-0-0 Xavier Franklin “ Mr. Benjamin ” Height 5' 6"" Reach 66"" UFC fights 0 View profile →",boutmetrics,boutmetrics,False,
Yadier del Valle,https://boutmetrics.com/explore/fighters/yadier-del-valle,69.0,69.0,Southpaw,3-1-0,4,"Southpaw 3-1-0 Yadier del Valle “ The Cuban Problem ” Height 5' 9"" Reach 69"" UFC fights 4 View profile →",boutmetrics,boutmetrics,True,https://www.ufc.com/athlete/yadier-del-valle
Yazan Hajeh,https://boutmetrics.com/explore/fighters/yazan-hajeh,69.0,73.0,Orthodox,0-0-0,0,"Orthodox 0-0-0 Yazan Hajeh “ Yazzle Dazzle ” Height 5' 9"" Reach — UFC fights 0 View profile →",boutmetrics,ufc.com_verified_static_fill,True,https://www.ufc.com/athlete/yazan-hajeh
Yohan Lainesse,https://boutmetrics.com/explore/fighters/yohan-lainesse,73.0,76.0,Orthodox,1-3-0,4,"Orthodox 1-3-0 Yohan Lainesse “ White Lion ” Height 6' 1"" Reach 76"" UFC fights 4 View profile →",boutmetrics,boutmetrics,True,https://www.ufc.com/athlete/yohan-lainesse
Yorgan De Castro,https://boutmetrics.com/explore/fighters/yorgan-de-castro,72.0,74.0,Orthodox,1-3-0,4,"Orthodox 1-3-0 Yorgan De Castro “ The Mad Titan ” Height 6' 0"" Reach 74"" UFC fights 4 View profile →",boutmetrics,boutmetrics,True,https://www.ufc.com/athlete/yorgan-de-castro
Yousri Belgaroui,https://boutmetrics.com/explore/fighters/yousri-belgaroui,77.0,79.0,Orthodox,3-0-0,3,"Orthodox 3-0-0 Yousri Belgaroui Height 6' 5"" Reach 79"" UFC fights 3 View profile →",boutmetrics,boutmetrics,True,https://www.ufc.com/athlete/yousri-belgaroui
Yuneisy Duben,https://boutmetrics.com/explore/fighters/yuneisy-duben,64.0,65.0,Orthodox,0-2-0,2,"Orthodox 0-2-0 Yuneisy Duben Height 5' 4"" Reach 65"" UFC fights 2 View profile →",boutmetrics,boutmetrics,True,https://www.ufc.com/athlete/yuneisy-duben
Yura Naito,https://boutmetrics.com/explore/fighters/yura-naito,72.0,74.0,Orthodox,0-0-0,0,"Orthodox 0-0-0 Yura Naito “ 2 FACE ” Height 6' 0"" Reach 74"" UFC fights 0 View profile →",boutmetrics,boutmetrics,False,
Yuri Panferov,https://boutmetrics.com/explore/fighters/yuri-panferov,73.0,72.0,Orthodox,0-0-0,0,"Orthodox 0-0-0 Yuri Panferov “ The Russian Polar Bear ” Height 6' 1"" Reach 72"" UFC fights 0 View profile →",boutmetrics,boutmetrics,False,
Yusaku Kinoshita,https://boutmetrics.com/explore/fighters/yusaku-kinoshita,72.0,71.0,Southpaw,0-2-0,2,"Southpaw 0-2-0 Yusaku Kinoshita Height 6' 0"" Reach 71"" UFC fights 2 View profile →",boutmetrics,boutmetrics,True,https://www.ufc.com/athlete/yusaku-kinoshita
Zach Zane,https://boutmetrics.com/explore/fighters/zach-zane,67.0,69.0,Southpaw,0-0-0,0,"Southpaw 0-0-0 Zach Zane “ The Hurricane ” Height 5' 7"" Reach 69"" UFC fights 0 View profile →",boutmetrics,boutmetrics,True,https://www.ufc.com/athlete/zach-zane
Zaurbek Sabanov,https://boutmetrics.com/explore/fighters/zaurbek-sabanov,,,Stance —,0-0-0,0,Stance — 0-0-0 Zaurbek Sabanov Height — Reach — UFC fights 0 View profile →,,,False,
Zevan Hunt,https://boutmetrics.com/explore/fighters/zevan-hunt,,,Stance —,0-0-0,0,Stance — 0-0-0 Zevan Hunt “ Cheese ” Height — Reach — UFC fights 0 View profile →,,,False,
