fighter,field,candidate_value,raw_value,currently_missing,strict_existing_value,source_url,article_title,table_index,side,source,lane,policy
Aaron McKenna,age,27,27,False,,https://boxing-data.com/blog/aaron-mckenna-vs-etinosa-oliha-fight-preview-prediction-analysis,"Aaron McKenna vs Etinosa Oliha: IBF Middleweight Title Fight Preview, Prediction & Analysis",0,A,boxing-data.com public article,BROAD,candidate_corroboration_only
Etinosa Oliha,age,28,28,False,,https://boxing-data.com/blog/aaron-mckenna-vs-etinosa-oliha-fight-preview-prediction-analysis,"Aaron McKenna vs Etinosa Oliha: IBF Middleweight Title Fight Preview, Prediction & Analysis",0,B,boxing-data.com public article,BROAD,candidate_corroboration_only
Aaron McKenna,record,20-0,20-0,False,,https://boxing-data.com/blog/aaron-mckenna-vs-etinosa-oliha-fight-preview-prediction-analysis,"Aaron McKenna vs Etinosa Oliha: IBF Middleweight Title Fight Preview, Prediction & Analysis",0,A,boxing-data.com public article,BROAD,candidate_corroboration_only
Etinosa Oliha,record,22-0,22-0,False,,https://boxing-data.com/blog/aaron-mckenna-vs-etinosa-oliha-fight-preview-prediction-analysis,"Aaron McKenna vs Etinosa Oliha: IBF Middleweight Title Fight Preview, Prediction & Analysis",0,B,boxing-data.com public article,BROAD,candidate_corroboration_only
Aaron McKenna,ko_wins,10,10 (50%),False,,https://boxing-data.com/blog/aaron-mckenna-vs-etinosa-oliha-fight-preview-prediction-analysis,"Aaron McKenna vs Etinosa Oliha: IBF Middleweight Title Fight Preview, Prediction & Analysis",0,A,boxing-data.com public article,BROAD,candidate_corroboration_only
Etinosa Oliha,ko_wins,10,10 (45%),False,,https://boxing-data.com/blog/aaron-mckenna-vs-etinosa-oliha-fight-preview-prediction-analysis,"Aaron McKenna vs Etinosa Oliha: IBF Middleweight Title Fight Preview, Prediction & Analysis",0,B,boxing-data.com public article,BROAD,candidate_corroboration_only
Aaron McKenna,reach_cm,190.5,75in,False,191.0,https://boxing-data.com/blog/aaron-mckenna-vs-etinosa-oliha-fight-preview-prediction-analysis,"Aaron McKenna vs Etinosa Oliha: IBF Middleweight Title Fight Preview, Prediction & Analysis",0,A,boxing-data.com public article,BROAD,candidate_corroboration_only
Aaron McKenna,stance,orthodox,Orthodox,False,orthodox,https://boxing-data.com/blog/aaron-mckenna-vs-etinosa-oliha-fight-preview-prediction-analysis,"Aaron McKenna vs Etinosa Oliha: IBF Middleweight Title Fight Preview, Prediction & Analysis",0,A,boxing-data.com public article,BROAD,candidate_corroboration_only
Etinosa Oliha,stance,orthodox,Orthodox,False,orthodox,https://boxing-data.com/blog/aaron-mckenna-vs-etinosa-oliha-fight-preview-prediction-analysis,"Aaron McKenna vs Etinosa Oliha: IBF Middleweight Title Fight Preview, Prediction & Analysis",0,B,boxing-data.com public article,BROAD,candidate_corroboration_only
Carlos Adames,nationality,Dominican Republic,Dominican Republic,False,Dominican [ 1 ],https://boxing-data.com/blog/adames-vs-williams-2-fight-preview-prediction-analysis,"Carlos Adames vs Austin Williams: WBC Middleweight Title Preview, Prediction & Analysis",1,A,boxing-data.com public article,BROAD,candidate_corroboration_only
Austin Williams,nationality,USA,USA,False,USA,https://boxing-data.com/blog/adames-vs-williams-2-fight-preview-prediction-analysis,"Carlos Adames vs Austin Williams: WBC Middleweight Title Preview, Prediction & Analysis",1,B,boxing-data.com public article,BROAD,candidate_corroboration_only
Carlos Adames,age,30,30,False,,https://boxing-data.com/blog/adames-vs-williams-2-fight-preview-prediction-analysis,"Carlos Adames vs Austin Williams: WBC Middleweight Title Preview, Prediction & Analysis",1,A,boxing-data.com public article,BROAD,candidate_corroboration_only
Austin Williams,age,29,29,False,,https://boxing-data.com/blog/adames-vs-williams-2-fight-preview-prediction-analysis,"Carlos Adames vs Austin Williams: WBC Middleweight Title Preview, Prediction & Analysis",1,B,boxing-data.com public article,BROAD,candidate_corroboration_only
Carlos Adames,height_cm,180.0,5â11â / 180cm,False,180.0,https://boxing-data.com/blog/adames-vs-williams-2-fight-preview-prediction-analysis,"Carlos Adames vs Austin Williams: WBC Middleweight Title Preview, Prediction & Analysis",1,A,boxing-data.com public article,BROAD,candidate_corroboration_only
Austin Williams,height_cm,180.0,5â11â / 180cm,False,183.0,https://boxing-data.com/blog/adames-vs-williams-2-fight-preview-prediction-analysis,"Carlos Adames vs Austin Williams: WBC Middleweight Title Preview, Prediction & Analysis",1,B,boxing-data.com public article,BROAD,candidate_corroboration_only
Carlos Adames,reach_cm,185.0,72.8â / 185cm,False,185.0,https://boxing-data.com/blog/adames-vs-williams-2-fight-preview-prediction-analysis,"Carlos Adames vs Austin Williams: WBC Middleweight Title Preview, Prediction & Analysis",1,A,boxing-data.com public article,BROAD,candidate_corroboration_only
Austin Williams,reach_cm,198.0,78â / 198cm,False,198.0,https://boxing-data.com/blog/adames-vs-williams-2-fight-preview-prediction-analysis,"Carlos Adames vs Austin Williams: WBC Middleweight Title Preview, Prediction & Analysis",1,B,boxing-data.com public article,BROAD,candidate_corroboration_only
Carlos Adames,stance,orthodox,Orthodox,False,orthodox,https://boxing-data.com/blog/adames-vs-williams-2-fight-preview-prediction-analysis,"Carlos Adames vs Austin Williams: WBC Middleweight Title Preview, Prediction & Analysis",1,A,boxing-data.com public article,BROAD,candidate_corroboration_only
Austin Williams,stance,southpaw,Southpaw,False,orthodox,https://boxing-data.com/blog/adames-vs-williams-2-fight-preview-prediction-analysis,"Carlos Adames vs Austin Williams: WBC Middleweight Title Preview, Prediction & Analysis",1,B,boxing-data.com public article,BROAD,candidate_corroboration_only
Carlos Adames,record,24-1-1,24-1-1,False,,https://boxing-data.com/blog/adames-vs-williams-2-fight-preview-prediction-analysis,"Carlos Adames vs Austin Williams: WBC Middleweight Title Preview, Prediction & Analysis",1,A,boxing-data.com public article,BROAD,candidate_corroboration_only
Austin Williams,record,20-1,20-1,False,,https://boxing-data.com/blog/adames-vs-williams-2-fight-preview-prediction-analysis,"Carlos Adames vs Austin Williams: WBC Middleweight Title Preview, Prediction & Analysis",1,B,boxing-data.com public article,BROAD,candidate_corroboration_only
Carlos Adames,debut,2015,2015,False,,https://boxing-data.com/blog/adames-vs-williams-2-fight-preview-prediction-analysis,"Carlos Adames vs Austin Williams: WBC Middleweight Title Preview, Prediction & Analysis",1,A,boxing-data.com public article,BROAD,candidate_corroboration_only
Austin Williams,debut,2019,2019,False,,https://boxing-data.com/blog/adames-vs-williams-2-fight-preview-prediction-analysis,"Carlos Adames vs Austin Williams: WBC Middleweight Title Preview, Prediction & Analysis",1,B,boxing-data.com public article,BROAD,candidate_corroboration_only
Anthony Joshua,division,Heavyweight,Heavyweight,False,,https://boxing-data.com/blog/anthony-joshua-vs-arslanbek-prenga-fight-preview-prediction-analysis,"Anthony Joshua vs Kristian Prenga: Fight Preview, Prediction & Analysis",0,single,boxing-data.com public article,BROAD,candidate_corroboration_only
Anthony Joshua,title_context,Non-title heavyweight main event.,Non-title heavyweight main event.,False,,https://boxing-data.com/blog/anthony-joshua-vs-arslanbek-prenga-fight-preview-prediction-analysis,"Anthony Joshua vs Kristian Prenga: Fight Preview, Prediction & Analysis",0,single,boxing-data.com public article,BROAD,candidate_corroboration_only
Conor Wallace,division,Light Heavyweight,Light Heavyweight,False,,https://boxing-data.com/blog/ben-whittaker-vs-conor-wallace-fight-results-review-analysis,"Ben Whittaker vs Conor Wallace: Fight Results, Review & Analysis",0,single,boxing-data.com public article,BROAD,candidate_corroboration_only
Conor Wallace,title_context,IBF World Light Heavyweight final eliminator,IBF World Light Heavyweight final eliminator,False,,https://boxing-data.com/blog/ben-whittaker-vs-conor-wallace-fight-results-review-analysis,"Ben Whittaker vs Conor Wallace: Fight Results, Review & Analysis",0,single,boxing-data.com public article,BROAD,candidate_corroboration_only
Conor Benn,age,28,28,False,,https://boxing-data.com/blog/benn-vs-prograis-fight-preview-prediction-analysis,"Conor Benn vs Regis Prograis: Fight Preview, Prediction & Analysis",3,A,boxing-data.com public article,BROAD,candidate_corroboration_only
Regis Prograis,age,36,36,False,,https://boxing-data.com/blog/benn-vs-prograis-fight-preview-prediction-analysis,"Conor Benn vs Regis Prograis: Fight Preview, Prediction & Analysis",3,B,boxing-data.com public article,BROAD,candidate_corroboration_only
Conor Benn,record,24-1-0,24-1-0,False,,https://boxing-data.com/blog/benn-vs-prograis-fight-preview-prediction-analysis,"Conor Benn vs Regis Prograis: Fight Preview, Prediction & Analysis",3,A,boxing-data.com public article,BROAD,candidate_corroboration_only
Regis Prograis,record,30-3-0,30-3-0,False,,https://boxing-data.com/blog/benn-vs-prograis-fight-preview-prediction-analysis,"Conor Benn vs Regis Prograis: Fight Preview, Prediction & Analysis",3,B,boxing-data.com public article,BROAD,candidate_corroboration_only
Conor Benn,height_cm,173.0,5â8â / 173 cm,False,173.0,https://boxing-data.com/blog/benn-vs-prograis-fight-preview-prediction-analysis,"Conor Benn vs Regis Prograis: Fight Preview, Prediction & Analysis",3,A,boxing-data.com public article,BROAD,candidate_corroboration_only
Regis Prograis,height_cm,173.0,5â8â / 173 cm,False,173.0,https://boxing-data.com/blog/benn-vs-prograis-fight-preview-prediction-analysis,"Conor Benn vs Regis Prograis: Fight Preview, Prediction & Analysis",3,B,boxing-data.com public article,BROAD,candidate_corroboration_only
Conor Benn,reach_cm,173.0,68.1â / 173 cm,False,173.0,https://boxing-data.com/blog/benn-vs-prograis-fight-preview-prediction-analysis,"Conor Benn vs Regis Prograis: Fight Preview, Prediction & Analysis",3,A,boxing-data.com public article,BROAD,candidate_corroboration_only
Regis Prograis,reach_cm,170.0,66.9â / 170 cm,False,170.0,https://boxing-data.com/blog/benn-vs-prograis-fight-preview-prediction-analysis,"Conor Benn vs Regis Prograis: Fight Preview, Prediction & Analysis",3,B,boxing-data.com public article,BROAD,candidate_corroboration_only
Conor Benn,stance,orthodox,Orthodox,False,orthodox,https://boxing-data.com/blog/benn-vs-prograis-fight-preview-prediction-analysis,"Conor Benn vs Regis Prograis: Fight Preview, Prediction & Analysis",3,A,boxing-data.com public article,BROAD,candidate_corroboration_only
Regis Prograis,stance,southpaw,Southpaw,False,southpaw,https://boxing-data.com/blog/benn-vs-prograis-fight-preview-prediction-analysis,"Conor Benn vs Regis Prograis: Fight Preview, Prediction & Analysis",3,B,boxing-data.com public article,BROAD,candidate_corroboration_only
Denzel Bentley,age,30,30,False,,https://boxing-data.com/blog/bentley-vs-saavedra-fight-preview-prediction-analysis,"Denzel Bentley vs Endry Saavedra: Fight Preview, Prediction & Analysis",0,A,boxing-data.com public article,BROAD,candidate_corroboration_only
Endry Saavedra,age,34,34,False,,https://boxing-data.com/blog/bentley-vs-saavedra-fight-preview-prediction-analysis,"Denzel Bentley vs Endry Saavedra: Fight Preview, Prediction & Analysis",0,B,boxing-data.com public article,BROAD,candidate_corroboration_only
Denzel Bentley,nationality,England,England,False,British,https://boxing-data.com/blog/bentley-vs-saavedra-fight-preview-prediction-analysis,"Denzel Bentley vs Endry Saavedra: Fight Preview, Prediction & Analysis",0,A,boxing-data.com public article,BROAD,candidate_corroboration_only
Endry Saavedra,nationality,Venezuela,Venezuela,False,Venezuela,https://boxing-data.com/blog/bentley-vs-saavedra-fight-preview-prediction-analysis,"Denzel Bentley vs Endry Saavedra: Fight Preview, Prediction & Analysis",0,B,boxing-data.com public article,BROAD,candidate_corroboration_only
Denzel Bentley,record,21-3-1,21-3-1,False,,https://boxing-data.com/blog/bentley-vs-saavedra-fight-preview-prediction-analysis,"Denzel Bentley vs Endry Saavedra: Fight Preview, Prediction & Analysis",0,A,boxing-data.com public article,BROAD,candidate_corroboration_only
Endry Saavedra,record,17-1-1,17-1-1,False,,https://boxing-data.com/blog/bentley-vs-saavedra-fight-preview-prediction-analysis,"Denzel Bentley vs Endry Saavedra: Fight Preview, Prediction & Analysis",0,B,boxing-data.com public article,BROAD,candidate_corroboration_only
Denzel Bentley,height_cm,180.0,5â11â / 180cm,False,180.0,https://boxing-data.com/blog/bentley-vs-saavedra-fight-preview-prediction-analysis,"Denzel Bentley vs Endry Saavedra: Fight Preview, Prediction & Analysis",0,A,boxing-data.com public article,BROAD,candidate_corroboration_only
Endry Saavedra,height_cm,179.0,5â10â / 179cm,False,179.0,https://boxing-data.com/blog/bentley-vs-saavedra-fight-preview-prediction-analysis,"Denzel Bentley vs Endry Saavedra: Fight Preview, Prediction & Analysis",0,B,boxing-data.com public article,BROAD,candidate_corroboration_only
Denzel Bentley,reach_cm,183.0,72â / 183cm,False,183.0,https://boxing-data.com/blog/bentley-vs-saavedra-fight-preview-prediction-analysis,"Denzel Bentley vs Endry Saavedra: Fight Preview, Prediction & Analysis",0,A,boxing-data.com public article,BROAD,candidate_corroboration_only
Endry Saavedra,reach_cm,188.0,74â / 188cm,False,188.0,https://boxing-data.com/blog/bentley-vs-saavedra-fight-preview-prediction-analysis,"Denzel Bentley vs Endry Saavedra: Fight Preview, Prediction & Analysis",0,B,boxing-data.com public article,BROAD,candidate_corroboration_only
Denzel Bentley,stance,orthodox,Orthodox,False,orthodox,https://boxing-data.com/blog/bentley-vs-saavedra-fight-preview-prediction-analysis,"Denzel Bentley vs Endry Saavedra: Fight Preview, Prediction & Analysis",0,A,boxing-data.com public article,BROAD,candidate_corroboration_only
Endry Saavedra,stance,orthodox,Orthodox,False,orthodox,https://boxing-data.com/blog/bentley-vs-saavedra-fight-preview-prediction-analysis,"Denzel Bentley vs Endry Saavedra: Fight Preview, Prediction & Analysis",0,B,boxing-data.com public article,BROAD,candidate_corroboration_only
Denzel Bentley,division,Middleweight,Middleweight,False,,https://boxing-data.com/blog/bentley-vs-saavedra-fight-preview-prediction-analysis,"Denzel Bentley vs Endry Saavedra: Fight Preview, Prediction & Analysis",0,A,boxing-data.com public article,BROAD,candidate_corroboration_only
Endry Saavedra,division,Middleweight,Middleweight,False,,https://boxing-data.com/blog/bentley-vs-saavedra-fight-preview-prediction-analysis,"Denzel Bentley vs Endry Saavedra: Fight Preview, Prediction & Analysis",0,B,boxing-data.com public article,BROAD,candidate_corroboration_only
Denzel Bentley,debut,2017,2017,False,,https://boxing-data.com/blog/bentley-vs-saavedra-fight-preview-prediction-analysis,"Denzel Bentley vs Endry Saavedra: Fight Preview, Prediction & Analysis",0,A,boxing-data.com public article,BROAD,candidate_corroboration_only
Endry Saavedra,debut,2018,2018,False,,https://boxing-data.com/blog/bentley-vs-saavedra-fight-preview-prediction-analysis,"Denzel Bentley vs Endry Saavedra: Fight Preview, Prediction & Analysis",0,B,boxing-data.com public article,BROAD,candidate_corroboration_only
Brad Pauls,division,Middleweight (160 lb),Middleweight (160 lb),False,,https://boxing-data.com/blog/brad-pauls-vs-bradley-goldsmith-fight-preview-prediction-analysis,"Brad Pauls vs Bradley Goldsmith: Fight Preview, Prediction & Analysis",0,single,boxing-data.com public article,BROAD,candidate_corroboration_only
Callum Walsh,age,25,25,False,,https://boxing-data.com/blog/callum-walsh-vs-tyler-denny-fight-preview-prediction-analysis,"Callum Walsh vs Tyler Denny: Fight Preview, Prediction & Analysis",0,A,boxing-data.com public article,BROAD,candidate_corroboration_only
Tyler Denny,age,35,35,False,,https://boxing-data.com/blog/callum-walsh-vs-tyler-denny-fight-preview-prediction-analysis,"Callum Walsh vs Tyler Denny: Fight Preview, Prediction & Analysis",0,B,boxing-data.com public article,BROAD,candidate_corroboration_only
Callum Walsh,record,16-0,16-0,False,,https://boxing-data.com/blog/callum-walsh-vs-tyler-denny-fight-preview-prediction-analysis,"Callum Walsh vs Tyler Denny: Fight Preview, Prediction & Analysis",0,A,boxing-data.com public article,BROAD,candidate_corroboration_only
Tyler Denny,record,21-4-3,21-4-3,False,,https://boxing-data.com/blog/callum-walsh-vs-tyler-denny-fight-preview-prediction-analysis,"Callum Walsh vs Tyler Denny: Fight Preview, Prediction & Analysis",0,B,boxing-data.com public article,BROAD,candidate_corroboration_only
Callum Walsh,ko_wins,10,10 (63%),False,,https://boxing-data.com/blog/callum-walsh-vs-tyler-denny-fight-preview-prediction-analysis,"Callum Walsh vs Tyler Denny: Fight Preview, Prediction & Analysis",0,A,boxing-data.com public article,BROAD,candidate_corroboration_only
Callum Walsh,reach_cm,182.9,72in,False,182.0,https://boxing-data.com/blog/callum-walsh-vs-tyler-denny-fight-preview-prediction-analysis,"Callum Walsh vs Tyler Denny: Fight Preview, Prediction & Analysis",0,A,boxing-data.com public article,BROAD,candidate_corroboration_only
Callum Walsh,stance,southpaw,Southpaw,False,southpaw,https://boxing-data.com/blog/callum-walsh-vs-tyler-denny-fight-preview-prediction-analysis,"Callum Walsh vs Tyler Denny: Fight Preview, Prediction & Analysis",0,A,boxing-data.com public article,BROAD,candidate_corroboration_only
Tyler Denny,stance,southpaw,Southpaw,False,southpaw,https://boxing-data.com/blog/callum-walsh-vs-tyler-denny-fight-preview-prediction-analysis,"Callum Walsh vs Tyler Denny: Fight Preview, Prediction & Analysis",0,B,boxing-data.com public article,BROAD,candidate_corroboration_only
Frazer Clarke,age,33,33,False,,https://boxing-data.com/blog/clarke-vs-huni-fight-preview-prediction-analysis,"Frazer Clarke vs Justis Huni: Fight Preview, Prediction & Analysis",3,A,boxing-data.com public article,BROAD,candidate_corroboration_only
Justis Huni,age,26,26,False,,https://boxing-data.com/blog/clarke-vs-huni-fight-preview-prediction-analysis,"Frazer Clarke vs Justis Huni: Fight Preview, Prediction & Analysis",3,B,boxing-data.com public article,BROAD,candidate_corroboration_only
Frazer Clarke,record,9-2-1,9-2-1,False,,https://boxing-data.com/blog/clarke-vs-huni-fight-preview-prediction-analysis,"Frazer Clarke vs Justis Huni: Fight Preview, Prediction & Analysis",3,A,boxing-data.com public article,BROAD,candidate_corroboration_only
Justis Huni,record,12-1-0,12-1-0,False,,https://boxing-data.com/blog/clarke-vs-huni-fight-preview-prediction-analysis,"Frazer Clarke vs Justis Huni: Fight Preview, Prediction & Analysis",3,B,boxing-data.com public article,BROAD,candidate_corroboration_only
Frazer Clarke,height_cm,198.0,6â6â / 198 cm,False,197.0,https://boxing-data.com/blog/clarke-vs-huni-fight-preview-prediction-analysis,"Frazer Clarke vs Justis Huni: Fight Preview, Prediction & Analysis",3,A,boxing-data.com public article,BROAD,candidate_corroboration_only
Justis Huni,height_cm,193.0,6â4â / 193 cm,False,193.0,https://boxing-data.com/blog/clarke-vs-huni-fight-preview-prediction-analysis,"Frazer Clarke vs Justis Huni: Fight Preview, Prediction & Analysis",3,B,boxing-data.com public article,BROAD,candidate_corroboration_only
Frazer Clarke,reach_cm,198.0,78â / 198 cm,False,198.0,https://boxing-data.com/blog/clarke-vs-huni-fight-preview-prediction-analysis,"Frazer Clarke vs Justis Huni: Fight Preview, Prediction & Analysis",3,A,boxing-data.com public article,BROAD,candidate_corroboration_only
Justis Huni,reach_cm,194.0,76.4â / 194 cm,False,194.0,https://boxing-data.com/blog/clarke-vs-huni-fight-preview-prediction-analysis,"Frazer Clarke vs Justis Huni: Fight Preview, Prediction & Analysis",3,B,boxing-data.com public article,BROAD,candidate_corroboration_only
Frazer Clarke,stance,orthodox,Orthodox,False,orthodox,https://boxing-data.com/blog/clarke-vs-huni-fight-preview-prediction-analysis,"Frazer Clarke vs Justis Huni: Fight Preview, Prediction & Analysis",3,A,boxing-data.com public article,BROAD,candidate_corroboration_only
Justis Huni,stance,orthodox,Orthodox,False,orthodox,https://boxing-data.com/blog/clarke-vs-huni-fight-preview-prediction-analysis,"Frazer Clarke vs Justis Huni: Fight Preview, Prediction & Analysis",3,B,boxing-data.com public article,BROAD,candidate_corroboration_only
Frazer Clarke,debut,2022,2022,False,,https://boxing-data.com/blog/clarke-vs-huni-fight-preview-prediction-analysis,"Frazer Clarke vs Justis Huni: Fight Preview, Prediction & Analysis",3,A,boxing-data.com public article,BROAD,candidate_corroboration_only
Justis Huni,debut,2020,2020,False,,https://boxing-data.com/blog/clarke-vs-huni-fight-preview-prediction-analysis,"Frazer Clarke vs Justis Huni: Fight Preview, Prediction & Analysis",3,B,boxing-data.com public article,BROAD,candidate_corroboration_only
Frazer Clarke,nationality,United Kingdom,United Kingdom,False,British,https://boxing-data.com/blog/clarke-vs-tshikeva-fight-preview,"Frazer Clarke vs Jeamie Tshikeva: Fight Preview, Stats & Prediction - British Heavyweight Title Fight",0,A,boxing-data.com public article,BROAD,candidate_corroboration_only
Jeamie Tshikeva,nationality,United Kingdom,United Kingdom,False,English,https://boxing-data.com/blog/clarke-vs-tshikeva-fight-preview,"Frazer Clarke vs Jeamie Tshikeva: Fight Preview, Stats & Prediction - British Heavyweight Title Fight",0,B,boxing-data.com public article,BROAD,candidate_corroboration_only
Frazer Clarke,age,34,34,False,,https://boxing-data.com/blog/clarke-vs-tshikeva-fight-preview,"Frazer Clarke vs Jeamie Tshikeva: Fight Preview, Stats & Prediction - British Heavyweight Title Fight",0,A,boxing-data.com public article,BROAD,candidate_corroboration_only
Jeamie Tshikeva,age,27,27,False,,https://boxing-data.com/blog/clarke-vs-tshikeva-fight-preview,"Frazer Clarke vs Jeamie Tshikeva: Fight Preview, Stats & Prediction - British Heavyweight Title Fight",0,B,boxing-data.com public article,BROAD,candidate_corroboration_only
Frazer Clarke,height_cm,198.0,6â 6â / 198 cm,False,197.0,https://boxing-data.com/blog/clarke-vs-tshikeva-fight-preview,"Frazer Clarke vs Jeamie Tshikeva: Fight Preview, Stats & Prediction - British Heavyweight Title Fight",0,A,boxing-data.com public article,BROAD,candidate_corroboration_only
Jeamie Tshikeva,height_cm,193.0,6â 4â / 193 cm,False,193.0,https://boxing-data.com/blog/clarke-vs-tshikeva-fight-preview,"Frazer Clarke vs Jeamie Tshikeva: Fight Preview, Stats & Prediction - British Heavyweight Title Fight",0,B,boxing-data.com public article,BROAD,candidate_corroboration_only
Frazer Clarke,reach_cm,198.0,78â / 198 cm,False,198.0,https://boxing-data.com/blog/clarke-vs-tshikeva-fight-preview,"Frazer Clarke vs Jeamie Tshikeva: Fight Preview, Stats & Prediction - British Heavyweight Title Fight",0,A,boxing-data.com public article,BROAD,candidate_corroboration_only
Frazer Clarke,stance,orthodox,Orthodox,False,orthodox,https://boxing-data.com/blog/clarke-vs-tshikeva-fight-preview,"Frazer Clarke vs Jeamie Tshikeva: Fight Preview, Stats & Prediction - British Heavyweight Title Fight",0,A,boxing-data.com public article,BROAD,candidate_corroboration_only
Jeamie Tshikeva,stance,orthodox,Orthodox,False,orthodox,https://boxing-data.com/blog/clarke-vs-tshikeva-fight-preview,"Frazer Clarke vs Jeamie Tshikeva: Fight Preview, Stats & Prediction - British Heavyweight Title Fight",0,B,boxing-data.com public article,BROAD,candidate_corroboration_only
Frazer Clarke,record,9-1-1,9-1-1,False,,https://boxing-data.com/blog/clarke-vs-tshikeva-fight-preview,"Frazer Clarke vs Jeamie Tshikeva: Fight Preview, Stats & Prediction - British Heavyweight Title Fight",0,A,boxing-data.com public article,BROAD,candidate_corroboration_only
Jeamie Tshikeva,record,8-2-0,8-2-0,False,,https://boxing-data.com/blog/clarke-vs-tshikeva-fight-preview,"Frazer Clarke vs Jeamie Tshikeva: Fight Preview, Stats & Prediction - British Heavyweight Title Fight",0,B,boxing-data.com public article,BROAD,candidate_corroboration_only
Frazer Clarke,ko_pct,78,78%,False,,https://boxing-data.com/blog/clarke-vs-tshikeva-fight-preview,"Frazer Clarke vs Jeamie Tshikeva: Fight Preview, Stats & Prediction - British Heavyweight Title Fight",0,A,boxing-data.com public article,BROAD,candidate_corroboration_only
Jeamie Tshikeva,ko_pct,63,63%,False,,https://boxing-data.com/blog/clarke-vs-tshikeva-fight-preview,"Frazer Clarke vs Jeamie Tshikeva: Fight Preview, Stats & Prediction - British Heavyweight Title Fight",0,B,boxing-data.com public article,BROAD,candidate_corroboration_only
Ben Vaughan,title_context,British & Commonwealth Welterweight Championships,British & Commonwealth Welterweight Championships,False,,https://boxing-data.com/blog/constantin-ursu-vs-ben-vaughan-fight-preview-prediction-analysis,"Constantin Ursu vs Ben Vaughan: Fight Preview, Prediction & Analysis",0,single,boxing-data.com public article,BROAD,candidate_corroboration_only
Kieron Conway,record,23-3-1,23-3-1,False,,https://boxing-data.com/blog/conway-vs-liddard-preview-prediction,"Conway vs. Liddard: Fight Preview, Stats, and Prediction - British Middleweight Title Fight",0,A,boxing-data.com public article,BROAD,candidate_corroboration_only
George Liddard,record,12-0,12-0,False,,https://boxing-data.com/blog/conway-vs-liddard-preview-prediction,"Conway vs. Liddard: Fight Preview, Stats, and Prediction - British Middleweight Title Fight",0,B,boxing-data.com public article,BROAD,candidate_corroboration_only
Kieron Conway,ko_pct,30,30%,False,,https://boxing-data.com/blog/conway-vs-liddard-preview-prediction,"Conway vs. Liddard: Fight Preview, Stats, and Prediction - British Middleweight Title Fight",0,A,boxing-data.com public article,BROAD,candidate_corroboration_only
George Liddard,ko_pct,58,58%,False,,https://boxing-data.com/blog/conway-vs-liddard-preview-prediction,"Conway vs. Liddard: Fight Preview, Stats, and Prediction - British Middleweight Title Fight",0,B,boxing-data.com public article,BROAD,candidate_corroboration_only
Kieron Conway,debut,2017,2017,False,,https://boxing-data.com/blog/conway-vs-liddard-preview-prediction,"Conway vs. Liddard: Fight Preview, Stats, and Prediction - British Middleweight Title Fight",0,A,boxing-data.com public article,BROAD,candidate_corroboration_only
George Liddard,debut,2022,2022,False,,https://boxing-data.com/blog/conway-vs-liddard-preview-prediction,"Conway vs. Liddard: Fight Preview, Stats, and Prediction - British Middleweight Title Fight",0,B,boxing-data.com public article,BROAD,candidate_corroboration_only
Kieron Conway,age,29,29,False,,https://boxing-data.com/blog/conway-vs-liddard-preview-prediction,"Conway vs. Liddard: Fight Preview, Stats, and Prediction - British Middleweight Title Fight",0,A,boxing-data.com public article,BROAD,candidate_corroboration_only
George Liddard,age,23,23,False,,https://boxing-data.com/blog/conway-vs-liddard-preview-prediction,"Conway vs. Liddard: Fight Preview, Stats, and Prediction - British Middleweight Title Fight",0,B,boxing-data.com public article,BROAD,candidate_corroboration_only
Daniel Dubois,record,23-3 (21 KOs),23-3 (21 KOs),False,,https://boxing-data.com/blog/daniel-dubois-vs-fabio-wardley-fight-review,Daniel Dubois Stops Fabio Wardley: WBO Heavyweight Title Fight Review,2,A,boxing-data.com public article,BROAD,candidate_corroboration_only
Fabio Wardley,record,20-1-1 (19 KOs),20-1-1 (19 KOs),False,,https://boxing-data.com/blog/daniel-dubois-vs-fabio-wardley-fight-review,Daniel Dubois Stops Fabio Wardley: WBO Heavyweight Title Fight Review,2,B,boxing-data.com public article,BROAD,candidate_corroboration_only
Daniel Dubois,age,27,27,False,,https://boxing-data.com/blog/daniel-dubois-vs-fabio-wardley-fight-review,Daniel Dubois Stops Fabio Wardley: WBO Heavyweight Title Fight Review,2,A,boxing-data.com public article,BROAD,candidate_corroboration_only
Fabio Wardley,age,30,30,False,,https://boxing-data.com/blog/daniel-dubois-vs-fabio-wardley-fight-review,Daniel Dubois Stops Fabio Wardley: WBO Heavyweight Title Fight Review,2,B,boxing-data.com public article,BROAD,candidate_corroboration_only
Daniel Dubois,height_cm,196.0,6â5â / 196 cm,False,196.0,https://boxing-data.com/blog/daniel-dubois-vs-fabio-wardley-fight-review,Daniel Dubois Stops Fabio Wardley: WBO Heavyweight Title Fight Review,2,A,boxing-data.com public article,BROAD,candidate_corroboration_only
Fabio Wardley,height_cm,196.0,6â5â / 196 cm,False,196.0,https://boxing-data.com/blog/daniel-dubois-vs-fabio-wardley-fight-review,Daniel Dubois Stops Fabio Wardley: WBO Heavyweight Title Fight Review,2,B,boxing-data.com public article,BROAD,candidate_corroboration_only
Daniel Dubois,reach_cm,198.0,78â / 198 cm,False,198.0,https://boxing-data.com/blog/daniel-dubois-vs-fabio-wardley-fight-review,Daniel Dubois Stops Fabio Wardley: WBO Heavyweight Title Fight Review,2,A,boxing-data.com public article,BROAD,candidate_corroboration_only
Fabio Wardley,reach_cm,198.0,78â / 198 cm,False,198.0,https://boxing-data.com/blog/daniel-dubois-vs-fabio-wardley-fight-review,Daniel Dubois Stops Fabio Wardley: WBO Heavyweight Title Fight Review,2,B,boxing-data.com public article,BROAD,candidate_corroboration_only
Daniel Dubois,stance,orthodox,Orthodox,False,orthodox,https://boxing-data.com/blog/daniel-dubois-vs-fabio-wardley-fight-review,Daniel Dubois Stops Fabio Wardley: WBO Heavyweight Title Fight Review,2,A,boxing-data.com public article,BROAD,candidate_corroboration_only
Fabio Wardley,stance,orthodox,Orthodox,False,orthodox,https://boxing-data.com/blog/daniel-dubois-vs-fabio-wardley-fight-review,Daniel Dubois Stops Fabio Wardley: WBO Heavyweight Title Fight Review,2,B,boxing-data.com public article,BROAD,candidate_corroboration_only
Daniel Dubois,nationality,English,English,False,United Kingdom,https://boxing-data.com/blog/daniel-dubois-vs-fabio-wardley-fight-review,Daniel Dubois Stops Fabio Wardley: WBO Heavyweight Title Fight Review,2,A,boxing-data.com public article,BROAD,candidate_corroboration_only
Fabio Wardley,nationality,English,English,False,British,https://boxing-data.com/blog/daniel-dubois-vs-fabio-wardley-fight-review,Daniel Dubois Stops Fabio Wardley: WBO Heavyweight Title Fight Review,2,B,boxing-data.com public article,BROAD,candidate_corroboration_only
Zak Chelli,division,Super Middleweight,Super Middleweight,False,,https://boxing-data.com/blog/david-morrell-vs-zak-chelli-fight-preview-prediction-analysis,"David Morrell vs Zak Chelli: Fight Preview, Prediction & Analysis",0,single,boxing-data.com public article,BROAD,candidate_corroboration_only
Liam Davies,division,Featherweight (126 lb),Featherweight (126 lb),False,,https://boxing-data.com/blog/davies-vs-grandelli-fight-preview-prediction-analysis,"Liam Davies vs Francesco Grandelli: Fight Preview, Prediction & Analysis",0,single,boxing-data.com public article,BROAD,candidate_corroboration_only
Liam Davies,title_context,Vacant EBU European Featherweight Championship,Vacant EBU European Featherweight Championship,False,,https://boxing-data.com/blog/davies-vs-grandelli-fight-preview-prediction-analysis,"Liam Davies vs Francesco Grandelli: Fight Preview, Prediction & Analysis",0,single,boxing-data.com public article,BROAD,candidate_corroboration_only
Fabio Wardley,age,30,30,False,,https://boxing-data.com/blog/fabio-wardley-vs-daniel-dubois-fight-preview-prediction-analysis,"Fabio Wardley vs Daniel Dubois: Fight Preview, Prediction & Analysis",1,A,boxing-data.com public article,BROAD,candidate_corroboration_only
Daniel Dubois,age,27,27,False,,https://boxing-data.com/blog/fabio-wardley-vs-daniel-dubois-fight-preview-prediction-analysis,"Fabio Wardley vs Daniel Dubois: Fight Preview, Prediction & Analysis",1,B,boxing-data.com public article,BROAD,candidate_corroboration_only
Fabio Wardley,record,20-0-1,20-0-1,False,,https://boxing-data.com/blog/fabio-wardley-vs-daniel-dubois-fight-preview-prediction-analysis,"Fabio Wardley vs Daniel Dubois: Fight Preview, Prediction & Analysis",1,A,boxing-data.com public article,BROAD,candidate_corroboration_only
Daniel Dubois,record,22-3,22-3,False,,https://boxing-data.com/blog/fabio-wardley-vs-daniel-dubois-fight-preview-prediction-analysis,"Fabio Wardley vs Daniel Dubois: Fight Preview, Prediction & Analysis",1,B,boxing-data.com public article,BROAD,candidate_corroboration_only
Fabio Wardley,stance,orthodox,Orthodox,False,orthodox,https://boxing-data.com/blog/fabio-wardley-vs-daniel-dubois-fight-preview-prediction-analysis,"Fabio Wardley vs Daniel Dubois: Fight Preview, Prediction & Analysis",1,A,boxing-data.com public article,BROAD,candidate_corroboration_only
Daniel Dubois,stance,orthodox,Orthodox,False,orthodox,https://boxing-data.com/blog/fabio-wardley-vs-daniel-dubois-fight-preview-prediction-analysis,"Fabio Wardley vs Daniel Dubois: Fight Preview, Prediction & Analysis",1,B,boxing-data.com public article,BROAD,candidate_corroboration_only
Fabio Wardley,rounds_boxed,180,~180,False,,https://boxing-data.com/blog/fabio-wardley-vs-daniel-dubois-fight-preview-prediction-analysis,"Fabio Wardley vs Daniel Dubois: Fight Preview, Prediction & Analysis",1,A,boxing-data.com public article,BROAD,candidate_corroboration_only
Daniel Dubois,rounds_boxed,100,100,False,,https://boxing-data.com/blog/fabio-wardley-vs-daniel-dubois-fight-preview-prediction-analysis,"Fabio Wardley vs Daniel Dubois: Fight Preview, Prediction & Analysis",1,B,boxing-data.com public article,BROAD,candidate_corroboration_only
Fabio Wardley,height_cm,196.0,6â5â (196 cm),False,196.0,https://boxing-data.com/blog/fabio-wardley-vs-justis-huni-preview,"Fabio Wardley vs Justis Huni: Predictions, Betting Odds, and Stats Comparison | Expert Preview",0,A,boxing-data.com public article,BROAD,candidate_corroboration_only
Justis Huni,height_cm,193.0,6â4â (193 cm),False,193.0,https://boxing-data.com/blog/fabio-wardley-vs-justis-huni-preview,"Fabio Wardley vs Justis Huni: Predictions, Betting Odds, and Stats Comparison | Expert Preview",0,B,boxing-data.com public article,BROAD,candidate_corroboration_only
Fabio Wardley,reach_cm,198.0,78â (198 cm),False,198.0,https://boxing-data.com/blog/fabio-wardley-vs-justis-huni-preview,"Fabio Wardley vs Justis Huni: Predictions, Betting Odds, and Stats Comparison | Expert Preview",0,A,boxing-data.com public article,BROAD,candidate_corroboration_only
Justis Huni,reach_cm,194.0,76.4â (194 cm),False,194.0,https://boxing-data.com/blog/fabio-wardley-vs-justis-huni-preview,"Fabio Wardley vs Justis Huni: Predictions, Betting Odds, and Stats Comparison | Expert Preview",0,B,boxing-data.com public article,BROAD,candidate_corroboration_only
Fabio Wardley,ko_pct,94,94%,False,,https://boxing-data.com/blog/fabio-wardley-vs-justis-huni-preview,"Fabio Wardley vs Justis Huni: Predictions, Betting Odds, and Stats Comparison | Expert Preview",0,A,boxing-data.com public article,BROAD,candidate_corroboration_only
Justis Huni,ko_pct,58,58%,False,,https://boxing-data.com/blog/fabio-wardley-vs-justis-huni-preview,"Fabio Wardley vs Justis Huni: Predictions, Betting Odds, and Stats Comparison | Expert Preview",0,B,boxing-data.com public article,BROAD,candidate_corroboration_only
Fabio Wardley,age,30,30,False,,https://boxing-data.com/blog/fabio-wardley-vs-justis-huni-preview,"Fabio Wardley vs Justis Huni: Predictions, Betting Odds, and Stats Comparison | Expert Preview",0,A,boxing-data.com public article,BROAD,candidate_corroboration_only
Justis Huni,age,26,26,False,,https://boxing-data.com/blog/fabio-wardley-vs-justis-huni-preview,"Fabio Wardley vs Justis Huni: Predictions, Betting Odds, and Stats Comparison | Expert Preview",0,B,boxing-data.com public article,BROAD,candidate_corroboration_only
Fabio Wardley,stance,orthodox,Orthodox,False,orthodox,https://boxing-data.com/blog/fabio-wardley-vs-justis-huni-preview,"Fabio Wardley vs Justis Huni: Predictions, Betting Odds, and Stats Comparison | Expert Preview",0,A,boxing-data.com public article,BROAD,candidate_corroboration_only
Justis Huni,stance,orthodox,Orthodox,False,orthodox,https://boxing-data.com/blog/fabio-wardley-vs-justis-huni-preview,"Fabio Wardley vs Justis Huni: Predictions, Betting Odds, and Stats Comparison | Expert Preview",0,B,boxing-data.com public article,BROAD,candidate_corroboration_only
Fabio Wardley,record,18-0-1,18-0-1,False,,https://boxing-data.com/blog/fabio-wardley-vs-justis-huni-preview,"Fabio Wardley vs Justis Huni: Predictions, Betting Odds, and Stats Comparison | Expert Preview",0,A,boxing-data.com public article,BROAD,candidate_corroboration_only
Justis Huni,record,12-0-0,12-0-0,False,,https://boxing-data.com/blog/fabio-wardley-vs-justis-huni-preview,"Fabio Wardley vs Justis Huni: Predictions, Betting Odds, and Stats Comparison | Expert Preview",0,B,boxing-data.com public article,BROAD,candidate_corroboration_only
Aqib Fiaz,division,Lightweight (135 lb),Lightweight (135 lb),False,,https://boxing-data.com/blog/fiaz-vs-flynn-fight-preview-prediction-analysis,"Aqib Fiaz vs Jordan Flynn: Fight Preview, Prediction & Analysis",0,single,boxing-data.com public article,BROAD,candidate_corroboration_only
Tyson Fury,record,34-2-1,34-2-1,False,,https://boxing-data.com/blog/fury-vs-makhmudov-fight-preview-prediction-analysis,"Tyson Fury vs Arslanbek Makhmudov: Fight Preview, Prediction & Analysis",1,A,boxing-data.com public article,BROAD,candidate_corroboration_only
Arslanbek Makhmudov,record,21-2-0,21-2-0,False,,https://boxing-data.com/blog/fury-vs-makhmudov-fight-preview-prediction-analysis,"Tyson Fury vs Arslanbek Makhmudov: Fight Preview, Prediction & Analysis",1,B,boxing-data.com public article,BROAD,candidate_corroboration_only
Tyson Fury,age,37,37,False,,https://boxing-data.com/blog/fury-vs-makhmudov-fight-preview-prediction-analysis,"Tyson Fury vs Arslanbek Makhmudov: Fight Preview, Prediction & Analysis",1,A,boxing-data.com public article,BROAD,candidate_corroboration_only
Arslanbek Makhmudov,age,36,36,False,,https://boxing-data.com/blog/fury-vs-makhmudov-fight-preview-prediction-analysis,"Tyson Fury vs Arslanbek Makhmudov: Fight Preview, Prediction & Analysis",1,B,boxing-data.com public article,BROAD,candidate_corroboration_only
Tyson Fury,height_cm,206.0,6â9â / 206cm,False,206.0,https://boxing-data.com/blog/fury-vs-makhmudov-fight-preview-prediction-analysis,"Tyson Fury vs Arslanbek Makhmudov: Fight Preview, Prediction & Analysis",1,A,boxing-data.com public article,BROAD,candidate_corroboration_only
Arslanbek Makhmudov,height_cm,197.0,6â6â / 197cm,False,197.0,https://boxing-data.com/blog/fury-vs-makhmudov-fight-preview-prediction-analysis,"Tyson Fury vs Arslanbek Makhmudov: Fight Preview, Prediction & Analysis",1,B,boxing-data.com public article,BROAD,candidate_corroboration_only
Tyson Fury,reach_cm,216.0,85â / 216cm,False,216.0,https://boxing-data.com/blog/fury-vs-makhmudov-fight-preview-prediction-analysis,"Tyson Fury vs Arslanbek Makhmudov: Fight Preview, Prediction & Analysis",1,A,boxing-data.com public article,BROAD,candidate_corroboration_only
Arslanbek Makhmudov,reach_cm,197.0,77.6â / 197cm,False,194.0,https://boxing-data.com/blog/fury-vs-makhmudov-fight-preview-prediction-analysis,"Tyson Fury vs Arslanbek Makhmudov: Fight Preview, Prediction & Analysis",1,B,boxing-data.com public article,BROAD,candidate_corroboration_only
Tyson Fury,stance,orthodox,Orthodox,False,orthodox,https://boxing-data.com/blog/fury-vs-makhmudov-fight-preview-prediction-analysis,"Tyson Fury vs Arslanbek Makhmudov: Fight Preview, Prediction & Analysis",1,A,boxing-data.com public article,BROAD,candidate_corroboration_only
Arslanbek Makhmudov,stance,orthodox,Orthodox,False,orthodox,https://boxing-data.com/blog/fury-vs-makhmudov-fight-preview-prediction-analysis,"Tyson Fury vs Arslanbek Makhmudov: Fight Preview, Prediction & Analysis",1,B,boxing-data.com public article,BROAD,candidate_corroboration_only
Tyson Fury,debut,2008,2008,False,,https://boxing-data.com/blog/fury-vs-makhmudov-fight-preview-prediction-analysis,"Tyson Fury vs Arslanbek Makhmudov: Fight Preview, Prediction & Analysis",1,A,boxing-data.com public article,BROAD,candidate_corroboration_only
Arslanbek Makhmudov,debut,2018,2018,False,,https://boxing-data.com/blog/fury-vs-makhmudov-fight-preview-prediction-analysis,"Tyson Fury vs Arslanbek Makhmudov: Fight Preview, Prediction & Analysis",1,B,boxing-data.com public article,BROAD,candidate_corroboration_only
Galal Yafai,record,9-0-0,9-0-0,False,,https://boxing-data.com/blog/galal-yafai-vs-rodriguez-jr,Yafai vs. Rodriguez Jr: WBC Flyweight Title Fight Preview,0,A,boxing-data.com public article,BROAD,candidate_corroboration_only
Francisco Rodriguez Jr,record,39-6-1,39-6-1,False,,https://boxing-data.com/blog/galal-yafai-vs-rodriguez-jr,Yafai vs. Rodriguez Jr: WBC Flyweight Title Fight Preview,0,B,boxing-data.com public article,BROAD,candidate_corroboration_only
Galal Yafai,ko_pct,78,78%,False,,https://boxing-data.com/blog/galal-yafai-vs-rodriguez-jr,Yafai vs. Rodriguez Jr: WBC Flyweight Title Fight Preview,0,A,boxing-data.com public article,BROAD,candidate_corroboration_only
Francisco Rodriguez Jr,ko_pct,69,69%,False,,https://boxing-data.com/blog/galal-yafai-vs-rodriguez-jr,Yafai vs. Rodriguez Jr: WBC Flyweight Title Fight Preview,0,B,boxing-data.com public article,BROAD,candidate_corroboration_only
Galal Yafai,age,32,32,False,,https://boxing-data.com/blog/galal-yafai-vs-rodriguez-jr,Yafai vs. Rodriguez Jr: WBC Flyweight Title Fight Preview,0,A,boxing-data.com public article,BROAD,candidate_corroboration_only
Francisco Rodriguez Jr,age,31,31,False,,https://boxing-data.com/blog/galal-yafai-vs-rodriguez-jr,Yafai vs. Rodriguez Jr: WBC Flyweight Title Fight Preview,0,B,boxing-data.com public article,BROAD,candidate_corroboration_only
Galal Yafai,height_cm,157.0,5â 2â / 157 cm,False,163.0,https://boxing-data.com/blog/galal-yafai-vs-rodriguez-jr,Yafai vs. Rodriguez Jr: WBC Flyweight Title Fight Preview,0,A,boxing-data.com public article,BROAD,candidate_corroboration_only
Francisco Rodriguez Jr,height_cm,163.0,5â 4â / 163 cm,False,163.0,https://boxing-data.com/blog/galal-yafai-vs-rodriguez-jr,Yafai vs. Rodriguez Jr: WBC Flyweight Title Fight Preview,0,B,boxing-data.com public article,BROAD,candidate_corroboration_only
Galal Yafai,reach_cm,173.0,68.1â / 173 cm,False,173.0,https://boxing-data.com/blog/galal-yafai-vs-rodriguez-jr,Yafai vs. Rodriguez Jr: WBC Flyweight Title Fight Preview,0,A,boxing-data.com public article,BROAD,candidate_corroboration_only
Francisco Rodriguez Jr,reach_cm,165.0,65â / 165 cm,False,165.0,https://boxing-data.com/blog/galal-yafai-vs-rodriguez-jr,Yafai vs. Rodriguez Jr: WBC Flyweight Title Fight Preview,0,B,boxing-data.com public article,BROAD,candidate_corroboration_only
Galal Yafai,rounds_boxed,49,49,False,,https://boxing-data.com/blog/galal-yafai-vs-rodriguez-jr,Yafai vs. Rodriguez Jr: WBC Flyweight Title Fight Preview,0,A,boxing-data.com public article,BROAD,candidate_corroboration_only
Francisco Rodriguez Jr,rounds_boxed,282,282,False,,https://boxing-data.com/blog/galal-yafai-vs-rodriguez-jr,Yafai vs. Rodriguez Jr: WBC Flyweight Title Fight Preview,0,B,boxing-data.com public article,BROAD,candidate_corroboration_only
Galal Yafai,debut,2022,2022,False,,https://boxing-data.com/blog/galal-yafai-vs-rodriguez-jr,Yafai vs. Rodriguez Jr: WBC Flyweight Title Fight Preview,0,A,boxing-data.com public article,BROAD,candidate_corroboration_only
Francisco Rodriguez Jr,debut,2010,2010,False,,https://boxing-data.com/blog/galal-yafai-vs-rodriguez-jr,Yafai vs. Rodriguez Jr: WBC Flyweight Title Fight Preview,0,B,boxing-data.com public article,BROAD,candidate_corroboration_only
Galal Yafai,title_context,WBC Interim Flyweight,WBC Interim Flyweight,False,,https://boxing-data.com/blog/galal-yafai-vs-rodriguez-jr,Yafai vs. Rodriguez Jr: WBC Flyweight Title Fight Preview,0,A,boxing-data.com public article,BROAD,candidate_corroboration_only
Francisco Rodriguez Jr,title_context,None,None,False,,https://boxing-data.com/blog/galal-yafai-vs-rodriguez-jr,Yafai vs. Rodriguez Jr: WBC Flyweight Title Fight Preview,0,B,boxing-data.com public article,BROAD,candidate_corroboration_only
Elijah Garcia,division,Super Middleweight (168 lb),Super Middleweight (168 lb),False,,https://boxing-data.com/blog/garcia-vs-newman-fight-preview-prediction-analysis,"Elijah Garcia vs Kevin Newman II: Fight Preview, Prediction & Analysis",0,single,boxing-data.com public article,BROAD,candidate_corroboration_only
George Liddard,age,24,24,False,,https://boxing-data.com/blog/george-liddard-vs-dario-morello-fight-preview-prediction-analysis,"George Liddard vs Dario Morello: Fight Preview, Prediction & Analysis",1,A,boxing-data.com public article,BROAD,candidate_corroboration_only
Dario Morello,age,33,33,False,,https://boxing-data.com/blog/george-liddard-vs-dario-morello-fight-preview-prediction-analysis,"George Liddard vs Dario Morello: Fight Preview, Prediction & Analysis",1,B,boxing-data.com public article,BROAD,candidate_corroboration_only
George Liddard,stance,orthodox,Orthodox,False,orthodox,https://boxing-data.com/blog/george-liddard-vs-dario-morello-fight-preview-prediction-analysis,"George Liddard vs Dario Morello: Fight Preview, Prediction & Analysis",1,A,boxing-data.com public article,BROAD,candidate_corroboration_only
Dario Morello,stance,orthodox,Orthodox,False,orthodox,https://boxing-data.com/blog/george-liddard-vs-dario-morello-fight-preview-prediction-analysis,"George Liddard vs Dario Morello: Fight Preview, Prediction & Analysis",1,B,boxing-data.com public article,BROAD,candidate_corroboration_only
George Liddard,record,14-0-0,14-0-0,False,,https://boxing-data.com/blog/george-liddard-vs-dario-morello-fight-preview-prediction-analysis,"George Liddard vs Dario Morello: Fight Preview, Prediction & Analysis",1,A,boxing-data.com public article,BROAD,candidate_corroboration_only
Dario Morello,record,26-1-0,26-1-0,False,,https://boxing-data.com/blog/george-liddard-vs-dario-morello-fight-preview-prediction-analysis,"George Liddard vs Dario Morello: Fight Preview, Prediction & Analysis",1,B,boxing-data.com public article,BROAD,candidate_corroboration_only
George Liddard,ko_wins,8,8,False,,https://boxing-data.com/blog/george-liddard-vs-dario-morello-fight-preview-prediction-analysis,"George Liddard vs Dario Morello: Fight Preview, Prediction & Analysis",1,A,boxing-data.com public article,BROAD,candidate_corroboration_only
Dario Morello,ko_wins,4,4,False,,https://boxing-data.com/blog/george-liddard-vs-dario-morello-fight-preview-prediction-analysis,"George Liddard vs Dario Morello: Fight Preview, Prediction & Analysis",1,B,boxing-data.com public article,BROAD,candidate_corroboration_only
George Liddard,rounds_boxed,62,62,False,,https://boxing-data.com/blog/george-liddard-vs-dario-morello-fight-preview-prediction-analysis,"George Liddard vs Dario Morello: Fight Preview, Prediction & Analysis",1,A,boxing-data.com public article,BROAD,candidate_corroboration_only
Gurgen Hovhannisyan,division,Heavyweight,Heavyweight,False,,https://boxing-data.com/blog/gurgen-hovhannisyan-vs-uila-mauu-fight-preview-prediction-analysis,"Gurgen Hovhannisyan vs Uila Mauâu: Fight Preview, Prediction & Analysis",0,single,boxing-data.com public article,BROAD,candidate_corroboration_only
Gurgen Hovhannisyan,title_context,Non-title main-card contest,Non-title main-card contest,False,,https://boxing-data.com/blog/gurgen-hovhannisyan-vs-uila-mauu-fight-preview-prediction-analysis,"Gurgen Hovhannisyan vs Uila Mauâu: Fight Preview, Prediction & Analysis",0,single,boxing-data.com public article,BROAD,candidate_corroboration_only
Hamzah Sheeraz,division,Super Middleweight (168 lbs),Super Middleweight (168 lbs),False,,https://boxing-data.com/blog/hamzah-sheeraz-vs-alem-begic-fight-preview-prediction-analysis,"Hamzah Sheeraz vs Alem Begic: Fight Preview, Prediction & Analysis",0,single,boxing-data.com public article,BROAD,candidate_corroboration_only
Hamzah Sheeraz,title_context,Vacant WBO World Super Middleweight,Vacant WBO World Super Middleweight,False,,https://boxing-data.com/blog/hamzah-sheeraz-vs-alem-begic-fight-preview-prediction-analysis,"Hamzah Sheeraz vs Alem Begic: Fight Preview, Prediction & Analysis",0,single,boxing-data.com public article,BROAD,candidate_corroboration_only
Hamzah Sheeraz,record,22-0-1 (18 KOs),22-0-1 (18 KOs),False,,https://boxing-data.com/blog/hamzah-sheeraz-vs-alem-begic-fight-preview-prediction-analysis,"Hamzah Sheeraz vs Alem Begic: Fight Preview, Prediction & Analysis",1,single,boxing-data.com public article,BROAD,candidate_corroboration_only
Hamzah Sheeraz,ko_pct,82,82%,False,,https://boxing-data.com/blog/hamzah-sheeraz-vs-alem-begic-fight-preview-prediction-analysis,"Hamzah Sheeraz vs Alem Begic: Fight Preview, Prediction & Analysis",1,single,boxing-data.com public article,BROAD,candidate_corroboration_only
Hamzah Sheeraz,age,25,25,False,,https://boxing-data.com/blog/hamzah-sheeraz-vs-alem-begic-fight-preview-prediction-analysis,"Hamzah Sheeraz vs Alem Begic: Fight Preview, Prediction & Analysis",1,single,boxing-data.com public article,BROAD,candidate_corroboration_only
Hamzah Sheeraz,height_cm,190.0,6â3â (190 cm),False,191.0,https://boxing-data.com/blog/hamzah-sheeraz-vs-alem-begic-fight-preview-prediction-analysis,"Hamzah Sheeraz vs Alem Begic: Fight Preview, Prediction & Analysis",1,single,boxing-data.com public article,BROAD,candidate_corroboration_only
Hamzah Sheeraz,reach_cm,191.0,75.2â (191 cm),False,191.0,https://boxing-data.com/blog/hamzah-sheeraz-vs-alem-begic-fight-preview-prediction-analysis,"Hamzah Sheeraz vs Alem Begic: Fight Preview, Prediction & Analysis",1,single,boxing-data.com public article,BROAD,candidate_corroboration_only
Hamzah Sheeraz,nationality,English,English,False,United Kingdom,https://boxing-data.com/blog/hamzah-sheeraz-vs-alem-begic-fight-preview-prediction-analysis,"Hamzah Sheeraz vs Alem Begic: Fight Preview, Prediction & Analysis",1,single,boxing-data.com public article,BROAD,candidate_corroboration_only
Hamzah Sheeraz,record,29-0-1 (23 KOs),29-0-1 (23 KOs),False,,https://boxing-data.com/blog/hamzah-sheeraz-vs-alem-begic-fight-preview-prediction-analysis,"Hamzah Sheeraz vs Alem Begic: Fight Preview, Prediction & Analysis",3,single,boxing-data.com public article,BROAD,candidate_corroboration_only
Hamzah Sheeraz,ko_pct,79,79%,False,,https://boxing-data.com/blog/hamzah-sheeraz-vs-alem-begic-fight-preview-prediction-analysis,"Hamzah Sheeraz vs Alem Begic: Fight Preview, Prediction & Analysis",3,single,boxing-data.com public article,BROAD,candidate_corroboration_only
Hamzah Sheeraz,age,39,39,False,,https://boxing-data.com/blog/hamzah-sheeraz-vs-alem-begic-fight-preview-prediction-analysis,"Hamzah Sheeraz vs Alem Begic: Fight Preview, Prediction & Analysis",3,single,boxing-data.com public article,BROAD,candidate_corroboration_only
Hamzah Sheeraz,height_cm,185.0,6â1â (185 cm),False,191.0,https://boxing-data.com/blog/hamzah-sheeraz-vs-alem-begic-fight-preview-prediction-analysis,"Hamzah Sheeraz vs Alem Begic: Fight Preview, Prediction & Analysis",3,single,boxing-data.com public article,BROAD,candidate_corroboration_only
Hamzah Sheeraz,stance,orthodox,Orthodox,False,orthodox,https://boxing-data.com/blog/hamzah-sheeraz-vs-alem-begic-fight-preview-prediction-analysis,"Hamzah Sheeraz vs Alem Begic: Fight Preview, Prediction & Analysis",3,single,boxing-data.com public article,BROAD,candidate_corroboration_only
Hamzah Sheeraz,nationality,German,German,False,United Kingdom,https://boxing-data.com/blog/hamzah-sheeraz-vs-alem-begic-fight-preview-prediction-analysis,"Hamzah Sheeraz vs Alem Begic: Fight Preview, Prediction & Analysis",3,single,boxing-data.com public article,BROAD,candidate_corroboration_only
Hamzah Sheeraz,age,26,26,False,,https://boxing-data.com/blog/hamzah-sheeraz-vs-edgar-berlanga-preview,"Sheeraz vs Berlanga: Ring III - Fight Preview, Date, Time, Undercard & More",0,A,boxing-data.com public article,BROAD,candidate_corroboration_only
Edgar Berlanga,age,28,28,False,,https://boxing-data.com/blog/hamzah-sheeraz-vs-edgar-berlanga-preview,"Sheeraz vs Berlanga: Ring III - Fight Preview, Date, Time, Undercard & More",0,B,boxing-data.com public article,BROAD,candidate_corroboration_only
Hamzah Sheeraz,height_cm,191.0,6â 3â / 191 cm,False,191.0,https://boxing-data.com/blog/hamzah-sheeraz-vs-edgar-berlanga-preview,"Sheeraz vs Berlanga: Ring III - Fight Preview, Date, Time, Undercard & More",0,A,boxing-data.com public article,BROAD,candidate_corroboration_only
Edgar Berlanga,height_cm,185.0,6â 1â / 185 cm,False,185.0,https://boxing-data.com/blog/hamzah-sheeraz-vs-edgar-berlanga-preview,"Sheeraz vs Berlanga: Ring III - Fight Preview, Date, Time, Undercard & More",0,B,boxing-data.com public article,BROAD,candidate_corroboration_only
Hamzah Sheeraz,reach_cm,191.0,75.2â / 191 cm,False,191.0,https://boxing-data.com/blog/hamzah-sheeraz-vs-edgar-berlanga-preview,"Sheeraz vs Berlanga: Ring III - Fight Preview, Date, Time, Undercard & More",0,A,boxing-data.com public article,BROAD,candidate_corroboration_only
Edgar Berlanga,reach_cm,185.0,72.8â / 185 cm,False,185.0,https://boxing-data.com/blog/hamzah-sheeraz-vs-edgar-berlanga-preview,"Sheeraz vs Berlanga: Ring III - Fight Preview, Date, Time, Undercard & More",0,B,boxing-data.com public article,BROAD,candidate_corroboration_only
Hamzah Sheeraz,record,21-0-1,21-0-1,False,,https://boxing-data.com/blog/hamzah-sheeraz-vs-edgar-berlanga-preview,"Sheeraz vs Berlanga: Ring III - Fight Preview, Date, Time, Undercard & More",0,A,boxing-data.com public article,BROAD,candidate_corroboration_only
Edgar Berlanga,record,23-1-0,23-1-0,False,,https://boxing-data.com/blog/hamzah-sheeraz-vs-edgar-berlanga-preview,"Sheeraz vs Berlanga: Ring III - Fight Preview, Date, Time, Undercard & More",0,B,boxing-data.com public article,BROAD,candidate_corroboration_only
Hamzah Sheeraz,ko_pct,81,81%,False,,https://boxing-data.com/blog/hamzah-sheeraz-vs-edgar-berlanga-preview,"Sheeraz vs Berlanga: Ring III - Fight Preview, Date, Time, Undercard & More",0,A,boxing-data.com public article,BROAD,candidate_corroboration_only
Edgar Berlanga,ko_pct,78,78%,False,,https://boxing-data.com/blog/hamzah-sheeraz-vs-edgar-berlanga-preview,"Sheeraz vs Berlanga: Ring III - Fight Preview, Date, Time, Undercard & More",0,B,boxing-data.com public article,BROAD,candidate_corroboration_only
Hamzah Sheeraz,stance,orthodox,Orthodox,False,orthodox,https://boxing-data.com/blog/hamzah-sheeraz-vs-edgar-berlanga-preview,"Sheeraz vs Berlanga: Ring III - Fight Preview, Date, Time, Undercard & More",0,A,boxing-data.com public article,BROAD,candidate_corroboration_only
Edgar Berlanga,stance,orthodox,Orthodox,False,orthodox,https://boxing-data.com/blog/hamzah-sheeraz-vs-edgar-berlanga-preview,"Sheeraz vs Berlanga: Ring III - Fight Preview, Date, Time, Undercard & More",0,B,boxing-data.com public article,BROAD,candidate_corroboration_only
Hamzah Sheeraz,debut,2017,2017,False,,https://boxing-data.com/blog/hamzah-sheeraz-vs-edgar-berlanga-preview,"Sheeraz vs Berlanga: Ring III - Fight Preview, Date, Time, Undercard & More",0,A,boxing-data.com public article,BROAD,candidate_corroboration_only
Edgar Berlanga,debut,2016,2016,False,,https://boxing-data.com/blog/hamzah-sheeraz-vs-edgar-berlanga-preview,"Sheeraz vs Berlanga: Ring III - Fight Preview, Date, Time, Undercard & More",0,B,boxing-data.com public article,BROAD,candidate_corroboration_only
Hamzah Sheeraz,division,Super middleweight,Super middleweight,False,,https://boxing-data.com/blog/hamzah-sheeraz-vs-simon-zachenhuber-fight-preview-prediction-analysis,"Hamzah Sheeraz vs Simon Zachenhuber: Fight Preview, Prediction & Analysis",0,single,boxing-data.com public article,BROAD,candidate_corroboration_only
Hamzah Sheeraz,title_context,WBO super-middleweight title defence.,WBO super-middleweight title defence.,False,,https://boxing-data.com/blog/hamzah-sheeraz-vs-simon-zachenhuber-fight-preview-prediction-analysis,"Hamzah Sheeraz vs Simon Zachenhuber: Fight Preview, Prediction & Analysis",0,single,boxing-data.com public article,BROAD,candidate_corroboration_only
Hamzah Sheeraz,division,Super-middleweight,Super-middleweight,False,,https://boxing-data.com/blog/hamzah-sheeraz-vs-simon-zachenhuber-fight-results-review-analysis,"Hamzah Sheeraz vs Simon Zachenhuber: Fight Results, Review & Analysis",0,single,boxing-data.com public article,BROAD,candidate_corroboration_only
Harlem Eubank,division,Welterweight (147 lbs),Welterweight (147 lbs),False,,https://boxing-data.com/blog/harlem-eubank-vs-david-papot-fight-preview-prediction-analysis,"Harlem Eubank vs David Papot: Fight Preview, Prediction & Analysis",0,single,boxing-data.com public article,BROAD,candidate_corroboration_only
Gerome Warburton,division,Middleweight (160 lb),Middleweight (160 lb),False,,https://boxing-data.com/blog/heaney-vs-warburton-fight-preview-prediction-analysis,"Nathan Heaney vs Gerome Warburton: Fight Preview, Prediction & Analysis",0,single,boxing-data.com public article,BROAD,candidate_corroboration_only
Terrell Gausha,division,Middleweight (160 lb),Middleweight (160 lb),False,,https://boxing-data.com/blog/hernandez-vs-gausha-fight-preview-prediction-analysis,"Yoenli Hernandez vs Terrell Gausha: Fight Preview, Prediction & Analysis",0,single,boxing-data.com public article,BROAD,candidate_corroboration_only
Gurgen Hovhannisyan,division,Heavyweight,Heavyweight,False,,https://boxing-data.com/blog/hovhannisyan-vs-navarro-fight-preview-prediction-analysis,"Gurgen Hovhannisyan vs Cesar Navarro: Fight Preview, Prediction & Analysis",0,single,boxing-data.com public article,BROAD,candidate_corroboration_only
Gurgen Hovhannisyan,record,13-3,13-3,False,,https://boxing-data.com/blog/hovhannisyan-vs-navarro-fight-preview-prediction-analysis,"Gurgen Hovhannisyan vs Cesar Navarro: Fight Preview, Prediction & Analysis",3,single,boxing-data.com public article,BROAD,candidate_corroboration_only
Willy Hutchinson,record,19-2,19-2,False,,https://boxing-data.com/blog/hutchinson-vs-taylor-fight-preview-prediction-analysis,"Willy Hutchinson vs Ezra Taylor: Fight Preview, Prediction & Analysis",1,A,boxing-data.com public article,BROAD,candidate_corroboration_only
Ezra Taylor,record,13-0,13-0,False,,https://boxing-data.com/blog/hutchinson-vs-taylor-fight-preview-prediction-analysis,"Willy Hutchinson vs Ezra Taylor: Fight Preview, Prediction & Analysis",1,B,boxing-data.com public article,BROAD,candidate_corroboration_only
Willy Hutchinson,age,27,27,False,,https://boxing-data.com/blog/hutchinson-vs-taylor-fight-preview-prediction-analysis,"Willy Hutchinson vs Ezra Taylor: Fight Preview, Prediction & Analysis",1,A,boxing-data.com public article,BROAD,candidate_corroboration_only
Ezra Taylor,age,31,31,False,,https://boxing-data.com/blog/hutchinson-vs-taylor-fight-preview-prediction-analysis,"Willy Hutchinson vs Ezra Taylor: Fight Preview, Prediction & Analysis",1,B,boxing-data.com public article,BROAD,candidate_corroboration_only
Willy Hutchinson,height_cm,185.0,6â1â / 185 cm,False,185.0,https://boxing-data.com/blog/hutchinson-vs-taylor-fight-preview-prediction-analysis,"Willy Hutchinson vs Ezra Taylor: Fight Preview, Prediction & Analysis",1,A,boxing-data.com public article,BROAD,candidate_corroboration_only
Ezra Taylor,height_cm,188.0,6â2â / 188 cm,False,188.0,https://boxing-data.com/blog/hutchinson-vs-taylor-fight-preview-prediction-analysis,"Willy Hutchinson vs Ezra Taylor: Fight Preview, Prediction & Analysis",1,B,boxing-data.com public article,BROAD,candidate_corroboration_only
Willy Hutchinson,reach_cm,185.0,72.8â / 185 cm,False,185.0,https://boxing-data.com/blog/hutchinson-vs-taylor-fight-preview-prediction-analysis,"Willy Hutchinson vs Ezra Taylor: Fight Preview, Prediction & Analysis",1,A,boxing-data.com public article,BROAD,candidate_corroboration_only
Willy Hutchinson,stance,orthodox,Orthodox,False,orthodox,https://boxing-data.com/blog/hutchinson-vs-taylor-fight-preview-prediction-analysis,"Willy Hutchinson vs Ezra Taylor: Fight Preview, Prediction & Analysis",1,A,boxing-data.com public article,BROAD,candidate_corroboration_only
Ezra Taylor,stance,orthodox,Orthodox,False,orthodox,https://boxing-data.com/blog/hutchinson-vs-taylor-fight-preview-prediction-analysis,"Willy Hutchinson vs Ezra Taylor: Fight Preview, Prediction & Analysis",1,B,boxing-data.com public article,BROAD,candidate_corroboration_only
Moses Itauma,record,13-0,13-0,False,,https://boxing-data.com/blog/itauma-vs-franklin-jr-fight-preview-prediction-analysis,"Moses Itauma vs Jermaine Franklin Jr: Fight Preview, Prediction & Analysis",1,A,boxing-data.com public article,BROAD,candidate_corroboration_only
Jermaine Franklin,record,24-2,24-2,False,,https://boxing-data.com/blog/itauma-vs-franklin-jr-fight-preview-prediction-analysis,"Moses Itauma vs Jermaine Franklin Jr: Fight Preview, Prediction & Analysis",1,B,boxing-data.com public article,BROAD,candidate_corroboration_only
Moses Itauma,age,21,21,False,,https://boxing-data.com/blog/itauma-vs-franklin-jr-fight-preview-prediction-analysis,"Moses Itauma vs Jermaine Franklin Jr: Fight Preview, Prediction & Analysis",1,A,boxing-data.com public article,BROAD,candidate_corroboration_only
Jermaine Franklin,age,32,32,False,,https://boxing-data.com/blog/itauma-vs-franklin-jr-fight-preview-prediction-analysis,"Moses Itauma vs Jermaine Franklin Jr: Fight Preview, Prediction & Analysis",1,B,boxing-data.com public article,BROAD,candidate_corroboration_only
Moses Itauma,height_cm,198.0,6â6â / 198 cm,False,194.0,https://boxing-data.com/blog/itauma-vs-franklin-jr-fight-preview-prediction-analysis,"Moses Itauma vs Jermaine Franklin Jr: Fight Preview, Prediction & Analysis",1,A,boxing-data.com public article,BROAD,candidate_corroboration_only
Jermaine Franklin,height_cm,188.0,6â2â / 188 cm,False,188.0,https://boxing-data.com/blog/itauma-vs-franklin-jr-fight-preview-prediction-analysis,"Moses Itauma vs Jermaine Franklin Jr: Fight Preview, Prediction & Analysis",1,B,boxing-data.com public article,BROAD,candidate_corroboration_only
Moses Itauma,reach_cm,200.0,78.7â / 200 cm,False,201.0,https://boxing-data.com/blog/itauma-vs-franklin-jr-fight-preview-prediction-analysis,"Moses Itauma vs Jermaine Franklin Jr: Fight Preview, Prediction & Analysis",1,A,boxing-data.com public article,BROAD,candidate_corroboration_only
Jermaine Franklin,reach_cm,196.0,77.2â / 196 cm,False,196.0,https://boxing-data.com/blog/itauma-vs-franklin-jr-fight-preview-prediction-analysis,"Moses Itauma vs Jermaine Franklin Jr: Fight Preview, Prediction & Analysis",1,B,boxing-data.com public article,BROAD,candidate_corroboration_only
Moses Itauma,stance,southpaw,Southpaw,False,southpaw,https://boxing-data.com/blog/itauma-vs-franklin-jr-fight-preview-prediction-analysis,"Moses Itauma vs Jermaine Franklin Jr: Fight Preview, Prediction & Analysis",1,A,boxing-data.com public article,BROAD,candidate_corroboration_only
Jermaine Franklin,stance,orthodox,Orthodox,False,orthodox,https://boxing-data.com/blog/itauma-vs-franklin-jr-fight-preview-prediction-analysis,"Moses Itauma vs Jermaine Franklin Jr: Fight Preview, Prediction & Analysis",1,B,boxing-data.com public article,BROAD,candidate_corroboration_only
Moses Itauma,rounds_boxed,26,26,False,,https://boxing-data.com/blog/itauma-vs-franklin-jr-fight-preview-prediction-analysis,"Moses Itauma vs Jermaine Franklin Jr: Fight Preview, Prediction & Analysis",1,A,boxing-data.com public article,BROAD,candidate_corroboration_only
Jermaine Franklin,rounds_boxed,200,200+,False,,https://boxing-data.com/blog/itauma-vs-franklin-jr-fight-preview-prediction-analysis,"Moses Itauma vs Jermaine Franklin Jr: Fight Preview, Prediction & Analysis",1,B,boxing-data.com public article,BROAD,candidate_corroboration_only
Moses Itauma,age,20,20,False,,https://boxing-data.com/blog/itauma-whyte-betting-odds-predictions,"Itauma vs. Whyte: Betting Odds, Value Bets & Market Analysis",0,A,boxing-data.com public article,BROAD,candidate_corroboration_only
Dillian Whyte,age,37,37,False,,https://boxing-data.com/blog/itauma-whyte-betting-odds-predictions,"Itauma vs. Whyte: Betting Odds, Value Bets & Market Analysis",0,B,boxing-data.com public article,BROAD,candidate_corroboration_only
Moses Itauma,stance,southpaw,Southpaw,False,southpaw,https://boxing-data.com/blog/itauma-whyte-betting-odds-predictions,"Itauma vs. Whyte: Betting Odds, Value Bets & Market Analysis",0,A,boxing-data.com public article,BROAD,candidate_corroboration_only
Dillian Whyte,stance,orthodox,Orthodox,False,orthodox,https://boxing-data.com/blog/itauma-whyte-betting-odds-predictions,"Itauma vs. Whyte: Betting Odds, Value Bets & Market Analysis",0,B,boxing-data.com public article,BROAD,candidate_corroboration_only
Moses Itauma,ko_pct,83,83%,False,,https://boxing-data.com/blog/itauma-whyte-betting-odds-predictions,"Itauma vs. Whyte: Betting Odds, Value Bets & Market Analysis",0,A,boxing-data.com public article,BROAD,candidate_corroboration_only
Dillian Whyte,ko_pct,68,68%,False,,https://boxing-data.com/blog/itauma-whyte-betting-odds-predictions,"Itauma vs. Whyte: Betting Odds, Value Bets & Market Analysis",0,B,boxing-data.com public article,BROAD,candidate_corroboration_only
Jack Catterall,record,30-2-0,30-2-0,False,,https://boxing-data.com/blog/jack-catterall-vs-harlem-eubank-preview,"Catterall vs. Eubank: Full Fight Preview - Date, Time, Undercard, and How to Watch Live",0,A,boxing-data.com public article,BROAD,candidate_corroboration_only
Harlem Eubank,record,21-0-0,21-0-0,False,,https://boxing-data.com/blog/jack-catterall-vs-harlem-eubank-preview,"Catterall vs. Eubank: Full Fight Preview - Date, Time, Undercard, and How to Watch Live",0,B,boxing-data.com public article,BROAD,candidate_corroboration_only
Jack Catterall,ko_pct,43,43%,False,,https://boxing-data.com/blog/jack-catterall-vs-harlem-eubank-preview,"Catterall vs. Eubank: Full Fight Preview - Date, Time, Undercard, and How to Watch Live",0,A,boxing-data.com public article,BROAD,candidate_corroboration_only
Harlem Eubank,ko_pct,43,43%,False,,https://boxing-data.com/blog/jack-catterall-vs-harlem-eubank-preview,"Catterall vs. Eubank: Full Fight Preview - Date, Time, Undercard, and How to Watch Live",0,B,boxing-data.com public article,BROAD,candidate_corroboration_only
Jack Catterall,age,32,32,False,,https://boxing-data.com/blog/jack-catterall-vs-harlem-eubank-preview,"Catterall vs. Eubank: Full Fight Preview - Date, Time, Undercard, and How to Watch Live",0,A,boxing-data.com public article,BROAD,candidate_corroboration_only
Harlem Eubank,age,32,32,False,,https://boxing-data.com/blog/jack-catterall-vs-harlem-eubank-preview,"Catterall vs. Eubank: Full Fight Preview - Date, Time, Undercard, and How to Watch Live",0,B,boxing-data.com public article,BROAD,candidate_corroboration_only
Jack Catterall,height_cm,170.0,5â 7â / 170 cm,False,170.0,https://boxing-data.com/blog/jack-catterall-vs-harlem-eubank-preview,"Catterall vs. Eubank: Full Fight Preview - Date, Time, Undercard, and How to Watch Live",0,A,boxing-data.com public article,BROAD,candidate_corroboration_only
Harlem Eubank,height_cm,173.0,5â 8â / 173 cm,False,173.0,https://boxing-data.com/blog/jack-catterall-vs-harlem-eubank-preview,"Catterall vs. Eubank: Full Fight Preview - Date, Time, Undercard, and How to Watch Live",0,B,boxing-data.com public article,BROAD,candidate_corroboration_only
Jack Catterall,reach_cm,175.0,68.9â / 175 cm,False,175.0,https://boxing-data.com/blog/jack-catterall-vs-harlem-eubank-preview,"Catterall vs. Eubank: Full Fight Preview - Date, Time, Undercard, and How to Watch Live",0,A,boxing-data.com public article,BROAD,candidate_corroboration_only
Harlem Eubank,reach_cm,173.0,68.1â / 173 cm,False,173.0,https://boxing-data.com/blog/jack-catterall-vs-harlem-eubank-preview,"Catterall vs. Eubank: Full Fight Preview - Date, Time, Undercard, and How to Watch Live",0,B,boxing-data.com public article,BROAD,candidate_corroboration_only
Jack Catterall,stance,southpaw,Southpaw,False,southpaw,https://boxing-data.com/blog/jack-catterall-vs-harlem-eubank-preview,"Catterall vs. Eubank: Full Fight Preview - Date, Time, Undercard, and How to Watch Live",0,A,boxing-data.com public article,BROAD,candidate_corroboration_only
Harlem Eubank,stance,orthodox,Orthodox,False,orthodox,https://boxing-data.com/blog/jack-catterall-vs-harlem-eubank-preview,"Catterall vs. Eubank: Full Fight Preview - Date, Time, Undercard, and How to Watch Live",0,B,boxing-data.com public article,BROAD,candidate_corroboration_only
Jack Catterall,rounds_boxed,230,230,False,,https://boxing-data.com/blog/jack-catterall-vs-harlem-eubank-preview,"Catterall vs. Eubank: Full Fight Preview - Date, Time, Undercard, and How to Watch Live",0,A,boxing-data.com public article,BROAD,candidate_corroboration_only
Harlem Eubank,rounds_boxed,134,134,False,,https://boxing-data.com/blog/jack-catterall-vs-harlem-eubank-preview,"Catterall vs. Eubank: Full Fight Preview - Date, Time, Undercard, and How to Watch Live",0,B,boxing-data.com public article,BROAD,candidate_corroboration_only
Jack Catterall,debut,2012,2012,False,,https://boxing-data.com/blog/jack-catterall-vs-harlem-eubank-preview,"Catterall vs. Eubank: Full Fight Preview - Date, Time, Undercard, and How to Watch Live",0,A,boxing-data.com public article,BROAD,candidate_corroboration_only
Harlem Eubank,debut,2017,2017,False,,https://boxing-data.com/blog/jack-catterall-vs-harlem-eubank-preview,"Catterall vs. Eubank: Full Fight Preview - Date, Time, Undercard, and How to Watch Live",0,B,boxing-data.com public article,BROAD,candidate_corroboration_only
Jack Catterall,record,32-2,32-2,False,,https://boxing-data.com/blog/jack-catterall-vs-shakhram-giyasov-fight-preview-prediction-analysis,"Jack Catterall vs Shakhram Giyasov: Fight Preview, Prediction & Analysis",5,A,boxing-data.com public article,BROAD,candidate_corroboration_only
Shakhram Giyasov,record,18-0,18-0,False,,https://boxing-data.com/blog/jack-catterall-vs-shakhram-giyasov-fight-preview-prediction-analysis,"Jack Catterall vs Shakhram Giyasov: Fight Preview, Prediction & Analysis",5,B,boxing-data.com public article,BROAD,candidate_corroboration_only
Jack Catterall,age,31,31,False,,https://boxing-data.com/blog/jack-catterall-vs-shakhram-giyasov-fight-preview-prediction-analysis,"Jack Catterall vs Shakhram Giyasov: Fight Preview, Prediction & Analysis",5,A,boxing-data.com public article,BROAD,candidate_corroboration_only
Shakhram Giyasov,age,31,31,False,,https://boxing-data.com/blog/jack-catterall-vs-shakhram-giyasov-fight-preview-prediction-analysis,"Jack Catterall vs Shakhram Giyasov: Fight Preview, Prediction & Analysis",5,B,boxing-data.com public article,BROAD,candidate_corroboration_only
Jack Catterall,stance,southpaw,Southpaw,False,southpaw,https://boxing-data.com/blog/jack-catterall-vs-shakhram-giyasov-fight-preview-prediction-analysis,"Jack Catterall vs Shakhram Giyasov: Fight Preview, Prediction & Analysis",5,A,boxing-data.com public article,BROAD,candidate_corroboration_only
Shakhram Giyasov,stance,orthodox,Orthodox,False,orthodox,https://boxing-data.com/blog/jack-catterall-vs-shakhram-giyasov-fight-preview-prediction-analysis,"Jack Catterall vs Shakhram Giyasov: Fight Preview, Prediction & Analysis",5,B,boxing-data.com public article,BROAD,candidate_corroboration_only
Cheavon Clarke,division,Cruiserweight (200 lbs),Cruiserweight (200 lbs),False,,https://boxing-data.com/blog/jack-massey-vs-cheavon-clarke-fight-preview-prediction-analysis,"Jack Massey vs Cheavon Clarke: Fight Preview, Prediction & Analysis",0,single,boxing-data.com public article,BROAD,candidate_corroboration_only
Jack Rafferty,age,29,29,False,,https://boxing-data.com/blog/jack-rafferty-vs-ekow-essuman-fight-preview-prediction-analysis,"Jack Rafferty vs Ekow Essuman: Fight Preview, Prediction & Analysis",1,A,boxing-data.com public article,BROAD,candidate_corroboration_only
Ekow Essuman,age,36,36,False,,https://boxing-data.com/blog/jack-rafferty-vs-ekow-essuman-fight-preview-prediction-analysis,"Jack Rafferty vs Ekow Essuman: Fight Preview, Prediction & Analysis",1,B,boxing-data.com public article,BROAD,candidate_corroboration_only
Jack Rafferty,record,26-0-1,26-0-1,False,,https://boxing-data.com/blog/jack-rafferty-vs-ekow-essuman-fight-preview-prediction-analysis,"Jack Rafferty vs Ekow Essuman: Fight Preview, Prediction & Analysis",1,A,boxing-data.com public article,BROAD,candidate_corroboration_only
Ekow Essuman,record,22-2,22-2,False,,https://boxing-data.com/blog/jack-rafferty-vs-ekow-essuman-fight-preview-prediction-analysis,"Jack Rafferty vs Ekow Essuman: Fight Preview, Prediction & Analysis",1,B,boxing-data.com public article,BROAD,candidate_corroboration_only
Jack Rafferty,stance,orthodox,Orthodox,False,orthodox,https://boxing-data.com/blog/jack-rafferty-vs-ekow-essuman-fight-preview-prediction-analysis,"Jack Rafferty vs Ekow Essuman: Fight Preview, Prediction & Analysis",1,A,boxing-data.com public article,BROAD,candidate_corroboration_only
Ekow Essuman,stance,orthodox,Orthodox,False,orthodox,https://boxing-data.com/blog/jack-rafferty-vs-ekow-essuman-fight-preview-prediction-analysis,"Jack Rafferty vs Ekow Essuman: Fight Preview, Prediction & Analysis",1,B,boxing-data.com public article,BROAD,candidate_corroboration_only
Jack Rafferty,rounds_boxed,130,~130,False,,https://boxing-data.com/blog/jack-rafferty-vs-ekow-essuman-fight-preview-prediction-analysis,"Jack Rafferty vs Ekow Essuman: Fight Preview, Prediction & Analysis",1,A,boxing-data.com public article,BROAD,candidate_corroboration_only
Ekow Essuman,rounds_boxed,186,186,False,,https://boxing-data.com/blog/jack-rafferty-vs-ekow-essuman-fight-preview-prediction-analysis,"Jack Rafferty vs Ekow Essuman: Fight Preview, Prediction & Analysis",1,B,boxing-data.com public article,BROAD,candidate_corroboration_only
Jai Opetaia,record,27-0 (21 KO),27-0 (21 KO),False,,https://boxing-data.com/blog/jai-opetaia-vs-claudio-squeo-preview,"Jai Opetaia vs Claudio Squeo Prediction, Betting Odds, and Stats Comparison | Expert Preview",1,A,boxing-data.com public article,BROAD,candidate_corroboration_only
Claudio Squeo,record,17-0 (9 KO),17-0 (9 KO),False,,https://boxing-data.com/blog/jai-opetaia-vs-claudio-squeo-preview,"Jai Opetaia vs Claudio Squeo Prediction, Betting Odds, and Stats Comparison | Expert Preview",1,B,boxing-data.com public article,BROAD,candidate_corroboration_only
Jai Opetaia,ko_pct,78,78%,False,,https://boxing-data.com/blog/jai-opetaia-vs-claudio-squeo-preview,"Jai Opetaia vs Claudio Squeo Prediction, Betting Odds, and Stats Comparison | Expert Preview",1,A,boxing-data.com public article,BROAD,candidate_corroboration_only
Claudio Squeo,ko_pct,53,53%,False,,https://boxing-data.com/blog/jai-opetaia-vs-claudio-squeo-preview,"Jai Opetaia vs Claudio Squeo Prediction, Betting Odds, and Stats Comparison | Expert Preview",1,B,boxing-data.com public article,BROAD,candidate_corroboration_only
Jai Opetaia,height_cm,191.0,6â3â (191cm),False,188.0,https://boxing-data.com/blog/jai-opetaia-vs-claudio-squeo-preview,"Jai Opetaia vs Claudio Squeo Prediction, Betting Odds, and Stats Comparison | Expert Preview",1,A,boxing-data.com public article,BROAD,candidate_corroboration_only
Claudio Squeo,height_cm,178.0,5â10â (178cm),False,178.0,https://boxing-data.com/blog/jai-opetaia-vs-claudio-squeo-preview,"Jai Opetaia vs Claudio Squeo Prediction, Betting Odds, and Stats Comparison | Expert Preview",1,B,boxing-data.com public article,BROAD,candidate_corroboration_only
Jai Opetaia,reach_cm,193.0,76â (193cm),False,193.0,https://boxing-data.com/blog/jai-opetaia-vs-claudio-squeo-preview,"Jai Opetaia vs Claudio Squeo Prediction, Betting Odds, and Stats Comparison | Expert Preview",1,A,boxing-data.com public article,BROAD,candidate_corroboration_only
Jai Opetaia,age,29,29,False,,https://boxing-data.com/blog/jai-opetaia-vs-claudio-squeo-preview,"Jai Opetaia vs Claudio Squeo Prediction, Betting Odds, and Stats Comparison | Expert Preview",1,A,boxing-data.com public article,BROAD,candidate_corroboration_only
Claudio Squeo,age,34,34,False,,https://boxing-data.com/blog/jai-opetaia-vs-claudio-squeo-preview,"Jai Opetaia vs Claudio Squeo Prediction, Betting Odds, and Stats Comparison | Expert Preview",1,B,boxing-data.com public article,BROAD,candidate_corroboration_only
Jai Opetaia,stance,southpaw,Southpaw,False,southpaw,https://boxing-data.com/blog/jai-opetaia-vs-claudio-squeo-preview,"Jai Opetaia vs Claudio Squeo Prediction, Betting Odds, and Stats Comparison | Expert Preview",1,A,boxing-data.com public article,BROAD,candidate_corroboration_only
Claudio Squeo,stance,orthodox,Orthodox,False,orthodox,https://boxing-data.com/blog/jai-opetaia-vs-claudio-squeo-preview,"Jai Opetaia vs Claudio Squeo Prediction, Betting Odds, and Stats Comparison | Expert Preview",1,B,boxing-data.com public article,BROAD,candidate_corroboration_only
Jai Opetaia,division,Cruiserweight (200 lbs),Cruiserweight (200 lbs),False,,https://boxing-data.com/blog/jai-opetaia-vs-noel-mikaelyan-fight-preview-prediction-analysis,"Jai Opetaia vs Noel Mikaelyan: Fight Preview, Prediction & Analysis",0,single,boxing-data.com public article,BROAD,candidate_corroboration_only
Jai Opetaia,title_context,WBC World Cruiserweight Championship + Ring Magazine Cruiserweight Title,WBC World Cruiserweight Championship + Ring Magazine Cruiserweight Title,False,,https://boxing-data.com/blog/jai-opetaia-vs-noel-mikaelyan-fight-preview-prediction-analysis,"Jai Opetaia vs Noel Mikaelyan: Fight Preview, Prediction & Analysis",0,single,boxing-data.com public article,BROAD,candidate_corroboration_only
Jake Paul,record,12-1 (7 KOs),12-1 (7 KOs),False,,https://boxing-data.com/blog/jake-paul-anthony-joshua-boxing-journey,Jake Paul vs Anthony Joshua: Boxingâs Most Unexpected Showdown,2,A,boxing-data.com public article,BROAD,candidate_corroboration_only
Anthony Joshua,record,28-4 (25 KOs),28-4 (25 KOs),False,,https://boxing-data.com/blog/jake-paul-anthony-joshua-boxing-journey,Jake Paul vs Anthony Joshua: Boxingâs Most Unexpected Showdown,2,B,boxing-data.com public article,BROAD,candidate_corroboration_only
Jake Paul,age,28,28,False,,https://boxing-data.com/blog/jake-paul-anthony-joshua-boxing-journey,Jake Paul vs Anthony Joshua: Boxingâs Most Unexpected Showdown,2,A,boxing-data.com public article,BROAD,candidate_corroboration_only
Anthony Joshua,age,36,36,False,,https://boxing-data.com/blog/jake-paul-anthony-joshua-boxing-journey,Jake Paul vs Anthony Joshua: Boxingâs Most Unexpected Showdown,2,B,boxing-data.com public article,BROAD,candidate_corroboration_only
Jake Paul,ko_pct,58,58%,False,,https://boxing-data.com/blog/jake-paul-anthony-joshua-boxing-journey,Jake Paul vs Anthony Joshua: Boxingâs Most Unexpected Showdown,2,A,boxing-data.com public article,BROAD,candidate_corroboration_only
Anthony Joshua,ko_pct,89,89%,False,,https://boxing-data.com/blog/jake-paul-anthony-joshua-boxing-journey,Jake Paul vs Anthony Joshua: Boxingâs Most Unexpected Showdown,2,B,boxing-data.com public article,BROAD,candidate_corroboration_only
Jake Paul,rounds_boxed,70,70,False,,https://boxing-data.com/blog/jake-paul-anthony-joshua-boxing-journey,Jake Paul vs Anthony Joshua: Boxingâs Most Unexpected Showdown,2,A,boxing-data.com public article,BROAD,candidate_corroboration_only
Anthony Joshua,rounds_boxed,167,167,False,,https://boxing-data.com/blog/jake-paul-anthony-joshua-boxing-journey,Jake Paul vs Anthony Joshua: Boxingâs Most Unexpected Showdown,2,B,boxing-data.com public article,BROAD,candidate_corroboration_only
Jake Paul,stance,orthodox,Orthodox,False,orthodox,https://boxing-data.com/blog/jake-paul-anthony-joshua-boxing-journey,Jake Paul vs Anthony Joshua: Boxingâs Most Unexpected Showdown,2,A,boxing-data.com public article,BROAD,candidate_corroboration_only
Anthony Joshua,stance,orthodox,Orthodox,False,orthodox,https://boxing-data.com/blog/jake-paul-anthony-joshua-boxing-journey,Jake Paul vs Anthony Joshua: Boxingâs Most Unexpected Showdown,2,B,boxing-data.com public article,BROAD,candidate_corroboration_only
Gavin Gwynne,division,Super Lightweight (140 lb),Super Lightweight (140 lb),False,,https://boxing-data.com/blog/khaleel-majid-vs-gavin-gwynne-fight-preview-prediction-analysis,"Khaleel Majid vs Gavin Gwynne: Fight Preview, Prediction & Analysis",0,single,boxing-data.com public article,BROAD,candidate_corroboration_only
Bradley Rea,division,Light Heavyweight (175 lb),Light Heavyweight (175 lb),False,,https://boxing-data.com/blog/liam-cameron-vs-bradley-rea-fight-preview-prediction-analysis,"Liam Cameron vs Bradley Rea: Fight Preview, Prediction & Analysis",0,single,boxing-data.com public article,BROAD,candidate_corroboration_only
Bradley Rea,title_context,WBA World Light Heavyweight Championship,WBA World Light Heavyweight Championship,False,,https://boxing-data.com/blog/liam-cameron-vs-bradley-rea-fight-preview-prediction-analysis,"Liam Cameron vs Bradley Rea: Fight Preview, Prediction & Analysis",0,single,boxing-data.com public article,BROAD,candidate_corroboration_only
George Liddard,nationality,England,England,False,English,https://boxing-data.com/blog/liddard-vs-denny-fight-preview-prediction-analysis,"George Liddard vs Tyler Denny: British Title Fight Preview, Prediction & Analysis",1,A,boxing-data.com public article,BROAD,candidate_corroboration_only
Tyler Denny,nationality,England,England,False,United Kingdom,https://boxing-data.com/blog/liddard-vs-denny-fight-preview-prediction-analysis,"George Liddard vs Tyler Denny: British Title Fight Preview, Prediction & Analysis",1,B,boxing-data.com public article,BROAD,candidate_corroboration_only
George Liddard,age,23,23,False,,https://boxing-data.com/blog/liddard-vs-denny-fight-preview-prediction-analysis,"George Liddard vs Tyler Denny: British Title Fight Preview, Prediction & Analysis",1,A,boxing-data.com public article,BROAD,candidate_corroboration_only
Tyler Denny,age,34,34,False,,https://boxing-data.com/blog/liddard-vs-denny-fight-preview-prediction-analysis,"George Liddard vs Tyler Denny: British Title Fight Preview, Prediction & Analysis",1,B,boxing-data.com public article,BROAD,candidate_corroboration_only
George Liddard,height_cm,178.0,5â10â / 178cm,False,178.0,https://boxing-data.com/blog/liddard-vs-denny-fight-preview-prediction-analysis,"George Liddard vs Tyler Denny: British Title Fight Preview, Prediction & Analysis",1,A,boxing-data.com public article,BROAD,candidate_corroboration_only
Tyler Denny,height_cm,178.0,5â10â / 178cm,False,178.0,https://boxing-data.com/blog/liddard-vs-denny-fight-preview-prediction-analysis,"George Liddard vs Tyler Denny: British Title Fight Preview, Prediction & Analysis",1,B,boxing-data.com public article,BROAD,candidate_corroboration_only
George Liddard,stance,orthodox,Orthodox,False,orthodox,https://boxing-data.com/blog/liddard-vs-denny-fight-preview-prediction-analysis,"George Liddard vs Tyler Denny: British Title Fight Preview, Prediction & Analysis",1,A,boxing-data.com public article,BROAD,candidate_corroboration_only
Tyler Denny,stance,southpaw,Southpaw,False,southpaw,https://boxing-data.com/blog/liddard-vs-denny-fight-preview-prediction-analysis,"George Liddard vs Tyler Denny: British Title Fight Preview, Prediction & Analysis",1,B,boxing-data.com public article,BROAD,candidate_corroboration_only
George Liddard,record,13-0,13-0,False,,https://boxing-data.com/blog/liddard-vs-denny-fight-preview-prediction-analysis,"George Liddard vs Tyler Denny: British Title Fight Preview, Prediction & Analysis",1,A,boxing-data.com public article,BROAD,candidate_corroboration_only
Tyler Denny,record,21-3-3,21-3-3,False,,https://boxing-data.com/blog/liddard-vs-denny-fight-preview-prediction-analysis,"George Liddard vs Tyler Denny: British Title Fight Preview, Prediction & Analysis",1,B,boxing-data.com public article,BROAD,candidate_corroboration_only
George Liddard,debut,2022,2022,False,,https://boxing-data.com/blog/liddard-vs-denny-fight-preview-prediction-analysis,"George Liddard vs Tyler Denny: British Title Fight Preview, Prediction & Analysis",1,A,boxing-data.com public article,BROAD,candidate_corroboration_only
Tyler Denny,debut,2015,2015,False,,https://boxing-data.com/blog/liddard-vs-denny-fight-preview-prediction-analysis,"George Liddard vs Tyler Denny: British Title Fight Preview, Prediction & Analysis",1,B,boxing-data.com public article,BROAD,candidate_corroboration_only
Lyndon Arthur,age,34,34,False,,https://boxing-data.com/blog/lyndon-arthur-vs-lewis-edmondson-fight-preview-prediction-analysis,"Lyndon Arthur vs Lewis Edmondson: Fight Preview, Prediction & Analysis",1,A,boxing-data.com public article,BROAD,candidate_corroboration_only
Lewis Edmondson,age,29,29,False,,https://boxing-data.com/blog/lyndon-arthur-vs-lewis-edmondson-fight-preview-prediction-analysis,"Lyndon Arthur vs Lewis Edmondson: Fight Preview, Prediction & Analysis",1,B,boxing-data.com public article,BROAD,candidate_corroboration_only
Lyndon Arthur,record,25-3 (16 KOs),25-3 (16 KOs),False,,https://boxing-data.com/blog/lyndon-arthur-vs-lewis-edmondson-fight-preview-prediction-analysis,"Lyndon Arthur vs Lewis Edmondson: Fight Preview, Prediction & Analysis",1,A,boxing-data.com public article,BROAD,candidate_corroboration_only
Lewis Edmondson,record,11-1,11-1,False,,https://boxing-data.com/blog/lyndon-arthur-vs-lewis-edmondson-fight-preview-prediction-analysis,"Lyndon Arthur vs Lewis Edmondson: Fight Preview, Prediction & Analysis",1,B,boxing-data.com public article,BROAD,candidate_corroboration_only
Lyndon Arthur,height_cm,188.0,6â2â / 188cm,False,188.0,https://boxing-data.com/blog/lyndon-arthur-vs-lewis-edmondson-fight-preview-prediction-analysis,"Lyndon Arthur vs Lewis Edmondson: Fight Preview, Prediction & Analysis",1,A,boxing-data.com public article,BROAD,candidate_corroboration_only
Lewis Edmondson,height_cm,185.0,6â1â / 185cm,False,185.0,https://boxing-data.com/blog/lyndon-arthur-vs-lewis-edmondson-fight-preview-prediction-analysis,"Lyndon Arthur vs Lewis Edmondson: Fight Preview, Prediction & Analysis",1,B,boxing-data.com public article,BROAD,candidate_corroboration_only
Lyndon Arthur,reach_cm,188.0,74â / 188cm,False,188.0,https://boxing-data.com/blog/lyndon-arthur-vs-lewis-edmondson-fight-preview-prediction-analysis,"Lyndon Arthur vs Lewis Edmondson: Fight Preview, Prediction & Analysis",1,A,boxing-data.com public article,BROAD,candidate_corroboration_only
Lyndon Arthur,stance,orthodox,Orthodox,False,orthodox,https://boxing-data.com/blog/lyndon-arthur-vs-lewis-edmondson-fight-preview-prediction-analysis,"Lyndon Arthur vs Lewis Edmondson: Fight Preview, Prediction & Analysis",1,A,boxing-data.com public article,BROAD,candidate_corroboration_only
Lewis Edmondson,stance,orthodox,Orthodox,False,orthodox,https://boxing-data.com/blog/lyndon-arthur-vs-lewis-edmondson-fight-preview-prediction-analysis,"Lyndon Arthur vs Lewis Edmondson: Fight Preview, Prediction & Analysis",1,B,boxing-data.com public article,BROAD,candidate_corroboration_only
Lyndon Arthur,nationality,England,England,False,United Kingdom,https://boxing-data.com/blog/lyndon-arthur-vs-lewis-edmondson-fight-preview-prediction-analysis,"Lyndon Arthur vs Lewis Edmondson: Fight Preview, Prediction & Analysis",1,A,boxing-data.com public article,BROAD,candidate_corroboration_only
Lewis Edmondson,nationality,England,England,False,English,https://boxing-data.com/blog/lyndon-arthur-vs-lewis-edmondson-fight-preview-prediction-analysis,"Lyndon Arthur vs Lewis Edmondson: Fight Preview, Prediction & Analysis",1,B,boxing-data.com public article,BROAD,candidate_corroboration_only
Lyndon Arthur,debut,2016,2016,False,,https://boxing-data.com/blog/lyndon-arthur-vs-lewis-edmondson-fight-preview-prediction-analysis,"Lyndon Arthur vs Lewis Edmondson: Fight Preview, Prediction & Analysis",1,A,boxing-data.com public article,BROAD,candidate_corroboration_only
Lewis Edmondson,debut,2019,2019,False,,https://boxing-data.com/blog/lyndon-arthur-vs-lewis-edmondson-fight-preview-prediction-analysis,"Lyndon Arthur vs Lewis Edmondson: Fight Preview, Prediction & Analysis",1,B,boxing-data.com public article,BROAD,candidate_corroboration_only
Andres Cortes,division,Lightweight (135 lbs),Lightweight (135 lbs),False,,https://boxing-data.com/blog/mark-magsayo-vs-andres-cortes-fight-preview-prediction-analysis,"Mark Magsayo vs Andres Cortes: Fight Preview, Prediction & Analysis",0,single,boxing-data.com public article,BROAD,candidate_corroboration_only
Maxi Hughes,division,Super Lightweight (140lb),Super Lightweight (140lb),False,,https://boxing-data.com/blog/maxi-hughes-vs-lewis-sylvester-fight-preview-prediction-analysis,"Maxi Hughes vs Lewis Sylvester: Fight Preview, Prediction & Analysis",0,single,boxing-data.com public article,BROAD,candidate_corroboration_only
Michael Conlan,record,20-3-0,20-3-0,False,,https://boxing-data.com/blog/michael-conlan-vs-kevin-walsh-fight-preview-prediction-analysis,"Michael Conlan vs Kevin Walsh: Fight Preview, Prediction & Analysis",1,A,boxing-data.com public article,BROAD,candidate_corroboration_only
Kevin Walsh,record,19-0-0,19-0-0,False,,https://boxing-data.com/blog/michael-conlan-vs-kevin-walsh-fight-preview-prediction-analysis,"Michael Conlan vs Kevin Walsh: Fight Preview, Prediction & Analysis",1,B,boxing-data.com public article,BROAD,candidate_corroboration_only
Michael Conlan,age,34,34,False,,https://boxing-data.com/blog/michael-conlan-vs-kevin-walsh-fight-preview-prediction-analysis,"Michael Conlan vs Kevin Walsh: Fight Preview, Prediction & Analysis",1,A,boxing-data.com public article,BROAD,candidate_corroboration_only
Kevin Walsh,age,33,33,False,,https://boxing-data.com/blog/michael-conlan-vs-kevin-walsh-fight-preview-prediction-analysis,"Michael Conlan vs Kevin Walsh: Fight Preview, Prediction & Analysis",1,B,boxing-data.com public article,BROAD,candidate_corroboration_only
Michael Conlan,height_cm,173.0,5â8â / 173cm,False,173.0,https://boxing-data.com/blog/michael-conlan-vs-kevin-walsh-fight-preview-prediction-analysis,"Michael Conlan vs Kevin Walsh: Fight Preview, Prediction & Analysis",1,A,boxing-data.com public article,BROAD,candidate_corroboration_only
Kevin Walsh,height_cm,171.0,5â7â / 171cm,False,171.0,https://boxing-data.com/blog/michael-conlan-vs-kevin-walsh-fight-preview-prediction-analysis,"Michael Conlan vs Kevin Walsh: Fight Preview, Prediction & Analysis",1,B,boxing-data.com public article,BROAD,candidate_corroboration_only
Michael Conlan,reach_cm,175.0,69â / 175cm,False,175.0,https://boxing-data.com/blog/michael-conlan-vs-kevin-walsh-fight-preview-prediction-analysis,"Michael Conlan vs Kevin Walsh: Fight Preview, Prediction & Analysis",1,A,boxing-data.com public article,BROAD,candidate_corroboration_only
Kevin Walsh,reach_cm,165.0,65â / 165cm,False,165.0,https://boxing-data.com/blog/michael-conlan-vs-kevin-walsh-fight-preview-prediction-analysis,"Michael Conlan vs Kevin Walsh: Fight Preview, Prediction & Analysis",1,B,boxing-data.com public article,BROAD,candidate_corroboration_only
Michael Conlan,stance,orthodox,Orthodox,False,southpaw,https://boxing-data.com/blog/michael-conlan-vs-kevin-walsh-fight-preview-prediction-analysis,"Michael Conlan vs Kevin Walsh: Fight Preview, Prediction & Analysis",1,A,boxing-data.com public article,BROAD,candidate_corroboration_only
Kevin Walsh,stance,orthodox,Orthodox,False,orthodox,https://boxing-data.com/blog/michael-conlan-vs-kevin-walsh-fight-preview-prediction-analysis,"Michael Conlan vs Kevin Walsh: Fight Preview, Prediction & Analysis",1,B,boxing-data.com public article,BROAD,candidate_corroboration_only
Michael Conlan,debut,2017,2017,False,,https://boxing-data.com/blog/michael-conlan-vs-kevin-walsh-fight-preview-prediction-analysis,"Michael Conlan vs Kevin Walsh: Fight Preview, Prediction & Analysis",1,A,boxing-data.com public article,BROAD,candidate_corroboration_only
Kevin Walsh,debut,2021,2021,False,,https://boxing-data.com/blog/michael-conlan-vs-kevin-walsh-fight-preview-prediction-analysis,"Michael Conlan vs Kevin Walsh: Fight Preview, Prediction & Analysis",1,B,boxing-data.com public article,BROAD,candidate_corroboration_only
Lee McGregor,division,Lightweight (135lb),Lightweight (135lb),False,,https://boxing-data.com/blog/michael-gomez-jnr-vs-lee-mcgregor-fight-preview-prediction-analysis,"Michael Gomez Jnr vs Lee McGregor: Fight Preview, Prediction & Analysis",0,single,boxing-data.com public article,BROAD,candidate_corroboration_only
Jarrell Miller,division,Heavyweight (12 rounds),Heavyweight (12 rounds),False,,https://boxing-data.com/blog/miller-vs-pero-fight-preview-prediction-analysis,"Jarrell Miller vs Lenier Pero: WBA Heavyweight Eliminator Preview, Prediction & Analysis",0,single,boxing-data.com public article,BROAD,candidate_corroboration_only
Jarrell Miller,title_context,WBA Heavyweight Eliminator,WBA Heavyweight Eliminator,False,,https://boxing-data.com/blog/miller-vs-pero-fight-preview-prediction-analysis,"Jarrell Miller vs Lenier Pero: WBA Heavyweight Eliminator Preview, Prediction & Analysis",0,single,boxing-data.com public article,BROAD,candidate_corroboration_only
Jarrell Miller,record,27-1-2 (22 KOs),27-1-2 (22 KOs),False,,https://boxing-data.com/blog/miller-vs-pero-fight-preview-prediction-analysis,"Jarrell Miller vs Lenier Pero: WBA Heavyweight Eliminator Preview, Prediction & Analysis",1,single,boxing-data.com public article,BROAD,candidate_corroboration_only
Jarrell Miller,age,37,37,False,,https://boxing-data.com/blog/miller-vs-pero-fight-preview-prediction-analysis,"Jarrell Miller vs Lenier Pero: WBA Heavyweight Eliminator Preview, Prediction & Analysis",1,single,boxing-data.com public article,BROAD,candidate_corroboration_only
Jarrell Miller,nationality,American,American,False,USA,https://boxing-data.com/blog/miller-vs-pero-fight-preview-prediction-analysis,"Jarrell Miller vs Lenier Pero: WBA Heavyweight Eliminator Preview, Prediction & Analysis",1,single,boxing-data.com public article,BROAD,candidate_corroboration_only
Jarrell Miller,height_cm,193.0,6â4â / 193 cm,False,193.0,https://boxing-data.com/blog/miller-vs-pero-fight-preview-prediction-analysis,"Jarrell Miller vs Lenier Pero: WBA Heavyweight Eliminator Preview, Prediction & Analysis",1,single,boxing-data.com public article,BROAD,candidate_corroboration_only
Jarrell Miller,reach_cm,198.0,78â / 198 cm,False,198.0,https://boxing-data.com/blog/miller-vs-pero-fight-preview-prediction-analysis,"Jarrell Miller vs Lenier Pero: WBA Heavyweight Eliminator Preview, Prediction & Analysis",1,single,boxing-data.com public article,BROAD,candidate_corroboration_only
Jarrell Miller,stance,orthodox,Orthodox,False,orthodox,https://boxing-data.com/blog/miller-vs-pero-fight-preview-prediction-analysis,"Jarrell Miller vs Lenier Pero: WBA Heavyweight Eliminator Preview, Prediction & Analysis",1,single,boxing-data.com public article,BROAD,candidate_corroboration_only
Jarrell Miller,record,13-0 (8 KOs),13-0 (8 KOs),False,,https://boxing-data.com/blog/miller-vs-pero-fight-preview-prediction-analysis,"Jarrell Miller vs Lenier Pero: WBA Heavyweight Eliminator Preview, Prediction & Analysis",2,single,boxing-data.com public article,BROAD,candidate_corroboration_only
Jarrell Miller,age,32,32,False,,https://boxing-data.com/blog/miller-vs-pero-fight-preview-prediction-analysis,"Jarrell Miller vs Lenier Pero: WBA Heavyweight Eliminator Preview, Prediction & Analysis",2,single,boxing-data.com public article,BROAD,candidate_corroboration_only
Jarrell Miller,nationality,Cuban,Cuban,False,USA,https://boxing-data.com/blog/miller-vs-pero-fight-preview-prediction-analysis,"Jarrell Miller vs Lenier Pero: WBA Heavyweight Eliminator Preview, Prediction & Analysis",2,single,boxing-data.com public article,BROAD,candidate_corroboration_only
Jarrell Miller,height_cm,194.0,6â4â / 194 cm,False,193.0,https://boxing-data.com/blog/miller-vs-pero-fight-preview-prediction-analysis,"Jarrell Miller vs Lenier Pero: WBA Heavyweight Eliminator Preview, Prediction & Analysis",2,single,boxing-data.com public article,BROAD,candidate_corroboration_only
Jarrell Miller,reach_cm,201.0,79.1â / 201 cm,False,198.0,https://boxing-data.com/blog/miller-vs-pero-fight-preview-prediction-analysis,"Jarrell Miller vs Lenier Pero: WBA Heavyweight Eliminator Preview, Prediction & Analysis",2,single,boxing-data.com public article,BROAD,candidate_corroboration_only
Jarrell Miller,stance,southpaw,Southpaw,False,orthodox,https://boxing-data.com/blog/miller-vs-pero-fight-preview-prediction-analysis,"Jarrell Miller vs Lenier Pero: WBA Heavyweight Eliminator Preview, Prediction & Analysis",2,single,boxing-data.com public article,BROAD,candidate_corroboration_only
Mizuki Hiruta,division,Super Flyweight / Junior Bantamweight (115 lbs),Super Flyweight / Junior Bantamweight (115 lbs),False,,https://boxing-data.com/blog/mizuki-hiruta-vs-mai-soliman-fight-preview-prediction-analysis,"Mizuki Hiruta vs Mai Soliman: Fight Preview, Prediction & Analysis",0,single,boxing-data.com public article,BROAD,candidate_corroboration_only
Mizuki Hiruta,title_context,WBO World Super Flyweight,WBO World Super Flyweight,False,,https://boxing-data.com/blog/mizuki-hiruta-vs-mai-soliman-fight-preview-prediction-analysis,"Mizuki Hiruta vs Mai Soliman: Fight Preview, Prediction & Analysis",0,single,boxing-data.com public article,BROAD,candidate_corroboration_only
Mizuki Hiruta,record,10-0 (2 KOs),10-0 (2 KOs),False,,https://boxing-data.com/blog/mizuki-hiruta-vs-mai-soliman-fight-preview-prediction-analysis,"Mizuki Hiruta vs Mai Soliman: Fight Preview, Prediction & Analysis",1,single,boxing-data.com public article,BROAD,candidate_corroboration_only
Mizuki Hiruta,ko_pct,20,20%,False,,https://boxing-data.com/blog/mizuki-hiruta-vs-mai-soliman-fight-preview-prediction-analysis,"Mizuki Hiruta vs Mai Soliman: Fight Preview, Prediction & Analysis",1,single,boxing-data.com public article,BROAD,candidate_corroboration_only
Mizuki Hiruta,age,27,27,False,,https://boxing-data.com/blog/mizuki-hiruta-vs-mai-soliman-fight-preview-prediction-analysis,"Mizuki Hiruta vs Mai Soliman: Fight Preview, Prediction & Analysis",1,single,boxing-data.com public article,BROAD,candidate_corroboration_only
Mizuki Hiruta,nationality,Japanese,Japanese,False,Japanese,https://boxing-data.com/blog/mizuki-hiruta-vs-mai-soliman-fight-preview-prediction-analysis,"Mizuki Hiruta vs Mai Soliman: Fight Preview, Prediction & Analysis",1,single,boxing-data.com public article,BROAD,candidate_corroboration_only
Mizuki Hiruta,title_context,WBO World Super Flyweight (6x defending),WBO World Super Flyweight (6x defending),False,,https://boxing-data.com/blog/mizuki-hiruta-vs-mai-soliman-fight-preview-prediction-analysis,"Mizuki Hiruta vs Mai Soliman: Fight Preview, Prediction & Analysis",1,single,boxing-data.com public article,BROAD,candidate_corroboration_only
Mizuki Hiruta,record,10-1 (6 KOs),10-1 (6 KOs),False,,https://boxing-data.com/blog/mizuki-hiruta-vs-mai-soliman-fight-preview-prediction-analysis,"Mizuki Hiruta vs Mai Soliman: Fight Preview, Prediction & Analysis",3,single,boxing-data.com public article,BROAD,candidate_corroboration_only
Mizuki Hiruta,ko_pct,60,60%,False,,https://boxing-data.com/blog/mizuki-hiruta-vs-mai-soliman-fight-preview-prediction-analysis,"Mizuki Hiruta vs Mai Soliman: Fight Preview, Prediction & Analysis",3,single,boxing-data.com public article,BROAD,candidate_corroboration_only
Mizuki Hiruta,nationality,Australian,Australian,False,Japanese,https://boxing-data.com/blog/mizuki-hiruta-vs-mai-soliman-fight-preview-prediction-analysis,"Mizuki Hiruta vs Mai Soliman: Fight Preview, Prediction & Analysis",3,single,boxing-data.com public article,BROAD,candidate_corroboration_only
Moses Itauma,age,20,20,False,,https://boxing-data.com/blog/moses-itauma-vs-dillian-whyte-preview,"Itauma vs. Whyte: Detailed Fight Preview, Stats, and Tale of the Tape",0,A,boxing-data.com public article,BROAD,candidate_corroboration_only
Dillian Whyte,age,37,37,False,,https://boxing-data.com/blog/moses-itauma-vs-dillian-whyte-preview,"Itauma vs. Whyte: Detailed Fight Preview, Stats, and Tale of the Tape",0,B,boxing-data.com public article,BROAD,candidate_corroboration_only
Moses Itauma,height_cm,198.0,6â 6â / 198 cm,False,194.0,https://boxing-data.com/blog/moses-itauma-vs-dillian-whyte-preview,"Itauma vs. Whyte: Detailed Fight Preview, Stats, and Tale of the Tape",0,A,boxing-data.com public article,BROAD,candidate_corroboration_only
Dillian Whyte,height_cm,193.0,6â 4â / 193 cm,False,193.0,https://boxing-data.com/blog/moses-itauma-vs-dillian-whyte-preview,"Itauma vs. Whyte: Detailed Fight Preview, Stats, and Tale of the Tape",0,B,boxing-data.com public article,BROAD,candidate_corroboration_only
Moses Itauma,reach_cm,200.0,78.7â / 200 cm,False,201.0,https://boxing-data.com/blog/moses-itauma-vs-dillian-whyte-preview,"Itauma vs. Whyte: Detailed Fight Preview, Stats, and Tale of the Tape",0,A,boxing-data.com public article,BROAD,candidate_corroboration_only
Dillian Whyte,reach_cm,198.0,78â / 198 cm,False,198.0,https://boxing-data.com/blog/moses-itauma-vs-dillian-whyte-preview,"Itauma vs. Whyte: Detailed Fight Preview, Stats, and Tale of the Tape",0,B,boxing-data.com public article,BROAD,candidate_corroboration_only
Moses Itauma,record,12-0-0 (10 KOs),12-0-0 (10 KOs),False,,https://boxing-data.com/blog/moses-itauma-vs-dillian-whyte-preview,"Itauma vs. Whyte: Detailed Fight Preview, Stats, and Tale of the Tape",0,A,boxing-data.com public article,BROAD,candidate_corroboration_only
Dillian Whyte,record,31-3-0 (21 KOs),31-3-0 (21 KOs),False,,https://boxing-data.com/blog/moses-itauma-vs-dillian-whyte-preview,"Itauma vs. Whyte: Detailed Fight Preview, Stats, and Tale of the Tape",0,B,boxing-data.com public article,BROAD,candidate_corroboration_only
Moses Itauma,ko_pct,83,83%,False,,https://boxing-data.com/blog/moses-itauma-vs-dillian-whyte-preview,"Itauma vs. Whyte: Detailed Fight Preview, Stats, and Tale of the Tape",0,A,boxing-data.com public article,BROAD,candidate_corroboration_only
Dillian Whyte,ko_pct,68,68%,False,,https://boxing-data.com/blog/moses-itauma-vs-dillian-whyte-preview,"Itauma vs. Whyte: Detailed Fight Preview, Stats, and Tale of the Tape",0,B,boxing-data.com public article,BROAD,candidate_corroboration_only
Moses Itauma,stance,southpaw,Southpaw,False,southpaw,https://boxing-data.com/blog/moses-itauma-vs-dillian-whyte-preview,"Itauma vs. Whyte: Detailed Fight Preview, Stats, and Tale of the Tape",0,A,boxing-data.com public article,BROAD,candidate_corroboration_only
Dillian Whyte,stance,orthodox,Orthodox,False,orthodox,https://boxing-data.com/blog/moses-itauma-vs-dillian-whyte-preview,"Itauma vs. Whyte: Detailed Fight Preview, Stats, and Tale of the Tape",0,B,boxing-data.com public article,BROAD,candidate_corroboration_only
Moses Itauma,title_context,Vacant IBF World Heavyweight Championship,Vacant IBF World Heavyweight Championship,False,,https://boxing-data.com/blog/moses-itauma-vs-filip-hrgovic-fight-preview-prediction-analysis,"Moses Itauma vs Filip Hrgovic: Fight Preview, Prediction & Analysis",0,single,boxing-data.com public article,BROAD,candidate_corroboration_only
Naoya Inoue,age,32,32,False,,https://boxing-data.com/blog/naoya-inoue-vs-junto-nakatani-fight-preview-prediction-analysis,"Naoya Inoue vs Junto Nakatani: Fight Preview, Prediction & Analysis",1,A,boxing-data.com public article,BROAD,candidate_corroboration_only
Junto Nakatani,age,27,27,False,,https://boxing-data.com/blog/naoya-inoue-vs-junto-nakatani-fight-preview-prediction-analysis,"Naoya Inoue vs Junto Nakatani: Fight Preview, Prediction & Analysis",1,B,boxing-data.com public article,BROAD,candidate_corroboration_only
Naoya Inoue,record,32-0,32-0,False,,https://boxing-data.com/blog/naoya-inoue-vs-junto-nakatani-fight-preview-prediction-analysis,"Naoya Inoue vs Junto Nakatani: Fight Preview, Prediction & Analysis",1,A,boxing-data.com public article,BROAD,candidate_corroboration_only
Junto Nakatani,record,32-0,32-0,False,,https://boxing-data.com/blog/naoya-inoue-vs-junto-nakatani-fight-preview-prediction-analysis,"Naoya Inoue vs Junto Nakatani: Fight Preview, Prediction & Analysis",1,B,boxing-data.com public article,BROAD,candidate_corroboration_only
Naoya Inoue,height_cm,164.0,5â5â / 164 cm,False,165.0,https://boxing-data.com/blog/naoya-inoue-vs-junto-nakatani-fight-preview-prediction-analysis,"Naoya Inoue vs Junto Nakatani: Fight Preview, Prediction & Analysis",1,A,boxing-data.com public article,BROAD,candidate_corroboration_only
Junto Nakatani,height_cm,170.0,5â7â / 170 cm,False,175.0,https://boxing-data.com/blog/naoya-inoue-vs-junto-nakatani-fight-preview-prediction-analysis,"Naoya Inoue vs Junto Nakatani: Fight Preview, Prediction & Analysis",1,B,boxing-data.com public article,BROAD,candidate_corroboration_only
Naoya Inoue,reach_cm,173.0,68.1â / 173 cm,False,171.0,https://boxing-data.com/blog/naoya-inoue-vs-junto-nakatani-fight-preview-prediction-analysis,"Naoya Inoue vs Junto Nakatani: Fight Preview, Prediction & Analysis",1,A,boxing-data.com public article,BROAD,candidate_corroboration_only
Junto Nakatani,reach_cm,170.0,66.9â / 170 cm,False,174.0,https://boxing-data.com/blog/naoya-inoue-vs-junto-nakatani-fight-preview-prediction-analysis,"Naoya Inoue vs Junto Nakatani: Fight Preview, Prediction & Analysis",1,B,boxing-data.com public article,BROAD,candidate_corroboration_only
Naoya Inoue,stance,orthodox,Orthodox,False,orthodox,https://boxing-data.com/blog/naoya-inoue-vs-junto-nakatani-fight-preview-prediction-analysis,"Naoya Inoue vs Junto Nakatani: Fight Preview, Prediction & Analysis",1,A,boxing-data.com public article,BROAD,candidate_corroboration_only
Junto Nakatani,stance,southpaw,Southpaw,False,southpaw,https://boxing-data.com/blog/naoya-inoue-vs-junto-nakatani-fight-preview-prediction-analysis,"Naoya Inoue vs Junto Nakatani: Fight Preview, Prediction & Analysis",1,B,boxing-data.com public article,BROAD,candidate_corroboration_only
Naoya Inoue,debut,2012,2012,False,,https://boxing-data.com/blog/naoya-inoue-vs-junto-nakatani-fight-preview-prediction-analysis,"Naoya Inoue vs Junto Nakatani: Fight Preview, Prediction & Analysis",1,A,boxing-data.com public article,BROAD,candidate_corroboration_only
Junto Nakatani,debut,2016,2016,False,,https://boxing-data.com/blog/naoya-inoue-vs-junto-nakatani-fight-preview-prediction-analysis,"Naoya Inoue vs Junto Nakatani: Fight Preview, Prediction & Analysis",1,B,boxing-data.com public article,BROAD,candidate_corroboration_only
Nikita Tszyu,division,Junior Middleweight (Super Welterweight),Junior Middleweight (Super Welterweight),False,,https://boxing-data.com/blog/nikita-tszyu-vs-oscar-diaz-fight-preview-prediction-analysis,"Nikita Tszyu vs Oscar Diaz: Fight Preview, Prediction & Analysis",0,single,boxing-data.com public article,BROAD,candidate_corroboration_only
Nikita Tszyu,title_context,WBO & IBF World Junior Middleweight Championships,WBO & IBF World Junior Middleweight Championships,False,,https://boxing-data.com/blog/nikita-tszyu-vs-oscar-diaz-fight-preview-prediction-analysis,"Nikita Tszyu vs Oscar Diaz: Fight Preview, Prediction & Analysis",0,single,boxing-data.com public article,BROAD,candidate_corroboration_only
Lawrence Okolie,age,32,32,False,,https://boxing-data.com/blog/okolie-vs-yoka-fight-preview-prediction-analysis,"Lawrence Okolie vs Tony Yoka: Fight Preview, Prediction & Analysis",3,A,boxing-data.com public article,BROAD,candidate_corroboration_only
Tony Yoka,age,32,32,False,,https://boxing-data.com/blog/okolie-vs-yoka-fight-preview-prediction-analysis,"Lawrence Okolie vs Tony Yoka: Fight Preview, Prediction & Analysis",3,B,boxing-data.com public article,BROAD,candidate_corroboration_only
Lawrence Okolie,record,23-1 (17 KOs),23-1 (17 KOs),False,,https://boxing-data.com/blog/okolie-vs-yoka-fight-preview-prediction-analysis,"Lawrence Okolie vs Tony Yoka: Fight Preview, Prediction & Analysis",3,A,boxing-data.com public article,BROAD,candidate_corroboration_only
Tony Yoka,record,15-3 (12 KOs),15-3 (12 KOs),False,,https://boxing-data.com/blog/okolie-vs-yoka-fight-preview-prediction-analysis,"Lawrence Okolie vs Tony Yoka: Fight Preview, Prediction & Analysis",3,B,boxing-data.com public article,BROAD,candidate_corroboration_only
Lawrence Okolie,height_cm,196.0,6â5â / 196cm,False,196.0,https://boxing-data.com/blog/okolie-vs-yoka-fight-preview-prediction-analysis,"Lawrence Okolie vs Tony Yoka: Fight Preview, Prediction & Analysis",3,A,boxing-data.com public article,BROAD,candidate_corroboration_only
Tony Yoka,height_cm,201.0,6â7â / 201cm,False,200.99999999999997,https://boxing-data.com/blog/okolie-vs-yoka-fight-preview-prediction-analysis,"Lawrence Okolie vs Tony Yoka: Fight Preview, Prediction & Analysis",3,B,boxing-data.com public article,BROAD,candidate_corroboration_only
Lawrence Okolie,reach_cm,210.0,82.7â / 210cm,False,210.0,https://boxing-data.com/blog/okolie-vs-yoka-fight-preview-prediction-analysis,"Lawrence Okolie vs Tony Yoka: Fight Preview, Prediction & Analysis",3,A,boxing-data.com public article,BROAD,candidate_corroboration_only
Tony Yoka,reach_cm,208.0,81.9â / 208cm,False,208.0,https://boxing-data.com/blog/okolie-vs-yoka-fight-preview-prediction-analysis,"Lawrence Okolie vs Tony Yoka: Fight Preview, Prediction & Analysis",3,B,boxing-data.com public article,BROAD,candidate_corroboration_only
Lawrence Okolie,stance,orthodox,Orthodox,False,orthodox,https://boxing-data.com/blog/okolie-vs-yoka-fight-preview-prediction-analysis,"Lawrence Okolie vs Tony Yoka: Fight Preview, Prediction & Analysis",3,A,boxing-data.com public article,BROAD,candidate_corroboration_only
Tony Yoka,stance,orthodox,Orthodox,False,orthodox,https://boxing-data.com/blog/okolie-vs-yoka-fight-preview-prediction-analysis,"Lawrence Okolie vs Tony Yoka: Fight Preview, Prediction & Analysis",3,B,boxing-data.com public article,BROAD,candidate_corroboration_only
Lawrence Okolie,debut,2017,2017,False,,https://boxing-data.com/blog/okolie-vs-yoka-fight-preview-prediction-analysis,"Lawrence Okolie vs Tony Yoka: Fight Preview, Prediction & Analysis",3,A,boxing-data.com public article,BROAD,candidate_corroboration_only
Tony Yoka,debut,2017,2017,False,,https://boxing-data.com/blog/okolie-vs-yoka-fight-preview-prediction-analysis,"Lawrence Okolie vs Tony Yoka: Fight Preview, Prediction & Analysis",3,B,boxing-data.com public article,BROAD,candidate_corroboration_only
Oleksandr Usyk,record,24-0,24-0,False,,https://boxing-data.com/blog/oleksandr-usyk-next-fight-parker-wardley,Oleksandr Usyk Next Fight: Parker vs. Wardley Winner in 2026? Analysis & Predictions,1,A,boxing-data.com public article,BROAD,candidate_corroboration_only
Joseph Parker,record,36-3,36-3,False,,https://boxing-data.com/blog/oleksandr-usyk-next-fight-parker-wardley,Oleksandr Usyk Next Fight: Parker vs. Wardley Winner in 2026? Analysis & Predictions,0,B,boxing-data.com public article,BROAD,candidate_corroboration_only
Oleksandr Usyk,ko_pct,63,63%,False,,https://boxing-data.com/blog/oleksandr-usyk-next-fight-parker-wardley,Oleksandr Usyk Next Fight: Parker vs. Wardley Winner in 2026? Analysis & Predictions,1,A,boxing-data.com public article,BROAD,candidate_corroboration_only
Joseph Parker,ko_pct,67,67%,False,,https://boxing-data.com/blog/oleksandr-usyk-next-fight-parker-wardley,Oleksandr Usyk Next Fight: Parker vs. Wardley Winner in 2026? Analysis & Predictions,0,B,boxing-data.com public article,BROAD,candidate_corroboration_only
Fabio Wardley,record,19-0-1,19-0-1,False,,https://boxing-data.com/blog/oleksandr-usyk-next-fight-parker-wardley,Oleksandr Usyk Next Fight: Parker vs. Wardley Winner in 2026? Analysis & Predictions,1,B,boxing-data.com public article,BROAD,candidate_corroboration_only
Fabio Wardley,ko_pct,95,95%,False,,https://boxing-data.com/blog/oleksandr-usyk-next-fight-parker-wardley,Oleksandr Usyk Next Fight: Parker vs. Wardley Winner in 2026? Analysis & Predictions,1,B,boxing-data.com public article,BROAD,candidate_corroboration_only
Oleksandr Usyk,age,38,38,False,,https://boxing-data.com/blog/oleksandr-usyk-vs-daniel-dubois-preview,"Usyk vs. Dubois 2: Undisputed Heavyweight Title Fight Preview | Date, Time, Odds & How to Watch",0,A,boxing-data.com public article,BROAD,candidate_corroboration_only
Daniel Dubois,age,27,27,False,,https://boxing-data.com/blog/oleksandr-usyk-vs-daniel-dubois-preview,"Usyk vs. Dubois 2: Undisputed Heavyweight Title Fight Preview | Date, Time, Odds & How to Watch",0,B,boxing-data.com public article,BROAD,candidate_corroboration_only
Oleksandr Usyk,height_cm,191.0,6â 3â / 191 cm,False,191.0,https://boxing-data.com/blog/oleksandr-usyk-vs-daniel-dubois-preview,"Usyk vs. Dubois 2: Undisputed Heavyweight Title Fight Preview | Date, Time, Odds & How to Watch",0,A,boxing-data.com public article,BROAD,candidate_corroboration_only
Daniel Dubois,height_cm,196.0,6â 5â / 196 cm,False,196.0,https://boxing-data.com/blog/oleksandr-usyk-vs-daniel-dubois-preview,"Usyk vs. Dubois 2: Undisputed Heavyweight Title Fight Preview | Date, Time, Odds & How to Watch",0,B,boxing-data.com public article,BROAD,candidate_corroboration_only
Oleksandr Usyk,reach_cm,198.0,78â / 198 cm,False,198.0,https://boxing-data.com/blog/oleksandr-usyk-vs-daniel-dubois-preview,"Usyk vs. Dubois 2: Undisputed Heavyweight Title Fight Preview | Date, Time, Odds & How to Watch",0,A,boxing-data.com public article,BROAD,candidate_corroboration_only
Daniel Dubois,reach_cm,198.0,78â / 198 cm,False,198.0,https://boxing-data.com/blog/oleksandr-usyk-vs-daniel-dubois-preview,"Usyk vs. Dubois 2: Undisputed Heavyweight Title Fight Preview | Date, Time, Odds & How to Watch",0,B,boxing-data.com public article,BROAD,candidate_corroboration_only
Oleksandr Usyk,stance,southpaw,Southpaw,False,southpaw,https://boxing-data.com/blog/oleksandr-usyk-vs-daniel-dubois-preview,"Usyk vs. Dubois 2: Undisputed Heavyweight Title Fight Preview | Date, Time, Odds & How to Watch",0,A,boxing-data.com public article,BROAD,candidate_corroboration_only
Daniel Dubois,stance,orthodox,Orthodox,False,orthodox,https://boxing-data.com/blog/oleksandr-usyk-vs-daniel-dubois-preview,"Usyk vs. Dubois 2: Undisputed Heavyweight Title Fight Preview | Date, Time, Odds & How to Watch",0,B,boxing-data.com public article,BROAD,candidate_corroboration_only
Oleksandr Usyk,record,23-0-0 (14 KOs),23-0-0 (14 KOs),False,,https://boxing-data.com/blog/oleksandr-usyk-vs-daniel-dubois-preview,"Usyk vs. Dubois 2: Undisputed Heavyweight Title Fight Preview | Date, Time, Odds & How to Watch",0,A,boxing-data.com public article,BROAD,candidate_corroboration_only
Daniel Dubois,record,22-2-0 (21 KOs),22-2-0 (21 KOs),False,,https://boxing-data.com/blog/oleksandr-usyk-vs-daniel-dubois-preview,"Usyk vs. Dubois 2: Undisputed Heavyweight Title Fight Preview | Date, Time, Odds & How to Watch",0,B,boxing-data.com public article,BROAD,candidate_corroboration_only
Oleksandr Usyk,ko_pct,61,61%,False,,https://boxing-data.com/blog/oleksandr-usyk-vs-daniel-dubois-preview,"Usyk vs. Dubois 2: Undisputed Heavyweight Title Fight Preview | Date, Time, Odds & How to Watch",0,A,boxing-data.com public article,BROAD,candidate_corroboration_only
Daniel Dubois,ko_pct,95,95%,False,,https://boxing-data.com/blog/oleksandr-usyk-vs-daniel-dubois-preview,"Usyk vs. Dubois 2: Undisputed Heavyweight Title Fight Preview | Date, Time, Odds & How to Watch",0,B,boxing-data.com public article,BROAD,candidate_corroboration_only
Oleksandr Usyk,rounds_boxed,201,201,False,,https://boxing-data.com/blog/oleksandr-usyk-vs-daniel-dubois-preview,"Usyk vs. Dubois 2: Undisputed Heavyweight Title Fight Preview | Date, Time, Odds & How to Watch",0,A,boxing-data.com public article,BROAD,candidate_corroboration_only
Daniel Dubois,rounds_boxed,95,95,False,,https://boxing-data.com/blog/oleksandr-usyk-vs-daniel-dubois-preview,"Usyk vs. Dubois 2: Undisputed Heavyweight Title Fight Preview | Date, Time, Odds & How to Watch",0,B,boxing-data.com public article,BROAD,candidate_corroboration_only
Oleksandr Usyk,division,Heavyweight (unlimited),Heavyweight (unlimited),False,,https://boxing-data.com/blog/oleksandr-usyk-vs-rico-verhoeven-fight-preview-prediction-analysis,"Oleksandr Usyk vs Rico Verhoeven: Fight Preview, Prediction & Analysis",0,single,boxing-data.com public article,BROAD,candidate_corroboration_only
Oleksandr Usyk,title_context,"WBC, WBA Super World, IBF & The Ring Heavyweight","WBC, WBA Super World, IBF & The Ring Heavyweight",False,,https://boxing-data.com/blog/oleksandr-usyk-vs-rico-verhoeven-fight-preview-prediction-analysis,"Oleksandr Usyk vs Rico Verhoeven: Fight Preview, Prediction & Analysis",0,single,boxing-data.com public article,BROAD,candidate_corroboration_only
Oleksandr Usyk,record,24-0 (15 KOs),24-0 (15 KOs),False,,https://boxing-data.com/blog/oleksandr-usyk-vs-rico-verhoeven-fight-preview-prediction-analysis,"Oleksandr Usyk vs Rico Verhoeven: Fight Preview, Prediction & Analysis",1,single,boxing-data.com public article,BROAD,candidate_corroboration_only
Oleksandr Usyk,ko_pct,63,63%,False,,https://boxing-data.com/blog/oleksandr-usyk-vs-rico-verhoeven-fight-preview-prediction-analysis,"Oleksandr Usyk vs Rico Verhoeven: Fight Preview, Prediction & Analysis",1,single,boxing-data.com public article,BROAD,candidate_corroboration_only
Oleksandr Usyk,age,38,38,False,,https://boxing-data.com/blog/oleksandr-usyk-vs-rico-verhoeven-fight-preview-prediction-analysis,"Oleksandr Usyk vs Rico Verhoeven: Fight Preview, Prediction & Analysis",1,single,boxing-data.com public article,BROAD,candidate_corroboration_only
Oleksandr Usyk,height_cm,190.0,6â3â (190 cm),False,191.0,https://boxing-data.com/blog/oleksandr-usyk-vs-rico-verhoeven-fight-preview-prediction-analysis,"Oleksandr Usyk vs Rico Verhoeven: Fight Preview, Prediction & Analysis",1,single,boxing-data.com public article,BROAD,candidate_corroboration_only
Oleksandr Usyk,reach_cm,198.0,78â (198 cm),False,198.0,https://boxing-data.com/blog/oleksandr-usyk-vs-rico-verhoeven-fight-preview-prediction-analysis,"Oleksandr Usyk vs Rico Verhoeven: Fight Preview, Prediction & Analysis",1,single,boxing-data.com public article,BROAD,candidate_corroboration_only
Oleksandr Usyk,stance,southpaw,Southpaw,False,southpaw,https://boxing-data.com/blog/oleksandr-usyk-vs-rico-verhoeven-fight-preview-prediction-analysis,"Oleksandr Usyk vs Rico Verhoeven: Fight Preview, Prediction & Analysis",1,single,boxing-data.com public article,BROAD,candidate_corroboration_only
Oleksandr Usyk,nationality,Ukrainian,Ukrainian,False,Ukraine,https://boxing-data.com/blog/oleksandr-usyk-vs-rico-verhoeven-fight-preview-prediction-analysis,"Oleksandr Usyk vs Rico Verhoeven: Fight Preview, Prediction & Analysis",1,single,boxing-data.com public article,BROAD,candidate_corroboration_only
Oleksandr Usyk,record,1-0 (1 KO),1-0 (1 KO),False,,https://boxing-data.com/blog/oleksandr-usyk-vs-rico-verhoeven-fight-preview-prediction-analysis,"Oleksandr Usyk vs Rico Verhoeven: Fight Preview, Prediction & Analysis",3,single,boxing-data.com public article,BROAD,candidate_corroboration_only
Oleksandr Usyk,ko_pct,100,100%,False,,https://boxing-data.com/blog/oleksandr-usyk-vs-rico-verhoeven-fight-preview-prediction-analysis,"Oleksandr Usyk vs Rico Verhoeven: Fight Preview, Prediction & Analysis",3,single,boxing-data.com public article,BROAD,candidate_corroboration_only
Oleksandr Usyk,age,36,36,False,,https://boxing-data.com/blog/oleksandr-usyk-vs-rico-verhoeven-fight-preview-prediction-analysis,"Oleksandr Usyk vs Rico Verhoeven: Fight Preview, Prediction & Analysis",3,single,boxing-data.com public article,BROAD,candidate_corroboration_only
Oleksandr Usyk,height_cm,196.0,6â5â (196 cm),False,191.0,https://boxing-data.com/blog/oleksandr-usyk-vs-rico-verhoeven-fight-preview-prediction-analysis,"Oleksandr Usyk vs Rico Verhoeven: Fight Preview, Prediction & Analysis",3,single,boxing-data.com public article,BROAD,candidate_corroboration_only
Oleksandr Usyk,stance,orthodox,Orthodox,False,southpaw,https://boxing-data.com/blog/oleksandr-usyk-vs-rico-verhoeven-fight-preview-prediction-analysis,"Oleksandr Usyk vs Rico Verhoeven: Fight Preview, Prediction & Analysis",3,single,boxing-data.com public article,BROAD,candidate_corroboration_only
Oleksandr Usyk,nationality,Dutch,Dutch,False,Ukraine,https://boxing-data.com/blog/oleksandr-usyk-vs-rico-verhoeven-fight-preview-prediction-analysis,"Oleksandr Usyk vs Rico Verhoeven: Fight Preview, Prediction & Analysis",3,single,boxing-data.com public article,BROAD,candidate_corroboration_only
Oscar Collazo,division,Minimumweight (105 lb),Minimumweight (105 lb),False,,https://boxing-data.com/blog/oscar-collazo-vs-joey-canoy-fight-preview-prediction-analysis,"Oscar Collazo vs Joey Canoy: Fight Preview, Prediction & Analysis",0,single,boxing-data.com public article,BROAD,candidate_corroboration_only
Diego Pacheco,division,Super Middleweight (168 lbs),Super Middleweight (168 lbs),False,,https://boxing-data.com/blog/pacheco-vs-aleem-fight-preview-prediction-analysis,"Diego Pacheco vs Immanuwel Aleem: Fight Preview, Prediction & Analysis",0,single,boxing-data.com public article,BROAD,candidate_corroboration_only
Diego Pacheco,title_context,WBC Silver Super Middleweight,WBC Silver Super Middleweight,False,,https://boxing-data.com/blog/pacheco-vs-aleem-fight-preview-prediction-analysis,"Diego Pacheco vs Immanuwel Aleem: Fight Preview, Prediction & Analysis",0,single,boxing-data.com public article,BROAD,candidate_corroboration_only
Diego Pacheco,record,25-0-0,25-0-0,False,,https://boxing-data.com/blog/pacheco-vs-aleem-fight-preview-prediction-analysis,"Diego Pacheco vs Immanuwel Aleem: Fight Preview, Prediction & Analysis",1,single,boxing-data.com public article,BROAD,candidate_corroboration_only
Diego Pacheco,height_cm,193.0,6â4â / 193 cm,False,193.0,https://boxing-data.com/blog/pacheco-vs-aleem-fight-preview-prediction-analysis,"Diego Pacheco vs Immanuwel Aleem: Fight Preview, Prediction & Analysis",1,single,boxing-data.com public article,BROAD,candidate_corroboration_only
Diego Pacheco,reach_cm,201.0,79.1â / 201 cm,False,201.0,https://boxing-data.com/blog/pacheco-vs-aleem-fight-preview-prediction-analysis,"Diego Pacheco vs Immanuwel Aleem: Fight Preview, Prediction & Analysis",1,single,boxing-data.com public article,BROAD,candidate_corroboration_only
Diego Pacheco,stance,orthodox,Orthodox,False,orthodox,https://boxing-data.com/blog/pacheco-vs-aleem-fight-preview-prediction-analysis,"Diego Pacheco vs Immanuwel Aleem: Fight Preview, Prediction & Analysis",2,single,boxing-data.com public article,BROAD,candidate_corroboration_only
Diego Pacheco,age,25,25,False,,https://boxing-data.com/blog/pacheco-vs-aleem-fight-preview-prediction-analysis,"Diego Pacheco vs Immanuwel Aleem: Fight Preview, Prediction & Analysis",1,single,boxing-data.com public article,BROAD,candidate_corroboration_only
Diego Pacheco,debut,2019,2019,False,,https://boxing-data.com/blog/pacheco-vs-aleem-fight-preview-prediction-analysis,"Diego Pacheco vs Immanuwel Aleem: Fight Preview, Prediction & Analysis",1,single,boxing-data.com public article,BROAD,candidate_corroboration_only
Diego Pacheco,record,22-4-3,22-4-3,False,,https://boxing-data.com/blog/pacheco-vs-aleem-fight-preview-prediction-analysis,"Diego Pacheco vs Immanuwel Aleem: Fight Preview, Prediction & Analysis",2,single,boxing-data.com public article,BROAD,candidate_corroboration_only
Diego Pacheco,debut,2012,2012,False,,https://boxing-data.com/blog/pacheco-vs-aleem-fight-preview-prediction-analysis,"Diego Pacheco vs Immanuwel Aleem: Fight Preview, Prediction & Analysis",2,single,boxing-data.com public article,BROAD,candidate_corroboration_only
Paddy Donovan,age,26,26,False,,https://boxing-data.com/blog/paddy-donovan-vs-tyrone-mckenna-fight-preview-prediction-analysis,"Paddy Donovan vs Tyrone McKenna: Fight Preview, Prediction & Analysis",0,A,boxing-data.com public article,BROAD,candidate_corroboration_only
Tyrone McKenna,age,35,35,False,,https://boxing-data.com/blog/paddy-donovan-vs-tyrone-mckenna-fight-preview-prediction-analysis,"Paddy Donovan vs Tyrone McKenna: Fight Preview, Prediction & Analysis",0,B,boxing-data.com public article,BROAD,candidate_corroboration_only
Paddy Donovan,record,15-2,15-2,False,,https://boxing-data.com/blog/paddy-donovan-vs-tyrone-mckenna-fight-preview-prediction-analysis,"Paddy Donovan vs Tyrone McKenna: Fight Preview, Prediction & Analysis",0,A,boxing-data.com public article,BROAD,candidate_corroboration_only
Tyrone McKenna,record,25-6-1,25-6-1,False,,https://boxing-data.com/blog/paddy-donovan-vs-tyrone-mckenna-fight-preview-prediction-analysis,"Paddy Donovan vs Tyrone McKenna: Fight Preview, Prediction & Analysis",0,B,boxing-data.com public article,BROAD,candidate_corroboration_only
Paddy Donovan,ko_pct,73,73%,False,,https://boxing-data.com/blog/paddy-donovan-vs-tyrone-mckenna-fight-preview-prediction-analysis,"Paddy Donovan vs Tyrone McKenna: Fight Preview, Prediction & Analysis",0,A,boxing-data.com public article,BROAD,candidate_corroboration_only
Tyrone McKenna,ko_pct,32,32%,False,,https://boxing-data.com/blog/paddy-donovan-vs-tyrone-mckenna-fight-preview-prediction-analysis,"Paddy Donovan vs Tyrone McKenna: Fight Preview, Prediction & Analysis",0,B,boxing-data.com public article,BROAD,candidate_corroboration_only
Paddy Donovan,stance,southpaw,Southpaw,False,southpaw,https://boxing-data.com/blog/paddy-donovan-vs-tyrone-mckenna-fight-preview-prediction-analysis,"Paddy Donovan vs Tyrone McKenna: Fight Preview, Prediction & Analysis",0,A,boxing-data.com public article,BROAD,candidate_corroboration_only
Tyrone McKenna,stance,southpaw,Southpaw,False,southpaw,https://boxing-data.com/blog/paddy-donovan-vs-tyrone-mckenna-fight-preview-prediction-analysis,"Paddy Donovan vs Tyrone McKenna: Fight Preview, Prediction & Analysis",0,B,boxing-data.com public article,BROAD,candidate_corroboration_only
Joseph Parker,record,36-3-0,36-3-0,False,,https://boxing-data.com/blog/parker-vs-wardley-preview-prediction,"Parker vs. Wardley: Fight Preview, Stats, Odds & Prediction - Road to Victory",0,A,boxing-data.com public article,BROAD,candidate_corroboration_only
Fabio Wardley,record,19-0-1,19-0-1,False,,https://boxing-data.com/blog/parker-vs-wardley-preview-prediction,"Parker vs. Wardley: Fight Preview, Stats, Odds & Prediction - Road to Victory",0,B,boxing-data.com public article,BROAD,candidate_corroboration_only
Joseph Parker,ko_pct,67,67%,False,,https://boxing-data.com/blog/parker-vs-wardley-preview-prediction,"Parker vs. Wardley: Fight Preview, Stats, Odds & Prediction - Road to Victory",0,A,boxing-data.com public article,BROAD,candidate_corroboration_only
Fabio Wardley,ko_pct,95,95%,False,,https://boxing-data.com/blog/parker-vs-wardley-preview-prediction,"Parker vs. Wardley: Fight Preview, Stats, Odds & Prediction - Road to Victory",0,B,boxing-data.com public article,BROAD,candidate_corroboration_only
Joseph Parker,age,33,33,False,,https://boxing-data.com/blog/parker-vs-wardley-preview-prediction,"Parker vs. Wardley: Fight Preview, Stats, Odds & Prediction - Road to Victory",0,A,boxing-data.com public article,BROAD,candidate_corroboration_only
Fabio Wardley,age,30,30,False,,https://boxing-data.com/blog/parker-vs-wardley-preview-prediction,"Parker vs. Wardley: Fight Preview, Stats, Odds & Prediction - Road to Victory",0,B,boxing-data.com public article,BROAD,candidate_corroboration_only
Jake Paul,division,Cruiserweight (200 lbs),Cruiserweight (200 lbs),False,,https://boxing-data.com/blog/paul-vs-chavez-jr-review,"Jake Paul vs Julio Cesar Chavez Jr. Results: Punch Stats, Knockout Analysis, and Round-by-Round Breakdown",0,single,boxing-data.com public article,BROAD,candidate_corroboration_only
Jake Paul,age,28,28,False,,https://boxing-data.com/blog/paul-vs-joshua-fight-preview-prediction,"Paul vs. Joshua: Fight Preview, Prediction & Analysis - Road to Victory",0,A,boxing-data.com public article,BROAD,candidate_corroboration_only
Anthony Joshua,age,36,36,False,,https://boxing-data.com/blog/paul-vs-joshua-fight-preview-prediction,"Paul vs. Joshua: Fight Preview, Prediction & Analysis - Road to Victory",0,B,boxing-data.com public article,BROAD,candidate_corroboration_only
Jake Paul,height_cm,185.0,6â 1â / 185 cm,False,185.0,https://boxing-data.com/blog/paul-vs-joshua-fight-preview-prediction,"Paul vs. Joshua: Fight Preview, Prediction & Analysis - Road to Victory",0,A,boxing-data.com public article,BROAD,candidate_corroboration_only
Anthony Joshua,height_cm,198.0,6â 6â / 198 cm,False,198.0,https://boxing-data.com/blog/paul-vs-joshua-fight-preview-prediction,"Paul vs. Joshua: Fight Preview, Prediction & Analysis - Road to Victory",0,B,boxing-data.com public article,BROAD,candidate_corroboration_only
Jake Paul,reach_cm,193.0,76â / 193 cm,False,193.0,https://boxing-data.com/blog/paul-vs-joshua-fight-preview-prediction,"Paul vs. Joshua: Fight Preview, Prediction & Analysis - Road to Victory",0,A,boxing-data.com public article,BROAD,candidate_corroboration_only
Anthony Joshua,reach_cm,208.0,81.9â / 208 cm,False,208.0,https://boxing-data.com/blog/paul-vs-joshua-fight-preview-prediction,"Paul vs. Joshua: Fight Preview, Prediction & Analysis - Road to Victory",0,B,boxing-data.com public article,BROAD,candidate_corroboration_only
Jake Paul,record,12-1 (7 KOs),12-1 (7 KOs),False,,https://boxing-data.com/blog/paul-vs-joshua-fight-preview-prediction,"Paul vs. Joshua: Fight Preview, Prediction & Analysis - Road to Victory",0,A,boxing-data.com public article,BROAD,candidate_corroboration_only
Anthony Joshua,record,28-4 (25 KOs),28-4 (25 KOs),False,,https://boxing-data.com/blog/paul-vs-joshua-fight-preview-prediction,"Paul vs. Joshua: Fight Preview, Prediction & Analysis - Road to Victory",0,B,boxing-data.com public article,BROAD,candidate_corroboration_only
Jake Paul,ko_pct,58,58%,False,,https://boxing-data.com/blog/paul-vs-joshua-fight-preview-prediction,"Paul vs. Joshua: Fight Preview, Prediction & Analysis - Road to Victory",0,A,boxing-data.com public article,BROAD,candidate_corroboration_only
Anthony Joshua,ko_pct,89,89%,False,,https://boxing-data.com/blog/paul-vs-joshua-fight-preview-prediction,"Paul vs. Joshua: Fight Preview, Prediction & Analysis - Road to Victory",0,B,boxing-data.com public article,BROAD,candidate_corroboration_only
Jake Paul,stance,orthodox,Orthodox,False,orthodox,https://boxing-data.com/blog/paul-vs-joshua-fight-preview-prediction,"Paul vs. Joshua: Fight Preview, Prediction & Analysis - Road to Victory",0,A,boxing-data.com public article,BROAD,candidate_corroboration_only
Anthony Joshua,stance,orthodox,Orthodox,False,orthodox,https://boxing-data.com/blog/paul-vs-joshua-fight-preview-prediction,"Paul vs. Joshua: Fight Preview, Prediction & Analysis - Road to Victory",0,B,boxing-data.com public article,BROAD,candidate_corroboration_only
Peter McGrail,division,Super Bantamweight (122 lb),Super Bantamweight (122 lb),False,,https://boxing-data.com/blog/peter-mcgrail-vs-mansilla-fight-preview-prediction-analysis,"Peter McGrail vs Ckari Mansilla: Fight Preview, Prediction & Analysis",0,single,boxing-data.com public article,BROAD,candidate_corroboration_only
Peter McGrail,record,12-2 (6 KOs),12-2 (6 KOs),False,,https://boxing-data.com/blog/peter-mcgrail-vs-mansilla-fight-preview-prediction-analysis,"Peter McGrail vs Ckari Mansilla: Fight Preview, Prediction & Analysis",1,single,boxing-data.com public article,BROAD,candidate_corroboration_only
Peter McGrail,age,29,29,False,,https://boxing-data.com/blog/peter-mcgrail-vs-mansilla-fight-preview-prediction-analysis,"Peter McGrail vs Ckari Mansilla: Fight Preview, Prediction & Analysis",1,single,boxing-data.com public article,BROAD,candidate_corroboration_only
Peter McGrail,nationality,English,English,False,United Kingdom,https://boxing-data.com/blog/peter-mcgrail-vs-mansilla-fight-preview-prediction-analysis,"Peter McGrail vs Ckari Mansilla: Fight Preview, Prediction & Analysis",1,single,boxing-data.com public article,BROAD,candidate_corroboration_only
Peter McGrail,height_cm,170.0,5â7â / 170 cm,False,170.0,https://boxing-data.com/blog/peter-mcgrail-vs-mansilla-fight-preview-prediction-analysis,"Peter McGrail vs Ckari Mansilla: Fight Preview, Prediction & Analysis",1,single,boxing-data.com public article,BROAD,candidate_corroboration_only
Peter McGrail,reach_cm,165.0,65â / 165 cm,False,165.0,https://boxing-data.com/blog/peter-mcgrail-vs-mansilla-fight-preview-prediction-analysis,"Peter McGrail vs Ckari Mansilla: Fight Preview, Prediction & Analysis",1,single,boxing-data.com public article,BROAD,candidate_corroboration_only
Peter McGrail,stance,southpaw,Southpaw,False,southpaw,https://boxing-data.com/blog/peter-mcgrail-vs-mansilla-fight-preview-prediction-analysis,"Peter McGrail vs Ckari Mansilla: Fight Preview, Prediction & Analysis",1,single,boxing-data.com public article,BROAD,candidate_corroboration_only
Peter McGrail,record,18-4 (13 KOs),18-4 (13 KOs),False,,https://boxing-data.com/blog/peter-mcgrail-vs-mansilla-fight-preview-prediction-analysis,"Peter McGrail vs Ckari Mansilla: Fight Preview, Prediction & Analysis",2,single,boxing-data.com public article,BROAD,candidate_corroboration_only
Peter McGrail,age,33,33,False,,https://boxing-data.com/blog/peter-mcgrail-vs-mansilla-fight-preview-prediction-analysis,"Peter McGrail vs Ckari Mansilla: Fight Preview, Prediction & Analysis",2,single,boxing-data.com public article,BROAD,candidate_corroboration_only
Peter McGrail,nationality,Argentine,Argentine,False,United Kingdom,https://boxing-data.com/blog/peter-mcgrail-vs-mansilla-fight-preview-prediction-analysis,"Peter McGrail vs Ckari Mansilla: Fight Preview, Prediction & Analysis",2,single,boxing-data.com public article,BROAD,candidate_corroboration_only
Peter McGrail,ko_pct,72,72%,False,,https://boxing-data.com/blog/peter-mcgrail-vs-mansilla-fight-preview-prediction-analysis,"Peter McGrail vs Ckari Mansilla: Fight Preview, Prediction & Analysis",2,single,boxing-data.com public article,BROAD,candidate_corroboration_only
Richard Riakporhe,age,35,35,False,,https://boxing-data.com/blog/riakporhe-vs-tshikeva-fight-preview-prediction-analysis,Richard Riakporhe vs Jeamie Tshikeva: British Heavyweight Title Preview & Prediction,3,A,boxing-data.com public article,BROAD,candidate_corroboration_only
Jeamie Tshikeva,age,32,32,False,,https://boxing-data.com/blog/riakporhe-vs-tshikeva-fight-preview-prediction-analysis,Richard Riakporhe vs Jeamie Tshikeva: British Heavyweight Title Preview & Prediction,3,B,boxing-data.com public article,BROAD,candidate_corroboration_only
Richard Riakporhe,record,19-1-0,19-1-0,False,,https://boxing-data.com/blog/riakporhe-vs-tshikeva-fight-preview-prediction-analysis,Richard Riakporhe vs Jeamie Tshikeva: British Heavyweight Title Preview & Prediction,3,A,boxing-data.com public article,BROAD,candidate_corroboration_only
Jeamie Tshikeva,record,9-2-0,9-2-0,False,,https://boxing-data.com/blog/riakporhe-vs-tshikeva-fight-preview-prediction-analysis,Richard Riakporhe vs Jeamie Tshikeva: British Heavyweight Title Preview & Prediction,3,B,boxing-data.com public article,BROAD,candidate_corroboration_only
Richard Riakporhe,height_cm,196.0,6â5â / 196 cm,False,196.0,https://boxing-data.com/blog/riakporhe-vs-tshikeva-fight-preview-prediction-analysis,Richard Riakporhe vs Jeamie Tshikeva: British Heavyweight Title Preview & Prediction,3,A,boxing-data.com public article,BROAD,candidate_corroboration_only
Jeamie Tshikeva,height_cm,193.0,6â4â / 193 cm,False,193.0,https://boxing-data.com/blog/riakporhe-vs-tshikeva-fight-preview-prediction-analysis,Richard Riakporhe vs Jeamie Tshikeva: British Heavyweight Title Preview & Prediction,3,B,boxing-data.com public article,BROAD,candidate_corroboration_only
Richard Riakporhe,reach_cm,196.0,77.2â / 196 cm,False,196.0,https://boxing-data.com/blog/riakporhe-vs-tshikeva-fight-preview-prediction-analysis,Richard Riakporhe vs Jeamie Tshikeva: British Heavyweight Title Preview & Prediction,3,A,boxing-data.com public article,BROAD,candidate_corroboration_only
Jeamie Tshikeva,reach_cm,193.0,76â / 193 cm,True,,https://boxing-data.com/blog/riakporhe-vs-tshikeva-fight-preview-prediction-analysis,Richard Riakporhe vs Jeamie Tshikeva: British Heavyweight Title Preview & Prediction,3,B,boxing-data.com public article,BROAD,candidate_corroboration_only
Richard Riakporhe,stance,orthodox,Orthodox,False,orthodox,https://boxing-data.com/blog/riakporhe-vs-tshikeva-fight-preview-prediction-analysis,Richard Riakporhe vs Jeamie Tshikeva: British Heavyweight Title Preview & Prediction,3,A,boxing-data.com public article,BROAD,candidate_corroboration_only
Jeamie Tshikeva,stance,orthodox,Orthodox,False,orthodox,https://boxing-data.com/blog/riakporhe-vs-tshikeva-fight-preview-prediction-analysis,Richard Riakporhe vs Jeamie Tshikeva: British Heavyweight Title Preview & Prediction,3,B,boxing-data.com public article,BROAD,candidate_corroboration_only
Richard Riakporhe,debut,2016,2016,False,,https://boxing-data.com/blog/riakporhe-vs-tshikeva-fight-preview-prediction-analysis,Richard Riakporhe vs Jeamie Tshikeva: British Heavyweight Title Preview & Prediction,3,A,boxing-data.com public article,BROAD,candidate_corroboration_only
Jeamie Tshikeva,debut,2022,2022,False,,https://boxing-data.com/blog/riakporhe-vs-tshikeva-fight-preview-prediction-analysis,Richard Riakporhe vs Jeamie Tshikeva: British Heavyweight Title Preview & Prediction,3,B,boxing-data.com public article,BROAD,candidate_corroboration_only
Riku Masuda,age,28,28,False,,https://boxing-data.com/blog/riku-masuda-vs-nonito-donaire-bantamweight-review,End of an Era? Masuda Stops Donaire in Eight to Claim WBA #1 Ranking,0,A,boxing-data.com public article,BROAD,candidate_corroboration_only
Nonito Donaire,age,43,43,False,,https://boxing-data.com/blog/riku-masuda-vs-nonito-donaire-bantamweight-review,End of an Era? Masuda Stops Donaire in Eight to Claim WBA #1 Ranking,0,B,boxing-data.com public article,BROAD,candidate_corroboration_only
Riku Masuda,nationality,ð¯ðµ Japan,ð¯ðµ Japan,False,Japanese,https://boxing-data.com/blog/riku-masuda-vs-nonito-donaire-bantamweight-review,End of an Era? Masuda Stops Donaire in Eight to Claim WBA #1 Ranking,0,A,boxing-data.com public article,BROAD,candidate_corroboration_only
Nonito Donaire,nationality,ðµð­ Philippines,ðµð­ Philippines,False,Philippines,https://boxing-data.com/blog/riku-masuda-vs-nonito-donaire-bantamweight-review,End of an Era? Masuda Stops Donaire in Eight to Claim WBA #1 Ranking,0,B,boxing-data.com public article,BROAD,candidate_corroboration_only
Riku Masuda,height_cm,168.0,5â6â / 168cm,False,169.0,https://boxing-data.com/blog/riku-masuda-vs-nonito-donaire-bantamweight-review,End of an Era? Masuda Stops Donaire in Eight to Claim WBA #1 Ranking,0,A,boxing-data.com public article,BROAD,candidate_corroboration_only
Nonito Donaire,height_cm,166.0,5â5â / 166cm,False,168.0,https://boxing-data.com/blog/riku-masuda-vs-nonito-donaire-bantamweight-review,End of an Era? Masuda Stops Donaire in Eight to Claim WBA #1 Ranking,0,B,boxing-data.com public article,BROAD,candidate_corroboration_only
Riku Masuda,reach_cm,177.0,69.7â / 177cm,False,175.0,https://boxing-data.com/blog/riku-masuda-vs-nonito-donaire-bantamweight-review,End of an Era? Masuda Stops Donaire in Eight to Claim WBA #1 Ranking,0,A,boxing-data.com public article,BROAD,candidate_corroboration_only
Nonito Donaire,reach_cm,173.0,68.1â / 173cm,False,173.0,https://boxing-data.com/blog/riku-masuda-vs-nonito-donaire-bantamweight-review,End of an Era? Masuda Stops Donaire in Eight to Claim WBA #1 Ranking,0,B,boxing-data.com public article,BROAD,candidate_corroboration_only
Riku Masuda,stance,southpaw,Southpaw,False,southpaw,https://boxing-data.com/blog/riku-masuda-vs-nonito-donaire-bantamweight-review,End of an Era? Masuda Stops Donaire in Eight to Claim WBA #1 Ranking,0,A,boxing-data.com public article,BROAD,candidate_corroboration_only
Nonito Donaire,stance,orthodox,Orthodox,False,orthodox,https://boxing-data.com/blog/riku-masuda-vs-nonito-donaire-bantamweight-review,End of an Era? Masuda Stops Donaire in Eight to Claim WBA #1 Ranking,0,B,boxing-data.com public article,BROAD,candidate_corroboration_only
Riku Masuda,debut,2022,2022,False,,https://boxing-data.com/blog/riku-masuda-vs-nonito-donaire-bantamweight-review,End of an Era? Masuda Stops Donaire in Eight to Claim WBA #1 Ranking,0,A,boxing-data.com public article,BROAD,candidate_corroboration_only
Nonito Donaire,debut,2001,2001,False,,https://boxing-data.com/blog/riku-masuda-vs-nonito-donaire-bantamweight-review,End of an Era? Masuda Stops Donaire in Eight to Claim WBA #1 Ranking,0,B,boxing-data.com public article,BROAD,candidate_corroboration_only
Viddal Riley,age,28,28,False,,https://boxing-data.com/blog/riley-vs-masternak-fight-preview-prediction-analysis,"Viddal Riley vs Mateusz Masternak: Fight Preview, Prediction & Analysis",0,A,boxing-data.com public article,BROAD,candidate_corroboration_only
Mateusz Masternak,age,38,38,False,,https://boxing-data.com/blog/riley-vs-masternak-fight-preview-prediction-analysis,"Viddal Riley vs Mateusz Masternak: Fight Preview, Prediction & Analysis",0,B,boxing-data.com public article,BROAD,candidate_corroboration_only
Viddal Riley,nationality,England,England,False,United Kingdom,https://boxing-data.com/blog/riley-vs-masternak-fight-preview-prediction-analysis,"Viddal Riley vs Mateusz Masternak: Fight Preview, Prediction & Analysis",0,A,boxing-data.com public article,BROAD,candidate_corroboration_only
Mateusz Masternak,nationality,Poland,Poland,False,Polish,https://boxing-data.com/blog/riley-vs-masternak-fight-preview-prediction-analysis,"Viddal Riley vs Mateusz Masternak: Fight Preview, Prediction & Analysis",0,B,boxing-data.com public article,BROAD,candidate_corroboration_only
Viddal Riley,record,13-0-0,13-0-0,False,,https://boxing-data.com/blog/riley-vs-masternak-fight-preview-prediction-analysis,"Viddal Riley vs Mateusz Masternak: Fight Preview, Prediction & Analysis",0,A,boxing-data.com public article,BROAD,candidate_corroboration_only
Mateusz Masternak,record,50-6-0,50-6-0,False,,https://boxing-data.com/blog/riley-vs-masternak-fight-preview-prediction-analysis,"Viddal Riley vs Mateusz Masternak: Fight Preview, Prediction & Analysis",0,B,boxing-data.com public article,BROAD,candidate_corroboration_only
Viddal Riley,height_cm,185.0,6â1â / 185cm,False,185.0,https://boxing-data.com/blog/riley-vs-masternak-fight-preview-prediction-analysis,"Viddal Riley vs Mateusz Masternak: Fight Preview, Prediction & Analysis",0,A,boxing-data.com public article,BROAD,candidate_corroboration_only
Mateusz Masternak,height_cm,185.0,6â1â / 185cm,False,188.0,https://boxing-data.com/blog/riley-vs-masternak-fight-preview-prediction-analysis,"Viddal Riley vs Mateusz Masternak: Fight Preview, Prediction & Analysis",0,B,boxing-data.com public article,BROAD,candidate_corroboration_only
Viddal Riley,reach_cm,194.0,76.4â / 194cm,False,194.0,https://boxing-data.com/blog/riley-vs-masternak-fight-preview-prediction-analysis,"Viddal Riley vs Mateusz Masternak: Fight Preview, Prediction & Analysis",0,A,boxing-data.com public article,BROAD,candidate_corroboration_only
Mateusz Masternak,reach_cm,193.0,76â / 193cm,False,188.0,https://boxing-data.com/blog/riley-vs-masternak-fight-preview-prediction-analysis,"Viddal Riley vs Mateusz Masternak: Fight Preview, Prediction & Analysis",0,B,boxing-data.com public article,BROAD,candidate_corroboration_only
Viddal Riley,stance,orthodox,Orthodox,False,orthodox,https://boxing-data.com/blog/riley-vs-masternak-fight-preview-prediction-analysis,"Viddal Riley vs Mateusz Masternak: Fight Preview, Prediction & Analysis",0,A,boxing-data.com public article,BROAD,candidate_corroboration_only
Mateusz Masternak,stance,orthodox,Orthodox,False,orthodox,https://boxing-data.com/blog/riley-vs-masternak-fight-preview-prediction-analysis,"Viddal Riley vs Mateusz Masternak: Fight Preview, Prediction & Analysis",0,B,boxing-data.com public article,BROAD,candidate_corroboration_only
Viddal Riley,debut,2018,2018,False,,https://boxing-data.com/blog/riley-vs-masternak-fight-preview-prediction-analysis,"Viddal Riley vs Mateusz Masternak: Fight Preview, Prediction & Analysis",0,A,boxing-data.com public article,BROAD,candidate_corroboration_only
Mateusz Masternak,debut,2006,2006,False,,https://boxing-data.com/blog/riley-vs-masternak-fight-preview-prediction-analysis,"Viddal Riley vs Mateusz Masternak: Fight Preview, Prediction & Analysis",0,B,boxing-data.com public article,BROAD,candidate_corroboration_only
Rolando Romero,division,Welterweight (147 lbs),Welterweight (147 lbs),False,,https://boxing-data.com/blog/rolando-romero-vs-teofimo-lopez-fight-preview-prediction-analysis,"Rolando Romero vs Teofimo Lopez: Fight Preview, Prediction & Analysis",0,single,boxing-data.com public article,BROAD,candidate_corroboration_only
Rolando Romero,title_context,WBA World Welterweight Championship,WBA World Welterweight Championship,False,,https://boxing-data.com/blog/rolando-romero-vs-teofimo-lopez-fight-preview-prediction-analysis,"Rolando Romero vs Teofimo Lopez: Fight Preview, Prediction & Analysis",0,single,boxing-data.com public article,BROAD,candidate_corroboration_only
Gary Antuanne Russell,nationality,United States,United States,False,USA,https://boxing-data.com/blog/russell-vs-hiraoka-fight-preview-prediction-analysis,"Russell vs. Hiraoka: Fight Preview, Stats, Odds & Prediction - WBA Super Lightweight Title",0,A,boxing-data.com public article,BROAD,candidate_corroboration_only
Andy Hiraoka,nationality,Japan,Japan,False,Japan,https://boxing-data.com/blog/russell-vs-hiraoka-fight-preview-prediction-analysis,"Russell vs. Hiraoka: Fight Preview, Stats, Odds & Prediction - WBA Super Lightweight Title",0,B,boxing-data.com public article,BROAD,candidate_corroboration_only
Gary Antuanne Russell,age,29,29,False,,https://boxing-data.com/blog/russell-vs-hiraoka-fight-preview-prediction-analysis,"Russell vs. Hiraoka: Fight Preview, Stats, Odds & Prediction - WBA Super Lightweight Title",0,A,boxing-data.com public article,BROAD,candidate_corroboration_only
Andy Hiraoka,age,29,29,False,,https://boxing-data.com/blog/russell-vs-hiraoka-fight-preview-prediction-analysis,"Russell vs. Hiraoka: Fight Preview, Stats, Odds & Prediction - WBA Super Lightweight Title",0,B,boxing-data.com public article,BROAD,candidate_corroboration_only
Gary Antuanne Russell,height_cm,178.0,5â10â (178cm),False,178.0,https://boxing-data.com/blog/russell-vs-hiraoka-fight-preview-prediction-analysis,"Russell vs. Hiraoka: Fight Preview, Stats, Odds & Prediction - WBA Super Lightweight Title",0,A,boxing-data.com public article,BROAD,candidate_corroboration_only
Andy Hiraoka,height_cm,180.0,5â11â (180cm),False,182.0,https://boxing-data.com/blog/russell-vs-hiraoka-fight-preview-prediction-analysis,"Russell vs. Hiraoka: Fight Preview, Stats, Odds & Prediction - WBA Super Lightweight Title",0,B,boxing-data.com public article,BROAD,candidate_corroboration_only
Gary Antuanne Russell,reach_cm,178.0,70.0â (178cm),False,175.0,https://boxing-data.com/blog/russell-vs-hiraoka-fight-preview-prediction-analysis,"Russell vs. Hiraoka: Fight Preview, Stats, Odds & Prediction - WBA Super Lightweight Title",0,A,boxing-data.com public article,BROAD,candidate_corroboration_only
Andy Hiraoka,reach_cm,188.0,74.0â (188cm),False,188.0,https://boxing-data.com/blog/russell-vs-hiraoka-fight-preview-prediction-analysis,"Russell vs. Hiraoka: Fight Preview, Stats, Odds & Prediction - WBA Super Lightweight Title",0,B,boxing-data.com public article,BROAD,candidate_corroboration_only
Gary Antuanne Russell,stance,southpaw,Southpaw,False,southpaw,https://boxing-data.com/blog/russell-vs-hiraoka-fight-preview-prediction-analysis,"Russell vs. Hiraoka: Fight Preview, Stats, Odds & Prediction - WBA Super Lightweight Title",0,A,boxing-data.com public article,BROAD,candidate_corroboration_only
Andy Hiraoka,stance,southpaw,Southpaw,False,southpaw,https://boxing-data.com/blog/russell-vs-hiraoka-fight-preview-prediction-analysis,"Russell vs. Hiraoka: Fight Preview, Stats, Odds & Prediction - WBA Super Lightweight Title",0,B,boxing-data.com public article,BROAD,candidate_corroboration_only
Gary Antuanne Russell,record,18-1 (17 KOs),18-1 (17 KOs),False,,https://boxing-data.com/blog/russell-vs-hiraoka-fight-preview-prediction-analysis,"Russell vs. Hiraoka: Fight Preview, Stats, Odds & Prediction - WBA Super Lightweight Title",0,A,boxing-data.com public article,BROAD,candidate_corroboration_only
Andy Hiraoka,record,24-0 (19 KOs),24-0 (19 KOs),False,,https://boxing-data.com/blog/russell-vs-hiraoka-fight-preview-prediction-analysis,"Russell vs. Hiraoka: Fight Preview, Stats, Odds & Prediction - WBA Super Lightweight Title",0,B,boxing-data.com public article,BROAD,candidate_corroboration_only
Gary Antuanne Russell,ko_pct,94,94%,False,,https://boxing-data.com/blog/russell-vs-hiraoka-fight-preview-prediction-analysis,"Russell vs. Hiraoka: Fight Preview, Stats, Odds & Prediction - WBA Super Lightweight Title",0,A,boxing-data.com public article,BROAD,candidate_corroboration_only
Andy Hiraoka,ko_pct,79,79%,False,,https://boxing-data.com/blog/russell-vs-hiraoka-fight-preview-prediction-analysis,"Russell vs. Hiraoka: Fight Preview, Stats, Odds & Prediction - WBA Super Lightweight Title",0,B,boxing-data.com public article,BROAD,candidate_corroboration_only
Conor Benn,division,Welterweight (147 lbs),Welterweight (147 lbs),False,,https://boxing-data.com/blog/ryan-garcia-vs-conor-benn-fight-preview-prediction-analysis,"Ryan Garcia vs Conor Benn: Fight Preview, Prediction & Analysis",0,single,boxing-data.com public article,BROAD,candidate_corroboration_only
Conor Benn,title_context,WBC World Welterweight Championship,WBC World Welterweight Championship,False,,https://boxing-data.com/blog/ryan-garcia-vs-conor-benn-fight-preview-prediction-analysis,"Ryan Garcia vs Conor Benn: Fight Preview, Prediction & Analysis",0,single,boxing-data.com public article,BROAD,candidate_corroboration_only
Conor Benn,title_context,WBC World Welterweight Championship,WBC World Welterweight Championship,False,,https://boxing-data.com/blog/ryan-garcia-vs-conor-benn-fight-results-review-analysis,"Ryan Garcia vs Conor Benn: Fight Results, Review & Analysis",0,single,boxing-data.com public article,BROAD,candidate_corroboration_only
Ryan Garner,age,27,27,False,,https://boxing-data.com/blog/ryan-garner-vs-michael-magnesi-fight-preview-prediction-analysis,"Ryan Garner vs Michael Magnesi: Fight Preview, Prediction & Analysis",1,A,boxing-data.com public article,BROAD,candidate_corroboration_only
Michael Magnesi,age,32,32,False,,https://boxing-data.com/blog/ryan-garner-vs-michael-magnesi-fight-preview-prediction-analysis,"Ryan Garner vs Michael Magnesi: Fight Preview, Prediction & Analysis",1,B,boxing-data.com public article,BROAD,candidate_corroboration_only
Ryan Garner,record,19-0,19-0,False,,https://boxing-data.com/blog/ryan-garner-vs-michael-magnesi-fight-preview-prediction-analysis,"Ryan Garner vs Michael Magnesi: Fight Preview, Prediction & Analysis",1,A,boxing-data.com public article,BROAD,candidate_corroboration_only
Michael Magnesi,record,26-2,26-2,False,,https://boxing-data.com/blog/ryan-garner-vs-michael-magnesi-fight-preview-prediction-analysis,"Ryan Garner vs Michael Magnesi: Fight Preview, Prediction & Analysis",1,B,boxing-data.com public article,BROAD,candidate_corroboration_only
Ryan Garner,height_cm,168.0,5â6â / 168cm,False,168.0,https://boxing-data.com/blog/ryan-garner-vs-michael-magnesi-fight-preview-prediction-analysis,"Ryan Garner vs Michael Magnesi: Fight Preview, Prediction & Analysis",1,A,boxing-data.com public article,BROAD,candidate_corroboration_only
Michael Magnesi,height_cm,168.0,5â6â / 168cm,False,168.0,https://boxing-data.com/blog/ryan-garner-vs-michael-magnesi-fight-preview-prediction-analysis,"Ryan Garner vs Michael Magnesi: Fight Preview, Prediction & Analysis",1,B,boxing-data.com public article,BROAD,candidate_corroboration_only
Ryan Garner,stance,orthodox,Orthodox,False,orthodox,https://boxing-data.com/blog/ryan-garner-vs-michael-magnesi-fight-preview-prediction-analysis,"Ryan Garner vs Michael Magnesi: Fight Preview, Prediction & Analysis",1,A,boxing-data.com public article,BROAD,candidate_corroboration_only
Michael Magnesi,stance,orthodox,Orthodox,False,orthodox,https://boxing-data.com/blog/ryan-garner-vs-michael-magnesi-fight-preview-prediction-analysis,"Ryan Garner vs Michael Magnesi: Fight Preview, Prediction & Analysis",1,B,boxing-data.com public article,BROAD,candidate_corroboration_only
Ryan Garner,nationality,England,England,False,English,https://boxing-data.com/blog/ryan-garner-vs-michael-magnesi-fight-preview-prediction-analysis,"Ryan Garner vs Michael Magnesi: Fight Preview, Prediction & Analysis",1,A,boxing-data.com public article,BROAD,candidate_corroboration_only
Michael Magnesi,nationality,Italy,Italy,False,Italy,https://boxing-data.com/blog/ryan-garner-vs-michael-magnesi-fight-preview-prediction-analysis,"Ryan Garner vs Michael Magnesi: Fight Preview, Prediction & Analysis",1,B,boxing-data.com public article,BROAD,candidate_corroboration_only
Ryan Garner,debut,2016,2016,False,,https://boxing-data.com/blog/ryan-garner-vs-michael-magnesi-fight-preview-prediction-analysis,"Ryan Garner vs Michael Magnesi: Fight Preview, Prediction & Analysis",1,A,boxing-data.com public article,BROAD,candidate_corroboration_only
Michael Magnesi,debut,2015,2015,False,,https://boxing-data.com/blog/ryan-garner-vs-michael-magnesi-fight-preview-prediction-analysis,"Ryan Garner vs Michael Magnesi: Fight Preview, Prediction & Analysis",1,B,boxing-data.com public article,BROAD,candidate_corroboration_only
Ryosuke Nishida,age,29,29,False,,https://boxing-data.com/blog/ryosuke-nishida-vs-sam-goodman-fight-preview-prediction-analysis,"Ryosuke Nishida vs Sam Goodman: Fight Preview, Prediction & Analysis",1,A,boxing-data.com public article,BROAD,candidate_corroboration_only
Sam Goodman,age,27,27,False,,https://boxing-data.com/blog/ryosuke-nishida-vs-sam-goodman-fight-preview-prediction-analysis,"Ryosuke Nishida vs Sam Goodman: Fight Preview, Prediction & Analysis",1,B,boxing-data.com public article,BROAD,candidate_corroboration_only
Ryosuke Nishida,nationality,Japan,Japan,False,Japanese,https://boxing-data.com/blog/ryosuke-nishida-vs-sam-goodman-fight-preview-prediction-analysis,"Ryosuke Nishida vs Sam Goodman: Fight Preview, Prediction & Analysis",1,A,boxing-data.com public article,BROAD,candidate_corroboration_only
Sam Goodman,nationality,Australia,Australia,False,Australia,https://boxing-data.com/blog/ryosuke-nishida-vs-sam-goodman-fight-preview-prediction-analysis,"Ryosuke Nishida vs Sam Goodman: Fight Preview, Prediction & Analysis",1,B,boxing-data.com public article,BROAD,candidate_corroboration_only
Ryosuke Nishida,record,"11-1, 2 KOs","11-1, 2 KOs",False,,https://boxing-data.com/blog/ryosuke-nishida-vs-sam-goodman-fight-preview-prediction-analysis,"Ryosuke Nishida vs Sam Goodman: Fight Preview, Prediction & Analysis",1,A,boxing-data.com public article,BROAD,candidate_corroboration_only
Sam Goodman,record,"22-1, 8 KOs","22-1, 8 KOs",False,,https://boxing-data.com/blog/ryosuke-nishida-vs-sam-goodman-fight-preview-prediction-analysis,"Ryosuke Nishida vs Sam Goodman: Fight Preview, Prediction & Analysis",1,B,boxing-data.com public article,BROAD,candidate_corroboration_only
Ryosuke Nishida,ko_pct,18,18%,False,,https://boxing-data.com/blog/ryosuke-nishida-vs-sam-goodman-fight-preview-prediction-analysis,"Ryosuke Nishida vs Sam Goodman: Fight Preview, Prediction & Analysis",1,A,boxing-data.com public article,BROAD,candidate_corroboration_only
Sam Goodman,ko_pct,36,36%,False,,https://boxing-data.com/blog/ryosuke-nishida-vs-sam-goodman-fight-preview-prediction-analysis,"Ryosuke Nishida vs Sam Goodman: Fight Preview, Prediction & Analysis",1,B,boxing-data.com public article,BROAD,candidate_corroboration_only
Ryosuke Nishida,height_cm,170.0,5â7â / 170 cm,False,170.0,https://boxing-data.com/blog/ryosuke-nishida-vs-sam-goodman-fight-preview-prediction-analysis,"Ryosuke Nishida vs Sam Goodman: Fight Preview, Prediction & Analysis",1,A,boxing-data.com public article,BROAD,candidate_corroboration_only
Sam Goodman,height_cm,169.0,5â7â / 169 cm,False,169.0,https://boxing-data.com/blog/ryosuke-nishida-vs-sam-goodman-fight-preview-prediction-analysis,"Ryosuke Nishida vs Sam Goodman: Fight Preview, Prediction & Analysis",1,B,boxing-data.com public article,BROAD,candidate_corroboration_only
Ryosuke Nishida,reach_cm,173.0,68.1â / 173 cm,False,173.0,https://boxing-data.com/blog/ryosuke-nishida-vs-sam-goodman-fight-preview-prediction-analysis,"Ryosuke Nishida vs Sam Goodman: Fight Preview, Prediction & Analysis",1,A,boxing-data.com public article,BROAD,candidate_corroboration_only
Sam Goodman,reach_cm,169.0,66.5â / 169 cm,False,169.0,https://boxing-data.com/blog/ryosuke-nishida-vs-sam-goodman-fight-preview-prediction-analysis,"Ryosuke Nishida vs Sam Goodman: Fight Preview, Prediction & Analysis",1,B,boxing-data.com public article,BROAD,candidate_corroboration_only
Ryosuke Nishida,stance,southpaw,Southpaw,False,southpaw,https://boxing-data.com/blog/ryosuke-nishida-vs-sam-goodman-fight-preview-prediction-analysis,"Ryosuke Nishida vs Sam Goodman: Fight Preview, Prediction & Analysis",1,A,boxing-data.com public article,BROAD,candidate_corroboration_only
Sam Goodman,stance,orthodox,Orthodox,False,orthodox,https://boxing-data.com/blog/ryosuke-nishida-vs-sam-goodman-fight-preview-prediction-analysis,"Ryosuke Nishida vs Sam Goodman: Fight Preview, Prediction & Analysis",1,B,boxing-data.com public article,BROAD,candidate_corroboration_only
Ryosuke Nishida,debut,2019,2019,False,,https://boxing-data.com/blog/ryosuke-nishida-vs-sam-goodman-fight-preview-prediction-analysis,"Ryosuke Nishida vs Sam Goodman: Fight Preview, Prediction & Analysis",1,A,boxing-data.com public article,BROAD,candidate_corroboration_only
Sam Goodman,debut,2018,2018,False,,https://boxing-data.com/blog/ryosuke-nishida-vs-sam-goodman-fight-preview-prediction-analysis,"Ryosuke Nishida vs Sam Goodman: Fight Preview, Prediction & Analysis",1,B,boxing-data.com public article,BROAD,candidate_corroboration_only
Sam Goodman,rounds_boxed,169,169,False,,https://boxing-data.com/blog/ryosuke-nishida-vs-sam-goodman-fight-preview-prediction-analysis,"Ryosuke Nishida vs Sam Goodman: Fight Preview, Prediction & Analysis",1,B,boxing-data.com public article,BROAD,candidate_corroboration_only
Derrick Osaze,division,Middleweight (160 lbs),Middleweight (160 lbs),False,,https://boxing-data.com/blog/sains-vs-osaze-fight-preview-prediction-analysis,"Jimmy Sains vs Derrick Osaze: Middleweight Fight Preview, Prediction & Analysis",0,single,boxing-data.com public article,BROAD,candidate_corroboration_only
Sam Noakes,division,Lightweight (135 lbs),Lightweight (135 lbs),False,,https://boxing-data.com/blog/sam-noakes-vs-denis-berinchyk-fight-preview-prediction-analysis,"Sam Noakes vs Denis Berinchyk: Fight Preview, Prediction & Analysis",0,single,boxing-data.com public article,BROAD,candidate_corroboration_only
Bakhodur Usmonov,division,"Lightweight (135 lb, 12 rounds)","Lightweight (135 lb, 12 rounds)",False,,https://boxing-data.com/blog/subkhankulov-vs-usmonov-fight-preview-prediction-analysis,Artur Subkhankulov vs Bakhodur Usmonov: IBF Lightweight Eliminator Preview & Analysis,0,single,boxing-data.com public article,BROAD,candidate_corroboration_only
Bakhodur Usmonov,title_context,IBF Lightweight World Title Eliminator,IBF Lightweight World Title Eliminator,False,,https://boxing-data.com/blog/subkhankulov-vs-usmonov-fight-preview-prediction-analysis,Artur Subkhankulov vs Bakhodur Usmonov: IBF Lightweight Eliminator Preview & Analysis,0,single,boxing-data.com public article,BROAD,candidate_corroboration_only
Bakhodur Usmonov,record,11-0 (5 KOs),11-0 (5 KOs),False,,https://boxing-data.com/blog/subkhankulov-vs-usmonov-fight-preview-prediction-analysis,Artur Subkhankulov vs Bakhodur Usmonov: IBF Lightweight Eliminator Preview & Analysis,1,single,boxing-data.com public article,BROAD,candidate_corroboration_only
Bakhodur Usmonov,age,34,34,False,,https://boxing-data.com/blog/subkhankulov-vs-usmonov-fight-preview-prediction-analysis,Artur Subkhankulov vs Bakhodur Usmonov: IBF Lightweight Eliminator Preview & Analysis,1,single,boxing-data.com public article,BROAD,candidate_corroboration_only
Bakhodur Usmonov,nationality,Russian,Russian,False,Tajikistani,https://boxing-data.com/blog/subkhankulov-vs-usmonov-fight-preview-prediction-analysis,Artur Subkhankulov vs Bakhodur Usmonov: IBF Lightweight Eliminator Preview & Analysis,1,single,boxing-data.com public article,BROAD,candidate_corroboration_only
Bakhodur Usmonov,stance,southpaw,Southpaw,False,orthodox,https://boxing-data.com/blog/subkhankulov-vs-usmonov-fight-preview-prediction-analysis,Artur Subkhankulov vs Bakhodur Usmonov: IBF Lightweight Eliminator Preview & Analysis,1,single,boxing-data.com public article,BROAD,candidate_corroboration_only
Bakhodur Usmonov,record,12-0 (5 KOs),12-0 (5 KOs),False,,https://boxing-data.com/blog/subkhankulov-vs-usmonov-fight-preview-prediction-analysis,Artur Subkhankulov vs Bakhodur Usmonov: IBF Lightweight Eliminator Preview & Analysis,2,single,boxing-data.com public article,BROAD,candidate_corroboration_only
Bakhodur Usmonov,age,28,~28,False,,https://boxing-data.com/blog/subkhankulov-vs-usmonov-fight-preview-prediction-analysis,Artur Subkhankulov vs Bakhodur Usmonov: IBF Lightweight Eliminator Preview & Analysis,2,single,boxing-data.com public article,BROAD,candidate_corroboration_only
Bakhodur Usmonov,nationality,Tajik,Tajik,False,Tajikistani,https://boxing-data.com/blog/subkhankulov-vs-usmonov-fight-preview-prediction-analysis,Artur Subkhankulov vs Bakhodur Usmonov: IBF Lightweight Eliminator Preview & Analysis,2,single,boxing-data.com public article,BROAD,candidate_corroboration_only
Bakhodur Usmonov,stance,orthodox,Orthodox,False,orthodox,https://boxing-data.com/blog/subkhankulov-vs-usmonov-fight-preview-prediction-analysis,Artur Subkhankulov vs Bakhodur Usmonov: IBF Lightweight Eliminator Preview & Analysis,2,single,boxing-data.com public article,BROAD,candidate_corroboration_only
Takuma Inoue,age,28,28,False,,https://boxing-data.com/blog/takuma-inoue-vs-kazuto-ioka-fight-preview-prediction-analysis,"Takuma Inoue vs Kazuto Ioka II: Fight Preview, Prediction & Analysis",1,A,boxing-data.com public article,BROAD,candidate_corroboration_only
Kazuto Ioka,age,36,36,False,,https://boxing-data.com/blog/takuma-inoue-vs-kazuto-ioka-fight-preview-prediction-analysis,"Takuma Inoue vs Kazuto Ioka II: Fight Preview, Prediction & Analysis",1,B,boxing-data.com public article,BROAD,candidate_corroboration_only
Takuma Inoue,record,21-2,21-2,False,,https://boxing-data.com/blog/takuma-inoue-vs-kazuto-ioka-fight-preview-prediction-analysis,"Takuma Inoue vs Kazuto Ioka II: Fight Preview, Prediction & Analysis",1,A,boxing-data.com public article,BROAD,candidate_corroboration_only
Kazuto Ioka,record,32-4-1,32-4-1,False,,https://boxing-data.com/blog/takuma-inoue-vs-kazuto-ioka-fight-preview-prediction-analysis,"Takuma Inoue vs Kazuto Ioka II: Fight Preview, Prediction & Analysis",1,B,boxing-data.com public article,BROAD,candidate_corroboration_only
Takuma Inoue,height_cm,164.0,5â5â / 164 cm,False,164.0,https://boxing-data.com/blog/takuma-inoue-vs-kazuto-ioka-fight-preview-prediction-analysis,"Takuma Inoue vs Kazuto Ioka II: Fight Preview, Prediction & Analysis",1,A,boxing-data.com public article,BROAD,candidate_corroboration_only
Kazuto Ioka,height_cm,165.0,5â5â / 165 cm,False,164.0,https://boxing-data.com/blog/takuma-inoue-vs-kazuto-ioka-fight-preview-prediction-analysis,"Takuma Inoue vs Kazuto Ioka II: Fight Preview, Prediction & Analysis",1,B,boxing-data.com public article,BROAD,candidate_corroboration_only
Takuma Inoue,reach_cm,163.0,64.2â / 163 cm,False,164.0,https://boxing-data.com/blog/takuma-inoue-vs-kazuto-ioka-fight-preview-prediction-analysis,"Takuma Inoue vs Kazuto Ioka II: Fight Preview, Prediction & Analysis",1,A,boxing-data.com public article,BROAD,candidate_corroboration_only
Kazuto Ioka,reach_cm,168.0,66.1â / 168 cm,False,164.0,https://boxing-data.com/blog/takuma-inoue-vs-kazuto-ioka-fight-preview-prediction-analysis,"Takuma Inoue vs Kazuto Ioka II: Fight Preview, Prediction & Analysis",1,B,boxing-data.com public article,BROAD,candidate_corroboration_only
Takuma Inoue,stance,orthodox,Orthodox,False,orthodox,https://boxing-data.com/blog/takuma-inoue-vs-kazuto-ioka-fight-preview-prediction-analysis,"Takuma Inoue vs Kazuto Ioka II: Fight Preview, Prediction & Analysis",1,A,boxing-data.com public article,BROAD,candidate_corroboration_only
Kazuto Ioka,stance,orthodox,Orthodox,False,orthodox,https://boxing-data.com/blog/takuma-inoue-vs-kazuto-ioka-fight-preview-prediction-analysis,"Takuma Inoue vs Kazuto Ioka II: Fight Preview, Prediction & Analysis",1,B,boxing-data.com public article,BROAD,candidate_corroboration_only
Takuma Inoue,record,"22-2, 5 KOs","22-2, 5 KOs",False,,https://boxing-data.com/blog/takuma-inoue-vs-tenshin-nasukawa-2-fight-preview-prediction-analysis,"Takuma Inoue vs Tenshin Nasukawa 2: Fight Preview, Prediction & Analysis",1,A,boxing-data.com public article,BROAD,candidate_corroboration_only
Tenshin Nasukawa,record,"8-1, 3 KOs","8-1, 3 KOs",False,,https://boxing-data.com/blog/takuma-inoue-vs-tenshin-nasukawa-2-fight-preview-prediction-analysis,"Takuma Inoue vs Tenshin Nasukawa 2: Fight Preview, Prediction & Analysis",1,B,boxing-data.com public article,BROAD,candidate_corroboration_only
Takuma Inoue,ko_pct,22.7,22.7%,False,,https://boxing-data.com/blog/takuma-inoue-vs-tenshin-nasukawa-2-fight-preview-prediction-analysis,"Takuma Inoue vs Tenshin Nasukawa 2: Fight Preview, Prediction & Analysis",1,A,boxing-data.com public article,BROAD,candidate_corroboration_only
Tenshin Nasukawa,ko_pct,37.5,37.5%,False,,https://boxing-data.com/blog/takuma-inoue-vs-tenshin-nasukawa-2-fight-preview-prediction-analysis,"Takuma Inoue vs Tenshin Nasukawa 2: Fight Preview, Prediction & Analysis",1,B,boxing-data.com public article,BROAD,candidate_corroboration_only
Takuma Inoue,age,30,30,False,,https://boxing-data.com/blog/takuma-inoue-vs-tenshin-nasukawa-2-fight-preview-prediction-analysis,"Takuma Inoue vs Tenshin Nasukawa 2: Fight Preview, Prediction & Analysis",1,A,boxing-data.com public article,BROAD,candidate_corroboration_only
Tenshin Nasukawa,age,28,28,False,,https://boxing-data.com/blog/takuma-inoue-vs-tenshin-nasukawa-2-fight-preview-prediction-analysis,"Takuma Inoue vs Tenshin Nasukawa 2: Fight Preview, Prediction & Analysis",1,B,boxing-data.com public article,BROAD,candidate_corroboration_only
Takuma Inoue,height_cm,164.0,5â5â / 164cm,False,164.0,https://boxing-data.com/blog/takuma-inoue-vs-tenshin-nasukawa-2-fight-preview-prediction-analysis,"Takuma Inoue vs Tenshin Nasukawa 2: Fight Preview, Prediction & Analysis",1,A,boxing-data.com public article,BROAD,candidate_corroboration_only
Tenshin Nasukawa,height_cm,165.0,5â5â / 165cm,False,165.0,https://boxing-data.com/blog/takuma-inoue-vs-tenshin-nasukawa-2-fight-preview-prediction-analysis,"Takuma Inoue vs Tenshin Nasukawa 2: Fight Preview, Prediction & Analysis",1,B,boxing-data.com public article,BROAD,candidate_corroboration_only
Takuma Inoue,reach_cm,163.0,64.2â / 163cm,False,164.0,https://boxing-data.com/blog/takuma-inoue-vs-tenshin-nasukawa-2-fight-preview-prediction-analysis,"Takuma Inoue vs Tenshin Nasukawa 2: Fight Preview, Prediction & Analysis",1,A,boxing-data.com public article,BROAD,candidate_corroboration_only
Tenshin Nasukawa,reach_cm,177.0,69.3â / 177cm,False,176.0,https://boxing-data.com/blog/takuma-inoue-vs-tenshin-nasukawa-2-fight-preview-prediction-analysis,"Takuma Inoue vs Tenshin Nasukawa 2: Fight Preview, Prediction & Analysis",1,B,boxing-data.com public article,BROAD,candidate_corroboration_only
Takuma Inoue,stance,orthodox,Orthodox,False,orthodox,https://boxing-data.com/blog/takuma-inoue-vs-tenshin-nasukawa-2-fight-preview-prediction-analysis,"Takuma Inoue vs Tenshin Nasukawa 2: Fight Preview, Prediction & Analysis",1,A,boxing-data.com public article,BROAD,candidate_corroboration_only
Tenshin Nasukawa,stance,southpaw,Southpaw,False,southpaw,https://boxing-data.com/blog/takuma-inoue-vs-tenshin-nasukawa-2-fight-preview-prediction-analysis,"Takuma Inoue vs Tenshin Nasukawa 2: Fight Preview, Prediction & Analysis",1,B,boxing-data.com public article,BROAD,candidate_corroboration_only
Takuma Inoue,debut,2013,2013,False,,https://boxing-data.com/blog/takuma-inoue-vs-tenshin-nasukawa-2-fight-preview-prediction-analysis,"Takuma Inoue vs Tenshin Nasukawa 2: Fight Preview, Prediction & Analysis",1,A,boxing-data.com public article,BROAD,candidate_corroboration_only
Tenshin Nasukawa,debut,2023,2023,False,,https://boxing-data.com/blog/takuma-inoue-vs-tenshin-nasukawa-2-fight-preview-prediction-analysis,"Takuma Inoue vs Tenshin Nasukawa 2: Fight Preview, Prediction & Analysis",1,B,boxing-data.com public article,BROAD,candidate_corroboration_only
Yoenis Tellez,record,11-1,11-1,False,,https://boxing-data.com/blog/tellez-vs-mendoza-fight-preview-prediction-analysis,"Yoenis Tellez vs Brian Mendoza: Fight Preview, Prediction & Analysis",1,A,boxing-data.com public article,BROAD,candidate_corroboration_only
Brian Mendoza,record,23-4,23-4,False,,https://boxing-data.com/blog/tellez-vs-mendoza-fight-preview-prediction-analysis,"Yoenis Tellez vs Brian Mendoza: Fight Preview, Prediction & Analysis",1,B,boxing-data.com public article,BROAD,candidate_corroboration_only
Yoenis Tellez,age,25,25,False,,https://boxing-data.com/blog/tellez-vs-mendoza-fight-preview-prediction-analysis,"Yoenis Tellez vs Brian Mendoza: Fight Preview, Prediction & Analysis",1,A,boxing-data.com public article,BROAD,candidate_corroboration_only
Brian Mendoza,age,31,31,False,,https://boxing-data.com/blog/tellez-vs-mendoza-fight-preview-prediction-analysis,"Yoenis Tellez vs Brian Mendoza: Fight Preview, Prediction & Analysis",1,B,boxing-data.com public article,BROAD,candidate_corroboration_only
Yoenis Tellez,height_cm,178.0,5â10â / 178 cm,False,178.0,https://boxing-data.com/blog/tellez-vs-mendoza-fight-preview-prediction-analysis,"Yoenis Tellez vs Brian Mendoza: Fight Preview, Prediction & Analysis",1,A,boxing-data.com public article,BROAD,candidate_corroboration_only
Brian Mendoza,height_cm,178.0,5â10â / 178 cm,False,178.0,https://boxing-data.com/blog/tellez-vs-mendoza-fight-preview-prediction-analysis,"Yoenis Tellez vs Brian Mendoza: Fight Preview, Prediction & Analysis",1,B,boxing-data.com public article,BROAD,candidate_corroboration_only
Yoenis Tellez,reach_cm,188.0,74â / 188 cm,False,185.0,https://boxing-data.com/blog/tellez-vs-mendoza-fight-preview-prediction-analysis,"Yoenis Tellez vs Brian Mendoza: Fight Preview, Prediction & Analysis",1,A,boxing-data.com public article,BROAD,candidate_corroboration_only
Brian Mendoza,reach_cm,178.0,70â / 178 cm,False,178.0,https://boxing-data.com/blog/tellez-vs-mendoza-fight-preview-prediction-analysis,"Yoenis Tellez vs Brian Mendoza: Fight Preview, Prediction & Analysis",1,B,boxing-data.com public article,BROAD,candidate_corroboration_only
Yoenis Tellez,stance,orthodox,Orthodox,False,orthodox,https://boxing-data.com/blog/tellez-vs-mendoza-fight-preview-prediction-analysis,"Yoenis Tellez vs Brian Mendoza: Fight Preview, Prediction & Analysis",1,A,boxing-data.com public article,BROAD,candidate_corroboration_only
Brian Mendoza,stance,orthodox,Orthodox,False,orthodox,https://boxing-data.com/blog/tellez-vs-mendoza-fight-preview-prediction-analysis,"Yoenis Tellez vs Brian Mendoza: Fight Preview, Prediction & Analysis",1,B,boxing-data.com public article,BROAD,candidate_corroboration_only
Yoenis Tellez,age,25,25,False,,https://boxing-data.com/blog/tellez-vs-mendoza-fight-review,Tellez vs Mendoza: Fight Review & Statistical Breakdown,0,A,boxing-data.com public article,BROAD,candidate_corroboration_only
Brian Mendoza,age,31,31,False,,https://boxing-data.com/blog/tellez-vs-mendoza-fight-review,Tellez vs Mendoza: Fight Review & Statistical Breakdown,0,B,boxing-data.com public article,BROAD,candidate_corroboration_only
Yoenis Tellez,nationality,Cuba,Cuba,False,Cuba,https://boxing-data.com/blog/tellez-vs-mendoza-fight-review,Tellez vs Mendoza: Fight Review & Statistical Breakdown,0,A,boxing-data.com public article,BROAD,candidate_corroboration_only
Brian Mendoza,nationality,USA,USA,False,USA,https://boxing-data.com/blog/tellez-vs-mendoza-fight-review,Tellez vs Mendoza: Fight Review & Statistical Breakdown,0,B,boxing-data.com public article,BROAD,candidate_corroboration_only
Brad Pauls,division,Middleweight (160 lb),Middleweight (160 lb),False,,https://boxing-data.com/blog/thompson-vs-pauls-fight-preview-prediction-analysis,"Shakiel Thompson vs Brad Pauls: Fight Preview, Prediction & Analysis",0,single,boxing-data.com public article,BROAD,candidate_corroboration_only
Nikita Tszyu,age,27,27,False,,https://boxing-data.com/blog/tszyu-vs-zerafa-fight-preview-prediction,"Tszyu vs. Zerafa: Fight Preview, Stats, and Prediction - Road to Victory",0,A,boxing-data.com public article,BROAD,candidate_corroboration_only
Michael Zerafa,age,33,33,False,,https://boxing-data.com/blog/tszyu-vs-zerafa-fight-preview-prediction,"Tszyu vs. Zerafa: Fight Preview, Stats, and Prediction - Road to Victory",0,B,boxing-data.com public article,BROAD,candidate_corroboration_only
Nikita Tszyu,height_cm,177.0,5â 10â / 177 cm,False,177.0,https://boxing-data.com/blog/tszyu-vs-zerafa-fight-preview-prediction,"Tszyu vs. Zerafa: Fight Preview, Stats, and Prediction - Road to Victory",0,A,boxing-data.com public article,BROAD,candidate_corroboration_only
Michael Zerafa,height_cm,180.0,5â 11â / 180 cm,False,177.0,https://boxing-data.com/blog/tszyu-vs-zerafa-fight-preview-prediction,"Tszyu vs. Zerafa: Fight Preview, Stats, and Prediction - Road to Victory",0,B,boxing-data.com public article,BROAD,candidate_corroboration_only
Nikita Tszyu,reach_cm,178.0,70.1â / 178 cm,False,178.0,https://boxing-data.com/blog/tszyu-vs-zerafa-fight-preview-prediction,"Tszyu vs. Zerafa: Fight Preview, Stats, and Prediction - Road to Victory",0,A,boxing-data.com public article,BROAD,candidate_corroboration_only
Michael Zerafa,reach_cm,182.0,71.7â / 182 cm,False,182.0,https://boxing-data.com/blog/tszyu-vs-zerafa-fight-preview-prediction,"Tszyu vs. Zerafa: Fight Preview, Stats, and Prediction - Road to Victory",0,B,boxing-data.com public article,BROAD,candidate_corroboration_only
Nikita Tszyu,record,11-0 (9 KOs),11-0 (9 KOs),False,,https://boxing-data.com/blog/tszyu-vs-zerafa-fight-preview-prediction,"Tszyu vs. Zerafa: Fight Preview, Stats, and Prediction - Road to Victory",0,A,boxing-data.com public article,BROAD,candidate_corroboration_only
Michael Zerafa,record,34-5 (22 KOs),34-5 (22 KOs),False,,https://boxing-data.com/blog/tszyu-vs-zerafa-fight-preview-prediction,"Tszyu vs. Zerafa: Fight Preview, Stats, and Prediction - Road to Victory",0,B,boxing-data.com public article,BROAD,candidate_corroboration_only
Nikita Tszyu,ko_pct,82,82%,False,,https://boxing-data.com/blog/tszyu-vs-zerafa-fight-preview-prediction,"Tszyu vs. Zerafa: Fight Preview, Stats, and Prediction - Road to Victory",0,A,boxing-data.com public article,BROAD,candidate_corroboration_only
Michael Zerafa,ko_pct,65,65%,False,,https://boxing-data.com/blog/tszyu-vs-zerafa-fight-preview-prediction,"Tszyu vs. Zerafa: Fight Preview, Stats, and Prediction - Road to Victory",0,B,boxing-data.com public article,BROAD,candidate_corroboration_only
Nikita Tszyu,stance,southpaw,Southpaw,False,southpaw,https://boxing-data.com/blog/tszyu-vs-zerafa-fight-preview-prediction,"Tszyu vs. Zerafa: Fight Preview, Stats, and Prediction - Road to Victory",0,A,boxing-data.com public article,BROAD,candidate_corroboration_only
Michael Zerafa,stance,orthodox,Orthodox,False,orthodox,https://boxing-data.com/blog/tszyu-vs-zerafa-fight-preview-prediction,"Tszyu vs. Zerafa: Fight Preview, Stats, and Prediction - Road to Victory",0,B,boxing-data.com public article,BROAD,candidate_corroboration_only
Tyson Fury,age,37,37,False,,https://boxing-data.com/blog/tyson-fury-vs-mariusz-wach-fight-preview-prediction-analysis,"Tyson Fury vs Mariusz Wach: Fight Preview, Prediction & Analysis",1,A,boxing-data.com public article,BROAD,candidate_corroboration_only
Mariusz Wach,age,46,46,False,,https://boxing-data.com/blog/tyson-fury-vs-mariusz-wach-fight-preview-prediction-analysis,"Tyson Fury vs Mariusz Wach: Fight Preview, Prediction & Analysis",1,B,boxing-data.com public article,BROAD,candidate_corroboration_only
Tyson Fury,record,35-2-1,35-2-1,False,,https://boxing-data.com/blog/tyson-fury-vs-mariusz-wach-fight-preview-prediction-analysis,"Tyson Fury vs Mariusz Wach: Fight Preview, Prediction & Analysis",1,A,boxing-data.com public article,BROAD,candidate_corroboration_only
Mariusz Wach,record,39-13,39-13,False,,https://boxing-data.com/blog/tyson-fury-vs-mariusz-wach-fight-preview-prediction-analysis,"Tyson Fury vs Mariusz Wach: Fight Preview, Prediction & Analysis",1,B,boxing-data.com public article,BROAD,candidate_corroboration_only
Tyson Fury,ko_pct,24,24 (68.6%),False,,https://boxing-data.com/blog/tyson-fury-vs-mariusz-wach-fight-preview-prediction-analysis,"Tyson Fury vs Mariusz Wach: Fight Preview, Prediction & Analysis",1,A,boxing-data.com public article,BROAD,candidate_corroboration_only
Mariusz Wach,ko_pct,20,20 (51.3%),False,,https://boxing-data.com/blog/tyson-fury-vs-mariusz-wach-fight-preview-prediction-analysis,"Tyson Fury vs Mariusz Wach: Fight Preview, Prediction & Analysis",1,B,boxing-data.com public article,BROAD,candidate_corroboration_only
Tyson Fury,reach_cm,215.9,85 in,False,216.0,https://boxing-data.com/blog/tyson-fury-vs-mariusz-wach-fight-preview-prediction-analysis,"Tyson Fury vs Mariusz Wach: Fight Preview, Prediction & Analysis",1,A,boxing-data.com public article,BROAD,candidate_corroboration_only
Mariusz Wach,reach_cm,208.0,81.9 in,False,208.0,https://boxing-data.com/blog/tyson-fury-vs-mariusz-wach-fight-preview-prediction-analysis,"Tyson Fury vs Mariusz Wach: Fight Preview, Prediction & Analysis",1,B,boxing-data.com public article,BROAD,candidate_corroboration_only
Tyson Fury,stance,orthodox,Orthodox,False,orthodox,https://boxing-data.com/blog/tyson-fury-vs-mariusz-wach-fight-preview-prediction-analysis,"Tyson Fury vs Mariusz Wach: Fight Preview, Prediction & Analysis",1,A,boxing-data.com public article,BROAD,candidate_corroboration_only
Mariusz Wach,stance,orthodox,Orthodox,False,orthodox,https://boxing-data.com/blog/tyson-fury-vs-mariusz-wach-fight-preview-prediction-analysis,"Tyson Fury vs Mariusz Wach: Fight Preview, Prediction & Analysis",1,B,boxing-data.com public article,BROAD,candidate_corroboration_only
Victor Santillan,division,Super Bantamweight (122 lbs),Super Bantamweight (122 lbs),False,,https://boxing-data.com/blog/victor-santillan-vs-gary-antonio-russell-fight-preview-prediction-analysis,"Victor Santillan vs Gary Antonio Russell: Fight Preview, Prediction & Analysis",0,single,boxing-data.com public article,BROAD,candidate_corroboration_only
Victor Santillan,title_context,Interim WBA World Super Bantamweight Championship,Interim WBA World Super Bantamweight Championship,False,,https://boxing-data.com/blog/victor-santillan-vs-gary-antonio-russell-fight-preview-prediction-analysis,"Victor Santillan vs Gary Antonio Russell: Fight Preview, Prediction & Analysis",0,single,boxing-data.com public article,BROAD,candidate_corroboration_only
Giorgio Visioli,division,Lightweight (135 lbs),Lightweight (135 lbs),False,,https://boxing-data.com/blog/visioli-vs-giles-fight-preview-prediction-analysis,"Giorgio Visioli vs Levi Giles: English Lightweight Title Preview, Prediction & Analysis",0,single,boxing-data.com public article,BROAD,candidate_corroboration_only
Giorgio Visioli,title_context,English Lightweight Championship (Visioli defending),English Lightweight Championship (Visioli defending),False,,https://boxing-data.com/blog/visioli-vs-giles-fight-preview-prediction-analysis,"Giorgio Visioli vs Levi Giles: English Lightweight Title Preview, Prediction & Analysis",0,single,boxing-data.com public article,BROAD,candidate_corroboration_only
Conah Walker,record,16-3-1,16-3-1,False,,https://boxing-data.com/blog/walker-vs-mccormack-fight-preview-prediction,"Walker vs. McCormack: Fight Preview, Stats, and Prediction",0,A,boxing-data.com public article,BROAD,candidate_corroboration_only
Pat McCormack,record,8-0,8-0,False,,https://boxing-data.com/blog/walker-vs-mccormack-fight-preview-prediction,"Walker vs. McCormack: Fight Preview, Stats, and Prediction",0,B,boxing-data.com public article,BROAD,candidate_corroboration_only
Conah Walker,ko_wins,7,7,False,,https://boxing-data.com/blog/walker-vs-mccormack-fight-preview-prediction,"Walker vs. McCormack: Fight Preview, Stats, and Prediction",0,A,boxing-data.com public article,BROAD,candidate_corroboration_only
Pat McCormack,ko_wins,6,6,False,,https://boxing-data.com/blog/walker-vs-mccormack-fight-preview-prediction,"Walker vs. McCormack: Fight Preview, Stats, and Prediction",0,B,boxing-data.com public article,BROAD,candidate_corroboration_only
Conah Walker,ko_pct,44,44%,False,,https://boxing-data.com/blog/walker-vs-mccormack-fight-preview-prediction,"Walker vs. McCormack: Fight Preview, Stats, and Prediction",0,A,boxing-data.com public article,BROAD,candidate_corroboration_only
Pat McCormack,ko_pct,75,75%,False,,https://boxing-data.com/blog/walker-vs-mccormack-fight-preview-prediction,"Walker vs. McCormack: Fight Preview, Stats, and Prediction",0,B,boxing-data.com public article,BROAD,candidate_corroboration_only
Conah Walker,age,30,30,False,,https://boxing-data.com/blog/walker-vs-mccormack-fight-preview-prediction,"Walker vs. McCormack: Fight Preview, Stats, and Prediction",0,A,boxing-data.com public article,BROAD,candidate_corroboration_only
Pat McCormack,age,30,30,False,,https://boxing-data.com/blog/walker-vs-mccormack-fight-preview-prediction,"Walker vs. McCormack: Fight Preview, Stats, and Prediction",0,B,boxing-data.com public article,BROAD,candidate_corroboration_only
Conah Walker,stance,orthodox,Orthodox,False,orthodox,https://boxing-data.com/blog/walker-vs-mccormack-fight-preview-prediction,"Walker vs. McCormack: Fight Preview, Stats, and Prediction",0,A,boxing-data.com public article,BROAD,candidate_corroboration_only
Pat McCormack,stance,orthodox,Orthodox,False,orthodox,https://boxing-data.com/blog/walker-vs-mccormack-fight-preview-prediction,"Walker vs. McCormack: Fight Preview, Stats, and Prediction",0,B,boxing-data.com public article,BROAD,candidate_corroboration_only
Callum Walsh,record,15-0 (11 KOs),15-0 (11 KOs),False,,https://boxing-data.com/blog/walsh-vs-ocampo-preview-prediction-analysis,"Callum Walsh vs. Carlos Ocampo: Fight Preview, Stats & Prediction - Zuffa Boxing",0,A,boxing-data.com public article,BROAD,candidate_corroboration_only
Carlos Ocampo,record,38-3 (26 KOs),38-3 (26 KOs),False,,https://boxing-data.com/blog/walsh-vs-ocampo-preview-prediction-analysis,"Callum Walsh vs. Carlos Ocampo: Fight Preview, Stats & Prediction - Zuffa Boxing",0,B,boxing-data.com public article,BROAD,candidate_corroboration_only
Callum Walsh,ko_pct,73,73%,False,,https://boxing-data.com/blog/walsh-vs-ocampo-preview-prediction-analysis,"Callum Walsh vs. Carlos Ocampo: Fight Preview, Stats & Prediction - Zuffa Boxing",0,A,boxing-data.com public article,BROAD,candidate_corroboration_only
Carlos Ocampo,ko_pct,68,68%,False,,https://boxing-data.com/blog/walsh-vs-ocampo-preview-prediction-analysis,"Callum Walsh vs. Carlos Ocampo: Fight Preview, Stats & Prediction - Zuffa Boxing",0,B,boxing-data.com public article,BROAD,candidate_corroboration_only
Callum Walsh,age,24,24,False,,https://boxing-data.com/blog/walsh-vs-ocampo-preview-prediction-analysis,"Callum Walsh vs. Carlos Ocampo: Fight Preview, Stats & Prediction - Zuffa Boxing",0,A,boxing-data.com public article,BROAD,candidate_corroboration_only
Carlos Ocampo,age,30,30,False,,https://boxing-data.com/blog/walsh-vs-ocampo-preview-prediction-analysis,"Callum Walsh vs. Carlos Ocampo: Fight Preview, Stats & Prediction - Zuffa Boxing",0,B,boxing-data.com public article,BROAD,candidate_corroboration_only
Callum Walsh,stance,southpaw,Southpaw,False,southpaw,https://boxing-data.com/blog/walsh-vs-ocampo-preview-prediction-analysis,"Callum Walsh vs. Carlos Ocampo: Fight Preview, Stats & Prediction - Zuffa Boxing",0,A,boxing-data.com public article,BROAD,candidate_corroboration_only
Carlos Ocampo,stance,orthodox,Orthodox,False,orthodox,https://boxing-data.com/blog/walsh-vs-ocampo-preview-prediction-analysis,"Callum Walsh vs. Carlos Ocampo: Fight Preview, Stats & Prediction - Zuffa Boxing",0,B,boxing-data.com public article,BROAD,candidate_corroboration_only
Deontay Wilder,age,40,40,False,,https://boxing-data.com/blog/wilder-vs-chisora-fight-preview-prediction-analysis,"Deontay Wilder vs Derek Chisora: Fight Preview, Prediction & Analysis",0,A,boxing-data.com public article,BROAD,candidate_corroboration_only
Derek Chisora,age,42,42,False,,https://boxing-data.com/blog/wilder-vs-chisora-fight-preview-prediction-analysis,"Deontay Wilder vs Derek Chisora: Fight Preview, Prediction & Analysis",0,B,boxing-data.com public article,BROAD,candidate_corroboration_only
Deontay Wilder,nationality,USA,USA,False,USA,https://boxing-data.com/blog/wilder-vs-chisora-fight-preview-prediction-analysis,"Deontay Wilder vs Derek Chisora: Fight Preview, Prediction & Analysis",0,A,boxing-data.com public article,BROAD,candidate_corroboration_only
Derek Chisora,nationality,England,England,False,United Kingdom,https://boxing-data.com/blog/wilder-vs-chisora-fight-preview-prediction-analysis,"Deontay Wilder vs Derek Chisora: Fight Preview, Prediction & Analysis",0,B,boxing-data.com public article,BROAD,candidate_corroboration_only
Deontay Wilder,record,44-4-1,44-4-1,False,,https://boxing-data.com/blog/wilder-vs-chisora-fight-preview-prediction-analysis,"Deontay Wilder vs Derek Chisora: Fight Preview, Prediction & Analysis",0,A,boxing-data.com public article,BROAD,candidate_corroboration_only
Derek Chisora,record,36-13-0,36-13-0,False,,https://boxing-data.com/blog/wilder-vs-chisora-fight-preview-prediction-analysis,"Deontay Wilder vs Derek Chisora: Fight Preview, Prediction & Analysis",0,B,boxing-data.com public article,BROAD,candidate_corroboration_only
Deontay Wilder,ko_pct,98,98%,False,,https://boxing-data.com/blog/wilder-vs-chisora-fight-preview-prediction-analysis,"Deontay Wilder vs Derek Chisora: Fight Preview, Prediction & Analysis",0,A,boxing-data.com public article,BROAD,candidate_corroboration_only
Derek Chisora,ko_pct,64,64%,False,,https://boxing-data.com/blog/wilder-vs-chisora-fight-preview-prediction-analysis,"Deontay Wilder vs Derek Chisora: Fight Preview, Prediction & Analysis",0,B,boxing-data.com public article,BROAD,candidate_corroboration_only
Deontay Wilder,height_cm,201.0,6â7â / 201cm,False,201.0,https://boxing-data.com/blog/wilder-vs-chisora-fight-preview-prediction-analysis,"Deontay Wilder vs Derek Chisora: Fight Preview, Prediction & Analysis",0,A,boxing-data.com public article,BROAD,candidate_corroboration_only
Derek Chisora,height_cm,187.0,6â2â / 187cm,False,188.0,https://boxing-data.com/blog/wilder-vs-chisora-fight-preview-prediction-analysis,"Deontay Wilder vs Derek Chisora: Fight Preview, Prediction & Analysis",0,B,boxing-data.com public article,BROAD,candidate_corroboration_only
Deontay Wilder,reach_cm,211.0,83.1â / 211cm,False,211.0,https://boxing-data.com/blog/wilder-vs-chisora-fight-preview-prediction-analysis,"Deontay Wilder vs Derek Chisora: Fight Preview, Prediction & Analysis",0,A,boxing-data.com public article,BROAD,candidate_corroboration_only
Derek Chisora,reach_cm,188.0,74â / 188cm,False,188.0,https://boxing-data.com/blog/wilder-vs-chisora-fight-preview-prediction-analysis,"Deontay Wilder vs Derek Chisora: Fight Preview, Prediction & Analysis",0,B,boxing-data.com public article,BROAD,candidate_corroboration_only
Deontay Wilder,stance,orthodox,Orthodox,False,orthodox,https://boxing-data.com/blog/wilder-vs-chisora-fight-preview-prediction-analysis,"Deontay Wilder vs Derek Chisora: Fight Preview, Prediction & Analysis",0,A,boxing-data.com public article,BROAD,candidate_corroboration_only
Derek Chisora,stance,orthodox,Orthodox,False,orthodox,https://boxing-data.com/blog/wilder-vs-chisora-fight-preview-prediction-analysis,"Deontay Wilder vs Derek Chisora: Fight Preview, Prediction & Analysis",0,B,boxing-data.com public article,BROAD,candidate_corroboration_only
Deontay Wilder,debut,2008,2008,False,,https://boxing-data.com/blog/wilder-vs-chisora-fight-preview-prediction-analysis,"Deontay Wilder vs Derek Chisora: Fight Preview, Prediction & Analysis",0,A,boxing-data.com public article,BROAD,candidate_corroboration_only
Derek Chisora,debut,2007,2007,False,,https://boxing-data.com/blog/wilder-vs-chisora-fight-preview-prediction-analysis,"Deontay Wilder vs Derek Chisora: Fight Preview, Prediction & Analysis",0,B,boxing-data.com public article,BROAD,candidate_corroboration_only
Leigh Wood,nationality,United Kingdom,United Kingdom,False,United Kingdom,https://boxing-data.com/blog/wood-vs-warrington-2-fight-preview-prediction-analysis,"Wood vs. Warrington 2: Fight Preview, Stats, Odds & Road to Victory",0,A,boxing-data.com public article,BROAD,candidate_corroboration_only
Josh Warrington,nationality,United Kingdom,United Kingdom,False,United Kingdom,https://boxing-data.com/blog/wood-vs-warrington-2-fight-preview-prediction-analysis,"Wood vs. Warrington 2: Fight Preview, Stats, Odds & Road to Victory",0,B,boxing-data.com public article,BROAD,candidate_corroboration_only
Leigh Wood,age,37,37,False,,https://boxing-data.com/blog/wood-vs-warrington-2-fight-preview-prediction-analysis,"Wood vs. Warrington 2: Fight Preview, Stats, Odds & Road to Victory",0,A,boxing-data.com public article,BROAD,candidate_corroboration_only
Josh Warrington,age,35,35,False,,https://boxing-data.com/blog/wood-vs-warrington-2-fight-preview-prediction-analysis,"Wood vs. Warrington 2: Fight Preview, Stats, Odds & Road to Victory",0,B,boxing-data.com public article,BROAD,candidate_corroboration_only
Leigh Wood,height_cm,170.0,5â7â (170cm),False,170.0,https://boxing-data.com/blog/wood-vs-warrington-2-fight-preview-prediction-analysis,"Wood vs. Warrington 2: Fight Preview, Stats, Odds & Road to Victory",0,A,boxing-data.com public article,BROAD,candidate_corroboration_only
Josh Warrington,height_cm,170.0,5â7â (170cm),False,170.0,https://boxing-data.com/blog/wood-vs-warrington-2-fight-preview-prediction-analysis,"Wood vs. Warrington 2: Fight Preview, Stats, Odds & Road to Victory",0,B,boxing-data.com public article,BROAD,candidate_corroboration_only
Leigh Wood,reach_cm,170.0,67.0â (170cm),False,170.0,https://boxing-data.com/blog/wood-vs-warrington-2-fight-preview-prediction-analysis,"Wood vs. Warrington 2: Fight Preview, Stats, Odds & Road to Victory",0,A,boxing-data.com public article,BROAD,candidate_corroboration_only
Josh Warrington,reach_cm,170.0,67.0â (170cm),False,170.0,https://boxing-data.com/blog/wood-vs-warrington-2-fight-preview-prediction-analysis,"Wood vs. Warrington 2: Fight Preview, Stats, Odds & Road to Victory",0,B,boxing-data.com public article,BROAD,candidate_corroboration_only
Leigh Wood,stance,orthodox,Orthodox,False,orthodox,https://boxing-data.com/blog/wood-vs-warrington-2-fight-preview-prediction-analysis,"Wood vs. Warrington 2: Fight Preview, Stats, Odds & Road to Victory",0,A,boxing-data.com public article,BROAD,candidate_corroboration_only
Josh Warrington,stance,orthodox,Orthodox,False,orthodox,https://boxing-data.com/blog/wood-vs-warrington-2-fight-preview-prediction-analysis,"Wood vs. Warrington 2: Fight Preview, Stats, Odds & Road to Victory",0,B,boxing-data.com public article,BROAD,candidate_corroboration_only
Leigh Wood,record,28-4-0,28-4-0,False,,https://boxing-data.com/blog/wood-vs-warrington-2-fight-preview-prediction-analysis,"Wood vs. Warrington 2: Fight Preview, Stats, Odds & Road to Victory",0,A,boxing-data.com public article,BROAD,candidate_corroboration_only
Josh Warrington,record,32-4-1,32-4-1,False,,https://boxing-data.com/blog/wood-vs-warrington-2-fight-preview-prediction-analysis,"Wood vs. Warrington 2: Fight Preview, Stats, Odds & Road to Victory",0,B,boxing-data.com public article,BROAD,candidate_corroboration_only
Leigh Wood,ko_wins,17,17,False,,https://boxing-data.com/blog/wood-vs-warrington-2-fight-preview-prediction-analysis,"Wood vs. Warrington 2: Fight Preview, Stats, Odds & Road to Victory",0,A,boxing-data.com public article,BROAD,candidate_corroboration_only
Josh Warrington,ko_wins,8,8,False,,https://boxing-data.com/blog/wood-vs-warrington-2-fight-preview-prediction-analysis,"Wood vs. Warrington 2: Fight Preview, Stats, Odds & Road to Victory",0,B,boxing-data.com public article,BROAD,candidate_corroboration_only
Leigh Wood,ko_pct,61,61%,False,,https://boxing-data.com/blog/wood-vs-warrington-2-fight-preview-prediction-analysis,"Wood vs. Warrington 2: Fight Preview, Stats, Odds & Road to Victory",0,A,boxing-data.com public article,BROAD,candidate_corroboration_only
Josh Warrington,ko_pct,25,25%,False,,https://boxing-data.com/blog/wood-vs-warrington-2-fight-preview-prediction-analysis,"Wood vs. Warrington 2: Fight Preview, Stats, Odds & Road to Victory",0,B,boxing-data.com public article,BROAD,candidate_corroboration_only
Zak Chelli,division,Catchweight 187 lb,Catchweight 187 lb,False,,https://boxing-data.com/blog/zak-chelli-vs-david-morrell-fight-review,Zak Chelli Stuns David Morrell: Fight Review & Statistical Breakdown,0,single,boxing-data.com public article,BROAD,candidate_corroboration_only
