event_date,player1,player2,fight_url,result,method,round,time,p1_rd1_KD,p1_rd1_Sig_str,p1_rd1_Total_str,p1_rd1_Td,p1_rd1_Sub_att,p1_rd1_Rev,p1_rd1_Ctrl,p2_rd1_KD,p2_rd1_Sig_str,p2_rd1_Total_str,p2_rd1_Td,p2_rd1_Sub_att,p2_rd1_Rev,p2_rd1_Ctrl,p1_rd1_Head,p1_rd1_Body,p1_rd1_Leg,p1_rd1_Distance,p1_rd1_Clinch,p1_rd1_Ground,p2_rd1_Head,p2_rd1_Body,p2_rd1_Leg,p2_rd1_Distance,p2_rd1_Clinch,p2_rd1_Ground,p1_rd2_KD,p1_rd2_Sig_str,p1_rd2_Total_str,p1_rd2_Td,p1_rd2_Sub_att,p1_rd2_Rev,p1_rd2_Ctrl,p2_rd2_KD,p2_rd2_Sig_str,p2_rd2_Total_str,p2_rd2_Td,p2_rd2_Sub_att,p2_rd2_Rev,p2_rd2_Ctrl,p1_rd3_KD,p1_rd3_Sig_str,p1_rd3_Total_str,p1_rd3_Td,p1_rd3_Sub_att,p1_rd3_Rev,p1_rd3_Ctrl,p2_rd3_KD,p2_rd3_Sig_str,p2_rd3_Total_str,p2_rd3_Td,p2_rd3_Sub_att,p2_rd3_Rev,p2_rd3_Ctrl,p1_rd4_KD,p1_rd4_Sig_str,p1_rd4_Total_str,p1_rd4_Td,p1_rd4_Sub_att,p1_rd4_Rev,p1_rd4_Ctrl,p2_rd4_KD,p2_rd4_Sig_str,p2_rd4_Total_str,p2_rd4_Td,p2_rd4_Sub_att,p2_rd4_Rev,p2_rd4_Ctrl,p1_rd5_KD,p1_rd5_Sig_str,p1_rd5_Total_str,p1_rd5_Td,p1_rd5_Sub_att,p1_rd5_Rev,p1_rd5_Ctrl,p2_rd5_KD,p2_rd5_Sig_str,p2_rd5_Total_str,p2_rd5_Td,p2_rd5_Sub_att,p2_rd5_Rev,p2_rd5_Ctrl,p1_rd2_Head,p1_rd2_Body,p1_rd2_Leg,p1_rd2_Distance,p1_rd2_Clinch,p1_rd2_Ground,p2_rd2_Head,p2_rd2_Body,p2_rd2_Leg,p2_rd2_Distance,p2_rd2_Clinch,p2_rd2_Ground,p1_rd3_Head,p1_rd3_Body,p1_rd3_Leg,p1_rd3_Distance,p1_rd3_Clinch,p1_rd3_Ground,p2_rd3_Head,p2_rd3_Body,p2_rd3_Leg,p2_rd3_Distance,p2_rd3_Clinch,p2_rd3_Ground,p1_rd4_Head,p1_rd4_Body,p1_rd4_Leg,p1_rd4_Distance,p1_rd4_Clinch,p1_rd4_Ground,p2_rd4_Head,p2_rd4_Body,p2_rd4_Leg,p2_rd4_Distance,p2_rd4_Clinch,p2_rd4_Ground,p1_rd5_Head,p1_rd5_Body,p1_rd5_Leg,p1_rd5_Distance,p1_rd5_Clinch,p1_rd5_Ground,p2_rd5_Head,p2_rd5_Body,p2_rd5_Leg,p2_rd5_Distance,p2_rd5_Clinch,p2_rd5_Ground
"October 10, 2026",Brendan Allen,Christian Leroy Duncan,http://ufcstats.com/fight-details/7db1a3dac7e343e7,,,,,,,,,,,,,,,,,,,,,,,,,,,,,,,,,,,,,,,,,,,,,,,,,,,,,,,,,,,,,,,,,,,,,,,,,,,,,,,,,,,,,,,,,,,,,,,,,,,,,,,,,,,,,,,,,,,,,,,,,,,,,,,,,,,,,,
"October 10, 2026",Malcolm Wellmaker,Otari Tanzilovi,http://ufcstats.com/fight-details/c56bbc28d155f846,,,,,,,,,,,,,,,,,,,,,,,,,,,,,,,,,,,,,,,,,,,,,,,,,,,,,,,,,,,,,,,,,,,,,,,,,,,,,,,,,,,,,,,,,,,,,,,,,,,,,,,,,,,,,,,,,,,,,,,,,,,,,,,,,,,,,,
"October 10, 2026",Francisco Prado,Ismael Bonfim,http://ufcstats.com/fight-details/254ace2091125fc6,,,,,,,,,,,,,,,,,,,,,,,,,,,,,,,,,,,,,,,,,,,,,,,,,,,,,,,,,,,,,,,,,,,,,,,,,,,,,,,,,,,,,,,,,,,,,,,,,,,,,,,,,,,,,,,,,,,,,,,,,,,,,,,,,,,,,,
"October 10, 2026",Felipe Franco,Brendson Ribeiro,http://ufcstats.com/fight-details/ab17995c72396061,,,,,,,,,,,,,,,,,,,,,,,,,,,,,,,,,,,,,,,,,,,,,,,,,,,,,,,,,,,,,,,,,,,,,,,,,,,,,,,,,,,,,,,,,,,,,,,,,,,,,,,,,,,,,,,,,,,,,,,,,,,,,,,,,,,,,,
"October 03, 2026",Deiveson Figueiredo,Payton Talbott,http://ufcstats.com/fight-details/514366f770553cc9,L,KO/TKO,1,2:09,0,5 of 6,5 of 6,0 of 2,0,0,0:22,2,25 of 44,27 of 46,0 of 0,0,0,0:12,3 of 4,1 of 1,1 of 1,5 of 6,0 of 0,0 of 0,18 of 37,5 of 5,2 of 2,17 of 33,0 of 0,8 of 11,,,,,,,,,,,,,,,,,,,,,,,,,,,,,,,,,,,,,,,,,,,,,,,,,,,,,,,,,,,,,,,,,,,,,,,,,,,,,,,,,,,,,,,,,,,,,,,,,,,,,,,,
"October 03, 2026",King Green,Esteban Ribovics,http://ufcstats.com/fight-details/c93d7f60674df307,L,KO/TKO,1,4:08,0,27 of 49,29 of 51,0 of 1,0,0,0:04,3,35 of 71,41 of 79,0 of 0,0,0,0:31,11 of 23,11 of 18,5 of 8,24 of 46,3 of 3,0 of 0,25 of 56,4 of 6,6 of 9,28 of 56,0 of 2,7 of 13,,,,,,,,,,,,,,,,,,,,,,,,,,,,,,,,,,,,,,,,,,,,,,,,,,,,,,,,,,,,,,,,,,,,,,,,,,,,,,,,,,,,,,,,,,,,,,,,,,,,,,,,
"October 03, 2026",Ateba Gautier,Roman Kopylov,http://ufcstats.com/fight-details/ec45db01699c4b05,L,KO/TKO,1,3:12,0,7 of 30,7 of 30,0 of 0,0,0,0:00,1,19 of 23,19 of 23,0 of 0,0,0,0:05,3 of 21,4 of 9,0 of 0,7 of 30,0 of 0,0 of 0,16 of 20,1 of 1,2 of 2,12 of 15,0 of 0,7 of 8,,,,,,,,,,,,,,,,,,,,,,,,,,,,,,,,,,,,,,,,,,,,,,,,,,,,,,,,,,,,,,,,,,,,,,,,,,,,,,,,,,,,,,,,,,,,,,,,,,,,,,,,
"October 03, 2026",Damian Pinas,Andrey Pulyaev,http://ufcstats.com/fight-details/31b85cd63fb291ed,W,KO/TKO,1,1:15,1,5 of 7,5 of 7,0 of 0,0,0,0:03,0,4 of 11,4 of 11,0 of 0,0,0,0:00,3 of 4,0 of 1,2 of 2,5 of 7,0 of 0,0 of 0,1 of 7,2 of 3,1 of 1,4 of 11,0 of 0,0 of 0,,,,,,,,,,,,,,,,,,,,,,,,,,,,,,,,,,,,,,,,,,,,,,,,,,,,,,,,,,,,,,,,,,,,,,,,,,,,,,,,,,,,,,,,,,,,,,,,,,,,,,,,
"October 03, 2026",Marcus McGhee,Anthony Romero,http://ufcstats.com/fight-details/041f9b7dd3542fa6,W,KO/TKO,1,4:58,2,34 of 75,35 of 76,0 of 0,0,0,1:01,0,13 of 37,13 of 37,1 of 1,0,0,0:04,24 of 63,6 of 8,4 of 4,14 of 43,0 of 0,20 of 32,8 of 31,3 of 3,2 of 3,13 of 35,0 of 0,0 of 2,,,,,,,,,,,,,,,,,,,,,,,,,,,,,,,,,,,,,,,,,,,,,,,,,,,,,,,,,,,,,,,,,,,,,,,,,,,,,,,,,,,,,,,,,,,,,,,,,,,,,,,,
"October 03, 2026",Johnny Walker,Mick Parkin,http://ufcstats.com/fight-details/e92092a37dc1cfc8,W,KO/TKO,1,3:35,1,23 of 32,23 of 32,0 of 0,0,0,0:27,0,11 of 16,14 of 19,0 of 0,0,0,0:31,6 of 14,4 of 4,13 of 14,19 of 28,4 of 4,0 of 0,2 of 6,0 of 0,9 of 10,11 of 16,0 of 0,0 of 0,,,,,,,,,,,,,,,,,,,,,,,,,,,,,,,,,,,,,,,,,,,,,,,,,,,,,,,,,,,,,,,,,,,,,,,,,,,,,,,,,,,,,,,,,,,,,,,,,,,,,,,,
"October 03, 2026",Jacobe Smith,Bruce Whitehead,http://ufcstats.com/fight-details/bc35fb29afba68b9,W,KO/TKO,1,1:32,0,11 of 17,19 of 27,1 of 2,0,0,0:29,0,4 of 13,15 of 24,0 of 0,0,0,0:03,6 of 12,5 of 5,0 of 0,6 of 12,1 of 1,4 of 4,3 of 11,1 of 2,0 of 0,3 of 10,1 of 3,0 of 0,,,,,,,,,,,,,,,,,,,,,,,,,,,,,,,,,,,,,,,,,,,,,,,,,,,,,,,,,,,,,,,,,,,,,,,,,,,,,,,,,,,,,,,,,,,,,,,,,,,,,,,,
"September 26, 2026",Raul Rosas Jr.,Raoni Barcelos,http://ufcstats.com/fight-details/0e55d8a3d7a73912,W,KO/TKO,5,1:38,0,29 of 73,49 of 98,0 of 0,0,0,0:00,0,31 of 59,32 of 60,1 of 5,0,0,0:30,22 of 64,3 of 5,4 of 4,23 of 65,6 of 8,0 of 0,23 of 49,7 of 9,1 of 1,28 of 54,2 of 4,1 of 1,0,40 of 81,44 of 85,0 of 0,0,0,0:06,0,58 of 90,62 of 94,3 of 4,0,0,0:33,0,28 of 59,49 of 84,0 of 0,0,1,0:32,0,26 of 45,36 of 57,2 of 7,0,0,1:13,0,8 of 16,15 of 23,0 of 0,0,0,0:00,0,8 of 18,63 of 80,2 of 3,5,0,3:30,0,8 of 22,22 of 37,1 of 3,0,0,0:16,0,4 of 11,5 of 12,1 of 3,0,0,0:35,32 of 73,6 of 6,2 of 2,36 of 75,4 of 6,0 of 0,40 of 71,18 of 19,0 of 0,54 of 86,4 of 4,0 of 0,24 of 54,3 of 4,1 of 1,20 of 49,4 of 4,4 of 6,20 of 37,4 of 6,2 of 2,24 of 43,2 of 2,0 of 0,5 of 13,0 of 0,3 of 3,8 of 16,0 of 0,0 of 0,4 of 14,4 of 4,0 of 0,8 of 18,0 of 0,0 of 0,6 of 19,2 of 3,0 of 0,5 of 19,3 of 3,0 of 0,3 of 9,1 of 2,0 of 0,3 of 8,1 of 3,0 of 0
"September 26, 2026",Luis Hernandez,Sedriques Dumas,http://ufcstats.com/fight-details/7c954175878dd610,W,Submission,1,0:57,0,3 of 6,3 of 6,1 of 1,2,0,0:24,0,0 of 3,0 of 3,0 of 0,0,0,0:00,2 of 5,0 of 0,1 of 1,3 of 6,0 of 0,0 of 0,0 of 2,0 of 1,0 of 0,0 of 3,0 of 0,0 of 0,,,,,,,,,,,,,,,,,,,,,,,,,,,,,,,,,,,,,,,,,,,,,,,,,,,,,,,,,,,,,,,,,,,,,,,,,,,,,,,,,,,,,,,,,,,,,,,,,,,,,,,,
"September 26, 2026",Rodolfo Bellato,Christian Edwards,http://ufcstats.com/fight-details/30b73c201daa089c,L,KO/TKO,3,1:47,1,10 of 16,32 of 39,0 of 0,0,0,2:22,0,26 of 33,35 of 42,0 of 1,0,0,1:38,4 of 10,4 of 4,2 of 2,3 of 7,7 of 9,0 of 0,18 of 23,5 of 6,3 of 4,8 of 13,18 of 20,0 of 0,0,18 of 36,36 of 56,0 of 0,0,0,1:37,0,26 of 48,37 of 59,0 of 1,0,0,0:00,0,2 of 5,5 of 9,0 of 0,0,0,0:13,1,7 of 13,13 of 19,0 of 0,0,0,1:04,,,,,,,,,,,,,,,,,,,,,,,,,,,,,13 of 31,5 of 5,0 of 0,13 of 28,5 of 8,0 of 0,12 of 31,9 of 12,5 of 5,21 of 43,5 of 5,0 of 0,1 of 4,1 of 1,0 of 0,1 of 4,1 of 1,0 of 0,7 of 13,0 of 0,0 of 0,3 of 8,0 of 0,4 of 5,,,,,,,,,,,,,,,,,,,,,,,,
"September 26, 2026",Montel Jackson,Ricky Simon,http://ufcstats.com/fight-details/9037b26e92e25357,W,KO/TKO,2,2:39,1,18 of 36,20 of 39,0 of 1,1,0,0:12,0,11 of 25,12 of 26,2 of 3,0,0,1:42,16 of 32,2 of 4,0 of 0,13 of 27,0 of 0,5 of 9,2 of 14,3 of 4,6 of 7,9 of 22,1 of 1,1 of 2,1,13 of 20,13 of 20,0 of 0,0,0,0:01,0,2 of 18,2 of 18,0 of 0,0,0,0:00,,,,,,,,,,,,,,,,,,,,,,,,,,,,,,,,,,,,,,,,,,,12 of 18,1 of 2,0 of 0,12 of 19,0 of 0,1 of 1,0 of 15,0 of 1,2 of 2,2 of 18,0 of 0,0 of 0,,,,,,,,,,,,,,,,,,,,,,,,,,,,,,,,,,,,
"September 26, 2026",John Castaneda,Alatengheili,http://ufcstats.com/fight-details/577011f3bbcf7f91,L,Decision - Split,3,5:00,0,23 of 34,23 of 34,0 of 0,0,0,0:00,0,4 of 38,4 of 38,0 of 0,0,0,0:00,6 of 13,3 of 7,14 of 14,23 of 34,0 of 0,0 of 0,3 of 35,0 of 2,1 of 1,4 of 38,0 of 0,0 of 0,0,25 of 53,25 of 53,0 of 0,0,0,0:00,0,20 of 64,20 of 65,0 of 2,0,0,0:18,0,7 of 14,11 of 18,0 of 0,2,1,0:25,0,4 of 13,39 of 48,3 of 6,0,0,3:44,,,,,,,,,,,,,,,,,,,,,,,,,,,,,13 of 37,4 of 7,8 of 9,25 of 53,0 of 0,0 of 0,16 of 59,2 of 3,2 of 2,20 of 63,0 of 1,0 of 0,3 of 10,1 of 1,3 of 3,7 of 14,0 of 0,0 of 0,0 of 9,2 of 2,2 of 2,3 of 12,0 of 0,1 of 1,,,,,,,,,,,,,,,,,,,,,,,,
"September 26, 2026",Vanessa Demopoulos,Yazmin Jauregui,http://ufcstats.com/fight-details/f34e58d365bb37b1,L,KO/TKO,1,1:02,0,7 of 19,7 of 19,0 of 0,0,0,0:00,0,34 of 56,34 of 56,1 of 1,0,0,0:02,4 of 16,0 of 0,3 of 3,7 of 19,0 of 0,0 of 0,33 of 55,0 of 0,1 of 1,28 of 48,3 of 5,3 of 3,,,,,,,,,,,,,,,,,,,,,,,,,,,,,,,,,,,,,,,,,,,,,,,,,,,,,,,,,,,,,,,,,,,,,,,,,,,,,,,,,,,,,,,,,,,,,,,,,,,,,,,,
"September 19, 2026",Arman Tsarukyan,Mauricio Ruffy,http://ufcstats.com/fight-details/fe612d20eec7ef35,W,KO/TKO,1,4:56,1,8 of 19,9 of 20,1 of 10,0,0,3:00,0,4 of 10,22 of 28,0 of 0,0,0,0:06,7 of 14,0 of 1,1 of 4,3 of 13,5 of 6,0 of 0,3 of 7,1 of 2,0 of 1,2 of 8,2 of 2,0 of 0,,,,,,,,,,,,,,,,,,,,,,,,,,,,,,,,,,,,,,,,,,,,,,,,,,,,,,,,,,,,,,,,,,,,,,,,,,,,,,,,,,,,,,,,,,,,,,,,,,,,,,,,
"September 19, 2026",Alonzo Menifield,Iwo Baraniewski,http://ufcstats.com/fight-details/196c64693a2ce308,W,Decision - Split,3,5:00,0,10 of 42,10 of 42,0 of 1,0,0,0:28,0,17 of 42,25 of 52,1 of 1,0,0,1:19,9 of 41,0 of 0,1 of 1,9 of 41,1 of 1,0 of 0,15 of 39,2 of 3,0 of 0,15 of 38,1 of 3,1 of 1,0,34 of 81,49 of 102,0 of 2,0,0,0:38,0,33 of 50,35 of 52,0 of 0,0,0,1:03,0,18 of 39,81 of 102,1 of 2,0,0,1:48,0,17 of 29,29 of 42,0 of 2,0,0,1:57,,,,,,,,,,,,,,,,,,,,,,,,,,,,,31 of 77,2 of 3,1 of 1,26 of 67,8 of 14,0 of 0,26 of 42,7 of 8,0 of 0,26 of 42,7 of 8,0 of 0,16 of 37,2 of 2,0 of 0,7 of 24,11 of 15,0 of 0,11 of 23,4 of 4,2 of 2,9 of 17,8 of 12,0 of 0,,,,,,,,,,,,,,,,,,,,,,,,
"September 19, 2026",Michael Aswell Jr.,JooSang Yoo,http://ufcstats.com/fight-details/d89cc2cb92cd8407,W,Decision - Split,3,5:00,0,28 of 59,30 of 61,0 of 0,0,0,0:01,0,23 of 58,23 of 58,0 of 1,0,0,0:04,17 of 46,2 of 2,9 of 11,25 of 56,3 of 3,0 of 0,15 of 45,3 of 4,5 of 9,23 of 58,0 of 0,0 of 0,0,23 of 46,26 of 51,0 of 1,0,0,0:50,0,14 of 35,16 of 37,0 of 1,0,0,0:02,0,19 of 40,37 of 59,0 of 0,0,0,0:20,0,9 of 36,12 of 40,1 of 2,0,0,2:12,,,,,,,,,,,,,,,,,,,,,,,,,,,,,12 of 34,2 of 2,9 of 10,19 of 41,4 of 5,0 of 0,13 of 32,0 of 1,1 of 2,14 of 34,0 of 1,0 of 0,11 of 31,1 of 2,7 of 7,18 of 39,1 of 1,0 of 0,7 of 33,1 of 1,1 of 2,7 of 34,2 of 2,0 of 0,,,,,,,,,,,,,,,,,,,,,,,,
"September 19, 2026",Ryan Gandra,Ozzy Diaz,http://ufcstats.com/fight-details/51789f77811b1817,W,KO/TKO,1,2:04,1,16 of 34,16 of 34,0 of 0,0,0,0:03,0,3 of 4,3 of 4,0 of 0,0,0,0:00,13 of 29,1 of 3,2 of 2,10 of 26,0 of 0,6 of 8,1 of 2,1 of 1,1 of 1,3 of 4,0 of 0,0 of 0,,,,,,,,,,,,,,,,,,,,,,,,,,,,,,,,,,,,,,,,,,,,,,,,,,,,,,,,,,,,,,,,,,,,,,,,,,,,,,,,,,,,,,,,,,,,,,,,,,,,,,,,
"September 19, 2026",Edmen Shahbazyan,Brunno Ferreira,http://ufcstats.com/fight-details/9be47241c960d082,W,Decision - Unanimous,3,5:00,0,21 of 35,21 of 35,0 of 0,0,0,0:00,0,2 of 10,2 of 10,0 of 0,0,0,0:00,4 of 10,3 of 4,14 of 21,21 of 35,0 of 0,0 of 0,2 of 10,0 of 0,0 of 0,2 of 10,0 of 0,0 of 0,0,15 of 33,15 of 33,0 of 0,0,0,0:00,0,15 of 43,15 of 43,0 of 0,0,0,0:00,1,25 of 42,27 of 44,1 of 3,0,0,0:57,0,15 of 55,16 of 56,0 of 0,0,0,0:00,,,,,,,,,,,,,,,,,,,,,,,,,,,,,7 of 22,4 of 5,4 of 6,15 of 33,0 of 0,0 of 0,6 of 28,0 of 1,9 of 14,15 of 43,0 of 0,0 of 0,18 of 34,4 of 5,3 of 3,20 of 37,4 of 4,1 of 1,8 of 43,1 of 6,6 of 6,13 of 52,2 of 3,0 of 0,,,,,,,,,,,,,,,,,,,,,,,,
"September 19, 2026",Giga Chikadze,Joanderson Brito,http://ufcstats.com/fight-details/2e35163040eb3189,L,KO/TKO,1,1:57,0,7 of 12,13 of 18,0 of 0,0,0,0:00,0,20 of 27,24 of 31,0 of 0,0,0,0:39,3 of 8,4 of 4,0 of 0,7 of 12,0 of 0,0 of 0,18 of 25,0 of 0,2 of 2,3 of 8,0 of 0,17 of 19,,,,,,,,,,,,,,,,,,,,,,,,,,,,,,,,,,,,,,,,,,,,,,,,,,,,,,,,,,,,,,,,,,,,,,,,,,,,,,,,,,,,,,,,,,,,,,,,,,,,,,,,
"September 12, 2026",Jean Silva,Jose Delgado,http://ufcstats.com/fight-details/034c04e480d87b8f,W,Submission,3,2:57,0,3 of 5,3 of 5,0 of 1,0,0,0:11,0,17 of 34,18 of 35,0 of 0,0,0,0:21,2 of 4,1 of 1,0 of 0,3 of 5,0 of 0,0 of 0,4 of 16,2 of 4,11 of 14,16 of 32,1 of 2,0 of 0,0,23 of 50,24 of 51,1 of 1,0,0,1:02,0,14 of 48,14 of 48,0 of 0,0,0,0:00,1,13 of 22,13 of 22,0 of 0,1,0,0:24,0,9 of 26,9 of 26,0 of 1,0,0,0:00,,,,,,,,,,,,,,,,,,,,,,,,,,,,,18 of 40,5 of 10,0 of 0,17 of 40,3 of 5,3 of 5,8 of 42,3 of 3,3 of 3,10 of 41,4 of 7,0 of 0,7 of 16,4 of 4,2 of 2,12 of 21,0 of 0,1 of 1,5 of 21,0 of 0,4 of 5,9 of 25,0 of 0,0 of 1,,,,,,,,,,,,,,,,,,,,,,,,
"September 12, 2026",Tommy McMillen,Marwan Rahiki,http://ufcstats.com/fight-details/1fca7dfa9e1e15cb,W,Decision - Unanimous,3,5:00,0,29 of 87,29 of 87,1 of 1,0,0,0:21,0,23 of 76,23 of 76,0 of 0,0,0,0:00,20 of 74,4 of 8,5 of 5,29 of 87,0 of 0,0 of 0,9 of 56,8 of 13,6 of 7,23 of 76,0 of 0,0 of 0,0,38 of 97,47 of 106,2 of 2,1,0,0:45,1,46 of 81,46 of 81,0 of 1,0,0,0:02,1,22 of 53,52 of 87,2 of 2,2,0,3:47,0,10 of 21,11 of 22,1 of 1,0,0,0:05,,,,,,,,,,,,,,,,,,,,,,,,,,,,,22 of 76,11 of 15,5 of 6,34 of 93,4 of 4,0 of 0,32 of 63,12 of 15,2 of 3,39 of 74,7 of 7,0 of 0,14 of 42,6 of 7,2 of 4,15 of 40,5 of 10,2 of 3,5 of 16,4 of 4,1 of 1,7 of 18,3 of 3,0 of 0,,,,,,,,,,,,,,,,,,,,,,,,
"September 12, 2026",Waldo Cortes Acosta,Curtis Blaydes,http://ufcstats.com/fight-details/606639bf387f60e2,L,Decision - Unanimous,3,5:00,0,7 of 23,8 of 24,0 of 0,0,0,0:00,0,7 of 27,7 of 27,1 of 3,0,0,1:13,5 of 20,0 of 0,2 of 3,7 of 23,0 of 0,0 of 0,1 of 20,2 of 2,4 of 5,6 of 26,0 of 0,1 of 1,0,9 of 36,9 of 36,0 of 0,0,0,0:00,0,9 of 24,16 of 31,2 of 3,0,0,1:27,0,12 of 36,13 of 37,0 of 0,0,0,0:00,0,8 of 23,9 of 24,1 of 4,0,0,0:58,,,,,,,,,,,,,,,,,,,,,,,,,,,,,7 of 34,0 of 0,2 of 2,9 of 36,0 of 0,0 of 0,3 of 18,1 of 1,5 of 5,9 of 24,0 of 0,0 of 0,9 of 33,0 of 0,3 of 3,12 of 36,0 of 0,0 of 0,1 of 12,1 of 2,6 of 9,8 of 23,0 of 0,0 of 0,,,,,,,,,,,,,,,,,,,,,,,,
"September 12, 2026",David Martinez,Dan Ige,http://ufcstats.com/fight-details/51caa91f68873cf5,W,Decision - Unanimous,3,5:00,0,17 of 34,17 of 34,0 of 0,0,0,0:00,0,5 of 43,5 of 43,0 of 0,0,0,0:02,6 of 18,4 of 7,7 of 9,17 of 34,0 of 0,0 of 0,4 of 34,0 of 7,1 of 2,4 of 42,1 of 1,0 of 0,0,14 of 55,14 of 55,0 of 0,0,0,0:00,0,9 of 35,9 of 35,0 of 1,0,0,0:03,0,21 of 50,27 of 57,1 of 1,0,0,0:19,0,13 of 46,13 of 46,0 of 0,0,0,0:00,,,,,,,,,,,,,,,,,,,,,,,,,,,,,6 of 43,4 of 7,4 of 5,14 of 55,0 of 0,0 of 0,5 of 26,1 of 4,3 of 5,9 of 35,0 of 0,0 of 0,13 of 39,2 of 5,6 of 6,21 of 49,0 of 1,0 of 0,10 of 41,3 of 4,0 of 1,13 of 46,0 of 0,0 of 0,,,,,,,,,,,,,,,,,,,,,,,,
"September 12, 2026",Yousri Belgaroui,Djorden Santos,http://ufcstats.com/fight-details/9a0e77ecd1b7f04e,W,KO/TKO,1,4:25,1,46 of 81,46 of 81,0 of 0,0,0,0:00,0,16 of 48,16 of 48,0 of 0,0,0,0:00,16 of 43,18 of 26,12 of 12,45 of 80,1 of 1,0 of 0,13 of 44,0 of 1,3 of 3,16 of 48,0 of 0,0 of 0,,,,,,,,,,,,,,,,,,,,,,,,,,,,,,,,,,,,,,,,,,,,,,,,,,,,,,,,,,,,,,,,,,,,,,,,,,,,,,,,,,,,,,,,,,,,,,,,,,,,,,,,
"September 05, 2026",Daniil Donchenko,Punahele Soriano,http://ufcstats.com/fight-details/8300a095a4908ab1,W,Decision - Unanimous,3,5:00,1,37 of 53,50 of 67,0 of 0,0,0,0:39,0,5 of 22,5 of 22,0 of 3,0,0,0:05,18 of 33,12 of 13,7 of 7,25 of 40,4 of 5,8 of 8,5 of 16,0 of 6,0 of 0,4 of 20,1 of 2,0 of 0,0,33 of 52,33 of 52,0 of 1,0,0,0:00,0,6 of 47,6 of 47,1 of 2,0,0,0:11,0,13 of 32,37 of 61,0 of 0,0,0,0:02,0,4 of 15,32 of 46,3 of 6,1,0,3:16,,,,,,,,,,,,,,,,,,,,,,,,,,,,,15 of 32,9 of 11,9 of 9,32 of 51,1 of 1,0 of 0,5 of 39,1 of 8,0 of 0,4 of 44,2 of 3,0 of 0,13 of 29,0 of 3,0 of 0,7 of 25,6 of 7,0 of 0,2 of 13,2 of 2,0 of 0,3 of 14,1 of 1,0 of 0,,,,,,,,,,,,,,,,,,,,,,,,
"September 05, 2026",Kurtis Campbell,Trevor Peek,http://ufcstats.com/fight-details/cbf9063d23513661,W,Submission,3,3:07,0,34 of 47,42 of 57,7 of 12,0,0,3:31,0,6 of 18,7 of 19,0 of 0,0,0,0:00,28 of 37,5 of 8,1 of 2,9 of 16,1 of 3,24 of 28,3 of 13,1 of 1,2 of 4,5 of 17,1 of 1,0 of 0,0,4 of 4,26 of 34,3 of 6,0,0,4:40,0,2 of 5,5 of 8,0 of 0,0,0,0:00,0,6 of 10,11 of 17,3 of 6,1,0,2:09,0,4 of 12,5 of 13,0 of 0,0,0,0:00,,,,,,,,,,,,,,,,,,,,,,,,,,,,,3 of 3,1 of 1,0 of 0,2 of 2,0 of 0,2 of 2,0 of 3,2 of 2,0 of 0,1 of 3,1 of 2,0 of 0,5 of 8,1 of 2,0 of 0,6 of 10,0 of 0,0 of 0,2 of 9,1 of 1,1 of 2,4 of 12,0 of 0,0 of 0,,,,,,,,,,,,,,,,,,,,,,,,
"September 05, 2026",Losene Keita,Muhammad Naimov,http://ufcstats.com/fight-details/b90b099c1f47bb93,W,KO/TKO,1,2:54,2,18 of 30,19 of 31,0 of 0,0,0,0:20,0,4 of 24,4 of 24,0 of 0,0,0,0:00,16 of 27,2 of 3,0 of 0,10 of 21,0 of 0,8 of 9,2 of 21,2 of 3,0 of 0,4 of 24,0 of 0,0 of 0,,,,,,,,,,,,,,,,,,,,,,,,,,,,,,,,,,,,,,,,,,,,,,,,,,,,,,,,,,,,,,,,,,,,,,,,,,,,,,,,,,,,,,,,,,,,,,,,,,,,,,,,
"September 05, 2026",Mario Pinto,Ryan Spann,http://ufcstats.com/fight-details/b1c6ea7d7d413bd5,W,KO/TKO,2,0:55,0,36 of 54,78 of 96,5 of 6,0,0,2:50,0,13 of 33,16 of 36,0 of 1,1,0,0:20,35 of 53,1 of 1,0 of 0,9 of 22,4 of 7,23 of 25,10 of 30,3 of 3,0 of 0,6 of 23,7 of 10,0 of 0,0,12 of 13,36 of 41,1 of 1,0,0,0:43,0,0 of 1,0 of 1,0 of 0,0,0,0:00,,,,,,,,,,,,,,,,,,,,,,,,,,,,,,,,,,,,,,,,,,,12 of 13,0 of 0,0 of 0,1 of 2,2 of 2,9 of 9,0 of 1,0 of 0,0 of 0,0 of 1,0 of 0,0 of 0,,,,,,,,,,,,,,,,,,,,,,,,,,,,,,,,,,,,
"September 05, 2026",Matthieu Duclos,Luis Felipe Dias,http://ufcstats.com/fight-details/e5fd7ef7ccf955b8,W,KO/TKO,1,4:35,1,18 of 43,20 of 47,0 of 0,0,0,0:05,0,22 of 50,23 of 51,0 of 0,0,0,0:33,13 of 38,4 of 4,1 of 1,16 of 41,1 of 1,1 of 1,15 of 38,4 of 6,3 of 6,19 of 45,3 of 5,0 of 0,,,,,,,,,,,,,,,,,,,,,,,,,,,,,,,,,,,,,,,,,,,,,,,,,,,,,,,,,,,,,,,,,,,,,,,,,,,,,,,,,,,,,,,,,,,,,,,,,,,,,,,,
"August 29, 2026",Yan Xiaonan,Denise Gomes,http://ufcstats.com/fight-details/73cb6c4e060c4ee9,L,KO/TKO,1,4:49,0,19 of 59,19 of 59,0 of 0,0,0,0:00,1,18 of 48,20 of 50,0 of 0,0,0,0:00,11 of 41,3 of 6,5 of 12,18 of 56,1 of 3,0 of 0,12 of 35,3 of 5,3 of 8,16 of 45,0 of 0,2 of 3,,,,,,,,,,,,,,,,,,,,,,,,,,,,,,,,,,,,,,,,,,,,,,,,,,,,,,,,,,,,,,,,,,,,,,,,,,,,,,,,,,,,,,,,,,,,,,,,,,,,,,,,
"August 29, 2026",Liu Ce,Levi Rodrigues Jr.,http://ufcstats.com/fight-details/f894989058f2bb05,W,KO/TKO,1,4:26,2,59 of 82,60 of 83,0 of 0,0,0,0:04,0,28 of 57,28 of 57,0 of 2,0,0,0:44,42 of 62,9 of 12,8 of 8,54 of 75,5 of 7,0 of 0,23 of 51,2 of 2,3 of 4,27 of 56,1 of 1,0 of 0,,,,,,,,,,,,,,,,,,,,,,,,,,,,,,,,,,,,,,,,,,,,,,,,,,,,,,,,,,,,,,,,,,,,,,,,,,,,,,,,,,,,,,,,,,,,,,,,,,,,,,,,
"August 29, 2026",Namsrai Batbayar,Andre Lima,http://ufcstats.com/fight-details/80f7f5405d5ffca0,L,Submission,3,3:03,0,12 of 44,12 of 44,0 of 0,0,0,0:00,0,14 of 20,14 of 20,0 of 0,0,0,0:00,5 of 31,3 of 4,4 of 9,12 of 44,0 of 0,0 of 0,7 of 12,2 of 2,5 of 6,14 of 20,0 of 0,0 of 0,0,31 of 77,31 of 77,0 of 0,0,0,0:00,0,25 of 42,25 of 42,0 of 0,0,0,0:00,0,8 of 20,8 of 20,0 of 1,0,0,0:08,0,8 of 15,8 of 15,0 of 0,1,1,0:13,,,,,,,,,,,,,,,,,,,,,,,,,,,,,17 of 60,5 of 7,9 of 10,29 of 75,2 of 2,0 of 0,14 of 30,5 of 6,6 of 6,25 of 42,0 of 0,0 of 0,2 of 10,1 of 1,5 of 9,8 of 20,0 of 0,0 of 0,2 of 7,2 of 2,4 of 6,8 of 15,0 of 0,0 of 0,,,,,,,,,,,,,,,,,,,,,,,,
"August 29, 2026",Rei Tsuruya,Kevin Borjas,http://ufcstats.com/fight-details/ec5281a72f09d8ac,W,Submission,1,4:14,0,39 of 67,71 of 101,2 of 4,1,0,3:58,0,0 of 0,1 of 3,0 of 0,0,0,0:00,39 of 67,0 of 0,0 of 0,0 of 0,0 of 0,39 of 67,0 of 0,0 of 0,0 of 0,0 of 0,0 of 0,0 of 0,,,,,,,,,,,,,,,,,,,,,,,,,,,,,,,,,,,,,,,,,,,,,,,,,,,,,,,,,,,,,,,,,,,,,,,,,,,,,,,,,,,,,,,,,,,,,,,,,,,,,,,,
"August 29, 2026",Jack Jenkins,Sean Woodson,http://ufcstats.com/fight-details/8a980234dab7ae43,L,Decision - Split,3,5:00,0,13 of 36,13 of 36,0 of 0,0,0,0:00,0,25 of 60,25 of 60,0 of 0,0,0,0:00,5 of 23,0 of 0,8 of 13,13 of 36,0 of 0,0 of 0,12 of 40,4 of 8,9 of 12,25 of 60,0 of 0,0 of 0,0,7 of 10,35 of 43,0 of 1,1,1,3:17,0,2 of 6,45 of 52,0 of 2,0,0,1:11,0,23 of 49,24 of 51,0 of 4,0,0,1:30,0,31 of 63,60 of 92,0 of 0,0,0,0:00,,,,,,,,,,,,,,,,,,,,,,,,,,,,,5 of 8,2 of 2,0 of 0,3 of 5,2 of 3,2 of 2,0 of 2,0 of 2,2 of 2,2 of 5,0 of 1,0 of 0,8 of 31,7 of 7,8 of 11,16 of 39,7 of 10,0 of 0,21 of 46,6 of 11,4 of 6,25 of 56,6 of 7,0 of 0,,,,,,,,,,,,,,,,,,,,,,,,
"August 29, 2026",Xiong Jingnan,Julia Polastri,http://ufcstats.com/fight-details/6206c62fc8f0b71b,L,KO/TKO,1,3:06,0,16 of 42,16 of 44,0 of 0,0,0,0:00,1,16 of 25,16 of 25,0 of 0,0,0,0:00,7 of 28,5 of 10,4 of 4,12 of 37,4 of 5,0 of 0,9 of 17,6 of 6,1 of 2,13 of 21,3 of 4,0 of 0,,,,,,,,,,,,,,,,,,,,,,,,,,,,,,,,,,,,,,,,,,,,,,,,,,,,,,,,,,,,,,,,,,,,,,,,,,,,,,,,,,,,,,,,,,,,,,,,,,,,,,,,
"August 29, 2026",Ding Meng,Cam Nelson,http://ufcstats.com/fight-details/6cd4457edf4089f9,L,Decision - Unanimous,3,5:00,0,13 of 30,23 of 41,0 of 0,0,0,0:00,0,18 of 26,19 of 28,1 of 1,0,0,1:54,3 of 14,3 of 7,7 of 9,13 of 30,0 of 0,0 of 0,13 of 20,0 of 0,5 of 6,6 of 10,0 of 0,12 of 16,0,12 of 27,26 of 42,0 of 0,0,0,0:00,0,20 of 39,23 of 43,2 of 2,0,0,2:42,0,14 of 22,23 of 33,0 of 1,0,0,1:10,0,3 of 5,5 of 9,1 of 8,0,0,1:58,,,,,,,,,,,,,,,,,,,,,,,,,,,,,4 of 16,2 of 4,6 of 7,12 of 27,0 of 0,0 of 0,16 of 32,1 of 2,3 of 5,7 of 17,0 of 0,13 of 22,5 of 11,8 of 10,1 of 1,9 of 17,5 of 5,0 of 0,3 of 5,0 of 0,0 of 0,2 of 3,1 of 2,0 of 0,,,,,,,,,,,,,,,,,,,,,,,,
"August 22, 2026",Anthony Hernandez,Gregory Rodrigues,http://ufcstats.com/fight-details/fb77b08a90b92d5b,L,Decision - Unanimous,5,5:00,0,10 of 19,10 of 19,0 of 7,0,0,2:48,0,25 of 33,52 of 62,0 of 0,0,0,0:04,10 of 19,0 of 0,0 of 0,5 of 12,5 of 7,0 of 0,15 of 21,10 of 12,0 of 0,14 of 21,9 of 10,2 of 2,0,19 of 39,19 of 39,1 of 2,0,0,1:02,2,52 of 83,66 of 98,0 of 0,0,0,1:12,0,12 of 20,17 of 26,1 of 9,0,0,3:49,0,12 of 23,20 of 31,0 of 0,0,0,0:00,0,25 of 50,26 of 51,1 of 6,0,0,1:20,0,58 of 95,62 of 99,0 of 0,0,0,0:00,0,24 of 31,39 of 49,0 of 5,0,0,1:41,1,27 of 49,43 of 69,0 of 0,0,0,1:24,19 of 39,0 of 0,0 of 0,18 of 37,1 of 2,0 of 0,26 of 53,14 of 16,12 of 14,41 of 65,5 of 8,6 of 10,12 of 20,0 of 0,0 of 0,4 of 12,5 of 5,3 of 3,10 of 19,1 of 3,1 of 1,5 of 12,7 of 11,0 of 0,24 of 49,1 of 1,0 of 0,21 of 44,4 of 6,0 of 0,42 of 76,8 of 11,8 of 8,54 of 89,4 of 6,0 of 0,24 of 31,0 of 0,0 of 0,16 of 20,5 of 8,3 of 3,18 of 40,6 of 6,3 of 3,21 of 41,6 of 8,0 of 0
"August 22, 2026",Serghei Spivac,Vitor Petrino,http://ufcstats.com/fight-details/a57ccf31c5f6f82b,L,Decision - Unanimous,3,5:00,0,7 of 29,7 of 29,0 of 0,0,0,0:00,0,23 of 41,23 of 41,0 of 0,0,0,0:00,7 of 29,0 of 0,0 of 0,7 of 29,0 of 0,0 of 0,3 of 16,8 of 12,12 of 13,23 of 41,0 of 0,0 of 0,0,3 of 5,12 of 14,0 of 1,0,1,0:22,0,19 of 24,70 of 90,1 of 2,0,0,4:09,0,13 of 33,14 of 34,0 of 1,0,0,0:00,0,22 of 34,33 of 46,3 of 4,0,0,1:58,,,,,,,,,,,,,,,,,,,,,,,,,,,,,3 of 5,0 of 0,0 of 0,1 of 3,0 of 0,2 of 2,15 of 19,3 of 4,1 of 1,1 of 2,2 of 3,16 of 19,12 of 31,1 of 2,0 of 0,13 of 33,0 of 0,0 of 0,12 of 23,2 of 3,8 of 8,19 of 31,2 of 2,1 of 1,,,,,,,,,,,,,,,,,,,,,,,,
"August 22, 2026",MarQuel Mederos,Mason Jones,http://ufcstats.com/fight-details/bf70d01518c80fba,W,KO/TKO,2,2:07,0,41 of 58,50 of 67,0 of 3,0,1,0:50,0,48 of 97,55 of 104,1 of 1,0,0,0:30,26 of 41,3 of 4,12 of 13,38 of 51,3 of 5,0 of 2,32 of 79,13 of 15,3 of 3,36 of 83,8 of 9,4 of 5,1,32 of 48,32 of 48,0 of 1,0,0,0:04,0,29 of 54,29 of 54,0 of 0,0,0,0:00,,,,,,,,,,,,,,,,,,,,,,,,,,,,,,,,,,,,,,,,,,,26 of 42,2 of 2,4 of 4,27 of 41,5 of 7,0 of 0,21 of 44,6 of 8,2 of 2,22 of 46,7 of 8,0 of 0,,,,,,,,,,,,,,,,,,,,,,,,,,,,,,,,,,,,
"August 22, 2026",Jamall Emmers,Lerryan Douglas,http://ufcstats.com/fight-details/2bbacf9ed3c64184,W,KO/TKO,1,3:38,1,17 of 29,17 of 29,0 of 0,0,0,0:02,0,14 of 27,14 of 27,0 of 0,0,0,0:00,10 of 20,2 of 3,5 of 6,14 of 25,1 of 1,2 of 3,6 of 17,1 of 2,7 of 8,14 of 25,0 of 2,0 of 0,,,,,,,,,,,,,,,,,,,,,,,,,,,,,,,,,,,,,,,,,,,,,,,,,,,,,,,,,,,,,,,,,,,,,,,,,,,,,,,,,,,,,,,,,,,,,,,,,,,,,,,,
"August 22, 2026",Kennedy Nzechukwu,Shamil Gaziev,http://ufcstats.com/fight-details/5d2c1c4dd444772f,L,KO/TKO,1,1:20,0,3 of 7,3 of 7,0 of 0,0,0,0:00,1,2 of 5,2 of 5,0 of 0,0,0,0:00,3 of 7,0 of 0,0 of 0,3 of 7,0 of 0,0 of 0,2 of 4,0 of 1,0 of 0,2 of 5,0 of 0,0 of 0,,,,,,,,,,,,,,,,,,,,,,,,,,,,,,,,,,,,,,,,,,,,,,,,,,,,,,,,,,,,,,,,,,,,,,,,,,,,,,,,,,,,,,,,,,,,,,,,,,,,,,,,
"August 22, 2026",Marcio Barbosa,Ryan Kuse,http://ufcstats.com/fight-details/7e86f774f19e5e59,W,KO/TKO,1,2:47,1,11 of 25,11 of 25,0 of 0,0,0,0:12,0,5 of 21,5 of 21,0 of 5,0,0,0:00,8 of 22,3 of 3,0 of 0,10 of 23,1 of 2,0 of 0,4 of 17,0 of 3,1 of 1,5 of 21,0 of 0,0 of 0,,,,,,,,,,,,,,,,,,,,,,,,,,,,,,,,,,,,,,,,,,,,,,,,,,,,,,,,,,,,,,,,,,,,,,,,,,,,,,,,,,,,,,,,,,,,,,,,,,,,,,,,
"August 22, 2026",Gauge Young,Stan Dorsainvil,http://ufcstats.com/fight-details/116dc88b63113f61,L,Decision - Unanimous,3,5:00,0,48 of 91,62 of 106,1 of 2,0,0,1:13,0,23 of 81,23 of 81,0 of 2,0,0,0:01,32 of 71,7 of 9,9 of 11,38 of 74,3 of 5,7 of 12,19 of 74,2 of 5,2 of 2,18 of 74,5 of 7,0 of 0,0,48 of 92,50 of 94,0 of 1,0,0,0:27,0,50 of 116,55 of 121,1 of 3,0,0,0:40,0,41 of 70,41 of 70,2 of 6,0,0,0:59,0,50 of 101,55 of 107,1 of 2,0,0,0:48,,,,,,,,,,,,,,,,,,,,,,,,,,,,,28 of 65,15 of 18,5 of 9,45 of 88,3 of 4,0 of 0,42 of 106,5 of 7,3 of 3,38 of 96,11 of 19,1 of 1,33 of 56,7 of 13,1 of 1,39 of 65,2 of 5,0 of 0,45 of 92,4 of 7,1 of 2,33 of 79,17 of 22,0 of 0,,,,,,,,,,,,,,,,,,,,,,,,
"August 22, 2026",Wes Schultz,Jackson McVey,http://ufcstats.com/fight-details/11e4a448ce1ae5e3,L,KO/TKO,1,4:13,0,24 of 43,28 of 48,1 of 1,1,0,1:05,1,38 of 78,40 of 80,0 of 0,0,0,0:14,11 of 27,12 of 15,1 of 1,20 of 37,4 of 6,0 of 0,32 of 69,6 of 9,0 of 0,34 of 72,1 of 3,3 of 3,,,,,,,,,,,,,,,,,,,,,,,,,,,,,,,,,,,,,,,,,,,,,,,,,,,,,,,,,,,,,,,,,,,,,,,,,,,,,,,,,,,,,,,,,,,,,,,,,,,,,,,,
"August 22, 2026",Shanelle Dyer,Elise Reed,http://ufcstats.com/fight-details/97fb716bc7b8751a,W,KO/TKO,3,1:42,0,37 of 63,38 of 64,0 of 0,0,0,0:38,0,19 of 40,28 of 50,0 of 0,0,0,0:06,19 of 40,8 of 9,10 of 14,32 of 57,5 of 6,0 of 0,3 of 19,10 of 11,6 of 10,17 of 37,2 of 3,0 of 0,0,66 of 98,67 of 99,1 of 1,0,0,0:46,0,20 of 43,21 of 44,0 of 0,0,0,0:09,0,33 of 56,34 of 57,0 of 0,0,0,0:00,0,10 of 21,10 of 21,0 of 0,0,0,0:03,,,,,,,,,,,,,,,,,,,,,,,,,,,,,39 of 71,19 of 19,8 of 8,50 of 81,16 of 17,0 of 0,7 of 22,6 of 10,7 of 11,17 of 39,3 of 4,0 of 0,26 of 47,2 of 4,5 of 5,32 of 53,1 of 3,0 of 0,3 of 8,5 of 10,2 of 3,10 of 21,0 of 0,0 of 0,,,,,,,,,,,,,,,,,,,,,,,,
"August 15, 2026",Jalin Turner,Kaue Fernandes,http://ufcstats.com/fight-details/d4bd456d70965734,W,KO/TKO,1,0:39,1,9 of 14,9 of 14,0 of 0,0,0,0:05,0,2 of 4,2 of 4,0 of 0,0,0,0:00,8 of 11,1 of 2,0 of 1,1 of 4,0 of 0,8 of 10,1 of 2,0 of 1,1 of 1,2 of 4,0 of 0,0 of 0,,,,,,,,,,,,,,,,,,,,,,,,,,,,,,,,,,,,,,,,,,,,,,,,,,,,,,,,,,,,,,,,,,,,,,,,,,,,,,,,,,,,,,,,,,,,,,,,,,,,,,,,
"August 15, 2026",Mansur Abdul-Malik,Dustin Stoltzfus,http://ufcstats.com/fight-details/53902dcb3e213b18,L,Submission,2,4:25,0,12 of 28,12 of 29,0 of 0,0,0,0:00,0,29 of 46,35 of 53,2 of 3,0,0,1:24,5 of 19,2 of 3,5 of 6,12 of 27,0 of 1,0 of 0,14 of 28,9 of 12,6 of 6,11 of 22,8 of 12,10 of 12,0,22 of 39,22 of 39,1 of 1,0,0,0:37,0,14 of 24,26 of 39,0 of 4,1,0,1:38,,,,,,,,,,,,,,,,,,,,,,,,,,,,,,,,,,,,,,,,,,,14 of 29,7 of 8,1 of 2,10 of 18,9 of 13,3 of 8,11 of 20,3 of 3,0 of 1,4 of 10,6 of 10,4 of 4,,,,,,,,,,,,,,,,,,,,,,,,,,,,,,,,,,,,
"August 15, 2026",Edson Barboza,Esteban Ribovics,http://ufcstats.com/fight-details/8e482cead0c7eb15,L,KO/TKO,2,1:32,0,24 of 49,24 of 49,0 of 0,0,0,0:00,0,41 of 89,47 of 95,0 of 0,0,0,0:13,8 of 29,10 of 14,6 of 6,23 of 48,1 of 1,0 of 0,26 of 72,4 of 5,11 of 12,37 of 82,4 of 6,0 of 1,0,6 of 15,6 of 15,0 of 0,0,0,0:00,0,22 of 37,23 of 38,0 of 0,0,0,0:06,,,,,,,,,,,,,,,,,,,,,,,,,,,,,,,,,,,,,,,,,,,5 of 13,1 of 2,0 of 0,6 of 15,0 of 0,0 of 0,15 of 29,6 of 6,1 of 2,12 of 25,10 of 12,0 of 0,,,,,,,,,,,,,,,,,,,,,,,,,,,,,,,,,,,,
"August 15, 2026",Chidi Njokuani,Joel Alvarez,http://ufcstats.com/fight-details/6e495deac1f57169,W,Decision - Unanimous,3,5:00,0,46 of 69,46 of 69,0 of 0,0,0,0:00,0,22 of 50,22 of 50,0 of 0,0,0,0:00,7 of 19,17 of 24,22 of 26,46 of 69,0 of 0,0 of 0,9 of 35,4 of 6,9 of 9,22 of 50,0 of 0,0 of 0,0,48 of 70,48 of 70,0 of 1,0,0,0:00,0,25 of 52,25 of 52,0 of 0,0,0,0:00,0,61 of 90,65 of 94,0 of 0,0,0,0:12,0,27 of 62,29 of 64,0 of 0,0,0,0:26,,,,,,,,,,,,,,,,,,,,,,,,,,,,,19 of 31,14 of 23,15 of 16,48 of 70,0 of 0,0 of 0,18 of 41,2 of 5,5 of 6,25 of 52,0 of 0,0 of 0,25 of 50,25 of 29,11 of 11,55 of 83,6 of 7,0 of 0,10 of 44,13 of 14,4 of 4,25 of 59,2 of 3,0 of 0,,,,,,,,,,,,,,,,,,,,,,,,
"August 15, 2026",Charles Johnson,Eduardo Chapolin,http://ufcstats.com/fight-details/e7c11d1b22d50ba0,W,Submission,3,1:36,0,16 of 39,17 of 40,0 of 3,0,0,0:00,0,22 of 51,22 of 51,1 of 1,0,0,0:36,6 of 22,3 of 9,7 of 8,16 of 39,0 of 0,0 of 0,8 of 28,6 of 10,8 of 13,18 of 46,2 of 3,2 of 2,0,30 of 66,31 of 67,0 of 2,0,0,0:00,1,25 of 59,29 of 65,0 of 2,0,0,0:31,0,20 of 37,22 of 39,0 of 0,1,0,0:13,0,8 of 21,8 of 21,0 of 1,0,0,0:05,,,,,,,,,,,,,,,,,,,,,,,,,,,,,20 of 53,7 of 9,3 of 4,29 of 64,1 of 2,0 of 0,11 of 40,5 of 8,9 of 11,23 of 55,0 of 0,2 of 4,14 of 31,4 of 4,2 of 2,18 of 33,0 of 0,2 of 4,3 of 16,2 of 2,3 of 3,8 of 21,0 of 0,0 of 0,,,,,,,,,,,,,,,,,,,,,,,,
"August 15, 2026",Donte Johnson,Eric McConico,http://ufcstats.com/fight-details/9c5da658c76da7c0,W,KO/TKO,1,1:38,1,11 of 31,11 of 31,0 of 0,0,0,0:00,0,6 of 15,6 of 15,0 of 1,0,0,0:03,9 of 29,1 of 1,1 of 1,9 of 28,0 of 1,2 of 2,4 of 13,1 of 1,1 of 1,5 of 14,1 of 1,0 of 0,,,,,,,,,,,,,,,,,,,,,,,,,,,,,,,,,,,,,,,,,,,,,,,,,,,,,,,,,,,,,,,,,,,,,,,,,,,,,,,,,,,,,,,,,,,,,,,,,,,,,,,,
"August 15, 2026",Rafael Tobias,Lucas Fernando,http://ufcstats.com/fight-details/360b13f97e7ca703,L,KO/TKO,3,1:10,0,7 of 25,8 of 27,1 of 1,0,0,0:50,0,27 of 47,27 of 47,0 of 0,0,0,0:00,4 of 21,3 of 3,0 of 1,5 of 22,1 of 1,1 of 2,12 of 30,11 of 12,4 of 5,26 of 46,1 of 1,0 of 0,0,6 of 23,6 of 23,0 of 0,0,0,0:05,1,28 of 45,28 of 45,0 of 0,0,0,0:07,0,0 of 8,0 of 8,0 of 0,0,0,0:00,1,14 of 23,14 of 23,0 of 0,0,0,0:02,,,,,,,,,,,,,,,,,,,,,,,,,,,,,1 of 18,2 of 2,3 of 3,6 of 22,0 of 1,0 of 0,16 of 32,5 of 6,7 of 7,28 of 45,0 of 0,0 of 0,0 of 8,0 of 0,0 of 0,0 of 8,0 of 0,0 of 0,9 of 18,2 of 2,3 of 3,12 of 20,0 of 0,2 of 3,,,,,,,,,,,,,,,,,,,,,,,,
"August 08, 2026",Mateusz Gamrot,Quillan Salkilld,http://ufcstats.com/fight-details/a10deecfb8558335,L,Submission,1,4:25,0,3 of 10,3 of 10,0 of 1,2,0,0:20,0,10 of 24,20 of 35,1 of 1,1,0,2:02,3 of 10,0 of 0,0 of 0,3 of 10,0 of 0,0 of 0,8 of 19,1 of 4,1 of 1,6 of 18,3 of 4,1 of 2,,,,,,,,,,,,,,,,,,,,,,,,,,,,,,,,,,,,,,,,,,,,,,,,,,,,,,,,,,,,,,,,,,,,,,,,,,,,,,,,,,,,,,,,,,,,,,,,,,,,,,,,
"August 08, 2026",Diego Ferreira,Billy Quarantillo,http://ufcstats.com/fight-details/d5245f5b96b8afdf,W,Decision - Unanimous,3,5:00,0,31 of 65,39 of 75,1 of 1,0,0,1:49,0,12 of 45,19 of 52,0 of 1,0,0,0:06,24 of 55,6 of 9,1 of 1,23 of 56,3 of 3,5 of 6,8 of 33,2 of 8,2 of 4,9 of 40,3 of 3,0 of 2,0,46 of 97,46 of 97,2 of 3,0,0,0:27,0,32 of 91,38 of 97,0 of 0,0,0,0:12,0,39 of 74,39 of 74,1 of 5,0,0,0:31,0,29 of 72,56 of 100,1 of 2,0,0,1:30,,,,,,,,,,,,,,,,,,,,,,,,,,,,,36 of 84,10 of 13,0 of 0,44 of 95,2 of 2,0 of 0,20 of 71,7 of 14,5 of 6,32 of 90,0 of 1,0 of 0,34 of 68,4 of 5,1 of 1,34 of 67,3 of 4,2 of 3,22 of 63,7 of 9,0 of 0,27 of 69,0 of 1,2 of 2,,,,,,,,,,,,,,,,,,,,,,,,
"August 08, 2026",Darren Elkins,Yadier del Valle,http://ufcstats.com/fight-details/06bfde3e3577906f,L,KO/TKO,1,0:35,0,0 of 2,0 of 2,0 of 1,0,0,0:00,1,5 of 6,5 of 6,0 of 0,0,0,0:09,0 of 2,0 of 0,0 of 0,0 of 2,0 of 0,0 of 0,4 of 5,0 of 0,1 of 1,2 of 3,1 of 1,2 of 2,,,,,,,,,,,,,,,,,,,,,,,,,,,,,,,,,,,,,,,,,,,,,,,,,,,,,,,,,,,,,,,,,,,,,,,,,,,,,,,,,,,,,,,,,,,,,,,,,,,,,,,,
"August 08, 2026",Amanda Lemos,Alexia Thainara,http://ufcstats.com/fight-details/13f31f7a784013a3,L,Decision - Unanimous,3,5:00,0,17 of 36,23 of 42,0 of 1,0,0,0:11,0,27 of 38,69 of 80,0 of 3,0,0,2:37,2 of 15,12 of 18,3 of 3,14 of 33,3 of 3,0 of 0,3 of 10,16 of 19,8 of 9,13 of 23,14 of 15,0 of 0,0,20 of 34,25 of 42,0 of 1,0,0,0:00,0,24 of 44,49 of 70,1 of 2,0,0,2:22,0,19 of 30,20 of 31,0 of 0,0,0,0:11,0,30 of 43,81 of 96,1 of 1,0,0,2:44,,,,,,,,,,,,,,,,,,,,,,,,,,,,,12 of 23,2 of 5,6 of 6,20 of 34,0 of 0,0 of 0,13 of 29,3 of 5,8 of 10,16 of 34,7 of 9,1 of 1,15 of 25,3 of 4,1 of 1,18 of 29,1 of 1,0 of 0,19 of 32,3 of 3,8 of 8,23 of 34,3 of 5,4 of 4,,,,,,,,,,,,,,,,,,,,,,,,
"August 08, 2026",Billy Ray Goff,Ty Miller,http://ufcstats.com/fight-details/f44ab9e9e4a89735,L,KO/TKO,3,0:15,0,16 of 31,25 of 40,0 of 8,0,0,2:46,0,22 of 48,43 of 69,0 of 0,0,0,0:00,6 of 19,8 of 9,2 of 3,9 of 23,7 of 8,0 of 0,20 of 45,2 of 3,0 of 0,17 of 41,5 of 7,0 of 0,0,8 of 25,9 of 26,0 of 0,0,0,0:00,1,107 of 168,116 of 177,0 of 0,0,0,0:59,0,1 of 1,1 of 1,0 of 0,0,0,0:00,1,4 of 5,4 of 5,0 of 0,0,0,0:01,,,,,,,,,,,,,,,,,,,,,,,,,,,,,2 of 17,3 of 4,3 of 4,8 of 25,0 of 0,0 of 0,97 of 154,9 of 13,1 of 1,71 of 120,9 of 12,27 of 36,0 of 0,0 of 0,1 of 1,1 of 1,0 of 0,0 of 0,4 of 5,0 of 0,0 of 0,4 of 5,0 of 0,0 of 0,,,,,,,,,,,,,,,,,,,,,,,,
"August 08, 2026",Steven Asplund,Guilherme Pat,http://ufcstats.com/fight-details/3050549d19395f6f,W,Decision - Unanimous,3,5:00,1,38 of 49,65 of 79,0 of 0,0,0,2:20,0,13 of 17,26 of 30,0 of 0,0,0,0:59,33 of 44,2 of 2,3 of 3,14 of 22,4 of 5,20 of 22,4 of 8,5 of 5,4 of 4,10 of 14,3 of 3,0 of 0,1,12 of 32,27 of 47,0 of 0,0,0,1:16,1,18 of 30,24 of 36,0 of 0,0,0,0:53,0,16 of 28,42 of 54,0 of 1,1,0,1:08,0,14 of 29,22 of 37,0 of 0,0,0,0:58,,,,,,,,,,,,,,,,,,,,,,,,,,,,,6 of 25,4 of 5,2 of 2,6 of 25,6 of 7,0 of 0,12 of 24,4 of 4,2 of 2,15 of 26,3 of 3,0 of 1,12 of 23,3 of 4,1 of 1,7 of 16,9 of 12,0 of 0,9 of 23,4 of 5,1 of 1,11 of 26,3 of 3,0 of 0,,,,,,,,,,,,,,,,,,,,,,,,
"August 08, 2026",Diyar Nurgozhay,Bruno Lopes,http://ufcstats.com/fight-details/13380a8d6cdbb381,W,KO/TKO,1,4:59,2,48 of 70,48 of 70,0 of 0,0,0,0:08,0,14 of 25,14 of 25,1 of 1,0,0,0:03,17 of 30,14 of 16,17 of 24,34 of 56,2 of 2,12 of 12,2 of 11,4 of 6,8 of 8,14 of 25,0 of 0,0 of 0,,,,,,,,,,,,,,,,,,,,,,,,,,,,,,,,,,,,,,,,,,,,,,,,,,,,,,,,,,,,,,,,,,,,,,,,,,,,,,,,,,,,,,,,,,,,,,,,,,,,,,,,
"August 08, 2026",Manoel Sousa,Richie Miranda,http://ufcstats.com/fight-details/81ae2a465e0dfa4f,W,Decision - Unanimous,3,5:00,0,7 of 16,14 of 23,0 of 0,0,0,1:04,0,17 of 30,65 of 91,1 of 1,0,0,2:27,4 of 11,1 of 2,2 of 3,4 of 12,3 of 4,0 of 0,15 of 27,2 of 3,0 of 0,3 of 11,3 of 5,11 of 14,1,36 of 50,41 of 55,1 of 1,0,0,0:57,0,12 of 35,27 of 50,0 of 4,0,0,0:31,0,24 of 53,34 of 63,0 of 0,0,0,0:48,0,17 of 54,34 of 72,0 of 4,0,0,0:53,,,,,,,,,,,,,,,,,,,,,,,,,,,,,24 of 36,2 of 2,10 of 12,26 of 40,5 of 5,5 of 5,10 of 31,1 of 3,1 of 1,11 of 32,1 of 3,0 of 0,15 of 39,2 of 3,7 of 11,19 of 46,5 of 7,0 of 0,16 of 50,1 of 3,0 of 1,14 of 48,3 of 6,0 of 0,,,,,,,,,,,,,,,,,,,,,,,,
"August 08, 2026",Miles Johns,Gianni Vazquez,http://ufcstats.com/fight-details/1168a8e59aacfd72,W,KO/TKO,1,3:09,1,12 of 28,12 of 28,0 of 0,0,0,0:04,0,7 of 25,7 of 25,0 of 0,0,0,0:00,11 of 25,0 of 1,1 of 2,8 of 24,0 of 0,4 of 4,4 of 21,1 of 2,2 of 2,7 of 25,0 of 0,0 of 0,,,,,,,,,,,,,,,,,,,,,,,,,,,,,,,,,,,,,,,,,,,,,,,,,,,,,,,,,,,,,,,,,,,,,,,,,,,,,,,,,,,,,,,,,,,,,,,,,,,,,,,,
"August 08, 2026",Gigi Canuto,Carol Foro,http://ufcstats.com/fight-details/ded584e13276cbcb,L,Decision - Unanimous,3,5:00,0,24 of 50,24 of 50,0 of 1,0,0,0:00,0,43 of 73,43 of 73,0 of 0,0,0,0:00,15 of 34,2 of 8,7 of 8,23 of 49,1 of 1,0 of 0,21 of 44,12 of 17,10 of 12,43 of 73,0 of 0,0 of 0,0,2 of 6,48 of 58,1 of 1,0,0,4:37,0,0 of 2,0 of 2,0 of 0,0,0,0:00,0,30 of 51,30 of 51,3 of 5,1,0,1:33,0,63 of 98,82 of 117,0 of 0,0,1,0:50,,,,,,,,,,,,,,,,,,,,,,,,,,,,,1 of 5,1 of 1,0 of 0,0 of 4,0 of 0,2 of 2,0 of 1,0 of 1,0 of 0,0 of 2,0 of 0,0 of 0,25 of 42,3 of 7,2 of 2,29 of 49,1 of 2,0 of 0,43 of 75,18 of 20,2 of 3,48 of 73,8 of 12,7 of 13,,,,,,,,,,,,,,,,,,,,,,,,
"August 01, 2026",Uros Medic,Daniel Rodriguez,http://ufcstats.com/fight-details/68ae50dbf98dc15f,W,KO/TKO,1,0:30,1,11 of 14,11 of 14,0 of 0,0,0,0:04,0,1 of 3,1 of 3,0 of 0,0,0,0:00,9 of 11,1 of 2,1 of 1,5 of 6,0 of 0,6 of 8,0 of 2,0 of 0,1 of 1,1 of 3,0 of 0,0 of 0,,,,,,,,,,,,,,,,,,,,,,,,,,,,,,,,,,,,,,,,,,,,,,,,,,,,,,,,,,,,,,,,,,,,,,,,,,,,,,,,,,,,,,,,,,,,,,,,,,,,,,,,
"August 01, 2026",Jan Blachowicz,Navajo Stirling,http://ufcstats.com/fight-details/0c3c835e681972d3,L,KO/TKO,1,2:56,0,3 of 7,6 of 11,0 of 0,0,0,0:04,0,35 of 46,36 of 47,0 of 1,0,0,1:04,1 of 5,2 of 2,0 of 0,3 of 5,0 of 2,0 of 0,22 of 30,3 of 5,10 of 11,15 of 22,0 of 0,20 of 24,,,,,,,,,,,,,,,,,,,,,,,,,,,,,,,,,,,,,,,,,,,,,,,,,,,,,,,,,,,,,,,,,,,,,,,,,,,,,,,,,,,,,,,,,,,,,,,,,,,,,,,,
"August 01, 2026",Dusko Todorovic,Robert Valentin,http://ufcstats.com/fight-details/f425b7a527dd53aa,L,Submission,1,4:14,0,1 of 1,1 of 1,2 of 3,0,0,1:00,0,1 of 3,13 of 15,1 of 1,2,1,2:37,0 of 0,0 of 0,1 of 1,1 of 1,0 of 0,0 of 0,0 of 1,1 of 2,0 of 0,1 of 3,0 of 0,0 of 0,,,,,,,,,,,,,,,,,,,,,,,,,,,,,,,,,,,,,,,,,,,,,,,,,,,,,,,,,,,,,,,,,,,,,,,,,,,,,,,,,,,,,,,,,,,,,,,,,,,,,,,,
"August 01, 2026",Oban Elliott,Michael Oliveira,http://ufcstats.com/fight-details/f1bce0c9a3fa4bcb,L,KO/TKO,1,1:49,0,6 of 11,6 of 11,0 of 1,0,0,0:00,2,14 of 25,18 of 29,0 of 0,0,0,0:15,4 of 8,1 of 2,1 of 1,6 of 11,0 of 0,0 of 0,13 of 23,1 of 2,0 of 0,4 of 11,0 of 0,10 of 14,,,,,,,,,,,,,,,,,,,,,,,,,,,,,,,,,,,,,,,,,,,,,,,,,,,,,,,,,,,,,,,,,,,,,,,,,,,,,,,,,,,,,,,,,,,,,,,,,,,,,,,,
"August 01, 2026",Dennis Buzukja,Bogdan Grad,http://ufcstats.com/fight-details/13aa6688d0538095,L,Submission,2,4:33,0,22 of 39,27 of 44,0 of 0,0,0,0:00,0,27 of 40,45 of 60,3 of 6,1,0,2:44,17 of 33,3 of 3,2 of 3,21 of 38,1 of 1,0 of 0,22 of 33,2 of 4,3 of 3,11 of 21,2 of 3,14 of 16,0,24 of 50,41 of 67,0 of 0,0,0,0:00,0,17 of 34,22 of 40,1 of 6,1,0,1:40,,,,,,,,,,,,,,,,,,,,,,,,,,,,,,,,,,,,,,,,,,,18 of 42,6 of 8,0 of 0,23 of 49,1 of 1,0 of 0,10 of 26,5 of 6,2 of 2,13 of 30,4 of 4,0 of 0,,,,,,,,,,,,,,,,,,,,,,,,,,,,,,,,,,,,
"August 01, 2026",Mateusz Rebecki,Kyle Prepolec,http://ufcstats.com/fight-details/5425c577ed4f50b3,W,KO/TKO,1,4:41,0,75 of 98,132 of 174,1 of 1,0,0,4:04,0,2 of 13,11 of 23,0 of 0,0,0,0:00,71 of 93,4 of 5,0 of 0,7 of 14,0 of 0,68 of 84,1 of 11,1 of 2,0 of 0,1 of 12,0 of 0,1 of 1,,,,,,,,,,,,,,,,,,,,,,,,,,,,,,,,,,,,,,,,,,,,,,,,,,,,,,,,,,,,,,,,,,,,,,,,,,,,,,,,,,,,,,,,,,,,,,,,,,,,,,,,
"August 01, 2026",Nina Milosevic,Hailey Cowan,http://ufcstats.com/fight-details/f78f34ef2ee7b02c,W,KO/TKO,1,3:41,1,21 of 39,21 of 39,0 of 0,0,0,0:00,0,13 of 48,13 of 48,0 of 2,0,0,0:00,14 of 29,7 of 10,0 of 0,16 of 30,5 of 9,0 of 0,7 of 36,5 of 11,1 of 1,12 of 45,1 of 3,0 of 0,,,,,,,,,,,,,,,,,,,,,,,,,,,,,,,,,,,,,,,,,,,,,,,,,,,,,,,,,,,,,,,,,,,,,,,,,,,,,,,,,,,,,,,,,,,,,,,,,,,,,,,,
"August 01, 2026",Jovan Leka,Alexander Poppeck,http://ufcstats.com/fight-details/94cef172179c9778,W,KO/TKO,1,2:22,1,10 of 16,10 of 16,0 of 0,0,0,0:02,0,8 of 18,8 of 18,0 of 0,0,0,0:00,8 of 13,1 of 1,1 of 2,6 of 10,2 of 2,2 of 4,2 of 12,1 of 1,5 of 5,8 of 18,0 of 0,0 of 0,,,,,,,,,,,,,,,,,,,,,,,,,,,,,,,,,,,,,,,,,,,,,,,,,,,,,,,,,,,,,,,,,,,,,,,,,,,,,,,,,,,,,,,,,,,,,,,,,,,,,,,,
"August 01, 2026",Marina Spasic,Stephanie Luciano,http://ufcstats.com/fight-details/878a7e6fec3e4573,L,Submission,1,3:20,0,25 of 53,25 of 53,0 of 0,0,0,0:00,0,20 of 47,22 of 49,1 of 2,1,0,0:26,18 of 46,1 of 1,6 of 6,25 of 53,0 of 0,0 of 0,14 of 38,0 of 1,6 of 8,20 of 46,0 of 1,0 of 0,,,,,,,,,,,,,,,,,,,,,,,,,,,,,,,,,,,,,,,,,,,,,,,,,,,,,,,,,,,,,,,,,,,,,,,,,,,,,,,,,,,,,,,,,,,,,,,,,,,,,,,,
"July 25, 2026",Rizvan Kuniev,Tyrell Fortune,http://ufcstats.com/fight-details/5ffb251c6ea48b65,W,KO/TKO,3,1:12,0,24 of 49,25 of 50,0 of 0,0,0,0:28,0,10 of 23,13 of 26,0 of 0,0,0,0:00,14 of 36,10 of 13,0 of 0,14 of 34,10 of 15,0 of 0,6 of 18,0 of 0,4 of 5,8 of 20,2 of 3,0 of 0,0,34 of 58,34 of 58,0 of 0,0,0,1:50,0,8 of 16,14 of 22,0 of 2,0,0,0:00,1,8 of 13,9 of 14,0 of 0,0,0,0:03,0,2 of 4,2 of 4,0 of 0,0,0,0:00,,,,,,,,,,,,,,,,,,,,,,,,,,,,,25 of 47,9 of 11,0 of 0,18 of 33,16 of 25,0 of 0,5 of 12,3 of 4,0 of 0,1 of 7,7 of 9,0 of 0,7 of 11,1 of 2,0 of 0,3 of 8,4 of 4,1 of 1,1 of 3,1 of 1,0 of 0,1 of 3,1 of 1,0 of 0,,,,,,,,,,,,,,,,,,,,,,,,
"July 25, 2026",Valter Walker,Thomas Petersen,http://ufcstats.com/fight-details/d7070ab1b2144f8d,W,Submission,1,1:32,0,1 of 1,3 of 3,0 of 0,2,0,0:09,0,0 of 1,6 of 7,0 of 1,0,0,0:37,0 of 0,1 of 1,0 of 0,1 of 1,0 of 0,0 of 0,0 of 1,0 of 0,0 of 0,0 of 1,0 of 0,0 of 0,,,,,,,,,,,,,,,,,,,,,,,,,,,,,,,,,,,,,,,,,,,,,,,,,,,,,,,,,,,,,,,,,,,,,,,,,,,,,,,,,,,,,,,,,,,,,,,,,,,,,,,,
"July 25, 2026",Dustin Jacoby,Muhammad Saidov,http://ufcstats.com/fight-details/05bc7a042156b6f6,L,KO/TKO,2,4:49,0,17 of 44,17 of 44,0 of 0,0,0,0:00,0,16 of 50,16 of 50,0 of 0,0,0,0:00,3 of 18,0 of 4,14 of 22,17 of 44,0 of 0,0 of 0,7 of 33,5 of 11,4 of 6,16 of 50,0 of 0,0 of 0,0,17 of 49,17 of 49,0 of 0,0,0,0:00,2,44 of 83,44 of 83,0 of 0,0,0,0:02,,,,,,,,,,,,,,,,,,,,,,,,,,,,,,,,,,,,,,,,,,,5 of 27,3 of 7,9 of 15,17 of 49,0 of 0,0 of 0,34 of 72,4 of 5,6 of 6,36 of 71,4 of 7,4 of 5,,,,,,,,,,,,,,,,,,,,,,,,,,,,,,,,,,,,
"July 25, 2026",Ismael Bonfim,Axel Sola,http://ufcstats.com/fight-details/a122306d0ce5fbfb,L,Submission,1,4:44,0,1 of 3,1 of 3,1 of 3,0,0,2:03,1,33 of 44,77 of 96,0 of 0,1,0,2:03,0 of 1,0 of 0,1 of 2,1 of 3,0 of 0,0 of 0,31 of 42,2 of 2,0 of 0,2 of 4,25 of 25,6 of 15,,,,,,,,,,,,,,,,,,,,,,,,,,,,,,,,,,,,,,,,,,,,,,,,,,,,,,,,,,,,,,,,,,,,,,,,,,,,,,,,,,,,,,,,,,,,,,,,,,,,,,,,
"July 25, 2026",Magomed Tuchalov,Brendson Ribeiro,http://ufcstats.com/fight-details/3ac870d6e7d323b7,W,Decision - Unanimous,3,5:00,0,9 of 23,9 of 23,0 of 1,0,0,0:00,0,18 of 51,18 of 51,0 of 0,0,0,0:00,2 of 12,0 of 2,7 of 9,9 of 23,0 of 0,0 of 0,9 of 32,1 of 3,8 of 16,17 of 49,0 of 0,1 of 2,0,22 of 45,24 of 47,2 of 7,0,0,0:44,0,13 of 50,14 of 51,0 of 0,0,0,0:00,0,4 of 12,24 of 40,6 of 6,1,0,3:36,0,8 of 17,17 of 28,0 of 1,0,0,0:08,,,,,,,,,,,,,,,,,,,,,,,,,,,,,8 of 24,4 of 11,10 of 10,21 of 42,0 of 0,1 of 3,3 of 28,3 of 7,7 of 15,13 of 50,0 of 0,0 of 0,2 of 10,1 of 1,1 of 1,4 of 12,0 of 0,0 of 0,6 of 13,0 of 1,2 of 3,7 of 16,0 of 0,1 of 1,,,,,,,,,,,,,,,,,,,,,,,,
"July 25, 2026",Nurullo Aliev,Mike Davis,http://ufcstats.com/fight-details/3859314324918eeb,W,Decision - Unanimous,3,5:00,0,2 of 4,18 of 21,4 of 5,0,1,4:29,0,5 of 5,16 of 17,0 of 0,1,0,0:18,2 of 4,0 of 0,0 of 0,0 of 0,0 of 1,2 of 3,4 of 4,1 of 1,0 of 0,0 of 0,1 of 1,4 of 4,0,10 of 25,38 of 55,2 of 3,0,0,4:09,0,10 of 18,17 of 25,0 of 0,1,0,0:00,0,1 of 5,25 of 30,2 of 5,1,0,3:47,0,7 of 14,22 of 29,0 of 0,0,0,0:18,,,,,,,,,,,,,,,,,,,,,,,,,,,,,10 of 24,0 of 1,0 of 0,4 of 13,0 of 2,6 of 10,2 of 10,8 of 8,0 of 0,5 of 13,0 of 0,5 of 5,0 of 2,1 of 3,0 of 0,0 of 4,1 of 1,0 of 0,3 of 9,2 of 3,2 of 2,4 of 10,1 of 2,2 of 2,,,,,,,,,,,,,,,,,,,,,,,,
"July 18, 2026",Chase Hooper,Mitch Ramirez,http://ufcstats.com/fight-details/f2abca7379982d4f,W,Submission,1,2:15,0,3 of 7,4 of 8,1 of 2,1,0,1:27,0,1 of 1,3 of 3,0 of 0,0,0,0:00,2 of 6,0 of 0,1 of 1,3 of 7,0 of 0,0 of 0,0 of 0,0 of 0,1 of 1,1 of 1,0 of 0,0 of 0,,,,,,,,,,,,,,,,,,,,,,,,,,,,,,,,,,,,,,,,,,,,,,,,,,,,,,,,,,,,,,,,,,,,,,,,,,,,,,,,,,,,,,,,,,,,,,,,,,,,,,,,
"July 18, 2026",Tommy McMillen,Alberto Montes,http://ufcstats.com/fight-details/c64c6ba6eb1e1d06,W,KO/TKO,3,3:29,0,74 of 170,74 of 170,0 of 0,0,0,0:31,0,23 of 56,23 of 56,0 of 0,0,0,0:00,56 of 144,10 of 15,8 of 11,71 of 166,0 of 0,3 of 4,21 of 51,1 of 4,1 of 1,23 of 56,0 of 0,0 of 0,0,97 of 197,97 of 198,0 of 0,0,0,0:00,0,26 of 64,26 of 64,0 of 0,0,0,0:00,2,81 of 146,84 of 149,0 of 0,0,0,0:26,0,7 of 27,7 of 27,0 of 0,0,0,0:00,,,,,,,,,,,,,,,,,,,,,,,,,,,,,68 of 160,26 of 33,3 of 4,89 of 181,8 of 16,0 of 0,21 of 58,3 of 4,2 of 2,26 of 64,0 of 0,0 of 0,61 of 125,16 of 17,4 of 4,74 of 137,3 of 3,4 of 6,6 of 25,0 of 0,1 of 2,7 of 27,0 of 0,0 of 0,,,,,,,,,,,,,,,,,,,,,,,,
"July 18, 2026",Austin Bashi,Jose Delgado,http://ufcstats.com/fight-details/3bd159c1bed14700,L,Decision - Unanimous,3,5:00,0,10 of 28,11 of 29,1 of 6,0,0,0:40,1,12 of 29,38 of 60,0 of 0,0,0,1:24,7 of 25,3 of 3,0 of 0,9 of 26,1 of 2,0 of 0,6 of 23,4 of 4,2 of 2,9 of 25,2 of 3,1 of 1,0,7 of 27,13 of 33,2 of 5,0,0,1:10,0,13 of 28,15 of 30,0 of 0,0,0,0:11,0,15 of 32,30 of 49,0 of 3,1,1,1:20,0,10 of 28,17 of 36,1 of 3,0,0,0:19,,,,,,,,,,,,,,,,,,,,,,,,,,,,,4 of 22,1 of 2,2 of 3,5 of 25,2 of 2,0 of 0,9 of 22,3 of 5,1 of 1,12 of 27,1 of 1,0 of 0,12 of 27,3 of 5,0 of 0,12 of 27,1 of 3,2 of 2,7 of 25,2 of 2,1 of 1,8 of 26,2 of 2,0 of 0,,,,,,,,,,,,,,,,,,,,,,,,
"July 18, 2026",Jean-Paul Lebosnoyani,Seokhyeon Ko,http://ufcstats.com/fight-details/f2eb569176e46edf,W,Decision - Unanimous,3,5:00,0,15 of 51,18 of 54,1 of 1,1,0,0:30,0,25 of 61,27 of 63,0 of 2,0,0,0:14,9 of 40,2 of 7,4 of 4,14 of 48,1 of 3,0 of 0,18 of 53,3 of 4,4 of 4,24 of 60,1 of 1,0 of 0,0,15 of 34,27 of 47,1 of 1,1,0,1:12,0,17 of 49,28 of 63,0 of 1,0,1,1:33,0,22 of 67,22 of 67,1 of 2,0,0,0:27,0,24 of 58,25 of 60,0 of 1,0,0,0:00,,,,,,,,,,,,,,,,,,,,,,,,,,,,,10 of 28,3 of 4,2 of 2,11 of 29,4 of 5,0 of 0,14 of 45,3 of 4,0 of 0,13 of 45,1 of 1,3 of 3,16 of 57,5 of 8,1 of 2,16 of 55,6 of 12,0 of 0,23 of 55,1 of 3,0 of 0,24 of 58,0 of 0,0 of 0,,,,,,,,,,,,,,,,,,,,,,,,
"July 18, 2026",Levi Rodrigues Jr.,Felipe Franco,http://ufcstats.com/fight-details/46d800ce45fdd3e6,L,KO/TKO,2,1:40,0,11 of 28,26 of 48,0 of 0,0,0,0:00,0,16 of 25,25 of 37,2 of 4,0,0,2:27,7 of 23,0 of 0,4 of 5,11 of 28,0 of 0,0 of 0,15 of 24,1 of 1,0 of 0,9 of 16,0 of 0,7 of 9,0,0 of 4,0 of 4,0 of 0,0,0,0:00,0,23 of 31,27 of 35,1 of 2,0,0,1:24,,,,,,,,,,,,,,,,,,,,,,,,,,,,,,,,,,,,,,,,,,,0 of 4,0 of 0,0 of 0,0 of 4,0 of 0,0 of 0,23 of 31,0 of 0,0 of 0,3 of 4,0 of 0,20 of 27,,,,,,,,,,,,,,,,,,,,,,,,,,,,,,,,,,,,
"July 18, 2026",Anna Melisano,Dione Barbosa,http://ufcstats.com/fight-details/307ea95ad7ebe466,L,Submission,1,4:04,0,2 of 6,6 of 10,0 of 0,0,0,0:00,0,5 of 7,22 of 29,1 of 2,2,0,3:31,1 of 4,0 of 1,1 of 1,2 of 6,0 of 0,0 of 0,2 of 4,3 of 3,0 of 0,1 of 2,2 of 2,2 of 3,,,,,,,,,,,,,,,,,,,,,,,,,,,,,,,,,,,,,,,,,,,,,,,,,,,,,,,,,,,,,,,,,,,,,,,,,,,,,,,,,,,,,,,,,,,,,,,,,,,,,,,,
"July 11, 2026",Brandon Royval,Lone'er Kavanagh,http://ufcstats.com/fight-details/a3ab1979192b647c,W,Submission,3,3:40,0,32 of 59,49 of 76,1 of 2,0,0,1:15,0,19 of 34,19 of 34,1 of 1,0,0,0:16,27 of 54,3 of 3,2 of 2,20 of 45,4 of 4,8 of 10,7 of 18,6 of 7,6 of 9,17 of 30,1 of 1,1 of 3,0,31 of 66,58 of 95,1 of 3,0,0,0:34,1,34 of 55,39 of 60,0 of 1,0,0,1:53,0,21 of 27,39 of 47,1 of 1,2,0,3:04,0,3 of 5,5 of 7,0 of 0,1,0,0:00,,,,,,,,,,,,,,,,,,,,,,,,,,,,,30 of 65,1 of 1,0 of 0,25 of 56,3 of 5,3 of 5,22 of 41,11 of 12,1 of 2,14 of 26,9 of 12,11 of 17,21 of 27,0 of 0,0 of 0,10 of 16,4 of 4,7 of 7,2 of 4,0 of 0,1 of 1,3 of 5,0 of 0,0 of 0,,,,,,,,,,,,,,,,,,,,,,,,
"July 11, 2026",King Green,Terrance McKinney,http://ufcstats.com/fight-details/a26ea74f2e908842,W,KO/TKO,1,4:59,1,43 of 72,57 of 86,0 of 0,0,0,0:03,0,45 of 80,59 of 96,1 of 1,0,0,2:12,18 of 43,20 of 24,5 of 5,35 of 59,0 of 2,8 of 11,40 of 75,5 of 5,0 of 0,25 of 58,2 of 3,18 of 19,,,,,,,,,,,,,,,,,,,,,,,,,,,,,,,,,,,,,,,,,,,,,,,,,,,,,,,,,,,,,,,,,,,,,,,,,,,,,,,,,,,,,,,,,,,,,,,,,,,,,,,,
"July 11, 2026",Cody Garbrandt,Adrian Yanez,http://ufcstats.com/fight-details/e9f389ba3a1e33c4,L,KO/TKO,1,2:47,0,13 of 32,13 of 32,0 of 1,0,0,0:00,1,16 of 30,16 of 30,0 of 0,0,0,0:00,10 of 29,2 of 2,1 of 1,12 of 29,1 of 3,0 of 0,13 of 27,2 of 2,1 of 1,12 of 25,4 of 5,0 of 0,,,,,,,,,,,,,,,,,,,,,,,,,,,,,,,,,,,,,,,,,,,,,,,,,,,,,,,,,,,,,,,,,,,,,,,,,,,,,,,,,,,,,,,,,,,,,,,,,,,,,,,,
"July 11, 2026",Tracy Cortez,Wang Cong,http://ufcstats.com/fight-details/e84c3f1f9a33fa90,L,Decision - Unanimous,3,5:00,0,21 of 44,21 of 44,1 of 4,0,0,0:13,0,41 of 63,49 of 71,0 of 0,0,0,0:37,14 of 35,4 of 6,3 of 3,18 of 40,3 of 4,0 of 0,21 of 38,4 of 5,16 of 20,37 of 57,4 of 6,0 of 0,0,27 of 56,29 of 58,0 of 2,0,0,0:00,0,52 of 85,55 of 88,0 of 0,0,0,0:29,0,24 of 56,24 of 56,0 of 3,0,0,0:18,0,44 of 67,49 of 72,0 of 0,0,0,0:16,,,,,,,,,,,,,,,,,,,,,,,,,,,,,17 of 44,5 of 7,5 of 5,26 of 55,1 of 1,0 of 0,33 of 61,10 of 12,9 of 12,47 of 77,1 of 1,4 of 7,17 of 48,3 of 4,4 of 4,22 of 54,2 of 2,0 of 0,23 of 41,14 of 16,7 of 10,42 of 65,1 of 1,1 of 1,,,,,,,,,,,,,,,,,,,,,,,,
"July 11, 2026",Damian Pinas,Cesar Almeida,http://ufcstats.com/fight-details/b223b10ef19f912c,W,KO/TKO,1,4:44,1,25 of 33,28 of 37,0 of 1,0,0,0:03,0,37 of 50,39 of 52,1 of 1,0,0,0:33,12 of 20,5 of 5,8 of 8,24 of 32,0 of 0,1 of 1,8 of 16,15 of 20,14 of 14,37 of 50,0 of 0,0 of 0,,,,,,,,,,,,,,,,,,,,,,,,,,,,,,,,,,,,,,,,,,,,,,,,,,,,,,,,,,,,,,,,,,,,,,,,,,,,,,,,,,,,,,,,,,,,,,,,,,,,,,,,
"July 11, 2026",Farid Basharat,John Garza,http://ufcstats.com/fight-details/9e00ee7644774e18,W,Decision - Unanimous,3,5:00,0,23 of 35,24 of 36,2 of 4,0,0,1:36,0,15 of 47,20 of 52,0 of 0,0,1,0:07,16 of 26,2 of 3,5 of 6,21 of 32,1 of 2,1 of 1,8 of 37,7 of 8,0 of 2,14 of 45,1 of 2,0 of 0,0,26 of 36,28 of 38,2 of 10,0,0,1:06,0,33 of 76,37 of 80,0 of 0,0,0,0:05,0,37 of 63,43 of 71,1 of 8,0,0,1:20,0,34 of 64,35 of 65,0 of 0,0,0,0:01,,,,,,,,,,,,,,,,,,,,,,,,,,,,,21 of 30,2 of 3,3 of 3,23 of 33,1 of 1,2 of 2,21 of 61,12 of 14,0 of 1,21 of 60,12 of 16,0 of 0,28 of 53,2 of 3,7 of 7,24 of 42,3 of 4,10 of 17,26 of 53,8 of 11,0 of 0,31 of 60,3 of 3,0 of 1,,,,,,,,,,,,,,,,,,,,,,,,
"July 11, 2026",Ryan Gandra,Zach Reese,http://ufcstats.com/fight-details/1162a74e3604c488,W,KO/TKO,1,1:15,1,10 of 20,10 of 20,0 of 0,0,0,0:05,0,5 of 10,5 of 10,0 of 0,0,0,0:00,8 of 16,2 of 4,0 of 0,5 of 13,0 of 0,5 of 7,3 of 8,1 of 1,1 of 1,5 of 10,0 of 0,0 of 0,,,,,,,,,,,,,,,,,,,,,,,,,,,,,,,,,,,,,,,,,,,,,,,,,,,,,,,,,,,,,,,,,,,,,,,,,,,,,,,,,,,,,,,,,,,,,,,,,,,,,,,,
"July 11, 2026",Alessandro Costa,Cody Durden,http://ufcstats.com/fight-details/1b6a3b0d27654d3e,W,Submission,2,2:19,0,16 of 37,16 of 37,0 of 0,0,0,0:00,0,17 of 53,19 of 55,0 of 2,0,0,0:12,11 of 28,4 of 6,1 of 3,16 of 36,0 of 1,0 of 0,12 of 48,2 of 2,3 of 3,16 of 51,1 of 2,0 of 0,0,5 of 12,9 of 16,0 of 0,2,0,1:01,0,11 of 20,11 of 20,0 of 0,0,0,0:00,,,,,,,,,,,,,,,,,,,,,,,,,,,,,,,,,,,,,,,,,,,4 of 8,0 of 1,1 of 3,3 of 9,0 of 0,2 of 3,9 of 18,0 of 0,2 of 2,11 of 20,0 of 0,0 of 0,,,,,,,,,,,,,,,,,,,,,,,,,,,,,,,,,,,,
"June 27, 2026",Nazim Sadykhov,Matheus Camilo,http://ufcstats.com/fight-details/809814f03ff3140c,L,KO/TKO,1,1:31,0,0 of 16,0 of 16,0 of 0,0,0,0:00,1,4 of 10,4 of 10,0 of 0,0,0,0:03,0 of 10,0 of 1,0 of 5,0 of 16,0 of 0,0 of 0,3 of 8,0 of 0,1 of 2,2 of 6,0 of 0,2 of 4,,,,,,,,,,,,,,,,,,,,,,,,,,,,,,,,,,,,,,,,,,,,,,,,,,,,,,,,,,,,,,,,,,,,,,,,,,,,,,,,,,,,,,,,,,,,,,,,,,,,,,,,
"June 27, 2026",Ikram Aliskerov,Brunno Ferreira,http://ufcstats.com/fight-details/d83294b031502177,W,Decision - Unanimous,3,5:00,0,15 of 29,39 of 57,2 of 3,0,0,2:44,0,6 of 10,7 of 12,0 of 0,0,0,0:00,9 of 23,2 of 2,4 of 4,14 of 27,0 of 1,1 of 1,3 of 7,1 of 1,2 of 2,6 of 10,0 of 0,0 of 0,0,20 of 39,24 of 45,2 of 2,0,0,2:30,0,10 of 26,11 of 28,0 of 1,0,0,0:07,0,12 of 30,51 of 77,1 of 1,1,0,3:39,0,3 of 19,5 of 21,0 of 0,0,0,0:00,,,,,,,,,,,,,,,,,,,,,,,,,,,,,13 of 31,5 of 6,2 of 2,17 of 35,0 of 0,3 of 4,8 of 24,1 of 1,1 of 1,10 of 26,0 of 0,0 of 0,10 of 26,2 of 4,0 of 0,5 of 22,0 of 0,7 of 8,2 of 17,1 of 2,0 of 0,3 of 19,0 of 0,0 of 0,,,,,,,,,,,,,,,,,,,,,,,,
"June 27, 2026",Abdul Rakhman Yakhyaev,Julius Walker,http://ufcstats.com/fight-details/48b1ee7ab45add4c,W,KO/TKO,1,0:08,1,6 of 8,6 of 8,0 of 0,0,0,0:03,0,0 of 1,0 of 1,0 of 0,0,0,0:00,6 of 8,0 of 0,0 of 0,1 of 1,0 of 0,5 of 7,0 of 1,0 of 0,0 of 0,0 of 1,0 of 0,0 of 0,,,,,,,,,,,,,,,,,,,,,,,,,,,,,,,,,,,,,,,,,,,,,,,,,,,,,,,,,,,,,,,,,,,,,,,,,,,,,,,,,,,,,,,,,,,,,,,,,,,,,,,,
"June 27, 2026",Nursulton Ruziboev,Andrey Pulyaev,http://ufcstats.com/fight-details/5e7f4ba1210f433d,W,Submission,1,3:58,0,1 of 3,13 of 18,2 of 2,1,0,2:28,0,2 of 6,15 of 23,0 of 0,0,0,0:00,0 of 1,1 of 2,0 of 0,1 of 3,0 of 0,0 of 0,0 of 4,2 of 2,0 of 0,2 of 6,0 of 0,0 of 0,,,,,,,,,,,,,,,,,,,,,,,,,,,,,,,,,,,,,,,,,,,,,,,,,,,,,,,,,,,,,,,,,,,,,,,,,,,,,,,,,,,,,,,,,,,,,,,,,,,,,,,,
"June 27, 2026",Bekzat Almakhan,Jean Matsumoto,http://ufcstats.com/fight-details/ae0a91c8f92f4758,L,Decision - Unanimous,3,5:00,1,21 of 37,21 of 37,0 of 0,0,0,0:02,0,20 of 52,25 of 57,1 of 4,0,0,0:37,17 of 32,3 of 4,1 of 1,20 of 36,1 of 1,0 of 0,8 of 36,3 of 4,9 of 12,16 of 47,1 of 1,3 of 4,0,28 of 65,29 of 66,0 of 0,0,0,0:00,0,33 of 95,35 of 97,0 of 4,0,0,0:32,0,20 of 57,20 of 57,0 of 0,0,0,0:00,0,26 of 82,29 of 87,1 of 2,0,0,0:29,,,,,,,,,,,,,,,,,,,,,,,,,,,,,24 of 61,4 of 4,0 of 0,27 of 64,1 of 1,0 of 0,21 of 79,6 of 9,6 of 7,30 of 89,3 of 6,0 of 0,18 of 55,2 of 2,0 of 0,18 of 55,2 of 2,0 of 0,15 of 61,2 of 8,9 of 13,24 of 75,2 of 7,0 of 0,,,,,,,,,,,,,,,,,,,,,,,,
"June 20, 2026",Ion Cutelaba,Navajo Stirling,http://ufcstats.com/fight-details/afc021700481ac4e,L,KO/TKO,2,3:23,0,6 of 26,34 of 55,2 of 2,1,1,1:53,0,16 of 24,23 of 31,0 of 0,0,0,1:10,4 of 24,1 of 1,1 of 1,5 of 23,1 of 3,0 of 0,9 of 15,6 of 7,1 of 2,15 of 22,1 of 2,0 of 0,0,13 of 22,24 of 33,3 of 5,0,1,1:08,0,36 of 46,36 of 46,0 of 1,0,2,0:43,,,,,,,,,,,,,,,,,,,,,,,,,,,,,,,,,,,,,,,,,,,6 of 12,2 of 3,5 of 7,9 of 18,1 of 1,3 of 3,29 of 39,5 of 5,2 of 2,16 of 22,0 of 0,20 of 24,,,,,,,,,,,,,,,,,,,,,,,,,,,,,,,,,,,,
"June 20, 2026",Hyder Amil,Christian Rodriguez,http://ufcstats.com/fight-details/aaec28fa3c0c576d,L,Submission,1,3:43,0,23 of 48,23 of 48,0 of 1,0,0,0:00,1,20 of 38,23 of 43,1 of 3,1,0,0:23,11 of 30,7 of 8,5 of 10,19 of 42,4 of 6,0 of 0,17 of 35,3 of 3,0 of 0,18 of 34,0 of 0,2 of 4,,,,,,,,,,,,,,,,,,,,,,,,,,,,,,,,,,,,,,,,,,,,,,,,,,,,,,,,,,,,,,,,,,,,,,,,,,,,,,,,,,,,,,,,,,,,,,,,,,,,,,,,
"June 20, 2026",Melsik Baghdasaryan,Murtazali Magomedov,http://ufcstats.com/fight-details/e4849375d1949c74,L,Submission,1,1:17,0,3 of 13,3 of 13,0 of 0,0,0,0:00,0,5 of 7,7 of 9,1 of 2,1,0,0:27,0 of 9,3 of 3,0 of 1,3 of 13,0 of 0,0 of 0,3 of 5,0 of 0,2 of 2,5 of 5,0 of 0,0 of 2,,,,,,,,,,,,,,,,,,,,,,,,,,,,,,,,,,,,,,,,,,,,,,,,,,,,,,,,,,,,,,,,,,,,,,,,,,,,,,,,,,,,,,,,,,,,,,,,,,,,,,,,
"June 20, 2026",Andre Lima,Kevin Borjas,http://ufcstats.com/fight-details/17d31249c9ab18af,L,Decision - Unanimous,3,5:00,0,20 of 42,20 of 42,0 of 0,0,0,0:00,0,18 of 51,18 of 51,0 of 0,0,0,0:00,5 of 17,5 of 10,10 of 15,20 of 42,0 of 0,0 of 0,14 of 43,3 of 6,1 of 2,18 of 51,0 of 0,0 of 0,0,16 of 40,17 of 41,0 of 0,0,0,0:33,0,18 of 46,18 of 46,0 of 1,0,0,0:07,0,15 of 32,21 of 38,0 of 2,0,0,1:08,0,15 of 39,16 of 40,0 of 0,0,0,0:01,,,,,,,,,,,,,,,,,,,,,,,,,,,,,5 of 18,5 of 12,6 of 10,15 of 39,1 of 1,0 of 0,7 of 30,9 of 14,2 of 2,17 of 45,1 of 1,0 of 0,6 of 17,3 of 9,6 of 6,14 of 31,1 of 1,0 of 0,11 of 33,4 of 4,0 of 2,13 of 37,2 of 2,0 of 0,,,,,,,,,,,,,,,,,,,,,,,,
"June 20, 2026",Allan Nascimento,Mitch Raposo,http://ufcstats.com/fight-details/3b4803afa824fea3,L,Decision - Split,3,5:00,0,14 of 54,15 of 56,0 of 3,0,0,0:24,0,15 of 32,17 of 34,0 of 0,0,0,0:14,5 of 38,6 of 11,3 of 5,12 of 52,2 of 2,0 of 0,12 of 29,3 of 3,0 of 0,15 of 32,0 of 0,0 of 0,0,20 of 48,20 of 50,0 of 1,0,0,0:26,0,19 of 48,20 of 49,0 of 0,0,0,0:12,1,24 of 40,63 of 89,0 of 0,0,0,3:31,0,4 of 9,17 of 25,0 of 1,0,0,0:21,,,,,,,,,,,,,,,,,,,,,,,,,,,,,7 of 30,9 of 11,4 of 7,17 of 45,3 of 3,0 of 0,13 of 42,6 of 6,0 of 0,18 of 47,1 of 1,0 of 0,16 of 28,6 of 9,2 of 3,12 of 26,5 of 6,7 of 8,4 of 9,0 of 0,0 of 0,4 of 9,0 of 0,0 of 0,,,,,,,,,,,,,,,,,,,,,,,,
"June 20, 2026",Gaston Bolanos,Michael Aswell Jr.,http://ufcstats.com/fight-details/8b809ba1880aded0,W,Decision - Unanimous,3,5:00,0,29 of 74,29 of 74,0 of 0,0,0,0:00,0,47 of 100,47 of 100,0 of 1,0,0,0:00,15 of 48,9 of 15,5 of 11,29 of 74,0 of 0,0 of 0,37 of 88,9 of 11,1 of 1,46 of 99,1 of 1,0 of 0,0,36 of 71,37 of 74,1 of 1,0,0,0:22,0,30 of 80,34 of 85,0 of 2,0,0,0:01,0,22 of 48,28 of 54,0 of 1,0,0,0:00,0,28 of 72,34 of 82,0 of 0,0,0,1:05,,,,,,,,,,,,,,,,,,,,,,,,,,,,,13 of 42,15 of 21,8 of 8,36 of 69,0 of 2,0 of 0,24 of 72,6 of 8,0 of 0,29 of 79,1 of 1,0 of 0,7 of 30,10 of 13,5 of 5,21 of 47,1 of 1,0 of 0,25 of 66,3 of 5,0 of 1,20 of 59,7 of 9,1 of 4,,,,,,,,,,,,,,,,,,,,,,,,
"June 20, 2026",Shane Collins,Otari Tanzilovi,http://ufcstats.com/fight-details/9efa4de316b8bf43,W,Decision - Unanimous,3,5:00,0,23 of 47,33 of 58,0 of 2,1,0,0:42,0,20 of 27,24 of 31,1 of 1,0,0,1:14,11 of 32,8 of 9,4 of 6,20 of 43,3 of 4,0 of 0,11 of 16,5 of 6,4 of 5,15 of 22,5 of 5,0 of 0,0,21 of 38,42 of 60,0 of 2,1,0,0:45,0,16 of 22,23 of 29,2 of 4,0,0,1:40,0,32 of 53,36 of 57,0 of 2,1,0,1:07,0,22 of 40,27 of 45,2 of 4,0,0,1:20,,,,,,,,,,,,,,,,,,,,,,,,,,,,,14 of 28,6 of 9,1 of 1,21 of 37,0 of 1,0 of 0,11 of 16,5 of 6,0 of 0,11 of 16,5 of 6,0 of 0,21 of 42,9 of 9,2 of 2,25 of 45,7 of 8,0 of 0,16 of 34,5 of 5,1 of 1,15 of 32,7 of 8,0 of 0,,,,,,,,,,,,,,,,,,,,,,,,
"June 14, 2026",Sean O'Malley,Aiemann Zahabi,http://ufcstats.com/fight-details/60de0423ae6ed097,W,KO/TKO,2,4:02,0,14 of 35,14 of 35,0 of 0,0,0,0:00,0,8 of 16,8 of 16,0 of 0,0,0,0:00,7 of 22,6 of 12,1 of 1,14 of 35,0 of 0,0 of 0,3 of 10,0 of 0,5 of 6,8 of 16,0 of 0,0 of 0,1,27 of 46,27 of 46,0 of 0,0,0,0:02,0,24 of 40,24 of 40,0 of 0,0,0,0:00,,,,,,,,,,,,,,,,,,,,,,,,,,,,,,,,,,,,,,,,,,,25 of 44,1 of 1,1 of 1,27 of 46,0 of 0,0 of 0,3 of 15,0 of 0,21 of 25,24 of 40,0 of 0,0 of 0,,,,,,,,,,,,,,,,,,,,,,,,,,,,,,,,,,,,
"June 14, 2026",Josh Hokit,Derrick Lewis,http://ufcstats.com/fight-details/30cdb851f6c63444,W,KO/TKO,2,4:09,0,41 of 55,54 of 69,2 of 2,1,0,3:01,0,1 of 5,1 of 5,0 of 0,0,0,0:00,32 of 44,4 of 6,5 of 5,11 of 18,0 of 0,30 of 37,1 of 4,0 of 0,0 of 1,1 of 5,0 of 0,0 of 0,1,45 of 62,51 of 69,0 of 1,0,0,1:03,0,6 of 35,7 of 36,0 of 1,0,0,0:00,,,,,,,,,,,,,,,,,,,,,,,,,,,,,,,,,,,,,,,,,,,42 of 59,3 of 3,0 of 0,28 of 42,11 of 13,6 of 7,4 of 33,2 of 2,0 of 0,3 of 29,3 of 6,0 of 0,,,,,,,,,,,,,,,,,,,,,,,,,,,,,,,,,,,,
"June 14, 2026",Mauricio Ruffy,Michael Chandler,http://ufcstats.com/fight-details/9a9b30b3165b62e4,W,KO/TKO,1,4:29,2,19 of 40,20 of 41,0 of 0,0,0,0:13,0,3 of 12,3 of 12,0 of 3,0,0,0:00,16 of 36,1 of 2,2 of 2,17 of 37,0 of 0,2 of 3,2 of 7,0 of 3,1 of 2,3 of 12,0 of 0,0 of 0,,,,,,,,,,,,,,,,,,,,,,,,,,,,,,,,,,,,,,,,,,,,,,,,,,,,,,,,,,,,,,,,,,,,,,,,,,,,,,,,,,,,,,,,,,,,,,,,,,,,,,,,
"June 14, 2026",Bo Nickal,Kyle Daukaus,http://ufcstats.com/fight-details/00e8d4b961a65d21,W,KO/TKO,1,4:34,1,16 of 24,44 of 53,1 of 1,0,0,3:14,0,2 of 7,26 of 31,0 of 0,0,0,0:00,15 of 23,0 of 0,1 of 1,7 of 13,0 of 0,9 of 11,1 of 6,0 of 0,1 of 1,2 of 7,0 of 0,0 of 0,,,,,,,,,,,,,,,,,,,,,,,,,,,,,,,,,,,,,,,,,,,,,,,,,,,,,,,,,,,,,,,,,,,,,,,,,,,,,,,,,,,,,,,,,,,,,,,,,,,,,,,,
"June 14, 2026",Diego Lopes,Steve Garcia,http://ufcstats.com/fight-details/127ba4a1ccb3d4a6,W,KO/TKO,2,2:42,0,6 of 32,6 of 32,0 of 1,0,0,0:00,0,23 of 57,23 of 57,0 of 0,0,0,0:00,4 of 26,1 of 5,1 of 1,6 of 32,0 of 0,0 of 0,12 of 45,3 of 4,8 of 8,23 of 57,0 of 0,0 of 0,1,18 of 34,18 of 34,0 of 0,0,0,0:05,0,24 of 47,24 of 47,0 of 0,0,0,0:00,,,,,,,,,,,,,,,,,,,,,,,,,,,,,,,,,,,,,,,,,,,17 of 31,1 of 3,0 of 0,11 of 26,0 of 0,7 of 8,21 of 44,0 of 0,3 of 3,24 of 47,0 of 0,0 of 0,,,,,,,,,,,,,,,,,,,,,,,,,,,,,,,,,,,,
"June 06, 2026",Belal Muhammad,Gabriel Bonfim,http://ufcstats.com/fight-details/5c69b019e6deee41,L,Decision - Unanimous,5,5:00,0,13 of 36,13 of 36,0 of 0,0,0,0:00,0,14 of 37,14 of 37,0 of 0,0,0,0:00,9 of 30,0 of 1,4 of 5,13 of 36,0 of 0,0 of 0,4 of 27,3 of 3,7 of 7,14 of 37,0 of 0,0 of 0,0,20 of 54,20 of 54,0 of 0,0,0,0:00,0,30 of 60,30 of 60,0 of 1,0,0,0:00,0,14 of 39,14 of 39,0 of 2,0,0,0:08,0,23 of 50,23 of 51,0 of 0,0,0,0:00,0,17 of 65,17 of 65,0 of 0,0,0,0:00,0,26 of 53,26 of 53,0 of 0,0,0,0:00,0,22 of 81,22 of 81,0 of 0,0,0,0:00,0,35 of 60,35 of 60,0 of 0,0,0,0:00,12 of 45,5 of 6,3 of 3,20 of 54,0 of 0,0 of 0,14 of 42,1 of 1,15 of 17,30 of 60,0 of 0,0 of 0,8 of 32,6 of 7,0 of 0,14 of 38,0 of 1,0 of 0,13 of 40,3 of 3,7 of 7,23 of 50,0 of 0,0 of 0,8 of 52,7 of 10,2 of 3,17 of 65,0 of 0,0 of 0,22 of 48,2 of 2,2 of 3,26 of 53,0 of 0,0 of 0,15 of 69,4 of 9,3 of 3,22 of 80,0 of 1,0 of 0,30 of 55,2 of 2,3 of 3,33 of 58,2 of 2,0 of 0
"June 06, 2026",Brendan Allen,Edmen Shahbazyan,http://ufcstats.com/fight-details/419fff06f338f5c6,W,Decision - Unanimous,3,5:00,0,20 of 50,21 of 51,0 of 2,0,0,0:16,0,22 of 38,22 of 38,0 of 0,0,0,0:00,9 of 33,4 of 10,7 of 7,19 of 48,1 of 2,0 of 0,18 of 33,2 of 2,2 of 3,19 of 35,3 of 3,0 of 0,0,28 of 64,29 of 65,0 of 1,0,0,0:02,0,32 of 59,32 of 59,0 of 0,0,0,0:00,0,41 of 80,41 of 80,1 of 1,0,0,0:10,0,36 of 83,36 of 83,0 of 1,0,0,0:08,,,,,,,,,,,,,,,,,,,,,,,,,,,,,17 of 53,3 of 3,8 of 8,24 of 55,4 of 9,0 of 0,32 of 58,0 of 0,0 of 1,31 of 56,1 of 3,0 of 0,35 of 74,3 of 3,3 of 3,36 of 71,5 of 9,0 of 0,33 of 80,2 of 2,1 of 1,35 of 82,1 of 1,0 of 0,,,,,,,,,,,,,,,,,,,,,,,,
"June 06, 2026",Fares Ziam,Tom Nolan,http://ufcstats.com/fight-details/58ffa2dac4f2e7d0,L,Decision - Unanimous,3,5:00,0,6 of 13,14 of 23,1 of 2,0,1,1:38,0,13 of 25,24 of 42,2 of 2,0,0,2:05,5 of 12,0 of 0,1 of 1,5 of 12,1 of 1,0 of 0,6 of 14,3 of 5,4 of 6,8 of 16,0 of 1,5 of 8,0,6 of 13,14 of 22,0 of 1,1,0,0:49,0,12 of 19,26 of 37,0 of 2,0,0,3:10,0,4 of 6,20 of 25,2 of 2,0,0,2:40,0,6 of 22,15 of 37,0 of 2,0,1,1:32,,,,,,,,,,,,,,,,,,,,,,,,,,,,,3 of 10,2 of 2,1 of 1,5 of 11,1 of 2,0 of 0,4 of 9,5 of 6,3 of 4,4 of 7,5 of 7,3 of 5,3 of 4,1 of 2,0 of 0,2 of 3,1 of 1,1 of 2,3 of 15,3 of 5,0 of 2,1 of 9,2 of 5,3 of 8,,,,,,,,,,,,,,,,,,,,,,,,
"June 06, 2026",Matt Schnell,Alessandro Costa,http://ufcstats.com/fight-details/5d2eedd05081ed23,L,KO/TKO,1,2:28,0,8 of 21,8 of 21,0 of 0,0,0,0:00,1,19 of 23,19 of 23,0 of 0,0,0,0:05,5 of 17,1 of 2,2 of 2,8 of 21,0 of 0,0 of 0,16 of 18,2 of 2,1 of 3,7 of 11,0 of 0,12 of 12,,,,,,,,,,,,,,,,,,,,,,,,,,,,,,,,,,,,,,,,,,,,,,,,,,,,,,,,,,,,,,,,,,,,,,,,,,,,,,,,,,,,,,,,,,,,,,,,,,,,,,,,
"June 06, 2026",Jordan Leavitt,Joanderson Brito,http://ufcstats.com/fight-details/44cfbb8c3c356c65,L,Submission,1,4:19,0,7 of 9,27 of 29,0 of 5,1,1,2:21,0,5 of 13,15 of 24,0 of 0,1,0,1:17,3 of 3,4 of 6,0 of 0,3 of 4,4 of 5,0 of 0,3 of 10,2 of 2,0 of 1,3 of 11,2 of 2,0 of 0,,,,,,,,,,,,,,,,,,,,,,,,,,,,,,,,,,,,,,,,,,,,,,,,,,,,,,,,,,,,,,,,,,,,,,,,,,,,,,,,,,,,,,,,,,,,,,,,,,,,,,,,
"June 06, 2026",Jeisla Chaves,Yuneisy Duben,http://ufcstats.com/fight-details/a6b211d8dab5edec,W,Decision - Split,3,5:00,0,28 of 53,31 of 56,0 of 0,0,0,0:00,0,26 of 56,39 of 69,1 of 2,0,0,0:37,11 of 33,10 of 13,7 of 7,24 of 46,4 of 7,0 of 0,14 of 36,6 of 8,6 of 12,23 of 52,3 of 4,0 of 0,0,18 of 25,38 of 52,1 of 3,1,0,3:01,0,12 of 20,25 of 33,0 of 1,0,0,0:26,0,18 of 21,23 of 28,2 of 3,0,0,1:28,0,24 of 36,46 of 63,1 of 1,0,1,2:15,,,,,,,,,,,,,,,,,,,,,,,,,,,,,11 of 18,5 of 5,2 of 2,7 of 14,5 of 5,6 of 6,9 of 17,3 of 3,0 of 0,11 of 19,1 of 1,0 of 0,13 of 15,5 of 6,0 of 0,5 of 8,6 of 6,7 of 7,18 of 30,5 of 5,1 of 1,10 of 19,4 of 4,10 of 13,,,,,,,,,,,,,,,,,,,,,,,,
"May 30, 2026",Zhang Mingyang,Alonzo Menifield,http://ufcstats.com/fight-details/a23d84f15207e459,L,KO/TKO,1,4:15,0,16 of 37,28 of 51,0 of 0,0,0,0:43,2,28 of 52,42 of 68,0 of 0,0,0,1:47,2 of 21,13 of 15,1 of 1,7 of 27,9 of 10,0 of 0,26 of 50,0 of 0,2 of 2,23 of 44,2 of 5,3 of 3,,,,,,,,,,,,,,,,,,,,,,,,,,,,,,,,,,,,,,,,,,,,,,,,,,,,,,,,,,,,,,,,,,,,,,,,,,,,,,,,,,,,,,,,,,,,,,,,,,,,,,,,
"May 30, 2026",Sergei Pavlovich,Tallison Teixeira,http://ufcstats.com/fight-details/f74e4afdf6ae29d1,W,KO/TKO,1,0:39,1,7 of 9,10 of 13,0 of 0,0,0,0:05,0,0 of 4,0 of 4,0 of 0,0,0,0:00,7 of 9,0 of 0,0 of 0,6 of 7,0 of 0,1 of 2,0 of 2,0 of 0,0 of 2,0 of 4,0 of 0,0 of 0,,,,,,,,,,,,,,,,,,,,,,,,,,,,,,,,,,,,,,,,,,,,,,,,,,,,,,,,,,,,,,,,,,,,,,,,,,,,,,,,,,,,,,,,,,,,,,,,,,,,,,,,
"May 30, 2026",Ding Meng,Jose Souza,http://ufcstats.com/fight-details/bc0b3c16246e0d1d,L,Decision - Split,3,5:00,0,24 of 40,24 of 40,0 of 0,0,0,0:00,0,20 of 43,20 of 43,0 of 0,0,0,0:00,4 of 12,5 of 9,15 of 19,24 of 40,0 of 0,0 of 0,18 of 39,0 of 2,2 of 2,20 of 43,0 of 0,0 of 0,0,26 of 51,26 of 51,0 of 0,0,0,0:00,0,23 of 51,23 of 51,0 of 0,0,0,0:00,0,13 of 55,13 of 55,0 of 0,0,0,0:00,0,29 of 59,29 of 59,0 of 0,0,0,0:00,,,,,,,,,,,,,,,,,,,,,,,,,,,,,4 of 23,2 of 4,20 of 24,25 of 50,1 of 1,0 of 0,20 of 44,3 of 7,0 of 0,22 of 49,1 of 2,0 of 0,5 of 39,1 of 8,7 of 8,13 of 55,0 of 0,0 of 0,23 of 52,4 of 5,2 of 2,29 of 59,0 of 0,0 of 0,,,,,,,,,,,,,,,,,,,,,,,,
"May 30, 2026",Aoriqileng,Cody Haddon,http://ufcstats.com/fight-details/3bc0190fb17ba42f,L,KO/TKO,2,2:11,0,2 of 3,6 of 7,0 of 0,0,0,0:00,0,40 of 48,64 of 80,2 of 3,0,0,4:13,1 of 2,1 of 1,0 of 0,2 of 3,0 of 0,0 of 0,34 of 42,6 of 6,0 of 0,1 of 5,0 of 0,39 of 43,0,4 of 8,6 of 10,0 of 0,1,0,0:00,1,17 of 22,20 of 25,0 of 3,0,0,1:17,,,,,,,,,,,,,,,,,,,,,,,,,,,,,,,,,,,,,,,,,,,3 of 7,1 of 1,0 of 0,4 of 6,0 of 0,0 of 2,12 of 17,4 of 4,1 of 1,7 of 12,4 of 4,6 of 6,,,,,,,,,,,,,,,,,,,,,,,,,,,,,,,,,,,,
"May 30, 2026",Rei Tsuruya,Luis Gurule,http://ufcstats.com/fight-details/224dce2c0b03e7eb,W,Submission,1,3:19,0,17 of 27,20 of 30,1 of 3,1,0,2:17,0,1 of 2,1 of 2,0 of 0,0,0,0:00,17 of 26,0 of 1,0 of 0,3 of 8,0 of 0,14 of 19,0 of 0,0 of 1,1 of 1,1 of 2,0 of 0,0 of 0,,,,,,,,,,,,,,,,,,,,,,,,,,,,,,,,,,,,,,,,,,,,,,,,,,,,,,,,,,,,,,,,,,,,,,,,,,,,,,,,,,,,,,,,,,,,,,,,,,,,,,,,
"May 16, 2026",Malcolm Wellmaker,Juan Diaz,http://ufcstats.com/fight-details/ecb7ff543dd41bf8,L,Submission,2,4:08,0,10 of 23,10 of 24,0 of 0,0,0,0:00,0,6 of 16,9 of 19,2 of 4,0,0,1:28,1 of 6,7 of 14,2 of 3,9 of 22,1 of 1,0 of 0,2 of 7,2 of 2,2 of 7,4 of 13,1 of 2,1 of 1,0,5 of 10,5 of 10,0 of 0,0,0,0:00,0,7 of 9,9 of 13,3 of 4,1,0,2:20,,,,,,,,,,,,,,,,,,,,,,,,,,,,,,,,,,,,,,,,,,,2 of 5,2 of 4,1 of 1,5 of 10,0 of 0,0 of 0,1 of 2,1 of 1,5 of 6,6 of 8,1 of 1,0 of 0,,,,,,,,,,,,,,,,,,,,,,,,,,,,,,,,,,,,
"May 16, 2026",Timmy Cuamba,Benardo Sopaj,http://ufcstats.com/fight-details/a6ec8573a9d38c51,L,Submission,2,2:25,0,20 of 60,20 of 60,0 of 0,0,0,0:08,0,11 of 20,17 of 28,1 of 2,1,0,0:52,7 of 40,6 of 9,7 of 11,20 of 60,0 of 0,0 of 0,9 of 18,0 of 0,2 of 2,11 of 20,0 of 0,0 of 0,0,9 of 20,9 of 20,0 of 0,0,0,0:03,1,26 of 36,49 of 64,0 of 1,1,0,1:02,,,,,,,,,,,,,,,,,,,,,,,,,,,,,,,,,,,,,,,,,,,5 of 14,3 of 4,1 of 2,9 of 20,0 of 0,0 of 0,25 of 35,0 of 0,1 of 1,3 of 12,0 of 0,23 of 24,,,,,,,,,,,,,,,,,,,,,,,,,,,,,,,,,,,,
"May 16, 2026",Nikolay Veretennikov,Khaos Williams,http://ufcstats.com/fight-details/ec32745308e2b055,L,KO/TKO,1,3:31,0,13 of 25,20 of 33,0 of 0,0,0,0:00,1,21 of 56,36 of 73,0 of 0,0,0,0:54,8 of 19,3 of 4,2 of 2,12 of 23,1 of 2,0 of 0,9 of 35,7 of 9,5 of 12,20 of 52,1 of 4,0 of 0,,,,,,,,,,,,,,,,,,,,,,,,,,,,,,,,,,,,,,,,,,,,,,,,,,,,,,,,,,,,,,,,,,,,,,,,,,,,,,,,,,,,,,,,,,,,,,,,,,,,,,,,
"May 16, 2026",Cody Brundage,Andre Petroski,http://ufcstats.com/fight-details/48cb604345f11766,W,KO/TKO,2,0:44,0,6 of 10,6 of 10,0 of 0,0,0,0:02,0,8 of 16,21 of 29,1 of 1,0,0,1:56,3 of 5,2 of 2,1 of 3,6 of 10,0 of 0,0 of 0,2 of 6,1 of 4,5 of 6,7 of 15,0 of 0,1 of 1,1,37 of 50,38 of 52,0 of 0,0,0,0:32,0,0 of 1,0 of 1,0 of 0,0,0,0:00,,,,,,,,,,,,,,,,,,,,,,,,,,,,,,,,,,,,,,,,,,,37 of 50,0 of 0,0 of 0,2 of 2,0 of 0,35 of 48,0 of 1,0 of 0,0 of 0,0 of 1,0 of 0,0 of 0,,,,,,,,,,,,,,,,,,,,,,,,,,,,,,,,,,,,
"May 16, 2026",Daniel Barez,Luis Gurule,http://ufcstats.com/fight-details/b482d4452e4d0eee,L,Decision - Unanimous,3,5:00,0,20 of 41,22 of 44,1 of 2,0,0,0:48,0,25 of 55,30 of 62,0 of 1,1,1,1:21,11 of 32,3 of 3,6 of 6,16 of 37,4 of 4,0 of 0,21 of 50,2 of 2,2 of 3,22 of 50,3 of 5,0 of 0,0,42 of 69,43 of 70,0 of 1,0,0,0:00,0,51 of 107,69 of 125,1 of 3,0,0,0:44,0,51 of 136,52 of 138,0 of 0,0,0,0:00,0,73 of 137,79 of 148,0 of 1,0,0,0:21,,,,,,,,,,,,,,,,,,,,,,,,,,,,,27 of 52,9 of 9,6 of 8,41 of 68,1 of 1,0 of 0,45 of 99,1 of 3,5 of 5,49 of 103,2 of 4,0 of 0,41 of 124,8 of 10,2 of 2,51 of 136,0 of 0,0 of 0,63 of 124,5 of 8,5 of 5,62 of 125,11 of 12,0 of 0,,,,,,,,,,,,,,,,,,,,,,,,
"May 16, 2026",Shauna Bannon,Nicolle Caliari,http://ufcstats.com/fight-details/39417b7d07c2fd83,L,Submission,3,3:08,0,2 of 7,82 of 88,0 of 0,0,0,0:09,0,6 of 9,25 of 28,2 of 2,0,0,4:33,1 of 5,0 of 0,1 of 2,2 of 7,0 of 0,0 of 0,5 of 8,1 of 1,0 of 0,4 of 7,0 of 0,2 of 2,0,20 of 28,64 of 76,0 of 0,0,0,1:41,0,6 of 14,10 of 18,1 of 6,0,0,2:35,0,7 of 14,12 of 19,0 of 1,0,0,0:00,0,8 of 15,15 of 22,1 of 1,1,0,2:10,,,,,,,,,,,,,,,,,,,,,,,,,,,,,13 of 18,7 of 8,0 of 2,10 of 17,1 of 2,9 of 9,5 of 13,1 of 1,0 of 0,1 of 9,1 of 1,4 of 4,2 of 8,2 of 3,3 of 3,7 of 14,0 of 0,0 of 0,8 of 14,0 of 1,0 of 0,3 of 10,1 of 1,4 of 4,,,,,,,,,,,,,,,,,,,,,,,,
"May 09, 2026",Alexander Volkov,Waldo Cortes Acosta,http://ufcstats.com/fight-details/22ba4f1b0aafbf82,W,Decision - Unanimous,3,5:00,0,33 of 44,33 of 44,0 of 0,0,0,0:00,0,15 of 33,15 of 33,0 of 0,0,0,0:00,4 of 14,8 of 8,21 of 22,33 of 44,0 of 0,0 of 0,7 of 21,2 of 4,6 of 8,15 of 33,0 of 0,0 of 0,0,34 of 56,34 of 56,0 of 1,0,0,0:00,0,22 of 47,22 of 47,0 of 0,0,0,0:00,0,21 of 43,21 of 43,0 of 0,0,0,0:03,0,17 of 50,17 of 50,0 of 1,0,0,0:01,,,,,,,,,,,,,,,,,,,,,,,,,,,,,13 of 31,7 of 11,14 of 14,34 of 56,0 of 0,0 of 0,8 of 29,3 of 6,11 of 12,22 of 47,0 of 0,0 of 0,5 of 25,8 of 10,8 of 8,21 of 43,0 of 0,0 of 0,15 of 41,1 of 3,1 of 6,16 of 49,1 of 1,0 of 0,,,,,,,,,,,,,,,,,,,,,,,,
"May 09, 2026",Ateba Gautier,Ozzy Diaz,http://ufcstats.com/fight-details/770c5302e32916ea,W,KO/TKO,2,1:10,0,12 of 55,16 of 59,0 of 0,0,0,0:00,0,4 of 12,6 of 14,0 of 3,0,0,1:03,8 of 49,2 of 4,2 of 2,11 of 54,1 of 1,0 of 0,4 of 11,0 of 1,0 of 0,4 of 12,0 of 0,0 of 0,1,11 of 27,11 of 27,0 of 0,0,0,0:00,0,2 of 8,2 of 8,0 of 0,0,0,0:00,,,,,,,,,,,,,,,,,,,,,,,,,,,,,,,,,,,,,,,,,,,7 of 20,4 of 7,0 of 0,9 of 25,0 of 0,2 of 2,1 of 7,1 of 1,0 of 0,2 of 8,0 of 0,0 of 0,,,,,,,,,,,,,,,,,,,,,,,,,,,,,,,,,,,,
"May 09, 2026",Grant Dawson,Mateusz Rebecki,http://ufcstats.com/fight-details/ffcb47e17eebe6a6,W,Submission,3,4:42,0,13 of 21,24 of 35,0 of 0,1,0,2:37,0,8 of 11,9 of 12,0 of 2,0,1,0:50,7 of 15,6 of 6,0 of 0,4 of 12,5 of 5,4 of 4,7 of 10,0 of 0,1 of 1,4 of 6,4 of 4,0 of 1,0,20 of 69,21 of 70,0 of 2,0,0,0:14,1,24 of 51,34 of 62,1 of 3,0,0,1:29,0,2 of 4,26 of 31,1 of 1,3,0,4:17,0,1 of 2,6 of 7,0 of 0,0,0,0:03,,,,,,,,,,,,,,,,,,,,,,,,,,,,,10 of 48,8 of 17,2 of 4,19 of 66,1 of 2,0 of 1,20 of 45,1 of 2,3 of 4,22 of 42,0 of 0,2 of 9,2 of 4,0 of 0,0 of 0,1 of 3,0 of 0,1 of 1,0 of 1,0 of 0,1 of 1,1 of 2,0 of 0,0 of 0,,,,,,,,,,,,,,,,,,,,,,,,
"May 09, 2026",Roman Kopylov,Marco Tulio,http://ufcstats.com/fight-details/9d35723a53749931,W,Decision - Unanimous,3,5:00,0,15 of 39,15 of 39,0 of 0,0,0,0:00,0,22 of 61,22 of 61,0 of 0,0,0,0:00,6 of 22,7 of 10,2 of 7,15 of 39,0 of 0,0 of 0,7 of 37,8 of 14,7 of 10,22 of 61,0 of 0,0 of 0,1,22 of 44,23 of 45,0 of 0,0,0,0:45,0,26 of 57,36 of 67,0 of 0,0,0,0:00,2,24 of 41,31 of 48,1 of 1,0,0,1:49,0,14 of 42,22 of 50,0 of 0,0,0,0:00,,,,,,,,,,,,,,,,,,,,,,,,,,,,,19 of 38,2 of 4,1 of 2,16 of 32,0 of 0,6 of 12,11 of 37,7 of 11,8 of 9,26 of 57,0 of 0,0 of 0,21 of 37,3 of 3,0 of 1,15 of 31,4 of 5,5 of 5,10 of 31,3 of 9,1 of 2,14 of 41,0 of 1,0 of 0,,,,,,,,,,,,,,,,,,,,,,,,
"May 09, 2026",Baisangur Susurkaev,Djorden Santos,http://ufcstats.com/fight-details/1f5d0b106385b2ac,W,Submission,3,4:12,0,21 of 58,21 of 58,0 of 1,0,0,0:00,0,19 of 58,19 of 58,0 of 0,0,0,0:00,6 of 34,7 of 15,8 of 9,21 of 58,0 of 0,0 of 0,15 of 53,1 of 2,3 of 3,18 of 55,1 of 3,0 of 0,0,56 of 104,66 of 114,0 of 0,0,0,0:00,0,45 of 108,51 of 114,0 of 1,0,0,0:21,0,30 of 51,49 of 70,1 of 4,1,0,2:16,0,14 of 45,19 of 50,0 of 0,0,0,0:00,,,,,,,,,,,,,,,,,,,,,,,,,,,,,29 of 69,17 of 24,10 of 11,54 of 102,2 of 2,0 of 0,42 of 102,2 of 4,1 of 2,40 of 103,5 of 5,0 of 0,21 of 40,7 of 9,2 of 2,23 of 42,0 of 0,7 of 9,12 of 43,2 of 2,0 of 0,12 of 43,2 of 2,0 of 0,,,,,,,,,,,,,,,,,,,,,,,,
"May 02, 2026",Jack Della Maddalena,Carlos Prates,http://ufcstats.com/fight-details/eb6d9fef6c374830,L,KO/TKO,3,3:17,0,15 of 30,23 of 40,1 of 1,0,0,0:33,0,22 of 45,22 of 45,0 of 0,0,0,0:00,5 of 18,5 of 7,5 of 5,15 of 30,0 of 0,0 of 0,13 of 34,3 of 4,6 of 7,22 of 45,0 of 0,0 of 0,0,25 of 39,29 of 43,1 of 2,0,0,0:33,1,36 of 79,36 of 79,0 of 0,0,0,0:02,0,1 of 7,1 of 7,0 of 2,0,0,0:07,2,46 of 69,46 of 69,0 of 0,0,0,0:40,,,,,,,,,,,,,,,,,,,,,,,,,,,,,19 of 28,3 of 7,3 of 4,25 of 39,0 of 0,0 of 0,27 of 69,5 of 6,4 of 4,35 of 78,0 of 0,1 of 1,1 of 6,0 of 1,0 of 0,1 of 7,0 of 0,0 of 0,39 of 61,3 of 4,4 of 4,32 of 48,1 of 1,13 of 20,,,,,,,,,,,,,,,,,,,,,,,,
"May 02, 2026",Beneil Dariush,Quillan Salkilld,http://ufcstats.com/fight-details/5c7c38dece435cde,L,KO/TKO,1,3:29,0,3 of 9,4 of 10,2 of 5,0,0,2:32,1,12 of 19,15 of 24,0 of 2,0,0,0:20,2 of 7,0 of 1,1 of 1,3 of 7,0 of 2,0 of 0,11 of 18,1 of 1,0 of 0,7 of 13,2 of 3,3 of 3,,,,,,,,,,,,,,,,,,,,,,,,,,,,,,,,,,,,,,,,,,,,,,,,,,,,,,,,,,,,,,,,,,,,,,,,,,,,,,,,,,,,,,,,,,,,,,,,,,,,,,,,
"May 02, 2026",Marwan Rahiki,Ollie Schmid,http://ufcstats.com/fight-details/cfc884a249141cba,W,KO/TKO,1,2:47,1,22 of 40,22 of 40,0 of 0,0,0,0:04,0,9 of 30,9 of 30,0 of 0,0,0,0:00,14 of 25,2 of 7,6 of 8,19 of 36,0 of 0,3 of 4,0 of 15,3 of 6,6 of 9,9 of 30,0 of 0,0 of 0,,,,,,,,,,,,,,,,,,,,,,,,,,,,,,,,,,,,,,,,,,,,,,,,,,,,,,,,,,,,,,,,,,,,,,,,,,,,,,,,,,,,,,,,,,,,,,,,,,,,,,,,
"May 02, 2026",Shamil Gaziev,Brando Pericic,http://ufcstats.com/fight-details/a564219e7a964aa6,L,KO/TKO,2,3:44,0,25 of 47,34 of 56,1 of 2,0,0,2:46,0,42 of 87,52 of 100,0 of 0,0,0,0:00,15 of 37,10 of 10,0 of 0,18 of 39,7 of 8,0 of 0,33 of 77,4 of 5,5 of 5,35 of 75,7 of 12,0 of 0,0,16 of 53,17 of 54,0 of 0,0,0,0:50,1,47 of 76,48 of 77,0 of 0,0,0,0:00,,,,,,,,,,,,,,,,,,,,,,,,,,,,,,,,,,,,,,,,,,,15 of 51,1 of 2,0 of 0,16 of 53,0 of 0,0 of 0,29 of 57,10 of 11,8 of 8,46 of 75,1 of 1,0 of 0,,,,,,,,,,,,,,,,,,,,,,,,,,,,,,,,,,,,
"May 02, 2026",Cam Rowston,Robert Bryczek,http://ufcstats.com/fight-details/46181797eb543a0b,W,Decision - Unanimous,3,5:00,0,24 of 56,29 of 67,1 of 3,0,0,2:03,0,8 of 17,17 of 28,0 of 0,0,0,0:05,19 of 49,3 of 5,2 of 2,17 of 46,0 of 0,7 of 10,1 of 8,4 of 6,3 of 3,8 of 17,0 of 0,0 of 0,0,32 of 56,45 of 74,1 of 3,0,0,4:00,0,7 of 15,10 of 19,0 of 0,0,0,0:00,0,23 of 38,51 of 76,1 of 1,0,0,4:07,0,2 of 5,12 of 18,0 of 0,1,0,0:00,,,,,,,,,,,,,,,,,,,,,,,,,,,,,29 of 53,1 of 1,2 of 2,9 of 20,1 of 1,22 of 35,3 of 10,3 of 3,1 of 2,7 of 15,0 of 0,0 of 0,21 of 35,2 of 3,0 of 0,6 of 16,1 of 1,16 of 21,1 of 4,1 of 1,0 of 0,2 of 5,0 of 0,0 of 0,,,,,,,,,,,,,,,,,,,,,,,,
"May 02, 2026",Junior Tafa,Kevin Christian,http://ufcstats.com/fight-details/1cb0711cd49dd95e,W,KO/TKO,1,2:42,0,21 of 31,22 of 32,0 of 0,0,0,0:09,0,13 of 21,13 of 21,0 of 2,0,0,0:00,20 of 30,0 of 0,1 of 1,10 of 19,1 of 2,10 of 10,2 of 7,2 of 3,9 of 11,13 of 21,0 of 0,0 of 0,,,,,,,,,,,,,,,,,,,,,,,,,,,,,,,,,,,,,,,,,,,,,,,,,,,,,,,,,,,,,,,,,,,,,,,,,,,,,,,,,,,,,,,,,,,,,,,,,,,,,,,,
"May 02, 2026",Colby Thicknesse,Vince Morales,http://ufcstats.com/fight-details/00bde62cac38e5e9,W,Decision - Unanimous,3,5:00,0,6 of 14,13 of 23,0 of 2,4,1,2:20,0,5 of 15,7 of 18,1 of 1,0,1,1:44,2 of 8,2 of 3,2 of 3,5 of 13,1 of 1,0 of 0,4 of 13,1 of 1,0 of 1,4 of 14,1 of 1,0 of 0,0,27 of 54,29 of 56,0 of 3,0,0,0:41,0,18 of 55,19 of 57,0 of 0,0,0,0:00,0,13 of 49,15 of 53,0 of 1,0,0,0:00,0,25 of 51,30 of 59,1 of 1,0,0,1:50,,,,,,,,,,,,,,,,,,,,,,,,,,,,,8 of 30,15 of 19,4 of 5,27 of 53,0 of 1,0 of 0,14 of 47,3 of 7,1 of 1,16 of 52,2 of 3,0 of 0,5 of 35,4 of 10,4 of 4,11 of 46,2 of 3,0 of 0,19 of 43,5 of 7,1 of 1,22 of 46,2 of 4,1 of 1,,,,,,,,,,,,,,,,,,,,,,,,
"May 02, 2026",Ben Johnston,Wes Schultz,http://ufcstats.com/fight-details/827c64369b374989,L,Submission,3,1:50,0,7 of 8,16 of 18,0 of 0,0,0,4:26,0,3 of 3,8 of 10,0 of 3,0,0,0:23,6 of 7,1 of 1,0 of 0,0 of 0,1 of 1,6 of 7,0 of 0,3 of 3,0 of 0,0 of 0,3 of 3,0 of 0,0,3 of 3,20 of 21,0 of 0,0,1,3:36,1,2 of 3,6 of 10,0 of 0,3,1,1:14,0,2 of 5,2 of 5,2 of 2,0,0,1:14,0,7 of 11,8 of 12,0 of 0,2,0,0:00,,,,,,,,,,,,,,,,,,,,,,,,,,,,,3 of 3,0 of 0,0 of 0,0 of 0,0 of 0,3 of 3,1 of 2,1 of 1,0 of 0,0 of 1,2 of 2,0 of 0,2 of 5,0 of 0,0 of 0,0 of 3,1 of 1,1 of 1,5 of 9,2 of 2,0 of 0,6 of 10,1 of 1,0 of 0,,,,,,,,,,,,,,,,,,,,,,,,
"May 02, 2026",Jonathan Micallef,Themba Gorimbo,http://ufcstats.com/fight-details/7ac4ae301ed699ab,W,Decision - Split,3,5:00,0,6 of 20,11 of 26,1 of 1,0,0,2:11,0,11 of 23,23 of 35,0 of 0,0,0,0:49,2 of 16,3 of 3,1 of 1,3 of 14,2 of 4,1 of 2,5 of 17,1 of 1,5 of 5,9 of 20,2 of 3,0 of 0,0,4 of 7,7 of 15,0 of 3,0,1,0:57,0,5 of 15,23 of 40,1 of 2,0,0,3:41,0,45 of 85,65 of 106,0 of 0,0,0,0:18,0,23 of 52,28 of 57,1 of 3,0,0,0:55,,,,,,,,,,,,,,,,,,,,,,,,,,,,,1 of 4,3 of 3,0 of 0,1 of 3,2 of 2,1 of 2,5 of 15,0 of 0,0 of 0,2 of 11,0 of 1,3 of 3,36 of 74,7 of 9,2 of 2,42 of 82,3 of 3,0 of 0,12 of 38,2 of 5,9 of 9,23 of 52,0 of 0,0 of 0,,,,,,,,,,,,,,,,,,,,,,,,
"May 02, 2026",Dom Mar Fan,Kody Steele,http://ufcstats.com/fight-details/610a640a0cd81ce5,L,Submission,1,3:56,0,1 of 2,3 of 5,0 of 0,0,1,0:28,0,1 of 1,19 of 25,1 of 1,1,0,1:44,0 of 0,0 of 1,1 of 1,1 of 2,0 of 0,0 of 0,1 of 1,0 of 0,0 of 0,1 of 1,0 of 0,0 of 0,,,,,,,,,,,,,,,,,,,,,,,,,,,,,,,,,,,,,,,,,,,,,,,,,,,,,,,,,,,,,,,,,,,,,,,,,,,,,,,,,,,,,,,,,,,,,,,,,,,,,,,,
"April 25, 2026",Montel Jackson,Raoni Barcelos,http://ufcstats.com/fight-details/348de8e364ecf041,L,Decision - Split,3,5:00,1,14 of 24,46 of 57,0 of 0,0,0,0:23,0,3 of 4,7 of 8,2 of 4,1,0,2:49,10 of 20,4 of 4,0 of 0,7 of 13,1 of 3,6 of 8,0 of 0,2 of 3,1 of 1,2 of 3,0 of 0,1 of 1,0,13 of 19,15 of 21,0 of 0,0,0,0:00,0,8 of 17,15 of 25,1 of 7,1,0,2:14,0,8 of 23,11 of 26,0 of 0,0,0,0:00,0,10 of 17,11 of 18,3 of 7,0,0,2:42,,,,,,,,,,,,,,,,,,,,,,,,,,,,,9 of 15,3 of 3,1 of 1,11 of 17,2 of 2,0 of 0,2 of 7,3 of 5,3 of 5,6 of 15,2 of 2,0 of 0,7 of 22,1 of 1,0 of 0,8 of 23,0 of 0,0 of 0,5 of 11,3 of 3,2 of 3,5 of 12,5 of 5,0 of 0,,,,,,,,,,,,,,,,,,,,,,,,
"April 25, 2026",Marcus Buchecha,Ryan Spann,http://ufcstats.com/fight-details/7e551ddb1494a45f,L,KO/TKO,2,2:10,0,4 of 6,4 of 6,1 of 6,1,0,1:05,0,10 of 18,15 of 26,0 of 0,0,0,2:29,1 of 3,1 of 1,2 of 2,3 of 5,0 of 0,1 of 1,7 of 14,3 of 4,0 of 0,3 of 8,0 of 0,7 of 10,0,4 of 7,4 of 7,0 of 1,0,0,0:04,1,5 of 9,5 of 9,0 of 0,0,0,0:27,,,,,,,,,,,,,,,,,,,,,,,,,,,,,,,,,,,,,,,,,,,3 of 5,0 of 0,1 of 2,4 of 7,0 of 0,0 of 0,4 of 8,0 of 0,1 of 1,5 of 9,0 of 0,0 of 0,,,,,,,,,,,,,,,,,,,,,,,,,,,,,,,,,,,,
"April 25, 2026",Jackson McVey,Sedriques Dumas,http://ufcstats.com/fight-details/ef1cd6371a3f18e0,W,Submission,1,2:14,1,21 of 29,38 of 50,0 of 0,1,0,2:03,0,3 of 4,9 of 11,0 of 0,0,0,0:02,16 of 22,5 of 7,0 of 0,2 of 4,5 of 7,14 of 18,0 of 0,2 of 3,1 of 1,1 of 1,2 of 3,0 of 0,,,,,,,,,,,,,,,,,,,,,,,,,,,,,,,,,,,,,,,,,,,,,,,,,,,,,,,,,,,,,,,,,,,,,,,,,,,,,,,,,,,,,,,,,,,,,,,,,,,,,,,,
"April 25, 2026",Jafel Filho,Cody Durden,http://ufcstats.com/fight-details/d421f3cd158fd055,L,Decision - Unanimous,3,5:00,0,3 of 12,9 of 18,1 of 1,0,1,2:00,0,11 of 23,36 of 50,2 of 2,0,0,1:20,1 of 7,1 of 4,1 of 1,3 of 11,0 of 1,0 of 0,8 of 18,2 of 3,1 of 2,3 of 14,2 of 3,6 of 6,0,8 of 28,17 of 39,1 of 1,0,0,0:44,0,15 of 34,21 of 41,2 of 2,0,0,0:37,0,12 of 23,24 of 36,0 of 1,0,0,0:24,0,8 of 15,34 of 45,1 of 1,1,0,3:17,,,,,,,,,,,,,,,,,,,,,,,,,,,,,2 of 19,2 of 5,4 of 4,7 of 26,1 of 2,0 of 0,6 of 24,1 of 2,8 of 8,14 of 33,1 of 1,0 of 0,7 of 18,4 of 4,1 of 1,6 of 17,6 of 6,0 of 0,7 of 12,1 of 1,0 of 2,7 of 14,0 of 0,1 of 1,,,,,,,,,,,,,,,,,,,,,,,,
"April 25, 2026",Francis Marshall,Lucas Brennan,http://ufcstats.com/fight-details/c7fb90f1355291e4,W,Decision - Unanimous,3,5:00,0,9 of 16,16 of 24,1 of 1,0,0,3:28,0,2 of 8,9 of 16,0 of 2,1,0,0:13,7 of 14,0 of 0,2 of 2,7 of 14,1 of 1,1 of 1,1 of 4,0 of 3,1 of 1,2 of 7,0 of 1,0 of 0,0,8 of 10,27 of 31,1 of 1,0,0,3:08,0,1 of 7,5 of 11,0 of 1,0,0,0:34,0,16 of 43,17 of 44,0 of 1,0,0,0:00,0,6 of 21,6 of 21,0 of 3,0,0,0:00,,,,,,,,,,,,,,,,,,,,,,,,,,,,,7 of 9,1 of 1,0 of 0,6 of 8,2 of 2,0 of 0,1 of 5,0 of 2,0 of 0,1 of 7,0 of 0,0 of 0,12 of 36,2 of 5,2 of 2,15 of 42,1 of 1,0 of 0,2 of 14,2 of 5,2 of 2,6 of 21,0 of 0,0 of 0,,,,,,,,,,,,,,,,,,,,,,,,
"April 25, 2026",Max Griffin,Victor Valenzuela,http://ufcstats.com/fight-details/2e7f8d0ad385876d,L,Decision - Unanimous,3,5:00,0,10 of 24,11 of 25,1 of 1,0,0,0:21,0,12 of 29,12 of 29,0 of 1,0,0,0:00,10 of 24,0 of 0,0 of 0,10 of 23,0 of 0,0 of 1,5 of 19,5 of 6,2 of 4,12 of 29,0 of 0,0 of 0,0,10 of 27,10 of 27,2 of 4,0,0,0:19,0,12 of 28,12 of 28,1 of 1,0,0,0:32,0,20 of 38,22 of 42,1 of 4,0,0,0:23,0,29 of 60,29 of 60,0 of 0,0,0,0:04,,,,,,,,,,,,,,,,,,,,,,,,,,,,,7 of 22,0 of 1,3 of 4,8 of 24,2 of 3,0 of 0,6 of 20,4 of 6,2 of 2,12 of 27,0 of 1,0 of 0,19 of 37,1 of 1,0 of 0,19 of 37,1 of 1,0 of 0,22 of 52,6 of 7,1 of 1,26 of 55,3 of 5,0 of 0,,,,,,,,,,,,,,,,,,,,,,,,
"April 25, 2026",Talita Alencar,Julia Polastri,http://ufcstats.com/fight-details/0df4f4ac27cf2d26,W,Decision - Unanimous,3,5:00,0,12 of 49,16 of 53,2 of 2,0,0,1:00,0,21 of 26,27 of 34,0 of 0,0,0,0:04,3 of 35,4 of 8,5 of 6,9 of 45,0 of 0,3 of 4,8 of 11,5 of 6,8 of 9,17 of 20,4 of 6,0 of 0,0,20 of 65,36 of 82,1 of 3,0,0,1:27,0,27 of 40,30 of 46,0 of 0,0,0,0:00,0,28 of 81,28 of 81,0 of 0,0,0,0:00,0,30 of 45,30 of 45,0 of 0,0,0,0:00,,,,,,,,,,,,,,,,,,,,,,,,,,,,,14 of 56,6 of 9,0 of 0,17 of 62,1 of 1,2 of 2,18 of 31,5 of 5,4 of 4,27 of 40,0 of 0,0 of 0,17 of 60,9 of 18,2 of 3,28 of 81,0 of 0,0 of 0,22 of 36,2 of 3,6 of 6,28 of 43,2 of 2,0 of 0,,,,,,,,,,,,,,,,,,,,,,,,
"April 18, 2026",Gilbert Burns,Mike Malott,http://ufcstats.com/fight-details/32054bf2b36b0e47,L,KO/TKO,3,2:08,0,11 of 38,12 of 39,0 of 4,0,0,0:00,0,13 of 34,13 of 34,0 of 0,0,0,0:00,3 of 26,5 of 7,3 of 5,10 of 36,1 of 2,0 of 0,10 of 31,1 of 1,2 of 2,13 of 32,0 of 2,0 of 0,0,23 of 37,24 of 38,0 of 2,0,0,0:00,0,22 of 53,22 of 53,0 of 0,0,0,0:00,0,6 of 17,6 of 17,0 of 1,0,0,0:01,2,21 of 34,21 of 34,0 of 0,0,0,0:14,,,,,,,,,,,,,,,,,,,,,,,,,,,,,11 of 23,3 of 3,9 of 11,23 of 37,0 of 0,0 of 0,21 of 48,1 of 4,0 of 1,22 of 53,0 of 0,0 of 0,2 of 11,2 of 2,2 of 4,6 of 16,0 of 1,0 of 0,20 of 33,1 of 1,0 of 0,9 of 18,1 of 2,11 of 14,,,,,,,,,,,,,,,,,,,,,,,,
"April 18, 2026",Kyler Phillips,Charles Jourdain,http://ufcstats.com/fight-details/b5299e5b946015e5,L,Decision - Unanimous,3,5:00,0,6 of 12,14 of 21,3 of 4,0,0,3:51,0,5 of 10,15 of 22,0 of 0,0,0,0:00,5 of 10,0 of 1,1 of 1,4 of 10,0 of 0,2 of 2,3 of 6,2 of 4,0 of 0,4 of 9,1 of 1,0 of 0,0,10 of 22,12 of 26,2 of 4,0,0,1:36,0,22 of 42,38 of 63,1 of 1,0,1,0:21,0,20 of 43,22 of 45,2 of 5,0,0,1:46,0,31 of 52,35 of 57,0 of 3,0,0,0:00,,,,,,,,,,,,,,,,,,,,,,,,,,,,,6 of 18,4 of 4,0 of 0,10 of 22,0 of 0,0 of 0,8 of 22,12 of 18,2 of 2,13 of 32,9 of 10,0 of 0,17 of 40,2 of 2,1 of 1,20 of 43,0 of 0,0 of 0,17 of 34,12 of 15,2 of 3,24 of 45,7 of 7,0 of 0,,,,,,,,,,,,,,,,,,,,,,,,
"April 18, 2026",Mandel Nallo,Jai Herbert,http://ufcstats.com/fight-details/e644218737c1a778,L,KO/TKO,1,2:05,1,16 of 31,16 of 31,0 of 0,0,0,0:10,2,19 of 28,30 of 43,0 of 0,0,0,0:27,13 of 28,1 of 1,2 of 2,15 of 30,1 of 1,0 of 0,18 of 27,0 of 0,1 of 1,7 of 14,0 of 1,12 of 13,,,,,,,,,,,,,,,,,,,,,,,,,,,,,,,,,,,,,,,,,,,,,,,,,,,,,,,,,,,,,,,,,,,,,,,,,,,,,,,,,,,,,,,,,,,,,,,,,,,,,,,,
"April 18, 2026",Jasmine Jasudavicius,Karine Silva,http://ufcstats.com/fight-details/5a209522211d7530,W,Decision - Unanimous,3,5:00,0,1 of 17,5 of 22,1 of 2,0,0,1:49,0,7 of 12,36 of 45,0 of 0,0,0,0:00,0 of 13,1 of 4,0 of 0,1 of 17,0 of 0,0 of 0,2 of 6,1 of 1,4 of 5,6 of 11,1 of 1,0 of 0,0,9 of 37,20 of 50,1 of 2,0,0,2:20,0,4 of 21,12 of 31,0 of 0,1,0,0:00,0,8 of 22,47 of 66,1 of 1,0,0,4:00,0,4 of 10,40 of 51,0 of 0,1,0,0:00,,,,,,,,,,,,,,,,,,,,,,,,,,,,,4 of 32,3 of 3,2 of 2,8 of 35,1 of 2,0 of 0,2 of 17,0 of 2,2 of 2,4 of 21,0 of 0,0 of 0,7 of 20,1 of 2,0 of 0,8 of 22,0 of 0,0 of 0,1 of 7,0 of 0,3 of 3,4 of 10,0 of 0,0 of 0,,,,,,,,,,,,,,,,,,,,,,,,
"April 18, 2026",Thiago Moises,Gauge Young,http://ufcstats.com/fight-details/a661c0bee7c8d5af,L,Decision - Split,3,5:00,0,8 of 13,9 of 15,2 of 6,0,0,2:22,0,9 of 23,13 of 29,0 of 0,0,1,0:17,4 of 9,1 of 1,3 of 3,6 of 11,1 of 1,1 of 1,2 of 16,0 of 0,7 of 7,9 of 23,0 of 0,0 of 0,0,14 of 38,14 of 38,0 of 4,0,0,0:11,0,44 of 88,44 of 88,0 of 0,0,0,0:08,0,23 of 50,23 of 50,0 of 5,0,0,0:00,1,69 of 115,74 of 120,0 of 0,0,0,0:42,,,,,,,,,,,,,,,,,,,,,,,,,,,,,9 of 27,0 of 1,5 of 10,14 of 37,0 of 1,0 of 0,19 of 60,12 of 14,13 of 14,43 of 87,1 of 1,0 of 0,21 of 45,0 of 1,2 of 4,22 of 49,1 of 1,0 of 0,41 of 81,15 of 20,13 of 14,62 of 101,1 of 1,6 of 13,,,,,,,,,,,,,,,,,,,,,,,,
"April 18, 2026",Dennis Buzukja,Marcio Barbosa,http://ufcstats.com/fight-details/678440bd8274a18e,L,KO/TKO,1,1:20,0,5 of 13,5 of 13,0 of 0,0,0,0:00,1,4 of 8,4 of 8,0 of 0,0,0,0:00,0 of 6,2 of 4,3 of 3,5 of 13,0 of 0,0 of 0,4 of 8,0 of 0,0 of 0,4 of 8,0 of 0,0 of 0,,,,,,,,,,,,,,,,,,,,,,,,,,,,,,,,,,,,,,,,,,,,,,,,,,,,,,,,,,,,,,,,,,,,,,,,,,,,,,,,,,,,,,,,,,,,,,,,,,,,,,,,
"April 18, 2026",John Castaneda,Mark Vologdin,http://ufcstats.com/fight-details/552f7cdaf93e1055,D,Decision - Majority,3,5:00,0,25 of 44,28 of 47,0 of 0,0,0,0:32,0,24 of 52,29 of 57,0 of 0,0,0,0:05,8 of 22,4 of 7,13 of 15,25 of 44,0 of 0,0 of 0,10 of 30,6 of 9,8 of 13,23 of 51,1 of 1,0 of 0,0,45 of 86,49 of 90,0 of 0,0,0,0:11,0,38 of 69,38 of 69,0 of 3,0,0,0:25,0,65 of 123,83 of 142,0 of 0,0,0,0:32,0,29 of 96,29 of 96,1 of 3,0,0,0:01,,,,,,,,,,,,,,,,,,,,,,,,,,,,,24 of 59,3 of 8,18 of 19,44 of 83,1 of 2,0 of 1,23 of 53,13 of 14,2 of 2,37 of 68,1 of 1,0 of 0,47 of 100,12 of 16,6 of 7,55 of 106,9 of 16,1 of 1,20 of 82,7 of 11,2 of 3,24 of 83,5 of 13,0 of 0,,,,,,,,,,,,,,,,,,,,,,,,
"April 11, 2026",Azamat Murzakanov,Paulo Costa,http://ufcstats.com/fight-details/aade9d76ac6c6aef,L,KO/TKO,3,1:23,0,7 of 26,7 of 26,0 of 0,0,0,0:00,0,21 of 31,23 of 33,0 of 0,0,0,0:31,6 of 23,1 of 3,0 of 0,6 of 25,1 of 1,0 of 0,8 of 14,5 of 9,8 of 8,14 of 22,2 of 2,5 of 7,0,23 of 38,23 of 38,1 of 2,1,0,0:20,0,19 of 31,23 of 35,0 of 1,0,1,0:49,0,4 of 6,4 of 6,0 of 0,0,0,0:00,1,15 of 18,15 of 18,0 of 0,0,0,0:00,,,,,,,,,,,,,,,,,,,,,,,,,,,,,16 of 30,7 of 8,0 of 0,20 of 34,3 of 4,0 of 0,9 of 17,7 of 10,3 of 4,15 of 26,4 of 5,0 of 0,4 of 6,0 of 0,0 of 0,4 of 6,0 of 0,0 of 0,10 of 13,4 of 4,1 of 1,15 of 18,0 of 0,0 of 0,,,,,,,,,,,,,,,,,,,,,,,,
"April 11, 2026",Curtis Blaydes,Josh Hokit,http://ufcstats.com/fight-details/903552edaba48f4a,L,Decision - Unanimous,3,5:00,0,58 of 108,77 of 128,2 of 4,0,0,2:05,0,41 of 80,41 of 80,0 of 1,0,0,0:00,54 of 104,3 of 3,1 of 1,31 of 76,25 of 29,2 of 3,41 of 80,0 of 0,0 of 0,37 of 73,4 of 7,0 of 0,0,56 of 91,69 of 106,0 of 2,0,0,0:00,0,54 of 86,55 of 87,0 of 0,0,0,0:20,0,60 of 103,68 of 111,0 of 1,0,0,0:00,0,82 of 127,85 of 131,0 of 0,0,0,0:11,,,,,,,,,,,,,,,,,,,,,,,,,,,,,42 of 77,12 of 12,2 of 2,31 of 62,25 of 29,0 of 0,49 of 80,5 of 6,0 of 0,46 of 75,8 of 11,0 of 0,55 of 95,2 of 4,3 of 4,50 of 88,10 of 15,0 of 0,74 of 118,8 of 9,0 of 0,63 of 104,19 of 23,0 of 0,,,,,,,,,,,,,,,,,,,,,,,,
"April 11, 2026",Kevin Holland,Randy Brown,http://ufcstats.com/fight-details/b4e16fb13153efdc,W,Decision - Unanimous,3,5:00,0,20 of 34,48 of 62,0 of 0,0,0,1:41,0,18 of 39,23 of 46,0 of 0,0,0,0:00,9 of 20,1 of 1,10 of 13,14 of 26,0 of 0,6 of 8,8 of 26,5 of 5,5 of 8,14 of 35,1 of 1,3 of 3,0,19 of 31,25 of 37,0 of 2,2,0,1:42,0,14 of 26,19 of 32,0 of 2,0,0,0:18,0,17 of 26,64 of 77,0 of 1,0,0,0:42,0,14 of 30,25 of 43,0 of 2,0,0,2:25,,,,,,,,,,,,,,,,,,,,,,,,,,,,,6 of 18,4 of 4,9 of 9,16 of 27,3 of 4,0 of 0,8 of 15,5 of 8,1 of 3,10 of 21,4 of 5,0 of 0,9 of 17,5 of 6,3 of 3,9 of 15,8 of 11,0 of 0,9 of 24,4 of 4,1 of 2,7 of 19,7 of 11,0 of 0,,,,,,,,,,,,,,,,,,,,,,,,
"April 11, 2026",Mateusz Gamrot,Esteban Ribovics,http://ufcstats.com/fight-details/62b5ce408c150fa8,W,Submission,2,4:19,0,14 of 21,24 of 33,2 of 3,0,0,3:55,0,1 of 12,3 of 15,0 of 0,0,0,0:00,11 of 17,3 of 4,0 of 0,3 of 10,0 of 0,11 of 11,0 of 8,0 of 1,1 of 3,1 of 12,0 of 0,0 of 0,0,4 of 13,14 of 23,2 of 3,1,0,2:55,0,3 of 9,13 of 19,0 of 0,0,0,0:00,,,,,,,,,,,,,,,,,,,,,,,,,,,,,,,,,,,,,,,,,,,4 of 12,0 of 1,0 of 0,1 of 8,0 of 0,3 of 5,2 of 7,0 of 1,1 of 1,3 of 9,0 of 0,0 of 0,,,,,,,,,,,,,,,,,,,,,,,,,,,,,,,,,,,,
"April 11, 2026",Chris Padilla,MarQuel Mederos,http://ufcstats.com/fight-details/81d20c833e9a76eb,D,Decision - Majority,3,5:00,0,40 of 66,44 of 71,0 of 1,0,0,0:58,0,27 of 41,28 of 43,0 of 3,0,0,0:15,20 of 40,8 of 11,12 of 15,31 of 56,9 of 10,0 of 0,14 of 27,6 of 6,7 of 8,20 of 34,7 of 7,0 of 0,0,63 of 119,71 of 129,0 of 1,0,0,0:14,0,44 of 75,46 of 77,1 of 2,0,0,0:01,0,44 of 86,49 of 91,1 of 2,0,0,0:57,0,41 of 64,43 of 66,0 of 1,0,0,0:00,,,,,,,,,,,,,,,,,,,,,,,,,,,,,23 of 62,11 of 14,29 of 43,61 of 113,2 of 6,0 of 0,32 of 62,3 of 4,9 of 9,42 of 71,2 of 4,0 of 0,28 of 62,11 of 15,5 of 9,32 of 73,11 of 12,1 of 1,35 of 58,3 of 3,3 of 3,29 of 50,12 of 14,0 of 0,,,,,,,,,,,,,,,,,,,,,,,,
"April 04, 2026",Renato Moicano,Chris Duncan,http://ufcstats.com/fight-details/d69bd8e53ec858dc,W,Submission,2,3:14,0,14 of 20,16 of 22,0 of 2,0,0,1:13,0,17 of 38,19 of 41,0 of 1,0,0,0:01,10 of 16,3 of 3,1 of 1,13 of 19,1 of 1,0 of 0,3 of 22,3 of 3,11 of 13,15 of 36,2 of 2,0 of 0,0,7 of 16,46 of 62,1 of 2,1,0,2:03,0,10 of 24,11 of 25,0 of 1,0,0,0:00,,,,,,,,,,,,,,,,,,,,,,,,,,,,,,,,,,,,,,,,,,,6 of 15,1 of 1,0 of 0,7 of 15,0 of 0,0 of 1,5 of 17,2 of 4,3 of 3,10 of 24,0 of 0,0 of 0,,,,,,,,,,,,,,,,,,,,,,,,,,,,,,,,,,,,
"April 04, 2026",Abdul Rakhman Yakhyaev,Brendson Ribeiro,http://ufcstats.com/fight-details/ad487d1c6141d90a,W,Submission,1,2:52,0,7 of 15,23 of 38,2 of 3,1,0,1:56,0,8 of 17,8 of 17,0 of 0,0,0,0:00,6 of 14,1 of 1,0 of 0,3 of 11,0 of 0,4 of 4,5 of 13,1 of 1,2 of 3,8 of 17,0 of 0,0 of 0,,,,,,,,,,,,,,,,,,,,,,,,,,,,,,,,,,,,,,,,,,,,,,,,,,,,,,,,,,,,,,,,,,,,,,,,,,,,,,,,,,,,,,,,,,,,,,,,,,,,,,,,
"April 04, 2026",Tommy McMillen,Manolo Zecchini,http://ufcstats.com/fight-details/c27bec45d5a29a2c,W,KO/TKO,1,3:57,1,74 of 134,76 of 138,0 of 0,0,0,0:06,0,20 of 61,21 of 64,0 of 0,0,0,0:15,51 of 98,23 of 36,0 of 0,62 of 113,9 of 16,3 of 5,14 of 48,6 of 12,0 of 1,19 of 56,1 of 5,0 of 0,,,,,,,,,,,,,,,,,,,,,,,,,,,,,,,,,,,,,,,,,,,,,,,,,,,,,,,,,,,,,,,,,,,,,,,,,,,,,,,,,,,,,,,,,,,,,,,,,,,,,,,,
"April 04, 2026",Jose Delano,Robert Ruchala,http://ufcstats.com/fight-details/7924f10aac3543de,W,Decision - Unanimous,3,5:00,0,21 of 42,26 of 47,0 of 1,0,0,0:00,0,25 of 62,25 of 62,0 of 1,0,0,0:35,10 of 30,10 of 11,1 of 1,16 of 36,5 of 6,0 of 0,12 of 37,9 of 16,4 of 9,24 of 60,1 of 2,0 of 0,0,44 of 65,51 of 72,0 of 1,0,0,0:00,0,20 of 65,20 of 65,0 of 1,0,0,0:03,0,42 of 65,50 of 74,0 of 3,0,0,0:38,0,22 of 71,24 of 73,0 of 1,0,0,0:30,,,,,,,,,,,,,,,,,,,,,,,,,,,,,36 of 55,7 of 8,1 of 2,34 of 52,10 of 13,0 of 0,9 of 48,8 of 10,3 of 7,16 of 60,4 of 5,0 of 0,25 of 47,17 of 18,0 of 0,34 of 55,8 of 10,0 of 0,19 of 64,3 of 6,0 of 1,20 of 68,2 of 3,0 of 0,,,,,,,,,,,,,,,,,,,,,,,,
"April 04, 2026",Guilherme Pat,Thomas Petersen,http://ufcstats.com/fight-details/0760bc02280574dd,L,Decision - Majority,3,5:00,0,8 of 11,8 of 11,0 of 0,0,0,0:00,0,4 of 9,28 of 35,0 of 3,0,0,2:03,3 of 6,1 of 1,4 of 4,8 of 10,0 of 1,0 of 0,2 of 6,0 of 1,2 of 2,3 of 8,1 of 1,0 of 0,0,7 of 17,12 of 22,0 of 0,0,0,0:00,0,8 of 12,27 of 33,0 of 1,0,0,1:55,0,2 of 3,5 of 9,0 of 0,0,0,0:00,1,16 of 20,109 of 131,0 of 1,0,0,4:38,,,,,,,,,,,,,,,,,,,,,,,,,,,,,4 of 13,2 of 2,1 of 2,6 of 16,1 of 1,0 of 0,5 of 8,1 of 2,2 of 2,7 of 11,1 of 1,0 of 0,2 of 3,0 of 0,0 of 0,2 of 3,0 of 0,0 of 0,15 of 19,1 of 1,0 of 0,0 of 1,2 of 3,14 of 16,,,,,,,,,,,,,,,,,,,,,,,,
"April 04, 2026",Alessandro Costa,Stewart Nicoll,http://ufcstats.com/fight-details/af2a9d47ca8115e4,W,KO/TKO,2,4:56,0,20 of 46,20 of 46,0 of 0,0,0,0:00,0,27 of 59,27 of 59,0 of 1,0,0,0:02,11 of 34,4 of 4,5 of 8,20 of 46,0 of 0,0 of 0,13 of 42,5 of 7,9 of 10,27 of 59,0 of 0,0 of 0,1,23 of 43,27 of 51,2 of 3,0,0,1:18,0,20 of 40,20 of 40,0 of 4,0,0,0:04,,,,,,,,,,,,,,,,,,,,,,,,,,,,,,,,,,,,,,,,,,,15 of 33,7 of 9,1 of 1,21 of 39,1 of 3,1 of 1,13 of 31,7 of 9,0 of 0,20 of 40,0 of 0,0 of 0,,,,,,,,,,,,,,,,,,,,,,,,,,,,,,,,,,,,
"April 04, 2026",Lando Vannata,Darrius Flowers,http://ufcstats.com/fight-details/9c9c26679701b84d,L,KO/TKO,2,0:52,0,22 of 29,26 of 35,2 of 6,0,0,2:16,0,17 of 30,35 of 53,1 of 1,1,0,0:18,17 of 23,4 of 5,1 of 1,15 of 20,3 of 3,4 of 6,9 of 22,3 of 3,5 of 5,12 of 23,1 of 1,4 of 6,0,5 of 7,5 of 7,0 of 1,0,0,0:00,0,3 of 6,9 of 16,1 of 1,0,0,0:05,,,,,,,,,,,,,,,,,,,,,,,,,,,,,,,,,,,,,,,,,,,2 of 2,1 of 3,2 of 2,5 of 7,0 of 0,0 of 0,1 of 4,1 of 1,1 of 1,3 of 6,0 of 0,0 of 0,,,,,,,,,,,,,,,,,,,,,,,,,,,,,,,,,,,,
"April 04, 2026",Alice Pereira,Hailey Cowan,http://ufcstats.com/fight-details/74bb036ef0493bf7,W,KO/TKO,2,4:24,0,24 of 50,37 of 63,0 of 0,0,0,0:00,0,18 of 44,30 of 59,1 of 2,0,0,1:07,14 of 36,9 of 13,1 of 1,21 of 45,3 of 5,0 of 0,11 of 31,7 of 11,0 of 2,11 of 36,7 of 8,0 of 0,1,8 of 21,49 of 65,0 of 0,0,0,0:03,0,13 of 20,26 of 38,1 of 1,0,0,3:09,,,,,,,,,,,,,,,,,,,,,,,,,,,,,,,,,,,,,,,,,,,7 of 18,1 of 2,0 of 1,6 of 19,0 of 0,2 of 2,6 of 11,3 of 5,4 of 4,12 of 17,0 of 0,1 of 3,,,,,,,,,,,,,,,,,,,,,,,,,,,,,,,,,,,,
"April 04, 2026",Dione Barbosa,Melissa Gatto,http://ufcstats.com/fight-details/caf13346cbcfdb03,W,Decision - Majority,3,5:00,0,16 of 37,35 of 58,0 of 3,0,0,1:15,0,21 of 48,27 of 59,1 of 5,0,0,1:11,12 of 31,2 of 4,2 of 2,12 of 30,3 of 5,1 of 2,7 of 26,7 of 13,7 of 9,20 of 45,1 of 3,0 of 0,0,9 of 20,34 of 51,2 of 2,0,0,2:20,0,5 of 7,23 of 30,2 of 6,0,0,1:55,0,5 of 10,39 of 45,1 of 1,1,1,2:31,0,7 of 12,14 of 20,0 of 1,0,1,1:42,,,,,,,,,,,,,,,,,,,,,,,,,,,,,6 of 17,3 of 3,0 of 0,4 of 14,2 of 2,3 of 4,2 of 4,1 of 1,2 of 2,4 of 6,1 of 1,0 of 0,1 of 5,4 of 5,0 of 0,0 of 5,0 of 0,5 of 5,5 of 10,1 of 1,1 of 1,6 of 11,0 of 0,1 of 1,,,,,,,,,,,,,,,,,,,,,,,,
"March 28, 2026",Israel Adesanya,Joe Pyfer,http://ufcstats.com/fight-details/85e94a6c071fd9fa,L,KO/TKO,2,4:18,0,24 of 42,37 of 56,0 of 0,0,0,0:00,0,9 of 23,9 of 23,1 of 4,0,0,1:01,13 of 30,2 of 2,9 of 10,24 of 42,0 of 0,0 of 0,7 of 19,1 of 2,1 of 2,6 of 17,1 of 4,2 of 2,0,18 of 33,21 of 36,0 of 2,0,0,0:00,0,27 of 47,43 of 67,1 of 4,0,0,1:43,,,,,,,,,,,,,,,,,,,,,,,,,,,,,,,,,,,,,,,,,,,9 of 24,6 of 6,3 of 3,18 of 32,0 of 1,0 of 0,26 of 45,1 of 1,0 of 1,12 of 25,1 of 3,14 of 19,,,,,,,,,,,,,,,,,,,,,,,,,,,,,,,,,,,,
"March 28, 2026",Alexa Grasso,Maycee Barber,http://ufcstats.com/fight-details/9a0ecee6e8ca173f,W,KO/TKO,1,2:42,1,12 of 38,12 of 38,0 of 0,1,0,0:02,0,5 of 25,5 of 25,0 of 0,0,0,0:00,8 of 31,0 of 0,4 of 7,11 of 37,0 of 0,1 of 1,4 of 24,0 of 0,1 of 1,5 of 25,0 of 0,0 of 0,,,,,,,,,,,,,,,,,,,,,,,,,,,,,,,,,,,,,,,,,,,,,,,,,,,,,,,,,,,,,,,,,,,,,,,,,,,,,,,,,,,,,,,,,,,,,,,,,,,,,,,,
"March 28, 2026",Julian Erosa,Lerryan Douglas,http://ufcstats.com/fight-details/f9f5071b993a5f4b,L,KO/TKO,1,3:33,0,17 of 46,18 of 47,0 of 0,0,0,0:03,2,29 of 48,30 of 49,0 of 0,0,0,0:05,13 of 40,2 of 2,2 of 4,16 of 45,1 of 1,0 of 0,18 of 37,3 of 3,8 of 8,25 of 39,2 of 6,2 of 3,,,,,,,,,,,,,,,,,,,,,,,,,,,,,,,,,,,,,,,,,,,,,,,,,,,,,,,,,,,,,,,,,,,,,,,,,,,,,,,,,,,,,,,,,,,,,,,,,,,,,,,,
"March 28, 2026",Mansur Abdul-Malik,Yousri Belgaroui,http://ufcstats.com/fight-details/e32dc26b11d1f81d,L,KO/TKO,3,3:39,0,7 of 24,7 of 24,0 of 0,0,0,0:00,0,22 of 47,22 of 47,0 of 0,0,0,0:00,3 of 14,1 of 4,3 of 6,7 of 24,0 of 0,0 of 0,3 of 18,6 of 13,13 of 16,22 of 47,0 of 0,0 of 0,0,7 of 20,7 of 21,2 of 4,0,0,1:20,1,44 of 63,55 of 74,0 of 0,0,0,0:51,0,2 of 16,2 of 16,1 of 4,0,0,0:47,1,28 of 46,30 of 49,0 of 0,0,0,0:08,,,,,,,,,,,,,,,,,,,,,,,,,,,,,5 of 17,2 of 3,0 of 0,5 of 15,2 of 5,0 of 0,30 of 47,10 of 12,4 of 4,31 of 46,11 of 14,2 of 3,2 of 14,0 of 2,0 of 0,2 of 16,0 of 0,0 of 0,21 of 38,6 of 7,1 of 1,22 of 40,6 of 6,0 of 0,,,,,,,,,,,,,,,,,,,,,,,,
"March 28, 2026",Terrance McKinney,Kyle Nelson,http://ufcstats.com/fight-details/a76e14495e61cf19,W,KO/TKO,1,0:24,0,13 of 27,15 of 29,0 of 0,0,0,0:13,0,1 of 3,1 of 3,0 of 0,0,0,0:00,12 of 26,1 of 1,0 of 0,5 of 5,0 of 0,8 of 22,0 of 2,0 of 0,1 of 1,1 of 3,0 of 0,0 of 0,,,,,,,,,,,,,,,,,,,,,,,,,,,,,,,,,,,,,,,,,,,,,,,,,,,,,,,,,,,,,,,,,,,,,,,,,,,,,,,,,,,,,,,,,,,,,,,,,,,,,,,,
"March 28, 2026",Chase Hooper,Lance Gibson Jr.,http://ufcstats.com/fight-details/689384b01b40ef5c,L,KO/TKO,1,2:56,0,11 of 32,13 of 34,0 of 2,0,0,0:06,1,13 of 22,19 of 28,0 of 0,0,0,0:07,3 of 18,5 of 8,3 of 6,11 of 31,0 of 1,0 of 0,6 of 13,2 of 3,5 of 6,7 of 14,6 of 8,0 of 0,,,,,,,,,,,,,,,,,,,,,,,,,,,,,,,,,,,,,,,,,,,,,,,,,,,,,,,,,,,,,,,,,,,,,,,,,,,,,,,,,,,,,,,,,,,,,,,,,,,,,,,,
"March 28, 2026",Navajo Stirling,Bruno Lopes,http://ufcstats.com/fight-details/dbf1ee1a1912c735,W,KO/TKO,2,4:05,0,22 of 54,23 of 57,0 of 0,0,0,0:08,0,16 of 36,23 of 43,0 of 4,0,0,0:50,5 of 28,13 of 17,4 of 9,21 of 53,1 of 1,0 of 0,9 of 25,3 of 5,4 of 6,12 of 31,4 of 5,0 of 0,1,41 of 65,67 of 100,0 of 0,0,0,1:23,0,12 of 27,13 of 28,0 of 4,0,0,0:10,,,,,,,,,,,,,,,,,,,,,,,,,,,,,,,,,,,,,,,,,,,25 of 46,8 of 10,8 of 9,22 of 43,1 of 2,18 of 20,6 of 17,3 of 4,3 of 6,11 of 26,1 of 1,0 of 0,,,,,,,,,,,,,,,,,,,,,,,,,,,,,,,,,,,,
"March 28, 2026",Ricky Simon,Adrian Yanez,http://ufcstats.com/fight-details/a997593977ba8cad,D,Decision - Majority,3,5:00,0,12 of 55,12 of 55,0 of 1,0,0,0:00,0,16 of 46,16 of 46,0 of 0,0,0,0:00,9 of 48,1 of 4,2 of 3,12 of 55,0 of 0,0 of 0,15 of 45,1 of 1,0 of 0,16 of 46,0 of 0,0 of 0,0,15 of 35,23 of 45,2 of 3,0,0,2:06,0,15 of 29,16 of 30,0 of 0,0,0,0:00,0,17 of 49,17 of 49,0 of 1,0,0,0:00,1,40 of 94,41 of 95,0 of 0,0,0,0:06,,,,,,,,,,,,,,,,,,,,,,,,,,,,,13 of 31,1 of 3,1 of 1,9 of 28,2 of 2,4 of 5,13 of 26,2 of 3,0 of 0,15 of 29,0 of 0,0 of 0,11 of 42,5 of 6,1 of 1,17 of 49,0 of 0,0 of 0,35 of 88,3 of 4,2 of 2,36 of 81,0 of 0,4 of 13,,,,,,,,,,,,,,,,,,,,,,,,
"March 28, 2026",Alexia Thainara,Bruna Brasil,http://ufcstats.com/fight-details/796e1151896195aa,W,Decision - Unanimous,3,5:00,0,29 of 59,41 of 75,3 of 5,1,0,2:16,0,16 of 23,25 of 33,0 of 0,0,0,0:00,11 of 32,8 of 14,10 of 13,25 of 55,2 of 2,2 of 2,5 of 11,5 of 5,6 of 7,15 of 22,1 of 1,0 of 0,0,28 of 51,59 of 85,1 of 3,0,0,3:45,0,15 of 20,33 of 39,0 of 1,0,0,0:00,0,16 of 40,37 of 67,2 of 3,1,0,3:33,0,6 of 13,14 of 22,0 of 0,0,0,0:00,,,,,,,,,,,,,,,,,,,,,,,,,,,,,14 of 34,12 of 14,2 of 3,18 of 37,6 of 8,4 of 6,4 of 8,10 of 11,1 of 1,10 of 15,5 of 5,0 of 0,7 of 25,5 of 9,4 of 6,10 of 27,4 of 8,2 of 5,4 of 10,0 of 1,2 of 2,6 of 13,0 of 0,0 of 0,,,,,,,,,,,,,,,,,,,,,,,,
"March 21, 2026",Luke Riley,Michael Aswell Jr.,http://ufcstats.com/fight-details/fa534aaa5b997a69,W,Decision - Unanimous,3,5:00,0,33 of 56,45 of 68,0 of 0,0,0,0:00,0,20 of 59,54 of 95,0 of 0,0,0,1:05,22 of 42,10 of 11,1 of 3,30 of 53,3 of 3,0 of 0,17 of 52,3 of 6,0 of 1,18 of 53,2 of 6,0 of 0,0,35 of 70,35 of 70,0 of 0,0,0,0:00,0,30 of 81,36 of 87,0 of 0,0,0,0:29,0,32 of 51,33 of 54,0 of 0,0,0,0:00,0,11 of 40,17 of 51,1 of 1,0,0,1:15,,,,,,,,,,,,,,,,,,,,,,,,,,,,,22 of 55,10 of 11,3 of 4,34 of 69,1 of 1,0 of 0,22 of 69,8 of 12,0 of 0,29 of 77,1 of 4,0 of 0,21 of 37,11 of 14,0 of 0,26 of 44,6 of 7,0 of 0,9 of 37,2 of 3,0 of 0,11 of 39,0 of 1,0 of 0,,,,,,,,,,,,,,,,,,,,,,,,
"March 21, 2026",Iwo Baraniewski,Austen Lane,http://ufcstats.com/fight-details/43e26b46cbb51985,W,KO/TKO,1,0:28,1,10 of 13,10 of 13,0 of 0,0,0,0:04,0,0 of 4,0 of 4,0 of 0,0,0,0:00,9 of 12,0 of 0,1 of 1,2 of 5,0 of 0,8 of 8,0 of 3,0 of 0,0 of 1,0 of 4,0 of 0,0 of 0,,,,,,,,,,,,,,,,,,,,,,,,,,,,,,,,,,,,,,,,,,,,,,,,,,,,,,,,,,,,,,,,,,,,,,,,,,,,,,,,,,,,,,,,,,,,,,,,,,,,,,,,
"March 21, 2026",Mario Pinto,Felipe Franco,http://ufcstats.com/fight-details/90187edeeda7e6d6,W,Decision - Unanimous,3,5:00,0,16 of 28,37 of 49,0 of 2,0,0,0:28,0,9 of 25,16 of 32,0 of 0,0,0,0:00,12 of 23,2 of 3,2 of 2,12 of 23,4 of 5,0 of 0,6 of 21,2 of 3,1 of 1,8 of 24,1 of 1,0 of 0,0,9 of 20,39 of 53,1 of 5,0,0,2:20,0,3 of 19,11 of 27,0 of 1,0,0,0:00,0,9 of 10,61 of 64,1 of 7,0,0,3:27,0,9 of 16,33 of 41,0 of 0,0,0,0:00,,,,,,,,,,,,,,,,,,,,,,,,,,,,,6 of 17,2 of 2,1 of 1,6 of 16,3 of 4,0 of 0,1 of 17,2 of 2,0 of 0,2 of 18,1 of 1,0 of 0,7 of 8,2 of 2,0 of 0,2 of 3,6 of 6,1 of 1,6 of 13,3 of 3,0 of 0,3 of 9,6 of 7,0 of 0,,,,,,,,,,,,,,,,,,,,,,,,
"March 21, 2026",Mantas Kondratavicius,Antonio Trocoli,http://ufcstats.com/fight-details/8817bd21b6d0a989,W,Decision - Unanimous,3,5:00,0,28 of 42,41 of 56,0 of 0,0,0,1:52,0,6 of 14,9 of 19,0 of 1,0,0,1:33,19 of 33,9 of 9,0 of 0,19 of 32,9 of 10,0 of 0,2 of 10,2 of 2,2 of 2,4 of 12,2 of 2,0 of 0,1,39 of 47,73 of 88,1 of 2,1,0,3:37,0,5 of 10,7 of 12,0 of 4,0,0,0:08,0,8 of 18,21 of 33,1 of 2,0,0,0:37,0,6 of 15,13 of 23,1 of 7,0,0,3:22,,,,,,,,,,,,,,,,,,,,,,,,,,,,,35 of 43,4 of 4,0 of 0,16 of 22,7 of 7,16 of 18,3 of 7,0 of 1,2 of 2,5 of 10,0 of 0,0 of 0,7 of 17,1 of 1,0 of 0,7 of 14,1 of 2,0 of 2,5 of 11,1 of 4,0 of 0,6 of 13,0 of 2,0 of 0,,,,,,,,,,,,,,,,,,,,,,,,
"March 21, 2026",Shanelle Dyer,Ravena Oliveira,http://ufcstats.com/fight-details/216bc9b661485017,W,KO/TKO,2,1:17,0,32 of 47,33 of 48,0 of 0,0,0,0:28,0,20 of 67,26 of 73,0 of 1,0,0,0:05,13 of 24,8 of 8,11 of 15,28 of 43,4 of 4,0 of 0,11 of 54,8 of 9,1 of 4,18 of 65,2 of 2,0 of 0,0,17 of 31,17 of 31,1 of 1,0,0,0:06,0,6 of 13,6 of 13,0 of 0,0,0,0:07,,,,,,,,,,,,,,,,,,,,,,,,,,,,,,,,,,,,,,,,,,,9 of 18,5 of 9,3 of 4,7 of 14,4 of 7,6 of 10,5 of 11,1 of 1,0 of 1,6 of 13,0 of 0,0 of 0,,,,,,,,,,,,,,,,,,,,,,,,,,,,,,,,,,,,
"March 14, 2026",Josh Emmett,Kevin Vallejos,http://ufcstats.com/fight-details/f594fc5c2bc6237e,L,KO/TKO,1,3:33,0,3 of 12,3 of 12,0 of 1,0,0,0:00,2,36 of 55,43 of 68,0 of 0,0,0,0:38,2 of 11,1 of 1,0 of 0,3 of 12,0 of 0,0 of 0,30 of 49,4 of 4,2 of 2,12 of 21,10 of 14,14 of 20,,,,,,,,,,,,,,,,,,,,,,,,,,,,,,,,,,,,,,,,,,,,,,,,,,,,,,,,,,,,,,,,,,,,,,,,,,,,,,,,,,,,,,,,,,,,,,,,,,,,,,,,
"March 14, 2026",Andre Fili,Jose Delgado,http://ufcstats.com/fight-details/8bee5192baec71d8,L,Decision - Split,3,5:00,0,19 of 39,19 of 39,1 of 1,0,0,0:23,0,23 of 46,26 of 49,0 of 1,0,0,0:00,15 of 32,2 of 4,2 of 3,19 of 39,0 of 0,0 of 0,7 of 26,7 of 11,9 of 9,23 of 46,0 of 0,0 of 0,0,18 of 39,19 of 41,1 of 1,0,1,0:11,0,30 of 62,34 of 66,1 of 2,0,0,0:31,0,25 of 63,32 of 74,2 of 4,0,0,0:25,0,41 of 61,43 of 64,0 of 0,0,0,0:05,,,,,,,,,,,,,,,,,,,,,,,,,,,,,16 of 36,2 of 2,0 of 1,18 of 39,0 of 0,0 of 0,9 of 35,15 of 21,6 of 6,22 of 49,6 of 11,2 of 2,15 of 53,7 of 7,3 of 3,24 of 61,0 of 0,1 of 2,21 of 38,12 of 15,8 of 8,38 of 58,3 of 3,0 of 0,,,,,,,,,,,,,,,,,,,,,,,,
"March 14, 2026",Marwan Rahiki,Harry Hardwick,http://ufcstats.com/fight-details/e0acd0cf4930671b,W,KO/TKO,2,5:00,0,44 of 83,44 of 83,0 of 0,0,0,0:00,0,40 of 94,44 of 102,0 of 0,0,0,0:36,26 of 59,7 of 12,11 of 12,44 of 83,0 of 0,0 of 0,23 of 74,7 of 8,10 of 12,40 of 93,0 of 1,0 of 0,0,46 of 81,49 of 88,0 of 0,0,0,1:35,0,25 of 55,32 of 62,0 of 1,0,0,0:08,,,,,,,,,,,,,,,,,,,,,,,,,,,,,,,,,,,,,,,,,,,34 of 67,11 of 13,1 of 1,44 of 77,2 of 4,0 of 0,16 of 43,4 of 5,5 of 7,25 of 55,0 of 0,0 of 0,,,,,,,,,,,,,,,,,,,,,,,,,,,,,,,,,,,,
"March 14, 2026",Chris Curtis,Myktybek Orolbai,http://ufcstats.com/fight-details/f26c0bdf7689aea2,L,Decision - Unanimous,3,5:00,0,2 of 10,12 of 20,0 of 0,0,0,0:00,0,16 of 21,49 of 65,7 of 8,0,0,4:02,1 of 9,1 of 1,0 of 0,2 of 10,0 of 0,0 of 0,13 of 16,2 of 2,1 of 3,3 of 5,0 of 0,13 of 16,0,6 of 13,20 of 28,0 of 0,0,0,0:06,0,2 of 3,25 of 26,7 of 9,0,0,4:13,0,4 of 8,25 of 33,0 of 0,0,0,0:00,0,2 of 4,9 of 11,5 of 7,0,0,4:18,,,,,,,,,,,,,,,,,,,,,,,,,,,,,4 of 11,2 of 2,0 of 0,4 of 11,1 of 1,1 of 1,0 of 1,0 of 0,2 of 2,0 of 1,1 of 1,1 of 1,1 of 5,3 of 3,0 of 0,3 of 7,1 of 1,0 of 0,0 of 1,1 of 2,1 of 1,2 of 4,0 of 0,0 of 0,,,,,,,,,,,,,,,,,,,,,,,,
"March 14, 2026",Vitor Petrino,Steven Asplund,http://ufcstats.com/fight-details/2c330a6f7f1e55f0,W,Decision - Unanimous,3,5:00,0,19 of 37,19 of 38,0 of 3,0,0,0:23,1,20 of 45,32 of 59,0 of 0,0,0,0:12,14 of 32,2 of 2,3 of 3,19 of 36,0 of 1,0 of 0,14 of 39,3 of 3,3 of 3,17 of 41,1 of 2,2 of 2,0,34 of 52,34 of 52,0 of 1,0,0,0:54,0,14 of 50,14 of 50,0 of 0,0,0,0:00,0,39 of 72,39 of 72,0 of 0,0,0,0:00,0,27 of 63,27 of 63,0 of 0,0,0,0:00,,,,,,,,,,,,,,,,,,,,,,,,,,,,,25 of 42,3 of 3,6 of 7,34 of 52,0 of 0,0 of 0,12 of 45,1 of 3,1 of 2,14 of 50,0 of 0,0 of 0,20 of 52,13 of 13,6 of 7,39 of 72,0 of 0,0 of 0,22 of 56,0 of 2,5 of 5,27 of 63,0 of 0,0 of 0,,,,,,,,,,,,,,,,,,,,,,,,
"March 14, 2026",Elijah Smith,SuYoung You,http://ufcstats.com/fight-details/f44b4e998b6829f6,W,Submission,2,1:04,0,3 of 6,5 of 8,0 of 0,0,1,1:19,0,1 of 1,18 of 24,4 of 7,0,0,2:42,1 of 4,1 of 1,1 of 1,2 of 5,1 of 1,0 of 0,1 of 1,0 of 0,0 of 0,1 of 1,0 of 0,0 of 0,1,13 of 21,13 of 21,0 of 0,1,0,0:16,0,2 of 2,3 of 3,0 of 1,0,0,0:00,,,,,,,,,,,,,,,,,,,,,,,,,,,,,,,,,,,,,,,,,,,13 of 21,0 of 0,0 of 0,3 of 8,2 of 2,8 of 11,2 of 2,0 of 0,0 of 0,2 of 2,0 of 0,0 of 0,,,,,,,,,,,,,,,,,,,,,,,,,,,,,,,,,,,,
"March 14, 2026",Bolaji Oki,Manoel Sousa,http://ufcstats.com/fight-details/c769dd861357af9f,L,KO/TKO,3,4:12,0,20 of 26,42 of 50,1 of 1,0,0,2:51,1,10 of 21,23 of 35,0 of 0,1,0,0:59,8 of 14,9 of 9,3 of 3,3 of 7,12 of 12,5 of 7,8 of 18,2 of 2,0 of 1,4 of 12,5 of 5,1 of 4,0,32 of 72,34 of 74,0 of 1,0,0,0:28,0,13 of 66,15 of 68,0 of 2,0,0,0:00,0,32 of 72,32 of 72,0 of 0,0,0,0:04,1,48 of 92,48 of 93,0 of 1,0,0,0:10,,,,,,,,,,,,,,,,,,,,,,,,,,,,,16 of 49,11 of 18,5 of 5,28 of 65,4 of 6,0 of 1,7 of 56,4 of 8,2 of 2,12 of 61,1 of 5,0 of 0,18 of 48,8 of 17,6 of 7,31 of 71,1 of 1,0 of 0,33 of 76,10 of 11,5 of 5,46 of 88,2 of 4,0 of 0,,,,,,,,,,,,,,,,,,,,,,,,
"March 14, 2026",Piera Rodriguez,Sam Hughes,http://ufcstats.com/fight-details/244285b7fd0ddece,W,Decision - Unanimous,3,5:00,0,40 of 85,41 of 87,0 of 3,0,0,1:04,0,33 of 43,37 of 47,0 of 4,0,0,0:22,18 of 59,16 of 19,6 of 7,29 of 70,11 of 15,0 of 0,13 of 23,9 of 9,11 of 11,30 of 40,3 of 3,0 of 0,0,30 of 63,32 of 66,1 of 1,0,0,1:14,0,22 of 37,27 of 44,0 of 2,0,0,0:00,0,37 of 83,38 of 84,0 of 2,0,0,0:17,0,22 of 64,27 of 69,0 of 1,0,0,0:00,,,,,,,,,,,,,,,,,,,,,,,,,,,,,15 of 46,13 of 15,2 of 2,17 of 48,12 of 14,1 of 1,16 of 29,2 of 4,4 of 4,18 of 33,4 of 4,0 of 0,19 of 58,16 of 21,2 of 4,26 of 70,11 of 13,0 of 0,18 of 58,2 of 4,2 of 2,17 of 59,5 of 5,0 of 0,,,,,,,,,,,,,,,,,,,,,,,,
"March 07, 2026",Caio Borralho,Reinier de Ridder,http://ufcstats.com/fight-details/d564db29997e1371,W,Decision - Unanimous,3,5:00,0,24 of 42,24 of 42,0 of 0,0,0,0:00,0,19 of 51,30 of 62,2 of 5,0,0,1:26,14 of 26,3 of 8,7 of 8,23 of 41,0 of 0,1 of 1,9 of 37,3 of 6,7 of 8,19 of 51,0 of 0,0 of 0,0,14 of 25,22 of 33,0 of 0,0,0,0:41,0,17 of 43,23 of 50,0 of 3,0,0,1:20,0,19 of 31,25 of 37,1 of 1,0,0,2:11,0,19 of 47,58 of 87,0 of 0,0,0,0:00,,,,,,,,,,,,,,,,,,,,,,,,,,,,,6 of 16,2 of 3,6 of 6,14 of 25,0 of 0,0 of 0,12 of 37,4 of 5,1 of 1,15 of 41,2 of 2,0 of 0,12 of 23,4 of 5,3 of 3,18 of 29,0 of 0,1 of 2,16 of 43,3 of 4,0 of 0,19 of 47,0 of 0,0 of 0,,,,,,,,,,,,,,,,,,,,,,,,
"March 07, 2026",Rob Font,Raul Rosas Jr.,http://ufcstats.com/fight-details/bed89a91da9d04c1,L,Decision - Unanimous,3,5:00,0,7 of 20,8 of 21,0 of 1,0,0,0:00,0,5 of 22,12 of 29,5 of 6,0,0,2:11,4 of 15,1 of 3,2 of 2,7 of 20,0 of 0,0 of 0,2 of 18,0 of 0,3 of 4,5 of 22,0 of 0,0 of 0,0,0 of 2,8 of 10,0 of 0,0,1,0:13,0,1 of 5,17 of 23,3 of 3,0,1,4:07,0,3 of 9,13 of 19,0 of 0,0,0,0:00,0,2 of 6,18 of 23,8 of 9,0,0,3:47,,,,,,,,,,,,,,,,,,,,,,,,,,,,,0 of 2,0 of 0,0 of 0,0 of 2,0 of 0,0 of 0,1 of 5,0 of 0,0 of 0,1 of 4,0 of 0,0 of 1,2 of 8,1 of 1,0 of 0,3 of 9,0 of 0,0 of 0,2 of 6,0 of 0,0 of 0,2 of 6,0 of 0,0 of 0,,,,,,,,,,,,,,,,,,,,,,,,
"March 07, 2026",Gregory Rodrigues,Brunno Ferreira,http://ufcstats.com/fight-details/6a4738656c493ee9,W,KO/TKO,1,1:47,1,2 of 6,2 of 6,0 of 0,0,0,0:00,0,2 of 5,2 of 5,0 of 0,0,0,0:00,1 of 4,1 of 2,0 of 0,2 of 6,0 of 0,0 of 0,1 of 2,0 of 1,1 of 2,2 of 5,0 of 0,0 of 0,,,,,,,,,,,,,,,,,,,,,,,,,,,,,,,,,,,,,,,,,,,,,,,,,,,,,,,,,,,,,,,,,,,,,,,,,,,,,,,,,,,,,,,,,,,,,,,,,,,,,,,,
"March 07, 2026",Donte Johnson,Cody Brundage,http://ufcstats.com/fight-details/9c8d5dbd8905a715,W,Decision - Split,3,5:00,0,10 of 25,29 of 44,0 of 0,0,0,0:00,0,5 of 20,6 of 23,1 of 2,0,0,3:21,8 of 23,1 of 1,1 of 1,10 of 25,0 of 0,0 of 0,4 of 19,0 of 0,1 of 1,5 of 19,0 of 1,0 of 0,0,13 of 30,28 of 46,0 of 0,0,1,3:01,0,6 of 14,8 of 16,1 of 2,0,0,0:45,0,22 of 51,27 of 56,0 of 0,0,0,0:31,0,20 of 49,20 of 49,0 of 3,0,0,0:16,,,,,,,,,,,,,,,,,,,,,,,,,,,,,12 of 28,0 of 1,1 of 1,3 of 16,0 of 0,10 of 14,1 of 8,2 of 3,3 of 3,6 of 14,0 of 0,0 of 0,15 of 41,3 of 6,4 of 4,22 of 51,0 of 0,0 of 0,14 of 43,0 of 0,6 of 6,20 of 49,0 of 0,0 of 0,,,,,,,,,,,,,,,,,,,,,,,,
"March 07, 2026",Ricky Turcios,Alberto Montes,http://ufcstats.com/fight-details/6feb49a6b7e8433c,L,Submission,2,0:40,0,19 of 53,33 of 67,0 of 2,0,0,1:54,0,26 of 47,33 of 54,0 of 0,0,0,0:09,13 of 46,2 of 3,4 of 4,17 of 51,2 of 2,0 of 0,16 of 35,8 of 10,2 of 2,20 of 41,6 of 6,0 of 0,0,3 of 7,3 of 7,0 of 1,0,0,0:00,0,6 of 11,6 of 11,0 of 0,1,0,0:12,,,,,,,,,,,,,,,,,,,,,,,,,,,,,,,,,,,,,,,,,,,1 of 5,1 of 1,1 of 1,3 of 7,0 of 0,0 of 0,3 of 7,2 of 3,1 of 1,6 of 11,0 of 0,0 of 0,,,,,,,,,,,,,,,,,,,,,,,,,,,,,,,,,,,,
"March 07, 2026",Sumudaerji,Jesus Aguilar,http://ufcstats.com/fight-details/a22fd3735819d858,W,Decision - Unanimous,3,5:00,0,16 of 44,19 of 47,1 of 1,0,0,0:13,0,13 of 35,16 of 38,0 of 1,0,0,0:59,10 of 34,1 of 3,5 of 7,16 of 44,0 of 0,0 of 0,4 of 19,4 of 6,5 of 10,12 of 34,1 of 1,0 of 0,0,17 of 47,19 of 50,1 of 1,0,0,1:22,0,6 of 27,10 of 34,0 of 2,0,0,0:00,0,29 of 57,31 of 59,2 of 3,0,0,1:01,0,12 of 44,16 of 48,1 of 2,0,0,1:06,,,,,,,,,,,,,,,,,,,,,,,,,,,,,9 of 32,6 of 13,2 of 2,14 of 44,0 of 0,3 of 3,1 of 14,1 of 9,4 of 4,6 of 27,0 of 0,0 of 0,25 of 50,4 of 7,0 of 0,25 of 53,3 of 3,1 of 1,7 of 30,3 of 9,2 of 5,12 of 44,0 of 0,0 of 0,,,,,,,,,,,,,,,,,,,,,,,,
"March 07, 2026",Rafael Tobias,Diyar Nurgozhay,http://ufcstats.com/fight-details/cc03e698c4b7da52,L,Decision - Unanimous,3,5:00,0,10 of 38,10 of 38,0 of 0,0,0,0:00,0,36 of 57,36 of 58,0 of 0,0,0,0:18,5 of 29,3 of 5,2 of 4,9 of 37,1 of 1,0 of 0,13 of 30,14 of 18,9 of 9,31 of 51,4 of 4,1 of 2,0,16 of 34,28 of 46,1 of 6,0,0,1:44,0,27 of 46,32 of 51,0 of 0,0,1,1:03,0,13 of 29,14 of 30,1 of 2,1,0,0:47,0,31 of 40,32 of 41,0 of 1,0,0,0:07,,,,,,,,,,,,,,,,,,,,,,,,,,,,,16 of 33,0 of 1,0 of 0,7 of 22,0 of 1,9 of 11,14 of 32,9 of 10,4 of 4,19 of 31,1 of 2,7 of 13,8 of 24,4 of 4,1 of 1,10 of 25,3 of 4,0 of 0,6 of 9,14 of 19,11 of 12,31 of 40,0 of 0,0 of 0,,,,,,,,,,,,,,,,,,,,,,,,
"March 07, 2026",Luke Fernandez,Rodolfo Bellato,http://ufcstats.com/fight-details/a5abdc461cb1538e,L,KO/TKO,1,2:42,0,16 of 33,26 of 43,0 of 0,0,0,0:22,1,30 of 46,32 of 48,0 of 0,0,0,0:11,12 of 28,3 of 4,1 of 1,9 of 26,7 of 7,0 of 0,24 of 39,4 of 5,2 of 2,9 of 18,1 of 1,20 of 27,,,,,,,,,,,,,,,,,,,,,,,,,,,,,,,,,,,,,,,,,,,,,,,,,,,,,,,,,,,,,,,,,,,,,,,,,,,,,,,,,,,,,,,,,,,,,,,,,,,,,,,,
"February 28, 2026",Brandon Moreno,Lone'er Kavanagh,http://ufcstats.com/fight-details/1330b5c21269fe92,L,Decision - Unanimous,5,5:00,0,19 of 40,19 of 40,0 of 0,0,0,0:00,0,18 of 45,18 of 45,0 of 0,0,0,0:00,14 of 34,3 of 4,2 of 2,19 of 40,0 of 0,0 of 0,10 of 33,3 of 7,5 of 5,18 of 45,0 of 0,0 of 0,0,24 of 54,24 of 54,0 of 1,0,0,0:00,0,42 of 83,42 of 83,0 of 0,0,0,0:00,0,16 of 40,31 of 56,0 of 3,0,0,1:21,0,17 of 44,20 of 47,0 of 0,0,0,0:00,0,9 of 15,31 of 42,0 of 2,0,0,3:08,0,8 of 14,29 of 35,0 of 0,0,0,0:00,0,11 of 19,29 of 37,0 of 2,0,0,2:51,0,12 of 19,27 of 35,0 of 1,0,0,0:00,13 of 40,6 of 9,5 of 5,23 of 53,1 of 1,0 of 0,30 of 70,5 of 6,7 of 7,39 of 78,3 of 5,0 of 0,13 of 35,2 of 4,1 of 1,16 of 39,0 of 1,0 of 0,11 of 37,5 of 5,1 of 2,17 of 44,0 of 0,0 of 0,5 of 10,1 of 1,3 of 4,5 of 8,4 of 7,0 of 0,4 of 8,1 of 2,3 of 4,7 of 13,1 of 1,0 of 0,6 of 14,3 of 3,2 of 2,6 of 14,5 of 5,0 of 0,5 of 12,4 of 4,3 of 3,11 of 18,1 of 1,0 of 0
"February 28, 2026",Marlon Vera,David Martinez,http://ufcstats.com/fight-details/36d12b31957e94db,L,Decision - Unanimous,3,5:00,0,5 of 39,13 of 48,0 of 0,0,0,0:00,0,19 of 41,26 of 51,1 of 1,0,0,0:45,0 of 30,2 of 4,3 of 5,5 of 39,0 of 0,0 of 0,10 of 28,5 of 7,4 of 6,16 of 36,0 of 0,3 of 5,0,13 of 40,14 of 41,0 of 0,0,0,0:00,0,21 of 43,29 of 51,1 of 2,0,0,0:45,0,24 of 66,25 of 67,0 of 0,0,0,0:04,0,31 of 71,31 of 71,0 of 1,0,0,0:13,,,,,,,,,,,,,,,,,,,,,,,,,,,,,10 of 32,1 of 4,2 of 4,13 of 40,0 of 0,0 of 0,13 of 33,6 of 8,2 of 2,21 of 43,0 of 0,0 of 0,16 of 51,8 of 13,0 of 2,23 of 63,1 of 3,0 of 0,25 of 65,5 of 5,1 of 1,30 of 69,1 of 2,0 of 0,,,,,,,,,,,,,,,,,,,,,,,,
"February 28, 2026",Daniel Zellhuber,King Green,http://ufcstats.com/fight-details/81f3d28d30d17378,L,KO/TKO,2,4:55,0,11 of 46,11 of 46,0 of 0,0,0,0:00,0,41 of 64,41 of 64,2 of 2,0,0,0:04,3 of 32,3 of 7,5 of 7,11 of 45,0 of 1,0 of 0,10 of 23,15 of 19,16 of 22,36 of 59,5 of 5,0 of 0,0,6 of 32,6 of 32,0 of 0,1,0,0:00,1,45 of 70,59 of 84,1 of 1,0,0,2:01,,,,,,,,,,,,,,,,,,,,,,,,,,,,,,,,,,,,,,,,,,,4 of 27,1 of 3,1 of 2,6 of 32,0 of 0,0 of 0,29 of 49,6 of 10,10 of 11,35 of 60,0 of 0,10 of 10,,,,,,,,,,,,,,,,,,,,,,,,,,,,,,,,,,,,
"February 28, 2026",Imanol Rodriguez,Kevin Borjas,http://ufcstats.com/fight-details/15068d7b095ca9bd,W,KO/TKO,2,4:21,0,12 of 22,21 of 31,1 of 1,0,0,3:28,2,12 of 23,14 of 25,0 of 0,0,0,0:00,9 of 17,1 of 1,2 of 4,6 of 14,0 of 0,6 of 8,10 of 20,2 of 3,0 of 0,10 of 20,2 of 3,0 of 0,1,34 of 62,34 of 62,0 of 2,0,0,0:05,0,10 of 29,10 of 29,0 of 0,0,0,0:00,,,,,,,,,,,,,,,,,,,,,,,,,,,,,,,,,,,,,,,,,,,26 of 50,6 of 10,2 of 2,24 of 49,2 of 4,8 of 9,7 of 25,1 of 2,2 of 2,10 of 29,0 of 0,0 of 0,,,,,,,,,,,,,,,,,,,,,,,,,,,,,,,,,,,,
"February 28, 2026",Ryan Gandra,Jose Daniel Medina,http://ufcstats.com/fight-details/45ec0c5f19c9adbe,W,KO/TKO,1,0:41,1,14 of 29,14 of 29,0 of 0,0,0,0:00,0,0 of 3,0 of 3,0 of 0,0,0,0:00,14 of 27,0 of 2,0 of 0,13 of 28,0 of 0,1 of 1,0 of 2,0 of 1,0 of 0,0 of 3,0 of 0,0 of 0,,,,,,,,,,,,,,,,,,,,,,,,,,,,,,,,,,,,,,,,,,,,,,,,,,,,,,,,,,,,,,,,,,,,,,,,,,,,,,,,,,,,,,,,,,,,,,,,,,,,,,,,
"February 28, 2026",Erik Silva,Francis Marshall,http://ufcstats.com/fight-details/581292ffe5b09344,L,Submission,1,2:29,0,5 of 9,5 of 9,0 of 0,0,0,0:00,0,3 of 5,10 of 13,1 of 2,1,0,1:42,2 of 6,1 of 1,2 of 2,5 of 9,0 of 0,0 of 0,0 of 2,0 of 0,3 of 3,3 of 5,0 of 0,0 of 0,,,,,,,,,,,,,,,,,,,,,,,,,,,,,,,,,,,,,,,,,,,,,,,,,,,,,,,,,,,,,,,,,,,,,,,,,,,,,,,,,,,,,,,,,,,,,,,,,,,,,,,,
"February 28, 2026",Damian Pinas,Wes Schultz,http://ufcstats.com/fight-details/c6a85b67fdd2ef3d,W,KO/TKO,1,2:30,2,15 of 23,22 of 30,0 of 0,0,0,0:49,0,3 of 13,5 of 16,0 of 6,0,0,0:28,9 of 16,2 of 3,4 of 4,8 of 13,1 of 1,6 of 9,0 of 6,2 of 5,1 of 2,3 of 12,0 of 1,0 of 0,,,,,,,,,,,,,,,,,,,,,,,,,,,,,,,,,,,,,,,,,,,,,,,,,,,,,,,,,,,,,,,,,,,,,,,,,,,,,,,,,,,,,,,,,,,,,,,,,,,,,,,,
"February 21, 2026",Sean Strickland,Anthony Hernandez,http://ufcstats.com/fight-details/8d740c844353ae0e,W,KO/TKO,3,2:23,0,32 of 90,33 of 91,0 of 0,0,0,0:00,0,23 of 48,23 of 48,0 of 1,0,0,0:20,24 of 80,3 of 5,5 of 5,32 of 90,0 of 0,0 of 0,12 of 37,5 of 5,6 of 6,23 of 48,0 of 0,0 of 0,0,37 of 79,37 of 79,0 of 0,0,0,0:08,0,23 of 47,23 of 47,0 of 0,0,0,0:04,1,41 of 72,41 of 72,0 of 0,0,0,0:10,0,9 of 27,11 of 29,0 of 0,0,0,0:08,,,,,,,,,,,,,,,,,,,,,,,,,,,,,30 of 69,4 of 7,3 of 3,37 of 79,0 of 0,0 of 0,12 of 36,6 of 6,5 of 5,23 of 47,0 of 0,0 of 0,39 of 70,2 of 2,0 of 0,32 of 61,2 of 3,7 of 8,5 of 20,2 of 5,2 of 2,9 of 25,0 of 2,0 of 0,,,,,,,,,,,,,,,,,,,,,,,,
"February 21, 2026",Geoff Neal,Uros Medic,http://ufcstats.com/fight-details/dd12bf51c5ed7f1e,L,KO/TKO,1,1:19,0,3 of 10,3 of 10,0 of 0,0,0,0:00,1,10 of 19,10 of 19,0 of 0,0,0,0:00,1 of 6,1 of 3,1 of 1,3 of 10,0 of 0,0 of 0,4 of 10,6 of 9,0 of 0,10 of 19,0 of 0,0 of 0,,,,,,,,,,,,,,,,,,,,,,,,,,,,,,,,,,,,,,,,,,,,,,,,,,,,,,,,,,,,,,,,,,,,,,,,,,,,,,,,,,,,,,,,,,,,,,,,,,,,,,,,
"February 21, 2026",Dan Ige,Melquizael Costa,http://ufcstats.com/fight-details/dc6f6c8228390ebb,L,KO/TKO,1,4:56,0,7 of 11,12 of 16,1 of 3,0,0,1:31,1,19 of 40,26 of 48,1 of 1,0,0,0:32,2 of 5,2 of 3,3 of 3,7 of 11,0 of 0,0 of 0,9 of 26,7 of 9,3 of 5,13 of 29,4 of 5,2 of 6,,,,,,,,,,,,,,,,,,,,,,,,,,,,,,,,,,,,,,,,,,,,,,,,,,,,,,,,,,,,,,,,,,,,,,,,,,,,,,,,,,,,,,,,,,,,,,,,,,,,,,,,
"February 21, 2026",Jacobe Smith,Josiah Harrell,http://ufcstats.com/fight-details/54437b8dba3a6110,W,KO/TKO,1,3:01,0,33 of 47,37 of 51,2 of 2,0,0,0:21,0,7 of 14,7 of 14,0 of 2,0,0,0:01,18 of 29,9 of 10,6 of 8,23 of 37,0 of 0,10 of 10,1 of 6,3 of 5,3 of 3,7 of 14,0 of 0,0 of 0,,,,,,,,,,,,,,,,,,,,,,,,,,,,,,,,,,,,,,,,,,,,,,,,,,,,,,,,,,,,,,,,,,,,,,,,,,,,,,,,,,,,,,,,,,,,,,,,,,,,,,,,
"February 21, 2026",Chidi Njokuani,Carlos Leal,http://ufcstats.com/fight-details/202d3277e569ad03,L,Decision - Unanimous,3,5:00,0,46 of 70,46 of 70,0 of 0,0,0,0:00,0,60 of 131,60 of 131,0 of 0,0,0,0:00,8 of 23,19 of 27,19 of 20,39 of 62,7 of 8,0 of 0,28 of 95,21 of 25,11 of 11,58 of 128,2 of 3,0 of 0,0,22 of 35,26 of 40,0 of 1,0,0,0:04,0,5 of 20,16 of 31,0 of 4,0,0,2:17,0,52 of 100,52 of 100,0 of 1,0,0,0:02,0,50 of 125,50 of 125,0 of 1,0,0,0:03,,,,,,,,,,,,,,,,,,,,,,,,,,,,,6 of 16,9 of 11,7 of 8,17 of 29,5 of 5,0 of 1,4 of 19,0 of 0,1 of 1,5 of 20,0 of 0,0 of 0,31 of 71,11 of 19,10 of 10,49 of 96,2 of 3,1 of 1,39 of 112,8 of 10,3 of 3,49 of 123,1 of 2,0 of 0,,,,,,,,,,,,,,,,,,,,,,,,
"February 21, 2026",Ode Osbourne,Alibi Idiris,http://ufcstats.com/fight-details/7ffdaa44fc8d111b,NC,Overturned,3,5:00,0,8 of 26,8 of 27,0 of 0,0,0,0:00,0,12 of 30,19 of 37,1 of 6,0,0,2:00,6 of 23,2 of 3,0 of 0,8 of 26,0 of 0,0 of 0,8 of 23,0 of 0,4 of 7,12 of 29,0 of 0,0 of 1,0,14 of 33,15 of 34,0 of 0,0,0,0:00,0,7 of 23,19 of 41,2 of 5,0,0,2:15,0,10 of 31,25 of 46,0 of 1,0,1,0:58,0,11 of 22,24 of 39,2 of 4,0,0,1:55,,,,,,,,,,,,,,,,,,,,,,,,,,,,,7 of 23,7 of 10,0 of 0,11 of 29,3 of 4,0 of 0,5 of 17,0 of 3,2 of 3,3 of 18,1 of 2,3 of 3,8 of 28,2 of 2,0 of 1,8 of 29,2 of 2,0 of 0,9 of 18,1 of 2,1 of 2,7 of 17,1 of 2,3 of 3,,,,,,,,,,,,,,,,,,,,,,,,
"February 21, 2026",Alden Coria,Luis Gurule,http://ufcstats.com/fight-details/ac39c1f00ae31e58,W,Decision - Unanimous,3,5:00,0,24 of 51,26 of 53,0 of 1,0,0,0:09,0,11 of 33,15 of 37,0 of 0,0,0,0:26,15 of 35,3 of 10,6 of 6,22 of 49,2 of 2,0 of 0,5 of 24,3 of 5,3 of 4,10 of 32,1 of 1,0 of 0,0,22 of 51,29 of 58,0 of 1,0,1,1:02,0,12 of 38,13 of 40,1 of 2,0,0,0:36,0,33 of 73,41 of 82,1 of 2,0,0,0:31,0,27 of 79,31 of 92,0 of 1,0,0,0:19,,,,,,,,,,,,,,,,,,,,,,,,,,,,,14 of 42,5 of 6,3 of 3,16 of 44,3 of 4,3 of 3,8 of 31,0 of 3,4 of 4,10 of 33,2 of 5,0 of 0,23 of 60,7 of 10,3 of 3,32 of 72,1 of 1,0 of 0,19 of 67,5 of 8,3 of 4,25 of 75,2 of 4,0 of 0,,,,,,,,,,,,,,,,,,,,,,,,
"February 21, 2026",Ramiz Brahimaj,Punahele Soriano,http://ufcstats.com/fight-details/8f9896e60047007f,L,Decision - Unanimous,3,5:00,0,31 of 56,31 of 56,0 of 1,0,0,0:02,0,17 of 52,21 of 59,0 of 0,0,0,0:20,13 of 37,17 of 18,1 of 1,30 of 54,1 of 2,0 of 0,14 of 47,3 of 5,0 of 0,16 of 50,1 of 1,0 of 1,0,5 of 7,10 of 12,2 of 6,0,0,1:47,0,7 of 12,26 of 32,1 of 1,0,0,2:35,0,2 of 4,2 of 5,1 of 4,0,0,1:59,0,16 of 28,19 of 32,2 of 3,0,0,2:05,,,,,,,,,,,,,,,,,,,,,,,,,,,,,2 of 3,3 of 4,0 of 0,4 of 6,1 of 1,0 of 0,2 of 7,5 of 5,0 of 0,0 of 5,6 of 6,1 of 1,1 of 2,1 of 2,0 of 0,1 of 3,1 of 1,0 of 0,13 of 25,3 of 3,0 of 0,9 of 19,7 of 8,0 of 1,,,,,,,,,,,,,,,,,,,,,,,,
"February 21, 2026",Phil Rowe,Jean-Paul Lebosnoyani,http://ufcstats.com/fight-details/508e622130b0a84d,L,Decision - Split,3,5:00,0,14 of 26,15 of 27,0 of 0,0,0,0:07,0,32 of 38,43 of 53,1 of 4,0,0,1:46,10 of 21,0 of 0,4 of 5,13 of 25,1 of 1,0 of 0,22 of 27,4 of 5,6 of 6,18 of 23,2 of 3,12 of 12,0,16 of 31,20 of 36,0 of 0,0,0,0:03,0,19 of 32,26 of 42,1 of 4,0,0,1:49,0,24 of 54,24 of 54,0 of 0,0,0,0:05,0,15 of 41,15 of 41,1 of 1,2,0,1:42,,,,,,,,,,,,,,,,,,,,,,,,,,,,,10 of 22,2 of 4,4 of 5,13 of 28,3 of 3,0 of 0,10 of 19,4 of 8,5 of 5,15 of 26,4 of 6,0 of 0,22 of 51,1 of 2,1 of 1,24 of 54,0 of 0,0 of 0,8 of 31,2 of 4,5 of 6,14 of 38,0 of 1,1 of 2,,,,,,,,,,,,,,,,,,,,,,,,
"February 21, 2026",Jordan Leavitt,Yadier del Valle,http://ufcstats.com/fight-details/5b97f47cdd355cbe,W,Decision - Unanimous,3,5:00,0,7 of 14,20 of 33,3 of 4,0,0,4:04,0,3 of 7,32 of 38,0 of 0,0,0,0:00,4 of 8,2 of 5,1 of 1,4 of 7,0 of 0,3 of 7,0 of 4,2 of 2,1 of 1,2 of 6,1 of 1,0 of 0,0,7 of 19,15 of 33,0 of 2,0,0,3:02,0,5 of 17,10 of 23,0 of 0,0,0,0:05,0,3 of 12,10 of 20,1 of 2,0,0,0:51,0,5 of 18,34 of 51,0 of 0,0,0,2:12,,,,,,,,,,,,,,,,,,,,,,,,,,,,,2 of 5,1 of 10,4 of 4,6 of 18,0 of 0,1 of 1,4 of 12,1 of 1,0 of 4,4 of 16,0 of 0,1 of 1,1 of 5,0 of 4,2 of 3,2 of 11,0 of 0,1 of 1,0 of 10,5 of 5,0 of 3,1 of 14,0 of 0,4 of 4,,,,,,,,,,,,,,,,,,,,,,,,
"February 07, 2026",Jailton Almeida,Rizvan Kuniev,http://ufcstats.com/fight-details/a5c5f76cf0a7c784,L,Decision - Unanimous,3,5:00,0,5 of 12,14 of 22,0 of 3,0,0,1:11,0,12 of 24,33 of 45,0 of 0,0,0,2:11,1 of 8,2 of 2,2 of 2,3 of 9,2 of 3,0 of 0,5 of 15,6 of 8,1 of 1,4 of 12,8 of 12,0 of 0,0,8 of 21,15 of 30,0 of 1,0,0,0:00,0,15 of 35,30 of 50,0 of 0,0,0,2:20,0,18 of 34,21 of 40,0 of 4,0,0,0:13,0,16 of 34,39 of 58,0 of 0,0,0,2:04,,,,,,,,,,,,,,,,,,,,,,,,,,,,,4 of 14,4 of 7,0 of 0,7 of 19,1 of 2,0 of 0,12 of 30,3 of 5,0 of 0,9 of 28,6 of 7,0 of 0,12 of 28,6 of 6,0 of 0,13 of 29,5 of 5,0 of 0,14 of 32,2 of 2,0 of 0,9 of 25,7 of 9,0 of 0,,,,,,,,,,,,,,,,,,,,,,,,
"February 07, 2026",Jean Matsumoto,Farid Basharat,http://ufcstats.com/fight-details/2a26c0cfa06265b7,L,Decision - Split,3,5:00,0,19 of 52,29 of 68,1 of 2,0,0,1:19,0,20 of 36,24 of 41,0 of 3,0,0,1:10,11 of 40,0 of 1,8 of 11,16 of 48,3 of 4,0 of 0,13 of 28,5 of 5,2 of 3,15 of 31,5 of 5,0 of 0,0,20 of 66,30 of 77,4 of 6,0,0,1:59,0,31 of 52,33 of 56,0 of 0,0,1,0:33,0,37 of 102,52 of 118,2 of 3,0,0,1:22,0,29 of 64,38 of 75,2 of 4,0,0,0:40,,,,,,,,,,,,,,,,,,,,,,,,,,,,,8 of 44,8 of 11,4 of 11,14 of 56,6 of 10,0 of 0,25 of 46,5 of 5,1 of 1,26 of 46,5 of 6,0 of 0,21 of 78,12 of 17,4 of 7,32 of 93,5 of 9,0 of 0,25 of 58,4 of 6,0 of 0,25 of 59,4 of 5,0 of 0,,,,,,,,,,,,,,,,,,,,,,,,
"February 07, 2026",Dustin Jacoby,Julius Walker,http://ufcstats.com/fight-details/6cca11f353a2b42d,W,KO/TKO,2,1:42,0,13 of 20,16 of 26,0 of 0,0,0,0:27,0,5 of 15,10 of 20,3 of 6,0,0,2:29,7 of 14,3 of 3,3 of 3,13 of 20,0 of 0,0 of 0,3 of 13,1 of 1,1 of 1,2 of 6,2 of 7,1 of 2,1,29 of 51,31 of 53,0 of 0,0,0,0:32,0,2 of 6,2 of 6,0 of 1,0,0,0:18,,,,,,,,,,,,,,,,,,,,,,,,,,,,,,,,,,,,,,,,,,,28 of 50,0 of 0,1 of 1,9 of 18,9 of 10,11 of 23,0 of 4,0 of 0,2 of 2,2 of 6,0 of 0,0 of 0,,,,,,,,,,,,,,,,,,,,,,,,,,,,,,,,,,,,
"February 07, 2026",Nikolay Veretennikov,Niko Price,http://ufcstats.com/fight-details/abefaf1807941ee4,W,KO/TKO,1,1:42,0,19 of 30,20 of 31,0 of 0,0,0,0:17,0,9 of 23,12 of 27,0 of 0,0,0,0:00,12 of 22,6 of 7,1 of 1,10 of 21,9 of 9,0 of 0,7 of 19,1 of 1,1 of 3,9 of 22,0 of 1,0 of 0,,,,,,,,,,,,,,,,,,,,,,,,,,,,,,,,,,,,,,,,,,,,,,,,,,,,,,,,,,,,,,,,,,,,,,,,,,,,,,,,,,,,,,,,,,,,,,,,,,,,,,,,
"February 07, 2026",Bruna Brasil,Ketlen Souza,http://ufcstats.com/fight-details/cc5c5a8cff4c1ae9,L,Decision - Unanimous,3,5:00,0,12 of 19,32 of 41,1 of 1,0,0,0:10,0,5 of 13,19 of 30,0 of 3,0,0,3:26,2 of 9,9 of 9,1 of 1,9 of 16,3 of 3,0 of 0,4 of 10,1 of 3,0 of 0,3 of 11,2 of 2,0 of 0,0,7 of 16,11 of 20,0 of 1,0,0,0:20,0,14 of 30,26 of 48,0 of 2,0,0,2:15,0,12 of 25,22 of 40,0 of 2,0,0,0:11,0,14 of 26,19 of 31,1 of 3,0,0,2:22,,,,,,,,,,,,,,,,,,,,,,,,,,,,,2 of 8,4 of 6,1 of 2,6 of 15,1 of 1,0 of 0,7 of 17,6 of 10,1 of 3,12 of 27,2 of 3,0 of 0,6 of 15,4 of 8,2 of 2,10 of 22,2 of 3,0 of 0,7 of 15,5 of 9,2 of 2,9 of 21,5 of 5,0 of 0,,,,,,,,,,,,,,,,,,,,,,,,
"February 07, 2026",Muin Gafurov,Jakub Wiklacz,http://ufcstats.com/fight-details/9d30c887e8bd8824,L,Submission,3,4:59,0,27 of 61,27 of 61,0 of 2,0,0,0:38,0,27 of 67,30 of 71,0 of 0,0,0,0:00,17 of 47,9 of 11,1 of 3,21 of 53,6 of 8,0 of 0,9 of 41,17 of 24,1 of 2,24 of 63,3 of 4,0 of 0,0,2 of 5,11 of 17,1 of 2,0,0,0:14,0,7 of 11,45 of 51,0 of 0,1,1,4:19,0,50 of 92,54 of 96,1 of 1,0,0,0:52,0,22 of 70,22 of 71,0 of 0,1,1,0:14,,,,,,,,,,,,,,,,,,,,,,,,,,,,,1 of 3,1 of 2,0 of 0,2 of 5,0 of 0,0 of 0,3 of 6,4 of 5,0 of 0,2 of 5,0 of 0,5 of 6,25 of 60,24 of 30,1 of 2,45 of 86,5 of 6,0 of 0,11 of 42,11 of 27,0 of 1,18 of 65,4 of 5,0 of 0,,,,,,,,,,,,,,,,,,,,,,,,
"January 31, 2026",Alexander Volkanovski,Diego Lopes,http://ufcstats.com/fight-details/b06b43670238c2d8,W,Decision - Unanimous,5,5:00,0,12 of 27,17 of 32,0 of 2,0,0,0:27,0,12 of 28,12 of 28,0 of 0,0,0,0:00,5 of 12,0 of 1,7 of 14,12 of 26,0 of 1,0 of 0,3 of 15,2 of 5,7 of 8,12 of 28,0 of 0,0 of 0,0,19 of 30,20 of 33,0 of 0,1,0,0:00,0,16 of 34,19 of 37,1 of 1,0,0,0:39,0,21 of 35,21 of 35,0 of 2,0,0,0:00,0,17 of 38,17 of 38,0 of 0,0,0,0:00,0,25 of 44,25 of 44,0 of 0,0,0,0:00,0,22 of 48,22 of 48,0 of 0,0,0,0:00,0,21 of 24,29 of 34,2 of 3,0,0,2:22,0,3 of 10,4 of 11,1 of 4,0,0,1:11,13 of 20,0 of 2,6 of 8,19 of 30,0 of 0,0 of 0,9 of 23,3 of 5,4 of 6,15 of 33,1 of 1,0 of 0,21 of 33,0 of 0,0 of 2,21 of 35,0 of 0,0 of 0,8 of 24,5 of 8,4 of 6,15 of 36,2 of 2,0 of 0,15 of 33,2 of 2,8 of 9,25 of 44,0 of 0,0 of 0,10 of 29,7 of 13,5 of 6,22 of 48,0 of 0,0 of 0,18 of 20,1 of 1,2 of 3,11 of 14,3 of 3,7 of 7,3 of 7,0 of 2,0 of 1,2 of 7,0 of 1,1 of 2
"January 31, 2026",Rafael Fiziev,Mauricio Ruffy,http://ufcstats.com/fight-details/57d7a683b85bb87b,L,KO/TKO,2,4:30,0,16 of 33,17 of 34,0 of 0,0,0,0:00,0,18 of 28,21 of 31,0 of 0,0,0,0:25,2 of 12,7 of 11,7 of 10,14 of 31,2 of 2,0 of 0,13 of 22,2 of 2,3 of 4,18 of 28,0 of 0,0 of 0,0,20 of 33,20 of 33,0 of 1,0,0,0:00,1,37 of 60,39 of 62,0 of 0,0,0,0:20,,,,,,,,,,,,,,,,,,,,,,,,,,,,,,,,,,,,,,,,,,,7 of 19,8 of 8,5 of 6,20 of 33,0 of 0,0 of 0,32 of 55,2 of 2,3 of 3,24 of 38,1 of 2,12 of 20,,,,,,,,,,,,,,,,,,,,,,,,,,,,,,,,,,,,
"January 31, 2026",Tai Tuivasa,Tallison Teixeira,http://ufcstats.com/fight-details/67765535bd0b6bdf,L,Decision - Unanimous,3,5:00,0,2 of 4,3 of 5,0 of 0,0,0,0:42,0,19 of 23,51 of 58,2 of 4,0,0,3:57,1 of 3,1 of 1,0 of 0,1 of 2,1 of 2,0 of 0,16 of 20,2 of 2,1 of 1,3 of 6,2 of 2,14 of 15,0,13 of 18,17 of 23,0 of 0,0,0,0:06,0,21 of 31,43 of 54,1 of 1,0,0,3:01,0,27 of 36,36 of 46,0 of 0,0,0,3:10,0,11 of 20,23 of 32,0 of 4,0,0,0:02,,,,,,,,,,,,,,,,,,,,,,,,,,,,,3 of 7,2 of 2,8 of 9,11 of 16,1 of 1,1 of 1,18 of 27,2 of 2,1 of 2,14 of 23,0 of 0,7 of 8,17 of 26,7 of 7,3 of 3,15 of 17,9 of 14,3 of 5,5 of 13,6 of 7,0 of 0,9 of 18,2 of 2,0 of 0,,,,,,,,,,,,,,,,,,,,,,,,
"January 31, 2026",Quillan Salkilld,Jamie Mullarkey,http://ufcstats.com/fight-details/32e9bc4d0a19a923,W,Submission,1,3:02,0,5 of 8,18 of 21,2 of 3,1,0,0:39,0,1 of 4,6 of 9,1 of 1,0,0,1:14,1 of 2,1 of 2,3 of 4,3 of 5,2 of 3,0 of 0,1 of 4,0 of 0,0 of 0,0 of 3,1 of 1,0 of 0,,,,,,,,,,,,,,,,,,,,,,,,,,,,,,,,,,,,,,,,,,,,,,,,,,,,,,,,,,,,,,,,,,,,,,,,,,,,,,,,,,,,,,,,,,,,,,,,,,,,,,,,
"January 31, 2026",Cam Rowston,Cody Brundage,http://ufcstats.com/fight-details/47362cae6ba0e077,W,KO/TKO,2,4:08,0,23 of 54,23 of 54,0 of 0,0,0,0:11,0,20 of 43,21 of 44,0 of 0,0,0,0:19,15 of 41,1 of 5,7 of 8,20 of 50,3 of 4,0 of 0,14 of 37,1 of 1,5 of 5,20 of 43,0 of 0,0 of 0,0,34 of 65,50 of 85,0 of 0,0,0,1:53,0,9 of 22,10 of 23,0 of 1,0,0,0:00,,,,,,,,,,,,,,,,,,,,,,,,,,,,,,,,,,,,,,,,,,,26 of 55,6 of 8,2 of 2,12 of 20,3 of 4,19 of 41,8 of 21,0 of 0,1 of 1,7 of 18,2 of 4,0 of 0,,,,,,,,,,,,,,,,,,,,,,,,,,,,,,,,,,,,
"January 31, 2026",Jacob Malkoun,Torrez Finney,http://ufcstats.com/fight-details/0047f8aadca1936f,W,Decision - Unanimous,3,5:00,0,61 of 98,72 of 111,0 of 2,1,0,0:20,0,7 of 26,12 of 33,0 of 1,0,0,0:20,59 of 96,2 of 2,0 of 0,55 of 88,1 of 1,5 of 9,6 of 24,1 of 2,0 of 0,7 of 25,0 of 1,0 of 0,1,37 of 53,58 of 76,0 of 1,2,0,2:29,0,8 of 21,11 of 24,0 of 0,0,0,0:00,0,19 of 30,21 of 32,2 of 5,0,0,2:27,0,12 of 30,19 of 38,0 of 0,0,0,0:00,,,,,,,,,,,,,,,,,,,,,,,,,,,,,37 of 53,0 of 0,0 of 0,24 of 36,2 of 3,11 of 14,8 of 20,0 of 1,0 of 0,7 of 20,1 of 1,0 of 0,19 of 30,0 of 0,0 of 0,18 of 29,1 of 1,0 of 0,11 of 29,1 of 1,0 of 0,11 of 29,1 of 1,0 of 0,,,,,,,,,,,,,,,,,,,,,,,,
"January 31, 2026",Jonathan Micallef,Oban Elliott,http://ufcstats.com/fight-details/78912b78aa946375,W,Submission,2,3:31,0,11 of 36,20 of 45,0 of 0,0,0,0:35,0,21 of 49,27 of 55,0 of 2,0,0,1:05,8 of 31,3 of 5,0 of 0,9 of 31,2 of 5,0 of 0,16 of 43,1 of 2,4 of 4,16 of 43,5 of 5,0 of 1,0,8 of 23,10 of 25,1 of 1,1,0,1:00,0,19 of 33,20 of 34,0 of 0,0,0,0:06,,,,,,,,,,,,,,,,,,,,,,,,,,,,,,,,,,,,,,,,,,,5 of 18,2 of 4,1 of 1,7 of 22,1 of 1,0 of 0,18 of 31,0 of 1,1 of 1,19 of 31,0 of 2,0 of 0,,,,,,,,,,,,,,,,,,,,,,,,,,,,,,,,,,,,
"January 24, 2026",Sean O'Malley,Song Yadong,http://ufcstats.com/fight-details/007e8e0d4a39d82c,W,Decision - Unanimous,3,5:00,0,16 of 26,22 of 32,0 of 0,0,0,0:00,0,10 of 23,23 of 37,1 of 1,0,0,0:38,6 of 13,6 of 8,4 of 5,16 of 26,0 of 0,0 of 0,0 of 7,0 of 1,10 of 15,10 of 23,0 of 0,0 of 0,0,7 of 20,20 of 33,0 of 0,0,0,0:00,0,14 of 31,34 of 53,2 of 4,0,0,1:28,0,25 of 46,25 of 46,0 of 0,0,0,0:00,0,12 of 40,12 of 40,0 of 2,0,0,0:00,,,,,,,,,,,,,,,,,,,,,,,,,,,,,1 of 8,5 of 11,1 of 1,7 of 20,0 of 0,0 of 0,8 of 19,1 of 2,5 of 10,14 of 31,0 of 0,0 of 0,16 of 32,5 of 9,4 of 5,25 of 46,0 of 0,0 of 0,7 of 29,1 of 3,4 of 8,12 of 40,0 of 0,0 of 0,,,,,,,,,,,,,,,,,,,,,,,,
"January 24, 2026",Waldo Cortes Acosta,Derrick Lewis,http://ufcstats.com/fight-details/d93ee3860196c4ae,W,KO/TKO,2,3:14,0,12 of 16,14 of 18,1 of 1,0,0,0:16,0,4 of 22,4 of 22,0 of 0,0,0,0:00,7 of 11,3 of 3,2 of 2,11 of 15,0 of 0,1 of 1,3 of 17,1 of 4,0 of 1,4 of 22,0 of 0,0 of 0,1,32 of 46,32 of 46,0 of 0,0,0,0:12,0,4 of 21,4 of 21,0 of 0,0,0,0:00,,,,,,,,,,,,,,,,,,,,,,,,,,,,,,,,,,,,,,,,,,,28 of 42,2 of 2,2 of 2,16 of 30,1 of 1,15 of 15,3 of 20,1 of 1,0 of 0,4 of 21,0 of 0,0 of 0,,,,,,,,,,,,,,,,,,,,,,,,,,,,,,,,,,,,
"January 24, 2026",Arnold Allen,Jean Silva,http://ufcstats.com/fight-details/836a188a90e479a5,L,Decision - Unanimous,3,5:00,0,22 of 45,22 of 45,0 of 0,0,0,0:00,0,16 of 31,16 of 31,0 of 0,0,0,0:00,12 of 33,4 of 6,6 of 6,22 of 45,0 of 0,0 of 0,9 of 23,7 of 8,0 of 0,16 of 31,0 of 0,0 of 0,0,18 of 43,18 of 44,0 of 0,0,0,0:12,0,32 of 60,35 of 64,1 of 1,0,0,0:02,0,16 of 28,20 of 32,0 of 0,0,0,0:42,0,26 of 45,27 of 46,3 of 5,0,0,0:30,,,,,,,,,,,,,,,,,,,,,,,,,,,,,15 of 36,3 of 7,0 of 0,17 of 42,1 of 1,0 of 0,19 of 46,6 of 6,7 of 8,27 of 53,5 of 7,0 of 0,10 of 17,4 of 9,2 of 2,14 of 26,2 of 2,0 of 0,15 of 34,9 of 9,2 of 2,25 of 43,1 of 2,0 of 0,,,,,,,,,,,,,,,,,,,,,,,,
"January 24, 2026",Ateba Gautier,Andrey Pulyaev,http://ufcstats.com/fight-details/33be2456161c14c3,W,Decision - Unanimous,3,5:00,1,8 of 42,8 of 42,0 of 0,0,0,0:00,0,19 of 37,19 of 37,0 of 0,0,0,0:00,8 of 39,0 of 3,0 of 0,7 of 40,1 of 2,0 of 0,12 of 26,7 of 10,0 of 1,19 of 37,0 of 0,0 of 0,1,15 of 41,15 of 41,0 of 0,0,0,0:00,0,24 of 46,24 of 46,0 of 0,0,0,0:00,0,11 of 29,11 of 29,0 of 0,0,0,0:00,0,16 of 40,16 of 40,0 of 0,0,0,0:00,,,,,,,,,,,,,,,,,,,,,,,,,,,,,9 of 35,5 of 5,1 of 1,12 of 34,3 of 7,0 of 0,15 of 33,5 of 9,4 of 4,22 of 44,2 of 2,0 of 0,7 of 24,4 of 5,0 of 0,11 of 29,0 of 0,0 of 0,7 of 24,7 of 13,2 of 3,16 of 40,0 of 0,0 of 0,,,,,,,,,,,,,,,,,,,,,,,,
"January 24, 2026",Josh Hokit,Denzel Freeman,http://ufcstats.com/fight-details/abfb3ed6dcb0e1f0,W,KO/TKO,1,4:59,0,37 of 57,71 of 97,1 of 2,0,0,3:47,0,0 of 7,0 of 8,0 of 1,0,0,0:00,31 of 48,6 of 9,0 of 0,17 of 31,9 of 11,11 of 15,0 of 7,0 of 0,0 of 0,0 of 7,0 of 0,0 of 0,,,,,,,,,,,,,,,,,,,,,,,,,,,,,,,,,,,,,,,,,,,,,,,,,,,,,,,,,,,,,,,,,,,,,,,,,,,,,,,,,,,,,,,,,,,,,,,,,,,,,,,,
"January 24, 2026",Adam Fugitt,Ty Miller,http://ufcstats.com/fight-details/210fc45074fba464,L,KO/TKO,1,4:59,0,36 of 73,39 of 76,0 of 2,0,0,0:00,1,59 of 121,65 of 129,0 of 0,0,0,0:03,10 of 42,21 of 26,5 of 5,30 of 67,6 of 6,0 of 0,55 of 115,4 of 6,0 of 0,55 of 115,3 of 4,1 of 2,,,,,,,,,,,,,,,,,,,,,,,,,,,,,,,,,,,,,,,,,,,,,,,,,,,,,,,,,,,,,,,,,,,,,,,,,,,,,,,,,,,,,,,,,,,,,,,,,,,,,,,,
"December 13, 2025",Giga Chikadze,Kevin Vallejos,http://ufcstats.com/fight-details/24bb03f0a3415fbe,L,KO/TKO,2,1:29,0,9 of 17,16 of 24,0 of 0,0,0,0:00,0,9 of 18,12 of 21,0 of 1,0,0,1:27,1 of 8,8 of 8,0 of 1,9 of 17,0 of 0,0 of 0,6 of 13,1 of 2,2 of 3,8 of 16,1 of 2,0 of 0,0,3 of 5,3 of 5,0 of 0,0,0,0:00,1,11 of 14,11 of 14,0 of 0,0,0,0:01,,,,,,,,,,,,,,,,,,,,,,,,,,,,,,,,,,,,,,,,,,,1 of 2,2 of 2,0 of 1,3 of 5,0 of 0,0 of 0,8 of 11,1 of 1,2 of 2,7 of 10,0 of 0,4 of 4,,,,,,,,,,,,,,,,,,,,,,,,,,,,,,,,,,,,
"December 13, 2025",Cesar Almeida,Cezary Oleksiejczuk,http://ufcstats.com/fight-details/d000cb692343cdcd,L,Decision - Unanimous,3,5:00,0,4 of 5,6 of 9,0 of 0,0,0,0:00,0,5 of 6,33 of 35,1 of 1,0,0,3:39,0 of 1,2 of 2,2 of 2,4 of 5,0 of 0,0 of 0,3 of 3,2 of 3,0 of 0,3 of 4,1 of 1,1 of 1,0,6 of 12,10 of 18,0 of 0,0,1,0:29,0,6 of 10,32 of 39,2 of 2,0,1,3:15,0,2 of 3,9 of 10,0 of 0,0,0,0:00,0,3 of 3,48 of 52,3 of 4,0,0,4:21,,,,,,,,,,,,,,,,,,,,,,,,,,,,,2 of 6,3 of 4,1 of 2,6 of 9,0 of 0,0 of 3,4 of 8,2 of 2,0 of 0,5 of 9,0 of 0,1 of 1,0 of 0,2 of 3,0 of 0,2 of 3,0 of 0,0 of 0,2 of 2,1 of 1,0 of 0,2 of 2,0 of 0,1 of 1,,,,,,,,,,,,,,,,,,,,,,,,
"December 13, 2025",Kennedy Nzechukwu,Marcus Buchecha,http://ufcstats.com/fight-details/47149f3187661509,D,Decision - Unanimous,3,5:00,0,9 of 18,23 of 32,0 of 0,0,0,0:38,0,2 of 9,3 of 10,2 of 9,0,0,2:22,7 of 16,2 of 2,0 of 0,8 of 16,1 of 1,0 of 1,0 of 5,2 of 4,0 of 0,1 of 8,1 of 1,0 of 0,0,7 of 18,7 of 18,0 of 0,0,0,0:10,0,25 of 35,40 of 52,1 of 2,0,0,3:39,0,8 of 12,28 of 37,0 of 0,0,0,2:49,0,0 of 0,4 of 4,0 of 2,0,0,0:19,,,,,,,,,,,,,,,,,,,,,,,,,,,,,6 of 15,1 of 3,0 of 0,5 of 15,1 of 1,1 of 2,23 of 33,2 of 2,0 of 0,1 of 4,1 of 3,23 of 28,8 of 12,0 of 0,0 of 0,0 of 1,0 of 0,8 of 11,0 of 0,0 of 0,0 of 0,0 of 0,0 of 0,0 of 0,,,,,,,,,,,,,,,,,,,,,,,,
"December 13, 2025",Joanderson Brito,Isaac Thomson,http://ufcstats.com/fight-details/225e93ebed9b71b8,W,Decision - Unanimous,3,5:00,0,4 of 7,16 of 19,3 of 3,0,0,1:29,0,6 of 10,26 of 34,2 of 2,0,1,2:23,1 of 4,2 of 2,1 of 1,1 of 1,1 of 2,2 of 4,6 of 7,0 of 2,0 of 1,0 of 3,5 of 5,1 of 2,0,13 of 21,32 of 43,1 of 2,2,1,2:59,0,7 of 16,27 of 39,2 of 3,0,0,0:34,0,16 of 29,18 of 31,4 of 7,0,0,3:31,0,8 of 21,74 of 91,0 of 0,0,0,0:03,,,,,,,,,,,,,,,,,,,,,,,,,,,,,9 of 16,0 of 0,4 of 5,5 of 9,3 of 5,5 of 7,3 of 11,3 of 4,1 of 1,6 of 13,1 of 3,0 of 0,6 of 16,5 of 8,5 of 5,13 of 26,3 of 3,0 of 0,5 of 15,3 of 4,0 of 2,8 of 21,0 of 0,0 of 0,,,,,,,,,,,,,,,,,,,,,,,,
"December 13, 2025",Sean Sharaf,Steven Asplund,http://ufcstats.com/fight-details/a2523a8565fe4361,L,KO/TKO,2,3:49,0,43 of 89,43 of 90,0 of 0,0,0,0:00,0,71 of 137,72 of 138,0 of 0,0,0,0:03,32 of 76,10 of 12,1 of 1,43 of 89,0 of 0,0 of 0,61 of 127,3 of 3,7 of 7,70 of 136,1 of 1,0 of 0,0,23 of 64,23 of 64,0 of 1,0,0,0:00,0,99 of 155,100 of 156,0 of 0,0,0,0:00,,,,,,,,,,,,,,,,,,,,,,,,,,,,,,,,,,,,,,,,,,,18 of 58,5 of 6,0 of 0,23 of 60,0 of 4,0 of 0,93 of 149,3 of 3,3 of 3,96 of 149,3 of 6,0 of 0,,,,,,,,,,,,,,,,,,,,,,,,,,,,,,,,,,,,
"December 13, 2025",Jamey-Lyn Horth,Tereza Bleda,http://ufcstats.com/fight-details/71170fb7ade3e1f4,W,KO/TKO,1,2:05,0,16 of 22,18 of 24,0 of 0,0,0,0:03,0,2 of 12,2 of 12,0 of 4,0,0,1:20,12 of 17,3 of 4,1 of 1,9 of 15,7 of 7,0 of 0,0 of 8,2 of 2,0 of 2,1 of 11,1 of 1,0 of 0,,,,,,,,,,,,,,,,,,,,,,,,,,,,,,,,,,,,,,,,,,,,,,,,,,,,,,,,,,,,,,,,,,,,,,,,,,,,,,,,,,,,,,,,,,,,,,,,,,,,,,,,
"December 06, 2025",Henry Cejudo,Payton Talbott,http://ufcstats.com/fight-details/1dc29f4c6fcdd356,L,Decision - Unanimous,3,5:00,0,22 of 44,26 of 49,0 of 2,0,0,0:00,0,40 of 57,50 of 67,2 of 2,0,0,1:37,11 of 28,1 of 2,10 of 14,18 of 39,2 of 3,2 of 2,28 of 45,7 of 7,5 of 5,29 of 46,4 of 4,7 of 7,0,18 of 38,30 of 52,1 of 1,0,0,2:13,1,50 of 88,57 of 95,1 of 1,0,0,0:36,0,20 of 34,21 of 35,0 of 4,0,0,0:26,0,44 of 72,49 of 78,0 of 2,0,0,1:18,,,,,,,,,,,,,,,,,,,,,,,,,,,,,11 of 30,3 of 4,4 of 4,16 of 34,2 of 4,0 of 0,35 of 69,13 of 17,2 of 2,29 of 62,12 of 15,9 of 11,11 of 25,6 of 6,3 of 3,17 of 31,3 of 3,0 of 0,26 of 53,14 of 15,4 of 4,32 of 60,12 of 12,0 of 0,,,,,,,,,,,,,,,,,,,,,,,,
"December 06, 2025",Grant Dawson,Manuel Torres,http://ufcstats.com/fight-details/c797b58d85c840a4,L,KO/TKO,1,2:25,0,8 of 21,8 of 21,0 of 2,0,0,0:00,1,9 of 17,9 of 17,0 of 0,0,0,0:04,4 of 13,2 of 4,2 of 4,8 of 21,0 of 0,0 of 0,5 of 12,4 of 5,0 of 0,8 of 12,0 of 0,1 of 5,,,,,,,,,,,,,,,,,,,,,,,,,,,,,,,,,,,,,,,,,,,,,,,,,,,,,,,,,,,,,,,,,,,,,,,,,,,,,,,,,,,,,,,,,,,,,,,,,,,,,,,,
"December 06, 2025",Terrance McKinney,Chris Duncan,http://ufcstats.com/fight-details/b3d2ac2244e4f791,L,Submission,1,2:30,0,31 of 57,31 of 57,0 of 0,0,0,0:00,1,38 of 55,53 of 75,1 of 2,1,0,1:10,26 of 50,5 of 7,0 of 0,24 of 45,6 of 11,1 of 1,36 of 51,2 of 3,0 of 1,10 of 20,6 of 8,22 of 27,,,,,,,,,,,,,,,,,,,,,,,,,,,,,,,,,,,,,,,,,,,,,,,,,,,,,,,,,,,,,,,,,,,,,,,,,,,,,,,,,,,,,,,,,,,,,,,,,,,,,,,,
"December 06, 2025",Maycee Barber,Karine Silva,http://ufcstats.com/fight-details/2417cc7bc1eea75b,W,Decision - Unanimous,3,5:00,0,15 of 31,20 of 37,0 of 0,0,1,0:21,0,8 of 18,14 of 25,1 of 1,0,0,2:49,13 of 26,0 of 3,2 of 2,11 of 23,0 of 0,4 of 8,1 of 10,1 of 1,6 of 7,8 of 16,0 of 1,0 of 1,0,21 of 25,32 of 39,2 of 3,0,0,3:57,0,11 of 16,27 of 33,0 of 0,0,1,0:11,0,19 of 29,37 of 54,1 of 2,0,0,2:02,0,2 of 11,16 of 29,1 of 2,0,0,0:28,,,,,,,,,,,,,,,,,,,,,,,,,,,,,18 of 22,1 of 1,2 of 2,6 of 8,0 of 1,15 of 16,7 of 12,2 of 2,2 of 2,6 of 8,1 of 1,4 of 7,10 of 18,3 of 3,6 of 8,13 of 21,0 of 0,6 of 8,0 of 8,1 of 2,1 of 1,2 of 8,0 of 2,0 of 1,,,,,,,,,,,,,,,,,,,,,,,,
"December 06, 2025",Nazim Sadykhov,Fares Ziam,http://ufcstats.com/fight-details/10a57b983e59f727,L,KO/TKO,2,4:59,0,0 of 1,3 of 6,0 of 1,0,0,0:22,0,8 of 10,49 of 53,1 of 2,1,0,4:22,0 of 1,0 of 0,0 of 0,0 of 1,0 of 0,0 of 0,3 of 4,2 of 2,3 of 4,2 of 2,3 of 4,3 of 4,0,4 of 15,4 of 15,0 of 1,0,0,0:17,1,23 of 39,27 of 43,1 of 3,1,0,1:36,,,,,,,,,,,,,,,,,,,,,,,,,,,,,,,,,,,,,,,,,,,1 of 10,0 of 0,3 of 5,4 of 15,0 of 0,0 of 0,18 of 32,0 of 1,5 of 6,16 of 29,1 of 1,6 of 9,,,,,,,,,,,,,,,,,,,,,,,,,,,,,,,,,,,,
"December 06, 2025",Marvin Vettori,Brunno Ferreira,http://ufcstats.com/fight-details/3c683da1924b6c44,L,Decision - Unanimous,3,5:00,0,27 of 49,28 of 50,0 of 2,0,0,0:04,0,25 of 47,25 of 47,0 of 1,0,0,0:02,22 of 44,0 of 0,5 of 5,27 of 48,0 of 1,0 of 0,18 of 40,3 of 3,4 of 4,25 of 45,0 of 0,0 of 2,0,31 of 71,31 of 71,0 of 1,0,0,0:00,0,30 of 55,30 of 55,0 of 2,0,0,0:00,0,30 of 66,31 of 67,1 of 1,0,0,1:04,0,22 of 47,22 of 47,1 of 4,0,0,0:03,,,,,,,,,,,,,,,,,,,,,,,,,,,,,27 of 67,1 of 1,3 of 3,29 of 68,2 of 3,0 of 0,21 of 45,5 of 5,4 of 5,27 of 52,3 of 3,0 of 0,29 of 65,0 of 0,1 of 1,30 of 65,0 of 0,0 of 1,21 of 45,1 of 2,0 of 0,21 of 46,0 of 0,1 of 1,,,,,,,,,,,,,,,,,,,,,,,,
"December 06, 2025",Edson Barboza,Jalin Turner,http://ufcstats.com/fight-details/7af407397532f7cf,L,KO/TKO,1,2:24,0,10 of 20,10 of 20,0 of 0,0,1,0:07,2,39 of 66,43 of 73,0 of 0,0,0,0:38,4 of 14,4 of 4,2 of 2,10 of 19,0 of 1,0 of 0,29 of 55,8 of 9,2 of 2,33 of 53,5 of 10,1 of 3,,,,,,,,,,,,,,,,,,,,,,,,,,,,,,,,,,,,,,,,,,,,,,,,,,,,,,,,,,,,,,,,,,,,,,,,,,,,,,,,,,,,,,,,,,,,,,,,,,,,,,,,
"December 06, 2025",Mansur Abdul-Malik,Antonio Trocoli,http://ufcstats.com/fight-details/964ea1777695851b,W,Submission,1,1:09,0,2 of 4,2 of 4,1 of 1,1,0,0:42,0,3 of 6,3 of 6,0 of 1,0,0,0:00,2 of 4,0 of 0,0 of 0,1 of 3,0 of 0,1 of 1,2 of 4,0 of 1,1 of 1,3 of 6,0 of 0,0 of 0,,,,,,,,,,,,,,,,,,,,,,,,,,,,,,,,,,,,,,,,,,,,,,,,,,,,,,,,,,,,,,,,,,,,,,,,,,,,,,,,,,,,,,,,,,,,,,,,,,,,,,,,
"December 06, 2025",Muhammad Naimov,Mairon Santos,http://ufcstats.com/fight-details/40fa4f8b4b93884e,L,KO/TKO,3,0:21,0,11 of 18,20 of 30,0 of 2,0,0,1:00,0,7 of 15,15 of 23,0 of 0,0,0,0:19,3 of 9,5 of 5,3 of 4,8 of 14,3 of 4,0 of 0,2 of 9,3 of 4,2 of 2,6 of 14,1 of 1,0 of 0,0,6 of 26,14 of 35,0 of 3,0,0,1:08,0,16 of 24,24 of 32,0 of 1,0,0,0:25,0,1 of 4,1 of 4,0 of 0,0,0,0:00,1,4 of 6,4 of 6,0 of 0,0,0,0:03,,,,,,,,,,,,,,,,,,,,,,,,,,,,,3 of 18,1 of 4,2 of 4,4 of 22,2 of 4,0 of 0,6 of 13,5 of 6,5 of 5,10 of 17,6 of 7,0 of 0,1 of 2,0 of 1,0 of 1,1 of 4,0 of 0,0 of 0,3 of 5,0 of 0,1 of 1,3 of 3,0 of 0,1 of 3,,,,,,,,,,,,,,,,,,,,,,,,
"November 22, 2025",Volkan Oezdemir,Alonzo Menifield,http://ufcstats.com/fight-details/870d374f8d9af65a,W,KO/TKO,1,1:27,1,13 of 35,14 of 37,0 of 0,0,0,0:00,0,2 of 7,2 of 7,0 of 0,0,0,0:00,12 of 33,0 of 1,1 of 1,13 of 35,0 of 0,0 of 0,1 of 5,1 of 2,0 of 0,2 of 7,0 of 0,0 of 0,,,,,,,,,,,,,,,,,,,,,,,,,,,,,,,,,,,,,,,,,,,,,,,,,,,,,,,,,,,,,,,,,,,,,,,,,,,,,,,,,,,,,,,,,,,,,,,,,,,,,,,,
"November 22, 2025",Waldo Cortes Acosta,Shamil Gaziev,http://ufcstats.com/fight-details/e8307c7686c42d8c,W,KO/TKO,1,1:22,2,10 of 21,15 of 26,0 of 0,0,0,0:08,0,6 of 15,6 of 15,0 of 0,0,0,0:00,8 of 19,1 of 1,1 of 1,9 of 18,0 of 1,1 of 2,4 of 13,1 of 1,1 of 1,6 of 15,0 of 0,0 of 0,,,,,,,,,,,,,,,,,,,,,,,,,,,,,,,,,,,,,,,,,,,,,,,,,,,,,,,,,,,,,,,,,,,,,,,,,,,,,,,,,,,,,,,,,,,,,,,,,,,,,,,,
"November 22, 2025",Bogdan Grad,Luke Riley,http://ufcstats.com/fight-details/5e6a74db89f5410c,L,KO/TKO,2,0:30,0,6 of 9,16 of 20,4 of 7,0,0,3:55,0,3 of 7,8 of 15,0 of 0,0,0,0:00,6 of 9,0 of 0,0 of 0,0 of 1,2 of 2,4 of 6,1 of 5,0 of 0,2 of 2,2 of 6,1 of 1,0 of 0,0,1 of 4,1 of 4,0 of 0,0,0,0:00,1,11 of 16,12 of 17,0 of 0,0,0,0:15,,,,,,,,,,,,,,,,,,,,,,,,,,,,,,,,,,,,,,,,,,,0 of 3,1 of 1,0 of 0,1 of 4,0 of 0,0 of 0,10 of 14,1 of 2,0 of 0,2 of 5,0 of 0,9 of 11,,,,,,,,,,,,,,,,,,,,,,,,,,,,,,,,,,,,
"November 22, 2025",Abdul Rakhman Yakhyaev,Rafael Cerqueira,http://ufcstats.com/fight-details/f5564a9eeebd4ea0,W,Submission,1,0:33,1,6 of 10,11 of 16,1 of 1,1,0,0:24,0,0 of 1,0 of 1,0 of 0,0,0,0:00,6 of 10,0 of 0,0 of 0,3 of 4,0 of 0,3 of 6,0 of 1,0 of 0,0 of 0,0 of 1,0 of 0,0 of 0,,,,,,,,,,,,,,,,,,,,,,,,,,,,,,,,,,,,,,,,,,,,,,,,,,,,,,,,,,,,,,,,,,,,,,,,,,,,,,,,,,,,,,,,,,,,,,,,,,,,,,,,
"November 22, 2025",Nurullo Aliev,Shem Rock,http://ufcstats.com/fight-details/46f81d5ecd974c1c,W,Decision - Unanimous,3,5:00,0,28 of 53,29 of 56,0 of 1,0,0,0:30,0,12 of 29,13 of 31,0 of 2,0,0,0:00,20 of 42,7 of 8,1 of 3,25 of 47,3 of 6,0 of 0,2 of 15,6 of 10,4 of 4,10 of 27,2 of 2,0 of 0,0,14 of 45,21 of 53,1 of 3,0,0,1:23,0,20 of 44,24 of 51,0 of 2,0,0,0:00,0,9 of 19,13 of 24,0 of 1,1,0,1:51,0,12 of 31,40 of 59,1 of 5,0,0,0:32,,,,,,,,,,,,,,,,,,,,,,,,,,,,,12 of 42,2 of 3,0 of 0,12 of 43,2 of 2,0 of 0,6 of 24,4 of 9,10 of 11,20 of 44,0 of 0,0 of 0,5 of 13,1 of 3,3 of 3,6 of 15,2 of 3,1 of 1,1 of 14,8 of 13,3 of 4,10 of 26,2 of 5,0 of 0,,,,,,,,,,,,,,,,,,,,,,,,
"November 15, 2025",Jack Della Maddalena,Islam Makhachev,http://ufcstats.com/fight-details/856f6ee049373843,L,Decision - Unanimous,5,5:00,0,4 of 18,11 of 26,0 of 0,0,0,0:00,0,3 of 8,20 of 36,1 of 1,0,0,3:52,3 of 14,1 of 2,0 of 2,4 of 18,0 of 0,0 of 0,0 of 5,0 of 0,3 of 3,3 of 7,0 of 0,0 of 1,0,3 of 6,6 of 9,0 of 1,0,0,0:00,0,9 of 17,36 of 46,0 of 0,0,0,4:05,0,9 of 20,11 of 22,0 of 0,0,0,0:00,0,11 of 18,32 of 44,1 of 1,0,0,3:06,0,1 of 11,1 of 11,0 of 0,0,0,0:00,0,7 of 12,30 of 37,1 of 1,0,0,3:24,0,1 of 6,1 of 6,0 of 0,0,0,0:00,0,0 of 2,22 of 25,1 of 1,0,0,4:43,2 of 5,1 of 1,0 of 0,3 of 6,0 of 0,0 of 0,6 of 13,1 of 2,2 of 2,3 of 6,1 of 2,5 of 9,4 of 12,4 of 7,1 of 1,5 of 15,4 of 5,0 of 0,5 of 12,3 of 3,3 of 3,7 of 14,2 of 2,2 of 2,0 of 8,0 of 2,1 of 1,1 of 11,0 of 0,0 of 0,3 of 8,2 of 2,2 of 2,7 of 12,0 of 0,0 of 0,1 of 6,0 of 0,0 of 0,1 of 6,0 of 0,0 of 0,0 of 2,0 of 0,0 of 0,0 of 2,0 of 0,0 of 0
"November 15, 2025",Sean Brady,Michael Morales,http://ufcstats.com/fight-details/477af74ea3cbba8b,L,KO/TKO,1,3:27,0,8 of 22,8 of 22,0 of 1,0,0,0:00,1,24 of 52,24 of 52,0 of 0,0,0,0:02,5 of 15,0 of 0,3 of 7,8 of 22,0 of 0,0 of 0,24 of 50,0 of 1,0 of 1,21 of 47,0 of 1,3 of 4,,,,,,,,,,,,,,,,,,,,,,,,,,,,,,,,,,,,,,,,,,,,,,,,,,,,,,,,,,,,,,,,,,,,,,,,,,,,,,,,,,,,,,,,,,,,,,,,,,,,,,,,
"November 15, 2025",Leon Edwards,Carlos Prates,http://ufcstats.com/fight-details/3c60884853766487,L,KO/TKO,2,1:28,0,7 of 10,20 of 23,2 of 3,0,0,3:00,0,9 of 17,12 of 20,0 of 0,0,0,0:00,2 of 4,0 of 0,5 of 6,6 of 9,1 of 1,0 of 0,2 of 8,1 of 2,6 of 7,8 of 16,1 of 1,0 of 0,0,5 of 7,5 of 7,0 of 0,0,0,0:00,1,12 of 15,12 of 15,0 of 0,0,0,0:01,,,,,,,,,,,,,,,,,,,,,,,,,,,,,,,,,,,,,,,,,,,2 of 4,0 of 0,3 of 3,5 of 7,0 of 0,0 of 0,6 of 8,1 of 1,5 of 6,11 of 14,0 of 0,1 of 1,,,,,,,,,,,,,,,,,,,,,,,,,,,,,,,,,,,,
"November 15, 2025",Roman Kopylov,Gregory Rodrigues,http://ufcstats.com/fight-details/ebb012c5f3fd0cbb,L,Decision - Unanimous,3,5:00,0,9 of 16,11 of 19,1 of 1,0,0,0:31,0,20 of 35,20 of 35,0 of 2,0,0,0:00,2 of 5,2 of 6,5 of 5,9 of 15,0 of 0,0 of 1,12 of 25,7 of 9,1 of 1,19 of 34,1 of 1,0 of 0,0,23 of 36,23 of 37,1 of 1,0,0,0:04,0,37 of 70,38 of 71,0 of 1,1,0,0:24,0,20 of 53,20 of 53,0 of 0,0,0,0:00,0,33 of 68,33 of 68,0 of 1,0,0,0:00,,,,,,,,,,,,,,,,,,,,,,,,,,,,,20 of 32,3 of 4,0 of 0,22 of 35,1 of 1,0 of 0,26 of 55,10 of 14,1 of 1,32 of 62,5 of 8,0 of 0,13 of 43,4 of 6,3 of 4,20 of 53,0 of 0,0 of 0,21 of 53,11 of 14,1 of 1,33 of 68,0 of 0,0 of 0,,,,,,,,,,,,,,,,,,,,,,,,
"November 15, 2025",Erin Blanchfield,Tracy Cortez,http://ufcstats.com/fight-details/909cd8633507a0c8,W,Submission,2,4:44,0,43 of 92,43 of 92,0 of 0,0,0,0:00,0,32 of 76,33 of 77,0 of 1,0,0,0:00,32 of 80,5 of 6,6 of 6,42 of 91,1 of 1,0 of 0,25 of 64,4 of 9,3 of 3,31 of 72,1 of 4,0 of 0,0,9 of 24,22 of 42,2 of 3,1,1,2:43,0,14 of 28,17 of 31,1 of 2,0,0,0:30,,,,,,,,,,,,,,,,,,,,,,,,,,,,,,,,,,,,,,,,,,,6 of 20,1 of 2,2 of 2,9 of 24,0 of 0,0 of 0,10 of 24,3 of 3,1 of 1,14 of 28,0 of 0,0 of 0,,,,,,,,,,,,,,,,,,,,,,,,,,,,,,,,,,,,
"November 15, 2025",Malcolm Wellmaker,Ethyn Ewing,http://ufcstats.com/fight-details/e313286b307334a7,L,Decision - Unanimous,3,5:00,0,21 of 27,24 of 30,0 of 2,0,0,0:20,0,12 of 29,18 of 36,1 of 1,0,0,0:26,7 of 11,12 of 13,2 of 3,11 of 15,10 of 12,0 of 0,8 of 25,1 of 1,3 of 3,7 of 20,5 of 9,0 of 0,0,34 of 68,34 of 68,0 of 0,0,0,0:14,0,41 of 72,42 of 73,1 of 3,0,0,0:07,0,22 of 51,24 of 53,0 of 1,0,0,0:37,0,32 of 62,39 of 70,1 of 1,0,0,0:46,,,,,,,,,,,,,,,,,,,,,,,,,,,,,21 of 45,10 of 15,3 of 8,27 of 59,7 of 9,0 of 0,36 of 66,3 of 4,2 of 2,32 of 62,9 of 10,0 of 0,7 of 31,13 of 17,2 of 3,15 of 42,7 of 9,0 of 0,26 of 56,6 of 6,0 of 0,28 of 56,4 of 6,0 of 0,,,,,,,,,,,,,,,,,,,,,,,,
"November 15, 2025",Kyle Daukaus,Gerald Meerschaert,http://ufcstats.com/fight-details/9bbdc2a2ab334541,W,Submission,1,0:50,1,8 of 11,8 of 11,0 of 0,1,0,0:17,0,0 of 2,0 of 2,0 of 0,0,0,0:00,8 of 10,0 of 0,0 of 1,4 of 7,0 of 0,4 of 4,0 of 2,0 of 0,0 of 0,0 of 2,0 of 0,0 of 0,,,,,,,,,,,,,,,,,,,,,,,,,,,,,,,,,,,,,,,,,,,,,,,,,,,,,,,,,,,,,,,,,,,,,,,,,,,,,,,,,,,,,,,,,,,,,,,,,,,,,,,,
"November 15, 2025",Baisangur Susurkaev,Eric McConico,http://ufcstats.com/fight-details/c037cf1f7b429d5e,W,KO/TKO,3,1:38,0,13 of 17,52 of 58,2 of 5,0,0,2:19,0,17 of 29,36 of 54,0 of 0,0,0,1:37,3 of 6,5 of 6,5 of 5,7 of 10,6 of 7,0 of 0,9 of 21,5 of 5,3 of 3,9 of 21,8 of 8,0 of 0,0,25 of 43,38 of 57,0 of 2,0,0,0:54,0,29 of 54,47 of 72,0 of 0,0,0,0:40,1,15 of 28,15 of 28,0 of 0,0,0,0:00,0,7 of 24,7 of 24,0 of 0,0,0,0:00,,,,,,,,,,,,,,,,,,,,,,,,,,,,,8 of 25,15 of 16,2 of 2,20 of 38,5 of 5,0 of 0,15 of 40,5 of 5,9 of 9,20 of 44,9 of 10,0 of 0,9 of 21,5 of 6,1 of 1,15 of 28,0 of 0,0 of 0,4 of 20,0 of 1,3 of 3,7 of 24,0 of 0,0 of 0,,,,,,,,,,,,,,,,,,,,,,,,
"November 15, 2025",Viacheslav Borshchev,Matheus Camilo,http://ufcstats.com/fight-details/1a5378e32e8519ef,L,Decision - Unanimous,3,5:00,0,9 of 41,11 of 43,0 of 0,0,0,0:00,0,12 of 30,17 of 35,2 of 3,0,0,0:47,5 of 30,3 of 7,1 of 4,9 of 41,0 of 0,0 of 0,9 of 25,1 of 1,2 of 4,12 of 30,0 of 0,0 of 0,0,19 of 46,26 of 53,0 of 0,0,0,0:00,0,10 of 22,14 of 28,2 of 4,0,0,2:22,0,37 of 101,41 of 105,0 of 0,0,1,0:24,0,17 of 41,17 of 41,1 of 3,0,0,0:13,,,,,,,,,,,,,,,,,,,,,,,,,,,,,11 of 36,7 of 9,1 of 1,18 of 44,1 of 2,0 of 0,7 of 19,2 of 2,1 of 1,8 of 19,1 of 2,1 of 1,24 of 84,6 of 9,7 of 8,37 of 101,0 of 0,0 of 0,11 of 35,3 of 3,3 of 3,17 of 41,0 of 0,0 of 0,,,,,,,,,,,,,,,,,,,,,,,,
"November 08, 2025",Gabriel Bonfim,Randy Brown,http://ufcstats.com/fight-details/4e224ebb6394611d,W,KO/TKO,2,1:40,0,24 of 43,24 of 43,0 of 0,0,0,0:00,0,19 of 61,19 of 61,0 of 0,0,0,0:00,6 of 21,0 of 0,18 of 22,23 of 42,1 of 1,0 of 0,7 of 33,3 of 14,9 of 14,19 of 61,0 of 0,0 of 0,1,11 of 21,11 of 21,0 of 0,0,0,0:00,0,14 of 26,14 of 26,0 of 0,0,0,0:00,,,,,,,,,,,,,,,,,,,,,,,,,,,,,,,,,,,,,,,,,,,5 of 15,1 of 1,5 of 5,10 of 20,1 of 1,0 of 0,4 of 15,6 of 7,4 of 4,14 of 26,0 of 0,0 of 0,,,,,,,,,,,,,,,,,,,,,,,,,,,,,,,,,,,,
"November 08, 2025",Muslim Salikhov,Uros Medic,http://ufcstats.com/fight-details/b23fa678cc65cf5b,L,KO/TKO,1,1:03,0,2 of 5,2 of 5,0 of 0,0,0,0:00,1,8 of 13,9 of 14,0 of 0,0,0,0:05,0 of 1,0 of 1,2 of 3,2 of 5,0 of 0,0 of 0,5 of 9,3 of 3,0 of 1,5 of 9,0 of 0,3 of 4,,,,,,,,,,,,,,,,,,,,,,,,,,,,,,,,,,,,,,,,,,,,,,,,,,,,,,,,,,,,,,,,,,,,,,,,,,,,,,,,,,,,,,,,,,,,,,,,,,,,,,,,
"November 08, 2025",Chris Padilla,Ismael Bonfim,http://ufcstats.com/fight-details/20971ed9a842b0cb,W,KO/TKO,2,4:30,0,17 of 31,38 of 53,0 of 0,0,0,2:23,0,14 of 28,18 of 32,1 of 2,0,0,0:08,8 of 13,4 of 6,5 of 12,15 of 29,2 of 2,0 of 0,9 of 23,4 of 4,1 of 1,14 of 28,0 of 0,0 of 0,0,47 of 78,50 of 81,0 of 0,0,0,0:58,0,28 of 56,29 of 57,0 of 1,0,0,0:07,,,,,,,,,,,,,,,,,,,,,,,,,,,,,,,,,,,,,,,,,,,25 of 47,6 of 9,16 of 22,28 of 54,4 of 4,15 of 20,18 of 45,8 of 9,2 of 2,28 of 56,0 of 0,0 of 0,,,,,,,,,,,,,,,,,,,,,,,,,,,,,,,,,,,,
"November 08, 2025",Christian Leroy Duncan,Marco Tulio,http://ufcstats.com/fight-details/ac4343150638b635,W,KO/TKO,2,3:20,0,8 of 18,13 of 26,1 of 1,0,0,1:01,0,8 of 17,15 of 25,2 of 4,0,0,2:31,3 of 8,1 of 4,4 of 6,7 of 17,0 of 0,1 of 1,2 of 9,1 of 2,5 of 6,6 of 13,2 of 4,0 of 0,1,15 of 28,27 of 40,0 of 0,0,0,0:09,0,19 of 40,27 of 50,0 of 1,0,0,0:02,,,,,,,,,,,,,,,,,,,,,,,,,,,,,,,,,,,,,,,,,,,8 of 19,2 of 3,5 of 6,13 of 26,1 of 1,1 of 1,11 of 27,2 of 5,6 of 8,16 of 36,3 of 4,0 of 0,,,,,,,,,,,,,,,,,,,,,,,,,,,,,,,,,,,,
"November 08, 2025",Hyder Amil,Jamall Emmers,http://ufcstats.com/fight-details/e3d657dd88864ba7,L,Decision - Unanimous,3,5:00,0,33 of 90,37 of 95,0 of 1,0,0,0:17,0,28 of 65,28 of 65,2 of 2,0,0,0:25,19 of 67,6 of 11,8 of 12,31 of 86,2 of 4,0 of 0,17 of 49,11 of 15,0 of 1,27 of 63,1 of 2,0 of 0,0,12 of 29,36 of 58,0 of 0,0,0,0:00,0,13 of 23,31 of 43,3 of 4,0,0,3:20,0,2 of 6,7 of 11,0 of 0,0,0,0:00,0,9 of 13,24 of 33,2 of 2,1,0,4:50,,,,,,,,,,,,,,,,,,,,,,,,,,,,,8 of 23,1 of 2,3 of 4,11 of 27,1 of 2,0 of 0,11 of 21,2 of 2,0 of 0,10 of 19,2 of 2,1 of 2,1 of 4,0 of 0,1 of 2,2 of 6,0 of 0,0 of 0,9 of 13,0 of 0,0 of 0,1 of 1,0 of 0,8 of 12,,,,,,,,,,,,,,,,,,,,,,,,
"November 08, 2025",Josh Hokit,Max Gimenis,http://ufcstats.com/fight-details/87dcb3eab20f6ac1,W,KO/TKO,1,0:56,2,9 of 17,11 of 19,0 of 0,0,0,0:08,0,3 of 7,3 of 7,0 of 0,0,0,0:00,9 of 17,0 of 0,0 of 0,7 of 15,1 of 1,1 of 1,0 of 4,1 of 1,2 of 2,3 of 6,0 of 1,0 of 0,,,,,,,,,,,,,,,,,,,,,,,,,,,,,,,,,,,,,,,,,,,,,,,,,,,,,,,,,,,,,,,,,,,,,,,,,,,,,,,,,,,,,,,,,,,,,,,,,,,,,,,,
"November 08, 2025",Tecia Pennington,Denise Gomes,http://ufcstats.com/fight-details/9126633d921afb57,L,Decision - Unanimous,3,5:00,0,22 of 51,34 of 65,0 of 1,0,0,0:08,0,25 of 61,26 of 62,1 of 3,0,0,0:10,7 of 21,4 of 12,11 of 18,22 of 50,0 of 1,0 of 0,11 of 37,6 of 14,8 of 10,24 of 58,1 of 3,0 of 0,0,27 of 56,29 of 58,0 of 0,0,0,0:00,0,19 of 54,22 of 58,0 of 4,0,0,0:06,0,9 of 18,10 of 21,1 of 1,0,0,0:24,0,9 of 23,27 of 49,2 of 3,0,1,3:35,,,,,,,,,,,,,,,,,,,,,,,,,,,,,6 of 27,4 of 5,17 of 24,27 of 52,0 of 4,0 of 0,5 of 34,5 of 9,9 of 11,19 of 54,0 of 0,0 of 0,2 of 8,1 of 2,6 of 8,9 of 16,0 of 2,0 of 0,3 of 15,4 of 6,2 of 2,5 of 17,1 of 2,3 of 4,,,,,,,,,,,,,,,,,,,,,,,,
"November 08, 2025",Miles Johns,Daniel Marcos,http://ufcstats.com/fight-details/238c274c90587e21,L,Submission,2,4:23,0,8 of 20,13 of 25,0 of 1,0,0,1:19,0,12 of 21,25 of 35,1 of 1,0,0,1:36,4 of 16,1 of 1,3 of 3,8 of 17,0 of 3,0 of 0,5 of 13,5 of 6,2 of 2,3 of 12,9 of 9,0 of 0,0,20 of 34,20 of 36,0 of 0,0,0,0:15,0,15 of 26,17 of 34,2 of 3,1,0,2:23,,,,,,,,,,,,,,,,,,,,,,,,,,,,,,,,,,,,,,,,,,,17 of 29,2 of 4,1 of 1,20 of 32,0 of 2,0 of 0,10 of 20,3 of 4,2 of 2,11 of 22,4 of 4,0 of 0,,,,,,,,,,,,,,,,,,,,,,,,,,,,,,,,,,,,
"November 01, 2025",Waldo Cortes Acosta,Ante Delija,http://ufcstats.com/fight-details/9d9390b550d77e06,W,KO/TKO,1,3:59,1,12 of 17,18 of 24,0 of 0,0,0,1:37,0,16 of 36,18 of 38,0 of 1,0,0,0:25,9 of 11,2 of 5,1 of 1,4 of 8,2 of 3,6 of 6,13 of 33,2 of 2,1 of 1,15 of 33,1 of 3,0 of 0,,,,,,,,,,,,,,,,,,,,,,,,,,,,,,,,,,,,,,,,,,,,,,,,,,,,,,,,,,,,,,,,,,,,,,,,,,,,,,,,,,,,,,,,,,,,,,,,,,,,,,,,
"November 01, 2025",Isaac Dulgarian,Yadier del Valle,http://ufcstats.com/fight-details/767b78b67c7da17c,L,Submission,1,3:41,0,0 of 1,3 of 6,0 of 1,0,0,0:16,0,1 of 1,28 of 43,0 of 0,3,0,2:56,0 of 1,0 of 0,0 of 0,0 of 1,0 of 0,0 of 0,0 of 0,0 of 0,1 of 1,1 of 1,0 of 0,0 of 0,,,,,,,,,,,,,,,,,,,,,,,,,,,,,,,,,,,,,,,,,,,,,,,,,,,,,,,,,,,,,,,,,,,,,,,,,,,,,,,,,,,,,,,,,,,,,,,,,,,,,,,,
"November 01, 2025",Charles Radtke,Daniel Frunza,http://ufcstats.com/fight-details/71c8ca7442bcb757,W,Submission,3,4:29,0,9 of 14,60 of 87,1 of 1,1,0,3:43,0,3 of 10,14 of 29,0 of 0,0,0,0:00,7 of 11,0 of 0,2 of 3,3 of 7,0 of 0,6 of 7,3 of 5,0 of 1,0 of 4,3 of 10,0 of 0,0 of 0,0,19 of 21,66 of 72,1 of 3,0,0,4:11,0,1 of 7,45 of 59,0 of 0,0,0,0:00,0,3 of 3,37 of 55,1 of 1,1,0,3:47,0,2 of 7,9 of 14,0 of 0,0,0,0:00,,,,,,,,,,,,,,,,,,,,,,,,,,,,,18 of 20,1 of 1,0 of 0,0 of 1,1 of 1,18 of 19,0 of 5,1 of 2,0 of 0,1 of 5,0 of 2,0 of 0,3 of 3,0 of 0,0 of 0,1 of 1,0 of 0,2 of 2,1 of 6,1 of 1,0 of 0,2 of 7,0 of 0,0 of 0,,,,,,,,,,,,,,,,,,,,,,,,
"November 01, 2025",Billy Elekana,Kevin Christian,http://ufcstats.com/fight-details/f063bcccbbb9edc5,W,Submission,1,3:33,1,17 of 23,19 of 25,0 of 0,1,0,0:21,0,14 of 17,14 of 17,0 of 0,0,0,0:00,11 of 15,2 of 2,4 of 6,8 of 12,0 of 0,9 of 11,0 of 3,6 of 6,8 of 8,14 of 17,0 of 0,0 of 0,,,,,,,,,,,,,,,,,,,,,,,,,,,,,,,,,,,,,,,,,,,,,,,,,,,,,,,,,,,,,,,,,,,,,,,,,,,,,,,,,,,,,,,,,,,,,,,,,,,,,,,,
"November 01, 2025",Timmy Cuamba,ChangHo Lee,http://ufcstats.com/fight-details/58f6248da3cdf3ce,W,Decision - Unanimous,3,5:00,0,0 of 1,2 of 3,0 of 0,0,0,0:00,0,1 of 1,49 of 90,2 of 3,0,0,4:52,0 of 1,0 of 0,0 of 0,0 of 1,0 of 0,0 of 0,0 of 0,0 of 0,1 of 1,1 of 1,0 of 0,0 of 0,0,21 of 28,23 of 30,1 of 2,0,0,1:35,0,11 of 22,13 of 25,1 of 5,0,0,1:18,0,2 of 3,14 of 15,1 of 2,0,1,4:20,0,3 of 3,26 of 26,0 of 0,0,0,0:15,,,,,,,,,,,,,,,,,,,,,,,,,,,,,16 of 23,5 of 5,0 of 0,14 of 20,7 of 8,0 of 0,8 of 16,2 of 4,1 of 2,10 of 21,1 of 1,0 of 0,1 of 2,1 of 1,0 of 0,1 of 1,1 of 2,0 of 0,2 of 2,0 of 0,1 of 1,2 of 2,1 of 1,0 of 0,,,,,,,,,,,,,,,,,,,,,,,,
"November 01, 2025",Donte Johnson,Sedriques Dumas,http://ufcstats.com/fight-details/c245be6698c1e378,W,Submission,2,1:25,0,9 of 17,11 of 19,2 of 2,0,0,1:53,0,3 of 10,10 of 17,1 of 3,0,0,2:03,8 of 16,0 of 0,1 of 1,2 of 9,6 of 7,1 of 1,0 of 6,2 of 3,1 of 1,1 of 8,2 of 2,0 of 0,0,1 of 1,7 of 8,1 of 1,1,0,1:11,0,2 of 6,2 of 6,0 of 2,0,0,0:00,,,,,,,,,,,,,,,,,,,,,,,,,,,,,,,,,,,,,,,,,,,1 of 1,0 of 0,0 of 0,1 of 1,0 of 0,0 of 0,0 of 4,2 of 2,0 of 0,2 of 4,0 of 0,0 of 2,,,,,,,,,,,,,,,,,,,,,,,,,,,,,,,,,,,,
"November 01, 2025",Phil Rowe,Seokhyeon Ko,http://ufcstats.com/fight-details/e6031b5937294176,L,Decision - Unanimous,3,5:00,0,1 of 1,1 of 1,0 of 0,0,0,0:00,0,13 of 15,36 of 45,2 of 2,0,0,4:30,0 of 0,0 of 0,1 of 1,1 of 1,0 of 0,0 of 0,11 of 13,0 of 0,2 of 2,3 of 3,0 of 0,10 of 12,0,0 of 2,4 of 7,0 of 0,0,0,0:00,0,11 of 14,47 of 60,1 of 1,0,0,4:32,0,3 of 4,6 of 7,0 of 0,0,1,0:07,0,12 of 13,41 of 52,1 of 1,0,0,4:08,,,,,,,,,,,,,,,,,,,,,,,,,,,,,0 of 2,0 of 0,0 of 0,0 of 2,0 of 0,0 of 0,10 of 13,0 of 0,1 of 1,2 of 5,0 of 0,9 of 9,2 of 3,1 of 1,0 of 0,3 of 4,0 of 0,0 of 0,6 of 7,0 of 0,6 of 6,7 of 8,0 of 0,5 of 5,,,,,,,,,,,,,,,,,,,,,,,,
"November 01, 2025",Talita Alencar,Ariane Carnelossi,http://ufcstats.com/fight-details/7add5901fac6ab82,W,Submission,3,4:36,0,18 of 30,26 of 38,2 of 4,0,0,1:51,0,1 of 17,24 of 43,0 of 0,0,0,1:39,9 of 18,8 of 10,1 of 2,5 of 12,9 of 9,4 of 9,1 of 17,0 of 0,0 of 0,1 of 14,0 of 3,0 of 0,0,20 of 39,23 of 45,2 of 3,1,0,1:30,0,10 of 35,11 of 37,0 of 1,0,0,0:40,0,22 of 31,30 of 39,1 of 1,1,0,2:49,0,14 of 24,15 of 26,0 of 0,0,0,0:00,,,,,,,,,,,,,,,,,,,,,,,,,,,,,10 of 25,7 of 9,3 of 5,14 of 32,5 of 6,1 of 1,2 of 24,2 of 4,6 of 7,10 of 33,0 of 2,0 of 0,15 of 24,4 of 4,3 of 3,12 of 21,0 of 0,10 of 10,7 of 16,1 of 1,6 of 7,14 of 24,0 of 0,0 of 0,,,,,,,,,,,,,,,,,,,,,,,,
"October 25, 2025",Alexander Volkov,Jailton Almeida,http://ufcstats.com/fight-details/b42a3386a7dccb3d,W,Decision - Split,3,5:00,0,15 of 15,38 of 38,0 of 0,0,1,2:14,0,0 of 0,1 of 1,1 of 2,0,0,2:38,15 of 15,0 of 0,0 of 0,0 of 0,0 of 0,15 of 15,0 of 0,0 of 0,0 of 0,0 of 0,0 of 0,0 of 0,0,2 of 4,8 of 10,0 of 0,0,0,0:00,0,4 of 5,9 of 11,3 of 4,0,0,4:27,0,7 of 8,77 of 82,0 of 0,0,0,0:43,0,5 of 5,17 of 21,3 of 3,0,0,3:42,,,,,,,,,,,,,,,,,,,,,,,,,,,,,2 of 4,0 of 0,0 of 0,0 of 2,0 of 0,2 of 2,4 of 5,0 of 0,0 of 0,1 of 1,0 of 0,3 of 4,2 of 2,5 of 6,0 of 0,1 of 2,6 of 6,0 of 0,4 of 4,1 of 1,0 of 0,0 of 0,4 of 4,1 of 1,,,,,,,,,,,,,,,,,,,,,,,,
"October 25, 2025",Aleksandar Rakic,Azamat Murzakanov,http://ufcstats.com/fight-details/ef12d2aaaadaf6d0,L,KO/TKO,1,3:11,0,9 of 14,13 of 18,0 of 2,0,0,0:36,1,3 of 8,4 of 9,0 of 0,0,0,0:02,0 of 3,3 of 4,6 of 7,8 of 13,1 of 1,0 of 0,1 of 6,2 of 2,0 of 0,2 of 7,0 of 0,1 of 1,,,,,,,,,,,,,,,,,,,,,,,,,,,,,,,,,,,,,,,,,,,,,,,,,,,,,,,,,,,,,,,,,,,,,,,,,,,,,,,,,,,,,,,,,,,,,,,,,,,,,,,,
"October 25, 2025",Nasrat Haqparast,Quillan Salkilld,http://ufcstats.com/fight-details/cb902d73389ed34b,L,KO/TKO,1,2:30,0,10 of 13,10 of 13,0 of 0,0,0,0:00,1,14 of 36,14 of 36,0 of 4,0,0,0:00,7 of 10,2 of 2,1 of 1,9 of 12,1 of 1,0 of 0,6 of 24,7 of 10,1 of 2,14 of 35,0 of 1,0 of 0,,,,,,,,,,,,,,,,,,,,,,,,,,,,,,,,,,,,,,,,,,,,,,,,,,,,,,,,,,,,,,,,,,,,,,,,,,,,,,,,,,,,,,,,,,,,,,,,,,,,,,,,
"October 25, 2025",Ikram Aliskerov,JunYong Park,http://ufcstats.com/fight-details/0230a9dd2739add4,W,Decision - Unanimous,3,5:00,0,35 of 46,37 of 48,2 of 2,0,0,0:36,0,17 of 43,18 of 44,0 of 0,0,0,0:00,17 of 25,14 of 14,4 of 7,33 of 44,1 of 1,1 of 1,13 of 37,2 of 3,2 of 3,17 of 43,0 of 0,0 of 0,0,35 of 52,46 of 66,1 of 2,0,0,2:05,0,38 of 55,42 of 60,0 of 0,0,0,0:05,0,21 of 36,43 of 60,2 of 3,0,0,3:26,0,23 of 34,31 of 47,0 of 0,0,0,0:14,,,,,,,,,,,,,,,,,,,,,,,,,,,,,21 of 36,10 of 12,4 of 4,29 of 45,2 of 2,4 of 5,29 of 46,8 of 8,1 of 1,34 of 51,1 of 1,3 of 3,19 of 33,2 of 3,0 of 0,17 of 31,0 of 1,4 of 4,15 of 25,8 of 9,0 of 0,22 of 33,1 of 1,0 of 0,,,,,,,,,,,,,,,,,,,,,,,,
"October 25, 2025",Ludovit Klein,Mateusz Rebecki,http://ufcstats.com/fight-details/e9c034cec33b3479,W,Decision - Majority,3,5:00,0,25 of 45,25 of 45,0 of 0,0,0,0:00,0,21 of 50,21 of 50,0 of 5,0,0,0:47,22 of 42,2 of 2,1 of 1,25 of 45,0 of 0,0 of 0,11 of 40,6 of 6,4 of 4,19 of 48,2 of 2,0 of 0,0,38 of 67,41 of 70,0 of 0,0,0,0:00,0,21 of 61,22 of 62,1 of 3,0,0,0:23,0,19 of 28,24 of 34,0 of 0,0,0,0:00,0,30 of 48,70 of 96,2 of 4,0,0,3:53,,,,,,,,,,,,,,,,,,,,,,,,,,,,,28 of 57,7 of 7,3 of 3,37 of 65,0 of 1,1 of 1,16 of 53,3 of 6,2 of 2,21 of 61,0 of 0,0 of 0,19 of 28,0 of 0,0 of 0,10 of 16,0 of 1,9 of 11,28 of 46,2 of 2,0 of 0,5 of 21,2 of 2,23 of 25,,,,,,,,,,,,,,,,,,,,,,,,
"October 25, 2025",Nathaniel Wood,Jose Delgado,http://ufcstats.com/fight-details/bd7394f07247d9ca,W,Decision - Unanimous,3,5:00,1,24 of 59,25 of 60,0 of 0,0,0,0:03,1,68 of 111,75 of 118,0 of 0,0,0,0:54,15 of 43,2 of 2,7 of 14,19 of 50,2 of 4,3 of 5,48 of 88,16 of 19,4 of 4,43 of 80,5 of 5,20 of 26,0,36 of 61,37 of 62,1 of 1,0,0,0:38,0,29 of 55,29 of 55,0 of 0,0,0,0:00,0,39 of 56,39 of 56,1 of 2,0,0,0:17,0,37 of 66,37 of 66,0 of 2,0,0,0:34,,,,,,,,,,,,,,,,,,,,,,,,,,,,,25 of 44,1 of 2,10 of 15,33 of 57,3 of 4,0 of 0,20 of 43,7 of 10,2 of 2,24 of 49,5 of 6,0 of 0,23 of 37,4 of 4,12 of 15,36 of 52,2 of 2,1 of 2,24 of 47,12 of 17,1 of 2,33 of 61,4 of 5,0 of 0,,,,,,,,,,,,,,,,,,,,,,,,
"October 25, 2025",Azat Maksum,Mitch Raposo,http://ufcstats.com/fight-details/22dd728012944f0a,L,Decision - Unanimous,3,5:00,0,4 of 27,9 of 33,1 of 2,0,0,2:18,0,4 of 18,8 of 24,0 of 0,0,0,0:00,1 of 22,0 of 1,3 of 4,3 of 25,1 of 2,0 of 0,2 of 14,2 of 4,0 of 0,4 of 18,0 of 0,0 of 0,0,12 of 34,15 of 38,3 of 6,0,0,1:24,0,17 of 25,24 of 32,0 of 0,0,0,0:04,0,3 of 27,6 of 30,3 of 11,0,0,1:45,0,9 of 23,21 of 36,0 of 0,0,0,0:45,,,,,,,,,,,,,,,,,,,,,,,,,,,,,10 of 32,1 of 1,1 of 1,11 of 33,0 of 0,1 of 1,10 of 16,4 of 6,3 of 3,17 of 25,0 of 0,0 of 0,3 of 26,0 of 1,0 of 0,3 of 27,0 of 0,0 of 0,8 of 20,1 of 3,0 of 0,9 of 22,0 of 1,0 of 0,,,,,,,,,,,,,,,,,,,,,,,,
"October 18, 2025",Reinier de Ridder,Brendan Allen,http://ufcstats.com/fight-details/d61373d9fdf01a12,L,KO/TKO,4,5:00,0,3 of 4,40 of 47,1 of 3,0,0,4:04,0,2 of 2,6 of 9,0 of 0,0,1,0:32,1 of 1,2 of 3,0 of 0,1 of 2,1 of 1,1 of 1,0 of 0,2 of 2,0 of 0,0 of 0,2 of 2,0 of 0,0,5 of 6,10 of 12,1 of 2,0,0,1:48,0,12 of 18,27 of 36,0 of 0,0,0,2:45,0,1 of 2,4 of 5,1 of 2,1,0,1:13,0,4 of 10,27 of 44,0 of 0,0,1,3:26,0,0 of 1,7 of 8,0 of 0,0,0,0:00,0,4 of 7,37 of 45,1 of 1,1,0,4:56,,,,,,,,,,,,,,,2 of 2,3 of 4,0 of 0,4 of 5,1 of 1,0 of 0,11 of 17,1 of 1,0 of 0,1 of 5,0 of 0,11 of 13,1 of 2,0 of 0,0 of 0,1 of 2,0 of 0,0 of 0,4 of 9,0 of 1,0 of 0,0 of 3,0 of 0,4 of 7,0 of 0,0 of 1,0 of 0,0 of 1,0 of 0,0 of 0,4 of 7,0 of 0,0 of 0,0 of 0,0 of 0,4 of 7,,,,,,,,,,,,
"October 18, 2025",Kevin Holland,Mike Malott,http://ufcstats.com/fight-details/cdd565a16975c711,L,Decision - Unanimous,3,5:00,0,9 of 31,22 of 45,1 of 1,0,0,0:27,0,12 of 29,13 of 33,0 of 2,0,1,0:30,3 of 22,3 of 5,3 of 4,8 of 26,1 of 4,0 of 1,8 of 20,1 of 3,3 of 6,11 of 28,1 of 1,0 of 0,0,23 of 70,23 of 70,0 of 0,0,0,0:00,0,26 of 42,26 of 42,0 of 0,0,0,0:00,0,20 of 36,31 of 47,0 of 0,0,0,0:00,0,11 of 24,11 of 24,1 of 2,1,0,2:01,,,,,,,,,,,,,,,,,,,,,,,,,,,,,12 of 55,3 of 4,8 of 11,22 of 68,1 of 2,0 of 0,17 of 32,8 of 9,1 of 1,26 of 42,0 of 0,0 of 0,8 of 19,3 of 4,9 of 13,19 of 33,1 of 3,0 of 0,10 of 21,1 of 3,0 of 0,7 of 18,0 of 2,4 of 4,,,,,,,,,,,,,,,,,,,,,,,,
"October 18, 2025",Manon Fiorot,Jasmine Jasudavicius,http://ufcstats.com/fight-details/c82acd7b17915591,W,KO/TKO,1,1:14,0,16 of 27,17 of 28,0 of 0,0,0,0:06,0,2 of 14,2 of 14,0 of 0,0,0,0:00,16 of 26,0 of 1,0 of 0,8 of 16,0 of 2,8 of 9,2 of 14,0 of 0,0 of 0,2 of 14,0 of 0,0 of 0,,,,,,,,,,,,,,,,,,,,,,,,,,,,,,,,,,,,,,,,,,,,,,,,,,,,,,,,,,,,,,,,,,,,,,,,,,,,,,,,,,,,,,,,,,,,,,,,,,,,,,,,
"October 18, 2025",Kyle Nelson,Matt Frevola,http://ufcstats.com/fight-details/3af1bdc5a510bba9,W,Decision - Unanimous,3,5:00,1,23 of 55,30 of 64,0 of 0,0,0,0:28,0,15 of 54,19 of 60,1 of 1,0,0,1:01,17 of 47,4 of 6,2 of 2,12 of 37,1 of 3,10 of 15,7 of 37,4 of 10,4 of 7,13 of 51,2 of 3,0 of 0,0,29 of 57,32 of 60,0 of 1,0,0,0:00,0,21 of 69,22 of 70,0 of 1,0,0,0:20,0,11 of 23,30 of 46,2 of 4,0,0,2:43,0,7 of 13,19 of 25,1 of 1,0,1,0:37,,,,,,,,,,,,,,,,,,,,,,,,,,,,,18 of 39,6 of 12,5 of 6,27 of 51,2 of 6,0 of 0,13 of 58,3 of 6,5 of 5,20 of 66,1 of 3,0 of 0,6 of 17,4 of 5,1 of 1,7 of 18,4 of 5,0 of 0,3 of 8,3 of 4,1 of 1,6 of 12,1 of 1,0 of 0,,,,,,,,,,,,,,,,,,,,,,,,
"October 18, 2025",Danny Barlow,Djorden Santos,http://ufcstats.com/fight-details/096e00355c8c84ac,L,Decision - Unanimous,3,5:00,0,32 of 49,32 of 49,0 of 0,0,0,0:00,0,27 of 49,27 of 49,0 of 0,0,0,0:00,8 of 24,5 of 6,19 of 19,32 of 49,0 of 0,0 of 0,17 of 37,5 of 5,5 of 7,27 of 49,0 of 0,0 of 0,0,45 of 83,45 of 83,0 of 0,0,0,0:00,0,42 of 105,42 of 105,0 of 0,0,0,0:00,0,16 of 39,29 of 54,0 of 0,0,0,0:00,0,30 of 62,40 of 78,0 of 1,0,0,1:55,,,,,,,,,,,,,,,,,,,,,,,,,,,,,32 of 68,7 of 8,6 of 7,45 of 83,0 of 0,0 of 0,35 of 93,4 of 9,3 of 3,42 of 105,0 of 0,0 of 0,16 of 37,0 of 1,0 of 1,15 of 38,0 of 0,1 of 1,22 of 52,2 of 4,6 of 6,26 of 57,1 of 1,3 of 4,,,,,,,,,,,,,,,,,,,,,,,,
"October 18, 2025",Stephanie Luciano,Ravena Oliveira,http://ufcstats.com/fight-details/8d9458121f0c4b95,W,Submission,3,2:50,0,25 of 56,25 of 56,0 of 0,0,0,0:00,0,14 of 54,14 of 54,0 of 0,0,0,0:00,6 of 26,7 of 12,12 of 18,22 of 52,3 of 4,0 of 0,10 of 40,1 of 2,3 of 12,14 of 53,0 of 1,0 of 0,0,26 of 53,39 of 67,1 of 2,0,0,0:58,0,9 of 41,13 of 45,0 of 0,0,0,0:00,0,9 of 15,16 of 30,2 of 2,1,0,1:55,0,1 of 8,9 of 19,0 of 0,0,0,0:00,,,,,,,,,,,,,,,,,,,,,,,,,,,,,11 of 33,6 of 10,9 of 10,20 of 45,2 of 2,4 of 6,4 of 30,1 of 2,4 of 9,9 of 41,0 of 0,0 of 0,5 of 10,1 of 1,3 of 4,4 of 5,0 of 0,5 of 10,0 of 6,1 of 1,0 of 1,1 of 8,0 of 0,0 of 0,,,,,,,,,,,,,,,,,,,,,,,,
"October 18, 2025",Azamat Bekoev,Yousri Belgaroui,http://ufcstats.com/fight-details/87ac0e5face106b4,L,KO/TKO,3,0:55,0,10 of 30,11 of 33,3 of 5,0,0,2:13,0,37 of 51,41 of 56,0 of 0,0,0,0:02,7 of 27,1 of 1,2 of 2,9 of 29,1 of 1,0 of 0,25 of 38,7 of 7,5 of 6,35 of 49,1 of 1,1 of 1,0,13 of 41,15 of 44,1 of 2,0,0,1:05,0,38 of 57,42 of 62,1 of 1,0,0,0:38,0,1 of 6,1 of 6,0 of 1,0,0,0:00,0,27 of 30,27 of 30,0 of 0,0,0,0:00,,,,,,,,,,,,,,,,,,,,,,,,,,,,,10 of 38,3 of 3,0 of 0,12 of 40,1 of 1,0 of 0,25 of 44,7 of 7,6 of 6,32 of 51,3 of 3,3 of 3,1 of 6,0 of 0,0 of 0,1 of 6,0 of 0,0 of 0,23 of 26,3 of 3,1 of 1,27 of 30,0 of 0,0 of 0,,,,,,,,,,,,,,,,,,,,,,,,
"October 11, 2025",Deiveson Figueiredo,Montel Jackson,http://ufcstats.com/fight-details/f295eb2a7b0ba4b7,W,Decision - Split,3,5:00,0,8 of 13,8 of 14,1 of 3,0,0,1:08,0,8 of 20,8 of 20,0 of 0,0,0,0:00,0 of 4,4 of 4,4 of 5,7 of 12,0 of 0,1 of 1,4 of 14,1 of 2,3 of 4,7 of 18,1 of 2,0 of 0,0,7 of 16,7 of 16,1 of 1,0,0,1:10,0,14 of 32,14 of 32,0 of 0,0,0,0:00,0,8 of 14,8 of 14,0 of 1,0,0,0:00,0,8 of 18,8 of 18,1 of 1,0,0,0:02,,,,,,,,,,,,,,,,,,,,,,,,,,,,,2 of 9,3 of 3,2 of 4,7 of 16,0 of 0,0 of 0,7 of 24,4 of 4,3 of 4,14 of 32,0 of 0,0 of 0,2 of 6,2 of 4,4 of 4,8 of 14,0 of 0,0 of 0,3 of 13,2 of 2,3 of 3,7 of 17,1 of 1,0 of 0,,,,,,,,,,,,,,,,,,,,,,,,
"October 11, 2025",Jhonata Diniz,Mario Pinto,http://ufcstats.com/fight-details/03377f7bf8a2d5ff,L,KO/TKO,2,4:10,0,1 of 2,4 of 6,0 of 0,0,1,0:09,0,12 of 14,37 of 44,2 of 2,2,1,3:55,0 of 1,0 of 0,1 of 1,1 of 2,0 of 0,0 of 0,11 of 13,0 of 0,1 of 1,2 of 2,0 of 0,10 of 12,0,0 of 3,0 of 3,0 of 0,0,0,0:00,0,17 of 19,50 of 58,1 of 2,0,0,3:33,,,,,,,,,,,,,,,,,,,,,,,,,,,,,,,,,,,,,,,,,,,0 of 1,0 of 1,0 of 1,0 of 3,0 of 0,0 of 0,17 of 18,0 of 0,0 of 1,0 of 1,0 of 0,17 of 18,,,,,,,,,,,,,,,,,,,,,,,,,,,,,,,,,,,,
"October 11, 2025",Lucas Almeida,Michael Aswell Jr.,http://ufcstats.com/fight-details/cff0abc02974fb4a,L,KO/TKO,1,1:42,0,9 of 21,9 of 21,0 of 0,0,0,0:00,2,30 of 54,34 of 59,0 of 0,0,0,0:15,3 of 14,1 of 1,5 of 6,9 of 21,0 of 0,0 of 0,30 of 53,0 of 0,0 of 1,19 of 37,1 of 1,10 of 16,,,,,,,,,,,,,,,,,,,,,,,,,,,,,,,,,,,,,,,,,,,,,,,,,,,,,,,,,,,,,,,,,,,,,,,,,,,,,,,,,,,,,,,,,,,,,,,,,,,,,,,,
"October 11, 2025",Jafel Filho,Clayton Carpenter,http://ufcstats.com/fight-details/766b0b26c40525de,W,Submission,1,4:42,0,5 of 13,28 of 38,1 of 1,1,1,2:23,0,7 of 21,12 of 27,0 of 0,0,1,1:04,1 of 6,0 of 1,4 of 6,4 of 11,1 of 2,0 of 0,2 of 9,3 of 8,2 of 4,5 of 18,2 of 3,0 of 0,,,,,,,,,,,,,,,,,,,,,,,,,,,,,,,,,,,,,,,,,,,,,,,,,,,,,,,,,,,,,,,,,,,,,,,,,,,,,,,,,,,,,,,,,,,,,,,,,,,,,,,,
"October 11, 2025",Vitor Petrino,Thomas Petersen,http://ufcstats.com/fight-details/a815dafc89adf33b,W,KO/TKO,3,0:26,1,13 of 20,15 of 27,1 of 3,0,0,2:42,0,1 of 5,22 of 27,0 of 6,0,0,0:58,13 of 19,0 of 1,0 of 0,3 of 6,3 of 4,7 of 10,0 of 4,1 of 1,0 of 0,0 of 3,1 of 2,0 of 0,0,14 of 28,14 of 28,0 of 3,0,0,0:20,0,13 of 28,17 of 33,0 of 2,0,0,1:08,1,4 of 6,4 of 6,0 of 0,0,0,0:01,0,2 of 2,2 of 2,0 of 0,0,0,0:00,,,,,,,,,,,,,,,,,,,,,,,,,,,,,8 of 21,5 of 6,1 of 1,8 of 19,6 of 8,0 of 1,7 of 21,6 of 7,0 of 0,11 of 24,2 of 4,0 of 0,4 of 6,0 of 0,0 of 0,2 of 4,0 of 0,2 of 2,0 of 0,2 of 2,0 of 0,2 of 2,0 of 0,0 of 0,,,,,,,,,,,,,,,,,,,,,,,,
"October 11, 2025",Lucas Rocha,Stewart Nicoll,http://ufcstats.com/fight-details/434abaea90ccd299,W,Decision - Unanimous,3,5:00,0,15 of 40,15 of 40,0 of 0,0,0,0:09,0,14 of 38,14 of 38,2 of 12,0,0,1:30,9 of 32,5 of 7,1 of 1,14 of 37,0 of 1,1 of 2,11 of 35,1 of 1,2 of 2,14 of 38,0 of 0,0 of 0,0,40 of 87,49 of 96,1 of 1,0,0,0:58,0,21 of 54,22 of 55,0 of 4,0,0,0:00,0,60 of 99,66 of 108,2 of 3,0,0,0:18,0,10 of 46,10 of 46,0 of 4,0,0,0:00,,,,,,,,,,,,,,,,,,,,,,,,,,,,,28 of 70,11 of 15,1 of 2,31 of 74,6 of 9,3 of 4,20 of 52,1 of 2,0 of 0,21 of 52,0 of 2,0 of 0,44 of 82,14 of 15,2 of 2,55 of 94,5 of 5,0 of 0,10 of 46,0 of 0,0 of 0,10 of 45,0 of 1,0 of 0,,,,,,,,,,,,,,,,,,,,,,,,
"October 11, 2025",Julia Polastri,Karolina Kowalkiewicz,http://ufcstats.com/fight-details/c547b3e95bcc5f24,W,KO/TKO,3,2:56,0,53 of 93,58 of 101,0 of 0,0,0,0:46,0,22 of 61,25 of 64,0 of 3,0,0,0:00,31 of 67,17 of 20,5 of 6,43 of 80,10 of 13,0 of 0,7 of 40,13 of 18,2 of 3,21 of 60,1 of 1,0 of 0,0,46 of 96,46 of 96,0 of 0,0,0,0:00,0,30 of 68,30 of 69,1 of 1,0,0,0:31,0,38 of 64,38 of 64,0 of 0,0,0,0:00,0,20 of 63,20 of 63,0 of 0,0,0,0:00,,,,,,,,,,,,,,,,,,,,,,,,,,,,,29 of 79,14 of 14,3 of 3,42 of 89,4 of 7,0 of 0,7 of 32,16 of 29,7 of 7,30 of 66,0 of 2,0 of 0,25 of 47,11 of 15,2 of 2,38 of 64,0 of 0,0 of 0,10 of 49,7 of 10,3 of 4,20 of 63,0 of 0,0 of 0,,,,,,,,,,,,,,,,,,,,,,,,
"October 11, 2025",Luan Lacerda,Saimon Oliveira,http://ufcstats.com/fight-details/0f9e7d0d04e24b74,W,Submission,2,3:55,0,10 of 20,26 of 42,2 of 2,0,0,3:38,0,6 of 8,14 of 22,1 of 2,0,1,0:58,3 of 11,7 of 9,0 of 0,1 of 6,6 of 8,3 of 6,1 of 1,3 of 4,2 of 3,4 of 5,2 of 3,0 of 0,0,14 of 19,34 of 43,1 of 2,1,0,2:28,0,15 of 26,19 of 30,0 of 0,0,1,0:47,,,,,,,,,,,,,,,,,,,,,,,,,,,,,,,,,,,,,,,,,,,10 of 15,3 of 3,1 of 1,5 of 7,0 of 0,9 of 12,13 of 20,0 of 3,2 of 3,4 of 12,0 of 0,11 of 14,,,,,,,,,,,,,,,,,,,,,,,,,,,,,,,,,,,,
"October 04, 2025",Abus Magomedov,Joe Pyfer,http://ufcstats.com/fight-details/d006dd2513bd376d,L,Submission,2,1:46,0,11 of 12,16 of 19,1 of 1,1,0,2:36,0,1 of 3,2 of 5,0 of 4,0,0,0:44,6 of 7,5 of 5,0 of 0,3 of 4,0 of 0,8 of 8,1 of 3,0 of 0,0 of 0,1 of 3,0 of 0,0 of 0,0,0 of 0,2 of 2,0 of 0,0,0,0:00,1,5 of 7,11 of 13,0 of 0,2,0,1:32,,,,,,,,,,,,,,,,,,,,,,,,,,,,,,,,,,,,,,,,,,,0 of 0,0 of 0,0 of 0,0 of 0,0 of 0,0 of 0,5 of 7,0 of 0,0 of 0,2 of 3,0 of 0,3 of 4,,,,,,,,,,,,,,,,,,,,,,,,,,,,,,,,,,,,
"October 04, 2025",Ateba Gautier,Tre'ston Vines,http://ufcstats.com/fight-details/9418ebb3db2a4bae,W,KO/TKO,1,1:41,1,6 of 12,6 of 12,1 of 1,0,0,0:04,0,0 of 1,0 of 1,0 of 2,0,0,0:06,4 of 10,2 of 2,0 of 0,1 of 5,4 of 4,1 of 3,0 of 0,0 of 0,0 of 1,0 of 1,0 of 0,0 of 0,,,,,,,,,,,,,,,,,,,,,,,,,,,,,,,,,,,,,,,,,,,,,,,,,,,,,,,,,,,,,,,,,,,,,,,,,,,,,,,,,,,,,,,,,,,,,,,,,,,,,,,,
"October 04, 2025",Edmen Shahbazyan,Andre Muniz,http://ufcstats.com/fight-details/1c7cc3a22ab7d907,W,KO/TKO,1,4:58,1,25 of 50,26 of 51,0 of 0,0,0,0:39,0,15 of 38,17 of 40,1 of 3,0,0,0:18,20 of 45,3 of 3,2 of 2,12 of 27,1 of 2,12 of 21,6 of 20,2 of 10,7 of 8,15 of 38,0 of 0,0 of 0,,,,,,,,,,,,,,,,,,,,,,,,,,,,,,,,,,,,,,,,,,,,,,,,,,,,,,,,,,,,,,,,,,,,,,,,,,,,,,,,,,,,,,,,,,,,,,,,,,,,,,,,
"October 04, 2025",Punahele Soriano,Nikolay Veretennikov,http://ufcstats.com/fight-details/a951090fb402fd20,W,Decision - Unanimous,3,5:00,0,21 of 30,82 of 105,1 of 3,0,0,4:05,0,6 of 7,21 of 22,0 of 1,0,0,0:21,21 of 28,0 of 2,0 of 0,0 of 2,1 of 1,20 of 27,1 of 1,4 of 5,1 of 1,2 of 2,3 of 4,1 of 1,0,11 of 13,34 of 44,1 of 3,1,1,4:13,0,1 of 3,8 of 10,0 of 0,0,0,0:28,0,7 of 11,47 of 51,2 of 5,0,0,4:17,0,2 of 2,5 of 5,0 of 0,2,0,0:00,,,,,,,,,,,,,,,,,,,,,,,,,,,,,11 of 13,0 of 0,0 of 0,1 of 1,0 of 0,10 of 12,0 of 0,1 of 3,0 of 0,0 of 2,1 of 1,0 of 0,6 of 10,1 of 1,0 of 0,0 of 1,0 of 0,7 of 10,1 of 1,1 of 1,0 of 0,2 of 2,0 of 0,0 of 0,,,,,,,,,,,,,,,,,,,,,,,,
"October 04, 2025",Chris Gutierrez,Farid Basharat,http://ufcstats.com/fight-details/e53fd165a3bc1f8e,L,Decision - Unanimous,3,5:00,0,3 of 7,27 of 32,0 of 0,0,0,0:00,0,9 of 24,23 of 39,1 of 1,0,0,2:39,1 of 2,0 of 1,2 of 4,3 of 7,0 of 0,0 of 0,2 of 9,0 of 3,7 of 12,7 of 20,0 of 0,2 of 4,0,9 of 33,11 of 35,0 of 0,0,0,0:00,0,20 of 48,21 of 49,0 of 0,0,0,0:13,0,19 of 46,23 of 52,1 of 1,0,1,0:42,0,12 of 38,12 of 38,1 of 1,0,0,0:35,,,,,,,,,,,,,,,,,,,,,,,,,,,,,2 of 20,0 of 2,7 of 11,9 of 33,0 of 0,0 of 0,11 of 36,3 of 4,6 of 8,20 of 48,0 of 0,0 of 0,15 of 41,0 of 0,4 of 5,18 of 45,0 of 0,1 of 1,6 of 30,2 of 4,4 of 4,12 of 36,0 of 0,0 of 2,,,,,,,,,,,,,,,,,,,,,,,,
"October 04, 2025",Ramiz Brahimaj,Austin Vanderford,http://ufcstats.com/fight-details/b98bc1ecb94ef4a5,W,Submission,2,2:24,0,4 of 13,16 of 25,0 of 0,0,0,0:00,0,4 of 12,12 of 20,1 of 1,0,0,2:30,2 of 8,0 of 2,2 of 3,4 of 13,0 of 0,0 of 0,3 of 10,0 of 1,1 of 1,3 of 11,0 of 0,1 of 1,0,17 of 22,30 of 36,0 of 1,2,0,0:37,0,1 of 4,1 of 4,2 of 5,0,0,0:53,,,,,,,,,,,,,,,,,,,,,,,,,,,,,,,,,,,,,,,,,,,16 of 21,0 of 0,1 of 1,5 of 10,8 of 8,4 of 4,1 of 4,0 of 0,0 of 0,1 of 4,0 of 0,0 of 0,,,,,,,,,,,,,,,,,,,,,,,,,,,,,,,,,,,,
"September 27, 2025",Jimmy Crute,Ivan Erslan,http://ufcstats.com/fight-details/f5fb8b182020c59d,W,Submission,1,3:19,0,12 of 16,12 of 16,2 of 4,1,1,2:08,0,10 of 14,10 of 14,0 of 0,0,0,0:05,3 of 7,1 of 1,8 of 8,9 of 12,0 of 0,3 of 4,9 of 13,0 of 0,1 of 1,10 of 14,0 of 0,0 of 0,,,,,,,,,,,,,,,,,,,,,,,,,,,,,,,,,,,,,,,,,,,,,,,,,,,,,,,,,,,,,,,,,,,,,,,,,,,,,,,,,,,,,,,,,,,,,,,,,,,,,,,,
"September 27, 2025",Jack Jenkins,Ramon Taveras,http://ufcstats.com/fight-details/38248c5d13f273e6,W,Decision - Unanimous,3,5:00,0,32 of 56,32 of 56,0 of 0,0,0,0:00,0,16 of 43,16 of 43,0 of 1,0,0,0:02,14 of 33,11 of 16,7 of 7,29 of 52,3 of 4,0 of 0,11 of 34,4 of 8,1 of 1,16 of 43,0 of 0,0 of 0,0,29 of 42,29 of 43,1 of 3,0,0,1:04,0,20 of 58,30 of 68,0 of 2,0,0,0:25,0,4 of 11,12 of 24,2 of 3,1,0,2:54,0,7 of 12,22 of 31,0 of 1,0,1,1:12,,,,,,,,,,,,,,,,,,,,,,,,,,,,,12 of 25,5 of 5,12 of 12,28 of 41,1 of 1,0 of 0,18 of 52,2 of 6,0 of 0,20 of 57,0 of 1,0 of 0,3 of 10,0 of 0,1 of 1,1 of 2,0 of 0,3 of 9,7 of 12,0 of 0,0 of 0,2 of 6,0 of 0,5 of 6,,,,,,,,,,,,,,,,,,,,,,,,
"September 27, 2025",Tom Nolan,Charlie Campbell,http://ufcstats.com/fight-details/8abad36b4c5e4070,W,Submission,1,4:08,0,26 of 61,33 of 69,1 of 1,1,0,0:34,0,15 of 42,15 of 42,0 of 1,0,0,0:18,13 of 35,9 of 20,4 of 6,23 of 55,3 of 6,0 of 0,7 of 30,1 of 5,7 of 7,14 of 39,0 of 1,1 of 2,,,,,,,,,,,,,,,,,,,,,,,,,,,,,,,,,,,,,,,,,,,,,,,,,,,,,,,,,,,,,,,,,,,,,,,,,,,,,,,,,,,,,,,,,,,,,,,,,,,,,,,,
"September 27, 2025",Navajo Stirling,Rodolfo Bellato,http://ufcstats.com/fight-details/dc31d3260dea7dcf,W,Decision - Unanimous,3,5:00,0,37 of 62,41 of 67,0 of 2,0,0,0:58,0,15 of 33,20 of 38,0 of 0,0,0,0:40,21 of 37,15 of 23,1 of 2,32 of 56,5 of 6,0 of 0,4 of 17,5 of 10,6 of 6,13 of 30,2 of 3,0 of 0,0,16 of 39,31 of 68,1 of 1,0,0,2:52,0,6 of 19,19 of 34,1 of 1,0,0,0:19,0,28 of 57,29 of 58,0 of 1,0,0,0:03,0,22 of 37,23 of 39,1 of 5,0,0,1:24,,,,,,,,,,,,,,,,,,,,,,,,,,,,,11 of 29,5 of 10,0 of 0,12 of 34,3 of 4,1 of 1,5 of 17,1 of 2,0 of 0,6 of 17,0 of 0,0 of 2,12 of 36,15 of 20,1 of 1,26 of 55,2 of 2,0 of 0,12 of 26,6 of 7,4 of 4,20 of 34,2 of 3,0 of 0,,,,,,,,,,,,,,,,,,,,,,,,
"September 27, 2025",Cam Rowston,Andre Petroski,http://ufcstats.com/fight-details/93a0a19c2c1cfe66,W,KO/TKO,1,2:41,1,12 of 36,20 of 48,0 of 0,0,0,0:36,0,7 of 13,7 of 13,0 of 0,0,0,0:00,8 of 31,1 of 2,3 of 3,8 of 19,0 of 0,4 of 17,0 of 4,0 of 1,7 of 8,7 of 13,0 of 0,0 of 0,,,,,,,,,,,,,,,,,,,,,,,,,,,,,,,,,,,,,,,,,,,,,,,,,,,,,,,,,,,,,,,,,,,,,,,,,,,,,,,,,,,,,,,,,,,,,,,,,,,,,,,,
"September 27, 2025",Colby Thicknesse,Josias Musasa,http://ufcstats.com/fight-details/81127436605d3c88,W,Decision - Unanimous,3,5:00,0,43 of 75,72 of 111,1 of 6,1,0,2:43,0,12 of 27,18 of 36,1 of 2,0,0,0:11,38 of 70,2 of 2,3 of 3,6 of 12,0 of 1,37 of 62,9 of 20,0 of 1,3 of 6,9 of 20,3 of 5,0 of 2,0,8 of 14,16 of 27,0 of 3,0,0,1:56,0,18 of 35,26 of 45,0 of 0,0,0,0:37,0,11 of 22,38 of 61,1 of 5,0,0,3:06,0,13 of 27,18 of 37,0 of 0,0,0,0:04,,,,,,,,,,,,,,,,,,,,,,,,,,,,,4 of 9,4 of 5,0 of 0,4 of 9,4 of 5,0 of 0,9 of 23,3 of 4,6 of 8,7 of 20,11 of 15,0 of 0,6 of 16,2 of 3,3 of 3,5 of 10,0 of 0,6 of 12,8 of 18,4 of 5,1 of 4,11 of 22,2 of 5,0 of 0,,,,,,,,,,,,,,,,,,,,,,,,
"September 27, 2025",Loma Lookboonmee,Alexia Thainara,http://ufcstats.com/fight-details/e35f7504d83b8b07,L,Decision - Unanimous,3,5:00,0,15 of 21,28 of 36,0 of 1,0,0,0:00,0,24 of 48,35 of 64,2 of 4,1,0,2:39,9 of 14,3 of 3,3 of 4,14 of 20,1 of 1,0 of 0,16 of 35,2 of 4,6 of 9,12 of 30,0 of 1,12 of 17,0,9 of 20,24 of 36,0 of 0,0,0,0:00,0,12 of 36,44 of 75,2 of 3,0,0,3:46,0,6 of 20,15 of 30,0 of 0,0,0,0:11,0,8 of 23,31 of 63,1 of 4,0,0,3:37,,,,,,,,,,,,,,,,,,,,,,,,,,,,,3 of 12,5 of 7,1 of 1,7 of 15,2 of 5,0 of 0,9 of 29,3 of 3,0 of 4,7 of 26,5 of 8,0 of 2,2 of 11,4 of 9,0 of 0,4 of 16,2 of 4,0 of 0,4 of 14,2 of 6,2 of 3,4 of 14,4 of 9,0 of 0,,,,,,,,,,,,,,,,,,,,,,,,
"September 13, 2025",Diego Lopes,Jean Silva,http://ufcstats.com/fight-details/de1a3734be60e6a1,W,KO/TKO,2,4:48,0,43 of 77,50 of 86,1 of 1,0,0,1:58,0,10 of 20,10 of 20,0 of 0,0,1,0:03,36 of 67,0 of 0,7 of 10,14 of 24,0 of 0,29 of 53,5 of 11,2 of 6,3 of 3,10 of 20,0 of 0,0 of 0,1,31 of 58,36 of 68,2 of 3,0,0,0:42,0,33 of 71,33 of 71,0 of 0,0,0,0:00,,,,,,,,,,,,,,,,,,,,,,,,,,,,,,,,,,,,,,,,,,,27 of 51,1 of 1,3 of 6,17 of 41,1 of 2,13 of 15,21 of 56,8 of 11,4 of 4,32 of 70,1 of 1,0 of 0,,,,,,,,,,,,,,,,,,,,,,,,,,,,,,,,,,,,
"September 13, 2025",Rob Font,David Martinez,http://ufcstats.com/fight-details/944b929130b23c2a,L,Decision - Unanimous,3,5:00,0,11 of 51,11 of 51,0 of 2,0,0,0:20,0,22 of 45,35 of 58,0 of 1,0,0,0:00,11 of 48,0 of 2,0 of 1,11 of 51,0 of 0,0 of 0,7 of 25,5 of 8,10 of 12,22 of 45,0 of 0,0 of 0,0,15 of 49,15 of 49,0 of 3,0,0,0:39,0,10 of 27,30 of 47,0 of 1,0,0,0:30,0,23 of 58,23 of 58,0 of 0,0,0,0:00,0,30 of 83,50 of 105,0 of 0,0,0,0:03,,,,,,,,,,,,,,,,,,,,,,,,,,,,,9 of 37,5 of 11,1 of 1,15 of 49,0 of 0,0 of 0,6 of 20,3 of 5,1 of 2,10 of 27,0 of 0,0 of 0,20 of 53,2 of 4,1 of 1,23 of 58,0 of 0,0 of 0,20 of 70,2 of 3,8 of 10,30 of 83,0 of 0,0 of 0,,,,,,,,,,,,,,,,,,,,,,,,
"September 13, 2025",Kelvin Gastelum,Dustin Stoltzfus,http://ufcstats.com/fight-details/114d2f6fcd3f6f00,W,Decision - Unanimous,3,5:00,0,14 of 25,15 of 26,0 of 0,0,0,0:03,0,24 of 49,25 of 50,1 of 1,0,0,0:47,4 of 14,6 of 7,4 of 4,14 of 25,0 of 0,0 of 0,3 of 23,13 of 17,8 of 9,20 of 44,4 of 5,0 of 0,1,23 of 43,23 of 43,0 of 0,0,0,0:06,0,20 of 45,24 of 49,0 of 3,0,1,1:13,0,20 of 49,20 of 49,0 of 0,0,0,0:14,0,20 of 52,20 of 52,0 of 2,0,0,0:00,,,,,,,,,,,,,,,,,,,,,,,,,,,,,14 of 30,6 of 9,3 of 4,23 of 43,0 of 0,0 of 0,12 of 35,4 of 5,4 of 5,15 of 38,0 of 0,5 of 7,12 of 37,4 of 8,4 of 4,19 of 48,1 of 1,0 of 0,10 of 35,8 of 12,2 of 5,20 of 52,0 of 0,0 of 0,,,,,,,,,,,,,,,,,,,,,,,,
"September 13, 2025",Jose Daniel Medina,Dusko Todorovic,http://ufcstats.com/fight-details/07a378b257aad5a9,L,Submission,1,4:21,0,9 of 25,13 of 29,0 of 0,0,0,0:00,0,16 of 24,27 of 36,2 of 2,1,0,2:16,5 of 17,3 of 7,1 of 1,9 of 24,0 of 1,0 of 0,10 of 18,6 of 6,0 of 0,10 of 18,6 of 6,0 of 0,,,,,,,,,,,,,,,,,,,,,,,,,,,,,,,,,,,,,,,,,,,,,,,,,,,,,,,,,,,,,,,,,,,,,,,,,,,,,,,,,,,,,,,,,,,,,,,,,,,,,,,,
"September 13, 2025",Jesus Aguilar,Luis Gurule,http://ufcstats.com/fight-details/3dc1a6335d890650,W,Decision - Unanimous,3,5:00,0,35 of 73,35 of 73,1 of 2,0,0,0:18,0,12 of 49,12 of 49,0 of 0,0,0,0:00,12 of 47,12 of 15,11 of 11,30 of 67,5 of 6,0 of 0,5 of 41,4 of 5,3 of 3,12 of 47,0 of 2,0 of 0,0,20 of 65,20 of 65,0 of 2,0,0,0:00,0,20 of 64,22 of 66,0 of 0,0,0,0:00,0,30 of 97,32 of 99,0 of 1,0,0,0:20,0,33 of 73,39 of 80,0 of 5,0,0,0:21,,,,,,,,,,,,,,,,,,,,,,,,,,,,,9 of 46,3 of 8,8 of 11,19 of 64,1 of 1,0 of 0,10 of 51,6 of 8,4 of 5,20 of 64,0 of 0,0 of 0,14 of 71,10 of 20,6 of 6,27 of 93,3 of 4,0 of 0,28 of 65,2 of 5,3 of 3,27 of 63,2 of 3,4 of 7,,,,,,,,,,,,,,,,,,,,,,,,
"September 13, 2025",Zach Reese,Sedriques Dumas,http://ufcstats.com/fight-details/d822ebc7dbc6c259,NC,Could Not Continue,1,0:51,0,2 of 7,2 of 7,0 of 0,0,0,0:00,0,3 of 10,3 of 10,0 of 0,0,0,0:00,0 of 3,1 of 3,1 of 1,2 of 7,0 of 0,0 of 0,1 of 8,0 of 0,2 of 2,3 of 10,0 of 0,0 of 0,,,,,,,,,,,,,,,,,,,,,,,,,,,,,,,,,,,,,,,,,,,,,,,,,,,,,,,,,,,,,,,,,,,,,,,,,,,,,,,,,,,,,,,,,,,,,,,,,,,,,,,,
"September 13, 2025",Alessandro Costa,Alden Coria,http://ufcstats.com/fight-details/a1e193425e716b42,L,KO/TKO,3,0:47,0,10 of 48,10 of 48,0 of 2,0,0,0:01,0,20 of 57,20 of 57,0 of 0,0,0,0:00,5 of 30,1 of 6,4 of 12,10 of 48,0 of 0,0 of 0,14 of 49,0 of 2,6 of 6,20 of 57,0 of 0,0 of 0,0,1 of 4,3 of 7,1 of 1,2,0,1:23,0,12 of 19,47 of 55,2 of 2,0,1,3:15,0,1 of 4,1 of 4,0 of 1,0,0,0:00,0,10 of 19,10 of 19,0 of 0,0,0,0:03,,,,,,,,,,,,,,,,,,,,,,,,,,,,,1 of 4,0 of 0,0 of 0,1 of 4,0 of 0,0 of 0,11 of 18,1 of 1,0 of 0,1 of 6,0 of 0,11 of 13,1 of 3,0 of 0,0 of 1,1 of 4,0 of 0,0 of 0,9 of 18,0 of 0,1 of 1,8 of 16,0 of 0,2 of 3,,,,,,,,,,,,,,,,,,,,,,,,
"September 06, 2025",Nassourdine Imavov,Caio Borralho,http://ufcstats.com/fight-details/5bcd8abf6da01dae,W,Decision - Unanimous,5,5:00,0,10 of 18,15 of 23,0 of 0,0,0,0:00,0,6 of 22,13 of 30,0 of 2,0,0,0:51,3 of 6,3 of 5,4 of 7,9 of 17,1 of 1,0 of 0,1 of 10,4 of 8,1 of 4,3 of 19,3 of 3,0 of 0,0,13 of 26,13 of 26,0 of 0,0,0,0:00,0,7 of 30,7 of 30,0 of 1,0,0,0:00,0,13 of 31,14 of 32,0 of 0,0,0,0:02,0,17 of 38,21 of 42,0 of 1,0,0,0:22,0,24 of 44,26 of 46,0 of 0,0,0,0:27,0,12 of 32,20 of 40,0 of 1,0,0,0:00,0,21 of 43,21 of 43,0 of 0,0,0,0:00,0,24 of 44,28 of 48,0 of 0,0,0,0:07,9 of 20,3 of 4,1 of 2,13 of 26,0 of 0,0 of 0,3 of 16,1 of 11,3 of 3,7 of 30,0 of 0,0 of 0,10 of 24,2 of 6,1 of 1,13 of 31,0 of 0,0 of 0,8 of 22,7 of 13,2 of 3,14 of 35,3 of 3,0 of 0,17 of 35,3 of 5,4 of 4,24 of 44,0 of 0,0 of 0,10 of 26,0 of 3,2 of 3,12 of 32,0 of 0,0 of 0,14 of 33,3 of 6,4 of 4,20 of 42,1 of 1,0 of 0,17 of 35,2 of 3,5 of 6,23 of 43,1 of 1,0 of 0
"September 06, 2025",Benoit Saint Denis,Mauricio Ruffy,http://ufcstats.com/fight-details/d14fea43712707f0,W,Submission,2,2:56,0,6 of 18,19 of 32,2 of 5,0,0,3:04,0,1 of 6,1 of 6,0 of 0,0,0,0:16,2 of 12,4 of 6,0 of 0,4 of 14,2 of 2,0 of 2,0 of 4,1 of 2,0 of 0,1 of 6,0 of 0,0 of 0,0,11 of 20,18 of 29,1 of 5,1,0,1:34,0,4 of 11,5 of 12,0 of 0,0,0,0:18,,,,,,,,,,,,,,,,,,,,,,,,,,,,,,,,,,,,,,,,,,,7 of 14,4 of 6,0 of 0,5 of 12,1 of 1,5 of 7,4 of 10,0 of 1,0 of 0,4 of 11,0 of 0,0 of 0,,,,,,,,,,,,,,,,,,,,,,,,,,,,,,,,,,,,
"September 06, 2025",Bolaji Oki,Mason Jones,http://ufcstats.com/fight-details/69b31593175f77ec,L,KO/TKO,2,3:18,1,29 of 73,31 of 75,0 of 0,0,0,0:21,1,20 of 57,25 of 62,1 of 1,1,0,2:16,21 of 61,6 of 10,2 of 2,25 of 59,0 of 0,4 of 14,17 of 51,1 of 2,2 of 4,12 of 44,2 of 3,6 of 10,0,9 of 26,9 of 26,0 of 1,0,0,0:00,0,37 of 79,42 of 85,1 of 1,0,0,1:25,,,,,,,,,,,,,,,,,,,,,,,,,,,,,,,,,,,,,,,,,,,5 of 15,2 of 9,2 of 2,9 of 26,0 of 0,0 of 0,35 of 77,1 of 1,1 of 1,11 of 40,0 of 0,26 of 39,,,,,,,,,,,,,,,,,,,,,,,,,,,,,,,,,,,,
"September 06, 2025",Oumar Sy,Brendson Ribeiro,http://ufcstats.com/fight-details/4080b4310d82b42d,W,KO/TKO,1,4:42,0,17 of 43,21 of 49,2 of 4,0,0,3:28,0,5 of 14,11 of 22,0 of 0,0,0,0:03,14 of 38,0 of 1,3 of 4,4 of 11,0 of 0,13 of 32,2 of 10,1 of 2,2 of 2,5 of 14,0 of 0,0 of 0,,,,,,,,,,,,,,,,,,,,,,,,,,,,,,,,,,,,,,,,,,,,,,,,,,,,,,,,,,,,,,,,,,,,,,,,,,,,,,,,,,,,,,,,,,,,,,,,,,,,,,,,
"September 06, 2025",Sam Patterson,Trey Waters,http://ufcstats.com/fight-details/420211200a35c1d1,W,KO/TKO,1,3:01,0,25 of 48,25 of 48,0 of 0,0,0,0:00,0,18 of 38,18 of 38,0 of 0,0,0,0:00,21 of 43,0 of 1,4 of 4,25 of 48,0 of 0,0 of 0,9 of 23,3 of 6,6 of 9,18 of 38,0 of 0,0 of 0,,,,,,,,,,,,,,,,,,,,,,,,,,,,,,,,,,,,,,,,,,,,,,,,,,,,,,,,,,,,,,,,,,,,,,,,,,,,,,,,,,,,,,,,,,,,,,,,,,,,,,,,
"September 06, 2025",Andreas Gustafsson,Rinat Fakhretdinov,http://ufcstats.com/fight-details/d56a59a4c79cf515,L,KO/TKO,1,0:54,0,5 of 19,5 of 19,0 of 0,0,0,0:00,0,23 of 42,23 of 42,0 of 0,0,0,0:04,4 of 18,1 of 1,0 of 0,4 of 18,1 of 1,0 of 0,19 of 38,3 of 3,1 of 1,15 of 29,8 of 11,0 of 2,,,,,,,,,,,,,,,,,,,,,,,,,,,,,,,,,,,,,,,,,,,,,,,,,,,,,,,,,,,,,,,,,,,,,,,,,,,,,,,,,,,,,,,,,,,,,,,,,,,,,,,,
"August 23, 2025",Sergei Pavlovich,Waldo Cortes Acosta,http://ufcstats.com/fight-details/5538d15c4eeac3b3,W,Decision - Unanimous,3,5:00,0,9 of 28,11 of 31,0 of 1,0,0,0:06,0,11 of 34,11 of 34,0 of 0,0,0,0:00,6 of 24,1 of 1,2 of 3,8 of 26,1 of 2,0 of 0,5 of 20,1 of 4,5 of 10,11 of 31,0 of 3,0 of 0,0,22 of 43,22 of 43,0 of 0,0,0,0:00,0,20 of 37,20 of 37,0 of 0,0,0,0:00,0,30 of 62,30 of 62,0 of 2,0,0,0:02,0,14 of 46,14 of 46,0 of 0,0,0,0:00,,,,,,,,,,,,,,,,,,,,,,,,,,,,,13 of 32,5 of 7,4 of 4,22 of 43,0 of 0,0 of 0,15 of 32,2 of 2,3 of 3,20 of 37,0 of 0,0 of 0,16 of 48,6 of 6,8 of 8,30 of 62,0 of 0,0 of 0,7 of 36,1 of 4,6 of 6,14 of 46,0 of 0,0 of 0,,,,,,,,,,,,,,,,,,,,,,,,
"August 23, 2025",Sumudaerji,Kevin Borjas,http://ufcstats.com/fight-details/ce6bd165bef82bd7,W,Decision - Unanimous,3,5:00,0,17 of 35,17 of 35,0 of 0,0,0,0:00,0,3 of 13,3 of 13,0 of 1,0,0,1:00,6 of 15,3 of 9,8 of 11,16 of 34,1 of 1,0 of 0,1 of 8,2 of 2,0 of 3,1 of 11,2 of 2,0 of 0,0,32 of 47,36 of 51,0 of 3,0,0,0:17,0,9 of 20,15 of 26,0 of 1,0,0,0:49,0,24 of 47,38 of 64,0 of 2,0,0,0:00,0,4 of 11,5 of 12,0 of 3,0,0,1:40,,,,,,,,,,,,,,,,,,,,,,,,,,,,,14 of 25,7 of 8,11 of 14,30 of 44,2 of 3,0 of 0,4 of 14,2 of 3,3 of 3,7 of 17,2 of 3,0 of 0,13 of 35,7 of 8,4 of 4,21 of 43,3 of 4,0 of 0,2 of 8,1 of 2,1 of 1,2 of 9,2 of 2,0 of 0,,,,,,,,,,,,,,,,,,,,,,,,
"August 23, 2025",Maheshate,Gauge Young,http://ufcstats.com/fight-details/0b1460c666e66d39,L,Decision - Unanimous,3,5:00,0,18 of 44,21 of 48,0 of 2,0,0,0:01,0,31 of 53,34 of 56,1 of 1,0,0,1:13,5 of 29,6 of 7,7 of 8,18 of 44,0 of 0,0 of 0,9 of 25,9 of 13,13 of 15,27 of 49,4 of 4,0 of 0,0,24 of 52,27 of 55,0 of 0,0,0,0:04,0,45 of 78,49 of 83,1 of 3,0,0,1:08,0,24 of 54,31 of 63,0 of 5,0,0,0:07,0,36 of 69,48 of 82,1 of 2,0,0,1:30,,,,,,,,,,,,,,,,,,,,,,,,,,,,,18 of 45,3 of 4,3 of 3,22 of 49,2 of 3,0 of 0,32 of 59,7 of 10,6 of 9,43 of 75,1 of 2,1 of 1,19 of 44,3 of 7,2 of 3,20 of 50,4 of 4,0 of 0,23 of 54,7 of 9,6 of 6,33 of 65,3 of 4,0 of 0,,,,,,,,,,,,,,,,,,,,,,,,
"August 23, 2025",Charles Johnson,Lone'er Kavanagh,http://ufcstats.com/fight-details/1ab1ed99a4bc5494,W,KO/TKO,2,4:35,0,14 of 25,14 of 25,0 of 2,0,0,0:10,0,36 of 65,37 of 66,0 of 0,0,0,0:00,3 of 11,2 of 4,9 of 10,14 of 24,0 of 1,0 of 0,17 of 37,14 of 18,5 of 10,34 of 63,2 of 2,0 of 0,1,30 of 56,38 of 64,1 of 3,0,0,0:22,0,23 of 55,23 of 55,1 of 2,1,1,0:59,,,,,,,,,,,,,,,,,,,,,,,,,,,,,,,,,,,,,,,,,,,15 of 38,4 of 6,11 of 12,23 of 47,4 of 5,3 of 4,15 of 46,7 of 8,1 of 1,19 of 48,4 of 7,0 of 0,,,,,,,,,,,,,,,,,,,,,,,,,,,,,,,,,,,,
"August 23, 2025",Michel Pereira,Kyle Daukaus,http://ufcstats.com/fight-details/130e622d4d2aee3e,L,KO/TKO,1,0:43,0,2 of 4,2 of 4,0 of 0,0,0,0:00,1,5 of 8,7 of 12,0 of 0,0,0,0:07,0 of 1,2 of 3,0 of 0,2 of 4,0 of 0,0 of 0,5 of 8,0 of 0,0 of 0,1 of 1,0 of 0,4 of 7,,,,,,,,,,,,,,,,,,,,,,,,,,,,,,,,,,,,,,,,,,,,,,,,,,,,,,,,,,,,,,,,,,,,,,,,,,,,,,,,,,,,,,,,,,,,,,,,,,,,,,,,
"August 23, 2025",Uran Satybaldiev,Diyar Nurgozhay,http://ufcstats.com/fight-details/7fc5f1dc2df84ac7,W,Submission,1,2:45,1,2 of 9,3 of 10,0 of 0,2,1,1:10,0,7 of 11,13 of 19,1 of 1,0,0,0:18,1 of 4,0 of 4,1 of 1,2 of 8,0 of 0,0 of 1,1 of 3,3 of 5,3 of 3,7 of 11,0 of 0,0 of 0,,,,,,,,,,,,,,,,,,,,,,,,,,,,,,,,,,,,,,,,,,,,,,,,,,,,,,,,,,,,,,,,,,,,,,,,,,,,,,,,,,,,,,,,,,,,,,,,,,,,,,,,
"August 16, 2025",Geoff Neal,Carlos Prates,http://ufcstats.com/fight-details/42585ce706c086de,L,KO/TKO,1,4:59,0,25 of 49,26 of 50,0 of 1,0,0,0:15,1,32 of 60,32 of 60,0 of 0,0,0,0:00,16 of 38,4 of 6,5 of 5,23 of 45,2 of 4,0 of 0,17 of 45,8 of 8,7 of 7,32 of 58,0 of 2,0 of 0,,,,,,,,,,,,,,,,,,,,,,,,,,,,,,,,,,,,,,,,,,,,,,,,,,,,,,,,,,,,,,,,,,,,,,,,,,,,,,,,,,,,,,,,,,,,,,,,,,,,,,,,
"August 16, 2025",Baisangur Susurkaev,Eric Nolan,http://ufcstats.com/fight-details/5efd13a12be06706,W,Submission,2,2:01,0,19 of 37,28 of 48,2 of 7,0,0,1:55,0,18 of 49,20 of 51,0 of 1,0,0,0:17,9 of 24,6 of 9,4 of 4,17 of 34,2 of 3,0 of 0,16 of 47,2 of 2,0 of 0,15 of 41,3 of 8,0 of 0,0,17 of 25,31 of 41,0 of 0,1,0,1:24,0,4 of 7,4 of 7,0 of 0,0,0,0:00,,,,,,,,,,,,,,,,,,,,,,,,,,,,,,,,,,,,,,,,,,,14 of 22,1 of 1,2 of 2,5 of 8,0 of 0,12 of 17,1 of 4,3 of 3,0 of 0,3 of 6,1 of 1,0 of 0,,,,,,,,,,,,,,,,,,,,,,,,,,,,,,,,,,,,
"August 16, 2025",Chase Hooper,Alexander Hernandez,http://ufcstats.com/fight-details/1d8dc0fb5d47357f,L,KO/TKO,1,4:58,0,20 of 82,20 of 82,0 of 2,0,0,0:05,1,17 of 38,18 of 39,0 of 0,0,0,0:02,7 of 62,7 of 12,6 of 8,20 of 81,0 of 1,0 of 0,14 of 35,3 of 3,0 of 0,13 of 33,0 of 0,4 of 5,,,,,,,,,,,,,,,,,,,,,,,,,,,,,,,,,,,,,,,,,,,,,,,,,,,,,,,,,,,,,,,,,,,,,,,,,,,,,,,,,,,,,,,,,,,,,,,,,,,,,,,,
"August 16, 2025",Karine Silva,Dione Barbosa,http://ufcstats.com/fight-details/88020d22cf905792,W,Decision - Unanimous,3,5:00,0,10 of 30,11 of 31,0 of 1,0,0,0:00,0,15 of 41,19 of 47,1 of 1,1,0,0:44,6 of 24,3 of 5,1 of 1,10 of 30,0 of 0,0 of 0,4 of 27,7 of 9,4 of 5,15 of 41,0 of 0,0 of 0,0,9 of 18,49 of 68,1 of 2,0,0,1:24,0,7 of 16,23 of 34,1 of 2,0,0,2:29,0,7 of 22,30 of 55,0 of 0,2,1,0:59,0,9 of 30,25 of 51,1 of 1,0,1,2:05,,,,,,,,,,,,,,,,,,,,,,,,,,,,,1 of 9,5 of 6,3 of 3,6 of 15,3 of 3,0 of 0,4 of 12,2 of 3,1 of 1,5 of 12,2 of 3,0 of 1,4 of 17,1 of 3,2 of 2,6 of 21,1 of 1,0 of 0,3 of 23,6 of 7,0 of 0,6 of 27,2 of 2,1 of 1,,,,,,,,,,,,,,,,,,,,,,,,
"August 09, 2025",Roman Dolidze,Anthony Hernandez,http://ufcstats.com/fight-details/68fe62bac7fd8bb0,L,Submission,4,2:45,0,10 of 31,13 of 34,0 of 0,0,0,0:45,0,19 of 37,21 of 39,2 of 4,0,0,0:50,5 of 25,0 of 1,5 of 5,9 of 30,1 of 1,0 of 0,11 of 29,1 of 1,7 of 7,16 of 34,3 of 3,0 of 0,0,20 of 52,20 of 52,0 of 0,0,0,0:00,0,44 of 73,52 of 83,3 of 3,0,0,1:47,0,4 of 16,4 of 16,0 of 1,0,0,0:00,0,18 of 27,28 of 38,3 of 3,0,0,3:28,0,2 of 8,2 of 8,0 of 0,0,0,0:00,0,10 of 15,19 of 27,1 of 1,1,0,1:43,,,,,,,,,,,,,,,15 of 42,3 of 7,2 of 3,19 of 49,1 of 3,0 of 0,38 of 67,2 of 2,4 of 4,22 of 47,7 of 11,15 of 15,3 of 13,1 of 3,0 of 0,4 of 15,0 of 1,0 of 0,11 of 20,2 of 2,5 of 5,5 of 13,0 of 0,13 of 14,2 of 8,0 of 0,0 of 0,2 of 7,0 of 1,0 of 0,7 of 12,1 of 1,2 of 2,5 of 8,3 of 4,2 of 3,,,,,,,,,,,,
"August 09, 2025",Steve Erceg,Ode Osbourne,http://ufcstats.com/fight-details/37d58369782cb86b,W,Decision - Unanimous,3,5:00,0,3 of 11,4 of 14,1 of 5,0,0,1:06,0,17 of 32,26 of 44,1 of 1,0,1,0:46,2 of 10,1 of 1,0 of 0,2 of 10,1 of 1,0 of 0,10 of 21,0 of 2,7 of 9,12 of 27,0 of 0,5 of 5,0,11 of 25,18 of 33,0 of 3,0,0,0:58,0,12 of 25,15 of 28,0 of 0,0,0,0:23,0,6 of 17,17 of 35,2 of 2,1,0,2:43,0,6 of 17,6 of 17,0 of 1,0,0,0:00,,,,,,,,,,,,,,,,,,,,,,,,,,,,,4 of 18,7 of 7,0 of 0,6 of 18,5 of 7,0 of 0,7 of 19,2 of 3,3 of 3,11 of 24,1 of 1,0 of 0,4 of 14,2 of 3,0 of 0,4 of 15,0 of 0,2 of 2,3 of 13,2 of 2,1 of 2,6 of 17,0 of 0,0 of 0,,,,,,,,,,,,,,,,,,,,,,,,
"August 09, 2025",Andre Fili,Christian Rodriguez,http://ufcstats.com/fight-details/98d6771af9b0ebe5,W,Decision - Split,3,5:00,0,22 of 63,27 of 68,0 of 0,0,0,0:00,0,29 of 64,29 of 66,1 of 3,0,0,0:35,19 of 56,1 of 4,2 of 3,22 of 63,0 of 0,0 of 0,13 of 43,4 of 6,12 of 15,28 of 63,0 of 0,1 of 1,0,23 of 69,23 of 69,0 of 1,0,0,0:00,0,29 of 56,30 of 57,0 of 3,0,0,0:28,0,19 of 50,24 of 56,3 of 4,0,0,1:42,0,25 of 54,36 of 67,0 of 1,0,0,0:32,,,,,,,,,,,,,,,,,,,,,,,,,,,,,18 of 62,2 of 3,3 of 4,23 of 69,0 of 0,0 of 0,17 of 40,3 of 5,9 of 11,27 of 54,2 of 2,0 of 0,15 of 46,3 of 3,1 of 1,17 of 47,2 of 3,0 of 0,19 of 47,1 of 2,5 of 5,14 of 40,11 of 14,0 of 0,,,,,,,,,,,,,,,,,,,,,,,,
"August 09, 2025",Miles Johns,Jean Matsumoto,http://ufcstats.com/fight-details/ed5383b50ffcdded,L,Decision - Split,3,5:00,0,22 of 42,23 of 43,1 of 2,0,0,1:42,0,16 of 49,20 of 54,0 of 2,1,0,0:22,17 of 37,5 of 5,0 of 0,20 of 37,2 of 4,0 of 1,8 of 29,5 of 9,3 of 11,15 of 48,1 of 1,0 of 0,0,34 of 67,35 of 68,1 of 3,0,0,0:26,0,35 of 84,39 of 89,0 of 0,1,1,0:27,0,27 of 75,31 of 80,3 of 3,0,0,1:04,0,44 of 100,50 of 106,0 of 1,0,0,0:07,,,,,,,,,,,,,,,,,,,,,,,,,,,,,31 of 63,3 of 4,0 of 0,31 of 63,3 of 4,0 of 0,15 of 55,14 of 19,6 of 10,33 of 82,2 of 2,0 of 0,22 of 70,4 of 4,1 of 1,27 of 75,0 of 0,0 of 0,26 of 76,8 of 10,10 of 14,39 of 94,5 of 6,0 of 0,,,,,,,,,,,,,,,,,,,,,,,,
"August 09, 2025",Elijah Smith,Toshiomi Kazama,http://ufcstats.com/fight-details/ae7a8f19743e8154,W,KO/TKO,1,4:10,0,37 of 46,61 of 74,0 of 0,0,1,3:49,0,0 of 0,2 of 2,1 of 1,1,1,0:05,35 of 44,2 of 2,0 of 0,1 of 3,0 of 0,36 of 43,0 of 0,0 of 0,0 of 0,0 of 0,0 of 0,0 of 0,,,,,,,,,,,,,,,,,,,,,,,,,,,,,,,,,,,,,,,,,,,,,,,,,,,,,,,,,,,,,,,,,,,,,,,,,,,,,,,,,,,,,,,,,,,,,,,,,,,,,,,,
"August 09, 2025",Uros Medic,Gilbert Urbina,http://ufcstats.com/fight-details/7d923267c44dd93b,W,KO/TKO,1,1:03,1,5 of 9,6 of 10,0 of 0,0,0,0:01,1,5 of 10,5 of 10,0 of 0,0,0,0:02,4 of 8,1 of 1,0 of 0,3 of 7,1 of 1,1 of 1,3 of 7,1 of 2,1 of 1,5 of 10,0 of 0,0 of 0,,,,,,,,,,,,,,,,,,,,,,,,,,,,,,,,,,,,,,,,,,,,,,,,,,,,,,,,,,,,,,,,,,,,,,,,,,,,,,,,,,,,,,,,,,,,,,,,,,,,,,,,
"August 09, 2025",Cody Brundage,Eric McConico,http://ufcstats.com/fight-details/857e8facd8ff7c36,L,Decision - Split,3,5:00,0,8 of 18,8 of 19,1 of 4,0,0,2:32,0,3 of 11,8 of 17,0 of 0,0,0,0:08,7 of 17,0 of 0,1 of 1,7 of 15,1 of 3,0 of 0,2 of 9,1 of 2,0 of 0,2 of 9,1 of 2,0 of 0,0,11 of 20,19 of 28,2 of 3,0,0,2:56,0,7 of 23,20 of 37,0 of 0,0,0,1:20,0,12 of 27,16 of 31,0 of 0,0,0,0:00,0,16 of 38,26 of 48,0 of 0,0,0,1:44,,,,,,,,,,,,,,,,,,,,,,,,,,,,,8 of 16,2 of 2,1 of 2,0 of 5,11 of 15,0 of 0,4 of 19,3 of 4,0 of 0,2 of 11,5 of 12,0 of 0,11 of 24,1 of 3,0 of 0,12 of 25,0 of 2,0 of 0,12 of 30,3 of 7,1 of 1,12 of 33,4 of 5,0 of 0,,,,,,,,,,,,,,,,,,,,,,,,
"August 02, 2025",Mateusz Rebecki,Chris Duncan,http://ufcstats.com/fight-details/426a69e343822ab3,L,Decision - Unanimous,3,5:00,0,32 of 74,38 of 81,0 of 1,0,0,1:00,0,19 of 62,19 of 62,0 of 1,0,0,0:00,20 of 61,1 of 2,11 of 11,30 of 72,2 of 2,0 of 0,10 of 47,6 of 12,3 of 3,19 of 62,0 of 0,0 of 0,0,38 of 88,38 of 88,1 of 1,0,0,0:19,0,25 of 62,26 of 63,0 of 0,0,0,0:00,0,44 of 105,47 of 109,1 of 4,0,0,0:04,0,48 of 98,50 of 100,0 of 0,0,0,0:27,,,,,,,,,,,,,,,,,,,,,,,,,,,,,32 of 78,0 of 4,6 of 6,38 of 88,0 of 0,0 of 0,17 of 48,8 of 13,0 of 1,25 of 62,0 of 0,0 of 0,36 of 96,6 of 7,2 of 2,36 of 96,8 of 9,0 of 0,40 of 86,6 of 10,2 of 2,41 of 90,7 of 8,0 of 0,,,,,,,,,,,,,,,,,,,,,,,,
"August 02, 2025",Elves Brener,Esteban Ribovics,http://ufcstats.com/fight-details/878941394f9e3538,L,Decision - Unanimous,3,5:00,0,36 of 68,37 of 69,0 of 6,0,0,0:00,0,39 of 95,40 of 97,0 of 0,0,0,0:42,21 of 51,6 of 8,9 of 9,36 of 68,0 of 0,0 of 0,29 of 83,6 of 6,4 of 6,31 of 82,0 of 0,8 of 13,0,48 of 88,51 of 92,0 of 1,0,0,0:00,0,34 of 84,34 of 85,0 of 0,0,0,0:20,0,34 of 94,35 of 95,0 of 2,0,0,0:00,0,49 of 102,49 of 102,0 of 0,0,0,0:00,,,,,,,,,,,,,,,,,,,,,,,,,,,,,39 of 76,5 of 8,4 of 4,48 of 88,0 of 0,0 of 0,21 of 65,7 of 10,6 of 9,34 of 84,0 of 0,0 of 0,28 of 84,4 of 7,2 of 3,34 of 92,0 of 2,0 of 0,36 of 85,10 of 13,3 of 4,49 of 102,0 of 0,0 of 0,,,,,,,,,,,,,,,,,,,,,,,,
"August 02, 2025",Danny Silva,Kevin Vallejos,http://ufcstats.com/fight-details/111e66eb922449e4,L,Decision - Unanimous,3,5:00,0,10 of 39,10 of 39,1 of 1,0,0,0:10,0,19 of 54,19 of 55,0 of 2,0,0,0:19,4 of 25,4 of 7,2 of 7,10 of 39,0 of 0,0 of 0,9 of 40,7 of 10,3 of 4,18 of 53,1 of 1,0 of 0,0,22 of 50,25 of 53,0 of 3,0,0,0:04,0,35 of 81,35 of 81,1 of 2,0,0,0:33,0,37 of 75,38 of 76,0 of 5,0,0,0:08,0,36 of 94,36 of 94,1 of 1,0,0,0:22,,,,,,,,,,,,,,,,,,,,,,,,,,,,,15 of 41,3 of 4,4 of 5,22 of 49,0 of 1,0 of 0,21 of 59,14 of 22,0 of 0,31 of 76,4 of 5,0 of 0,32 of 69,5 of 6,0 of 0,36 of 72,1 of 3,0 of 0,30 of 85,6 of 9,0 of 0,32 of 88,4 of 6,0 of 0,,,,,,,,,,,,,,,,,,,,,,,,
"August 02, 2025",Nick Klein,Andrey Pulyaev,http://ufcstats.com/fight-details/b3c695728e177fd4,L,KO/TKO,2,1:31,0,9 of 18,18 of 30,3 of 5,1,0,3:55,0,12 of 18,17 of 23,0 of 0,0,0,0:00,5 of 12,4 of 6,0 of 0,3 of 9,6 of 9,0 of 0,7 of 12,5 of 6,0 of 0,5 of 10,7 of 8,0 of 0,0,1 of 3,1 of 3,1 of 2,0,0,0:50,1,11 of 13,13 of 15,0 of 0,0,0,0:02,,,,,,,,,,,,,,,,,,,,,,,,,,,,,,,,,,,,,,,,,,,0 of 1,1 of 2,0 of 0,0 of 2,1 of 1,0 of 0,8 of 10,3 of 3,0 of 0,7 of 8,2 of 3,2 of 2,,,,,,,,,,,,,,,,,,,,,,,,,,,,,,,,,,,,
"August 02, 2025",Austin Bashi,John Yannis,http://ufcstats.com/fight-details/07c2af68b6dbc4ec,W,Submission,1,3:39,0,2 of 7,48 of 67,1 of 1,1,0,2:53,0,0 of 5,2 of 9,0 of 0,0,0,0:00,2 of 7,0 of 0,0 of 0,2 of 6,0 of 0,0 of 1,0 of 4,0 of 1,0 of 0,0 of 5,0 of 0,0 of 0,,,,,,,,,,,,,,,,,,,,,,,,,,,,,,,,,,,,,,,,,,,,,,,,,,,,,,,,,,,,,,,,,,,,,,,,,,,,,,,,,,,,,,,,,,,,,,,,,,,,,,,,
"August 02, 2025",Piera Rodriguez,Ketlen Souza,http://ufcstats.com/fight-details/d98d6b2c13557a87,W,Decision - Split,3,5:00,0,21 of 55,23 of 58,2 of 3,0,0,1:37,0,19 of 32,25 of 38,0 of 0,0,0,0:00,7 of 31,9 of 13,5 of 11,9 of 39,12 of 16,0 of 0,10 of 22,3 of 3,6 of 7,16 of 28,3 of 4,0 of 0,0,22 of 42,31 of 52,3 of 5,0,0,1:28,0,16 of 28,28 of 46,0 of 1,0,0,1:23,0,21 of 53,27 of 61,2 of 2,0,0,1:31,0,21 of 43,33 of 55,0 of 2,0,0,0:18,,,,,,,,,,,,,,,,,,,,,,,,,,,,,11 of 29,7 of 8,4 of 5,18 of 36,4 of 6,0 of 0,8 of 20,4 of 4,4 of 4,12 of 23,4 of 5,0 of 0,10 of 32,7 of 16,4 of 5,21 of 51,0 of 2,0 of 0,11 of 30,3 of 6,7 of 7,20 of 41,1 of 2,0 of 0,,,,,,,,,,,,,,,,,,,,,,,,
"July 26, 2025",Mohammad Yahya,Steven Nguyen,http://ufcstats.com/fight-details/23ddf51ce630028d,L,KO/TKO,2,5:00,0,33 of 86,33 of 86,0 of 1,0,0,0:03,5,59 of 112,65 of 120,0 of 0,0,0,0:53,22 of 69,9 of 13,2 of 4,33 of 86,0 of 0,0 of 0,47 of 98,2 of 2,10 of 12,35 of 70,4 of 4,20 of 38,0,24 of 65,27 of 68,0 of 3,0,0,0:02,1,33 of 62,43 of 74,0 of 0,0,0,1:50,,,,,,,,,,,,,,,,,,,,,,,,,,,,,,,,,,,,,,,,,,,19 of 57,5 of 8,0 of 0,24 of 65,0 of 0,0 of 0,29 of 58,2 of 2,2 of 2,15 of 41,3 of 3,15 of 18,,,,,,,,,,,,,,,,,,,,,,,,,,,,,,,,,,,,
"July 26, 2025",Martin Buday,Marcus Buchecha,http://ufcstats.com/fight-details/0a598768f5c8d540,W,Decision - Unanimous,3,5:00,0,19 of 44,38 of 66,0 of 0,0,0,0:43,0,19 of 42,21 of 46,0 of 6,0,0,0:32,14 of 38,4 of 4,1 of 2,15 of 38,4 of 5,0 of 1,10 of 31,9 of 11,0 of 0,13 of 34,6 of 8,0 of 0,0,9 of 12,23 of 30,0 of 0,0,1,0:50,0,3 of 8,45 of 62,1 of 1,0,0,3:01,0,13 of 30,31 of 54,0 of 0,0,1,1:18,0,2 of 10,14 of 32,0 of 4,0,1,1:32,,,,,,,,,,,,,,,,,,,,,,,,,,,,,4 of 7,1 of 1,4 of 4,8 of 10,0 of 0,1 of 2,2 of 6,1 of 2,0 of 0,1 of 6,0 of 0,2 of 2,12 of 29,0 of 0,1 of 1,13 of 26,0 of 1,0 of 3,2 of 9,0 of 1,0 of 0,2 of 10,0 of 0,0 of 0,,,,,,,,,,,,,,,,,,,,,,,,
"July 19, 2025",Kevin Holland,Daniel Rodriguez,http://ufcstats.com/fight-details/5dde61734080ac4a,L,Decision - Unanimous,3,5:00,0,40 of 83,40 of 83,0 of 1,0,0,0:12,0,29 of 60,32 of 63,0 of 0,0,0,0:00,20 of 50,6 of 12,14 of 21,39 of 81,1 of 2,0 of 0,12 of 30,8 of 19,9 of 11,28 of 59,1 of 1,0 of 0,0,12 of 28,34 of 51,1 of 3,0,0,1:05,2,31 of 55,44 of 73,0 of 0,0,0,1:40,1,30 of 62,37 of 73,0 of 0,0,0,0:50,0,17 of 34,35 of 53,0 of 1,0,0,1:54,,,,,,,,,,,,,,,,,,,,,,,,,,,,,8 of 21,3 of 4,1 of 3,7 of 21,4 of 6,1 of 1,27 of 51,1 of 1,3 of 3,12 of 22,5 of 6,14 of 27,25 of 55,4 of 6,1 of 1,14 of 35,12 of 19,4 of 8,10 of 25,4 of 6,3 of 3,14 of 26,0 of 0,3 of 8,,,,,,,,,,,,,,,,,,,,,,,,
"July 19, 2025",Dan Ige,Patricio Pitbull,http://ufcstats.com/fight-details/acc961fd5cf5c62e,L,Decision - Unanimous,3,5:00,0,6 of 28,10 of 32,0 of 0,0,0,0:00,0,7 of 13,7 of 13,2 of 3,0,0,1:03,1 of 21,2 of 4,3 of 3,6 of 27,0 of 1,0 of 0,2 of 8,2 of 2,3 of 3,7 of 13,0 of 0,0 of 0,0,19 of 51,19 of 51,0 of 0,0,0,0:00,0,37 of 58,47 of 68,1 of 1,0,0,0:55,0,22 of 45,30 of 62,0 of 0,0,0,0:08,0,11 of 26,17 of 33,2 of 5,0,0,0:46,,,,,,,,,,,,,,,,,,,,,,,,,,,,,10 of 38,6 of 10,3 of 3,17 of 48,2 of 3,0 of 0,30 of 50,6 of 6,1 of 2,25 of 45,8 of 9,4 of 4,13 of 34,7 of 9,2 of 2,15 of 34,1 of 1,6 of 10,10 of 24,1 of 2,0 of 0,10 of 24,1 of 2,0 of 0,,,,,,,,,,,,,,,,,,,,,,,,
"July 19, 2025",Michael Johnson,Daniel Zellhuber,http://ufcstats.com/fight-details/a95b03e9b5a91e47,W,Decision - Unanimous,3,5:00,0,24 of 56,24 of 56,0 of 0,0,0,0:06,0,12 of 46,12 of 46,0 of 0,0,0,0:00,4 of 22,15 of 28,5 of 6,24 of 55,0 of 0,0 of 1,2 of 23,7 of 17,3 of 6,12 of 46,0 of 0,0 of 0,1,30 of 77,31 of 78,0 of 0,0,0,0:16,0,17 of 66,17 of 66,0 of 0,0,0,0:00,0,26 of 62,26 of 62,0 of 1,0,0,0:00,0,23 of 70,23 of 70,0 of 0,0,0,0:08,,,,,,,,,,,,,,,,,,,,,,,,,,,,,14 of 47,10 of 23,6 of 7,27 of 72,0 of 0,3 of 5,7 of 51,9 of 14,1 of 1,16 of 65,1 of 1,0 of 0,9 of 31,17 of 30,0 of 1,26 of 62,0 of 0,0 of 0,10 of 51,11 of 17,2 of 2,22 of 69,0 of 0,1 of 1,,,,,,,,,,,,,,,,,,,,,,,,
"July 19, 2025",Kyler Phillips,Vinicius Oliveira,http://ufcstats.com/fight-details/d2cb92fdf6a497e9,L,Decision - Unanimous,3,5:00,0,29 of 67,29 of 67,0 of 1,0,0,0:00,0,22 of 69,22 of 69,0 of 1,0,0,0:03,18 of 52,8 of 12,3 of 3,29 of 67,0 of 0,0 of 0,12 of 47,5 of 15,5 of 7,22 of 69,0 of 0,0 of 0,0,4 of 26,9 of 31,0 of 3,0,0,0:09,1,41 of 81,47 of 87,1 of 2,0,0,2:17,0,16 of 58,16 of 58,0 of 1,0,0,0:00,0,33 of 82,33 of 82,0 of 1,0,0,0:00,,,,,,,,,,,,,,,,,,,,,,,,,,,,,2 of 22,2 of 4,0 of 0,4 of 26,0 of 0,0 of 0,27 of 65,9 of 11,5 of 5,27 of 60,2 of 3,12 of 18,13 of 52,3 of 6,0 of 0,16 of 58,0 of 0,0 of 0,13 of 49,12 of 24,8 of 9,30 of 78,3 of 4,0 of 0,,,,,,,,,,,,,,,,,,,,,,,,
"July 19, 2025",Marvin Vettori,Brendan Allen,http://ufcstats.com/fight-details/8e1feda9141602f1,L,Decision - Unanimous,3,5:00,0,29 of 58,35 of 67,0 of 0,0,1,1:17,0,30 of 55,38 of 64,2 of 3,0,0,1:20,25 of 53,1 of 1,3 of 4,21 of 47,2 of 3,6 of 8,23 of 46,6 of 8,1 of 1,23 of 45,0 of 0,7 of 10,0,36 of 95,36 of 95,0 of 0,0,0,0:00,0,42 of 83,42 of 83,0 of 0,0,0,0:00,0,44 of 100,44 of 100,0 of 0,0,0,0:00,0,39 of 86,39 of 86,1 of 1,0,0,0:07,,,,,,,,,,,,,,,,,,,,,,,,,,,,,34 of 92,0 of 1,2 of 2,36 of 95,0 of 0,0 of 0,32 of 71,6 of 8,4 of 4,41 of 82,1 of 1,0 of 0,39 of 94,4 of 5,1 of 1,42 of 98,2 of 2,0 of 0,31 of 77,6 of 7,2 of 2,36 of 83,3 of 3,0 of 0,,,,,,,,,,,,,,,,,,,,,,,,
"July 19, 2025",Francisco Prado,Nikolay Veretennikov,http://ufcstats.com/fight-details/df2ed8b509fbdbdc,L,Decision - Split,3,5:00,0,7 of 9,11 of 13,1 of 1,1,0,1:59,0,17 of 28,36 of 47,0 of 2,0,1,2:04,4 of 6,2 of 2,1 of 1,5 of 7,2 of 2,0 of 0,8 of 19,8 of 8,1 of 1,8 of 13,5 of 6,4 of 9,0,24 of 43,32 of 51,1 of 3,0,0,1:55,0,26 of 55,32 of 61,0 of 1,0,0,0:00,0,16 of 25,21 of 30,1 of 6,0,0,2:55,0,13 of 22,16 of 25,2 of 3,0,0,0:29,,,,,,,,,,,,,,,,,,,,,,,,,,,,,16 of 31,2 of 6,6 of 6,22 of 41,1 of 1,1 of 1,15 of 43,10 of 11,1 of 1,18 of 47,7 of 7,1 of 1,14 of 21,1 of 3,1 of 1,7 of 14,2 of 2,7 of 9,9 of 16,3 of 5,1 of 1,8 of 15,3 of 4,2 of 3,,,,,,,,,,,,,,,,,,,,,,,,
"July 19, 2025",Ateba Gautier,Robert Valentin,http://ufcstats.com/fight-details/72e477b41f44e358,W,KO/TKO,1,1:10,1,19 of 37,19 of 37,0 of 0,0,0,0:01,0,2 of 5,2 of 5,0 of 0,0,0,0:00,16 of 34,3 of 3,0 of 0,16 of 33,1 of 1,2 of 3,1 of 3,0 of 1,1 of 1,2 of 5,0 of 0,0 of 0,,,,,,,,,,,,,,,,,,,,,,,,,,,,,,,,,,,,,,,,,,,,,,,,,,,,,,,,,,,,,,,,,,,,,,,,,,,,,,,,,,,,,,,,,,,,,,,,,,,,,,,,
"July 19, 2025",Adam Fugitt,Islam Dulatov,http://ufcstats.com/fight-details/37bc72d5d211b189,L,KO/TKO,1,4:06,0,14 of 27,16 of 29,0 of 3,0,0,0:59,1,21 of 41,23 of 44,0 of 0,0,0,0:02,5 of 16,2 of 4,7 of 7,13 of 23,1 of 4,0 of 0,17 of 37,3 of 3,1 of 1,16 of 35,2 of 3,3 of 3,,,,,,,,,,,,,,,,,,,,,,,,,,,,,,,,,,,,,,,,,,,,,,,,,,,,,,,,,,,,,,,,,,,,,,,,,,,,,,,,,,,,,,,,,,,,,,,,,,,,,,,,
"July 19, 2025",Jimmy Crute,Marcin Prachnio,http://ufcstats.com/fight-details/798652dbea086910,W,Submission,1,4:42,0,5 of 18,11 of 27,3 of 6,2,0,2:18,0,21 of 36,37 of 54,0 of 0,0,0,0:08,5 of 18,0 of 0,0 of 0,4 of 17,0 of 0,1 of 1,7 of 21,9 of 10,5 of 5,13 of 28,6 of 6,2 of 2,,,,,,,,,,,,,,,,,,,,,,,,,,,,,,,,,,,,,,,,,,,,,,,,,,,,,,,,,,,,,,,,,,,,,,,,,,,,,,,,,,,,,,,,,,,,,,,,,,,,,,,,
"July 19, 2025",Ryan Spann,Lukasz Brzeski,http://ufcstats.com/fight-details/182ee320edb1b5ed,W,Submission,1,2:47,0,8 of 19,8 of 19,1 of 1,2,0,2:14,0,5 of 8,23 of 28,0 of 0,0,0,0:00,8 of 19,0 of 0,0 of 0,2 of 10,0 of 0,6 of 9,1 of 4,0 of 0,4 of 4,5 of 8,0 of 0,0 of 0,,,,,,,,,,,,,,,,,,,,,,,,,,,,,,,,,,,,,,,,,,,,,,,,,,,,,,,,,,,,,,,,,,,,,,,,,,,,,,,,,,,,,,,,,,,,,,,,,,,,,,,,
"July 19, 2025",Brunno Ferreira,Jackson McVey,http://ufcstats.com/fight-details/74099d470e8d2765,W,Submission,1,3:35,0,7 of 9,9 of 11,1 of 1,1,0,1:07,0,4 of 15,4 of 15,0 of 1,0,0,0:08,4 of 5,1 of 2,2 of 2,6 of 8,0 of 0,1 of 1,3 of 13,1 of 2,0 of 0,4 of 15,0 of 0,0 of 0,,,,,,,,,,,,,,,,,,,,,,,,,,,,,,,,,,,,,,,,,,,,,,,,,,,,,,,,,,,,,,,,,,,,,,,,,,,,,,,,,,,,,,,,,,,,,,,,,,,,,,,,
"July 19, 2025",Carli Judice,Nicolle Caliari,http://ufcstats.com/fight-details/a602c68147b752b2,W,KO/TKO,3,1:30,0,38 of 78,44 of 86,0 of 0,0,0,0:43,0,11 of 40,13 of 42,0 of 5,0,0,0:48,26 of 62,12 of 16,0 of 0,32 of 70,5 of 7,1 of 1,8 of 32,2 of 7,1 of 1,9 of 37,2 of 3,0 of 0,0,47 of 108,49 of 110,0 of 0,0,0,0:25,0,16 of 51,17 of 52,0 of 2,0,0,0:06,1,24 of 39,24 of 39,0 of 0,0,0,0:10,0,5 of 10,5 of 10,1 of 1,0,0,0:06,,,,,,,,,,,,,,,,,,,,,,,,,,,,,41 of 101,6 of 7,0 of 0,46 of 107,1 of 1,0 of 0,13 of 44,1 of 4,2 of 3,16 of 51,0 of 0,0 of 0,18 of 30,6 of 9,0 of 0,18 of 33,4 of 4,2 of 2,5 of 9,0 of 1,0 of 0,5 of 10,0 of 0,0 of 0,,,,,,,,,,,,,,,,,,,,,,,,
"July 12, 2025",Derrick Lewis,Tallison Teixeira,http://ufcstats.com/fight-details/0adfc21045c02555,W,KO/TKO,1,0:35,1,9 of 17,10 of 21,0 of 0,0,0,0:12,0,3 of 5,3 of 5,0 of 0,0,0,0:00,8 of 16,1 of 1,0 of 0,2 of 6,1 of 2,6 of 9,3 of 5,0 of 0,0 of 0,3 of 5,0 of 0,0 of 0,,,,,,,,,,,,,,,,,,,,,,,,,,,,,,,,,,,,,,,,,,,,,,,,,,,,,,,,,,,,,,,,,,,,,,,,,,,,,,,,,,,,,,,,,,,,,,,,,,,,,,,,
"July 12, 2025",Stephen Thompson,Gabriel Bonfim,http://ufcstats.com/fight-details/2a03bc4c491b4c9a,L,Decision - Split,3,5:00,0,6 of 24,9 of 28,0 of 0,0,1,0:11,0,14 of 24,17 of 28,2 of 3,0,0,1:26,1 of 13,3 of 7,2 of 4,6 of 21,0 of 1,0 of 2,3 of 7,0 of 1,11 of 16,14 of 24,0 of 0,0 of 0,0,29 of 47,37 of 55,0 of 0,0,0,0:02,0,16 of 30,16 of 30,1 of 5,0,0,1:18,0,7 of 21,32 of 52,0 of 2,0,0,0:15,0,10 of 18,22 of 35,2 of 6,0,0,2:45,,,,,,,,,,,,,,,,,,,,,,,,,,,,,18 of 35,7 of 8,4 of 4,25 of 42,2 of 3,2 of 2,7 of 20,0 of 0,9 of 10,16 of 29,0 of 1,0 of 0,2 of 13,4 of 5,1 of 3,6 of 20,1 of 1,0 of 0,2 of 9,5 of 5,3 of 4,4 of 12,6 of 6,0 of 0,,,,,,,,,,,,,,,,,,,,,,,,
"July 12, 2025",Vitor Petrino,Austen Lane,http://ufcstats.com/fight-details/4b75d3b7738cb278,W,Submission,1,4:16,0,3 of 6,17 of 22,1 of 1,2,0,3:03,0,3 of 4,3 of 4,0 of 0,0,0,0:00,2 of 4,0 of 0,1 of 2,1 of 2,0 of 0,2 of 4,0 of 0,1 of 2,2 of 2,3 of 4,0 of 0,0 of 0,,,,,,,,,,,,,,,,,,,,,,,,,,,,,,,,,,,,,,,,,,,,,,,,,,,,,,,,,,,,,,,,,,,,,,,,,,,,,,,,,,,,,,,,,,,,,,,,,,,,,,,,
"July 12, 2025",Max Griffin,Chris Curtis,http://ufcstats.com/fight-details/236f811290163dca,L,Decision - Split,3,5:00,0,21 of 48,22 of 51,0 of 0,0,0,0:34,0,8 of 32,11 of 35,0 of 0,0,0,0:00,14 of 38,4 of 6,3 of 4,20 of 47,1 of 1,0 of 0,5 of 29,3 of 3,0 of 0,8 of 31,0 of 1,0 of 0,0,17 of 58,19 of 61,0 of 0,0,0,0:29,0,21 of 52,23 of 54,0 of 0,0,0,0:14,0,21 of 72,22 of 73,0 of 0,0,0,0:00,0,35 of 71,37 of 73,0 of 1,0,0,0:00,,,,,,,,,,,,,,,,,,,,,,,,,,,,,12 of 51,2 of 3,3 of 4,17 of 57,0 of 1,0 of 0,15 of 46,4 of 4,2 of 2,19 of 50,2 of 2,0 of 0,12 of 58,8 of 12,1 of 2,21 of 71,0 of 1,0 of 0,24 of 57,11 of 14,0 of 0,34 of 68,1 of 3,0 of 0,,,,,,,,,,,,,,,,,,,,,,,,
"July 12, 2025",Jake Matthews,Chidi Njokuani,http://ufcstats.com/fight-details/d5e3be7a07c48b08,W,Submission,1,1:09,0,3 of 7,5 of 9,1 of 1,1,0,0:29,0,5 of 10,5 of 10,0 of 0,0,0,0:00,3 of 7,0 of 0,0 of 0,2 of 5,1 of 2,0 of 0,0 of 2,3 of 6,2 of 2,4 of 8,1 of 2,0 of 0,,,,,,,,,,,,,,,,,,,,,,,,,,,,,,,,,,,,,,,,,,,,,,,,,,,,,,,,,,,,,,,,,,,,,,,,,,,,,,,,,,,,,,,,,,,,,,,,,,,,,,,,
"July 12, 2025",Kennedy Nzechukwu,Valter Walker,http://ufcstats.com/fight-details/5c650ae2193ab1bc,L,Submission,1,0:54,0,0 of 0,0 of 0,0 of 0,0,0,0:03,0,4 of 11,4 of 11,1 of 2,1,0,0:28,0 of 0,0 of 0,0 of 0,0 of 0,0 of 0,0 of 0,4 of 11,0 of 0,0 of 0,1 of 4,3 of 7,0 of 0,,,,,,,,,,,,,,,,,,,,,,,,,,,,,,,,,,,,,,,,,,,,,,,,,,,,,,,,,,,,,,,,,,,,,,,,,,,,,,,,,,,,,,,,,,,,,,,,,,,,,,,,
"July 12, 2025",Mitch Ramirez,Mike Davis,http://ufcstats.com/fight-details/7f33fbdc35afd721,L,KO/TKO,2,4:08,0,8 of 18,14 of 25,0 of 1,0,0,0:00,0,3 of 8,13 of 24,1 of 2,2,0,4:20,4 of 14,0 of 0,4 of 4,6 of 16,2 of 2,0 of 0,2 of 5,0 of 1,1 of 2,3 of 8,0 of 0,0 of 0,0,43 of 93,43 of 93,0 of 1,0,0,0:05,1,44 of 69,45 of 70,0 of 0,0,0,0:02,,,,,,,,,,,,,,,,,,,,,,,,,,,,,,,,,,,,,,,,,,,23 of 71,8 of 10,12 of 12,40 of 89,3 of 4,0 of 0,27 of 48,15 of 19,2 of 2,41 of 66,0 of 0,3 of 3,,,,,,,,,,,,,,,,,,,,,,,,,,,,,,,,,,,,
"June 28, 2025",Payton Talbott,Felipe Lima,http://ufcstats.com/fight-details/f6a3c78f15ff26c7,W,Decision - Unanimous,3,5:00,0,14 of 26,22 of 36,0 of 1,0,0,1:43,0,10 of 20,17 of 27,1 of 5,0,0,1:45,11 of 22,1 of 1,2 of 3,9 of 19,2 of 2,3 of 5,8 of 18,1 of 1,1 of 1,7 of 16,1 of 2,2 of 2,0,21 of 46,35 of 62,0 of 0,0,1,1:52,0,9 of 20,11 of 22,1 of 5,0,0,0:30,0,24 of 46,40 of 67,0 of 0,0,0,1:14,0,7 of 18,9 of 21,1 of 5,0,0,1:08,,,,,,,,,,,,,,,,,,,,,,,,,,,,,19 of 42,1 of 2,1 of 2,10 of 34,0 of 0,11 of 12,5 of 16,3 of 3,1 of 1,8 of 19,1 of 1,0 of 0,18 of 39,3 of 4,3 of 3,18 of 40,0 of 0,6 of 6,4 of 14,2 of 2,1 of 2,6 of 17,1 of 1,0 of 0,,,,,,,,,,,,,,,,,,,,,,,,
"June 28, 2025",Jack Hermansson,Gregory Rodrigues,http://ufcstats.com/fight-details/958522de54ccc536,L,KO/TKO,1,4:21,0,30 of 55,30 of 55,0 of 1,0,0,0:00,1,18 of 63,18 of 63,0 of 0,0,0,0:03,24 of 49,2 of 2,4 of 4,30 of 54,0 of 1,0 of 0,11 of 54,6 of 8,1 of 1,18 of 63,0 of 0,0 of 0,,,,,,,,,,,,,,,,,,,,,,,,,,,,,,,,,,,,,,,,,,,,,,,,,,,,,,,,,,,,,,,,,,,,,,,,,,,,,,,,,,,,,,,,,,,,,,,,,,,,,,,,
"June 28, 2025",Hyder Amil,Jose Delgado,http://ufcstats.com/fight-details/2f523b757f7f33a2,L,KO/TKO,1,0:26,0,3 of 5,3 of 5,0 of 1,0,0,0:00,1,9 of 11,9 of 11,0 of 1,0,0,0:02,0 of 2,0 of 0,3 of 3,3 of 5,0 of 0,0 of 0,7 of 9,2 of 2,0 of 0,4 of 5,2 of 3,3 of 3,,,,,,,,,,,,,,,,,,,,,,,,,,,,,,,,,,,,,,,,,,,,,,,,,,,,,,,,,,,,,,,,,,,,,,,,,,,,,,,,,,,,,,,,,,,,,,,,,,,,,,,,
"June 28, 2025",Viviane Araujo,Tracy Cortez,http://ufcstats.com/fight-details/815ff62ca8e217be,L,Decision - Unanimous,3,5:00,0,5 of 13,15 of 24,0 of 0,0,1,1:43,0,15 of 20,23 of 28,1 of 2,1,1,2:52,3 of 11,1 of 1,1 of 1,2 of 10,3 of 3,0 of 0,10 of 14,3 of 4,2 of 2,2 of 5,1 of 2,12 of 13,0,12 of 29,17 of 34,0 of 0,0,0,0:00,0,20 of 43,25 of 49,1 of 2,0,0,1:15,0,5 of 9,7 of 11,0 of 0,0,0,0:00,0,30 of 40,54 of 66,1 of 1,0,0,4:10,,,,,,,,,,,,,,,,,,,,,,,,,,,,,8 of 25,2 of 2,2 of 2,12 of 29,0 of 0,0 of 0,15 of 33,4 of 7,1 of 3,15 of 36,1 of 3,4 of 4,5 of 9,0 of 0,0 of 0,5 of 9,0 of 0,0 of 0,28 of 35,1 of 3,1 of 2,7 of 12,0 of 0,23 of 28,,,,,,,,,,,,,,,,,,,,,,,,
"June 28, 2025",Terrance McKinney,Viacheslav Borshchev,http://ufcstats.com/fight-details/d7be78c400e7e0f9,W,Submission,1,0:55,0,1 of 2,1 of 2,1 of 1,2,0,0:47,0,2 of 2,2 of 2,0 of 0,0,0,0:00,1 of 2,0 of 0,0 of 0,0 of 0,0 of 0,1 of 2,0 of 0,1 of 1,1 of 1,2 of 2,0 of 0,0 of 0,,,,,,,,,,,,,,,,,,,,,,,,,,,,,,,,,,,,,,,,,,,,,,,,,,,,,,,,,,,,,,,,,,,,,,,,,,,,,,,,,,,,,,,,,,,,,,,,,,,,,,,,
"June 28, 2025",Niko Price,Jacobe Smith,http://ufcstats.com/fight-details/9bff9fe298e63357,L,Submission,2,4:03,0,19 of 37,23 of 42,0 of 2,0,0,0:00,0,33 of 53,46 of 66,1 of 1,0,0,3:06,10 of 26,3 of 5,6 of 6,17 of 34,1 of 1,1 of 2,27 of 46,3 of 4,3 of 3,17 of 31,1 of 1,15 of 21,0,15 of 24,23 of 34,0 of 0,0,0,0:00,0,13 of 21,27 of 35,1 of 1,1,0,2:35,,,,,,,,,,,,,,,,,,,,,,,,,,,,,,,,,,,,,,,,,,,9 of 17,1 of 2,5 of 5,10 of 15,2 of 3,3 of 6,12 of 20,1 of 1,0 of 0,5 of 10,1 of 1,7 of 10,,,,,,,,,,,,,,,,,,,,,,,,,,,,,,,,,,,,
"June 28, 2025",Jhonata Diniz,Alvin Hines,http://ufcstats.com/fight-details/043172689e415438,W,Decision - Unanimous,3,5:00,0,32 of 55,32 of 55,0 of 0,0,0,0:00,0,25 of 82,26 of 83,1 of 2,0,0,0:05,26 of 48,1 of 2,5 of 5,31 of 52,1 of 3,0 of 0,18 of 74,6 of 7,1 of 1,24 of 80,1 of 2,0 of 0,0,37 of 60,37 of 60,0 of 0,0,0,0:00,0,17 of 69,17 of 69,0 of 4,0,0,0:00,0,43 of 67,43 of 67,0 of 0,0,0,0:00,0,40 of 108,40 of 108,0 of 4,0,0,0:00,,,,,,,,,,,,,,,,,,,,,,,,,,,,,30 of 52,1 of 2,6 of 6,37 of 60,0 of 0,0 of 0,12 of 62,4 of 6,1 of 1,17 of 69,0 of 0,0 of 0,38 of 60,1 of 3,4 of 4,43 of 67,0 of 0,0 of 0,26 of 88,11 of 16,3 of 4,39 of 107,1 of 1,0 of 0,,,,,,,,,,,,,,,,,,,,,,,,
"June 21, 2025",Jamahal Hill,Khalil Rountree Jr.,http://ufcstats.com/fight-details/03bc32bdb5a33496,L,Decision - Unanimous,5,5:00,0,14 of 30,14 of 30,0 of 0,0,0,0:00,0,17 of 30,17 of 30,0 of 0,0,0,0:00,2 of 17,3 of 3,9 of 10,14 of 29,0 of 1,0 of 0,2 of 13,7 of 8,8 of 9,17 of 30,0 of 0,0 of 0,0,15 of 33,16 of 34,0 of 0,0,0,0:00,0,15 of 35,15 of 35,0 of 0,0,0,0:00,0,6 of 25,6 of 25,0 of 0,0,0,0:00,1,15 of 29,15 of 29,0 of 0,0,0,0:00,0,8 of 28,8 of 28,0 of 0,0,0,0:00,0,18 of 30,18 of 30,0 of 0,0,0,0:00,0,26 of 56,26 of 56,0 of 0,0,0,0:00,0,37 of 57,37 of 57,0 of 0,0,0,0:00,10 of 25,2 of 5,3 of 3,14 of 32,0 of 0,1 of 1,3 of 19,5 of 7,7 of 9,15 of 35,0 of 0,0 of 0,6 of 23,0 of 0,0 of 2,6 of 25,0 of 0,0 of 0,7 of 17,2 of 5,6 of 7,15 of 29,0 of 0,0 of 0,8 of 28,0 of 0,0 of 0,8 of 28,0 of 0,0 of 0,8 of 17,6 of 7,4 of 6,18 of 30,0 of 0,0 of 0,21 of 49,2 of 4,3 of 3,26 of 56,0 of 0,0 of 0,10 of 25,22 of 27,5 of 5,37 of 57,0 of 0,0 of 0
"June 21, 2025",Curtis Blaydes,Rizvan Kuniev,http://ufcstats.com/fight-details/8e5744c664fec3e9,W,Decision - Split,3,5:00,0,12 of 23,21 of 33,2 of 9,0,0,3:01,0,8 of 22,13 of 27,0 of 0,0,0,0:00,7 of 18,0 of 0,5 of 5,7 of 17,5 of 6,0 of 0,5 of 19,2 of 2,1 of 1,8 of 22,0 of 0,0 of 0,0,16 of 39,19 of 42,0 of 4,0,0,0:08,0,24 of 52,26 of 54,0 of 0,0,0,0:04,0,28 of 33,61 of 68,0 of 2,0,0,2:12,0,13 of 34,19 of 44,0 of 0,0,0,0:22,,,,,,,,,,,,,,,,,,,,,,,,,,,,,14 of 36,1 of 2,1 of 1,15 of 38,1 of 1,0 of 0,21 of 48,1 of 2,2 of 2,19 of 45,5 of 7,0 of 0,13 of 17,2 of 2,13 of 14,22 of 27,6 of 6,0 of 0,12 of 33,1 of 1,0 of 0,8 of 26,5 of 8,0 of 0,,,,,,,,,,,,,,,,,,,,,,,,
"June 21, 2025",Nazim Sadykhov,Nikolas Motta,http://ufcstats.com/fight-details/7513a00037094075,W,KO/TKO,2,4:17,0,39 of 63,45 of 70,0 of 1,0,0,1:05,1,36 of 82,44 of 91,0 of 0,0,0,0:06,21 of 43,12 of 13,6 of 7,25 of 46,14 of 17,0 of 0,23 of 68,9 of 9,4 of 5,28 of 72,8 of 10,0 of 0,1,54 of 87,57 of 91,0 of 0,0,0,0:24,0,30 of 75,32 of 77,0 of 0,0,0,0:10,,,,,,,,,,,,,,,,,,,,,,,,,,,,,,,,,,,,,,,,,,,39 of 71,13 of 14,2 of 2,33 of 63,19 of 21,2 of 3,23 of 68,7 of 7,0 of 0,26 of 63,4 of 12,0 of 0,,,,,,,,,,,,,,,,,,,,,,,,,,,,,,,,,,,,
"June 21, 2025",Muhammad Naimov,Bogdan Grad,http://ufcstats.com/fight-details/19764211af05674c,W,Decision - Unanimous,3,5:00,0,10 of 22,24 of 39,0 of 1,0,0,0:23,0,15 of 30,23 of 39,1 of 3,0,0,2:04,6 of 17,1 of 1,3 of 4,9 of 19,1 of 3,0 of 0,3 of 12,6 of 9,6 of 9,5 of 18,10 of 12,0 of 0,0,6 of 21,12 of 29,0 of 1,1,0,0:00,0,10 of 21,15 of 27,1 of 4,0,0,2:01,0,2 of 11,34 of 51,1 of 1,0,0,2:30,0,6 of 13,11 of 22,1 of 3,0,0,1:04,,,,,,,,,,,,,,,,,,,,,,,,,,,,,3 of 17,2 of 2,1 of 2,5 of 20,1 of 1,0 of 0,3 of 11,4 of 6,3 of 4,10 of 19,0 of 2,0 of 0,2 of 11,0 of 0,0 of 0,2 of 11,0 of 0,0 of 0,1 of 7,4 of 4,1 of 2,3 of 9,3 of 4,0 of 0,,,,,,,,,,,,,,,,,,,,,,,,
"June 21, 2025",Seokhyeon Ko,Oban Elliott,http://ufcstats.com/fight-details/e512b80bbaea36c2,W,Decision - Unanimous,3,5:00,0,8 of 20,19 of 36,2 of 5,0,0,1:36,0,4 of 11,5 of 12,0 of 1,0,0,1:41,5 of 16,2 of 3,1 of 1,3 of 12,3 of 5,2 of 3,0 of 5,3 of 4,1 of 2,3 of 10,1 of 1,0 of 0,0,15 of 27,26 of 45,2 of 2,1,0,4:15,0,3 of 10,7 of 14,0 of 1,0,0,0:00,0,10 of 14,35 of 46,2 of 2,0,0,4:24,0,3 of 10,7 of 14,0 of 0,0,0,0:03,,,,,,,,,,,,,,,,,,,,,,,,,,,,,12 of 23,2 of 2,1 of 2,5 of 11,0 of 1,10 of 15,0 of 6,2 of 3,1 of 1,3 of 10,0 of 0,0 of 0,8 of 12,1 of 1,1 of 1,6 of 9,0 of 0,4 of 5,2 of 9,1 of 1,0 of 0,3 of 10,0 of 0,0 of 0,,,,,,,,,,,,,,,,,,,,,,,,
"June 14, 2025",Edmen Shahbazyan,Andre Petroski,http://ufcstats.com/fight-details/e5bd7e6e2a50a843,W,Decision - Unanimous,3,5:00,0,15 of 41,15 of 41,0 of 1,0,0,0:00,0,13 of 27,13 of 27,0 of 3,0,0,0:04,12 of 30,2 of 8,1 of 3,15 of 41,0 of 0,0 of 0,5 of 13,4 of 6,4 of 8,12 of 26,1 of 1,0 of 0,0,18 of 50,18 of 50,0 of 0,0,0,0:00,0,12 of 34,12 of 34,1 of 1,0,0,0:15,1,20 of 45,25 of 51,0 of 0,0,0,0:15,0,9 of 23,9 of 23,1 of 2,0,0,0:04,,,,,,,,,,,,,,,,,,,,,,,,,,,,,10 of 37,7 of 9,1 of 4,18 of 50,0 of 0,0 of 0,7 of 24,5 of 7,0 of 3,12 of 34,0 of 0,0 of 0,15 of 36,2 of 6,3 of 3,17 of 38,0 of 0,3 of 7,3 of 15,4 of 4,2 of 4,9 of 22,0 of 1,0 of 0,,,,,,,,,,,,,,,,,,,,,,,,
"June 14, 2025",Mansur Abdul-Malik,Cody Brundage,http://ufcstats.com/fight-details/08c04f18b0f58d71,D,Overturned,3,0:36,0,4 of 15,4 of 15,0 of 0,0,0,0:00,0,11 of 21,11 of 21,0 of 0,0,0,0:00,2 of 10,0 of 3,2 of 2,4 of 15,0 of 0,0 of 0,5 of 12,1 of 4,5 of 5,11 of 21,0 of 0,0 of 0,0,10 of 28,10 of 28,0 of 0,0,0,0:00,0,10 of 31,10 of 31,0 of 0,0,0,0:00,0,11 of 30,11 of 30,0 of 0,0,0,0:07,0,9 of 15,9 of 15,0 of 0,0,0,0:01,,,,,,,,,,,,,,,,,,,,,,,,,,,,,5 of 18,2 of 7,3 of 3,10 of 28,0 of 0,0 of 0,4 of 22,1 of 4,5 of 5,10 of 31,0 of 0,0 of 0,10 of 27,1 of 3,0 of 0,4 of 17,0 of 0,7 of 13,9 of 15,0 of 0,0 of 0,8 of 14,1 of 1,0 of 0,,,,,,,,,,,,,,,,,,,,,,,,
"June 14, 2025",Alonzo Menifield,Oumar Sy,http://ufcstats.com/fight-details/ec2034b134ae71cd,W,Decision - Unanimous,3,5:00,0,8 of 34,8 of 34,0 of 0,0,0,0:00,0,16 of 41,16 of 41,0 of 0,0,0,0:00,5 of 31,2 of 2,1 of 1,8 of 34,0 of 0,0 of 0,6 of 27,5 of 8,5 of 6,16 of 41,0 of 0,0 of 0,0,2 of 6,7 of 11,0 of 0,0,0,0:00,0,5 of 12,8 of 15,1 of 4,0,0,4:13,0,19 of 46,19 of 46,0 of 0,0,0,0:00,0,13 of 43,13 of 43,0 of 1,0,0,0:00,,,,,,,,,,,,,,,,,,,,,,,,,,,,,1 of 5,0 of 0,1 of 1,2 of 6,0 of 0,0 of 0,2 of 7,2 of 4,1 of 1,5 of 12,0 of 0,0 of 0,11 of 35,4 of 6,4 of 5,19 of 46,0 of 0,0 of 0,8 of 35,2 of 3,3 of 5,13 of 43,0 of 0,0 of 0,,,,,,,,,,,,,,,,,,,,,,,,
"June 14, 2025",Paul Craig,Rodolfo Bellato,http://ufcstats.com/fight-details/13e2ff8b3a122094,NC,Could Not Continue,1,4:59,0,17 of 27,40 of 52,0 of 6,0,0,0:34,0,10 of 20,16 of 27,1 of 1,0,0,0:55,7 of 16,10 of 11,0 of 0,14 of 23,2 of 3,1 of 1,2 of 11,2 of 2,6 of 7,9 of 17,0 of 0,1 of 3,,,,,,,,,,,,,,,,,,,,,,,,,,,,,,,,,,,,,,,,,,,,,,,,,,,,,,,,,,,,,,,,,,,,,,,,,,,,,,,,,,,,,,,,,,,,,,,,,,,,,,,,
"June 14, 2025",Malcolm Wellmaker,Kris Moutinho,http://ufcstats.com/fight-details/f6454f2e508626ec,W,KO/TKO,1,2:37,1,25 of 39,25 of 39,0 of 0,0,0,0:08,0,6 of 27,7 of 28,0 of 1,0,0,0:00,11 of 23,9 of 10,5 of 6,22 of 36,3 of 3,0 of 0,3 of 23,1 of 2,2 of 2,6 of 26,0 of 1,0 of 0,,,,,,,,,,,,,,,,,,,,,,,,,,,,,,,,,,,,,,,,,,,,,,,,,,,,,,,,,,,,,,,,,,,,,,,,,,,,,,,,,,,,,,,,,,,,,,,,,,,,,,,,
"June 14, 2025",Phil Rowe,Ange Loosa,http://ufcstats.com/fight-details/2ae7404681deb3b3,W,KO/TKO,3,4:03,0,2 of 3,8 of 10,0 of 0,0,0,0:00,0,15 of 23,58 of 73,1 of 2,0,0,3:58,1 of 1,0 of 0,1 of 2,2 of 3,0 of 0,0 of 0,9 of 15,1 of 3,5 of 5,8 of 15,0 of 0,7 of 8,0,34 of 85,46 of 99,0 of 0,0,0,0:00,1,43 of 70,65 of 94,0 of 3,0,0,1:15,1,49 of 78,49 of 78,0 of 0,0,0,0:10,0,7 of 13,7 of 13,2 of 2,0,0,1:00,,,,,,,,,,,,,,,,,,,,,,,,,,,,,29 of 77,4 of 6,1 of 2,31 of 81,3 of 4,0 of 0,20 of 47,11 of 11,12 of 12,32 of 56,10 of 12,1 of 2,43 of 71,5 of 6,1 of 1,38 of 62,11 of 15,0 of 1,3 of 7,1 of 2,3 of 4,7 of 13,0 of 0,0 of 0,,,,,,,,,,,,,,,,,,,,,,,,
"June 14, 2025",Jamey-Lyn Horth,Vanessa Demopoulos,http://ufcstats.com/fight-details/ab325ea526824723,W,Decision - Unanimous,3,5:00,0,35 of 57,36 of 58,1 of 1,0,0,0:44,0,5 of 39,7 of 41,0 of 0,0,0,0:12,22 of 43,8 of 9,5 of 5,33 of 55,2 of 2,0 of 0,0 of 30,5 of 8,0 of 1,4 of 35,1 of 4,0 of 0,0,33 of 60,35 of 62,0 of 0,0,0,0:15,0,20 of 52,23 of 55,0 of 1,0,0,0:39,0,33 of 50,44 of 63,1 of 2,0,0,1:35,0,11 of 28,14 of 35,0 of 4,0,0,0:16,,,,,,,,,,,,,,,,,,,,,,,,,,,,,22 of 45,7 of 11,4 of 4,30 of 55,3 of 5,0 of 0,7 of 33,9 of 14,4 of 5,15 of 45,5 of 7,0 of 0,20 of 35,9 of 11,4 of 4,27 of 43,3 of 4,3 of 3,8 of 24,3 of 4,0 of 0,11 of 27,0 of 1,0 of 0,,,,,,,,,,,,,,,,,,,,,,,,
"June 07, 2025",Merab Dvalishvili,Sean O'Malley,http://ufcstats.com/fight-details/e61d83e4e1f9c4d7,W,Submission,3,4:42,0,17 of 37,48 of 72,2 of 4,0,0,1:54,0,12 of 23,16 of 27,0 of 0,0,0,0:00,10 of 30,7 of 7,0 of 0,9 of 27,3 of 3,5 of 7,5 of 15,6 of 7,1 of 1,11 of 22,1 of 1,0 of 0,0,23 of 63,24 of 64,0 of 4,0,0,0:17,0,19 of 33,19 of 33,0 of 0,0,0,0:00,0,12 of 15,69 of 79,3 of 4,1,0,4:18,0,0 of 1,3 of 5,0 of 0,0,0,0:00,,,,,,,,,,,,,,,,,,,,,,,,,,,,,18 of 54,1 of 2,4 of 7,20 of 58,3 of 5,0 of 0,9 of 19,9 of 12,1 of 2,19 of 33,0 of 0,0 of 0,5 of 8,5 of 5,2 of 2,0 of 1,2 of 2,10 of 12,0 of 1,0 of 0,0 of 0,0 of 1,0 of 0,0 of 0,,,,,,,,,,,,,,,,,,,,,,,,
"June 07, 2025",Kelvin Gastelum,Joe Pyfer,http://ufcstats.com/fight-details/e28e829800466aca,L,Decision - Unanimous,3,5:00,0,8 of 20,8 of 20,0 of 0,0,0,0:00,2,21 of 39,22 of 40,0 of 0,0,0,0:16,3 of 14,2 of 3,3 of 3,8 of 20,0 of 0,0 of 0,16 of 33,5 of 6,0 of 0,17 of 31,1 of 1,3 of 7,0,11 of 50,11 of 50,0 of 0,0,0,0:00,0,17 of 40,17 of 40,0 of 0,0,0,0:00,0,14 of 29,15 of 30,0 of 1,0,0,0:27,0,19 of 35,19 of 35,1 of 2,0,0,0:15,,,,,,,,,,,,,,,,,,,,,,,,,,,,,2 of 34,6 of 10,3 of 6,11 of 50,0 of 0,0 of 0,12 of 35,4 of 4,1 of 1,17 of 40,0 of 0,0 of 0,8 of 21,3 of 4,3 of 4,13 of 28,1 of 1,0 of 0,16 of 31,3 of 4,0 of 0,17 of 33,2 of 2,0 of 0,,,,,,,,,,,,,,,,,,,,,,,,
"June 07, 2025",Vicente Luque,Kevin Holland,http://ufcstats.com/fight-details/2129acab2280bd29,L,Submission,2,1:03,0,22 of 40,22 of 40,0 of 1,0,0,0:00,0,35 of 64,39 of 68,0 of 0,0,0,0:00,13 of 28,3 of 5,6 of 7,22 of 40,0 of 0,0 of 0,23 of 51,5 of 6,7 of 7,21 of 46,14 of 18,0 of 0,0,2 of 6,2 of 6,0 of 0,0,0,0:00,0,5 of 10,5 of 10,1 of 1,1,0,0:13,,,,,,,,,,,,,,,,,,,,,,,,,,,,,,,,,,,,,,,,,,,1 of 4,0 of 1,1 of 1,2 of 6,0 of 0,0 of 0,2 of 7,0 of 0,3 of 3,5 of 10,0 of 0,0 of 0,,,,,,,,,,,,,,,,,,,,,,,,,,,,,,,,,,,,
"June 07, 2025",Azamat Murzakanov,Brendson Ribeiro,http://ufcstats.com/fight-details/01100a90b584215d,W,KO/TKO,1,3:25,1,27 of 36,29 of 38,0 of 0,0,0,0:27,0,8 of 22,8 of 22,0 of 0,0,0,0:00,23 of 32,4 of 4,0 of 0,7 of 10,0 of 0,20 of 26,3 of 16,2 of 2,3 of 4,8 of 22,0 of 0,0 of 0,,,,,,,,,,,,,,,,,,,,,,,,,,,,,,,,,,,,,,,,,,,,,,,,,,,,,,,,,,,,,,,,,,,,,,,,,,,,,,,,,,,,,,,,,,,,,,,,,,,,,,,,
"June 07, 2025",Serghei Spivac,Waldo Cortes Acosta,http://ufcstats.com/fight-details/ac977a0389682124,L,Decision - Unanimous,3,5:00,0,14 of 36,17 of 39,1 of 3,0,0,1:36,0,27 of 59,28 of 60,0 of 0,0,0,0:00,11 of 33,1 of 1,2 of 2,14 of 36,0 of 0,0 of 0,12 of 41,8 of 11,7 of 7,26 of 58,1 of 1,0 of 0,0,18 of 42,18 of 42,0 of 1,0,0,0:15,0,36 of 77,36 of 77,0 of 0,0,0,0:00,0,16 of 41,18 of 43,1 of 2,0,0,0:34,0,47 of 99,47 of 99,0 of 0,0,0,0:00,,,,,,,,,,,,,,,,,,,,,,,,,,,,,12 of 35,3 of 4,3 of 3,17 of 40,1 of 2,0 of 0,21 of 62,7 of 7,8 of 8,33 of 72,3 of 5,0 of 0,16 of 41,0 of 0,0 of 0,14 of 39,2 of 2,0 of 0,43 of 93,1 of 2,3 of 4,46 of 95,1 of 4,0 of 0,,,,,,,,,,,,,,,,,,,,,,,,
"June 07, 2025",Khaos Williams,Andreas Gustafsson,http://ufcstats.com/fight-details/f0488a4486a64af0,L,Decision - Unanimous,3,5:00,0,21 of 40,49 of 69,0 of 0,0,0,2:02,0,30 of 44,36 of 50,0 of 2,0,0,1:49,16 of 34,5 of 6,0 of 0,12 of 28,9 of 12,0 of 0,15 of 27,14 of 16,1 of 1,11 of 22,19 of 22,0 of 0,0,13 of 28,32 of 50,0 of 0,0,0,0:00,0,35 of 46,44 of 56,3 of 5,0,0,3:43,0,5 of 6,14 of 15,0 of 0,0,0,0:15,0,33 of 38,71 of 79,5 of 7,0,0,4:02,,,,,,,,,,,,,,,,,,,,,,,,,,,,,10 of 25,3 of 3,0 of 0,10 of 24,3 of 4,0 of 0,25 of 36,5 of 5,5 of 5,13 of 23,20 of 21,2 of 2,3 of 4,2 of 2,0 of 0,4 of 5,1 of 1,0 of 0,27 of 32,2 of 2,4 of 4,3 of 5,13 of 14,17 of 19,,,,,,,,,,,,,,,,,,,,,,,,
"June 07, 2025",Quillan Salkilld,Yanal Ashmouz,http://ufcstats.com/fight-details/2e4064e0e6d4d92e,W,Decision - Unanimous,3,5:00,0,19 of 27,24 of 32,4 of 9,0,0,2:45,0,14 of 25,26 of 41,0 of 4,0,1,1:19,11 of 19,5 of 5,3 of 3,12 of 18,7 of 9,0 of 0,11 of 21,3 of 4,0 of 0,8 of 18,4 of 4,2 of 3,0,20 of 37,23 of 41,3 of 6,0,0,3:30,0,8 of 12,15 of 19,0 of 2,0,0,0:35,0,40 of 60,42 of 62,1 of 8,0,0,1:20,0,19 of 41,24 of 46,0 of 0,0,0,0:14,,,,,,,,,,,,,,,,,,,,,,,,,,,,,16 of 32,2 of 3,2 of 2,6 of 13,2 of 6,12 of 18,5 of 8,2 of 3,1 of 1,3 of 6,5 of 6,0 of 0,27 of 47,11 of 11,2 of 2,33 of 51,6 of 7,1 of 2,15 of 35,2 of 4,2 of 2,11 of 30,5 of 7,3 of 4,,,,,,,,,,,,,,,,,,,,,,,,
"June 07, 2025",MarQuel Mederos,Mark Choinski,http://ufcstats.com/fight-details/0e8599eca8ccfa32,W,Decision - Unanimous,3,5:00,0,31 of 46,31 of 46,0 of 0,0,0,0:02,0,14 of 36,15 of 37,0 of 3,0,0,1:23,15 of 27,6 of 6,10 of 13,31 of 46,0 of 0,0 of 0,12 of 33,1 of 2,1 of 1,14 of 35,0 of 1,0 of 0,0,52 of 82,54 of 84,0 of 0,0,0,0:16,0,26 of 44,26 of 44,1 of 2,0,0,0:41,1,27 of 37,30 of 40,0 of 0,0,0,0:20,0,18 of 34,23 of 39,1 of 6,0,0,2:35,,,,,,,,,,,,,,,,,,,,,,,,,,,,,35 of 60,7 of 9,10 of 13,44 of 71,5 of 5,3 of 6,22 of 39,2 of 3,2 of 2,26 of 43,0 of 1,0 of 0,13 of 21,3 of 3,11 of 13,19 of 29,5 of 5,3 of 3,14 of 30,4 of 4,0 of 0,14 of 28,2 of 4,2 of 2,,,,,,,,,,,,,,,,,,,,,,,,
"May 31, 2025",Dustin Jacoby,Bruno Lopes,http://ufcstats.com/fight-details/7aaa810540132a4b,W,KO/TKO,1,1:50,1,17 of 29,17 of 30,0 of 0,0,0,0:30,0,3 of 9,5 of 12,0 of 0,0,0,0:00,16 of 28,0 of 0,1 of 1,11 of 21,6 of 8,0 of 0,1 of 4,1 of 2,1 of 3,2 of 7,1 of 2,0 of 0,,,,,,,,,,,,,,,,,,,,,,,,,,,,,,,,,,,,,,,,,,,,,,,,,,,,,,,,,,,,,,,,,,,,,,,,,,,,,,,,,,,,,,,,,,,,,,,,,,,,,,,,
"May 31, 2025",Zach Reese,Dusko Todorovic,http://ufcstats.com/fight-details/ad68450307a21ab1,W,Decision - Unanimous,3,5:00,0,6 of 11,19 of 27,2 of 2,0,0,1:06,0,10 of 15,31 of 38,3 of 4,1,1,3:01,3 of 7,3 of 4,0 of 0,2 of 6,4 of 5,0 of 0,8 of 12,1 of 2,1 of 1,2 of 6,1 of 1,7 of 8,0,17 of 30,25 of 38,0 of 0,0,0,0:00,0,8 of 16,18 of 29,1 of 4,0,0,2:10,0,27 of 67,29 of 70,0 of 1,0,0,0:13,0,17 of 34,24 of 42,0 of 5,0,0,0:19,,,,,,,,,,,,,,,,,,,,,,,,,,,,,7 of 19,7 of 7,3 of 4,15 of 27,2 of 3,0 of 0,2 of 10,4 of 4,2 of 2,4 of 11,4 of 4,0 of 1,11 of 46,10 of 12,6 of 9,26 of 65,1 of 2,0 of 0,12 of 28,3 of 4,2 of 2,16 of 33,1 of 1,0 of 0,,,,,,,,,,,,,,,,,,,,,,,,
"May 31, 2025",Jafel Filho,Allan Nascimento,http://ufcstats.com/fight-details/baa2ee0bf7f97079,L,Decision - Unanimous,3,5:00,0,11 of 20,22 of 37,2 of 4,1,0,4:07,0,4 of 9,7 of 12,0 of 3,0,0,0:04,6 of 12,5 of 7,0 of 1,4 of 11,5 of 7,2 of 2,0 of 3,1 of 1,3 of 5,4 of 9,0 of 0,0 of 0,0,1 of 4,13 of 17,2 of 3,0,0,1:11,0,6 of 9,16 of 24,0 of 0,0,1,3:35,0,2 of 6,5 of 9,0 of 0,0,0,1:02,0,2 of 6,7 of 22,1 of 3,1,1,3:24,,,,,,,,,,,,,,,,,,,,,,,,,,,,,0 of 3,1 of 1,0 of 0,0 of 3,1 of 1,0 of 0,2 of 5,2 of 2,2 of 2,3 of 4,1 of 1,2 of 4,1 of 5,1 of 1,0 of 0,2 of 6,0 of 0,0 of 0,1 of 4,1 of 1,0 of 1,2 of 6,0 of 0,0 of 0,,,,,,,,,,,,,,,,,,,,,,,,
"May 31, 2025",Kurt Holobaugh,Jordan Leavitt,http://ufcstats.com/fight-details/2521fed000747f47,L,Submission,1,1:39,0,0 of 1,7 of 9,0 of 0,0,0,0:00,0,1 of 1,2 of 3,3 of 4,1,0,1:27,0 of 1,0 of 0,0 of 0,0 of 1,0 of 0,0 of 0,1 of 1,0 of 0,0 of 0,1 of 1,0 of 0,0 of 0,,,,,,,,,,,,,,,,,,,,,,,,,,,,,,,,,,,,,,,,,,,,,,,,,,,,,,,,,,,,,,,,,,,,,,,,,,,,,,,,,,,,,,,,,,,,,,,,,,,,,,,,
"May 31, 2025",Bolaji Oki,Michael Aswell Jr.,http://ufcstats.com/fight-details/ae89ba793121fe0c,W,Decision - Unanimous,3,5:00,0,36 of 92,36 of 92,0 of 0,0,0,0:00,0,24 of 84,24 of 84,0 of 0,0,0,0:00,23 of 75,9 of 11,4 of 6,36 of 92,0 of 0,0 of 0,16 of 72,3 of 4,5 of 8,24 of 84,0 of 0,0 of 0,0,54 of 108,54 of 108,0 of 0,0,0,0:00,0,42 of 100,42 of 100,0 of 0,0,0,0:00,0,46 of 103,46 of 103,0 of 0,0,0,0:00,0,52 of 125,52 of 125,0 of 0,0,0,0:00,,,,,,,,,,,,,,,,,,,,,,,,,,,,,31 of 77,19 of 25,4 of 6,53 of 106,1 of 2,0 of 0,35 of 87,6 of 12,1 of 1,42 of 98,0 of 2,0 of 0,38 of 91,8 of 12,0 of 0,46 of 102,0 of 1,0 of 0,41 of 111,10 of 13,1 of 1,51 of 123,1 of 2,0 of 0,,,,,,,,,,,,,,,,,,,,,,,,
"May 31, 2025",Rayanne dos Santos,Alice Ardelean,http://ufcstats.com/fight-details/73240bea13ed5e71,L,Decision - Unanimous,3,5:00,0,23 of 45,24 of 46,0 of 1,0,0,0:29,0,26 of 86,28 of 89,0 of 0,0,0,0:16,17 of 39,2 of 2,4 of 4,21 of 42,2 of 3,0 of 0,18 of 73,6 of 10,2 of 3,24 of 83,2 of 3,0 of 0,0,21 of 62,21 of 63,0 of 3,0,0,0:00,0,45 of 107,45 of 108,1 of 1,0,0,0:03,0,34 of 118,34 of 118,1 of 2,0,0,0:01,0,83 of 159,86 of 162,0 of 0,0,1,0:13,,,,,,,,,,,,,,,,,,,,,,,,,,,,,20 of 60,1 of 2,0 of 0,20 of 60,1 of 2,0 of 0,32 of 90,9 of 12,4 of 5,44 of 105,1 of 2,0 of 0,30 of 111,3 of 6,1 of 1,34 of 115,0 of 3,0 of 0,65 of 137,13 of 17,5 of 5,82 of 156,1 of 2,0 of 1,,,,,,,,,,,,,,,,,,,,,,,,
"May 17, 2025",Gilbert Burns,Michael Morales,http://ufcstats.com/fight-details/a81ad236a2f221f2,L,KO/TKO,1,3:39,0,5 of 18,5 of 18,1 of 2,0,0,0:30,2,33 of 56,35 of 58,0 of 0,0,0,0:10,4 of 13,0 of 3,1 of 2,5 of 18,0 of 0,0 of 0,31 of 52,0 of 0,2 of 4,25 of 44,2 of 3,6 of 9,,,,,,,,,,,,,,,,,,,,,,,,,,,,,,,,,,,,,,,,,,,,,,,,,,,,,,,,,,,,,,,,,,,,,,,,,,,,,,,,,,,,,,,,,,,,,,,,,,,,,,,,
"May 17, 2025",Sodiq Yusuff,Mairon Santos,http://ufcstats.com/fight-details/dcb27eef6441268c,L,Decision - Unanimous,3,5:00,0,19 of 30,19 of 30,0 of 1,0,0,0:42,0,9 of 27,9 of 27,0 of 0,0,0,0:03,4 of 11,7 of 10,8 of 9,18 of 29,1 of 1,0 of 0,4 of 18,2 of 5,3 of 4,8 of 26,1 of 1,0 of 0,0,10 of 26,29 of 48,0 of 1,0,0,0:01,0,16 of 27,26 of 37,0 of 0,0,0,1:35,0,7 of 30,12 of 37,1 of 1,0,0,1:19,0,15 of 29,36 of 50,0 of 0,0,0,0:19,,,,,,,,,,,,,,,,,,,,,,,,,,,,,3 of 15,2 of 6,5 of 5,10 of 25,0 of 1,0 of 0,11 of 21,4 of 5,1 of 1,12 of 23,4 of 4,0 of 0,2 of 18,0 of 3,5 of 9,7 of 30,0 of 0,0 of 0,7 of 17,4 of 8,4 of 4,15 of 28,0 of 1,0 of 0,,,,,,,,,,,,,,,,,,,,,,,,
"May 17, 2025",Dustin Stoltzfus,Nursulton Ruziboev,http://ufcstats.com/fight-details/b3044bf646306e7f,L,Decision - Unanimous,3,5:00,0,5 of 13,10 of 18,0 of 1,1,0,1:14,0,13 of 27,21 of 36,1 of 1,0,1,1:24,2 of 10,1 of 1,2 of 2,5 of 13,0 of 0,0 of 0,8 of 19,2 of 4,3 of 4,11 of 25,1 of 1,1 of 1,0,2 of 3,14 of 18,1 of 2,0,0,2:13,0,11 of 19,21 of 35,0 of 0,0,1,1:55,0,14 of 21,17 of 26,1 of 2,1,0,1:44,0,11 of 22,11 of 23,0 of 1,0,0,0:02,,,,,,,,,,,,,,,,,,,,,,,,,,,,,1 of 2,1 of 1,0 of 0,1 of 2,0 of 0,1 of 1,9 of 17,2 of 2,0 of 0,2 of 5,0 of 0,9 of 14,2 of 7,2 of 4,10 of 10,13 of 19,1 of 2,0 of 0,7 of 17,4 of 5,0 of 0,11 of 22,0 of 0,0 of 0,,,,,,,,,,,,,,,,,,,,,,,,
"May 17, 2025",Julian Erosa,Melquizael Costa,http://ufcstats.com/fight-details/fe2acfdaaaec3dba,L,Decision - Unanimous,3,5:00,0,10 of 26,10 of 27,1 of 3,0,0,0:36,0,32 of 75,32 of 75,0 of 0,0,0,0:01,5 of 19,1 of 3,4 of 4,9 of 24,0 of 0,1 of 2,14 of 52,7 of 10,11 of 13,32 of 73,0 of 2,0 of 0,0,23 of 54,30 of 62,2 of 4,0,0,1:56,0,33 of 55,47 of 70,1 of 2,1,0,0:08,0,36 of 93,45 of 113,0 of 3,0,0,1:02,0,37 of 74,49 of 91,1 of 1,0,0,0:14,,,,,,,,,,,,,,,,,,,,,,,,,,,,,11 of 40,8 of 10,4 of 4,15 of 43,8 of 11,0 of 0,25 of 46,3 of 4,5 of 5,31 of 53,2 of 2,0 of 0,26 of 81,9 of 11,1 of 1,31 of 83,5 of 10,0 of 0,28 of 62,6 of 8,3 of 4,36 of 70,1 of 3,0 of 1,,,,,,,,,,,,,,,,,,,,,,,,
"May 17, 2025",Yadier del Valle,Connor Matthews,http://ufcstats.com/fight-details/d6e2bc6e6c0cc4fe,W,Submission,1,2:54,0,9 of 12,28 of 34,1 of 1,1,0,1:21,0,3 of 10,3 of 10,0 of 0,0,0,0:00,4 of 6,1 of 1,4 of 5,6 of 8,0 of 0,3 of 4,0 of 5,0 of 1,3 of 4,3 of 10,0 of 0,0 of 0,,,,,,,,,,,,,,,,,,,,,,,,,,,,,,,,,,,,,,,,,,,,,,,,,,,,,,,,,,,,,,,,,,,,,,,,,,,,,,,,,,,,,,,,,,,,,,,,,,,,,,,,
"May 17, 2025",Elise Reed,Denise Gomes,http://ufcstats.com/fight-details/66887532be2de5ee,L,KO/TKO,2,0:30,0,9 of 17,33 of 43,0 of 0,0,0,0:00,0,15 of 22,55 of 63,3 of 3,0,0,4:05,5 of 13,2 of 2,2 of 2,8 of 16,1 of 1,0 of 0,8 of 13,5 of 7,2 of 2,7 of 14,8 of 8,0 of 0,0,2 of 4,2 of 4,0 of 0,0,0,0:00,1,13 of 20,14 of 23,0 of 0,0,0,0:09,,,,,,,,,,,,,,,,,,,,,,,,,,,,,,,,,,,,,,,,,,,0 of 2,2 of 2,0 of 0,2 of 4,0 of 0,0 of 0,10 of 16,0 of 1,3 of 3,4 of 6,1 of 2,8 of 12,,,,,,,,,,,,,,,,,,,,,,,,,,,,,,,,,,,,
"May 17, 2025",HyunSung Park,Carlos Hernandez,http://ufcstats.com/fight-details/18a7dc86279066f8,W,Submission,1,2:26,0,14 of 22,17 of 27,1 of 1,1,0,0:33,0,4 of 17,4 of 17,0 of 0,0,0,0:00,5 of 13,6 of 6,3 of 3,11 of 19,3 of 3,0 of 0,2 of 15,0 of 0,2 of 2,4 of 17,0 of 0,0 of 0,,,,,,,,,,,,,,,,,,,,,,,,,,,,,,,,,,,,,,,,,,,,,,,,,,,,,,,,,,,,,,,,,,,,,,,,,,,,,,,,,,,,,,,,,,,,,,,,,,,,,,,,
"May 17, 2025",Tecia Pennington,Luana Pinheiro,http://ufcstats.com/fight-details/afdd95ae7b7cdb0c,W,Decision - Unanimous,3,5:00,0,26 of 61,30 of 67,0 of 0,0,0,0:00,0,16 of 51,19 of 55,0 of 2,0,0,0:08,18 of 42,2 of 6,6 of 13,21 of 51,5 of 10,0 of 0,11 of 44,3 of 4,2 of 3,11 of 43,5 of 8,0 of 0,0,18 of 38,21 of 45,0 of 1,0,0,0:27,0,20 of 39,20 of 39,0 of 2,0,0,0:00,0,19 of 28,27 of 37,0 of 1,0,0,0:17,0,4 of 20,7 of 24,5 of 6,0,0,1:34,,,,,,,,,,,,,,,,,,,,,,,,,,,,,8 of 25,2 of 5,8 of 8,17 of 35,1 of 3,0 of 0,11 of 26,2 of 5,7 of 8,18 of 35,2 of 4,0 of 0,8 of 15,6 of 6,5 of 7,18 of 23,1 of 5,0 of 0,1 of 15,0 of 0,3 of 5,4 of 17,0 of 3,0 of 0,,,,,,,,,,,,,,,,,,,,,,,,
"May 10, 2025",Belal Muhammad,Jack Della Maddalena,http://ufcstats.com/fight-details/b873c116e39c9920,L,Decision - Unanimous,5,5:00,0,21 of 49,21 of 49,0 of 1,0,0,0:04,0,28 of 61,28 of 61,0 of 0,0,0,0:00,15 of 40,5 of 8,1 of 1,18 of 46,3 of 3,0 of 0,14 of 39,7 of 11,7 of 11,27 of 58,1 of 3,0 of 0,0,21 of 63,21 of 63,0 of 3,0,0,0:07,0,30 of 63,30 of 63,0 of 0,0,0,0:00,0,32 of 79,32 of 79,0 of 0,0,0,0:19,0,34 of 76,35 of 77,0 of 1,0,0,0:04,0,31 of 65,35 of 70,1 of 3,0,0,1:19,0,33 of 59,51 of 77,0 of 0,0,0,0:27,0,27 of 62,46 of 88,2 of 2,0,0,1:32,0,53 of 83,56 of 86,0 of 2,0,0,0:09,19 of 58,1 of 3,1 of 2,19 of 61,2 of 2,0 of 0,16 of 45,10 of 14,4 of 4,29 of 62,1 of 1,0 of 0,29 of 74,3 of 5,0 of 0,29 of 76,3 of 3,0 of 0,20 of 58,10 of 14,4 of 4,34 of 75,0 of 1,0 of 0,30 of 64,1 of 1,0 of 0,25 of 54,5 of 10,1 of 1,27 of 48,4 of 8,2 of 3,32 of 57,1 of 2,0 of 0,26 of 61,1 of 1,0 of 0,25 of 58,1 of 3,1 of 1,36 of 64,16 of 18,1 of 1,45 of 74,8 of 9,0 of 0
"May 10, 2025",Mike Malott,Charles Radtke,http://ufcstats.com/fight-details/2521234a4bf7c615,W,KO/TKO,2,0:26,0,27 of 47,27 of 47,0 of 0,0,0,0:00,0,10 of 29,10 of 29,0 of 0,0,0,0:00,12 of 29,5 of 8,10 of 10,25 of 44,2 of 3,0 of 0,9 of 27,0 of 0,1 of 2,9 of 27,1 of 2,0 of 0,1,9 of 14,9 of 14,0 of 0,0,0,0:05,0,0 of 4,0 of 4,0 of 0,0,0,0:00,,,,,,,,,,,,,,,,,,,,,,,,,,,,,,,,,,,,,,,,,,,9 of 13,0 of 1,0 of 0,3 of 7,0 of 0,6 of 7,0 of 4,0 of 0,0 of 0,0 of 4,0 of 0,0 of 0,,,,,,,,,,,,,,,,,,,,,,,,,,,,,,,,,,,,
"May 10, 2025",Jessica Andrade,Jasmine Jasudavicius,http://ufcstats.com/fight-details/4db2d86ebe8c8abd,L,Submission,1,2:40,0,4 of 8,4 of 8,0 of 0,0,0,0:00,0,11 of 18,27 of 37,1 of 2,1,0,1:12,0 of 3,0 of 0,4 of 5,4 of 8,0 of 0,0 of 0,9 of 16,1 of 1,1 of 1,8 of 15,0 of 0,3 of 3,,,,,,,,,,,,,,,,,,,,,,,,,,,,,,,,,,,,,,,,,,,,,,,,,,,,,,,,,,,,,,,,,,,,,,,,,,,,,,,,,,,,,,,,,,,,,,,,,,,,,,,,
"May 10, 2025",Navajo Stirling,Ivan Erslan,http://ufcstats.com/fight-details/99aa1f28e22bb6dd,W,Decision - Unanimous,3,5:00,0,31 of 76,31 of 76,0 of 0,0,0,0:00,0,12 of 30,12 of 30,0 of 0,0,0,0:00,2 of 31,11 of 20,18 of 25,31 of 76,0 of 0,0 of 0,11 of 29,1 of 1,0 of 0,12 of 30,0 of 0,0 of 0,0,19 of 40,27 of 51,2 of 3,0,0,1:16,0,11 of 34,27 of 50,0 of 2,0,0,1:41,1,60 of 109,66 of 116,1 of 2,0,0,1:45,0,13 of 36,24 of 49,0 of 1,0,0,0:00,,,,,,,,,,,,,,,,,,,,,,,,,,,,,4 of 22,8 of 10,7 of 8,19 of 39,0 of 1,0 of 0,7 of 29,3 of 4,1 of 1,11 of 34,0 of 0,0 of 0,48 of 94,7 of 10,5 of 5,34 of 66,3 of 3,23 of 40,10 of 32,3 of 4,0 of 0,13 of 36,0 of 0,0 of 0,,,,,,,,,,,,,,,,,,,,,,,,
"May 03, 2025",Santiago Ponzinibbio,Daniel Rodriguez,http://ufcstats.com/fight-details/191ee545160a4e09,L,KO/TKO,3,1:12,0,15 of 35,15 of 35,0 of 2,0,0,0:02,0,35 of 81,35 of 81,0 of 0,0,0,0:07,5 of 19,3 of 9,7 of 7,15 of 35,0 of 0,0 of 0,20 of 61,13 of 16,2 of 4,34 of 80,1 of 1,0 of 0,0,27 of 60,28 of 64,1 of 6,0,0,0:42,0,22 of 63,26 of 67,0 of 0,0,0,0:00,0,7 of 16,7 of 16,0 of 0,0,0,0:00,1,9 of 22,9 of 22,0 of 0,0,0,0:01,,,,,,,,,,,,,,,,,,,,,,,,,,,,,21 of 51,3 of 6,3 of 3,27 of 60,0 of 0,0 of 0,13 of 53,6 of 6,3 of 4,22 of 63,0 of 0,0 of 0,5 of 13,0 of 1,2 of 2,7 of 16,0 of 0,0 of 0,6 of 17,1 of 3,2 of 2,8 of 21,0 of 0,1 of 1,,,,,,,,,,,,,,,,,,,,,,,,
"May 03, 2025",Montel Jackson,Daniel Marcos,http://ufcstats.com/fight-details/5ce29056e0cd2df9,W,Decision - Unanimous,3,5:00,0,4 of 12,22 of 31,1 of 4,0,0,2:07,0,4 of 7,7 of 11,1 of 1,0,0,1:26,2 of 8,1 of 2,1 of 2,3 of 11,1 of 1,0 of 0,2 of 4,1 of 2,1 of 1,3 of 6,1 of 1,0 of 0,0,15 of 28,22 of 37,0 of 1,0,0,0:26,0,7 of 12,7 of 12,1 of 4,0,0,1:55,0,11 of 26,23 of 38,1 of 3,1,0,1:04,0,6 of 13,10 of 20,1 of 2,0,0,2:24,,,,,,,,,,,,,,,,,,,,,,,,,,,,,12 of 25,0 of 0,3 of 3,15 of 28,0 of 0,0 of 0,1 of 5,2 of 3,4 of 4,5 of 10,1 of 1,1 of 1,11 of 25,0 of 1,0 of 0,9 of 23,2 of 3,0 of 0,2 of 9,2 of 2,2 of 2,5 of 11,1 of 2,0 of 0,,,,,,,,,,,,,,,,,,,,,,,,
"May 03, 2025",Cameron Smotherman,Serhiy Sidey,http://ufcstats.com/fight-details/6ccd10adc968e1f0,L,Decision - Unanimous,3,5:00,0,22 of 43,25 of 46,0 of 0,0,0,0:00,0,27 of 50,28 of 51,0 of 1,0,0,0:55,16 of 34,6 of 9,0 of 0,22 of 40,0 of 3,0 of 0,12 of 33,7 of 8,8 of 9,23 of 45,4 of 5,0 of 0,0,12 of 29,12 of 29,0 of 0,0,0,0:00,0,11 of 39,21 of 55,4 of 7,0,0,2:19,0,24 of 62,24 of 62,0 of 0,0,0,0:00,0,17 of 43,17 of 43,1 of 4,1,0,0:58,,,,,,,,,,,,,,,,,,,,,,,,,,,,,6 of 22,6 of 7,0 of 0,10 of 27,2 of 2,0 of 0,6 of 28,4 of 9,1 of 2,9 of 35,2 of 4,0 of 0,21 of 58,3 of 4,0 of 0,21 of 57,3 of 5,0 of 0,12 of 37,4 of 5,1 of 1,17 of 42,0 of 1,0 of 0,,,,,,,,,,,,,,,,,,,,,,,,
"May 03, 2025",Thomas Petersen,Don'Tale Mayes,http://ufcstats.com/fight-details/c445401709421fa4,W,Decision - Unanimous,3,5:00,0,1 of 3,12 of 19,3 of 3,1,0,4:34,0,1 of 5,9 of 15,0 of 0,0,0,0:00,1 of 3,0 of 0,0 of 0,0 of 2,0 of 0,1 of 1,1 of 5,0 of 0,0 of 0,1 of 5,0 of 0,0 of 0,0,5 of 19,36 of 69,2 of 2,0,0,4:27,0,1 of 4,3 of 6,0 of 0,0,0,0:00,0,22 of 29,57 of 78,4 of 4,0,0,4:48,0,1 of 2,1 of 2,0 of 0,0,0,0:00,,,,,,,,,,,,,,,,,,,,,,,,,,,,,5 of 19,0 of 0,0 of 0,0 of 2,1 of 1,4 of 16,0 of 2,1 of 2,0 of 0,1 of 4,0 of 0,0 of 0,22 of 29,0 of 0,0 of 0,1 of 1,0 of 0,21 of 28,0 of 1,1 of 1,0 of 0,1 of 2,0 of 0,0 of 0,,,,,,,,,,,,,,,,,,,,,,,,
"April 26, 2025",Ian Machado Garry,Carlos Prates,http://ufcstats.com/fight-details/633f4b5ec767769d,W,Decision - Unanimous,5,5:00,0,15 of 39,15 of 39,0 of 1,0,0,0:12,0,7 of 16,7 of 16,0 of 0,0,0,0:02,8 of 25,3 of 7,4 of 7,11 of 34,0 of 0,4 of 5,2 of 8,2 of 3,3 of 5,7 of 16,0 of 0,0 of 0,0,34 of 68,36 of 70,0 of 2,0,0,0:00,0,12 of 22,12 of 22,0 of 0,0,0,0:24,0,26 of 52,33 of 60,2 of 3,0,0,1:25,0,10 of 20,10 of 20,0 of 0,0,0,0:19,0,23 of 42,26 of 45,2 of 7,0,0,0:58,0,12 of 33,12 of 33,0 of 0,0,0,0:00,0,28 of 41,31 of 45,0 of 6,0,0,0:34,0,22 of 38,23 of 41,0 of 0,0,0,1:01,22 of 51,5 of 8,7 of 9,34 of 68,0 of 0,0 of 0,4 of 14,3 of 3,5 of 5,12 of 22,0 of 0,0 of 0,19 of 42,4 of 7,3 of 3,26 of 50,0 of 2,0 of 0,6 of 16,4 of 4,0 of 0,10 of 20,0 of 0,0 of 0,15 of 34,3 of 3,5 of 5,23 of 41,0 of 1,0 of 0,9 of 26,2 of 6,1 of 1,12 of 32,0 of 1,0 of 0,22 of 33,2 of 3,4 of 5,26 of 38,2 of 3,0 of 0,17 of 33,5 of 5,0 of 0,9 of 24,1 of 1,12 of 13
"April 26, 2025",Giga Chikadze,David Onama,http://ufcstats.com/fight-details/4072abf0b0c179f2,L,Decision - Unanimous,3,5:00,0,21 of 43,26 of 48,0 of 0,0,0,0:00,0,13 of 26,13 of 30,1 of 1,0,0,0:44,9 of 26,4 of 7,8 of 10,21 of 43,0 of 0,0 of 0,9 of 17,0 of 2,4 of 7,13 of 26,0 of 0,0 of 0,0,11 of 20,19 of 29,0 of 0,0,0,0:00,0,18 of 32,28 of 43,1 of 1,0,0,3:07,0,11 of 28,26 of 50,0 of 0,0,0,0:00,0,18 of 29,31 of 54,1 of 1,0,0,2:24,,,,,,,,,,,,,,,,,,,,,,,,,,,,,8 of 17,1 of 1,2 of 2,8 of 17,2 of 2,1 of 1,8 of 19,1 of 2,9 of 11,11 of 24,1 of 1,6 of 7,6 of 23,3 of 3,2 of 2,11 of 28,0 of 0,0 of 0,12 of 19,0 of 2,6 of 8,14 of 25,0 of 0,4 of 4,,,,,,,,,,,,,,,,,,,,,,,,
"April 26, 2025",Ikram Aliskerov,Andre Muniz,http://ufcstats.com/fight-details/62fbdd4f0bcd3c2a,W,KO/TKO,1,4:54,1,44 of 68,55 of 80,0 of 0,0,0,0:32,0,16 of 36,16 of 36,0 of 1,0,0,0:00,26 of 46,10 of 13,8 of 9,25 of 44,1 of 1,18 of 23,6 of 23,6 of 9,4 of 4,16 of 36,0 of 0,0 of 0,,,,,,,,,,,,,,,,,,,,,,,,,,,,,,,,,,,,,,,,,,,,,,,,,,,,,,,,,,,,,,,,,,,,,,,,,,,,,,,,,,,,,,,,,,,,,,,,,,,,,,,,
"April 26, 2025",Matt Schnell,Jimmy Flick,http://ufcstats.com/fight-details/d8d22dcc1f6912e7,W,Decision - Unanimous,3,5:00,0,6 of 15,20 of 30,0 of 0,0,0,0:00,0,8 of 11,33 of 37,2 of 3,0,0,3:41,5 of 14,1 of 1,0 of 0,6 of 15,0 of 0,0 of 0,4 of 5,0 of 1,4 of 5,7 of 10,0 of 0,1 of 1,0,18 of 25,46 of 55,0 of 0,1,0,1:28,0,3 of 4,11 of 13,1 of 1,1,0,3:14,0,11 of 21,22 of 32,0 of 0,2,1,2:25,0,1 of 5,4 of 10,2 of 3,0,1,1:33,,,,,,,,,,,,,,,,,,,,,,,,,,,,,18 of 25,0 of 0,0 of 0,2 of 5,1 of 1,15 of 19,3 of 4,0 of 0,0 of 0,0 of 1,2 of 2,1 of 1,10 of 19,0 of 0,1 of 2,4 of 14,3 of 3,4 of 4,1 of 4,0 of 1,0 of 0,1 of 5,0 of 0,0 of 0,,,,,,,,,,,,,,,,,,,,,,,,
"April 26, 2025",Evan Elder,Gauge Young,http://ufcstats.com/fight-details/97770b38df67b276,W,Decision - Unanimous,3,5:00,0,35 of 57,35 of 57,0 of 2,0,0,0:16,0,21 of 37,21 of 37,0 of 1,0,0,0:02,13 of 31,14 of 18,8 of 8,35 of 57,0 of 0,0 of 0,6 of 15,9 of 15,6 of 7,21 of 37,0 of 0,0 of 0,0,40 of 76,40 of 76,0 of 1,0,0,0:00,0,24 of 69,24 of 69,0 of 0,0,0,0:00,0,40 of 77,40 of 77,0 of 0,0,0,0:00,0,36 of 77,36 of 77,0 of 0,0,0,0:00,,,,,,,,,,,,,,,,,,,,,,,,,,,,,14 of 45,19 of 22,7 of 9,40 of 76,0 of 0,0 of 0,12 of 45,8 of 20,4 of 4,24 of 69,0 of 0,0 of 0,20 of 51,12 of 17,8 of 9,40 of 77,0 of 0,0 of 0,15 of 47,16 of 21,5 of 9,36 of 77,0 of 0,0 of 0,,,,,,,,,,,,,,,,,,,,,,,,
"April 26, 2025",Chris Gutierrez,John Castaneda,http://ufcstats.com/fight-details/6f3cb7ce84185dd3,W,Decision - Split,3,5:00,1,9 of 16,19 of 29,0 of 0,0,0,0:37,0,6 of 17,17 of 29,0 of 0,0,0,1:58,4 of 9,1 of 1,4 of 6,7 of 13,0 of 0,2 of 3,1 of 3,1 of 3,4 of 11,6 of 17,0 of 0,0 of 0,0,29 of 50,29 of 50,0 of 1,0,0,0:00,0,23 of 43,23 of 43,0 of 0,0,0,0:00,0,8 of 19,17 of 33,0 of 1,0,0,0:02,0,12 of 17,36 of 46,1 of 1,0,0,2:52,,,,,,,,,,,,,,,,,,,,,,,,,,,,,11 of 25,3 of 7,15 of 18,29 of 50,0 of 0,0 of 0,13 of 26,4 of 6,6 of 11,22 of 41,1 of 2,0 of 0,5 of 16,1 of 1,2 of 2,8 of 18,0 of 1,0 of 0,2 of 5,3 of 4,7 of 8,8 of 13,4 of 4,0 of 0,,,,,,,,,,,,,,,,,,,,,,,,
"April 26, 2025",Malcolm Wellmaker,Cameron Saaiman,http://ufcstats.com/fight-details/c2c20a04a78d9143,W,KO/TKO,1,1:59,1,6 of 12,6 of 12,0 of 0,0,0,0:01,0,9 of 18,9 of 18,0 of 0,0,0,0:00,1 of 6,4 of 4,1 of 2,6 of 11,0 of 0,0 of 1,1 of 9,1 of 2,7 of 7,9 of 18,0 of 0,0 of 0,,,,,,,,,,,,,,,,,,,,,,,,,,,,,,,,,,,,,,,,,,,,,,,,,,,,,,,,,,,,,,,,,,,,,,,,,,,,,,,,,,,,,,,,,,,,,,,,,,,,,,,,
"April 26, 2025",Timmy Cuamba,Roberto Romero,http://ufcstats.com/fight-details/23201d09a78d446d,W,KO/TKO,2,3:55,0,9 of 27,9 of 27,0 of 2,0,0,0:04,0,22 of 34,27 of 40,0 of 2,0,0,1:28,7 of 24,2 of 3,0 of 0,7 of 24,2 of 3,0 of 0,2 of 13,14 of 15,6 of 6,17 of 28,5 of 6,0 of 0,1,24 of 37,26 of 39,1 of 2,0,0,0:08,0,13 of 33,18 of 39,0 of 1,0,0,0:51,,,,,,,,,,,,,,,,,,,,,,,,,,,,,,,,,,,,,,,,,,,18 of 29,4 of 5,2 of 3,22 of 35,1 of 1,1 of 1,3 of 19,5 of 7,5 of 7,12 of 32,1 of 1,0 of 0,,,,,,,,,,,,,,,,,,,,,,,,,,,,,,,,,,,,
"April 12, 2025",Alexander Volkanovski,Diego Lopes,http://ufcstats.com/fight-details/e733f148060bef2a,W,Decision - Unanimous,5,5:00,0,27 of 44,31 of 48,1 of 3,0,0,0:58,0,8 of 22,11 of 26,0 of 0,0,0,0:03,21 of 34,2 of 4,4 of 6,14 of 27,4 of 6,9 of 11,5 of 16,1 of 2,2 of 4,8 of 22,0 of 0,0 of 0,0,24 of 52,27 of 55,0 of 2,0,0,0:20,1,16 of 33,17 of 34,0 of 0,0,0,0:02,0,25 of 45,25 of 45,0 of 1,0,0,0:00,0,9 of 37,9 of 37,0 of 0,0,0,0:00,0,39 of 57,39 of 57,0 of 3,0,0,0:00,0,16 of 43,16 of 43,0 of 0,0,0,0:00,0,43 of 61,43 of 61,0 of 2,0,0,0:00,0,14 of 59,18 of 63,0 of 0,0,0,0:00,18 of 42,0 of 3,6 of 7,24 of 52,0 of 0,0 of 0,15 of 32,1 of 1,0 of 0,15 of 32,0 of 0,1 of 1,21 of 38,1 of 2,3 of 5,25 of 45,0 of 0,0 of 0,7 of 33,1 of 3,1 of 1,9 of 37,0 of 0,0 of 0,36 of 53,2 of 2,1 of 2,39 of 57,0 of 0,0 of 0,13 of 37,2 of 5,1 of 1,14 of 39,2 of 4,0 of 0,40 of 58,3 of 3,0 of 0,40 of 56,3 of 5,0 of 0,9 of 53,2 of 2,3 of 4,13 of 55,1 of 4,0 of 0
"April 12, 2025",Bryce Mitchell,Jean Silva,http://ufcstats.com/fight-details/8c540eb4afe8c43e,L,Submission,2,3:52,0,22 of 34,23 of 35,1 of 3,0,0,0:53,0,9 of 29,10 of 30,0 of 0,2,0,0:06,5 of 11,3 of 9,14 of 14,22 of 33,0 of 1,0 of 0,2 of 20,6 of 7,1 of 2,8 of 28,1 of 1,0 of 0,0,14 of 30,14 of 31,0 of 11,0,0,0:50,1,18 of 34,19 of 35,0 of 0,1,0,0:13,,,,,,,,,,,,,,,,,,,,,,,,,,,,,,,,,,,,,,,,,,,2 of 14,5 of 9,7 of 7,13 of 28,1 of 2,0 of 0,9 of 24,7 of 8,2 of 2,15 of 28,2 of 4,1 of 2,,,,,,,,,,,,,,,,,,,,,,,,,,,,,,,,,,,,
"April 12, 2025",Dan Ige,Sean Woodson,http://ufcstats.com/fight-details/fc43d60cbd6b0e6a,W,KO/TKO,3,1:12,0,9 of 37,9 of 37,0 of 0,0,0,0:01,0,26 of 51,26 of 51,0 of 0,0,0,0:00,4 of 25,1 of 6,4 of 6,9 of 37,0 of 0,0 of 0,15 of 39,6 of 7,5 of 5,26 of 51,0 of 0,0 of 0,0,15 of 41,17 of 43,0 of 2,0,0,0:32,0,18 of 49,24 of 55,0 of 0,0,0,0:10,0,20 of 29,27 of 36,0 of 0,0,0,0:00,0,7 of 15,7 of 15,0 of 1,0,0,0:00,,,,,,,,,,,,,,,,,,,,,,,,,,,,,9 of 30,5 of 9,1 of 2,15 of 41,0 of 0,0 of 0,15 of 45,0 of 1,3 of 3,18 of 49,0 of 0,0 of 0,15 of 23,5 of 5,0 of 1,17 of 26,3 of 3,0 of 0,6 of 14,1 of 1,0 of 0,7 of 15,0 of 0,0 of 0,,,,,,,,,,,,,,,,,,,,,,,,
"April 12, 2025",Jim Miller,Chase Hooper,http://ufcstats.com/fight-details/11eb27a1ac74d225,L,Decision - Unanimous,3,5:00,0,10 of 16,14 of 21,1 of 1,2,0,1:39,0,10 of 21,24 of 41,1 of 3,0,0,1:57,10 of 15,0 of 0,0 of 1,4 of 10,1 of 1,5 of 5,4 of 13,5 of 7,1 of 1,9 of 20,1 of 1,0 of 0,0,1 of 12,2 of 13,0 of 0,0,0,0:00,0,5 of 11,10 of 19,5 of 8,0,0,4:04,0,2 of 7,6 of 11,0 of 0,0,0,0:00,0,6 of 12,25 of 34,2 of 3,1,0,4:07,,,,,,,,,,,,,,,,,,,,,,,,,,,,,0 of 9,0 of 1,1 of 2,1 of 12,0 of 0,0 of 0,4 of 10,1 of 1,0 of 0,4 of 10,0 of 0,1 of 1,1 of 6,1 of 1,0 of 0,2 of 6,0 of 1,0 of 0,5 of 11,1 of 1,0 of 0,5 of 11,0 of 0,1 of 1,,,,,,,,,,,,,,,,,,,,,,,,
"April 12, 2025",Darren Elkins,Julian Erosa,http://ufcstats.com/fight-details/08e7a39eb7482ebf,L,KO/TKO,1,4:15,0,13 of 31,18 of 45,1 of 7,0,0,0:48,0,54 of 73,69 of 92,0 of 0,0,0,0:48,11 of 28,1 of 2,1 of 1,12 of 29,0 of 0,1 of 2,52 of 71,0 of 0,2 of 2,22 of 39,11 of 12,21 of 22,,,,,,,,,,,,,,,,,,,,,,,,,,,,,,,,,,,,,,,,,,,,,,,,,,,,,,,,,,,,,,,,,,,,,,,,,,,,,,,,,,,,,,,,,,,,,,,,,,,,,,,,
"April 12, 2025",Sedriques Dumas,Michal Oleksiejczuk,http://ufcstats.com/fight-details/4bbda6c1f6cf9d4e,L,KO/TKO,1,2:49,0,3 of 26,3 of 26,0 of 0,0,0,0:00,1,34 of 57,34 of 59,0 of 0,0,0,0:18,0 of 18,2 of 5,1 of 3,3 of 26,0 of 0,0 of 0,27 of 49,7 of 8,0 of 0,13 of 27,0 of 0,21 of 30,,,,,,,,,,,,,,,,,,,,,,,,,,,,,,,,,,,,,,,,,,,,,,,,,,,,,,,,,,,,,,,,,,,,,,,,,,,,,,,,,,,,,,,,,,,,,,,,,,,,,,,,
"April 12, 2025",Sumudaerji,Mitch Raposo,http://ufcstats.com/fight-details/fd98843926965cbd,W,Decision - Split,3,5:00,0,11 of 30,17 of 37,0 of 0,0,0,0:00,0,5 of 12,8 of 15,2 of 7,0,0,1:05,5 of 18,1 of 3,5 of 9,11 of 30,0 of 0,0 of 0,5 of 12,0 of 0,0 of 0,4 of 11,1 of 1,0 of 0,0,14 of 39,17 of 44,0 of 0,0,0,0:00,0,2 of 5,2 of 5,1 of 6,0,0,1:16,0,20 of 45,44 of 69,0 of 0,0,0,0:00,0,2 of 9,3 of 10,3 of 6,0,0,1:57,,,,,,,,,,,,,,,,,,,,,,,,,,,,,6 of 27,1 of 2,7 of 10,14 of 38,0 of 1,0 of 0,1 of 4,0 of 0,1 of 1,2 of 5,0 of 0,0 of 0,14 of 39,3 of 3,3 of 3,14 of 36,6 of 9,0 of 0,2 of 9,0 of 0,0 of 0,2 of 9,0 of 0,0 of 0,,,,,,,,,,,,,,,,,,,,,,,,
"April 12, 2025",Tresean Gore,Marco Tulio,http://ufcstats.com/fight-details/b87d6f71d901355b,L,KO/TKO,2,3:16,0,13 of 39,13 of 39,0 of 0,0,0,0:06,1,77 of 110,84 of 117,0 of 0,0,0,0:16,10 of 33,1 of 2,2 of 4,13 of 39,0 of 0,0 of 0,45 of 76,25 of 27,7 of 7,72 of 104,4 of 4,1 of 2,0,4 of 21,4 of 21,0 of 0,0,0,0:00,1,50 of 65,56 of 78,0 of 0,0,0,0:27,,,,,,,,,,,,,,,,,,,,,,,,,,,,,,,,,,,,,,,,,,,0 of 14,2 of 3,2 of 4,4 of 21,0 of 0,0 of 0,29 of 44,15 of 15,6 of 6,46 of 57,0 of 0,4 of 8,,,,,,,,,,,,,,,,,,,,,,,,,,,,,,,,,,,,
"April 12, 2025",Nora Cornolle,Hailey Cowan,http://ufcstats.com/fight-details/0e71e69359db4d1e,W,Submission,2,1:52,0,3 of 5,18 of 23,0 of 0,0,0,0:14,0,2 of 3,17 of 23,1 of 1,0,0,4:24,1 of 3,0 of 0,2 of 2,3 of 5,0 of 0,0 of 0,1 of 2,1 of 1,0 of 0,1 of 2,0 of 0,1 of 1,0,5 of 7,6 of 9,0 of 0,1,0,1:19,0,1 of 4,2 of 5,0 of 1,0,0,0:00,,,,,,,,,,,,,,,,,,,,,,,,,,,,,,,,,,,,,,,,,,,4 of 6,1 of 1,0 of 0,2 of 4,3 of 3,0 of 0,1 of 4,0 of 0,0 of 0,1 of 4,0 of 0,0 of 0,,,,,,,,,,,,,,,,,,,,,,,,,,,,,,,,,,,,
"April 05, 2025",Pat Sabatini,Joanderson Brito,http://ufcstats.com/fight-details/a160e94fdb66de17,W,Decision - Unanimous,3,5:00,0,12 of 14,22 of 28,2 of 2,1,0,4:43,0,1 of 1,10 of 12,0 of 0,0,0,0:00,12 of 13,0 of 1,0 of 0,0 of 1,1 of 1,11 of 12,0 of 0,1 of 1,0 of 0,1 of 1,0 of 0,0 of 0,0,6 of 8,52 of 59,1 of 2,0,0,4:34,0,2 of 4,13 of 24,0 of 0,0,0,0:00,0,6 of 9,61 of 71,1 of 1,0,0,4:30,0,0 of 4,4 of 10,0 of 0,1,0,0:00,,,,,,,,,,,,,,,,,,,,,,,,,,,,,4 of 6,2 of 2,0 of 0,1 of 3,0 of 0,5 of 5,2 of 3,0 of 0,0 of 1,2 of 4,0 of 0,0 of 0,6 of 9,0 of 0,0 of 0,1 of 3,0 of 0,5 of 6,0 of 3,0 of 1,0 of 0,0 of 4,0 of 0,0 of 0,,,,,,,,,,,,,,,,,,,,,,,,
"April 05, 2025",Cortavious Romious,ChangHo Lee,http://ufcstats.com/fight-details/fc3825dd1b67e39d,L,KO/TKO,2,3:48,0,5 of 11,8 of 14,1 of 2,0,1,1:11,0,8 of 20,61 of 99,1 of 2,1,2,3:27,3 of 9,1 of 1,1 of 1,5 of 11,0 of 0,0 of 0,8 of 18,0 of 2,0 of 0,3 of 13,0 of 0,5 of 7,0,6 of 13,6 of 13,1 of 1,0,0,0:57,0,36 of 54,55 of 80,1 of 2,0,1,2:11,,,,,,,,,,,,,,,,,,,,,,,,,,,,,,,,,,,,,,,,,,,4 of 10,0 of 1,2 of 2,6 of 13,0 of 0,0 of 0,34 of 52,2 of 2,0 of 0,4 of 11,0 of 0,32 of 43,,,,,,,,,,,,,,,,,,,,,,,,,,,,,,,,,,,,
"April 05, 2025",Ode Osbourne,Luis Gurule,http://ufcstats.com/fight-details/de9422207df2de64,W,KO/TKO,2,1:54,0,5 of 19,5 of 20,0 of 0,0,0,0:00,0,7 of 19,21 of 33,1 of 3,0,0,2:07,1 of 13,3 of 5,1 of 1,5 of 18,0 of 1,0 of 0,1 of 7,0 of 3,6 of 9,7 of 18,0 of 1,0 of 0,1,13 of 24,17 of 30,0 of 0,0,0,0:07,0,5 of 15,5 of 16,0 of 1,0,0,0:10,,,,,,,,,,,,,,,,,,,,,,,,,,,,,,,,,,,,,,,,,,,10 of 20,3 of 4,0 of 0,9 of 19,0 of 0,4 of 5,2 of 6,0 of 4,3 of 5,4 of 14,1 of 1,0 of 0,,,,,,,,,,,,,,,,,,,,,,,,,,,,,,,,,,,,
"April 05, 2025",Torrez Finney,Robert Valentin,http://ufcstats.com/fight-details/d1368ca941c1fefc,W,Decision - Split,3,5:00,0,0 of 1,7 of 16,5 of 8,0,0,4:34,0,6 of 9,15 of 22,0 of 0,0,0,0:00,0 of 0,0 of 1,0 of 0,0 of 0,0 of 1,0 of 0,6 of 8,0 of 1,0 of 0,0 of 2,4 of 5,2 of 2,0,4 of 4,9 of 14,1 of 3,0,0,4:24,0,3 of 6,13 of 17,0 of 0,0,1,0:16,0,0 of 3,1 of 5,2 of 6,0,0,4:18,0,14 of 24,65 of 87,0 of 0,0,0,0:00,,,,,,,,,,,,,,,,,,,,,,,,,,,,,2 of 2,2 of 2,0 of 0,1 of 1,0 of 0,3 of 3,1 of 3,2 of 3,0 of 0,1 of 4,2 of 2,0 of 0,0 of 3,0 of 0,0 of 0,0 of 3,0 of 0,0 of 0,11 of 21,2 of 2,1 of 1,4 of 13,6 of 7,4 of 4,,,,,,,,,,,,,,,,,,,,,,,,
"April 05, 2025",Diana Belbita,Dione Barbosa,http://ufcstats.com/fight-details/76641669c1607b7a,L,Submission,1,4:13,0,20 of 69,23 of 72,0 of 0,0,0,0:00,0,27 of 50,35 of 58,1 of 1,1,0,0:58,6 of 43,6 of 17,8 of 9,20 of 69,0 of 0,0 of 0,23 of 46,2 of 2,2 of 2,25 of 48,2 of 2,0 of 0,,,,,,,,,,,,,,,,,,,,,,,,,,,,,,,,,,,,,,,,,,,,,,,,,,,,,,,,,,,,,,,,,,,,,,,,,,,,,,,,,,,,,,,,,,,,,,,,,,,,,,,,
"April 05, 2025",Rhys McKee,Daniel Frunza,http://ufcstats.com/fight-details/58811a4e36c53b89,W,TKO - Doctor's Stoppage,1,5:00,3,43 of 111,59 of 133,0 of 0,0,0,1:10,0,43 of 117,50 of 124,0 of 0,0,0,0:00,33 of 99,6 of 8,4 of 4,38 of 101,3 of 8,2 of 2,31 of 98,3 of 9,9 of 10,37 of 107,6 of 10,0 of 0,,,,,,,,,,,,,,,,,,,,,,,,,,,,,,,,,,,,,,,,,,,,,,,,,,,,,,,,,,,,,,,,,,,,,,,,,,,,,,,,,,,,,,,,,,,,,,,,,,,,,,,,
"April 05, 2025",Victor Henry,Pedro Falcao,http://ufcstats.com/fight-details/4b1aec2395ebca14,W,Decision - Unanimous,3,5:00,1,22 of 53,50 of 87,1 of 1,0,0,1:38,0,20 of 43,26 of 52,0 of 3,0,0,0:36,13 of 44,6 of 6,3 of 3,15 of 44,2 of 2,5 of 7,12 of 34,3 of 4,5 of 5,20 of 43,0 of 0,0 of 0,0,23 of 54,38 of 70,0 of 0,0,2,0:56,0,24 of 45,28 of 50,3 of 5,0,0,1:30,0,28 of 44,51 of 70,1 of 2,0,1,1:36,0,13 of 29,15 of 31,1 of 5,0,0,0:52,,,,,,,,,,,,,,,,,,,,,,,,,,,,,9 of 35,11 of 16,3 of 3,19 of 47,4 of 7,0 of 0,14 of 33,4 of 5,6 of 7,22 of 42,2 of 3,0 of 0,22 of 36,4 of 5,2 of 3,23 of 36,3 of 5,2 of 3,8 of 24,4 of 4,1 of 1,13 of 29,0 of 0,0 of 0,,,,,,,,,,,,,,,,,,,,,,,,
"April 05, 2025",Martin Buday,Uran Satybaldiev,http://ufcstats.com/fight-details/96cc199d78732d11,W,Decision - Unanimous,3,5:00,0,17 of 39,41 of 69,0 of 0,0,0,1:10,0,14 of 51,16 of 54,0 of 0,0,0,0:00,7 of 26,0 of 0,10 of 13,17 of 39,0 of 0,0 of 0,6 of 39,2 of 2,6 of 10,13 of 50,1 of 1,0 of 0,0,28 of 44,44 of 64,0 of 1,0,0,1:24,0,12 of 47,13 of 49,0 of 0,0,0,0:00,0,13 of 24,57 of 78,0 of 0,0,0,2:32,0,10 of 43,16 of 51,0 of 2,0,0,0:20,,,,,,,,,,,,,,,,,,,,,,,,,,,,,13 of 26,2 of 3,13 of 15,22 of 35,6 of 9,0 of 0,8 of 43,1 of 1,3 of 3,12 of 47,0 of 0,0 of 0,9 of 20,1 of 1,3 of 3,10 of 19,3 of 5,0 of 0,5 of 38,3 of 3,2 of 2,7 of 40,3 of 3,0 of 0,,,,,,,,,,,,,,,,,,,,,,,,
"April 05, 2025",Vanessa Demopoulos,Talita Alencar,http://ufcstats.com/fight-details/cca4d763b1c6de0a,L,Decision - Unanimous,3,5:00,0,4 of 7,7 of 10,0 of 0,0,0,0:02,0,9 of 17,19 of 31,1 of 1,1,0,4:25,4 of 7,0 of 0,0 of 0,4 of 7,0 of 0,0 of 0,7 of 15,1 of 1,1 of 1,3 of 11,1 of 1,5 of 5,0,6 of 20,19 of 33,0 of 0,0,0,0:00,0,11 of 24,40 of 55,1 of 1,0,0,3:43,0,0 of 7,8 of 20,0 of 0,0,0,0:00,0,25 of 34,48 of 64,2 of 3,0,0,4:30,,,,,,,,,,,,,,,,,,,,,,,,,,,,,5 of 17,1 of 3,0 of 0,5 of 19,0 of 0,1 of 1,7 of 18,3 of 3,1 of 3,8 of 21,0 of 0,3 of 3,0 of 7,0 of 0,0 of 0,0 of 7,0 of 0,0 of 0,25 of 34,0 of 0,0 of 0,2 of 7,0 of 0,23 of 27,,,,,,,,,,,,,,,,,,,,,,,,
"March 29, 2025",Edgar Chairez,CJ Vergara,http://ufcstats.com/fight-details/ab4a91a59c01d6b6,W,Submission,1,2:30,0,8 of 27,8 of 27,0 of 0,1,0,0:16,0,6 of 13,6 of 13,0 of 0,0,0,0:00,8 of 25,0 of 0,0 of 2,7 of 25,1 of 1,0 of 1,1 of 2,0 of 3,5 of 8,6 of 13,0 of 0,0 of 0,,,,,,,,,,,,,,,,,,,,,,,,,,,,,,,,,,,,,,,,,,,,,,,,,,,,,,,,,,,,,,,,,,,,,,,,,,,,,,,,,,,,,,,,,,,,,,,,,,,,,,,,
"March 29, 2025",Raul Rosas Jr.,Vince Morales,http://ufcstats.com/fight-details/0f20c1d7c44fa5fe,W,Decision - Unanimous,3,5:00,0,11 of 18,15 of 22,1 of 3,0,0,3:33,0,0 of 4,8 of 12,1 of 1,0,0,0:36,6 of 12,4 of 4,1 of 2,7 of 14,0 of 0,4 of 4,0 of 4,0 of 0,0 of 0,0 of 4,0 of 0,0 of 0,0,5 of 14,6 of 15,2 of 3,0,0,3:28,0,11 of 17,17 of 23,0 of 0,0,0,0:00,0,4 of 7,5 of 9,1 of 2,0,0,2:37,0,6 of 10,14 of 18,0 of 0,2,0,1:38,,,,,,,,,,,,,,,,,,,,,,,,,,,,,3 of 12,0 of 0,2 of 2,5 of 13,0 of 0,0 of 1,10 of 16,1 of 1,0 of 0,11 of 17,0 of 0,0 of 0,3 of 6,1 of 1,0 of 0,4 of 7,0 of 0,0 of 0,5 of 8,1 of 2,0 of 0,5 of 9,0 of 0,1 of 1,,,,,,,,,,,,,,,,,,,,,,,,
"March 29, 2025",David Martinez,Saimon Oliveira,http://ufcstats.com/fight-details/55376d5c205fa844,W,KO/TKO,1,4:38,1,27 of 41,28 of 42,0 of 1,0,0,0:42,0,7 of 24,7 of 24,0 of 0,0,0,0:00,21 of 34,1 of 2,5 of 5,14 of 25,5 of 5,8 of 11,3 of 17,3 of 4,1 of 3,7 of 23,0 of 1,0 of 0,,,,,,,,,,,,,,,,,,,,,,,,,,,,,,,,,,,,,,,,,,,,,,,,,,,,,,,,,,,,,,,,,,,,,,,,,,,,,,,,,,,,,,,,,,,,,,,,,,,,,,,,
"March 29, 2025",Ronaldo Rodriguez,Kevin Borjas,http://ufcstats.com/fight-details/5ba7dd466e30169f,L,Decision - Unanimous,3,5:00,0,10 of 25,10 of 25,1 of 3,0,0,0:43,1,17 of 31,18 of 32,0 of 0,0,0,0:02,4 of 16,2 of 3,4 of 6,10 of 25,0 of 0,0 of 0,13 of 27,2 of 2,2 of 2,14 of 28,1 of 1,2 of 2,0,17 of 42,17 of 42,0 of 2,0,0,0:14,0,23 of 33,23 of 33,0 of 0,0,0,0:00,0,37 of 84,37 of 84,0 of 0,0,0,0:00,0,43 of 77,43 of 77,0 of 0,0,0,0:00,,,,,,,,,,,,,,,,,,,,,,,,,,,,,7 of 30,3 of 4,7 of 8,16 of 41,1 of 1,0 of 0,20 of 30,2 of 2,1 of 1,22 of 31,1 of 2,0 of 0,20 of 64,6 of 9,11 of 11,37 of 83,0 of 1,0 of 0,39 of 72,2 of 3,2 of 2,42 of 76,1 of 1,0 of 0,,,,,,,,,,,,,,,,,,,,,,,,
"March 29, 2025",Jose Daniel Medina,Ateba Gautier,http://ufcstats.com/fight-details/64fe6e61a24dbf39,L,KO/TKO,1,3:32,0,17 of 33,17 of 33,0 of 0,0,0,0:00,1,28 of 50,28 of 50,0 of 0,0,0,0:00,6 of 21,6 of 7,5 of 5,17 of 33,0 of 0,0 of 0,24 of 43,3 of 6,1 of 1,26 of 48,2 of 2,0 of 0,,,,,,,,,,,,,,,,,,,,,,,,,,,,,,,,,,,,,,,,,,,,,,,,,,,,,,,,,,,,,,,,,,,,,,,,,,,,,,,,,,,,,,,,,,,,,,,,,,,,,,,,
"March 29, 2025",Christian Rodriguez,Melquizael Costa,http://ufcstats.com/fight-details/41cdbcc0f3635b8f,L,Decision - Unanimous,3,5:00,0,11 of 14,12 of 15,1 of 5,1,0,2:07,0,22 of 32,63 of 73,0 of 1,0,1,2:12,3 of 5,8 of 9,0 of 0,2 of 3,9 of 11,0 of 0,5 of 11,15 of 19,2 of 2,4 of 9,8 of 12,10 of 11,0,19 of 27,24 of 33,1 of 4,0,1,1:42,0,26 of 40,71 of 93,1 of 1,1,1,2:24,0,34 of 57,41 of 65,4 of 6,0,0,2:59,0,17 of 33,25 of 42,0 of 0,0,1,0:17,,,,,,,,,,,,,,,,,,,,,,,,,,,,,8 of 16,9 of 9,2 of 2,10 of 18,9 of 9,0 of 0,21 of 32,2 of 4,3 of 4,3 of 11,7 of 8,16 of 21,25 of 48,6 of 6,3 of 3,17 of 32,8 of 11,9 of 14,13 of 29,2 of 2,2 of 2,12 of 27,2 of 3,3 of 3,,,,,,,,,,,,,,,,,,,,,,,,
"March 29, 2025",Loopy Godinez,Julia Polastri,http://ufcstats.com/fight-details/7efca050bc7be8ac,W,Decision - Unanimous,3,5:00,0,11 of 22,26 of 38,2 of 2,0,0,3:26,0,14 of 25,24 of 36,0 of 0,0,0,0:00,8 of 19,1 of 1,2 of 2,11 of 22,0 of 0,0 of 0,4 of 11,5 of 9,5 of 5,13 of 20,0 of 0,1 of 5,0,15 of 27,26 of 41,2 of 3,0,0,3:16,0,15 of 33,25 of 47,0 of 0,0,0,0:00,0,58 of 101,62 of 105,1 of 6,0,0,0:48,0,58 of 93,68 of 103,0 of 0,0,0,0:19,,,,,,,,,,,,,,,,,,,,,,,,,,,,,12 of 23,2 of 3,1 of 1,13 of 25,0 of 0,2 of 2,7 of 21,3 of 7,5 of 5,11 of 26,0 of 0,4 of 7,51 of 93,6 of 7,1 of 1,51 of 94,7 of 7,0 of 0,47 of 80,6 of 7,5 of 6,54 of 89,4 of 4,0 of 0,,,,,,,,,,,,,,,,,,,,,,,,
"March 29, 2025",Jamall Emmers,Gabriel Miranda,http://ufcstats.com/fight-details/e2e2537a345367d4,W,KO/TKO,1,4:06,2,33 of 54,35 of 56,0 of 0,0,1,0:49,0,18 of 35,20 of 37,2 of 4,1,0,1:25,24 of 45,7 of 7,2 of 2,26 of 47,3 of 3,4 of 4,10 of 24,5 of 7,3 of 4,16 of 32,2 of 3,0 of 0,,,,,,,,,,,,,,,,,,,,,,,,,,,,,,,,,,,,,,,,,,,,,,,,,,,,,,,,,,,,,,,,,,,,,,,,,,,,,,,,,,,,,,,,,,,,,,,,,,,,,,,,
"March 29, 2025",MarQuel Mederos,Austin Hubbard,http://ufcstats.com/fight-details/9f66d450af690df5,W,Decision - Split,3,5:00,0,23 of 35,23 of 35,0 of 0,0,0,0:00,0,17 of 39,19 of 41,0 of 3,0,0,0:50,9 of 19,4 of 4,10 of 12,21 of 33,2 of 2,0 of 0,10 of 28,4 of 7,3 of 4,15 of 37,2 of 2,0 of 0,0,6 of 11,6 of 11,0 of 1,0,0,0:05,0,3 of 9,18 of 35,1 of 2,1,0,4:12,0,15 of 22,28 of 35,0 of 0,0,1,1:28,0,6 of 17,25 of 45,1 of 4,0,0,2:32,,,,,,,,,,,,,,,,,,,,,,,,,,,,,3 of 7,1 of 1,2 of 3,6 of 11,0 of 0,0 of 0,2 of 8,1 of 1,0 of 0,2 of 8,1 of 1,0 of 0,9 of 15,2 of 2,4 of 5,5 of 11,2 of 2,8 of 9,4 of 15,1 of 1,1 of 1,5 of 15,0 of 0,1 of 2,,,,,,,,,,,,,,,,,,,,,,,,
"March 22, 2025",Gunnar Nelson,Kevin Holland,http://ufcstats.com/fight-details/96c6be6b22385967,L,Decision - Unanimous,3,5:00,0,5 of 9,13 of 20,1 of 1,0,0,2:55,1,19 of 37,31 of 51,0 of 1,0,0,0:08,3 of 7,1 of 1,1 of 1,1 of 4,1 of 1,3 of 4,10 of 24,3 of 5,6 of 8,9 of 20,4 of 4,6 of 13,0,3 of 6,7 of 11,1 of 5,0,0,3:22,0,17 of 23,73 of 82,0 of 0,0,0,0:29,0,7 of 9,10 of 13,1 of 4,1,0,3:12,0,19 of 29,34 of 45,0 of 0,0,0,0:27,,,,,,,,,,,,,,,,,,,,,,,,,,,,,1 of 4,2 of 2,0 of 0,1 of 3,2 of 2,0 of 1,9 of 15,6 of 6,2 of 2,3 of 7,6 of 7,8 of 9,6 of 8,1 of 1,0 of 0,0 of 0,4 of 5,3 of 4,11 of 18,6 of 9,2 of 2,3 of 7,12 of 16,4 of 6,,,,,,,,,,,,,,,,,,,,,,,,
"March 22, 2025",Molly McCann,Alexia Thainara,http://ufcstats.com/fight-details/b5b4b69bccb9ff4a,L,Submission,1,4:32,0,9 of 21,14 of 28,0 of 0,0,0,0:00,0,11 of 21,17 of 32,1 of 1,2,0,3:24,6 of 17,2 of 3,1 of 1,4 of 11,0 of 0,5 of 10,7 of 13,1 of 2,3 of 6,6 of 14,0 of 0,5 of 7,,,,,,,,,,,,,,,,,,,,,,,,,,,,,,,,,,,,,,,,,,,,,,,,,,,,,,,,,,,,,,,,,,,,,,,,,,,,,,,,,,,,,,,,,,,,,,,,,,,,,,,,
"March 22, 2025",Jordan Vucenic,Chris Duncan,http://ufcstats.com/fight-details/8e6640c007ad603d,L,Submission,2,3:42,0,1 of 3,4 of 6,0 of 0,0,0,0:00,1,9 of 13,16 of 21,1 of 1,0,0,3:55,1 of 1,0 of 0,0 of 2,1 of 3,0 of 0,0 of 0,5 of 7,4 of 4,0 of 2,3 of 5,0 of 0,6 of 8,0,15 of 23,18 of 26,1 of 2,0,0,0:12,0,6 of 27,8 of 29,3 of 4,1,0,1:42,,,,,,,,,,,,,,,,,,,,,,,,,,,,,,,,,,,,,,,,,,,12 of 20,1 of 1,2 of 2,11 of 19,2 of 2,2 of 2,4 of 24,1 of 1,1 of 2,5 of 25,1 of 2,0 of 0,,,,,,,,,,,,,,,,,,,,,,,,,,,,,,,,,,,,
"March 22, 2025",Lone'er Kavanagh,Felipe dos Santos,http://ufcstats.com/fight-details/e5a88f5c686173c4,W,Decision - Unanimous,3,5:00,0,11 of 23,11 of 23,0 of 0,0,0,0:39,0,15 of 32,23 of 40,0 of 2,0,0,0:43,1 of 12,2 of 3,8 of 8,10 of 19,1 of 4,0 of 0,3 of 12,5 of 12,7 of 8,13 of 30,2 of 2,0 of 0,0,29 of 51,42 of 66,2 of 3,0,0,3:36,0,25 of 36,45 of 58,0 of 1,0,0,0:13,0,18 of 23,18 of 23,2 of 3,0,0,2:18,0,11 of 36,24 of 49,0 of 0,1,0,0:00,,,,,,,,,,,,,,,,,,,,,,,,,,,,,25 of 45,3 of 4,1 of 2,5 of 20,1 of 1,23 of 30,18 of 27,3 of 4,4 of 5,8 of 16,2 of 2,15 of 18,11 of 14,6 of 8,1 of 1,14 of 17,1 of 1,3 of 5,7 of 28,1 of 5,3 of 3,7 of 31,0 of 0,4 of 5,,,,,,,,,,,,,,,,,,,,,,,,
"March 22, 2025",Marcin Tybura,Mick Parkin,http://ufcstats.com/fight-details/dd229687cb62c871,W,Decision - Unanimous,3,5:00,0,21 of 56,21 of 56,1 of 1,0,0,0:19,0,23 of 45,24 of 46,0 of 0,0,0,0:19,4 of 34,15 of 20,2 of 2,21 of 56,0 of 0,0 of 0,13 of 34,1 of 1,9 of 10,22 of 44,1 of 1,0 of 0,0,7 of 20,10 of 23,0 of 0,0,0,0:17,0,15 of 38,41 of 69,1 of 1,0,0,3:24,0,33 of 79,33 of 79,0 of 1,0,0,0:25,0,22 of 62,37 of 77,0 of 0,0,0,0:00,,,,,,,,,,,,,,,,,,,,,,,,,,,,,4 of 15,3 of 5,0 of 0,7 of 19,0 of 1,0 of 0,15 of 38,0 of 0,0 of 0,5 of 12,1 of 1,9 of 25,20 of 61,11 of 15,2 of 3,32 of 76,1 of 3,0 of 0,19 of 58,0 of 1,3 of 3,22 of 62,0 of 0,0 of 0,,,,,,,,,,,,,,,,,,,,,,,,
"March 22, 2025",Christian Leroy Duncan,Andrey Pulyaev,http://ufcstats.com/fight-details/8af2b589d5e9c1ae,W,Decision - Unanimous,3,5:00,0,16 of 34,44 of 62,0 of 2,0,0,2:50,0,4 of 11,14 of 22,0 of 1,0,0,0:26,6 of 17,5 of 10,5 of 7,8 of 23,8 of 11,0 of 0,1 of 8,2 of 2,1 of 1,3 of 10,1 of 1,0 of 0,0,28 of 57,31 of 60,0 of 0,0,0,0:42,0,12 of 36,14 of 38,0 of 1,0,0,0:09,0,29 of 50,41 of 65,0 of 0,0,0,2:04,0,2 of 8,8 of 18,0 of 2,0,0,1:14,,,,,,,,,,,,,,,,,,,,,,,,,,,,,10 of 33,5 of 9,13 of 15,27 of 56,1 of 1,0 of 0,6 of 28,4 of 5,2 of 3,11 of 34,1 of 2,0 of 0,19 of 37,7 of 9,3 of 4,12 of 26,17 of 24,0 of 0,1 of 7,1 of 1,0 of 0,0 of 4,2 of 4,0 of 0,,,,,,,,,,,,,,,,,,,,,,,,
"March 15, 2025",Chidi Njokuani,Elizeu Zaleski dos Santos,http://ufcstats.com/fight-details/c83133ee114945ed,W,KO/TKO,2,2:19,0,23 of 45,23 of 46,0 of 0,0,0,0:02,0,9 of 25,11 of 30,1 of 4,0,0,1:14,3 of 12,13 of 23,7 of 10,22 of 44,1 of 1,0 of 0,3 of 13,0 of 2,6 of 10,5 of 20,4 of 5,0 of 0,1,23 of 42,23 of 42,0 of 0,0,0,0:08,0,8 of 24,8 of 24,0 of 1,0,0,0:00,,,,,,,,,,,,,,,,,,,,,,,,,,,,,,,,,,,,,,,,,,,14 of 26,3 of 9,6 of 7,14 of 27,1 of 2,8 of 13,2 of 15,2 of 3,4 of 6,8 of 24,0 of 0,0 of 0,,,,,,,,,,,,,,,,,,,,,,,,,,,,,,,,,,,,
"March 15, 2025",Alexander Hernandez,Kurt Holobaugh,http://ufcstats.com/fight-details/d8f40b82364b6411,W,Decision - Unanimous,3,5:00,0,22 of 68,24 of 70,1 of 1,0,0,0:09,0,26 of 75,26 of 75,0 of 0,1,0,0:14,12 of 51,3 of 8,7 of 9,22 of 68,0 of 0,0 of 0,11 of 49,8 of 16,7 of 10,26 of 75,0 of 0,0 of 0,0,30 of 62,37 of 75,1 of 1,0,0,2:01,0,38 of 78,48 of 91,0 of 0,0,0,0:18,0,7 of 19,26 of 41,2 of 3,0,0,4:29,0,7 of 18,32 of 49,0 of 0,0,0,0:00,,,,,,,,,,,,,,,,,,,,,,,,,,,,,17 of 47,7 of 7,6 of 8,21 of 51,2 of 3,7 of 8,23 of 58,11 of 16,4 of 4,31 of 68,7 of 10,0 of 0,7 of 19,0 of 0,0 of 0,2 of 10,0 of 0,5 of 9,5 of 15,2 of 3,0 of 0,6 of 17,1 of 1,0 of 0,,,,,,,,,,,,,,,,,,,,,,,,
"March 15, 2025",Diyar Nurgozhay,Brendson Ribeiro,http://ufcstats.com/fight-details/e56403718205b494,L,Submission,2,1:28,0,15 of 35,16 of 36,0 of 0,0,0,0:00,1,23 of 50,24 of 52,0 of 1,0,0,0:11,4 of 19,7 of 12,4 of 4,14 of 32,1 of 3,0 of 0,12 of 32,5 of 9,6 of 9,23 of 50,0 of 0,0 of 0,0,2 of 4,4 of 6,2 of 2,0,0,0:49,0,5 of 8,5 of 8,0 of 0,1,1,0:03,,,,,,,,,,,,,,,,,,,,,,,,,,,,,,,,,,,,,,,,,,,1 of 2,0 of 1,1 of 1,2 of 4,0 of 0,0 of 0,1 of 3,0 of 1,4 of 4,5 of 8,0 of 0,0 of 0,,,,,,,,,,,,,,,,,,,,,,,,,,,,,,,,,,,,
"March 15, 2025",SeungWoo Choi,Kevin Vallejos,http://ufcstats.com/fight-details/36db86c39ed09997,L,KO/TKO,1,3:09,0,16 of 44,16 of 44,0 of 0,0,0,0:00,1,14 of 27,26 of 39,0 of 0,0,0,0:05,4 of 20,1 of 8,11 of 16,16 of 44,0 of 0,0 of 0,4 of 12,3 of 6,7 of 9,13 of 26,0 of 0,1 of 1,,,,,,,,,,,,,,,,,,,,,,,,,,,,,,,,,,,,,,,,,,,,,,,,,,,,,,,,,,,,,,,,,,,,,,,,,,,,,,,,,,,,,,,,,,,,,,,,,,,,,,,,
"March 15, 2025",Waldo Cortes Acosta,Ryan Spann,http://ufcstats.com/fight-details/74bc22b367cca118,W,KO/TKO,2,4:48,0,27 of 49,31 of 53,0 of 1,0,0,0:49,0,12 of 33,13 of 34,0 of 1,0,0,0:05,21 of 40,1 of 3,5 of 6,25 of 45,1 of 2,1 of 2,5 of 23,2 of 5,5 of 5,11 of 32,1 of 1,0 of 0,1,39 of 62,46 of 70,0 of 0,0,0,0:08,0,11 of 53,11 of 53,0 of 1,0,0,0:00,,,,,,,,,,,,,,,,,,,,,,,,,,,,,,,,,,,,,,,,,,,35 of 57,3 of 3,1 of 2,34 of 55,0 of 0,5 of 7,6 of 47,3 of 4,2 of 2,11 of 53,0 of 0,0 of 0,,,,,,,,,,,,,,,,,,,,,,,,,,,,,,,,,,,,
"March 15, 2025",SuYoung You,AJ Cunningham,http://ufcstats.com/fight-details/29d9c5a3f2b78903,W,Decision - Unanimous,3,5:00,0,7 of 10,20 of 24,2 of 3,0,0,2:26,0,9 of 26,9 of 26,0 of 0,0,0,0:00,1 of 4,3 of 3,3 of 3,7 of 10,0 of 0,0 of 0,5 of 20,1 of 1,3 of 5,9 of 26,0 of 0,0 of 0,0,10 of 18,36 of 47,1 of 3,0,0,2:07,0,6 of 19,9 of 22,0 of 0,1,0,0:00,0,1 of 4,21 of 25,2 of 4,1,0,3:21,0,1 of 7,1 of 7,0 of 0,0,0,0:00,,,,,,,,,,,,,,,,,,,,,,,,,,,,,6 of 13,2 of 2,2 of 3,10 of 17,0 of 0,0 of 1,6 of 19,0 of 0,0 of 0,6 of 19,0 of 0,0 of 0,1 of 4,0 of 0,0 of 0,1 of 4,0 of 0,0 of 0,0 of 6,0 of 0,1 of 1,1 of 7,0 of 0,0 of 0,,,,,,,,,,,,,,,,,,,,,,,,
"March 15, 2025",Carlos Vera,Josias Musasa,http://ufcstats.com/fight-details/cb3eb07b7152366e,W,Submission,1,3:16,1,16 of 24,18 of 26,0 of 2,2,0,0:14,0,13 of 31,13 of 31,0 of 1,0,0,0:10,3 of 10,3 of 3,10 of 11,16 of 24,0 of 0,0 of 0,3 of 13,0 of 2,10 of 16,13 of 31,0 of 0,0 of 0,,,,,,,,,,,,,,,,,,,,,,,,,,,,,,,,,,,,,,,,,,,,,,,,,,,,,,,,,,,,,,,,,,,,,,,,,,,,,,,,,,,,,,,,,,,,,,,,,,,,,,,,
"March 15, 2025",Stephanie Luciano,Sam Hughes,http://ufcstats.com/fight-details/5fa6543868367f4b,L,Decision - Split,3,5:00,0,42 of 104,52 of 114,0 of 1,0,0,0:15,0,35 of 68,42 of 75,2 of 2,0,0,0:47,21 of 76,13 of 19,8 of 9,41 of 102,1 of 2,0 of 0,21 of 48,6 of 11,8 of 9,32 of 64,3 of 4,0 of 0,0,18 of 44,20 of 47,0 of 0,0,0,0:00,0,13 of 29,71 of 98,1 of 1,1,0,3:19,0,22 of 103,29 of 112,1 of 1,0,0,1:00,0,28 of 55,33 of 60,0 of 5,0,0,0:15,,,,,,,,,,,,,,,,,,,,,,,,,,,,,9 of 35,7 of 7,2 of 2,16 of 41,2 of 3,0 of 0,8 of 24,1 of 1,4 of 4,9 of 25,0 of 0,4 of 4,15 of 91,3 of 8,4 of 4,22 of 103,0 of 0,0 of 0,14 of 41,8 of 8,6 of 6,28 of 55,0 of 0,0 of 0,,,,,,,,,,,,,,,,,,,,,,,,
"March 15, 2025",Daniel Barez,Andre Lima,http://ufcstats.com/fight-details/5d8af316413ea2f7,L,Submission,3,3:05,0,26 of 50,26 of 50,1 of 2,0,0,0:17,0,47 of 74,48 of 75,0 of 0,0,0,0:11,17 of 40,5 of 6,4 of 4,26 of 50,0 of 0,0 of 0,21 of 45,12 of 13,14 of 16,47 of 74,0 of 0,0 of 0,0,6 of 22,6 of 22,0 of 2,0,0,0:00,0,56 of 77,76 of 101,1 of 1,0,0,1:57,0,1 of 7,2 of 8,0 of 1,0,0,0:00,0,5 of 8,37 of 44,1 of 1,1,0,2:42,,,,,,,,,,,,,,,,,,,,,,,,,,,,,3 of 19,3 of 3,0 of 0,5 of 20,1 of 2,0 of 0,36 of 50,11 of 14,9 of 13,39 of 59,16 of 17,1 of 1,1 of 7,0 of 0,0 of 0,1 of 7,0 of 0,0 of 0,2 of 4,0 of 0,3 of 4,4 of 7,0 of 0,1 of 1,,,,,,,,,,,,,,,,,,,,,,,,
"March 15, 2025",Yuneisy Duben,Carli Judice,http://ufcstats.com/fight-details/a8f8245096eaf0cd,L,KO/TKO,1,1:40,0,14 of 41,14 of 41,0 of 0,0,0,0:00,1,17 of 43,19 of 45,0 of 0,0,0,0:02,8 of 32,0 of 0,6 of 9,14 of 41,0 of 0,0 of 0,12 of 34,5 of 9,0 of 0,15 of 40,0 of 0,2 of 3,,,,,,,,,,,,,,,,,,,,,,,,,,,,,,,,,,,,,,,,,,,,,,,,,,,,,,,,,,,,,,,,,,,,,,,,,,,,,,,,,,,,,,,,,,,,,,,,,,,,,,,,
"March 08, 2025",Jalin Turner,Ignacio Bahamondes,http://ufcstats.com/fight-details/a3cd6a65aaa9f104,L,Submission,1,2:29,0,7 of 20,11 of 25,0 of 0,0,0,1:43,0,10 of 16,17 of 23,0 of 1,1,0,0:00,4 of 16,2 of 3,1 of 1,5 of 12,0 of 1,2 of 7,7 of 13,0 of 0,3 of 3,6 of 11,0 of 0,4 of 5,,,,,,,,,,,,,,,,,,,,,,,,,,,,,,,,,,,,,,,,,,,,,,,,,,,,,,,,,,,,,,,,,,,,,,,,,,,,,,,,,,,,,,,,,,,,,,,,,,,,,,,,
"March 08, 2025",King Green,Mauricio Ruffy,http://ufcstats.com/fight-details/231968c02cdfe65e,L,KO/TKO,1,2:07,0,4 of 15,4 of 15,0 of 0,0,0,0:00,1,4 of 9,4 of 9,0 of 0,0,0,0:03,1 of 7,1 of 3,2 of 5,4 of 15,0 of 0,0 of 0,4 of 7,0 of 0,0 of 2,4 of 9,0 of 0,0 of 0,,,,,,,,,,,,,,,,,,,,,,,,,,,,,,,,,,,,,,,,,,,,,,,,,,,,,,,,,,,,,,,,,,,,,,,,,,,,,,,,,,,,,,,,,,,,,,,,,,,,,,,,
"March 08, 2025",Brunno Ferreira,Armen Petrosyan,http://ufcstats.com/fight-details/e61cb905f6152183,W,Submission,2,4:27,0,13 of 25,14 of 26,0 of 4,0,0,0:18,0,22 of 39,23 of 40,0 of 0,0,0,0:00,6 of 15,4 of 5,3 of 5,11 of 22,2 of 3,0 of 0,6 of 22,4 of 4,12 of 13,22 of 39,0 of 0,0 of 0,0,14 of 31,17 of 37,2 of 3,1,0,0:54,0,24 of 44,24 of 44,0 of 0,0,0,0:00,,,,,,,,,,,,,,,,,,,,,,,,,,,,,,,,,,,,,,,,,,,8 of 25,5 of 5,1 of 1,14 of 31,0 of 0,0 of 0,13 of 32,3 of 3,8 of 9,24 of 44,0 of 0,0 of 0,,,,,,,,,,,,,,,,,,,,,,,,,,,,,,,,,,,,
"March 08, 2025",Mairon Santos,Francis Marshall,http://ufcstats.com/fight-details/19fe7177254802d1,W,Decision - Split,3,5:00,0,18 of 42,18 of 42,0 of 1,0,0,0:02,0,16 of 45,36 of 76,0 of 2,0,0,0:35,5 of 21,4 of 10,9 of 11,17 of 41,1 of 1,0 of 0,10 of 39,1 of 1,5 of 5,16 of 44,0 of 0,0 of 1,0,19 of 36,19 of 36,0 of 0,0,0,0:00,0,8 of 40,8 of 40,2 of 2,0,0,1:22,0,21 of 51,41 of 76,0 of 0,0,0,0:00,0,15 of 58,20 of 63,1 of 1,0,0,0:38,,,,,,,,,,,,,,,,,,,,,,,,,,,,,10 of 23,4 of 7,5 of 6,19 of 36,0 of 0,0 of 0,8 of 40,0 of 0,0 of 0,8 of 40,0 of 0,0 of 0,14 of 36,6 of 13,1 of 2,21 of 51,0 of 0,0 of 0,14 of 57,0 of 0,1 of 1,15 of 58,0 of 0,0 of 0,,,,,,,,,,,,,,,,,,,,,,,,
"March 08, 2025",Djorden Santos,Ozzy Diaz,http://ufcstats.com/fight-details/96c2f85b46e98e91,L,Decision - Unanimous,3,5:00,0,25 of 70,25 of 70,0 of 0,0,0,0:00,0,20 of 36,20 of 36,0 of 0,0,0,0:00,17 of 61,3 of 4,5 of 5,25 of 70,0 of 0,0 of 0,16 of 30,0 of 1,4 of 5,20 of 36,0 of 0,0 of 0,0,49 of 135,49 of 135,0 of 2,0,0,0:02,0,51 of 97,51 of 97,0 of 0,0,0,0:00,0,57 of 140,60 of 143,1 of 1,0,0,0:24,0,64 of 128,65 of 129,0 of 0,0,0,0:00,,,,,,,,,,,,,,,,,,,,,,,,,,,,,45 of 128,2 of 5,2 of 2,49 of 135,0 of 0,0 of 0,46 of 92,2 of 2,3 of 3,51 of 97,0 of 0,0 of 0,53 of 134,3 of 5,1 of 1,56 of 137,0 of 1,1 of 2,57 of 118,7 of 10,0 of 0,59 of 122,5 of 6,0 of 0,,,,,,,,,,,,,,,,,,,,,,,,
"March 01, 2025",Cody Brundage,Julian Marquez,http://ufcstats.com/fight-details/6bdf0756fb57aced,W,KO/TKO,1,4:45,1,44 of 79,68 of 106,0 of 1,0,0,0:48,0,37 of 73,53 of 96,0 of 0,1,0,0:30,39 of 71,1 of 2,4 of 6,34 of 65,5 of 8,5 of 6,31 of 64,5 of 8,1 of 1,24 of 51,13 of 22,0 of 0,,,,,,,,,,,,,,,,,,,,,,,,,,,,,,,,,,,,,,,,,,,,,,,,,,,,,,,,,,,,,,,,,,,,,,,,,,,,,,,,,,,,,,,,,,,,,,,,,,,,,,,,
"March 01, 2025",Nasrat Haqparast,Esteban Ribovics,http://ufcstats.com/fight-details/061990783b9bdb36,W,Decision - Split,3,5:00,0,33 of 64,33 of 64,0 of 0,0,0,0:00,0,36 of 107,36 of 107,0 of 0,0,0,0:00,21 of 50,11 of 13,1 of 1,33 of 64,0 of 0,0 of 0,28 of 94,3 of 7,5 of 6,36 of 107,0 of 0,0 of 0,0,49 of 104,49 of 104,0 of 0,0,0,0:00,0,62 of 183,62 of 183,0 of 0,0,0,0:00,0,53 of 105,53 of 105,1 of 5,0,0,0:49,0,49 of 143,51 of 146,0 of 0,0,0,0:00,,,,,,,,,,,,,,,,,,,,,,,,,,,,,39 of 91,8 of 11,2 of 2,49 of 104,0 of 0,0 of 0,53 of 170,6 of 10,3 of 3,62 of 183,0 of 0,0 of 0,43 of 92,7 of 10,3 of 3,52 of 104,1 of 1,0 of 0,39 of 131,8 of 10,2 of 2,49 of 143,0 of 0,0 of 0,,,,,,,,,,,,,,,,,,,,,,,,
"March 01, 2025",Austen Lane,Mario Pinto,http://ufcstats.com/fight-details/a857acedb53ee959,L,KO/TKO,2,0:39,1,20 of 38,23 of 46,0 of 1,0,0,0:53,0,7 of 11,10 of 14,0 of 1,0,0,0:17,11 of 23,7 of 11,2 of 4,20 of 35,0 of 3,0 of 0,2 of 6,2 of 2,3 of 3,6 of 9,1 of 2,0 of 0,0,12 of 25,13 of 29,0 of 0,0,0,0:00,1,6 of 12,6 of 12,0 of 0,0,0,0:01,,,,,,,,,,,,,,,,,,,,,,,,,,,,,,,,,,,,,,,,,,,6 of 19,6 of 6,0 of 0,11 of 23,1 of 2,0 of 0,6 of 12,0 of 0,0 of 0,6 of 11,0 of 0,0 of 1,,,,,,,,,,,,,,,,,,,,,,,,,,,,,,,,,,,,
"March 01, 2025",Danny Silva,Lucas Almeida,http://ufcstats.com/fight-details/1de799f17556b501,W,Decision - Split,3,5:00,0,24 of 43,27 of 46,0 of 0,0,0,0:24,0,17 of 52,18 of 53,0 of 1,0,0,0:10,9 of 27,2 of 3,13 of 13,24 of 42,0 of 1,0 of 0,8 of 37,7 of 11,2 of 4,16 of 51,1 of 1,0 of 0,0,36 of 55,36 of 56,1 of 2,0,0,0:15,0,29 of 89,32 of 92,0 of 0,0,0,0:00,0,22 of 39,22 of 39,0 of 1,0,0,0:10,0,28 of 99,28 of 99,0 of 0,0,0,0:07,,,,,,,,,,,,,,,,,,,,,,,,,,,,,21 of 38,9 of 11,6 of 6,35 of 52,0 of 1,1 of 2,21 of 78,2 of 5,6 of 6,29 of 89,0 of 0,0 of 0,15 of 31,3 of 4,4 of 4,22 of 39,0 of 0,0 of 0,20 of 88,5 of 7,3 of 4,28 of 99,0 of 0,0 of 0,,,,,,,,,,,,,,,,,,,,,,,,
"February 22, 2025",Brendan Allen,Anthony Hernandez,http://ufcstats.com/fight-details/0cdca4c22b8d3ab5,L,Decision - Unanimous,3,5:00,0,8 of 13,30 of 38,0 of 0,0,1,2:09,0,3 of 5,10 of 13,1 of 2,0,0,2:23,4 of 9,2 of 2,2 of 2,6 of 11,0 of 0,2 of 2,3 of 5,0 of 0,0 of 0,0 of 2,0 of 0,3 of 3,0,1 of 1,6 of 8,0 of 0,1,1,0:44,0,13 of 16,25 of 29,1 of 1,0,1,4:04,0,5 of 12,17 of 25,0 of 1,0,1,0:05,0,14 of 21,37 of 49,2 of 5,0,1,3:55,,,,,,,,,,,,,,,,,,,,,,,,,,,,,0 of 0,0 of 0,1 of 1,1 of 1,0 of 0,0 of 0,13 of 16,0 of 0,0 of 0,1 of 1,0 of 0,12 of 15,4 of 10,1 of 1,0 of 1,3 of 10,2 of 2,0 of 0,14 of 21,0 of 0,0 of 0,11 of 14,0 of 1,3 of 6,,,,,,,,,,,,,,,,,,,,,,,,
"February 22, 2025",Rob Font,Jean Matsumoto,http://ufcstats.com/fight-details/19c8092496e94b85,W,Decision - Split,3,5:00,0,21 of 34,27 of 41,0 of 0,0,0,0:26,0,7 of 19,32 of 49,2 of 3,0,0,3:40,20 of 33,1 of 1,0 of 0,19 of 32,2 of 2,0 of 0,1 of 12,3 of 3,3 of 4,3 of 15,4 of 4,0 of 0,0,34 of 56,36 of 58,0 of 0,1,0,0:00,0,29 of 61,35 of 69,5 of 5,0,0,2:05,0,40 of 81,50 of 92,0 of 0,0,0,0:52,0,41 of 101,46 of 107,0 of 2,0,0,0:30,,,,,,,,,,,,,,,,,,,,,,,,,,,,,28 of 50,6 of 6,0 of 0,34 of 56,0 of 0,0 of 0,16 of 43,3 of 4,10 of 14,29 of 61,0 of 0,0 of 0,34 of 74,6 of 7,0 of 0,32 of 69,8 of 12,0 of 0,26 of 80,3 of 6,12 of 15,37 of 93,4 of 8,0 of 0,,,,,,,,,,,,,,,,,,,,,,,,
"February 22, 2025",Jean Silva,Melsik Baghdasaryan,http://ufcstats.com/fight-details/8ef7723b6a8b45e1,W,KO/TKO,1,4:15,1,18 of 27,18 of 27,0 of 0,0,0,0:06,0,7 of 25,7 of 25,0 of 0,0,0,0:00,11 of 19,7 of 8,0 of 0,11 of 20,0 of 0,7 of 7,5 of 20,0 of 3,2 of 2,7 of 25,0 of 0,0 of 0,,,,,,,,,,,,,,,,,,,,,,,,,,,,,,,,,,,,,,,,,,,,,,,,,,,,,,,,,,,,,,,,,,,,,,,,,,,,,,,,,,,,,,,,,,,,,,,,,,,,,,,,
"February 22, 2025",Alonzo Menifield,Julius Walker,http://ufcstats.com/fight-details/c0d8a231d2f1d1af,W,Decision - Split,3,5:00,0,23 of 33,38 of 51,0 of 1,0,0,0:32,0,27 of 47,41 of 62,0 of 4,0,0,2:52,21 of 31,2 of 2,0 of 0,18 of 26,5 of 7,0 of 0,8 of 27,18 of 19,1 of 1,6 of 20,21 of 27,0 of 0,0,31 of 56,33 of 58,0 of 0,0,0,0:05,0,36 of 73,39 of 76,1 of 4,0,0,1:15,0,33 of 58,42 of 70,0 of 0,0,0,0:06,0,23 of 51,34 of 62,0 of 1,0,0,1:24,,,,,,,,,,,,,,,,,,,,,,,,,,,,,20 of 43,9 of 10,2 of 3,29 of 51,2 of 5,0 of 0,20 of 51,9 of 15,7 of 7,27 of 59,9 of 14,0 of 0,23 of 46,8 of 10,2 of 2,31 of 55,2 of 3,0 of 0,9 of 34,6 of 9,8 of 8,18 of 45,5 of 6,0 of 0,,,,,,,,,,,,,,,,,,,,,,,,
"February 22, 2025",Mansur Abdul-Malik,Nick Klein,http://ufcstats.com/fight-details/e011819e721c4a2a,W,KO/TKO,2,3:24,0,1 of 8,1 of 8,0 of 1,0,0,0:08,0,16 of 26,37 of 49,1 of 6,0,0,1:55,0 of 7,1 of 1,0 of 0,1 of 8,0 of 0,0 of 0,3 of 11,0 of 2,13 of 13,14 of 23,2 of 3,0 of 0,0,28 of 46,31 of 50,1 of 2,0,0,0:27,0,12 of 20,13 of 21,0 of 3,0,0,1:06,,,,,,,,,,,,,,,,,,,,,,,,,,,,,,,,,,,,,,,,,,,28 of 46,0 of 0,0 of 0,5 of 12,12 of 19,11 of 15,2 of 7,2 of 3,8 of 10,12 of 20,0 of 0,0 of 0,,,,,,,,,,,,,,,,,,,,,,,,,,,,,,,,,,,,
"February 22, 2025",Nikolay Veretennikov,Austin Vanderford,http://ufcstats.com/fight-details/615f7f894bafad82,L,KO/TKO,2,4:13,0,3 of 13,12 of 23,0 of 0,0,0,0:00,0,8 of 11,56 of 62,1 of 1,1,0,3:56,0 of 8,2 of 4,1 of 1,3 of 13,0 of 0,0 of 0,7 of 10,0 of 0,1 of 1,2 of 5,0 of 0,6 of 6,0,2 of 6,9 of 13,0 of 0,0,0,0:00,0,31 of 41,46 of 59,1 of 3,0,0,3:25,,,,,,,,,,,,,,,,,,,,,,,,,,,,,,,,,,,,,,,,,,,0 of 4,1 of 1,1 of 1,2 of 6,0 of 0,0 of 0,30 of 40,1 of 1,0 of 0,1 of 3,0 of 0,30 of 38,,,,,,,,,,,,,,,,,,,,,,,,,,,,,,,,,,,,
"February 15, 2025",Jared Cannonier,Gregory Rodrigues,http://ufcstats.com/fight-details/365e2d891b98b86d,W,KO/TKO,4,0:21,0,22 of 38,31 of 49,1 of 1,0,0,1:34,2,25 of 66,26 of 68,0 of 1,0,0,0:17,10 of 25,5 of 5,7 of 8,15 of 30,7 of 8,0 of 0,16 of 53,8 of 11,1 of 2,19 of 56,6 of 9,0 of 1,0,33 of 72,35 of 74,0 of 1,0,0,0:18,0,25 of 68,26 of 70,0 of 0,0,0,0:00,1,34 of 78,34 of 79,0 of 1,0,0,0:17,0,43 of 87,43 of 87,0 of 2,0,0,0:00,1,9 of 13,9 of 13,0 of 0,0,0,0:00,0,0 of 0,0 of 0,0 of 0,0,0,0:00,,,,,,,,,,,,,,,15 of 50,11 of 14,7 of 8,28 of 65,5 of 7,0 of 0,16 of 59,5 of 5,4 of 4,25 of 67,0 of 1,0 of 0,27 of 71,2 of 2,5 of 5,22 of 59,3 of 4,9 of 15,33 of 76,8 of 9,2 of 2,41 of 85,2 of 2,0 of 0,7 of 11,2 of 2,0 of 0,4 of 7,5 of 6,0 of 0,0 of 0,0 of 0,0 of 0,0 of 0,0 of 0,0 of 0,,,,,,,,,,,,
"February 15, 2025",Edmen Shahbazyan,Dylan Budka,http://ufcstats.com/fight-details/f5386c98fea7f5d4,W,KO/TKO,1,1:35,1,7 of 15,7 of 15,0 of 0,0,0,0:03,0,1 of 16,1 of 16,0 of 0,0,0,0:00,5 of 13,2 of 2,0 of 0,6 of 12,0 of 0,1 of 3,1 of 12,0 of 4,0 of 0,1 of 16,0 of 0,0 of 0,,,,,,,,,,,,,,,,,,,,,,,,,,,,,,,,,,,,,,,,,,,,,,,,,,,,,,,,,,,,,,,,,,,,,,,,,,,,,,,,,,,,,,,,,,,,,,,,,,,,,,,,
"February 15, 2025",Ismael Bonfim,Nazim Sadykhov,http://ufcstats.com/fight-details/ce1436a9b58902a7,L,TKO - Doctor's Stoppage,1,5:00,0,26 of 42,26 of 43,0 of 0,0,0,0:00,0,13 of 46,14 of 49,0 of 0,0,0,0:35,14 of 29,5 of 5,7 of 8,24 of 39,2 of 3,0 of 0,9 of 35,2 of 7,2 of 4,12 of 44,1 of 2,0 of 0,,,,,,,,,,,,,,,,,,,,,,,,,,,,,,,,,,,,,,,,,,,,,,,,,,,,,,,,,,,,,,,,,,,,,,,,,,,,,,,,,,,,,,,,,,,,,,,,,,,,,,,,
"February 15, 2025",Connor Matthews,Jose Delgado,http://ufcstats.com/fight-details/2a493f15e079a7ff,L,KO/TKO,1,2:58,0,6 of 23,9 of 31,2 of 3,0,0,0:47,1,21 of 40,22 of 42,0 of 0,0,0,0:08,6 of 20,0 of 3,0 of 0,6 of 23,0 of 0,0 of 0,14 of 29,6 of 7,1 of 4,14 of 30,0 of 0,7 of 10,,,,,,,,,,,,,,,,,,,,,,,,,,,,,,,,,,,,,,,,,,,,,,,,,,,,,,,,,,,,,,,,,,,,,,,,,,,,,,,,,,,,,,,,,,,,,,,,,,,,,,,,
"February 15, 2025",Rafael Estevam,Jesus Aguilar,http://ufcstats.com/fight-details/2ae33fce63a75df9,W,Decision - Unanimous,3,5:00,0,2 of 2,23 of 28,5 of 6,0,0,3:54,0,2 of 2,3 of 3,0 of 0,1,0,0:30,1 of 1,1 of 1,0 of 0,0 of 0,1 of 1,1 of 1,1 of 1,0 of 0,1 of 1,2 of 2,0 of 0,0 of 0,0,1 of 2,29 of 42,5 of 7,0,0,4:30,0,5 of 10,5 of 11,0 of 1,1,0,0:00,0,8 of 26,8 of 26,1 of 6,0,0,0:58,0,28 of 75,33 of 81,2 of 4,0,0,0:44,,,,,,,,,,,,,,,,,,,,,,,,,,,,,1 of 2,0 of 0,0 of 0,1 of 2,0 of 0,0 of 0,4 of 9,1 of 1,0 of 0,2 of 7,2 of 2,1 of 1,4 of 17,4 of 9,0 of 0,8 of 26,0 of 0,0 of 0,21 of 65,3 of 4,4 of 6,27 of 67,1 of 8,0 of 0,,,,,,,,,,,,,,,,,,,,,,,,
"February 15, 2025",Gabriel Bonfim,Khaos Williams,http://ufcstats.com/fight-details/7b9f169016746f81,W,Submission,2,4:58,0,7 of 23,7 of 23,3 of 4,1,0,1:08,0,7 of 41,10 of 45,0 of 0,0,0,0:22,2 of 17,0 of 0,5 of 6,7 of 23,0 of 0,0 of 0,3 of 23,1 of 6,3 of 12,7 of 41,0 of 0,0 of 0,0,28 of 49,28 of 49,1 of 1,1,0,0:34,0,13 of 49,13 of 49,0 of 0,0,0,0:01,,,,,,,,,,,,,,,,,,,,,,,,,,,,,,,,,,,,,,,,,,,18 of 33,0 of 5,10 of 11,28 of 48,0 of 1,0 of 0,5 of 31,1 of 7,7 of 11,13 of 49,0 of 0,0 of 0,,,,,,,,,,,,,,,,,,,,,,,,,,,,,,,,,,,,
"February 15, 2025",Vince Morales,Elijah Smith,http://ufcstats.com/fight-details/07b357090cc91c2c,L,Decision - Unanimous,3,5:00,0,19 of 40,19 of 40,0 of 0,0,0,0:00,0,19 of 43,19 of 43,1 of 1,0,0,0:17,13 of 33,4 of 5,2 of 2,17 of 38,2 of 2,0 of 0,13 of 33,1 of 2,5 of 8,18 of 42,1 of 1,0 of 0,0,4 of 5,6 of 8,2 of 3,2,2,2:02,0,1 of 5,7 of 12,1 of 1,1,2,2:08,0,17 of 41,17 of 42,0 of 1,1,0,1:05,0,20 of 49,26 of 55,1 of 2,0,0,0:28,,,,,,,,,,,,,,,,,,,,,,,,,,,,,4 of 5,0 of 0,0 of 0,4 of 5,0 of 0,0 of 0,1 of 5,0 of 0,0 of 0,1 of 5,0 of 0,0 of 0,13 of 36,4 of 5,0 of 0,15 of 38,2 of 3,0 of 0,15 of 43,1 of 1,4 of 5,18 of 47,2 of 2,0 of 0,,,,,,,,,,,,,,,,,,,,,,,,
"February 15, 2025",Don'Tale Mayes,Valter Walker,http://ufcstats.com/fight-details/3b2a24db4eeaeede,L,Submission,1,1:17,0,1 of 2,3 of 4,0 of 0,0,0,0:00,0,1 of 3,5 of 9,1 of 2,1,0,0:58,1 of 2,0 of 0,0 of 0,1 of 2,0 of 0,0 of 0,0 of 2,0 of 0,1 of 1,1 of 3,0 of 0,0 of 0,,,,,,,,,,,,,,,,,,,,,,,,,,,,,,,,,,,,,,,,,,,,,,,,,,,,,,,,,,,,,,,,,,,,,,,,,,,,,,,,,,,,,,,,,,,,,,,,,,,,,,,,
"February 08, 2025",Justin Tafa,Tallison Teixeira,http://ufcstats.com/fight-details/8435f90fbd50c7a5,L,KO/TKO,1,0:35,0,0 of 1,0 of 1,0 of 0,0,0,0:00,1,8 of 9,9 of 10,0 of 1,0,0,0:11,0 of 1,0 of 0,0 of 0,0 of 1,0 of 0,0 of 0,5 of 6,3 of 3,0 of 0,1 of 2,3 of 3,4 of 4,,,,,,,,,,,,,,,,,,,,,,,,,,,,,,,,,,,,,,,,,,,,,,,,,,,,,,,,,,,,,,,,,,,,,,,,,,,,,,,,,,,,,,,,,,,,,,,,,,,,,,,,
"February 08, 2025",Jimmy Crute,Rodolfo Bellato,http://ufcstats.com/fight-details/de85ef2fd4769070,D,Decision - Majority,3,5:00,1,27 of 47,59 of 84,0 of 0,0,0,3:52,0,1 of 5,4 of 8,0 of 1,0,0,0:00,23 of 42,2 of 2,2 of 3,6 of 18,3 of 3,18 of 26,0 of 3,1 of 2,0 of 0,1 of 5,0 of 0,0 of 0,0,46 of 95,46 of 95,0 of 2,0,0,0:00,0,48 of 70,48 of 70,0 of 0,0,0,0:00,0,33 of 67,34 of 68,0 of 1,0,0,0:00,0,40 of 66,43 of 70,1 of 1,0,0,0:29,,,,,,,,,,,,,,,,,,,,,,,,,,,,,40 of 85,3 of 4,3 of 6,39 of 86,7 of 9,0 of 0,18 of 35,14 of 16,16 of 19,44 of 65,4 of 5,0 of 0,30 of 63,3 of 4,0 of 0,32 of 66,1 of 1,0 of 0,18 of 38,9 of 11,13 of 17,40 of 66,0 of 0,0 of 0,,,,,,,,,,,,,,,,,,,,,,,,
"February 08, 2025",Tom Nolan,Viacheslav Borshchev,http://ufcstats.com/fight-details/64641156360b1b81,W,Decision - Unanimous,3,5:00,0,27 of 64,29 of 67,0 of 3,2,0,1:25,0,19 of 29,19 of 29,0 of 0,0,0,0:00,13 of 46,6 of 10,8 of 8,24 of 58,2 of 5,1 of 1,7 of 16,7 of 8,5 of 5,19 of 29,0 of 0,0 of 0,0,26 of 67,28 of 70,1 of 2,1,0,0:36,0,37 of 62,37 of 63,0 of 0,0,0,0:00,0,16 of 44,54 of 99,0 of 3,0,0,0:00,0,10 of 27,36 of 71,0 of 0,1,0,3:11,,,,,,,,,,,,,,,,,,,,,,,,,,,,,19 of 49,2 of 8,5 of 10,25 of 65,1 of 2,0 of 0,8 of 29,16 of 20,13 of 13,35 of 57,1 of 4,1 of 1,11 of 35,3 of 5,2 of 4,14 of 40,2 of 4,0 of 0,5 of 22,3 of 3,2 of 2,7 of 20,0 of 0,3 of 7,,,,,,,,,,,,,,,,,,,,,,,,
"February 08, 2025",Wang Cong,Bruna Brasil,http://ufcstats.com/fight-details/946cae1beed2baec,W,Decision - Unanimous,3,5:00,0,30 of 49,30 of 49,1 of 1,0,0,0:01,0,10 of 20,10 of 20,0 of 0,0,0,0:00,11 of 28,4 of 5,15 of 16,29 of 46,0 of 0,1 of 3,3 of 10,2 of 2,5 of 8,10 of 20,0 of 0,0 of 0,0,35 of 60,35 of 60,0 of 0,0,0,0:00,0,7 of 17,7 of 17,0 of 0,0,0,0:00,0,38 of 72,39 of 73,1 of 1,0,0,0:02,0,14 of 27,14 of 27,0 of 1,0,0,0:00,,,,,,,,,,,,,,,,,,,,,,,,,,,,,10 of 29,8 of 12,17 of 19,35 of 60,0 of 0,0 of 0,1 of 5,4 of 8,2 of 4,7 of 17,0 of 0,0 of 0,17 of 42,9 of 15,12 of 15,38 of 71,0 of 1,0 of 0,7 of 15,6 of 9,1 of 3,13 of 26,1 of 1,0 of 0,,,,,,,,,,,,,,,,,,,,,,,,
"February 08, 2025",Rongzhu,Kody Steele,http://ufcstats.com/fight-details/1f70a4516a70abf2,W,Decision - Unanimous,3,5:00,0,33 of 75,34 of 76,0 of 0,0,1,0:08,0,27 of 86,27 of 86,1 of 3,0,0,0:06,27 of 69,2 of 2,4 of 4,33 of 75,0 of 0,0 of 0,21 of 79,4 of 4,2 of 3,26 of 82,1 of 4,0 of 0,1,32 of 64,32 of 65,0 of 0,0,0,0:10,0,9 of 36,9 of 36,0 of 1,0,0,0:00,0,60 of 102,60 of 102,0 of 0,0,0,0:00,0,23 of 87,23 of 87,0 of 0,0,0,0:00,,,,,,,,,,,,,,,,,,,,,,,,,,,,,28 of 59,1 of 2,3 of 3,32 of 64,0 of 0,0 of 0,8 of 33,1 of 2,0 of 1,9 of 36,0 of 0,0 of 0,53 of 92,1 of 4,6 of 6,60 of 102,0 of 0,0 of 0,18 of 82,5 of 5,0 of 0,23 of 87,0 of 0,0 of 0,,,,,,,,,,,,,,,,,,,,,,,,
"February 08, 2025",Jonathan Micallef,Kevin Jousset,http://ufcstats.com/fight-details/8bc8bb0021337de7,W,Decision - Unanimous,3,5:00,1,25 of 49,29 of 54,0 of 0,0,0,0:09,0,16 of 39,20 of 44,0 of 0,0,0,0:00,9 of 29,13 of 16,3 of 4,24 of 48,1 of 1,0 of 0,6 of 20,2 of 9,8 of 10,16 of 39,0 of 0,0 of 0,0,30 of 69,30 of 69,0 of 0,0,0,0:00,0,25 of 60,25 of 60,0 of 0,0,0,0:00,0,30 of 74,30 of 74,0 of 0,0,0,0:00,0,26 of 69,26 of 69,0 of 0,0,0,0:00,,,,,,,,,,,,,,,,,,,,,,,,,,,,,22 of 59,7 of 8,1 of 2,30 of 69,0 of 0,0 of 0,10 of 39,7 of 12,8 of 9,25 of 60,0 of 0,0 of 0,21 of 63,8 of 10,1 of 1,29 of 73,1 of 1,0 of 0,16 of 53,8 of 13,2 of 3,25 of 67,1 of 2,0 of 0,,,,,,,,,,,,,,,,,,,,,,,,
"February 08, 2025",Quillan Salkilld,Anshul Jubli,http://ufcstats.com/fight-details/4218d1d1ce6d322c,W,KO/TKO,1,0:19,1,6 of 7,6 of 7,0 of 0,0,0,0:01,0,0 of 1,0 of 1,0 of 0,0,0,0:00,2 of 3,1 of 1,3 of 3,5 of 6,0 of 0,1 of 1,0 of 1,0 of 0,0 of 0,0 of 1,0 of 0,0 of 0,,,,,,,,,,,,,,,,,,,,,,,,,,,,,,,,,,,,,,,,,,,,,,,,,,,,,,,,,,,,,,,,,,,,,,,,,,,,,,,,,,,,,,,,,,,,,,,,,,,,,,,,
"February 01, 2025",Fares Ziam,Mike Davis,http://ufcstats.com/fight-details/775788423f5eeb99,W,Decision - Unanimous,3,5:00,0,16 of 24,20 of 29,1 of 1,0,0,1:23,0,8 of 15,10 of 18,1 of 5,0,0,1:34,12 of 20,3 of 3,1 of 1,14 of 21,2 of 3,0 of 0,3 of 8,4 of 5,1 of 2,6 of 13,0 of 0,2 of 2,0,10 of 18,23 of 33,1 of 2,0,2,2:31,0,6 of 8,8 of 10,0 of 3,1,2,1:38,0,9 of 14,15 of 21,2 of 4,0,0,3:17,0,6 of 12,12 of 21,0 of 0,0,1,0:47,,,,,,,,,,,,,,,,,,,,,,,,,,,,,8 of 16,2 of 2,0 of 0,0 of 2,3 of 3,7 of 13,5 of 7,1 of 1,0 of 0,4 of 6,2 of 2,0 of 0,9 of 14,0 of 0,0 of 0,6 of 10,0 of 0,3 of 4,5 of 11,0 of 0,1 of 1,3 of 5,0 of 0,3 of 7,,,,,,,,,,,,,,,,,,,,,,,,
"February 01, 2025",Muhammad Naimov,Kaan Ofli,http://ufcstats.com/fight-details/940f586104bf8bc8,W,Decision - Unanimous,3,5:00,0,14 of 34,32 of 56,1 of 1,0,0,0:55,0,11 of 27,23 of 41,0 of 1,0,0,1:21,7 of 23,6 of 10,1 of 1,10 of 30,4 of 4,0 of 0,2 of 12,7 of 9,2 of 6,6 of 21,5 of 6,0 of 0,0,10 of 33,25 of 51,1 of 1,0,0,1:16,0,11 of 21,19 of 31,0 of 3,0,0,2:03,0,8 of 25,22 of 69,0 of 0,0,0,3:25,0,9 of 18,15 of 25,0 of 2,0,0,0:11,,,,,,,,,,,,,,,,,,,,,,,,,,,,,8 of 31,2 of 2,0 of 0,8 of 31,2 of 2,0 of 0,1 of 10,4 of 5,6 of 6,6 of 16,5 of 5,0 of 0,8 of 25,0 of 0,0 of 0,4 of 12,0 of 0,4 of 13,2 of 8,5 of 7,2 of 3,2 of 7,7 of 11,0 of 0,,,,,,,,,,,,,,,,,,,,,,,,
"February 01, 2025",Shamil Gaziev,Thomas Petersen,http://ufcstats.com/fight-details/43bbaf06603b0f0c,W,KO/TKO,1,3:12,1,14 of 32,14 of 32,0 of 0,0,0,0:01,0,19 of 34,19 of 35,1 of 1,0,0,0:08,9 of 27,5 of 5,0 of 0,13 of 30,1 of 2,0 of 0,4 of 18,7 of 8,8 of 8,18 of 31,1 of 3,0 of 0,,,,,,,,,,,,,,,,,,,,,,,,,,,,,,,,,,,,,,,,,,,,,,,,,,,,,,,,,,,,,,,,,,,,,,,,,,,,,,,,,,,,,,,,,,,,,,,,,,,,,,,,
"February 01, 2025",Terrance McKinney,Damir Hadzovic,http://ufcstats.com/fight-details/e97e71a593e4c28d,W,KO/TKO,1,2:01,0,54 of 69,69 of 90,0 of 0,1,1,1:00,0,4 of 13,4 of 13,1 of 2,0,0,0:08,53 of 67,1 of 2,0 of 0,8 of 18,0 of 0,46 of 51,3 of 9,0 of 3,1 of 1,4 of 13,0 of 0,0 of 0,,,,,,,,,,,,,,,,,,,,,,,,,,,,,,,,,,,,,,,,,,,,,,,,,,,,,,,,,,,,,,,,,,,,,,,,,,,,,,,,,,,,,,,,,,,,,,,,,,,,,,,,
"February 01, 2025",Jasmine Jasudavicius,Mayra Bueno Silva,http://ufcstats.com/fight-details/91bf33ada75d6061,W,Decision - Unanimous,3,5:00,0,14 of 25,35 of 51,1 of 2,0,0,2:48,0,10 of 18,10 of 18,0 of 0,1,0,0:00,5 of 14,5 of 7,4 of 4,13 of 24,1 of 1,0 of 0,4 of 10,2 of 3,4 of 5,10 of 18,0 of 0,0 of 0,0,30 of 54,62 of 88,1 of 2,0,0,1:20,0,21 of 38,24 of 41,0 of 0,0,0,0:00,0,12 of 26,67 of 90,1 of 1,0,0,3:03,0,6 of 16,7 of 17,0 of 0,0,0,0:00,,,,,,,,,,,,,,,,,,,,,,,,,,,,,14 of 36,9 of 11,7 of 7,27 of 49,3 of 4,0 of 1,15 of 29,4 of 7,2 of 2,15 of 32,6 of 6,0 of 0,4 of 16,6 of 8,2 of 2,8 of 21,4 of 5,0 of 0,4 of 14,2 of 2,0 of 0,5 of 14,1 of 2,0 of 0,,,,,,,,,,,,,,,,,,,,,,,,
"February 01, 2025",Bogdan Grad,Lucas Alexander,http://ufcstats.com/fight-details/750257171ad29a2c,W,KO/TKO,2,4:22,0,5 of 9,13 of 20,2 of 7,0,0,1:17,0,15 of 23,28 of 42,0 of 1,0,1,2:13,5 of 8,0 of 0,0 of 1,4 of 8,1 of 1,0 of 0,10 of 18,1 of 1,4 of 4,11 of 17,2 of 3,2 of 3,0,41 of 57,46 of 66,1 of 1,0,0,3:01,0,19 of 29,19 of 29,0 of 0,0,0,0:00,,,,,,,,,,,,,,,,,,,,,,,,,,,,,,,,,,,,,,,,,,,37 of 52,1 of 2,3 of 3,5 of 10,2 of 3,34 of 44,9 of 19,6 of 6,4 of 4,18 of 28,1 of 1,0 of 0,,,,,,,,,,,,,,,,,,,,,,,,,,,,,,,,,,,,
"January 18, 2025",Jiri Prochazka,Jamahal Hill,http://ufcstats.com/fight-details/959fea398ffa5778,W,KO/TKO,3,3:01,1,32 of 58,32 of 58,0 of 0,0,0,0:07,0,23 of 64,25 of 66,0 of 0,0,0,0:00,27 of 51,3 of 4,2 of 3,28 of 51,4 of 6,0 of 1,17 of 56,5 of 6,1 of 2,21 of 59,2 of 5,0 of 0,0,22 of 49,22 of 49,0 of 0,0,0,0:00,0,38 of 74,38 of 74,0 of 0,0,0,0:00,1,43 of 58,47 of 63,0 of 0,0,0,0:15,0,20 of 39,21 of 40,0 of 0,0,0,0:00,,,,,,,,,,,,,,,,,,,,,,,,,,,,,12 of 33,9 of 12,1 of 4,22 of 49,0 of 0,0 of 0,25 of 59,12 of 14,1 of 1,34 of 69,4 of 5,0 of 0,34 of 48,7 of 7,2 of 3,21 of 29,6 of 7,16 of 22,13 of 30,7 of 9,0 of 0,13 of 30,7 of 9,0 of 0,,,,,,,,,,,,,,,,,,,,,,,,
"January 18, 2025",Jailton Almeida,Serghei Spivac,http://ufcstats.com/fight-details/54d48b33e7240452,W,KO/TKO,1,4:53,0,23 of 31,36 of 49,1 of 1,0,1,1:48,0,15 of 28,34 of 47,1 of 1,0,1,2:08,20 of 27,1 of 2,2 of 2,7 of 12,4 of 6,12 of 13,14 of 27,1 of 1,0 of 0,2 of 7,0 of 0,13 of 21,,,,,,,,,,,,,,,,,,,,,,,,,,,,,,,,,,,,,,,,,,,,,,,,,,,,,,,,,,,,,,,,,,,,,,,,,,,,,,,,,,,,,,,,,,,,,,,,,,,,,,,,
"January 18, 2025",Kevin Holland,Reinier de Ridder,http://ufcstats.com/fight-details/69d63c057aebffaf,L,Submission,1,3:31,0,11 of 13,27 of 32,0 of 0,0,0,0:00,0,12 of 21,26 of 35,2 of 2,1,0,3:25,10 of 12,1 of 1,0 of 0,1 of 2,1 of 1,9 of 10,11 of 20,1 of 1,0 of 0,0 of 0,0 of 0,12 of 21,,,,,,,,,,,,,,,,,,,,,,,,,,,,,,,,,,,,,,,,,,,,,,,,,,,,,,,,,,,,,,,,,,,,,,,,,,,,,,,,,,,,,,,,,,,,,,,,,,,,,,,,
"January 18, 2025",Payton Talbott,Raoni Barcelos,http://ufcstats.com/fight-details/d14f98b24691d082,L,Decision - Unanimous,3,5:00,0,2 of 2,2 of 3,0 of 0,0,0,0:00,0,8 of 11,19 of 23,3 of 4,1,0,4:51,0 of 0,1 of 1,1 of 1,1 of 1,1 of 1,0 of 0,8 of 11,0 of 0,0 of 0,0 of 0,0 of 0,8 of 11,0,25 of 44,26 of 45,0 of 0,0,0,0:00,0,17 of 22,23 of 28,3 of 8,0,0,2:35,0,22 of 38,31 of 47,1 of 1,0,0,1:25,0,37 of 52,49 of 64,2 of 3,1,0,2:17,,,,,,,,,,,,,,,,,,,,,,,,,,,,,21 of 40,2 of 2,2 of 2,25 of 44,0 of 0,0 of 0,14 of 19,2 of 2,1 of 1,11 of 16,2 of 2,4 of 4,18 of 34,4 of 4,0 of 0,11 of 22,6 of 9,5 of 7,37 of 51,0 of 1,0 of 0,7 of 14,3 of 3,27 of 35,,,,,,,,,,,,,,,,,,,,,,,,
"January 18, 2025",Grant Dawson,Diego Ferreira,http://ufcstats.com/fight-details/aa3fca085d476636,W,Decision - Unanimous,3,5:00,0,21 of 31,43 of 54,3 of 5,0,0,3:11,0,11 of 16,27 of 34,0 of 0,0,0,0:00,19 of 28,0 of 1,2 of 2,10 of 18,5 of 5,6 of 8,5 of 9,2 of 3,4 of 4,9 of 14,2 of 2,0 of 0,0,21 of 39,64 of 90,1 of 2,0,0,3:44,0,17 of 28,29 of 43,0 of 0,0,0,0:18,0,14 of 28,88 of 125,2 of 4,0,0,3:55,0,13 of 17,28 of 36,0 of 0,0,0,0:02,,,,,,,,,,,,,,,,,,,,,,,,,,,,,21 of 39,0 of 0,0 of 0,4 of 16,1 of 2,16 of 21,15 of 24,2 of 4,0 of 0,12 of 23,4 of 4,1 of 1,11 of 24,3 of 4,0 of 0,5 of 13,1 of 1,8 of 14,11 of 15,2 of 2,0 of 0,10 of 14,0 of 0,3 of 3,,,,,,,,,,,,,,,,,,,,,,,,
"January 18, 2025",Rinya Nakamura,Muin Gafurov,http://ufcstats.com/fight-details/e5e3d396a9b1c5ae,L,Decision - Unanimous,3,5:00,0,10 of 24,14 of 29,0 of 0,0,0,0:00,0,12 of 29,42 of 63,0 of 0,0,0,1:35,0 of 8,3 of 4,7 of 12,10 of 24,0 of 0,0 of 0,6 of 21,3 of 4,3 of 4,11 of 23,0 of 0,1 of 6,0,9 of 24,9 of 24,0 of 1,0,0,0:00,1,14 of 32,17 of 35,0 of 0,0,0,1:02,0,12 of 25,16 of 29,0 of 0,1,0,1:41,0,11 of 29,14 of 32,0 of 1,0,0,0:00,,,,,,,,,,,,,,,,,,,,,,,,,,,,,5 of 18,1 of 1,3 of 5,7 of 22,2 of 2,0 of 0,10 of 25,2 of 3,2 of 4,10 of 24,4 of 7,0 of 1,5 of 18,4 of 4,3 of 3,11 of 24,1 of 1,0 of 0,4 of 19,4 of 5,3 of 5,11 of 29,0 of 0,0 of 0,,,,,,,,,,,,,,,,,,,,,,,,
"January 18, 2025",Ricky Turcios,Benardo Sopaj,http://ufcstats.com/fight-details/95ba27bea09cd84e,L,Decision - Unanimous,3,5:00,0,25 of 44,45 of 64,0 of 3,0,0,0:53,0,18 of 35,20 of 37,0 of 0,0,0,0:48,6 of 23,8 of 10,11 of 11,23 of 42,2 of 2,0 of 0,13 of 28,1 of 3,4 of 4,14 of 30,3 of 4,1 of 1,0,30 of 52,42 of 68,0 of 3,0,0,0:44,0,25 of 48,29 of 52,1 of 2,0,0,0:15,0,23 of 48,26 of 55,1 of 3,0,0,0:19,1,38 of 56,48 of 66,1 of 1,0,0,1:27,,,,,,,,,,,,,,,,,,,,,,,,,,,,,13 of 29,11 of 15,6 of 8,18 of 37,12 of 15,0 of 0,19 of 41,4 of 5,2 of 2,16 of 37,9 of 11,0 of 0,11 of 34,5 of 7,7 of 7,19 of 41,4 of 5,0 of 2,32 of 48,3 of 3,3 of 5,18 of 32,4 of 5,16 of 19,,,,,,,,,,,,,,,,,,,,,,,,
"January 11, 2025",Cesar Almeida,Abdul Razak Alhassan,http://ufcstats.com/fight-details/a2a5809ed8a01b45,W,KO/TKO,1,4:16,1,20 of 29,21 of 30,0 of 0,0,0,0:03,1,17 of 33,19 of 35,0 of 2,0,0,1:31,3 of 9,9 of 11,8 of 9,16 of 25,4 of 4,0 of 0,13 of 29,4 of 4,0 of 0,9 of 21,4 of 5,4 of 7,,,,,,,,,,,,,,,,,,,,,,,,,,,,,,,,,,,,,,,,,,,,,,,,,,,,,,,,,,,,,,,,,,,,,,,,,,,,,,,,,,,,,,,,,,,,,,,,,,,,,,,,
"January 11, 2025",Chris Curtis,Roman Kopylov,http://ufcstats.com/fight-details/aa38e39397dbea72,L,KO/TKO,3,4:59,0,42 of 83,42 of 83,0 of 0,0,0,0:00,0,48 of 110,48 of 110,0 of 2,0,0,0:00,32 of 62,8 of 19,2 of 2,42 of 83,0 of 0,0 of 0,33 of 93,6 of 8,9 of 9,46 of 108,2 of 2,0 of 0,0,58 of 104,59 of 105,0 of 0,0,0,0:00,0,38 of 96,38 of 96,0 of 0,0,0,0:00,0,42 of 74,45 of 77,0 of 0,0,0,0:00,1,44 of 101,47 of 104,1 of 4,0,0,0:49,,,,,,,,,,,,,,,,,,,,,,,,,,,,,42 of 78,14 of 24,2 of 2,58 of 104,0 of 0,0 of 0,25 of 83,3 of 3,10 of 10,38 of 96,0 of 0,0 of 0,33 of 64,8 of 9,1 of 1,42 of 74,0 of 0,0 of 0,33 of 90,5 of 5,6 of 6,40 of 96,2 of 3,2 of 2,,,,,,,,,,,,,,,,,,,,,,,,
"January 11, 2025",Christian Rodriguez,Austin Bashi,http://ufcstats.com/fight-details/03c1865919daeaa4,W,Decision - Unanimous,3,5:00,0,7 of 18,9 of 20,1 of 2,2,1,1:14,0,8 of 13,11 of 16,1 of 6,0,0,2:16,5 of 16,2 of 2,0 of 0,3 of 14,4 of 4,0 of 0,3 of 7,3 of 4,2 of 2,5 of 10,3 of 3,0 of 0,0,14 of 18,19 of 23,0 of 0,0,1,0:24,0,5 of 15,11 of 22,2 of 7,0,0,2:44,0,23 of 46,27 of 50,1 of 2,0,0,1:42,0,10 of 22,10 of 22,0 of 5,0,0,0:41,,,,,,,,,,,,,,,,,,,,,,,,,,,,,13 of 16,1 of 2,0 of 0,11 of 15,1 of 1,2 of 2,2 of 10,3 of 3,0 of 2,4 of 13,1 of 2,0 of 0,14 of 36,9 of 10,0 of 0,18 of 37,3 of 7,2 of 2,7 of 17,3 of 4,0 of 1,8 of 20,1 of 1,1 of 1,,,,,,,,,,,,,,,,,,,,,,,,
"January 11, 2025",Punahele Soriano,Uros Medic,http://ufcstats.com/fight-details/32cc31b76b32ade1,W,KO/TKO,1,0:31,1,13 of 17,13 of 17,0 of 0,0,0,0:04,0,2 of 3,2 of 3,0 of 0,0,0,0:00,12 of 16,0 of 0,1 of 1,5 of 8,0 of 0,8 of 9,1 of 2,1 of 1,0 of 0,2 of 3,0 of 0,0 of 0,,,,,,,,,,,,,,,,,,,,,,,,,,,,,,,,,,,,,,,,,,,,,,,,,,,,,,,,,,,,,,,,,,,,,,,,,,,,,,,,,,,,,,,,,,,,,,,,,,,,,,,,
"January 11, 2025",Jose Johnson,Felipe Bunes,http://ufcstats.com/fight-details/8a3281b0d7c168af,L,Submission,1,2:04,0,8 of 14,8 of 15,0 of 0,0,0,0:48,0,2 of 7,5 of 10,0 of 2,2,0,0:11,3 of 8,3 of 4,2 of 2,7 of 11,0 of 2,1 of 1,2 of 7,0 of 0,0 of 0,2 of 7,0 of 0,0 of 0,,,,,,,,,,,,,,,,,,,,,,,,,,,,,,,,,,,,,,,,,,,,,,,,,,,,,,,,,,,,,,,,,,,,,,,,,,,,,,,,,,,,,,,,,,,,,,,,,,,,,,,,
"January 11, 2025",Marco Tulio,Ihor Potieria,http://ufcstats.com/fight-details/8d68863242695224,W,KO/TKO,1,3:04,1,29 of 54,34 of 62,0 of 0,0,0,0:26,0,6 of 15,6 of 15,0 of 0,0,0,0:00,20 of 41,5 of 7,4 of 6,17 of 37,1 of 1,11 of 16,2 of 8,1 of 2,3 of 5,6 of 15,0 of 0,0 of 0,,,,,,,,,,,,,,,,,,,,,,,,,,,,,,,,,,,,,,,,,,,,,,,,,,,,,,,,,,,,,,,,,,,,,,,,,,,,,,,,,,,,,,,,,,,,,,,,,,,,,,,,
"January 11, 2025",Preston Parsons,Jacobe Smith,http://ufcstats.com/fight-details/58eda5a58a89f739,L,KO/TKO,1,1:13,0,7 of 14,8 of 15,0 of 0,0,0,0:00,1,12 of 23,12 of 23,0 of 0,0,0,0:13,6 of 12,1 of 1,0 of 1,6 of 13,1 of 1,0 of 0,8 of 17,2 of 3,2 of 3,11 of 21,0 of 0,1 of 2,,,,,,,,,,,,,,,,,,,,,,,,,,,,,,,,,,,,,,,,,,,,,,,,,,,,,,,,,,,,,,,,,,,,,,,,,,,,,,,,,,,,,,,,,,,,,,,,,,,,,,,,
"January 11, 2025",Ernesta Kareckaite,Nicolle Caliari,http://ufcstats.com/fight-details/b33e3a6d15700bb1,W,Decision - Split,3,5:00,0,27 of 63,35 of 71,0 of 0,0,0,0:34,0,21 of 41,25 of 45,2 of 7,0,0,1:49,19 of 54,8 of 9,0 of 0,22 of 57,5 of 6,0 of 0,13 of 30,5 of 7,3 of 4,18 of 38,3 of 3,0 of 0,0,36 of 86,45 of 98,0 of 0,0,0,0:59,0,24 of 66,28 of 72,0 of 3,0,0,0:00,0,32 of 77,46 of 97,0 of 0,0,0,0:00,0,22 of 59,33 of 77,1 of 4,0,0,1:45,,,,,,,,,,,,,,,,,,,,,,,,,,,,,31 of 76,5 of 9,0 of 1,34 of 80,2 of 6,0 of 0,14 of 52,6 of 9,4 of 5,24 of 66,0 of 0,0 of 0,27 of 69,5 of 8,0 of 0,31 of 76,1 of 1,0 of 0,9 of 38,11 of 19,2 of 2,21 of 52,0 of 2,1 of 5,,,,,,,,,,,,,,,,,,,,,,,,
"January 11, 2025",Magomed Gadzhiyasulov,Bruno Lopes,http://ufcstats.com/fight-details/817cd15077a9419e,L,Decision - Unanimous,3,5:00,0,15 of 23,45 of 55,0 of 0,0,0,0:00,0,4 of 21,16 of 41,1 of 3,0,0,3:05,2 of 9,5 of 6,8 of 8,13 of 20,2 of 3,0 of 0,2 of 14,1 of 1,1 of 6,2 of 18,2 of 3,0 of 0,0,9 of 27,15 of 33,0 of 3,0,0,0:14,0,17 of 31,27 of 47,1 of 3,0,0,2:59,0,7 of 17,8 of 18,0 of 0,0,0,0:00,0,12 of 18,30 of 38,3 of 8,0,0,3:15,,,,,,,,,,,,,,,,,,,,,,,,,,,,,4 of 18,4 of 6,1 of 3,6 of 21,3 of 6,0 of 0,13 of 25,4 of 6,0 of 0,2 of 12,12 of 14,3 of 5,3 of 13,1 of 1,3 of 3,5 of 13,2 of 4,0 of 0,6 of 9,5 of 6,1 of 3,4 of 9,8 of 9,0 of 0,,,,,,,,,,,,,,,,,,,,,,,,
"January 11, 2025",Fatima Kline,Viktoriia Dudakova,http://ufcstats.com/fight-details/f01851055b8309e0,W,KO/TKO,2,4:27,0,11 of 16,25 of 32,0 of 0,0,2,2:41,0,1 of 2,1 of 2,2 of 4,0,0,1:41,9 of 14,1 of 1,1 of 1,2 of 6,2 of 2,7 of 8,0 of 1,0 of 0,1 of 1,1 of 2,0 of 0,0 of 0,0,4 of 16,17 of 40,2 of 2,0,1,3:24,0,0 of 1,3 of 4,0 of 2,0,1,0:56,,,,,,,,,,,,,,,,,,,,,,,,,,,,,,,,,,,,,,,,,,,4 of 16,0 of 0,0 of 0,0 of 1,0 of 0,4 of 15,0 of 1,0 of 0,0 of 0,0 of 1,0 of 0,0 of 0,,,,,,,,,,,,,,,,,,,,,,,,,,,,,,,,,,,,
"January 11, 2025",Nurullo Aliev,Joe Solecki,http://ufcstats.com/fight-details/192619174bd1ad77,W,Decision - Unanimous,3,5:00,0,2 of 5,17 of 28,1 of 1,0,0,4:08,0,2 of 4,8 of 10,0 of 0,0,0,0:00,2 of 5,0 of 0,0 of 0,0 of 2,0 of 0,2 of 3,1 of 3,1 of 1,0 of 0,2 of 4,0 of 0,0 of 0,0,9 of 29,35 of 60,1 of 1,0,0,4:05,0,5 of 13,14 of 22,0 of 0,1,0,0:00,0,24 of 54,29 of 62,0 of 0,0,0,0:00,0,21 of 51,30 of 66,1 of 1,0,0,0:36,,,,,,,,,,,,,,,,,,,,,,,,,,,,,9 of 29,0 of 0,0 of 0,2 of 9,1 of 2,6 of 18,5 of 12,0 of 1,0 of 0,5 of 13,0 of 0,0 of 0,18 of 47,5 of 6,1 of 1,24 of 54,0 of 0,0 of 0,18 of 45,0 of 2,3 of 4,19 of 48,0 of 0,2 of 3,,,,,,,,,,,,,,,,,,,,,,,,
"December 14, 2024",Cub Swanson,Billy Quarantillo,http://ufcstats.com/fight-details/7521015554088962,W,KO/TKO,3,1:36,0,39 of 57,40 of 58,0 of 0,0,0,0:00,0,37 of 88,37 of 88,1 of 3,0,0,0:14,23 of 38,7 of 10,9 of 9,39 of 57,0 of 0,0 of 0,22 of 66,6 of 10,9 of 12,37 of 87,0 of 1,0 of 0,0,40 of 69,54 of 83,0 of 0,0,0,0:09,0,38 of 105,49 of 117,2 of 5,0,0,1:38,1,20 of 32,20 of 32,0 of 0,0,0,0:01,0,22 of 44,22 of 44,0 of 3,0,0,0:15,,,,,,,,,,,,,,,,,,,,,,,,,,,,,35 of 61,4 of 6,1 of 2,36 of 65,4 of 4,0 of 0,31 of 91,6 of 12,1 of 2,32 of 91,6 of 14,0 of 0,16 of 28,2 of 2,2 of 2,20 of 32,0 of 0,0 of 0,12 of 31,8 of 10,2 of 3,22 of 44,0 of 0,0 of 0,,,,,,,,,,,,,,,,,,,,,,,,
"December 14, 2024",Vitor Petrino,Dustin Jacoby,http://ufcstats.com/fight-details/7b1bc4ff776f12c1,L,KO/TKO,3,3:44,0,10 of 26,10 of 26,0 of 1,0,0,0:02,0,12 of 32,12 of 32,0 of 0,0,0,0:04,5 of 19,2 of 2,3 of 5,10 of 26,0 of 0,0 of 0,5 of 22,1 of 2,6 of 8,8 of 25,4 of 7,0 of 0,0,19 of 47,19 of 47,0 of 0,0,0,0:00,0,18 of 36,18 of 36,0 of 0,0,0,0:00,0,11 of 23,11 of 23,0 of 3,0,0,0:38,1,15 of 28,17 of 32,0 of 0,0,0,0:16,,,,,,,,,,,,,,,,,,,,,,,,,,,,,16 of 42,2 of 3,1 of 2,19 of 47,0 of 0,0 of 0,8 of 24,3 of 4,7 of 8,18 of 36,0 of 0,0 of 0,6 of 18,2 of 2,3 of 3,11 of 23,0 of 0,0 of 0,10 of 23,3 of 3,2 of 2,13 of 26,1 of 1,1 of 1,,,,,,,,,,,,,,,,,,,,,,,,
"December 14, 2024",Adrian Yanez,Daniel Marcos,http://ufcstats.com/fight-details/5238f6470d0557fb,L,Decision - Split,3,5:00,0,24 of 55,29 of 60,0 of 0,0,0,0:23,0,29 of 46,30 of 47,0 of 0,0,0,0:46,15 of 46,2 of 2,7 of 7,24 of 55,0 of 0,0 of 0,14 of 30,4 of 5,11 of 11,27 of 44,2 of 2,0 of 0,0,41 of 98,41 of 98,0 of 0,0,0,0:00,0,39 of 70,39 of 70,0 of 2,0,0,0:00,0,14 of 30,15 of 31,0 of 1,0,0,0:52,0,18 of 31,26 of 39,2 of 2,0,0,2:37,,,,,,,,,,,,,,,,,,,,,,,,,,,,,29 of 82,5 of 6,7 of 10,41 of 97,0 of 1,0 of 0,29 of 52,5 of 10,5 of 8,39 of 70,0 of 0,0 of 0,13 of 28,1 of 2,0 of 0,14 of 30,0 of 0,0 of 0,17 of 29,0 of 1,1 of 1,15 of 28,1 of 1,2 of 2,,,,,,,,,,,,,,,,,,,,,,,,
"December 14, 2024",Navajo Stirling,Tuco Tokkos,http://ufcstats.com/fight-details/2b6a75175bbca4e9,W,Decision - Unanimous,3,5:00,0,21 of 57,24 of 62,0 of 0,0,0,0:23,0,10 of 24,10 of 24,0 of 2,0,0,0:00,8 of 35,9 of 15,4 of 7,20 of 54,1 of 3,0 of 0,3 of 14,3 of 3,4 of 7,9 of 22,1 of 2,0 of 0,0,22 of 35,25 of 39,0 of 0,0,0,0:00,0,10 of 35,12 of 37,3 of 5,0,0,2:29,0,35 of 63,50 of 80,0 of 0,0,0,0:31,0,12 of 31,12 of 32,0 of 2,0,0,1:07,,,,,,,,,,,,,,,,,,,,,,,,,,,,,8 of 19,12 of 14,2 of 2,17 of 28,5 of 7,0 of 0,8 of 31,1 of 1,1 of 3,8 of 30,2 of 5,0 of 0,17 of 40,16 of 21,2 of 2,33 of 60,2 of 3,0 of 0,7 of 25,1 of 1,4 of 5,11 of 28,1 of 3,0 of 0,,,,,,,,,,,,,,,,,,,,,,,,
"December 14, 2024",Sean Woodson,Fernando Padilla,http://ufcstats.com/fight-details/ebeeed2595266bbc,W,KO/TKO,1,4:58,1,38 of 71,38 of 71,0 of 0,0,0,1:03,0,22 of 69,24 of 72,0 of 0,0,0,0:09,35 of 64,0 of 3,3 of 4,36 of 69,0 of 0,2 of 2,14 of 59,4 of 6,4 of 4,17 of 61,5 of 8,0 of 0,,,,,,,,,,,,,,,,,,,,,,,,,,,,,,,,,,,,,,,,,,,,,,,,,,,,,,,,,,,,,,,,,,,,,,,,,,,,,,,,,,,,,,,,,,,,,,,,,,,,,,,,
"December 14, 2024",Miles Johns,Felipe Lima,http://ufcstats.com/fight-details/cf258c17234d649e,L,Decision - Unanimous,3,5:00,0,12 of 43,12 of 43,0 of 0,0,0,0:29,0,20 of 48,20 of 48,0 of 1,0,0,0:02,9 of 39,2 of 2,1 of 2,12 of 43,0 of 0,0 of 0,13 of 34,4 of 5,3 of 9,18 of 46,2 of 2,0 of 0,0,15 of 61,18 of 65,0 of 1,0,0,0:34,0,24 of 58,27 of 61,1 of 1,0,0,0:44,0,4 of 33,5 of 35,0 of 0,0,1,0:32,0,11 of 28,13 of 31,1 of 3,1,0,2:09,,,,,,,,,,,,,,,,,,,,,,,,,,,,,9 of 54,3 of 3,3 of 4,15 of 61,0 of 0,0 of 0,21 of 52,2 of 4,1 of 2,24 of 56,0 of 1,0 of 1,3 of 29,0 of 2,1 of 2,4 of 31,0 of 2,0 of 0,9 of 26,1 of 1,1 of 1,10 of 24,1 of 2,0 of 2,,,,,,,,,,,,,,,,,,,,,,,,
"December 14, 2024",Davey Grant,Ramon Taveras,http://ufcstats.com/fight-details/b40e4deb48658851,W,Decision - Unanimous,3,5:00,0,39 of 72,39 of 72,0 of 0,0,0,0:00,0,12 of 34,12 of 34,0 of 0,0,0,0:00,5 of 28,15 of 22,19 of 22,39 of 72,0 of 0,0 of 0,10 of 32,2 of 2,0 of 0,12 of 34,0 of 0,0 of 0,0,45 of 89,45 of 89,0 of 1,0,0,0:00,0,25 of 49,25 of 49,0 of 0,0,0,0:00,0,63 of 129,63 of 129,0 of 0,0,0,0:00,0,32 of 73,32 of 73,0 of 0,0,0,0:00,,,,,,,,,,,,,,,,,,,,,,,,,,,,,16 of 46,12 of 22,17 of 21,45 of 89,0 of 0,0 of 0,23 of 47,1 of 1,1 of 1,23 of 45,2 of 3,0 of 1,29 of 84,15 of 23,19 of 22,63 of 129,0 of 0,0 of 0,30 of 70,2 of 3,0 of 0,32 of 73,0 of 0,0 of 0,,,,,,,,,,,,,,,,,,,,,,,,
"December 14, 2024",Josefine Knutsson,Piera Rodriguez,http://ufcstats.com/fight-details/edf7ce89ad672e85,L,Decision - Unanimous,3,5:00,0,18 of 30,31 of 46,0 of 0,0,0,0:20,0,19 of 31,24 of 36,4 of 5,0,0,3:40,12 of 24,5 of 5,1 of 1,7 of 12,11 of 18,0 of 0,16 of 26,3 of 4,0 of 1,6 of 13,6 of 9,7 of 9,0,6 of 19,16 of 29,0 of 0,0,0,0:57,0,12 of 19,21 of 34,3 of 4,0,0,2:39,0,2 of 6,20 of 25,0 of 0,0,0,0:00,0,5 of 14,40 of 67,1 of 1,0,0,4:05,,,,,,,,,,,,,,,,,,,,,,,,,,,,,4 of 16,2 of 3,0 of 0,3 of 12,3 of 7,0 of 0,6 of 12,5 of 6,1 of 1,5 of 10,5 of 7,2 of 2,0 of 3,1 of 1,1 of 2,2 of 6,0 of 0,0 of 0,4 of 13,0 of 0,1 of 1,1 of 3,0 of 0,4 of 11,,,,,,,,,,,,,,,,,,,,,,,,
"December 07, 2024",Clay Guida,Chase Hooper,http://ufcstats.com/fight-details/72b12a837290b327,L,Submission,1,3:41,0,5 of 13,6 of 15,0 of 1,0,0,0:00,0,7 of 15,14 of 28,3 of 6,1,0,2:08,3 of 9,2 of 4,0 of 0,2 of 10,3 of 3,0 of 0,5 of 10,2 of 5,0 of 0,5 of 12,1 of 2,1 of 1,,,,,,,,,,,,,,,,,,,,,,,,,,,,,,,,,,,,,,,,,,,,,,,,,,,,,,,,,,,,,,,,,,,,,,,,,,,,,,,,,,,,,,,,,,,,,,,,,,,,,,,,
"December 07, 2024",Kennedy Nzechukwu,Lukasz Brzeski,http://ufcstats.com/fight-details/eb94412f15c62650,W,KO/TKO,1,4:51,1,29 of 70,29 of 70,0 of 0,0,0,0:04,0,32 of 69,32 of 69,0 of 2,0,0,0:00,19 of 55,10 of 13,0 of 2,26 of 67,0 of 0,3 of 3,16 of 50,6 of 9,10 of 10,32 of 69,0 of 0,0 of 0,,,,,,,,,,,,,,,,,,,,,,,,,,,,,,,,,,,,,,,,,,,,,,,,,,,,,,,,,,,,,,,,,,,,,,,,,,,,,,,,,,,,,,,,,,,,,,,,,,,,,,,,
"November 23, 2024",Zhang Mingyang,Ozzy Diaz,http://ufcstats.com/fight-details/56d2c00dfd391fcf,W,KO/TKO,1,2:25,1,17 of 34,19 of 38,0 of 0,0,0,0:05,0,9 of 12,9 of 12,0 of 0,0,0,0:00,9 of 24,2 of 4,6 of 6,15 of 26,0 of 0,2 of 8,4 of 7,5 of 5,0 of 0,9 of 12,0 of 0,0 of 0,,,,,,,,,,,,,,,,,,,,,,,,,,,,,,,,,,,,,,,,,,,,,,,,,,,,,,,,,,,,,,,,,,,,,,,,,,,,,,,,,,,,,,,,,,,,,,,,,,,,,,,,
"November 23, 2024",Nyamjargal Tumendemberel,Carlos Hernandez,http://ufcstats.com/fight-details/5dab54e34c2cfe01,L,Decision - Split,3,5:00,1,12 of 26,13 of 27,0 of 2,1,0,0:07,0,11 of 29,12 of 30,1 of 4,0,0,1:52,6 of 18,3 of 4,3 of 4,12 of 23,0 of 3,0 of 0,7 of 23,2 of 3,2 of 3,9 of 25,2 of 3,0 of 1,0,2 of 18,2 of 18,0 of 1,0,1,0:06,0,12 of 26,13 of 29,3 of 5,0,0,2:52,0,12 of 49,13 of 50,0 of 0,0,0,0:02,0,21 of 50,21 of 51,0 of 5,0,0,0:01,,,,,,,,,,,,,,,,,,,,,,,,,,,,,2 of 18,0 of 0,0 of 0,1 of 14,0 of 0,1 of 4,6 of 20,4 of 4,2 of 2,11 of 21,0 of 4,1 of 1,10 of 46,2 of 3,0 of 0,11 of 47,1 of 1,0 of 1,13 of 42,2 of 2,6 of 6,20 of 48,1 of 2,0 of 0,,,,,,,,,,,,,,,,,,,,,,,,
"November 23, 2024",Lone'er Kavanagh,Jose Ochoa,http://ufcstats.com/fight-details/38f1c83c19e99fa2,W,Decision - Unanimous,3,5:00,0,21 of 45,21 of 45,0 of 0,0,0,0:00,0,19 of 44,19 of 44,0 of 0,0,0,0:00,6 of 21,4 of 10,11 of 14,21 of 45,0 of 0,0 of 0,3 of 19,2 of 6,14 of 19,19 of 44,0 of 0,0 of 0,0,18 of 46,18 of 46,0 of 2,0,0,0:00,0,20 of 60,29 of 70,0 of 0,1,0,0:33,0,12 of 35,12 of 35,0 of 0,0,0,0:00,0,11 of 54,11 of 54,0 of 1,0,0,0:03,,,,,,,,,,,,,,,,,,,,,,,,,,,,,9 of 28,7 of 11,2 of 7,17 of 45,1 of 1,0 of 0,7 of 29,6 of 20,7 of 11,19 of 58,1 of 2,0 of 0,9 of 25,1 of 7,2 of 3,12 of 34,0 of 1,0 of 0,3 of 30,5 of 14,3 of 10,11 of 54,0 of 0,0 of 0,,,,,,,,,,,,,,,,,,,,,,,,
"November 23, 2024",Maheshate,Nikolas Motta,http://ufcstats.com/fight-details/86a2f07e0bf20297,L,Decision - Unanimous,3,5:00,0,16 of 44,16 of 44,0 of 0,0,0,0:00,1,25 of 63,32 of 74,0 of 0,0,0,0:07,7 of 33,4 of 5,5 of 6,14 of 41,2 of 3,0 of 0,18 of 52,2 of 5,5 of 6,24 of 60,1 of 3,0 of 0,0,24 of 66,24 of 66,0 of 0,0,0,0:00,0,25 of 54,25 of 57,0 of 0,0,0,0:05,0,16 of 59,20 of 63,0 of 0,0,0,0:00,1,28 of 49,30 of 52,0 of 0,0,0,1:20,,,,,,,,,,,,,,,,,,,,,,,,,,,,,11 of 51,2 of 3,11 of 12,24 of 62,0 of 4,0 of 0,19 of 47,3 of 4,3 of 3,24 of 50,1 of 4,0 of 0,11 of 49,3 of 5,2 of 5,15 of 57,1 of 2,0 of 0,24 of 45,2 of 2,2 of 2,19 of 37,0 of 0,9 of 12,,,,,,,,,,,,,,,,,,,,,,,,
"November 16, 2024",Mauricio Ruffy,James Llontop,http://ufcstats.com/fight-details/55eebc2ee92bf00a,W,Decision - Unanimous,3,5:00,0,21 of 31,21 of 31,0 of 0,0,0,0:00,0,19 of 63,19 of 63,0 of 0,0,0,0:00,13 of 23,3 of 3,5 of 5,21 of 31,0 of 0,0 of 0,6 of 36,7 of 14,6 of 13,19 of 62,0 of 1,0 of 0,1,24 of 42,25 of 43,0 of 0,0,0,0:14,0,26 of 78,28 of 80,0 of 2,0,0,0:19,0,22 of 40,28 of 46,0 of 0,0,0,0:02,0,45 of 95,65 of 117,0 of 4,0,0,1:01,,,,,,,,,,,,,,,,,,,,,,,,,,,,,21 of 39,0 of 0,3 of 3,16 of 32,1 of 1,7 of 9,8 of 49,10 of 19,8 of 10,25 of 76,1 of 2,0 of 0,19 of 35,3 of 5,0 of 0,20 of 38,2 of 2,0 of 0,15 of 58,22 of 29,8 of 8,31 of 77,14 of 18,0 of 0,,,,,,,,,,,,,,,,,,,,,,,,
"November 16, 2024",Marcin Tybura,Jhonata Diniz,http://ufcstats.com/fight-details/6c1faa6284428e5d,W,TKO - Doctor's Stoppage,2,5:00,0,3 of 5,66 of 82,0 of 1,0,1,3:57,0,7 of 14,17 of 26,0 of 0,0,0,0:36,2 of 4,1 of 1,0 of 0,1 of 2,0 of 0,2 of 3,7 of 14,0 of 0,0 of 0,0 of 3,1 of 1,6 of 10,0,32 of 44,87 of 105,1 of 2,0,0,3:17,0,8 of 15,10 of 18,0 of 0,0,0,0:00,,,,,,,,,,,,,,,,,,,,,,,,,,,,,,,,,,,,,,,,,,,31 of 42,0 of 1,1 of 1,8 of 17,0 of 0,24 of 27,6 of 13,1 of 1,1 of 1,8 of 15,0 of 0,0 of 0,,,,,,,,,,,,,,,,,,,,,,,,,,,,,,,,,,,,
"November 09, 2024",Neil Magny,Carlos Prates,http://ufcstats.com/fight-details/73f451d894a1d4ca,L,KO/TKO,1,4:50,0,10 of 20,23 of 33,0 of 7,0,0,1:31,2,12 of 21,13 of 22,1 of 1,0,0,1:09,7 of 17,2 of 2,1 of 1,9 of 19,1 of 1,0 of 0,9 of 17,1 of 1,2 of 3,10 of 19,0 of 0,2 of 2,,,,,,,,,,,,,,,,,,,,,,,,,,,,,,,,,,,,,,,,,,,,,,,,,,,,,,,,,,,,,,,,,,,,,,,,,,,,,,,,,,,,,,,,,,,,,,,,,,,,,,,,
"November 09, 2024",Gaston Bolanos,Cortavious Romious,http://ufcstats.com/fight-details/e6685759ed2af90d,W,Decision - Unanimous,3,5:00,0,27 of 40,29 of 43,0 of 0,0,1,1:30,0,12 of 34,16 of 39,1 of 3,0,0,0:35,4 of 16,12 of 13,11 of 11,24 of 36,3 of 3,0 of 1,8 of 27,2 of 4,2 of 3,9 of 30,0 of 0,3 of 4,0,15 of 23,25 of 33,1 of 1,0,0,1:21,0,3 of 5,4 of 7,2 of 2,0,0,3:09,0,11 of 12,26 of 28,1 of 1,0,0,1:38,0,2 of 6,10 of 15,1 of 1,0,0,2:29,,,,,,,,,,,,,,,,,,,,,,,,,,,,,12 of 19,3 of 4,0 of 0,1 of 3,5 of 6,9 of 14,3 of 5,0 of 0,0 of 0,3 of 5,0 of 0,0 of 0,6 of 7,4 of 4,1 of 1,4 of 5,1 of 1,6 of 6,1 of 5,1 of 1,0 of 0,2 of 6,0 of 0,0 of 0,,,,,,,,,,,,,,,,,,,,,,,,
"November 09, 2024",Luana Pinheiro,Gillian Robertson,http://ufcstats.com/fight-details/c31d9cac7534d879,L,Decision - Unanimous,3,5:00,0,14 of 38,16 of 42,0 of 0,0,0,0:04,0,15 of 32,15 of 35,3 of 8,0,0,2:33,8 of 32,5 of 5,1 of 1,14 of 37,0 of 1,0 of 0,6 of 17,2 of 5,7 of 10,9 of 23,1 of 1,5 of 8,0,25 of 61,29 of 65,0 of 0,0,0,0:00,0,20 of 47,22 of 55,1 of 6,0,0,1:22,0,3 of 6,18 of 21,0 of 0,0,1,0:13,0,17 of 29,41 of 55,1 of 3,0,1,4:18,,,,,,,,,,,,,,,,,,,,,,,,,,,,,13 of 48,11 of 12,1 of 1,24 of 59,1 of 2,0 of 0,11 of 32,3 of 9,6 of 6,17 of 44,3 of 3,0 of 0,2 of 4,0 of 1,1 of 1,3 of 6,0 of 0,0 of 0,16 of 23,0 of 4,1 of 2,2 of 9,0 of 0,15 of 20,,,,,,,,,,,,,,,,,,,,,,,,
"November 09, 2024",Mansur Abdul-Malik,Dusko Todorovic,http://ufcstats.com/fight-details/ea6427379a83bd01,W,KO/TKO,1,2:44,1,29 of 51,31 of 54,0 of 0,0,0,1:27,0,3 of 5,3 of 5,0 of 0,0,0,0:03,27 of 49,2 of 2,0 of 0,5 of 12,2 of 2,22 of 37,2 of 4,0 of 0,1 of 1,3 of 5,0 of 0,0 of 0,,,,,,,,,,,,,,,,,,,,,,,,,,,,,,,,,,,,,,,,,,,,,,,,,,,,,,,,,,,,,,,,,,,,,,,,,,,,,,,,,,,,,,,,,,,,,,,,,,,,,,,,
"November 09, 2024",Karolina Kowalkiewicz,Denise Gomes,http://ufcstats.com/fight-details/e62033cb1e79aa81,L,Decision - Unanimous,3,5:00,0,7 of 16,11 of 21,0 of 0,0,0,0:15,0,22 of 36,32 of 46,0 of 0,0,0,2:11,0 of 5,5 of 5,2 of 6,4 of 12,3 of 4,0 of 0,8 of 17,12 of 15,2 of 4,12 of 25,10 of 11,0 of 0,0,13 of 31,21 of 39,0 of 1,0,0,0:15,0,23 of 45,28 of 52,0 of 3,0,0,2:15,0,26 of 51,29 of 55,0 of 0,0,0,0:32,0,28 of 63,31 of 68,0 of 0,1,0,1:21,,,,,,,,,,,,,,,,,,,,,,,,,,,,,5 of 19,4 of 6,4 of 6,12 of 29,1 of 2,0 of 0,9 of 24,9 of 15,5 of 6,18 of 36,5 of 9,0 of 0,11 of 33,10 of 13,5 of 5,23 of 48,3 of 3,0 of 0,13 of 44,12 of 14,3 of 5,23 of 54,5 of 8,0 of 1,,,,,,,,,,,,,,,,,,,,,,,,
"November 09, 2024",Tresean Gore,Antonio Trocoli,http://ufcstats.com/fight-details/582846744e379178,W,Submission,1,1:23,0,3 of 3,5 of 5,1 of 1,1,0,0:45,0,2 of 5,2 of 5,0 of 1,0,0,0:13,0 of 0,2 of 2,1 of 1,1 of 1,2 of 2,0 of 0,0 of 2,1 of 2,1 of 1,2 of 4,0 of 1,0 of 0,,,,,,,,,,,,,,,,,,,,,,,,,,,,,,,,,,,,,,,,,,,,,,,,,,,,,,,,,,,,,,,,,,,,,,,,,,,,,,,,,,,,,,,,,,,,,,,,,,,,,,,,
"November 02, 2024",Caio Machado,Brendson Ribeiro,http://ufcstats.com/fight-details/7edf2fe3a8776a44,L,Decision - Split,3,5:00,0,22 of 43,22 of 43,0 of 0,0,0,0:00,0,16 of 34,16 of 34,0 of 0,0,0,0:00,3 of 21,7 of 10,12 of 12,22 of 43,0 of 0,0 of 0,6 of 21,5 of 6,5 of 7,16 of 34,0 of 0,0 of 0,0,22 of 58,22 of 58,0 of 0,0,0,0:00,0,12 of 36,12 of 36,0 of 0,0,0,0:00,0,32 of 83,35 of 86,0 of 0,0,0,0:02,0,21 of 61,21 of 61,0 of 0,0,0,0:00,,,,,,,,,,,,,,,,,,,,,,,,,,,,,6 of 31,11 of 18,5 of 9,22 of 58,0 of 0,0 of 0,5 of 22,4 of 9,3 of 5,12 of 36,0 of 0,0 of 0,15 of 62,15 of 19,2 of 2,32 of 83,0 of 0,0 of 0,14 of 50,7 of 10,0 of 1,21 of 60,0 of 1,0 of 0,,,,,,,,,,,,,,,,,,,,,,,,
"November 02, 2024",Ariane da Silva,Jasmine Jasudavicius,http://ufcstats.com/fight-details/eaa885cf7ae31e0b,L,Submission,3,2:28,0,27 of 57,27 of 57,0 of 0,0,0,0:00,0,13 of 46,20 of 60,1 of 1,0,0,0:32,17 of 39,10 of 15,0 of 3,27 of 57,0 of 0,0 of 0,10 of 42,2 of 3,1 of 1,13 of 46,0 of 0,0 of 0,0,9 of 20,10 of 21,0 of 0,0,0,0:00,0,17 of 28,83 of 120,1 of 1,0,0,3:42,0,6 of 15,6 of 15,0 of 0,0,0,0:00,0,6 of 10,27 of 38,1 of 3,1,0,1:30,,,,,,,,,,,,,,,,,,,,,,,,,,,,,4 of 13,4 of 6,1 of 1,9 of 20,0 of 0,0 of 0,15 of 26,1 of 1,1 of 1,7 of 16,0 of 0,10 of 12,5 of 13,1 of 2,0 of 0,5 of 11,1 of 4,0 of 0,4 of 8,2 of 2,0 of 0,4 of 8,1 of 1,1 of 1,,,,,,,,,,,,,,,,,,,,,,,,
"November 02, 2024",Marc-Andre Barriault,Dustin Stoltzfus,http://ufcstats.com/fight-details/6ad594777cce2d7d,L,KO/TKO,1,4:28,0,7 of 11,13 of 17,0 of 0,0,0,0:01,1,13 of 20,23 of 32,0 of 0,1,0,3:54,6 of 10,1 of 1,0 of 0,0 of 2,7 of 9,0 of 0,11 of 17,1 of 2,1 of 1,2 of 5,7 of 10,4 of 5,,,,,,,,,,,,,,,,,,,,,,,,,,,,,,,,,,,,,,,,,,,,,,,,,,,,,,,,,,,,,,,,,,,,,,,,,,,,,,,,,,,,,,,,,,,,,,,,,,,,,,,,
"November 02, 2024",Mike Malott,Trevin Giles,http://ufcstats.com/fight-details/d29a82322bb083d9,W,Decision - Unanimous,3,5:00,0,12 of 37,12 of 37,0 of 0,0,0,0:00,0,9 of 16,9 of 16,0 of 0,0,0,0:00,2 of 24,4 of 7,6 of 6,12 of 37,0 of 0,0 of 0,4 of 10,0 of 1,5 of 5,9 of 16,0 of 0,0 of 0,0,28 of 54,28 of 54,0 of 1,0,0,0:00,0,17 of 32,17 of 32,0 of 0,0,0,0:00,0,19 of 39,19 of 39,0 of 0,0,0,0:00,0,8 of 30,8 of 30,0 of 0,0,0,0:00,,,,,,,,,,,,,,,,,,,,,,,,,,,,,13 of 34,8 of 11,7 of 9,28 of 53,0 of 1,0 of 0,13 of 28,2 of 2,2 of 2,17 of 31,0 of 1,0 of 0,7 of 24,7 of 10,5 of 5,19 of 39,0 of 0,0 of 0,6 of 26,1 of 2,1 of 2,8 of 30,0 of 0,0 of 0,,,,,,,,,,,,,,,,,,,,,,,,
"November 02, 2024",Alexandr Romanov,Rodrigo Nascimento,http://ufcstats.com/fight-details/de084f0d65421cfa,W,Decision - Unanimous,3,5:00,0,2 of 5,32 of 36,4 of 5,1,0,4:47,0,1 of 1,4 of 4,0 of 0,0,0,0:00,2 of 5,0 of 0,0 of 0,0 of 0,0 of 0,2 of 5,0 of 0,1 of 1,0 of 0,1 of 1,0 of 0,0 of 0,0,17 of 28,26 of 37,2 of 4,0,0,2:46,0,10 of 34,24 of 48,0 of 0,0,0,0:00,0,26 of 59,29 of 62,0 of 1,0,0,0:00,0,20 of 56,20 of 56,0 of 0,0,0,0:00,,,,,,,,,,,,,,,,,,,,,,,,,,,,,14 of 23,2 of 4,1 of 1,15 of 24,2 of 4,0 of 0,7 of 30,3 of 4,0 of 0,9 of 33,1 of 1,0 of 0,21 of 54,1 of 1,4 of 4,24 of 55,2 of 4,0 of 0,12 of 47,3 of 4,5 of 5,20 of 56,0 of 0,0 of 0,,,,,,,,,,,,,,,,,,,,,,,,
"November 02, 2024",Serhiy Sidey,Garrett Armfield,http://ufcstats.com/fight-details/f93b074dfd47b4b4,W,Decision - Split,3,5:00,0,20 of 41,23 of 44,0 of 2,1,0,0:35,0,24 of 40,24 of 40,1 of 2,0,0,0:57,8 of 27,8 of 10,4 of 4,17 of 34,3 of 7,0 of 0,20 of 36,3 of 3,1 of 1,22 of 37,2 of 3,0 of 0,0,39 of 86,40 of 87,0 of 2,0,0,0:00,0,43 of 92,44 of 93,0 of 0,0,0,0:02,0,9 of 17,12 of 20,0 of 0,2,1,0:12,0,4 of 10,9 of 15,3 of 3,1,0,3:54,,,,,,,,,,,,,,,,,,,,,,,,,,,,,28 of 68,9 of 15,2 of 3,37 of 84,2 of 2,0 of 0,34 of 83,6 of 6,3 of 3,42 of 89,1 of 3,0 of 0,4 of 11,5 of 6,0 of 0,6 of 13,2 of 3,1 of 1,3 of 8,0 of 1,1 of 1,1 of 7,1 of 1,2 of 2,,,,,,,,,,,,,,,,,,,,,,,,
"November 02, 2024",Chad Anheliger,Cody Gibson,http://ufcstats.com/fight-details/c9cef59a5de32219,L,Decision - Unanimous,3,5:00,0,5 of 9,13 of 19,0 of 0,0,0,0:00,0,4 of 16,23 of 35,2 of 2,1,0,3:37,3 of 7,0 of 0,2 of 2,5 of 9,0 of 0,0 of 0,3 of 12,0 of 1,1 of 3,4 of 15,0 of 0,0 of 1,0,0 of 1,9 of 14,0 of 0,0,0,0:00,0,9 of 11,27 of 40,1 of 2,1,0,4:39,0,6 of 9,37 of 44,0 of 0,0,0,0:00,0,3 of 7,9 of 18,2 of 2,0,0,4:09,,,,,,,,,,,,,,,,,,,,,,,,,,,,,0 of 1,0 of 0,0 of 0,0 of 1,0 of 0,0 of 0,9 of 11,0 of 0,0 of 0,0 of 1,0 of 0,9 of 10,5 of 8,0 of 0,1 of 1,6 of 9,0 of 0,0 of 0,3 of 5,0 of 1,0 of 1,2 of 6,0 of 0,1 of 1,,,,,,,,,,,,,,,,,,,,,,,,
"October 26, 2024",Lerone Murphy,Dan Ige,http://ufcstats.com/fight-details/cc11a0762f246fa4,W,Decision - Unanimous,3,5:00,0,17 of 32,18 of 33,1 of 1,0,0,0:22,1,32 of 60,32 of 61,1 of 1,0,1,1:30,11 of 23,4 of 5,2 of 4,14 of 28,3 of 4,0 of 0,27 of 53,2 of 4,3 of 3,19 of 39,5 of 11,8 of 10,0,19 of 42,36 of 61,1 of 1,0,0,0:57,0,11 of 29,12 of 31,0 of 1,0,1,0:43,0,16 of 26,24 of 39,1 of 3,0,0,0:58,0,3 of 17,8 of 24,0 of 1,0,0,2:34,,,,,,,,,,,,,,,,,,,,,,,,,,,,,12 of 31,6 of 10,1 of 1,16 of 36,3 of 5,0 of 1,5 of 22,3 of 4,3 of 3,10 of 28,1 of 1,0 of 0,13 of 23,2 of 2,1 of 1,7 of 16,6 of 7,3 of 3,3 of 17,0 of 0,0 of 0,3 of 12,0 of 4,0 of 1,,,,,,,,,,,,,,,,,,,,,,,,
"October 26, 2024",Shara Magomedov,Armen Petrosyan,http://ufcstats.com/fight-details/108434acbbd75d26,W,KO/TKO,2,4:52,0,33 of 49,35 of 51,0 of 0,0,0,0:00,0,46 of 81,46 of 81,0 of 0,0,0,0:08,12 of 24,13 of 14,8 of 11,31 of 47,2 of 2,0 of 0,14 of 35,5 of 7,27 of 39,44 of 79,2 of 2,0 of 0,1,32 of 57,32 of 57,0 of 0,0,0,0:02,0,31 of 59,31 of 60,0 of 0,0,0,0:13,,,,,,,,,,,,,,,,,,,,,,,,,,,,,,,,,,,,,,,,,,,12 of 29,16 of 20,4 of 8,32 of 57,0 of 0,0 of 0,8 of 31,5 of 7,18 of 21,31 of 59,0 of 0,0 of 0,,,,,,,,,,,,,,,,,,,,,,,,,,,,,,,,,,,,
"October 26, 2024",Geoff Neal,Rafael Dos Anjos,http://ufcstats.com/fight-details/1d65c141776949d6,W,KO/TKO,1,1:30,1,18 of 30,21 of 34,1 of 1,0,0,0:27,0,4 of 13,4 of 13,0 of 0,0,0,0:00,12 of 24,3 of 3,3 of 3,13 of 24,0 of 0,5 of 6,2 of 10,1 of 1,1 of 2,4 of 13,0 of 0,0 of 0,,,,,,,,,,,,,,,,,,,,,,,,,,,,,,,,,,,,,,,,,,,,,,,,,,,,,,,,,,,,,,,,,,,,,,,,,,,,,,,,,,,,,,,,,,,,,,,,,,,,,,,,
"October 26, 2024",Mateusz Rebecki,Myktybek Orolbai,http://ufcstats.com/fight-details/919e3c5cc6999cb3,W,Decision - Split,3,5:00,0,27 of 57,27 of 57,0 of 1,0,0,0:00,0,22 of 51,22 of 51,0 of 0,0,0,0:00,15 of 43,7 of 7,5 of 7,26 of 56,1 of 1,0 of 0,13 of 39,2 of 4,7 of 8,22 of 51,0 of 0,0 of 0,0,23 of 55,24 of 56,0 of 0,0,0,0:15,0,25 of 57,28 of 61,1 of 4,0,0,0:44,1,21 of 34,42 of 61,3 of 3,0,0,2:09,0,14 of 27,35 of 50,1 of 1,0,1,1:21,,,,,,,,,,,,,,,,,,,,,,,,,,,,,17 of 47,3 of 4,3 of 4,22 of 54,1 of 1,0 of 0,19 of 50,4 of 5,2 of 2,25 of 56,0 of 1,0 of 0,20 of 33,0 of 0,1 of 1,6 of 16,3 of 4,12 of 14,14 of 25,0 of 2,0 of 0,13 of 26,0 of 0,1 of 1,,,,,,,,,,,,,,,,,,,,,,,,
"October 26, 2024",Abus Magomedov,Brunno Ferreira,http://ufcstats.com/fight-details/af6eeea1cfe33240,W,Submission,3,3:14,0,14 of 29,14 of 29,0 of 0,0,0,0:00,0,2 of 12,2 of 12,0 of 0,0,0,0:00,4 of 17,5 of 7,5 of 5,14 of 29,0 of 0,0 of 0,0 of 8,2 of 4,0 of 0,2 of 12,0 of 0,0 of 0,0,8 of 23,21 of 37,2 of 5,0,0,2:14,0,20 of 42,22 of 47,0 of 0,1,0,0:06,0,4 of 7,10 of 15,2 of 3,1,0,1:22,0,7 of 17,12 of 24,0 of 0,0,1,0:07,,,,,,,,,,,,,,,,,,,,,,,,,,,,,3 of 18,2 of 2,3 of 3,8 of 21,0 of 0,0 of 2,16 of 38,4 of 4,0 of 0,18 of 37,0 of 1,2 of 4,3 of 5,1 of 2,0 of 0,4 of 7,0 of 0,0 of 0,4 of 13,3 of 4,0 of 0,6 of 16,1 of 1,0 of 0,,,,,,,,,,,,,,,,,,,,,,,,
"October 26, 2024",Kennedy Nzechukwu,Chris Barnett,http://ufcstats.com/fight-details/df7928de73fc2fe8,W,KO/TKO,1,4:27,0,51 of 74,51 of 74,0 of 0,0,0,0:00,0,12 of 34,12 of 34,0 of 1,0,0,0:00,28 of 50,22 of 23,1 of 1,50 of 73,0 of 0,1 of 1,3 of 22,2 of 3,7 of 9,12 of 34,0 of 0,0 of 0,,,,,,,,,,,,,,,,,,,,,,,,,,,,,,,,,,,,,,,,,,,,,,,,,,,,,,,,,,,,,,,,,,,,,,,,,,,,,,,,,,,,,,,,,,,,,,,,,,,,,,,,
"October 26, 2024",Farid Basharat,Victor Hugo,http://ufcstats.com/fight-details/5c783cd188425783,W,Decision - Unanimous,3,5:00,0,22 of 38,27 of 50,0 of 1,0,0,0:42,0,10 of 38,11 of 39,0 of 3,1,0,0:04,11 of 24,2 of 4,9 of 10,20 of 33,0 of 0,2 of 5,4 of 24,3 of 8,3 of 6,10 of 38,0 of 0,0 of 0,0,30 of 71,30 of 71,0 of 0,0,0,0:02,0,25 of 66,25 of 66,1 of 1,0,0,0:14,0,8 of 17,32 of 47,4 of 6,0,0,3:53,0,10 of 21,12 of 23,0 of 0,0,0,0:00,,,,,,,,,,,,,,,,,,,,,,,,,,,,,22 of 59,5 of 8,3 of 4,29 of 69,1 of 2,0 of 0,11 of 40,9 of 17,5 of 9,25 of 66,0 of 0,0 of 0,6 of 15,1 of 1,1 of 1,5 of 14,1 of 1,2 of 2,8 of 18,2 of 3,0 of 0,8 of 18,2 of 3,0 of 0,,,,,,,,,,,,,,,,,,,,,,,,
"October 19, 2024",Anthony Hernandez,Michel Pereira,http://ufcstats.com/fight-details/a2f2c64f9fb3fb1c,W,KO/TKO,5,2:22,0,27 of 52,30 of 55,1 of 8,0,0,1:25,0,15 of 34,17 of 36,0 of 0,0,0,0:19,20 of 42,5 of 7,2 of 3,17 of 40,4 of 5,6 of 7,7 of 19,8 of 15,0 of 0,12 of 28,3 of 6,0 of 0,0,30 of 47,47 of 68,2 of 6,0,0,3:18,0,2 of 7,2 of 7,0 of 0,1,1,0:35,0,44 of 55,64 of 77,2 of 6,0,0,4:17,0,3 of 8,4 of 9,0 of 0,0,0,0:00,0,29 of 35,48 of 62,3 of 6,0,0,4:35,0,3 of 3,5 of 9,0 of 1,0,0,0:02,0,22 of 23,30 of 31,2 of 3,0,0,2:07,0,1 of 1,1 of 1,0 of 0,0,0,0:00,25 of 42,4 of 4,1 of 1,9 of 15,0 of 1,21 of 31,0 of 4,2 of 3,0 of 0,2 of 7,0 of 0,0 of 0,31 of 42,11 of 11,2 of 2,8 of 15,4 of 4,32 of 36,1 of 4,2 of 4,0 of 0,2 of 6,1 of 2,0 of 0,28 of 34,1 of 1,0 of 0,5 of 6,3 of 3,21 of 26,0 of 0,3 of 3,0 of 0,3 of 3,0 of 0,0 of 0,21 of 22,1 of 1,0 of 0,4 of 5,1 of 1,17 of 17,0 of 0,1 of 1,0 of 0,1 of 1,0 of 0,0 of 0
"October 19, 2024",Rob Font,Kyler Phillips,http://ufcstats.com/fight-details/f01b97e864cb4b8b,W,Decision - Unanimous,3,5:00,0,7 of 19,7 of 20,0 of 1,0,0,0:29,0,10 of 26,21 of 42,1 of 1,0,0,3:34,6 of 17,1 of 2,0 of 0,6 of 18,1 of 1,0 of 0,8 of 23,2 of 2,0 of 1,5 of 19,0 of 0,5 of 7,0,31 of 58,34 of 63,0 of 0,0,0,0:29,0,14 of 48,15 of 49,2 of 2,0,0,0:24,0,23 of 60,24 of 61,0 of 0,0,0,0:21,0,14 of 51,14 of 52,1 of 2,0,0,0:44,,,,,,,,,,,,,,,,,,,,,,,,,,,,,23 of 48,8 of 10,0 of 0,28 of 55,3 of 3,0 of 0,6 of 38,5 of 6,3 of 4,13 of 44,1 of 4,0 of 0,21 of 57,2 of 3,0 of 0,22 of 58,1 of 2,0 of 0,5 of 37,2 of 6,7 of 8,14 of 49,0 of 2,0 of 0,,,,,,,,,,,,,,,,,,,,,,,,
"October 19, 2024",Jake Hadley,Cameron Smotherman,http://ufcstats.com/fight-details/a2f46e94aa6b0c64,L,Decision - Unanimous,3,5:00,0,24 of 58,24 of 58,0 of 0,0,0,0:00,0,37 of 79,37 of 79,0 of 0,0,0,0:00,8 of 40,7 of 7,9 of 11,24 of 58,0 of 0,0 of 0,13 of 48,23 of 30,1 of 1,37 of 79,0 of 0,0 of 0,0,18 of 57,27 of 67,1 of 1,0,0,1:07,0,25 of 75,26 of 76,0 of 0,0,0,0:00,0,18 of 50,19 of 51,0 of 1,0,0,0:46,0,34 of 105,34 of 105,0 of 0,0,0,0:00,,,,,,,,,,,,,,,,,,,,,,,,,,,,,6 of 40,7 of 12,5 of 5,17 of 56,1 of 1,0 of 0,13 of 52,10 of 21,2 of 2,25 of 75,0 of 0,0 of 0,14 of 44,3 of 5,1 of 1,18 of 49,0 of 1,0 of 0,17 of 81,15 of 21,2 of 3,34 of 105,0 of 0,0 of 0,,,,,,,,,,,,,,,,,,,,,,,,
"October 19, 2024",Brad Katona,Jean Matsumoto,http://ufcstats.com/fight-details/308f6cb830019ea9,L,Decision - Unanimous,3,5:00,0,30 of 44,39 of 53,0 of 0,0,0,0:40,0,20 of 53,24 of 57,0 of 4,0,0,1:04,21 of 35,4 of 4,5 of 5,19 of 33,10 of 10,1 of 1,14 of 42,1 of 3,5 of 8,19 of 52,1 of 1,0 of 0,0,37 of 61,46 of 70,1 of 2,0,0,0:26,0,45 of 100,50 of 105,0 of 2,0,0,0:38,0,22 of 36,32 of 48,2 of 6,0,0,2:29,0,24 of 48,35 of 61,1 of 1,0,0,0:22,,,,,,,,,,,,,,,,,,,,,,,,,,,,,28 of 52,5 of 5,4 of 4,34 of 58,3 of 3,0 of 0,33 of 87,2 of 2,10 of 11,43 of 98,2 of 2,0 of 0,19 of 31,3 of 4,0 of 1,20 of 33,2 of 2,0 of 1,15 of 35,3 of 5,6 of 8,23 of 46,1 of 2,0 of 0,,,,,,,,,,,,,,,,,,,,,,,,
"October 19, 2024",Austen Lane,Robelis Despaigne,http://ufcstats.com/fight-details/32b8c6c4b735d712,W,Decision - Unanimous,3,5:00,0,6 of 8,14 of 21,1 of 3,0,0,4:19,0,4 of 4,12 of 15,0 of 0,0,0,0:00,1 of 2,3 of 3,2 of 3,2 of 3,0 of 0,4 of 5,3 of 3,0 of 0,1 of 1,1 of 1,3 of 3,0 of 0,0,12 of 22,18 of 29,1 of 3,0,0,0:53,0,16 of 29,17 of 30,0 of 0,0,0,0:00,0,5 of 8,46 of 60,1 of 2,0,0,3:46,0,11 of 13,19 of 23,0 of 0,0,0,0:00,,,,,,,,,,,,,,,,,,,,,,,,,,,,,3 of 12,2 of 3,7 of 7,12 of 22,0 of 0,0 of 0,12 of 25,0 of 0,4 of 4,16 of 29,0 of 0,0 of 0,3 of 6,1 of 1,1 of 1,3 of 3,0 of 0,2 of 5,8 of 10,2 of 2,1 of 1,4 of 6,7 of 7,0 of 0,,,,,,,,,,,,,,,,,,,,,,,,
"October 12, 2024",Chidi Njokuani,Jared Gooden,http://ufcstats.com/fight-details/ee5c0b8a757992af,W,Decision - Unanimous,3,5:00,0,21 of 28,46 of 53,0 of 0,0,0,3:38,0,3 of 5,23 of 28,1 of 4,0,0,1:06,5 of 7,16 of 21,0 of 0,3 of 6,18 of 22,0 of 0,1 of 3,2 of 2,0 of 0,1 of 3,2 of 2,0 of 0,0,52 of 65,67 of 80,0 of 0,0,0,3:15,0,11 of 27,38 of 57,0 of 0,0,0,0:14,0,32 of 55,49 of 74,0 of 0,0,0,2:23,0,6 of 18,20 of 36,1 of 4,1,0,1:09,,,,,,,,,,,,,,,,,,,,,,,,,,,,,20 of 29,24 of 27,8 of 9,16 of 25,36 of 40,0 of 0,7 of 20,2 of 5,2 of 2,9 of 25,2 of 2,0 of 0,24 of 45,7 of 9,1 of 1,9 of 17,2 of 3,21 of 35,5 of 14,1 of 3,0 of 1,4 of 14,1 of 2,1 of 2,,,,,,,,,,,,,,,,,,,,,,,,
"October 12, 2024",Grant Dawson,Rafa Garcia,http://ufcstats.com/fight-details/98c29ba02cee5ba3,W,KO/TKO,2,1:42,0,20 of 52,41 of 87,1 of 3,0,0,3:50,0,4 of 10,27 of 34,0 of 0,0,0,0:00,16 of 42,3 of 9,1 of 1,2 of 17,0 of 0,18 of 35,3 of 6,1 of 4,0 of 0,3 of 9,1 of 1,0 of 0,0,24 of 38,39 of 57,1 of 1,0,0,1:19,0,1 of 2,2 of 4,0 of 0,0,0,0:00,,,,,,,,,,,,,,,,,,,,,,,,,,,,,,,,,,,,,,,,,,,22 of 34,1 of 3,1 of 1,3 of 7,0 of 0,21 of 31,1 of 2,0 of 0,0 of 0,1 of 2,0 of 0,0 of 0,,,,,,,,,,,,,,,,,,,,,,,,,,,,,,,,,,,,
"October 12, 2024",Daniel Rodriguez,Alex Morono,http://ufcstats.com/fight-details/f690949d90ff1dee,W,Decision - Split,3,5:00,0,25 of 56,25 of 56,0 of 0,0,0,0:00,0,31 of 81,31 of 81,0 of 0,0,0,0:00,7 of 32,11 of 17,7 of 7,25 of 56,0 of 0,0 of 0,20 of 67,5 of 8,6 of 6,31 of 81,0 of 0,0 of 0,0,44 of 99,44 of 99,0 of 0,0,0,0:00,0,23 of 91,23 of 91,0 of 0,0,0,0:00,0,54 of 102,57 of 105,1 of 1,0,0,0:56,0,20 of 85,37 of 104,0 of 1,0,0,0:00,,,,,,,,,,,,,,,,,,,,,,,,,,,,,19 of 65,18 of 27,7 of 7,44 of 99,0 of 0,0 of 0,20 of 83,2 of 7,1 of 1,23 of 91,0 of 0,0 of 0,18 of 56,27 of 36,9 of 10,48 of 96,6 of 6,0 of 0,18 of 78,2 of 6,0 of 1,20 of 84,0 of 1,0 of 0,,,,,,,,,,,,,,,,,,,,,,,,
"October 12, 2024",CJ Vergara,Ramazan Temirov,http://ufcstats.com/fight-details/f1cc9169813c4a3e,L,KO/TKO,1,2:50,0,4 of 16,4 of 16,0 of 0,0,0,0:00,3,23 of 55,23 of 55,0 of 0,0,0,0:05,1 of 12,1 of 1,2 of 3,4 of 16,0 of 0,0 of 0,18 of 46,4 of 8,1 of 1,20 of 50,0 of 0,3 of 5,,,,,,,,,,,,,,,,,,,,,,,,,,,,,,,,,,,,,,,,,,,,,,,,,,,,,,,,,,,,,,,,,,,,,,,,,,,,,,,,,,,,,,,,,,,,,,,,,,,,,,,,
"October 12, 2024",Jonathan Pearce,Pat Sabatini,http://ufcstats.com/fight-details/69a5895fde58432c,L,Submission,1,4:06,0,2 of 2,32 of 32,0 of 0,0,0,0:00,0,3 of 5,19 of 25,2 of 3,1,0,3:56,0 of 0,1 of 1,1 of 1,2 of 2,0 of 0,0 of 0,2 of 4,1 of 1,0 of 0,1 of 2,1 of 1,1 of 2,,,,,,,,,,,,,,,,,,,,,,,,,,,,,,,,,,,,,,,,,,,,,,,,,,,,,,,,,,,,,,,,,,,,,,,,,,,,,,,,,,,,,,,,,,,,,,,,,,,,,,,,
"October 12, 2024",Julia Polastri,Cory McKenna,http://ufcstats.com/fight-details/48dd2c9cb39bd2d4,W,Decision - Split,3,5:00,0,40 of 58,58 of 79,0 of 0,0,0,1:05,0,17 of 42,43 of 69,0 of 2,0,0,1:38,17 of 33,18 of 19,5 of 6,21 of 35,19 of 23,0 of 0,12 of 35,3 of 5,2 of 2,15 of 38,2 of 4,0 of 0,0,26 of 43,49 of 66,0 of 1,0,0,1:57,0,15 of 44,20 of 50,0 of 1,0,0,0:44,0,22 of 44,35 of 58,0 of 0,0,0,0:11,0,8 of 38,35 of 79,1 of 3,0,0,2:58,,,,,,,,,,,,,,,,,,,,,,,,,,,,,10 of 25,10 of 12,6 of 6,16 of 31,10 of 12,0 of 0,10 of 39,3 of 3,2 of 2,12 of 40,3 of 4,0 of 0,13 of 34,7 of 8,2 of 2,17 of 36,3 of 4,2 of 4,8 of 38,0 of 0,0 of 0,8 of 36,0 of 0,0 of 2,,,,,,,,,,,,,,,,,,,,,,,,
"October 12, 2024",Dan Argueta,Cody Haddon,http://ufcstats.com/fight-details/b23554da35a84fbc,L,Decision - Unanimous,3,5:00,0,16 of 43,18 of 45,1 of 9,1,0,1:50,0,45 of 95,46 of 96,0 of 0,0,0,0:15,10 of 35,5 of 7,1 of 1,13 of 36,3 of 7,0 of 0,35 of 82,9 of 12,1 of 1,44 of 94,1 of 1,0 of 0,0,11 of 33,20 of 42,2 of 7,0,0,1:51,0,31 of 64,37 of 70,1 of 3,0,0,1:00,0,27 of 64,27 of 64,1 of 8,0,0,0:42,0,64 of 121,65 of 122,1 of 1,0,0,0:16,,,,,,,,,,,,,,,,,,,,,,,,,,,,,8 of 29,1 of 2,2 of 2,8 of 25,1 of 3,2 of 5,20 of 52,11 of 12,0 of 0,29 of 60,2 of 3,0 of 1,16 of 50,7 of 10,4 of 4,21 of 53,5 of 8,1 of 3,45 of 98,18 of 22,1 of 1,57 of 114,7 of 7,0 of 0,,,,,,,,,,,,,,,,,,,,,,,,
"October 12, 2024",Clayton Carpenter,Lucas Rocha,http://ufcstats.com/fight-details/de484433eef22e1d,W,Submission,2,2:12,0,23 of 40,25 of 42,1 of 1,0,0,3:38,0,9 of 24,12 of 27,0 of 0,0,0,0:00,19 of 33,2 of 3,2 of 4,10 of 24,0 of 0,13 of 16,5 of 19,4 of 5,0 of 0,9 of 24,0 of 0,0 of 0,0,11 of 20,11 of 20,1 of 2,1,0,1:00,0,8 of 17,9 of 18,0 of 0,0,0,0:00,,,,,,,,,,,,,,,,,,,,,,,,,,,,,,,,,,,,,,,,,,,3 of 12,5 of 5,3 of 3,10 of 19,1 of 1,0 of 0,5 of 13,2 of 3,1 of 1,7 of 15,1 of 2,0 of 0,,,,,,,,,,,,,,,,,,,,,,,,,,,,,,,,,,,,
"October 05, 2024",Roman Dolidze,Kevin Holland,http://ufcstats.com/fight-details/5931cd9cf5da5f75,W,KO/TKO,1,5:00,0,19 of 33,57 of 101,1 of 1,0,0,2:50,0,18 of 28,36 of 46,0 of 0,0,0,0:00,16 of 30,2 of 2,1 of 1,5 of 10,0 of 0,14 of 23,5 of 13,3 of 4,10 of 11,18 of 28,0 of 0,0 of 0,,,,,,,,,,,,,,,,,,,,,,,,,,,,,,,,,,,,,,,,,,,,,,,,,,,,,,,,,,,,,,,,,,,,,,,,,,,,,,,,,,,,,,,,,,,,,,,,,,,,,,,,
"October 05, 2024",Cesar Almeida,Ihor Potieria,http://ufcstats.com/fight-details/ed5b6681ab4e83e5,W,Decision - Unanimous,3,5:00,0,23 of 41,24 of 42,0 of 1,0,0,0:00,0,16 of 32,17 of 33,1 of 4,0,0,0:58,6 of 16,7 of 14,10 of 11,23 of 41,0 of 0,0 of 0,6 of 21,5 of 6,5 of 5,16 of 32,0 of 0,0 of 0,0,22 of 36,37 of 54,0 of 0,1,1,2:13,0,10 of 17,13 of 20,2 of 3,0,0,1:17,0,12 of 36,17 of 41,0 of 1,0,0,0:02,0,18 of 40,27 of 49,0 of 1,0,0,1:17,,,,,,,,,,,,,,,,,,,,,,,,,,,,,17 of 29,5 of 6,0 of 1,6 of 13,1 of 1,15 of 22,6 of 13,2 of 2,2 of 2,10 of 15,0 of 2,0 of 0,9 of 24,2 of 8,1 of 4,12 of 36,0 of 0,0 of 0,10 of 30,2 of 4,6 of 6,16 of 38,1 of 1,1 of 1,,,,,,,,,,,,,,,,,,,,,,,,
"October 05, 2024",Ryan Spann,Ovince Saint Preux,http://ufcstats.com/fight-details/58dec0a39cdefa3f,W,Submission,1,1:35,0,9 of 20,9 of 20,0 of 0,1,0,0:03,0,7 of 10,7 of 10,0 of 1,0,0,0:03,5 of 13,2 of 5,2 of 2,9 of 20,0 of 0,0 of 0,2 of 3,0 of 2,5 of 5,7 of 10,0 of 0,0 of 0,,,,,,,,,,,,,,,,,,,,,,,,,,,,,,,,,,,,,,,,,,,,,,,,,,,,,,,,,,,,,,,,,,,,,,,,,,,,,,,,,,,,,,,,,,,,,,,,,,,,,,,,
"September 28, 2024",Nassourdine Imavov,Brendan Allen,http://ufcstats.com/fight-details/62ff1e5deb124ff5,W,Decision - Unanimous,3,5:00,0,1 of 3,5 of 8,0 of 0,0,0,0:00,0,4 of 5,21 of 24,1 of 1,0,0,4:45,1 of 3,0 of 0,0 of 0,1 of 3,0 of 0,0 of 0,3 of 4,0 of 0,1 of 1,1 of 2,0 of 0,3 of 3,0,23 of 33,31 of 43,0 of 0,0,0,3:32,0,8 of 19,11 of 23,0 of 3,0,0,0:17,0,33 of 50,43 of 63,0 of 0,0,0,2:15,0,18 of 28,24 of 35,0 of 6,0,0,1:04,,,,,,,,,,,,,,,,,,,,,,,,,,,,,19 of 29,3 of 3,1 of 1,12 of 18,2 of 3,9 of 12,4 of 14,1 of 2,3 of 3,5 of 15,2 of 3,1 of 1,31 of 48,2 of 2,0 of 0,24 of 38,5 of 6,4 of 6,13 of 23,3 of 3,2 of 2,14 of 21,4 of 7,0 of 0,,,,,,,,,,,,,,,,,,,,,,,,
"September 28, 2024",William Gomis,Joanderson Brito,http://ufcstats.com/fight-details/19706d8ba0edf9cd,W,Decision - Split,3,5:00,0,9 of 17,22 of 33,0 of 2,0,1,3:07,0,9 of 19,20 of 30,1 of 2,1,0,1:08,3 of 8,4 of 7,2 of 2,6 of 13,3 of 4,0 of 0,3 of 11,2 of 3,4 of 5,7 of 16,2 of 3,0 of 0,0,11 of 20,22 of 31,0 of 0,0,0,0:00,0,8 of 21,16 of 37,1 of 1,1,0,3:34,0,23 of 34,25 of 37,0 of 1,0,0,0:45,0,12 of 27,21 of 38,1 of 3,0,0,1:58,,,,,,,,,,,,,,,,,,,,,,,,,,,,,4 of 9,4 of 8,3 of 3,9 of 18,2 of 2,0 of 0,4 of 15,1 of 2,3 of 4,7 of 20,0 of 0,1 of 1,9 of 18,10 of 12,4 of 4,15 of 26,8 of 8,0 of 0,2 of 13,2 of 3,8 of 11,9 of 24,0 of 0,3 of 3,,,,,,,,,,,,,,,,,,,,,,,,
"September 28, 2024",Fares Ziam,Matt Frevola,http://ufcstats.com/fight-details/d806aacf5b6ba7f6,W,KO/TKO,3,2:59,0,18 of 29,24 of 35,0 of 0,0,1,1:20,0,9 of 22,12 of 27,1 of 3,1,1,1:49,12 of 22,5 of 6,1 of 1,13 of 21,4 of 4,1 of 4,2 of 14,6 of 7,1 of 1,6 of 17,3 of 5,0 of 0,0,34 of 55,37 of 60,1 of 1,1,0,1:10,0,7 of 32,12 of 38,0 of 0,0,0,0:58,1,6 of 10,8 of 12,3 of 3,0,0,2:13,0,0 of 5,1 of 7,0 of 0,0,0,0:00,,,,,,,,,,,,,,,,,,,,,,,,,,,,,28 of 47,4 of 6,2 of 2,30 of 48,1 of 3,3 of 4,5 of 25,1 of 5,1 of 2,3 of 27,4 of 5,0 of 0,4 of 8,2 of 2,0 of 0,2 of 6,2 of 2,2 of 2,0 of 5,0 of 0,0 of 0,0 of 5,0 of 0,0 of 0,,,,,,,,,,,,,,,,,,,,,,,,
"September 28, 2024",Ludovit Klein,Roosevelt Roberts,http://ufcstats.com/fight-details/e01019fbfe0e9528,W,Decision - Unanimous,3,5:00,0,18 of 42,28 of 54,0 of 1,0,0,1:18,0,12 of 34,14 of 38,0 of 2,0,0,0:05,7 of 27,7 of 11,4 of 4,12 of 36,6 of 6,0 of 0,4 of 23,6 of 8,2 of 3,10 of 30,2 of 4,0 of 0,0,9 of 20,41 of 61,0 of 0,0,0,4:47,0,1 of 6,17 of 24,0 of 0,0,0,0:00,0,18 of 33,38 of 66,2 of 2,0,0,2:46,0,11 of 20,27 of 42,0 of 1,0,0,0:38,,,,,,,,,,,,,,,,,,,,,,,,,,,,,6 of 16,1 of 2,2 of 2,2 of 5,1 of 1,6 of 14,0 of 5,1 of 1,0 of 0,1 of 3,0 of 3,0 of 0,9 of 22,7 of 9,2 of 2,14 of 25,2 of 3,2 of 5,6 of 15,3 of 3,2 of 2,8 of 17,2 of 2,1 of 1,,,,,,,,,,,,,,,,,,,,,,,,
"September 28, 2024",Taylor Lapilus,Vince Morales,http://ufcstats.com/fight-details/d063d46208c560b1,W,Decision - Unanimous,3,5:00,0,35 of 81,35 of 82,0 of 1,0,0,0:00,0,11 of 45,12 of 46,0 of 0,0,0,0:00,23 of 66,6 of 8,6 of 7,32 of 77,3 of 4,0 of 0,6 of 33,3 of 7,2 of 5,10 of 43,1 of 2,0 of 0,0,30 of 58,31 of 59,0 of 0,0,0,0:00,0,16 of 41,20 of 46,1 of 3,0,0,1:24,0,29 of 63,33 of 67,0 of 0,0,0,0:10,0,12 of 55,17 of 62,1 of 3,0,0,1:38,,,,,,,,,,,,,,,,,,,,,,,,,,,,,19 of 46,11 of 12,0 of 0,25 of 52,5 of 6,0 of 0,8 of 27,6 of 10,2 of 4,13 of 34,3 of 7,0 of 0,21 of 53,7 of 9,1 of 1,23 of 52,6 of 11,0 of 0,11 of 53,1 of 2,0 of 0,11 of 47,1 of 8,0 of 0,,,,,,,,,,,,,,,,,,,,,,,,
"September 28, 2024",Daniel Barez,Victor Altamirano,http://ufcstats.com/fight-details/47d978a984a163aa,W,Decision - Unanimous,3,5:00,1,22 of 34,33 of 46,0 of 0,0,0,1:09,0,15 of 43,20 of 50,0 of 0,0,0,0:00,12 of 22,5 of 6,5 of 6,16 of 26,0 of 0,6 of 8,3 of 23,6 of 13,6 of 7,15 of 43,0 of 0,0 of 0,0,24 of 50,24 of 50,0 of 0,0,0,0:00,0,21 of 55,21 of 55,0 of 1,0,0,0:00,0,21 of 46,21 of 46,0 of 0,0,0,0:00,0,35 of 79,35 of 79,0 of 0,0,0,0:00,,,,,,,,,,,,,,,,,,,,,,,,,,,,,11 of 33,6 of 8,7 of 9,24 of 50,0 of 0,0 of 0,5 of 27,9 of 20,7 of 8,21 of 55,0 of 0,0 of 0,11 of 35,7 of 8,3 of 3,21 of 46,0 of 0,0 of 0,20 of 55,13 of 21,2 of 3,35 of 79,0 of 0,0 of 0,,,,,,,,,,,,,,,,,,,,,,,,
"September 28, 2024",Bolaji Oki,Chris Duncan,http://ufcstats.com/fight-details/eedc7fccf7037949,L,Submission,1,3:34,0,28 of 50,29 of 51,2 of 3,0,0,1:11,0,10 of 25,12 of 29,0 of 1,1,0,0:00,25 of 47,3 of 3,0 of 0,21 of 39,6 of 8,1 of 3,7 of 18,1 of 1,2 of 6,10 of 25,0 of 0,0 of 0,,,,,,,,,,,,,,,,,,,,,,,,,,,,,,,,,,,,,,,,,,,,,,,,,,,,,,,,,,,,,,,,,,,,,,,,,,,,,,,,,,,,,,,,,,,,,,,,,,,,,,,,
"September 14, 2024",Sean O'Malley,Merab Dvalishvili,http://ufcstats.com/fight-details/3146e5a47a922976,L,Decision - Unanimous,5,5:00,0,14 of 28,14 of 28,0 of 0,0,0,0:00,0,16 of 30,25 of 41,2 of 3,0,0,1:20,6 of 16,6 of 10,2 of 2,14 of 27,0 of 1,0 of 0,13 of 25,1 of 2,2 of 3,7 of 18,3 of 5,6 of 7,0,5 of 10,6 of 11,0 of 0,0,0,0:00,0,18 of 38,65 of 92,1 of 1,0,0,3:12,0,11 of 21,11 of 21,0 of 0,0,0,0:00,0,17 of 38,25 of 46,0 of 5,0,0,0:52,0,6 of 9,7 of 10,0 of 0,0,0,0:00,0,21 of 32,74 of 89,1 of 1,0,0,3:37,0,11 of 21,11 of 21,0 of 0,0,0,0:00,0,10 of 26,25 of 42,2 of 5,0,0,1:02,3 of 5,2 of 5,0 of 0,4 of 9,0 of 0,1 of 1,14 of 33,1 of 2,3 of 3,0 of 7,0 of 0,18 of 31,7 of 13,4 of 8,0 of 0,11 of 21,0 of 0,0 of 0,6 of 24,2 of 2,9 of 12,11 of 29,5 of 8,1 of 1,4 of 6,2 of 3,0 of 0,5 of 8,0 of 0,1 of 1,20 of 31,0 of 0,1 of 1,6 of 13,0 of 0,15 of 19,2 of 8,9 of 13,0 of 0,11 of 20,0 of 0,0 of 1,2 of 17,0 of 0,8 of 9,5 of 18,0 of 1,5 of 7
"September 14, 2024",Brian Ortega,Diego Lopes,http://ufcstats.com/fight-details/2335e75ce63805b6,L,Decision - Unanimous,3,5:00,0,15 of 45,21 of 51,0 of 0,0,0,0:00,0,29 of 57,34 of 63,1 of 1,0,0,2:03,11 of 41,1 of 1,3 of 3,14 of 43,0 of 0,1 of 2,24 of 50,2 of 3,3 of 4,14 of 31,0 of 0,15 of 26,0,16 of 48,16 of 48,0 of 1,0,0,0:00,0,22 of 46,22 of 46,0 of 0,0,0,0:07,0,32 of 102,32 of 102,0 of 1,0,0,0:06,0,55 of 103,57 of 105,0 of 0,0,0,0:35,,,,,,,,,,,,,,,,,,,,,,,,,,,,,12 of 42,1 of 3,3 of 3,16 of 48,0 of 0,0 of 0,11 of 35,1 of 1,10 of 10,20 of 43,2 of 3,0 of 0,29 of 97,2 of 4,1 of 1,31 of 101,1 of 1,0 of 0,40 of 87,10 of 11,5 of 5,41 of 87,4 of 4,10 of 12,,,,,,,,,,,,,,,,,,,,,,,,
"September 14, 2024",Daniel Zellhuber,Esteban Ribovics,http://ufcstats.com/fight-details/27d98a8ee6608e27,L,Decision - Split,3,5:00,0,27 of 76,27 of 76,0 of 0,0,0,0:00,0,24 of 65,24 of 65,0 of 0,0,0,0:00,13 of 59,11 of 14,3 of 3,26 of 75,1 of 1,0 of 0,7 of 41,9 of 16,8 of 8,24 of 65,0 of 0,0 of 0,0,51 of 116,51 of 116,0 of 0,0,0,0:00,0,40 of 89,40 of 89,0 of 0,0,0,0:00,1,43 of 116,43 of 116,0 of 1,0,0,0:15,0,92 of 191,92 of 191,0 of 0,0,0,0:00,,,,,,,,,,,,,,,,,,,,,,,,,,,,,33 of 93,16 of 21,2 of 2,50 of 115,1 of 1,0 of 0,23 of 68,9 of 13,8 of 8,40 of 89,0 of 0,0 of 0,37 of 103,6 of 13,0 of 0,41 of 114,2 of 2,0 of 0,73 of 167,14 of 19,5 of 5,90 of 188,2 of 3,0 of 0,,,,,,,,,,,,,,,,,,,,,,,,
"September 14, 2024",Ronaldo Rodriguez,Ode Osbourne,http://ufcstats.com/fight-details/78b506e5092a27fd,W,Decision - Unanimous,3,5:00,0,6 of 14,25 of 37,0 of 0,0,1,4:14,1,18 of 32,30 of 45,0 of 0,1,0,0:08,4 of 11,1 of 1,1 of 2,1 of 6,0 of 0,5 of 8,15 of 29,2 of 2,1 of 1,6 of 14,0 of 0,12 of 18,0,19 of 24,29 of 40,1 of 1,0,0,4:10,0,6 of 10,6 of 10,0 of 0,1,1,0:22,0,10 of 31,14 of 40,0 of 1,0,0,0:50,0,13 of 26,19 of 38,1 of 3,0,0,0:37,,,,,,,,,,,,,,,,,,,,,,,,,,,,,18 of 23,0 of 0,1 of 1,1 of 2,0 of 0,18 of 22,5 of 9,0 of 0,1 of 1,3 of 6,0 of 0,3 of 4,7 of 27,0 of 1,3 of 3,8 of 23,0 of 0,2 of 8,8 of 21,2 of 2,3 of 3,13 of 26,0 of 0,0 of 0,,,,,,,,,,,,,,,,,,,,,,,,
"September 14, 2024",Raul Rosas Jr.,Aoriqileng,http://ufcstats.com/fight-details/3cdc6fea724be133,W,Decision - Unanimous,3,5:00,0,11 of 22,41 of 55,1 of 2,0,0,3:13,0,4 of 10,18 of 25,0 of 0,0,0,0:00,5 of 10,1 of 7,5 of 5,6 of 16,0 of 0,5 of 6,1 of 6,3 of 4,0 of 0,4 of 10,0 of 0,0 of 0,0,17 of 49,17 of 49,0 of 3,0,0,0:00,0,17 of 42,17 of 42,0 of 0,0,0,0:00,0,13 of 23,40 of 54,2 of 2,0,0,4:19,0,1 of 2,45 of 51,0 of 0,0,0,0:00,,,,,,,,,,,,,,,,,,,,,,,,,,,,,9 of 35,2 of 6,6 of 8,17 of 49,0 of 0,0 of 0,11 of 36,6 of 6,0 of 0,17 of 42,0 of 0,0 of 0,7 of 14,4 of 7,2 of 2,4 of 5,0 of 0,9 of 18,0 of 1,1 of 1,0 of 0,1 of 2,0 of 0,0 of 0,,,,,,,,,,,,,,,,,,,,,,,,
"September 07, 2024",Trevor Peek,Yanal Ashmouz,http://ufcstats.com/fight-details/75fa9c0bb31caaa3,L,Decision - Unanimous,3,5:00,0,16 of 33,18 of 35,0 of 0,0,0,0:04,0,4 of 11,12 of 23,1 of 3,0,0,2:29,6 of 21,4 of 6,6 of 6,15 of 31,1 of 2,0 of 0,4 of 9,0 of 2,0 of 0,3 of 8,1 of 3,0 of 0,0,22 of 33,23 of 34,0 of 1,0,0,0:22,0,10 of 16,36 of 48,6 of 9,0,0,2:41,0,17 of 41,22 of 46,0 of 0,0,0,0:04,0,28 of 39,37 of 53,2 of 6,0,0,3:06,,,,,,,,,,,,,,,,,,,,,,,,,,,,,11 of 21,9 of 10,2 of 2,17 of 28,5 of 5,0 of 0,7 of 13,2 of 2,1 of 1,4 of 10,6 of 6,0 of 0,12 of 36,5 of 5,0 of 0,16 of 40,1 of 1,0 of 0,15 of 26,7 of 7,6 of 6,12 of 23,11 of 11,5 of 5,,,,,,,,,,,,,,,,,,,,,,,,
"September 07, 2024",Felipe dos Santos,Andre Lima,http://ufcstats.com/fight-details/69bde5bae0d6ec4f,L,Decision - Unanimous,3,5:00,0,25 of 47,30 of 53,0 of 6,0,0,0:41,0,10 of 23,13 of 26,0 of 0,0,0,0:47,7 of 26,11 of 13,7 of 8,21 of 41,4 of 5,0 of 1,2 of 13,1 of 1,7 of 9,9 of 22,1 of 1,0 of 0,0,8 of 17,16 of 28,0 of 1,0,0,0:00,0,6 of 9,20 of 30,1 of 1,0,0,4:06,0,5 of 12,23 of 41,0 of 1,0,0,0:00,0,2 of 5,10 of 14,1 of 1,2,0,4:07,,,,,,,,,,,,,,,,,,,,,,,,,,,,,4 of 11,3 of 4,1 of 2,7 of 15,1 of 2,0 of 0,3 of 5,3 of 4,0 of 0,3 of 6,3 of 3,0 of 0,3 of 8,0 of 2,2 of 2,5 of 12,0 of 0,0 of 0,0 of 3,2 of 2,0 of 0,2 of 5,0 of 0,0 of 0,,,,,,,,,,,,,,,,,,,,,,,,
"September 07, 2024",Jaqueline Amorim,Vanessa Demopoulos,http://ufcstats.com/fight-details/f1613b372748c8bb,W,Submission,1,3:28,0,2 of 3,12 of 16,1 of 1,1,0,3:05,0,2 of 6,3 of 7,0 of 0,0,0,0:00,1 of 1,1 of 2,0 of 0,1 of 2,0 of 0,1 of 1,0 of 3,2 of 3,0 of 0,2 of 6,0 of 0,0 of 0,,,,,,,,,,,,,,,,,,,,,,,,,,,,,,,,,,,,,,,,,,,,,,,,,,,,,,,,,,,,,,,,,,,,,,,,,,,,,,,,,,,,,,,,,,,,,,,,,,,,,,,,
"September 07, 2024",Andre Petroski,Dylan Budka,http://ufcstats.com/fight-details/f734b497add754af,W,Decision - Unanimous,3,5:00,0,8 of 17,15 of 27,1 of 1,0,0,2:46,0,4 of 16,7 of 19,0 of 0,0,0,0:00,5 of 13,3 of 4,0 of 0,5 of 12,0 of 0,3 of 5,3 of 15,1 of 1,0 of 0,4 of 16,0 of 0,0 of 0,0,7 of 12,36 of 46,1 of 2,0,0,3:47,0,8 of 18,9 of 19,0 of 0,0,0,0:00,0,8 of 17,27 of 36,1 of 2,0,0,2:47,0,5 of 19,7 of 21,0 of 0,0,0,0:00,,,,,,,,,,,,,,,,,,,,,,,,,,,,,5 of 9,2 of 3,0 of 0,6 of 11,1 of 1,0 of 0,6 of 15,2 of 2,0 of 1,7 of 17,1 of 1,0 of 0,6 of 14,0 of 1,2 of 2,6 of 15,0 of 0,2 of 2,5 of 18,0 of 0,0 of 1,2 of 16,3 of 3,0 of 0,,,,,,,,,,,,,,,,,,,,,,,,
"August 24, 2024",Jared Cannonier,Caio Borralho,http://ufcstats.com/fight-details/15805ae1eea3343e,L,Decision - Unanimous,5,5:00,0,12 of 34,12 of 34,0 of 0,0,0,0:00,0,15 of 32,15 of 32,0 of 0,0,0,0:00,4 of 23,2 of 2,6 of 9,12 of 34,0 of 0,0 of 0,7 of 22,4 of 6,4 of 4,15 of 32,0 of 0,0 of 0,0,26 of 70,26 of 70,0 of 0,0,0,0:00,0,21 of 43,21 of 43,0 of 0,0,0,0:00,0,15 of 58,15 of 58,0 of 0,0,0,0:00,0,37 of 58,37 of 58,0 of 0,0,0,0:05,0,19 of 50,19 of 50,0 of 0,0,0,0:00,0,30 of 53,30 of 53,0 of 0,0,0,0:00,0,11 of 42,11 of 42,0 of 0,0,0,0:00,1,50 of 69,53 of 72,0 of 1,1,0,1:54,18 of 53,4 of 9,4 of 8,25 of 69,1 of 1,0 of 0,14 of 34,2 of 4,5 of 5,21 of 43,0 of 0,0 of 0,14 of 54,0 of 1,1 of 3,15 of 58,0 of 0,0 of 0,24 of 44,10 of 11,3 of 3,36 of 56,1 of 2,0 of 0,11 of 38,4 of 8,4 of 4,19 of 50,0 of 0,0 of 0,19 of 37,5 of 10,6 of 6,30 of 53,0 of 0,0 of 0,10 of 38,1 of 4,0 of 0,11 of 41,0 of 1,0 of 0,42 of 60,5 of 6,3 of 3,27 of 40,1 of 1,22 of 28
"August 24, 2024",Neil Magny,Michael Morales,http://ufcstats.com/fight-details/ae50a1a655b1a8f6,L,KO/TKO,1,4:39,0,5 of 11,13 of 19,0 of 2,0,0,2:05,1,34 of 40,39 of 45,0 of 0,0,0,1:16,1 of 7,2 of 2,2 of 2,3 of 8,1 of 2,1 of 1,30 of 35,0 of 0,4 of 5,4 of 5,0 of 0,30 of 35,,,,,,,,,,,,,,,,,,,,,,,,,,,,,,,,,,,,,,,,,,,,,,,,,,,,,,,,,,,,,,,,,,,,,,,,,,,,,,,,,,,,,,,,,,,,,,,,,,,,,,,,
"August 24, 2024",Edmen Shahbazyan,Gerald Meerschaert,http://ufcstats.com/fight-details/2cbd53e43d3f606b,L,Submission,2,4:12,0,22 of 50,22 of 50,0 of 0,0,0,0:03,0,14 of 33,16 of 35,0 of 1,0,0,0:00,12 of 38,9 of 11,1 of 1,21 of 46,1 of 4,0 of 0,5 of 24,5 of 5,4 of 4,14 of 33,0 of 0,0 of 0,0,26 of 63,26 of 63,0 of 0,0,0,2:18,0,7 of 11,15 of 19,1 of 5,1,0,0:21,,,,,,,,,,,,,,,,,,,,,,,,,,,,,,,,,,,,,,,,,,,19 of 56,7 of 7,0 of 0,5 of 14,4 of 5,17 of 44,6 of 9,1 of 2,0 of 0,6 of 9,1 of 2,0 of 0,,,,,,,,,,,,,,,,,,,,,,,,,,,,,,,,,,,,
"August 24, 2024",Dennis Buzukja,Francis Marshall,http://ufcstats.com/fight-details/560f1e26c2a6690a,L,Decision - Split,3,5:00,0,6 of 16,11 of 22,0 of 0,0,0,0:00,0,6 of 19,25 of 38,1 of 2,0,0,3:56,2 of 10,3 of 4,1 of 2,6 of 16,0 of 0,0 of 0,6 of 19,0 of 0,0 of 0,6 of 19,0 of 0,0 of 0,0,30 of 52,33 of 55,0 of 0,0,0,0:00,1,23 of 56,28 of 61,0 of 1,0,0,1:01,0,30 of 77,32 of 79,0 of 1,0,0,0:08,0,28 of 75,29 of 76,0 of 3,0,0,0:29,,,,,,,,,,,,,,,,,,,,,,,,,,,,,22 of 37,4 of 11,4 of 4,30 of 51,0 of 1,0 of 0,21 of 53,1 of 2,1 of 1,21 of 52,1 of 2,1 of 2,22 of 63,7 of 12,1 of 2,29 of 76,1 of 1,0 of 0,26 of 72,1 of 2,1 of 1,26 of 73,2 of 2,0 of 0,,,,,,,,,,,,,,,,,,,,,,,,
"August 24, 2024",Zach Reese,Jose Daniel Medina,http://ufcstats.com/fight-details/d2caa1ddb9de7481,W,Decision - Unanimous,3,5:00,0,34 of 54,40 of 63,1 of 3,1,1,2:08,0,4 of 15,13 of 26,1 of 1,0,0,0:46,23 of 42,9 of 10,2 of 2,20 of 33,1 of 2,13 of 19,2 of 11,0 of 2,2 of 2,4 of 15,0 of 0,0 of 0,0,26 of 53,31 of 58,0 of 0,0,0,0:00,0,18 of 41,20 of 43,0 of 1,0,0,0:26,0,15 of 22,30 of 41,4 of 6,0,0,3:49,0,10 of 18,20 of 28,0 of 0,0,0,0:00,,,,,,,,,,,,,,,,,,,,,,,,,,,,,10 of 31,8 of 13,8 of 9,26 of 53,0 of 0,0 of 0,11 of 29,2 of 7,5 of 5,18 of 41,0 of 0,0 of 0,9 of 12,3 of 7,3 of 3,11 of 15,1 of 2,3 of 5,7 of 15,3 of 3,0 of 0,8 of 16,1 of 1,1 of 1,,,,,,,,,,,,,,,,,,,,,,,,
"August 24, 2024",Viacheslav Borshchev,James Llontop,http://ufcstats.com/fight-details/ba8eda6993922ba0,W,Decision - Split,3,5:00,0,26 of 61,27 of 62,0 of 0,0,0,0:00,0,26 of 63,26 of 63,0 of 0,0,0,0:03,9 of 39,11 of 14,6 of 8,24 of 59,2 of 2,0 of 0,10 of 41,5 of 9,11 of 13,24 of 60,1 of 2,1 of 1,0,37 of 85,37 of 85,0 of 0,0,0,0:03,0,25 of 77,25 of 77,0 of 0,0,0,0:00,0,33 of 83,33 of 83,0 of 1,0,0,0:00,0,42 of 109,46 of 113,0 of 0,0,0,0:02,,,,,,,,,,,,,,,,,,,,,,,,,,,,,19 of 63,11 of 15,7 of 7,36 of 83,0 of 0,1 of 2,11 of 56,9 of 12,5 of 9,25 of 76,0 of 1,0 of 0,21 of 70,8 of 9,4 of 4,32 of 81,1 of 2,0 of 0,19 of 71,13 of 23,10 of 15,42 of 108,0 of 1,0 of 0,,,,,,,,,,,,,,,,,,,,,,,,
"August 24, 2024",Wang Cong,Victoria Leonardo,http://ufcstats.com/fight-details/d4127baf74b0e791,W,KO/TKO,1,1:02,1,10 of 26,10 of 26,0 of 0,0,0,0:02,0,1 of 9,1 of 9,0 of 0,0,0,0:00,4 of 16,1 of 5,5 of 5,10 of 26,0 of 0,0 of 0,0 of 7,0 of 1,1 of 1,1 of 9,0 of 0,0 of 0,,,,,,,,,,,,,,,,,,,,,,,,,,,,,,,,,,,,,,,,,,,,,,,,,,,,,,,,,,,,,,,,,,,,,,,,,,,,,,,,,,,,,,,,,,,,,,,,,,,,,,,,
"August 17, 2024",Li Jingliang,Carlos Prates,http://ufcstats.com/fight-details/3c319d4659e6c8fd,L,KO/TKO,2,4:02,0,26 of 66,26 of 66,0 of 0,0,0,0:00,1,25 of 36,25 of 36,0 of 0,0,0,0:02,7 of 38,4 of 9,15 of 19,26 of 66,0 of 0,0 of 0,18 of 27,1 of 2,6 of 7,25 of 36,0 of 0,0 of 0,0,15 of 45,15 of 45,0 of 0,0,0,0:23,2,30 of 48,30 of 48,0 of 0,0,0,0:02,,,,,,,,,,,,,,,,,,,,,,,,,,,,,,,,,,,,,,,,,,,5 of 26,0 of 1,10 of 18,15 of 45,0 of 0,0 of 0,26 of 43,0 of 1,4 of 4,30 of 48,0 of 0,0 of 0,,,,,,,,,,,,,,,,,,,,,,,,,,,,,,,,,,,,
"August 17, 2024",Tom Nolan,Alex Reyes,http://ufcstats.com/fight-details/ce75f5ecbc0d3dfd,W,Decision - Unanimous,3,5:00,0,23 of 62,25 of 64,0 of 0,0,0,0:00,0,23 of 43,26 of 47,2 of 3,0,0,1:29,10 of 40,10 of 19,3 of 3,16 of 51,7 of 9,0 of 2,8 of 22,7 of 13,8 of 8,17 of 35,5 of 7,1 of 1,0,32 of 63,40 of 71,0 of 0,0,0,0:00,0,27 of 55,28 of 56,0 of 1,0,0,0:56,0,29 of 51,39 of 63,0 of 0,1,0,0:22,0,19 of 42,35 of 58,0 of 1,0,0,1:51,,,,,,,,,,,,,,,,,,,,,,,,,,,,,18 of 42,10 of 15,4 of 6,22 of 51,10 of 12,0 of 0,13 of 37,7 of 10,7 of 8,21 of 45,6 of 10,0 of 0,12 of 30,12 of 15,5 of 6,20 of 39,9 of 12,0 of 0,9 of 28,7 of 10,3 of 4,14 of 34,5 of 8,0 of 0,,,,,,,,,,,,,,,,,,,,,,,,
"August 17, 2024",Stewart Nicoll,Jesus Aguilar,http://ufcstats.com/fight-details/075a102456080ab2,L,Submission,1,2:39,0,8 of 17,15 of 29,1 of 1,0,0,2:04,0,3 of 5,3 of 5,0 of 0,1,0,0:16,4 of 12,2 of 2,2 of 3,2 of 4,0 of 0,6 of 13,3 of 5,0 of 0,0 of 0,3 of 5,0 of 0,0 of 0,,,,,,,,,,,,,,,,,,,,,,,,,,,,,,,,,,,,,,,,,,,,,,,,,,,,,,,,,,,,,,,,,,,,,,,,,,,,,,,,,,,,,,,,,,,,,,,,,,,,,,,,
"August 10, 2024",Danny Barlow,Nikolay Veretennikov,http://ufcstats.com/fight-details/7b4284bd3033a319,W,Decision - Split,3,5:00,0,17 of 32,18 of 33,0 of 2,0,0,0:17,0,10 of 15,10 of 15,0 of 1,0,0,0:02,5 of 14,4 of 7,8 of 11,17 of 32,0 of 0,0 of 0,2 of 5,7 of 9,1 of 1,8 of 13,2 of 2,0 of 0,0,11 of 25,15 of 32,0 of 0,0,0,0:45,0,11 of 29,19 of 37,0 of 1,0,0,0:07,0,19 of 42,19 of 42,0 of 0,0,0,0:14,0,29 of 48,30 of 49,0 of 0,0,0,0:00,,,,,,,,,,,,,,,,,,,,,,,,,,,,,7 of 16,1 of 3,3 of 6,10 of 24,1 of 1,0 of 0,3 of 18,5 of 8,3 of 3,9 of 27,2 of 2,0 of 0,13 of 33,2 of 3,4 of 6,19 of 42,0 of 0,0 of 0,18 of 36,10 of 11,1 of 1,28 of 47,1 of 1,0 of 0,,,,,,,,,,,,,,,,,,,,,,,,
"August 10, 2024",Jhonata Diniz,Karl Williams,http://ufcstats.com/fight-details/6bcaa0de4003cc41,W,Decision - Unanimous,3,5:00,0,16 of 31,16 of 31,0 of 0,0,0,0:00,0,7 of 25,7 of 25,0 of 2,0,0,0:03,7 of 21,0 of 0,9 of 10,15 of 29,1 of 2,0 of 0,6 of 24,0 of 0,1 of 1,7 of 25,0 of 0,0 of 0,0,36 of 60,36 of 60,0 of 0,0,0,0:00,0,12 of 38,12 of 38,0 of 0,0,0,0:00,0,7 of 12,11 of 16,0 of 0,0,0,0:00,0,10 of 21,30 of 57,2 of 3,0,0,2:36,,,,,,,,,,,,,,,,,,,,,,,,,,,,,21 of 45,2 of 2,13 of 13,36 of 60,0 of 0,0 of 0,10 of 34,1 of 3,1 of 1,12 of 38,0 of 0,0 of 0,4 of 9,1 of 1,2 of 2,7 of 12,0 of 0,0 of 0,6 of 16,1 of 1,3 of 4,6 of 12,0 of 0,4 of 9,,,,,,,,,,,,,,,,,,,,,,,,
"August 10, 2024",Stephanie Luciano,Talita Alencar,http://ufcstats.com/fight-details/1b5d5af1bc0a34c7,W,Decision - Unanimous,3,5:00,0,26 of 67,27 of 68,0 of 0,0,0,0:04,0,17 of 55,17 of 55,0 of 0,0,0,0:04,18 of 52,5 of 10,3 of 5,26 of 67,0 of 0,0 of 0,12 of 47,3 of 6,2 of 2,17 of 55,0 of 0,0 of 0,0,24 of 54,31 of 61,0 of 0,0,0,0:24,0,9 of 41,9 of 42,1 of 8,0,0,0:21,1,22 of 54,29 of 61,0 of 0,0,0,0:42,0,15 of 55,19 of 62,0 of 2,0,0,0:13,,,,,,,,,,,,,,,,,,,,,,,,,,,,,15 of 42,5 of 7,4 of 5,21 of 51,3 of 3,0 of 0,4 of 28,4 of 11,1 of 2,8 of 37,1 of 3,0 of 1,16 of 45,4 of 5,2 of 4,19 of 49,2 of 4,1 of 1,4 of 25,9 of 27,2 of 3,11 of 49,4 of 6,0 of 0,,,,,,,,,,,,,,,,,,,,,,,,
"August 03, 2024",Azamat Murzakanov,Alonzo Menifield,http://ufcstats.com/fight-details/fbbb703581440496,W,KO/TKO,2,3:18,0,22 of 40,25 of 43,0 of 0,0,0,0:36,0,8 of 32,10 of 35,0 of 0,0,0,0:12,14 of 28,8 of 12,0 of 0,22 of 40,0 of 0,0 of 0,8 of 32,0 of 0,0 of 0,8 of 32,0 of 0,0 of 0,1,23 of 45,23 of 45,0 of 1,0,0,0:08,0,7 of 42,9 of 45,0 of 0,0,0,0:39,,,,,,,,,,,,,,,,,,,,,,,,,,,,,,,,,,,,,,,,,,,20 of 41,3 of 4,0 of 0,21 of 42,0 of 1,2 of 2,6 of 41,1 of 1,0 of 0,7 of 41,0 of 1,0 of 0,,,,,,,,,,,,,,,,,,,,,,,,,,,,,,,,,,,,
"August 03, 2024",Shamil Gaziev,Don'Tale Mayes,http://ufcstats.com/fight-details/637f792270a0c746,W,Decision - Unanimous,3,5:00,0,8 of 13,24 of 35,1 of 2,0,0,4:32,0,12 of 17,12 of 20,0 of 0,0,0,0:00,7 of 12,1 of 1,0 of 0,4 of 8,0 of 1,4 of 4,7 of 11,2 of 3,3 of 3,11 of 16,1 of 1,0 of 0,0,21 of 28,29 of 36,0 of 0,0,0,3:28,0,10 of 25,20 of 39,0 of 2,0,0,0:00,0,2 of 5,36 of 43,1 of 1,0,0,3:58,0,5 of 16,25 of 36,0 of 0,0,0,0:00,,,,,,,,,,,,,,,,,,,,,,,,,,,,,13 of 20,7 of 7,1 of 1,6 of 12,15 of 16,0 of 0,9 of 22,1 of 3,0 of 0,9 of 21,1 of 4,0 of 0,2 of 5,0 of 0,0 of 0,2 of 5,0 of 0,0 of 0,2 of 12,2 of 3,1 of 1,5 of 16,0 of 0,0 of 0,,,,,,,,,,,,,,,,,,,,,,,,
"August 03, 2024",Viktoriia Dudakova,Sam Hughes,http://ufcstats.com/fight-details/f80143e1f3c3d319,L,Decision - Split,3,5:00,0,25 of 66,34 of 79,1 of 3,0,0,1:24,0,30 of 70,39 of 80,0 of 0,0,0,0:33,16 of 54,9 of 12,0 of 0,17 of 53,8 of 13,0 of 0,19 of 51,7 of 15,4 of 4,26 of 64,4 of 6,0 of 0,0,25 of 53,34 of 65,1 of 5,0,0,1:23,0,41 of 80,54 of 96,0 of 0,0,0,0:31,0,11 of 25,36 of 55,1 of 2,0,0,1:51,0,26 of 43,46 of 64,0 of 0,0,0,1:10,,,,,,,,,,,,,,,,,,,,,,,,,,,,,19 of 46,6 of 7,0 of 0,22 of 48,3 of 5,0 of 0,29 of 66,10 of 12,2 of 2,39 of 77,1 of 2,1 of 1,10 of 22,0 of 2,1 of 1,11 of 24,0 of 1,0 of 0,17 of 30,7 of 11,2 of 2,21 of 38,1 of 1,4 of 4,,,,,,,,,,,,,,,,,,,,,,,,
"August 03, 2024",Sedriques Dumas,Denis Tiuliulin,http://ufcstats.com/fight-details/e6851877e33d343f,W,Decision - Unanimous,3,5:00,0,6 of 10,35 of 41,2 of 4,0,0,3:22,0,3 of 7,44 of 53,1 of 2,0,0,0:28,3 of 7,1 of 1,2 of 2,5 of 9,1 of 1,0 of 0,1 of 5,2 of 2,0 of 0,2 of 6,1 of 1,0 of 0,0,26 of 40,39 of 57,1 of 3,0,0,2:38,0,10 of 24,116 of 136,0 of 0,0,0,0:00,0,17 of 38,21 of 42,0 of 3,0,0,0:00,0,13 of 39,23 of 57,2 of 3,0,0,1:59,,,,,,,,,,,,,,,,,,,,,,,,,,,,,13 of 27,4 of 4,9 of 9,18 of 32,0 of 0,8 of 8,3 of 13,6 of 10,1 of 1,9 of 23,1 of 1,0 of 0,12 of 32,4 of 5,1 of 1,17 of 38,0 of 0,0 of 0,6 of 31,5 of 6,2 of 2,13 of 38,0 of 0,0 of 1,,,,,,,,,,,,,,,,,,,,,,,,
"July 27, 2024",Christian Leroy Duncan,Gregory Rodrigues,http://ufcstats.com/fight-details/f02fed4e98048471,L,Decision - Unanimous,3,5:00,0,9 of 19,9 of 20,0 of 0,0,0,0:00,0,12 of 21,21 of 34,1 of 1,0,0,3:01,3 of 10,2 of 4,4 of 5,9 of 19,0 of 0,0 of 0,9 of 16,3 of 5,0 of 0,9 of 17,0 of 0,3 of 4,0,13 of 17,24 of 29,0 of 0,0,0,1:25,0,26 of 43,40 of 58,1 of 7,0,0,1:39,0,7 of 12,20 of 28,0 of 0,0,0,0:20,0,7 of 15,17 of 28,2 of 4,0,0,3:40,,,,,,,,,,,,,,,,,,,,,,,,,,,,,8 of 11,3 of 4,2 of 2,7 of 10,6 of 7,0 of 0,21 of 38,5 of 5,0 of 0,15 of 27,11 of 16,0 of 0,2 of 7,2 of 2,3 of 3,7 of 11,0 of 1,0 of 0,7 of 15,0 of 0,0 of 0,4 of 11,1 of 2,2 of 2,,,,,,,,,,,,,,,,,,,,,,,,
"July 27, 2024",Arnold Allen,Giga Chikadze,http://ufcstats.com/fight-details/8a2e28da18ba6a25,W,Decision - Unanimous,3,5:00,0,13 of 22,13 of 22,0 of 1,0,0,0:00,0,14 of 33,15 of 34,0 of 0,0,0,0:00,9 of 17,4 of 5,0 of 0,13 of 22,0 of 0,0 of 0,7 of 22,5 of 9,2 of 2,14 of 33,0 of 0,0 of 0,0,16 of 43,16 of 43,0 of 0,0,0,0:00,0,13 of 40,13 of 40,0 of 0,0,0,0:00,0,32 of 57,32 of 57,0 of 0,0,0,0:00,0,11 of 38,11 of 38,0 of 0,0,0,0:00,,,,,,,,,,,,,,,,,,,,,,,,,,,,,9 of 30,5 of 9,2 of 4,16 of 43,0 of 0,0 of 0,9 of 32,2 of 6,2 of 2,13 of 40,0 of 0,0 of 0,25 of 48,7 of 8,0 of 1,32 of 57,0 of 0,0 of 0,6 of 29,5 of 9,0 of 0,11 of 38,0 of 0,0 of 0,,,,,,,,,,,,,,,,,,,,,,,,
"July 27, 2024",Molly McCann,Bruna Brasil,http://ufcstats.com/fight-details/678eda89a096dde8,L,Decision - Unanimous,3,5:00,0,10 of 21,10 of 22,1 of 4,0,0,0:55,0,25 of 38,31 of 44,0 of 0,0,0,0:44,7 of 15,2 of 4,1 of 2,10 of 21,0 of 0,0 of 0,8 of 18,15 of 17,2 of 3,18 of 28,5 of 5,2 of 5,0,11 of 20,30 of 40,1 of 2,0,0,2:05,0,11 of 19,21 of 33,1 of 1,0,0,1:20,0,11 of 15,17 of 22,0 of 1,0,0,0:31,0,8 of 17,11 of 22,2 of 2,0,1,3:31,,,,,,,,,,,,,,,,,,,,,,,,,,,,,6 of 13,4 of 6,1 of 1,9 of 18,1 of 1,1 of 1,6 of 14,5 of 5,0 of 0,8 of 15,3 of 4,0 of 0,6 of 10,5 of 5,0 of 0,9 of 13,1 of 1,1 of 1,6 of 14,2 of 2,0 of 1,6 of 13,0 of 0,2 of 4,,,,,,,,,,,,,,,,,,,,,,,,
"July 27, 2024",Jake Hadley,Caolan Loughran,http://ufcstats.com/fight-details/9d8c32c60df0e287,W,Decision - Unanimous,3,5:00,0,27 of 48,27 of 48,0 of 0,0,0,0:00,0,19 of 41,19 of 41,0 of 0,0,0,0:00,6 of 27,7 of 7,14 of 14,27 of 48,0 of 0,0 of 0,8 of 27,9 of 12,2 of 2,19 of 41,0 of 0,0 of 0,0,24 of 49,36 of 62,0 of 1,0,0,0:01,0,22 of 67,24 of 73,1 of 5,0,0,1:14,0,30 of 57,44 of 71,0 of 0,0,0,0:06,0,25 of 73,25 of 74,0 of 3,0,0,0:33,,,,,,,,,,,,,,,,,,,,,,,,,,,,,11 of 36,4 of 4,9 of 9,22 of 47,2 of 2,0 of 0,13 of 52,4 of 9,5 of 6,21 of 66,0 of 0,1 of 1,18 of 43,2 of 4,10 of 10,29 of 55,1 of 2,0 of 0,12 of 57,5 of 8,8 of 8,24 of 71,1 of 2,0 of 0,,,,,,,,,,,,,,,,,,,,,,,,
"July 27, 2024",Mick Parkin,Lukasz Brzeski,http://ufcstats.com/fight-details/a5558e8fec59a687,W,KO/TKO,1,3:23,1,34 of 52,34 of 52,0 of 0,0,0,0:02,0,24 of 42,26 of 44,0 of 0,0,0,0:00,29 of 46,0 of 1,5 of 5,28 of 44,3 of 4,3 of 4,12 of 28,3 of 5,9 of 9,20 of 38,4 of 4,0 of 0,,,,,,,,,,,,,,,,,,,,,,,,,,,,,,,,,,,,,,,,,,,,,,,,,,,,,,,,,,,,,,,,,,,,,,,,,,,,,,,,,,,,,,,,,,,,,,,,,,,,,,,,
"July 20, 2024",Kurt Holobaugh,Kaynan Kruschewsky,http://ufcstats.com/fight-details/9eaa33f874bbb999,W,Decision - Unanimous,3,5:00,0,26 of 65,52 of 100,0 of 2,0,0,1:57,0,31 of 57,38 of 67,0 of 0,0,0,0:18,15 of 49,7 of 11,4 of 5,19 of 50,7 of 15,0 of 0,15 of 39,15 of 17,1 of 1,16 of 39,15 of 18,0 of 0,0,48 of 79,66 of 101,1 of 2,0,0,1:28,0,36 of 65,40 of 69,1 of 1,2,0,0:32,0,18 of 27,53 of 74,0 of 0,0,1,1:56,0,22 of 34,37 of 59,2 of 2,0,0,1:57,,,,,,,,,,,,,,,,,,,,,,,,,,,,,34 of 64,10 of 11,4 of 4,42 of 71,6 of 8,0 of 0,28 of 53,8 of 12,0 of 0,25 of 54,11 of 11,0 of 0,9 of 18,8 of 8,1 of 1,13 of 20,5 of 7,0 of 0,18 of 28,4 of 6,0 of 0,12 of 21,2 of 4,8 of 9,,,,,,,,,,,,,,,,,,,,,,,,
"July 20, 2024",Dooho Choi,Bill Algeo,http://ufcstats.com/fight-details/ec8bc554a0646638,W,KO/TKO,2,3:38,0,5 of 8,13 of 17,1 of 1,3,0,1:02,0,6 of 12,23 of 33,2 of 3,0,1,3:02,5 of 7,0 of 0,0 of 1,2 of 5,3 of 3,0 of 0,5 of 9,1 of 2,0 of 1,4 of 9,1 of 1,1 of 2,0,16 of 27,19 of 30,1 of 2,0,0,0:31,0,11 of 37,15 of 41,0 of 0,0,0,0:07,,,,,,,,,,,,,,,,,,,,,,,,,,,,,,,,,,,,,,,,,,,10 of 21,3 of 3,3 of 3,15 of 25,0 of 1,1 of 1,6 of 27,2 of 3,3 of 7,10 of 36,1 of 1,0 of 0,,,,,,,,,,,,,,,,,,,,,,,,,,,,,,,,,,,,
"July 20, 2024",Miranda Maverick,Dione Barbosa,http://ufcstats.com/fight-details/e655774643881e6c,W,Decision - Unanimous,3,5:00,0,16 of 45,31 of 67,1 of 1,0,0,2:02,0,7 of 21,14 of 29,0 of 0,0,0,0:00,3 of 27,4 of 7,9 of 11,14 of 42,1 of 1,1 of 2,6 of 19,0 of 1,1 of 1,7 of 21,0 of 0,0 of 0,0,7 of 28,30 of 60,1 of 3,0,0,2:26,0,7 of 16,11 of 20,1 of 1,1,0,0:43,0,7 of 15,41 of 61,0 of 1,0,0,3:39,0,7 of 15,22 of 36,0 of 1,0,0,0:06,,,,,,,,,,,,,,,,,,,,,,,,,,,,,1 of 16,3 of 8,3 of 4,6 of 26,1 of 1,0 of 1,6 of 14,1 of 2,0 of 0,6 of 15,1 of 1,0 of 0,5 of 12,0 of 0,2 of 3,3 of 9,0 of 0,4 of 6,7 of 14,0 of 1,0 of 0,6 of 14,1 of 1,0 of 0,,,,,,,,,,,,,,,,,,,,,,,,
"July 20, 2024",Mohammed Usman,Thomas Petersen,http://ufcstats.com/fight-details/836e9bc5c1f6acd3,L,Decision - Unanimous,3,5:00,0,22 of 50,22 of 50,0 of 0,0,0,0:00,0,22 of 41,24 of 43,0 of 1,0,0,0:03,18 of 44,4 of 6,0 of 0,20 of 46,2 of 4,0 of 0,13 of 32,6 of 6,3 of 3,20 of 39,2 of 2,0 of 0,0,17 of 60,17 of 60,0 of 1,0,0,0:00,0,25 of 45,30 of 52,1 of 2,0,0,0:36,0,24 of 75,24 of 75,0 of 0,0,0,0:00,0,29 of 52,44 of 69,1 of 2,0,0,0:22,,,,,,,,,,,,,,,,,,,,,,,,,,,,,9 of 46,8 of 13,0 of 1,17 of 60,0 of 0,0 of 0,20 of 37,4 of 7,1 of 1,24 of 44,1 of 1,0 of 0,17 of 61,7 of 14,0 of 0,24 of 75,0 of 0,0 of 0,25 of 48,3 of 3,1 of 1,28 of 51,0 of 0,1 of 1,,,,,,,,,,,,,,,,,,,,,,,,
"July 13, 2024",Rose Namajunas,Tracy Cortez,http://ufcstats.com/fight-details/1394ce1832ddefe0,W,Decision - Unanimous,5,5:00,1,26 of 50,30 of 55,0 of 0,0,0,0:28,0,12 of 43,14 of 45,0 of 0,0,0,0:00,16 of 39,4 of 5,6 of 6,26 of 50,0 of 0,0 of 0,4 of 32,1 of 1,7 of 10,12 of 43,0 of 0,0 of 0,0,26 of 46,27 of 48,1 of 1,0,0,0:23,0,11 of 41,12 of 42,1 of 2,0,0,0:16,0,5 of 12,15 of 31,2 of 2,0,0,3:47,0,2 of 9,8 of 16,0 of 1,0,0,0:03,0,11 of 28,17 of 35,1 of 1,0,0,1:06,0,12 of 44,15 of 49,1 of 1,0,0,0:24,0,28 of 44,30 of 46,1 of 1,0,0,0:52,0,21 of 61,36 of 81,0 of 1,0,0,0:15,16 of 33,5 of 7,5 of 6,25 of 45,1 of 1,0 of 0,7 of 36,2 of 3,2 of 2,10 of 40,1 of 1,0 of 0,5 of 12,0 of 0,0 of 0,3 of 10,2 of 2,0 of 0,1 of 7,1 of 1,0 of 1,1 of 8,1 of 1,0 of 0,8 of 25,2 of 2,1 of 1,11 of 27,0 of 1,0 of 0,7 of 37,4 of 5,1 of 2,10 of 40,2 of 4,0 of 0,21 of 37,6 of 6,1 of 1,28 of 43,0 of 1,0 of 0,12 of 50,6 of 7,3 of 4,19 of 58,2 of 3,0 of 0
"July 13, 2024",Drew Dober,Jean Silva,http://ufcstats.com/fight-details/54de03e04f571735,L,TKO - Doctor's Stoppage,3,1:28,0,20 of 58,20 of 58,0 of 0,0,0,0:00,0,16 of 42,16 of 42,0 of 0,0,0,0:00,7 of 41,8 of 12,5 of 5,20 of 58,0 of 0,0 of 0,10 of 34,6 of 8,0 of 0,15 of 41,1 of 1,0 of 0,0,30 of 70,30 of 71,0 of 2,0,0,0:13,0,31 of 55,31 of 55,0 of 0,0,0,0:00,0,9 of 19,9 of 19,0 of 2,0,0,0:17,0,6 of 12,6 of 12,0 of 0,0,0,0:00,,,,,,,,,,,,,,,,,,,,,,,,,,,,,17 of 53,10 of 13,3 of 4,26 of 61,4 of 9,0 of 0,23 of 45,7 of 9,1 of 1,29 of 51,2 of 3,0 of 1,5 of 15,3 of 3,1 of 1,9 of 19,0 of 0,0 of 0,4 of 10,2 of 2,0 of 0,4 of 9,2 of 3,0 of 0,,,,,,,,,,,,,,,,,,,,,,,,
"July 13, 2024",Gabriel Bonfim,Ange Loosa,http://ufcstats.com/fight-details/dad759ec50508147,W,Decision - Unanimous,3,5:00,0,23 of 50,27 of 55,0 of 0,0,0,0:05,0,15 of 33,23 of 45,3 of 9,0,0,2:07,11 of 37,11 of 12,1 of 1,13 of 38,10 of 11,0 of 1,10 of 25,3 of 6,2 of 2,9 of 25,1 of 1,5 of 7,0,35 of 87,36 of 88,1 of 1,0,0,0:05,0,21 of 73,21 of 74,1 of 1,0,0,0:12,0,43 of 88,43 of 89,0 of 0,0,0,0:00,0,16 of 47,16 of 47,0 of 3,0,0,0:16,,,,,,,,,,,,,,,,,,,,,,,,,,,,,20 of 68,13 of 17,2 of 2,31 of 80,4 of 7,0 of 0,18 of 64,0 of 6,3 of 3,20 of 72,1 of 1,0 of 0,33 of 77,8 of 9,2 of 2,41 of 86,2 of 2,0 of 0,9 of 36,4 of 7,3 of 4,16 of 47,0 of 0,0 of 0,,,,,,,,,,,,,,,,,,,,,,,,
"July 13, 2024",Julian Erosa,Christian Rodriguez,http://ufcstats.com/fight-details/a63bb85cc39389c7,W,Submission,1,4:49,0,35 of 88,39 of 94,1 of 1,1,0,0:41,0,33 of 75,33 of 76,0 of 0,0,1,0:19,27 of 73,7 of 13,1 of 2,33 of 84,2 of 4,0 of 0,26 of 67,2 of 2,5 of 6,31 of 73,0 of 0,2 of 2,,,,,,,,,,,,,,,,,,,,,,,,,,,,,,,,,,,,,,,,,,,,,,,,,,,,,,,,,,,,,,,,,,,,,,,,,,,,,,,,,,,,,,,,,,,,,,,,,,,,,,,,
"July 13, 2024",Abdul Razak Alhassan,Cody Brundage,http://ufcstats.com/fight-details/46fa8e79fe8a9539,NC,Could Not Continue,1,0:37,0,23 of 30,24 of 35,0 of 0,0,0,0:27,0,1 of 2,1 of 2,0 of 1,0,0,0:03,23 of 30,0 of 0,0 of 0,0 of 0,4 of 4,19 of 26,1 of 2,0 of 0,0 of 0,1 of 2,0 of 0,0 of 0,,,,,,,,,,,,,,,,,,,,,,,,,,,,,,,,,,,,,,,,,,,,,,,,,,,,,,,,,,,,,,,,,,,,,,,,,,,,,,,,,,,,,,,,,,,,,,,,,,,,,,,,
"July 13, 2024",Jasmine Jasudavicius,Fatima Kline,http://ufcstats.com/fight-details/582afc25875911d1,W,Decision - Unanimous,3,5:00,0,10 of 23,31 of 55,1 of 1,0,0,2:32,0,4 of 12,6 of 14,1 of 1,0,0,0:37,7 of 17,0 of 3,3 of 3,5 of 15,0 of 0,5 of 8,2 of 10,0 of 0,2 of 2,4 of 12,0 of 0,0 of 0,0,17 of 29,29 of 49,1 of 1,0,0,2:25,0,16 of 31,19 of 36,0 of 0,0,0,0:15,0,13 of 37,33 of 61,2 of 4,1,0,2:51,0,19 of 38,23 of 44,0 of 0,0,0,0:00,,,,,,,,,,,,,,,,,,,,,,,,,,,,,9 of 18,6 of 9,2 of 2,11 of 22,4 of 5,2 of 2,13 of 27,3 of 4,0 of 0,11 of 25,2 of 3,3 of 3,9 of 30,3 of 6,1 of 1,11 of 33,0 of 1,2 of 3,17 of 36,2 of 2,0 of 0,18 of 37,1 of 1,0 of 0,,,,,,,,,,,,,,,,,,,,,,,,
"July 13, 2024",Montel Jackson,Da'Mon Blackshear,http://ufcstats.com/fight-details/5eebde8fb4d67259,W,KO/TKO,1,0:18,1,4 of 6,4 of 6,0 of 0,0,0,0:02,0,1 of 1,1 of 1,0 of 0,0,0,0:00,4 of 5,0 of 1,0 of 0,1 of 3,0 of 0,3 of 3,0 of 0,0 of 0,1 of 1,1 of 1,0 of 0,0 of 0,,,,,,,,,,,,,,,,,,,,,,,,,,,,,,,,,,,,,,,,,,,,,,,,,,,,,,,,,,,,,,,,,,,,,,,,,,,,,,,,,,,,,,,,,,,,,,,,,,,,,,,,
"July 13, 2024",Luana Santos,Mariya Agapova,http://ufcstats.com/fight-details/e06bfd0100eccbad,W,Submission,1,3:27,0,2 of 4,9 of 12,1 of 1,3,0,2:23,0,3 of 14,20 of 31,0 of 0,0,0,0:00,2 of 4,0 of 0,0 of 0,2 of 4,0 of 0,0 of 0,1 of 5,0 of 2,2 of 7,3 of 14,0 of 0,0 of 0,,,,,,,,,,,,,,,,,,,,,,,,,,,,,,,,,,,,,,,,,,,,,,,,,,,,,,,,,,,,,,,,,,,,,,,,,,,,,,,,,,,,,,,,,,,,,,,,,,,,,,,,
"July 13, 2024",Evan Elder,Darrius Flowers,http://ufcstats.com/fight-details/25747d81ae5c6564,W,Submission,2,1:46,0,37 of 75,48 of 88,0 of 1,0,0,1:24,0,24 of 58,25 of 59,0 of 1,0,1,0:06,17 of 49,19 of 24,1 of 2,27 of 56,3 of 5,7 of 14,12 of 36,5 of 13,7 of 9,21 of 54,3 of 4,0 of 0,0,8 of 11,13 of 16,0 of 0,1,1,0:37,0,0 of 2,1 of 6,1 of 1,0,0,0:22,,,,,,,,,,,,,,,,,,,,,,,,,,,,,,,,,,,,,,,,,,,0 of 2,8 of 9,0 of 0,2 of 4,0 of 0,6 of 7,0 of 1,0 of 0,0 of 1,0 of 2,0 of 0,0 of 0,,,,,,,,,,,,,,,,,,,,,,,,,,,,,,,,,,,,
"June 29, 2024",Dan Ige,Diego Lopes,http://ufcstats.com/fight-details/fc8ad0c7fc70dde7,L,Decision - Unanimous,3,5:00,0,9 of 24,9 of 24,0 of 1,0,0,0:00,0,22 of 47,23 of 48,0 of 0,1,0,0:23,6 of 21,2 of 2,1 of 1,7 of 21,2 of 3,0 of 0,16 of 38,3 of 6,3 of 3,14 of 37,8 of 10,0 of 0,0,8 of 12,17 of 22,0 of 0,0,0,0:00,0,12 of 16,51 of 57,0 of 0,0,0,3:10,0,25 of 41,41 of 57,0 of 0,0,0,1:39,0,15 of 37,16 of 38,1 of 3,0,0,0:33,,,,,,,,,,,,,,,,,,,,,,,,,,,,,6 of 9,1 of 1,1 of 2,6 of 10,0 of 0,2 of 2,6 of 9,3 of 3,3 of 4,11 of 15,0 of 0,1 of 1,22 of 37,1 of 2,2 of 2,11 of 22,1 of 1,13 of 18,10 of 27,2 of 5,3 of 5,13 of 33,2 of 4,0 of 0,,,,,,,,,,,,,,,,,,,,,,,,
"June 29, 2024",Joe Pyfer,Marc-Andre Barriault,http://ufcstats.com/fight-details/daa6b47be304ec86,W,KO/TKO,1,1:25,1,8 of 10,8 of 10,0 of 0,0,0,0:01,0,0 of 5,0 of 5,0 of 0,0,0,0:00,4 of 5,1 of 2,3 of 3,7 of 9,0 of 0,1 of 1,0 of 3,0 of 1,0 of 1,0 of 5,0 of 0,0 of 0,,,,,,,,,,,,,,,,,,,,,,,,,,,,,,,,,,,,,,,,,,,,,,,,,,,,,,,,,,,,,,,,,,,,,,,,,,,,,,,,,,,,,,,,,,,,,,,,,,,,,,,,
"June 29, 2024",Charles Jourdain,Jean Silva,http://ufcstats.com/fight-details/2b7883b304b3df1c,L,KO/TKO,2,1:22,0,20 of 40,20 of 41,2 of 5,0,0,0:34,1,25 of 45,26 of 46,0 of 0,0,0,0:07,4 of 22,10 of 12,6 of 6,16 of 35,3 of 3,1 of 2,21 of 41,3 of 3,1 of 1,11 of 27,11 of 14,3 of 4,0,3 of 6,4 of 7,1 of 2,0,0,0:43,1,9 of 10,9 of 10,0 of 0,0,0,0:02,,,,,,,,,,,,,,,,,,,,,,,,,,,,,,,,,,,,,,,,,,,2 of 4,1 of 2,0 of 0,1 of 4,2 of 2,0 of 0,5 of 6,4 of 4,0 of 0,3 of 4,5 of 5,1 of 1,,,,,,,,,,,,,,,,,,,,,,,,,,,,,,,,,,,,
"June 29, 2024",Payton Talbott,Yanis Ghemmouri,http://ufcstats.com/fight-details/5f8a92f10e5451ce,W,KO/TKO,1,0:19,1,13 of 13,13 of 13,0 of 0,0,0,0:01,0,1 of 2,1 of 2,0 of 0,0,0,0:00,12 of 12,0 of 0,1 of 1,4 of 4,0 of 0,9 of 9,0 of 1,0 of 0,1 of 1,1 of 2,0 of 0,0 of 0,,,,,,,,,,,,,,,,,,,,,,,,,,,,,,,,,,,,,,,,,,,,,,,,,,,,,,,,,,,,,,,,,,,,,,,,,,,,,,,,,,,,,,,,,,,,,,,,,,,,,,,,
"June 29, 2024",Andrei Arlovski,Martin Buday,http://ufcstats.com/fight-details/3bbc222130d9dac7,L,Decision - Split,3,5:00,0,14 of 25,16 of 28,0 of 1,0,0,0:48,0,8 of 21,55 of 69,0 of 0,0,0,2:18,8 of 17,4 of 5,2 of 3,12 of 22,2 of 3,0 of 0,5 of 17,1 of 2,2 of 2,4 of 16,4 of 5,0 of 0,0,27 of 46,32 of 53,0 of 0,0,0,2:09,0,22 of 32,45 of 55,0 of 0,0,0,0:10,0,33 of 48,50 of 66,0 of 0,0,0,2:01,0,24 of 31,65 of 75,0 of 0,0,0,0:12,,,,,,,,,,,,,,,,,,,,,,,,,,,,,14 of 29,8 of 12,5 of 5,19 of 37,8 of 9,0 of 0,8 of 16,11 of 12,3 of 4,8 of 14,14 of 18,0 of 0,12 of 23,14 of 16,7 of 9,23 of 38,10 of 10,0 of 0,11 of 18,13 of 13,0 of 0,11 of 18,13 of 13,0 of 0,,,,,,,,,,,,,,,,,,,,,,,,
"June 29, 2024",Rei Tsuruya,Carlos Hernandez,http://ufcstats.com/fight-details/7856621db043423d,W,Decision - Unanimous,3,5:00,0,2 of 12,9 of 20,2 of 4,0,0,1:16,0,8 of 23,8 of 23,1 of 1,0,0,0:06,1 of 11,1 of 1,0 of 0,2 of 12,0 of 0,0 of 0,3 of 18,1 of 1,4 of 4,8 of 23,0 of 0,0 of 0,0,13 of 17,26 of 35,1 of 1,0,0,4:42,0,2 of 2,2 of 2,0 of 0,0,0,0:00,0,2 of 3,27 of 28,0 of 3,0,0,0:21,0,6 of 7,16 of 20,0 of 1,0,0,4:23,,,,,,,,,,,,,,,,,,,,,,,,,,,,,12 of 16,1 of 1,0 of 0,0 of 0,0 of 0,13 of 17,2 of 2,0 of 0,0 of 0,0 of 0,0 of 0,2 of 2,2 of 3,0 of 0,0 of 0,0 of 0,2 of 3,0 of 0,2 of 3,4 of 4,0 of 0,0 of 0,4 of 5,2 of 2,,,,,,,,,,,,,,,,,,,,,,,,
"June 22, 2024",Robert Whittaker,Ikram Aliskerov,http://ufcstats.com/fight-details/eba46dbf9cdd83c0,W,KO/TKO,1,1:49,1,14 of 21,14 of 21,0 of 0,0,0,0:03,0,5 of 15,5 of 15,0 of 0,0,0,0:00,12 of 19,0 of 0,2 of 2,12 of 18,0 of 0,2 of 3,3 of 10,1 of 4,1 of 1,5 of 15,0 of 0,0 of 0,,,,,,,,,,,,,,,,,,,,,,,,,,,,,,,,,,,,,,,,,,,,,,,,,,,,,,,,,,,,,,,,,,,,,,,,,,,,,,,,,,,,,,,,,,,,,,,,,,,,,,,,
"June 22, 2024",Kelvin Gastelum,Daniel Rodriguez,http://ufcstats.com/fight-details/8ddd53a7ed3754d5,W,Decision - Unanimous,3,5:00,0,44 of 93,45 of 94,0 of 0,0,0,0:05,0,46 of 91,46 of 92,0 of 0,0,0,0:00,27 of 70,6 of 10,11 of 13,44 of 93,0 of 0,0 of 0,25 of 67,15 of 17,6 of 7,46 of 91,0 of 0,0 of 0,0,37 of 86,39 of 88,2 of 2,0,0,0:25,0,53 of 113,53 of 113,0 of 0,0,0,0:00,0,31 of 59,39 of 68,2 of 2,0,0,2:17,0,28 of 61,33 of 68,0 of 0,0,0,0:00,,,,,,,,,,,,,,,,,,,,,,,,,,,,,27 of 72,4 of 6,6 of 8,37 of 86,0 of 0,0 of 0,38 of 97,13 of 14,2 of 2,53 of 113,0 of 0,0 of 0,23 of 51,4 of 4,4 of 4,24 of 47,0 of 0,7 of 12,19 of 50,8 of 10,1 of 1,28 of 61,0 of 0,0 of 0,,,,,,,,,,,,,,,,,,,,,,,,
"June 22, 2024",Shara Magomedov,Antonio Trocoli,http://ufcstats.com/fight-details/fbbf5391ea25521b,W,KO/TKO,3,2:27,0,19 of 27,39 of 48,0 of 0,0,0,0:00,0,12 of 17,26 of 41,0 of 3,0,0,3:05,4 of 12,5 of 5,10 of 10,17 of 25,2 of 2,0 of 0,7 of 11,4 of 4,1 of 2,9 of 14,3 of 3,0 of 0,0,30 of 40,36 of 47,0 of 0,0,0,0:17,0,4 of 11,13 of 30,0 of 4,0,0,1:37,1,33 of 41,33 of 41,0 of 0,0,0,0:00,0,0 of 6,0 of 6,0 of 0,0,0,0:00,,,,,,,,,,,,,,,,,,,,,,,,,,,,,8 of 18,11 of 11,11 of 11,21 of 30,9 of 10,0 of 0,1 of 6,3 of 5,0 of 0,3 of 10,1 of 1,0 of 0,16 of 22,6 of 8,11 of 11,31 of 39,2 of 2,0 of 0,0 of 5,0 of 1,0 of 0,0 of 5,0 of 1,0 of 0,,,,,,,,,,,,,,,,,,,,,,,,
"June 22, 2024",Muhammad Naimov,Felipe Lima,http://ufcstats.com/fight-details/8bd5f20f49434c65,L,Submission,3,1:15,0,7 of 19,31 of 53,1 of 2,0,0,2:14,0,14 of 23,35 of 47,0 of 0,0,0,0:43,3 of 13,1 of 3,3 of 3,5 of 11,0 of 2,2 of 6,3 of 12,5 of 5,6 of 6,10 of 18,4 of 5,0 of 0,0,18 of 54,18 of 54,0 of 2,0,0,0:22,0,21 of 36,24 of 39,0 of 1,0,0,0:00,0,5 of 12,6 of 13,0 of 1,0,0,0:00,0,2 of 11,3 of 12,1 of 1,1,0,0:23,,,,,,,,,,,,,,,,,,,,,,,,,,,,,10 of 39,3 of 10,5 of 5,17 of 51,1 of 3,0 of 0,7 of 19,8 of 10,6 of 7,20 of 35,1 of 1,0 of 0,1 of 8,2 of 2,2 of 2,4 of 10,1 of 2,0 of 0,0 of 6,1 of 4,1 of 1,1 of 7,1 of 4,0 of 0,,,,,,,,,,,,,,,,,,,,,,,,
"June 22, 2024",Kyung Ho Kang,Muin Gafurov,http://ufcstats.com/fight-details/8db5cf5df713a7e9,L,Decision - Unanimous,3,5:00,0,3 of 11,43 of 52,0 of 4,0,0,0:39,0,15 of 21,44 of 53,0 of 0,0,0,3:02,0 of 8,1 of 1,2 of 2,3 of 11,0 of 0,0 of 0,10 of 14,2 of 4,3 of 3,7 of 13,0 of 0,8 of 8,0,9 of 16,40 of 49,1 of 3,0,0,1:54,0,22 of 33,40 of 55,1 of 2,0,1,2:09,0,0 of 8,36 of 51,2 of 4,0,0,2:23,0,10 of 17,26 of 36,0 of 1,0,0,1:27,,,,,,,,,,,,,,,,,,,,,,,,,,,,,8 of 15,1 of 1,0 of 0,8 of 15,0 of 0,1 of 1,9 of 17,6 of 8,7 of 8,13 of 24,4 of 4,5 of 5,0 of 5,0 of 2,0 of 1,0 of 7,0 of 1,0 of 0,8 of 14,2 of 2,0 of 1,5 of 10,2 of 2,3 of 5,,,,,,,,,,,,,,,,,,,,,,,,
"June 22, 2024",Magomed Gadzhiyasulov,Brendson Ribeiro,http://ufcstats.com/fight-details/0ac2da3dbaf2fce2,W,Decision - Majority,3,5:00,0,8 of 11,29 of 42,1 of 1,0,0,1:43,0,11 of 22,14 of 29,3 of 5,0,0,1:36,1 of 3,3 of 3,4 of 5,4 of 7,4 of 4,0 of 0,5 of 14,2 of 2,4 of 6,7 of 16,3 of 5,1 of 1,0,11 of 18,33 of 53,1 of 1,0,0,3:41,0,5 of 10,8 of 13,0 of 0,1,1,0:20,0,7 of 10,31 of 40,3 of 3,0,0,4:35,0,1 of 3,7 of 9,0 of 1,0,0,0:00,,,,,,,,,,,,,,,,,,,,,,,,,,,,,7 of 12,1 of 1,3 of 5,7 of 13,0 of 0,4 of 5,0 of 2,2 of 2,3 of 6,5 of 10,0 of 0,0 of 0,7 of 10,0 of 0,0 of 0,1 of 3,0 of 0,6 of 7,1 of 3,0 of 0,0 of 0,1 of 3,0 of 0,0 of 0,,,,,,,,,,,,,,,,,,,,,,,,
"June 15, 2024",Douglas Silva de Andrade,Miles Johns,http://ufcstats.com/fight-details/6bdb93f9b4581bf6,L,Decision - Unanimous,3,5:00,0,12 of 27,12 of 27,0 of 1,0,0,0:07,0,7 of 15,8 of 16,0 of 0,0,0,0:00,7 of 16,1 of 4,4 of 7,12 of 27,0 of 0,0 of 0,3 of 10,1 of 2,3 of 3,7 of 15,0 of 0,0 of 0,0,10 of 41,10 of 41,0 of 0,0,0,0:00,0,25 of 45,25 of 45,0 of 1,0,0,0:00,0,14 of 51,14 of 51,0 of 0,0,0,0:00,0,18 of 36,19 of 37,0 of 2,0,0,0:05,,,,,,,,,,,,,,,,,,,,,,,,,,,,,4 of 24,4 of 13,2 of 4,10 of 41,0 of 0,0 of 0,19 of 39,3 of 3,3 of 3,25 of 45,0 of 0,0 of 0,10 of 40,1 of 4,3 of 7,14 of 50,0 of 1,0 of 0,15 of 33,2 of 2,1 of 1,18 of 36,0 of 0,0 of 0,,,,,,,,,,,,,,,,,,,,,,,,
"June 15, 2024",Timmy Cuamba,Lucas Almeida,http://ufcstats.com/fight-details/78a7bf038e56881d,L,Decision - Unanimous,3,5:00,0,13 of 26,13 of 26,0 of 2,0,0,0:44,1,22 of 59,30 of 70,0 of 0,0,0,0:18,6 of 19,3 of 3,4 of 4,13 of 26,0 of 0,0 of 0,13 of 42,3 of 11,6 of 6,21 of 58,0 of 0,1 of 1,0,22 of 44,22 of 44,0 of 1,0,0,0:16,0,32 of 84,36 of 88,0 of 0,0,0,0:10,0,24 of 46,38 of 66,2 of 2,0,0,1:18,0,16 of 53,25 of 62,0 of 0,0,0,0:19,,,,,,,,,,,,,,,,,,,,,,,,,,,,,14 of 33,3 of 5,5 of 6,22 of 44,0 of 0,0 of 0,18 of 66,9 of 12,5 of 6,28 of 79,2 of 3,2 of 2,15 of 35,8 of 9,1 of 2,13 of 30,0 of 0,11 of 16,12 of 45,1 of 5,3 of 3,16 of 53,0 of 0,0 of 0,,,,,,,,,,,,,,,,,,,,,,,,
"June 15, 2024",Asu Almabayev,Jose Johnson,http://ufcstats.com/fight-details/3b1438e9ec64990e,W,Decision - Unanimous,3,5:00,0,4 of 7,12 of 19,5 of 7,1,0,3:24,0,3 of 11,29 of 39,0 of 0,0,0,0:04,0 of 1,1 of 1,3 of 5,0 of 3,4 of 4,0 of 0,1 of 6,1 of 4,1 of 1,3 of 10,0 of 1,0 of 0,0,8 of 12,34 of 47,0 of 1,1,0,4:08,0,2 of 6,9 of 14,1 of 1,1,0,0:07,0,8 of 10,31 of 43,1 of 3,2,1,3:52,0,0 of 4,20 of 26,0 of 0,0,0,0:52,,,,,,,,,,,,,,,,,,,,,,,,,,,,,7 of 11,1 of 1,0 of 0,2 of 5,0 of 0,6 of 7,2 of 6,0 of 0,0 of 0,1 of 5,1 of 1,0 of 0,5 of 7,1 of 1,2 of 2,2 of 2,1 of 1,5 of 7,0 of 4,0 of 0,0 of 0,0 of 3,0 of 0,0 of 1,,,,,,,,,,,,,,,,,,,,,,,,
"June 15, 2024",Josh Quinlan,Adam Fugitt,http://ufcstats.com/fight-details/ab7bc93bdf4132c4,L,Decision - Split,3,5:00,0,23 of 45,23 of 45,0 of 0,0,0,0:00,0,22 of 58,22 of 58,0 of 0,0,0,0:00,8 of 29,4 of 4,11 of 12,23 of 45,0 of 0,0 of 0,4 of 34,11 of 14,7 of 10,22 of 58,0 of 0,0 of 0,0,16 of 39,16 of 39,0 of 0,0,0,0:00,0,27 of 62,27 of 62,0 of 2,0,0,0:00,0,14 of 42,14 of 42,0 of 0,0,0,0:00,0,31 of 85,31 of 85,0 of 0,0,0,0:00,,,,,,,,,,,,,,,,,,,,,,,,,,,,,8 of 28,3 of 5,5 of 6,16 of 39,0 of 0,0 of 0,8 of 35,16 of 24,3 of 3,27 of 61,0 of 1,0 of 0,9 of 36,4 of 5,1 of 1,14 of 42,0 of 0,0 of 0,17 of 62,13 of 21,1 of 2,31 of 85,0 of 0,0 of 0,,,,,,,,,,,,,,,,,,,,,,,,
"June 15, 2024",Jimmy Flick,Nate Maness,http://ufcstats.com/fight-details/6f31285305881fe3,L,Decision - Unanimous,3,5:00,0,14 of 31,14 of 31,1 of 3,1,0,1:05,0,30 of 56,37 of 68,0 of 0,2,0,0:27,1 of 10,9 of 14,4 of 7,12 of 28,2 of 3,0 of 0,19 of 44,8 of 9,3 of 3,24 of 50,6 of 6,0 of 0,0,5 of 16,7 of 19,0 of 2,1,0,0:50,0,33 of 61,46 of 76,0 of 0,0,0,1:46,0,18 of 28,20 of 30,0 of 3,0,0,0:46,0,26 of 51,56 of 90,0 of 0,0,0,2:10,,,,,,,,,,,,,,,,,,,,,,,,,,,,,1 of 5,2 of 6,2 of 5,5 of 16,0 of 0,0 of 0,26 of 50,6 of 10,1 of 1,23 of 42,6 of 10,4 of 9,6 of 11,10 of 15,2 of 2,11 of 20,7 of 8,0 of 0,18 of 41,3 of 4,5 of 6,17 of 39,7 of 10,2 of 2,,,,,,,,,,,,,,,,,,,,,,,,
"June 15, 2024",Josefine Knutsson,Julia Polastri,http://ufcstats.com/fight-details/06713afc60301c0c,W,Decision - Unanimous,3,5:00,0,61 of 108,64 of 111,0 of 0,0,0,0:06,0,34 of 62,36 of 65,1 of 1,0,0,0:22,33 of 69,15 of 24,13 of 15,50 of 94,11 of 14,0 of 0,23 of 44,9 of 14,2 of 4,16 of 39,2 of 3,16 of 20,0,24 of 51,32 of 63,0 of 0,0,0,0:00,0,5 of 12,16 of 27,1 of 1,0,0,2:55,0,39 of 85,49 of 97,0 of 0,0,1,0:37,0,25 of 48,34 of 60,1 of 1,1,0,1:17,,,,,,,,,,,,,,,,,,,,,,,,,,,,,9 of 35,7 of 8,8 of 8,21 of 43,1 of 4,2 of 4,3 of 9,1 of 2,1 of 1,5 of 10,0 of 0,0 of 2,26 of 69,9 of 11,4 of 5,38 of 83,0 of 1,1 of 1,12 of 30,9 of 13,4 of 5,22 of 42,1 of 3,2 of 3,,,,,,,,,,,,,,,,,,,,,,,,
"June 08, 2024",Dominick Reyes,Dustin Jacoby,http://ufcstats.com/fight-details/2d12ae4683bbf433,W,KO/TKO,1,2:00,2,20 of 33,20 of 33,0 of 0,0,0,0:03,0,6 of 16,6 of 16,0 of 0,0,0,0:00,15 of 26,3 of 4,2 of 3,16 of 24,2 of 3,2 of 6,1 of 7,0 of 1,5 of 8,6 of 16,0 of 0,0 of 0,,,,,,,,,,,,,,,,,,,,,,,,,,,,,,,,,,,,,,,,,,,,,,,,,,,,,,,,,,,,,,,,,,,,,,,,,,,,,,,,,,,,,,,,,,,,,,,,,,,,,,,,
"June 08, 2024",Raul Rosas Jr.,Ricky Turcios,http://ufcstats.com/fight-details/b34abcfe4c2e8a57,W,Submission,2,2:22,0,1 of 3,21 of 25,2 of 4,0,1,3:40,0,5 of 11,50 of 61,0 of 0,1,0,0:52,1 of 3,0 of 0,0 of 0,0 of 2,0 of 0,1 of 1,1 of 6,1 of 1,3 of 4,5 of 11,0 of 0,0 of 0,0,2 of 6,4 of 9,2 of 3,1,0,2:09,0,2 of 4,14 of 17,0 of 0,0,0,0:00,,,,,,,,,,,,,,,,,,,,,,,,,,,,,,,,,,,,,,,,,,,1 of 4,0 of 0,1 of 2,2 of 6,0 of 0,0 of 0,2 of 4,0 of 0,0 of 0,1 of 3,1 of 1,0 of 0,,,,,,,,,,,,,,,,,,,,,,,,,,,,,,,,,,,,
"June 08, 2024",Brunno Ferreira,Dustin Stoltzfus,http://ufcstats.com/fight-details/dcc0c53100fa1dd2,W,KO/TKO,1,4:51,1,24 of 36,27 of 40,0 of 0,0,0,0:10,0,18 of 40,20 of 44,1 of 2,2,0,1:31,16 of 27,6 of 7,2 of 2,22 of 33,2 of 3,0 of 0,12 of 34,4 of 4,2 of 2,13 of 34,3 of 3,2 of 3,,,,,,,,,,,,,,,,,,,,,,,,,,,,,,,,,,,,,,,,,,,,,,,,,,,,,,,,,,,,,,,,,,,,,,,,,,,,,,,,,,,,,,,,,,,,,,,,,,,,,,,,
"June 08, 2024",Julian Marquez,Zach Reese,http://ufcstats.com/fight-details/3b12094dd48c2dc5,L,KO/TKO,1,0:20,0,1 of 1,1 of 1,0 of 0,0,0,0:00,1,6 of 9,6 of 9,0 of 0,0,0,0:03,0 of 0,0 of 0,1 of 1,1 of 1,0 of 0,0 of 0,5 of 8,1 of 1,0 of 0,2 of 4,0 of 0,4 of 5,,,,,,,,,,,,,,,,,,,,,,,,,,,,,,,,,,,,,,,,,,,,,,,,,,,,,,,,,,,,,,,,,,,,,,,,,,,,,,,,,,,,,,,,,,,,,,,,,,,,,,,,
"June 08, 2024",Miguel Baeza,Punahele Soriano,http://ufcstats.com/fight-details/393f9bc7b51791a6,L,Decision - Unanimous,3,5:00,0,5 of 9,11 of 17,0 of 2,3,0,0:47,0,42 of 59,54 of 80,2 of 2,0,0,1:27,0 of 1,5 of 6,0 of 2,3 of 6,2 of 3,0 of 0,40 of 56,1 of 2,1 of 1,1 of 5,5 of 5,36 of 49,0,1 of 2,3 of 6,0 of 0,0,0,0:00,0,49 of 59,93 of 111,2 of 2,0,0,4:46,0,1 of 1,8 of 10,0 of 0,0,0,0:00,0,53 of 57,184 of 203,1 of 2,0,0,4:45,,,,,,,,,,,,,,,,,,,,,,,,,,,,,0 of 0,1 of 2,0 of 0,1 of 2,0 of 0,0 of 0,43 of 52,5 of 6,1 of 1,1 of 1,0 of 0,48 of 58,0 of 0,0 of 0,1 of 1,1 of 1,0 of 0,0 of 0,46 of 50,7 of 7,0 of 0,1 of 1,0 of 0,52 of 56,,,,,,,,,,,,,,,,,,,,,,,,
"June 08, 2024",Charles Radtke,Carlos Prates,http://ufcstats.com/fight-details/8afe89f5c451b372,L,KO/TKO,1,4:47,0,14 of 27,33 of 48,0 of 2,0,0,0:23,1,15 of 36,15 of 36,0 of 0,0,0,0:04,7 of 19,3 of 4,4 of 4,13 of 26,1 of 1,0 of 0,5 of 19,4 of 10,6 of 7,15 of 36,0 of 0,0 of 0,,,,,,,,,,,,,,,,,,,,,,,,,,,,,,,,,,,,,,,,,,,,,,,,,,,,,,,,,,,,,,,,,,,,,,,,,,,,,,,,,,,,,,,,,,,,,,,,,,,,,,,,
"June 08, 2024",John Castaneda,Daniel Marcos,http://ufcstats.com/fight-details/e976815e397c40e1,L,Decision - Unanimous,3,5:00,0,24 of 46,25 of 47,0 of 0,0,0,0:00,0,28 of 52,28 of 53,0 of 0,0,0,0:00,6 of 19,3 of 5,15 of 22,24 of 46,0 of 0,0 of 0,23 of 41,2 of 8,3 of 3,26 of 49,2 of 2,0 of 1,0,13 of 30,20 of 40,1 of 4,0,0,1:53,0,26 of 54,27 of 55,0 of 0,0,0,0:37,0,23 of 47,23 of 47,0 of 1,0,0,0:19,1,44 of 65,46 of 69,0 of 0,0,0,0:24,,,,,,,,,,,,,,,,,,,,,,,,,,,,,7 of 24,2 of 2,4 of 4,13 of 30,0 of 0,0 of 0,22 of 49,3 of 4,1 of 1,17 of 42,9 of 12,0 of 0,13 of 32,4 of 9,6 of 6,22 of 46,1 of 1,0 of 0,26 of 41,16 of 19,2 of 5,38 of 59,6 of 6,0 of 0,,,,,,,,,,,,,,,,,,,,,,,,
"June 08, 2024",Eduarda Moura,Denise Gomes,http://ufcstats.com/fight-details/790a8cd528233e50,L,Decision - Split,3,5:00,0,4 of 11,9 of 25,2 of 9,0,0,3:11,0,7 of 16,32 of 47,0 of 1,1,1,0:48,2 of 8,1 of 2,1 of 1,0 of 5,3 of 4,1 of 2,1 of 7,5 of 7,1 of 2,3 of 9,4 of 6,0 of 1,0,5 of 7,9 of 12,2 of 9,0,0,1:58,0,21 of 37,69 of 88,0 of 0,0,1,1:20,0,9 of 29,9 of 29,1 of 8,0,0,1:27,0,22 of 35,36 of 49,0 of 0,0,0,0:12,,,,,,,,,,,,,,,,,,,,,,,,,,,,,3 of 5,1 of 1,1 of 1,5 of 7,0 of 0,0 of 0,11 of 24,10 of 12,0 of 1,6 of 17,13 of 15,2 of 5,7 of 27,2 of 2,0 of 0,7 of 27,2 of 2,0 of 0,7 of 15,7 of 11,8 of 9,22 of 34,0 of 1,0 of 0,,,,,,,,,,,,,,,,,,,,,,,,
"June 08, 2024",Rayanne dos Santos,Puja Tomar,http://ufcstats.com/fight-details/b20640f9b2634de1,L,Decision - Split,3,5:00,0,27 of 44,27 of 44,0 of 1,0,0,0:00,0,36 of 75,37 of 76,0 of 0,0,0,0:00,17 of 28,9 of 13,1 of 3,26 of 43,1 of 1,0 of 0,12 of 48,21 of 23,3 of 4,35 of 71,1 of 4,0 of 0,0,24 of 51,24 of 51,0 of 1,0,0,0:00,0,28 of 57,28 of 57,0 of 0,0,0,0:00,0,33 of 55,35 of 57,0 of 1,0,0,0:49,0,31 of 67,34 of 70,0 of 0,0,0,0:11,,,,,,,,,,,,,,,,,,,,,,,,,,,,,9 of 25,9 of 18,6 of 8,23 of 50,1 of 1,0 of 0,4 of 19,15 of 20,9 of 18,28 of 57,0 of 0,0 of 0,21 of 39,11 of 15,1 of 1,30 of 51,3 of 4,0 of 0,13 of 45,14 of 16,4 of 6,31 of 66,0 of 1,0 of 0,,,,,,,,,,,,,,,,,,,,,,,,
"June 01, 2024",Kevin Holland,Michal Oleksiejczuk,http://ufcstats.com/fight-details/605c16fa5a803b15,W,Submission,1,1:34,0,8 of 17,8 of 17,0 of 0,1,0,0:16,0,8 of 18,9 of 19,0 of 0,0,0,0:31,5 of 13,3 of 4,0 of 0,8 of 17,0 of 0,0 of 0,5 of 15,3 of 3,0 of 0,6 of 13,0 of 0,2 of 5,,,,,,,,,,,,,,,,,,,,,,,,,,,,,,,,,,,,,,,,,,,,,,,,,,,,,,,,,,,,,,,,,,,,,,,,,,,,,,,,,,,,,,,,,,,,,,,,,,,,,,,,
"June 01, 2024",Cesar Almeida,Roman Kopylov,http://ufcstats.com/fight-details/ee24be90a01f552e,L,Decision - Split,3,5:00,0,23 of 42,28 of 47,0 of 0,0,0,0:00,1,18 of 31,23 of 36,2 of 3,0,0,2:01,4 of 15,7 of 10,12 of 17,23 of 42,0 of 0,0 of 0,13 of 26,4 of 4,1 of 1,12 of 24,0 of 0,6 of 7,0,20 of 36,52 of 69,0 of 0,0,0,0:00,0,9 of 19,17 of 31,1 of 3,0,0,2:58,0,15 of 27,34 of 46,0 of 0,0,0,0:00,0,14 of 21,34 of 47,2 of 3,0,0,3:40,,,,,,,,,,,,,,,,,,,,,,,,,,,,,7 of 19,11 of 13,2 of 4,16 of 31,4 of 4,0 of 1,8 of 17,0 of 1,1 of 1,9 of 19,0 of 0,0 of 0,7 of 18,6 of 7,2 of 2,12 of 24,2 of 2,1 of 1,13 of 20,1 of 1,0 of 0,11 of 18,0 of 0,3 of 3,,,,,,,,,,,,,,,,,,,,,,,,
"June 01, 2024",Jailton Almeida,Alexandr Romanov,http://ufcstats.com/fight-details/c0af8cf5befb2dcf,W,Submission,1,2:27,0,1 of 2,2 of 3,1 of 2,2,0,2:07,0,1 of 1,1 of 1,0 of 0,0,0,0:00,0 of 0,1 of 2,0 of 0,1 of 2,0 of 0,0 of 0,0 of 0,0 of 0,1 of 1,1 of 1,0 of 0,0 of 0,,,,,,,,,,,,,,,,,,,,,,,,,,,,,,,,,,,,,,,,,,,,,,,,,,,,,,,,,,,,,,,,,,,,,,,,,,,,,,,,,,,,,,,,,,,,,,,,,,,,,,,,
"June 01, 2024",Grant Dawson,Joe Solecki,http://ufcstats.com/fight-details/cf306c4714530f31,W,Decision - Unanimous,3,5:00,0,7 of 11,34 of 40,1 of 1,0,0,4:42,0,2 of 2,6 of 6,0 of 1,1,0,0:14,6 of 10,1 of 1,0 of 0,1 of 1,0 of 0,6 of 10,2 of 2,0 of 0,0 of 0,0 of 0,0 of 0,2 of 2,0,17 of 25,51 of 66,1 of 1,0,0,4:31,0,4 of 6,10 of 13,0 of 0,0,0,0:00,0,22 of 34,61 of 84,1 of 1,0,0,4:33,0,6 of 11,11 of 16,0 of 1,0,0,0:00,,,,,,,,,,,,,,,,,,,,,,,,,,,,,15 of 22,1 of 2,1 of 1,2 of 6,0 of 0,15 of 19,3 of 5,0 of 0,1 of 1,3 of 5,0 of 0,1 of 1,18 of 30,4 of 4,0 of 0,4 of 7,1 of 1,17 of 26,5 of 10,1 of 1,0 of 0,3 of 6,1 of 3,2 of 2,,,,,,,,,,,,,,,,,,,,,,,,
"June 01, 2024",Mitch Raposo,Andre Lima,http://ufcstats.com/fight-details/f1d3eec12662d8d7,L,Decision - Split,3,5:00,0,7 of 20,7 of 20,0 of 0,0,0,0:00,0,17 of 29,17 of 29,0 of 0,0,0,0:00,6 of 17,1 of 3,0 of 0,7 of 20,0 of 0,0 of 0,4 of 10,1 of 2,12 of 17,17 of 29,0 of 0,0 of 0,0,8 of 24,8 of 24,1 of 1,0,0,0:09,0,13 of 29,13 of 29,0 of 0,0,0,0:00,0,17 of 32,17 of 32,0 of 1,0,0,0:00,0,21 of 42,22 of 43,0 of 1,0,0,0:09,,,,,,,,,,,,,,,,,,,,,,,,,,,,,3 of 17,5 of 7,0 of 0,8 of 24,0 of 0,0 of 0,3 of 11,2 of 5,8 of 13,13 of 29,0 of 0,0 of 0,11 of 24,6 of 8,0 of 0,17 of 32,0 of 0,0 of 0,7 of 26,4 of 5,10 of 11,19 of 40,2 of 2,0 of 0,,,,,,,,,,,,,,,,,,,,,,,,
"May 18, 2024",Adrian Yanez,Vinicius Salvador,http://ufcstats.com/fight-details/5dcade01fc840da6,W,KO/TKO,1,2:47,1,36 of 56,36 of 58,0 of 0,0,0,0:17,0,17 of 34,17 of 34,0 of 0,0,0,0:00,27 of 45,1 of 2,8 of 9,15 of 28,0 of 0,21 of 28,6 of 20,6 of 6,5 of 8,17 of 34,0 of 0,0 of 0,,,,,,,,,,,,,,,,,,,,,,,,,,,,,,,,,,,,,,,,,,,,,,,,,,,,,,,,,,,,,,,,,,,,,,,,,,,,,,,,,,,,,,,,,,,,,,,,,,,,,,,,
"May 18, 2024",Luana Pinheiro,Angela Hill,http://ufcstats.com/fight-details/2a43df4cc047a28b,L,Submission,2,4:12,0,7 of 20,14 of 36,0 of 2,0,0,0:00,0,8 of 34,15 of 42,2 of 2,0,0,2:03,6 of 19,0 of 0,1 of 1,6 of 17,1 of 3,0 of 0,8 of 29,0 of 5,0 of 0,4 of 29,0 of 0,4 of 5,0,10 of 40,11 of 41,1 of 5,0,0,0:04,0,20 of 45,24 of 49,0 of 4,1,1,1:03,,,,,,,,,,,,,,,,,,,,,,,,,,,,,,,,,,,,,,,,,,,5 of 32,3 of 6,2 of 2,9 of 37,1 of 3,0 of 0,11 of 35,9 of 10,0 of 0,17 of 42,3 of 3,0 of 0,,,,,,,,,,,,,,,,,,,,,,,,,,,,,,,,,,,,
"May 18, 2024",Victor Martinez,Tom Nolan,http://ufcstats.com/fight-details/b5df5a0a0bda9256,L,KO/TKO,1,3:50,1,18 of 26,20 of 29,0 of 1,0,0,0:48,0,33 of 64,41 of 72,0 of 0,0,0,0:02,6 of 12,7 of 9,5 of 5,16 of 23,1 of 1,1 of 2,14 of 38,13 of 20,6 of 6,29 of 58,0 of 1,4 of 5,,,,,,,,,,,,,,,,,,,,,,,,,,,,,,,,,,,,,,,,,,,,,,,,,,,,,,,,,,,,,,,,,,,,,,,,,,,,,,,,,,,,,,,,,,,,,,,,,,,,,,,,
"May 18, 2024",Piera Rodriguez,Ariane Carnelossi,http://ufcstats.com/fight-details/28c6de749d0d0e9d,L,DQ,2,3:16,0,19 of 50,24 of 60,1 of 1,0,0,1:22,0,10 of 33,32 of 63,0 of 0,0,0,0:00,18 of 49,1 of 1,0 of 0,14 of 43,2 of 3,3 of 4,9 of 29,0 of 0,1 of 4,9 of 31,1 of 2,0 of 0,1,21 of 31,27 of 42,0 of 1,0,0,2:31,0,6 of 16,14 of 26,0 of 0,0,0,0:00,,,,,,,,,,,,,,,,,,,,,,,,,,,,,,,,,,,,,,,,,,,16 of 24,5 of 7,0 of 0,8 of 17,9 of 10,4 of 4,4 of 14,2 of 2,0 of 0,3 of 12,3 of 4,0 of 0,,,,,,,,,,,,,,,,,,,,,,,,,,,,,,,,,,,,
"May 18, 2024",Alatengheili,Kleydson Rodrigues,http://ufcstats.com/fight-details/63605e9f3e71d738,W,Decision - Unanimous,3,5:00,0,3 of 6,49 of 73,1 of 2,0,0,4:10,0,2 of 4,9 of 14,0 of 0,0,0,0:20,3 of 6,0 of 0,0 of 0,1 of 2,0 of 0,2 of 4,0 of 1,1 of 1,1 of 2,2 of 4,0 of 0,0 of 0,0,8 of 25,24 of 48,1 of 1,0,0,2:05,0,19 of 50,30 of 62,0 of 0,0,0,0:00,0,7 of 28,34 of 62,1 of 1,0,0,2:01,0,16 of 34,31 of 50,0 of 1,0,0,0:10,,,,,,,,,,,,,,,,,,,,,,,,,,,,,6 of 19,1 of 5,1 of 1,7 of 23,0 of 0,1 of 2,9 of 31,3 of 7,7 of 12,19 of 50,0 of 0,0 of 0,5 of 25,2 of 3,0 of 0,7 of 28,0 of 0,0 of 0,6 of 23,6 of 7,4 of 4,16 of 34,0 of 0,0 of 0,,,,,,,,,,,,,,,,,,,,,,,,
"May 18, 2024",Vanessa Demopoulos,Emily Ducote,http://ufcstats.com/fight-details/069df63733dcf697,W,Decision - Split,3,5:00,0,43 of 99,43 of 99,0 of 0,0,0,0:00,0,30 of 54,30 of 54,0 of 0,0,0,0:00,25 of 75,7 of 11,11 of 13,43 of 99,0 of 0,0 of 0,15 of 37,5 of 5,10 of 12,30 of 54,0 of 0,0 of 0,0,36 of 112,37 of 113,0 of 1,0,0,0:00,0,60 of 83,60 of 83,0 of 0,0,0,0:00,0,30 of 82,46 of 99,0 of 2,0,0,0:00,0,53 of 77,57 of 81,0 of 0,0,0,0:46,,,,,,,,,,,,,,,,,,,,,,,,,,,,,24 of 98,10 of 11,2 of 3,34 of 110,2 of 2,0 of 0,37 of 58,10 of 12,13 of 13,60 of 83,0 of 0,0 of 0,27 of 77,1 of 3,2 of 2,29 of 80,1 of 2,0 of 0,34 of 55,7 of 9,12 of 13,50 of 74,0 of 0,3 of 3,,,,,,,,,,,,,,,,,,,,,,,,
"May 11, 2024",Derrick Lewis,Rodrigo Nascimento,http://ufcstats.com/fight-details/6f0f84075fa1a4b0,W,KO/TKO,3,0:49,0,9 of 17,15 of 23,1 of 2,0,1,1:40,0,15 of 23,48 of 62,1 of 1,0,0,2:37,5 of 11,4 of 6,0 of 0,4 of 10,5 of 5,0 of 2,8 of 16,5 of 5,2 of 2,4 of 10,4 of 4,7 of 9,0,17 of 35,17 of 35,0 of 2,0,0,1:35,0,12 of 15,24 of 27,0 of 0,0,0,2:09,1,15 of 23,15 of 23,0 of 0,0,0,0:08,0,0 of 3,0 of 3,0 of 0,0,0,0:00,,,,,,,,,,,,,,,,,,,,,,,,,,,,,14 of 32,3 of 3,0 of 0,9 of 24,8 of 11,0 of 0,8 of 11,2 of 2,2 of 2,4 of 7,2 of 2,6 of 6,14 of 22,1 of 1,0 of 0,2 of 7,0 of 0,13 of 16,0 of 3,0 of 0,0 of 0,0 of 3,0 of 0,0 of 0,,,,,,,,,,,,,,,,,,,,,,,,
"May 11, 2024",Alonzo Menifield,Carlos Ulberg,http://ufcstats.com/fight-details/a049c12f43914449,L,KO/TKO,1,0:12,0,1 of 4,1 of 4,0 of 0,0,0,0:00,1,7 of 11,7 of 11,0 of 0,0,0,0:02,1 of 4,0 of 0,0 of 0,1 of 4,0 of 0,0 of 0,7 of 11,0 of 0,0 of 0,5 of 8,0 of 0,2 of 3,,,,,,,,,,,,,,,,,,,,,,,,,,,,,,,,,,,,,,,,,,,,,,,,,,,,,,,,,,,,,,,,,,,,,,,,,,,,,,,,,,,,,,,,,,,,,,,,,,,,,,,,
"May 11, 2024",Diego Ferreira,Mateusz Rebecki,http://ufcstats.com/fight-details/6c67aa7063717a0c,W,KO/TKO,3,4:51,0,21 of 65,28 of 73,0 of 0,0,0,0:00,1,30 of 60,35 of 66,0 of 0,0,0,1:16,15 of 51,6 of 14,0 of 0,21 of 64,0 of 1,0 of 0,21 of 51,7 of 7,2 of 2,24 of 52,0 of 0,6 of 8,0,40 of 79,49 of 88,1 of 1,0,0,0:25,0,16 of 48,19 of 51,3 of 4,0,0,0:55,0,62 of 97,74 of 111,2 of 2,0,0,1:47,0,6 of 29,6 of 29,1 of 1,0,0,0:15,,,,,,,,,,,,,,,,,,,,,,,,,,,,,31 of 61,8 of 17,1 of 1,38 of 77,0 of 0,2 of 2,12 of 39,1 of 6,3 of 3,16 of 48,0 of 0,0 of 0,48 of 77,14 of 20,0 of 0,35 of 62,0 of 0,27 of 35,1 of 19,3 of 8,2 of 2,6 of 29,0 of 0,0 of 0,,,,,,,,,,,,,,,,,,,,,,,,
"May 11, 2024",Alex Caceres,Sean Woodson,http://ufcstats.com/fight-details/8aa07b6cc40f0cb2,L,Decision - Unanimous,3,5:00,0,18 of 49,18 of 49,0 of 0,0,0,0:00,0,31 of 63,31 of 63,0 of 0,0,0,0:00,11 of 36,4 of 8,3 of 5,18 of 49,0 of 0,0 of 0,18 of 44,3 of 6,10 of 13,31 of 63,0 of 0,0 of 0,0,32 of 73,32 of 73,0 of 0,0,0,0:04,0,31 of 71,31 of 71,0 of 0,0,0,0:00,0,32 of 75,35 of 78,0 of 0,0,0,0:08,0,39 of 92,39 of 92,0 of 0,0,0,0:00,,,,,,,,,,,,,,,,,,,,,,,,,,,,,16 of 52,11 of 15,5 of 6,31 of 70,1 of 3,0 of 0,16 of 51,9 of 13,6 of 7,29 of 69,2 of 2,0 of 0,16 of 55,13 of 17,3 of 3,30 of 71,2 of 4,0 of 0,27 of 76,7 of 9,5 of 7,38 of 90,1 of 2,0 of 0,,,,,,,,,,,,,,,,,,,,,,,,
"May 11, 2024",Waldo Cortes Acosta,Robelis Despaigne,http://ufcstats.com/fight-details/e98eb6de29c62c9c,W,Decision - Unanimous,3,5:00,0,6 of 10,34 of 49,1 of 1,1,0,4:32,0,2 of 7,4 of 11,0 of 0,0,0,0:00,5 of 9,0 of 0,1 of 1,2 of 4,0 of 0,4 of 6,2 of 7,0 of 0,0 of 0,2 of 7,0 of 0,0 of 0,0,25 of 54,42 of 76,1 of 2,0,0,2:44,0,13 of 28,13 of 31,0 of 0,0,0,0:19,0,21 of 37,54 of 79,1 of 1,0,0,2:33,0,11 of 17,11 of 17,0 of 0,0,0,0:00,,,,,,,,,,,,,,,,,,,,,,,,,,,,,22 of 51,0 of 0,3 of 3,8 of 12,0 of 1,17 of 41,7 of 21,2 of 3,4 of 4,13 of 27,0 of 1,0 of 0,17 of 32,0 of 0,4 of 5,5 of 8,0 of 0,16 of 29,2 of 8,0 of 0,9 of 9,11 of 17,0 of 0,0 of 0,,,,,,,,,,,,,,,,,,,,,,,,
"May 11, 2024",Chase Hooper,Viacheslav Borshchev,http://ufcstats.com/fight-details/420a5e3b4010ebef,W,Submission,2,3:00,1,32 of 62,76 of 123,0 of 0,1,0,3:10,0,2 of 4,2 of 4,0 of 0,0,0,0:00,28 of 57,4 of 5,0 of 0,3 of 18,0 of 0,29 of 44,1 of 3,0 of 0,1 of 1,2 of 4,0 of 0,0 of 0,0,30 of 47,53 of 94,1 of 1,1,0,2:53,0,0 of 2,0 of 2,0 of 0,0,0,0:01,,,,,,,,,,,,,,,,,,,,,,,,,,,,,,,,,,,,,,,,,,,30 of 47,0 of 0,0 of 0,1 of 5,0 of 0,29 of 42,0 of 2,0 of 0,0 of 0,0 of 2,0 of 0,0 of 0,,,,,,,,,,,,,,,,,,,,,,,,,,,,,,,,,,,,
"May 11, 2024",Terrance McKinney,Esteban Ribovics,http://ufcstats.com/fight-details/8d9bcbb48888a5a3,L,KO/TKO,1,0:37,0,5 of 18,5 of 18,0 of 0,0,0,0:00,1,5 of 12,5 of 12,0 of 0,0,0,0:03,3 of 16,2 of 2,0 of 0,3 of 16,2 of 2,0 of 0,3 of 8,1 of 2,1 of 2,4 of 10,1 of 2,0 of 0,,,,,,,,,,,,,,,,,,,,,,,,,,,,,,,,,,,,,,,,,,,,,,,,,,,,,,,,,,,,,,,,,,,,,,,,,,,,,,,,,,,,,,,,,,,,,,,,,,,,,,,,
"May 11, 2024",Billy Ray Goff,Trey Waters,http://ufcstats.com/fight-details/ec5d705232983b87,L,Decision - Unanimous,3,5:00,0,38 of 91,43 of 96,1 of 5,0,0,1:40,0,38 of 78,45 of 85,0 of 0,0,1,0:00,24 of 68,3 of 10,11 of 13,35 of 87,3 of 4,0 of 0,33 of 71,4 of 6,1 of 1,36 of 76,2 of 2,0 of 0,0,51 of 95,54 of 98,0 of 5,0,0,0:23,0,31 of 84,32 of 85,0 of 1,1,0,0:00,0,27 of 63,32 of 71,0 of 2,0,0,2:03,0,27 of 63,30 of 66,0 of 0,0,0,0:00,,,,,,,,,,,,,,,,,,,,,,,,,,,,,27 of 66,12 of 15,12 of 14,46 of 86,5 of 9,0 of 0,29 of 79,2 of 5,0 of 0,31 of 84,0 of 0,0 of 0,13 of 42,3 of 8,11 of 13,27 of 63,0 of 0,0 of 0,26 of 61,1 of 2,0 of 0,27 of 63,0 of 0,0 of 0,,,,,,,,,,,,,,,,,,,,,,,,
"May 11, 2024",Charles Johnson,Jake Hadley,http://ufcstats.com/fight-details/4b45f190122a1ce1,W,Decision - Unanimous,3,5:00,0,19 of 40,22 of 44,0 of 0,0,0,0:00,0,17 of 47,17 of 47,0 of 3,0,0,0:35,5 of 21,5 of 8,9 of 11,19 of 39,0 of 1,0 of 0,3 of 27,6 of 10,8 of 10,15 of 43,2 of 4,0 of 0,1,32 of 74,37 of 80,0 of 0,0,0,0:19,0,20 of 38,22 of 40,0 of 3,0,0,0:27,0,19 of 54,29 of 64,0 of 0,0,0,0:00,0,11 of 43,11 of 43,0 of 5,0,0,1:10,,,,,,,,,,,,,,,,,,,,,,,,,,,,,19 of 58,4 of 7,9 of 9,28 of 67,0 of 0,4 of 7,6 of 22,5 of 7,9 of 9,20 of 38,0 of 0,0 of 0,12 of 46,3 of 3,4 of 5,19 of 53,0 of 1,0 of 0,6 of 37,4 of 5,1 of 1,11 of 43,0 of 0,0 of 0,,,,,,,,,,,,,,,,,,,,,,,,
"May 04, 2024",Anthony Smith,Vitor Petrino,http://ufcstats.com/fight-details/a8718a3419a11e15,W,Submission,1,2:00,0,11 of 20,11 of 20,0 of 0,1,0,0:00,0,10 of 22,10 of 22,1 of 2,0,0,0:14,7 of 15,0 of 0,4 of 5,11 of 20,0 of 0,0 of 0,4 of 14,4 of 6,2 of 2,10 of 22,0 of 0,0 of 0,,,,,,,,,,,,,,,,,,,,,,,,,,,,,,,,,,,,,,,,,,,,,,,,,,,,,,,,,,,,,,,,,,,,,,,,,,,,,,,,,,,,,,,,,,,,,,,,,,,,,,,,
"May 04, 2024",Michel Pereira,Ihor Potieria,http://ufcstats.com/fight-details/3e74caa9fff4a5eb,W,Submission,1,0:54,0,6 of 10,6 of 10,0 of 0,1,0,0:09,0,2 of 3,2 of 3,0 of 0,0,0,0:00,4 of 7,2 of 3,0 of 0,2 of 6,0 of 0,4 of 4,0 of 0,1 of 2,1 of 1,2 of 3,0 of 0,0 of 0,,,,,,,,,,,,,,,,,,,,,,,,,,,,,,,,,,,,,,,,,,,,,,,,,,,,,,,,,,,,,,,,,,,,,,,,,,,,,,,,,,,,,,,,,,,,,,,,,,,,,,,,
"May 04, 2024",Paul Craig,Caio Borralho,http://ufcstats.com/fight-details/2db0998b24c11ea0,L,KO/TKO,2,2:10,0,15 of 29,15 of 31,0 of 5,0,0,0:30,0,20 of 30,27 of 37,0 of 0,0,0,0:10,3 of 9,8 of 16,4 of 4,15 of 29,0 of 0,0 of 0,14 of 22,2 of 4,4 of 4,19 of 29,1 of 1,0 of 0,0,7 of 19,7 of 19,0 of 1,0,0,0:00,1,16 of 20,16 of 20,0 of 0,0,0,0:09,,,,,,,,,,,,,,,,,,,,,,,,,,,,,,,,,,,,,,,,,,,1 of 10,4 of 7,2 of 2,7 of 19,0 of 0,0 of 0,15 of 19,1 of 1,0 of 0,16 of 20,0 of 0,0 of 0,,,,,,,,,,,,,,,,,,,,,,,,,,,,,,,,,,,,
"May 04, 2024",Jack Shore,Joanderson Brito,http://ufcstats.com/fight-details/c456b1950208e0b2,L,TKO - Doctor's Stoppage,2,3:35,0,9 of 17,13 of 21,0 of 2,0,0,0:48,0,15 of 31,29 of 45,0 of 0,0,0,2:31,5 of 13,3 of 3,1 of 1,5 of 13,4 of 4,0 of 0,1 of 16,2 of 2,12 of 13,11 of 27,4 of 4,0 of 0,0,15 of 23,18 of 26,0 of 0,0,0,0:00,0,15 of 25,28 of 41,1 of 1,0,0,2:38,,,,,,,,,,,,,,,,,,,,,,,,,,,,,,,,,,,,,,,,,,,11 of 19,4 of 4,0 of 0,5 of 12,10 of 11,0 of 0,3 of 13,2 of 2,10 of 10,9 of 19,6 of 6,0 of 0,,,,,,,,,,,,,,,,,,,,,,,,,,,,,,,,,,,,
"May 04, 2024",Mauricio Ruffy,Jamie Mullarkey,http://ufcstats.com/fight-details/b9de363e6b406853,W,KO/TKO,1,4:42,1,25 of 40,25 of 40,0 of 1,0,0,0:04,0,14 of 38,14 of 38,0 of 0,0,0,0:00,21 of 35,0 of 1,4 of 4,22 of 37,1 of 1,2 of 2,7 of 28,4 of 6,3 of 4,14 of 38,0 of 0,0 of 0,,,,,,,,,,,,,,,,,,,,,,,,,,,,,,,,,,,,,,,,,,,,,,,,,,,,,,,,,,,,,,,,,,,,,,,,,,,,,,,,,,,,,,,,,,,,,,,,,,,,,,,,
"May 04, 2024",Dione Barbosa,Ernesta Kareckaite,http://ufcstats.com/fight-details/4661e9ca9354021e,W,Decision - Unanimous,3,5:00,0,11 of 17,34 of 43,1 of 2,1,0,2:47,0,5 of 23,7 of 25,0 of 0,0,1,0:17,6 of 9,2 of 4,3 of 4,7 of 13,0 of 0,4 of 4,4 of 21,0 of 1,1 of 1,4 of 22,0 of 0,1 of 1,0,8 of 17,26 of 37,1 of 3,0,1,0:57,0,14 of 44,49 of 93,1 of 1,0,2,2:02,0,20 of 37,27 of 44,0 of 6,0,0,0:07,0,34 of 89,44 of 102,0 of 0,0,0,1:06,,,,,,,,,,,,,,,,,,,,,,,,,,,,,5 of 13,2 of 3,1 of 1,7 of 16,1 of 1,0 of 0,8 of 30,2 of 2,4 of 12,8 of 25,0 of 0,6 of 19,10 of 27,10 of 10,0 of 0,19 of 36,1 of 1,0 of 0,27 of 76,6 of 12,1 of 1,32 of 85,1 of 1,1 of 3,,,,,,,,,,,,,,,,,,,,,,,,
"May 04, 2024",Ismael Bonfim,Vinc Pichel,http://ufcstats.com/fight-details/89db7aca37b87711,W,Decision - Unanimous,3,5:00,0,34 of 66,34 of 66,0 of 1,0,0,0:02,0,18 of 47,18 of 49,1 of 1,0,0,0:03,19 of 47,2 of 4,13 of 15,34 of 66,0 of 0,0 of 0,5 of 29,5 of 10,8 of 8,18 of 47,0 of 0,0 of 0,0,36 of 75,36 of 75,0 of 0,0,0,0:00,0,22 of 54,22 of 54,0 of 0,0,0,0:05,0,41 of 75,42 of 76,1 of 1,0,0,0:28,0,21 of 41,24 of 44,0 of 1,0,0,0:21,,,,,,,,,,,,,,,,,,,,,,,,,,,,,29 of 66,4 of 6,3 of 3,36 of 74,0 of 1,0 of 0,9 of 37,3 of 5,10 of 12,22 of 54,0 of 0,0 of 0,32 of 63,7 of 10,2 of 2,37 of 69,2 of 3,2 of 3,12 of 27,6 of 9,3 of 5,20 of 39,0 of 1,1 of 1,,,,,,,,,,,,,,,,,,,,,,,,
"May 04, 2024",Alessandro Costa,Kevin Borjas,http://ufcstats.com/fight-details/fe0f1b418e6d3ecb,W,KO/TKO,2,1:35,0,16 of 45,16 of 45,0 of 2,0,0,0:05,0,15 of 38,15 of 38,0 of 2,0,0,0:00,9 of 33,2 of 4,5 of 8,15 of 41,1 of 3,0 of 1,10 of 31,4 of 6,1 of 1,15 of 37,0 of 1,0 of 0,1,30 of 41,44 of 59,0 of 0,0,0,0:38,0,3 of 18,3 of 18,0 of 0,0,0,0:00,,,,,,,,,,,,,,,,,,,,,,,,,,,,,,,,,,,,,,,,,,,23 of 33,0 of 1,7 of 7,10 of 14,0 of 0,20 of 27,2 of 14,1 of 4,0 of 0,3 of 18,0 of 0,0 of 0,,,,,,,,,,,,,,,,,,,,,,,,,,,,,,,,,,,,
"April 27, 2024",Ryan Spann,Bogdan Guskov,http://ufcstats.com/fight-details/f41e83de703acf85,L,KO/TKO,2,3:16,0,6 of 10,11 of 16,1 of 2,1,0,3:29,0,3 of 8,21 of 27,0 of 0,0,0,0:00,3 of 6,2 of 3,1 of 1,2 of 6,2 of 2,2 of 2,2 of 7,0 of 0,1 of 1,3 of 8,0 of 0,0 of 0,0,9 of 28,9 of 28,0 of 1,0,0,0:00,1,28 of 40,28 of 40,0 of 0,0,0,0:20,,,,,,,,,,,,,,,,,,,,,,,,,,,,,,,,,,,,,,,,,,,7 of 24,1 of 3,1 of 1,9 of 28,0 of 0,0 of 0,28 of 40,0 of 0,0 of 0,14 of 23,0 of 0,14 of 17,,,,,,,,,,,,,,,,,,,,,,,,,,,,,,,,,,,,
"April 27, 2024",Austen Lane,Jhonata Diniz,http://ufcstats.com/fight-details/dae70ccdf9e7475e,L,KO/TKO,2,2:12,0,9 of 19,35 of 55,1 of 1,0,0,4:10,0,1 of 2,5 of 6,0 of 0,0,0,0:00,7 of 17,2 of 2,0 of 0,3 of 7,0 of 0,6 of 12,0 of 1,0 of 0,1 of 1,1 of 2,0 of 0,0 of 0,0,8 of 18,8 of 18,0 of 3,0,0,0:19,1,19 of 31,26 of 39,0 of 0,0,0,0:32,,,,,,,,,,,,,,,,,,,,,,,,,,,,,,,,,,,,,,,,,,,8 of 17,0 of 1,0 of 0,8 of 18,0 of 0,0 of 0,15 of 27,4 of 4,0 of 0,15 of 23,4 of 8,0 of 0,,,,,,,,,,,,,,,,,,,,,,,,,,,,,,,,,,,,
"April 27, 2024",Jonathan Pearce,David Onama,http://ufcstats.com/fight-details/7ca5604d99220e88,L,Decision - Unanimous,3,5:00,0,15 of 41,15 of 41,1 of 5,0,0,0:50,0,14 of 23,18 of 29,0 of 0,0,1,0:49,6 of 28,6 of 9,3 of 4,12 of 37,0 of 0,3 of 4,11 of 20,1 of 1,2 of 2,12 of 21,2 of 2,0 of 0,0,14 of 18,29 of 37,3 of 3,1,1,3:16,0,5 of 10,6 of 11,0 of 0,1,3,0:36,0,28 of 70,43 of 87,1 of 6,0,0,0:43,0,39 of 71,42 of 75,0 of 1,0,1,0:50,,,,,,,,,,,,,,,,,,,,,,,,,,,,,10 of 13,2 of 3,2 of 2,5 of 8,0 of 0,9 of 10,4 of 8,1 of 2,0 of 0,5 of 10,0 of 0,0 of 0,21 of 61,5 of 7,2 of 2,27 of 69,1 of 1,0 of 0,35 of 66,4 of 5,0 of 0,37 of 68,2 of 3,0 of 0,,,,,,,,,,,,,,,,,,,,,,,,
"April 27, 2024",Tim Means,Uros Medic,http://ufcstats.com/fight-details/6ea77cb62aa2f276,L,KO/TKO,1,2:09,0,7 of 17,10 of 21,0 of 3,0,0,1:18,1,7 of 12,11 of 16,0 of 1,0,0,0:04,1 of 10,5 of 6,1 of 1,5 of 14,2 of 3,0 of 0,5 of 10,1 of 1,1 of 1,5 of 9,1 of 2,1 of 1,,,,,,,,,,,,,,,,,,,,,,,,,,,,,,,,,,,,,,,,,,,,,,,,,,,,,,,,,,,,,,,,,,,,,,,,,,,,,,,,,,,,,,,,,,,,,,,,,,,,,,,,
"April 27, 2024",Don'Tale Mayes,Caio Machado,http://ufcstats.com/fight-details/417049c7a3d65ccc,W,Decision - Unanimous,3,5:00,1,20 of 55,26 of 62,0 of 0,0,0,0:36,0,19 of 40,19 of 40,0 of 0,0,0,0:00,12 of 39,7 of 12,1 of 4,20 of 54,0 of 0,0 of 1,6 of 23,6 of 8,7 of 9,19 of 40,0 of 0,0 of 0,0,26 of 61,26 of 61,0 of 0,0,0,0:00,0,25 of 53,25 of 53,0 of 0,0,0,0:00,0,21 of 67,21 of 67,0 of 0,0,0,0:00,0,32 of 66,33 of 67,0 of 0,0,0,0:00,,,,,,,,,,,,,,,,,,,,,,,,,,,,,18 of 50,4 of 6,4 of 5,26 of 61,0 of 0,0 of 0,13 of 38,7 of 9,5 of 6,25 of 53,0 of 0,0 of 0,12 of 51,7 of 11,2 of 5,21 of 66,0 of 1,0 of 0,14 of 42,12 of 16,6 of 8,31 of 65,1 of 1,0 of 0,,,,,,,,,,,,,,,,,,,,,,,,
"April 27, 2024",Marnic Mann,Ketlen Souza,http://ufcstats.com/fight-details/4915c8a588513c22,L,Decision - Unanimous,3,5:00,0,11 of 21,18 of 28,1 of 2,0,0,0:23,0,23 of 31,29 of 38,1 of 2,0,0,1:00,1 of 7,2 of 2,8 of 12,9 of 19,2 of 2,0 of 0,9 of 15,7 of 9,7 of 7,21 of 29,1 of 1,1 of 1,0,11 of 36,49 of 74,0 of 1,0,0,0:00,0,27 of 41,31 of 47,0 of 0,0,0,1:39,0,9 of 20,44 of 57,1 of 2,1,1,2:31,0,30 of 44,33 of 47,0 of 0,0,1,0:32,,,,,,,,,,,,,,,,,,,,,,,,,,,,,4 of 20,2 of 6,5 of 10,11 of 36,0 of 0,0 of 0,13 of 25,9 of 11,5 of 5,23 of 37,3 of 3,1 of 1,3 of 12,1 of 2,5 of 6,8 of 18,0 of 0,1 of 2,16 of 29,12 of 13,2 of 2,27 of 39,3 of 5,0 of 0,,,,,,,,,,,,,,,,,,,,,,,,
"April 27, 2024",James Llontop,Chris Padilla,http://ufcstats.com/fight-details/0a85b3ad328205ff,L,Submission,1,4:33,0,19 of 40,19 of 40,0 of 0,0,0,0:00,0,12 of 26,14 of 29,3 of 3,1,0,1:20,7 of 25,2 of 4,10 of 11,19 of 40,0 of 0,0 of 0,6 of 18,1 of 3,5 of 5,9 of 23,2 of 2,1 of 1,,,,,,,,,,,,,,,,,,,,,,,,,,,,,,,,,,,,,,,,,,,,,,,,,,,,,,,,,,,,,,,,,,,,,,,,,,,,,,,,,,,,,,,,,,,,,,,,,,,,,,,,
"April 27, 2024",Gabriel Benitez,Maheshate,http://ufcstats.com/fight-details/0976778a6e6cf8a8,L,Decision - Split,3,5:00,0,23 of 69,23 of 69,0 of 0,0,0,0:00,0,21 of 66,21 of 66,0 of 0,0,0,0:00,9 of 51,4 of 8,10 of 10,23 of 69,0 of 0,0 of 0,13 of 49,6 of 15,2 of 2,21 of 66,0 of 0,0 of 0,0,51 of 104,51 of 104,0 of 0,0,0,0:00,0,43 of 116,43 of 116,0 of 0,0,0,0:03,0,47 of 122,47 of 123,0 of 0,0,0,0:00,0,33 of 130,33 of 130,0 of 0,0,0,0:00,,,,,,,,,,,,,,,,,,,,,,,,,,,,,35 of 87,3 of 4,13 of 13,51 of 103,0 of 1,0 of 0,29 of 100,12 of 14,2 of 2,42 of 115,1 of 1,0 of 0,37 of 109,6 of 9,4 of 4,46 of 119,1 of 3,0 of 0,25 of 112,8 of 18,0 of 0,30 of 123,3 of 7,0 of 0,,,,,,,,,,,,,,,,,,,,,,,,
"April 13, 2024",Alex Pereira,Jamahal Hill,http://ufcstats.com/fight-details/e4931f3ab3bf4141,W,KO/TKO,1,3:14,1,24 of 30,24 of 30,0 of 0,0,0,0:07,0,12 of 22,12 of 22,0 of 0,0,0,0:00,12 of 15,6 of 6,6 of 9,13 of 16,0 of 0,11 of 14,1 of 7,3 of 6,8 of 9,12 of 22,0 of 0,0 of 0,,,,,,,,,,,,,,,,,,,,,,,,,,,,,,,,,,,,,,,,,,,,,,,,,,,,,,,,,,,,,,,,,,,,,,,,,,,,,,,,,,,,,,,,,,,,,,,,,,,,,,,,
"April 13, 2024",Bo Nickal,Cody Brundage,http://ufcstats.com/fight-details/0c2e3988793b418c,W,Submission,2,3:38,0,5 of 7,24 of 28,2 of 4,0,0,4:25,0,2 of 6,16 of 20,0 of 0,0,0,0:03,5 of 7,0 of 0,0 of 0,1 of 3,0 of 0,4 of 4,0 of 4,2 of 2,0 of 0,1 of 5,1 of 1,0 of 0,0,3 of 6,21 of 31,1 of 2,2,0,3:00,0,2 of 6,17 of 21,0 of 0,0,0,0:00,,,,,,,,,,,,,,,,,,,,,,,,,,,,,,,,,,,,,,,,,,,1 of 4,2 of 2,0 of 0,2 of 2,0 of 0,1 of 4,1 of 5,1 of 1,0 of 0,1 of 5,1 of 1,0 of 0,,,,,,,,,,,,,,,,,,,,,,,,,,,,,,,,,,,,
"April 13, 2024",Sodiq Yusuff,Diego Lopes,http://ufcstats.com/fight-details/538ca98010ed00ec,L,KO/TKO,1,1:29,0,2 of 5,2 of 5,0 of 0,0,0,0:00,2,26 of 32,29 of 35,0 of 0,0,0,0:34,1 of 1,0 of 0,1 of 4,2 of 5,0 of 0,0 of 0,21 of 27,2 of 2,3 of 3,3 of 4,5 of 7,18 of 21,,,,,,,,,,,,,,,,,,,,,,,,,,,,,,,,,,,,,,,,,,,,,,,,,,,,,,,,,,,,,,,,,,,,,,,,,,,,,,,,,,,,,,,,,,,,,,,,,,,,,,,,
"April 13, 2024",Jalin Turner,Renato Moicano,http://ufcstats.com/fight-details/18824fa5c15c212f,L,KO/TKO,2,4:11,1,9 of 25,9 of 25,0 of 0,0,0,0:02,0,8 of 16,32 of 45,1 of 3,0,0,2:52,4 of 18,2 of 4,3 of 3,9 of 25,0 of 0,0 of 0,6 of 13,2 of 2,0 of 1,4 of 11,0 of 0,4 of 5,0,7 of 15,7 of 15,0 of 0,0,0,0:00,0,28 of 51,55 of 83,1 of 3,0,0,2:58,,,,,,,,,,,,,,,,,,,,,,,,,,,,,,,,,,,,,,,,,,,6 of 14,1 of 1,0 of 0,6 of 14,1 of 1,0 of 0,26 of 47,1 of 3,1 of 1,7 of 12,1 of 1,20 of 38,,,,,,,,,,,,,,,,,,,,,,,,,,,,,,,,,,,,
"April 06, 2024",Brendan Allen,Chris Curtis,http://ufcstats.com/fight-details/3ce96bb0c69b39be,W,Decision - Split,5,5:00,0,22 of 40,24 of 42,1 of 1,0,0,1:17,0,13 of 41,16 of 44,0 of 0,0,0,0:05,12 of 26,7 of 10,3 of 4,22 of 40,0 of 0,0 of 0,8 of 34,5 of 7,0 of 0,13 of 41,0 of 0,0 of 0,0,29 of 66,29 of 66,0 of 1,0,0,0:07,0,46 of 80,46 of 80,0 of 0,0,0,0:00,0,23 of 42,31 of 52,1 of 1,0,0,2:03,0,23 of 45,23 of 45,0 of 0,0,0,0:00,0,25 of 39,28 of 44,2 of 3,0,0,1:24,0,21 of 44,21 of 44,0 of 0,0,1,0:05,0,13 of 35,16 of 38,2 of 7,0,0,1:14,0,21 of 31,35 of 48,0 of 0,0,1,1:08,20 of 55,6 of 8,3 of 3,28 of 64,1 of 2,0 of 0,36 of 67,8 of 11,2 of 2,46 of 80,0 of 0,0 of 0,14 of 31,4 of 6,5 of 5,22 of 40,1 of 2,0 of 0,18 of 38,5 of 7,0 of 0,22 of 43,1 of 2,0 of 0,16 of 30,6 of 6,3 of 3,25 of 39,0 of 0,0 of 0,17 of 39,3 of 4,1 of 1,21 of 44,0 of 0,0 of 0,10 of 30,2 of 4,1 of 1,11 of 31,2 of 4,0 of 0,17 of 27,4 of 4,0 of 0,20 of 29,1 of 2,0 of 0
"April 06, 2024",Trevor Peek,Charlie Campbell,http://ufcstats.com/fight-details/47f8812a335b6ce9,L,Decision - Unanimous,3,5:00,0,19 of 41,19 of 43,1 of 2,0,0,1:05,0,27 of 50,43 of 66,1 of 1,0,0,0:11,10 of 28,2 of 6,7 of 7,17 of 38,1 of 1,1 of 2,7 of 21,9 of 13,11 of 16,22 of 44,5 of 6,0 of 0,0,24 of 45,33 of 58,1 of 1,0,0,1:16,0,24 of 39,35 of 53,1 of 5,0,0,1:49,0,4 of 11,10 of 17,0 of 0,0,0,0:54,0,3 of 11,22 of 34,2 of 4,0,1,3:41,,,,,,,,,,,,,,,,,,,,,,,,,,,,,18 of 38,4 of 5,2 of 2,14 of 33,8 of 9,2 of 3,11 of 20,9 of 15,4 of 4,16 of 29,8 of 10,0 of 0,4 of 11,0 of 0,0 of 0,3 of 10,1 of 1,0 of 0,2 of 9,0 of 1,1 of 1,2 of 7,0 of 2,1 of 2,,,,,,,,,,,,,,,,,,,,,,,,
"April 06, 2024",Valter Walker,Lukasz Brzeski,http://ufcstats.com/fight-details/ff5a8078ea85bbc7,L,Decision - Unanimous,3,5:00,0,12 of 18,21 of 33,2 of 2,0,0,3:16,0,16 of 27,52 of 67,0 of 0,0,0,0:00,9 of 14,0 of 1,3 of 3,4 of 10,1 of 1,7 of 7,4 of 15,4 of 4,8 of 8,16 of 26,0 of 1,0 of 0,0,16 of 35,17 of 36,1 of 1,0,0,0:58,0,32 of 56,39 of 71,0 of 0,0,0,0:11,0,5 of 14,18 of 32,1 of 2,0,1,3:05,0,10 of 19,44 of 62,0 of 0,0,1,0:32,,,,,,,,,,,,,,,,,,,,,,,,,,,,,9 of 27,3 of 4,4 of 4,15 of 31,1 of 4,0 of 0,19 of 42,8 of 9,5 of 5,30 of 52,2 of 4,0 of 0,1 of 9,3 of 3,1 of 2,4 of 12,0 of 0,1 of 2,4 of 13,4 of 4,2 of 2,9 of 18,1 of 1,0 of 0,,,,,,,,,,,,,,,,,,,,,,,,
"April 06, 2024",Pedro Falcao,Victor Hugo,http://ufcstats.com/fight-details/5c3b8819dbe98114,L,Decision - Unanimous,3,5:00,0,11 of 18,21 of 32,1 of 4,0,0,3:25,0,12 of 26,21 of 35,0 of 0,0,0,0:00,5 of 9,3 of 6,3 of 3,9 of 15,2 of 3,0 of 0,4 of 17,3 of 4,5 of 5,10 of 24,2 of 2,0 of 0,0,14 of 36,16 of 38,0 of 5,0,0,1:50,0,24 of 45,27 of 54,0 of 0,0,0,0:24,0,17 of 52,21 of 58,0 of 4,0,0,1:55,1,32 of 53,36 of 59,0 of 0,0,0,0:25,,,,,,,,,,,,,,,,,,,,,,,,,,,,,10 of 29,0 of 1,4 of 6,14 of 36,0 of 0,0 of 0,13 of 28,5 of 11,6 of 6,20 of 40,4 of 5,0 of 0,12 of 45,3 of 5,2 of 2,13 of 45,4 of 7,0 of 0,14 of 32,13 of 15,5 of 6,27 of 48,5 of 5,0 of 0,,,,,,,,,,,,,,,,,,,,,,,,
"April 06, 2024",Dan Argueta,Jean Matsumoto,http://ufcstats.com/fight-details/1f7566c90343a680,L,Submission,2,4:59,0,6 of 16,26 of 41,4 of 8,0,0,2:45,0,6 of 12,8 of 15,1 of 2,0,0,0:57,6 of 16,0 of 0,0 of 0,2 of 10,0 of 2,4 of 4,1 of 6,0 of 1,5 of 5,2 of 6,4 of 6,0 of 0,0,8 of 23,13 of 28,5 of 11,0,0,3:16,0,13 of 23,21 of 32,1 of 2,1,0,0:37,,,,,,,,,,,,,,,,,,,,,,,,,,,,,,,,,,,,,,,,,,,7 of 21,1 of 1,0 of 1,8 of 21,0 of 1,0 of 1,9 of 18,1 of 2,3 of 3,11 of 20,1 of 2,1 of 1,,,,,,,,,,,,,,,,,,,,,,,,,,,,,,,,,,,,
"April 06, 2024",Dylan Budka,Cesar Almeida,http://ufcstats.com/fight-details/3cf5e0ebb5f8322c,L,KO/TKO,2,2:13,0,1 of 2,6 of 8,2 of 4,0,0,4:32,0,1 of 2,43 of 46,0 of 0,0,0,0:00,0 of 1,1 of 1,0 of 0,1 of 2,0 of 0,0 of 0,0 of 1,0 of 0,1 of 1,1 of 2,0 of 0,0 of 0,0,0 of 3,0 of 3,1 of 2,0,0,1:21,0,28 of 36,44 of 55,0 of 0,0,0,0:12,,,,,,,,,,,,,,,,,,,,,,,,,,,,,,,,,,,,,,,,,,,0 of 3,0 of 0,0 of 0,0 of 3,0 of 0,0 of 0,21 of 28,7 of 8,0 of 0,6 of 9,19 of 21,3 of 6,,,,,,,,,,,,,,,,,,,,,,,,,,,,,,,,,,,,
"March 30, 2024",Nursulton Ruziboev,Sedriques Dumas,http://ufcstats.com/fight-details/e30250daa73005a8,W,KO/TKO,1,3:18,1,12 of 32,12 of 32,0 of 0,0,0,0:04,0,1 of 16,1 of 16,0 of 0,0,0,0:00,11 of 30,1 of 2,0 of 0,11 of 25,0 of 0,1 of 7,1 of 13,0 of 2,0 of 1,1 of 16,0 of 0,0 of 0,,,,,,,,,,,,,,,,,,,,,,,,,,,,,,,,,,,,,,,,,,,,,,,,,,,,,,,,,,,,,,,,,,,,,,,,,,,,,,,,,,,,,,,,,,,,,,,,,,,,,,,,
"March 30, 2024",Bill Algeo,Kyle Nelson,http://ufcstats.com/fight-details/91aa08e910fb4412,L,KO/TKO,1,4:00,0,30 of 58,44 of 73,0 of 0,0,0,0:00,0,32 of 59,40 of 68,0 of 0,0,0,0:48,11 of 34,11 of 11,8 of 13,30 of 55,0 of 3,0 of 0,20 of 45,6 of 8,6 of 6,28 of 52,4 of 6,0 of 1,,,,,,,,,,,,,,,,,,,,,,,,,,,,,,,,,,,,,,,,,,,,,,,,,,,,,,,,,,,,,,,,,,,,,,,,,,,,,,,,,,,,,,,,,,,,,,,,,,,,,,,,
"March 30, 2024",Chidi Njokuani,Rhys McKee,http://ufcstats.com/fight-details/eb9f9f61507497a5,W,Decision - Split,3,5:00,0,23 of 34,29 of 44,0 of 0,0,0,0:00,0,16 of 43,17 of 44,0 of 0,0,0,2:17,1 of 7,5 of 7,17 of 20,19 of 29,4 of 5,0 of 0,12 of 37,0 of 2,4 of 4,15 of 42,1 of 1,0 of 0,0,15 of 21,37 of 48,0 of 0,0,0,0:32,0,9 of 21,11 of 25,0 of 3,0,0,2:37,0,26 of 43,30 of 47,0 of 2,0,0,0:21,0,5 of 29,12 of 36,0 of 4,0,0,1:47,,,,,,,,,,,,,,,,,,,,,,,,,,,,,5 of 6,4 of 8,6 of 7,9 of 13,6 of 8,0 of 0,5 of 17,4 of 4,0 of 0,8 of 20,1 of 1,0 of 0,11 of 27,9 of 10,6 of 6,18 of 33,8 of 10,0 of 0,4 of 26,1 of 2,0 of 1,5 of 28,0 of 1,0 of 0,,,,,,,,,,,,,,,,,,,,,,,,
"March 30, 2024",Nate Landwehr,Jamall Emmers,http://ufcstats.com/fight-details/636b01ee49925e49,W,KO/TKO,1,4:43,1,37 of 76,37 of 76,0 of 0,0,0,0:05,0,39 of 78,39 of 78,0 of 0,0,0,0:01,34 of 70,3 of 5,0 of 1,24 of 62,9 of 10,4 of 4,24 of 59,13 of 17,2 of 2,36 of 74,3 of 4,0 of 0,,,,,,,,,,,,,,,,,,,,,,,,,,,,,,,,,,,,,,,,,,,,,,,,,,,,,,,,,,,,,,,,,,,,,,,,,,,,,,,,,,,,,,,,,,,,,,,,,,,,,,,,
"March 30, 2024",Dennis Buzukja,Connor Matthews,http://ufcstats.com/fight-details/f59cefe16905d62c,W,KO/TKO,3,0:22,0,38 of 85,38 of 85,0 of 0,0,0,0:00,0,24 of 58,24 of 58,0 of 0,0,0,0:00,17 of 56,10 of 17,11 of 12,37 of 84,1 of 1,0 of 0,13 of 38,5 of 14,6 of 6,24 of 58,0 of 0,0 of 0,0,37 of 98,38 of 99,0 of 0,0,0,0:00,0,36 of 76,38 of 78,1 of 3,0,0,0:40,1,8 of 18,8 of 18,0 of 0,0,0,0:07,0,0 of 4,0 of 4,0 of 0,0,0,0:00,,,,,,,,,,,,,,,,,,,,,,,,,,,,,21 of 73,7 of 16,9 of 9,36 of 96,1 of 2,0 of 0,24 of 59,9 of 13,3 of 4,33 of 72,1 of 1,2 of 3,6 of 16,1 of 1,1 of 1,4 of 6,0 of 0,4 of 12,0 of 4,0 of 0,0 of 0,0 of 4,0 of 0,0 of 0,,,,,,,,,,,,,,,,,,,,,,,,
"March 30, 2024",Ibo Aslan,Anton Turkalj,http://ufcstats.com/fight-details/697e38075fd41819,W,KO/TKO,3,1:32,0,17 of 53,17 of 53,0 of 0,0,0,0:01,0,21 of 49,21 of 50,0 of 2,0,0,0:05,11 of 43,0 of 1,6 of 9,15 of 49,1 of 2,1 of 2,10 of 31,5 of 8,6 of 10,20 of 47,1 of 2,0 of 0,0,44 of 96,46 of 99,0 of 0,0,0,0:00,0,23 of 74,26 of 77,0 of 6,0,0,0:13,1,13 of 31,13 of 31,0 of 0,0,0,0:01,0,11 of 34,11 of 35,0 of 0,0,0,0:00,,,,,,,,,,,,,,,,,,,,,,,,,,,,,36 of 83,3 of 6,5 of 7,38 of 85,6 of 11,0 of 0,17 of 64,4 of 8,2 of 2,19 of 69,4 of 5,0 of 0,10 of 27,1 of 1,2 of 3,12 of 29,1 of 2,0 of 0,9 of 31,2 of 2,0 of 1,10 of 30,1 of 4,0 of 0,,,,,,,,,,,,,,,,,,,,,,,,
"March 23, 2024",Karl Williams,Justin Tafa,http://ufcstats.com/fight-details/cd6452a463ec8a28,W,Decision - Unanimous,3,5:00,0,12 of 16,35 of 51,4 of 4,0,0,3:58,0,6 of 12,6 of 12,0 of 0,0,0,0:00,7 of 11,2 of 2,3 of 3,6 of 7,3 of 3,3 of 6,4 of 10,2 of 2,0 of 0,5 of 11,0 of 0,1 of 1,0,20 of 34,54 of 81,1 of 2,1,0,2:45,0,9 of 15,14 of 20,0 of 0,0,0,0:00,0,8 of 11,34 of 44,2 of 6,0,0,3:48,0,6 of 16,7 of 18,0 of 0,0,0,0:00,,,,,,,,,,,,,,,,,,,,,,,,,,,,,15 of 29,4 of 4,1 of 1,10 of 17,0 of 0,10 of 17,5 of 10,4 of 5,0 of 0,9 of 15,0 of 0,0 of 0,4 of 7,1 of 1,3 of 3,3 of 5,0 of 1,5 of 5,6 of 16,0 of 0,0 of 0,4 of 13,2 of 3,0 of 0,,,,,,,,,,,,,,,,,,,,,,,,
"March 23, 2024",Edmen Shahbazyan,AJ Dobson,http://ufcstats.com/fight-details/d564e3a6c77d0c85,W,KO/TKO,1,4:33,1,27 of 43,31 of 51,1 of 3,0,0,0:49,0,15 of 46,20 of 54,0 of 0,0,1,1:15,19 of 34,2 of 3,6 of 6,16 of 24,1 of 3,10 of 16,7 of 36,2 of 2,6 of 8,12 of 43,3 of 3,0 of 0,,,,,,,,,,,,,,,,,,,,,,,,,,,,,,,,,,,,,,,,,,,,,,,,,,,,,,,,,,,,,,,,,,,,,,,,,,,,,,,,,,,,,,,,,,,,,,,,,,,,,,,,
"March 23, 2024",Payton Talbott,Cameron Saaiman,http://ufcstats.com/fight-details/127be512f86618b2,W,KO/TKO,2,0:21,0,59 of 105,63 of 111,0 of 1,0,0,0:16,0,31 of 62,33 of 64,0 of 3,0,0,0:00,32 of 72,21 of 27,6 of 6,53 of 96,6 of 8,0 of 1,13 of 38,11 of 17,7 of 7,30 of 61,1 of 1,0 of 0,1,20 of 24,20 of 24,0 of 0,0,0,0:14,0,0 of 2,0 of 2,0 of 0,0,0,0:00,,,,,,,,,,,,,,,,,,,,,,,,,,,,,,,,,,,,,,,,,,,20 of 24,0 of 0,0 of 0,1 of 2,0 of 0,19 of 22,0 of 2,0 of 0,0 of 0,0 of 2,0 of 0,0 of 0,,,,,,,,,,,,,,,,,,,,,,,,,,,,,,,,,,,,
"March 23, 2024",Billy Quarantillo,Youssef Zalal,http://ufcstats.com/fight-details/72f123ddb4cc9d1c,L,Submission,2,1:50,0,8 of 40,15 of 51,0 of 0,0,0,0:21,0,31 of 49,33 of 52,1 of 1,1,0,1:33,6 of 28,0 of 6,2 of 6,8 of 40,0 of 0,0 of 0,17 of 31,5 of 8,9 of 10,26 of 42,0 of 1,5 of 6,0,2 of 10,11 of 23,0 of 0,0,0,0:00,0,2 of 7,4 of 10,1 of 1,1,0,1:22,,,,,,,,,,,,,,,,,,,,,,,,,,,,,,,,,,,,,,,,,,,2 of 8,0 of 2,0 of 0,2 of 10,0 of 0,0 of 0,1 of 5,0 of 1,1 of 1,2 of 7,0 of 0,0 of 0,,,,,,,,,,,,,,,,,,,,,,,,,,,,,,,,,,,,
"March 23, 2024",Kurt Holobaugh,Trey Ogden,http://ufcstats.com/fight-details/de7cb625bdec0f91,L,Decision - Unanimous,3,5:00,0,5 of 14,43 of 58,0 of 0,0,0,0:00,0,1 of 11,68 of 94,1 of 1,0,0,4:12,1 of 10,2 of 2,2 of 2,4 of 13,0 of 0,1 of 1,1 of 11,0 of 0,0 of 0,1 of 11,0 of 0,0 of 0,0,20 of 42,39 of 67,0 of 0,0,0,0:10,0,26 of 41,75 of 119,1 of 2,0,0,2:52,0,4 of 12,47 of 63,0 of 0,0,0,0:00,0,8 of 14,82 of 107,1 of 1,0,0,4:05,,,,,,,,,,,,,,,,,,,,,,,,,,,,,5 of 25,7 of 8,8 of 9,16 of 38,3 of 3,1 of 1,15 of 29,4 of 4,7 of 8,19 of 34,2 of 2,5 of 5,3 of 8,0 of 2,1 of 2,4 of 12,0 of 0,0 of 0,6 of 12,0 of 0,2 of 2,8 of 14,0 of 0,0 of 0,,,,,,,,,,,,,,,,,,,,,,,,
"March 23, 2024",Ricardo Ramos,Julian Erosa,http://ufcstats.com/fight-details/8c8337ce8437fe2e,L,Submission,1,2:15,0,7 of 17,12 of 23,2 of 3,0,0,1:27,0,4 of 11,11 of 21,0 of 0,1,0,0:00,5 of 14,1 of 2,1 of 1,6 of 15,0 of 0,1 of 2,2 of 8,2 of 3,0 of 0,4 of 11,0 of 0,0 of 0,,,,,,,,,,,,,,,,,,,,,,,,,,,,,,,,,,,,,,,,,,,,,,,,,,,,,,,,,,,,,,,,,,,,,,,,,,,,,,,,,,,,,,,,,,,,,,,,,,,,,,,,
"March 23, 2024",Miles Johns,Cody Gibson,http://ufcstats.com/fight-details/48ff3f1bcefbf965,W,Decision - Unanimous,3,5:00,0,5 of 19,14 of 29,0 of 1,0,0,2:15,0,4 of 22,16 of 39,0 of 2,0,0,0:19,3 of 14,1 of 2,1 of 3,4 of 17,1 of 2,0 of 0,3 of 15,0 of 5,1 of 2,3 of 21,1 of 1,0 of 0,0,11 of 23,25 of 43,1 of 2,0,1,1:54,0,2 of 8,12 of 21,1 of 4,0,0,1:36,0,9 of 37,25 of 65,1 of 5,0,0,2:20,0,12 of 32,24 of 48,0 of 1,0,0,0:00,,,,,,,,,,,,,,,,,,,,,,,,,,,,,9 of 21,1 of 1,1 of 1,7 of 18,3 of 4,1 of 1,0 of 5,1 of 2,1 of 1,1 of 7,1 of 1,0 of 0,6 of 31,3 of 6,0 of 0,9 of 37,0 of 0,0 of 0,6 of 19,3 of 10,3 of 3,12 of 32,0 of 0,0 of 0,,,,,,,,,,,,,,,,,,,,,,,,
"March 23, 2024",Jarno Errens,Steven Nguyen,http://ufcstats.com/fight-details/0e6782b758451063,W,Decision - Unanimous,3,5:00,0,39 of 71,40 of 72,0 of 0,0,0,0:00,0,21 of 63,21 of 63,1 of 1,0,0,0:10,15 of 43,13 of 17,11 of 11,39 of 69,0 of 2,0 of 0,13 of 45,4 of 6,4 of 12,21 of 61,0 of 0,0 of 2,1,33 of 72,33 of 72,0 of 0,0,0,0:03,0,22 of 91,22 of 91,0 of 0,0,0,0:00,0,33 of 64,33 of 64,0 of 1,0,0,0:12,0,20 of 72,20 of 73,0 of 0,0,0,0:13,,,,,,,,,,,,,,,,,,,,,,,,,,,,,13 of 46,11 of 15,9 of 11,31 of 70,2 of 2,0 of 0,17 of 75,3 of 7,2 of 9,21 of 90,1 of 1,0 of 0,23 of 50,5 of 6,5 of 8,33 of 64,0 of 0,0 of 0,17 of 67,1 of 3,2 of 2,17 of 68,0 of 0,3 of 4,,,,,,,,,,,,,,,,,,,,,,,,
"March 23, 2024",Igor Severino,Andre Lima,http://ufcstats.com/fight-details/f4ea27d942a390a5,L,DQ,2,2:52,0,22 of 46,24 of 48,4 of 6,0,0,1:41,0,16 of 37,21 of 42,1 of 2,2,0,0:24,10 of 34,6 of 6,6 of 6,19 of 42,3 of 4,0 of 0,9 of 27,3 of 6,4 of 4,15 of 35,1 of 2,0 of 0,0,14 of 32,16 of 37,1 of 3,0,0,1:19,0,14 of 21,17 of 24,0 of 0,0,0,0:00,,,,,,,,,,,,,,,,,,,,,,,,,,,,,,,,,,,,,,,,,,,7 of 21,3 of 7,4 of 4,12 of 29,1 of 1,1 of 2,7 of 13,5 of 6,2 of 2,14 of 21,0 of 0,0 of 0,,,,,,,,,,,,,,,,,,,,,,,,,,,,,,,,,,,,
"March 23, 2024",Mohammed Usman,Mick Parkin,http://ufcstats.com/fight-details/3223b7e196a07224,L,Decision - Unanimous,3,5:00,0,15 of 48,15 of 48,0 of 0,0,0,0:00,0,16 of 40,16 of 40,0 of 0,0,0,0:00,11 of 39,4 of 9,0 of 0,15 of 48,0 of 0,0 of 0,6 of 27,0 of 0,10 of 13,16 of 40,0 of 0,0 of 0,0,18 of 51,18 of 51,0 of 0,0,0,0:00,0,20 of 41,20 of 41,0 of 0,0,0,0:00,0,24 of 68,24 of 69,0 of 0,0,0,0:00,0,36 of 69,36 of 69,0 of 0,0,0,0:00,,,,,,,,,,,,,,,,,,,,,,,,,,,,,5 of 32,12 of 18,1 of 1,18 of 51,0 of 0,0 of 0,9 of 27,2 of 2,9 of 12,20 of 41,0 of 0,0 of 0,10 of 43,14 of 25,0 of 0,24 of 68,0 of 0,0 of 0,22 of 55,2 of 2,12 of 12,35 of 68,1 of 1,0 of 0,,,,,,,,,,,,,,,,,,,,,,,,
"March 16, 2024",Bryan Battle,Ange Loosa,http://ufcstats.com/fight-details/a7fd9da657bbce8e,NC,Could Not Continue,2,1:00,0,23 of 63,24 of 66,1 of 2,0,0,1:33,0,17 of 44,20 of 48,0 of 1,0,0,0:00,12 of 45,10 of 17,1 of 1,20 of 57,3 of 5,0 of 1,4 of 29,6 of 6,7 of 9,16 of 43,1 of 1,0 of 0,0,4 of 12,4 of 12,0 of 0,0,0,0:00,0,6 of 10,6 of 10,0 of 0,0,0,0:00,,,,,,,,,,,,,,,,,,,,,,,,,,,,,,,,,,,,,,,,,,,4 of 11,0 of 1,0 of 0,4 of 12,0 of 0,0 of 0,2 of 5,2 of 3,2 of 2,6 of 10,0 of 0,0 of 0,,,,,,,,,,,,,,,,,,,,,,,,,,,,,,,,,,,,
"March 16, 2024",Ovince Saint Preux,Kennedy Nzechukwu,http://ufcstats.com/fight-details/35f9beb94b4ef9e2,W,Decision - Split,3,5:00,0,26 of 57,26 of 57,0 of 0,0,0,0:00,0,22 of 57,22 of 57,0 of 0,0,0,0:00,10 of 38,7 of 10,9 of 9,26 of 57,0 of 0,0 of 0,14 of 37,6 of 18,2 of 2,22 of 57,0 of 0,0 of 0,0,44 of 79,44 of 79,0 of 0,0,0,0:00,0,29 of 80,29 of 80,0 of 1,0,0,0:00,1,73 of 140,73 of 140,0 of 2,0,0,0:06,0,55 of 113,55 of 113,0 of 0,0,0,0:08,,,,,,,,,,,,,,,,,,,,,,,,,,,,,30 of 62,10 of 12,4 of 5,44 of 79,0 of 0,0 of 0,25 of 73,4 of 7,0 of 0,28 of 79,1 of 1,0 of 0,58 of 123,15 of 17,0 of 0,61 of 126,11 of 13,1 of 1,46 of 103,9 of 10,0 of 0,43 of 99,12 of 14,0 of 0,,,,,,,,,,,,,,,,,,,,,,,,
"March 16, 2024",Christian Rodriguez,Isaac Dulgarian,http://ufcstats.com/fight-details/acc7392d48cc09a0,W,Decision - Split,3,5:00,0,1 of 3,5 of 7,0 of 0,0,0,0:00,0,9 of 11,36 of 49,3 of 3,2,0,4:48,1 of 3,0 of 0,0 of 0,1 of 3,0 of 0,0 of 0,7 of 9,1 of 1,1 of 1,2 of 2,0 of 0,7 of 9,0,12 of 15,18 of 22,0 of 0,0,0,0:05,0,8 of 11,15 of 18,4 of 6,0,0,4:11,0,35 of 58,74 of 106,0 of 0,0,0,3:14,0,5 of 22,5 of 22,0 of 7,0,0,0:23,,,,,,,,,,,,,,,,,,,,,,,,,,,,,9 of 12,3 of 3,0 of 0,6 of 9,5 of 5,1 of 1,5 of 8,1 of 1,2 of 2,7 of 10,1 of 1,0 of 0,33 of 56,1 of 1,1 of 1,14 of 28,5 of 5,16 of 25,5 of 22,0 of 0,0 of 0,5 of 22,0 of 0,0 of 0,,,,,,,,,,,,,,,,,,,,,,,,
"March 16, 2024",Natan Levy,Mike Davis,http://ufcstats.com/fight-details/4f20f3ada1489823,L,Submission,2,1:43,0,5 of 5,15 of 16,1 of 1,0,0,0:34,1,2 of 4,4 of 7,0 of 0,0,0,3:46,1 of 1,3 of 3,1 of 1,2 of 2,0 of 0,3 of 3,2 of 3,0 of 1,0 of 0,1 of 2,0 of 0,1 of 2,0,3 of 4,3 of 4,0 of 0,0,0,0:00,0,1 of 3,6 of 8,0 of 0,1,0,1:25,,,,,,,,,,,,,,,,,,,,,,,,,,,,,,,,,,,,,,,,,,,1 of 2,2 of 2,0 of 0,3 of 4,0 of 0,0 of 0,1 of 3,0 of 0,0 of 0,0 of 0,0 of 0,1 of 3,,,,,,,,,,,,,,,,,,,,,,,,,,,,,,,,,,,,
"March 16, 2024",Jafel Filho,Ode Osbourne,http://ufcstats.com/fight-details/451df53c13185584,W,Submission,1,4:27,0,21 of 35,43 of 66,1 of 1,2,0,3:21,0,0 of 5,1 of 6,0 of 0,0,0,0:04,18 of 31,2 of 2,1 of 2,3 of 7,0 of 0,18 of 28,0 of 4,0 of 1,0 of 0,0 of 5,0 of 0,0 of 0,,,,,,,,,,,,,,,,,,,,,,,,,,,,,,,,,,,,,,,,,,,,,,,,,,,,,,,,,,,,,,,,,,,,,,,,,,,,,,,,,,,,,,,,,,,,,,,,,,,,,,,,
"March 16, 2024",Jaqueline Amorim,Cory McKenna,http://ufcstats.com/fight-details/66873dde4077bd5d,W,Submission,1,1:38,0,3 of 5,3 of 5,0 of 0,4,0,0:00,0,4 of 11,8 of 17,1 of 1,0,0,0:56,1 of 3,2 of 2,0 of 0,2 of 4,0 of 0,1 of 1,1 of 7,0 of 0,3 of 4,3 of 10,1 of 1,0 of 0,,,,,,,,,,,,,,,,,,,,,,,,,,,,,,,,,,,,,,,,,,,,,,,,,,,,,,,,,,,,,,,,,,,,,,,,,,,,,,,,,,,,,,,,,,,,,,,,,,,,,,,,
"March 16, 2024",Thiago Moises,Mitch Ramirez,http://ufcstats.com/fight-details/537b3cef39d2d573,W,KO/TKO,3,0:15,0,4 of 6,25 of 31,1 of 1,1,0,4:18,0,6 of 8,17 of 23,0 of 0,0,0,0:00,1 of 3,0 of 0,3 of 3,3 of 4,0 of 0,1 of 2,0 of 1,1 of 2,5 of 5,6 of 8,0 of 0,0 of 0,0,15 of 26,22 of 34,1 of 1,0,0,2:14,0,10 of 39,11 of 41,0 of 0,0,0,0:21,1,6 of 7,6 of 7,0 of 0,0,0,0:04,0,0 of 1,0 of 1,0 of 0,0,0,0:00,,,,,,,,,,,,,,,,,,,,,,,,,,,,,8 of 18,2 of 3,5 of 5,13 of 24,2 of 2,0 of 0,4 of 30,4 of 5,2 of 4,7 of 36,3 of 3,0 of 0,1 of 2,1 of 1,4 of 4,1 of 2,0 of 0,5 of 5,0 of 1,0 of 0,0 of 0,0 of 1,0 of 0,0 of 0,,,,,,,,,,,,,,,,,,,,,,,,
"March 16, 2024",Charalampos Grigoriou,Chad Anheliger,http://ufcstats.com/fight-details/f1cbd73e7be64d28,L,Decision - Unanimous,3,5:00,0,9 of 21,14 of 26,1 of 1,0,0,1:38,0,8 of 15,25 of 33,0 of 1,0,0,1:34,4 of 13,2 of 4,3 of 4,9 of 20,0 of 0,0 of 1,2 of 9,0 of 0,6 of 6,8 of 15,0 of 0,0 of 0,0,4 of 11,4 of 11,3 of 4,0,0,3:46,0,26 of 33,68 of 80,0 of 0,0,0,0:00,0,8 of 33,8 of 33,0 of 0,0,0,0:00,0,51 of 107,51 of 107,0 of 1,0,0,0:00,,,,,,,,,,,,,,,,,,,,,,,,,,,,,4 of 9,0 of 1,0 of 1,4 of 11,0 of 0,0 of 0,21 of 27,1 of 1,4 of 5,9 of 15,12 of 12,5 of 6,8 of 31,0 of 2,0 of 0,8 of 33,0 of 0,0 of 0,34 of 86,9 of 12,8 of 9,51 of 107,0 of 0,0 of 0,,,,,,,,,,,,,,,,,,,,,,,,
"March 09, 2024",Sean O'Malley,Marlon Vera,http://ufcstats.com/fight-details/894c44c3d04aaf6f,W,Decision - Unanimous,5,5:00,0,27 of 36,27 of 36,0 of 0,0,0,0:00,0,9 of 21,9 of 21,0 of 0,0,0,0:00,7 of 14,10 of 12,10 of 10,27 of 36,0 of 0,0 of 0,1 of 7,1 of 5,7 of 9,9 of 21,0 of 0,0 of 0,0,51 of 83,51 of 83,0 of 0,0,0,0:00,0,16 of 46,16 of 46,0 of 0,0,0,0:00,0,35 of 58,35 of 58,0 of 0,0,0,0:03,0,17 of 54,17 of 54,0 of 0,0,0,0:00,0,56 of 84,57 of 85,0 of 0,0,0,0:00,0,26 of 73,26 of 73,0 of 0,0,0,0:00,0,61 of 95,62 of 96,0 of 0,0,0,0:00,0,21 of 47,21 of 47,0 of 0,0,0,0:00,36 of 66,11 of 12,4 of 5,51 of 83,0 of 0,0 of 0,7 of 29,0 of 5,9 of 12,16 of 46,0 of 0,0 of 0,21 of 43,13 of 14,1 of 1,35 of 58,0 of 0,0 of 0,7 of 39,4 of 8,6 of 7,17 of 53,0 of 1,0 of 0,42 of 70,11 of 11,3 of 3,56 of 84,0 of 0,0 of 0,15 of 56,5 of 11,6 of 6,26 of 72,0 of 1,0 of 0,44 of 75,16 of 19,1 of 1,58 of 91,3 of 4,0 of 0,11 of 34,4 of 6,6 of 7,17 of 43,4 of 4,0 of 0
"March 09, 2024",Kevin Holland,Michael Page,http://ufcstats.com/fight-details/270edfb687c0d20c,L,Decision - Unanimous,3,5:00,0,11 of 26,30 of 47,0 of 0,0,0,0:54,0,17 of 27,25 of 35,0 of 0,0,0,0:49,4 of 19,1 of 1,6 of 6,9 of 24,2 of 2,0 of 0,12 of 21,3 of 4,2 of 2,16 of 25,1 of 2,0 of 0,0,16 of 27,26 of 37,1 of 2,1,0,2:05,0,10 of 15,14 of 20,0 of 0,0,0,0:00,0,2 of 8,8 of 15,1 of 3,0,0,1:23,0,14 of 20,20 of 26,0 of 3,0,0,0:37,,,,,,,,,,,,,,,,,,,,,,,,,,,,,7 of 15,3 of 4,6 of 8,8 of 16,2 of 3,6 of 8,6 of 10,3 of 4,1 of 1,10 of 15,0 of 0,0 of 0,0 of 3,0 of 1,2 of 4,1 of 7,0 of 0,1 of 1,10 of 16,2 of 2,2 of 2,12 of 18,1 of 1,1 of 1,,,,,,,,,,,,,,,,,,,,,,,,
"March 09, 2024",Gilbert Burns,Jack Della Maddalena,http://ufcstats.com/fight-details/68f7f992603192c6,L,KO/TKO,3,3:43,0,18 of 35,20 of 37,3 of 3,0,0,1:15,0,18 of 38,23 of 46,0 of 1,0,0,0:00,9 of 23,7 of 9,2 of 3,14 of 29,3 of 5,1 of 1,13 of 33,3 of 3,2 of 2,15 of 34,3 of 4,0 of 0,0,9 of 20,11 of 23,2 of 2,0,0,1:39,0,21 of 48,27 of 55,0 of 0,0,0,0:00,0,0 of 3,0 of 3,2 of 6,0,0,2:13,1,28 of 37,35 of 45,0 of 0,0,0,0:16,,,,,,,,,,,,,,,,,,,,,,,,,,,,,7 of 17,1 of 2,1 of 1,9 of 20,0 of 0,0 of 0,15 of 36,5 of 11,1 of 1,21 of 48,0 of 0,0 of 0,0 of 3,0 of 0,0 of 0,0 of 3,0 of 0,0 of 0,26 of 35,1 of 1,1 of 1,11 of 18,1 of 2,16 of 17,,,,,,,,,,,,,,,,,,,,,,,,
"March 09, 2024",Curtis Blaydes,Jailton Almeida,http://ufcstats.com/fight-details/0133019a4f1055ee,W,KO/TKO,2,0:36,0,0 of 2,3 of 5,0 of 0,0,0,0:02,0,0 of 0,8 of 8,9 of 12,0,0,4:39,0 of 2,0 of 0,0 of 0,0 of 2,0 of 0,0 of 0,0 of 0,0 of 0,0 of 0,0 of 0,0 of 0,0 of 0,0,16 of 23,16 of 23,0 of 0,0,0,0:07,0,1 of 3,1 of 3,0 of 1,0,0,0:00,,,,,,,,,,,,,,,,,,,,,,,,,,,,,,,,,,,,,,,,,,,16 of 23,0 of 0,0 of 0,0 of 3,0 of 0,16 of 20,1 of 3,0 of 0,0 of 0,1 of 3,0 of 0,0 of 0,,,,,,,,,,,,,,,,,,,,,,,,,,,,,,,,,,,,
"March 09, 2024",Katlyn Cerminara,Maycee Barber,http://ufcstats.com/fight-details/33658a3ca932d15d,L,Decision - Unanimous,3,5:00,0,22 of 32,29 of 40,0 of 5,0,0,1:50,0,31 of 48,46 of 63,0 of 0,0,0,1:39,9 of 18,13 of 14,0 of 0,6 of 15,16 of 17,0 of 0,26 of 43,4 of 4,1 of 1,9 of 24,20 of 22,2 of 2,0,24 of 56,40 of 72,0 of 0,0,0,0:22,0,22 of 48,35 of 62,2 of 2,0,0,1:52,0,20 of 64,30 of 74,1 of 1,0,0,0:40,0,31 of 54,41 of 64,2 of 2,0,0,1:14,,,,,,,,,,,,,,,,,,,,,,,,,,,,,20 of 50,4 of 5,0 of 1,21 of 53,3 of 3,0 of 0,12 of 37,6 of 7,4 of 4,16 of 42,5 of 5,1 of 1,15 of 54,4 of 8,1 of 2,16 of 56,4 of 8,0 of 0,21 of 41,8 of 11,2 of 2,19 of 41,11 of 12,1 of 1,,,,,,,,,,,,,,,,,,,,,,,,
"March 09, 2024",Pedro Munhoz,Kyler Phillips,http://ufcstats.com/fight-details/ebb758b49e82d0ed,L,Decision - Unanimous,3,5:00,0,19 of 54,19 of 54,1 of 4,0,0,0:24,0,55 of 120,56 of 121,0 of 0,0,0,0:02,11 of 44,5 of 5,3 of 5,17 of 50,1 of 3,1 of 1,41 of 104,6 of 8,8 of 8,52 of 114,2 of 5,1 of 1,0,20 of 42,20 of 42,0 of 2,0,0,0:00,0,32 of 75,32 of 75,0 of 0,0,0,0:00,0,13 of 44,13 of 44,0 of 2,0,0,0:00,0,27 of 80,27 of 80,0 of 0,0,0,0:00,,,,,,,,,,,,,,,,,,,,,,,,,,,,,7 of 22,7 of 12,6 of 8,20 of 42,0 of 0,0 of 0,16 of 56,8 of 9,8 of 10,32 of 75,0 of 0,0 of 0,5 of 33,5 of 7,3 of 4,11 of 42,2 of 2,0 of 0,17 of 64,3 of 7,7 of 9,27 of 80,0 of 0,0 of 0,,,,,,,,,,,,,,,,,,,,,,,,
"March 09, 2024",Robelis Despaigne,Josh Parisian,http://ufcstats.com/fight-details/cbdf29f36b343f6f,W,KO/TKO,1,0:18,1,7 of 9,7 of 9,0 of 0,0,0,0:02,0,2 of 5,2 of 5,0 of 0,0,0,0:00,7 of 9,0 of 0,0 of 0,5 of 7,0 of 0,2 of 2,1 of 4,1 of 1,0 of 0,2 of 5,0 of 0,0 of 0,,,,,,,,,,,,,,,,,,,,,,,,,,,,,,,,,,,,,,,,,,,,,,,,,,,,,,,,,,,,,,,,,,,,,,,,,,,,,,,,,,,,,,,,,,,,,,,,,,,,,,,,
"March 09, 2024",CJ Vergara,Asu Almabayev,http://ufcstats.com/fight-details/3d3dde60e3d59c1c,L,Decision - Unanimous,3,5:00,0,7 of 14,13 of 20,0 of 0,0,0,0:14,0,16 of 25,23 of 34,4 of 6,0,0,3:14,3 of 9,3 of 3,1 of 2,4 of 11,3 of 3,0 of 0,7 of 15,3 of 4,6 of 6,10 of 19,2 of 2,4 of 4,0,8 of 12,25 of 30,0 of 0,0,0,0:00,0,12 of 21,36 of 55,2 of 2,0,0,3:35,0,14 of 27,28 of 42,0 of 0,0,0,0:00,0,16 of 31,26 of 43,3 of 6,0,0,2:43,,,,,,,,,,,,,,,,,,,,,,,,,,,,,5 of 8,2 of 3,1 of 1,5 of 9,0 of 0,3 of 3,10 of 19,1 of 1,1 of 1,4 of 9,1 of 2,7 of 10,5 of 15,9 of 11,0 of 1,13 of 26,1 of 1,0 of 0,5 of 19,5 of 6,6 of 6,9 of 23,5 of 6,2 of 2,,,,,,,,,,,,,,,,,,,,,,,,
"March 02, 2024",Jairzinho Rozenstruik,Shamil Gaziev,http://ufcstats.com/fight-details/838fd9d2b14e0790,W,KO/TKO,4,5:00,0,13 of 31,15 of 34,0 of 0,0,0,0:00,0,8 of 18,12 of 23,1 of 3,0,0,1:46,8 of 25,2 of 3,3 of 3,12 of 30,1 of 1,0 of 0,7 of 17,1 of 1,0 of 0,7 of 15,0 of 1,1 of 2,0,19 of 41,26 of 48,0 of 0,0,0,0:00,0,7 of 19,7 of 19,0 of 2,0,0,2:04,0,47 of 75,47 of 75,0 of 0,0,0,0:00,0,5 of 19,5 of 19,0 of 0,0,0,0:00,0,48 of 68,52 of 73,0 of 1,0,0,0:01,0,2 of 12,3 of 14,0 of 2,0,0,0:42,,,,,,,,,,,,,,,11 of 32,5 of 6,3 of 3,19 of 40,0 of 1,0 of 0,2 of 13,4 of 5,1 of 1,3 of 15,4 of 4,0 of 0,24 of 48,16 of 19,7 of 8,47 of 75,0 of 0,0 of 0,5 of 17,0 of 2,0 of 0,5 of 19,0 of 0,0 of 0,35 of 53,7 of 9,6 of 6,45 of 64,3 of 4,0 of 0,2 of 12,0 of 0,0 of 0,2 of 11,0 of 1,0 of 0,,,,,,,,,,,,
"March 02, 2024",Vitor Petrino,Tyson Pedro,http://ufcstats.com/fight-details/df3cc5ec78d05a71,W,Decision - Unanimous,3,5:00,0,10 of 28,10 of 28,0 of 0,0,0,0:00,0,11 of 24,11 of 24,0 of 0,0,0,0:00,5 of 20,2 of 4,3 of 4,10 of 28,0 of 0,0 of 0,0 of 13,4 of 4,7 of 7,11 of 24,0 of 0,0 of 0,0,10 of 30,10 of 30,0 of 1,0,0,1:16,0,14 of 22,14 of 23,0 of 2,0,0,0:10,0,7 of 17,13 of 24,3 of 4,0,0,4:08,0,5 of 14,8 of 17,0 of 0,0,0,0:00,,,,,,,,,,,,,,,,,,,,,,,,,,,,,6 of 24,1 of 3,3 of 3,10 of 30,0 of 0,0 of 0,1 of 6,5 of 8,8 of 8,13 of 21,1 of 1,0 of 0,5 of 15,1 of 1,1 of 1,5 of 14,0 of 0,2 of 3,2 of 10,2 of 3,1 of 1,5 of 14,0 of 0,0 of 0,,,,,,,,,,,,,,,,,,,,,,,,
"March 02, 2024",Eryk Anders,Jamie Pickett,http://ufcstats.com/fight-details/32bd7ed48f5aea7e,W,Decision - Unanimous,3,5:00,0,7 of 19,20 of 32,1 of 6,0,0,2:42,1,8 of 19,9 of 21,0 of 0,0,0,0:16,2 of 13,4 of 5,1 of 1,5 of 16,2 of 3,0 of 0,3 of 14,4 of 4,1 of 1,5 of 15,3 of 3,0 of 1,0,10 of 23,33 of 59,2 of 4,0,0,2:57,0,11 of 24,14 of 28,0 of 0,0,0,0:00,0,6 of 17,30 of 56,2 of 3,0,0,4:29,0,1 of 12,3 of 15,0 of 0,0,0,0:00,,,,,,,,,,,,,,,,,,,,,,,,,,,,,6 of 18,3 of 4,1 of 1,5 of 16,5 of 6,0 of 1,8 of 20,3 of 4,0 of 0,6 of 19,5 of 5,0 of 0,6 of 17,0 of 0,0 of 0,2 of 6,0 of 0,4 of 11,0 of 11,1 of 1,0 of 0,1 of 12,0 of 0,0 of 0,,,,,,,,,,,,,,,,,,,,,,,,
"March 02, 2024",Christian Leroy Duncan,Claudio Ribeiro,http://ufcstats.com/fight-details/3ea7d69a1238f26a,W,KO/TKO,2,1:57,0,41 of 61,48 of 70,0 of 0,0,0,0:59,0,3 of 20,12 of 33,0 of 0,0,0,0:44,16 of 34,8 of 9,17 of 18,29 of 46,12 of 15,0 of 0,1 of 14,1 of 3,1 of 3,3 of 18,0 of 2,0 of 0,0,24 of 31,27 of 35,1 of 2,0,0,1:16,0,1 of 6,1 of 6,0 of 0,0,0,0:19,,,,,,,,,,,,,,,,,,,,,,,,,,,,,,,,,,,,,,,,,,,23 of 28,0 of 1,1 of 2,2 of 4,0 of 0,22 of 27,0 of 5,0 of 0,1 of 1,1 of 6,0 of 0,0 of 0,,,,,,,,,,,,,,,,,,,,,,,,,,,,,,,,,,,,
"March 02, 2024",Ludovit Klein,AJ Cunningham,http://ufcstats.com/fight-details/4e566db7d26df001,W,KO/TKO,1,4:36,1,60 of 91,63 of 95,2 of 3,0,0,0:27,0,36 of 75,36 of 77,0 of 0,0,0,0:26,38 of 66,21 of 23,1 of 2,54 of 84,2 of 2,4 of 5,15 of 49,10 of 14,11 of 12,34 of 72,2 of 3,0 of 0,,,,,,,,,,,,,,,,,,,,,,,,,,,,,,,,,,,,,,,,,,,,,,,,,,,,,,,,,,,,,,,,,,,,,,,,,,,,,,,,,,,,,,,,,,,,,,,,,,,,,,,,
"February 24, 2024",Daniel Zellhuber,Francisco Prado,http://ufcstats.com/fight-details/ecbece0cbd60029e,W,Decision - Unanimous,3,5:00,0,27 of 60,27 of 60,0 of 0,0,0,0:05,0,29 of 73,29 of 75,0 of 0,0,0,0:25,14 of 41,9 of 15,4 of 4,27 of 59,0 of 1,0 of 0,12 of 50,5 of 7,12 of 16,27 of 71,2 of 2,0 of 0,0,50 of 110,50 of 110,0 of 0,0,0,0:00,0,32 of 88,33 of 89,0 of 0,0,0,0:00,0,43 of 102,43 of 102,0 of 0,0,0,0:00,0,29 of 85,29 of 85,0 of 0,0,0,0:00,,,,,,,,,,,,,,,,,,,,,,,,,,,,,42 of 100,8 of 10,0 of 0,48 of 108,2 of 2,0 of 0,8 of 54,11 of 19,13 of 15,32 of 88,0 of 0,0 of 0,31 of 87,8 of 11,4 of 4,42 of 101,1 of 1,0 of 0,10 of 51,10 of 21,9 of 13,29 of 85,0 of 0,0 of 0,,,,,,,,,,,,,,,,,,,,,,,,
"February 24, 2024",Manuel Torres,Chris Duncan,http://ufcstats.com/fight-details/673a156925dfb31d,W,Submission,1,1:46,0,3 of 5,5 of 7,2 of 2,1,0,0:42,0,1 of 2,1 of 2,1 of 3,0,0,0:40,2 of 4,1 of 1,0 of 0,0 of 2,2 of 2,1 of 1,1 of 2,0 of 0,0 of 0,1 of 2,0 of 0,0 of 0,,,,,,,,,,,,,,,,,,,,,,,,,,,,,,,,,,,,,,,,,,,,,,,,,,,,,,,,,,,,,,,,,,,,,,,,,,,,,,,,,,,,,,,,,,,,,,,,,,,,,,,,
"February 24, 2024",Jesus Aguilar,Mateus Mendonca,http://ufcstats.com/fight-details/d1d3b6ab8a56e973,W,Decision - Split,3,5:00,0,7 of 11,14 of 22,0 of 1,0,1,2:51,0,1 of 4,7 of 12,2 of 5,0,0,1:48,2 of 5,2 of 2,3 of 4,2 of 3,3 of 4,2 of 4,0 of 3,1 of 1,0 of 0,1 of 4,0 of 0,0 of 0,0,6 of 14,17 of 27,1 of 3,0,0,1:38,0,13 of 27,16 of 34,1 of 2,0,0,2:56,0,6 of 11,7 of 13,0 of 0,1,0,0:22,0,4 of 9,20 of 44,1 of 1,1,0,4:00,,,,,,,,,,,,,,,,,,,,,,,,,,,,,4 of 11,1 of 1,1 of 2,3 of 7,1 of 1,2 of 6,12 of 26,1 of 1,0 of 0,4 of 10,2 of 2,7 of 15,4 of 8,1 of 1,1 of 2,6 of 11,0 of 0,0 of 0,3 of 6,1 of 2,0 of 1,2 of 7,0 of 0,2 of 2,,,,,,,,,,,,,,,,,,,,,,,,
"February 24, 2024",Ronaldo Rodriguez,Denys Bondar,http://ufcstats.com/fight-details/5e8c710f9f27aff8,W,Submission,2,4:59,0,14 of 38,17 of 43,0 of 0,0,1,0:21,0,31 of 46,32 of 50,2 of 4,0,0,1:41,5 of 27,6 of 8,3 of 3,9 of 31,5 of 7,0 of 0,18 of 29,7 of 11,6 of 6,23 of 35,2 of 3,6 of 8,0,17 of 31,33 of 50,0 of 0,1,2,2:35,0,10 of 17,14 of 27,2 of 2,0,1,1:11,,,,,,,,,,,,,,,,,,,,,,,,,,,,,,,,,,,,,,,,,,,14 of 28,1 of 1,2 of 2,4 of 12,0 of 0,13 of 19,4 of 10,1 of 2,5 of 5,9 of 16,1 of 1,0 of 0,,,,,,,,,,,,,,,,,,,,,,,,,,,,,,,,,,,,
"February 24, 2024",Victor Altamirano,Felipe dos Santos,http://ufcstats.com/fight-details/93ddc6b233d1956a,L,Decision - Split,3,5:00,0,9 of 23,14 of 36,6 of 7,0,0,2:14,0,6 of 21,14 of 31,0 of 0,0,0,0:00,2 of 11,4 of 9,3 of 3,7 of 21,2 of 2,0 of 0,3 of 16,2 of 4,1 of 1,4 of 18,1 of 2,1 of 1,0,13 of 22,17 of 28,2 of 2,0,0,1:23,0,14 of 35,25 of 49,0 of 0,0,0,0:00,0,18 of 29,21 of 33,1 of 2,0,0,1:25,0,17 of 31,23 of 40,0 of 0,1,0,0:51,,,,,,,,,,,,,,,,,,,,,,,,,,,,,1 of 10,7 of 7,5 of 5,7 of 16,5 of 5,1 of 1,8 of 26,3 of 6,3 of 3,12 of 27,2 of 6,0 of 2,4 of 12,12 of 15,2 of 2,15 of 25,3 of 3,0 of 1,13 of 24,3 of 6,1 of 1,15 of 28,2 of 3,0 of 0,,,,,,,,,,,,,,,,,,,,,,,,
"February 24, 2024",Erik Silva,Muhammad Naimov,http://ufcstats.com/fight-details/50dae6b76c9c6490,L,KO/TKO,1,0:44,0,0 of 1,0 of 1,0 of 0,0,0,0:13,0,1 of 2,3 of 4,1 of 1,0,0,0:11,0 of 0,0 of 0,0 of 1,0 of 1,0 of 0,0 of 0,1 of 2,0 of 0,0 of 0,1 of 2,0 of 0,0 of 0,,,,,,,,,,,,,,,,,,,,,,,,,,,,,,,,,,,,,,,,,,,,,,,,,,,,,,,,,,,,,,,,,,,,,,,,,,,,,,,,,,,,,,,,,,,,,,,,,,,,,,,,
"February 17, 2024",Geoff Neal,Ian Machado Garry,http://ufcstats.com/fight-details/8fb0092430448368,L,Decision - Split,3,5:00,0,18 of 27,19 of 28,0 of 0,0,0,1:10,0,20 of 38,22 of 40,0 of 0,0,0,0:06,11 of 20,2 of 2,5 of 5,16 of 25,2 of 2,0 of 0,10 of 24,7 of 10,3 of 4,20 of 38,0 of 0,0 of 0,0,17 of 34,23 of 41,0 of 0,0,0,1:20,0,23 of 43,31 of 51,0 of 0,0,0,0:06,0,11 of 28,15 of 33,0 of 0,0,0,1:15,0,24 of 54,27 of 57,0 of 0,0,0,0:00,,,,,,,,,,,,,,,,,,,,,,,,,,,,,10 of 24,4 of 6,3 of 4,11 of 26,6 of 8,0 of 0,16 of 34,5 of 7,2 of 2,22 of 42,1 of 1,0 of 0,4 of 20,4 of 5,3 of 3,11 of 28,0 of 0,0 of 0,13 of 38,6 of 10,5 of 6,23 of 53,1 of 1,0 of 0,,,,,,,,,,,,,,,,,,,,,,,,
"February 17, 2024",Anthony Hernandez,Roman Kopylov,http://ufcstats.com/fight-details/f87a3fa07f0009c9,W,Submission,2,3:23,0,20 of 42,23 of 45,1 of 11,0,0,2:05,0,16 of 29,21 of 34,0 of 0,0,0,0:00,16 of 35,3 of 5,1 of 2,13 of 35,6 of 6,1 of 1,8 of 21,3 of 3,5 of 5,16 of 29,0 of 0,0 of 0,0,14 of 35,16 of 37,2 of 3,2,0,2:00,0,19 of 28,20 of 29,0 of 0,0,0,0:00,,,,,,,,,,,,,,,,,,,,,,,,,,,,,,,,,,,,,,,,,,,12 of 33,1 of 1,1 of 1,11 of 30,2 of 4,1 of 1,13 of 22,5 of 5,1 of 1,18 of 27,1 of 1,0 of 0,,,,,,,,,,,,,,,,,,,,,,,,,,,,,,,,,,,,
"February 17, 2024",Zhang Mingyang,Brendson Ribeiro,http://ufcstats.com/fight-details/aeb3e4d9710207a4,W,KO/TKO,1,1:41,1,17 of 28,17 of 28,0 of 0,0,0,0:02,0,14 of 31,14 of 31,0 of 0,0,0,0:00,13 of 19,2 of 5,2 of 4,14 of 25,0 of 0,3 of 3,14 of 31,0 of 0,0 of 0,14 of 31,0 of 0,0 of 0,,,,,,,,,,,,,,,,,,,,,,,,,,,,,,,,,,,,,,,,,,,,,,,,,,,,,,,,,,,,,,,,,,,,,,,,,,,,,,,,,,,,,,,,,,,,,,,,,,,,,,,,
"February 17, 2024",Josh Quinlan,Danny Barlow,http://ufcstats.com/fight-details/ef13ed466e0b42d8,L,KO/TKO,3,1:18,0,11 of 37,11 of 37,0 of 0,0,0,0:00,0,35 of 69,35 of 69,0 of 0,0,0,0:00,6 of 28,4 of 7,1 of 2,11 of 37,0 of 0,0 of 0,23 of 55,7 of 9,5 of 5,35 of 69,0 of 0,0 of 0,0,21 of 41,21 of 41,0 of 1,0,0,0:00,0,36 of 79,36 of 79,0 of 0,0,0,0:00,0,7 of 12,7 of 12,0 of 0,0,0,0:00,1,24 of 37,25 of 38,0 of 0,0,0,0:13,,,,,,,,,,,,,,,,,,,,,,,,,,,,,12 of 31,8 of 9,1 of 1,21 of 41,0 of 0,0 of 0,32 of 71,4 of 7,0 of 1,36 of 79,0 of 0,0 of 0,4 of 9,2 of 2,1 of 1,7 of 12,0 of 0,0 of 0,22 of 35,2 of 2,0 of 0,17 of 27,1 of 2,6 of 8,,,,,,,,,,,,,,,,,,,,,,,,
"February 10, 2024",Jack Hermansson,Joe Pyfer,http://ufcstats.com/fight-details/406f2aacd1d1faf9,W,Decision - Unanimous,5,5:00,0,16 of 38,16 of 38,0 of 0,0,0,0:00,0,24 of 58,24 of 58,0 of 0,0,0,0:00,3 of 21,8 of 9,5 of 8,16 of 38,0 of 0,0 of 0,11 of 41,9 of 10,4 of 7,24 of 58,0 of 0,0 of 0,0,19 of 38,19 of 38,0 of 1,0,0,0:07,0,22 of 60,22 of 60,0 of 0,0,0,0:00,0,37 of 69,43 of 77,0 of 0,0,0,0:00,0,20 of 65,20 of 65,0 of 3,0,0,0:00,0,33 of 57,58 of 84,0 of 0,0,0,0:00,0,22 of 46,23 of 48,0 of 3,0,0,0:50,0,16 of 33,52 of 90,1 of 1,0,0,3:01,0,4 of 21,6 of 23,0 of 0,0,0,0:00,11 of 28,1 of 3,7 of 7,19 of 38,0 of 0,0 of 0,11 of 45,9 of 10,2 of 5,22 of 60,0 of 0,0 of 0,25 of 54,4 of 7,8 of 8,33 of 64,4 of 5,0 of 0,12 of 54,4 of 7,4 of 4,20 of 65,0 of 0,0 of 0,21 of 41,2 of 3,10 of 13,32 of 56,1 of 1,0 of 0,19 of 39,2 of 4,1 of 3,22 of 46,0 of 0,0 of 0,14 of 30,0 of 1,2 of 2,11 of 23,0 of 0,5 of 10,3 of 17,1 of 3,0 of 1,4 of 21,0 of 0,0 of 0
"February 10, 2024",Dan Ige,Andre Fili,http://ufcstats.com/fight-details/25259e230be9cdc9,W,KO/TKO,1,2:43,1,11 of 19,11 of 19,0 of 0,0,0,0:01,0,8 of 33,8 of 33,0 of 0,0,0,0:00,4 of 11,2 of 3,5 of 5,10 of 18,0 of 0,1 of 1,7 of 28,1 of 5,0 of 0,8 of 33,0 of 0,0 of 0,,,,,,,,,,,,,,,,,,,,,,,,,,,,,,,,,,,,,,,,,,,,,,,,,,,,,,,,,,,,,,,,,,,,,,,,,,,,,,,,,,,,,,,,,,,,,,,,,,,,,,,,
"February 10, 2024",Robert Bryczek,Ihor Potieria,http://ufcstats.com/fight-details/17050a7b673dc49d,L,Decision - Unanimous,3,5:00,0,12 of 35,16 of 40,0 of 0,0,0,0:00,0,14 of 41,22 of 51,0 of 1,0,0,0:59,7 of 26,5 of 9,0 of 0,12 of 34,0 of 1,0 of 0,5 of 26,1 of 5,8 of 10,12 of 35,2 of 6,0 of 0,0,12 of 56,12 of 56,0 of 0,0,0,0:00,0,28 of 62,28 of 62,0 of 2,0,0,0:00,0,8 of 42,13 of 47,0 of 0,0,0,0:30,1,25 of 65,27 of 68,0 of 1,0,0,1:38,,,,,,,,,,,,,,,,,,,,,,,,,,,,,6 of 41,3 of 10,3 of 5,12 of 56,0 of 0,0 of 0,20 of 51,3 of 6,5 of 5,28 of 62,0 of 0,0 of 0,6 of 36,2 of 5,0 of 1,6 of 37,2 of 5,0 of 0,22 of 62,1 of 1,2 of 2,21 of 59,4 of 6,0 of 0,,,,,,,,,,,,,,,,,,,,,,,,
"February 10, 2024",Brad Tavares,Gregory Rodrigues,http://ufcstats.com/fight-details/e7938bac3ec8b442,L,KO/TKO,3,0:55,0,14 of 30,19 of 36,0 of 0,0,0,0:00,0,25 of 49,29 of 55,1 of 3,0,0,1:56,10 of 24,1 of 3,3 of 3,14 of 30,0 of 0,0 of 0,19 of 41,4 of 5,2 of 3,20 of 43,5 of 6,0 of 0,0,18 of 39,18 of 39,0 of 0,0,0,0:00,0,22 of 40,26 of 46,1 of 3,0,0,1:22,0,5 of 15,5 of 15,0 of 0,0,0,0:00,0,24 of 34,24 of 34,0 of 0,0,0,0:00,,,,,,,,,,,,,,,,,,,,,,,,,,,,,14 of 32,2 of 5,2 of 2,17 of 38,1 of 1,0 of 0,13 of 30,3 of 3,6 of 7,20 of 37,2 of 3,0 of 0,4 of 14,1 of 1,0 of 0,5 of 15,0 of 0,0 of 0,21 of 31,1 of 1,2 of 2,24 of 34,0 of 0,0 of 0,,,,,,,,,,,,,,,,,,,,,,,,
"February 10, 2024",Michael Johnson,Darrius Flowers,http://ufcstats.com/fight-details/5304956aada097e8,W,Decision - Unanimous,3,5:00,0,32 of 60,32 of 60,1 of 2,0,0,0:06,0,20 of 36,20 of 36,0 of 1,0,0,0:00,7 of 23,17 of 27,8 of 10,32 of 60,0 of 0,0 of 0,1 of 9,6 of 8,13 of 19,20 of 36,0 of 0,0 of 0,0,27 of 46,40 of 64,2 of 4,0,0,2:12,0,7 of 20,11 of 27,0 of 1,0,0,0:05,0,2 of 6,8 of 14,1 of 2,0,0,3:44,0,6 of 8,21 of 23,0 of 0,0,0,0:38,,,,,,,,,,,,,,,,,,,,,,,,,,,,,8 of 20,19 of 25,0 of 1,25 of 44,0 of 0,2 of 2,4 of 16,2 of 2,1 of 2,7 of 20,0 of 0,0 of 0,1 of 4,0 of 0,1 of 2,1 of 5,0 of 0,1 of 1,5 of 6,1 of 2,0 of 0,2 of 4,1 of 1,3 of 3,,,,,,,,,,,,,,,,,,,,,,,,
"February 10, 2024",Rodolfo Vieira,Armen Petrosyan,http://ufcstats.com/fight-details/9d8473ae274ed625,W,Submission,1,4:48,0,6 of 11,14 of 21,3 of 3,1,0,2:46,0,9 of 20,14 of 25,0 of 0,0,0,0:00,4 of 6,0 of 2,2 of 3,6 of 11,0 of 0,0 of 0,1 of 10,1 of 3,7 of 7,9 of 20,0 of 0,0 of 0,,,,,,,,,,,,,,,,,,,,,,,,,,,,,,,,,,,,,,,,,,,,,,,,,,,,,,,,,,,,,,,,,,,,,,,,,,,,,,,,,,,,,,,,,,,,,,,,,,,,,,,,
"February 10, 2024",Trevin Giles,Carlos Prates,http://ufcstats.com/fight-details/246fef4b19c3a7ed,L,KO/TKO,2,4:03,0,35 of 55,35 of 55,0 of 0,0,0,0:00,0,24 of 44,24 of 44,0 of 0,0,0,0:00,10 of 22,0 of 0,25 of 33,35 of 55,0 of 0,0 of 0,2 of 12,9 of 13,13 of 19,24 of 44,0 of 0,0 of 0,0,33 of 47,35 of 50,0 of 2,0,0,1:28,1,13 of 28,14 of 29,0 of 0,0,0,0:01,,,,,,,,,,,,,,,,,,,,,,,,,,,,,,,,,,,,,,,,,,,15 of 29,2 of 2,16 of 16,32 of 45,1 of 2,0 of 0,1 of 12,9 of 13,3 of 3,13 of 28,0 of 0,0 of 0,,,,,,,,,,,,,,,,,,,,,,,,,,,,,,,,,,,,
"February 10, 2024",Bolaji Oki,Timmy Cuamba,http://ufcstats.com/fight-details/edf46d6962be7e8d,W,Decision - Split,3,5:00,0,29 of 61,30 of 64,1 of 1,0,0,0:10,0,9 of 43,9 of 43,0 of 0,0,0,0:00,24 of 55,1 of 1,4 of 5,28 of 56,0 of 2,1 of 3,5 of 30,1 of 3,3 of 10,9 of 43,0 of 0,0 of 0,0,10 of 25,10 of 26,0 of 0,0,0,1:19,0,11 of 21,13 of 23,1 of 4,0,0,1:55,0,21 of 66,21 of 67,0 of 0,0,0,0:20,0,13 of 30,13 of 30,0 of 2,0,0,0:00,,,,,,,,,,,,,,,,,,,,,,,,,,,,,10 of 24,0 of 1,0 of 0,10 of 25,0 of 0,0 of 0,9 of 15,1 of 4,1 of 2,5 of 14,4 of 5,2 of 2,17 of 60,4 of 6,0 of 0,20 of 64,1 of 2,0 of 0,6 of 22,6 of 7,1 of 1,12 of 29,1 of 1,0 of 0,,,,,,,,,,,,,,,,,,,,,,,,
"February 10, 2024",Loma Lookboonmee,Bruna Brasil,http://ufcstats.com/fight-details/c3986c1a56a6e94d,W,Decision - Unanimous,3,5:00,0,15 of 34,17 of 38,1 of 1,0,0,0:26,0,8 of 20,11 of 27,0 of 1,0,0,0:25,2 of 16,8 of 10,5 of 8,13 of 31,2 of 3,0 of 0,1 of 9,4 of 8,3 of 3,5 of 17,3 of 3,0 of 0,0,25 of 50,28 of 54,0 of 0,0,0,0:00,0,12 of 30,14 of 33,0 of 0,0,0,0:19,0,18 of 28,28 of 39,0 of 1,0,0,0:29,0,8 of 13,27 of 39,1 of 1,0,0,1:45,,,,,,,,,,,,,,,,,,,,,,,,,,,,,9 of 26,10 of 15,6 of 9,23 of 48,2 of 2,0 of 0,6 of 23,4 of 4,2 of 3,11 of 28,1 of 2,0 of 0,4 of 10,11 of 13,3 of 5,11 of 19,7 of 9,0 of 0,2 of 7,4 of 4,2 of 2,6 of 10,2 of 3,0 of 0,,,,,,,,,,,,,,,,,,,,,,,,
"February 10, 2024",Fernie Garcia,Hyder Amil,http://ufcstats.com/fight-details/478a637045ad49fb,L,KO/TKO,2,2:12,0,11 of 26,16 of 34,0 of 0,0,1,0:56,1,39 of 64,68 of 113,1 of 3,2,1,2:20,10 of 25,0 of 0,1 of 1,10 of 25,1 of 1,0 of 0,29 of 51,7 of 10,3 of 3,18 of 31,3 of 7,18 of 26,0,15 of 53,15 of 53,0 of 0,0,0,0:00,0,40 of 80,41 of 81,0 of 0,0,0,0:00,,,,,,,,,,,,,,,,,,,,,,,,,,,,,,,,,,,,,,,,,,,12 of 50,3 of 3,0 of 0,15 of 53,0 of 0,0 of 0,31 of 70,7 of 7,2 of 3,40 of 78,0 of 2,0 of 0,,,,,,,,,,,,,,,,,,,,,,,,,,,,,,,,,,,,
"February 10, 2024",Daniel Marcos,Aoriqileng,http://ufcstats.com/fight-details/6cd542650d886c22,NC,Could Not Continue,2,3:28,0,36 of 63,38 of 65,0 of 0,0,0,0:00,0,22 of 54,22 of 55,0 of 0,0,0,0:16,20 of 41,6 of 9,10 of 13,33 of 60,3 of 3,0 of 0,13 of 41,5 of 6,4 of 7,22 of 54,0 of 0,0 of 0,0,45 of 63,46 of 64,0 of 0,0,0,0:28,0,23 of 41,23 of 41,0 of 0,0,0,0:22,,,,,,,,,,,,,,,,,,,,,,,,,,,,,,,,,,,,,,,,,,,30 of 43,6 of 10,9 of 10,36 of 53,2 of 3,7 of 7,13 of 30,5 of 6,5 of 5,21 of 39,2 of 2,0 of 0,,,,,,,,,,,,,,,,,,,,,,,,,,,,,,,,,,,,
"February 03, 2024",Aliaskhab Khizriev,Makhmud Muradov,http://ufcstats.com/fight-details/415ea2520b7ba720,NC,Could Not Continue,1,0:11,0,1 of 2,1 of 2,0 of 0,0,0,0:00,0,1 of 1,1 of 1,0 of 0,0,0,0:00,0 of 1,1 of 1,0 of 0,1 of 2,0 of 0,0 of 0,0 of 0,1 of 1,0 of 0,1 of 1,0 of 0,0 of 0,,,,,,,,,,,,,,,,,,,,,,,,,,,,,,,,,,,,,,,,,,,,,,,,,,,,,,,,,,,,,,,,,,,,,,,,,,,,,,,,,,,,,,,,,,,,,,,,,,,,,,,,
"February 03, 2024",JeongYeong Lee,Blake Bilder,http://ufcstats.com/fight-details/e1930496b33fa636,W,Decision - Unanimous,3,5:00,0,19 of 29,31 of 45,0 of 0,0,0,0:00,0,8 of 25,9 of 27,0 of 1,0,0,2:23,11 of 18,7 of 10,1 of 1,12 of 22,7 of 7,0 of 0,0 of 10,0 of 2,8 of 13,4 of 21,4 of 4,0 of 0,0,20 of 32,32 of 51,1 of 1,0,0,1:26,0,6 of 22,15 of 35,0 of 1,0,0,1:55,0,10 of 21,12 of 25,1 of 2,0,0,3:03,0,5 of 7,12 of 15,0 of 1,0,0,1:00,,,,,,,,,,,,,,,,,,,,,,,,,,,,,14 of 26,5 of 5,1 of 1,5 of 10,3 of 3,12 of 19,1 of 14,0 of 1,5 of 7,3 of 17,3 of 5,0 of 0,8 of 18,2 of 3,0 of 0,4 of 8,1 of 1,5 of 12,2 of 3,2 of 2,1 of 2,1 of 2,3 of 4,1 of 1,,,,,,,,,,,,,,,,,,,,,,,,
"February 03, 2024",Landon Quinones,MarQuel Mederos,http://ufcstats.com/fight-details/e396c509fb47b037,L,Decision - Unanimous,3,5:00,0,19 of 47,31 of 62,1 of 3,0,0,1:17,0,12 of 36,15 of 42,0 of 0,0,0,1:07,11 of 32,5 of 10,3 of 5,18 of 43,1 of 4,0 of 0,7 of 29,3 of 4,2 of 3,11 of 35,1 of 1,0 of 0,0,18 of 48,22 of 53,0 of 0,0,0,0:05,0,21 of 55,26 of 61,0 of 0,0,0,1:18,0,18 of 54,25 of 61,0 of 0,0,0,0:42,0,27 of 55,33 of 62,0 of 5,0,0,1:48,,,,,,,,,,,,,,,,,,,,,,,,,,,,,16 of 38,2 of 8,0 of 2,18 of 48,0 of 0,0 of 0,9 of 37,6 of 11,6 of 7,20 of 54,1 of 1,0 of 0,14 of 45,4 of 8,0 of 1,18 of 54,0 of 0,0 of 0,12 of 37,9 of 11,6 of 7,24 of 52,3 of 3,0 of 0,,,,,,,,,,,,,,,,,,,,,,,,
"February 03, 2024",Thomas Petersen,Jamal Pogues,http://ufcstats.com/fight-details/df9847839c73a678,L,Decision - Unanimous,3,5:00,0,9 of 17,46 of 57,1 of 2,0,0,1:41,0,24 of 43,24 of 43,0 of 0,0,0,0:00,5 of 13,4 of 4,0 of 0,9 of 17,0 of 0,0 of 0,16 of 30,5 of 10,3 of 3,23 of 42,1 of 1,0 of 0,0,22 of 32,40 of 56,0 of 2,0,0,1:06,0,22 of 35,22 of 35,0 of 0,0,0,0:00,0,27 of 37,30 of 40,0 of 2,0,0,0:00,0,19 of 46,20 of 47,0 of 0,0,0,0:04,,,,,,,,,,,,,,,,,,,,,,,,,,,,,15 of 23,7 of 9,0 of 0,19 of 29,3 of 3,0 of 0,15 of 27,6 of 7,1 of 1,14 of 26,8 of 9,0 of 0,6 of 14,19 of 21,2 of 2,26 of 35,1 of 2,0 of 0,12 of 37,4 of 6,3 of 3,19 of 43,0 of 3,0 of 0,,,,,,,,,,,,,,,,,,,,,,,,
"January 20, 2024",Neil Magny,Mike Malott,http://ufcstats.com/fight-details/97817609ed46baa0,W,KO/TKO,3,4:45,0,5 of 25,12 of 32,0 of 0,0,0,0:03,0,20 of 31,20 of 31,0 of 0,0,0,0:18,4 of 22,0 of 0,1 of 3,5 of 24,0 of 1,0 of 0,2 of 13,1 of 1,17 of 17,20 of 31,0 of 0,0 of 0,0,6 of 15,18 of 29,0 of 1,0,0,0:00,0,21 of 30,67 of 79,2 of 2,0,0,3:08,0,46 of 62,80 of 98,1 of 1,0,0,1:44,0,4 of 6,13 of 18,2 of 4,0,0,2:36,,,,,,,,,,,,,,,,,,,,,,,,,,,,,4 of 13,1 of 1,1 of 1,6 of 14,0 of 1,0 of 0,14 of 22,3 of 3,4 of 5,9 of 17,0 of 0,12 of 13,44 of 60,2 of 2,0 of 0,2 of 6,0 of 0,44 of 56,3 of 5,0 of 0,1 of 1,1 of 1,0 of 0,3 of 5,,,,,,,,,,,,,,,,,,,,,,,,
"January 20, 2024",Chris Curtis,Marc-Andre Barriault,http://ufcstats.com/fight-details/ba5005d1116fa45f,W,Decision - Split,3,5:00,0,23 of 48,23 of 48,0 of 0,0,0,0:00,0,18 of 46,18 of 46,0 of 0,0,0,0:00,15 of 36,5 of 9,3 of 3,23 of 48,0 of 0,0 of 0,8 of 35,4 of 5,6 of 6,18 of 46,0 of 0,0 of 0,0,51 of 99,51 of 99,0 of 0,0,0,0:00,0,45 of 85,45 of 85,0 of 0,0,0,0:00,0,66 of 111,70 of 115,0 of 0,0,0,0:00,0,59 of 112,61 of 114,0 of 0,0,0,0:00,,,,,,,,,,,,,,,,,,,,,,,,,,,,,40 of 85,10 of 13,1 of 1,47 of 95,4 of 4,0 of 0,28 of 64,14 of 18,3 of 3,45 of 84,0 of 1,0 of 0,46 of 89,20 of 22,0 of 0,46 of 87,20 of 24,0 of 0,41 of 90,15 of 19,3 of 3,42 of 88,17 of 24,0 of 0,,,,,,,,,,,,,,,,,,,,,,,,
"January 20, 2024",Charles Jourdain,Sean Woodson,http://ufcstats.com/fight-details/331ddc1141e934d1,L,Decision - Split,3,5:00,0,18 of 51,20 of 53,0 of 1,0,0,0:05,0,31 of 72,39 of 80,0 of 0,0,0,0:00,5 of 35,1 of 2,12 of 14,18 of 51,0 of 0,0 of 0,19 of 60,6 of 6,6 of 6,28 of 68,3 of 4,0 of 0,0,22 of 46,27 of 51,0 of 2,0,0,1:08,0,28 of 51,41 of 67,0 of 1,0,0,0:00,0,20 of 59,31 of 71,0 of 1,1,0,0:45,0,21 of 45,22 of 46,1 of 2,0,0,0:39,,,,,,,,,,,,,,,,,,,,,,,,,,,,,8 of 29,9 of 11,5 of 6,18 of 42,4 of 4,0 of 0,23 of 44,1 of 2,4 of 5,23 of 46,5 of 5,0 of 0,6 of 34,10 of 19,4 of 6,16 of 54,4 of 5,0 of 0,17 of 39,3 of 5,1 of 1,19 of 42,0 of 0,2 of 3,,,,,,,,,,,,,,,,,,,,,,,,
"January 20, 2024",Serhiy Sidey,Ramon Taveras,http://ufcstats.com/fight-details/43d90683078fcee5,L,Decision - Split,3,5:00,0,17 of 51,17 of 52,0 of 1,0,0,0:06,0,22 of 45,22 of 46,0 of 0,0,0,0:00,7 of 36,5 of 10,5 of 5,17 of 51,0 of 0,0 of 0,11 of 33,5 of 6,6 of 6,21 of 44,1 of 1,0 of 0,0,39 of 108,41 of 110,0 of 3,0,0,0:18,1,24 of 58,24 of 58,0 of 0,0,0,0:06,0,23 of 67,23 of 67,0 of 0,0,0,0:00,0,16 of 44,16 of 44,0 of 0,0,0,0:00,,,,,,,,,,,,,,,,,,,,,,,,,,,,,30 of 94,8 of 13,1 of 1,33 of 100,6 of 8,0 of 0,23 of 57,1 of 1,0 of 0,23 of 56,0 of 0,1 of 2,14 of 51,7 of 13,2 of 3,23 of 67,0 of 0,0 of 0,14 of 41,2 of 3,0 of 0,16 of 44,0 of 0,0 of 0,,,,,,,,,,,,,,,,,,,,,,,,
"January 20, 2024",Yohan Lainesse,Sam Patterson,http://ufcstats.com/fight-details/a10e2d5416972b9c,L,Submission,1,2:03,0,1 of 9,1 of 9,0 of 0,0,0,0:05,0,5 of 10,5 of 10,1 of 1,1,0,0:41,1 of 8,0 of 0,0 of 1,1 of 9,0 of 0,0 of 0,5 of 10,0 of 0,0 of 0,5 of 10,0 of 0,0 of 0,,,,,,,,,,,,,,,,,,,,,,,,,,,,,,,,,,,,,,,,,,,,,,,,,,,,,,,,,,,,,,,,,,,,,,,,,,,,,,,,,,,,,,,,,,,,,,,,,,,,,,,,
"January 20, 2024",Jasmine Jasudavicius,Priscila Cachoeira,http://ufcstats.com/fight-details/7736eb6bd5c1ff4a,W,Submission,3,4:21,0,32 of 43,138 of 173,1 of 1,0,0,4:36,0,4 of 11,5 of 12,0 of 0,0,0,0:00,32 of 43,0 of 0,0 of 0,1 of 3,0 of 0,31 of 40,3 of 10,1 of 1,0 of 0,3 of 10,0 of 0,1 of 1,1,34 of 40,110 of 129,0 of 0,2,0,4:38,0,2 of 5,2 of 5,0 of 0,0,0,0:00,0,27 of 37,78 of 96,1 of 4,1,0,2:11,0,18 of 34,19 of 35,0 of 0,0,0,0:05,,,,,,,,,,,,,,,,,,,,,,,,,,,,,33 of 39,1 of 1,0 of 0,2 of 2,0 of 0,32 of 38,0 of 3,0 of 0,2 of 2,2 of 4,0 of 0,0 of 1,19 of 27,5 of 7,3 of 3,20 of 29,2 of 3,5 of 5,16 of 31,2 of 3,0 of 0,15 of 31,0 of 0,3 of 3,,,,,,,,,,,,,,,,,,,,,,,,
"January 20, 2024",Malcolm Gordon,Jimmy Flick,http://ufcstats.com/fight-details/ab105e5a56b5ee90,L,Submission,2,1:17,0,19 of 39,55 of 84,1 of 1,1,0,4:13,0,0 of 2,4 of 6,0 of 3,2,0,0:28,18 of 37,1 of 2,0 of 0,3 of 13,2 of 2,14 of 24,0 of 2,0 of 0,0 of 0,0 of 2,0 of 0,0 of 0,0,18 of 31,19 of 32,0 of 0,0,0,0:00,0,3 of 5,3 of 5,1 of 1,2,0,0:39,,,,,,,,,,,,,,,,,,,,,,,,,,,,,,,,,,,,,,,,,,,17 of 30,1 of 1,0 of 0,15 of 28,3 of 3,0 of 0,2 of 3,0 of 1,1 of 1,3 of 5,0 of 0,0 of 0,,,,,,,,,,,,,,,,,,,,,,,,,,,,,,,,,,,,
"January 13, 2024",Phil Hawes,Brunno Ferreira,http://ufcstats.com/fight-details/d0d99889c6abd8e1,L,KO/TKO,1,4:55,0,13 of 27,13 of 28,0 of 1,0,0,0:00,1,19 of 43,24 of 49,1 of 4,0,0,1:37,8 of 18,4 of 7,1 of 2,12 of 24,1 of 3,0 of 0,18 of 38,0 of 4,1 of 1,15 of 33,0 of 3,4 of 7,,,,,,,,,,,,,,,,,,,,,,,,,,,,,,,,,,,,,,,,,,,,,,,,,,,,,,,,,,,,,,,,,,,,,,,,,,,,,,,,,,,,,,,,,,,,,,,,,,,,,,,,
"January 13, 2024",Andrei Arlovski,Waldo Cortes Acosta,http://ufcstats.com/fight-details/6f13fe34cb3ca906,L,Decision - Unanimous,3,5:00,0,15 of 40,15 of 40,0 of 0,0,0,0:00,0,15 of 48,15 of 48,0 of 0,0,0,0:00,4 of 21,5 of 12,6 of 7,15 of 40,0 of 0,0 of 0,8 of 36,4 of 7,3 of 5,15 of 48,0 of 0,0 of 0,0,20 of 41,20 of 41,0 of 0,0,0,0:00,0,14 of 44,14 of 44,0 of 0,0,0,0:00,0,23 of 46,23 of 46,0 of 0,0,0,0:00,0,20 of 44,21 of 45,0 of 0,0,0,0:00,,,,,,,,,,,,,,,,,,,,,,,,,,,,,4 of 20,8 of 13,8 of 8,20 of 41,0 of 0,0 of 0,6 of 29,2 of 6,6 of 9,14 of 44,0 of 0,0 of 0,5 of 22,9 of 15,9 of 9,23 of 46,0 of 0,0 of 0,10 of 32,5 of 6,5 of 6,17 of 39,3 of 5,0 of 0,,,,,,,,,,,,,,,,,,,,,,,,
"January 13, 2024",Farid Basharat,Taylor Lapilus,http://ufcstats.com/fight-details/477c3b9de012e4b3,W,Decision - Unanimous,3,5:00,0,14 of 35,20 of 41,1 of 8,0,0,1:37,0,14 of 29,15 of 30,0 of 0,0,0,0:02,2 of 16,1 of 7,11 of 12,14 of 33,0 of 2,0 of 0,7 of 19,6 of 6,1 of 4,8 of 22,2 of 3,4 of 4,0,15 of 33,18 of 37,2 of 5,0,0,2:28,0,19 of 39,19 of 39,0 of 0,0,0,0:00,0,13 of 32,17 of 38,2 of 3,1,0,2:53,0,7 of 25,7 of 25,0 of 0,0,0,0:00,,,,,,,,,,,,,,,,,,,,,,,,,,,,,6 of 17,4 of 9,5 of 7,12 of 27,2 of 3,1 of 3,11 of 28,5 of 7,3 of 4,19 of 39,0 of 0,0 of 0,6 of 20,2 of 3,5 of 9,13 of 32,0 of 0,0 of 0,6 of 20,0 of 3,1 of 2,7 of 25,0 of 0,0 of 0,,,,,,,,,,,,,,,,,,,,,,,,
"January 13, 2024",Westin Wilson,Jean Silva,http://ufcstats.com/fight-details/0494ebcee93e717b,L,KO/TKO,1,4:12,0,11 of 36,11 of 36,0 of 3,0,0,0:04,1,25 of 36,25 of 36,1 of 1,0,0,0:08,8 of 28,0 of 5,3 of 3,11 of 35,0 of 1,0 of 0,24 of 32,1 of 4,0 of 0,23 of 34,2 of 2,0 of 0,,,,,,,,,,,,,,,,,,,,,,,,,,,,,,,,,,,,,,,,,,,,,,,,,,,,,,,,,,,,,,,,,,,,,,,,,,,,,,,,,,,,,,,,,,,,,,,,,,,,,,,,
"January 13, 2024",Nikolas Motta,Tom Nolan,http://ufcstats.com/fight-details/5344e76e26503716,W,KO/TKO,1,1:03,1,21 of 40,21 of 40,0 of 0,0,0,0:09,0,12 of 20,12 of 20,0 of 0,0,0,0:00,19 of 35,2 of 5,0 of 0,8 of 19,0 of 1,13 of 20,5 of 13,5 of 5,2 of 2,11 of 18,1 of 2,0 of 0,,,,,,,,,,,,,,,,,,,,,,,,,,,,,,,,,,,,,,,,,,,,,,,,,,,,,,,,,,,,,,,,,,,,,,,,,,,,,,,,,,,,,,,,,,,,,,,,,,,,,,,,
"December 16, 2023",Alonzo Menifield,Dustin Jacoby,http://ufcstats.com/fight-details/521a0e016878d174,W,Decision - Unanimous,3,5:00,0,14 of 30,25 of 41,0 of 1,0,0,0:27,0,28 of 44,38 of 54,0 of 0,0,0,1:17,14 of 30,0 of 0,0 of 0,12 of 25,2 of 5,0 of 0,16 of 32,9 of 9,3 of 3,22 of 38,6 of 6,0 of 0,0,27 of 48,28 of 50,0 of 0,0,0,0:01,0,31 of 55,31 of 56,0 of 0,0,0,0:00,1,27 of 39,42 of 54,1 of 1,0,0,1:35,0,34 of 51,44 of 61,0 of 0,0,0,0:51,,,,,,,,,,,,,,,,,,,,,,,,,,,,,20 of 39,0 of 1,7 of 8,25 of 44,2 of 4,0 of 0,25 of 46,1 of 4,5 of 5,29 of 53,2 of 2,0 of 0,24 of 35,2 of 3,1 of 1,14 of 25,10 of 11,3 of 3,28 of 44,5 of 5,1 of 2,27 of 44,7 of 7,0 of 0,,,,,,,,,,,,,,,,,,,,,,,,
"December 16, 2023",Andre Fili,Lucas Almeida,http://ufcstats.com/fight-details/abb6e2169ba580d2,W,KO/TKO,1,3:32,1,20 of 36,25 of 42,0 of 0,0,0,0:15,0,10 of 25,10 of 25,0 of 0,0,0,0:00,16 of 29,3 of 6,1 of 1,8 of 21,0 of 0,12 of 15,1 of 11,0 of 1,9 of 13,10 of 25,0 of 0,0 of 0,,,,,,,,,,,,,,,,,,,,,,,,,,,,,,,,,,,,,,,,,,,,,,,,,,,,,,,,,,,,,,,,,,,,,,,,,,,,,,,,,,,,,,,,,,,,,,,,,,,,,,,,
"December 16, 2023",Martin Buday,Shamil Gaziev,http://ufcstats.com/fight-details/fce6522f42b48f18,L,KO/TKO,2,0:56,0,7 of 17,12 of 23,0 of 2,0,0,0:20,0,36 of 73,45 of 87,0 of 0,0,0,2:08,7 of 16,0 of 1,0 of 0,7 of 15,0 of 2,0 of 0,27 of 59,9 of 14,0 of 0,23 of 49,4 of 9,9 of 15,0,1 of 3,1 of 3,0 of 0,0,0,0:00,0,13 of 25,15 of 27,0 of 0,0,0,0:10,,,,,,,,,,,,,,,,,,,,,,,,,,,,,,,,,,,,,,,,,,,1 of 3,0 of 0,0 of 0,1 of 2,0 of 1,0 of 0,8 of 20,5 of 5,0 of 0,12 of 24,1 of 1,0 of 0,,,,,,,,,,,,,,,,,,,,,,,,,,,,,,,,,,,,
"December 09, 2023",HyunSung Park,Shannon Ross,http://ufcstats.com/fight-details/35addc4646509286,W,KO/TKO,2,3:59,1,24 of 48,38 of 77,0 of 0,0,0,2:58,0,16 of 39,27 of 55,0 of 0,0,0,0:00,17 of 40,3 of 3,4 of 5,14 of 31,4 of 4,6 of 13,10 of 30,4 of 5,2 of 4,15 of 34,1 of 5,0 of 0,1,26 of 76,27 of 77,0 of 1,0,0,0:23,0,31 of 76,34 of 80,0 of 0,0,0,0:00,,,,,,,,,,,,,,,,,,,,,,,,,,,,,,,,,,,,,,,,,,,16 of 61,8 of 12,2 of 3,22 of 57,2 of 10,2 of 9,15 of 58,5 of 7,11 of 11,31 of 73,0 of 3,0 of 0,,,,,,,,,,,,,,,,,,,,,,,,,,,,,,,,,,,,
"December 09, 2023",Tatsuro Taira,Carlos Hernandez,http://ufcstats.com/fight-details/84f6de7c99779e5f,W,KO/TKO,2,0:55,0,12 of 19,20 of 29,0 of 0,0,0,3:21,0,0 of 1,0 of 1,0 of 2,0,0,0:53,12 of 19,0 of 0,0 of 0,0 of 1,0 of 1,12 of 17,0 of 1,0 of 0,0 of 0,0 of 1,0 of 0,0 of 0,1,21 of 24,24 of 31,0 of 0,0,0,0:15,0,2 of 3,2 of 3,0 of 0,0,0,0:00,,,,,,,,,,,,,,,,,,,,,,,,,,,,,,,,,,,,,,,,,,,18 of 21,1 of 1,2 of 2,7 of 7,0 of 0,14 of 17,2 of 3,0 of 0,0 of 0,2 of 3,0 of 0,0 of 0,,,,,,,,,,,,,,,,,,,,,,,,,,,,,,,,,,,,
"December 09, 2023",Rayanne dos Santos,Talita Alencar,http://ufcstats.com/fight-details/acde7c89bd724af8,L,Decision - Split,3,5:00,0,34 of 64,34 of 64,0 of 0,0,0,0:00,0,11 of 63,13 of 66,0 of 3,0,0,0:24,28 of 56,4 of 5,2 of 3,27 of 57,7 of 7,0 of 0,5 of 49,5 of 12,1 of 2,9 of 59,2 of 4,0 of 0,0,10 of 22,32 of 47,0 of 0,0,0,0:14,0,16 of 44,25 of 58,1 of 1,0,0,2:11,0,13 of 44,14 of 45,0 of 1,0,0,0:00,0,9 of 50,10 of 52,0 of 5,0,0,0:09,,,,,,,,,,,,,,,,,,,,,,,,,,,,,4 of 13,4 of 5,2 of 4,7 of 19,2 of 2,1 of 1,8 of 30,6 of 11,2 of 3,4 of 25,5 of 7,7 of 12,9 of 35,3 of 7,1 of 2,11 of 41,2 of 3,0 of 0,8 of 46,1 of 2,0 of 2,8 of 49,1 of 1,0 of 0,,,,,,,,,,,,,,,,,,,,,,,,
"December 02, 2023",Jalin Turner,King Green,http://ufcstats.com/fight-details/03eecf1926d9c77c,W,KO/TKO,1,2:49,1,33 of 60,33 of 60,0 of 0,0,0,0:12,0,15 of 26,15 of 26,0 of 0,0,0,0:02,26 of 48,2 of 4,5 of 8,18 of 41,0 of 0,15 of 19,5 of 14,3 of 4,7 of 8,14 of 24,1 of 2,0 of 0,,,,,,,,,,,,,,,,,,,,,,,,,,,,,,,,,,,,,,,,,,,,,,,,,,,,,,,,,,,,,,,,,,,,,,,,,,,,,,,,,,,,,,,,,,,,,,,,,,,,,,,,
"December 02, 2023",Punahele Soriano,Dustin Stoltzfus,http://ufcstats.com/fight-details/02713b2d25f74d43,L,Submission,2,4:10,0,22 of 47,22 of 47,0 of 0,0,0,0:00,1,41 of 79,43 of 82,1 of 4,0,0,0:29,13 of 35,7 of 9,2 of 3,21 of 46,1 of 1,0 of 0,15 of 51,17 of 19,9 of 9,37 of 72,4 of 7,0 of 0,0,9 of 26,11 of 29,0 of 0,0,0,0:00,0,23 of 44,35 of 58,3 of 3,1,0,1:43,,,,,,,,,,,,,,,,,,,,,,,,,,,,,,,,,,,,,,,,,,,5 of 21,2 of 2,2 of 3,9 of 26,0 of 0,0 of 0,9 of 28,6 of 8,8 of 8,23 of 44,0 of 0,0 of 0,,,,,,,,,,,,,,,,,,,,,,,,,,,,,,,,,,,,
"December 02, 2023",Zach Reese,Cody Brundage,http://ufcstats.com/fight-details/0320a6a967069571,L,KO/TKO,1,1:49,0,4 of 5,10 of 12,0 of 0,1,0,0:00,0,9 of 12,12 of 16,1 of 1,0,0,1:25,3 of 4,0 of 0,1 of 1,1 of 2,1 of 1,2 of 2,7 of 10,1 of 1,1 of 1,4 of 4,0 of 0,5 of 8,,,,,,,,,,,,,,,,,,,,,,,,,,,,,,,,,,,,,,,,,,,,,,,,,,,,,,,,,,,,,,,,,,,,,,,,,,,,,,,,,,,,,,,,,,,,,,,,,,,,,,,,
"December 02, 2023",Drakkar Klose,Joe Solecki,http://ufcstats.com/fight-details/d0602cdc04d2c159,W,KO/TKO,1,1:41,0,2 of 2,8 of 9,0 of 0,0,1,0:40,0,1 of 1,9 of 13,1 of 2,0,0,0:53,1 of 1,0 of 0,1 of 1,1 of 1,0 of 0,1 of 1,1 of 1,0 of 0,0 of 0,1 of 1,0 of 0,0 of 0,,,,,,,,,,,,,,,,,,,,,,,,,,,,,,,,,,,,,,,,,,,,,,,,,,,,,,,,,,,,,,,,,,,,,,,,,,,,,,,,,,,,,,,,,,,,,,,,,,,,,,,,
"December 02, 2023",Rodolfo Bellato,Ihor Potieria,http://ufcstats.com/fight-details/0dc2fc8d39e226a3,W,KO/TKO,2,4:17,0,18 of 43,27 of 54,0 of 2,0,0,1:07,0,37 of 69,42 of 74,0 of 0,0,0,0:00,12 of 32,5 of 8,1 of 3,9 of 32,9 of 11,0 of 0,22 of 53,9 of 10,6 of 6,29 of 56,8 of 13,0 of 0,0,62 of 88,72 of 106,1 of 2,0,0,1:42,1,36 of 58,50 of 79,0 of 0,0,0,1:41,,,,,,,,,,,,,,,,,,,,,,,,,,,,,,,,,,,,,,,,,,,58 of 84,4 of 4,0 of 0,9 of 14,2 of 3,51 of 71,36 of 58,0 of 0,0 of 0,9 of 17,4 of 8,23 of 33,,,,,,,,,,,,,,,,,,,,,,,,,,,,,,,,,,,,
"November 18, 2023",Brendan Allen,Paul Craig,http://ufcstats.com/fight-details/7990b6716a53b2cd,W,Submission,3,0:38,0,14 of 19,20 of 26,2 of 2,1,0,2:49,0,3 of 8,7 of 12,0 of 0,1,0,0:34,9 of 14,2 of 2,3 of 3,6 of 9,1 of 2,7 of 8,0 of 4,1 of 1,2 of 3,3 of 8,0 of 0,0 of 0,0,14 of 19,28 of 33,0 of 0,0,0,4:47,0,1 of 3,4 of 6,0 of 1,0,0,0:00,0,4 of 5,4 of 5,0 of 0,1,0,0:22,0,2 of 3,2 of 3,0 of 1,0,0,0:00,,,,,,,,,,,,,,,,,,,,,,,,,,,,,14 of 19,0 of 0,0 of 0,2 of 3,0 of 0,12 of 16,1 of 3,0 of 0,0 of 0,1 of 2,0 of 0,0 of 1,3 of 4,1 of 1,0 of 0,4 of 5,0 of 0,0 of 0,2 of 3,0 of 0,0 of 0,2 of 3,0 of 0,0 of 0,,,,,,,,,,,,,,,,,,,,,,,,
"November 18, 2023",Michael Morales,Jake Matthews,http://ufcstats.com/fight-details/73ebbfb998edc1f1,W,Decision - Unanimous,3,5:00,0,26 of 73,26 of 73,0 of 0,0,0,0:07,0,14 of 40,14 of 40,0 of 0,0,0,0:00,12 of 54,3 of 5,11 of 14,26 of 73,0 of 0,0 of 0,7 of 26,6 of 11,1 of 3,13 of 39,1 of 1,0 of 0,0,36 of 77,36 of 77,0 of 0,0,0,0:00,0,18 of 46,18 of 46,0 of 0,0,0,0:00,0,22 of 58,22 of 58,0 of 1,0,0,0:00,0,25 of 63,25 of 63,0 of 1,0,0,0:03,,,,,,,,,,,,,,,,,,,,,,,,,,,,,20 of 58,7 of 10,9 of 9,32 of 68,4 of 9,0 of 0,13 of 37,3 of 3,2 of 6,18 of 46,0 of 0,0 of 0,13 of 45,2 of 2,7 of 11,22 of 56,0 of 2,0 of 0,13 of 46,8 of 10,4 of 7,23 of 61,2 of 2,0 of 0,,,,,,,,,,,,,,,,,,,,,,,,
"November 18, 2023",Chase Hooper,Jordan Leavitt,http://ufcstats.com/fight-details/5be63144ac46f97e,W,Submission,1,2:58,0,1 of 3,13 of 18,0 of 0,1,0,0:57,0,3 of 4,5 of 10,0 of 2,0,1,0:59,1 of 3,0 of 0,0 of 0,0 of 2,0 of 0,1 of 1,2 of 3,1 of 1,0 of 0,0 of 0,1 of 1,2 of 3,,,,,,,,,,,,,,,,,,,,,,,,,,,,,,,,,,,,,,,,,,,,,,,,,,,,,,,,,,,,,,,,,,,,,,,,,,,,,,,,,,,,,,,,,,,,,,,,,,,,,,,,
"November 18, 2023",Payton Talbott,Nick Aguirre,http://ufcstats.com/fight-details/2ae243f518948794,W,Submission,3,0:58,0,1 of 2,5 of 7,0 of 0,0,0,0:00,0,0 of 3,13 of 20,1 of 4,0,0,4:50,0 of 1,0 of 0,1 of 1,1 of 2,0 of 0,0 of 0,0 of 3,0 of 0,0 of 0,0 of 0,0 of 3,0 of 0,0,15 of 29,39 of 57,0 of 0,0,0,3:00,0,4 of 5,4 of 5,1 of 4,0,0,0:56,0,12 of 22,14 of 26,0 of 0,1,0,0:25,0,1 of 4,1 of 4,0 of 2,0,0,0:00,,,,,,,,,,,,,,,,,,,,,,,,,,,,,14 of 27,1 of 2,0 of 0,5 of 12,0 of 0,10 of 17,3 of 4,1 of 1,0 of 0,4 of 5,0 of 0,0 of 0,8 of 18,3 of 3,1 of 1,6 of 13,0 of 0,6 of 9,1 of 4,0 of 0,0 of 0,1 of 4,0 of 0,0 of 0,,,,,,,,,,,,,,,,,,,,,,,,
"November 18, 2023",Luana Pinheiro,Amanda Ribas,http://ufcstats.com/fight-details/bd4d2522cb0d1a23,L,KO/TKO,3,3:53,0,25 of 54,25 of 54,0 of 0,0,0,0:00,0,18 of 69,19 of 70,0 of 0,0,0,0:16,17 of 42,4 of 7,4 of 5,24 of 52,1 of 2,0 of 0,12 of 51,1 of 8,5 of 10,17 of 68,1 of 1,0 of 0,0,18 of 35,18 of 36,0 of 2,0,0,0:00,0,40 of 98,40 of 98,0 of 0,0,0,0:00,0,12 of 27,13 of 30,1 of 4,0,0,1:11,1,29 of 57,37 of 66,0 of 1,0,0,0:14,,,,,,,,,,,,,,,,,,,,,,,,,,,,,11 of 23,4 of 7,3 of 5,18 of 35,0 of 0,0 of 0,23 of 64,3 of 14,14 of 20,39 of 96,1 of 2,0 of 0,8 of 21,3 of 4,1 of 2,9 of 22,3 of 4,0 of 1,22 of 43,4 of 7,3 of 7,25 of 48,1 of 3,3 of 6,,,,,,,,,,,,,,,,,,,,,,,,
"November 18, 2023",Uros Medic,Myktybek Orolbai,http://ufcstats.com/fight-details/b210b99d9c1c9196,L,Submission,2,4:12,0,14 of 25,15 of 28,0 of 0,0,0,0:02,0,5 of 13,6 of 14,5 of 8,0,0,3:49,10 of 20,4 of 5,0 of 0,5 of 12,8 of 12,1 of 1,4 of 11,0 of 0,1 of 2,1 of 3,1 of 1,3 of 9,0,0 of 2,2 of 4,0 of 0,0,0,0:00,0,3 of 7,10 of 17,2 of 2,1,0,3:37,,,,,,,,,,,,,,,,,,,,,,,,,,,,,,,,,,,,,,,,,,,0 of 0,0 of 2,0 of 0,0 of 2,0 of 0,0 of 0,2 of 5,0 of 0,1 of 2,2 of 5,0 of 0,1 of 2,,,,,,,,,,,,,,,,,,,,,,,,,,,,,,,,,,,,
"November 18, 2023",Jonathan Pearce,Joanderson Brito,http://ufcstats.com/fight-details/62b64802ea49e2fd,L,Submission,2,3:54,0,12 of 14,43 of 48,0 of 3,0,1,2:28,0,8 of 19,21 of 33,1 of 1,0,0,1:58,4 of 4,2 of 4,6 of 6,3 of 4,7 of 8,2 of 2,4 of 14,3 of 4,1 of 1,4 of 12,2 of 3,2 of 4,0,2 of 2,38 of 48,1 of 1,0,0,3:47,0,0 of 1,12 of 14,0 of 0,1,0,0:00,,,,,,,,,,,,,,,,,,,,,,,,,,,,,,,,,,,,,,,,,,,2 of 2,0 of 0,0 of 0,0 of 0,0 of 0,2 of 2,0 of 1,0 of 0,0 of 0,0 of 0,0 of 0,0 of 1,,,,,,,,,,,,,,,,,,,,,,,,,,,,,,,,,,,,
"November 18, 2023",Chad Anheliger,Jose Johnson,http://ufcstats.com/fight-details/c1aef0f60a5b62e3,L,Submission,3,4:49,0,10 of 23,20 of 36,1 of 2,0,1,1:13,0,23 of 41,42 of 63,1 of 1,0,1,2:03,5 of 13,4 of 9,1 of 1,7 of 19,2 of 3,1 of 1,9 of 23,12 of 14,2 of 4,11 of 22,7 of 11,5 of 8,0,7 of 21,8 of 23,2 of 5,0,0,2:13,0,13 of 34,32 of 53,0 of 1,0,0,1:05,0,9 of 27,19 of 44,1 of 1,0,0,2:52,0,27 of 33,67 of 82,0 of 0,1,1,1:12,,,,,,,,,,,,,,,,,,,,,,,,,,,,,1 of 10,1 of 3,5 of 8,5 of 18,2 of 3,0 of 0,8 of 26,2 of 2,3 of 6,4 of 18,3 of 5,6 of 11,8 of 26,1 of 1,0 of 0,7 of 17,0 of 0,2 of 10,25 of 29,1 of 2,1 of 2,10 of 13,0 of 1,17 of 19,,,,,,,,,,,,,,,,,,,,,,,,
"November 18, 2023",Mick Parkin,Caio Machado,http://ufcstats.com/fight-details/36f10b949b935b8c,W,Decision - Unanimous,3,5:00,0,7 of 22,11 of 30,2 of 4,0,0,2:45,0,24 of 43,34 of 54,0 of 1,0,0,0:00,4 of 19,1 of 1,2 of 2,7 of 22,0 of 0,0 of 0,8 of 27,10 of 10,6 of 6,21 of 39,3 of 4,0 of 0,0,9 of 20,35 of 53,1 of 3,0,1,3:32,0,17 of 21,34 of 42,0 of 0,0,0,0:19,0,23 of 56,23 of 56,0 of 3,0,0,0:06,0,35 of 68,35 of 68,0 of 0,0,0,0:01,,,,,,,,,,,,,,,,,,,,,,,,,,,,,9 of 20,0 of 0,0 of 0,6 of 16,1 of 1,2 of 3,14 of 17,1 of 2,2 of 2,12 of 16,3 of 3,2 of 2,20 of 52,1 of 2,2 of 2,21 of 54,2 of 2,0 of 0,19 of 51,13 of 14,3 of 3,35 of 66,0 of 2,0 of 0,,,,,,,,,,,,,,,,,,,,,,,,
"November 18, 2023",Trey Ogden,Nikolas Motta,http://ufcstats.com/fight-details/6e5a3d6b6ed84ac3,NC,Overturned,3,3:11,0,16 of 25,35 of 49,1 of 4,0,0,1:18,0,2 of 17,2 of 17,0 of 0,0,0,0:00,11 of 20,2 of 2,3 of 3,12 of 20,4 of 5,0 of 0,0 of 15,1 of 1,1 of 1,2 of 17,0 of 0,0 of 0,0,41 of 56,43 of 59,1 of 9,0,0,0:23,0,12 of 58,12 of 58,0 of 0,0,0,0:00,0,1 of 2,18 of 20,1 of 3,1,0,2:47,0,0 of 5,2 of 7,0 of 0,0,0,0:00,,,,,,,,,,,,,,,,,,,,,,,,,,,,,37 of 52,4 of 4,0 of 0,31 of 43,9 of 12,1 of 1,8 of 53,4 of 5,0 of 0,12 of 58,0 of 0,0 of 0,1 of 2,0 of 0,0 of 0,1 of 2,0 of 0,0 of 0,0 of 5,0 of 0,0 of 0,0 of 5,0 of 0,0 of 0,,,,,,,,,,,,,,,,,,,,,,,,
"November 11, 2023",Matt Frevola,Benoit Saint Denis,http://ufcstats.com/fight-details/9fe98de1eac21f2e,L,KO/TKO,1,1:31,0,5 of 9,7 of 12,2 of 2,0,0,0:25,1,6 of 11,10 of 15,0 of 0,0,1,0:19,2 of 6,3 of 3,0 of 0,4 of 8,1 of 1,0 of 0,3 of 7,1 of 2,2 of 2,4 of 9,0 of 0,2 of 2,,,,,,,,,,,,,,,,,,,,,,,,,,,,,,,,,,,,,,,,,,,,,,,,,,,,,,,,,,,,,,,,,,,,,,,,,,,,,,,,,,,,,,,,,,,,,,,,,,,,,,,,
"November 11, 2023",Diego Lopes,Pat Sabatini,http://ufcstats.com/fight-details/128ab9aa4802c73f,W,KO/TKO,1,1:30,1,13 of 18,13 of 18,0 of 1,0,0,0:02,0,7 of 12,10 of 16,0 of 2,0,0,0:00,11 of 15,2 of 2,0 of 1,4 of 8,3 of 3,6 of 7,3 of 7,3 of 4,1 of 1,5 of 10,1 of 1,1 of 1,,,,,,,,,,,,,,,,,,,,,,,,,,,,,,,,,,,,,,,,,,,,,,,,,,,,,,,,,,,,,,,,,,,,,,,,,,,,,,,,,,,,,,,,,,,,,,,,,,,,,,,,
"November 11, 2023",Steve Erceg,Alessandro Costa,http://ufcstats.com/fight-details/5704e73f91b9e7f7,W,Decision - Unanimous,3,5:00,0,31 of 54,31 of 54,0 of 0,1,0,0:49,0,16 of 36,16 of 36,0 of 1,0,0,0:12,18 of 38,6 of 9,7 of 7,26 of 49,3 of 3,2 of 2,6 of 25,4 of 5,6 of 6,16 of 36,0 of 0,0 of 0,0,24 of 45,37 of 60,0 of 3,0,1,2:06,0,24 of 42,33 of 51,1 of 3,0,0,0:49,0,19 of 26,36 of 48,1 of 5,0,0,3:34,0,14 of 19,36 of 42,0 of 2,0,0,0:13,,,,,,,,,,,,,,,,,,,,,,,,,,,,,15 of 35,8 of 9,1 of 1,12 of 30,9 of 11,3 of 4,18 of 34,3 of 5,3 of 3,18 of 35,6 of 7,0 of 0,8 of 14,11 of 12,0 of 0,5 of 12,14 of 14,0 of 0,7 of 11,7 of 7,0 of 1,1 of 5,13 of 14,0 of 0,,,,,,,,,,,,,,,,,,,,,,,,
"November 11, 2023",Mateusz Rebecki,Roosevelt Roberts,http://ufcstats.com/fight-details/480c4dbd2e792d86,W,Submission,1,3:08,0,10 of 16,28 of 38,2 of 2,1,0,2:14,0,2 of 7,6 of 12,0 of 0,0,1,0:13,7 of 11,0 of 1,3 of 4,3 of 9,0 of 0,7 of 7,1 of 5,0 of 1,1 of 1,2 of 7,0 of 0,0 of 0,,,,,,,,,,,,,,,,,,,,,,,,,,,,,,,,,,,,,,,,,,,,,,,,,,,,,,,,,,,,,,,,,,,,,,,,,,,,,,,,,,,,,,,,,,,,,,,,,,,,,,,,
"November 11, 2023",Nazim Sadykhov,Viacheslav Borshchev,http://ufcstats.com/fight-details/83a0fff04494bfc4,D,Decision - Majority,3,5:00,0,23 of 68,23 of 68,0 of 2,0,0,0:02,0,58 of 79,58 of 79,0 of 0,0,0,0:00,12 of 52,8 of 11,3 of 5,22 of 67,1 of 1,0 of 0,27 of 46,14 of 15,17 of 18,58 of 79,0 of 0,0 of 0,1,39 of 77,51 of 91,1 of 1,0,0,2:06,0,29 of 60,30 of 61,0 of 0,0,0,0:10,0,29 of 62,35 of 69,3 of 4,0,0,1:24,0,56 of 102,56 of 102,0 of 0,0,0,0:00,,,,,,,,,,,,,,,,,,,,,,,,,,,,,35 of 72,3 of 4,1 of 1,19 of 53,2 of 2,18 of 22,16 of 46,7 of 7,6 of 7,27 of 58,2 of 2,0 of 0,18 of 48,8 of 11,3 of 3,25 of 55,2 of 5,2 of 2,44 of 86,9 of 12,3 of 4,56 of 102,0 of 0,0 of 0,,,,,,,,,,,,,,,,,,,,,,,,
"November 11, 2023",John Castaneda,Kyung Ho Kang,http://ufcstats.com/fight-details/57333b7bff20ece0,W,Decision - Unanimous,3,5:00,0,33 of 51,33 of 51,0 of 0,0,0,0:00,0,18 of 40,18 of 40,0 of 0,0,0,0:00,6 of 18,10 of 13,17 of 20,33 of 51,0 of 0,0 of 0,12 of 33,5 of 5,1 of 2,18 of 40,0 of 0,0 of 0,0,38 of 64,39 of 65,1 of 3,0,0,0:55,0,30 of 81,30 of 82,0 of 0,0,0,0:00,0,40 of 64,47 of 71,2 of 5,0,0,1:23,0,40 of 81,40 of 81,0 of 0,0,0,0:00,,,,,,,,,,,,,,,,,,,,,,,,,,,,,21 of 44,10 of 13,7 of 7,37 of 63,1 of 1,0 of 0,18 of 67,6 of 8,6 of 6,28 of 79,2 of 2,0 of 0,20 of 41,10 of 13,10 of 10,39 of 62,1 of 2,0 of 0,29 of 70,6 of 6,5 of 5,36 of 75,4 of 6,0 of 0,,,,,,,,,,,,,,,,,,,,,,,,
"November 11, 2023",Joshua Van,Kevin Borjas,http://ufcstats.com/fight-details/8a0fc4624578a7e4,W,Decision - Unanimous,3,5:00,0,20 of 42,20 of 42,0 of 0,0,0,0:01,0,23 of 58,24 of 59,0 of 1,0,0,0:13,9 of 27,5 of 8,6 of 7,17 of 38,3 of 4,0 of 0,14 of 45,1 of 3,8 of 10,23 of 57,0 of 1,0 of 0,0,77 of 144,77 of 144,0 of 0,0,0,0:00,0,27 of 74,27 of 74,0 of 1,0,0,0:00,0,59 of 114,68 of 125,2 of 4,0,0,1:02,0,25 of 65,27 of 67,0 of 1,0,1,0:08,,,,,,,,,,,,,,,,,,,,,,,,,,,,,46 of 110,27 of 30,4 of 4,77 of 143,0 of 1,0 of 0,23 of 68,3 of 4,1 of 2,27 of 74,0 of 0,0 of 0,37 of 90,17 of 19,5 of 5,59 of 114,0 of 0,0 of 0,17 of 57,5 of 5,3 of 3,23 of 62,1 of 1,1 of 2,,,,,,,,,,,,,,,,,,,,,,,,
"November 11, 2023",Dennis Buzukja,Jamall Emmers,http://ufcstats.com/fight-details/1cf69de0eea46877,L,KO/TKO,1,0:49,0,3 of 7,3 of 7,0 of 0,0,0,0:00,1,14 of 20,14 of 20,0 of 0,0,0,0:03,0 of 4,1 of 1,2 of 2,3 of 7,0 of 0,0 of 0,8 of 12,2 of 4,4 of 4,10 of 14,0 of 0,4 of 6,,,,,,,,,,,,,,,,,,,,,,,,,,,,,,,,,,,,,,,,,,,,,,,,,,,,,,,,,,,,,,,,,,,,,,,,,,,,,,,,,,,,,,,,,,,,,,,,,,,,,,,,
"November 04, 2023",Jailton Almeida,Derrick Lewis,http://ufcstats.com/fight-details/ac37849f627a79c4,W,Decision - Unanimous,5,5:00,0,11 of 15,16 of 21,1 of 2,2,0,4:36,0,6 of 11,7 of 14,0 of 0,0,0,0:00,8 of 12,3 of 3,0 of 0,3 of 3,0 of 0,8 of 12,4 of 7,2 of 4,0 of 0,0 of 1,0 of 0,6 of 10,0,6 of 8,16 of 18,1 of 1,2,0,4:19,0,1 of 2,3 of 6,0 of 0,0,0,0:00,0,19 of 29,33 of 45,1 of 3,0,1,3:57,0,5 of 15,6 of 17,0 of 1,0,0,0:33,0,2 of 2,28 of 37,1 of 2,0,0,4:23,0,2 of 2,6 of 8,0 of 0,0,0,0:00,0,0 of 2,27 of 32,2 of 7,0,0,3:55,0,6 of 9,6 of 9,0 of 1,0,0,0:24,6 of 7,0 of 0,0 of 1,0 of 1,0 of 0,6 of 7,1 of 2,0 of 0,0 of 0,1 of 2,0 of 0,0 of 0,18 of 28,1 of 1,0 of 0,0 of 0,3 of 8,16 of 21,4 of 13,1 of 2,0 of 0,0 of 3,0 of 0,5 of 12,0 of 0,1 of 1,1 of 1,2 of 2,0 of 0,0 of 0,2 of 2,0 of 0,0 of 0,1 of 1,0 of 0,1 of 1,0 of 1,0 of 0,0 of 1,0 of 1,0 of 0,0 of 1,6 of 9,0 of 0,0 of 0,0 of 3,1 of 1,5 of 5
"November 04, 2023",Gabriel Bonfim,Nicolas Dalby,http://ufcstats.com/fight-details/3a81276a9641c6a1,L,KO/TKO,2,4:33,0,30 of 60,35 of 68,1 of 1,0,0,2:32,0,16 of 47,22 of 55,0 of 1,0,0,0:21,18 of 47,3 of 3,9 of 10,26 of 48,0 of 1,4 of 11,11 of 41,1 of 1,4 of 5,15 of 45,1 of 2,0 of 0,0,9 of 31,12 of 35,2 of 4,1,0,1:47,1,37 of 66,42 of 73,0 of 0,0,0,1:06,,,,,,,,,,,,,,,,,,,,,,,,,,,,,,,,,,,,,,,,,,,9 of 30,0 of 1,0 of 0,6 of 23,3 of 8,0 of 0,30 of 55,6 of 10,1 of 1,10 of 31,24 of 31,3 of 4,,,,,,,,,,,,,,,,,,,,,,,,,,,,,,,,,,,,
"November 04, 2023",Rodrigo Nascimento,Don'Tale Mayes,http://ufcstats.com/fight-details/119bc264e2bb9877,W,Decision - Unanimous,3,5:00,0,33 of 69,41 of 79,0 of 2,0,0,0:33,0,28 of 60,35 of 71,0 of 0,0,0,0:21,28 of 64,2 of 2,3 of 3,30 of 61,3 of 8,0 of 0,14 of 36,10 of 18,4 of 6,21 of 50,7 of 10,0 of 0,0,20 of 40,30 of 53,0 of 1,0,0,1:48,0,23 of 50,36 of 64,0 of 0,0,0,0:00,0,17 of 45,20 of 48,0 of 0,0,0,0:00,0,28 of 49,34 of 55,0 of 1,0,0,0:18,,,,,,,,,,,,,,,,,,,,,,,,,,,,,13 of 33,3 of 3,4 of 4,15 of 33,5 of 7,0 of 0,13 of 36,9 of 13,1 of 1,12 of 37,11 of 13,0 of 0,10 of 35,4 of 6,3 of 4,13 of 40,4 of 5,0 of 0,12 of 31,11 of 13,5 of 5,22 of 41,6 of 8,0 of 0,,,,,,,,,,,,,,,,,,,,,,,,
"November 04, 2023",Caio Borralho,Abus Magomedov,http://ufcstats.com/fight-details/7d474fbf31894108,W,Decision - Unanimous,3,5:00,0,11 of 25,11 of 25,0 of 1,0,0,0:00,0,7 of 33,7 of 33,0 of 0,0,0,0:00,5 of 15,1 of 1,5 of 9,11 of 25,0 of 0,0 of 0,5 of 24,1 of 4,1 of 5,7 of 33,0 of 0,0 of 0,0,21 of 42,21 of 42,0 of 0,0,0,0:00,0,20 of 49,20 of 49,0 of 0,0,0,0:00,1,19 of 36,38 of 59,0 of 0,0,0,2:17,0,11 of 25,12 of 28,0 of 0,0,0,0:00,,,,,,,,,,,,,,,,,,,,,,,,,,,,,13 of 29,6 of 8,2 of 5,21 of 42,0 of 0,0 of 0,8 of 33,9 of 13,3 of 3,20 of 49,0 of 0,0 of 0,15 of 29,4 of 6,0 of 1,18 of 35,0 of 0,1 of 1,6 of 17,4 of 7,1 of 1,11 of 25,0 of 0,0 of 0,,,,,,,,,,,,,,,,,,,,,,,,
"November 04, 2023",Elves Brener,Kaynan Kruschewsky,http://ufcstats.com/fight-details/ff8f92cf8fb1b76c,W,KO/TKO,1,4:01,1,16 of 33,16 of 33,0 of 0,0,0,0:03,0,8 of 31,8 of 31,0 of 0,0,0,0:00,6 of 20,2 of 3,8 of 10,16 of 33,0 of 0,0 of 0,6 of 25,2 of 6,0 of 0,8 of 31,0 of 0,0 of 0,,,,,,,,,,,,,,,,,,,,,,,,,,,,,,,,,,,,,,,,,,,,,,,,,,,,,,,,,,,,,,,,,,,,,,,,,,,,,,,,,,,,,,,,,,,,,,,,,,,,,,,,
"November 04, 2023",Vitor Petrino,Modestas Bukauskas,http://ufcstats.com/fight-details/6532b71560ae39e0,W,KO/TKO,2,1:03,0,6 of 21,12 of 29,1 of 2,0,0,2:18,0,5 of 12,8 of 16,0 of 0,0,0,0:00,4 of 18,2 of 3,0 of 0,5 of 16,0 of 0,1 of 5,1 of 7,0 of 0,4 of 5,5 of 12,0 of 0,0 of 0,1,2 of 5,2 of 5,0 of 0,0,0,0:01,0,4 of 7,4 of 7,0 of 0,0,0,0:00,,,,,,,,,,,,,,,,,,,,,,,,,,,,,,,,,,,,,,,,,,,2 of 5,0 of 0,0 of 0,2 of 5,0 of 0,0 of 0,4 of 7,0 of 0,0 of 0,4 of 7,0 of 0,0 of 0,,,,,,,,,,,,,,,,,,,,,,,,,,,,,,,,,,,,
"November 04, 2023",Angela Hill,Denise Gomes,http://ufcstats.com/fight-details/7df5998eca143c04,W,Decision - Unanimous,3,5:00,0,16 of 26,23 of 36,1 of 2,0,1,2:42,0,23 of 32,48 of 70,1 of 3,0,0,1:01,7 of 16,9 of 10,0 of 0,5 of 9,9 of 13,2 of 4,12 of 19,9 of 11,2 of 2,9 of 13,13 of 18,1 of 1,0,37 of 53,42 of 62,1 of 3,0,0,1:23,0,33 of 71,46 of 86,0 of 0,0,0,0:00,0,23 of 41,31 of 55,3 of 4,0,0,3:58,0,6 of 30,17 of 47,0 of 0,0,1,0:02,,,,,,,,,,,,,,,,,,,,,,,,,,,,,17 of 32,18 of 19,2 of 2,25 of 36,12 of 17,0 of 0,14 of 47,13 of 17,6 of 7,21 of 58,12 of 13,0 of 0,13 of 28,10 of 13,0 of 0,10 of 23,12 of 14,1 of 4,3 of 25,3 of 5,0 of 0,4 of 26,2 of 4,0 of 0,,,,,,,,,,,,,,,,,,,,,,,,
"October 21, 2023",Ikram Aliskerov,Warlley Alves,http://ufcstats.com/fight-details/7024385b5107bd4b,W,KO/TKO,1,2:07,1,26 of 36,26 of 36,0 of 0,0,0,0:00,0,12 of 16,12 of 16,0 of 0,0,0,0:00,20 of 29,6 of 6,0 of 1,26 of 36,0 of 0,0 of 0,3 of 6,1 of 1,8 of 9,12 of 16,0 of 0,0 of 0,,,,,,,,,,,,,,,,,,,,,,,,,,,,,,,,,,,,,,,,,,,,,,,,,,,,,,,,,,,,,,,,,,,,,,,,,,,,,,,,,,,,,,,,,,,,,,,,,,,,,,,,
"October 21, 2023",Said Nurmagomedov,Muin Gafurov,http://ufcstats.com/fight-details/ed3334d108b257a6,W,Submission,1,1:13,0,5 of 11,5 of 11,0 of 0,1,0,0:03,0,1 of 3,1 of 3,0 of 1,0,0,0:07,2 of 7,2 of 2,1 of 2,5 of 11,0 of 0,0 of 0,0 of 2,0 of 0,1 of 1,1 of 3,0 of 0,0 of 0,,,,,,,,,,,,,,,,,,,,,,,,,,,,,,,,,,,,,,,,,,,,,,,,,,,,,,,,,,,,,,,,,,,,,,,,,,,,,,,,,,,,,,,,,,,,,,,,,,,,,,,,
"October 21, 2023",Mohammad Yahya,Trevor Peek,http://ufcstats.com/fight-details/3c6fb6bf9b7afd40,L,Decision - Unanimous,3,5:00,0,8 of 13,12 of 17,1 of 1,1,0,0:18,0,16 of 25,25 of 34,1 of 3,0,0,2:13,5 of 10,2 of 2,1 of 1,8 of 13,0 of 0,0 of 0,6 of 13,4 of 6,6 of 6,13 of 20,1 of 3,2 of 2,0,21 of 46,21 of 46,0 of 0,0,0,0:00,0,23 of 39,23 of 39,0 of 0,0,0,0:13,0,14 of 33,14 of 33,0 of 0,0,0,0:06,0,22 of 33,35 of 50,3 of 4,0,0,2:44,,,,,,,,,,,,,,,,,,,,,,,,,,,,,16 of 35,5 of 11,0 of 0,20 of 45,1 of 1,0 of 0,12 of 26,6 of 8,5 of 5,21 of 36,2 of 3,0 of 0,7 of 25,7 of 8,0 of 0,13 of 32,1 of 1,0 of 0,14 of 22,6 of 9,2 of 2,16 of 27,3 of 3,3 of 3,,,,,,,,,,,,,,,,,,,,,,,,
"October 21, 2023",Abu Azaitar,Sedriques Dumas,http://ufcstats.com/fight-details/43de9ff6064361e1,L,Decision - Unanimous,3,5:00,0,5 of 9,50 of 55,1 of 1,0,0,0:09,0,5 of 7,43 of 45,1 of 1,0,0,4:10,4 of 8,0 of 0,1 of 1,2 of 3,0 of 2,3 of 4,2 of 4,1 of 1,2 of 2,2 of 4,0 of 0,3 of 3,0,20 of 50,21 of 51,1 of 2,0,0,0:23,0,14 of 29,14 of 29,0 of 0,0,0,0:00,0,16 of 47,16 of 47,0 of 1,0,0,0:00,0,15 of 43,15 of 43,0 of 1,0,0,0:00,,,,,,,,,,,,,,,,,,,,,,,,,,,,,13 of 39,4 of 7,3 of 4,14 of 42,2 of 2,4 of 6,3 of 16,2 of 2,9 of 11,14 of 29,0 of 0,0 of 0,4 of 31,9 of 11,3 of 5,15 of 45,1 of 2,0 of 0,6 of 25,2 of 8,7 of 10,15 of 43,0 of 0,0 of 0,,,,,,,,,,,,,,,,,,,,,,,,
"October 21, 2023",Mike Breeden,Anshul Jubli,http://ufcstats.com/fight-details/75c5f923f966b53b,W,KO/TKO,3,3:00,0,29 of 51,29 of 51,0 of 1,0,0,0:00,0,44 of 88,44 of 88,0 of 0,0,0,0:00,21 of 41,4 of 5,4 of 5,28 of 50,1 of 1,0 of 0,23 of 62,14 of 19,7 of 7,40 of 81,4 of 7,0 of 0,0,29 of 68,31 of 72,0 of 0,0,0,0:01,0,48 of 84,49 of 85,0 of 2,0,0,0:05,1,34 of 58,34 of 58,0 of 0,0,0,0:03,0,11 of 22,11 of 22,0 of 3,0,0,0:00,,,,,,,,,,,,,,,,,,,,,,,,,,,,,23 of 61,4 of 5,2 of 2,28 of 67,1 of 1,0 of 0,33 of 66,11 of 14,4 of 4,46 of 78,2 of 6,0 of 0,31 of 55,3 of 3,0 of 0,33 of 57,0 of 0,1 of 1,7 of 17,2 of 3,2 of 2,11 of 22,0 of 0,0 of 0,,,,,,,,,,,,,,,,,,,,,,,,
"October 21, 2023",Nathaniel Wood,Muhammad Naimov,http://ufcstats.com/fight-details/b84c447bb74febe2,L,Decision - Unanimous,3,5:00,0,10 of 17,17 of 26,1 of 2,0,0,0:45,0,18 of 28,49 of 64,1 of 3,0,1,2:37,4 of 10,1 of 2,5 of 5,8 of 15,2 of 2,0 of 0,13 of 21,3 of 4,2 of 3,6 of 11,5 of 5,7 of 12,0,1 of 1,6 of 6,1 of 3,0,0,1:32,0,11 of 13,30 of 34,2 of 3,0,0,2:59,0,39 of 54,47 of 62,0 of 2,0,0,0:27,0,19 of 40,21 of 42,1 of 3,0,0,1:06,,,,,,,,,,,,,,,,,,,,,,,,,,,,,1 of 1,0 of 0,0 of 0,0 of 0,1 of 1,0 of 0,4 of 6,4 of 4,3 of 3,1 of 1,4 of 5,6 of 7,32 of 46,5 of 5,2 of 3,28 of 41,2 of 3,9 of 10,14 of 33,3 of 5,2 of 2,17 of 36,2 of 4,0 of 0,,,,,,,,,,,,,,,,,,,,,,,,
"October 21, 2023",Viktoriia Dudakova,Jinh Yu Frey,http://ufcstats.com/fight-details/18e5af00a8478a0e,W,Decision - Unanimous,3,5:00,1,30 of 53,31 of 54,0 of 3,0,0,0:18,0,16 of 46,16 of 46,0 of 0,0,0,0:00,19 of 40,10 of 12,1 of 1,22 of 44,8 of 9,0 of 0,9 of 37,5 of 7,2 of 2,15 of 44,1 of 2,0 of 0,0,11 of 23,37 of 51,0 of 0,0,0,0:00,0,11 of 22,28 of 40,1 of 1,0,0,3:48,0,33 of 70,41 of 78,0 of 0,0,0,0:00,0,20 of 33,21 of 35,0 of 2,0,0,0:52,,,,,,,,,,,,,,,,,,,,,,,,,,,,,6 of 16,5 of 7,0 of 0,8 of 20,3 of 3,0 of 0,8 of 17,0 of 2,3 of 3,4 of 14,0 of 0,7 of 8,22 of 59,11 of 11,0 of 0,30 of 67,3 of 3,0 of 0,14 of 26,3 of 4,3 of 3,18 of 31,2 of 2,0 of 0,,,,,,,,,,,,,,,,,,,,,,,,
"October 14, 2023",Sodiq Yusuff,Edson Barboza,http://ufcstats.com/fight-details/824859c7580eb35b,L,Decision - Unanimous,5,5:00,1,42 of 80,55 of 103,1 of 1,0,0,3:15,0,13 of 25,14 of 26,0 of 0,0,0,0:00,39 of 77,3 of 3,0 of 0,23 of 54,4 of 4,15 of 22,8 of 19,5 of 6,0 of 0,12 of 24,1 of 1,0 of 0,0,42 of 79,43 of 80,0 of 0,0,0,0:29,0,31 of 65,33 of 67,0 of 0,0,0,0:00,0,29 of 58,29 of 59,0 of 0,0,0,0:00,1,32 of 68,42 of 86,0 of 0,0,0,1:04,0,35 of 79,39 of 84,0 of 1,0,0,0:12,0,47 of 90,48 of 91,0 of 0,0,0,0:22,0,30 of 55,40 of 71,0 of 0,0,0,0:00,0,41 of 76,41 of 77,3 of 4,0,0,1:38,24 of 56,3 of 6,15 of 17,34 of 69,8 of 10,0 of 0,7 of 31,23 of 31,1 of 3,25 of 57,6 of 8,0 of 0,17 of 42,5 of 7,7 of 9,29 of 58,0 of 0,0 of 0,14 of 44,16 of 20,2 of 4,27 of 61,0 of 0,5 of 7,24 of 64,1 of 2,10 of 13,35 of 78,0 of 1,0 of 0,24 of 63,22 of 26,1 of 1,42 of 85,5 of 5,0 of 0,22 of 45,2 of 2,6 of 8,27 of 52,3 of 3,0 of 0,18 of 47,23 of 29,0 of 0,28 of 63,13 of 13,0 of 0
"October 14, 2023",Jonathan Martinez,Adrian Yanez,http://ufcstats.com/fight-details/0d6d212fcdf47f2e,W,KO/TKO,2,2:26,1,16 of 30,16 of 32,0 of 0,0,0,0:12,0,14 of 46,14 of 46,0 of 0,0,0,0:00,1 of 5,0 of 2,15 of 23,16 of 30,0 of 0,0 of 0,5 of 37,8 of 8,1 of 1,13 of 44,1 of 2,0 of 0,1,20 of 28,20 of 28,0 of 0,0,0,0:07,0,6 of 26,6 of 27,0 of 0,0,0,0:10,,,,,,,,,,,,,,,,,,,,,,,,,,,,,,,,,,,,,,,,,,,6 of 10,0 of 0,14 of 18,20 of 28,0 of 0,0 of 0,4 of 22,2 of 4,0 of 0,4 of 22,2 of 4,0 of 0,,,,,,,,,,,,,,,,,,,,,,,,,,,,,,,,,,,,
"October 14, 2023",Christian Rodriguez,Cameron Saaiman,http://ufcstats.com/fight-details/0197a61472fc351d,W,Decision - Unanimous,3,5:00,0,22 of 50,22 of 50,1 of 4,1,0,0:36,0,27 of 69,32 of 74,0 of 2,0,0,0:16,14 of 42,8 of 8,0 of 0,19 of 44,3 of 6,0 of 0,12 of 44,7 of 9,8 of 16,23 of 61,4 of 8,0 of 0,0,19 of 27,28 of 39,1 of 1,1,1,2:25,0,8 of 19,16 of 29,0 of 2,1,0,1:04,0,42 of 84,42 of 84,1 of 1,0,0,0:11,0,38 of 87,39 of 89,0 of 1,0,0,0:06,,,,,,,,,,,,,,,,,,,,,,,,,,,,,17 of 25,2 of 2,0 of 0,9 of 15,3 of 3,7 of 9,4 of 12,1 of 2,3 of 5,8 of 19,0 of 0,0 of 0,33 of 74,8 of 9,1 of 1,35 of 72,7 of 12,0 of 0,22 of 65,6 of 10,10 of 12,34 of 80,4 of 7,0 of 0,,,,,,,,,,,,,,,,,,,,,,,,
"October 14, 2023",Darren Elkins,TJ Brown,http://ufcstats.com/fight-details/3a8af8ee23444b72,W,Submission,3,2:23,0,2 of 11,53 of 80,2 of 2,1,0,3:32,0,4 of 13,11 of 25,1 of 1,0,0,0:37,2 of 10,0 of 0,0 of 1,2 of 11,0 of 0,0 of 0,2 of 11,0 of 0,2 of 2,4 of 13,0 of 0,0 of 0,0,7 of 16,28 of 43,3 of 5,0,1,2:49,0,9 of 29,32 of 53,1 of 1,0,1,0:44,0,2 of 6,14 of 23,0 of 1,1,0,1:48,0,2 of 8,2 of 8,0 of 0,0,0,0:08,,,,,,,,,,,,,,,,,,,,,,,,,,,,,4 of 13,3 of 3,0 of 0,7 of 15,0 of 1,0 of 0,7 of 26,1 of 2,1 of 1,9 of 28,0 of 0,0 of 1,2 of 6,0 of 0,0 of 0,2 of 6,0 of 0,0 of 0,2 of 8,0 of 0,0 of 0,2 of 8,0 of 0,0 of 0,,,,,,,,,,,,,,,,,,,,,,,,
"October 14, 2023",Terrance McKinney,Brendon Marotte,http://ufcstats.com/fight-details/7f7d2abc21f171ca,W,KO/TKO,1,0:20,1,14 of 21,14 of 21,0 of 0,0,0,0:15,0,1 of 1,1 of 1,0 of 0,0,0,0:00,14 of 21,0 of 0,0 of 0,0 of 1,1 of 1,13 of 19,0 of 0,0 of 0,1 of 1,1 of 1,0 of 0,0 of 0,,,,,,,,,,,,,,,,,,,,,,,,,,,,,,,,,,,,,,,,,,,,,,,,,,,,,,,,,,,,,,,,,,,,,,,,,,,,,,,,,,,,,,,,,,,,,,,,,,,,,,,,
"October 07, 2023",Grant Dawson,King Green,http://ufcstats.com/fight-details/1aa4c2fa5ffaff00,L,KO/TKO,1,0:33,0,0 of 6,0 of 6,0 of 0,0,0,0:00,1,7 of 11,7 of 11,0 of 0,0,0,0:05,0 of 6,0 of 0,0 of 0,0 of 6,0 of 0,0 of 0,7 of 10,0 of 0,0 of 1,1 of 4,0 of 0,6 of 7,,,,,,,,,,,,,,,,,,,,,,,,,,,,,,,,,,,,,,,,,,,,,,,,,,,,,,,,,,,,,,,,,,,,,,,,,,,,,,,,,,,,,,,,,,,,,,,,,,,,,,,,
"October 07, 2023",Joe Pyfer,Abdul Razak Alhassan,http://ufcstats.com/fight-details/e966de63c8e6b1d5,W,Submission,2,2:05,0,20 of 46,20 of 47,2 of 3,1,0,0:32,0,7 of 19,7 of 19,0 of 0,1,0,0:08,12 of 34,6 of 9,2 of 3,19 of 45,1 of 1,0 of 0,3 of 11,2 of 3,2 of 5,7 of 18,0 of 1,0 of 0,0,6 of 16,6 of 16,1 of 1,1,0,0:35,0,4 of 9,4 of 9,0 of 0,0,0,0:00,,,,,,,,,,,,,,,,,,,,,,,,,,,,,,,,,,,,,,,,,,,3 of 13,3 of 3,0 of 0,5 of 15,1 of 1,0 of 0,1 of 4,0 of 0,3 of 5,4 of 9,0 of 0,0 of 0,,,,,,,,,,,,,,,,,,,,,,,,,,,,,,,,,,,,
"October 07, 2023",Alexander Hernandez,Bill Algeo,http://ufcstats.com/fight-details/b638646fb297228d,L,Decision - Unanimous,3,5:00,0,16 of 39,16 of 39,0 of 0,0,0,0:00,0,27 of 61,27 of 61,0 of 0,0,0,0:00,1 of 12,11 of 19,4 of 8,16 of 39,0 of 0,0 of 0,6 of 28,7 of 15,14 of 18,27 of 61,0 of 0,0 of 0,0,28 of 59,28 of 59,0 of 0,0,0,0:27,1,44 of 89,52 of 100,0 of 0,0,0,0:05,0,31 of 58,32 of 59,0 of 1,0,0,0:08,0,39 of 94,40 of 96,1 of 1,0,0,0:02,,,,,,,,,,,,,,,,,,,,,,,,,,,,,12 of 35,15 of 22,1 of 2,28 of 58,0 of 1,0 of 0,21 of 62,13 of 16,10 of 11,43 of 88,1 of 1,0 of 0,12 of 33,19 of 25,0 of 0,31 of 57,0 of 1,0 of 0,19 of 66,13 of 19,7 of 9,38 of 92,1 of 2,0 of 0,,,,,,,,,,,,,,,,,,,,,,,,
"October 07, 2023",Vanessa Demopoulos,Kanako Murata,http://ufcstats.com/fight-details/5ee83e03aaff5fa1,W,Decision - Unanimous,3,5:00,0,17 of 35,27 of 49,0 of 1,0,0,0:20,0,9 of 16,17 of 27,2 of 3,0,0,1:44,10 of 22,7 of 10,0 of 3,5 of 20,5 of 7,7 of 8,3 of 8,3 of 4,3 of 4,7 of 14,1 of 1,1 of 1,0,9 of 23,35 of 56,0 of 0,0,0,0:00,0,9 of 19,30 of 46,1 of 1,0,0,4:11,0,5 of 7,24 of 39,0 of 0,0,1,0:22,0,16 of 29,23 of 43,2 of 2,0,0,4:15,,,,,,,,,,,,,,,,,,,,,,,,,,,,,8 of 22,1 of 1,0 of 0,3 of 13,1 of 1,5 of 9,8 of 18,1 of 1,0 of 0,3 of 7,0 of 0,6 of 12,3 of 5,2 of 2,0 of 0,2 of 3,1 of 2,2 of 2,16 of 29,0 of 0,0 of 0,0 of 2,0 of 0,16 of 27,,,,,,,,,,,,,,,,,,,,,,,,
"September 23, 2023",Bryce Mitchell,Dan Ige,http://ufcstats.com/fight-details/da1b37edb8ccd3e6,W,Decision - Unanimous,3,5:00,0,14 of 22,20 of 30,2 of 6,0,0,1:56,0,10 of 25,14 of 30,0 of 0,0,0,0:03,7 of 11,4 of 7,3 of 4,11 of 15,0 of 1,3 of 6,7 of 20,2 of 4,1 of 1,10 of 25,0 of 0,0 of 0,0,5 of 12,13 of 23,1 of 5,1,0,2:30,0,8 of 26,14 of 33,0 of 0,0,0,0:31,0,4 of 6,4 of 6,2 of 4,0,0,3:07,0,0 of 4,4 of 9,0 of 0,0,1,1:37,,,,,,,,,,,,,,,,,,,,,,,,,,,,,3 of 6,2 of 6,0 of 0,5 of 11,0 of 1,0 of 0,6 of 23,1 of 2,1 of 1,6 of 22,2 of 3,0 of 1,3 of 5,1 of 1,0 of 0,1 of 3,1 of 1,2 of 2,0 of 4,0 of 0,0 of 0,0 of 4,0 of 0,0 of 0,,,,,,,,,,,,,,,,,,,,,,,,
"September 23, 2023",Bryan Battle,AJ Fletcher,http://ufcstats.com/fight-details/bf647be41de365e4,W,Submission,2,4:32,0,23 of 50,23 of 50,0 of 0,0,0,0:00,0,18 of 38,18 of 38,0 of 1,0,0,0:09,5 of 19,16 of 28,2 of 3,22 of 48,1 of 2,0 of 0,4 of 20,2 of 3,12 of 15,15 of 32,3 of 5,0 of 1,0,22 of 30,40 of 55,1 of 2,1,0,3:30,0,7 of 13,11 of 19,0 of 1,0,0,0:24,,,,,,,,,,,,,,,,,,,,,,,,,,,,,,,,,,,,,,,,,,,4 of 6,18 of 24,0 of 0,7 of 13,15 of 17,0 of 0,2 of 6,4 of 6,1 of 1,5 of 9,2 of 4,0 of 0,,,,,,,,,,,,,,,,,,,,,,,,,,,,,,,,,,,,
"September 23, 2023",Dan Argueta,Miles Johns,http://ufcstats.com/fight-details/b78545b32a97ac44,NC,Overturned,3,5:00,0,3 of 14,8 of 21,1 of 4,1,0,2:14,0,8 of 21,8 of 23,0 of 0,0,0,0:49,1 of 10,1 of 2,1 of 2,3 of 13,0 of 1,0 of 0,8 of 21,0 of 0,0 of 0,8 of 19,0 of 0,0 of 2,0,16 of 32,16 of 35,1 of 2,0,0,1:21,0,14 of 28,23 of 38,1 of 3,0,0,1:50,0,14 of 39,14 of 39,0 of 0,1,0,0:20,0,21 of 43,21 of 43,1 of 3,0,0,2:00,,,,,,,,,,,,,,,,,,,,,,,,,,,,,10 of 24,3 of 5,3 of 3,10 of 24,5 of 7,1 of 1,10 of 22,3 of 5,1 of 1,12 of 24,2 of 3,0 of 1,9 of 33,4 of 5,1 of 1,9 of 33,0 of 0,5 of 6,14 of 34,2 of 4,5 of 5,20 of 41,0 of 0,1 of 2,,,,,,,,,,,,,,,,,,,,,,,,
"September 23, 2023",Jacob Malkoun,Cody Brundage,http://ufcstats.com/fight-details/1496969c1497dc85,L,DQ,1,4:15,0,28 of 39,44 of 60,1 of 3,0,0,3:39,0,2 of 4,3 of 5,1 of 1,0,0,0:26,28 of 39,0 of 0,0 of 0,0 of 0,0 of 0,28 of 39,1 of 3,0 of 0,1 of 1,1 of 3,0 of 0,1 of 1,,,,,,,,,,,,,,,,,,,,,,,,,,,,,,,,,,,,,,,,,,,,,,,,,,,,,,,,,,,,,,,,,,,,,,,,,,,,,,,,,,,,,,,,,,,,,,,,,,,,,,,,
"September 23, 2023",Mizuki,Hannah Goldy,http://ufcstats.com/fight-details/adb411b0f418ce33,W,Decision - Unanimous,3,5:00,0,18 of 33,27 of 44,0 of 1,0,0,1:13,0,17 of 29,20 of 37,0 of 1,0,0,0:23,6 of 16,10 of 15,2 of 2,11 of 22,7 of 11,0 of 0,1 of 11,10 of 12,6 of 6,7 of 17,10 of 12,0 of 0,0,6 of 9,15 of 22,1 of 1,0,0,1:59,0,6 of 10,13 of 21,1 of 5,0,0,1:30,0,31 of 63,41 of 74,0 of 0,0,0,0:19,0,24 of 56,31 of 65,0 of 8,0,0,0:58,,,,,,,,,,,,,,,,,,,,,,,,,,,,,3 of 4,3 of 5,0 of 0,3 of 4,2 of 3,1 of 2,0 of 1,5 of 7,1 of 2,1 of 4,5 of 6,0 of 0,22 of 52,7 of 9,2 of 2,23 of 51,8 of 12,0 of 0,9 of 31,11 of 20,4 of 5,12 of 34,12 of 22,0 of 0,,,,,,,,,,,,,,,,,,,,,,,,
"September 16, 2023",Kevin Holland,Jack Della Maddalena,http://ufcstats.com/fight-details/697efaf0d162e877,L,Decision - Split,3,5:00,0,40 of 111,40 of 111,0 of 0,0,0,0:00,0,41 of 69,41 of 69,0 of 0,0,0,0:00,15 of 76,11 of 18,14 of 17,36 of 105,4 of 6,0 of 0,19 of 42,14 of 18,8 of 9,34 of 60,7 of 9,0 of 0,0,49 of 127,49 of 127,0 of 2,0,0,0:00,0,34 of 61,34 of 61,0 of 0,0,0,0:00,0,38 of 118,38 of 118,0 of 0,0,0,0:00,0,30 of 60,30 of 60,0 of 0,0,0,0:00,,,,,,,,,,,,,,,,,,,,,,,,,,,,,27 of 97,10 of 16,12 of 14,46 of 124,3 of 3,0 of 0,10 of 34,14 of 17,10 of 10,33 of 60,1 of 1,0 of 0,17 of 85,12 of 21,9 of 12,37 of 117,1 of 1,0 of 0,17 of 39,8 of 14,5 of 7,27 of 55,3 of 5,0 of 0,,,,,,,,,,,,,,,,,,,,,,,,
"September 16, 2023",Raul Rosas Jr.,Terrence Mitchell,http://ufcstats.com/fight-details/c0ca4c201d086ea8,W,KO/TKO,1,0:54,1,18 of 30,19 of 31,0 of 0,0,0,0:17,0,6 of 19,6 of 19,0 of 0,0,0,0:00,17 of 29,1 of 1,0 of 0,6 of 11,1 of 2,11 of 17,5 of 18,1 of 1,0 of 0,6 of 19,0 of 0,0 of 0,,,,,,,,,,,,,,,,,,,,,,,,,,,,,,,,,,,,,,,,,,,,,,,,,,,,,,,,,,,,,,,,,,,,,,,,,,,,,,,,,,,,,,,,,,,,,,,,,,,,,,,,
"September 16, 2023",Daniel Zellhuber,Christos Giagos,http://ufcstats.com/fight-details/2e1435c160bfe8b2,W,Submission,2,3:26,0,12 of 50,12 of 50,0 of 0,0,0,0:00,0,26 of 52,26 of 52,0 of 2,0,0,0:00,7 of 40,2 of 7,3 of 3,12 of 50,0 of 0,0 of 0,16 of 37,2 of 6,8 of 9,26 of 51,0 of 1,0 of 0,0,24 of 51,24 of 51,0 of 0,1,0,0:17,0,12 of 30,12 of 30,0 of 4,0,0,0:11,,,,,,,,,,,,,,,,,,,,,,,,,,,,,,,,,,,,,,,,,,,11 of 35,9 of 12,4 of 4,23 of 50,1 of 1,0 of 0,9 of 26,1 of 1,2 of 3,10 of 28,2 of 2,0 of 0,,,,,,,,,,,,,,,,,,,,,,,,,,,,,,,,,,,,
"September 16, 2023",Tracy Cortez,Jasmine Jasudavicius,http://ufcstats.com/fight-details/bcec26b425194e40,W,Decision - Unanimous,3,5:00,0,39 of 75,39 of 75,0 of 0,0,0,0:00,0,24 of 63,25 of 64,0 of 1,0,0,0:05,20 of 55,6 of 6,13 of 14,34 of 70,5 of 5,0 of 0,14 of 47,6 of 12,4 of 4,20 of 57,4 of 6,0 of 0,0,28 of 61,29 of 62,0 of 0,0,0,0:17,0,18 of 56,32 of 71,2 of 5,0,0,1:52,0,36 of 76,48 of 88,0 of 1,0,0,0:09,0,35 of 87,38 of 90,0 of 4,0,0,1:03,,,,,,,,,,,,,,,,,,,,,,,,,,,,,16 of 46,7 of 10,5 of 5,22 of 53,6 of 8,0 of 0,11 of 40,5 of 13,2 of 3,14 of 48,4 of 8,0 of 0,27 of 63,3 of 7,6 of 6,35 of 75,1 of 1,0 of 0,18 of 61,14 of 22,3 of 4,24 of 71,11 of 16,0 of 0,,,,,,,,,,,,,,,,,,,,,,,,
"September 16, 2023",Alex Reyes,Charlie Campbell,http://ufcstats.com/fight-details/58b2fdad7af9be02,L,KO/TKO,1,3:38,0,14 of 38,15 of 39,0 of 2,0,0,0:01,1,43 of 72,43 of 72,0 of 0,0,0,0:02,8 of 30,2 of 4,4 of 4,12 of 32,2 of 6,0 of 0,27 of 53,10 of 13,6 of 6,35 of 60,7 of 10,1 of 2,,,,,,,,,,,,,,,,,,,,,,,,,,,,,,,,,,,,,,,,,,,,,,,,,,,,,,,,,,,,,,,,,,,,,,,,,,,,,,,,,,,,,,,,,,,,,,,,,,,,,,,,
"September 16, 2023",Josefine Knutsson,Marnic Mann,http://ufcstats.com/fight-details/11318a7807cee8ca,W,Decision - Unanimous,3,5:00,0,27 of 38,45 of 62,0 of 0,0,0,3:53,0,2 of 7,12 of 18,0 of 2,0,0,0:00,18 of 29,6 of 6,3 of 3,10 of 14,2 of 3,15 of 21,1 of 4,0 of 1,1 of 2,2 of 7,0 of 0,0 of 0,0,32 of 55,44 of 67,1 of 2,0,0,2:58,0,2 of 10,19 of 29,0 of 0,0,0,0:33,0,22 of 35,58 of 77,2 of 2,0,0,3:58,0,4 of 12,8 of 17,0 of 0,0,0,0:00,,,,,,,,,,,,,,,,,,,,,,,,,,,,,20 of 41,9 of 11,3 of 3,19 of 34,4 of 5,9 of 16,2 of 7,0 of 3,0 of 0,2 of 10,0 of 0,0 of 0,15 of 27,5 of 6,2 of 2,9 of 21,2 of 3,11 of 11,3 of 9,0 of 2,1 of 1,4 of 12,0 of 0,0 of 0,,,,,,,,,,,,,,,,,,,,,,,,
"September 09, 2023",Justin Tafa,Austen Lane,http://ufcstats.com/fight-details/f9d2137f380e66bf,W,KO/TKO,1,1:22,1,11 of 14,11 of 14,0 of 0,0,0,0:05,0,7 of 14,7 of 15,0 of 0,0,0,0:00,9 of 11,0 of 0,2 of 3,6 of 9,0 of 0,5 of 5,3 of 9,1 of 2,3 of 3,7 of 14,0 of 0,0 of 0,,,,,,,,,,,,,,,,,,,,,,,,,,,,,,,,,,,,,,,,,,,,,,,,,,,,,,,,,,,,,,,,,,,,,,,,,,,,,,,,,,,,,,,,,,,,,,,,,,,,,,,,
"September 09, 2023",Tyson Pedro,Anton Turkalj,http://ufcstats.com/fight-details/3e1c27f17433f9e4,W,KO/TKO,1,2:12,1,16 of 29,16 of 29,0 of 0,0,0,0:03,0,8 of 24,9 of 25,0 of 0,0,0,0:00,12 of 24,1 of 2,3 of 3,15 of 28,0 of 0,1 of 1,3 of 13,1 of 1,4 of 10,6 of 21,2 of 3,0 of 0,,,,,,,,,,,,,,,,,,,,,,,,,,,,,,,,,,,,,,,,,,,,,,,,,,,,,,,,,,,,,,,,,,,,,,,,,,,,,,,,,,,,,,,,,,,,,,,,,,,,,,,,
"September 02, 2023",Ange Loosa,Rhys McKee,http://ufcstats.com/fight-details/1be27d95bba03f17,W,Decision - Unanimous,3,5:00,0,32 of 71,34 of 74,1 of 2,0,0,0:56,0,29 of 78,30 of 79,0 of 0,0,0,0:01,15 of 46,12 of 20,5 of 5,23 of 55,7 of 13,2 of 3,14 of 58,9 of 11,6 of 9,29 of 78,0 of 0,0 of 0,0,54 of 82,66 of 102,3 of 3,0,0,2:44,0,16 of 38,17 of 41,0 of 0,0,0,0:00,0,12 of 29,24 of 44,2 of 5,0,0,2:27,0,32 of 67,43 of 78,0 of 0,0,0,0:04,,,,,,,,,,,,,,,,,,,,,,,,,,,,,46 of 71,6 of 8,2 of 3,13 of 26,25 of 36,16 of 20,9 of 30,4 of 5,3 of 3,16 of 38,0 of 0,0 of 0,10 of 27,1 of 1,1 of 1,9 of 22,0 of 2,3 of 5,25 of 57,6 of 9,1 of 1,25 of 56,5 of 8,2 of 3,,,,,,,,,,,,,,,,,,,,,,,,
"September 02, 2023",Farid Basharat,Kleydson Rodrigues,http://ufcstats.com/fight-details/ac73c6888ee9322c,W,Submission,1,4:15,0,4 of 6,25 of 36,2 of 5,1,0,3:15,0,7 of 8,25 of 26,0 of 0,0,0,0:30,2 of 3,2 of 2,0 of 1,0 of 1,1 of 1,3 of 4,3 of 4,2 of 2,2 of 2,4 of 5,1 of 1,2 of 2,,,,,,,,,,,,,,,,,,,,,,,,,,,,,,,,,,,,,,,,,,,,,,,,,,,,,,,,,,,,,,,,,,,,,,,,,,,,,,,,,,,,,,,,,,,,,,,,,,,,,,,,
"August 26, 2023",Anthony Smith,Ryan Spann,http://ufcstats.com/fight-details/c53b0f678fe2f16a,W,Decision - Split,3,5:00,0,24 of 42,24 of 42,1 of 3,0,0,0:45,0,10 of 41,10 of 41,0 of 1,0,0,0:00,9 of 25,1 of 1,14 of 16,23 of 41,1 of 1,0 of 0,5 of 32,4 of 8,1 of 1,10 of 41,0 of 0,0 of 0,0,22 of 36,22 of 36,0 of 0,0,0,0:11,0,22 of 60,25 of 64,0 of 0,0,0,1:19,0,45 of 69,45 of 69,0 of 0,0,0,0:00,0,27 of 86,27 of 86,0 of 0,0,0,0:00,,,,,,,,,,,,,,,,,,,,,,,,,,,,,10 of 22,4 of 4,8 of 10,22 of 36,0 of 0,0 of 0,16 of 52,5 of 7,1 of 1,13 of 47,0 of 0,9 of 13,25 of 45,7 of 10,13 of 14,45 of 69,0 of 0,0 of 0,18 of 74,5 of 8,4 of 4,27 of 86,0 of 0,0 of 0,,,,,,,,,,,,,,,,,,,,,,,,
"August 26, 2023",Giga Chikadze,Alex Caceres,http://ufcstats.com/fight-details/dd617f6ab4916ec4,W,Decision - Unanimous,3,5:00,0,17 of 30,17 of 30,0 of 0,0,0,0:00,0,15 of 39,15 of 39,0 of 0,0,0,0:00,7 of 16,5 of 8,5 of 6,17 of 30,0 of 0,0 of 0,5 of 23,5 of 10,5 of 6,15 of 39,0 of 0,0 of 0,0,23 of 44,23 of 44,0 of 0,0,0,0:00,0,24 of 61,24 of 61,0 of 0,0,0,0:00,0,25 of 67,25 of 67,0 of 0,0,0,0:00,0,23 of 68,23 of 68,0 of 0,0,0,0:00,,,,,,,,,,,,,,,,,,,,,,,,,,,,,14 of 30,4 of 9,5 of 5,23 of 43,0 of 1,0 of 0,8 of 40,12 of 16,4 of 5,24 of 61,0 of 0,0 of 0,4 of 37,13 of 21,8 of 9,25 of 66,0 of 1,0 of 0,12 of 47,8 of 18,3 of 3,23 of 68,0 of 0,0 of 0,,,,,,,,,,,,,,,,,,,,,,,,
"August 26, 2023",Rinya Nakamura,Fernie Garcia,http://ufcstats.com/fight-details/de89bea7b0dcd2d3,W,Decision - Unanimous,3,5:00,0,9 of 13,17 of 25,2 of 2,1,0,3:55,0,3 of 8,21 of 27,0 of 0,0,0,0:00,3 of 5,4 of 6,2 of 2,4 of 6,0 of 0,5 of 7,2 of 5,1 of 1,0 of 2,1 of 6,0 of 0,2 of 2,0,11 of 22,17 of 29,1 of 1,1,0,2:31,0,6 of 28,16 of 39,0 of 0,1,0,0:00,0,16 of 22,22 of 30,1 of 1,1,0,3:00,0,6 of 30,13 of 40,0 of 0,0,0,0:00,,,,,,,,,,,,,,,,,,,,,,,,,,,,,5 of 14,3 of 3,3 of 5,8 of 19,0 of 0,3 of 3,3 of 22,1 of 3,2 of 3,6 of 28,0 of 0,0 of 0,8 of 12,3 of 4,5 of 6,13 of 19,0 of 0,3 of 3,4 of 26,2 of 3,0 of 1,6 of 29,0 of 1,0 of 0,,,,,,,,,,,,,,,,,,,,,,,,
"August 26, 2023",Waldo Cortes Acosta,Lukasz Brzeski,http://ufcstats.com/fight-details/bfc9989751bd0d04,W,KO/TKO,1,3:01,1,15 of 45,16 of 46,0 of 0,0,0,0:01,0,14 of 22,15 of 23,0 of 0,0,0,0:00,9 of 36,3 of 5,3 of 4,12 of 42,3 of 3,0 of 0,1 of 7,3 of 3,10 of 12,14 of 22,0 of 0,0 of 0,,,,,,,,,,,,,,,,,,,,,,,,,,,,,,,,,,,,,,,,,,,,,,,,,,,,,,,,,,,,,,,,,,,,,,,,,,,,,,,,,,,,,,,,,,,,,,,,,,,,,,,,
"August 26, 2023",Chidi Njokuani,Michal Oleksiejczuk,http://ufcstats.com/fight-details/293c5f4c9aca5c54,L,KO/TKO,1,4:16,0,29 of 57,30 of 58,0 of 2,0,0,0:09,0,44 of 72,54 of 85,1 of 1,0,0,1:36,7 of 21,18 of 32,4 of 4,19 of 37,10 of 20,0 of 0,31 of 59,12 of 12,1 of 1,17 of 36,4 of 5,23 of 31,,,,,,,,,,,,,,,,,,,,,,,,,,,,,,,,,,,,,,,,,,,,,,,,,,,,,,,,,,,,,,,,,,,,,,,,,,,,,,,,,,,,,,,,,,,,,,,,,,,,,,,,
"August 26, 2023",Billy Ray Goff,Yusaku Kinoshita,http://ufcstats.com/fight-details/977250a28d3b8a3f,W,KO/TKO,1,3:49,1,40 of 85,43 of 89,0 of 1,0,0,0:05,0,17 of 53,17 of 53,0 of 0,0,0,0:00,13 of 47,13 of 20,14 of 18,36 of 78,2 of 2,2 of 5,15 of 48,2 of 5,0 of 0,17 of 52,0 of 1,0 of 0,,,,,,,,,,,,,,,,,,,,,,,,,,,,,,,,,,,,,,,,,,,,,,,,,,,,,,,,,,,,,,,,,,,,,,,,,,,,,,,,,,,,,,,,,,,,,,,,,,,,,,,,
"August 19, 2023",Aljamain Sterling,Sean O'Malley,http://ufcstats.com/fight-details/ee796ecb4ee8680b,L,KO/TKO,2,0:51,0,13 of 26,20 of 37,0 of 1,0,0,0:21,0,8 of 14,8 of 14,0 of 0,0,0,0:00,0 of 5,2 of 8,11 of 13,13 of 26,0 of 0,0 of 0,3 of 6,4 of 7,1 of 1,7 of 13,1 of 1,0 of 0,0,4 of 9,4 of 9,0 of 1,0,0,0:13,1,17 of 21,18 of 22,0 of 0,0,0,0:18,,,,,,,,,,,,,,,,,,,,,,,,,,,,,,,,,,,,,,,,,,,3 of 7,1 of 2,0 of 0,3 of 7,1 of 2,0 of 0,15 of 19,2 of 2,0 of 0,3 of 3,0 of 0,14 of 18,,,,,,,,,,,,,,,,,,,,,,,,,,,,,,,,,,,,
"August 19, 2023",Gregory Rodrigues,Denis Tiuliulin,http://ufcstats.com/fight-details/f995ed679ef8bdf4,W,KO/TKO,1,1:43,0,5 of 6,6 of 8,1 of 2,0,0,0:47,0,2 of 7,3 of 8,0 of 0,0,0,0:00,4 of 5,1 of 1,0 of 0,1 of 2,0 of 0,4 of 4,2 of 7,0 of 0,0 of 0,2 of 7,0 of 0,0 of 0,,,,,,,,,,,,,,,,,,,,,,,,,,,,,,,,,,,,,,,,,,,,,,,,,,,,,,,,,,,,,,,,,,,,,,,,,,,,,,,,,,,,,,,,,,,,,,,,,,,,,,,,
"August 19, 2023",Kurt Holobaugh,Austin Hubbard,http://ufcstats.com/fight-details/62d53ad8f8769666,W,Submission,2,2:39,0,37 of 78,58 of 100,0 of 0,0,0,0:00,0,31 of 74,48 of 92,2 of 4,0,0,2:06,26 of 64,6 of 8,5 of 6,30 of 71,7 of 7,0 of 0,16 of 58,14 of 15,1 of 1,20 of 57,7 of 9,4 of 8,0,24 of 41,27 of 44,0 of 0,2,0,1:08,0,13 of 33,13 of 33,0 of 2,0,0,0:17,,,,,,,,,,,,,,,,,,,,,,,,,,,,,,,,,,,,,,,,,,,20 of 37,4 of 4,0 of 0,20 of 35,2 of 3,2 of 3,9 of 28,3 of 4,1 of 1,11 of 30,2 of 3,0 of 0,,,,,,,,,,,,,,,,,,,,,,,,,,,,,,,,,,,,
"August 12, 2023",AJ Dobson,Tafon Nchukwi,http://ufcstats.com/fight-details/560a971c6ab8b854,W,Decision - Unanimous,3,5:00,0,34 of 65,36 of 69,1 of 1,0,0,0:13,0,24 of 45,24 of 45,0 of 0,0,0,0:00,6 of 31,10 of 15,18 of 19,31 of 59,0 of 0,3 of 6,4 of 20,7 of 10,13 of 15,24 of 44,0 of 1,0 of 0,0,28 of 51,29 of 53,0 of 1,0,0,0:23,0,26 of 48,27 of 49,0 of 0,0,0,0:00,0,5 of 18,33 of 54,1 of 1,0,0,3:57,0,3 of 6,8 of 12,0 of 0,0,0,0:00,,,,,,,,,,,,,,,,,,,,,,,,,,,,,12 of 31,2 of 3,14 of 17,26 of 47,2 of 4,0 of 0,6 of 25,5 of 5,15 of 18,22 of 42,4 of 6,0 of 0,1 of 13,0 of 0,4 of 5,4 of 13,0 of 1,1 of 4,1 of 2,0 of 0,2 of 4,3 of 6,0 of 0,0 of 0,,,,,,,,,,,,,,,,,,,,,,,,
"August 12, 2023",Josh Fremd,Jamie Pickett,http://ufcstats.com/fight-details/9a9479663bedf8b4,W,Decision - Unanimous,3,5:00,0,11 of 29,23 of 41,0 of 0,0,0,2:31,0,4 of 18,8 of 25,0 of 0,0,0,0:28,2 of 17,3 of 5,6 of 7,9 of 25,2 of 4,0 of 0,0 of 9,2 of 7,2 of 2,3 of 15,1 of 3,0 of 0,0,13 of 31,17 of 35,0 of 1,2,0,1:51,0,5 of 15,7 of 17,1 of 1,0,0,1:39,0,7 of 20,19 of 33,0 of 2,0,1,2:53,0,5 of 19,11 of 25,1 of 2,0,0,0:54,,,,,,,,,,,,,,,,,,,,,,,,,,,,,7 of 20,4 of 7,2 of 4,7 of 22,3 of 4,3 of 5,1 of 8,2 of 4,2 of 3,5 of 15,0 of 0,0 of 0,2 of 12,3 of 6,2 of 2,6 of 17,1 of 3,0 of 0,3 of 14,2 of 5,0 of 0,3 of 15,2 of 4,0 of 0,,,,,,,,,,,,,,,,,,,,,,,,
"August 12, 2023",JP Buys,Marcus McGhee,http://ufcstats.com/fight-details/2c160a1d1fdbf0b0,L,KO/TKO,1,2:19,0,4 of 30,4 of 30,0 of 1,0,0,0:00,1,7 of 13,7 of 13,0 of 0,0,0,0:05,2 of 22,1 of 3,1 of 5,4 of 29,0 of 1,0 of 0,6 of 11,0 of 0,1 of 2,7 of 13,0 of 0,0 of 0,,,,,,,,,,,,,,,,,,,,,,,,,,,,,,,,,,,,,,,,,,,,,,,,,,,,,,,,,,,,,,,,,,,,,,,,,,,,,,,,,,,,,,,,,,,,,,,,,,,,,,,,
"August 12, 2023",Terrance McKinney,Mike Breeden,http://ufcstats.com/fight-details/9576d9cba5cf5c4e,W,KO/TKO,1,1:25,0,30 of 47,30 of 47,0 of 2,0,0,0:03,0,1 of 5,1 of 5,0 of 1,0,0,0:00,23 of 36,7 of 11,0 of 0,16 of 30,11 of 14,3 of 3,0 of 4,1 of 1,0 of 0,1 of 5,0 of 0,0 of 0,,,,,,,,,,,,,,,,,,,,,,,,,,,,,,,,,,,,,,,,,,,,,,,,,,,,,,,,,,,,,,,,,,,,,,,,,,,,,,,,,,,,,,,,,,,,,,,,,,,,,,,,
"August 12, 2023",Francis Marshall,Isaac Dulgarian,http://ufcstats.com/fight-details/9479ba3cdcb1e513,L,KO/TKO,1,4:48,0,2 of 7,11 of 16,0 of 0,0,0,0:00,0,35 of 53,61 of 83,1 of 1,0,0,4:18,0 of 5,0 of 0,2 of 2,2 of 7,0 of 0,0 of 0,32 of 50,0 of 0,3 of 3,3 of 4,0 of 0,32 of 49,,,,,,,,,,,,,,,,,,,,,,,,,,,,,,,,,,,,,,,,,,,,,,,,,,,,,,,,,,,,,,,,,,,,,,,,,,,,,,,,,,,,,,,,,,,,,,,,,,,,,,,,
"August 12, 2023",Josh Parisian,Martin Buday,http://ufcstats.com/fight-details/d5929b7fbc801ce4,L,Submission,1,4:11,0,26 of 61,27 of 63,0 of 0,0,0,0:13,0,42 of 67,62 of 91,1 of 1,1,0,1:56,15 of 49,6 of 7,5 of 5,20 of 47,6 of 14,0 of 0,35 of 60,7 of 7,0 of 0,28 of 49,14 of 18,0 of 0,,,,,,,,,,,,,,,,,,,,,,,,,,,,,,,,,,,,,,,,,,,,,,,,,,,,,,,,,,,,,,,,,,,,,,,,,,,,,,,,,,,,,,,,,,,,,,,,,,,,,,,,
"August 12, 2023",Da'Mon Blackshear,Jose Johnson,http://ufcstats.com/fight-details/91a5480f48bfaa71,W,Submission,1,3:47,0,18 of 30,30 of 46,2 of 4,1,0,2:57,0,8 of 12,16 of 21,0 of 0,0,0,0:00,7 of 16,2 of 5,9 of 9,5 of 13,6 of 8,7 of 9,4 of 7,2 of 3,2 of 2,7 of 9,0 of 2,1 of 1,,,,,,,,,,,,,,,,,,,,,,,,,,,,,,,,,,,,,,,,,,,,,,,,,,,,,,,,,,,,,,,,,,,,,,,,,,,,,,,,,,,,,,,,,,,,,,,,,,,,,,,,
"August 05, 2023",Dustin Jacoby,Kennedy Nzechukwu,http://ufcstats.com/fight-details/2c54be25b09fce50,W,KO/TKO,1,1:22,1,10 of 33,10 of 33,0 of 0,0,0,0:04,0,4 of 18,4 of 18,0 of 0,0,0,0:00,5 of 28,0 of 0,5 of 5,10 of 26,0 of 0,0 of 7,3 of 14,0 of 3,1 of 1,4 of 18,0 of 0,0 of 0,,,,,,,,,,,,,,,,,,,,,,,,,,,,,,,,,,,,,,,,,,,,,,,,,,,,,,,,,,,,,,,,,,,,,,,,,,,,,,,,,,,,,,,,,,,,,,,,,,,,,,,,
"August 05, 2023",Diego Lopes,Gavin Tucker,http://ufcstats.com/fight-details/79bfba62da6242a6,W,Submission,1,1:38,0,0 of 4,0 of 4,0 of 0,3,0,0:00,0,0 of 6,0 of 6,1 of 1,0,0,0:39,0 of 3,0 of 0,0 of 1,0 of 4,0 of 0,0 of 0,0 of 6,0 of 0,0 of 0,0 of 6,0 of 0,0 of 0,,,,,,,,,,,,,,,,,,,,,,,,,,,,,,,,,,,,,,,,,,,,,,,,,,,,,,,,,,,,,,,,,,,,,,,,,,,,,,,,,,,,,,,,,,,,,,,,,,,,,,,,
"August 05, 2023",Tanner Boser,Aleksa Camur,http://ufcstats.com/fight-details/2c0496a5f39ab8a4,W,Decision - Unanimous,3,5:00,0,33 of 71,38 of 81,0 of 0,0,0,0:12,0,23 of 45,24 of 46,0 of 1,0,0,0:50,17 of 50,7 of 10,9 of 11,28 of 64,5 of 7,0 of 0,11 of 29,8 of 10,4 of 6,15 of 36,8 of 9,0 of 0,0,46 of 70,56 of 84,0 of 0,0,0,3:02,0,19 of 41,37 of 60,0 of 0,0,0,0:00,0,41 of 74,51 of 88,0 of 0,0,0,2:13,0,26 of 50,44 of 69,0 of 0,0,0,0:11,,,,,,,,,,,,,,,,,,,,,,,,,,,,,36 of 59,6 of 7,4 of 4,31 of 51,15 of 19,0 of 0,8 of 30,9 of 9,2 of 2,9 of 27,10 of 14,0 of 0,25 of 54,11 of 15,5 of 5,28 of 59,13 of 15,0 of 0,15 of 38,8 of 9,3 of 3,22 of 45,4 of 5,0 of 0,,,,,,,,,,,,,,,,,,,,,,,,
"August 05, 2023",Kyler Phillips,Raoni Barcelos,http://ufcstats.com/fight-details/e5cb9dfc1189d77d,W,Decision - Unanimous,3,5:00,1,30 of 68,31 of 69,0 of 2,0,0,0:11,0,18 of 45,20 of 48,1 of 3,0,0,0:30,14 of 48,9 of 13,7 of 7,26 of 63,4 of 5,0 of 0,12 of 38,4 of 4,2 of 3,13 of 37,5 of 7,0 of 1,0,22 of 58,29 of 66,1 of 1,0,0,0:36,0,9 of 27,11 of 30,1 of 5,0,0,0:54,0,20 of 61,20 of 61,0 of 1,0,0,0:00,0,19 of 44,21 of 46,1 of 3,0,0,0:18,,,,,,,,,,,,,,,,,,,,,,,,,,,,,16 of 51,3 of 4,3 of 3,17 of 51,1 of 2,4 of 5,2 of 20,5 of 5,2 of 2,8 of 26,1 of 1,0 of 0,10 of 47,6 of 9,4 of 5,19 of 60,1 of 1,0 of 0,6 of 29,6 of 8,7 of 7,18 of 42,1 of 2,0 of 0,,,,,,,,,,,,,,,,,,,,,,,,
"August 05, 2023",Billy Quarantillo,Damon Jackson,http://ufcstats.com/fight-details/1b0d5e65fdfc62cf,W,Decision - Unanimous,3,5:00,0,15 of 35,34 of 58,0 of 0,1,0,0:00,0,28 of 62,34 of 70,1 of 2,0,0,3:13,8 of 27,5 of 6,2 of 2,11 of 31,4 of 4,0 of 0,19 of 48,8 of 13,1 of 1,23 of 52,1 of 2,4 of 8,0,40 of 69,58 of 91,0 of 0,0,0,1:02,0,13 of 48,15 of 50,1 of 7,0,0,1:18,0,45 of 84,77 of 121,0 of 0,0,0,0:49,0,26 of 63,26 of 64,1 of 4,0,0,1:39,,,,,,,,,,,,,,,,,,,,,,,,,,,,,8 of 32,28 of 33,4 of 4,16 of 41,24 of 28,0 of 0,5 of 36,7 of 11,1 of 1,6 of 38,7 of 10,0 of 0,29 of 65,16 of 18,0 of 1,31 of 68,14 of 16,0 of 0,21 of 55,4 of 7,1 of 1,24 of 58,2 of 3,0 of 2,,,,,,,,,,,,,,,,,,,,,,,,
"August 05, 2023",Cody Durden,Jake Hadley,http://ufcstats.com/fight-details/38901948cff43ff9,W,Decision - Unanimous,3,5:00,0,12 of 30,12 of 32,3 of 4,0,0,2:48,0,7 of 37,9 of 39,0 of 0,1,0,0:00,6 of 22,5 of 6,1 of 2,10 of 26,1 of 1,1 of 3,2 of 28,5 of 8,0 of 1,4 of 33,3 of 4,0 of 0,0,11 of 24,18 of 35,1 of 2,1,0,1:54,0,12 of 22,27 of 40,0 of 1,2,1,2:01,0,15 of 31,33 of 55,0 of 0,0,0,2:43,0,7 of 24,9 of 27,0 of 2,0,0,0:03,,,,,,,,,,,,,,,,,,,,,,,,,,,,,10 of 22,0 of 1,1 of 1,7 of 14,0 of 0,4 of 10,4 of 11,5 of 8,3 of 3,12 of 19,0 of 3,0 of 0,7 of 22,4 of 4,4 of 5,13 of 27,0 of 0,2 of 4,6 of 22,0 of 0,1 of 2,7 of 24,0 of 0,0 of 0,,,,,,,,,,,,,,,,,,,,,,,,
"August 05, 2023",Sean Woodson,Dennis Buzukja,http://ufcstats.com/fight-details/436a1ce6b0c6b4bb,W,Decision - Unanimous,3,5:00,0,35 of 63,72 of 102,0 of 0,0,0,0:20,0,15 of 49,16 of 50,0 of 0,0,0,1:22,15 of 37,5 of 11,15 of 15,32 of 60,3 of 3,0 of 0,8 of 34,3 of 7,4 of 8,15 of 48,0 of 1,0 of 0,0,13 of 26,55 of 69,2 of 2,0,0,3:14,0,10 of 30,10 of 31,0 of 0,0,1,0:42,0,23 of 37,36 of 58,2 of 3,0,0,2:18,0,17 of 37,20 of 40,0 of 1,0,0,0:26,,,,,,,,,,,,,,,,,,,,,,,,,,,,,4 of 14,8 of 11,1 of 1,10 of 22,3 of 4,0 of 0,8 of 26,1 of 1,1 of 3,5 of 18,0 of 0,5 of 12,17 of 26,5 of 10,1 of 1,19 of 31,2 of 4,2 of 2,8 of 25,7 of 9,2 of 3,12 of 30,5 of 7,0 of 0,,,,,,,,,,,,,,,,,,,,,,,,
"August 05, 2023",Ode Osbourne,Asu Almabayev,http://ufcstats.com/fight-details/6b5c225814a924ed,L,Submission,2,3:11,0,3 of 8,6 of 11,0 of 0,0,0,0:21,0,21 of 31,35 of 52,1 of 1,1,0,3:23,3 of 6,0 of 2,0 of 0,2 of 7,0 of 0,1 of 1,14 of 24,4 of 4,3 of 3,4 of 6,0 of 0,17 of 25,0,1 of 10,2 of 11,0 of 0,0,0,0:00,0,5 of 9,17 of 26,1 of 4,1,0,2:01,,,,,,,,,,,,,,,,,,,,,,,,,,,,,,,,,,,,,,,,,,,1 of 10,0 of 0,0 of 0,1 of 10,0 of 0,0 of 0,3 of 7,1 of 1,1 of 1,5 of 8,0 of 0,0 of 1,,,,,,,,,,,,,,,,,,,,,,,,,,,,,,,,,,,,
"July 29, 2023",Michael Chiesa,Kevin Holland,http://ufcstats.com/fight-details/cbf1e76186a0c8b3,L,Submission,1,2:39,0,4 of 11,6 of 13,0 of 5,0,0,0:15,0,9 of 16,12 of 19,0 of 0,1,0,0:40,4 of 11,0 of 0,0 of 0,3 of 7,1 of 4,0 of 0,7 of 14,2 of 2,0 of 0,4 of 9,4 of 5,1 of 2,,,,,,,,,,,,,,,,,,,,,,,,,,,,,,,,,,,,,,,,,,,,,,,,,,,,,,,,,,,,,,,,,,,,,,,,,,,,,,,,,,,,,,,,,,,,,,,,,,,,,,,,
"July 29, 2023",Gabriel Bonfim,Trevin Giles,http://ufcstats.com/fight-details/4327fe98e1b6f222,W,Submission,1,1:13,0,3 of 11,3 of 11,1 of 1,1,0,0:26,0,1 of 5,1 of 5,0 of 0,0,0,0:14,2 of 10,1 of 1,0 of 0,3 of 11,0 of 0,0 of 0,1 of 5,0 of 0,0 of 0,1 of 5,0 of 0,0 of 0,,,,,,,,,,,,,,,,,,,,,,,,,,,,,,,,,,,,,,,,,,,,,,,,,,,,,,,,,,,,,,,,,,,,,,,,,,,,,,,,,,,,,,,,,,,,,,,,,,,,,,,,
"July 29, 2023",CJ Vergara,Vinicius Salvador,http://ufcstats.com/fight-details/e5ac7343b6d45188,W,Decision - Unanimous,3,5:00,0,20 of 33,20 of 33,0 of 0,0,0,0:00,0,20 of 40,20 of 40,0 of 0,0,0,0:00,4 of 14,10 of 13,6 of 6,20 of 33,0 of 0,0 of 0,8 of 26,3 of 4,9 of 10,20 of 40,0 of 0,0 of 0,0,45 of 71,45 of 71,0 of 0,0,0,0:00,0,30 of 64,31 of 65,0 of 2,0,0,0:01,0,44 of 77,44 of 77,0 of 0,0,0,0:00,0,38 of 91,38 of 91,0 of 0,0,0,0:00,,,,,,,,,,,,,,,,,,,,,,,,,,,,,14 of 34,21 of 26,10 of 11,41 of 67,4 of 4,0 of 0,19 of 50,6 of 9,5 of 5,29 of 63,1 of 1,0 of 0,25 of 54,14 of 18,5 of 5,43 of 76,1 of 1,0 of 0,27 of 78,10 of 12,1 of 1,38 of 91,0 of 0,0 of 0,,,,,,,,,,,,,,,,,,,,,,,,
"July 29, 2023",Roman Kopylov,Claudio Ribeiro,http://ufcstats.com/fight-details/5116f9398bfca446,W,KO/TKO,2,0:33,0,30 of 39,30 of 39,0 of 0,0,0,0:00,0,31 of 57,32 of 58,0 of 1,0,0,0:16,18 of 26,9 of 10,3 of 3,28 of 36,2 of 3,0 of 0,18 of 44,7 of 7,6 of 6,28 of 54,3 of 3,0 of 0,1,2 of 3,2 of 3,0 of 0,0,0,0:03,0,1 of 2,1 of 2,0 of 0,0,0,0:00,,,,,,,,,,,,,,,,,,,,,,,,,,,,,,,,,,,,,,,,,,,2 of 3,0 of 0,0 of 0,1 of 2,0 of 0,1 of 1,0 of 1,0 of 0,1 of 1,1 of 2,0 of 0,0 of 0,,,,,,,,,,,,,,,,,,,,,,,,,,,,,,,,,,,,
"July 29, 2023",Jake Matthews,Darrius Flowers,http://ufcstats.com/fight-details/7a8f218c07347c88,W,Submission,2,2:37,0,37 of 63,42 of 68,0 of 1,0,0,0:00,0,30 of 56,35 of 61,1 of 1,0,0,1:03,21 of 47,11 of 11,5 of 5,35 of 58,2 of 5,0 of 0,17 of 42,5 of 5,8 of 9,25 of 49,5 of 7,0 of 0,0,23 of 38,29 of 45,0 of 0,1,0,1:15,0,6 of 8,6 of 8,0 of 2,0,0,0:00,,,,,,,,,,,,,,,,,,,,,,,,,,,,,,,,,,,,,,,,,,,19 of 31,3 of 6,1 of 1,12 of 26,0 of 0,11 of 12,4 of 6,1 of 1,1 of 1,6 of 8,0 of 0,0 of 0,,,,,,,,,,,,,,,,,,,,,,,,,,,,,,,,,,,,
"July 29, 2023",Matthew Semelsberger,Uros Medic,http://ufcstats.com/fight-details/3de326b65aa6245d,L,KO/TKO,3,2:36,1,17 of 36,18 of 37,0 of 1,0,0,0:54,0,18 of 31,19 of 32,1 of 1,0,0,0:19,10 of 29,5 of 5,2 of 2,9 of 25,1 of 2,7 of 9,12 of 22,5 of 8,1 of 1,13 of 24,5 of 7,0 of 0,0,24 of 58,24 of 58,0 of 0,0,0,0:00,0,25 of 55,26 of 56,0 of 0,0,0,0:00,0,11 of 26,11 of 26,0 of 1,0,0,0:19,1,26 of 42,31 of 47,0 of 0,0,0,0:03,,,,,,,,,,,,,,,,,,,,,,,,,,,,,12 of 40,3 of 8,9 of 10,23 of 57,1 of 1,0 of 0,16 of 43,7 of 10,2 of 2,24 of 53,1 of 2,0 of 0,9 of 22,0 of 1,2 of 3,10 of 24,1 of 2,0 of 0,21 of 33,5 of 9,0 of 0,13 of 27,7 of 9,6 of 6,,,,,,,,,,,,,,,,,,,,,,,,
"July 22, 2023",Davey Grant,Daniel Marcos,http://ufcstats.com/fight-details/b4e2037f180c1e0e,L,Decision - Split,3,5:00,0,16 of 49,16 of 49,0 of 0,0,0,0:00,0,13 of 35,13 of 35,0 of 0,0,0,0:00,1 of 28,7 of 10,8 of 11,16 of 49,0 of 0,0 of 0,1 of 15,2 of 8,10 of 12,13 of 35,0 of 0,0 of 0,0,26 of 75,26 of 75,0 of 0,0,0,0:00,0,15 of 51,15 of 51,0 of 0,0,0,0:00,0,28 of 91,28 of 91,0 of 1,0,0,0:06,0,20 of 54,21 of 55,1 of 1,0,0,0:13,,,,,,,,,,,,,,,,,,,,,,,,,,,,,9 of 48,8 of 15,9 of 12,26 of 75,0 of 0,0 of 0,4 of 33,3 of 8,8 of 10,14 of 50,1 of 1,0 of 0,7 of 51,12 of 30,9 of 10,28 of 89,0 of 2,0 of 0,16 of 42,1 of 8,3 of 4,20 of 54,0 of 0,0 of 0,,,,,,,,,,,,,,,,,,,,,,,,
"July 22, 2023",Danny Roberts,Jonny Parsons,http://ufcstats.com/fight-details/d54ebd2a3435a357,L,KO/TKO,2,4:57,0,25 of 60,25 of 60,0 of 0,0,0,0:00,0,20 of 50,20 of 50,0 of 0,0,0,0:00,13 of 45,10 of 13,2 of 2,25 of 60,0 of 0,0 of 0,7 of 32,6 of 10,7 of 8,19 of 48,1 of 2,0 of 0,0,19 of 73,19 of 74,0 of 2,0,0,0:05,2,43 of 74,49 of 83,0 of 0,0,0,1:26,,,,,,,,,,,,,,,,,,,,,,,,,,,,,,,,,,,,,,,,,,,14 of 66,4 of 6,1 of 1,19 of 72,0 of 1,0 of 0,35 of 63,6 of 9,2 of 2,32 of 53,6 of 13,5 of 8,,,,,,,,,,,,,,,,,,,,,,,,,,,,,,,,,,,,
"July 22, 2023",Mick Parkin,Jamal Pogues,http://ufcstats.com/fight-details/89b96bc5f3e824c5,W,Decision - Unanimous,3,5:00,0,32 of 50,32 of 50,0 of 0,0,0,0:00,0,21 of 79,22 of 80,0 of 1,0,0,0:16,12 of 30,2 of 2,18 of 18,32 of 48,0 of 2,0 of 0,13 of 71,1 of 1,7 of 7,20 of 78,1 of 1,0 of 0,0,19 of 34,22 of 37,0 of 0,0,0,0:00,0,7 of 30,7 of 30,0 of 0,0,0,0:56,0,44 of 72,44 of 72,0 of 0,0,0,0:00,0,8 of 26,8 of 26,0 of 0,0,0,0:05,,,,,,,,,,,,,,,,,,,,,,,,,,,,,5 of 17,3 of 6,11 of 11,17 of 32,2 of 2,0 of 0,5 of 27,1 of 2,1 of 1,6 of 28,1 of 2,0 of 0,20 of 47,11 of 12,13 of 13,43 of 71,1 of 1,0 of 0,4 of 21,2 of 3,2 of 2,8 of 26,0 of 0,0 of 0,,,,,,,,,,,,,,,,,,,,,,,,
"July 22, 2023",Chris Duncan,Yanal Ashmouz,http://ufcstats.com/fight-details/a8a4c9f98ff73839,W,Decision - Unanimous,3,5:00,0,19 of 60,19 of 60,1 of 1,0,0,0:06,0,9 of 28,9 of 28,0 of 1,0,0,0:00,11 of 46,2 of 5,6 of 9,19 of 60,0 of 0,0 of 0,4 of 20,2 of 5,3 of 3,8 of 27,1 of 1,0 of 0,0,26 of 60,26 of 60,0 of 1,0,0,0:02,0,14 of 36,14 of 36,0 of 0,0,0,0:00,0,40 of 86,42 of 89,1 of 2,0,0,0:40,0,12 of 34,13 of 36,0 of 0,0,0,0:00,,,,,,,,,,,,,,,,,,,,,,,,,,,,,12 of 41,12 of 14,2 of 5,26 of 60,0 of 0,0 of 0,6 of 26,3 of 5,5 of 5,14 of 35,0 of 1,0 of 0,31 of 74,9 of 11,0 of 1,37 of 80,3 of 6,0 of 0,5 of 22,3 of 4,4 of 8,12 of 34,0 of 0,0 of 0,,,,,,,,,,,,,,,,,,,,,,,,
"July 22, 2023",Shauna Bannon,Bruna Brasil,http://ufcstats.com/fight-details/c81d1facf185467d,L,Decision - Unanimous,3,5:00,0,16 of 51,16 of 51,0 of 0,0,0,0:00,0,20 of 34,20 of 34,0 of 0,0,0,0:00,9 of 36,1 of 6,6 of 9,16 of 51,0 of 0,0 of 0,12 of 25,2 of 2,6 of 7,20 of 34,0 of 0,0 of 0,0,19 of 42,56 of 86,0 of 2,0,0,0:51,0,16 of 25,28 of 38,1 of 2,0,0,1:45,0,19 of 51,52 of 86,0 of 0,0,0,0:14,0,20 of 31,25 of 39,1 of 1,0,0,1:36,,,,,,,,,,,,,,,,,,,,,,,,,,,,,6 of 22,10 of 15,3 of 5,16 of 38,3 of 4,0 of 0,6 of 12,7 of 10,3 of 3,9 of 17,7 of 8,0 of 0,7 of 26,8 of 17,4 of 8,19 of 50,0 of 1,0 of 0,12 of 21,5 of 7,3 of 3,10 of 21,5 of 5,5 of 5,,,,,,,,,,,,,,,,,,,,,,,,
"July 22, 2023",Jafel Filho,Daniel Barez,http://ufcstats.com/fight-details/d918da575ee1bc35,W,Submission,1,3:26,0,21 of 54,23 of 62,1 of 4,1,0,0:55,1,18 of 30,18 of 30,0 of 0,0,0,0:12,11 of 40,8 of 9,2 of 5,21 of 54,0 of 0,0 of 0,8 of 17,7 of 9,3 of 4,18 of 27,0 of 1,0 of 2,,,,,,,,,,,,,,,,,,,,,,,,,,,,,,,,,,,,,,,,,,,,,,,,,,,,,,,,,,,,,,,,,,,,,,,,,,,,,,,,,,,,,,,,,,,,,,,,,,,,,,,,
"July 15, 2023",Jack Della Maddalena,Bassil Hafez,http://ufcstats.com/fight-details/3352c65f3f6d9b2a,W,Decision - Split,3,5:00,0,13 of 26,41 of 56,0 of 1,0,0,0:02,0,9 of 28,12 of 31,3 of 5,0,0,3:19,9 of 21,4 of 5,0 of 0,12 of 25,1 of 1,0 of 0,8 of 26,0 of 1,1 of 1,8 of 26,1 of 2,0 of 0,0,27 of 43,47 of 64,0 of 0,0,0,0:07,0,16 of 56,29 of 70,0 of 6,0,0,2:15,0,43 of 68,61 of 92,1 of 1,0,0,1:10,0,7 of 40,7 of 40,0 of 9,0,1,1:14,,,,,,,,,,,,,,,,,,,,,,,,,,,,,17 of 31,9 of 11,1 of 1,24 of 39,3 of 4,0 of 0,15 of 53,1 of 3,0 of 0,14 of 53,2 of 3,0 of 0,29 of 52,14 of 16,0 of 0,32 of 55,10 of 12,1 of 1,6 of 38,1 of 2,0 of 0,6 of 39,1 of 1,0 of 0,,,,,,,,,,,,,,,,,,,,,,,,
"July 15, 2023",Albert Duraev,JunYong Park,http://ufcstats.com/fight-details/6adfe44b110c1510,L,Submission,2,4:45,0,20 of 47,20 of 47,0 of 0,0,0,0:19,0,25 of 54,25 of 54,0 of 1,1,0,0:17,10 of 31,5 of 6,5 of 10,20 of 47,0 of 0,0 of 0,20 of 48,0 of 0,5 of 6,25 of 54,0 of 0,0 of 0,0,11 of 30,15 of 36,1 of 2,0,0,0:55,1,25 of 42,52 of 84,0 of 0,2,0,1:42,,,,,,,,,,,,,,,,,,,,,,,,,,,,,,,,,,,,,,,,,,,8 of 26,2 of 2,1 of 2,11 of 29,0 of 1,0 of 0,21 of 37,4 of 5,0 of 0,22 of 39,2 of 2,1 of 1,,,,,,,,,,,,,,,,,,,,,,,,,,,,,,,,,,,,
"July 15, 2023",Nazim Sadykhov,Terrance McKinney,http://ufcstats.com/fight-details/e4620f3fa451a3a4,W,Submission,2,1:07,0,5 of 8,16 of 19,0 of 0,0,1,0:20,0,5 of 8,20 of 28,2 of 3,0,0,4:12,4 of 7,0 of 0,1 of 1,3 of 6,0 of 0,2 of 2,2 of 5,3 of 3,0 of 0,3 of 6,2 of 2,0 of 0,0,3 of 7,4 of 8,0 of 0,1,0,0:35,0,1 of 6,1 of 6,0 of 2,0,0,0:04,,,,,,,,,,,,,,,,,,,,,,,,,,,,,,,,,,,,,,,,,,,2 of 4,0 of 1,1 of 2,3 of 7,0 of 0,0 of 0,1 of 5,0 of 0,0 of 1,1 of 6,0 of 0,0 of 0,,,,,,,,,,,,,,,,,,,,,,,,,,,,,,,,,,,,
"July 15, 2023",Tucker Lutz,Melsik Baghdasaryan,http://ufcstats.com/fight-details/8362b372adb2f302,L,Decision - Unanimous,3,5:00,0,12 of 27,13 of 28,1 of 4,0,0,2:56,0,11 of 19,14 of 23,0 of 0,0,0,0:00,4 of 18,5 of 5,3 of 4,12 of 27,0 of 0,0 of 0,4 of 9,6 of 9,1 of 1,10 of 17,0 of 0,1 of 2,0,21 of 64,22 of 65,1 of 3,0,0,0:35,0,28 of 49,28 of 49,0 of 0,0,0,0:02,0,3 of 18,6 of 22,1 of 2,0,0,2:48,0,25 of 40,32 of 50,0 of 0,0,0,0:40,,,,,,,,,,,,,,,,,,,,,,,,,,,,,10 of 40,8 of 19,3 of 5,20 of 63,1 of 1,0 of 0,16 of 34,11 of 14,1 of 1,26 of 46,1 of 2,1 of 1,0 of 13,3 of 4,0 of 1,2 of 15,1 of 3,0 of 0,12 of 23,13 of 17,0 of 0,14 of 25,10 of 14,1 of 1,,,,,,,,,,,,,,,,,,,,,,,,
"July 15, 2023",Viktoriia Dudakova,Istela Nunes,http://ufcstats.com/fight-details/eb30c9c975e15436,W,KO/TKO,1,0:34,0,3 of 11,3 of 11,1 of 1,0,0,0:06,0,2 of 6,2 of 6,0 of 0,0,0,0:00,1 of 7,2 of 4,0 of 0,2 of 10,0 of 0,1 of 1,1 of 4,1 of 2,0 of 0,2 of 6,0 of 0,0 of 0,,,,,,,,,,,,,,,,,,,,,,,,,,,,,,,,,,,,,,,,,,,,,,,,,,,,,,,,,,,,,,,,,,,,,,,,,,,,,,,,,,,,,,,,,,,,,,,,,,,,,,,,
"July 15, 2023",Evan Elder,Genaro Valdez,http://ufcstats.com/fight-details/3624f4ae9c1d703e,W,Decision - Unanimous,3,5:00,0,25 of 50,25 of 50,0 of 0,1,0,0:03,0,24 of 76,25 of 77,0 of 0,0,0,0:00,12 of 35,5 of 6,8 of 9,25 of 50,0 of 0,0 of 0,22 of 69,1 of 2,1 of 5,23 of 75,1 of 1,0 of 0,1,37 of 67,37 of 67,0 of 0,0,0,0:00,1,22 of 80,22 of 80,0 of 0,0,0,0:02,0,34 of 78,34 of 78,1 of 1,0,0,0:03,0,18 of 80,18 of 80,0 of 0,0,0,0:00,,,,,,,,,,,,,,,,,,,,,,,,,,,,,21 of 49,8 of 10,8 of 8,37 of 67,0 of 0,0 of 0,16 of 70,1 of 2,5 of 8,22 of 80,0 of 0,0 of 0,28 of 71,2 of 3,4 of 4,34 of 76,0 of 1,0 of 1,13 of 71,2 of 2,3 of 7,17 of 76,1 of 4,0 of 0,,,,,,,,,,,,,,,,,,,,,,,,
"July 15, 2023",Alexander Munoz,Carl Deaton,http://ufcstats.com/fight-details/57785c9be5b4526d,W,Decision - Unanimous,3,5:00,0,8 of 34,8 of 34,0 of 2,0,0,0:00,0,13 of 40,13 of 40,0 of 1,0,0,0:00,5 of 28,3 of 6,0 of 0,7 of 32,1 of 2,0 of 0,11 of 38,2 of 2,0 of 0,12 of 39,1 of 1,0 of 0,0,18 of 49,18 of 49,0 of 1,0,0,0:00,0,19 of 50,19 of 50,0 of 1,0,0,0:00,1,18 of 28,27 of 37,3 of 4,0,0,3:54,0,5 of 18,7 of 22,0 of 0,0,0,0:00,,,,,,,,,,,,,,,,,,,,,,,,,,,,,16 of 45,2 of 4,0 of 0,18 of 49,0 of 0,0 of 0,15 of 44,4 of 6,0 of 0,19 of 50,0 of 0,0 of 0,16 of 26,1 of 1,1 of 1,2 of 6,1 of 1,15 of 21,3 of 15,2 of 3,0 of 0,5 of 17,0 of 1,0 of 0,,,,,,,,,,,,,,,,,,,,,,,,
"July 08, 2023",Jalin Turner,Dan Hooker,http://ufcstats.com/fight-details/b6ea8880cc7af439,L,Decision - Split,3,5:00,0,34 of 69,34 of 69,0 of 0,0,0,0:00,0,38 of 54,39 of 55,0 of 1,0,0,0:00,16 of 47,13 of 14,5 of 8,30 of 64,4 of 5,0 of 0,16 of 29,8 of 9,14 of 16,35 of 51,3 of 3,0 of 0,0,34 of 60,34 of 60,0 of 1,0,0,0:00,0,44 of 81,48 of 85,0 of 0,1,0,0:16,0,32 of 48,45 of 62,1 of 2,0,0,0:18,1,43 of 62,85 of 107,0 of 1,0,0,2:53,,,,,,,,,,,,,,,,,,,,,,,,,,,,,23 of 44,9 of 12,2 of 4,25 of 51,9 of 9,0 of 0,27 of 59,9 of 13,8 of 9,38 of 70,6 of 11,0 of 0,24 of 37,8 of 11,0 of 0,23 of 37,5 of 7,4 of 4,34 of 51,8 of 10,1 of 1,27 of 36,10 of 17,6 of 9,,,,,,,,,,,,,,,,,,,,,,,,
"July 08, 2023",Yazmin Jauregui,Denise Gomes,http://ufcstats.com/fight-details/ef270d8cf29d071b,L,KO/TKO,1,0:20,0,0 of 1,0 of 1,0 of 0,0,0,0:00,1,17 of 20,21 of 24,0 of 0,0,0,0:10,0 of 1,0 of 0,0 of 0,0 of 1,0 of 0,0 of 0,17 of 20,0 of 0,0 of 0,4 of 6,0 of 0,13 of 14,,,,,,,,,,,,,,,,,,,,,,,,,,,,,,,,,,,,,,,,,,,,,,,,,,,,,,,,,,,,,,,,,,,,,,,,,,,,,,,,,,,,,,,,,,,,,,,,,,,,,,,,
"July 08, 2023",Jimmy Crute,Alonzo Menifield,http://ufcstats.com/fight-details/6ef12db5b099ec81,L,Submission,2,1:55,0,25 of 37,31 of 43,0 of 3,0,0,1:01,0,11 of 16,15 of 20,0 of 0,0,0,1:40,4 of 14,19 of 20,2 of 3,5 of 15,20 of 22,0 of 0,8 of 13,2 of 2,1 of 1,7 of 12,4 of 4,0 of 0,0,1 of 16,1 of 16,1 of 2,0,0,0:11,0,10 of 20,10 of 20,0 of 0,1,0,0:05,,,,,,,,,,,,,,,,,,,,,,,,,,,,,,,,,,,,,,,,,,,1 of 16,0 of 0,0 of 0,1 of 16,0 of 0,0 of 0,10 of 20,0 of 0,0 of 0,10 of 20,0 of 0,0 of 0,,,,,,,,,,,,,,,,,,,,,,,,,,,,,,,,,,,,
"July 08, 2023",Vitor Petrino,Marcin Prachnio,http://ufcstats.com/fight-details/69f67a4a690eb15d,W,Submission,3,3:42,0,16 of 33,20 of 37,2 of 4,0,0,2:21,0,32 of 44,66 of 78,0 of 0,0,0,0:18,9 of 26,6 of 6,1 of 1,11 of 25,1 of 1,4 of 7,12 of 23,14 of 15,6 of 6,21 of 32,11 of 12,0 of 0,0,11 of 15,30 of 35,1 of 1,1,0,4:38,0,2 of 5,56 of 64,0 of 1,0,0,0:00,0,17 of 33,22 of 39,1 of 1,1,0,1:40,0,21 of 39,25 of 43,0 of 0,0,0,0:00,,,,,,,,,,,,,,,,,,,,,,,,,,,,,10 of 14,1 of 1,0 of 0,0 of 4,0 of 0,11 of 11,1 of 4,1 of 1,0 of 0,2 of 5,0 of 0,0 of 0,13 of 28,2 of 3,2 of 2,13 of 29,0 of 0,4 of 4,12 of 27,6 of 9,3 of 3,18 of 36,3 of 3,0 of 0,,,,,,,,,,,,,,,,,,,,,,,,
"July 08, 2023",Cameron Saaiman,Terrence Mitchell,http://ufcstats.com/fight-details/dbf8a4b0870a47d1,W,KO/TKO,1,3:10,0,18 of 32,23 of 38,2 of 2,1,1,1:37,0,3 of 7,6 of 11,1 of 2,0,0,1:06,15 of 29,3 of 3,0 of 0,0 of 2,4 of 6,14 of 24,3 of 7,0 of 0,0 of 0,0 of 3,2 of 3,1 of 1,,,,,,,,,,,,,,,,,,,,,,,,,,,,,,,,,,,,,,,,,,,,,,,,,,,,,,,,,,,,,,,,,,,,,,,,,,,,,,,,,,,,,,,,,,,,,,,,,,,,,,,,
"July 08, 2023",Shannon Ross,Jesus Aguilar,http://ufcstats.com/fight-details/420f7e6530dbc727,L,KO/TKO,1,0:17,0,2 of 3,2 of 3,0 of 0,0,0,0:00,1,2 of 3,2 of 3,0 of 0,0,0,0:01,1 of 2,1 of 1,0 of 0,2 of 3,0 of 0,0 of 0,1 of 1,0 of 0,1 of 2,2 of 3,0 of 0,0 of 0,,,,,,,,,,,,,,,,,,,,,,,,,,,,,,,,,,,,,,,,,,,,,,,,,,,,,,,,,,,,,,,,,,,,,,,,,,,,,,,,,,,,,,,,,,,,,,,,,,,,,,,,
"July 08, 2023",Kamuela Kirk,Esteban Ribovics,http://ufcstats.com/fight-details/5b71958ee063a6e8,L,Decision - Unanimous,3,5:00,0,2 of 2,29 of 39,1 of 1,1,0,4:37,0,1 of 2,3 of 4,0 of 0,0,0,0:00,2 of 2,0 of 0,0 of 0,2 of 2,0 of 0,0 of 0,0 of 0,0 of 0,1 of 2,1 of 2,0 of 0,0 of 0,0,35 of 67,36 of 68,0 of 4,0,0,0:00,0,65 of 118,71 of 126,1 of 1,0,0,0:46,0,19 of 38,21 of 40,2 of 9,0,0,1:43,0,49 of 82,61 of 94,1 of 1,0,0,0:29,,,,,,,,,,,,,,,,,,,,,,,,,,,,,20 of 50,9 of 11,6 of 6,31 of 62,4 of 5,0 of 0,58 of 109,6 of 8,1 of 1,55 of 102,4 of 6,6 of 10,14 of 32,3 of 4,2 of 2,18 of 37,1 of 1,0 of 0,36 of 68,11 of 12,2 of 2,36 of 68,6 of 7,7 of 7,,,,,,,,,,,,,,,,,,,,,,,,
"July 01, 2023",Damir Ismagulov,Grant Dawson,http://ufcstats.com/fight-details/4dc5a41f357a7d85,L,Decision - Unanimous,3,5:00,0,2 of 6,4 of 8,0 of 0,0,0,0:05,0,23 of 35,44 of 57,1 of 2,0,0,3:55,1 of 3,1 of 3,0 of 0,2 of 6,0 of 0,0 of 0,21 of 30,1 of 4,1 of 1,4 of 15,1 of 1,18 of 19,0,10 of 18,14 of 22,0 of 0,0,0,0:00,0,5 of 18,22 of 38,1 of 1,1,0,3:57,0,1 of 4,17 of 24,0 of 0,0,1,0:03,0,2 of 4,18 of 33,1 of 2,0,0,4:32,,,,,,,,,,,,,,,,,,,,,,,,,,,,,5 of 13,5 of 5,0 of 0,10 of 18,0 of 0,0 of 0,5 of 14,0 of 4,0 of 0,3 of 16,0 of 0,2 of 2,0 of 3,0 of 0,1 of 1,1 of 4,0 of 0,0 of 0,2 of 4,0 of 0,0 of 0,2 of 4,0 of 0,0 of 0,,,,,,,,,,,,,,,,,,,,,,,,
"July 01, 2023",Max Griffin,Michael Morales,http://ufcstats.com/fight-details/0548a24a9bf8d7a0,L,Decision - Unanimous,3,5:00,0,11 of 26,13 of 28,0 of 2,0,0,1:14,0,15 of 40,15 of 40,0 of 0,0,0,0:05,8 of 22,1 of 1,2 of 3,11 of 25,0 of 1,0 of 0,9 of 31,3 of 4,3 of 5,13 of 38,2 of 2,0 of 0,0,15 of 38,15 of 38,0 of 2,0,0,0:05,0,31 of 70,31 of 70,0 of 0,0,0,0:02,0,10 of 38,11 of 39,0 of 4,0,0,0:51,0,26 of 54,27 of 55,1 of 1,0,0,0:20,,,,,,,,,,,,,,,,,,,,,,,,,,,,,10 of 33,3 of 3,2 of 2,14 of 36,1 of 2,0 of 0,30 of 67,1 of 2,0 of 1,29 of 67,2 of 3,0 of 0,10 of 38,0 of 0,0 of 0,10 of 38,0 of 0,0 of 0,20 of 47,1 of 2,5 of 5,26 of 54,0 of 0,0 of 0,,,,,,,,,,,,,,,,,,,,,,,,
"July 01, 2023",Ismael Bonfim,Benoit Saint Denis,http://ufcstats.com/fight-details/cd137988da724076,L,Submission,1,4:48,0,14 of 24,15 of 26,0 of 0,0,0,0:10,0,13 of 33,35 of 58,2 of 7,2,0,2:57,9 of 19,2 of 2,3 of 3,8 of 18,5 of 5,1 of 1,3 of 18,10 of 15,0 of 0,11 of 29,2 of 4,0 of 0,,,,,,,,,,,,,,,,,,,,,,,,,,,,,,,,,,,,,,,,,,,,,,,,,,,,,,,,,,,,,,,,,,,,,,,,,,,,,,,,,,,,,,,,,,,,,,,,,,,,,,,,
"July 01, 2023",Brunno Ferreira,Nursulton Ruziboev,http://ufcstats.com/fight-details/288f7fb936c1523c,L,KO/TKO,1,1:17,0,3 of 5,3 of 5,0 of 0,0,0,0:00,0,6 of 9,6 of 9,1 of 1,0,0,0:01,0 of 0,0 of 1,3 of 4,3 of 5,0 of 0,0 of 0,5 of 8,0 of 0,1 of 1,3 of 5,0 of 0,3 of 4,,,,,,,,,,,,,,,,,,,,,,,,,,,,,,,,,,,,,,,,,,,,,,,,,,,,,,,,,,,,,,,,,,,,,,,,,,,,,,,,,,,,,,,,,,,,,,,,,,,,,,,,
"July 01, 2023",Joanderson Brito,Westin Wilson,http://ufcstats.com/fight-details/f5a6acc99bc5c634,W,KO/TKO,1,2:54,0,22 of 30,24 of 32,1 of 1,0,0,2:08,0,4 of 8,14 of 18,0 of 0,2,0,0:00,21 of 28,1 of 1,0 of 1,5 of 10,3 of 3,14 of 17,0 of 3,3 of 4,1 of 1,3 of 7,1 of 1,0 of 0,,,,,,,,,,,,,,,,,,,,,,,,,,,,,,,,,,,,,,,,,,,,,,,,,,,,,,,,,,,,,,,,,,,,,,,,,,,,,,,,,,,,,,,,,,,,,,,,,,,,,,,,
"June 24, 2023",Amanda Ribas,Maycee Barber,http://ufcstats.com/fight-details/07cb64236ae7aaea,L,KO/TKO,2,3:42,0,22 of 42,26 of 47,1 of 1,0,0,1:13,0,35 of 62,41 of 70,0 of 0,0,0,1:14,11 of 27,6 of 9,5 of 6,19 of 38,3 of 4,0 of 0,28 of 55,1 of 1,6 of 6,14 of 28,2 of 5,19 of 29,0,13 of 32,17 of 38,1 of 2,0,0,1:12,0,46 of 62,52 of 69,0 of 1,0,0,0:08,,,,,,,,,,,,,,,,,,,,,,,,,,,,,,,,,,,,,,,,,,,10 of 25,1 of 5,2 of 2,11 of 30,2 of 2,0 of 0,42 of 53,4 of 9,0 of 0,18 of 32,4 of 4,24 of 26,,,,,,,,,,,,,,,,,,,,,,,,,,,,,,,,,,,,
"June 24, 2023",Austen Lane,Justin Tafa,http://ufcstats.com/fight-details/2874ea5d2f783e23,NC,Could Not Continue,1,0:29,0,3 of 5,3 of 5,0 of 0,0,0,0:00,0,0 of 3,0 of 3,0 of 0,0,0,0:00,1 of 3,2 of 2,0 of 0,3 of 5,0 of 0,0 of 0,0 of 3,0 of 0,0 of 0,0 of 3,0 of 0,0 of 0,,,,,,,,,,,,,,,,,,,,,,,,,,,,,,,,,,,,,,,,,,,,,,,,,,,,,,,,,,,,,,,,,,,,,,,,,,,,,,,,,,,,,,,,,,,,,,,,,,,,,,,,
"June 24, 2023",Brendan Allen,Bruno Silva,http://ufcstats.com/fight-details/9124740fe7816d70,W,Submission,1,4:39,1,30 of 56,40 of 69,0 of 2,1,0,2:29,0,20 of 38,24 of 42,0 of 0,0,0,0:02,24 of 49,5 of 6,1 of 1,15 of 32,5 of 5,10 of 19,17 of 33,3 of 5,0 of 0,16 of 33,4 of 5,0 of 0,,,,,,,,,,,,,,,,,,,,,,,,,,,,,,,,,,,,,,,,,,,,,,,,,,,,,,,,,,,,,,,,,,,,,,,,,,,,,,,,,,,,,,,,,,,,,,,,,,,,,,,,
"June 24, 2023",Mateusz Rebecki,Loik Radzhabov,http://ufcstats.com/fight-details/8b296724a6844865,W,KO/TKO,2,2:36,0,28 of 54,35 of 64,1 of 1,1,0,1:53,0,10 of 30,10 of 30,0 of 0,0,0,0:03,13 of 33,8 of 13,7 of 8,28 of 54,0 of 0,0 of 0,7 of 26,3 of 4,0 of 0,10 of 30,0 of 0,0 of 0,2,26 of 41,29 of 46,0 of 0,0,0,0:04,0,9 of 24,9 of 24,0 of 0,0,0,0:00,,,,,,,,,,,,,,,,,,,,,,,,,,,,,,,,,,,,,,,,,,,11 of 25,4 of 4,11 of 12,26 of 41,0 of 0,0 of 0,9 of 24,0 of 0,0 of 0,9 of 24,0 of 0,0 of 0,,,,,,,,,,,,,,,,,,,,,,,,,,,,,,,,,,,,
"June 24, 2023",Trevor Peek,Chepe Mariscal,http://ufcstats.com/fight-details/f18d44292036d5de,L,Decision - Unanimous,3,5:00,0,24 of 59,29 of 64,0 of 0,0,0,0:20,0,26 of 51,45 of 71,3 of 4,1,0,1:49,14 of 45,8 of 12,2 of 2,19 of 50,5 of 9,0 of 0,18 of 41,4 of 6,4 of 4,12 of 32,7 of 8,7 of 11,0,13 of 22,16 of 26,0 of 0,0,1,0:52,0,12 of 17,44 of 54,1 of 4,0,1,2:33,0,14 of 44,20 of 50,0 of 0,0,0,0:11,0,33 of 49,56 of 78,0 of 4,0,0,1:07,,,,,,,,,,,,,,,,,,,,,,,,,,,,,6 of 12,7 of 10,0 of 0,6 of 12,7 of 10,0 of 0,6 of 11,4 of 4,2 of 2,4 of 6,5 of 6,3 of 5,5 of 34,8 of 9,1 of 1,14 of 43,0 of 1,0 of 0,27 of 42,3 of 4,3 of 3,25 of 40,8 of 9,0 of 0,,,,,,,,,,,,,,,,,,,,,,,,
"June 24, 2023",Jamall Emmers,Jack Jenkins,http://ufcstats.com/fight-details/fcc1191761e365f9,L,Decision - Split,3,5:00,0,21 of 69,21 of 69,0 of 1,0,0,0:00,0,20 of 40,20 of 40,0 of 0,0,0,0:00,6 of 40,10 of 21,5 of 8,20 of 67,1 of 2,0 of 0,8 of 20,7 of 9,5 of 11,19 of 38,1 of 2,0 of 0,0,28 of 71,29 of 73,0 of 0,0,1,0:08,0,31 of 61,31 of 61,1 of 1,0,0,0:10,0,8 of 15,26 of 43,1 of 5,0,1,4:09,0,8 of 18,34 of 53,0 of 0,0,0,0:05,,,,,,,,,,,,,,,,,,,,,,,,,,,,,13 of 44,7 of 16,8 of 11,27 of 70,0 of 0,1 of 1,12 of 32,6 of 11,13 of 18,31 of 61,0 of 0,0 of 0,7 of 14,1 of 1,0 of 0,4 of 9,0 of 1,4 of 5,6 of 15,1 of 1,1 of 2,3 of 11,0 of 0,5 of 7,,,,,,,,,,,,,,,,,,,,,,,,
"June 24, 2023",Cody Brundage,Sedriques Dumas,http://ufcstats.com/fight-details/7b909acede0a26eb,L,Decision - Unanimous,3,5:00,0,1 of 1,13 of 15,1 of 1,0,1,0:19,0,11 of 14,41 of 50,0 of 0,0,2,4:34,0 of 0,0 of 0,1 of 1,1 of 1,0 of 0,0 of 0,10 of 13,1 of 1,0 of 0,0 of 1,0 of 0,11 of 13,0,0 of 6,4 of 10,0 of 1,0,0,0:00,0,4 of 4,14 of 19,0 of 0,0,0,3:41,0,2 of 3,14 of 18,1 of 2,1,0,1:34,0,2 of 4,22 of 27,0 of 0,0,0,2:53,,,,,,,,,,,,,,,,,,,,,,,,,,,,,0 of 3,0 of 1,0 of 2,0 of 6,0 of 0,0 of 0,2 of 2,0 of 0,2 of 2,2 of 2,0 of 0,2 of 2,2 of 3,0 of 0,0 of 0,2 of 3,0 of 0,0 of 0,1 of 2,1 of 2,0 of 0,1 of 3,1 of 1,0 of 0,,,,,,,,,,,,,,,,,,,,,,,,
"June 17, 2023",Armen Petrosyan,Christian Leroy Duncan,http://ufcstats.com/fight-details/5d9b84493f1ed114,W,Decision - Unanimous,3,5:00,0,37 of 66,37 of 66,0 of 1,0,0,0:00,0,27 of 51,27 of 51,0 of 0,0,0,0:00,10 of 30,6 of 10,21 of 26,36 of 64,1 of 2,0 of 0,10 of 29,6 of 8,11 of 14,27 of 51,0 of 0,0 of 0,0,36 of 62,46 of 73,0 of 0,0,0,1:04,0,20 of 43,25 of 48,0 of 3,0,0,0:41,0,16 of 28,28 of 40,1 of 1,0,0,2:17,0,12 of 28,21 of 37,0 of 0,0,0,0:28,,,,,,,,,,,,,,,,,,,,,,,,,,,,,19 of 42,8 of 10,9 of 10,26 of 50,9 of 10,1 of 2,6 of 24,2 of 6,12 of 13,20 of 43,0 of 0,0 of 0,8 of 18,1 of 2,7 of 8,15 of 25,0 of 2,1 of 1,7 of 19,0 of 2,5 of 7,11 of 27,0 of 0,1 of 1,,,,,,,,,,,,,,,,,,,,,,,,
"June 17, 2023",Pat Sabatini,Lucas Almeida,http://ufcstats.com/fight-details/76fd6919d828d5c2,W,Submission,2,1:48,0,23 of 31,81 of 90,1 of 1,0,0,4:50,0,0 of 1,1 of 2,0 of 0,0,0,0:00,23 of 30,0 of 1,0 of 0,0 of 1,0 of 0,23 of 30,0 of 1,0 of 0,0 of 0,0 of 1,0 of 0,0 of 0,0,4 of 4,7 of 7,1 of 2,1,0,1:37,0,2 of 3,2 of 3,0 of 0,0,0,0:00,,,,,,,,,,,,,,,,,,,,,,,,,,,,,,,,,,,,,,,,,,,2 of 2,1 of 1,1 of 1,1 of 1,2 of 2,1 of 1,0 of 1,1 of 1,1 of 1,1 of 2,1 of 1,0 of 0,,,,,,,,,,,,,,,,,,,,,,,,,,,,,,,,,,,,
"June 17, 2023",Manuel Torres,Nikolas Motta,http://ufcstats.com/fight-details/98458778348ea5d7,W,KO/TKO,1,1:50,1,13 of 17,13 of 17,0 of 0,0,0,0:01,0,7 of 14,7 of 14,0 of 0,0,0,0:00,3 of 7,6 of 6,4 of 4,12 of 16,0 of 0,1 of 1,3 of 10,1 of 1,3 of 3,7 of 14,0 of 0,0 of 0,,,,,,,,,,,,,,,,,,,,,,,,,,,,,,,,,,,,,,,,,,,,,,,,,,,,,,,,,,,,,,,,,,,,,,,,,,,,,,,,,,,,,,,,,,,,,,,,,,,,,,,,
"June 17, 2023",Jimmy Flick,Alessandro Costa,http://ufcstats.com/fight-details/bc1be168c064f028,L,KO/TKO,2,1:03,0,14 of 36,14 of 36,0 of 3,0,0,0:14,1,54 of 77,54 of 77,0 of 0,0,0,0:16,6 of 26,5 of 7,3 of 3,14 of 36,0 of 0,0 of 0,27 of 45,12 of 15,15 of 17,53 of 75,0 of 0,1 of 2,0,0 of 1,0 of 1,0 of 1,0,0,0:00,0,11 of 14,11 of 15,0 of 0,0,0,0:34,,,,,,,,,,,,,,,,,,,,,,,,,,,,,,,,,,,,,,,,,,,0 of 1,0 of 0,0 of 0,0 of 1,0 of 0,0 of 0,10 of 13,0 of 0,1 of 1,1 of 1,0 of 0,10 of 13,,,,,,,,,,,,,,,,,,,,,,,,,,,,,,,,,,,,
"June 17, 2023",Carlos Hernandez,Denys Bondar,http://ufcstats.com/fight-details/8ea12c7360fa0f6b,W,Decision - Unanimous,3,4:59,0,35 of 71,36 of 72,0 of 2,0,0,0:09,0,22 of 48,22 of 48,0 of 1,0,0,0:09,28 of 62,6 of 8,1 of 1,29 of 65,6 of 6,0 of 0,6 of 28,12 of 16,4 of 4,17 of 40,5 of 8,0 of 0,0,27 of 82,31 of 86,0 of 2,0,0,0:08,0,33 of 61,34 of 62,1 of 2,0,0,0:14,0,40 of 80,41 of 81,2 of 3,0,0,0:23,0,21 of 61,26 of 66,1 of 2,0,0,0:06,,,,,,,,,,,,,,,,,,,,,,,,,,,,,23 of 76,4 of 6,0 of 0,22 of 77,5 of 5,0 of 0,20 of 43,11 of 15,2 of 3,30 of 57,2 of 3,1 of 1,36 of 75,2 of 3,2 of 2,27 of 67,6 of 6,7 of 7,11 of 50,6 of 7,4 of 4,21 of 60,0 of 1,0 of 0,,,,,,,,,,,,,,,,,,,,,,,,
"June 17, 2023",Tereza Bleda,Gabriella Fernandes,http://ufcstats.com/fight-details/9cfb84817a43b63c,W,Decision - Unanimous,3,5:00,0,13 of 35,56 of 84,1 of 2,0,0,3:02,0,6 of 13,9 of 16,0 of 0,0,0,0:00,5 of 21,3 of 7,5 of 7,7 of 29,2 of 2,4 of 4,1 of 8,2 of 2,3 of 3,6 of 13,0 of 0,0 of 0,0,14 of 21,38 of 47,1 of 4,0,0,4:29,0,2 of 4,16 of 19,0 of 0,0,0,0:10,0,30 of 43,87 of 104,1 of 4,0,0,3:20,0,15 of 30,22 of 37,0 of 0,0,0,0:00,,,,,,,,,,,,,,,,,,,,,,,,,,,,,9 of 14,5 of 6,0 of 1,0 of 6,5 of 5,9 of 10,0 of 2,0 of 0,2 of 2,2 of 4,0 of 0,0 of 0,24 of 35,4 of 5,2 of 3,10 of 21,0 of 0,20 of 22,10 of 24,3 of 4,2 of 2,14 of 28,1 of 2,0 of 0,,,,,,,,,,,,,,,,,,,,,,,,
"June 17, 2023",Dan Argueta,Ronnie Lawrence,http://ufcstats.com/fight-details/9a2d3ebab827d333,NC,Overturned,1,2:20,0,4 of 4,12 of 12,1 of 1,2,1,2:08,0,1 of 2,2 of 3,0 of 0,0,0,0:03,3 of 3,1 of 1,0 of 0,1 of 1,0 of 0,3 of 3,0 of 1,0 of 0,1 of 1,1 of 2,0 of 0,0 of 0,,,,,,,,,,,,,,,,,,,,,,,,,,,,,,,,,,,,,,,,,,,,,,,,,,,,,,,,,,,,,,,,,,,,,,,,,,,,,,,,,,,,,,,,,,,,,,,,,,,,,,,,
"June 10, 2023",Mike Malott,Adam Fugitt,http://ufcstats.com/fight-details/e9d5ffcacf7d8757,W,Submission,2,1:06,0,14 of 33,14 of 33,2 of 2,0,0,1:19,0,7 of 23,14 of 30,0 of 0,0,0,0:02,7 of 25,7 of 7,0 of 1,14 of 33,0 of 0,0 of 0,2 of 15,4 of 6,1 of 2,7 of 23,0 of 0,0 of 0,1,5 of 8,5 of 8,0 of 0,1,1,0:07,0,2 of 5,2 of 5,0 of 0,0,0,0:05,,,,,,,,,,,,,,,,,,,,,,,,,,,,,,,,,,,,,,,,,,,2 of 4,3 of 3,0 of 1,5 of 8,0 of 0,0 of 0,0 of 2,2 of 3,0 of 0,2 of 5,0 of 0,0 of 0,,,,,,,,,,,,,,,,,,,,,,,,,,,,,,,,,,,,
"June 10, 2023",Dan Ige,Nate Landwehr,http://ufcstats.com/fight-details/46c67efd68a0b15d,W,Decision - Unanimous,3,5:00,0,14 of 45,14 of 45,0 of 0,0,0,0:00,0,12 of 44,12 of 44,0 of 2,0,0,0:00,8 of 34,4 of 7,2 of 4,14 of 45,0 of 0,0 of 0,9 of 33,1 of 7,2 of 4,9 of 40,3 of 4,0 of 0,1,41 of 78,41 of 78,0 of 0,0,0,0:22,0,30 of 69,30 of 69,0 of 1,0,0,0:00,0,33 of 61,33 of 61,0 of 0,0,0,0:19,0,32 of 82,32 of 82,0 of 1,0,0,0:26,,,,,,,,,,,,,,,,,,,,,,,,,,,,,28 of 59,10 of 16,3 of 3,34 of 68,3 of 3,4 of 7,20 of 57,7 of 8,3 of 4,23 of 59,6 of 7,1 of 3,25 of 50,5 of 8,3 of 3,30 of 56,3 of 5,0 of 0,25 of 71,5 of 9,2 of 2,23 of 69,9 of 13,0 of 0,,,,,,,,,,,,,,,,,,,,,,,,
"June 10, 2023",Nassourdine Imavov,Chris Curtis,http://ufcstats.com/fight-details/96eaf07b34538b8b,NC,Could Not Continue,2,3:04,0,29 of 36,31 of 38,3 of 4,1,0,2:07,0,15 of 32,20 of 37,0 of 0,0,0,0:00,11 of 16,4 of 6,14 of 14,28 of 35,1 of 1,0 of 0,1 of 12,5 of 10,9 of 10,15 of 31,0 of 1,0 of 0,0,28 of 48,28 of 48,0 of 0,0,0,0:15,0,11 of 29,14 of 32,0 of 0,0,0,0:00,,,,,,,,,,,,,,,,,,,,,,,,,,,,,,,,,,,,,,,,,,,16 of 32,4 of 6,8 of 10,26 of 45,2 of 3,0 of 0,3 of 16,3 of 8,5 of 5,11 of 29,0 of 0,0 of 0,,,,,,,,,,,,,,,,,,,,,,,,,,,,,,,,,,,,
"June 10, 2023",Miranda Maverick,Jasmine Jasudavicius,http://ufcstats.com/fight-details/47a5d4bb68352055,L,Decision - Unanimous,3,5:00,0,20 of 27,25 of 32,0 of 1,0,0,0:07,0,10 of 23,18 of 42,1 of 1,0,0,2:48,5 of 12,9 of 9,6 of 6,13 of 20,7 of 7,0 of 0,6 of 19,4 of 4,0 of 0,6 of 19,4 of 4,0 of 0,0,15 of 30,15 of 30,0 of 1,0,0,0:00,0,12 of 33,47 of 81,0 of 0,0,0,3:21,0,28 of 70,28 of 70,0 of 1,0,0,0:00,0,45 of 102,50 of 112,0 of 0,0,0,1:26,,,,,,,,,,,,,,,,,,,,,,,,,,,,,9 of 23,2 of 2,4 of 5,15 of 30,0 of 0,0 of 0,7 of 28,5 of 5,0 of 0,7 of 28,5 of 5,0 of 0,19 of 59,6 of 7,3 of 4,28 of 70,0 of 0,0 of 0,39 of 93,6 of 9,0 of 0,40 of 91,4 of 9,1 of 2,,,,,,,,,,,,,,,,,,,,,,,,
"June 10, 2023",Kyle Nelson,Blake Bilder,http://ufcstats.com/fight-details/7ee8b91d7f80f8a7,W,Decision - Unanimous,3,5:00,0,19 of 47,28 of 56,0 of 0,0,0,1:18,0,22 of 51,42 of 71,0 of 1,0,0,0:22,10 of 33,6 of 11,3 of 3,17 of 45,2 of 2,0 of 0,15 of 44,0 of 0,7 of 7,22 of 50,0 of 1,0 of 0,0,19 of 39,23 of 43,0 of 0,0,0,0:00,0,12 of 30,12 of 30,0 of 1,0,0,1:14,0,21 of 40,32 of 51,0 of 1,0,0,1:03,0,11 of 39,30 of 58,0 of 1,0,0,1:09,,,,,,,,,,,,,,,,,,,,,,,,,,,,,8 of 24,5 of 8,6 of 7,19 of 39,0 of 0,0 of 0,4 of 20,1 of 2,7 of 8,12 of 30,0 of 0,0 of 0,6 of 19,9 of 12,6 of 9,21 of 40,0 of 0,0 of 0,7 of 32,1 of 2,3 of 5,11 of 39,0 of 0,0 of 0,,,,,,,,,,,,,,,,,,,,,,,,
"June 03, 2023",Tim Elliott,Victor Altamirano,http://ufcstats.com/fight-details/913d8a35095591d5,W,Decision - Unanimous,3,5:00,0,9 of 14,44 of 76,2 of 2,0,0,4:43,0,2 of 8,47 of 67,0 of 0,0,0,0:00,8 of 13,1 of 1,0 of 0,0 of 0,0 of 0,9 of 14,0 of 5,1 of 2,1 of 1,2 of 6,0 of 2,0 of 0,0,5 of 9,49 of 60,2 of 3,0,0,3:08,0,7 of 13,35 of 46,1 of 1,0,0,1:04,0,14 of 34,60 of 101,2 of 2,0,0,3:22,0,10 of 18,20 of 29,0 of 0,0,0,0:00,,,,,,,,,,,,,,,,,,,,,,,,,,,,,4 of 7,1 of 2,0 of 0,1 of 5,2 of 2,2 of 2,4 of 10,2 of 2,1 of 1,6 of 11,1 of 2,0 of 0,10 of 28,2 of 3,2 of 3,5 of 16,2 of 2,7 of 16,6 of 13,3 of 4,1 of 1,7 of 14,3 of 4,0 of 0,,,,,,,,,,,,,,,,,,,,,,,,
"June 03, 2023",Andrei Arlovski,Don'Tale Mayes,http://ufcstats.com/fight-details/5459c3bb88d031f9,L,KO/TKO,2,3:17,0,14 of 25,16 of 27,0 of 0,0,0,0:00,0,8 of 47,11 of 51,0 of 1,0,0,0:00,5 of 12,5 of 6,4 of 7,14 of 25,0 of 0,0 of 0,5 of 33,1 of 7,2 of 7,7 of 45,1 of 1,0 of 1,0,10 of 31,10 of 31,0 of 0,0,0,0:00,1,17 of 40,17 of 40,0 of 0,0,0,0:02,,,,,,,,,,,,,,,,,,,,,,,,,,,,,,,,,,,,,,,,,,,5 of 24,4 of 4,1 of 3,10 of 31,0 of 0,0 of 0,9 of 25,3 of 7,5 of 8,15 of 37,0 of 0,2 of 3,,,,,,,,,,,,,,,,,,,,,,,,,,,,,,,,,,,,
"June 03, 2023",John Castaneda,Muin Gafurov,http://ufcstats.com/fight-details/c98f62eb74e69bcb,W,Decision - Unanimous,3,5:00,1,18 of 32,25 of 40,0 of 0,0,0,0:51,0,21 of 44,21 of 44,0 of 3,0,0,0:11,11 of 21,2 of 5,5 of 6,16 of 29,0 of 0,2 of 3,14 of 33,4 of 7,3 of 4,17 of 37,4 of 7,0 of 0,0,15 of 40,25 of 51,1 of 3,0,0,0:40,0,29 of 86,44 of 103,0 of 1,0,0,1:14,0,7 of 16,20 of 30,2 of 3,0,0,2:45,0,11 of 27,28 of 57,0 of 2,0,0,0:30,,,,,,,,,,,,,,,,,,,,,,,,,,,,,14 of 38,1 of 2,0 of 0,15 of 40,0 of 0,0 of 0,23 of 78,5 of 7,1 of 1,20 of 71,9 of 15,0 of 0,5 of 14,1 of 1,1 of 1,6 of 14,1 of 2,0 of 0,8 of 24,2 of 2,1 of 1,10 of 24,1 of 3,0 of 0,,,,,,,,,,,,,,,,,,,,,,,,
"June 03, 2023",Jamie Mullarkey,Muhammad Naimov,http://ufcstats.com/fight-details/ad7bd4b3ee923498,L,KO/TKO,2,2:59,0,23 of 45,24 of 46,2 of 6,0,0,1:41,0,16 of 35,18 of 37,0 of 1,0,0,0:00,5 of 24,11 of 14,7 of 7,15 of 34,8 of 10,0 of 1,7 of 24,4 of 6,5 of 5,13 of 31,3 of 4,0 of 0,0,16 of 26,16 of 27,1 of 2,0,0,0:47,1,12 of 35,12 of 35,0 of 0,0,0,0:01,,,,,,,,,,,,,,,,,,,,,,,,,,,,,,,,,,,,,,,,,,,10 of 19,3 of 4,3 of 3,12 of 22,4 of 4,0 of 0,10 of 32,1 of 2,1 of 1,7 of 29,0 of 1,5 of 5,,,,,,,,,,,,,,,,,,,,,,,,,,,,,,,,,,,,
"May 20, 2023",Edmen Shahbazyan,Anthony Hernandez,http://ufcstats.com/fight-details/3638ee66c7d34fe0,L,KO/TKO,3,1:01,0,25 of 42,27 of 45,1 of 1,1,0,0:23,0,15 of 27,17 of 30,2 of 8,2,0,2:29,17 of 34,7 of 7,1 of 1,13 of 27,10 of 13,2 of 2,13 of 24,1 of 1,1 of 2,7 of 19,6 of 6,2 of 2,0,4 of 8,5 of 9,0 of 0,0,0,0:18,0,28 of 39,39 of 50,3 of 6,2,0,3:54,0,1 of 1,1 of 1,0 of 0,0,0,0:00,0,20 of 22,21 of 25,1 of 1,0,0,0:48,,,,,,,,,,,,,,,,,,,,,,,,,,,,,4 of 8,0 of 0,0 of 0,3 of 7,1 of 1,0 of 0,22 of 33,3 of 3,3 of 3,7 of 13,2 of 2,19 of 24,0 of 0,1 of 1,0 of 0,1 of 1,0 of 0,0 of 0,20 of 22,0 of 0,0 of 0,1 of 1,0 of 0,19 of 21,,,,,,,,,,,,,,,,,,,,,,,,
"May 20, 2023",Maheshate,Viacheslav Borshchev,http://ufcstats.com/fight-details/49bd9a2f1fbebd1f,L,KO/TKO,2,2:37,0,22 of 70,23 of 71,0 of 1,0,0,0:00,1,57 of 100,57 of 100,0 of 0,0,0,0:05,17 of 63,1 of 3,4 of 4,21 of 67,1 of 3,0 of 0,23 of 64,11 of 12,23 of 24,49 of 81,7 of 12,1 of 7,0,10 of 39,10 of 39,0 of 1,0,0,0:00,2,28 of 48,28 of 48,0 of 0,0,0,0:04,,,,,,,,,,,,,,,,,,,,,,,,,,,,,,,,,,,,,,,,,,,9 of 37,0 of 0,1 of 2,8 of 32,2 of 7,0 of 0,17 of 35,6 of 7,5 of 6,20 of 37,4 of 6,4 of 5,,,,,,,,,,,,,,,,,,,,,,,,,,,,,,,,,,,,
"May 20, 2023",Karolina Kowalkiewicz,Vanessa Demopoulos,http://ufcstats.com/fight-details/33007109c9ca1ede,W,Decision - Unanimous,3,5:00,0,42 of 84,42 of 84,0 of 0,0,0,0:23,0,28 of 71,36 of 79,0 of 1,0,0,0:00,33 of 73,7 of 8,2 of 3,37 of 77,5 of 7,0 of 0,20 of 62,4 of 5,4 of 4,25 of 66,3 of 5,0 of 0,0,55 of 82,56 of 84,0 of 0,0,0,0:00,0,22 of 86,22 of 86,0 of 2,0,0,0:00,0,42 of 71,50 of 81,0 of 0,0,0,1:29,0,18 of 64,25 of 72,0 of 1,0,0,0:00,,,,,,,,,,,,,,,,,,,,,,,,,,,,,30 of 55,16 of 17,9 of 10,55 of 82,0 of 0,0 of 0,13 of 71,7 of 13,2 of 2,22 of 86,0 of 0,0 of 0,31 of 59,7 of 8,4 of 4,42 of 71,0 of 0,0 of 0,16 of 57,2 of 5,0 of 2,18 of 64,0 of 0,0 of 0,,,,,,,,,,,,,,,,,,,,,,,,
"May 20, 2023",Orion Cosce,Gilbert Urbina,http://ufcstats.com/fight-details/7d583e4002622848,L,KO/TKO,2,2:55,0,10 of 18,22 of 34,0 of 0,0,0,0:05,0,34 of 47,83 of 104,2 of 2,1,0,3:06,7 of 15,1 of 1,2 of 2,8 of 15,1 of 2,1 of 1,23 of 34,9 of 10,2 of 3,11 of 21,3 of 3,20 of 23,0,6 of 14,6 of 14,0 of 0,0,0,0:00,1,17 of 35,17 of 35,0 of 0,0,0,0:00,,,,,,,,,,,,,,,,,,,,,,,,,,,,,,,,,,,,,,,,,,,2 of 8,2 of 4,2 of 2,6 of 14,0 of 0,0 of 0,8 of 22,3 of 6,6 of 7,16 of 34,1 of 1,0 of 0,,,,,,,,,,,,,,,,,,,,,,,,,,,,,,,,,,,,
"May 20, 2023",Ilir Latifi,Rodrigo Nascimento,http://ufcstats.com/fight-details/fb70b62915fdcec6,L,Decision - Split,3,5:00,0,28 of 44,28 of 44,0 of 1,0,0,0:00,0,34 of 73,34 of 73,0 of 0,0,0,0:00,8 of 20,13 of 16,7 of 8,27 of 42,1 of 2,0 of 0,26 of 60,7 of 12,1 of 1,29 of 68,5 of 5,0 of 0,0,11 of 17,38 of 45,1 of 1,0,0,2:12,0,15 of 36,17 of 38,0 of 0,0,0,0:00,0,10 of 16,10 of 16,1 of 5,0,0,1:38,0,19 of 43,25 of 49,0 of 0,0,0,0:00,,,,,,,,,,,,,,,,,,,,,,,,,,,,,5 of 10,3 of 3,3 of 4,9 of 14,0 of 1,2 of 2,10 of 28,1 of 2,4 of 6,14 of 35,1 of 1,0 of 0,7 of 12,2 of 3,1 of 1,10 of 16,0 of 0,0 of 0,15 of 34,2 of 7,2 of 2,18 of 42,1 of 1,0 of 0,,,,,,,,,,,,,,,,,,,,,,,,
"May 20, 2023",Chase Hooper,Nick Fiore,http://ufcstats.com/fight-details/eca400aeeb2763d1,W,Decision - Unanimous,3,5:00,0,60 of 101,68 of 112,0 of 3,0,0,0:55,0,17 of 32,20 of 35,1 of 3,0,0,1:32,44 of 84,11 of 12,5 of 5,35 of 61,22 of 36,3 of 4,17 of 32,0 of 0,0 of 0,12 of 25,4 of 6,1 of 1,0,56 of 90,74 of 112,0 of 5,1,0,0:54,0,15 of 31,16 of 32,2 of 2,0,0,1:36,0,33 of 54,75 of 116,1 of 2,0,1,2:05,0,19 of 27,22 of 31,1 of 3,0,0,1:39,,,,,,,,,,,,,,,,,,,,,,,,,,,,,43 of 76,12 of 13,1 of 1,36 of 57,17 of 29,3 of 4,14 of 30,1 of 1,0 of 0,12 of 25,2 of 4,1 of 2,23 of 43,8 of 9,2 of 2,26 of 42,3 of 8,4 of 4,18 of 26,0 of 0,1 of 1,10 of 16,5 of 7,4 of 4,,,,,,,,,,,,,,,,,,,,,,,,
"May 20, 2023",Natalia Silva,Victoria Leonardo,http://ufcstats.com/fight-details/744cbe6e49d4f41c,W,KO/TKO,1,2:58,1,20 of 45,21 of 46,0 of 0,0,0,0:16,0,7 of 18,7 of 18,0 of 1,0,0,0:00,16 of 41,2 of 2,2 of 2,20 of 44,0 of 0,0 of 1,6 of 14,0 of 3,1 of 1,7 of 18,0 of 0,0 of 0,,,,,,,,,,,,,,,,,,,,,,,,,,,,,,,,,,,,,,,,,,,,,,,,,,,,,,,,,,,,,,,,,,,,,,,,,,,,,,,,,,,,,,,,,,,,,,,,,,,,,,,,
"May 13, 2023",Jairzinho Rozenstruik,Jailton Almeida,http://ufcstats.com/fight-details/755202fce24b8f83,L,Submission,1,3:43,0,0 of 2,3 of 6,0 of 0,0,0,0:00,0,4 of 7,14 of 19,1 of 2,1,0,3:09,0 of 2,0 of 0,0 of 0,0 of 2,0 of 0,0 of 0,3 of 5,1 of 2,0 of 0,0 of 2,0 of 0,4 of 5,,,,,,,,,,,,,,,,,,,,,,,,,,,,,,,,,,,,,,,,,,,,,,,,,,,,,,,,,,,,,,,,,,,,,,,,,,,,,,,,,,,,,,,,,,,,,,,,,,,,,,,,
"May 13, 2023",Daniel Rodriguez,Ian Machado Garry,http://ufcstats.com/fight-details/b0f4c7788782e26e,L,KO/TKO,1,2:57,0,7 of 25,7 of 25,0 of 0,0,0,0:00,1,23 of 46,23 of 46,0 of 0,0,0,0:10,2 of 17,2 of 5,3 of 3,7 of 25,0 of 0,0 of 0,19 of 42,4 of 4,0 of 0,12 of 28,0 of 0,11 of 18,,,,,,,,,,,,,,,,,,,,,,,,,,,,,,,,,,,,,,,,,,,,,,,,,,,,,,,,,,,,,,,,,,,,,,,,,,,,,,,,,,,,,,,,,,,,,,,,,,,,,,,,
"May 13, 2023",Carlos Ulberg,Ihor Potieria,http://ufcstats.com/fight-details/dae2484418631ff5,W,KO/TKO,1,2:09,1,13 of 21,13 of 21,0 of 0,0,0,0:08,0,5 of 9,5 of 9,0 of 1,0,0,0:00,11 of 18,1 of 1,1 of 2,5 of 11,0 of 0,8 of 10,1 of 4,0 of 0,4 of 5,5 of 9,0 of 0,0 of 0,,,,,,,,,,,,,,,,,,,,,,,,,,,,,,,,,,,,,,,,,,,,,,,,,,,,,,,,,,,,,,,,,,,,,,,,,,,,,,,,,,,,,,,,,,,,,,,,,,,,,,,,
"May 13, 2023",Karl Williams,Chase Sherman,http://ufcstats.com/fight-details/3387f430abb7e39f,W,Decision - Unanimous,3,5:00,0,19 of 43,34 of 69,1 of 3,0,0,1:41,0,11 of 39,17 of 45,0 of 0,0,0,0:00,14 of 38,2 of 2,3 of 3,14 of 38,2 of 2,3 of 3,6 of 32,0 of 2,5 of 5,10 of 36,1 of 3,0 of 0,0,23 of 63,23 of 63,0 of 2,0,0,0:23,0,13 of 56,15 of 58,0 of 0,0,0,0:00,0,28 of 59,28 of 59,0 of 5,0,0,0:31,0,30 of 63,32 of 67,0 of 0,0,0,0:12,,,,,,,,,,,,,,,,,,,,,,,,,,,,,17 of 56,2 of 2,4 of 5,23 of 62,0 of 1,0 of 0,5 of 47,1 of 2,7 of 7,13 of 56,0 of 0,0 of 0,22 of 53,2 of 2,4 of 4,28 of 59,0 of 0,0 of 0,15 of 45,9 of 11,6 of 7,23 of 56,7 of 7,0 of 0,,,,,,,,,,,,,,,,,,,,,,,,
"May 06, 2023",Movsar Evloev,Diego Lopes,http://ufcstats.com/fight-details/069ab7e7b8b5d262,W,Decision - Unanimous,3,5:00,0,16 of 22,65 of 74,1 of 2,0,0,3:34,0,17 of 27,28 of 39,0 of 0,1,0,0:25,14 of 20,1 of 1,1 of 1,6 of 10,1 of 1,9 of 11,13 of 22,0 of 1,4 of 4,10 of 17,0 of 0,7 of 10,0,39 of 66,79 of 107,1 of 1,0,0,2:20,0,10 of 24,10 of 25,0 of 0,0,0,0:00,0,33 of 41,39 of 47,2 of 4,0,0,2:36,0,10 of 18,10 of 18,0 of 0,3,1,0:16,,,,,,,,,,,,,,,,,,,,,,,,,,,,,37 of 63,2 of 2,0 of 1,22 of 46,0 of 0,17 of 20,7 of 20,3 of 4,0 of 0,10 of 23,0 of 0,0 of 1,25 of 33,0 of 0,8 of 8,17 of 25,10 of 10,6 of 6,9 of 15,1 of 3,0 of 0,7 of 15,3 of 3,0 of 0,,,,,,,,,,,,,,,,,,,,,,,,
"May 06, 2023",Drew Dober,Matt Frevola,http://ufcstats.com/fight-details/3f8b4aeb3baf4724,L,KO/TKO,1,4:08,0,20 of 59,20 of 59,0 of 0,0,0,0:00,1,35 of 75,39 of 79,0 of 1,0,0,0:08,12 of 50,8 of 9,0 of 0,19 of 58,1 of 1,0 of 0,26 of 61,6 of 11,3 of 3,22 of 58,1 of 2,12 of 15,,,,,,,,,,,,,,,,,,,,,,,,,,,,,,,,,,,,,,,,,,,,,,,,,,,,,,,,,,,,,,,,,,,,,,,,,,,,,,,,,,,,,,,,,,,,,,,,,,,,,,,,
"May 06, 2023",Kennedy Nzechukwu,Devin Clark,http://ufcstats.com/fight-details/c3ca708aaf4262a7,W,Submission,2,2:28,0,41 of 53,54 of 66,0 of 1,0,0,2:35,0,25 of 37,47 of 65,1 of 3,0,0,0:44,34 of 46,7 of 7,0 of 0,2 of 3,39 of 50,0 of 0,18 of 29,3 of 4,4 of 4,5 of 10,20 of 27,0 of 0,0,21 of 28,25 of 32,0 of 0,1,0,1:07,0,11 of 21,14 of 25,0 of 1,0,0,0:20,,,,,,,,,,,,,,,,,,,,,,,,,,,,,,,,,,,,,,,,,,,10 of 17,11 of 11,0 of 0,7 of 14,14 of 14,0 of 0,7 of 17,4 of 4,0 of 0,8 of 18,3 of 3,0 of 0,,,,,,,,,,,,,,,,,,,,,,,,,,,,,,,,,,,,
"May 06, 2023",Phil Hawes,Ikram Aliskerov,http://ufcstats.com/fight-details/d22de60b7a3d908c,L,KO/TKO,1,2:10,0,17 of 28,17 of 28,0 of 0,0,0,0:00,1,20 of 33,20 of 33,0 of 0,0,0,0:02,4 of 14,10 of 11,3 of 3,17 of 28,0 of 0,0 of 0,13 of 24,6 of 8,1 of 1,19 of 31,1 of 2,0 of 0,,,,,,,,,,,,,,,,,,,,,,,,,,,,,,,,,,,,,,,,,,,,,,,,,,,,,,,,,,,,,,,,,,,,,,,,,,,,,,,,,,,,,,,,,,,,,,,,,,,,,,,,
"May 06, 2023",Joseph Holmes,Claudio Ribeiro,http://ufcstats.com/fight-details/93fb6c7e590487f9,L,KO/TKO,2,3:21,0,12 of 16,15 of 19,1 of 1,0,0,1:36,0,19 of 29,39 of 52,1 of 1,0,0,2:11,3 of 6,3 of 4,6 of 6,8 of 12,4 of 4,0 of 0,18 of 26,0 of 1,1 of 2,5 of 12,0 of 0,14 of 17,0,5 of 8,7 of 10,0 of 1,0,0,0:54,1,18 of 34,21 of 39,0 of 0,0,0,0:56,,,,,,,,,,,,,,,,,,,,,,,,,,,,,,,,,,,,,,,,,,,1 of 4,0 of 0,4 of 4,5 of 8,0 of 0,0 of 0,16 of 31,0 of 0,2 of 3,5 of 12,1 of 2,12 of 20,,,,,,,,,,,,,,,,,,,,,,,,,,,,,,,,,,,,
"April 29, 2023",Caio Borralho,Michal Oleksiejczuk,http://ufcstats.com/fight-details/ecec1b0dd64ca2ae,W,Submission,2,2:49,0,25 of 45,30 of 50,1 of 4,0,0,0:41,0,26 of 55,26 of 55,0 of 1,0,0,0:13,12 of 29,10 of 13,3 of 3,13 of 31,5 of 7,7 of 7,12 of 38,14 of 17,0 of 0,22 of 51,4 of 4,0 of 0,0,9 of 10,22 of 24,2 of 2,1,0,1:58,0,4 of 10,4 of 10,0 of 0,0,0,0:00,,,,,,,,,,,,,,,,,,,,,,,,,,,,,,,,,,,,,,,,,,,7 of 8,0 of 0,2 of 2,5 of 6,0 of 0,4 of 4,1 of 6,3 of 4,0 of 0,4 of 10,0 of 0,0 of 0,,,,,,,,,,,,,,,,,,,,,,,,,,,,,,,,,,,,
"April 29, 2023",Rodolfo Vieira,Cody Brundage,http://ufcstats.com/fight-details/37ae5c09d6f03f33,W,Submission,2,1:28,0,9 of 14,28 of 34,1 of 6,0,0,3:04,1,20 of 28,41 of 50,0 of 0,0,0,1:04,8 of 12,1 of 1,0 of 1,0 of 4,2 of 2,7 of 8,17 of 25,1 of 1,2 of 2,10 of 17,0 of 0,10 of 11,0,1 of 1,2 of 3,0 of 1,2,0,1:15,0,0 of 1,0 of 1,0 of 0,1,0,0:00,,,,,,,,,,,,,,,,,,,,,,,,,,,,,,,,,,,,,,,,,,,0 of 0,1 of 1,0 of 0,1 of 1,0 of 0,0 of 0,0 of 1,0 of 0,0 of 0,0 of 1,0 of 0,0 of 0,,,,,,,,,,,,,,,,,,,,,,,,,,,,,,,,,,,,
"April 29, 2023",Julian Erosa,Fernando Padilla,http://ufcstats.com/fight-details/e0e2c1fc1a178d89,L,KO/TKO,1,1:41,0,15 of 24,15 of 24,0 of 1,0,0,0:00,1,20 of 29,20 of 29,0 of 0,0,0,0:02,9 of 18,1 of 1,5 of 5,15 of 24,0 of 0,0 of 0,17 of 25,2 of 3,1 of 1,19 of 28,0 of 0,1 of 1,,,,,,,,,,,,,,,,,,,,,,,,,,,,,,,,,,,,,,,,,,,,,,,,,,,,,,,,,,,,,,,,,,,,,,,,,,,,,,,,,,,,,,,,,,,,,,,,,,,,,,,,
"April 29, 2023",Marcos Rogerio de Lima,Waldo Cortes Acosta,http://ufcstats.com/fight-details/8dbfbd8f8bd0f00b,W,Decision - Unanimous,3,5:00,0,27 of 34,33 of 40,1 of 2,0,0,1:35,0,20 of 39,23 of 42,0 of 1,0,0,0:34,7 of 11,5 of 7,15 of 16,26 of 32,0 of 0,1 of 2,7 of 24,10 of 11,3 of 4,17 of 36,3 of 3,0 of 0,0,15 of 19,26 of 32,2 of 4,0,0,3:00,0,19 of 37,22 of 40,0 of 0,0,0,0:00,0,17 of 23,17 of 23,0 of 1,0,0,0:26,0,43 of 74,43 of 74,0 of 0,0,0,0:00,,,,,,,,,,,,,,,,,,,,,,,,,,,,,6 of 10,2 of 2,7 of 7,13 of 17,2 of 2,0 of 0,13 of 30,4 of 5,2 of 2,19 of 36,0 of 0,0 of 1,7 of 10,4 of 6,6 of 7,17 of 23,0 of 0,0 of 0,34 of 62,4 of 7,5 of 5,43 of 74,0 of 0,0 of 0,,,,,,,,,,,,,,,,,,,,,,,,
"April 29, 2023",Josh Quinlan,Trey Waters,http://ufcstats.com/fight-details/c02d44564cb006a9,L,Decision - Unanimous,3,5:00,0,12 of 28,12 of 28,1 of 4,0,0,0:54,0,29 of 40,30 of 41,0 of 0,0,0,0:08,5 of 21,0 of 0,7 of 7,8 of 24,2 of 2,2 of 2,23 of 34,4 of 4,2 of 2,27 of 38,1 of 1,1 of 1,0,18 of 41,18 of 41,0 of 2,0,0,0:00,0,35 of 79,35 of 79,0 of 0,0,0,0:00,0,20 of 59,20 of 59,0 of 2,0,0,0:00,0,40 of 84,41 of 85,1 of 2,0,0,0:19,,,,,,,,,,,,,,,,,,,,,,,,,,,,,7 of 29,4 of 5,7 of 7,18 of 41,0 of 0,0 of 0,31 of 73,1 of 3,3 of 3,35 of 79,0 of 0,0 of 0,14 of 52,1 of 2,5 of 5,20 of 59,0 of 0,0 of 0,39 of 82,1 of 2,0 of 0,40 of 84,0 of 0,0 of 0,,,,,,,,,,,,,,,,,,,,,,,,
"April 29, 2023",Martin Buday,Jake Collier,http://ufcstats.com/fight-details/5d11b618f24082dd,W,Decision - Unanimous,3,5:00,0,27 of 51,30 of 54,0 of 0,0,0,0:20,0,45 of 99,48 of 107,0 of 0,0,0,0:57,20 of 43,2 of 3,5 of 5,26 of 49,1 of 2,0 of 0,32 of 85,7 of 8,6 of 6,43 of 93,0 of 1,2 of 5,0,38 of 65,51 of 79,0 of 0,0,0,0:08,0,27 of 55,29 of 57,0 of 0,0,0,2:20,0,33 of 61,64 of 96,0 of 0,0,0,1:17,0,22 of 53,30 of 62,0 of 1,0,0,1:14,,,,,,,,,,,,,,,,,,,,,,,,,,,,,22 of 48,14 of 15,2 of 2,24 of 46,14 of 19,0 of 0,20 of 48,6 of 6,1 of 1,18 of 46,9 of 9,0 of 0,24 of 51,8 of 9,1 of 1,22 of 48,4 of 6,7 of 7,11 of 42,9 of 9,2 of 2,16 of 46,6 of 7,0 of 0,,,,,,,,,,,,,,,,,,,,,,,,
"April 29, 2023",Hailey Cowan,Jamey-Lyn Horth,http://ufcstats.com/fight-details/e434035be5453be0,L,Decision - Unanimous,3,5:00,0,21 of 55,25 of 59,0 of 1,0,0,0:54,0,24 of 29,31 of 36,0 of 0,0,0,0:35,15 of 40,6 of 14,0 of 1,12 of 45,9 of 10,0 of 0,13 of 16,7 of 8,4 of 5,13 of 18,11 of 11,0 of 0,0,23 of 53,31 of 62,1 of 2,0,0,2:13,0,28 of 42,37 of 52,0 of 0,0,0,0:07,0,19 of 42,29 of 52,1 of 5,0,0,1:43,0,24 of 33,31 of 40,0 of 1,0,0,0:25,,,,,,,,,,,,,,,,,,,,,,,,,,,,,11 of 39,9 of 11,3 of 3,16 of 44,4 of 6,3 of 3,14 of 25,11 of 12,3 of 5,18 of 32,10 of 10,0 of 0,12 of 32,6 of 9,1 of 1,15 of 37,3 of 4,1 of 1,10 of 18,12 of 13,2 of 2,15 of 24,9 of 9,0 of 0,,,,,,,,,,,,,,,,,,,,,,,,
"April 22, 2023",Rani Yahya,Montel Jackson,http://ufcstats.com/fight-details/034cbbec91f67852,L,KO/TKO,1,3:42,0,7 of 21,7 of 22,0 of 3,0,0,0:08,1,9 of 21,10 of 23,0 of 0,0,0,1:17,1 of 10,1 of 2,5 of 9,7 of 21,0 of 0,0 of 0,7 of 18,1 of 2,1 of 1,5 of 14,0 of 0,4 of 7,,,,,,,,,,,,,,,,,,,,,,,,,,,,,,,,,,,,,,,,,,,,,,,,,,,,,,,,,,,,,,,,,,,,,,,,,,,,,,,,,,,,,,,,,,,,,,,,,,,,,,,,
"April 22, 2023",Francis Marshall,William Gomis,http://ufcstats.com/fight-details/a941c4e25ddddfff,L,Decision - Split,3,5:00,0,5 of 47,12 of 60,0 of 1,0,0,1:16,0,5 of 20,5 of 22,0 of 0,0,0,0:00,4 of 46,1 of 1,0 of 0,5 of 47,0 of 0,0 of 0,1 of 14,4 of 6,0 of 0,5 of 20,0 of 0,0 of 0,0,6 of 56,6 of 56,0 of 0,0,0,0:11,0,12 of 34,14 of 36,0 of 0,0,0,0:17,0,4 of 29,17 of 49,2 of 4,2,0,2:53,0,10 of 25,11 of 26,0 of 0,0,0,0:00,,,,,,,,,,,,,,,,,,,,,,,,,,,,,3 of 51,2 of 4,1 of 1,6 of 56,0 of 0,0 of 0,4 of 19,4 of 10,4 of 5,12 of 34,0 of 0,0 of 0,3 of 26,1 of 3,0 of 0,2 of 26,0 of 0,2 of 3,1 of 14,0 of 1,9 of 10,10 of 24,0 of 1,0 of 0,,,,,,,,,,,,,,,,,,,,,,,,
"April 15, 2023",Edson Barboza,Billy Quarantillo,http://ufcstats.com/fight-details/83c81018bb3aeebf,W,KO/TKO,1,2:37,1,21 of 33,21 of 33,0 of 0,0,0,0:02,0,19 of 42,20 of 43,0 of 2,0,0,0:39,13 of 25,5 of 5,3 of 3,19 of 31,1 of 1,1 of 1,16 of 38,1 of 2,2 of 2,18 of 41,1 of 1,0 of 0,,,,,,,,,,,,,,,,,,,,,,,,,,,,,,,,,,,,,,,,,,,,,,,,,,,,,,,,,,,,,,,,,,,,,,,,,,,,,,,,,,,,,,,,,,,,,,,,,,,,,,,,
"April 15, 2023",Dustin Jacoby,Azamat Murzakanov,http://ufcstats.com/fight-details/792f139c2b9fd294,L,Decision - Unanimous,3,5:00,0,19 of 39,19 of 39,0 of 0,0,0,0:00,0,25 of 50,25 of 50,1 of 1,0,0,0:12,8 of 24,2 of 4,9 of 11,19 of 39,0 of 0,0 of 0,20 of 44,4 of 5,1 of 1,25 of 48,0 of 2,0 of 0,0,21 of 40,37 of 56,0 of 1,0,0,1:17,1,26 of 45,29 of 48,0 of 1,0,0,0:04,0,24 of 52,40 of 72,1 of 5,0,0,1:49,0,16 of 32,16 of 32,0 of 3,0,0,0:00,,,,,,,,,,,,,,,,,,,,,,,,,,,,,12 of 27,2 of 4,7 of 9,20 of 39,1 of 1,0 of 0,20 of 39,5 of 5,1 of 1,24 of 43,2 of 2,0 of 0,16 of 44,4 of 4,4 of 4,21 of 48,3 of 4,0 of 0,11 of 27,3 of 3,2 of 2,15 of 31,1 of 1,0 of 0,,,,,,,,,,,,,,,,,,,,,,,,
"April 15, 2023",Bill Algeo,TJ Brown,http://ufcstats.com/fight-details/b01e6e97d66681c5,W,Submission,2,1:40,0,45 of 85,48 of 88,1 of 1,0,0,1:03,0,39 of 77,42 of 80,0 of 0,0,1,0:19,26 of 59,6 of 12,13 of 14,43 of 83,2 of 2,0 of 0,28 of 65,8 of 9,3 of 3,27 of 64,12 of 13,0 of 0,1,19 of 25,29 of 35,0 of 0,1,0,0:39,0,7 of 14,7 of 14,1 of 2,0,0,0:20,,,,,,,,,,,,,,,,,,,,,,,,,,,,,,,,,,,,,,,,,,,18 of 22,0 of 1,1 of 2,5 of 11,3 of 3,11 of 11,6 of 13,0 of 0,1 of 1,6 of 12,1 of 2,0 of 0,,,,,,,,,,,,,,,,,,,,,,,,,,,,,,,,,,,,
"April 15, 2023",Gillian Robertson,Piera Rodriguez,http://ufcstats.com/fight-details/68c1b833ed8849a3,W,Submission,2,4:21,0,13 of 25,20 of 34,1 of 2,0,0,2:12,0,12 of 29,24 of 42,1 of 1,0,0,0:54,8 of 16,1 of 4,4 of 5,11 of 22,0 of 0,2 of 3,10 of 27,1 of 1,1 of 1,12 of 29,0 of 0,0 of 0,0,13 of 14,26 of 28,1 of 1,1,0,4:11,0,0 of 4,1 of 5,0 of 0,0,0,0:00,,,,,,,,,,,,,,,,,,,,,,,,,,,,,,,,,,,,,,,,,,,12 of 13,0 of 0,1 of 1,1 of 1,0 of 0,12 of 13,0 of 4,0 of 0,0 of 0,0 of 4,0 of 0,0 of 0,,,,,,,,,,,,,,,,,,,,,,,,,,,,,,,,,,,,
"April 15, 2023",Lando Vannata,Daniel Zellhuber,http://ufcstats.com/fight-details/cef255a992ba7af3,L,Decision - Unanimous,3,5:00,0,17 of 23,17 of 23,0 of 0,0,0,0:00,1,40 of 91,45 of 108,0 of 0,0,0,1:30,5 of 6,2 of 4,10 of 13,17 of 23,0 of 0,0 of 0,37 of 88,2 of 2,1 of 1,13 of 35,5 of 5,22 of 51,0,22 of 36,22 of 36,0 of 2,0,0,0:06,0,22 of 55,22 of 55,0 of 0,0,0,0:00,0,12 of 32,12 of 32,0 of 1,0,0,0:00,0,16 of 61,17 of 62,0 of 1,0,0,0:14,,,,,,,,,,,,,,,,,,,,,,,,,,,,,8 of 16,6 of 9,8 of 11,21 of 33,1 of 1,0 of 2,17 of 41,3 of 11,2 of 3,22 of 55,0 of 0,0 of 0,7 of 19,4 of 11,1 of 2,11 of 31,1 of 1,0 of 0,13 of 52,2 of 8,1 of 1,14 of 59,2 of 2,0 of 0,,,,,,,,,,,,,,,,,,,,,,,,
"April 15, 2023",Bruna Brasil,Denise Gomes,http://ufcstats.com/fight-details/5de3a1bbcf705b58,L,KO/TKO,2,2:42,0,10 of 15,29 of 34,0 of 1,0,0,1:19,0,23 of 40,58 of 75,1 of 1,0,0,2:00,3 of 5,5 of 7,2 of 3,5 of 9,5 of 6,0 of 0,12 of 25,5 of 5,6 of 10,15 of 30,8 of 10,0 of 0,0,5 of 7,14 of 16,0 of 0,0,0,0:00,1,31 of 53,36 of 58,2 of 2,0,0,1:53,,,,,,,,,,,,,,,,,,,,,,,,,,,,,,,,,,,,,,,,,,,4 of 6,1 of 1,0 of 0,4 of 6,1 of 1,0 of 0,16 of 33,3 of 3,12 of 17,6 of 17,2 of 2,23 of 34,,,,,,,,,,,,,,,,,,,,,,,,,,,,,,,,,,,,
"April 08, 2023",Rob Font,Adrian Yanez,http://ufcstats.com/fight-details/678d27af287476f8,W,KO/TKO,1,2:57,1,33 of 75,33 of 75,0 of 1,0,0,0:04,0,25 of 54,25 of 54,0 of 0,0,0,0:00,30 of 69,2 of 5,1 of 1,27 of 66,1 of 2,5 of 7,21 of 49,1 of 2,3 of 3,25 of 51,0 of 3,0 of 0,,,,,,,,,,,,,,,,,,,,,,,,,,,,,,,,,,,,,,,,,,,,,,,,,,,,,,,,,,,,,,,,,,,,,,,,,,,,,,,,,,,,,,,,,,,,,,,,,,,,,,,,
"April 08, 2023",Kevin Holland,Santiago Ponzinibbio,http://ufcstats.com/fight-details/3165b03ddc6d3b6e,W,KO/TKO,3,3:16,0,29 of 70,29 of 70,0 of 0,0,0,0:01,0,13 of 38,13 of 38,0 of 0,0,0,0:00,7 of 41,6 of 12,16 of 17,27 of 63,1 of 4,1 of 3,2 of 20,2 of 8,9 of 10,13 of 36,0 of 2,0 of 0,0,23 of 78,24 of 79,0 of 0,0,0,0:00,0,15 of 43,15 of 43,0 of 0,0,0,0:07,1,14 of 49,14 of 49,0 of 0,0,0,0:02,0,16 of 23,16 of 23,0 of 0,0,0,0:00,,,,,,,,,,,,,,,,,,,,,,,,,,,,,11 of 61,3 of 5,9 of 12,22 of 76,1 of 2,0 of 0,4 of 26,4 of 9,7 of 8,15 of 42,0 of 1,0 of 0,6 of 36,2 of 6,6 of 7,13 of 48,0 of 0,1 of 1,6 of 12,1 of 2,9 of 9,16 of 23,0 of 0,0 of 0,,,,,,,,,,,,,,,,,,,,,,,,
"April 08, 2023",Raul Rosas Jr.,Christian Rodriguez,http://ufcstats.com/fight-details/2cb34fc074f7a9ae,L,Decision - Unanimous,3,5:00,0,0 of 0,0 of 0,3 of 8,1,0,4:02,0,2 of 6,9 of 14,0 of 0,0,0,0:34,0 of 0,0 of 0,0 of 0,0 of 0,0 of 0,0 of 0,1 of 3,1 of 3,0 of 0,0 of 0,2 of 5,0 of 1,0,0 of 4,0 of 4,0 of 5,0,0,0:48,0,4 of 6,24 of 32,0 of 0,0,0,3:37,0,2 of 15,2 of 15,0 of 3,0,0,0:00,0,23 of 40,50 of 69,1 of 1,0,0,3:19,,,,,,,,,,,,,,,,,,,,,,,,,,,,,0 of 3,0 of 1,0 of 0,0 of 4,0 of 0,0 of 0,2 of 4,2 of 2,0 of 0,1 of 3,2 of 2,1 of 1,2 of 12,0 of 0,0 of 3,2 of 15,0 of 0,0 of 0,23 of 40,0 of 0,0 of 0,3 of 15,0 of 0,20 of 25,,,,,,,,,,,,,,,,,,,,,,,,
"April 08, 2023",Chris Curtis,Kelvin Gastelum,http://ufcstats.com/fight-details/bbc76ff9e1b1b142,L,Decision - Unanimous,3,5:00,0,13 of 48,13 of 48,0 of 0,0,0,0:00,0,30 of 64,30 of 64,0 of 0,0,0,0:00,8 of 40,1 of 2,4 of 6,13 of 48,0 of 0,0 of 0,20 of 51,0 of 0,10 of 13,30 of 64,0 of 0,0 of 0,0,20 of 65,26 of 74,0 of 0,0,0,0:00,0,23 of 56,27 of 62,0 of 1,0,0,0:55,0,37 of 88,41 of 94,0 of 0,0,0,0:01,0,30 of 68,31 of 69,0 of 2,0,0,0:26,,,,,,,,,,,,,,,,,,,,,,,,,,,,,11 of 51,9 of 14,0 of 0,18 of 62,2 of 3,0 of 0,20 of 51,1 of 2,2 of 3,19 of 44,0 of 2,4 of 10,25 of 73,11 of 14,1 of 1,32 of 83,5 of 5,0 of 0,23 of 59,4 of 6,3 of 3,27 of 64,3 of 4,0 of 0,,,,,,,,,,,,,,,,,,,,,,,,
"April 08, 2023",Michelle Waterson-Gomez,Luana Pinheiro,http://ufcstats.com/fight-details/95349402616097cd,L,Decision - Split,3,5:00,0,20 of 67,20 of 67,0 of 0,0,0,0:00,0,15 of 43,15 of 43,0 of 0,0,0,0:01,5 of 39,4 of 11,11 of 17,20 of 67,0 of 0,0 of 0,5 of 29,4 of 6,6 of 8,14 of 42,1 of 1,0 of 0,0,19 of 62,22 of 65,0 of 0,0,0,0:00,0,19 of 50,20 of 55,0 of 2,0,0,0:47,0,22 of 59,28 of 67,1 of 2,0,0,1:01,0,10 of 29,13 of 34,0 of 3,0,0,0:37,,,,,,,,,,,,,,,,,,,,,,,,,,,,,9 of 43,4 of 7,6 of 12,18 of 59,1 of 3,0 of 0,9 of 34,5 of 7,5 of 9,15 of 42,4 of 8,0 of 0,4 of 32,8 of 16,10 of 11,15 of 52,7 of 7,0 of 0,2 of 16,6 of 8,2 of 5,9 of 25,1 of 4,0 of 0,,,,,,,,,,,,,,,,,,,,,,,,
"April 08, 2023",Gerald Meerschaert,Joe Pyfer,http://ufcstats.com/fight-details/28e3d939eb043664,L,KO/TKO,1,3:15,0,10 of 21,10 of 21,0 of 0,0,0,0:00,0,14 of 24,14 of 24,0 of 0,0,0,0:16,1 of 12,2 of 2,7 of 7,10 of 21,0 of 0,0 of 0,6 of 16,8 of 8,0 of 0,6 of 11,0 of 0,8 of 13,,,,,,,,,,,,,,,,,,,,,,,,,,,,,,,,,,,,,,,,,,,,,,,,,,,,,,,,,,,,,,,,,,,,,,,,,,,,,,,,,,,,,,,,,,,,,,,,,,,,,,,,
"March 25, 2023",Andrea Lee,Maycee Barber,http://ufcstats.com/fight-details/9433730f95d52fc8,L,Decision - Split,3,5:00,0,12 of 35,16 of 39,1 of 1,0,0,2:06,0,17 of 45,22 of 55,0 of 0,0,1,0:00,3 of 18,5 of 11,4 of 6,12 of 35,0 of 0,0 of 0,11 of 35,2 of 6,4 of 4,11 of 38,1 of 2,5 of 5,0,15 of 38,26 of 52,1 of 1,0,0,1:54,0,17 of 43,24 of 57,1 of 1,0,0,0:02,0,12 of 30,15 of 34,3 of 3,0,0,1:20,0,14 of 39,20 of 46,1 of 1,0,0,0:43,,,,,,,,,,,,,,,,,,,,,,,,,,,,,6 of 23,2 of 6,7 of 9,14 of 37,1 of 1,0 of 0,11 of 31,2 of 6,4 of 6,17 of 42,0 of 1,0 of 0,1 of 16,8 of 10,3 of 4,8 of 25,3 of 4,1 of 1,9 of 31,5 of 8,0 of 0,10 of 33,2 of 4,2 of 2,,,,,,,,,,,,,,,,,,,,,,,,
"March 25, 2023",Chidi Njokuani,Albert Duraev,http://ufcstats.com/fight-details/2f382615155e32b9,L,Decision - Split,3,5:00,0,4 of 8,7 of 12,0 of 0,0,0,0:00,0,12 of 26,31 of 58,2 of 2,0,0,3:25,0 of 1,3 of 5,1 of 2,4 of 8,0 of 0,0 of 0,11 of 25,0 of 0,1 of 1,1 of 4,0 of 0,11 of 22,0,14 of 36,14 of 36,0 of 0,0,0,0:00,0,16 of 46,16 of 46,0 of 0,0,0,0:00,0,22 of 55,23 of 56,0 of 0,0,0,0:00,0,17 of 51,21 of 55,0 of 1,0,0,0:37,,,,,,,,,,,,,,,,,,,,,,,,,,,,,9 of 25,1 of 5,4 of 6,14 of 36,0 of 0,0 of 0,7 of 33,0 of 2,9 of 11,16 of 46,0 of 0,0 of 0,9 of 42,11 of 11,2 of 2,21 of 54,1 of 1,0 of 0,3 of 32,2 of 4,12 of 15,17 of 51,0 of 0,0 of 0,,,,,,,,,,,,,,,,,,,,,,,,
"March 25, 2023",Daniel Pineda,Tucker Lutz,http://ufcstats.com/fight-details/c6cc6ae23cbf8a27,W,Submission,2,2:50,1,17 of 32,28 of 45,1 of 2,0,0,0:50,0,24 of 65,29 of 71,0 of 2,0,0,0:44,4 of 14,4 of 9,9 of 9,16 of 30,1 of 2,0 of 0,15 of 50,7 of 10,2 of 5,18 of 58,6 of 7,0 of 0,0,7 of 13,13 of 21,0 of 0,2,0,1:30,0,4 of 13,4 of 13,0 of 2,0,0,0:43,,,,,,,,,,,,,,,,,,,,,,,,,,,,,,,,,,,,,,,,,,,6 of 10,0 of 1,1 of 2,6 of 11,1 of 2,0 of 0,2 of 11,1 of 1,1 of 1,4 of 13,0 of 0,0 of 0,,,,,,,,,,,,,,,,,,,,,,,,,,,,,,,,,,,,
"March 25, 2023",Steven Peterson,Lucas Alexander,http://ufcstats.com/fight-details/b9e037a45f8850fb,L,Decision - Unanimous,3,5:00,0,11 of 34,11 of 34,0 of 0,0,0,0:00,0,24 of 41,24 of 41,0 of 0,0,0,0:05,2 of 18,4 of 6,5 of 10,10 of 32,1 of 2,0 of 0,12 of 26,5 of 7,7 of 8,24 of 41,0 of 0,0 of 0,0,8 of 31,8 of 31,0 of 2,0,0,0:03,0,27 of 54,27 of 54,0 of 0,0,0,0:08,0,7 of 36,8 of 37,0 of 2,0,0,0:28,1,34 of 63,35 of 64,0 of 0,0,0,0:42,,,,,,,,,,,,,,,,,,,,,,,,,,,,,4 of 23,1 of 4,3 of 4,8 of 31,0 of 0,0 of 0,10 of 35,6 of 8,11 of 11,27 of 54,0 of 0,0 of 0,2 of 26,4 of 8,1 of 2,7 of 36,0 of 0,0 of 0,21 of 47,9 of 12,4 of 4,27 of 47,1 of 1,6 of 15,,,,,,,,,,,,,,,,,,,,,,,,
"March 25, 2023",CJ Vergara,Daniel Lacerda,http://ufcstats.com/fight-details/16bd47ba50891833,W,KO/TKO,2,4:04,0,20 of 38,24 of 42,0 of 0,0,0,0:03,2,44 of 103,46 of 105,1 of 1,1,0,0:40,8 of 21,4 of 8,8 of 9,20 of 36,0 of 2,0 of 0,30 of 84,9 of 13,5 of 6,38 of 92,4 of 7,2 of 4,0,63 of 106,74 of 122,0 of 0,1,0,2:51,0,4 of 14,5 of 15,0 of 1,1,0,0:00,,,,,,,,,,,,,,,,,,,,,,,,,,,,,,,,,,,,,,,,,,,49 of 82,12 of 21,2 of 3,14 of 29,0 of 0,49 of 77,2 of 10,2 of 4,0 of 0,4 of 14,0 of 0,0 of 0,,,,,,,,,,,,,,,,,,,,,,,,,,,,,,,,,,,,
"March 25, 2023",Victor Altamirano,Vinicius Salvador,http://ufcstats.com/fight-details/6f6fec9c78244174,W,Decision - Unanimous,3,5:00,0,16 of 29,39 of 54,1 of 6,0,0,2:28,0,11 of 33,27 of 49,0 of 1,0,0,0:00,2 of 13,5 of 6,9 of 10,13 of 25,2 of 3,1 of 1,4 of 25,4 of 4,3 of 4,11 of 32,0 of 1,0 of 0,0,24 of 42,33 of 54,0 of 4,0,0,0:33,0,24 of 56,24 of 57,1 of 5,0,0,0:14,0,22 of 47,37 of 63,2 of 12,0,0,2:03,0,12 of 41,32 of 62,0 of 0,0,0,0:07,,,,,,,,,,,,,,,,,,,,,,,,,,,,,10 of 22,6 of 11,8 of 9,23 of 41,1 of 1,0 of 0,15 of 43,6 of 10,3 of 3,20 of 51,2 of 3,2 of 2,16 of 34,3 of 10,3 of 3,18 of 40,1 of 2,3 of 5,7 of 34,5 of 7,0 of 0,8 of 36,2 of 3,2 of 2,,,,,,,,,,,,,,,,,,,,,,,,
"March 18, 2023",Chris Duncan,Omar Morales,http://ufcstats.com/fight-details/cdaf65287d9a0ecb,W,Decision - Split,3,5:00,0,24 of 40,24 of 40,0 of 2,0,0,0:12,0,26 of 42,27 of 43,0 of 0,0,0,0:00,6 of 13,6 of 8,12 of 19,21 of 37,3 of 3,0 of 0,18 of 34,2 of 2,6 of 6,22 of 37,3 of 4,1 of 1,0,14 of 24,20 of 30,1 of 5,0,0,2:42,0,7 of 17,10 of 20,0 of 0,0,1,0:02,0,15 of 19,18 of 22,4 of 7,0,0,3:37,0,14 of 21,16 of 23,0 of 0,0,0,0:00,,,,,,,,,,,,,,,,,,,,,,,,,,,,,1 of 4,5 of 7,8 of 13,9 of 19,0 of 0,5 of 5,4 of 14,2 of 2,1 of 1,6 of 16,1 of 1,0 of 0,5 of 8,6 of 6,4 of 5,13 of 17,0 of 0,2 of 2,10 of 16,1 of 2,3 of 3,13 of 20,1 of 1,0 of 0,,,,,,,,,,,,,,,,,,,,,,,,
"March 18, 2023",Muhammad Mokaev,Jafel Filho,http://ufcstats.com/fight-details/f40ac11da3bd7f8e,W,Submission,3,4:32,0,9 of 13,48 of 59,0 of 1,0,0,3:40,0,2 of 10,12 of 21,0 of 0,1,0,0:00,2 of 4,5 of 6,2 of 3,6 of 9,0 of 0,3 of 4,0 of 5,1 of 1,1 of 4,2 of 9,0 of 0,0 of 1,0,7 of 17,19 of 29,1 of 2,0,0,1:20,0,7 of 26,33 of 56,0 of 0,0,0,0:02,0,0 of 0,12 of 16,3 of 5,2,0,3:15,0,0 of 1,9 of 10,0 of 0,1,1,0:48,,,,,,,,,,,,,,,,,,,,,,,,,,,,,2 of 11,3 of 4,2 of 2,6 of 16,0 of 0,1 of 1,1 of 17,1 of 1,5 of 8,7 of 26,0 of 0,0 of 0,0 of 0,0 of 0,0 of 0,0 of 0,0 of 0,0 of 0,0 of 1,0 of 0,0 of 0,0 of 1,0 of 0,0 of 0,,,,,,,,,,,,,,,,,,,,,,,,
"March 18, 2023",Christian Leroy Duncan,Dusko Todorovic,http://ufcstats.com/fight-details/38094db8e3539cba,W,KO/TKO,1,1:52,0,9 of 14,14 of 19,0 of 0,0,0,0:38,0,4 of 6,6 of 8,0 of 0,0,0,0:00,3 of 8,2 of 2,4 of 4,8 of 13,1 of 1,0 of 0,0 of 0,2 of 3,2 of 3,4 of 6,0 of 0,0 of 0,,,,,,,,,,,,,,,,,,,,,,,,,,,,,,,,,,,,,,,,,,,,,,,,,,,,,,,,,,,,,,,,,,,,,,,,,,,,,,,,,,,,,,,,,,,,,,,,,,,,,,,,
"March 18, 2023",Jake Hadley,Malcolm Gordon,http://ufcstats.com/fight-details/6068385c48de6801,W,KO/TKO,1,1:01,1,10 of 21,13 of 24,0 of 0,0,0,0:04,0,3 of 15,3 of 15,0 of 0,0,0,0:00,7 of 18,2 of 2,1 of 1,5 of 15,0 of 0,5 of 6,1 of 13,0 of 0,2 of 2,3 of 15,0 of 0,0 of 0,,,,,,,,,,,,,,,,,,,,,,,,,,,,,,,,,,,,,,,,,,,,,,,,,,,,,,,,,,,,,,,,,,,,,,,,,,,,,,,,,,,,,,,,,,,,,,,,,,,,,,,,
"March 11, 2023",Nikita Krylov,Ryan Spann,http://ufcstats.com/fight-details/d6945828f5fa7492,W,Submission,1,3:38,0,7 of 12,24 of 31,2 of 2,2,2,2:39,0,5 of 11,5 of 11,1 of 2,1,2,0:32,2 of 7,2 of 2,3 of 3,3 of 7,3 of 4,1 of 1,4 of 10,1 of 1,0 of 0,4 of 9,1 of 1,0 of 1,,,,,,,,,,,,,,,,,,,,,,,,,,,,,,,,,,,,,,,,,,,,,,,,,,,,,,,,,,,,,,,,,,,,,,,,,,,,,,,,,,,,,,,,,,,,,,,,,,,,,,,,
"March 11, 2023",Vitor Petrino,Anton Turkalj,http://ufcstats.com/fight-details/8d5b88e0ff253617,W,Decision - Unanimous,3,5:00,0,24 of 46,38 of 61,2 of 3,0,0,2:25,0,10 of 19,31 of 40,0 of 1,0,0,0:32,16 of 36,8 of 9,0 of 1,17 of 37,0 of 1,7 of 8,2 of 8,4 of 7,4 of 4,6 of 15,3 of 3,1 of 1,0,10 of 22,12 of 24,2 of 3,0,2,1:36,0,10 of 18,19 of 30,3 of 9,0,0,2:09,0,5 of 14,10 of 19,3 of 3,1,2,2:12,0,13 of 19,19 of 25,2 of 5,0,1,1:59,,,,,,,,,,,,,,,,,,,,,,,,,,,,,8 of 19,1 of 2,1 of 1,7 of 16,2 of 5,1 of 1,6 of 12,3 of 4,1 of 2,9 of 17,1 of 1,0 of 0,3 of 11,1 of 2,1 of 1,4 of 12,0 of 0,1 of 2,11 of 16,0 of 0,2 of 3,7 of 13,1 of 1,5 of 5,,,,,,,,,,,,,,,,,,,,,,,,
"March 11, 2023",Karl Williams,Lukasz Brzeski,http://ufcstats.com/fight-details/e9c6bac0d1a5ec0f,W,Decision - Unanimous,3,5:00,0,16 of 24,19 of 27,3 of 5,0,0,2:14,0,13 of 23,28 of 39,0 of 1,0,0,0:10,11 of 18,2 of 3,3 of 3,15 of 21,1 of 3,0 of 0,10 of 20,3 of 3,0 of 0,12 of 21,1 of 2,0 of 0,1,12 of 23,36 of 59,4 of 5,0,0,3:42,0,7 of 14,11 of 20,0 of 0,0,0,0:16,0,10 of 11,65 of 82,1 of 3,0,0,4:17,0,6 of 9,10 of 13,0 of 0,0,0,0:03,,,,,,,,,,,,,,,,,,,,,,,,,,,,,11 of 22,1 of 1,0 of 0,6 of 11,1 of 2,5 of 10,6 of 13,0 of 0,1 of 1,6 of 12,1 of 1,0 of 1,9 of 10,1 of 1,0 of 0,1 of 2,0 of 0,9 of 9,3 of 6,2 of 2,1 of 1,4 of 7,2 of 2,0 of 0,,,,,,,,,,,,,,,,,,,,,,,,
"March 11, 2023",Sedriques Dumas,Josh Fremd,http://ufcstats.com/fight-details/3cf3771274a4f8b1,L,Submission,2,3:00,0,14 of 30,17 of 33,0 of 1,0,0,0:00,0,27 of 50,33 of 58,1 of 1,1,0,2:41,7 of 20,1 of 2,6 of 8,13 of 29,1 of 1,0 of 0,16 of 38,5 of 6,6 of 6,21 of 44,4 of 4,2 of 2,0,6 of 14,6 of 14,0 of 0,0,1,0:07,0,6 of 11,15 of 20,1 of 1,1,1,1:46,,,,,,,,,,,,,,,,,,,,,,,,,,,,,,,,,,,,,,,,,,,1 of 6,1 of 3,4 of 5,6 of 14,0 of 0,0 of 0,5 of 10,1 of 1,0 of 0,6 of 11,0 of 0,0 of 0,,,,,,,,,,,,,,,,,,,,,,,,,,,,,,,,,,,,
"March 11, 2023",Victor Henry,Tony Gravely,http://ufcstats.com/fight-details/c4e4954beb59eca6,W,Decision - Split,3,5:00,0,29 of 53,41 of 65,0 of 0,0,0,0:01,0,22 of 42,25 of 45,1 of 7,0,0,1:33,11 of 35,14 of 14,4 of 4,22 of 44,7 of 9,0 of 0,9 of 24,5 of 9,8 of 9,17 of 36,5 of 6,0 of 0,0,71 of 107,90 of 127,0 of 0,0,0,0:55,0,17 of 37,18 of 38,2 of 6,0,0,1:26,0,54 of 84,59 of 89,0 of 0,2,1,0:24,0,36 of 75,47 of 86,0 of 4,0,0,0:23,,,,,,,,,,,,,,,,,,,,,,,,,,,,,42 of 76,28 of 30,1 of 1,45 of 74,20 of 27,6 of 6,14 of 31,2 of 5,1 of 1,12 of 30,4 of 6,1 of 1,39 of 65,13 of 16,2 of 3,35 of 65,19 of 19,0 of 0,21 of 58,13 of 15,2 of 2,23 of 61,9 of 10,4 of 4,,,,,,,,,,,,,,,,,,,,,,,,
"March 04, 2023",Geoff Neal,Shavkat Rakhmonov,http://ufcstats.com/fight-details/22fc6b3f4e48cfa3,L,Submission,3,4:17,0,29 of 54,29 of 54,0 of 0,0,0,0:48,0,43 of 64,46 of 67,0 of 1,0,0,0:37,27 of 51,1 of 1,1 of 2,23 of 47,6 of 7,0 of 0,26 of 44,17 of 20,0 of 0,32 of 50,11 of 14,0 of 0,0,20 of 57,20 of 57,0 of 0,0,0,0:24,0,35 of 70,35 of 70,0 of 1,0,0,0:51,0,20 of 34,20 of 34,0 of 0,0,0,0:00,0,35 of 45,39 of 49,0 of 2,1,0,2:15,,,,,,,,,,,,,,,,,,,,,,,,,,,,,18 of 53,1 of 3,1 of 1,19 of 55,1 of 2,0 of 0,20 of 54,13 of 14,2 of 2,25 of 56,10 of 14,0 of 0,18 of 32,2 of 2,0 of 0,15 of 27,5 of 7,0 of 0,23 of 32,9 of 10,3 of 3,17 of 25,18 of 20,0 of 0,,,,,,,,,,,,,,,,,,,,,,,,
"March 04, 2023",Mateusz Gamrot,Jalin Turner,http://ufcstats.com/fight-details/d6d034e98ce85246,W,Decision - Split,3,5:00,0,9 of 14,14 of 22,2 of 2,0,0,2:26,1,12 of 31,23 of 42,0 of 0,0,0,0:24,4 of 8,0 of 1,5 of 5,6 of 11,2 of 2,1 of 1,8 of 24,4 of 7,0 of 0,9 of 28,2 of 2,1 of 1,0,13 of 17,60 of 66,1 of 3,0,0,1:35,0,18 of 48,19 of 49,0 of 0,0,0,0:08,0,7 of 11,15 of 21,1 of 7,0,0,2:51,0,10 of 18,20 of 28,0 of 1,0,0,0:00,,,,,,,,,,,,,,,,,,,,,,,,,,,,,7 of 11,2 of 2,4 of 4,11 of 15,0 of 0,2 of 2,11 of 37,4 of 8,3 of 3,16 of 46,1 of 1,1 of 1,7 of 11,0 of 0,0 of 0,4 of 6,0 of 0,3 of 5,4 of 11,6 of 7,0 of 0,8 of 16,1 of 1,1 of 1,,,,,,,,,,,,,,,,,,,,,,,,
"March 04, 2023",Bo Nickal,Jamie Pickett,http://ufcstats.com/fight-details/2b9daf452ab40b9b,W,Submission,1,2:54,0,1 of 4,3 of 6,1 of 4,2,0,2:30,0,1 of 2,1 of 2,0 of 0,0,0,0:00,0 of 2,1 of 2,0 of 0,0 of 1,1 of 3,0 of 0,0 of 1,1 of 1,0 of 0,0 of 1,1 of 1,0 of 0,,,,,,,,,,,,,,,,,,,,,,,,,,,,,,,,,,,,,,,,,,,,,,,,,,,,,,,,,,,,,,,,,,,,,,,,,,,,,,,,,,,,,,,,,,,,,,,,,,,,,,,,
"March 04, 2023",Julian Marquez,Marc-Andre Barriault,http://ufcstats.com/fight-details/c29e2c49e1e417c8,L,KO/TKO,2,4:12,0,48 of 107,48 of 107,0 of 0,0,0,0:00,0,32 of 80,32 of 80,0 of 0,0,0,0:00,36 of 88,8 of 13,4 of 6,41 of 98,7 of 9,0 of 0,25 of 72,7 of 8,0 of 0,31 of 77,1 of 3,0 of 0,0,34 of 64,35 of 65,0 of 1,0,0,0:00,0,77 of 142,95 of 166,0 of 0,0,0,1:29,,,,,,,,,,,,,,,,,,,,,,,,,,,,,,,,,,,,,,,,,,,27 of 54,2 of 5,5 of 5,22 of 43,12 of 21,0 of 0,66 of 130,11 of 12,0 of 0,29 of 56,48 of 86,0 of 0,,,,,,,,,,,,,,,,,,,,,,,,,,,,,,,,,,,,
"March 04, 2023",Mana Martinez,Cameron Saaiman,http://ufcstats.com/fight-details/0eb16f1307f66a11,L,Decision - Majority,3,5:00,0,28 of 67,28 of 67,0 of 0,0,0,0:00,0,40 of 85,41 of 86,0 of 0,0,0,0:00,19 of 56,5 of 7,4 of 4,28 of 67,0 of 0,0 of 0,14 of 52,11 of 14,15 of 19,40 of 85,0 of 0,0 of 0,0,18 of 45,20 of 54,0 of 0,0,0,0:00,1,32 of 71,44 of 85,0 of 0,0,0,2:12,0,14 of 36,15 of 39,0 of 0,0,0,0:00,0,45 of 84,61 of 101,1 of 1,0,0,1:55,,,,,,,,,,,,,,,,,,,,,,,,,,,,,10 of 36,7 of 8,1 of 1,17 of 42,1 of 3,0 of 0,22 of 56,3 of 6,7 of 9,20 of 49,0 of 1,12 of 21,11 of 33,3 of 3,0 of 0,13 of 35,1 of 1,0 of 0,30 of 67,9 of 10,6 of 7,25 of 57,1 of 2,19 of 25,,,,,,,,,,,,,,,,,,,,,,,,
"March 04, 2023",Da'Mon Blackshear,Farid Basharat,http://ufcstats.com/fight-details/cd20dac4daa4f93a,L,Decision - Unanimous,3,5:00,0,9 of 36,17 of 44,0 of 2,0,0,0:11,0,17 of 31,20 of 34,1 of 2,0,0,1:41,1 of 19,2 of 4,6 of 13,9 of 36,0 of 0,0 of 0,8 of 19,4 of 6,5 of 6,16 of 30,1 of 1,0 of 0,0,15 of 36,30 of 51,1 of 2,0,0,1:30,0,21 of 30,24 of 33,1 of 1,0,0,1:36,0,22 of 45,44 of 69,0 of 2,1,1,0:57,0,20 of 35,32 of 48,1 of 3,0,0,2:11,,,,,,,,,,,,,,,,,,,,,,,,,,,,,7 of 23,4 of 5,4 of 8,11 of 31,1 of 2,3 of 3,13 of 21,6 of 7,2 of 2,14 of 23,0 of 0,7 of 7,15 of 37,6 of 7,1 of 1,16 of 39,6 of 6,0 of 0,15 of 30,4 of 4,1 of 1,12 of 26,3 of 4,5 of 5,,,,,,,,,,,,,,,,,,,,,,,,
"March 04, 2023",Esteban Ribovics,Loik Radzhabov,http://ufcstats.com/fight-details/ee2354d638c078fd,L,Decision - Unanimous,3,5:00,0,14 of 32,19 of 37,0 of 0,0,0,0:00,0,8 of 23,20 of 37,4 of 5,0,0,3:00,10 of 28,3 of 3,1 of 1,14 of 32,0 of 0,0 of 0,7 of 22,0 of 0,1 of 1,8 of 23,0 of 0,0 of 0,1,25 of 47,38 of 61,0 of 1,0,0,0:04,0,13 of 28,18 of 33,4 of 9,0,0,2:24,0,27 of 50,41 of 64,0 of 0,1,1,0:27,0,19 of 34,29 of 47,3 of 7,0,0,2:15,,,,,,,,,,,,,,,,,,,,,,,,,,,,,18 of 40,6 of 6,1 of 1,21 of 43,0 of 0,4 of 4,11 of 26,2 of 2,0 of 0,13 of 28,0 of 0,0 of 0,24 of 46,2 of 3,1 of 1,26 of 49,1 of 1,0 of 0,15 of 30,4 of 4,0 of 0,16 of 30,1 of 2,2 of 2,,,,,,,,,,,,,,,,,,,,,,,,
"February 25, 2023",Andre Muniz,Brendan Allen,http://ufcstats.com/fight-details/2ba11e0bf32829d6,L,Submission,3,4:25,0,16 of 40,16 of 40,0 of 1,0,0,0:07,0,19 of 47,19 of 47,0 of 0,0,0,0:00,7 of 28,5 of 7,4 of 5,16 of 39,0 of 1,0 of 0,8 of 32,6 of 9,5 of 6,19 of 47,0 of 0,0 of 0,0,11 of 34,13 of 36,0 of 2,0,0,0:08,0,12 of 28,25 of 43,0 of 0,0,0,2:44,0,16 of 38,16 of 38,0 of 0,0,0,0:00,0,11 of 27,20 of 39,1 of 1,2,0,1:28,,,,,,,,,,,,,,,,,,,,,,,,,,,,,7 of 30,1 of 1,3 of 3,11 of 34,0 of 0,0 of 0,6 of 22,4 of 4,2 of 2,10 of 24,0 of 0,2 of 4,11 of 30,2 of 5,3 of 3,16 of 38,0 of 0,0 of 0,7 of 22,2 of 3,2 of 2,11 of 27,0 of 0,0 of 0,,,,,,,,,,,,,,,,,,,,,,,,
"February 25, 2023",Augusto Sakai,Don'Tale Mayes,http://ufcstats.com/fight-details/d6357dab7ccdf2db,W,Decision - Unanimous,3,5:00,0,19 of 38,31 of 57,0 of 0,0,0,2:58,0,13 of 20,29 of 38,0 of 1,0,0,0:53,10 of 28,4 of 5,5 of 5,5 of 14,14 of 24,0 of 0,4 of 11,5 of 5,4 of 4,11 of 18,2 of 2,0 of 0,0,16 of 27,46 of 64,0 of 1,0,0,2:52,0,4 of 15,31 of 45,0 of 0,0,0,1:06,0,18 of 30,30 of 52,1 of 1,0,0,3:01,0,12 of 27,17 of 38,0 of 0,0,0,0:47,,,,,,,,,,,,,,,,,,,,,,,,,,,,,6 of 16,7 of 8,3 of 3,10 of 20,6 of 7,0 of 0,2 of 13,2 of 2,0 of 0,4 of 14,0 of 1,0 of 0,11 of 21,7 of 9,0 of 0,6 of 15,10 of 11,2 of 4,9 of 22,3 of 5,0 of 0,9 of 24,3 of 3,0 of 0,,,,,,,,,,,,,,,,,,,,,,,,
"February 25, 2023",Mike Malott,Yohan Lainesse,http://ufcstats.com/fight-details/00a94d5fc7ce55cf,W,Submission,1,4:15,0,9 of 17,20 of 28,1 of 1,1,0,1:36,0,1 of 4,1 of 4,0 of 0,0,0,0:00,3 of 8,4 of 7,2 of 2,9 of 17,0 of 0,0 of 0,1 of 3,0 of 0,0 of 1,1 of 4,0 of 0,0 of 0,,,,,,,,,,,,,,,,,,,,,,,,,,,,,,,,,,,,,,,,,,,,,,,,,,,,,,,,,,,,,,,,,,,,,,,,,,,,,,,,,,,,,,,,,,,,,,,,,,,,,,,,
"February 25, 2023",Erick Gonzalez,Trevor Peek,http://ufcstats.com/fight-details/83fa3a382acc7bdc,L,KO/TKO,1,4:59,0,7 of 29,11 of 35,4 of 6,0,0,2:15,2,51 of 86,51 of 86,0 of 1,0,0,0:16,5 of 27,1 of 1,1 of 1,7 of 28,0 of 1,0 of 0,38 of 70,8 of 11,5 of 5,36 of 67,9 of 12,6 of 7,,,,,,,,,,,,,,,,,,,,,,,,,,,,,,,,,,,,,,,,,,,,,,,,,,,,,,,,,,,,,,,,,,,,,,,,,,,,,,,,,,,,,,,,,,,,,,,,,,,,,,,,
"February 25, 2023",Jasmine Jasudavicius,Gabriella Fernandes,http://ufcstats.com/fight-details/faac24c1b3d6368a,W,Decision - Unanimous,3,5:00,0,8 of 22,44 of 68,1 of 3,0,0,2:58,0,12 of 27,19 of 35,0 of 1,0,0,0:00,5 of 19,0 of 0,3 of 3,8 of 22,0 of 0,0 of 0,5 of 17,3 of 5,4 of 5,12 of 27,0 of 0,0 of 0,0,6 of 12,58 of 80,2 of 3,0,0,4:22,0,9 of 13,19 of 23,0 of 0,0,0,0:04,0,10 of 20,47 of 67,1 of 2,0,0,4:11,0,5 of 16,16 of 28,0 of 0,0,0,0:00,,,,,,,,,,,,,,,,,,,,,,,,,,,,,2 of 7,3 of 4,1 of 1,5 of 11,1 of 1,0 of 0,3 of 7,4 of 4,2 of 2,8 of 12,1 of 1,0 of 0,10 of 20,0 of 0,0 of 0,3 of 7,0 of 0,7 of 13,2 of 13,1 of 1,2 of 2,5 of 16,0 of 0,0 of 0,,,,,,,,,,,,,,,,,,,,,,,,
"February 25, 2023",Jordan Leavitt,Victor Martinez,http://ufcstats.com/fight-details/a7f66f13f953352f,W,KO/TKO,1,2:27,1,17 of 35,18 of 38,0 of 2,0,0,0:46,0,7 of 28,9 of 31,0 of 0,0,0,0:00,8 of 21,6 of 10,3 of 4,8 of 22,5 of 7,4 of 6,4 of 20,0 of 1,3 of 7,7 of 28,0 of 0,0 of 0,,,,,,,,,,,,,,,,,,,,,,,,,,,,,,,,,,,,,,,,,,,,,,,,,,,,,,,,,,,,,,,,,,,,,,,,,,,,,,,,,,,,,,,,,,,,,,,,,,,,,,,,
"February 25, 2023",Ode Osbourne,Charles Johnson,http://ufcstats.com/fight-details/63670e1b8f164d4a,W,Decision - Split,3,5:00,0,23 of 62,24 of 63,0 of 1,0,0,0:00,0,21 of 38,24 of 42,1 of 2,0,0,0:32,5 of 37,3 of 4,15 of 21,23 of 62,0 of 0,0 of 0,6 of 22,5 of 6,10 of 10,13 of 28,7 of 9,1 of 1,0,11 of 48,12 of 50,1 of 5,0,0,1:06,0,16 of 39,20 of 48,0 of 3,0,0,0:33,0,14 of 44,14 of 44,2 of 4,0,0,1:47,0,23 of 50,30 of 57,0 of 0,0,0,0:13,,,,,,,,,,,,,,,,,,,,,,,,,,,,,4 of 38,2 of 3,5 of 7,11 of 48,0 of 0,0 of 0,12 of 29,0 of 6,4 of 4,14 of 35,2 of 4,0 of 0,8 of 35,5 of 8,1 of 1,11 of 40,3 of 4,0 of 0,10 of 27,5 of 12,8 of 11,15 of 38,8 of 12,0 of 0,,,,,,,,,,,,,,,,,,,,,,,,
"February 25, 2023",Joe Solecki,Carl Deaton,http://ufcstats.com/fight-details/12d9b4a3931be5ec,W,Submission,2,4:55,0,2 of 4,14 of 18,1 of 2,2,0,4:26,0,0 of 6,6 of 13,0 of 0,0,0,0:00,1 of 3,0 of 0,1 of 1,1 of 2,1 of 2,0 of 0,0 of 6,0 of 0,0 of 0,0 of 6,0 of 0,0 of 0,0,0 of 4,35 of 49,1 of 1,1,0,4:25,0,1 of 6,7 of 16,0 of 0,0,0,0:00,,,,,,,,,,,,,,,,,,,,,,,,,,,,,,,,,,,,,,,,,,,0 of 3,0 of 1,0 of 0,0 of 4,0 of 0,0 of 0,1 of 4,0 of 2,0 of 0,1 of 6,0 of 0,0 of 0,,,,,,,,,,,,,,,,,,,,,,,,,,,,,,,,,,,,
"February 25, 2023",Rafael Alves,Nurullo Aliev,http://ufcstats.com/fight-details/02615499125b4b5d,L,Decision - Majority,3,5:00,0,4 of 9,13 of 18,0 of 0,0,0,0:00,0,0 of 6,9 of 16,1 of 2,0,0,3:27,1 of 4,2 of 3,1 of 2,4 of 9,0 of 0,0 of 0,0 of 4,0 of 1,0 of 1,0 of 6,0 of 0,0 of 0,0,0 of 3,7 of 10,0 of 0,1,0,0:00,0,6 of 10,47 of 59,1 of 1,0,0,4:13,0,2 of 5,5 of 8,0 of 0,1,1,1:18,0,13 of 29,36 of 65,1 of 1,0,1,3:11,,,,,,,,,,,,,,,,,,,,,,,,,,,,,0 of 3,0 of 0,0 of 0,0 of 3,0 of 0,0 of 0,6 of 9,0 of 0,0 of 1,1 of 3,0 of 0,5 of 7,1 of 4,0 of 0,1 of 1,2 of 5,0 of 0,0 of 0,13 of 29,0 of 0,0 of 0,0 of 1,0 of 0,13 of 28,,,,,,,,,,,,,,,,,,,,,,,,
"February 18, 2023",Jordan Wright,Zac Pauga,http://ufcstats.com/fight-details/3f837b469ba33c7c,L,Decision - Unanimous,3,5:00,0,5 of 7,55 of 64,0 of 0,0,0,0:00,0,22 of 26,43 of 47,0 of 1,0,0,4:32,1 of 3,4 of 4,0 of 0,1 of 3,4 of 4,0 of 0,8 of 11,11 of 12,3 of 3,1 of 2,21 of 24,0 of 0,0,7 of 19,105 of 122,0 of 1,0,0,0:10,0,15 of 22,20 of 30,0 of 3,0,0,3:27,0,17 of 52,39 of 75,0 of 0,0,0,0:03,0,22 of 37,22 of 37,0 of 2,0,0,0:41,,,,,,,,,,,,,,,,,,,,,,,,,,,,,5 of 16,2 of 3,0 of 0,3 of 13,4 of 6,0 of 0,10 of 16,3 of 4,2 of 2,3 of 8,12 of 14,0 of 0,9 of 36,7 of 14,1 of 2,14 of 49,3 of 3,0 of 0,13 of 27,7 of 8,2 of 2,17 of 32,5 of 5,0 of 0,,,,,,,,,,,,,,,,,,,,,,,,
"February 18, 2023",Josh Parisian,Jamal Pogues,http://ufcstats.com/fight-details/3e90b7fd1e9f86bd,L,Decision - Unanimous,3,5:00,0,12 of 28,15 of 32,0 of 0,0,0,0:00,0,7 of 18,13 of 25,2 of 2,0,0,2:54,7 of 20,3 of 6,2 of 2,11 of 27,1 of 1,0 of 0,6 of 17,0 of 0,1 of 1,3 of 14,0 of 0,4 of 4,0,13 of 39,17 of 49,0 of 0,0,0,0:29,0,8 of 14,17 of 24,2 of 5,0,0,1:20,0,12 of 46,19 of 56,1 of 2,0,0,0:43,0,18 of 28,19 of 30,1 of 4,0,0,1:35,,,,,,,,,,,,,,,,,,,,,,,,,,,,,6 of 26,5 of 10,2 of 3,12 of 37,1 of 2,0 of 0,8 of 14,0 of 0,0 of 0,4 of 10,4 of 4,0 of 0,6 of 39,6 of 7,0 of 0,12 of 46,0 of 0,0 of 0,15 of 25,3 of 3,0 of 0,13 of 23,5 of 5,0 of 0,,,,,,,,,,,,,,,,,,,,,,,,
"February 18, 2023",William Knight,Marcin Prachnio,http://ufcstats.com/fight-details/dc6f69f923744948,L,Decision - Unanimous,3,5:00,0,3 of 10,3 of 10,0 of 0,0,0,0:00,0,26 of 48,26 of 48,0 of 0,0,0,0:00,0 of 3,2 of 3,1 of 4,3 of 10,0 of 0,0 of 0,1 of 10,3 of 11,22 of 27,26 of 48,0 of 0,0 of 0,0,1 of 10,1 of 10,0 of 1,0,0,0:00,0,29 of 49,29 of 49,0 of 0,0,0,0:00,0,4 of 13,4 of 13,0 of 2,0,0,0:00,0,24 of 47,24 of 47,0 of 0,0,0,0:00,,,,,,,,,,,,,,,,,,,,,,,,,,,,,0 of 5,0 of 3,1 of 2,1 of 10,0 of 0,0 of 0,5 of 12,2 of 8,22 of 29,29 of 49,0 of 0,0 of 0,0 of 5,0 of 2,4 of 6,4 of 13,0 of 0,0 of 0,3 of 14,2 of 6,19 of 27,24 of 47,0 of 0,0 of 0,,,,,,,,,,,,,,,,,,,,,,,,
"February 18, 2023",Nazim Sadykhov,Evan Elder,http://ufcstats.com/fight-details/d45d9c7d60f332da,W,TKO - Doctor's Stoppage,3,0:38,0,28 of 74,28 of 74,0 of 0,0,0,0:00,1,35 of 78,36 of 79,0 of 2,0,0,0:00,15 of 58,8 of 9,5 of 7,26 of 68,2 of 6,0 of 0,16 of 55,15 of 19,4 of 4,34 of 75,1 of 3,0 of 0,0,29 of 45,36 of 54,1 of 1,0,0,0:19,0,32 of 53,45 of 68,1 of 3,0,0,1:33,0,7 of 13,7 of 13,0 of 0,0,0,0:00,0,3 of 11,3 of 11,0 of 1,0,0,0:00,,,,,,,,,,,,,,,,,,,,,,,,,,,,,20 of 36,7 of 7,2 of 2,23 of 39,6 of 6,0 of 0,8 of 25,20 of 24,4 of 4,24 of 44,8 of 9,0 of 0,3 of 9,4 of 4,0 of 0,5 of 11,2 of 2,0 of 0,1 of 7,1 of 3,1 of 1,2 of 10,1 of 1,0 of 0,,,,,,,,,,,,,,,,,,,,,,,,
"February 18, 2023",Jamall Emmers,Khusein Askhabov,http://ufcstats.com/fight-details/43ec12079ccc371c,W,Decision - Unanimous,3,5:00,0,24 of 55,24 of 57,0 of 1,0,0,0:01,0,14 of 49,17 of 53,0 of 1,0,0,0:28,5 of 20,5 of 8,14 of 27,23 of 54,1 of 1,0 of 0,6 of 34,2 of 3,6 of 12,12 of 45,2 of 4,0 of 0,0,27 of 65,34 of 73,0 of 1,0,0,1:19,0,13 of 54,18 of 60,0 of 3,0,0,0:00,0,11 of 24,21 of 40,1 of 1,0,0,3:25,0,3 of 11,5 of 14,0 of 2,0,2,0:30,,,,,,,,,,,,,,,,,,,,,,,,,,,,,14 of 43,11 of 15,2 of 7,19 of 56,7 of 8,1 of 1,8 of 47,3 of 4,2 of 3,12 of 51,1 of 3,0 of 0,8 of 19,2 of 3,1 of 2,2 of 9,2 of 3,7 of 12,1 of 7,2 of 2,0 of 2,1 of 8,2 of 3,0 of 0,,,,,,,,,,,,,,,,,,,,,,,,
"February 18, 2023",AJ Fletcher,Themba Gorimbo,http://ufcstats.com/fight-details/435ba9b407b844ef,W,Submission,2,1:37,0,5 of 14,20 of 31,0 of 0,0,0,3:02,0,5 of 7,10 of 18,1 of 1,0,0,0:57,5 of 11,0 of 1,0 of 2,0 of 5,0 of 0,5 of 9,1 of 3,3 of 3,1 of 1,4 of 6,1 of 1,0 of 0,0,2 of 3,3 of 4,0 of 0,1,1,0:19,0,1 of 3,5 of 8,1 of 1,0,1,1:03,,,,,,,,,,,,,,,,,,,,,,,,,,,,,,,,,,,,,,,,,,,1 of 2,0 of 0,1 of 1,1 of 2,1 of 1,0 of 0,1 of 3,0 of 0,0 of 0,1 of 3,0 of 0,0 of 0,,,,,,,,,,,,,,,,,,,,,,,,,,,,,,,,,,,,
"February 11, 2023",Jack Della Maddalena,Randy Brown,http://ufcstats.com/fight-details/4f672dd40867d8c6,W,Submission,1,2:13,1,14 of 31,18 of 35,0 of 0,1,0,0:15,0,11 of 39,11 of 39,0 of 0,0,0,0:00,9 of 23,1 of 2,4 of 6,5 of 18,2 of 2,7 of 11,6 of 33,2 of 3,3 of 3,11 of 39,0 of 0,0 of 0,,,,,,,,,,,,,,,,,,,,,,,,,,,,,,,,,,,,,,,,,,,,,,,,,,,,,,,,,,,,,,,,,,,,,,,,,,,,,,,,,,,,,,,,,,,,,,,,,,,,,,,,
"February 11, 2023",Jimmy Crute,Alonzo Menifield,http://ufcstats.com/fight-details/ec03739c836fadc8,D,Decision - Majority,3,5:00,0,10 of 26,13 of 29,4 of 5,1,0,2:31,1,23 of 28,36 of 41,0 of 0,0,0,1:32,8 of 24,0 of 0,2 of 2,9 of 25,1 of 1,0 of 0,22 of 27,0 of 0,1 of 1,13 of 17,1 of 1,9 of 10,0,10 of 23,20 of 37,1 of 3,2,0,1:30,1,25 of 38,35 of 49,0 of 0,0,0,2:23,0,11 of 13,29 of 37,1 of 4,0,0,3:54,0,8 of 17,28 of 37,0 of 0,0,0,0:00,,,,,,,,,,,,,,,,,,,,,,,,,,,,,9 of 22,1 of 1,0 of 0,7 of 20,3 of 3,0 of 0,23 of 36,1 of 1,1 of 1,21 of 33,3 of 3,1 of 2,10 of 12,1 of 1,0 of 0,7 of 9,1 of 1,3 of 3,8 of 17,0 of 0,0 of 0,8 of 17,0 of 0,0 of 0,,,,,,,,,,,,,,,,,,,,,,,,
"February 11, 2023",Josh Culibao,Melsik Baghdasaryan,http://ufcstats.com/fight-details/8b7bc2af1e15b668,W,Submission,2,2:02,0,11 of 31,11 of 31,0 of 0,0,0,0:00,0,18 of 30,18 of 30,0 of 0,0,0,0:00,1 of 15,1 of 5,9 of 11,11 of 30,0 of 1,0 of 0,3 of 12,5 of 7,10 of 11,18 of 30,0 of 0,0 of 0,0,5 of 14,5 of 14,0 of 0,1,0,0:14,0,8 of 14,8 of 14,0 of 0,0,0,0:00,,,,,,,,,,,,,,,,,,,,,,,,,,,,,,,,,,,,,,,,,,,2 of 9,2 of 3,1 of 2,4 of 13,1 of 1,0 of 0,3 of 7,3 of 3,2 of 4,6 of 11,2 of 3,0 of 0,,,,,,,,,,,,,,,,,,,,,,,,,,,,,,,,,,,,
"February 11, 2023",Shannon Ross,Kleydson Rodrigues,http://ufcstats.com/fight-details/16dbe70eb7007f17,L,KO/TKO,1,0:59,0,1 of 4,1 of 4,0 of 0,0,0,0:00,1,14 of 22,16 of 24,0 of 0,0,0,0:00,0 of 1,0 of 0,1 of 3,1 of 4,0 of 0,0 of 0,8 of 16,3 of 3,3 of 3,9 of 14,5 of 7,0 of 1,,,,,,,,,,,,,,,,,,,,,,,,,,,,,,,,,,,,,,,,,,,,,,,,,,,,,,,,,,,,,,,,,,,,,,,,,,,,,,,,,,,,,,,,,,,,,,,,,,,,,,,,
"February 11, 2023",Shane Young,Blake Bilder,http://ufcstats.com/fight-details/5c962ea13cb9b937,L,Decision - Unanimous,3,5:00,0,16 of 30,16 of 30,0 of 0,0,0,0:00,0,19 of 33,27 of 42,1 of 2,0,0,1:43,3 of 17,7 of 7,6 of 6,16 of 30,0 of 0,0 of 0,8 of 22,1 of 1,10 of 10,18 of 30,0 of 0,1 of 3,0,27 of 66,28 of 67,0 of 1,0,0,0:03,0,37 of 54,37 of 54,0 of 3,0,0,0:00,0,37 of 100,37 of 100,0 of 2,0,0,0:00,0,55 of 103,62 of 110,0 of 2,0,0,0:00,,,,,,,,,,,,,,,,,,,,,,,,,,,,,15 of 49,8 of 13,4 of 4,26 of 65,1 of 1,0 of 0,15 of 27,6 of 10,16 of 17,35 of 51,2 of 3,0 of 0,24 of 85,6 of 8,7 of 7,37 of 99,0 of 1,0 of 0,39 of 85,4 of 6,12 of 12,54 of 101,1 of 2,0 of 0,,,,,,,,,,,,,,,,,,,,,,,,
"February 04, 2023",Yusaku Kinoshita,Adam Fugitt,http://ufcstats.com/fight-details/c63d8062c89c4c33,L,KO/TKO,1,4:36,0,10 of 24,11 of 25,0 of 1,0,0,0:01,0,21 of 33,33 of 54,4 of 7,0,0,2:53,6 of 20,1 of 1,3 of 3,10 of 24,0 of 0,0 of 0,16 of 23,4 of 7,1 of 3,11 of 22,4 of 4,6 of 7,,,,,,,,,,,,,,,,,,,,,,,,,,,,,,,,,,,,,,,,,,,,,,,,,,,,,,,,,,,,,,,,,,,,,,,,,,,,,,,,,,,,,,,,,,,,,,,,,,,,,,,,
"February 04, 2023",Tatsuro Taira,Jesus Aguilar,http://ufcstats.com/fight-details/a26ca06cce403ce2,W,Submission,1,4:20,0,1 of 1,5 of 5,1 of 1,2,0,3:49,0,2 of 2,2 of 2,0 of 0,1,0,0:23,1 of 1,0 of 0,0 of 0,0 of 0,0 of 0,1 of 1,0 of 0,1 of 1,1 of 1,2 of 2,0 of 0,0 of 0,,,,,,,,,,,,,,,,,,,,,,,,,,,,,,,,,,,,,,,,,,,,,,,,,,,,,,,,,,,,,,,,,,,,,,,,,,,,,,,,,,,,,,,,,,,,,,,,,,,,,,,,
"January 21, 2023",Glover Teixeira,Jamahal Hill,http://ufcstats.com/fight-details/dde7d29cc443e263,L,Decision - Unanimous,5,5:00,0,12 of 27,14 of 29,0 of 7,0,0,0:03,0,46 of 85,47 of 86,0 of 0,0,0,0:00,7 of 21,3 of 4,2 of 2,12 of 26,0 of 1,0 of 0,27 of 65,13 of 14,6 of 6,42 of 81,4 of 4,0 of 0,0,21 of 44,28 of 52,1 of 4,0,0,1:16,0,51 of 91,52 of 92,0 of 0,0,0,0:04,0,17 of 30,18 of 31,0 of 3,0,0,0:13,0,44 of 82,51 of 89,0 of 0,0,0,1:34,0,18 of 41,18 of 41,0 of 0,0,0,0:10,0,79 of 120,79 of 120,0 of 0,0,0,0:06,0,7 of 18,30 of 43,1 of 3,0,0,1:44,0,12 of 24,19 of 32,0 of 0,0,1,1:42,15 of 38,4 of 4,2 of 2,15 of 37,4 of 4,2 of 3,38 of 77,9 of 10,4 of 4,49 of 87,2 of 4,0 of 0,13 of 26,4 of 4,0 of 0,17 of 30,0 of 0,0 of 0,41 of 76,3 of 6,0 of 0,24 of 56,1 of 1,19 of 25,12 of 35,6 of 6,0 of 0,17 of 40,1 of 1,0 of 0,65 of 104,14 of 16,0 of 0,68 of 108,11 of 12,0 of 0,5 of 16,2 of 2,0 of 0,4 of 12,0 of 0,3 of 6,9 of 21,3 of 3,0 of 0,5 of 15,0 of 0,7 of 9
"January 21, 2023",Mauricio Rua,Ihor Potieria,http://ufcstats.com/fight-details/a3ef3d05ddd80a94,L,KO/TKO,1,4:05,0,17 of 31,21 of 35,0 of 0,0,0,0:01,1,21 of 41,27 of 47,0 of 2,0,0,0:38,4 of 17,3 of 4,10 of 10,17 of 31,0 of 0,0 of 0,16 of 35,3 of 4,2 of 2,13 of 31,5 of 6,3 of 4,,,,,,,,,,,,,,,,,,,,,,,,,,,,,,,,,,,,,,,,,,,,,,,,,,,,,,,,,,,,,,,,,,,,,,,,,,,,,,,,,,,,,,,,,,,,,,,,,,,,,,,,
"January 21, 2023",Gregory Rodrigues,Brunno Ferreira,http://ufcstats.com/fight-details/5ad8aa57c8d69680,L,KO/TKO,1,4:13,0,21 of 41,21 of 41,0 of 0,0,0,0:10,1,22 of 45,23 of 46,0 of 2,0,0,0:01,16 of 35,5 of 6,0 of 0,19 of 39,2 of 2,0 of 0,15 of 37,2 of 3,5 of 5,20 of 43,1 of 1,1 of 1,,,,,,,,,,,,,,,,,,,,,,,,,,,,,,,,,,,,,,,,,,,,,,,,,,,,,,,,,,,,,,,,,,,,,,,,,,,,,,,,,,,,,,,,,,,,,,,,,,,,,,,,
"January 21, 2023",Gabriel Bonfim,Mounir Lazzez,http://ufcstats.com/fight-details/7ed9e8f3258446c7,W,Submission,1,0:49,0,9 of 22,9 of 22,0 of 0,1,0,0:04,0,9 of 13,9 of 13,0 of 1,0,0,0:00,6 of 18,2 of 2,1 of 2,9 of 22,0 of 0,0 of 0,0 of 4,4 of 4,5 of 5,9 of 13,0 of 0,0 of 0,,,,,,,,,,,,,,,,,,,,,,,,,,,,,,,,,,,,,,,,,,,,,,,,,,,,,,,,,,,,,,,,,,,,,,,,,,,,,,,,,,,,,,,,,,,,,,,,,,,,,,,,
"January 21, 2023",Shamil Abdurakhimov,Jailton Almeida,http://ufcstats.com/fight-details/fffdc57255274be1,L,KO/TKO,2,2:56,0,1 of 1,3 of 3,0 of 0,0,0,0:00,0,14 of 17,25 of 31,2 of 3,0,0,4:45,1 of 1,0 of 0,0 of 0,1 of 1,0 of 0,0 of 0,14 of 17,0 of 0,0 of 0,0 of 2,0 of 0,14 of 15,0,0 of 0,0 of 0,0 of 0,0,0,0:00,0,31 of 40,64 of 79,1 of 2,0,0,2:43,,,,,,,,,,,,,,,,,,,,,,,,,,,,,,,,,,,,,,,,,,,0 of 0,0 of 0,0 of 0,0 of 0,0 of 0,0 of 0,30 of 38,0 of 0,1 of 2,1 of 3,0 of 0,30 of 37,,,,,,,,,,,,,,,,,,,,,,,,,,,,,,,,,,,,
"January 21, 2023",Ismael Bonfim,Terrance McKinney,http://ufcstats.com/fight-details/911b73db91738da6,W,KO/TKO,2,2:17,0,17 of 22,21 of 26,1 of 4,0,0,0:47,0,7 of 19,13 of 25,0 of 1,0,0,2:11,5 of 10,10 of 10,2 of 2,8 of 13,9 of 9,0 of 0,4 of 15,3 of 4,0 of 0,5 of 16,0 of 1,2 of 2,1,17 of 27,17 of 27,0 of 0,0,0,0:01,0,7 of 30,7 of 30,0 of 1,0,0,0:05,,,,,,,,,,,,,,,,,,,,,,,,,,,,,,,,,,,,,,,,,,,11 of 20,6 of 7,0 of 0,16 of 26,1 of 1,0 of 0,6 of 28,1 of 2,0 of 0,7 of 29,0 of 1,0 of 0,,,,,,,,,,,,,,,,,,,,,,,,,,,,,,,,,,,,
"January 21, 2023",Saimon Oliveira,Daniel Marcos,http://ufcstats.com/fight-details/1d35e4c0941d1397,L,KO/TKO,2,2:18,0,13 of 40,15 of 43,0 of 4,0,0,2:05,0,27 of 40,31 of 44,0 of 1,0,0,0:42,4 of 27,3 of 5,6 of 8,10 of 35,3 of 5,0 of 0,16 of 28,10 of 11,1 of 1,17 of 30,10 of 10,0 of 0,0,10 of 30,10 of 30,0 of 1,0,0,0:10,1,26 of 38,28 of 40,0 of 0,0,0,0:18,,,,,,,,,,,,,,,,,,,,,,,,,,,,,,,,,,,,,,,,,,,3 of 20,0 of 2,7 of 8,10 of 28,0 of 2,0 of 0,15 of 24,10 of 12,1 of 2,19 of 28,6 of 9,1 of 1,,,,,,,,,,,,,,,,,,,,,,,,,,,,,,,,,,,,
"January 14, 2023",Dan Ige,Damon Jackson,http://ufcstats.com/fight-details/c88a7dbe7717d2da,W,KO/TKO,2,4:13,0,21 of 45,26 of 51,1 of 1,0,0,0:07,0,13 of 45,13 of 45,0 of 1,0,0,0:01,13 of 34,6 of 8,2 of 3,15 of 37,6 of 8,0 of 0,7 of 37,4 of 6,2 of 2,11 of 42,2 of 3,0 of 0,1,13 of 29,14 of 30,0 of 0,0,0,0:11,0,23 of 55,25 of 57,0 of 0,0,0,0:00,,,,,,,,,,,,,,,,,,,,,,,,,,,,,,,,,,,,,,,,,,,4 of 20,7 of 7,2 of 2,13 of 28,0 of 1,0 of 0,15 of 44,6 of 9,2 of 2,21 of 50,2 of 5,0 of 0,,,,,,,,,,,,,,,,,,,,,,,,,,,,,,,,,,,,
"January 14, 2023",Punahele Soriano,Roman Kopylov,http://ufcstats.com/fight-details/d4420be78065de03,L,KO/TKO,2,3:19,0,18 of 46,18 of 46,0 of 2,0,0,0:01,0,35 of 62,35 of 62,1 of 1,0,0,0:10,18 of 46,0 of 0,0 of 0,17 of 45,1 of 1,0 of 0,22 of 49,4 of 4,9 of 9,34 of 61,1 of 1,0 of 0,0,21 of 61,21 of 61,0 of 1,0,0,0:05,0,47 of 66,47 of 66,0 of 0,0,0,0:00,,,,,,,,,,,,,,,,,,,,,,,,,,,,,,,,,,,,,,,,,,,17 of 55,4 of 6,0 of 0,16 of 53,5 of 8,0 of 0,34 of 52,10 of 11,3 of 3,42 of 59,5 of 7,0 of 0,,,,,,,,,,,,,,,,,,,,,,,,,,,,,,,,,,,,
"January 14, 2023",Claudio Ribeiro,Abdul Razak Alhassan,http://ufcstats.com/fight-details/5305049e4215d263,L,KO/TKO,2,0:28,0,14 of 21,37 of 44,0 of 0,0,0,0:16,0,9 of 16,22 of 29,0 of 2,0,0,3:08,3 of 10,3 of 3,8 of 8,12 of 19,2 of 2,0 of 0,6 of 13,3 of 3,0 of 0,2 of 9,7 of 7,0 of 0,0,5 of 10,5 of 10,0 of 0,0,0,0:00,1,8 of 12,8 of 12,0 of 0,0,0,0:01,,,,,,,,,,,,,,,,,,,,,,,,,,,,,,,,,,,,,,,,,,,3 of 8,0 of 0,2 of 2,5 of 10,0 of 0,0 of 0,7 of 11,1 of 1,0 of 0,7 of 11,1 of 1,0 of 0,,,,,,,,,,,,,,,,,,,,,,,,,,,,,,,,,,,,
"January 14, 2023",Mateusz Rebecki,Nick Fiore,http://ufcstats.com/fight-details/76b6058cddda9238,W,Decision - Unanimous,3,5:00,0,54 of 101,59 of 107,1 of 1,0,0,1:32,0,20 of 53,23 of 57,0 of 0,0,0,0:00,32 of 73,17 of 23,5 of 5,43 of 85,2 of 6,9 of 10,14 of 42,5 of 8,1 of 3,17 of 47,3 of 6,0 of 0,0,23 of 49,42 of 76,1 of 2,0,0,2:43,0,11 of 31,19 of 39,1 of 2,0,0,0:30,0,12 of 21,29 of 45,1 of 1,0,0,4:12,0,3 of 9,10 of 17,0 of 1,0,0,0:04,,,,,,,,,,,,,,,,,,,,,,,,,,,,,12 of 35,8 of 11,3 of 3,17 of 42,0 of 1,6 of 6,8 of 26,2 of 4,1 of 1,8 of 27,2 of 3,1 of 1,9 of 17,2 of 3,1 of 1,3 of 11,2 of 3,7 of 7,3 of 8,0 of 1,0 of 0,3 of 9,0 of 0,0 of 0,,,,,,,,,,,,,,,,,,,,,,,,
"January 14, 2023",Allan Nascimento,Carlos Hernandez,http://ufcstats.com/fight-details/c9144a294c73b06f,W,Submission,1,3:16,0,6 of 11,9 of 14,2 of 4,1,0,2:23,0,3 of 7,3 of 7,0 of 0,0,0,0:00,2 of 5,2 of 3,2 of 3,6 of 11,0 of 0,0 of 0,2 of 5,1 of 2,0 of 0,3 of 7,0 of 0,0 of 0,,,,,,,,,,,,,,,,,,,,,,,,,,,,,,,,,,,,,,,,,,,,,,,,,,,,,,,,,,,,,,,,,,,,,,,,,,,,,,,,,,,,,,,,,,,,,,,,,,,,,,,,
"January 14, 2023",Charles Johnson,Jimmy Flick,http://ufcstats.com/fight-details/b6723b9c6ff4d594,W,KO/TKO,1,4:33,0,34 of 57,44 of 77,0 of 0,0,1,1:39,0,7 of 13,7 of 13,1 of 3,0,0,0:24,20 of 39,10 of 14,4 of 4,22 of 38,0 of 0,12 of 19,3 of 6,3 of 4,1 of 3,7 of 13,0 of 0,0 of 0,,,,,,,,,,,,,,,,,,,,,,,,,,,,,,,,,,,,,,,,,,,,,,,,,,,,,,,,,,,,,,,,,,,,,,,,,,,,,,,,,,,,,,,,,,,,,,,,,,,,,,,,
"December 17, 2022",Amir Albazi,Alessandro Costa,http://ufcstats.com/fight-details/d95eeba3de7ecac5,W,KO/TKO,3,2:13,0,9 of 32,10 of 33,0 of 3,0,0,0:35,0,11 of 41,13 of 43,0 of 0,0,0,0:00,5 of 28,2 of 2,2 of 2,9 of 32,0 of 0,0 of 0,3 of 31,4 of 6,4 of 4,11 of 41,0 of 0,0 of 0,1,18 of 29,42 of 57,0 of 0,0,0,4:24,0,1 of 9,19 of 40,0 of 0,0,0,0:00,1,10 of 20,10 of 20,1 of 1,0,0,0:55,0,5 of 21,6 of 24,0 of 0,0,0,0:00,,,,,,,,,,,,,,,,,,,,,,,,,,,,,12 of 23,5 of 5,1 of 1,6 of 9,0 of 0,12 of 20,1 of 9,0 of 0,0 of 0,1 of 9,0 of 0,0 of 0,6 of 16,3 of 3,1 of 1,8 of 17,0 of 0,2 of 3,2 of 15,2 of 4,1 of 2,4 of 20,1 of 1,0 of 0,,,,,,,,,,,,,,,,,,,,,,,,
"December 17, 2022",Alex Caceres,Julian Erosa,http://ufcstats.com/fight-details/9c1a2ac64c98d2f6,W,KO/TKO,1,3:04,1,16 of 30,16 of 30,0 of 0,0,0,0:05,0,10 of 22,10 of 22,0 of 0,0,0,0:00,9 of 19,3 of 6,4 of 5,13 of 24,0 of 0,3 of 6,2 of 11,3 of 4,5 of 7,10 of 22,0 of 0,0 of 0,,,,,,,,,,,,,,,,,,,,,,,,,,,,,,,,,,,,,,,,,,,,,,,,,,,,,,,,,,,,,,,,,,,,,,,,,,,,,,,,,,,,,,,,,,,,,,,,,,,,,,,,
"December 17, 2022",Cody Brundage,Michal Oleksiejczuk,http://ufcstats.com/fight-details/e0444752d18fda7f,L,KO/TKO,1,3:16,0,0 of 2,1 of 3,3 of 3,0,0,1:53,0,15 of 29,25 of 40,0 of 0,0,1,1:12,0 of 2,0 of 0,0 of 0,0 of 2,0 of 0,0 of 0,13 of 27,2 of 2,0 of 0,0 of 1,0 of 0,15 of 28,,,,,,,,,,,,,,,,,,,,,,,,,,,,,,,,,,,,,,,,,,,,,,,,,,,,,,,,,,,,,,,,,,,,,,,,,,,,,,,,,,,,,,,,,,,,,,,,,,,,,,,,
"December 17, 2022",Cheyanne Vlismas,Cory McKenna,http://ufcstats.com/fight-details/c960184a583f1861,L,Decision - Unanimous,3,5:00,0,17 of 45,20 of 49,0 of 0,0,0,0:02,0,13 of 61,21 of 77,1 of 1,0,0,0:51,12 of 36,1 of 5,4 of 4,17 of 45,0 of 0,0 of 0,11 of 56,1 of 4,1 of 1,13 of 61,0 of 0,0 of 0,0,14 of 23,32 of 42,0 of 0,0,0,0:01,0,6 of 15,24 of 52,1 of 2,0,0,4:06,0,2 of 6,14 of 22,0 of 0,1,0,0:00,0,3 of 5,58 of 87,0 of 0,0,0,4:44,,,,,,,,,,,,,,,,,,,,,,,,,,,,,7 of 15,6 of 6,1 of 2,5 of 13,3 of 3,6 of 7,4 of 12,1 of 2,1 of 1,4 of 12,2 of 3,0 of 0,1 of 3,1 of 2,0 of 1,1 of 5,0 of 0,1 of 1,2 of 4,1 of 1,0 of 0,1 of 3,0 of 0,2 of 2,,,,,,,,,,,,,,,,,,,,,,,,
"December 17, 2022",Rafa Garcia,Maheshate,http://ufcstats.com/fight-details/efc64d8aae5628c9,W,Decision - Unanimous,3,5:00,0,16 of 29,16 of 31,0 of 2,0,0,0:29,0,11 of 62,11 of 63,0 of 0,0,0,0:00,8 of 17,6 of 9,2 of 3,15 of 28,1 of 1,0 of 0,7 of 47,3 of 14,1 of 1,10 of 60,1 of 2,0 of 0,0,13 of 36,27 of 54,3 of 4,0,0,2:26,0,8 of 52,8 of 52,0 of 0,0,0,0:00,0,20 of 33,36 of 53,3 of 5,0,0,3:15,0,6 of 27,11 of 33,0 of 0,0,0,0:00,,,,,,,,,,,,,,,,,,,,,,,,,,,,,8 of 28,3 of 6,2 of 2,6 of 20,5 of 6,2 of 10,5 of 42,3 of 10,0 of 0,8 of 52,0 of 0,0 of 0,13 of 25,2 of 2,5 of 6,7 of 16,5 of 6,8 of 11,4 of 21,2 of 5,0 of 1,5 of 26,0 of 0,1 of 1,,,,,,,,,,,,,,,,,,,,,,,,
"December 10, 2022",Raul Rosas Jr.,Jay Perrin,http://ufcstats.com/fight-details/fd7421f421e802bd,W,Submission,1,2:44,0,3 of 7,9 of 14,2 of 3,2,0,2:12,0,4 of 8,4 of 8,0 of 0,0,0,0:00,2 of 5,0 of 0,1 of 2,3 of 7,0 of 0,0 of 0,3 of 7,0 of 0,1 of 1,4 of 8,0 of 0,0 of 0,,,,,,,,,,,,,,,,,,,,,,,,,,,,,,,,,,,,,,,,,,,,,,,,,,,,,,,,,,,,,,,,,,,,,,,,,,,,,,,,,,,,,,,,,,,,,,,,,,,,,,,,
"December 10, 2022",Edmen Shahbazyan,Dalcha Lungiambula,http://ufcstats.com/fight-details/4e9d76ed54f1f352,W,KO/TKO,2,4:41,0,20 of 35,26 of 41,0 of 0,0,0,0:52,0,11 of 22,14 of 25,0 of 1,0,0,0:15,4 of 16,13 of 15,3 of 4,17 of 32,3 of 3,0 of 0,1 of 8,5 of 9,5 of 5,11 of 22,0 of 0,0 of 0,0,34 of 72,34 of 72,0 of 0,0,0,0:16,0,12 of 26,12 of 26,0 of 3,0,0,0:00,,,,,,,,,,,,,,,,,,,,,,,,,,,,,,,,,,,,,,,,,,,27 of 62,7 of 10,0 of 0,20 of 40,4 of 7,10 of 25,5 of 16,6 of 9,1 of 1,11 of 24,1 of 2,0 of 0,,,,,,,,,,,,,,,,,,,,,,,,,,,,,,,,,,,,
"December 10, 2022",Chris Curtis,Joaquin Buckley,http://ufcstats.com/fight-details/a346180c8b109469,W,KO/TKO,2,2:49,0,19 of 49,19 of 49,0 of 0,0,0,0:00,0,29 of 91,29 of 91,0 of 0,0,0,0:00,11 of 38,2 of 3,6 of 8,19 of 49,0 of 0,0 of 0,12 of 71,11 of 13,6 of 7,27 of 87,2 of 4,0 of 0,1,17 of 38,17 of 38,0 of 0,0,0,0:06,0,21 of 72,21 of 72,0 of 0,0,0,0:00,,,,,,,,,,,,,,,,,,,,,,,,,,,,,,,,,,,,,,,,,,,14 of 34,1 of 2,2 of 2,10 of 29,1 of 1,6 of 8,15 of 63,4 of 7,2 of 2,21 of 72,0 of 0,0 of 0,,,,,,,,,,,,,,,,,,,,,,,,,,,,,,,,,,,,
"December 10, 2022",Billy Quarantillo,Alexander Hernandez,http://ufcstats.com/fight-details/a1a5d06b0e7ada62,W,KO/TKO,2,4:30,0,19 of 48,45 of 74,0 of 1,0,0,0:00,0,32 of 60,38 of 66,2 of 2,1,0,2:53,9 of 36,6 of 7,4 of 5,17 of 45,2 of 3,0 of 0,21 of 41,3 of 6,8 of 13,19 of 42,7 of 9,6 of 9,0,68 of 103,82 of 120,2 of 3,0,0,1:20,0,16 of 34,21 of 39,0 of 4,0,0,1:15,,,,,,,,,,,,,,,,,,,,,,,,,,,,,,,,,,,,,,,,,,,52 of 87,11 of 11,5 of 5,35 of 64,19 of 19,14 of 20,12 of 29,2 of 3,2 of 2,15 of 32,1 of 2,0 of 0,,,,,,,,,,,,,,,,,,,,,,,,,,,,,,,,,,,,
"December 10, 2022",TJ Brown,Erik Silva,http://ufcstats.com/fight-details/2d9d966e0e8df232,W,Submission,3,3:41,0,10 of 14,21 of 29,1 of 6,0,1,3:01,0,9 of 11,14 of 17,2 of 2,0,1,1:35,8 of 11,2 of 3,0 of 0,5 of 8,5 of 6,0 of 0,5 of 7,3 of 3,1 of 1,3 of 5,6 of 6,0 of 0,0,7 of 14,36 of 49,0 of 0,0,1,3:14,0,10 of 15,14 of 20,1 of 1,0,0,1:00,0,7 of 10,25 of 31,1 of 1,1,0,3:28,0,2 of 3,4 of 5,0 of 1,0,0,0:00,,,,,,,,,,,,,,,,,,,,,,,,,,,,,6 of 13,1 of 1,0 of 0,7 of 14,0 of 0,0 of 0,6 of 10,2 of 3,2 of 2,9 of 13,0 of 0,1 of 2,6 of 9,1 of 1,0 of 0,1 of 3,1 of 1,5 of 6,1 of 2,1 of 1,0 of 0,1 of 2,1 of 1,0 of 0,,,,,,,,,,,,,,,,,,,,,,,,
"December 10, 2022",Cameron Saaiman,Steven Koslow,http://ufcstats.com/fight-details/5bc31abb5842942a,W,KO/TKO,3,4:13,0,4 of 9,20 of 26,0 of 0,0,2,2:34,0,3 of 7,7 of 12,1 of 1,0,1,1:39,2 of 5,0 of 2,2 of 2,3 of 8,0 of 0,1 of 1,2 of 6,0 of 0,1 of 1,1 of 2,0 of 0,2 of 5,0,20 of 31,32 of 46,0 of 0,0,2,1:19,0,5 of 13,9 of 19,2 of 5,1,1,2:09,0,29 of 49,53 of 77,0 of 0,0,2,2:36,0,3 of 9,4 of 11,2 of 3,0,0,0:52,,,,,,,,,,,,,,,,,,,,,,,,,,,,,11 of 21,7 of 8,2 of 2,8 of 17,5 of 5,7 of 9,4 of 11,0 of 1,1 of 1,5 of 11,0 of 2,0 of 0,25 of 43,2 of 4,2 of 2,12 of 25,4 of 6,13 of 18,2 of 8,1 of 1,0 of 0,2 of 8,1 of 1,0 of 0,,,,,,,,,,,,,,,,,,,,,,,,
"December 03, 2022",Stephen Thompson,Kevin Holland,http://ufcstats.com/fight-details/a419e6df765aa755,W,KO/TKO,4,5:00,0,34 of 47,38 of 51,0 of 0,0,0,0:00,0,49 of 70,52 of 73,0 of 0,0,0,0:27,21 of 31,8 of 10,5 of 6,31 of 44,3 of 3,0 of 0,22 of 39,11 of 13,16 of 18,37 of 57,12 of 13,0 of 0,0,38 of 67,40 of 69,0 of 0,0,0,0:04,0,33 of 66,33 of 66,1 of 1,0,0,0:06,0,43 of 76,48 of 81,0 of 0,0,0,0:06,0,25 of 50,25 of 50,1 of 1,0,0,0:16,0,48 of 70,52 of 77,0 of 0,0,0,0:37,0,12 of 24,13 of 25,0 of 4,0,0,0:32,,,,,,,,,,,,,,,25 of 53,10 of 11,3 of 3,36 of 64,2 of 3,0 of 0,16 of 45,4 of 5,13 of 16,28 of 61,5 of 5,0 of 0,34 of 66,6 of 7,3 of 3,41 of 71,2 of 5,0 of 0,9 of 32,4 of 5,12 of 13,23 of 48,2 of 2,0 of 0,23 of 42,18 of 21,7 of 7,42 of 62,6 of 8,0 of 0,5 of 15,4 of 6,3 of 3,9 of 21,3 of 3,0 of 0,,,,,,,,,,,,
"December 03, 2022",Eryk Anders,Kyle Daukaus,http://ufcstats.com/fight-details/ca0f0a35a1fcb453,W,KO/TKO,2,2:45,1,29 of 62,36 of 75,1 of 1,0,0,0:58,0,33 of 63,33 of 63,0 of 2,0,0,0:06,12 of 43,9 of 9,8 of 10,20 of 46,5 of 7,4 of 9,13 of 43,8 of 8,12 of 12,31 of 61,2 of 2,0 of 0,0,20 of 32,61 of 84,0 of 0,0,0,1:28,0,4 of 16,5 of 20,0 of 6,0,0,0:38,,,,,,,,,,,,,,,,,,,,,,,,,,,,,,,,,,,,,,,,,,,15 of 27,5 of 5,0 of 0,3 of 9,1 of 1,16 of 22,1 of 12,0 of 1,3 of 3,4 of 15,0 of 0,0 of 1,,,,,,,,,,,,,,,,,,,,,,,,,,,,,,,,,,,,
"December 03, 2022",Darren Elkins,Jonathan Pearce,http://ufcstats.com/fight-details/be977e524ef56aa4,L,Decision - Unanimous,3,5:00,0,11 of 57,14 of 60,1 of 2,0,0,0:28,0,30 of 64,35 of 70,1 of 1,0,0,0:42,9 of 51,2 of 6,0 of 0,10 of 55,1 of 2,0 of 0,16 of 47,11 of 14,3 of 3,21 of 51,4 of 5,5 of 8,0,15 of 47,22 of 54,1 of 2,0,0,0:18,0,44 of 68,74 of 106,0 of 3,0,1,2:29,0,31 of 89,31 of 89,0 of 1,0,0,0:02,0,36 of 90,45 of 100,1 of 3,0,0,0:22,,,,,,,,,,,,,,,,,,,,,,,,,,,,,14 of 43,1 of 3,0 of 1,10 of 37,5 of 10,0 of 0,37 of 61,3 of 3,4 of 4,13 of 27,8 of 10,23 of 31,24 of 82,6 of 6,1 of 1,29 of 85,2 of 4,0 of 0,27 of 80,4 of 5,5 of 5,32 of 81,2 of 5,2 of 4,,,,,,,,,,,,,,,,,,,,,,,,
"December 03, 2022",Natan Levy,Genaro Valdez,http://ufcstats.com/fight-details/30abc50a2e71c576,W,Decision - Unanimous,3,5:00,0,34 of 70,34 of 70,0 of 0,0,0,0:00,0,19 of 60,19 of 60,0 of 0,0,0,0:00,7 of 36,13 of 19,14 of 15,34 of 70,0 of 0,0 of 0,6 of 38,4 of 11,9 of 11,19 of 60,0 of 0,0 of 0,0,13 of 30,13 of 30,1 of 3,0,0,2:19,0,21 of 59,30 of 68,0 of 0,0,0,0:00,0,20 of 35,22 of 37,5 of 7,0,0,2:21,0,9 of 39,13 of 45,0 of 0,0,0,0:01,,,,,,,,,,,,,,,,,,,,,,,,,,,,,5 of 20,6 of 8,2 of 2,12 of 29,1 of 1,0 of 0,12 of 47,6 of 9,3 of 3,15 of 52,3 of 4,3 of 3,10 of 23,6 of 7,4 of 5,20 of 35,0 of 0,0 of 0,8 of 36,0 of 2,1 of 1,7 of 36,2 of 3,0 of 0,,,,,,,,,,,,,,,,,,,,,,,,
"December 03, 2022",Marcelo Rojo,Francis Marshall,http://ufcstats.com/fight-details/1114cd1515cf3b8f,L,KO/TKO,2,1:14,0,18 of 26,35 of 44,0 of 0,0,0,0:00,0,11 of 44,17 of 51,1 of 3,0,0,2:43,12 of 20,1 of 1,5 of 5,12 of 19,1 of 1,5 of 6,8 of 41,2 of 2,1 of 1,7 of 40,1 of 1,3 of 3,0,13 of 21,13 of 21,0 of 0,0,0,0:00,1,12 of 37,12 of 38,0 of 0,0,0,0:04,,,,,,,,,,,,,,,,,,,,,,,,,,,,,,,,,,,,,,,,,,,8 of 15,3 of 4,2 of 2,12 of 20,1 of 1,0 of 0,12 of 37,0 of 0,0 of 0,8 of 32,1 of 1,3 of 4,,,,,,,,,,,,,,,,,,,,,,,,,,,,,,,,,,,,
"November 19, 2022",Kennedy Nzechukwu,Ion Cutelaba,http://ufcstats.com/fight-details/c33257dd0605c7de,W,KO/TKO,2,1:02,0,2 of 6,2 of 6,0 of 1,0,0,1:07,0,5 of 6,26 of 37,2 of 6,0,0,3:32,2 of 6,0 of 0,0 of 0,2 of 6,0 of 0,0 of 0,4 of 5,0 of 0,1 of 1,4 of 4,0 of 1,1 of 1,1,22 of 36,22 of 36,0 of 0,0,0,0:07,0,4 of 20,4 of 20,0 of 2,0,0,0:00,,,,,,,,,,,,,,,,,,,,,,,,,,,,,,,,,,,,,,,,,,,20 of 34,2 of 2,0 of 0,13 of 26,0 of 0,9 of 10,3 of 18,0 of 1,1 of 1,4 of 20,0 of 0,0 of 0,,,,,,,,,,,,,,,,,,,,,,,,,,,,,,,,,,,,
"November 19, 2022",Chase Sherman,Waldo Cortes Acosta,http://ufcstats.com/fight-details/110f539523a4b571,L,Decision - Unanimous,3,5:00,0,18 of 50,23 of 55,1 of 1,0,0,1:03,0,29 of 71,29 of 73,0 of 0,0,0,0:04,6 of 36,4 of 5,8 of 9,18 of 48,0 of 2,0 of 0,19 of 60,6 of 7,4 of 4,27 of 69,2 of 2,0 of 0,0,21 of 48,22 of 51,0 of 1,0,0,0:28,0,71 of 121,73 of 123,0 of 0,0,0,0:09,0,27 of 79,28 of 81,0 of 0,0,0,0:03,0,47 of 86,47 of 86,0 of 0,0,0,0:00,,,,,,,,,,,,,,,,,,,,,,,,,,,,,8 of 34,6 of 7,7 of 7,21 of 47,0 of 1,0 of 0,66 of 113,5 of 8,0 of 0,68 of 116,3 of 5,0 of 0,11 of 60,6 of 7,10 of 12,27 of 79,0 of 0,0 of 0,39 of 74,6 of 10,2 of 2,47 of 86,0 of 0,0 of 0,,,,,,,,,,,,,,,,,,,,,,,,
"November 19, 2022",Jack Della Maddalena,Danny Roberts,http://ufcstats.com/fight-details/d0c01840c72429c6,W,KO/TKO,1,3:24,2,33 of 60,41 of 68,0 of 0,0,0,0:34,0,5 of 33,5 of 33,0 of 1,0,0,0:15,23 of 41,9 of 16,1 of 3,27 of 50,2 of 2,4 of 8,2 of 29,1 of 2,2 of 2,4 of 32,1 of 1,0 of 0,,,,,,,,,,,,,,,,,,,,,,,,,,,,,,,,,,,,,,,,,,,,,,,,,,,,,,,,,,,,,,,,,,,,,,,,,,,,,,,,,,,,,,,,,,,,,,,,,,,,,,,,
"November 19, 2022",Vince Morales,Miles Johns,http://ufcstats.com/fight-details/594435375d641f63,L,Decision - Unanimous,3,5:00,0,8 of 32,8 of 32,0 of 0,0,0,0:00,0,10 of 26,10 of 26,0 of 1,0,0,0:02,6 of 27,1 of 3,1 of 2,8 of 32,0 of 0,0 of 0,7 of 23,1 of 1,2 of 2,10 of 25,0 of 1,0 of 0,0,11 of 43,13 of 45,0 of 0,0,0,0:02,0,13 of 32,13 of 32,1 of 3,0,0,0:35,0,20 of 56,26 of 62,0 of 0,0,0,0:03,0,15 of 45,22 of 52,0 of 8,0,0,1:31,,,,,,,,,,,,,,,,,,,,,,,,,,,,,6 of 35,5 of 7,0 of 1,9 of 41,2 of 2,0 of 0,8 of 27,2 of 2,3 of 3,13 of 32,0 of 0,0 of 0,16 of 50,3 of 5,1 of 1,19 of 54,1 of 2,0 of 0,13 of 42,1 of 2,1 of 1,15 of 45,0 of 0,0 of 0,,,,,,,,,,,,,,,,,,,,,,,,
"November 19, 2022",Ricky Turcios,Kevin Natividad,http://ufcstats.com/fight-details/0f2983fe7753403f,W,Decision - Split,3,5:00,0,17 of 27,49 of 62,2 of 2,0,2,2:30,0,9 of 19,11 of 22,2 of 3,0,0,1:30,16 of 26,0 of 0,1 of 1,4 of 10,1 of 4,12 of 13,4 of 14,3 of 3,2 of 2,5 of 13,2 of 3,2 of 3,0,22 of 39,52 of 70,0 of 2,0,1,1:26,0,17 of 29,32 of 49,3 of 5,0,0,2:20,0,29 of 49,69 of 92,0 of 1,1,0,2:21,1,15 of 33,18 of 38,2 of 5,0,0,1:10,,,,,,,,,,,,,,,,,,,,,,,,,,,,,20 of 37,1 of 1,1 of 1,11 of 25,3 of 6,8 of 8,14 of 25,2 of 3,1 of 1,8 of 16,3 of 5,6 of 8,29 of 49,0 of 0,0 of 0,13 of 28,1 of 1,15 of 20,15 of 31,0 of 1,0 of 1,10 of 26,0 of 1,5 of 6,,,,,,,,,,,,,,,,,,,,,,,,
"November 19, 2022",Vanessa Demopoulos,Maria Oliveira,http://ufcstats.com/fight-details/bd064deb3494b41a,W,Decision - Unanimous,3,5:00,0,14 of 23,31 of 43,1 of 1,0,0,2:39,0,24 of 46,28 of 50,0 of 0,0,0,0:00,7 of 15,2 of 2,5 of 6,7 of 14,0 of 0,7 of 9,15 of 37,4 of 4,5 of 5,24 of 46,0 of 0,0 of 0,1,27 of 36,58 of 71,0 of 1,0,0,2:40,0,24 of 43,28 of 47,0 of 0,0,0,0:00,0,14 of 21,32 of 40,1 of 2,0,0,2:40,0,35 of 65,39 of 69,0 of 0,0,0,0:01,,,,,,,,,,,,,,,,,,,,,,,,,,,,,23 of 32,3 of 3,1 of 1,7 of 14,3 of 3,17 of 19,15 of 32,7 of 8,2 of 3,22 of 41,2 of 2,0 of 0,14 of 21,0 of 0,0 of 0,4 of 11,0 of 0,10 of 10,25 of 55,9 of 9,1 of 1,34 of 64,1 of 1,0 of 0,,,,,,,,,,,,,,,,,,,,,,,,
"November 19, 2022",Brady Hiestand,Fernie Garcia,http://ufcstats.com/fight-details/a3696c847ef6c7f9,W,Decision - Unanimous,3,5:00,0,3 of 9,13 of 24,1 of 3,0,0,3:25,0,6 of 11,30 of 38,0 of 0,1,1,0:53,2 of 8,1 of 1,0 of 0,3 of 9,0 of 0,0 of 0,4 of 9,0 of 0,2 of 2,5 of 10,0 of 0,1 of 1,0,16 of 23,18 of 26,1 of 3,0,0,1:25,0,14 of 30,28 of 46,1 of 2,0,0,0:29,0,0 of 2,25 of 32,1 of 2,1,0,4:24,0,1 of 3,28 of 41,0 of 0,0,0,0:00,,,,,,,,,,,,,,,,,,,,,,,,,,,,,8 of 14,3 of 4,5 of 5,13 of 20,2 of 2,1 of 1,9 of 25,1 of 1,4 of 4,14 of 30,0 of 0,0 of 0,0 of 1,0 of 0,0 of 1,0 of 2,0 of 0,0 of 0,0 of 2,0 of 0,1 of 1,1 of 3,0 of 0,0 of 0,,,,,,,,,,,,,,,,,,,,,,,,
"November 19, 2022",Natalia Silva,Tereza Bleda,http://ufcstats.com/fight-details/33719a2d9c69ed17,W,KO/TKO,3,1:27,0,6 of 9,9 of 12,0 of 2,0,1,2:01,0,4 of 7,11 of 14,0 of 3,2,0,2:19,2 of 4,1 of 2,3 of 3,6 of 7,0 of 2,0 of 0,1 of 2,3 of 5,0 of 0,1 of 3,3 of 4,0 of 0,0,24 of 38,37 of 51,0 of 0,0,0,0:09,0,10 of 22,10 of 23,1 of 4,0,0,2:27,1,15 of 25,16 of 26,0 of 1,0,0,0:03,0,4 of 18,4 of 18,0 of 0,0,0,0:10,,,,,,,,,,,,,,,,,,,,,,,,,,,,,14 of 27,3 of 4,7 of 7,23 of 37,1 of 1,0 of 0,5 of 16,3 of 4,2 of 2,8 of 19,2 of 3,0 of 0,10 of 19,3 of 3,2 of 3,12 of 21,0 of 0,3 of 4,2 of 15,1 of 1,1 of 2,4 of 18,0 of 0,0 of 0,,,,,,,,,,,,,,,,,,,,,,,,
"November 12, 2022",Dominick Reyes,Ryan Spann,http://ufcstats.com/fight-details/6f22afbc5f8e0bd3,L,KO/TKO,1,1:20,0,5 of 12,5 of 12,0 of 0,0,0,0:00,1,8 of 17,8 of 17,0 of 1,0,0,0:03,1 of 8,4 of 4,0 of 0,5 of 12,0 of 0,0 of 0,7 of 16,1 of 1,0 of 0,7 of 16,0 of 0,1 of 1,,,,,,,,,,,,,,,,,,,,,,,,,,,,,,,,,,,,,,,,,,,,,,,,,,,,,,,,,,,,,,,,,,,,,,,,,,,,,,,,,,,,,,,,,,,,,,,,,,,,,,,,
"November 12, 2022",Matt Frevola,Ottman Azaitar,http://ufcstats.com/fight-details/40707ddc9fdea500,W,KO/TKO,1,2:30,1,11 of 27,12 of 28,0 of 0,0,0,0:02,0,10 of 22,11 of 23,0 of 0,0,0,0:00,10 of 24,1 of 2,0 of 1,7 of 22,2 of 3,2 of 2,6 of 17,4 of 5,0 of 0,10 of 21,0 of 1,0 of 0,,,,,,,,,,,,,,,,,,,,,,,,,,,,,,,,,,,,,,,,,,,,,,,,,,,,,,,,,,,,,,,,,,,,,,,,,,,,,,,,,,,,,,,,,,,,,,,,,,,,,,,,
"November 12, 2022",Julio Arce,Montel Jackson,http://ufcstats.com/fight-details/bee95769a221af9a,L,Decision - Unanimous,3,5:00,0,4 of 22,9 of 27,1 of 2,0,0,0:06,0,5 of 17,15 of 29,0 of 1,0,0,2:09,2 of 16,1 of 3,1 of 3,4 of 22,0 of 0,0 of 0,3 of 15,1 of 1,1 of 1,4 of 16,1 of 1,0 of 0,0,15 of 58,25 of 72,0 of 0,0,0,0:00,0,19 of 46,24 of 54,0 of 2,0,0,1:12,0,7 of 46,10 of 57,0 of 0,0,0,0:00,1,24 of 43,25 of 44,0 of 0,0,0,2:34,,,,,,,,,,,,,,,,,,,,,,,,,,,,,7 of 47,5 of 8,3 of 3,15 of 58,0 of 0,0 of 0,13 of 39,3 of 4,3 of 3,18 of 44,1 of 2,0 of 0,4 of 39,2 of 6,1 of 1,6 of 44,1 of 2,0 of 0,23 of 41,1 of 2,0 of 0,11 of 22,2 of 2,11 of 19,,,,,,,,,,,,,,,,,,,,,,,,
"November 05, 2022",Neil Magny,Daniel Rodriguez,http://ufcstats.com/fight-details/b279559f15ecf29b,W,Submission,3,3:33,0,22 of 39,38 of 59,2 of 3,0,0,1:37,0,20 of 36,21 of 37,0 of 1,0,0,0:15,14 of 29,6 of 8,2 of 2,16 of 31,5 of 7,1 of 1,5 of 19,6 of 8,9 of 9,20 of 36,0 of 0,0 of 0,0,27 of 52,33 of 59,0 of 0,0,0,0:27,0,35 of 53,37 of 55,0 of 0,0,0,0:22,0,8 of 18,35 of 51,3 of 4,1,0,2:04,0,11 of 19,13 of 21,0 of 0,0,0,0:39,,,,,,,,,,,,,,,,,,,,,,,,,,,,,18 of 41,8 of 10,1 of 1,22 of 45,5 of 7,0 of 0,25 of 43,6 of 6,4 of 4,32 of 50,3 of 3,0 of 0,6 of 15,2 of 3,0 of 0,8 of 18,0 of 0,0 of 0,6 of 14,3 of 3,2 of 2,11 of 17,0 of 0,0 of 2,,,,,,,,,,,,,,,,,,,,,,,,
"November 05, 2022",Grant Dawson,Mark Madsen,http://ufcstats.com/fight-details/1535fb6549fa8bab,W,Submission,3,2:05,0,1 of 1,27 of 31,1 of 2,0,0,4:22,0,5 of 10,18 of 28,0 of 0,0,0,0:24,0 of 0,0 of 0,1 of 1,1 of 1,0 of 0,0 of 0,5 of 10,0 of 0,0 of 0,2 of 4,0 of 0,3 of 6,0,6 of 12,13 of 21,1 of 4,0,0,4:22,0,4 of 7,26 of 29,0 of 0,0,0,0:00,1,26 of 36,33 of 44,0 of 0,2,0,0:47,0,6 of 13,6 of 13,0 of 0,0,0,0:00,,,,,,,,,,,,,,,,,,,,,,,,,,,,,4 of 10,1 of 1,1 of 1,2 of 5,0 of 0,4 of 7,2 of 5,1 of 1,1 of 1,3 of 6,0 of 0,1 of 1,13 of 21,4 of 6,9 of 9,22 of 31,1 of 1,3 of 4,4 of 11,2 of 2,0 of 0,6 of 13,0 of 0,0 of 0,,,,,,,,,,,,,,,,,,,,,,,,
"November 05, 2022",Miranda Maverick,Shanna Young,http://ufcstats.com/fight-details/71afa8354da2491e,W,Decision - Unanimous,3,5:00,0,22 of 52,41 of 74,1 of 1,0,0,1:27,0,18 of 48,18 of 48,0 of 0,0,0,0:00,13 of 40,3 of 5,6 of 7,20 of 50,0 of 0,2 of 2,13 of 43,2 of 2,3 of 3,18 of 48,0 of 0,0 of 0,0,22 of 30,52 of 67,2 of 4,0,0,3:39,0,6 of 19,6 of 19,0 of 0,0,0,0:00,0,19 of 26,79 of 99,2 of 3,1,0,4:08,0,5 of 15,5 of 15,0 of 0,0,0,0:00,,,,,,,,,,,,,,,,,,,,,,,,,,,,,13 of 21,9 of 9,0 of 0,8 of 15,3 of 3,11 of 12,4 of 17,1 of 1,1 of 1,6 of 19,0 of 0,0 of 0,17 of 24,2 of 2,0 of 0,10 of 15,0 of 0,9 of 11,3 of 13,2 of 2,0 of 0,5 of 15,0 of 0,0 of 0,,,,,,,,,,,,,,,,,,,,,,,,
"November 05, 2022",Mario Bautista,Benito Lopez,http://ufcstats.com/fight-details/2ab395e21080b10a,W,Submission,1,4:54,0,44 of 67,49 of 72,1 of 1,3,0,2:36,0,17 of 25,17 of 25,0 of 0,0,0,0:00,20 of 41,12 of 13,12 of 13,32 of 52,0 of 0,12 of 15,6 of 14,2 of 2,9 of 9,13 of 21,0 of 0,4 of 4,,,,,,,,,,,,,,,,,,,,,,,,,,,,,,,,,,,,,,,,,,,,,,,,,,,,,,,,,,,,,,,,,,,,,,,,,,,,,,,,,,,,,,,,,,,,,,,,,,,,,,,,
"November 05, 2022",Carlos Candelario,Jake Hadley,http://ufcstats.com/fight-details/cfca30d3ef3c86b9,L,Submission,2,2:39,0,58 of 123,58 of 123,0 of 0,0,0,0:00,0,50 of 116,50 of 116,0 of 0,0,0,0:00,26 of 83,17 of 24,15 of 16,57 of 122,1 of 1,0 of 0,15 of 76,19 of 24,16 of 16,50 of 115,0 of 1,0 of 0,0,11 of 25,11 of 25,1 of 1,0,0,1:39,0,40 of 53,57 of 72,0 of 0,1,0,0:00,,,,,,,,,,,,,,,,,,,,,,,,,,,,,,,,,,,,,,,,,,,5 of 17,5 of 7,1 of 1,10 of 24,1 of 1,0 of 0,30 of 42,5 of 6,5 of 5,15 of 27,2 of 2,23 of 24,,,,,,,,,,,,,,,,,,,,,,,,,,,,,,,,,,,,
"October 29, 2022",Waldo Cortes Acosta,Jared Vanderaa,http://ufcstats.com/fight-details/5b6bdaf89e493674,W,Decision - Unanimous,3,5:00,0,22 of 39,22 of 39,0 of 0,0,0,0:00,0,13 of 36,13 of 36,0 of 0,0,0,0:00,12 of 26,9 of 12,1 of 1,22 of 39,0 of 0,0 of 0,1 of 24,0 of 0,12 of 12,13 of 36,0 of 0,0 of 0,0,25 of 53,25 of 53,0 of 0,0,0,0:03,0,21 of 51,24 of 56,0 of 1,0,0,0:13,0,26 of 66,26 of 66,0 of 0,0,0,0:00,0,22 of 51,22 of 51,0 of 0,0,0,0:00,,,,,,,,,,,,,,,,,,,,,,,,,,,,,9 of 33,12 of 15,4 of 5,25 of 52,0 of 1,0 of 0,4 of 33,4 of 4,13 of 14,17 of 41,4 of 10,0 of 0,20 of 58,5 of 5,1 of 3,26 of 66,0 of 0,0 of 0,7 of 35,1 of 1,14 of 15,22 of 51,0 of 0,0 of 0,,,,,,,,,,,,,,,,,,,,,,,,
"October 29, 2022",Dustin Jacoby,Khalil Rountree Jr.,http://ufcstats.com/fight-details/98b7dd0ddc52cffb,L,Decision - Split,3,5:00,0,34 of 66,35 of 67,0 of 1,0,0,0:00,0,20 of 57,22 of 60,0 of 0,0,0,0:00,12 of 38,12 of 16,10 of 12,34 of 66,0 of 0,0 of 0,11 of 44,3 of 4,6 of 9,19 of 55,1 of 2,0 of 0,0,39 of 105,40 of 106,0 of 0,0,0,0:05,0,35 of 88,36 of 89,0 of 0,0,0,0:00,0,47 of 84,47 of 84,0 of 2,0,0,0:00,0,30 of 92,30 of 92,0 of 0,0,0,0:00,,,,,,,,,,,,,,,,,,,,,,,,,,,,,30 of 93,5 of 7,4 of 5,39 of 105,0 of 0,0 of 0,20 of 72,7 of 8,8 of 8,35 of 88,0 of 0,0 of 0,27 of 63,10 of 11,10 of 10,43 of 79,4 of 5,0 of 0,18 of 77,8 of 11,4 of 4,26 of 88,4 of 4,0 of 0,,,,,,,,,,,,,,,,,,,,,,,,
"October 29, 2022",Phil Hawes,Roman Dolidze,http://ufcstats.com/fight-details/f32d918ee06cb83b,L,KO/TKO,1,4:09,0,11 of 26,15 of 31,1 of 1,0,0,0:46,1,18 of 42,29 of 57,0 of 0,1,0,0:02,5 of 15,5 of 9,1 of 2,11 of 26,0 of 0,0 of 0,15 of 38,2 of 3,1 of 1,14 of 36,2 of 4,2 of 2,,,,,,,,,,,,,,,,,,,,,,,,,,,,,,,,,,,,,,,,,,,,,,,,,,,,,,,,,,,,,,,,,,,,,,,,,,,,,,,,,,,,,,,,,,,,,,,,,,,,,,,,
"October 29, 2022",Joseph Holmes,JunYong Park,http://ufcstats.com/fight-details/d6d141afdd31c3f1,L,Submission,2,3:04,0,18 of 36,19 of 38,0 of 0,0,1,0:39,0,12 of 24,22 of 36,1 of 2,0,0,1:55,7 of 21,5 of 7,6 of 8,17 of 33,0 of 1,1 of 2,8 of 19,0 of 0,4 of 5,12 of 24,0 of 0,0 of 0,0,2 of 4,2 of 4,0 of 0,0,0,0:00,0,6 of 9,26 of 40,1 of 2,2,0,2:42,,,,,,,,,,,,,,,,,,,,,,,,,,,,,,,,,,,,,,,,,,,1 of 3,0 of 0,1 of 1,2 of 4,0 of 0,0 of 0,5 of 7,0 of 0,1 of 2,2 of 4,0 of 0,4 of 5,,,,,,,,,,,,,,,,,,,,,,,,,,,,,,,,,,,,
"October 29, 2022",Chase Hooper,Steve Garcia,http://ufcstats.com/fight-details/86dff1593d8b9a1f,L,KO/TKO,1,1:32,0,10 of 30,10 of 32,0 of 1,0,0,0:00,3,29 of 44,31 of 46,0 of 0,0,0,0:17,7 of 25,2 of 4,1 of 1,10 of 30,0 of 0,0 of 0,19 of 33,7 of 8,3 of 3,26 of 40,0 of 0,3 of 4,,,,,,,,,,,,,,,,,,,,,,,,,,,,,,,,,,,,,,,,,,,,,,,,,,,,,,,,,,,,,,,,,,,,,,,,,,,,,,,,,,,,,,,,,,,,,,,,,,,,,,,,
"October 29, 2022",Christian Rodriguez,Joshua Weems,http://ufcstats.com/fight-details/fdb9d29cf0edc16a,W,Submission,1,4:07,0,9 of 23,15 of 30,0 of 2,1,0,0:56,0,18 of 26,22 of 32,2 of 3,0,0,1:03,8 of 21,0 of 0,1 of 2,8 of 21,0 of 1,1 of 1,9 of 15,6 of 7,3 of 4,12 of 19,6 of 7,0 of 0,,,,,,,,,,,,,,,,,,,,,,,,,,,,,,,,,,,,,,,,,,,,,,,,,,,,,,,,,,,,,,,,,,,,,,,,,,,,,,,,,,,,,,,,,,,,,,,,,,,,,,,,
"October 22, 2022",Petr Yan,Sean O'Malley,http://ufcstats.com/fight-details/5c3c4bcc6c746ca0,L,Decision - Split,3,5:00,0,19 of 31,28 of 41,1 of 3,0,0,1:10,0,23 of 55,23 of 55,0 of 1,0,0,0:02,5 of 15,3 of 5,11 of 11,17 of 29,2 of 2,0 of 0,13 of 37,3 of 9,7 of 9,23 of 55,0 of 0,0 of 0,0,24 of 39,45 of 62,3 of 3,0,0,2:42,0,21 of 37,22 of 39,0 of 0,0,0,0:00,0,15 of 26,24 of 36,2 of 7,0,0,1:52,0,40 of 71,46 of 77,0 of 0,0,0,0:00,,,,,,,,,,,,,,,,,,,,,,,,,,,,,12 of 25,7 of 9,5 of 5,17 of 29,2 of 3,5 of 7,17 of 32,1 of 2,3 of 3,21 of 36,0 of 0,0 of 1,7 of 17,3 of 4,5 of 5,13 of 23,1 of 1,1 of 2,33 of 63,2 of 3,5 of 5,36 of 67,4 of 4,0 of 0,,,,,,,,,,,,,,,,,,,,,,,,
"October 22, 2022",Makhmud Muradov,Caio Borralho,http://ufcstats.com/fight-details/2d36e2c10ee349fe,L,Decision - Unanimous,3,5:00,0,7 of 20,25 of 42,0 of 0,0,0,1:32,0,13 of 18,17 of 22,1 of 1,0,0,1:36,5 of 17,1 of 2,1 of 1,4 of 10,0 of 0,3 of 10,9 of 13,1 of 2,3 of 3,6 of 11,0 of 0,7 of 7,0,1 of 5,29 of 34,1 of 1,0,1,2:45,0,1 of 3,12 of 14,0 of 0,1,2,0:46,0,6 of 10,22 of 27,1 of 1,0,0,0:27,0,5 of 11,28 of 41,0 of 1,1,1,3:10,,,,,,,,,,,,,,,,,,,,,,,,,,,,,0 of 3,1 of 2,0 of 0,1 of 4,0 of 0,0 of 1,0 of 2,0 of 0,1 of 1,1 of 3,0 of 0,0 of 0,5 of 8,1 of 2,0 of 0,2 of 6,0 of 0,4 of 4,4 of 8,0 of 2,1 of 1,3 of 9,0 of 0,2 of 2,,,,,,,,,,,,,,,,,,,,,,,,
"October 22, 2022",Armen Petrosyan,AJ Dobson,http://ufcstats.com/fight-details/1b204fc28bb023e6,W,Decision - Unanimous,3,5:00,0,35 of 60,35 of 60,0 of 0,0,0,0:00,0,15 of 42,17 of 44,2 of 2,0,0,0:34,12 of 35,7 of 8,16 of 17,34 of 59,1 of 1,0 of 0,9 of 32,1 of 5,5 of 5,15 of 42,0 of 0,0 of 0,0,40 of 86,40 of 86,0 of 0,0,0,0:00,0,20 of 56,21 of 57,1 of 1,0,0,0:09,0,43 of 100,43 of 100,0 of 1,0,0,0:00,0,23 of 63,26 of 67,0 of 0,0,0,0:06,,,,,,,,,,,,,,,,,,,,,,,,,,,,,9 of 53,14 of 15,17 of 18,33 of 78,7 of 8,0 of 0,11 of 46,3 of 4,6 of 6,18 of 53,2 of 3,0 of 0,10 of 63,14 of 16,19 of 21,39 of 96,4 of 4,0 of 0,18 of 58,5 of 5,0 of 0,17 of 54,6 of 9,0 of 0,,,,,,,,,,,,,,,,,,,,,,,,
"October 15, 2022",Jordan Wright,Dusko Todorovic,http://ufcstats.com/fight-details/759c55755d70f7ba,L,KO/TKO,2,3:12,0,17 of 20,58 of 62,3 of 3,1,0,4:24,0,3 of 3,4 of 4,0 of 2,0,0,0:13,16 of 18,1 of 2,0 of 0,1 of 1,5 of 5,11 of 14,1 of 1,2 of 2,0 of 0,1 of 1,2 of 2,0 of 0,0,8 of 21,8 of 21,0 of 2,0,0,0:39,0,58 of 77,103 of 128,0 of 2,0,0,0:58,,,,,,,,,,,,,,,,,,,,,,,,,,,,,,,,,,,,,,,,,,,4 of 17,4 of 4,0 of 0,6 of 17,2 of 4,0 of 0,48 of 67,10 of 10,0 of 0,18 of 28,26 of 29,14 of 20,,,,,,,,,,,,,,,,,,,,,,,,,,,,,,,,,,,,
"October 15, 2022",Misha Cirkunov,Alonzo Menifield,http://ufcstats.com/fight-details/59695aae245cca73,L,KO/TKO,1,1:28,0,5 of 8,6 of 9,0 of 4,0,0,0:00,1,8 of 17,8 of 17,0 of 0,0,0,0:03,2 of 5,2 of 2,1 of 1,3 of 6,2 of 2,0 of 0,6 of 15,2 of 2,0 of 0,4 of 12,1 of 2,3 of 3,,,,,,,,,,,,,,,,,,,,,,,,,,,,,,,,,,,,,,,,,,,,,,,,,,,,,,,,,,,,,,,,,,,,,,,,,,,,,,,,,,,,,,,,,,,,,,,,,,,,,,,,
"October 15, 2022",Mana Martinez,Brandon Davis,http://ufcstats.com/fight-details/8252a314c778b8e6,W,Decision - Split,3,5:00,0,31 of 55,31 of 55,0 of 0,0,0,0:03,0,24 of 57,24 of 57,0 of 1,0,0,0:04,12 of 31,12 of 15,7 of 9,31 of 55,0 of 0,0 of 0,14 of 44,5 of 8,5 of 5,23 of 56,1 of 1,0 of 0,2,37 of 62,37 of 62,0 of 0,0,0,0:03,0,29 of 55,29 of 55,0 of 1,0,0,0:28,0,19 of 44,19 of 45,1 of 4,0,0,0:39,0,23 of 69,31 of 77,1 of 1,0,0,0:59,,,,,,,,,,,,,,,,,,,,,,,,,,,,,21 of 43,10 of 13,6 of 6,32 of 55,3 of 5,2 of 2,14 of 39,4 of 5,11 of 11,29 of 55,0 of 0,0 of 0,12 of 34,3 of 6,4 of 4,19 of 44,0 of 0,0 of 0,15 of 56,7 of 11,1 of 2,17 of 59,2 of 3,4 of 7,,,,,,,,,,,,,,,,,,,,,,,,
"October 15, 2022",Nick Maximov,Jacob Malkoun,http://ufcstats.com/fight-details/860050f211b44d10,L,Decision - Unanimous,3,5:00,0,19 of 61,19 of 61,0 of 0,0,0,0:04,0,36 of 75,38 of 77,5 of 7,0,0,1:10,17 of 59,2 of 2,0 of 0,19 of 60,0 of 0,0 of 1,35 of 74,1 of 1,0 of 0,34 of 72,0 of 1,2 of 2,0,7 of 24,12 of 29,0 of 0,0,0,0:00,0,36 of 66,61 of 92,1 of 2,0,0,2:42,0,8 of 17,25 of 34,0 of 0,0,0,0:00,0,11 of 23,30 of 45,3 of 4,0,0,3:45,,,,,,,,,,,,,,,,,,,,,,,,,,,,,5 of 21,2 of 3,0 of 0,7 of 24,0 of 0,0 of 0,33 of 62,2 of 3,1 of 1,29 of 58,1 of 1,6 of 7,7 of 16,0 of 0,1 of 1,8 of 17,0 of 0,0 of 0,10 of 22,1 of 1,0 of 0,3 of 11,3 of 6,5 of 6,,,,,,,,,,,,,,,,,,,,,,,,
"October 15, 2022",Joanderson Brito,Lucas Alexander,http://ufcstats.com/fight-details/b4bbc1b7efa770f5,W,Submission,1,2:02,0,4 of 8,7 of 11,2 of 2,1,0,1:25,0,1 of 2,1 of 2,0 of 0,0,0,0:00,2 of 5,0 of 0,2 of 3,0 of 4,4 of 4,0 of 0,0 of 1,0 of 0,1 of 1,1 of 2,0 of 0,0 of 0,,,,,,,,,,,,,,,,,,,,,,,,,,,,,,,,,,,,,,,,,,,,,,,,,,,,,,,,,,,,,,,,,,,,,,,,,,,,,,,,,,,,,,,,,,,,,,,,,,,,,,,,
"October 15, 2022",Piera Rodriguez,Sam Hughes,http://ufcstats.com/fight-details/60bd4d2878c85f70,W,Decision - Unanimous,3,5:00,0,19 of 53,20 of 54,1 of 3,0,0,0:17,0,21 of 56,22 of 57,0 of 0,0,0,0:01,7 of 35,9 of 13,3 of 5,14 of 47,4 of 5,1 of 1,18 of 50,2 of 4,1 of 2,18 of 52,3 of 3,0 of 1,0,34 of 51,37 of 54,3 of 4,0,0,1:16,0,17 of 43,20 of 46,0 of 0,0,0,0:00,0,30 of 56,32 of 58,1 of 4,0,0,0:23,0,31 of 56,36 of 61,0 of 1,0,0,0:29,,,,,,,,,,,,,,,,,,,,,,,,,,,,,13 of 29,17 of 18,4 of 4,19 of 35,13 of 14,2 of 2,12 of 37,4 of 5,1 of 1,13 of 39,4 of 4,0 of 0,12 of 37,16 of 17,2 of 2,14 of 40,16 of 16,0 of 0,25 of 48,5 of 6,1 of 2,24 of 49,7 of 7,0 of 0,,,,,,,,,,,,,,,,,,,,,,,,
"October 15, 2022",Tatsuro Taira,CJ Vergara,http://ufcstats.com/fight-details/fac560495e61d34c,W,Submission,2,4:19,0,13 of 22,21 of 31,2 of 4,0,0,3:30,0,8 of 13,8 of 13,0 of 0,0,1,0:31,10 of 19,3 of 3,0 of 0,7 of 13,2 of 3,4 of 6,4 of 8,4 of 5,0 of 0,4 of 9,0 of 0,4 of 4,0,9 of 14,10 of 15,1 of 4,2,0,2:49,0,11 of 17,21 of 27,0 of 0,0,0,0:05,,,,,,,,,,,,,,,,,,,,,,,,,,,,,,,,,,,,,,,,,,,4 of 9,2 of 2,3 of 3,8 of 13,1 of 1,0 of 0,9 of 15,1 of 1,1 of 1,8 of 14,3 of 3,0 of 0,,,,,,,,,,,,,,,,,,,,,,,,,,,,,,,,,,,,
"October 01, 2022",Sodiq Yusuff,Don Shainis,http://ufcstats.com/fight-details/1aedd959f1523a27,W,Submission,1,0:30,0,9 of 9,9 of 9,0 of 0,1,0,0:02,0,3 of 3,9 of 9,0 of 1,0,0,0:11,1 of 1,8 of 8,0 of 0,2 of 2,7 of 7,0 of 0,0 of 0,3 of 3,0 of 0,1 of 1,2 of 2,0 of 0,,,,,,,,,,,,,,,,,,,,,,,,,,,,,,,,,,,,,,,,,,,,,,,,,,,,,,,,,,,,,,,,,,,,,,,,,,,,,,,,,,,,,,,,,,,,,,,,,,,,,,,,
"October 01, 2022",Mike Davis,Viacheslav Borshchev,http://ufcstats.com/fight-details/330506571d2778b1,W,Decision - Unanimous,3,5:00,0,37 of 61,59 of 87,4 of 6,0,0,2:52,0,21 of 34,22 of 35,0 of 0,0,1,0:14,34 of 57,1 of 2,2 of 2,9 of 20,1 of 1,27 of 40,8 of 20,2 of 3,11 of 11,20 of 32,0 of 0,1 of 2,0,20 of 46,22 of 49,3 of 3,1,0,2:17,0,26 of 60,29 of 63,0 of 0,0,0,0:00,0,8 of 26,20 of 38,2 of 2,0,0,2:53,0,16 of 24,33 of 41,0 of 0,0,0,0:00,,,,,,,,,,,,,,,,,,,,,,,,,,,,,16 of 41,2 of 3,2 of 2,12 of 31,0 of 0,8 of 15,11 of 43,5 of 7,10 of 10,26 of 59,0 of 0,0 of 1,3 of 20,2 of 2,3 of 4,6 of 24,0 of 0,2 of 2,10 of 18,3 of 3,3 of 3,16 of 24,0 of 0,0 of 0,,,,,,,,,,,,,,,,,,,,,,,,
"October 01, 2022",John Castaneda,Daniel Santos,http://ufcstats.com/fight-details/63f6af6d5f7b82ad,L,KO/TKO,2,4:28,1,40 of 69,50 of 80,2 of 2,0,0,1:40,0,19 of 46,19 of 46,1 of 2,0,0,0:15,34 of 61,3 of 5,3 of 3,27 of 53,5 of 7,8 of 9,15 of 39,2 of 5,2 of 2,12 of 38,6 of 7,1 of 1,0,17 of 37,17 of 38,1 of 4,0,0,0:24,1,50 of 88,52 of 91,1 of 2,0,0,0:37,,,,,,,,,,,,,,,,,,,,,,,,,,,,,,,,,,,,,,,,,,,11 of 28,5 of 8,1 of 1,14 of 34,3 of 3,0 of 0,37 of 72,12 of 14,1 of 2,41 of 76,8 of 11,1 of 1,,,,,,,,,,,,,,,,,,,,,,,,,,,,,,,,,,,,
"October 01, 2022",Krzysztof Jotko,Brendan Allen,http://ufcstats.com/fight-details/8c9ff13791378784,L,Submission,1,4:17,0,3 of 6,21 of 26,0 of 0,0,0,1:33,0,3 of 6,12 of 16,1 of 1,1,1,2:24,3 of 5,0 of 1,0 of 0,0 of 3,0 of 0,3 of 3,1 of 4,1 of 1,1 of 1,2 of 4,0 of 0,1 of 2,,,,,,,,,,,,,,,,,,,,,,,,,,,,,,,,,,,,,,,,,,,,,,,,,,,,,,,,,,,,,,,,,,,,,,,,,,,,,,,,,,,,,,,,,,,,,,,,,,,,,,,,
"September 17, 2022",Chidi Njokuani,Gregory Rodrigues,http://ufcstats.com/fight-details/bd06f1c2d7e6c4a0,L,KO/TKO,2,1:27,0,36 of 53,39 of 56,0 of 0,0,0,1:34,1,32 of 50,44 of 62,0 of 2,0,0,0:39,10 of 19,23 of 31,3 of 3,14 of 26,22 of 27,0 of 0,23 of 40,8 of 8,1 of 2,16 of 31,15 of 18,1 of 1,0,8 of 12,8 of 12,0 of 0,0,0,0:06,0,16 of 40,16 of 40,1 of 1,0,0,0:35,,,,,,,,,,,,,,,,,,,,,,,,,,,,,,,,,,,,,,,,,,,3 of 6,5 of 6,0 of 0,5 of 9,3 of 3,0 of 0,11 of 34,5 of 6,0 of 0,8 of 17,2 of 3,6 of 20,,,,,,,,,,,,,,,,,,,,,,,,,,,,,,,,,,,,
"September 17, 2022",Andre Fili,Bill Algeo,http://ufcstats.com/fight-details/adb78db5ba8ccc0f,W,Decision - Split,3,5:00,0,19 of 56,19 of 56,0 of 1,0,0,0:18,0,30 of 61,31 of 63,0 of 1,0,0,0:00,16 of 51,2 of 4,1 of 1,19 of 55,0 of 1,0 of 0,9 of 37,9 of 10,12 of 14,30 of 61,0 of 0,0 of 0,0,32 of 68,32 of 68,0 of 1,0,0,0:11,0,41 of 86,46 of 91,0 of 2,0,0,0:07,0,8 of 18,16 of 27,1 of 1,2,0,3:49,0,10 of 23,74 of 92,0 of 0,0,0,0:00,,,,,,,,,,,,,,,,,,,,,,,,,,,,,25 of 61,4 of 4,3 of 3,32 of 68,0 of 0,0 of 0,21 of 59,7 of 13,13 of 14,40 of 84,1 of 2,0 of 0,7 of 13,0 of 2,1 of 3,8 of 18,0 of 0,0 of 0,8 of 17,1 of 4,1 of 2,10 of 23,0 of 0,0 of 0,,,,,,,,,,,,,,,,,,,,,,,,
"September 17, 2022",Joe Pyfer,Alen Amedovski,http://ufcstats.com/fight-details/160c17b8fcb0e2a1,W,KO/TKO,1,3:55,1,14 of 45,14 of 45,0 of 0,0,0,0:03,0,11 of 30,11 of 30,0 of 0,0,0,0:00,12 of 42,1 of 2,1 of 1,13 of 44,0 of 0,1 of 1,4 of 19,2 of 4,5 of 7,11 of 30,0 of 0,0 of 0,,,,,,,,,,,,,,,,,,,,,,,,,,,,,,,,,,,,,,,,,,,,,,,,,,,,,,,,,,,,,,,,,,,,,,,,,,,,,,,,,,,,,,,,,,,,,,,,,,,,,,,,
"September 17, 2022",Tanner Boser,Rodrigo Nascimento,http://ufcstats.com/fight-details/3cbd3565dd631cc4,L,Decision - Split,3,5:00,0,15 of 23,31 of 41,0 of 0,0,1,0:58,0,9 of 21,37 of 50,1 of 2,0,0,2:43,10 of 17,2 of 2,3 of 4,12 of 20,1 of 1,2 of 2,6 of 18,3 of 3,0 of 0,6 of 18,3 of 3,0 of 0,0,32 of 57,42 of 67,0 of 0,0,0,0:00,0,15 of 37,18 of 41,1 of 2,1,0,1:48,0,15 of 35,90 of 112,0 of 0,0,0,0:00,0,12 of 28,36 of 58,1 of 3,0,0,3:30,,,,,,,,,,,,,,,,,,,,,,,,,,,,,20 of 42,6 of 7,6 of 8,32 of 57,0 of 0,0 of 0,15 of 36,0 of 1,0 of 0,14 of 36,0 of 0,1 of 1,10 of 28,5 of 7,0 of 0,15 of 35,0 of 0,0 of 0,11 of 27,1 of 1,0 of 0,10 of 26,1 of 1,1 of 1,,,,,,,,,,,,,,,,,,,,,,,,
"September 17, 2022",Anthony Hernandez,Marc-Andre Barriault,http://ufcstats.com/fight-details/ce5ebaf8caf8c4a7,W,Submission,3,1:53,0,19 of 34,25 of 42,3 of 8,0,0,3:04,0,13 of 29,19 of 35,0 of 0,0,0,0:25,15 of 30,4 of 4,0 of 0,11 of 23,5 of 8,3 of 3,8 of 24,5 of 5,0 of 0,8 of 24,5 of 5,0 of 0,0,18 of 23,31 of 39,2 of 2,1,0,4:06,0,10 of 20,13 of 23,0 of 0,0,0,0:00,0,2 of 3,2 of 3,3 of 4,1,0,1:35,0,2 of 4,2 of 4,0 of 0,0,0,0:00,,,,,,,,,,,,,,,,,,,,,,,,,,,,,15 of 20,3 of 3,0 of 0,5 of 9,3 of 4,10 of 10,7 of 17,3 of 3,0 of 0,6 of 15,4 of 5,0 of 0,1 of 2,1 of 1,0 of 0,2 of 3,0 of 0,0 of 0,1 of 3,1 of 1,0 of 0,1 of 3,1 of 1,0 of 0,,,,,,,,,,,,,,,,,,,,,,,,
"September 17, 2022",Trevin Giles,Louis Cosce,http://ufcstats.com/fight-details/46b9acec12a35d37,W,Decision - Unanimous,3,5:00,0,13 of 21,13 of 21,0 of 0,0,0,0:00,0,2 of 18,2 of 18,0 of 0,0,0,0:00,4 of 12,1 of 1,8 of 8,13 of 21,0 of 0,0 of 0,0 of 14,1 of 2,1 of 2,2 of 18,0 of 0,0 of 0,0,12 of 24,18 of 30,0 of 3,0,0,1:00,0,7 of 17,7 of 17,0 of 0,0,0,0:00,0,0 of 1,14 of 15,2 of 2,0,0,1:09,0,1 of 3,12 of 14,1 of 1,1,0,3:36,,,,,,,,,,,,,,,,,,,,,,,,,,,,,6 of 16,1 of 3,5 of 5,12 of 24,0 of 0,0 of 0,4 of 12,2 of 3,1 of 2,7 of 17,0 of 0,0 of 0,0 of 1,0 of 0,0 of 0,0 of 0,0 of 1,0 of 0,1 of 3,0 of 0,0 of 0,0 of 2,1 of 1,0 of 0,,,,,,,,,,,,,,,,,,,,,,,,
"September 17, 2022",Denise Gomes,Loma Lookboonmee,http://ufcstats.com/fight-details/ec0740be19b2ef90,L,Decision - Unanimous,3,5:00,0,5 of 9,10 of 14,0 of 3,1,1,1:32,0,22 of 30,22 of 30,0 of 0,0,0,2:07,1 of 4,0 of 0,4 of 5,5 of 9,0 of 0,0 of 0,17 of 24,2 of 3,3 of 3,7 of 13,0 of 0,15 of 17,0,7 of 16,13 of 22,0 of 3,0,0,1:18,0,16 of 20,26 of 34,2 of 3,0,0,2:49,0,7 of 9,22 of 30,0 of 0,2,1,2:41,0,10 of 17,39 of 51,2 of 2,0,1,2:05,,,,,,,,,,,,,,,,,,,,,,,,,,,,,6 of 13,1 of 2,0 of 1,3 of 9,4 of 7,0 of 0,7 of 11,7 of 7,2 of 2,6 of 8,6 of 7,4 of 5,6 of 8,1 of 1,0 of 0,5 of 7,2 of 2,0 of 0,7 of 14,2 of 2,1 of 1,1 of 2,2 of 2,7 of 13,,,,,,,,,,,,,,,,,,,,,,,,
"September 17, 2022",Trey Ogden,Daniel Zellhuber,http://ufcstats.com/fight-details/35d06627d91b840d,W,Decision - Unanimous,3,5:00,0,20 of 47,20 of 47,0 of 1,0,0,0:00,0,12 of 36,12 of 36,0 of 0,0,0,0:00,1 of 24,1 of 3,18 of 20,20 of 47,0 of 0,0 of 0,1 of 22,6 of 8,5 of 6,12 of 36,0 of 0,0 of 0,0,26 of 57,27 of 58,1 of 4,0,0,0:38,0,23 of 64,23 of 64,0 of 0,0,0,0:00,0,25 of 64,25 of 64,0 of 4,0,0,0:00,0,17 of 78,17 of 78,0 of 0,0,0,0:00,,,,,,,,,,,,,,,,,,,,,,,,,,,,,6 of 33,4 of 6,16 of 18,26 of 57,0 of 0,0 of 0,8 of 40,10 of 19,5 of 5,23 of 64,0 of 0,0 of 0,15 of 52,2 of 4,8 of 8,25 of 64,0 of 0,0 of 0,10 of 63,5 of 13,2 of 2,17 of 78,0 of 0,0 of 0,,,,,,,,,,,,,,,,,,,,,,,,
"September 17, 2022",Mariya Agapova,Gillian Robertson,http://ufcstats.com/fight-details/d9f5d05b07bae09e,L,Submission,2,2:19,0,37 of 47,82 of 96,0 of 0,1,0,0:29,0,2 of 9,2 of 9,2 of 6,0,0,3:13,36 of 44,1 of 3,0 of 0,7 of 16,5 of 6,25 of 25,0 of 5,1 of 1,1 of 3,2 of 9,0 of 0,0 of 0,0,2 of 11,2 of 11,0 of 0,0,0,0:00,0,2 of 5,5 of 11,1 of 1,1,0,1:34,,,,,,,,,,,,,,,,,,,,,,,,,,,,,,,,,,,,,,,,,,,0 of 9,2 of 2,0 of 0,2 of 11,0 of 0,0 of 0,0 of 0,0 of 1,2 of 4,2 of 5,0 of 0,0 of 0,,,,,,,,,,,,,,,,,,,,,,,,,,,,,,,,,,,,
"September 17, 2022",Tony Gravely,Javid Basharat,http://ufcstats.com/fight-details/be73f75b52b06f14,L,Decision - Unanimous,3,5:00,0,15 of 42,15 of 42,2 of 4,0,0,1:12,0,17 of 36,24 of 43,1 of 1,0,0,0:20,7 of 30,2 of 4,6 of 8,14 of 39,1 of 3,0 of 0,7 of 24,7 of 9,3 of 3,14 of 31,3 of 5,0 of 0,0,5 of 22,11 of 28,0 of 5,0,0,0:27,0,21 of 31,40 of 52,1 of 2,0,0,2:42,0,13 of 49,13 of 49,0 of 4,0,0,0:04,0,42 of 82,42 of 82,0 of 1,0,0,0:11,,,,,,,,,,,,,,,,,,,,,,,,,,,,,3 of 15,0 of 5,2 of 2,4 of 19,1 of 3,0 of 0,14 of 23,5 of 6,2 of 2,14 of 23,2 of 3,5 of 5,7 of 39,0 of 2,6 of 8,12 of 48,1 of 1,0 of 0,29 of 66,12 of 15,1 of 1,41 of 80,1 of 2,0 of 0,,,,,,,,,,,,,,,,,,,,,,,,
"September 17, 2022",Nikolas Motta,Cameron VanCamp,http://ufcstats.com/fight-details/8a044e5400b4318f,W,KO/TKO,1,3:49,1,24 of 45,24 of 45,0 of 0,0,0,0:05,0,15 of 40,15 of 40,0 of 0,0,0,0:00,22 of 41,1 of 3,1 of 1,15 of 35,0 of 0,9 of 10,7 of 26,4 of 10,4 of 4,15 of 40,0 of 0,0 of 0,,,,,,,,,,,,,,,,,,,,,,,,,,,,,,,,,,,,,,,,,,,,,,,,,,,,,,,,,,,,,,,,,,,,,,,,,,,,,,,,,,,,,,,,,,,,,,,,,,,,,,,,
"September 10, 2022",Khamzat Chimaev,Kevin Holland,http://ufcstats.com/fight-details/0111e6a64b5184c6,W,Submission,1,2:13,0,0 of 1,1 of 2,2 of 5,2,0,1:56,0,0 of 0,0 of 0,0 of 0,0,0,0:00,0 of 1,0 of 0,0 of 0,0 of 0,0 of 0,0 of 1,0 of 0,0 of 0,0 of 0,0 of 0,0 of 0,0 of 0,,,,,,,,,,,,,,,,,,,,,,,,,,,,,,,,,,,,,,,,,,,,,,,,,,,,,,,,,,,,,,,,,,,,,,,,,,,,,,,,,,,,,,,,,,,,,,,,,,,,,,,,
"September 10, 2022",Li Jingliang,Daniel Rodriguez,http://ufcstats.com/fight-details/d3e23d7d207d3ccf,L,Decision - Split,3,5:00,0,27 of 54,27 of 54,0 of 0,0,0,0:00,0,20 of 40,20 of 40,0 of 0,0,0,0:00,7 of 29,8 of 11,12 of 14,27 of 54,0 of 0,0 of 0,10 of 27,6 of 7,4 of 6,20 of 40,0 of 0,0 of 0,0,24 of 59,24 of 59,1 of 1,0,0,0:02,0,34 of 66,35 of 67,0 of 0,0,0,0:00,0,27 of 62,27 of 62,0 of 0,0,0,0:00,0,34 of 79,34 of 79,0 of 0,0,0,0:00,,,,,,,,,,,,,,,,,,,,,,,,,,,,,8 of 33,5 of 10,11 of 16,24 of 58,0 of 0,0 of 1,19 of 45,5 of 8,10 of 13,34 of 66,0 of 0,0 of 0,10 of 41,10 of 13,7 of 8,27 of 62,0 of 0,0 of 0,25 of 68,6 of 8,3 of 3,34 of 79,0 of 0,0 of 0,,,,,,,,,,,,,,,,,,,,,,,,
"September 10, 2022",Hakeem Dawodu,Julian Erosa,http://ufcstats.com/fight-details/0e6d624086f7952e,L,Decision - Unanimous,3,5:00,0,31 of 57,36 of 62,0 of 0,0,0,0:04,0,48 of 87,60 of 99,0 of 2,0,0,0:41,14 of 36,10 of 12,7 of 9,23 of 48,8 of 9,0 of 0,32 of 67,15 of 16,1 of 4,34 of 72,14 of 15,0 of 0,0,21 of 39,28 of 46,0 of 0,0,0,0:00,0,22 of 51,47 of 80,1 of 1,0,0,2:30,0,22 of 51,26 of 55,0 of 0,0,1,0:08,0,22 of 50,45 of 78,1 of 3,0,0,1:11,,,,,,,,,,,,,,,,,,,,,,,,,,,,,16 of 34,2 of 2,3 of 3,16 of 34,5 of 5,0 of 0,13 of 39,6 of 9,3 of 3,11 of 35,6 of 11,5 of 5,13 of 39,6 of 7,3 of 5,18 of 44,3 of 6,1 of 1,15 of 43,7 of 7,0 of 0,14 of 42,4 of 4,4 of 4,,,,,,,,,,,,,,,,,,,,,,,,
"September 10, 2022",Jailton Almeida,Anton Turkalj,http://ufcstats.com/fight-details/301f230c90c4bd7d,W,Submission,1,4:27,0,17 of 24,23 of 31,3 of 3,2,0,4:14,0,1 of 1,19 of 22,0 of 0,0,0,0:00,17 of 22,0 of 1,0 of 1,0 of 3,0 of 0,17 of 21,0 of 0,0 of 0,1 of 1,1 of 1,0 of 0,0 of 0,,,,,,,,,,,,,,,,,,,,,,,,,,,,,,,,,,,,,,,,,,,,,,,,,,,,,,,,,,,,,,,,,,,,,,,,,,,,,,,,,,,,,,,,,,,,,,,,,,,,,,,,
"September 10, 2022",Denis Tiuliulin,Jamie Pickett,http://ufcstats.com/fight-details/77acb96700e89c92,W,KO/TKO,2,4:52,0,22 of 76,28 of 82,0 of 1,0,0,0:00,0,35 of 60,37 of 62,0 of 3,0,0,0:32,16 of 64,5 of 11,1 of 1,22 of 76,0 of 0,0 of 0,23 of 46,10 of 12,2 of 2,33 of 57,2 of 3,0 of 0,2,51 of 85,59 of 96,0 of 0,0,0,0:59,0,25 of 51,26 of 52,0 of 2,0,0,0:03,,,,,,,,,,,,,,,,,,,,,,,,,,,,,,,,,,,,,,,,,,,37 of 67,14 of 17,0 of 1,30 of 57,15 of 15,6 of 13,21 of 44,3 of 6,1 of 1,23 of 46,2 of 5,0 of 0,,,,,,,,,,,,,,,,,,,,,,,,,,,,,,,,,,,,
"September 10, 2022",Norma Dumont,Danyelle Wolf,http://ufcstats.com/fight-details/db3e26d02d790c97,W,Decision - Unanimous,3,5:00,0,17 of 46,17 of 46,0 of 0,0,0,0:00,0,9 of 48,9 of 48,0 of 0,0,0,0:00,8 of 30,3 of 3,6 of 13,17 of 46,0 of 0,0 of 0,5 of 42,3 of 5,1 of 1,9 of 48,0 of 0,0 of 0,1,22 of 48,28 of 55,1 of 1,0,0,2:04,0,10 of 40,26 of 56,0 of 0,0,0,0:00,0,13 of 16,54 of 60,1 of 1,0,0,4:37,0,1 of 7,9 of 16,0 of 0,0,0,0:00,,,,,,,,,,,,,,,,,,,,,,,,,,,,,12 of 35,5 of 7,5 of 6,15 of 36,6 of 7,1 of 5,6 of 32,4 of 7,0 of 1,8 of 38,2 of 2,0 of 0,12 of 15,0 of 0,1 of 1,1 of 2,0 of 0,12 of 14,1 of 6,0 of 1,0 of 0,1 of 6,0 of 0,0 of 1,,,,,,,,,,,,,,,,,,,,,,,,
"September 10, 2022",Chad Anheliger,Alatengheili,http://ufcstats.com/fight-details/6010f681e54ba2cd,L,Decision - Unanimous,3,5:00,0,12 of 43,13 of 44,0 of 0,0,0,0:00,0,16 of 44,16 of 44,0 of 0,0,0,0:00,11 of 35,1 of 4,0 of 4,12 of 43,0 of 0,0 of 0,9 of 33,2 of 2,5 of 9,16 of 44,0 of 0,0 of 0,0,14 of 53,14 of 53,0 of 0,0,0,0:00,0,16 of 45,16 of 45,0 of 0,0,0,0:00,0,13 of 47,29 of 66,0 of 0,0,0,0:00,0,17 of 42,28 of 59,2 of 2,0,0,1:23,,,,,,,,,,,,,,,,,,,,,,,,,,,,,8 of 45,4 of 6,2 of 2,14 of 53,0 of 0,0 of 0,9 of 36,4 of 4,3 of 5,16 of 45,0 of 0,0 of 0,6 of 38,3 of 4,4 of 5,9 of 43,0 of 0,4 of 4,12 of 33,0 of 1,5 of 8,11 of 34,0 of 0,6 of 8,,,,,,,,,,,,,,,,,,,,,,,,
"September 10, 2022",Darian Weeks,Yohan Lainesse,http://ufcstats.com/fight-details/86d57e8ef2191316,L,Decision - Split,3,5:00,0,13 of 37,13 of 37,0 of 1,0,0,0:19,0,13 of 28,13 of 28,0 of 1,0,0,0:00,1 of 20,3 of 5,9 of 12,12 of 35,1 of 2,0 of 0,5 of 19,3 of 4,5 of 5,13 of 28,0 of 0,0 of 0,0,19 of 40,22 of 43,1 of 4,0,0,0:42,0,5 of 16,5 of 16,0 of 1,0,0,0:00,0,12 of 31,14 of 33,0 of 4,0,0,0:48,0,5 of 22,6 of 23,0 of 0,0,0,0:17,,,,,,,,,,,,,,,,,,,,,,,,,,,,,9 of 21,4 of 8,6 of 11,18 of 36,1 of 4,0 of 0,2 of 11,1 of 1,2 of 4,5 of 16,0 of 0,0 of 0,4 of 19,3 of 6,5 of 6,11 of 29,1 of 2,0 of 0,3 of 16,1 of 2,1 of 4,4 of 21,1 of 1,0 of 0,,,,,,,,,,,,,,,,,,,,,,,,
"September 03, 2022",Abus Magomedov,Dustin Stoltzfus,http://ufcstats.com/fight-details/cf9035f2fc2e232f,W,KO/TKO,1,0:19,1,7 of 7,7 of 7,0 of 0,0,0,0:02,0,0 of 2,0 of 2,0 of 0,0,0,0:00,6 of 6,1 of 1,0 of 0,3 of 3,2 of 2,2 of 2,0 of 1,0 of 1,0 of 0,0 of 2,0 of 0,0 of 0,,,,,,,,,,,,,,,,,,,,,,,,,,,,,,,,,,,,,,,,,,,,,,,,,,,,,,,,,,,,,,,,,,,,,,,,,,,,,,,,,,,,,,,,,,,,,,,,,,,,,,,,
"August 20, 2022",Sean Woodson,Luis Saldana,http://ufcstats.com/fight-details/2ac9b3ccb43422d8,D,Decision - Split,3,5:00,0,34 of 55,34 of 55,0 of 0,0,0,0:10,2,44 of 80,44 of 80,0 of 1,0,0,0:04,23 of 41,9 of 11,2 of 3,33 of 54,1 of 1,0 of 0,22 of 49,6 of 11,16 of 20,39 of 72,2 of 3,3 of 5,0,15 of 38,23 of 46,0 of 0,1,0,0:00,0,18 of 33,20 of 35,1 of 1,0,0,2:22,0,24 of 64,29 of 69,0 of 0,0,0,0:12,0,29 of 63,32 of 66,0 of 5,0,0,0:54,,,,,,,,,,,,,,,,,,,,,,,,,,,,,12 of 34,3 of 3,0 of 1,15 of 38,0 of 0,0 of 0,9 of 19,3 of 5,6 of 9,18 of 33,0 of 0,0 of 0,18 of 58,5 of 5,1 of 1,22 of 62,2 of 2,0 of 0,15 of 40,5 of 8,9 of 15,28 of 61,1 of 2,0 of 0,,,,,,,,,,,,,,,,,,,,,,,,
"August 20, 2022",AJ Fletcher,Ange Loosa,http://ufcstats.com/fight-details/4dac5258f22be059,L,Decision - Unanimous,3,5:00,0,21 of 61,21 of 61,0 of 2,0,0,0:00,0,39 of 95,45 of 103,1 of 2,0,0,0:17,15 of 51,5 of 8,1 of 2,21 of 59,0 of 2,0 of 0,15 of 68,14 of 16,10 of 11,32 of 82,7 of 13,0 of 0,0,62 of 109,68 of 119,0 of 1,0,0,0:36,0,52 of 83,80 of 112,1 of 2,0,0,1:11,0,4 of 11,14 of 21,0 of 1,0,0,0:00,0,38 of 55,116 of 139,0 of 0,0,0,3:58,,,,,,,,,,,,,,,,,,,,,,,,,,,,,55 of 101,4 of 5,3 of 3,55 of 99,6 of 7,1 of 3,41 of 71,8 of 9,3 of 3,50 of 80,2 of 3,0 of 0,4 of 11,0 of 0,0 of 0,4 of 11,0 of 0,0 of 0,32 of 49,5 of 5,1 of 1,13 of 27,2 of 2,23 of 26,,,,,,,,,,,,,,,,,,,,,,,,
"August 20, 2022",Daniel Lacerda,Victor Altamirano,http://ufcstats.com/fight-details/06d6cde7479711ee,L,KO/TKO,1,3:39,1,22 of 45,27 of 51,0 of 0,0,0,0:03,1,58 of 83,94 of 123,0 of 0,0,0,1:55,14 of 36,3 of 4,5 of 5,16 of 33,2 of 6,4 of 6,48 of 71,9 of 10,1 of 2,15 of 28,2 of 2,41 of 53,,,,,,,,,,,,,,,,,,,,,,,,,,,,,,,,,,,,,,,,,,,,,,,,,,,,,,,,,,,,,,,,,,,,,,,,,,,,,,,,,,,,,,,,,,,,,,,,,,,,,,,,
"August 13, 2022",Devin Clark,Azamat Murzakanov,http://ufcstats.com/fight-details/d19e010f071a4b45,L,KO/TKO,3,1:18,0,6 of 23,17 of 35,0 of 0,0,0,0:00,0,7 of 15,12 of 23,0 of 1,0,0,0:52,2 of 11,0 of 2,4 of 10,6 of 23,0 of 0,0 of 0,4 of 12,3 of 3,0 of 0,7 of 15,0 of 0,0 of 0,0,5 of 19,19 of 38,0 of 0,0,0,0:26,0,41 of 52,52 of 64,0 of 0,0,0,2:24,0,3 of 10,3 of 10,0 of 0,0,0,0:00,1,31 of 39,31 of 40,0 of 0,0,0,0:24,,,,,,,,,,,,,,,,,,,,,,,,,,,,,2 of 12,1 of 3,2 of 4,4 of 17,1 of 2,0 of 0,12 of 21,22 of 24,7 of 7,10 of 18,9 of 9,22 of 25,0 of 6,2 of 2,1 of 2,3 of 10,0 of 0,0 of 0,25 of 32,6 of 7,0 of 0,7 of 9,0 of 0,24 of 30,,,,,,,,,,,,,,,,,,,,,,,,
"August 13, 2022",Martin Buday,Lukasz Brzeski,http://ufcstats.com/fight-details/b96c8fef6c9f92db,W,Decision - Split,3,5:00,0,25 of 63,25 of 63,0 of 0,0,0,0:06,0,41 of 104,47 of 111,0 of 0,0,0,0:00,20 of 56,0 of 2,5 of 5,24 of 62,1 of 1,0 of 0,19 of 74,16 of 21,6 of 9,39 of 99,2 of 5,0 of 0,0,19 of 55,19 of 55,0 of 0,0,0,0:00,0,43 of 89,43 of 89,0 of 0,0,0,0:00,0,22 of 70,22 of 70,0 of 0,0,0,0:00,0,34 of 80,34 of 80,0 of 0,0,0,0:00,,,,,,,,,,,,,,,,,,,,,,,,,,,,,14 of 50,1 of 1,4 of 4,19 of 55,0 of 0,0 of 0,18 of 59,15 of 20,10 of 10,43 of 89,0 of 0,0 of 0,16 of 63,2 of 3,4 of 4,22 of 70,0 of 0,0 of 0,12 of 49,20 of 28,2 of 3,34 of 80,0 of 0,0 of 0,,,,,,,,,,,,,,,,,,,,,,,,
"August 13, 2022",Ode Osbourne,Tyson Nam,http://ufcstats.com/fight-details/0823f97be9c3a62e,L,KO/TKO,1,2:59,0,15 of 41,15 of 41,0 of 0,0,0,0:00,1,13 of 25,13 of 25,0 of 0,0,0,0:03,7 of 32,7 of 8,1 of 1,15 of 41,0 of 0,0 of 0,7 of 15,3 of 6,3 of 4,12 of 23,0 of 0,1 of 2,,,,,,,,,,,,,,,,,,,,,,,,,,,,,,,,,,,,,,,,,,,,,,,,,,,,,,,,,,,,,,,,,,,,,,,,,,,,,,,,,,,,,,,,,,,,,,,,,,,,,,,,
"August 13, 2022",Jason Witt,Josh Quinlan,http://ufcstats.com/fight-details/7f9a331bc3100afd,L,KO/TKO,1,2:09,0,1 of 12,2 of 13,1 of 2,0,0,0:27,1,3 of 12,3 of 12,0 of 0,0,0,0:01,0 of 11,1 of 1,0 of 0,1 of 12,0 of 0,0 of 0,2 of 8,0 of 0,1 of 4,3 of 12,0 of 0,0 of 0,,,,,,,,,,,,,,,,,,,,,,,,,,,,,,,,,,,,,,,,,,,,,,,,,,,,,,,,,,,,,,,,,,,,,,,,,,,,,,,,,,,,,,,,,,,,,,,,,,,,,,,,
"August 06, 2022",Thiago Santos,Jamahal Hill,http://ufcstats.com/fight-details/a8bc6e005077bb0b,L,KO/TKO,4,2:31,0,10 of 18,11 of 19,0 of 4,0,0,1:23,0,9 of 30,18 of 39,0 of 0,0,0,0:00,1 of 8,3 of 4,6 of 6,9 of 17,1 of 1,0 of 0,5 of 26,4 of 4,0 of 0,5 of 26,4 of 4,0 of 0,0,16 of 38,16 of 38,1 of 4,0,0,0:41,0,31 of 52,35 of 56,0 of 0,0,0,0:22,0,8 of 11,10 of 14,5 of 11,0,0,3:50,0,9 of 11,23 of 26,0 of 0,0,0,0:33,0,19 of 27,19 of 27,0 of 1,0,0,0:00,0,40 of 59,54 of 73,0 of 0,0,0,0:31,,,,,,,,,,,,,,,9 of 29,5 of 7,2 of 2,14 of 35,2 of 2,0 of 1,19 of 40,5 of 5,7 of 7,28 of 48,3 of 4,0 of 0,6 of 9,1 of 1,1 of 1,3 of 6,3 of 3,2 of 2,5 of 7,3 of 3,1 of 1,2 of 4,7 of 7,0 of 0,12 of 20,4 of 4,3 of 3,17 of 24,2 of 3,0 of 0,39 of 58,0 of 0,1 of 1,17 of 29,5 of 6,18 of 24,,,,,,,,,,,,
"August 06, 2022",Vicente Luque,Geoff Neal,http://ufcstats.com/fight-details/a6b328733d610e2b,L,KO/TKO,3,2:01,0,30 of 80,30 of 80,0 of 0,0,0,0:00,1,52 of 93,53 of 94,0 of 0,0,0,0:07,20 of 67,8 of 10,2 of 3,29 of 79,1 of 1,0 of 0,48 of 89,3 of 3,1 of 1,49 of 87,2 of 3,1 of 3,0,51 of 91,51 of 91,0 of 0,0,0,0:00,0,40 of 75,43 of 78,1 of 2,0,0,0:40,0,16 of 32,16 of 32,0 of 0,0,0,0:00,1,29 of 43,29 of 43,0 of 1,0,0,0:00,,,,,,,,,,,,,,,,,,,,,,,,,,,,,28 of 68,15 of 15,8 of 8,46 of 85,5 of 6,0 of 0,36 of 70,2 of 3,2 of 2,33 of 66,7 of 9,0 of 0,8 of 21,3 of 6,5 of 5,16 of 31,0 of 1,0 of 0,29 of 43,0 of 0,0 of 0,21 of 33,8 of 10,0 of 0,,,,,,,,,,,,,,,,,,,,,,,,
"August 06, 2022",Terrance McKinney,Erick Gonzalez,http://ufcstats.com/fight-details/b530bb13aac1e48b,W,Submission,1,2:17,0,18 of 37,23 of 42,1 of 1,1,0,0:52,0,9 of 16,10 of 18,0 of 1,0,0,0:00,15 of 34,3 of 3,0 of 0,14 of 32,3 of 3,1 of 2,6 of 11,1 of 2,2 of 3,9 of 16,0 of 0,0 of 0,,,,,,,,,,,,,,,,,,,,,,,,,,,,,,,,,,,,,,,,,,,,,,,,,,,,,,,,,,,,,,,,,,,,,,,,,,,,,,,,,,,,,,,,,,,,,,,,,,,,,,,,
"August 06, 2022",Cory McKenna,Miranda Granger,http://ufcstats.com/fight-details/b5274277ef6707c9,W,Submission,2,1:03,0,11 of 18,41 of 49,2 of 2,1,0,3:50,0,8 of 25,9 of 26,0 of 0,0,0,0:05,9 of 15,1 of 2,1 of 1,10 of 17,0 of 0,1 of 1,2 of 19,1 of 1,5 of 5,7 of 24,1 of 1,0 of 0,0,2 of 4,2 of 4,1 of 2,1,0,0:50,0,5 of 9,5 of 9,0 of 0,0,0,0:00,,,,,,,,,,,,,,,,,,,,,,,,,,,,,,,,,,,,,,,,,,,2 of 4,0 of 0,0 of 0,2 of 4,0 of 0,0 of 0,3 of 7,1 of 1,1 of 1,4 of 8,1 of 1,0 of 0,,,,,,,,,,,,,,,,,,,,,,,,,,,,,,,,,,,,
"July 30, 2022",Drew Dober,Rafael Alves,http://ufcstats.com/fight-details/81a18de517a3336a,W,KO/TKO,3,1:30,0,11 of 36,11 of 36,0 of 0,0,0,0:00,0,11 of 22,19 of 30,1 of 1,0,0,2:21,7 of 29,3 of 5,1 of 2,11 of 36,0 of 0,0 of 0,8 of 19,1 of 1,2 of 2,6 of 16,0 of 0,5 of 6,0,37 of 95,37 of 95,0 of 0,0,0,0:04,0,20 of 38,21 of 42,0 of 1,0,0,0:00,1,14 of 20,14 of 20,0 of 0,0,0,0:03,0,6 of 8,6 of 8,0 of 1,0,0,0:00,,,,,,,,,,,,,,,,,,,,,,,,,,,,,24 of 79,11 of 13,2 of 3,36 of 94,0 of 0,1 of 1,13 of 31,6 of 6,1 of 1,19 of 36,1 of 1,0 of 1,7 of 13,6 of 6,1 of 1,13 of 19,0 of 0,1 of 1,3 of 5,1 of 1,2 of 2,6 of 8,0 of 0,0 of 0,,,,,,,,,,,,,,,,,,,,,,,,
"July 30, 2022",Don'Tale Mayes,Hamdy Abdelwahab,http://ufcstats.com/fight-details/5a2b86570110191b,NC,Overturned,3,5:00,0,11 of 40,11 of 40,0 of 0,0,0,0:00,1,21 of 40,44 of 67,1 of 2,0,0,2:00,6 of 31,2 of 4,3 of 5,11 of 40,0 of 0,0 of 0,19 of 37,1 of 2,1 of 1,13 of 30,2 of 2,6 of 8,0,24 of 56,27 of 59,0 of 0,0,0,0:00,0,19 of 41,20 of 42,0 of 0,0,0,0:45,0,12 of 20,16 of 24,0 of 0,0,0,0:00,0,18 of 29,42 of 55,2 of 2,0,0,3:51,,,,,,,,,,,,,,,,,,,,,,,,,,,,,14 of 44,6 of 8,4 of 4,22 of 51,2 of 5,0 of 0,14 of 36,4 of 4,1 of 1,13 of 32,0 of 0,6 of 9,8 of 15,4 of 5,0 of 0,12 of 20,0 of 0,0 of 0,18 of 29,0 of 0,0 of 0,4 of 12,0 of 1,14 of 16,,,,,,,,,,,,,,,,,,,,,,,,
"July 30, 2022",Michael Morales,Adam Fugitt,http://ufcstats.com/fight-details/e492dc60d8e44866,W,KO/TKO,3,1:09,0,26 of 50,29 of 53,0 of 0,0,0,0:00,0,25 of 42,30 of 48,1 of 4,0,0,1:31,20 of 43,5 of 6,1 of 1,22 of 46,3 of 3,1 of 1,10 of 25,8 of 9,7 of 8,24 of 37,1 of 1,0 of 4,0,32 of 70,34 of 72,0 of 1,0,0,0:04,0,32 of 58,33 of 59,0 of 2,0,0,0:08,2,25 of 31,26 of 32,0 of 0,0,0,0:08,0,7 of 13,7 of 13,0 of 2,0,0,0:12,,,,,,,,,,,,,,,,,,,,,,,,,,,,,29 of 66,2 of 3,1 of 1,28 of 63,4 of 7,0 of 0,15 of 36,12 of 17,5 of 5,28 of 50,4 of 8,0 of 0,25 of 31,0 of 0,0 of 0,14 of 18,5 of 7,6 of 6,7 of 13,0 of 0,0 of 0,6 of 12,1 of 1,0 of 0,,,,,,,,,,,,,,,,,,,,,,,,
"July 30, 2022",Nicolae Negumereanu,Ihor Potieria,http://ufcstats.com/fight-details/1ed550f094ca7745,W,KO/TKO,2,3:33,0,8 of 18,29 of 45,2 of 3,0,0,3:36,0,7 of 15,20 of 29,0 of 0,0,0,0:00,7 of 15,1 of 3,0 of 0,4 of 11,1 of 1,3 of 6,2 of 10,1 of 1,4 of 4,6 of 14,0 of 0,1 of 1,0,43 of 77,43 of 77,0 of 0,0,0,0:25,0,31 of 55,32 of 56,0 of 0,0,0,0:00,,,,,,,,,,,,,,,,,,,,,,,,,,,,,,,,,,,,,,,,,,,37 of 69,6 of 8,0 of 0,19 of 46,24 of 31,0 of 0,24 of 48,2 of 2,5 of 5,25 of 48,6 of 7,0 of 0,,,,,,,,,,,,,,,,,,,,,,,,,,,,,,,,,,,,
"July 30, 2022",Orion Cosce,Blood Diamond,http://ufcstats.com/fight-details/66f7bb31d24b3b36,W,Decision - Unanimous,3,5:00,0,8 of 15,18 of 25,1 of 5,0,0,3:00,0,20 of 28,23 of 31,0 of 0,0,0,0:34,4 of 9,3 of 5,1 of 1,2 of 7,3 of 5,3 of 3,5 of 9,12 of 14,3 of 5,9 of 17,11 of 11,0 of 0,0,12 of 25,21 of 34,0 of 1,0,0,2:20,0,33 of 59,50 of 76,0 of 1,0,0,0:34,0,5 of 12,38 of 48,2 of 2,0,0,4:06,0,10 of 11,17 of 19,0 of 0,0,0,0:00,,,,,,,,,,,,,,,,,,,,,,,,,,,,,7 of 19,5 of 6,0 of 0,5 of 13,6 of 9,1 of 3,19 of 42,10 of 11,4 of 6,17 of 34,16 of 24,0 of 1,3 of 10,2 of 2,0 of 0,1 of 7,0 of 0,4 of 5,4 of 4,4 of 4,2 of 3,8 of 9,2 of 2,0 of 0,,,,,,,,,,,,,,,,,,,,,,,,
"July 23, 2022",Jack Hermansson,Chris Curtis,http://ufcstats.com/fight-details/925a36a4af600291,W,Decision - Unanimous,3,5:00,0,21 of 65,21 of 65,0 of 1,0,0,0:00,0,7 of 28,7 of 28,0 of 0,0,0,0:00,7 of 42,3 of 10,11 of 13,21 of 63,0 of 2,0 of 0,3 of 23,4 of 5,0 of 0,7 of 28,0 of 0,0 of 0,0,45 of 108,45 of 108,0 of 2,0,0,0:00,0,16 of 40,16 of 40,0 of 0,0,0,0:00,0,34 of 78,34 of 78,0 of 3,0,0,0:00,0,20 of 57,20 of 57,0 of 0,0,0,0:00,,,,,,,,,,,,,,,,,,,,,,,,,,,,,26 of 80,10 of 18,9 of 10,44 of 105,1 of 3,0 of 0,5 of 24,11 of 16,0 of 0,16 of 40,0 of 0,0 of 0,15 of 54,12 of 17,7 of 7,34 of 78,0 of 0,0 of 0,10 of 42,10 of 14,0 of 1,18 of 55,2 of 2,0 of 0,,,,,,,,,,,,,,,,,,,,,,,,
"July 23, 2022",Paddy Pimblett,Jordan Leavitt,http://ufcstats.com/fight-details/8e02bdaac8ed50e5,W,Submission,2,2:46,0,10 of 21,18 of 29,1 of 1,2,0,1:01,0,7 of 8,26 of 27,3 of 8,0,0,3:32,9 of 19,1 of 2,0 of 0,1 of 8,5 of 6,4 of 7,3 of 4,4 of 4,0 of 0,2 of 2,5 of 6,0 of 0,0,7 of 18,12 of 24,0 of 0,2,0,0:43,0,9 of 14,15 of 21,0 of 1,0,0,1:18,,,,,,,,,,,,,,,,,,,,,,,,,,,,,,,,,,,,,,,,,,,5 of 15,1 of 2,1 of 1,3 of 14,3 of 3,1 of 1,2 of 4,5 of 8,2 of 2,7 of 10,2 of 4,0 of 0,,,,,,,,,,,,,,,,,,,,,,,,,,,,,,,,,,,,
"July 23, 2022",Molly McCann,Hannah Goldy,http://ufcstats.com/fight-details/a57969d4ba7d4a79,W,KO/TKO,1,3:52,1,24 of 52,29 of 57,0 of 1,0,0,0:10,0,9 of 33,9 of 33,0 of 5,0,0,1:10,20 of 46,3 of 5,1 of 1,19 of 45,2 of 2,3 of 5,5 of 26,3 of 3,1 of 4,6 of 27,3 of 6,0 of 0,,,,,,,,,,,,,,,,,,,,,,,,,,,,,,,,,,,,,,,,,,,,,,,,,,,,,,,,,,,,,,,,,,,,,,,,,,,,,,,,,,,,,,,,,,,,,,,,,,,,,,,,
"July 23, 2022",Makwan Amirkhani,Jonathan Pearce,http://ufcstats.com/fight-details/3d35f25d9792a69a,L,KO/TKO,2,4:10,0,6 of 11,7 of 12,3 of 7,0,0,1:25,0,46 of 51,61 of 67,2 of 3,0,0,1:39,4 of 8,0 of 1,2 of 2,6 of 11,0 of 0,0 of 0,43 of 47,2 of 3,1 of 1,3 of 7,37 of 37,6 of 7,0,5 of 11,5 of 11,0 of 0,0,0,0:00,0,44 of 61,83 of 111,2 of 2,0,0,3:07,,,,,,,,,,,,,,,,,,,,,,,,,,,,,,,,,,,,,,,,,,,5 of 11,0 of 0,0 of 0,5 of 11,0 of 0,0 of 0,32 of 47,9 of 11,3 of 3,13 of 21,0 of 0,31 of 40,,,,,,,,,,,,,,,,,,,,,,,,,,,,,,,,,,,,
"July 23, 2022",Mandy Bohm,Victoria Leonardo,http://ufcstats.com/fight-details/e600b78e5a652dc0,L,Decision - Unanimous,3,5:00,0,15 of 26,25 of 36,0 of 0,0,0,0:25,0,9 of 30,25 of 46,1 of 1,0,0,2:30,6 of 17,3 of 3,6 of 6,12 of 23,3 of 3,0 of 0,5 of 22,4 of 6,0 of 2,6 of 27,3 of 3,0 of 0,0,18 of 36,29 of 47,0 of 0,0,0,0:07,0,20 of 43,35 of 60,0 of 2,0,0,2:15,0,19 of 31,29 of 41,0 of 1,1,0,0:23,0,10 of 37,25 of 60,1 of 3,0,0,2:21,,,,,,,,,,,,,,,,,,,,,,,,,,,,,11 of 29,5 of 5,2 of 2,11 of 29,7 of 7,0 of 0,10 of 30,10 of 11,0 of 2,13 of 35,7 of 8,0 of 0,9 of 20,6 of 7,4 of 4,12 of 23,7 of 7,0 of 1,6 of 28,4 of 9,0 of 0,6 of 32,3 of 4,1 of 1,,,,,,,,,,,,,,,,,,,,,,,,
"July 16, 2022",Punahele Soriano,Dalcha Lungiambula,http://ufcstats.com/fight-details/ebefe958473b3843,W,KO/TKO,2,0:28,0,11 of 28,13 of 30,0 of 1,0,0,0:01,0,10 of 21,16 of 27,2 of 2,0,0,1:39,3 of 19,8 of 9,0 of 0,7 of 23,4 of 5,0 of 0,6 of 16,1 of 2,3 of 3,8 of 17,0 of 2,2 of 2,1,6 of 7,6 of 7,0 of 0,0,0,0:03,0,1 of 1,1 of 1,0 of 0,0,0,0:00,,,,,,,,,,,,,,,,,,,,,,,,,,,,,,,,,,,,,,,,,,,5 of 6,1 of 1,0 of 0,2 of 3,0 of 0,4 of 4,0 of 0,1 of 1,0 of 0,1 of 1,0 of 0,0 of 0,,,,,,,,,,,,,,,,,,,,,,,,,,,,,,,,,,,,
"July 16, 2022",Bill Algeo,Herbert Burns,http://ufcstats.com/fight-details/4dd2bcd2b025204e,W,KO/TKO,2,1:50,0,24 of 30,65 of 84,1 of 1,0,0,4:01,0,10 of 12,18 of 25,1 of 1,2,0,0:32,19 of 25,4 of 4,1 of 1,1 of 2,2 of 2,21 of 26,6 of 8,4 of 4,0 of 0,1 of 1,3 of 3,6 of 8,0,4 of 6,16 of 20,0 of 0,0,0,1:25,0,0 of 0,0 of 0,0 of 1,0,0,0:00,,,,,,,,,,,,,,,,,,,,,,,,,,,,,,,,,,,,,,,,,,,2 of 3,2 of 3,0 of 0,1 of 2,0 of 0,3 of 4,0 of 0,0 of 0,0 of 0,0 of 0,0 of 0,0 of 0,,,,,,,,,,,,,,,,,,,,,,,,,,,,,,,,,,,,
"July 16, 2022",Dustin Jacoby,Da Woon Jung,http://ufcstats.com/fight-details/a5d2f0fed3ce2899,W,KO/TKO,1,3:13,1,14 of 23,14 of 23,0 of 0,0,0,0:03,0,14 of 39,14 of 39,0 of 0,0,0,0:00,6 of 14,1 of 2,7 of 7,14 of 23,0 of 0,0 of 0,6 of 26,1 of 4,7 of 9,14 of 39,0 of 0,0 of 0,,,,,,,,,,,,,,,,,,,,,,,,,,,,,,,,,,,,,,,,,,,,,,,,,,,,,,,,,,,,,,,,,,,,,,,,,,,,,,,,,,,,,,,,,,,,,,,,,,,,,,,,
"July 16, 2022",Dwight Grant,Dustin Stoltzfus,http://ufcstats.com/fight-details/9f3326195672c2b9,L,Decision - Unanimous,3,5:00,0,23 of 35,23 of 35,0 of 0,0,0,0:00,0,17 of 43,17 of 43,0 of 1,0,0,0:26,19 of 30,1 of 1,3 of 4,21 of 32,2 of 3,0 of 0,7 of 30,2 of 3,8 of 10,15 of 40,2 of 3,0 of 0,0,14 of 28,16 of 30,0 of 0,0,0,0:00,0,20 of 38,31 of 52,1 of 2,0,0,1:51,0,15 of 37,15 of 37,0 of 0,0,0,0:00,0,12 of 31,54 of 78,1 of 2,0,0,2:00,,,,,,,,,,,,,,,,,,,,,,,,,,,,,5 of 16,5 of 7,4 of 5,14 of 28,0 of 0,0 of 0,12 of 29,4 of 4,4 of 5,10 of 21,1 of 1,9 of 16,11 of 33,1 of 1,3 of 3,15 of 37,0 of 0,0 of 0,4 of 22,1 of 1,7 of 8,10 of 27,0 of 0,2 of 4,,,,,,,,,,,,,,,,,,,,,,,,
"July 09, 2022",Caio Borralho,Armen Petrosyan,http://ufcstats.com/fight-details/6c60e58f8e9e7a4c,W,Decision - Unanimous,3,5:00,0,4 of 5,14 of 23,1 of 1,0,0,4:24,0,1 of 2,9 of 22,0 of 0,0,0,0:00,3 of 4,0 of 0,1 of 1,4 of 5,0 of 0,0 of 0,0 of 0,0 of 1,1 of 1,1 of 2,0 of 0,0 of 0,0,2 of 8,8 of 23,2 of 2,0,0,2:47,0,12 of 29,22 of 47,0 of 0,0,1,0:26,0,6 of 12,27 of 37,1 of 2,0,0,2:58,0,18 of 30,41 of 63,0 of 0,0,0,0:53,,,,,,,,,,,,,,,,,,,,,,,,,,,,,0 of 5,2 of 3,0 of 0,2 of 8,0 of 0,0 of 0,1 of 12,1 of 3,10 of 14,9 of 23,0 of 0,3 of 6,1 of 6,4 of 5,1 of 1,5 of 10,1 of 2,0 of 0,1 of 7,2 of 5,15 of 18,6 of 15,0 of 0,12 of 15,,,,,,,,,,,,,,,,,,,,,,,,
"July 09, 2022",Aiemann Zahabi,Ricky Turcios,http://ufcstats.com/fight-details/c58b3223b5caa18a,W,Decision - Unanimous,3,5:00,0,12 of 23,12 of 23,0 of 0,0,0,0:00,0,7 of 53,7 of 53,0 of 1,0,0,0:00,3 of 14,5 of 5,4 of 4,11 of 22,1 of 1,0 of 0,3 of 46,1 of 4,3 of 3,7 of 53,0 of 0,0 of 0,0,21 of 46,21 of 46,0 of 0,0,0,0:00,0,10 of 84,10 of 84,0 of 1,0,0,0:00,0,21 of 36,21 of 36,0 of 0,0,0,0:00,0,10 of 98,10 of 98,0 of 0,0,0,0:00,,,,,,,,,,,,,,,,,,,,,,,,,,,,,10 of 29,2 of 6,9 of 11,21 of 46,0 of 0,0 of 0,4 of 72,3 of 8,3 of 4,10 of 84,0 of 0,0 of 0,5 of 16,2 of 3,14 of 17,21 of 36,0 of 0,0 of 0,7 of 86,1 of 9,2 of 3,10 of 98,0 of 0,0 of 0,,,,,,,,,,,,,,,,,,,,,,,,
"July 09, 2022",Cody Brundage,Tresean Gore,http://ufcstats.com/fight-details/04e1ff7aeda2a018,W,KO/TKO,1,3:50,1,15 of 39,23 of 49,1 of 2,0,0,1:18,0,8 of 25,8 of 27,0 of 0,0,0,0:00,10 of 33,5 of 6,0 of 0,12 of 33,1 of 2,2 of 4,2 of 15,0 of 1,6 of 9,8 of 25,0 of 0,0 of 0,,,,,,,,,,,,,,,,,,,,,,,,,,,,,,,,,,,,,,,,,,,,,,,,,,,,,,,,,,,,,,,,,,,,,,,,,,,,,,,,,,,,,,,,,,,,,,,,,,,,,,,,
"July 09, 2022",Antonina Shevchenko,Cortney Casey,http://ufcstats.com/fight-details/81cbb709dedc914d,W,Decision - Split,3,5:00,0,16 of 35,30 of 55,0 of 0,0,0,1:34,0,12 of 20,35 of 47,0 of 2,0,0,0:00,6 of 21,5 of 8,5 of 6,16 of 35,0 of 0,0 of 0,3 of 5,0 of 1,9 of 14,11 of 19,1 of 1,0 of 0,0,24 of 57,24 of 57,0 of 0,0,0,0:00,0,9 of 37,9 of 39,0 of 1,0,0,0:14,0,15 of 25,27 of 46,0 of 1,0,0,0:16,0,12 of 29,36 of 60,2 of 2,0,0,2:54,,,,,,,,,,,,,,,,,,,,,,,,,,,,,9 of 34,6 of 11,9 of 12,24 of 57,0 of 0,0 of 0,5 of 23,0 of 3,4 of 11,9 of 37,0 of 0,0 of 0,11 of 18,4 of 7,0 of 0,14 of 23,1 of 2,0 of 0,9 of 24,2 of 3,1 of 2,8 of 22,2 of 3,2 of 4,,,,,,,,,,,,,,,,,,,,,,,,
"July 09, 2022",Kennedy Nzechukwu,Karl Roberson,http://ufcstats.com/fight-details/478bc7d1288e043e,W,KO/TKO,3,2:19,0,3 of 8,9 of 17,2 of 4,0,0,4:16,0,1 of 2,8 of 9,0 of 3,0,0,0:23,2 of 7,1 of 1,0 of 0,0 of 5,0 of 0,3 of 3,0 of 1,1 of 1,0 of 0,1 of 2,0 of 0,0 of 0,0,2 of 7,39 of 66,2 of 2,0,0,4:41,0,6 of 10,6 of 10,0 of 0,0,0,0:00,0,15 of 28,16 of 31,1 of 1,1,0,1:49,0,2 of 7,2 of 7,0 of 0,0,0,0:00,,,,,,,,,,,,,,,,,,,,,,,,,,,,,1 of 4,1 of 3,0 of 0,2 of 7,0 of 0,0 of 0,4 of 8,2 of 2,0 of 0,6 of 10,0 of 0,0 of 0,15 of 26,0 of 2,0 of 0,1 of 10,0 of 0,14 of 18,0 of 4,1 of 2,1 of 1,2 of 7,0 of 0,0 of 0,,,,,,,,,,,,,,,,,,,,,,,,
"July 09, 2022",Ronnie Lawrence,Saidyokub Kakhramonov,http://ufcstats.com/fight-details/fb3f5a65da9f2ac7,L,Decision - Unanimous,3,5:00,0,4 of 6,5 of 7,0 of 1,0,0,0:04,0,12 of 18,30 of 44,4 of 6,0,0,4:05,1 of 3,2 of 2,1 of 1,3 of 5,1 of 1,0 of 0,11 of 16,1 of 2,0 of 0,1 of 4,5 of 5,6 of 9,0,8 of 21,8 of 21,1 of 1,0,0,0:00,0,11 of 28,35 of 61,2 of 5,0,0,3:43,0,3 of 6,3 of 6,0 of 0,0,0,0:00,0,9 of 13,40 of 51,4 of 5,0,0,4:31,,,,,,,,,,,,,,,,,,,,,,,,,,,,,6 of 14,1 of 6,1 of 1,8 of 21,0 of 0,0 of 0,10 of 26,0 of 1,1 of 1,3 of 14,0 of 2,8 of 12,1 of 4,1 of 1,1 of 1,3 of 6,0 of 0,0 of 0,7 of 11,0 of 0,2 of 2,0 of 2,2 of 2,7 of 9,,,,,,,,,,,,,,,,,,,,,,,,
"July 02, 2022",Pedro Munhoz,Sean O'Malley,http://ufcstats.com/fight-details/39dccca8e8083072,NC,Could Not Continue,2,3:09,0,19 of 25,19 of 25,0 of 0,0,0,0:00,0,15 of 26,15 of 26,0 of 0,0,0,0:00,0 of 3,0 of 0,19 of 22,19 of 25,0 of 0,0 of 0,7 of 13,5 of 10,3 of 3,15 of 26,0 of 0,0 of 0,0,7 of 16,7 of 16,0 of 0,0,0,0:00,0,10 of 21,10 of 21,0 of 0,0,0,0:00,,,,,,,,,,,,,,,,,,,,,,,,,,,,,,,,,,,,,,,,,,,0 of 6,0 of 2,7 of 8,7 of 16,0 of 0,0 of 0,7 of 17,3 of 4,0 of 0,10 of 21,0 of 0,0 of 0,,,,,,,,,,,,,,,,,,,,,,,,,,,,,,,,,,,,
"July 02, 2022",Brad Riddell,Jalin Turner,http://ufcstats.com/fight-details/98411542ca0e847d,L,Submission,1,0:45,0,2 of 3,2 of 3,0 of 1,0,0,0:00,0,3 of 5,3 of 5,0 of 0,1,0,0:13,0 of 1,0 of 0,2 of 2,2 of 3,0 of 0,0 of 0,1 of 2,1 of 2,1 of 1,3 of 5,0 of 0,0 of 0,,,,,,,,,,,,,,,,,,,,,,,,,,,,,,,,,,,,,,,,,,,,,,,,,,,,,,,,,,,,,,,,,,,,,,,,,,,,,,,,,,,,,,,,,,,,,,,,,,,,,,,,
"July 02, 2022",Jessica Eye,Maycee Barber,http://ufcstats.com/fight-details/1c85003f6ec59c9d,L,Decision - Unanimous,3,5:00,0,12 of 16,34 of 38,0 of 0,0,0,2:59,0,21 of 26,35 of 40,0 of 0,0,0,1:24,8 of 12,4 of 4,0 of 0,4 of 6,8 of 10,0 of 0,15 of 19,6 of 7,0 of 0,0 of 4,21 of 22,0 of 0,0,5 of 9,19 of 26,1 of 2,0,0,3:52,0,7 of 15,13 of 21,0 of 0,0,0,0:17,0,18 of 37,23 of 42,0 of 2,0,0,1:18,0,35 of 56,35 of 56,0 of 0,0,0,0:11,,,,,,,,,,,,,,,,,,,,,,,,,,,,,2 of 5,3 of 4,0 of 0,2 of 6,1 of 1,2 of 2,5 of 13,2 of 2,0 of 0,3 of 9,4 of 6,0 of 0,13 of 31,2 of 2,3 of 4,11 of 29,7 of 8,0 of 0,25 of 46,8 of 8,2 of 2,20 of 38,10 of 13,5 of 5,,,,,,,,,,,,,,,,,,,,,,,,
"June 25, 2022",Josh Parisian,Alan Baudot,http://ufcstats.com/fight-details/c57c8e22a3e8dde2,W,KO/TKO,2,3:04,0,25 of 41,38 of 62,1 of 2,0,0,0:48,1,38 of 60,45 of 67,0 of 0,0,0,1:41,13 of 29,8 of 8,4 of 4,17 of 32,2 of 2,6 of 7,27 of 48,5 of 6,6 of 6,17 of 37,6 of 6,15 of 17,0,17 of 27,64 of 94,2 of 2,0,0,2:21,0,11 of 15,11 of 15,0 of 0,0,0,0:02,,,,,,,,,,,,,,,,,,,,,,,,,,,,,,,,,,,,,,,,,,,14 of 24,3 of 3,0 of 0,5 of 7,0 of 2,12 of 18,7 of 11,3 of 3,1 of 1,6 of 10,5 of 5,0 of 0,,,,,,,,,,,,,,,,,,,,,,,,,,,,,,,,,,,,
"June 25, 2022",Chris Curtis,Rodolfo Vieira,http://ufcstats.com/fight-details/3f38100fd8dae286,W,Decision - Unanimous,3,5:00,0,17 of 27,28 of 38,0 of 0,0,0,0:13,0,19 of 28,22 of 31,0 of 7,0,0,1:08,8 of 18,9 of 9,0 of 0,13 of 22,2 of 3,2 of 2,9 of 18,3 of 3,7 of 7,18 of 25,1 of 3,0 of 0,0,46 of 67,49 of 70,0 of 0,0,0,0:04,0,41 of 64,42 of 65,0 of 3,0,0,0:57,0,46 of 80,51 of 85,0 of 0,0,0,0:18,0,26 of 53,26 of 53,0 of 10,0,0,0:00,,,,,,,,,,,,,,,,,,,,,,,,,,,,,36 of 54,10 of 13,0 of 0,46 of 66,0 of 1,0 of 0,32 of 53,2 of 4,7 of 7,39 of 62,2 of 2,0 of 0,36 of 64,10 of 16,0 of 0,45 of 79,0 of 0,1 of 1,23 of 50,1 of 1,2 of 2,26 of 53,0 of 0,0 of 0,,,,,,,,,,,,,,,,,,,,,,,,
"June 25, 2022",Carlos Ulberg,Tafon Nchukwi,http://ufcstats.com/fight-details/28be3fbe5c377380,W,KO/TKO,1,1:15,1,15 of 19,15 of 19,0 of 0,0,0,0:04,0,3 of 4,3 of 4,0 of 0,0,0,0:00,9 of 13,3 of 3,3 of 3,12 of 15,0 of 0,3 of 4,0 of 0,0 of 0,3 of 4,3 of 4,0 of 0,0 of 0,,,,,,,,,,,,,,,,,,,,,,,,,,,,,,,,,,,,,,,,,,,,,,,,,,,,,,,,,,,,,,,,,,,,,,,,,,,,,,,,,,,,,,,,,,,,,,,,,,,,,,,,
"June 25, 2022",Shayilan Nuerdanbieke,TJ Brown,http://ufcstats.com/fight-details/21f79cd40513d075,W,Decision - Unanimous,3,5:00,1,22 of 42,30 of 50,1 of 2,0,0,2:17,0,24 of 49,29 of 55,0 of 1,3,0,0:05,18 of 38,0 of 0,4 of 4,17 of 37,2 of 2,3 of 3,15 of 39,6 of 7,3 of 3,20 of 45,3 of 3,1 of 1,0,5 of 8,17 of 20,1 of 3,0,1,2:47,0,2 of 9,7 of 20,1 of 1,1,0,1:39,0,20 of 29,39 of 51,1 of 1,0,1,2:28,0,16 of 41,22 of 50,0 of 0,0,2,1:10,,,,,,,,,,,,,,,,,,,,,,,,,,,,,4 of 7,0 of 0,1 of 1,1 of 2,0 of 0,4 of 6,2 of 9,0 of 0,0 of 0,2 of 9,0 of 0,0 of 0,19 of 28,1 of 1,0 of 0,14 of 22,0 of 0,6 of 7,13 of 38,3 of 3,0 of 0,14 of 38,0 of 0,2 of 3,,,,,,,,,,,,,,,,,,,,,,,,
"June 25, 2022",JP Buys,Cody Durden,http://ufcstats.com/fight-details/8cc43d79b61efc25,L,KO/TKO,1,1:08,0,7 of 11,7 of 11,0 of 2,0,0,0:00,1,23 of 30,34 of 41,0 of 0,0,0,0:26,4 of 7,1 of 1,2 of 3,5 of 9,2 of 2,0 of 0,21 of 28,2 of 2,0 of 0,8 of 12,1 of 1,14 of 17,,,,,,,,,,,,,,,,,,,,,,,,,,,,,,,,,,,,,,,,,,,,,,,,,,,,,,,,,,,,,,,,,,,,,,,,,,,,,,,,,,,,,,,,,,,,,,,,,,,,,,,,
"June 25, 2022",Vanessa Demopoulos,Jinh Yu Frey,http://ufcstats.com/fight-details/2c73bf152247f25a,W,Decision - Split,3,5:00,0,11 of 32,11 of 32,1 of 1,0,0,0:35,0,17 of 45,18 of 46,0 of 1,0,0,0:00,6 of 24,3 of 5,2 of 3,9 of 30,2 of 2,0 of 0,15 of 41,0 of 2,2 of 2,17 of 44,0 of 1,0 of 0,0,24 of 52,25 of 53,0 of 4,0,0,0:31,0,27 of 56,30 of 59,0 of 0,0,0,0:02,0,31 of 55,35 of 59,0 of 2,0,0,3:08,0,18 of 32,33 of 48,0 of 0,0,0,0:09,,,,,,,,,,,,,,,,,,,,,,,,,,,,,14 of 41,7 of 8,3 of 3,17 of 44,7 of 8,0 of 0,20 of 48,4 of 4,3 of 4,27 of 56,0 of 0,0 of 0,14 of 35,15 of 18,2 of 2,14 of 33,17 of 22,0 of 0,14 of 27,4 of 5,0 of 0,14 of 28,4 of 4,0 of 0,,,,,,,,,,,,,,,,,,,,,,,,
"June 18, 2022",Tim Means,Kevin Holland,http://ufcstats.com/fight-details/1bc662949337a8c4,L,Submission,2,1:28,0,14 of 34,18 of 40,2 of 4,0,0,1:30,0,27 of 70,44 of 89,0 of 0,0,0,0:02,7 of 22,6 of 10,1 of 2,13 of 33,1 of 1,0 of 0,21 of 57,2 of 6,4 of 7,24 of 65,3 of 5,0 of 0,0,7 of 12,7 of 12,0 of 1,0,0,0:00,0,9 of 20,9 of 20,0 of 1,1,0,0:07,,,,,,,,,,,,,,,,,,,,,,,,,,,,,,,,,,,,,,,,,,,1 of 3,5 of 7,1 of 2,7 of 12,0 of 0,0 of 0,5 of 14,1 of 3,3 of 3,9 of 20,0 of 0,0 of 0,,,,,,,,,,,,,,,,,,,,,,,,,,,,,,,,,,,,
"June 18, 2022",Joaquin Buckley,Albert Duraev,http://ufcstats.com/fight-details/11e83902f5b8ff63,W,TKO - Doctor's Stoppage,2,5:00,0,13 of 70,13 of 70,0 of 0,0,0,0:00,0,7 of 34,7 of 34,0 of 2,0,0,0:00,6 of 55,6 of 14,1 of 1,13 of 70,0 of 0,0 of 0,2 of 25,1 of 3,4 of 6,7 of 34,0 of 0,0 of 0,2,14 of 35,17 of 38,0 of 0,0,0,0:22,0,3 of 16,10 of 26,2 of 7,0,0,1:48,,,,,,,,,,,,,,,,,,,,,,,,,,,,,,,,,,,,,,,,,,,9 of 25,5 of 10,0 of 0,10 of 28,3 of 6,1 of 1,1 of 13,2 of 3,0 of 0,2 of 15,1 of 1,0 of 0,,,,,,,,,,,,,,,,,,,,,,,,,,,,,,,,,,,,
"June 18, 2022",Julian Marquez,Gregory Rodrigues,http://ufcstats.com/fight-details/5095f6290670009d,L,KO/TKO,1,3:18,0,13 of 42,13 of 42,0 of 0,0,0,0:00,3,49 of 72,50 of 74,0 of 0,0,0,0:52,8 of 36,0 of 1,5 of 5,13 of 36,0 of 6,0 of 0,46 of 67,3 of 5,0 of 0,33 of 49,3 of 6,13 of 17,,,,,,,,,,,,,,,,,,,,,,,,,,,,,,,,,,,,,,,,,,,,,,,,,,,,,,,,,,,,,,,,,,,,,,,,,,,,,,,,,,,,,,,,,,,,,,,,,,,,,,,,
"June 18, 2022",Adrian Yanez,Tony Kelley,http://ufcstats.com/fight-details/20cefe64f4b28be8,W,KO/TKO,1,3:49,1,35 of 67,36 of 68,0 of 0,0,0,0:04,0,20 of 49,21 of 50,0 of 0,0,0,0:02,29 of 60,6 of 7,0 of 0,29 of 60,1 of 2,5 of 5,12 of 29,6 of 16,2 of 4,20 of 48,0 of 1,0 of 0,,,,,,,,,,,,,,,,,,,,,,,,,,,,,,,,,,,,,,,,,,,,,,,,,,,,,,,,,,,,,,,,,,,,,,,,,,,,,,,,,,,,,,,,,,,,,,,,,,,,,,,,
"June 18, 2022",Jasmine Jasudavicius,Natalia Silva,http://ufcstats.com/fight-details/2c7c7648e847f2e5,L,Decision - Unanimous,3,5:00,0,12 of 33,16 of 42,0 of 2,0,0,1:51,0,27 of 53,44 of 71,0 of 1,0,0,0:09,5 of 24,6 of 8,1 of 1,9 of 30,3 of 3,0 of 0,9 of 32,9 of 11,9 of 10,26 of 49,1 of 1,0 of 3,0,10 of 34,14 of 38,0 of 3,0,0,0:48,0,41 of 78,48 of 88,2 of 2,0,0,0:45,0,9 of 34,10 of 36,0 of 1,0,0,0:58,0,28 of 54,28 of 54,0 of 0,0,0,0:13,,,,,,,,,,,,,,,,,,,,,,,,,,,,,4 of 24,6 of 9,0 of 1,10 of 33,0 of 1,0 of 0,30 of 65,5 of 7,6 of 6,31 of 66,0 of 0,10 of 12,3 of 24,6 of 10,0 of 0,8 of 32,1 of 2,0 of 0,16 of 40,4 of 6,8 of 8,28 of 54,0 of 0,0 of 0,,,,,,,,,,,,,,,,,,,,,,,,
"June 18, 2022",Maria Oliveira,Gloria de Paula,http://ufcstats.com/fight-details/5b5d7f7ae712c6d8,W,Decision - Split,3,5:00,0,37 of 111,38 of 113,0 of 1,0,0,0:22,0,29 of 60,30 of 61,0 of 0,0,0,0:03,24 of 89,7 of 11,6 of 11,36 of 109,1 of 2,0 of 0,20 of 49,3 of 4,6 of 7,22 of 53,7 of 7,0 of 0,0,25 of 98,25 of 98,0 of 0,0,0,0:00,0,41 of 72,45 of 76,1 of 1,0,0,0:23,0,34 of 88,36 of 92,2 of 3,0,0,1:13,0,35 of 58,41 of 68,1 of 2,0,0,0:23,,,,,,,,,,,,,,,,,,,,,,,,,,,,,17 of 83,2 of 5,6 of 10,25 of 98,0 of 0,0 of 0,29 of 58,3 of 5,9 of 9,41 of 71,0 of 0,0 of 1,25 of 75,3 of 7,6 of 6,33 of 87,1 of 1,0 of 0,26 of 48,5 of 6,4 of 4,35 of 58,0 of 0,0 of 0,,,,,,,,,,,,,,,,,,,,,,,,
"June 18, 2022",Phil Hawes,Deron Winn,http://ufcstats.com/fight-details/897d9e21c59d0633,W,KO/TKO,2,4:25,1,55 of 87,56 of 88,0 of 0,0,0,0:04,0,17 of 44,17 of 44,0 of 0,0,0,0:00,43 of 71,10 of 14,2 of 2,49 of 77,3 of 6,3 of 4,13 of 40,1 of 1,3 of 3,15 of 41,2 of 3,0 of 0,0,63 of 88,70 of 103,1 of 3,0,0,0:43,0,15 of 67,17 of 70,0 of 0,0,0,0:00,,,,,,,,,,,,,,,,,,,,,,,,,,,,,,,,,,,,,,,,,,,56 of 81,7 of 7,0 of 0,40 of 61,11 of 12,12 of 15,11 of 61,3 of 5,1 of 1,14 of 59,1 of 8,0 of 0,,,,,,,,,,,,,,,,,,,,,,,,,,,,,,,,,,,,
"June 18, 2022",Roman Dolidze,Kyle Daukaus,http://ufcstats.com/fight-details/e8a5e53ffd33c0f9,W,KO/TKO,1,1:13,2,8 of 15,10 of 17,0 of 0,0,0,0:36,0,4 of 9,5 of 10,0 of 0,0,0,0:00,8 of 14,0 of 1,0 of 0,0 of 4,3 of 3,5 of 8,1 of 6,1 of 1,2 of 2,4 of 9,0 of 0,0 of 0,,,,,,,,,,,,,,,,,,,,,,,,,,,,,,,,,,,,,,,,,,,,,,,,,,,,,,,,,,,,,,,,,,,,,,,,,,,,,,,,,,,,,,,,,,,,,,,,,,,,,,,,
"June 11, 2022",Jack Della Maddalena,Ramazan Emeev,http://ufcstats.com/fight-details/f115a91066a77ee7,W,KO/TKO,1,2:32,1,18 of 36,18 of 36,0 of 0,0,0,0:03,0,7 of 24,7 of 24,1 of 2,1,0,0:25,11 of 26,7 of 10,0 of 0,11 of 29,3 of 3,4 of 4,6 of 22,1 of 2,0 of 0,7 of 24,0 of 0,0 of 0,,,,,,,,,,,,,,,,,,,,,,,,,,,,,,,,,,,,,,,,,,,,,,,,,,,,,,,,,,,,,,,,,,,,,,,,,,,,,,,,,,,,,,,,,,,,,,,,,,,,,,,,
"June 11, 2022",Maheshate,Steve Garcia,http://ufcstats.com/fight-details/4a116a55ffaa0d64,W,KO/TKO,1,1:14,2,7 of 10,7 of 10,0 of 0,0,0,0:01,0,7 of 19,9 of 21,0 of 0,0,0,0:35,6 of 8,1 of 2,0 of 0,7 of 10,0 of 0,0 of 0,7 of 15,0 of 4,0 of 0,4 of 15,0 of 1,3 of 3,,,,,,,,,,,,,,,,,,,,,,,,,,,,,,,,,,,,,,,,,,,,,,,,,,,,,,,,,,,,,,,,,,,,,,,,,,,,,,,,,,,,,,,,,,,,,,,,,,,,,,,,
"June 11, 2022",Brendan Allen,Jacob Malkoun,http://ufcstats.com/fight-details/50eed57ea1390e16,W,Decision - Unanimous,3,5:00,0,15 of 34,25 of 45,1 of 1,0,0,0:39,0,10 of 20,13 of 27,3 of 6,0,0,2:24,8 of 24,2 of 4,5 of 6,14 of 33,0 of 0,1 of 1,8 of 18,1 of 1,1 of 1,9 of 19,1 of 1,0 of 0,0,12 of 16,25 of 29,0 of 0,0,1,0:39,0,12 of 19,32 of 43,2 of 4,0,0,2:58,0,18 of 24,39 of 48,1 of 1,0,1,2:06,0,11 of 16,21 of 26,2 of 4,0,0,1:47,,,,,,,,,,,,,,,,,,,,,,,,,,,,,10 of 14,0 of 0,2 of 2,7 of 11,0 of 0,5 of 5,10 of 16,2 of 3,0 of 0,10 of 14,0 of 0,2 of 5,18 of 24,0 of 0,0 of 0,7 of 11,0 of 1,11 of 12,11 of 16,0 of 0,0 of 0,10 of 15,0 of 0,1 of 1,,,,,,,,,,,,,,,,,,,,,,,,
"June 04, 2022",Dan Ige,Movsar Evloev,http://ufcstats.com/fight-details/aacb47949a572f25,L,Decision - Unanimous,3,5:00,0,17 of 44,19 of 46,0 of 0,0,0,0:00,0,23 of 45,28 of 50,3 of 6,0,0,1:06,11 of 36,5 of 7,1 of 1,16 of 43,1 of 1,0 of 0,14 of 34,6 of 8,3 of 3,23 of 45,0 of 0,0 of 0,0,20 of 52,20 of 52,0 of 0,0,0,0:00,0,30 of 66,54 of 93,1 of 2,0,0,1:19,0,5 of 10,8 of 16,0 of 0,0,0,0:10,0,15 of 18,62 of 70,5 of 8,0,0,4:22,,,,,,,,,,,,,,,,,,,,,,,,,,,,,11 of 41,7 of 9,2 of 2,20 of 52,0 of 0,0 of 0,23 of 59,5 of 5,2 of 2,25 of 61,1 of 1,4 of 4,3 of 8,2 of 2,0 of 0,2 of 7,0 of 0,3 of 3,13 of 16,1 of 1,1 of 1,3 of 4,1 of 1,11 of 13,,,,,,,,,,,,,,,,,,,,,,,,
"June 04, 2022",Michael Trizano,Lucas Almeida,http://ufcstats.com/fight-details/344d60564cd136ff,L,KO/TKO,3,0:55,1,12 of 26,20 of 35,0 of 0,0,0,1:36,0,21 of 52,26 of 57,0 of 0,0,0,0:00,7 of 19,4 of 5,1 of 2,8 of 20,1 of 2,3 of 4,5 of 29,6 of 8,10 of 15,21 of 52,0 of 0,0 of 0,0,15 of 26,18 of 29,0 of 0,0,0,0:07,1,30 of 60,44 of 74,0 of 0,0,0,2:01,0,4 of 10,4 of 10,0 of 0,0,0,0:00,1,24 of 40,24 of 40,0 of 0,0,0,0:12,,,,,,,,,,,,,,,,,,,,,,,,,,,,,7 of 18,8 of 8,0 of 0,14 of 25,0 of 0,1 of 1,9 of 33,8 of 12,13 of 15,26 of 53,0 of 0,4 of 7,3 of 8,0 of 1,1 of 1,4 of 10,0 of 0,0 of 0,18 of 33,2 of 2,4 of 5,7 of 16,0 of 0,17 of 24,,,,,,,,,,,,,,,,,,,,,,,,
"June 04, 2022",Ode Osbourne,Zarrukh Adashev,http://ufcstats.com/fight-details/a679800d2e7c3be2,W,KO/TKO,1,1:01,1,7 of 15,7 of 15,0 of 0,0,0,0:03,0,7 of 13,7 of 13,0 of 0,0,0,0:00,7 of 15,0 of 0,0 of 0,1 of 8,0 of 0,6 of 7,5 of 11,1 of 1,1 of 1,7 of 13,0 of 0,0 of 0,,,,,,,,,,,,,,,,,,,,,,,,,,,,,,,,,,,,,,,,,,,,,,,,,,,,,,,,,,,,,,,,,,,,,,,,,,,,,,,,,,,,,,,,,,,,,,,,,,,,,,,,
"June 04, 2022",Alonzo Menifield,Askar Mozharov,http://ufcstats.com/fight-details/93969a7368dc2e14,W,KO/TKO,1,4:40,0,19 of 22,55 of 59,2 of 3,0,0,4:19,0,2 of 11,11 of 20,0 of 0,0,0,0:00,18 of 21,1 of 1,0 of 0,3 of 6,0 of 0,16 of 16,1 of 9,1 of 2,0 of 0,2 of 11,0 of 0,0 of 0,,,,,,,,,,,,,,,,,,,,,,,,,,,,,,,,,,,,,,,,,,,,,,,,,,,,,,,,,,,,,,,,,,,,,,,,,,,,,,,,,,,,,,,,,,,,,,,,,,,,,,,,
"June 04, 2022",Joe Solecki,Alex Da Silva,http://ufcstats.com/fight-details/e5e75d831670b401,W,Decision - Majority,3,5:00,0,3 of 5,24 of 27,0 of 0,1,0,0:11,1,6 of 8,17 of 19,0 of 0,0,0,4:32,3 of 5,0 of 0,0 of 0,3 of 5,0 of 0,0 of 0,4 of 6,2 of 2,0 of 0,3 of 4,0 of 0,3 of 4,0,3 of 4,31 of 34,1 of 2,2,0,4:40,0,1 of 3,7 of 10,0 of 0,0,0,0:00,0,27 of 73,36 of 83,0 of 2,0,0,0:00,0,28 of 65,30 of 67,0 of 0,0,0,1:23,,,,,,,,,,,,,,,,,,,,,,,,,,,,,3 of 4,0 of 0,0 of 0,1 of 2,0 of 0,2 of 2,0 of 2,0 of 0,1 of 1,1 of 3,0 of 0,0 of 0,26 of 72,0 of 0,1 of 1,26 of 70,1 of 3,0 of 0,16 of 50,9 of 10,3 of 5,25 of 60,1 of 2,2 of 3,,,,,,,,,,,,,,,,,,,,,,,,
"June 04, 2022",Johnny Munoz,Tony Gravely,http://ufcstats.com/fight-details/43d7d4b67be48553,L,KO/TKO,1,1:08,0,2 of 7,2 of 7,0 of 1,0,0,0:00,1,5 of 15,6 of 16,0 of 0,0,0,0:03,0 of 5,0 of 0,2 of 2,2 of 7,0 of 0,0 of 0,4 of 12,0 of 0,1 of 3,2 of 11,0 of 0,3 of 4,,,,,,,,,,,,,,,,,,,,,,,,,,,,,,,,,,,,,,,,,,,,,,,,,,,,,,,,,,,,,,,,,,,,,,,,,,,,,,,,,,,,,,,,,,,,,,,,,,,,,,,,
"June 04, 2022",Jeff Molina,Zhalgas Zhumagulov,http://ufcstats.com/fight-details/7e20b0536fbbd560,W,Decision - Split,3,5:00,0,14 of 35,30 of 53,0 of 0,0,0,0:04,0,14 of 32,22 of 40,0 of 4,0,0,2:16,11 of 31,1 of 1,2 of 3,11 of 31,3 of 4,0 of 0,4 of 21,5 of 5,5 of 6,8 of 26,6 of 6,0 of 0,0,13 of 33,60 of 83,0 of 0,0,0,0:10,0,7 of 25,20 of 40,2 of 6,0,0,2:37,0,29 of 80,39 of 90,0 of 0,0,0,0:00,0,16 of 55,26 of 66,0 of 3,0,0,0:39,,,,,,,,,,,,,,,,,,,,,,,,,,,,,7 of 27,3 of 3,3 of 3,13 of 33,0 of 0,0 of 0,3 of 18,3 of 6,1 of 1,5 of 23,2 of 2,0 of 0,25 of 75,2 of 3,2 of 2,25 of 75,2 of 3,2 of 2,3 of 35,9 of 15,4 of 5,15 of 54,1 of 1,0 of 0,,,,,,,,,,,,,,,,,,,,,,,,
"May 21, 2022",Chidi Njokuani,Dusko Todorovic,http://ufcstats.com/fight-details/f682118709b4143e,W,KO/TKO,1,4:48,1,14 of 17,19 of 23,0 of 0,1,0,0:50,0,5 of 7,9 of 11,2 of 7,0,0,3:13,3 of 4,8 of 10,3 of 3,5 of 7,9 of 10,0 of 0,4 of 6,1 of 1,0 of 0,0 of 2,4 of 4,1 of 1,,,,,,,,,,,,,,,,,,,,,,,,,,,,,,,,,,,,,,,,,,,,,,,,,,,,,,,,,,,,,,,,,,,,,,,,,,,,,,,,,,,,,,,,,,,,,,,,,,,,,,,,
"May 21, 2022",Joseph Holmes,Alen Amedovski,http://ufcstats.com/fight-details/cbdfb3c648d7bada,W,Submission,1,1:04,1,16 of 23,16 of 23,1 of 1,1,0,0:21,0,1 of 8,1 of 8,0 of 0,0,0,0:00,11 of 17,2 of 2,3 of 4,9 of 14,1 of 1,6 of 8,1 of 7,0 of 1,0 of 0,1 of 8,0 of 0,0 of 0,,,,,,,,,,,,,,,,,,,,,,,,,,,,,,,,,,,,,,,,,,,,,,,,,,,,,,,,,,,,,,,,,,,,,,,,,,,,,,,,,,,,,,,,,,,,,,,,,,,,,,,,
"May 21, 2022",Jailton Almeida,Parker Porter,http://ufcstats.com/fight-details/1b4d0c9e3c59b33b,W,Submission,1,4:35,0,18 of 34,36 of 58,1 of 2,1,0,4:29,0,0 of 0,0 of 0,0 of 0,0,0,0:00,16 of 32,2 of 2,0 of 0,1 of 1,0 of 0,17 of 33,0 of 0,0 of 0,0 of 0,0 of 0,0 of 0,0 of 0,,,,,,,,,,,,,,,,,,,,,,,,,,,,,,,,,,,,,,,,,,,,,,,,,,,,,,,,,,,,,,,,,,,,,,,,,,,,,,,,,,,,,,,,,,,,,,,,,,,,,,,,
"May 21, 2022",Omar Morales,Uros Medic,http://ufcstats.com/fight-details/534c07488396e124,L,KO/TKO,2,3:05,0,17 of 52,17 of 52,0 of 0,0,0,0:00,0,24 of 50,24 of 50,0 of 0,0,0,0:00,6 of 37,7 of 11,4 of 4,17 of 51,0 of 1,0 of 0,11 of 35,8 of 10,5 of 5,23 of 48,1 of 2,0 of 0,0,16 of 33,16 of 33,0 of 0,0,0,0:00,2,23 of 36,23 of 36,0 of 0,0,0,0:02,,,,,,,,,,,,,,,,,,,,,,,,,,,,,,,,,,,,,,,,,,,12 of 27,1 of 3,3 of 3,15 of 31,1 of 2,0 of 0,10 of 22,5 of 6,8 of 8,22 of 35,1 of 1,0 of 0,,,,,,,,,,,,,,,,,,,,,,,,,,,,,,,,,,,,
"May 21, 2022",Jonathan Martinez,Vince Morales,http://ufcstats.com/fight-details/3542f9f30926f364,W,Decision - Unanimous,3,5:00,0,24 of 40,24 of 40,0 of 0,0,0,0:00,0,15 of 35,15 of 35,0 of 0,0,0,0:00,6 of 17,4 of 5,14 of 18,24 of 40,0 of 0,0 of 0,8 of 27,5 of 6,2 of 2,15 of 35,0 of 0,0 of 0,0,36 of 56,36 of 56,0 of 0,0,0,0:00,0,16 of 56,16 of 56,0 of 0,0,0,0:00,0,28 of 58,28 of 58,2 of 2,0,0,0:41,0,20 of 62,31 of 73,0 of 0,0,1,0:14,,,,,,,,,,,,,,,,,,,,,,,,,,,,,18 of 37,5 of 6,13 of 13,34 of 53,2 of 3,0 of 0,10 of 45,5 of 10,1 of 1,15 of 54,1 of 2,0 of 0,17 of 44,9 of 11,2 of 3,28 of 58,0 of 0,0 of 0,15 of 55,5 of 7,0 of 0,18 of 60,1 of 1,1 of 1,,,,,,,,,,,,,,,,,,,,,,,,
"May 21, 2022",Chase Hooper,Felipe Colares,http://ufcstats.com/fight-details/5136dc566f46daf6,W,KO/TKO,3,3:00,0,26 of 42,54 of 72,2 of 4,1,1,3:02,0,11 of 12,23 of 24,2 of 2,0,1,1:02,24 of 39,2 of 3,0 of 0,10 of 22,5 of 7,11 of 13,6 of 7,4 of 4,1 of 1,7 of 7,0 of 0,4 of 5,0,6 of 12,20 of 32,0 of 0,1,3,1:32,0,8 of 8,18 of 19,0 of 2,0,1,2:55,0,28 of 39,66 of 84,2 of 3,1,1,2:30,0,2 of 3,2 of 3,0 of 0,0,1,0:17,,,,,,,,,,,,,,,,,,,,,,,,,,,,,5 of 11,1 of 1,0 of 0,1 of 3,1 of 4,4 of 5,7 of 7,0 of 0,1 of 1,1 of 1,0 of 0,7 of 7,28 of 38,0 of 1,0 of 0,0 of 3,4 of 7,24 of 29,1 of 2,0 of 0,1 of 1,1 of 2,1 of 1,0 of 0,,,,,,,,,,,,,,,,,,,,,,,,
"May 14, 2022",Ryan Spann,Ion Cutelaba,http://ufcstats.com/fight-details/2fa88b72973478b6,W,Submission,1,2:22,0,4 of 11,5 of 12,0 of 0,1,0,0:04,0,2 of 9,2 of 9,3 of 3,0,0,1:11,4 of 11,0 of 0,0 of 0,4 of 11,0 of 0,0 of 0,2 of 8,0 of 1,0 of 0,1 of 5,0 of 3,1 of 1,,,,,,,,,,,,,,,,,,,,,,,,,,,,,,,,,,,,,,,,,,,,,,,,,,,,,,,,,,,,,,,,,,,,,,,,,,,,,,,,,,,,,,,,,,,,,,,,,,,,,,,,
"May 14, 2022",Jake Hadley,Allan Nascimento,http://ufcstats.com/fight-details/b3248692dfb954b2,L,Decision - Unanimous,3,5:00,0,3 of 14,11 of 22,0 of 0,0,1,1:23,0,4 of 11,14 of 21,1 of 1,0,1,2:59,1 of 11,2 of 3,0 of 0,1 of 9,0 of 0,2 of 5,1 of 6,1 of 3,2 of 2,3 of 9,0 of 0,1 of 2,0,2 of 5,9 of 12,0 of 0,0,0,0:25,0,9 of 21,14 of 26,1 of 1,0,0,4:04,0,3 of 10,6 of 13,0 of 0,1,0,2:02,0,6 of 20,8 of 22,0 of 2,0,2,2:24,,,,,,,,,,,,,,,,,,,,,,,,,,,,,1 of 4,1 of 1,0 of 0,1 of 4,1 of 1,0 of 0,3 of 11,5 of 9,1 of 1,4 of 10,1 of 2,4 of 9,3 of 10,0 of 0,0 of 0,1 of 7,0 of 0,2 of 3,3 of 15,2 of 4,1 of 1,3 of 8,0 of 0,3 of 12,,,,,,,,,,,,,,,,,,,,,,,,
"May 14, 2022",Tatsuro Taira,Carlos Candelario,http://ufcstats.com/fight-details/22f1133d02700bb2,W,Decision - Unanimous,3,5:00,0,13 of 24,15 of 27,1 of 5,0,0,0:45,0,5 of 24,10 of 29,1 of 3,0,0,0:44,3 of 13,3 of 4,7 of 7,13 of 24,0 of 0,0 of 0,4 of 19,1 of 4,0 of 1,5 of 24,0 of 0,0 of 0,1,15 of 19,31 of 40,0 of 0,1,1,3:13,0,4 of 6,11 of 14,0 of 1,0,2,1:16,0,29 of 44,43 of 65,0 of 0,2,1,2:59,0,0 of 4,0 of 4,1 of 1,1,1,1:28,,,,,,,,,,,,,,,,,,,,,,,,,,,,,14 of 18,1 of 1,0 of 0,2 of 4,2 of 2,11 of 13,2 of 4,2 of 2,0 of 0,4 of 6,0 of 0,0 of 0,28 of 43,1 of 1,0 of 0,0 of 2,0 of 0,29 of 42,0 of 4,0 of 0,0 of 0,0 of 4,0 of 0,0 of 0,,,,,,,,,,,,,,,,,,,,,,,,
"May 14, 2022",Nick Maximov,Andre Petroski,http://ufcstats.com/fight-details/afed0bac5ce5a2f3,L,Submission,1,1:16,0,4 of 11,4 of 11,0 of 1,0,0,0:00,0,1 of 10,1 of 10,0 of 0,1,0,0:23,2 of 7,2 of 3,0 of 1,4 of 11,0 of 0,0 of 0,0 of 8,0 of 0,1 of 2,1 of 10,0 of 0,0 of 0,,,,,,,,,,,,,,,,,,,,,,,,,,,,,,,,,,,,,,,,,,,,,,,,,,,,,,,,,,,,,,,,,,,,,,,,,,,,,,,,,,,,,,,,,,,,,,,,,,,,,,,,
"May 07, 2022",Tracy Cortez,Melissa Gatto,http://ufcstats.com/fight-details/60d9d50b763adc62,W,Decision - Unanimous,3,5:00,0,11 of 16,23 of 29,1 of 1,0,1,3:16,0,7 of 20,14 of 28,1 of 2,0,0,0:38,8 of 13,0 of 0,3 of 3,5 of 7,0 of 0,6 of 9,6 of 17,0 of 0,1 of 3,7 of 20,0 of 0,0 of 0,0,9 of 23,20 of 34,0 of 0,0,0,1:35,0,15 of 35,25 of 47,2 of 3,1,0,2:04,0,16 of 27,27 of 39,1 of 2,1,0,3:03,0,8 of 18,10 of 20,0 of 1,0,1,0:35,,,,,,,,,,,,,,,,,,,,,,,,,,,,,4 of 16,4 of 6,1 of 1,5 of 18,1 of 1,3 of 4,13 of 30,2 of 4,0 of 1,14 of 33,0 of 1,1 of 1,13 of 22,2 of 3,1 of 2,4 of 12,1 of 1,11 of 14,6 of 14,1 of 3,1 of 1,6 of 16,0 of 0,2 of 2,,,,,,,,,,,,,,,,,,,,,,,,
"May 07, 2022",Kleydson Rodrigues,CJ Vergara,http://ufcstats.com/fight-details/8289033e03b4d9a3,L,Decision - Split,3,5:00,0,48 of 88,52 of 92,1 of 2,0,0,0:54,0,27 of 51,54 of 80,0 of 0,0,0,0:00,20 of 52,18 of 24,10 of 12,44 of 84,4 of 4,0 of 0,12 of 31,8 of 11,7 of 9,25 of 48,2 of 3,0 of 0,0,13 of 17,20 of 24,0 of 2,0,1,0:09,0,26 of 39,65 of 84,0 of 0,0,0,3:58,0,20 of 38,21 of 40,1 of 3,1,1,2:11,0,18 of 37,36 of 57,0 of 0,0,0,0:22,,,,,,,,,,,,,,,,,,,,,,,,,,,,,8 of 11,5 of 6,0 of 0,9 of 13,1 of 1,3 of 3,21 of 32,3 of 5,2 of 2,7 of 14,1 of 1,18 of 24,11 of 28,9 of 10,0 of 0,17 of 34,1 of 2,2 of 2,9 of 26,7 of 9,2 of 2,13 of 30,4 of 6,1 of 1,,,,,,,,,,,,,,,,,,,,,,,,
"May 07, 2022",Journey Newson,Fernie Garcia,http://ufcstats.com/fight-details/430309e0f8a315d5,W,Decision - Unanimous,3,5:00,0,7 of 41,8 of 42,1 of 2,0,0,0:17,0,11 of 27,12 of 28,0 of 0,0,0,0:02,2 of 30,2 of 5,3 of 6,7 of 41,0 of 0,0 of 0,10 of 25,0 of 1,1 of 1,11 of 27,0 of 0,0 of 0,0,28 of 52,29 of 53,0 of 0,0,0,0:00,0,14 of 41,14 of 41,0 of 0,0,0,0:00,0,22 of 50,26 of 55,1 of 1,0,0,0:25,0,12 of 35,12 of 35,0 of 0,0,0,0:00,,,,,,,,,,,,,,,,,,,,,,,,,,,,,10 of 29,13 of 16,5 of 7,27 of 51,1 of 1,0 of 0,8 of 33,4 of 6,2 of 2,14 of 40,0 of 1,0 of 0,11 of 33,6 of 9,5 of 8,18 of 46,0 of 0,4 of 4,6 of 26,2 of 5,4 of 4,12 of 34,0 of 1,0 of 0,,,,,,,,,,,,,,,,,,,,,,,,
"April 30, 2022",Andre Fili,Joanderson Brito,http://ufcstats.com/fight-details/632c2d4ed12f2bdf,L,KO/TKO,1,0:41,0,6 of 15,6 of 15,0 of 0,0,0,0:00,1,14 of 20,14 of 20,0 of 0,0,0,0:07,6 of 15,0 of 0,0 of 0,6 of 15,0 of 0,0 of 0,12 of 18,0 of 0,2 of 2,5 of 6,0 of 0,9 of 14,,,,,,,,,,,,,,,,,,,,,,,,,,,,,,,,,,,,,,,,,,,,,,,,,,,,,,,,,,,,,,,,,,,,,,,,,,,,,,,,,,,,,,,,,,,,,,,,,,,,,,,,
"April 30, 2022",Jared Gordon,Grant Dawson,http://ufcstats.com/fight-details/7c8701bb78cb4de8,L,Submission,3,4:11,0,20 of 28,22 of 30,0 of 0,0,0,0:14,0,15 of 32,51 of 75,1 of 4,0,0,2:42,7 of 13,6 of 6,7 of 9,20 of 28,0 of 0,0 of 0,13 of 28,1 of 3,1 of 1,12 of 29,0 of 0,3 of 3,0,14 of 27,20 of 33,0 of 0,0,0,0:05,0,10 of 28,16 of 35,3 of 7,1,0,3:42,0,43 of 64,69 of 90,0 of 0,0,0,0:53,0,29 of 51,31 of 53,3 of 6,1,0,0:47,,,,,,,,,,,,,,,,,,,,,,,,,,,,,11 of 23,3 of 4,0 of 0,11 of 24,3 of 3,0 of 0,6 of 24,4 of 4,0 of 0,5 of 23,3 of 3,2 of 2,30 of 47,12 of 16,1 of 1,28 of 46,11 of 13,4 of 5,23 of 44,6 of 7,0 of 0,23 of 45,6 of 6,0 of 0,,,,,,,,,,,,,,,,,,,,,,,,
"April 30, 2022",Gabe Green,Yohan Lainesse,http://ufcstats.com/fight-details/5b731da9e4be4391,W,KO/TKO,2,4:02,0,12 of 57,16 of 61,0 of 0,0,0,0:03,0,25 of 50,25 of 50,1 of 1,1,0,0:32,6 of 49,2 of 4,4 of 4,10 of 54,2 of 3,0 of 0,7 of 20,8 of 12,10 of 18,23 of 48,2 of 2,0 of 0,0,36 of 66,38 of 68,0 of 0,0,0,0:38,1,16 of 30,17 of 31,1 of 3,0,0,1:05,,,,,,,,,,,,,,,,,,,,,,,,,,,,,,,,,,,,,,,,,,,20 of 49,11 of 12,5 of 5,26 of 51,2 of 2,8 of 13,8 of 20,3 of 4,5 of 6,12 of 26,1 of 1,3 of 3,,,,,,,,,,,,,,,,,,,,,,,,,,,,,,,,,,,,
"April 30, 2022",Natan Levy,Mike Breeden,http://ufcstats.com/fight-details/9217ecc287ac482d,W,Decision - Unanimous,3,5:00,0,25 of 41,26 of 42,2 of 2,0,0,0:39,0,19 of 45,20 of 46,3 of 3,0,0,0:40,10 of 25,11 of 12,4 of 4,20 of 35,2 of 3,3 of 3,14 of 38,5 of 7,0 of 0,18 of 43,1 of 2,0 of 0,0,21 of 27,27 of 35,7 of 8,0,0,2:40,0,23 of 45,24 of 46,0 of 1,0,0,0:46,0,46 of 73,46 of 73,0 of 6,0,0,0:20,0,62 of 120,71 of 129,0 of 0,0,0,0:30,,,,,,,,,,,,,,,,,,,,,,,,,,,,,17 of 23,4 of 4,0 of 0,15 of 20,1 of 1,5 of 6,12 of 32,11 of 13,0 of 0,19 of 40,4 of 5,0 of 0,41 of 67,4 of 5,1 of 1,45 of 69,1 of 4,0 of 0,38 of 88,23 of 31,1 of 1,52 of 102,8 of 15,2 of 3,,,,,,,,,,,,,,,,,,,,,,,,
"April 30, 2022",Gina Mazany,Shanna Young,http://ufcstats.com/fight-details/80cf37627a129145,L,KO/TKO,2,3:11,0,34 of 64,43 of 73,0 of 3,0,0,1:15,0,20 of 49,21 of 50,0 of 0,0,0,0:00,9 of 36,18 of 21,7 of 7,29 of 55,5 of 9,0 of 0,14 of 38,4 of 9,2 of 2,20 of 49,0 of 0,0 of 0,0,14 of 22,14 of 22,1 of 2,0,0,0:07,0,29 of 53,41 of 68,0 of 0,0,1,0:57,,,,,,,,,,,,,,,,,,,,,,,,,,,,,,,,,,,,,,,,,,,6 of 14,6 of 6,2 of 2,14 of 22,0 of 0,0 of 0,20 of 41,8 of 11,1 of 1,13 of 29,2 of 2,14 of 22,,,,,,,,,,,,,,,,,,,,,,,,,,,,,,,,,,,,
"April 23, 2022",Maycee Barber,Montana De La Rosa,http://ufcstats.com/fight-details/a45d4327bc82bc28,W,Decision - Unanimous,3,5:00,0,25 of 31,34 of 43,0 of 3,0,0,2:25,0,3 of 10,16 of 24,0 of 1,0,0,1:51,14 of 20,8 of 8,3 of 3,1 of 3,23 of 27,1 of 1,0 of 7,3 of 3,0 of 0,0 of 6,3 of 4,0 of 0,0,7 of 9,14 of 19,0 of 0,0,1,2:06,0,2 of 5,4 of 8,1 of 1,0,1,2:22,0,18 of 23,32 of 39,1 of 1,0,0,2:29,0,9 of 13,21 of 25,0 of 0,0,0,1:42,,,,,,,,,,,,,,,,,,,,,,,,,,,,,6 of 7,1 of 2,0 of 0,1 of 1,1 of 2,5 of 6,1 of 3,1 of 2,0 of 0,0 of 2,1 of 2,1 of 1,11 of 15,7 of 8,0 of 0,2 of 4,16 of 18,0 of 1,6 of 9,3 of 4,0 of 0,3 of 5,6 of 8,0 of 0,,,,,,,,,,,,,,,,,,,,,,,,
"April 23, 2022",Jordan Wright,Marc-Andre Barriault,http://ufcstats.com/fight-details/992e84bf59837e21,L,Submission,1,2:36,0,12 of 13,16 of 17,2 of 4,0,0,1:32,0,13 of 17,17 of 21,0 of 0,1,1,0:03,2 of 3,4 of 4,6 of 6,6 of 7,4 of 4,2 of 2,11 of 15,2 of 2,0 of 0,2 of 5,9 of 10,2 of 2,,,,,,,,,,,,,,,,,,,,,,,,,,,,,,,,,,,,,,,,,,,,,,,,,,,,,,,,,,,,,,,,,,,,,,,,,,,,,,,,,,,,,,,,,,,,,,,,,,,,,,,,
"April 23, 2022",Dwight Grant,Sergey Khandozhko,http://ufcstats.com/fight-details/9b8a82276f06829f,L,KO/TKO,2,4:15,1,25 of 63,30 of 68,0 of 0,0,0,0:12,1,18 of 52,18 of 52,1 of 1,0,0,0:46,21 of 59,3 of 3,1 of 1,21 of 58,2 of 2,2 of 3,12 of 46,6 of 6,0 of 0,18 of 52,0 of 0,0 of 0,0,17 of 47,17 of 47,1 of 1,0,0,0:08,1,31 of 73,31 of 73,0 of 0,0,0,0:02,,,,,,,,,,,,,,,,,,,,,,,,,,,,,,,,,,,,,,,,,,,14 of 44,2 of 2,1 of 1,17 of 47,0 of 0,0 of 0,23 of 63,7 of 9,1 of 1,29 of 68,0 of 0,2 of 5,,,,,,,,,,,,,,,,,,,,,,,,,,,,,,,,,,,,
"April 16, 2022",Caio Borralho,Gadzhi Omargadzhiev,http://ufcstats.com/fight-details/a0a120c50d93f70a,W,Decision - Unanimous,3,3:56,0,18 of 26,32 of 45,0 of 0,0,1,4:06,0,5 of 10,31 of 38,1 of 1,0,0,0:07,15 of 20,1 of 4,2 of 2,2 of 8,0 of 0,16 of 18,3 of 7,2 of 2,0 of 1,3 of 8,0 of 0,2 of 2,0,7 of 11,24 of 28,0 of 0,0,0,3:54,0,1 of 12,17 of 29,0 of 0,0,0,0:00,0,6 of 12,7 of 13,1 of 1,0,0,2:11,0,6 of 16,13 of 23,0 of 1,0,0,0:15,,,,,,,,,,,,,,,,,,,,,,,,,,,,,4 of 8,3 of 3,0 of 0,4 of 7,1 of 1,2 of 3,1 of 11,0 of 1,0 of 0,1 of 12,0 of 0,0 of 0,4 of 7,0 of 3,2 of 2,5 of 11,0 of 0,1 of 1,2 of 10,3 of 5,1 of 1,4 of 14,2 of 2,0 of 0,,,,,,,,,,,,,,,,,,,,,,,,
"April 16, 2022",Miguel Baeza,Andre Fialho,http://ufcstats.com/fight-details/7c5fc3fc7be4a997,L,KO/TKO,1,4:39,0,24 of 58,24 of 58,0 of 0,0,0,0:00,1,32 of 56,32 of 56,0 of 0,0,0,0:03,15 of 48,4 of 4,5 of 6,24 of 58,0 of 0,0 of 0,19 of 41,5 of 7,8 of 8,25 of 49,5 of 5,2 of 2,,,,,,,,,,,,,,,,,,,,,,,,,,,,,,,,,,,,,,,,,,,,,,,,,,,,,,,,,,,,,,,,,,,,,,,,,,,,,,,,,,,,,,,,,,,,,,,,,,,,,,,,
"April 16, 2022",Pat Sabatini,TJ Laramie,http://ufcstats.com/fight-details/4f6e7159e77d4215,W,Decision - Unanimous,3,5:00,0,9 of 16,25 of 32,1 of 2,0,0,0:21,0,9 of 15,15 of 21,1 of 2,0,0,2:53,4 of 10,3 of 4,2 of 2,9 of 15,0 of 1,0 of 0,4 of 9,2 of 3,3 of 3,8 of 12,0 of 1,1 of 2,0,24 of 40,71 of 94,2 of 2,0,0,3:57,0,0 of 2,0 of 2,0 of 2,0,0,0:42,0,3 of 7,28 of 36,3 of 6,0,0,3:41,0,6 of 14,7 of 16,0 of 0,0,1,0:32,,,,,,,,,,,,,,,,,,,,,,,,,,,,,23 of 39,1 of 1,0 of 0,1 of 2,1 of 1,22 of 37,0 of 2,0 of 0,0 of 0,0 of 2,0 of 0,0 of 0,2 of 6,1 of 1,0 of 0,3 of 7,0 of 0,0 of 0,5 of 12,0 of 0,1 of 2,4 of 10,0 of 0,2 of 4,,,,,,,,,,,,,,,,,,,,,,,,
"April 16, 2022",Mounir Lazzez,Ange Loosa,http://ufcstats.com/fight-details/559031e51ced0b53,W,Decision - Unanimous,3,5:00,0,29 of 53,29 of 53,0 of 1,0,0,0:39,0,14 of 40,16 of 42,0 of 0,0,0,0:08,14 of 36,8 of 10,7 of 7,29 of 53,0 of 0,0 of 0,1 of 22,2 of 4,11 of 14,14 of 40,0 of 0,0 of 0,0,44 of 87,44 of 87,0 of 1,0,0,0:23,0,26 of 74,27 of 75,0 of 1,0,0,0:00,0,68 of 120,68 of 120,0 of 0,0,0,0:00,0,48 of 99,48 of 99,0 of 1,0,0,0:00,,,,,,,,,,,,,,,,,,,,,,,,,,,,,33 of 72,5 of 8,6 of 7,41 of 82,3 of 5,0 of 0,12 of 56,2 of 4,12 of 14,26 of 74,0 of 0,0 of 0,51 of 100,10 of 13,7 of 7,68 of 120,0 of 0,0 of 0,21 of 63,10 of 16,17 of 20,48 of 99,0 of 0,0 of 0,,,,,,,,,,,,,,,,,,,,,,,,
"April 16, 2022",Devin Clark,William Knight,http://ufcstats.com/fight-details/b09f8cd4cbd7ba56,W,KO/TKO,3,3:21,0,3 of 9,33 of 39,0 of 3,0,0,1:14,0,10 of 18,19 of 27,0 of 0,2,0,2:03,2 of 8,1 of 1,0 of 0,3 of 8,0 of 1,0 of 0,9 of 16,0 of 0,1 of 2,6 of 13,4 of 5,0 of 0,0,12 of 15,63 of 68,1 of 1,0,0,3:13,0,6 of 9,8 of 11,1 of 1,0,0,0:06,1,19 of 23,29 of 33,1 of 1,0,0,1:19,0,5 of 14,12 of 21,0 of 0,0,0,0:00,,,,,,,,,,,,,,,,,,,,,,,,,,,,,5 of 8,2 of 2,5 of 5,10 of 13,0 of 0,2 of 2,2 of 5,0 of 0,4 of 4,6 of 9,0 of 0,0 of 0,12 of 14,2 of 3,5 of 6,12 of 16,4 of 4,3 of 3,0 of 8,3 of 3,2 of 3,4 of 13,1 of 1,0 of 0,,,,,,,,,,,,,,,,,,,,,,,,
"April 16, 2022",Chris Barnett,Martin Buday,http://ufcstats.com/fight-details/1ceab8fa45996f51,L,Decision - Unanimous,3,1:38,0,9 of 24,17 of 32,0 of 0,0,0,0:00,0,20 of 29,45 of 58,0 of 0,0,0,3:15,4 of 17,3 of 4,2 of 3,6 of 20,3 of 4,0 of 0,8 of 17,11 of 11,1 of 1,10 of 18,10 of 11,0 of 0,0,10 of 24,20 of 34,0 of 0,0,0,0:17,0,25 of 38,66 of 83,0 of 0,0,0,3:08,0,4 of 4,7 of 7,0 of 0,0,0,0:00,1,11 of 16,20 of 31,0 of 0,0,0,1:21,,,,,,,,,,,,,,,,,,,,,,,,,,,,,5 of 18,3 of 4,2 of 2,8 of 21,2 of 3,0 of 0,13 of 25,12 of 13,0 of 0,11 of 22,14 of 16,0 of 0,3 of 3,0 of 0,1 of 1,2 of 2,2 of 2,0 of 0,9 of 14,2 of 2,0 of 0,2 of 4,5 of 5,4 of 7,,,,,,,,,,,,,,,,,,,,,,,,
"April 16, 2022",Jordan Leavitt,Trey Ogden,http://ufcstats.com/fight-details/eac46cfead228e11,W,Decision - Split,3,5:00,0,19 of 25,32 of 44,0 of 0,0,0,2:20,0,17 of 30,57 of 71,0 of 0,2,1,0:10,0 of 1,6 of 10,13 of 14,19 of 24,0 of 0,0 of 1,2 of 10,8 of 10,7 of 10,17 of 30,0 of 0,0 of 0,0,46 of 68,52 of 74,0 of 2,0,0,0:00,0,16 of 46,17 of 47,0 of 1,0,0,0:27,0,4 of 12,40 of 52,0 of 1,0,0,2:57,0,8 of 14,56 of 64,1 of 3,0,0,1:25,,,,,,,,,,,,,,,,,,,,,,,,,,,,,3 of 11,5 of 14,38 of 43,46 of 66,0 of 2,0 of 0,3 of 26,12 of 16,1 of 4,16 of 46,0 of 0,0 of 0,3 of 9,0 of 1,1 of 2,4 of 12,0 of 0,0 of 0,5 of 10,3 of 3,0 of 1,5 of 11,1 of 1,2 of 2,,,,,,,,,,,,,,,,,,,,,,,,
"April 09, 2022",Anthony Hernandez,Josh Fremd,http://ufcstats.com/fight-details/7c6ed5b3d830d0cb,W,Decision - Unanimous,3,5:00,0,17 of 31,26 of 44,4 of 5,1,0,4:12,0,16 of 30,22 of 36,0 of 0,0,0,0:00,13 of 27,3 of 3,1 of 1,7 of 17,4 of 8,6 of 6,7 of 20,7 of 8,2 of 2,9 of 21,6 of 8,1 of 1,0,13 of 17,25 of 31,2 of 4,1,0,1:42,0,13 of 20,16 of 23,1 of 1,1,1,2:37,0,18 of 23,40 of 49,2 of 2,1,0,4:51,0,2 of 4,5 of 8,0 of 0,0,0,0:00,,,,,,,,,,,,,,,,,,,,,,,,,,,,,11 of 15,2 of 2,0 of 0,2 of 6,0 of 0,11 of 11,8 of 14,5 of 6,0 of 0,6 of 12,5 of 5,2 of 3,15 of 20,3 of 3,0 of 0,0 of 2,1 of 1,17 of 20,1 of 3,1 of 1,0 of 0,0 of 2,1 of 1,1 of 1,,,,,,,,,,,,,,,,,,,,,,,,
"April 09, 2022",Mickey Gall,Mike Malott,http://ufcstats.com/fight-details/7458a37feabf8788,L,KO/TKO,1,3:41,0,13 of 30,14 of 31,1 of 1,0,0,0:17,1,28 of 44,29 of 45,0 of 0,0,0,0:05,13 of 29,0 of 1,0 of 0,12 of 29,1 of 1,0 of 0,21 of 37,5 of 5,2 of 2,21 of 37,1 of 1,6 of 6,,,,,,,,,,,,,,,,,,,,,,,,,,,,,,,,,,,,,,,,,,,,,,,,,,,,,,,,,,,,,,,,,,,,,,,,,,,,,,,,,,,,,,,,,,,,,,,,,,,,,,,,
"April 09, 2022",Piera Rodriguez,Kay Hansen,http://ufcstats.com/fight-details/9e52a67410f2c879,W,Decision - Unanimous,3,5:00,0,13 of 35,16 of 39,0 of 0,0,0,0:00,0,17 of 35,22 of 42,2 of 5,0,0,2:11,7 of 26,5 of 8,1 of 1,12 of 32,1 of 3,0 of 0,14 of 30,3 of 5,0 of 0,14 of 30,2 of 4,1 of 1,0,23 of 31,29 of 40,1 of 1,0,0,1:45,0,7 of 21,19 of 33,0 of 2,0,0,1:03,0,14 of 22,32 of 45,2 of 3,0,0,3:28,0,7 of 21,13 of 31,0 of 1,0,0,0:00,,,,,,,,,,,,,,,,,,,,,,,,,,,,,15 of 22,6 of 6,2 of 3,16 of 24,3 of 3,4 of 4,3 of 15,3 of 4,1 of 2,5 of 19,2 of 2,0 of 0,4 of 12,7 of 7,3 of 3,6 of 14,6 of 6,2 of 2,5 of 16,1 of 4,1 of 1,6 of 17,1 of 4,0 of 0,,,,,,,,,,,,,,,,,,,,,,,,
"March 26, 2022",Marc Diakiese,Viacheslav Borshchev,http://ufcstats.com/fight-details/f6afaf2a39fa441c,W,Decision - Unanimous,3,5:00,0,4 of 4,9 of 10,3 of 7,0,0,3:55,0,5 of 11,11 of 19,0 of 0,0,0,0:35,2 of 2,0 of 0,2 of 2,0 of 0,2 of 2,2 of 2,3 of 9,2 of 2,0 of 0,2 of 6,3 of 5,0 of 0,0,9 of 11,21 of 25,3 of 5,0,0,4:08,0,5 of 6,7 of 8,0 of 0,0,0,0:00,0,4 of 5,10 of 15,5 of 6,0,0,4:21,0,2 of 4,14 of 17,0 of 0,0,0,0:00,,,,,,,,,,,,,,,,,,,,,,,,,,,,,2 of 4,0 of 0,7 of 7,3 of 4,1 of 1,5 of 6,2 of 3,1 of 1,2 of 2,3 of 4,0 of 0,2 of 2,2 of 2,0 of 0,2 of 3,1 of 2,2 of 2,1 of 1,1 of 3,0 of 0,1 of 1,1 of 2,0 of 1,1 of 1,,,,,,,,,,,,,,,,,,,,,,,,
"March 26, 2022",Aliaskhab Khizriev,Denis Tiuliulin,http://ufcstats.com/fight-details/6ed495c177d69a3a,W,Submission,2,1:58,0,29 of 46,41 of 58,1 of 2,0,0,2:29,0,17 of 47,29 of 59,0 of 1,0,0,0:02,21 of 36,6 of 7,2 of 3,20 of 35,1 of 3,8 of 8,15 of 44,2 of 3,0 of 0,16 of 45,1 of 2,0 of 0,0,13 of 21,13 of 21,1 of 1,1,0,0:17,0,14 of 35,14 of 35,0 of 0,0,0,0:00,,,,,,,,,,,,,,,,,,,,,,,,,,,,,,,,,,,,,,,,,,,10 of 17,2 of 3,1 of 1,13 of 21,0 of 0,0 of 0,13 of 34,1 of 1,0 of 0,14 of 35,0 of 0,0 of 0,,,,,,,,,,,,,,,,,,,,,,,,,,,,,,,,,,,,
"March 19, 2022",Cory McKenna,Elise Reed,http://ufcstats.com/fight-details/5e378c52f26935d6,L,Decision - Split,3,5:00,0,15 of 48,27 of 62,1 of 3,0,0,1:27,0,26 of 44,42 of 64,0 of 0,0,0,0:00,11 of 44,3 of 3,1 of 1,11 of 43,1 of 1,3 of 4,17 of 31,3 of 5,6 of 8,25 of 43,0 of 0,1 of 1,0,27 of 74,28 of 75,1 of 2,0,0,0:00,0,35 of 64,36 of 65,0 of 0,0,0,0:07,0,18 of 38,44 of 79,1 of 2,0,0,2:19,0,15 of 32,43 of 64,0 of 0,0,0,0:15,,,,,,,,,,,,,,,,,,,,,,,,,,,,,25 of 71,0 of 0,2 of 3,26 of 72,1 of 2,0 of 0,16 of 43,2 of 3,17 of 18,33 of 61,2 of 3,0 of 0,17 of 35,0 of 1,1 of 2,11 of 31,3 of 3,4 of 4,11 of 24,2 of 2,2 of 6,12 of 27,1 of 2,2 of 3,,,,,,,,,,,,,,,,,,,,,,,,
"March 12, 2022",Sodiq Yusuff,Alex Caceres,http://ufcstats.com/fight-details/70b8d357e89383bd,W,Decision - Unanimous,3,5:00,0,8 of 25,17 of 34,1 of 3,0,0,2:24,0,13 of 23,18 of 28,1 of 1,0,0,0:21,1 of 17,4 of 5,3 of 3,7 of 24,1 of 1,0 of 0,8 of 18,2 of 2,3 of 3,13 of 23,0 of 0,0 of 0,0,29 of 48,29 of 48,0 of 0,0,0,0:00,0,25 of 53,25 of 53,0 of 0,0,0,0:00,0,27 of 50,28 of 51,0 of 0,0,0,0:18,0,28 of 62,28 of 62,0 of 2,0,0,0:00,,,,,,,,,,,,,,,,,,,,,,,,,,,,,5 of 22,5 of 6,19 of 20,27 of 46,2 of 2,0 of 0,18 of 42,4 of 6,3 of 5,25 of 51,0 of 2,0 of 0,12 of 31,3 of 5,12 of 14,25 of 47,2 of 3,0 of 0,17 of 47,8 of 12,3 of 3,26 of 59,2 of 3,0 of 0,,,,,,,,,,,,,,,,,,,,,,,,
"March 12, 2022",Khalil Rountree Jr.,Karl Roberson,http://ufcstats.com/fight-details/23eec2d9cb2d78cd,W,KO/TKO,2,0:25,0,18 of 54,18 of 54,0 of 0,0,0,0:00,0,17 of 27,17 of 27,0 of 0,0,0,0:00,10 of 41,3 of 6,5 of 7,14 of 48,4 of 6,0 of 0,4 of 9,6 of 9,7 of 9,16 of 26,1 of 1,0 of 0,2,8 of 15,8 of 15,0 of 0,0,0,0:15,0,0 of 1,0 of 1,0 of 0,0,0,0:00,,,,,,,,,,,,,,,,,,,,,,,,,,,,,,,,,,,,,,,,,,,6 of 12,2 of 3,0 of 0,3 of 7,1 of 1,4 of 7,0 of 1,0 of 0,0 of 0,0 of 1,0 of 0,0 of 0,,,,,,,,,,,,,,,,,,,,,,,,,,,,,,,,,,,,
"March 12, 2022",Drew Dober,Terrance McKinney,http://ufcstats.com/fight-details/463fac0e48505b62,W,KO/TKO,1,3:17,1,17 of 37,31 of 52,0 of 1,0,0,0:24,1,36 of 61,43 of 74,2 of 3,0,0,1:33,14 of 34,2 of 2,1 of 1,6 of 19,2 of 2,9 of 16,33 of 57,3 of 4,0 of 0,15 of 32,5 of 5,16 of 24,,,,,,,,,,,,,,,,,,,,,,,,,,,,,,,,,,,,,,,,,,,,,,,,,,,,,,,,,,,,,,,,,,,,,,,,,,,,,,,,,,,,,,,,,,,,,,,,,,,,,,,,
"March 12, 2022",Matthew Semelsberger,AJ Fletcher,http://ufcstats.com/fight-details/3b06c512abfa0494,W,Decision - Unanimous,3,5:00,0,2 of 6,2 of 6,0 of 0,0,0,0:05,0,6 of 9,22 of 29,1 of 2,2,1,4:31,1 of 4,0 of 1,1 of 1,2 of 6,0 of 0,0 of 0,4 of 7,0 of 0,2 of 2,2 of 4,0 of 0,4 of 5,0,24 of 44,29 of 49,0 of 0,0,0,2:07,0,16 of 31,35 of 50,2 of 3,0,0,0:34,0,14 of 32,23 of 42,1 of 1,0,0,2:43,0,12 of 24,30 of 45,1 of 1,0,1,0:37,,,,,,,,,,,,,,,,,,,,,,,,,,,,,19 of 36,4 of 6,1 of 2,12 of 27,0 of 0,12 of 17,9 of 23,1 of 2,6 of 6,16 of 31,0 of 0,0 of 0,12 of 27,2 of 5,0 of 0,7 of 18,2 of 3,5 of 11,8 of 19,1 of 2,3 of 3,12 of 23,0 of 1,0 of 0,,,,,,,,,,,,,,,,,,,,,,,,
"March 12, 2022",Damon Jackson,Kamuela Kirk,http://ufcstats.com/fight-details/5cad3ab6553e9ec9,W,Submission,2,4:42,0,31 of 77,36 of 82,1 of 1,0,0,0:59,0,22 of 53,23 of 54,0 of 0,0,0,0:00,21 of 60,9 of 16,1 of 1,26 of 67,2 of 2,3 of 8,14 of 42,5 of 8,3 of 3,18 of 48,4 of 5,0 of 0,0,1 of 1,15 of 20,1 of 2,1,0,4:38,0,0 of 1,37 of 39,0 of 0,0,0,0:00,,,,,,,,,,,,,,,,,,,,,,,,,,,,,,,,,,,,,,,,,,,1 of 1,0 of 0,0 of 0,1 of 1,0 of 0,0 of 0,0 of 1,0 of 0,0 of 0,0 of 1,0 of 0,0 of 0,,,,,,,,,,,,,,,,,,,,,,,,,,,,,,,,,,,,
"March 12, 2022",Dalcha Lungiambula,Cody Brundage,http://ufcstats.com/fight-details/9cb78122a23e6a7d,L,Submission,1,3:41,0,29 of 56,50 of 83,1 of 1,0,0,1:52,0,4 of 8,4 of 8,1 of 4,1,0,0:35,26 of 52,3 of 4,0 of 0,6 of 16,15 of 25,8 of 15,2 of 5,1 of 1,1 of 2,3 of 7,1 of 1,0 of 0,,,,,,,,,,,,,,,,,,,,,,,,,,,,,,,,,,,,,,,,,,,,,,,,,,,,,,,,,,,,,,,,,,,,,,,,,,,,,,,,,,,,,,,,,,,,,,,,,,,,,,,,
"March 12, 2022",Tafon Nchukwi,Azamat Murzakanov,http://ufcstats.com/fight-details/f10c2c84652ef573,L,KO/TKO,3,0:44,0,17 of 40,24 of 47,0 of 0,0,0,0:14,0,13 of 31,13 of 32,0 of 2,0,0,0:11,5 of 22,7 of 13,5 of 5,12 of 33,5 of 7,0 of 0,11 of 24,2 of 7,0 of 0,13 of 31,0 of 0,0 of 0,0,25 of 52,25 of 52,0 of 0,0,0,0:00,0,12 of 31,12 of 31,1 of 3,0,0,0:26,0,1 of 6,1 of 6,0 of 0,0,0,0:00,1,3 of 7,3 of 7,0 of 0,0,0,0:02,,,,,,,,,,,,,,,,,,,,,,,,,,,,,8 of 32,10 of 13,7 of 7,22 of 49,3 of 3,0 of 0,11 of 29,1 of 1,0 of 1,10 of 29,2 of 2,0 of 0,1 of 5,0 of 1,0 of 0,1 of 6,0 of 0,0 of 0,3 of 7,0 of 0,0 of 0,3 of 7,0 of 0,0 of 0,,,,,,,,,,,,,,,,,,,,,,,,
"March 05, 2022",Kevin Holland,Alex Oliveira,http://ufcstats.com/fight-details/43b43c5d439b2f98,W,KO/TKO,2,0:38,0,31 of 50,31 of 50,0 of 0,0,0,0:00,0,19 of 39,19 of 39,2 of 3,1,0,0:22,7 of 24,3 of 5,21 of 21,30 of 48,0 of 1,1 of 1,6 of 25,6 of 7,7 of 7,18 of 38,0 of 0,1 of 1,1,19 of 26,20 of 27,0 of 0,0,0,0:15,0,2 of 5,2 of 5,0 of 0,0,0,0:00,,,,,,,,,,,,,,,,,,,,,,,,,,,,,,,,,,,,,,,,,,,17 of 24,0 of 0,2 of 2,4 of 4,0 of 0,15 of 22,0 of 3,1 of 1,1 of 1,2 of 5,0 of 0,0 of 0,,,,,,,,,,,,,,,,,,,,,,,,,,,,,,,,,,,,
"March 05, 2022",Serghei Spivac,Greg Hardy,http://ufcstats.com/fight-details/cda06ff86cfe4f5f,W,KO/TKO,1,2:16,0,14 of 27,17 of 30,3 of 4,0,0,1:21,0,7 of 12,7 of 12,0 of 0,0,0,0:00,14 of 27,0 of 0,0 of 0,0 of 7,0 of 0,14 of 20,3 of 8,1 of 1,3 of 3,7 of 12,0 of 0,0 of 0,,,,,,,,,,,,,,,,,,,,,,,,,,,,,,,,,,,,,,,,,,,,,,,,,,,,,,,,,,,,,,,,,,,,,,,,,,,,,,,,,,,,,,,,,,,,,,,,,,,,,,,,
"March 05, 2022",Jalin Turner,Jamie Mullarkey,http://ufcstats.com/fight-details/fce6ab43b7d09aa4,W,KO/TKO,2,0:46,0,39 of 87,40 of 88,1 of 1,0,0,0:00,0,33 of 53,43 of 64,1 of 3,0,0,1:31,24 of 65,15 of 21,0 of 1,35 of 82,4 of 5,0 of 0,20 of 37,7 of 10,6 of 6,28 of 47,2 of 2,3 of 4,1,13 of 24,13 of 24,0 of 0,0,0,0:02,0,2 of 6,2 of 6,0 of 0,0,0,0:00,,,,,,,,,,,,,,,,,,,,,,,,,,,,,,,,,,,,,,,,,,,10 of 21,2 of 2,1 of 1,9 of 14,0 of 0,4 of 10,2 of 4,0 of 2,0 of 0,2 of 6,0 of 0,0 of 0,,,,,,,,,,,,,,,,,,,,,,,,,,,,,,,,,,,,
"March 05, 2022",Nicolae Negumereanu,Kennedy Nzechukwu,http://ufcstats.com/fight-details/ee278a5a25744cac,W,Decision - Split,3,5:00,0,20 of 44,20 of 44,0 of 0,0,0,0:00,0,16 of 28,16 of 28,0 of 0,0,0,0:00,7 of 28,2 of 3,11 of 13,20 of 44,0 of 0,0 of 0,12 of 23,4 of 5,0 of 0,16 of 28,0 of 0,0 of 0,0,17 of 42,31 of 57,1 of 3,0,0,2:43,0,24 of 48,26 of 50,0 of 0,0,0,0:00,0,27 of 74,30 of 77,0 of 2,0,0,0:45,0,55 of 114,55 of 114,0 of 0,0,0,0:00,,,,,,,,,,,,,,,,,,,,,,,,,,,,,8 of 31,1 of 2,8 of 9,9 of 33,8 of 9,0 of 0,22 of 45,2 of 3,0 of 0,24 of 48,0 of 0,0 of 0,21 of 67,4 of 5,2 of 2,26 of 73,1 of 1,0 of 0,50 of 109,5 of 5,0 of 0,52 of 111,3 of 3,0 of 0,,,,,,,,,,,,,,,,,,,,,,,,
"March 05, 2022",Maryna Moroz,Mariya Agapova,http://ufcstats.com/fight-details/c6fc43c351b08bda,W,Submission,2,3:27,0,2 of 6,14 of 20,1 of 4,2,0,3:28,0,10 of 18,40 of 50,0 of 0,0,1,0:39,0 of 2,2 of 3,0 of 1,0 of 4,2 of 2,0 of 0,3 of 8,7 of 7,0 of 3,0 of 8,10 of 10,0 of 0,0,26 of 36,37 of 54,1 of 1,1,0,3:15,0,6 of 9,32 of 36,0 of 0,0,0,0:01,,,,,,,,,,,,,,,,,,,,,,,,,,,,,,,,,,,,,,,,,,,21 of 31,5 of 5,0 of 0,2 of 4,5 of 5,19 of 27,4 of 7,2 of 2,0 of 0,4 of 7,2 of 2,0 of 0,,,,,,,,,,,,,,,,,,,,,,,,,,,,,,,,,,,,
"March 05, 2022",Devonte Smith,Ludovit Klein,http://ufcstats.com/fight-details/36d9337a27b71ba9,L,Decision - Split,3,5:00,0,17 of 29,22 of 34,0 of 0,0,0,0:00,0,19 of 26,22 of 30,0 of 0,0,0,1:46,3 of 11,8 of 12,6 of 6,11 of 22,6 of 7,0 of 0,7 of 14,10 of 10,2 of 2,9 of 15,10 of 11,0 of 0,0,16 of 28,32 of 44,0 of 2,0,0,0:14,0,12 of 26,24 of 38,0 of 0,0,0,2:46,0,20 of 41,26 of 47,0 of 1,0,0,0:00,0,29 of 43,34 of 49,0 of 2,0,0,2:07,,,,,,,,,,,,,,,,,,,,,,,,,,,,,6 of 18,8 of 8,2 of 2,8 of 19,8 of 9,0 of 0,5 of 16,4 of 6,3 of 4,7 of 17,5 of 9,0 of 0,10 of 29,9 of 10,1 of 2,12 of 32,8 of 9,0 of 0,13 of 26,11 of 12,5 of 5,26 of 40,3 of 3,0 of 0,,,,,,,,,,,,,,,,,,,,,,,,
"March 05, 2022",Dustin Jacoby,Michal Oleksiejczuk,http://ufcstats.com/fight-details/d5323490163dde0e,W,Decision - Unanimous,3,5:00,0,22 of 80,25 of 84,0 of 1,0,0,0:12,0,27 of 71,27 of 71,1 of 1,0,0,0:06,13 of 69,8 of 10,1 of 1,22 of 80,0 of 0,0 of 0,21 of 64,6 of 7,0 of 0,27 of 71,0 of 0,0 of 0,0,36 of 80,39 of 83,1 of 1,0,0,1:14,0,24 of 52,25 of 53,0 of 0,0,0,0:11,0,31 of 83,43 of 102,0 of 0,0,0,1:44,0,18 of 50,20 of 52,0 of 1,0,0,0:00,,,,,,,,,,,,,,,,,,,,,,,,,,,,,33 of 76,3 of 4,0 of 0,19 of 55,16 of 24,1 of 1,22 of 49,2 of 3,0 of 0,21 of 49,3 of 3,0 of 0,28 of 77,2 of 5,1 of 1,29 of 79,2 of 4,0 of 0,16 of 47,2 of 3,0 of 0,18 of 50,0 of 0,0 of 0,,,,,,,,,,,,,,,,,,,,,,,,
"February 26, 2022",Armen Petrosyan,Gregory Rodrigues,http://ufcstats.com/fight-details/84d633d4a9fbf331,W,Decision - Split,3,5:00,0,41 of 72,41 of 72,0 of 0,0,0,0:00,0,18 of 40,18 of 40,0 of 0,0,0,0:00,19 of 47,6 of 7,16 of 18,41 of 72,0 of 0,0 of 0,9 of 30,3 of 4,6 of 6,18 of 40,0 of 0,0 of 0,0,35 of 75,36 of 76,0 of 0,0,0,0:00,0,24 of 51,24 of 51,1 of 1,0,0,0:27,0,51 of 84,51 of 84,0 of 0,0,0,0:00,0,19 of 42,19 of 42,1 of 2,2,0,1:07,,,,,,,,,,,,,,,,,,,,,,,,,,,,,14 of 49,11 of 14,10 of 12,35 of 75,0 of 0,0 of 0,21 of 48,3 of 3,0 of 0,24 of 51,0 of 0,0 of 0,17 of 43,21 of 26,13 of 15,51 of 84,0 of 0,0 of 0,15 of 36,3 of 5,1 of 1,19 of 42,0 of 0,0 of 0,,,,,,,,,,,,,,,,,,,,,,,,
"February 26, 2022",Terrance McKinney,Fares Ziam,http://ufcstats.com/fight-details/cb1f27818d46af0e,W,Submission,1,2:11,0,3 of 4,13 of 16,0 of 0,1,0,2:03,0,1 of 1,1 of 1,0 of 0,0,0,0:04,2 of 2,1 of 2,0 of 0,0 of 1,0 of 0,3 of 3,0 of 0,0 of 0,1 of 1,1 of 1,0 of 0,0 of 0,,,,,,,,,,,,,,,,,,,,,,,,,,,,,,,,,,,,,,,,,,,,,,,,,,,,,,,,,,,,,,,,,,,,,,,,,,,,,,,,,,,,,,,,,,,,,,,,,,,,,,,,
"February 26, 2022",Victor Altamirano,Carlos Hernandez,http://ufcstats.com/fight-details/181ceedcacc01d48,L,Decision - Split,3,5:00,0,19 of 35,24 of 40,0 of 1,0,0,0:00,0,25 of 50,29 of 54,1 of 3,0,0,0:54,10 of 26,7 of 7,2 of 2,16 of 31,3 of 3,0 of 1,13 of 34,6 of 10,6 of 6,18 of 40,5 of 8,2 of 2,0,27 of 48,27 of 48,0 of 2,0,0,0:24,0,26 of 56,27 of 57,1 of 3,0,0,0:03,0,33 of 55,41 of 64,1 of 1,0,0,1:03,0,33 of 66,34 of 67,0 of 3,0,0,0:25,,,,,,,,,,,,,,,,,,,,,,,,,,,,,9 of 28,18 of 20,0 of 0,25 of 45,2 of 3,0 of 0,19 of 45,5 of 8,2 of 3,21 of 46,5 of 10,0 of 0,13 of 33,17 of 19,3 of 3,28 of 49,5 of 6,0 of 0,24 of 55,7 of 8,2 of 3,22 of 49,11 of 17,0 of 0,,,,,,,,,,,,,,,,,,,,,,,,
"February 19, 2022",Johnny Walker,Jamahal Hill,http://ufcstats.com/fight-details/f7865e5a6d009a87,L,KO/TKO,1,2:55,0,12 of 25,12 of 25,0 of 0,0,0,0:22,1,6 of 19,7 of 20,0 of 0,0,0,0:03,4 of 15,3 of 5,5 of 5,12 of 25,0 of 0,0 of 0,5 of 17,1 of 2,0 of 0,5 of 18,0 of 0,1 of 1,,,,,,,,,,,,,,,,,,,,,,,,,,,,,,,,,,,,,,,,,,,,,,,,,,,,,,,,,,,,,,,,,,,,,,,,,,,,,,,,,,,,,,,,,,,,,,,,,,,,,,,,
"February 19, 2022",Kyle Daukaus,Jamie Pickett,http://ufcstats.com/fight-details/99fd8396cbe1df03,W,Submission,1,4:59,0,6 of 9,19 of 29,3 of 6,2,0,4:12,0,5 of 9,5 of 9,0 of 1,0,0,0:15,4 of 6,0 of 0,2 of 3,5 of 7,1 of 2,0 of 0,2 of 5,3 of 4,0 of 0,1 of 5,4 of 4,0 of 0,,,,,,,,,,,,,,,,,,,,,,,,,,,,,,,,,,,,,,,,,,,,,,,,,,,,,,,,,,,,,,,,,,,,,,,,,,,,,,,,,,,,,,,,,,,,,,,,,,,,,,,,
"February 19, 2022",Jim Miller,Nikolas Motta,http://ufcstats.com/fight-details/958799d957945a3a,W,KO/TKO,2,1:58,0,26 of 54,27 of 55,0 of 0,0,0,0:26,0,14 of 35,14 of 35,0 of 0,0,0,0:00,8 of 35,5 of 6,13 of 13,23 of 51,3 of 3,0 of 0,12 of 33,1 of 1,1 of 1,14 of 35,0 of 0,0 of 0,1,22 of 38,22 of 38,0 of 0,0,0,0:08,0,7 of 22,7 of 22,0 of 0,0,0,0:00,,,,,,,,,,,,,,,,,,,,,,,,,,,,,,,,,,,,,,,,,,,16 of 32,1 of 1,5 of 5,11 of 17,0 of 0,11 of 21,5 of 20,1 of 1,1 of 1,7 of 22,0 of 0,0 of 0,,,,,,,,,,,,,,,,,,,,,,,,,,,,,,,,,,,,
"February 19, 2022",Diana Belbita,Gloria de Paula,http://ufcstats.com/fight-details/33cc40fc1da409d3,L,Decision - Unanimous,3,5:00,0,28 of 96,35 of 105,0 of 0,0,0,0:03,0,27 of 61,32 of 66,0 of 2,0,0,1:19,12 of 76,10 of 14,6 of 6,27 of 95,1 of 1,0 of 0,21 of 54,5 of 6,1 of 1,21 of 53,6 of 8,0 of 0,0,33 of 88,47 of 103,0 of 1,0,0,0:08,0,31 of 61,39 of 69,0 of 0,0,0,1:59,0,26 of 68,42 of 87,0 of 0,0,0,0:33,0,30 of 53,42 of 66,1 of 3,0,0,2:06,,,,,,,,,,,,,,,,,,,,,,,,,,,,,16 of 69,12 of 14,5 of 5,29 of 84,4 of 4,0 of 0,25 of 55,6 of 6,0 of 0,25 of 55,6 of 6,0 of 0,15 of 55,6 of 7,5 of 6,23 of 65,3 of 3,0 of 0,24 of 47,6 of 6,0 of 0,25 of 48,5 of 5,0 of 0,,,,,,,,,,,,,,,,,,,,,,,,
"February 19, 2022",Chad Anheliger,Jesse Strader,http://ufcstats.com/fight-details/ea63f56779100678,W,KO/TKO,3,3:33,0,14 of 34,15 of 35,0 of 0,2,0,0:04,0,26 of 50,32 of 56,3 of 3,0,0,2:15,11 of 30,2 of 3,1 of 1,11 of 26,3 of 8,0 of 0,7 of 26,13 of 17,6 of 7,20 of 44,6 of 6,0 of 0,1,26 of 53,46 of 73,0 of 1,0,0,1:07,0,31 of 51,34 of 54,0 of 1,0,0,0:03,1,27 of 43,31 of 48,0 of 0,0,0,0:09,0,7 of 25,7 of 25,1 of 3,0,0,1:02,,,,,,,,,,,,,,,,,,,,,,,,,,,,,19 of 43,4 of 7,3 of 3,18 of 42,8 of 11,0 of 0,7 of 20,10 of 17,14 of 14,25 of 44,6 of 7,0 of 0,23 of 37,1 of 3,3 of 3,11 of 22,2 of 3,14 of 18,3 of 18,3 of 5,1 of 2,6 of 24,1 of 1,0 of 0,,,,,,,,,,,,,,,,,,,,,,,,
"February 19, 2022",Jonathan Pearce,Christian Rodriguez,http://ufcstats.com/fight-details/528c208293bdef13,W,Decision - Unanimous,3,5:00,0,5 of 12,17 of 36,2 of 4,0,0,4:23,0,3 of 10,11 of 18,0 of 0,1,0,0:06,1 of 7,4 of 5,0 of 0,1 of 7,3 of 4,1 of 1,0 of 6,3 of 4,0 of 0,2 of 7,1 of 3,0 of 0,0,8 of 20,34 of 50,3 of 4,0,0,3:15,0,14 of 32,14 of 33,1 of 1,1,1,0:14,0,5 of 12,8 of 16,1 of 2,2,0,3:39,0,9 of 18,13 of 26,1 of 1,1,0,0:45,,,,,,,,,,,,,,,,,,,,,,,,,,,,,3 of 13,1 of 3,4 of 4,6 of 18,1 of 1,1 of 1,12 of 30,2 of 2,0 of 0,13 of 31,0 of 0,1 of 1,5 of 11,0 of 1,0 of 0,3 of 8,1 of 1,1 of 3,9 of 18,0 of 0,0 of 0,8 of 17,1 of 1,0 of 0,,,,,,,,,,,,,,,,,,,,,,,,
"February 12, 2022",Kyler Phillips,Marcelo Rojo,http://ufcstats.com/fight-details/a0ba726da4a50458,W,Submission,3,1:48,0,34 of 64,36 of 66,2 of 4,0,0,1:37,0,15 of 49,16 of 50,0 of 0,0,0,0:00,21 of 51,8 of 8,5 of 5,24 of 53,6 of 7,4 of 4,10 of 40,0 of 2,5 of 7,15 of 46,0 of 3,0 of 0,0,38 of 85,44 of 91,0 of 2,0,0,0:22,0,35 of 94,36 of 95,0 of 0,0,0,0:00,0,8 of 15,10 of 19,1 of 2,2,0,0:34,0,5 of 10,5 of 10,0 of 0,0,0,0:30,,,,,,,,,,,,,,,,,,,,,,,,,,,,,25 of 72,5 of 5,8 of 8,36 of 83,2 of 2,0 of 0,19 of 75,4 of 7,12 of 12,33 of 91,2 of 3,0 of 0,6 of 12,1 of 2,1 of 1,3 of 10,0 of 0,5 of 5,3 of 8,1 of 1,1 of 1,5 of 10,0 of 0,0 of 0,,,,,,,,,,,,,,,,,,,,,,,,
"February 12, 2022",Carlos Ulberg,Fabio Cherant,http://ufcstats.com/fight-details/3bebd99d5f94bec7,W,Decision - Unanimous,3,5:00,0,19 of 33,22 of 36,1 of 1,0,0,0:31,0,4 of 15,4 of 15,0 of 0,0,0,0:22,8 of 21,3 of 3,8 of 9,19 of 32,0 of 0,0 of 1,3 of 12,1 of 3,0 of 0,4 of 15,0 of 0,0 of 0,0,27 of 41,27 of 41,0 of 0,0,0,0:00,0,7 of 15,7 of 15,0 of 0,0,0,0:00,0,20 of 38,22 of 40,1 of 1,0,0,0:44,0,2 of 11,2 of 11,0 of 0,0,0,0:00,,,,,,,,,,,,,,,,,,,,,,,,,,,,,13 of 25,5 of 7,9 of 9,27 of 41,0 of 0,0 of 0,2 of 8,5 of 6,0 of 1,7 of 15,0 of 0,0 of 0,4 of 20,7 of 9,9 of 9,20 of 38,0 of 0,0 of 0,2 of 10,0 of 1,0 of 0,2 of 11,0 of 0,0 of 0,,,,,,,,,,,,,,,,,,,,,,,,
"February 12, 2022",Mana Martinez,Ronnie Lawrence,http://ufcstats.com/fight-details/19e742ccaa09cf08,L,Decision - Unanimous,3,5:00,0,6 of 14,37 of 46,0 of 0,0,0,0:00,1,20 of 33,30 of 43,1 of 1,0,0,2:52,3 of 10,0 of 0,3 of 4,5 of 13,0 of 0,1 of 1,11 of 22,2 of 4,7 of 7,11 of 20,0 of 0,9 of 13,0,3 of 10,17 of 29,0 of 0,0,1,0:02,2,14 of 27,20 of 33,3 of 3,0,0,3:55,2,30 of 54,51 of 81,0 of 0,1,0,0:06,0,12 of 22,13 of 23,2 of 3,0,1,1:22,,,,,,,,,,,,,,,,,,,,,,,,,,,,,1 of 5,2 of 5,0 of 0,3 of 9,0 of 0,0 of 1,11 of 22,2 of 4,1 of 1,6 of 8,0 of 0,8 of 19,20 of 44,6 of 6,4 of 4,24 of 43,0 of 2,6 of 9,8 of 15,2 of 4,2 of 3,11 of 21,0 of 0,1 of 1,,,,,,,,,,,,,,,,,,,,,,,,
"February 12, 2022",AJ Dobson,Jacob Malkoun,http://ufcstats.com/fight-details/c16bda7548181613,L,Decision - Unanimous,3,5:00,0,41 of 69,46 of 75,0 of 0,0,0,0:10,0,24 of 48,26 of 50,1 of 8,0,0,1:01,33 of 61,4 of 4,4 of 4,37 of 62,4 of 7,0 of 0,22 of 46,2 of 2,0 of 0,23 of 46,1 of 2,0 of 0,0,4 of 12,5 of 13,0 of 0,0,0,0:17,0,25 of 37,82 of 108,2 of 4,0,0,3:45,0,7 of 9,17 of 22,0 of 0,0,0,0:00,0,31 of 43,75 of 97,3 of 4,0,0,4:31,,,,,,,,,,,,,,,,,,,,,,,,,,,,,2 of 10,1 of 1,1 of 1,3 of 10,1 of 2,0 of 0,23 of 35,2 of 2,0 of 0,1 of 4,3 of 5,21 of 28,6 of 8,1 of 1,0 of 0,4 of 6,0 of 0,3 of 3,25 of 37,5 of 5,1 of 1,5 of 7,0 of 0,26 of 36,,,,,,,,,,,,,,,,,,,,,,,,
"February 12, 2022",William Knight,Maxim Grishin,http://ufcstats.com/fight-details/6708f3a32861038a,L,Decision - Unanimous,3,5:00,0,8 of 19,8 of 19,0 of 0,0,0,0:00,0,27 of 33,27 of 33,0 of 0,0,0,0:00,0 of 4,4 of 7,4 of 8,8 of 19,0 of 0,0 of 0,1 of 6,6 of 6,20 of 21,27 of 33,0 of 0,0 of 0,0,5 of 26,7 of 28,1 of 4,0,0,0:44,0,25 of 32,31 of 39,0 of 0,0,0,1:09,0,8 of 23,17 of 32,2 of 5,0,0,1:53,0,17 of 24,30 of 40,0 of 0,0,0,1:18,,,,,,,,,,,,,,,,,,,,,,,,,,,,,3 of 15,0 of 5,2 of 6,5 of 26,0 of 0,0 of 0,7 of 12,10 of 12,8 of 8,22 of 29,1 of 1,2 of 2,6 of 20,1 of 1,1 of 2,3 of 18,5 of 5,0 of 0,8 of 14,5 of 6,4 of 4,13 of 19,2 of 3,2 of 2,,,,,,,,,,,,,,,,,,,,,,,,
"February 05, 2022",Punahele Soriano,Nick Maximov,http://ufcstats.com/fight-details/ace166f26c2ac2e8,L,Decision - Split,3,5:00,0,15 of 21,22 of 28,0 of 0,0,0,0:40,0,5 of 14,10 of 20,3 of 7,1,0,2:16,11 of 17,4 of 4,0 of 0,6 of 12,1 of 1,8 of 8,2 of 9,3 of 5,0 of 0,5 of 14,0 of 0,0 of 0,0,21 of 32,32 of 43,0 of 0,0,0,0:54,0,13 of 19,19 of 27,3 of 4,0,0,2:20,0,9 of 10,20 of 22,0 of 0,0,0,0:03,0,11 of 12,31 of 35,5 of 5,0,1,4:09,,,,,,,,,,,,,,,,,,,,,,,,,,,,,16 of 27,5 of 5,0 of 0,14 of 25,1 of 1,6 of 6,11 of 17,2 of 2,0 of 0,8 of 14,5 of 5,0 of 0,1 of 2,8 of 8,0 of 0,0 of 1,0 of 0,9 of 9,6 of 7,1 of 1,4 of 4,2 of 3,5 of 5,4 of 4,,,,,,,,,,,,,,,,,,,,,,,,
"February 05, 2022",Sam Alvey,Brendan Allen,http://ufcstats.com/fight-details/0730c4e6fb247fa1,L,Submission,2,2:10,0,18 of 43,18 of 43,0 of 0,0,0,0:07,0,25 of 37,25 of 37,0 of 1,0,0,0:34,16 of 40,1 of 2,1 of 1,18 of 42,0 of 1,0 of 0,11 of 22,10 of 11,4 of 4,23 of 34,2 of 3,0 of 0,0,6 of 14,6 of 14,0 of 0,0,0,0:00,1,11 of 17,11 of 17,0 of 0,1,0,0:10,,,,,,,,,,,,,,,,,,,,,,,,,,,,,,,,,,,,,,,,,,,4 of 12,1 of 1,1 of 1,6 of 14,0 of 0,0 of 0,4 of 10,4 of 4,3 of 3,9 of 13,0 of 0,2 of 4,,,,,,,,,,,,,,,,,,,,,,,,,,,,,,,,,,,,
"February 05, 2022",Julian Erosa,Steven Peterson,http://ufcstats.com/fight-details/208c5dc52ccfd47a,W,Decision - Split,3,5:00,0,45 of 96,49 of 100,0 of 0,0,0,0:00,0,39 of 71,41 of 73,0 of 1,0,0,0:21,35 of 84,7 of 9,3 of 3,43 of 94,2 of 2,0 of 0,22 of 48,3 of 4,14 of 19,37 of 69,2 of 2,0 of 0,0,48 of 103,50 of 105,1 of 3,0,0,0:12,0,59 of 96,63 of 100,0 of 1,0,0,0:23,0,62 of 92,64 of 95,2 of 2,0,0,1:40,0,50 of 80,70 of 103,0 of 0,2,0,0:00,,,,,,,,,,,,,,,,,,,,,,,,,,,,,40 of 87,7 of 14,1 of 2,42 of 92,6 of 11,0 of 0,48 of 83,8 of 9,3 of 4,49 of 83,10 of 13,0 of 0,45 of 71,16 of 20,1 of 1,56 of 84,1 of 3,5 of 5,43 of 73,4 of 4,3 of 3,47 of 75,3 of 4,0 of 1,,,,,,,,,,,,,,,,,,,,,,,,
"February 05, 2022",Miles Johns,John Castaneda,http://ufcstats.com/fight-details/c816a969cb001168,L,Submission,3,1:38,0,11 of 27,11 of 27,0 of 0,0,0,0:00,0,16 of 48,16 of 48,0 of 0,0,0,0:00,8 of 24,2 of 2,1 of 1,11 of 27,0 of 0,0 of 0,7 of 30,2 of 3,7 of 15,16 of 48,0 of 0,0 of 0,0,17 of 44,17 of 44,0 of 1,0,0,0:00,0,25 of 68,33 of 76,0 of 0,0,0,1:12,0,6 of 14,6 of 14,0 of 0,0,0,0:00,1,17 of 31,19 of 35,0 of 1,1,0,0:33,,,,,,,,,,,,,,,,,,,,,,,,,,,,,13 of 38,4 of 6,0 of 0,17 of 43,0 of 1,0 of 0,19 of 56,2 of 5,4 of 7,21 of 62,2 of 4,2 of 2,6 of 14,0 of 0,0 of 0,5 of 13,1 of 1,0 of 0,14 of 27,2 of 3,1 of 1,10 of 19,5 of 7,2 of 5,,,,,,,,,,,,,,,,,,,,,,,,
"February 05, 2022",Chidi Njokuani,Marc-Andre Barriault,http://ufcstats.com/fight-details/f9ab966e63968c15,W,KO/TKO,1,0:16,1,11 of 11,13 of 13,0 of 0,0,0,0:04,0,2 of 2,2 of 2,0 of 0,0,0,0:00,9 of 9,1 of 1,1 of 1,4 of 4,0 of 0,7 of 7,1 of 1,0 of 0,1 of 1,2 of 2,0 of 0,0 of 0,,,,,,,,,,,,,,,,,,,,,,,,,,,,,,,,,,,,,,,,,,,,,,,,,,,,,,,,,,,,,,,,,,,,,,,,,,,,,,,,,,,,,,,,,,,,,,,,,,,,,,,,
"February 05, 2022",Jailton Almeida,Danilo Marques,http://ufcstats.com/fight-details/e82f15afac3dac93,W,KO/TKO,1,2:57,0,30 of 51,37 of 60,2 of 2,0,0,2:48,0,0 of 0,2 of 2,0 of 0,0,0,0:00,30 of 51,0 of 0,0 of 0,0 of 1,0 of 0,30 of 50,0 of 0,0 of 0,0 of 0,0 of 0,0 of 0,0 of 0,,,,,,,,,,,,,,,,,,,,,,,,,,,,,,,,,,,,,,,,,,,,,,,,,,,,,,,,,,,,,,,,,,,,,,,,,,,,,,,,,,,,,,,,,,,,,,,,,,,,,,,,
"January 22, 2022",Michael Morales,Trevin Giles,http://ufcstats.com/fight-details/453283e947919ff7,W,KO/TKO,1,4:06,1,26 of 42,28 of 44,0 of 1,0,1,1:05,0,8 of 15,8 of 15,1 of 4,1,0,1:12,23 of 39,0 of 0,3 of 3,12 of 24,0 of 0,14 of 18,3 of 10,1 of 1,4 of 4,8 of 15,0 of 0,0 of 0,,,,,,,,,,,,,,,,,,,,,,,,,,,,,,,,,,,,,,,,,,,,,,,,,,,,,,,,,,,,,,,,,,,,,,,,,,,,,,,,,,,,,,,,,,,,,,,,,,,,,,,,
"January 22, 2022",Jack Della Maddalena,Pete Rodriguez,http://ufcstats.com/fight-details/0669231ebe3dd560,W,KO/TKO,1,2:59,1,43 of 81,43 of 81,0 of 0,0,0,0:01,0,25 of 69,25 of 69,0 of 0,0,0,0:00,38 of 75,5 of 6,0 of 0,40 of 78,0 of 0,3 of 3,12 of 47,6 of 14,7 of 8,25 of 69,0 of 0,0 of 0,,,,,,,,,,,,,,,,,,,,,,,,,,,,,,,,,,,,,,,,,,,,,,,,,,,,,,,,,,,,,,,,,,,,,,,,,,,,,,,,,,,,,,,,,,,,,,,,,,,,,,,,
"January 22, 2022",Tony Gravely,Saimon Oliveira,http://ufcstats.com/fight-details/9687021e5c4d092a,W,Decision - Unanimous,3,5:00,0,5 of 21,14 of 36,2 of 5,0,0,4:31,0,4 of 6,5 of 7,0 of 0,2,0,0:03,4 of 20,0 of 0,1 of 1,2 of 5,0 of 0,3 of 16,2 of 4,1 of 1,1 of 1,4 of 6,0 of 0,0 of 0,0,20 of 44,25 of 51,4 of 5,0,0,3:33,0,18 of 29,21 of 33,0 of 0,0,0,0:12,0,21 of 34,27 of 45,5 of 5,0,0,3:24,0,13 of 36,24 of 47,0 of 0,2,0,0:00,,,,,,,,,,,,,,,,,,,,,,,,,,,,,15 of 38,4 of 5,1 of 1,9 of 23,2 of 4,9 of 17,11 of 22,4 of 4,3 of 3,10 of 20,8 of 9,0 of 0,17 of 29,0 of 1,4 of 4,13 of 22,2 of 3,6 of 9,8 of 27,4 of 8,1 of 1,13 of 36,0 of 0,0 of 0,,,,,,,,,,,,,,,,,,,,,,,,
"January 22, 2022",Matt Frevola,Genaro Valdez,http://ufcstats.com/fight-details/5da7168ac2ff0e1d,W,KO/TKO,1,3:15,4,60 of 101,71 of 114,0 of 0,0,0,1:07,0,10 of 38,10 of 38,0 of 1,0,0,0:08,56 of 93,3 of 7,1 of 1,11 of 27,6 of 15,43 of 59,9 of 36,0 of 0,1 of 2,7 of 27,3 of 11,0 of 0,,,,,,,,,,,,,,,,,,,,,,,,,,,,,,,,,,,,,,,,,,,,,,,,,,,,,,,,,,,,,,,,,,,,,,,,,,,,,,,,,,,,,,,,,,,,,,,,,,,,,,,,
"January 22, 2022",Silvana Gomez Juarez,Vanessa Demopoulos,http://ufcstats.com/fight-details/4047c2e259529179,L,Submission,1,2:25,1,10 of 18,10 of 18,0 of 0,0,0,1:11,0,4 of 12,4 of 12,0 of 0,2,0,0:00,9 of 16,0 of 0,1 of 2,3 of 6,0 of 0,7 of 12,0 of 4,2 of 4,2 of 4,4 of 12,0 of 0,0 of 0,,,,,,,,,,,,,,,,,,,,,,,,,,,,,,,,,,,,,,,,,,,,,,,,,,,,,,,,,,,,,,,,,,,,,,,,,,,,,,,,,,,,,,,,,,,,,,,,,,,,,,,,
"January 22, 2022",Kay Hansen,Jasmine Jasudavicius,http://ufcstats.com/fight-details/0a0beb5aa9810de4,L,Decision - Unanimous,3,5:00,0,12 of 30,18 of 39,0 of 4,0,0,0:59,0,18 of 31,41 of 55,1 of 1,0,0,2:14,8 of 24,3 of 4,1 of 2,10 of 28,2 of 2,0 of 0,14 of 24,4 of 7,0 of 0,9 of 20,3 of 4,6 of 7,0,6 of 13,8 of 15,1 of 3,0,0,0:24,0,18 of 23,44 of 53,1 of 1,0,1,3:43,0,26 of 58,26 of 58,0 of 0,0,0,0:00,0,14 of 56,14 of 57,0 of 1,0,0,0:07,,,,,,,,,,,,,,,,,,,,,,,,,,,,,3 of 9,2 of 3,1 of 1,6 of 12,0 of 0,0 of 1,13 of 18,5 of 5,0 of 0,6 of 9,3 of 3,9 of 11,20 of 48,4 of 8,2 of 2,25 of 56,1 of 2,0 of 0,10 of 47,4 of 9,0 of 0,12 of 50,2 of 6,0 of 0,,,,,,,,,,,,,,,,,,,,,,,,
"January 15, 2022",Calvin Kattar,Giga Chikadze,http://ufcstats.com/fight-details/9dfcf675cf2c1575,W,Decision - Unanimous,5,5:00,0,4 of 7,17 of 23,1 of 1,1,1,3:19,0,8 of 19,9 of 20,0 of 0,0,1,0:09,2 of 5,0 of 0,2 of 2,3 of 5,0 of 0,1 of 2,4 of 14,2 of 2,2 of 3,8 of 19,0 of 0,0 of 0,0,28 of 81,28 of 81,1 of 2,0,0,0:08,0,38 of 99,38 of 99,0 of 0,0,0,0:00,0,25 of 87,25 of 87,0 of 1,0,0,0:08,0,22 of 67,22 of 67,0 of 0,0,0,0:00,0,36 of 102,36 of 102,0 of 3,0,0,0:02,0,28 of 70,28 of 70,0 of 0,0,0,0:00,1,51 of 125,51 of 125,0 of 0,0,0,0:05,0,32 of 92,32 of 92,0 of 0,0,0,0:00,26 of 77,2 of 3,0 of 1,23 of 75,2 of 2,3 of 4,30 of 89,8 of 10,0 of 0,38 of 99,0 of 0,0 of 0,22 of 78,3 of 9,0 of 0,25 of 87,0 of 0,0 of 0,18 of 61,1 of 2,3 of 4,22 of 67,0 of 0,0 of 0,32 of 94,3 of 7,1 of 1,36 of 102,0 of 0,0 of 0,20 of 57,6 of 11,2 of 2,27 of 67,1 of 3,0 of 0,45 of 115,5 of 9,1 of 1,48 of 121,0 of 0,3 of 4,22 of 76,10 of 16,0 of 0,32 of 92,0 of 0,0 of 0
"January 15, 2022",Dakota Bush,Viacheslav Borshchev,http://ufcstats.com/fight-details/b5b5156c713c5d47,L,KO/TKO,1,3:47,0,11 of 30,11 of 30,2 of 3,0,0,1:30,1,16 of 27,17 of 28,0 of 0,0,1,0:28,8 of 25,2 of 3,1 of 2,8 of 27,2 of 2,1 of 1,9 of 19,5 of 5,2 of 3,6 of 15,4 of 4,6 of 8,,,,,,,,,,,,,,,,,,,,,,,,,,,,,,,,,,,,,,,,,,,,,,,,,,,,,,,,,,,,,,,,,,,,,,,,,,,,,,,,,,,,,,,,,,,,,,,,,,,,,,,,
"January 15, 2022",Bill Algeo,Joanderson Brito,http://ufcstats.com/fight-details/8693027377658e61,W,Decision - Unanimous,3,5:00,0,11 of 17,28 of 37,0 of 0,0,1,1:12,0,2 of 14,5 of 17,2 of 2,0,0,2:59,6 of 10,3 of 4,2 of 3,8 of 13,2 of 3,1 of 1,0 of 10,1 of 3,1 of 1,2 of 11,0 of 2,0 of 1,0,19 of 34,38 of 55,1 of 1,0,0,2:20,0,16 of 38,17 of 39,0 of 2,0,0,1:25,0,29 of 67,46 of 84,1 of 1,0,0,1:30,0,22 of 52,24 of 54,0 of 0,0,0,0:30,,,,,,,,,,,,,,,,,,,,,,,,,,,,,13 of 23,3 of 8,3 of 3,7 of 19,11 of 14,1 of 1,12 of 33,1 of 2,3 of 3,16 of 36,0 of 2,0 of 0,25 of 57,4 of 10,0 of 0,17 of 53,4 of 6,8 of 8,12 of 40,3 of 4,7 of 8,21 of 50,1 of 2,0 of 0,,,,,,,,,,,,,,,,,,,,,,,,
"January 15, 2022",Jamie Pickett,Joseph Holmes,http://ufcstats.com/fight-details/e8517ed0b49abc37,W,Decision - Unanimous,3,5:00,0,10 of 23,12 of 25,1 of 2,0,0,1:24,0,24 of 35,26 of 37,0 of 0,0,0,0:54,4 of 15,3 of 3,3 of 5,9 of 22,1 of 1,0 of 0,13 of 21,7 of 9,4 of 5,17 of 28,7 of 7,0 of 0,0,23 of 55,24 of 56,1 of 2,0,0,0:18,0,13 of 27,18 of 32,0 of 2,0,0,2:08,0,17 of 44,18 of 45,0 of 0,0,0,1:20,0,14 of 31,15 of 32,0 of 0,0,0,0:13,,,,,,,,,,,,,,,,,,,,,,,,,,,,,12 of 42,9 of 10,2 of 3,18 of 50,5 of 5,0 of 0,9 of 22,1 of 2,3 of 3,13 of 27,0 of 0,0 of 0,6 of 29,7 of 11,4 of 4,13 of 36,4 of 8,0 of 0,8 of 22,5 of 8,1 of 1,11 of 27,3 of 4,0 of 0,,,,,,,,,,,,,,,,,,,,,,,,
"January 15, 2022",TJ Brown,Charles Rosa,http://ufcstats.com/fight-details/3a8c0158d910546d,W,Decision - Unanimous,3,5:00,0,35 of 67,38 of 70,3 of 4,1,0,1:36,0,34 of 73,39 of 78,0 of 0,0,0,0:07,26 of 56,8 of 10,1 of 1,31 of 60,2 of 5,2 of 2,14 of 49,5 of 9,15 of 15,34 of 72,0 of 1,0 of 0,0,16 of 23,29 of 43,1 of 1,2,2,3:34,0,9 of 24,24 of 39,0 of 0,1,1,0:26,0,7 of 9,21 of 28,2 of 3,0,0,2:29,0,3 of 10,8 of 15,0 of 0,0,0,2:09,,,,,,,,,,,,,,,,,,,,,,,,,,,,,14 of 21,2 of 2,0 of 0,13 of 20,0 of 0,3 of 3,4 of 17,0 of 1,5 of 6,7 of 21,0 of 0,2 of 3,6 of 8,0 of 0,1 of 1,5 of 7,0 of 0,2 of 2,3 of 10,0 of 0,0 of 0,1 of 6,1 of 1,1 of 3,,,,,,,,,,,,,,,,,,,,,,,,
"December 18, 2021",Dustin Stoltzfus,Gerald Meerschaert,http://ufcstats.com/fight-details/bdaca0a96d44438a,L,Submission,3,2:58,0,5 of 11,24 of 30,1 of 1,0,0,2:21,0,4 of 5,7 of 8,1 of 1,1,0,2:03,3 of 9,1 of 1,1 of 1,3 of 8,0 of 0,2 of 3,3 of 4,1 of 1,0 of 0,4 of 5,0 of 0,0 of 0,0,5 of 11,24 of 30,1 of 1,1,0,3:56,0,4 of 5,7 of 8,0 of 0,0,0,0:00,0,2 of 10,3 of 12,2 of 2,0,0,1:10,0,3 of 12,5 of 14,0 of 0,2,0,1:11,,,,,,,,,,,,,,,,,,,,,,,,,,,,,3 of 9,1 of 1,1 of 1,3 of 8,0 of 0,2 of 3,3 of 4,1 of 1,0 of 0,4 of 5,0 of 0,0 of 0,2 of 10,0 of 0,0 of 0,1 of 8,0 of 1,1 of 1,2 of 11,1 of 1,0 of 0,2 of 11,1 of 1,0 of 0,,,,,,,,,,,,,,,,,,,,,,,,
"December 18, 2021",Don'Tale Mayes,Josh Parisian,http://ufcstats.com/fight-details/a760d0f5de2e1aaa,W,KO/TKO,3,3:26,0,6 of 14,40 of 51,3 of 4,0,0,4:05,0,3 of 6,6 of 9,0 of 0,0,0,0:03,4 of 12,1 of 1,1 of 1,2 of 8,0 of 0,4 of 6,3 of 6,0 of 0,0 of 0,2 of 4,1 of 2,0 of 0,0,13 of 15,31 of 41,1 of 2,0,0,4:27,0,2 of 2,5 of 6,0 of 2,0,0,0:18,0,6 of 12,46 of 55,2 of 2,0,0,3:00,0,5 of 8,13 of 18,0 of 0,0,0,0:00,,,,,,,,,,,,,,,,,,,,,,,,,,,,,7 of 9,5 of 5,1 of 1,6 of 6,3 of 3,4 of 6,0 of 0,0 of 0,2 of 2,2 of 2,0 of 0,0 of 0,4 of 10,2 of 2,0 of 0,5 of 11,0 of 0,1 of 1,4 of 5,1 of 3,0 of 0,2 of 5,3 of 3,0 of 0,,,,,,,,,,,,,,,,,,,,,,,,
"December 18, 2021",Jordan Leavitt,Matt Sayles,http://ufcstats.com/fight-details/ea76a3af8c5ecc55,W,Submission,2,2:05,0,5 of 11,18 of 28,1 of 5,1,0,2:44,0,4 of 17,4 of 17,0 of 0,1,0,0:38,2 of 5,0 of 3,3 of 3,4 of 10,0 of 0,1 of 1,0 of 6,2 of 6,2 of 5,4 of 17,0 of 0,0 of 0,0,4 of 9,4 of 9,0 of 1,2,0,0:04,0,9 of 17,9 of 17,1 of 1,0,0,0:36,,,,,,,,,,,,,,,,,,,,,,,,,,,,,,,,,,,,,,,,,,,2 of 7,1 of 1,1 of 1,3 of 8,1 of 1,0 of 0,2 of 8,6 of 6,1 of 3,9 of 17,0 of 0,0 of 0,,,,,,,,,,,,,,,,,,,,,,,,,,,,,,,,,,,,
"December 11, 2021",Geoff Neal,Santiago Ponzinibbio,http://ufcstats.com/fight-details/2d0d13dfc6c37ba8,W,Decision - Split,3,5:00,0,20 of 41,21 of 42,0 of 0,0,0,0:00,0,26 of 63,26 of 63,0 of 0,0,0,0:00,13 of 33,2 of 3,5 of 5,20 of 41,0 of 0,0 of 0,17 of 54,5 of 5,4 of 4,25 of 62,1 of 1,0 of 0,0,19 of 47,19 of 47,0 of 0,0,0,0:03,0,26 of 73,26 of 73,1 of 4,0,0,0:23,0,46 of 73,46 of 73,0 of 0,0,0,0:00,0,39 of 93,39 of 93,0 of 0,0,0,0:00,,,,,,,,,,,,,,,,,,,,,,,,,,,,,16 of 41,2 of 5,1 of 1,19 of 47,0 of 0,0 of 0,15 of 61,4 of 5,7 of 7,26 of 73,0 of 0,0 of 0,44 of 71,1 of 1,1 of 1,46 of 73,0 of 0,0 of 0,30 of 80,3 of 7,6 of 6,39 of 93,0 of 0,0 of 0,,,,,,,,,,,,,,,,,,,,,,,,
"December 11, 2021",Raulian Paiva,Sean O'Malley,http://ufcstats.com/fight-details/8c01b7dccc4d0926,L,KO/TKO,1,4:42,0,11 of 47,11 of 47,0 of 2,0,0,0:00,1,39 of 62,40 of 63,0 of 0,0,0,0:02,2 of 32,3 of 6,6 of 9,11 of 47,0 of 0,0 of 0,28 of 50,8 of 9,3 of 3,37 of 59,0 of 0,2 of 3,,,,,,,,,,,,,,,,,,,,,,,,,,,,,,,,,,,,,,,,,,,,,,,,,,,,,,,,,,,,,,,,,,,,,,,,,,,,,,,,,,,,,,,,,,,,,,,,,,,,,,,,
"December 11, 2021",Josh Emmett,Dan Ige,http://ufcstats.com/fight-details/6537a32e7af905b0,W,Decision - Unanimous,3,5:00,1,14 of 31,15 of 32,0 of 0,0,1,0:36,0,23 of 50,25 of 52,1 of 1,0,0,0:21,11 of 26,2 of 4,1 of 1,4 of 21,3 of 3,7 of 7,18 of 45,2 of 2,3 of 3,22 of 49,0 of 0,1 of 1,0,26 of 64,26 of 64,0 of 0,0,0,0:09,0,25 of 56,26 of 57,0 of 2,0,0,0:00,0,20 of 70,21 of 71,0 of 0,0,0,0:02,0,22 of 62,22 of 62,0 of 1,0,0,0:00,,,,,,,,,,,,,,,,,,,,,,,,,,,,,21 of 58,4 of 5,1 of 1,24 of 61,2 of 3,0 of 0,20 of 50,3 of 4,2 of 2,25 of 56,0 of 0,0 of 0,19 of 67,1 of 3,0 of 0,20 of 69,0 of 1,0 of 0,16 of 52,4 of 7,2 of 3,21 of 59,1 of 3,0 of 0,,,,,,,,,,,,,,,,,,,,,,,,
"December 11, 2021",Jordan Wright,Bruno Silva,http://ufcstats.com/fight-details/9039762cb9f4abdb,L,KO/TKO,1,1:28,0,20 of 26,22 of 28,0 of 0,0,0,0:23,1,19 of 29,22 of 33,0 of 0,0,0,0:10,9 of 15,10 of 10,1 of 1,11 of 16,9 of 10,0 of 0,18 of 28,0 of 0,1 of 1,8 of 13,3 of 5,8 of 11,,,,,,,,,,,,,,,,,,,,,,,,,,,,,,,,,,,,,,,,,,,,,,,,,,,,,,,,,,,,,,,,,,,,,,,,,,,,,,,,,,,,,,,,,,,,,,,,,,,,,,,,
"December 04, 2021",Jimmy Crute,Jamahal Hill,http://ufcstats.com/fight-details/b3847772199e2639,L,KO/TKO,1,0:48,0,6 of 12,6 of 12,0 of 1,0,0,0:00,1,4 of 10,4 of 10,0 of 0,0,0,0:01,2 of 7,2 of 3,2 of 2,5 of 11,1 of 1,0 of 0,2 of 8,2 of 2,0 of 0,1 of 7,2 of 2,1 of 1,,,,,,,,,,,,,,,,,,,,,,,,,,,,,,,,,,,,,,,,,,,,,,,,,,,,,,,,,,,,,,,,,,,,,,,,,,,,,,,,,,,,,,,,,,,,,,,,,,,,,,,,
"December 04, 2021",Brendan Allen,Chris Curtis,http://ufcstats.com/fight-details/9e5bbbacf1d92cb4,L,KO/TKO,2,1:58,0,22 of 45,23 of 46,0 of 2,1,0,0:18,0,31 of 49,34 of 55,0 of 0,0,0,0:26,11 of 33,6 of 6,5 of 6,22 of 44,0 of 1,0 of 0,22 of 39,6 of 7,3 of 3,29 of 46,0 of 0,2 of 3,0,21 of 26,21 of 26,0 of 1,0,0,0:00,1,30 of 41,30 of 41,0 of 0,0,0,0:17,,,,,,,,,,,,,,,,,,,,,,,,,,,,,,,,,,,,,,,,,,,15 of 20,4 of 4,2 of 2,17 of 22,4 of 4,0 of 0,16 of 26,14 of 15,0 of 0,20 of 30,10 of 10,0 of 1,,,,,,,,,,,,,,,,,,,,,,,,,,,,,,,,,,,,
"December 04, 2021",Maki Pitolo,Dusko Todorovic,http://ufcstats.com/fight-details/723a8a8c82cab1c8,L,KO/TKO,1,4:34,0,13 of 29,13 of 29,0 of 0,1,0,0:00,0,30 of 53,67 of 91,1 of 1,0,0,2:46,5 of 20,5 of 6,3 of 3,12 of 28,1 of 1,0 of 0,28 of 51,1 of 1,1 of 1,9 of 22,0 of 1,21 of 30,,,,,,,,,,,,,,,,,,,,,,,,,,,,,,,,,,,,,,,,,,,,,,,,,,,,,,,,,,,,,,,,,,,,,,,,,,,,,,,,,,,,,,,,,,,,,,,,,,,,,,,,
"December 04, 2021",Cheyanne Vlismas,Mallory Martin,http://ufcstats.com/fight-details/3fc8afbb23b9ac16,W,Decision - Unanimous,3,5:00,0,37 of 87,39 of 89,0 of 0,0,0,0:00,0,24 of 64,26 of 66,0 of 0,0,0,0:05,25 of 69,10 of 15,2 of 3,32 of 80,5 of 7,0 of 0,21 of 60,3 of 4,0 of 0,19 of 59,5 of 5,0 of 0,0,37 of 80,46 of 89,0 of 0,0,0,0:00,0,23 of 70,35 of 82,0 of 2,0,0,1:21,0,60 of 104,61 of 105,0 of 0,0,0,0:00,0,33 of 76,45 of 88,0 of 3,0,0,1:20,,,,,,,,,,,,,,,,,,,,,,,,,,,,,26 of 65,7 of 11,4 of 4,35 of 78,2 of 2,0 of 0,17 of 61,5 of 7,1 of 2,18 of 63,5 of 7,0 of 0,51 of 89,9 of 15,0 of 0,56 of 99,4 of 5,0 of 0,27 of 68,6 of 8,0 of 0,29 of 72,4 of 4,0 of 0,,,,,,,,,,,,,,,,,,,,,,,,
"December 04, 2021",Alonzo Menifield,William Knight,http://ufcstats.com/fight-details/42b28adbed6966b7,L,Decision - Unanimous,3,5:00,0,6 of 12,13 of 19,0 of 2,0,1,3:07,1,19 of 25,31 of 37,1 of 3,0,1,0:43,6 of 12,0 of 0,0 of 0,6 of 12,0 of 0,0 of 0,10 of 16,6 of 6,3 of 3,6 of 11,6 of 6,7 of 8,0,30 of 50,30 of 50,0 of 0,0,0,0:00,0,17 of 56,17 of 56,0 of 1,0,0,0:00,0,8 of 15,23 of 30,0 of 0,0,0,3:18,0,19 of 30,34 of 46,0 of 0,0,0,0:00,,,,,,,,,,,,,,,,,,,,,,,,,,,,,22 of 42,6 of 6,2 of 2,30 of 50,0 of 0,0 of 0,12 of 47,3 of 6,2 of 3,17 of 56,0 of 0,0 of 0,6 of 13,2 of 2,0 of 0,8 of 15,0 of 0,0 of 0,10 of 19,5 of 7,4 of 4,15 of 26,4 of 4,0 of 0,,,,,,,,,,,,,,,,,,,,,,,,
"December 04, 2021",Louis Smolka,Vince Morales,http://ufcstats.com/fight-details/1ce1a43ef68ffc7d,L,KO/TKO,1,2:02,0,23 of 32,23 of 32,0 of 0,0,0,0:00,1,27 of 49,27 of 50,0 of 0,0,0,0:00,5 of 14,10 of 10,8 of 8,19 of 28,4 of 4,0 of 0,16 of 34,8 of 12,3 of 3,18 of 38,4 of 6,5 of 5,,,,,,,,,,,,,,,,,,,,,,,,,,,,,,,,,,,,,,,,,,,,,,,,,,,,,,,,,,,,,,,,,,,,,,,,,,,,,,,,,,,,,,,,,,,,,,,,,,,,,,,,
"November 20, 2021",Davey Grant,Adrian Yanez,http://ufcstats.com/fight-details/9b9ef12603e820ec,L,Decision - Split,3,5:00,0,29 of 74,29 of 74,0 of 0,0,0,0:00,0,24 of 65,24 of 65,0 of 0,0,0,0:00,5 of 42,15 of 21,9 of 11,29 of 74,0 of 0,0 of 0,15 of 52,5 of 9,4 of 4,24 of 65,0 of 0,0 of 0,0,27 of 92,27 of 93,0 of 1,0,0,0:10,0,31 of 81,31 of 81,0 of 0,0,0,0:00,0,42 of 107,42 of 107,0 of 0,0,0,0:00,0,45 of 109,45 of 109,0 of 0,0,0,0:00,,,,,,,,,,,,,,,,,,,,,,,,,,,,,19 of 66,3 of 18,5 of 8,27 of 91,0 of 1,0 of 0,21 of 70,4 of 5,6 of 6,31 of 81,0 of 0,0 of 0,16 of 74,22 of 29,4 of 4,42 of 107,0 of 0,0 of 0,30 of 90,5 of 8,10 of 11,45 of 109,0 of 0,0 of 0,,,,,,,,,,,,,,,,,,,,,,,,
"November 20, 2021",Pat Sabatini,Tucker Lutz,http://ufcstats.com/fight-details/f592f168f3b8b807,W,Decision - Unanimous,3,5:00,0,6 of 11,45 of 59,2 of 6,1,0,3:35,0,8 of 11,9 of 13,0 of 0,0,0,0:24,3 of 8,1 of 1,2 of 2,6 of 11,0 of 0,0 of 0,3 of 6,3 of 3,2 of 2,7 of 10,1 of 1,0 of 0,0,3 of 3,56 of 60,1 of 1,2,1,4:40,0,2 of 6,2 of 6,0 of 0,0,0,0:04,0,7 of 10,10 of 13,2 of 4,0,0,2:40,0,7 of 18,25 of 36,1 of 1,0,0,0:48,,,,,,,,,,,,,,,,,,,,,,,,,,,,,2 of 2,0 of 0,1 of 1,1 of 1,0 of 0,2 of 2,1 of 5,0 of 0,1 of 1,2 of 6,0 of 0,0 of 0,4 of 7,3 of 3,0 of 0,5 of 8,2 of 2,0 of 0,1 of 10,6 of 8,0 of 0,2 of 13,5 of 5,0 of 0,,,,,,,,,,,,,,,,,,,,,,,,
"November 20, 2021",Rafa Garcia,Natan Levy,http://ufcstats.com/fight-details/fd60e75303622e5e,W,Decision - Unanimous,3,5:00,0,13 of 24,20 of 32,2 of 3,0,0,2:14,0,13 of 44,16 of 47,0 of 2,0,0,0:00,7 of 17,5 of 6,1 of 1,12 of 23,1 of 1,0 of 0,6 of 32,3 of 8,4 of 4,12 of 41,1 of 3,0 of 0,0,11 of 35,15 of 40,2 of 3,0,0,0:58,0,17 of 40,17 of 40,3 of 3,0,0,0:48,0,11 of 32,20 of 45,3 of 6,0,0,2:25,0,17 of 43,23 of 49,0 of 2,0,0,0:00,,,,,,,,,,,,,,,,,,,,,,,,,,,,,6 of 28,4 of 6,1 of 1,11 of 33,0 of 0,0 of 2,5 of 27,9 of 10,3 of 3,17 of 39,0 of 1,0 of 0,8 of 29,1 of 1,2 of 2,8 of 27,2 of 2,1 of 3,10 of 35,7 of 8,0 of 0,16 of 41,1 of 2,0 of 0,,,,,,,,,,,,,,,,,,,,,,,,
"November 20, 2021",Luana Pinheiro,Sam Hughes,http://ufcstats.com/fight-details/8dd086e2e70144fd,W,Decision - Unanimous,3,5:00,0,11 of 39,16 of 45,2 of 2,1,0,1:51,0,11 of 27,22 of 39,0 of 0,0,0,0:00,5 of 30,4 of 6,2 of 3,10 of 37,0 of 1,1 of 1,3 of 11,2 of 4,6 of 12,11 of 27,0 of 0,0 of 0,1,23 of 63,24 of 67,0 of 1,0,0,0:16,0,19 of 47,20 of 51,0 of 0,0,0,0:04,0,26 of 57,27 of 58,0 of 0,0,0,0:00,0,23 of 56,23 of 57,0 of 0,0,0,0:15,,,,,,,,,,,,,,,,,,,,,,,,,,,,,20 of 56,2 of 6,1 of 1,18 of 55,1 of 2,4 of 6,9 of 28,2 of 9,8 of 10,19 of 46,0 of 1,0 of 0,15 of 40,8 of 13,3 of 4,25 of 56,1 of 1,0 of 0,11 of 33,2 of 9,10 of 14,20 of 53,3 of 3,0 of 0,,,,,,,,,,,,,,,,,,,,,,,,
"November 13, 2021",Miguel Baeza,Khaos Williams,http://ufcstats.com/fight-details/8636b67096df4b27,L,KO/TKO,3,1:02,0,4 of 7,5 of 8,0 of 2,5,0,0:00,0,16 of 32,27 of 46,0 of 0,0,0,0:39,3 of 6,1 of 1,0 of 0,4 of 7,0 of 0,0 of 0,10 of 23,0 of 1,6 of 8,7 of 18,1 of 3,8 of 11,0,23 of 40,23 of 40,0 of 0,0,0,0:00,0,26 of 77,26 of 77,0 of 1,0,0,0:07,0,4 of 9,4 of 9,0 of 0,0,0,0:00,1,7 of 22,7 of 22,0 of 0,0,0,0:02,,,,,,,,,,,,,,,,,,,,,,,,,,,,,9 of 24,0 of 2,14 of 14,23 of 40,0 of 0,0 of 0,8 of 52,6 of 6,12 of 19,25 of 76,1 of 1,0 of 0,1 of 5,0 of 1,3 of 3,4 of 9,0 of 0,0 of 0,5 of 19,0 of 0,2 of 3,4 of 19,0 of 0,3 of 3,,,,,,,,,,,,,,,,,,,,,,,,
"November 13, 2021",Sean Woodson,Collin Anglin,http://ufcstats.com/fight-details/a27a355f52883f3e,W,KO/TKO,1,4:30,1,50 of 98,59 of 107,0 of 0,0,0,0:24,0,8 of 40,8 of 40,0 of 1,0,0,0:13,23 of 61,17 of 26,10 of 11,48 of 95,2 of 2,0 of 1,4 of 26,2 of 10,2 of 4,8 of 40,0 of 0,0 of 0,,,,,,,,,,,,,,,,,,,,,,,,,,,,,,,,,,,,,,,,,,,,,,,,,,,,,,,,,,,,,,,,,,,,,,,,,,,,,,,,,,,,,,,,,,,,,,,,,,,,,,,,
"November 13, 2021",Marc Diakiese,Rafael Alves,http://ufcstats.com/fight-details/2c21abbc28e3876a,L,Submission,1,1:48,0,3 of 13,3 of 13,0 of 1,0,0,0:03,0,6 of 11,6 of 11,0 of 0,1,0,0:00,0 of 7,1 of 3,2 of 3,3 of 13,0 of 0,0 of 0,3 of 8,1 of 1,2 of 2,6 of 11,0 of 0,0 of 0,,,,,,,,,,,,,,,,,,,,,,,,,,,,,,,,,,,,,,,,,,,,,,,,,,,,,,,,,,,,,,,,,,,,,,,,,,,,,,,,,,,,,,,,,,,,,,,,,,,,,,,,
"November 13, 2021",Kennedy Nzechukwu,Da Woon Jung,http://ufcstats.com/fight-details/81bb4d9b214adf4b,L,KO/TKO,1,3:04,0,6 of 18,6 of 18,0 of 0,0,0,0:00,1,16 of 49,16 of 49,0 of 0,0,0,0:00,6 of 18,0 of 0,0 of 0,6 of 18,0 of 0,0 of 0,15 of 47,1 of 2,0 of 0,12 of 42,3 of 6,1 of 1,,,,,,,,,,,,,,,,,,,,,,,,,,,,,,,,,,,,,,,,,,,,,,,,,,,,,,,,,,,,,,,,,,,,,,,,,,,,,,,,,,,,,,,,,,,,,,,,,,,,,,,,
"November 06, 2021",Shane Burgos,Billy Quarantillo,http://ufcstats.com/fight-details/a260238fdb9c47cf,W,Decision - Unanimous,3,5:00,0,54 of 81,68 of 96,0 of 0,0,0,0:51,0,63 of 131,81 of 150,0 of 2,0,0,0:19,37 of 61,8 of 9,9 of 11,53 of 79,1 of 2,0 of 0,49 of 109,11 of 17,3 of 5,54 of 120,9 of 11,0 of 0,0,82 of 114,85 of 117,0 of 0,0,0,0:35,0,54 of 130,57 of 133,0 of 2,0,0,0:32,0,57 of 93,79 of 116,0 of 0,0,0,1:00,0,47 of 88,58 of 100,0 of 10,0,0,1:18,,,,,,,,,,,,,,,,,,,,,,,,,,,,,55 of 84,14 of 17,13 of 13,71 of 100,11 of 14,0 of 0,43 of 116,8 of 11,3 of 3,52 of 125,2 of 5,0 of 0,41 of 74,10 of 11,6 of 8,38 of 73,18 of 19,1 of 1,37 of 76,9 of 11,1 of 1,39 of 77,8 of 11,0 of 0,,,,,,,,,,,,,,,,,,,,,,,,
"November 06, 2021",Phil Hawes,Chris Curtis,http://ufcstats.com/fight-details/fa3b28ff3585b4a0,L,KO/TKO,1,4:27,0,48 of 90,49 of 91,0 of 3,0,0,0:00,1,21 of 36,22 of 37,0 of 0,0,0,0:03,24 of 63,15 of 18,9 of 9,46 of 85,2 of 5,0 of 0,15 of 27,5 of 8,1 of 1,18 of 33,2 of 2,1 of 1,,,,,,,,,,,,,,,,,,,,,,,,,,,,,,,,,,,,,,,,,,,,,,,,,,,,,,,,,,,,,,,,,,,,,,,,,,,,,,,,,,,,,,,,,,,,,,,,,,,,,,,,
"November 06, 2021",Edmen Shahbazyan,Nassourdine Imavov,http://ufcstats.com/fight-details/095a351dd6f09f7e,L,KO/TKO,2,4:52,0,17 of 24,21 of 29,1 of 3,0,0,1:43,0,18 of 31,25 of 39,0 of 0,1,0,0:39,7 of 13,3 of 4,7 of 7,15 of 21,1 of 2,1 of 1,11 of 23,3 of 4,4 of 4,13 of 25,5 of 6,0 of 0,0,5 of 11,8 of 14,0 of 2,0,0,0:51,0,24 of 32,39 of 48,0 of 1,3,0,3:17,,,,,,,,,,,,,,,,,,,,,,,,,,,,,,,,,,,,,,,,,,,3 of 6,1 of 4,1 of 1,4 of 10,1 of 1,0 of 0,23 of 31,1 of 1,0 of 0,3 of 8,0 of 0,21 of 24,,,,,,,,,,,,,,,,,,,,,,,,,,,,,,,,,,,,
"November 06, 2021",Ian Machado Garry,Jordan Williams,http://ufcstats.com/fight-details/733dcfec0cc9b439,W,KO/TKO,1,4:59,1,18 of 28,22 of 32,0 of 0,0,0,0:37,0,22 of 50,24 of 54,0 of 1,0,0,0:47,11 of 21,5 of 5,2 of 2,14 of 22,4 of 6,0 of 0,16 of 44,3 of 3,3 of 3,20 of 48,2 of 2,0 of 0,,,,,,,,,,,,,,,,,,,,,,,,,,,,,,,,,,,,,,,,,,,,,,,,,,,,,,,,,,,,,,,,,,,,,,,,,,,,,,,,,,,,,,,,,,,,,,,,,,,,,,,,
"November 06, 2021",Dustin Jacoby,John Allan,http://ufcstats.com/fight-details/88cc78d2d5d6bcaa,W,Decision - Unanimous,3,5:00,0,48 of 105,48 of 105,0 of 0,0,0,0:00,0,25 of 56,25 of 56,0 of 0,0,0,0:00,29 of 85,9 of 10,10 of 10,48 of 105,0 of 0,0 of 0,10 of 38,6 of 7,9 of 11,25 of 56,0 of 0,0 of 0,0,57 of 119,57 of 119,0 of 0,0,0,0:00,0,25 of 68,26 of 69,0 of 0,0,0,0:00,0,48 of 97,48 of 97,0 of 0,0,0,0:00,0,27 of 65,27 of 65,0 of 0,0,0,0:00,,,,,,,,,,,,,,,,,,,,,,,,,,,,,43 of 103,9 of 11,5 of 5,56 of 118,1 of 1,0 of 0,13 of 54,3 of 4,9 of 10,24 of 66,1 of 2,0 of 0,38 of 82,3 of 7,7 of 8,48 of 96,0 of 1,0 of 0,20 of 57,2 of 3,5 of 5,27 of 62,0 of 3,0 of 0,,,,,,,,,,,,,,,,,,,,,,,,
"November 06, 2021",Melsik Baghdasaryan,Bruno Souza,http://ufcstats.com/fight-details/73d541adc2909dc8,W,Decision - Unanimous,3,5:00,0,21 of 36,23 of 38,0 of 0,0,0,0:05,0,11 of 24,12 of 25,0 of 1,0,0,0:40,4 of 14,8 of 10,9 of 12,18 of 33,3 of 3,0 of 0,5 of 14,5 of 8,1 of 2,10 of 23,1 of 1,0 of 0,0,31 of 43,31 of 43,0 of 0,0,0,0:05,0,16 of 37,16 of 37,0 of 1,0,0,0:00,0,23 of 45,23 of 45,0 of 0,0,0,0:00,0,19 of 42,19 of 42,0 of 2,0,0,0:05,,,,,,,,,,,,,,,,,,,,,,,,,,,,,13 of 21,8 of 11,10 of 11,29 of 41,2 of 2,0 of 0,12 of 27,2 of 6,2 of 4,14 of 35,2 of 2,0 of 0,9 of 28,9 of 11,5 of 6,21 of 43,2 of 2,0 of 0,10 of 29,6 of 10,3 of 3,17 of 38,2 of 4,0 of 0,,,,,,,,,,,,,,,,,,,,,,,,
"November 06, 2021",CJ Vergara,Ode Osbourne,http://ufcstats.com/fight-details/8081cb92f71401c6,L,Decision - Unanimous,3,5:00,0,24 of 52,24 of 52,0 of 0,0,0,0:01,0,34 of 75,34 of 75,0 of 1,0,0,0:08,10 of 35,10 of 13,4 of 4,22 of 49,2 of 3,0 of 0,23 of 62,9 of 11,2 of 2,34 of 75,0 of 0,0 of 0,0,28 of 48,28 of 48,0 of 0,0,0,0:00,0,26 of 71,31 of 78,1 of 3,0,0,0:17,0,41 of 65,70 of 97,0 of 0,0,0,2:40,0,19 of 48,24 of 55,0 of 3,0,0,0:01,,,,,,,,,,,,,,,,,,,,,,,,,,,,,11 of 30,14 of 15,3 of 3,28 of 46,0 of 2,0 of 0,21 of 63,4 of 7,1 of 1,25 of 69,1 of 2,0 of 0,14 of 34,27 of 31,0 of 0,18 of 34,14 of 17,9 of 14,17 of 43,2 of 5,0 of 0,18 of 47,1 of 1,0 of 0,,,,,,,,,,,,,,,,,,,,,,,,
"October 30, 2021",Albert Duraev,Roman Kopylov,http://ufcstats.com/fight-details/768c86e307295944,W,Decision - Unanimous,3,5:00,0,25 of 54,25 of 54,0 of 0,0,0,0:00,0,12 of 45,13 of 46,0 of 1,0,0,0:00,12 of 39,5 of 7,8 of 8,25 of 54,0 of 0,0 of 0,7 of 37,1 of 4,4 of 4,11 of 43,1 of 2,0 of 0,0,31 of 52,111 of 174,1 of 4,1,0,4:25,1,7 of 8,16 of 23,0 of 0,0,0,0:02,0,15 of 34,16 of 37,0 of 5,0,0,1:08,0,23 of 40,25 of 42,1 of 1,0,0,0:23,,,,,,,,,,,,,,,,,,,,,,,,,,,,,30 of 51,1 of 1,0 of 0,1 of 4,0 of 0,30 of 48,5 of 6,2 of 2,0 of 0,4 of 5,0 of 0,3 of 3,12 of 28,0 of 0,3 of 6,15 of 34,0 of 0,0 of 0,18 of 33,4 of 6,1 of 1,20 of 33,1 of 2,2 of 5,,,,,,,,,,,,,,,,,,,,,,,,
"October 23, 2021",Grant Dawson,Ricky Glenn,http://ufcstats.com/fight-details/9fe62ea683decc55,D,Decision - Majority,3,5:00,0,16 of 19,39 of 44,2 of 2,0,0,4:14,0,4 of 6,9 of 11,0 of 0,0,0,0:00,9 of 12,6 of 6,1 of 1,2 of 3,0 of 0,14 of 16,1 of 1,1 of 2,2 of 3,4 of 6,0 of 0,0 of 0,0,7 of 10,30 of 38,1 of 6,0,0,4:08,0,1 of 7,13 of 19,0 of 0,0,0,0:03,0,1 of 2,2 of 3,0 of 3,0,0,0:04,0,23 of 28,66 of 74,0 of 0,1,0,4:27,,,,,,,,,,,,,,,,,,,,,,,,,,,,,3 of 5,4 of 5,0 of 0,0 of 2,2 of 2,5 of 6,0 of 2,1 of 5,0 of 0,1 of 7,0 of 0,0 of 0,0 of 0,1 of 2,0 of 0,1 of 2,0 of 0,0 of 0,18 of 23,5 of 5,0 of 0,3 of 6,1 of 1,19 of 21,,,,,,,,,,,,,,,,,,,,,,,,
"October 23, 2021",Francisco Trinaldo,Dwight Grant,http://ufcstats.com/fight-details/587d373f18f6c8c0,W,Decision - Split,3,5:00,0,11 of 20,11 of 20,0 of 0,0,0,0:00,0,14 of 51,14 of 51,0 of 0,0,0,0:00,4 of 12,5 of 6,2 of 2,11 of 20,0 of 0,0 of 0,6 of 39,4 of 7,4 of 5,14 of 51,0 of 0,0 of 0,0,15 of 28,16 of 31,0 of 2,0,0,1:08,0,8 of 48,13 of 55,1 of 1,0,0,0:11,0,10 of 22,34 of 50,1 of 1,0,0,3:37,0,9 of 34,14 of 39,0 of 0,0,0,0:00,,,,,,,,,,,,,,,,,,,,,,,,,,,,,9 of 19,4 of 6,2 of 3,11 of 23,4 of 5,0 of 0,8 of 44,0 of 4,0 of 0,5 of 43,1 of 1,2 of 4,7 of 19,2 of 2,1 of 1,4 of 14,0 of 0,6 of 8,6 of 31,3 of 3,0 of 0,9 of 34,0 of 0,0 of 0,,,,,,,,,,,,,,,,,,,,,,,,
"October 23, 2021",JunYong Park,Gregory Rodrigues,http://ufcstats.com/fight-details/88256dd5a9aef1cc,L,KO/TKO,2,3:13,0,18 of 32,20 of 34,0 of 0,0,0,0:00,0,33 of 42,39 of 49,1 of 1,0,0,2:25,12 of 26,0 of 0,6 of 6,18 of 32,0 of 0,0 of 0,21 of 28,12 of 13,0 of 1,24 of 31,1 of 1,8 of 10,0,38 of 77,39 of 78,0 of 0,0,0,0:29,0,35 of 48,36 of 49,1 of 3,0,1,0:55,,,,,,,,,,,,,,,,,,,,,,,,,,,,,,,,,,,,,,,,,,,38 of 77,0 of 0,0 of 0,36 of 74,2 of 3,0 of 0,32 of 45,3 of 3,0 of 0,33 of 46,2 of 2,0 of 0,,,,,,,,,,,,,,,,,,,,,,,,,,,,,,,,,,,,
"October 23, 2021",Jamie Pickett,Laureano Staropoli,http://ufcstats.com/fight-details/85f920746c58d0a6,W,Decision - Unanimous,3,5:00,0,10 of 18,13 of 21,0 of 0,0,0,0:33,0,4 of 7,7 of 10,0 of 3,0,0,3:00,2 of 7,7 of 10,1 of 1,2 of 10,8 of 8,0 of 0,2 of 4,1 of 2,1 of 1,2 of 4,2 of 3,0 of 0,0,18 of 35,26 of 43,1 of 1,0,0,1:25,0,11 of 21,18 of 28,1 of 3,0,0,1:13,0,19 of 43,19 of 44,1 of 1,0,0,0:39,0,10 of 34,18 of 42,0 of 3,0,0,1:13,,,,,,,,,,,,,,,,,,,,,,,,,,,,,9 of 22,9 of 12,0 of 1,11 of 26,7 of 8,0 of 1,6 of 15,5 of 6,0 of 0,9 of 19,2 of 2,0 of 0,12 of 35,7 of 8,0 of 0,13 of 36,6 of 7,0 of 0,6 of 29,2 of 3,2 of 2,8 of 31,2 of 3,0 of 0,,,,,,,,,,,,,,,,,,,,,,,,
"October 23, 2021",Jeff Molina,Daniel Lacerda,http://ufcstats.com/fight-details/acec5f4c6fee1ae2,W,KO/TKO,2,0:46,0,30 of 40,66 of 80,0 of 0,0,0,3:00,0,18 of 22,29 of 34,0 of 2,0,0,0:55,26 of 36,3 of 3,1 of 1,3 of 6,0 of 0,27 of 34,7 of 11,7 of 7,4 of 4,12 of 13,0 of 1,6 of 8,1,17 of 22,40 of 51,0 of 0,0,0,0:26,0,2 of 3,2 of 3,0 of 0,0,0,0:00,,,,,,,,,,,,,,,,,,,,,,,,,,,,,,,,,,,,,,,,,,,13 of 18,3 of 3,1 of 1,6 of 7,0 of 0,11 of 15,0 of 0,0 of 1,2 of 2,2 of 3,0 of 0,0 of 0,,,,,,,,,,,,,,,,,,,,,,,,,,,,,,,,,,,,
"October 16, 2021",Batgerel Danaa,Brandon Davis,http://ufcstats.com/fight-details/cf020c71f1dbfa0b,W,KO/TKO,1,2:01,1,22 of 51,22 of 51,0 of 0,0,0,0:05,0,7 of 27,7 of 27,0 of 0,0,0,0:00,20 of 45,1 of 3,1 of 3,20 of 43,0 of 2,2 of 6,4 of 22,1 of 3,2 of 2,7 of 27,0 of 0,0 of 0,,,,,,,,,,,,,,,,,,,,,,,,,,,,,,,,,,,,,,,,,,,,,,,,,,,,,,,,,,,,,,,,,,,,,,,,,,,,,,,,,,,,,,,,,,,,,,,,,,,,,,,,
"October 09, 2021",Sabina Mazo,Mariya Agapova,http://ufcstats.com/fight-details/38957d8eb185391c,L,Submission,3,0:53,0,28 of 75,28 of 75,0 of 0,0,0,0:07,0,53 of 86,56 of 89,0 of 0,0,0,0:00,15 of 54,8 of 12,5 of 9,27 of 74,1 of 1,0 of 0,28 of 58,18 of 21,7 of 7,51 of 84,2 of 2,0 of 0,0,28 of 69,28 of 69,0 of 0,0,0,0:23,0,29 of 57,30 of 58,0 of 0,0,0,0:00,0,6 of 15,7 of 17,0 of 0,0,0,0:05,1,11 of 21,13 of 23,0 of 0,1,0,0:05,,,,,,,,,,,,,,,,,,,,,,,,,,,,,17 of 49,4 of 7,7 of 13,28 of 69,0 of 0,0 of 0,14 of 34,9 of 16,6 of 7,29 of 57,0 of 0,0 of 0,3 of 10,1 of 3,2 of 2,6 of 15,0 of 0,0 of 0,6 of 15,5 of 6,0 of 0,11 of 21,0 of 0,0 of 0,,,,,,,,,,,,,,,,,,,,,,,,
"October 02, 2021",Kevin Holland,Kyle Daukaus,http://ufcstats.com/fight-details/ce151e053721fe69,NC,Overturned,1,3:43,0,3 of 7,24 of 28,0 of 0,0,0,1:04,0,9 of 13,19 of 25,1 of 5,3,0,2:10,2 of 6,0 of 0,1 of 1,2 of 6,1 of 1,0 of 0,5 of 9,3 of 3,1 of 1,2 of 4,4 of 4,3 of 5,,,,,,,,,,,,,,,,,,,,,,,,,,,,,,,,,,,,,,,,,,,,,,,,,,,,,,,,,,,,,,,,,,,,,,,,,,,,,,,,,,,,,,,,,,,,,,,,,,,,,,,,
"October 02, 2021",Alexander Hernandez,Mike Breeden,http://ufcstats.com/fight-details/a00b4e82f9d4f92c,W,KO/TKO,1,1:20,1,20 of 35,20 of 35,0 of 2,0,0,0:01,0,6 of 15,6 of 15,0 of 0,0,0,0:00,15 of 29,4 of 4,1 of 2,14 of 26,6 of 9,0 of 0,4 of 13,0 of 0,2 of 2,5 of 14,1 of 1,0 of 0,,,,,,,,,,,,,,,,,,,,,,,,,,,,,,,,,,,,,,,,,,,,,,,,,,,,,,,,,,,,,,,,,,,,,,,,,,,,,,,,,,,,,,,,,,,,,,,,,,,,,,,,
"October 02, 2021",Joe Solecki,Jared Gordon,http://ufcstats.com/fight-details/3b7eb8e56052a2af,L,Decision - Split,3,5:00,0,10 of 10,35 of 35,1 of 1,0,0,3:58,0,1 of 1,6 of 6,0 of 0,0,0,0:45,10 of 10,0 of 0,0 of 0,1 of 1,0 of 0,9 of 9,0 of 0,1 of 1,0 of 0,1 of 1,0 of 0,0 of 0,0,3 of 3,7 of 8,3 of 5,0,0,2:05,0,16 of 16,40 of 44,0 of 0,0,1,2:38,0,25 of 56,28 of 59,0 of 1,0,0,0:00,0,34 of 69,37 of 72,1 of 2,0,0,0:44,,,,,,,,,,,,,,,,,,,,,,,,,,,,,2 of 2,0 of 0,1 of 1,2 of 2,1 of 1,0 of 0,15 of 15,1 of 1,0 of 0,2 of 2,11 of 11,3 of 3,19 of 50,5 of 5,1 of 1,22 of 53,3 of 3,0 of 0,17 of 45,10 of 16,7 of 8,30 of 65,4 of 4,0 of 0,,,,,,,,,,,,,,,,,,,,,,,,
"October 02, 2021",Antonina Shevchenko,Casey O'Neill,http://ufcstats.com/fight-details/6832e9e62da0f9d3,L,KO/TKO,2,4:47,0,29 of 41,38 of 51,0 of 1,0,0,0:49,0,9 of 33,26 of 52,2 of 5,0,0,2:19,23 of 35,6 of 6,0 of 0,15 of 25,6 of 6,8 of 10,5 of 27,3 of 5,1 of 1,5 of 27,2 of 2,2 of 4,0,11 of 22,20 of 34,0 of 0,0,0,0:23,0,43 of 77,102 of 157,1 of 3,0,0,3:20,,,,,,,,,,,,,,,,,,,,,,,,,,,,,,,,,,,,,,,,,,,9 of 20,2 of 2,0 of 0,9 of 20,2 of 2,0 of 0,41 of 74,1 of 2,1 of 1,8 of 28,0 of 1,35 of 48,,,,,,,,,,,,,,,,,,,,,,,,,,,,,,,,,,,,
"October 02, 2021",Devonte Smith,Jamie Mullarkey,http://ufcstats.com/fight-details/dfa2f5c821a52c63,L,KO/TKO,2,2:51,0,22 of 49,25 of 52,0 of 0,0,0,0:00,0,21 of 46,23 of 49,1 of 2,0,0,0:24,18 of 45,1 of 1,3 of 3,20 of 46,2 of 3,0 of 0,8 of 28,7 of 12,6 of 6,20 of 44,1 of 2,0 of 0,0,7 of 15,7 of 15,0 of 0,0,0,0:00,1,34 of 62,35 of 63,0 of 0,0,0,0:23,,,,,,,,,,,,,,,,,,,,,,,,,,,,,,,,,,,,,,,,,,,6 of 12,1 of 3,0 of 0,6 of 13,1 of 2,0 of 0,14 of 37,15 of 20,5 of 5,14 of 31,14 of 20,6 of 11,,,,,,,,,,,,,,,,,,,,,,,,,,,,,,,,,,,,
"October 02, 2021",Stephanie Egger,Shanna Young,http://ufcstats.com/fight-details/c1e5859053263811,W,KO/TKO,2,2:22,0,14 of 23,34 of 51,1 of 3,0,0,2:21,0,9 of 25,10 of 26,0 of 0,2,0,0:10,8 of 17,3 of 3,3 of 3,6 of 15,3 of 3,5 of 5,3 of 18,4 of 5,2 of 2,9 of 25,0 of 0,0 of 0,0,15 of 19,28 of 33,1 of 1,0,0,1:07,0,13 of 25,16 of 28,0 of 0,0,0,0:13,,,,,,,,,,,,,,,,,,,,,,,,,,,,,,,,,,,,,,,,,,,12 of 16,0 of 0,3 of 3,8 of 10,0 of 0,7 of 9,5 of 13,7 of 11,1 of 1,13 of 25,0 of 0,0 of 0,,,,,,,,,,,,,,,,,,,,,,,,,,,,,,,,,,,,
"September 25, 2021",Uros Medic,Jalin Turner,http://ufcstats.com/fight-details/7abc4520f63f2c06,L,Submission,1,4:01,0,6 of 11,6 of 11,0 of 0,0,0,0:00,0,25 of 47,40 of 68,1 of 1,1,0,2:24,2 of 6,0 of 1,4 of 4,6 of 11,0 of 0,0 of 0,16 of 36,8 of 9,1 of 2,16 of 31,3 of 3,6 of 13,,,,,,,,,,,,,,,,,,,,,,,,,,,,,,,,,,,,,,,,,,,,,,,,,,,,,,,,,,,,,,,,,,,,,,,,,,,,,,,,,,,,,,,,,,,,,,,,,,,,,,,,
"September 25, 2021",Cody Brundage,Nick Maximov,http://ufcstats.com/fight-details/d8189169b2c8a2aa,L,Decision - Unanimous,3,5:00,0,10 of 24,16 of 32,0 of 0,1,0,0:21,0,11 of 28,43 of 65,2 of 8,0,0,2:01,6 of 19,2 of 3,2 of 2,9 of 23,1 of 1,0 of 0,10 of 26,0 of 0,1 of 2,7 of 21,2 of 3,2 of 4,0,1 of 4,5 of 10,0 of 1,0,0,0:05,0,1 of 3,34 of 60,1 of 1,0,0,4:40,0,17 of 25,38 of 48,0 of 0,0,0,1:29,0,2 of 9,7 of 17,1 of 6,0,2,2:40,,,,,,,,,,,,,,,,,,,,,,,,,,,,,0 of 2,0 of 1,1 of 1,1 of 4,0 of 0,0 of 0,1 of 3,0 of 0,0 of 0,0 of 1,1 of 2,0 of 0,16 of 24,1 of 1,0 of 0,3 of 10,3 of 4,11 of 11,1 of 8,1 of 1,0 of 0,1 of 4,0 of 0,1 of 5,,,,,,,,,,,,,,,,,,,,,,,,
"September 25, 2021",Jonathan Pearce,Omar Morales,http://ufcstats.com/fight-details/7484298ad57099be,W,Submission,2,3:31,0,10 of 29,28 of 48,4 of 7,0,0,2:22,0,11 of 21,21 of 31,0 of 0,0,1,0:08,7 of 22,3 of 4,0 of 3,10 of 29,0 of 0,0 of 0,8 of 18,0 of 0,3 of 3,8 of 15,3 of 6,0 of 0,0,2 of 6,27 of 35,2 of 4,1,0,3:11,0,1 of 4,6 of 11,0 of 0,0,1,0:11,,,,,,,,,,,,,,,,,,,,,,,,,,,,,,,,,,,,,,,,,,,2 of 6,0 of 0,0 of 0,1 of 4,1 of 2,0 of 0,1 of 4,0 of 0,0 of 0,0 of 3,1 of 1,0 of 0,,,,,,,,,,,,,,,,,,,,,,,,,,,,,,,,,,,,
"September 18, 2021",Anthony Smith,Ryan Spann,http://ufcstats.com/fight-details/d1621b3da377f34b,W,Submission,1,3:47,2,17 of 28,18 of 29,0 of 0,1,0,1:38,0,8 of 20,8 of 20,0 of 1,0,0,0:30,11 of 21,3 of 4,3 of 3,11 of 20,0 of 0,6 of 8,5 of 17,3 of 3,0 of 0,6 of 18,1 of 1,1 of 1,,,,,,,,,,,,,,,,,,,,,,,,,,,,,,,,,,,,,,,,,,,,,,,,,,,,,,,,,,,,,,,,,,,,,,,,,,,,,,,,,,,,,,,,,,,,,,,,,,,,,,,,
"September 18, 2021",Nate Maness,Tony Gravely,http://ufcstats.com/fight-details/576b795e33ddd62d,W,KO/TKO,2,2:10,0,15 of 35,45 of 65,1 of 1,0,0,0:09,1,26 of 41,32 of 48,1 of 5,0,0,1:53,12 of 31,3 of 4,0 of 0,13 of 33,2 of 2,0 of 0,11 of 23,6 of 8,9 of 10,17 of 32,6 of 6,3 of 3,1,16 of 28,19 of 33,0 of 0,0,0,0:06,0,10 of 27,12 of 29,0 of 1,0,0,0:33,,,,,,,,,,,,,,,,,,,,,,,,,,,,,,,,,,,,,,,,,,,14 of 26,2 of 2,0 of 0,8 of 19,0 of 0,8 of 9,7 of 20,2 of 3,1 of 4,8 of 23,2 of 4,0 of 0,,,,,,,,,,,,,,,,,,,,,,,,,,,,,,,,,,,,
"September 18, 2021",Joaquin Buckley,Antonio Arroyo,http://ufcstats.com/fight-details/401f5f4714132d50,W,KO/TKO,3,2:26,0,15 of 44,15 of 44,1 of 3,0,0,0:08,0,6 of 18,6 of 18,0 of 0,0,0,0:02,2 of 24,5 of 11,8 of 9,13 of 42,1 of 1,1 of 1,1 of 10,3 of 6,2 of 2,6 of 17,0 of 1,0 of 0,0,12 of 31,15 of 35,0 of 2,0,0,0:55,0,10 of 18,19 of 29,0 of 0,0,0,0:08,1,14 of 27,15 of 28,0 of 1,0,0,0:15,0,5 of 10,5 of 10,0 of 0,0,0,0:14,,,,,,,,,,,,,,,,,,,,,,,,,,,,,2 of 17,3 of 6,7 of 8,11 of 30,1 of 1,0 of 0,1 of 7,4 of 6,5 of 5,10 of 18,0 of 0,0 of 0,8 of 18,4 of 5,2 of 4,10 of 23,0 of 0,4 of 4,2 of 5,3 of 5,0 of 0,5 of 10,0 of 0,0 of 0,,,,,,,,,,,,,,,,,,,,,,,,
"September 18, 2021",Mike Rodriguez,Tafon Nchukwi,http://ufcstats.com/fight-details/d06495deb1ff1750,L,Decision - Unanimous,3,5:00,0,17 of 38,22 of 44,0 of 0,0,0,0:00,0,38 of 60,44 of 68,2 of 2,0,0,2:49,6 of 22,4 of 6,7 of 10,13 of 32,4 of 6,0 of 0,28 of 41,7 of 15,3 of 4,13 of 28,19 of 26,6 of 6,0,15 of 46,15 of 46,0 of 0,0,0,0:00,0,36 of 67,49 of 82,0 of 0,0,0,0:56,0,17 of 60,22 of 66,0 of 0,0,0,0:02,0,42 of 72,52 of 90,1 of 1,0,0,1:00,,,,,,,,,,,,,,,,,,,,,,,,,,,,,5 of 33,6 of 8,4 of 5,15 of 45,0 of 1,0 of 0,23 of 48,9 of 15,4 of 4,30 of 60,6 of 7,0 of 0,8 of 50,7 of 8,2 of 2,17 of 60,0 of 0,0 of 0,30 of 55,9 of 14,3 of 3,33 of 58,6 of 9,3 of 5,,,,,,,,,,,,,,,,,,,,,,,,
"September 18, 2021",Montel Jackson,JP Buys,http://ufcstats.com/fight-details/dc870fab1e0f15e1,W,Decision - Unanimous,3,5:00,0,8 of 12,27 of 34,2 of 2,1,0,2:36,0,3 of 8,9 of 15,1 of 4,2,0,1:20,4 of 8,4 of 4,0 of 0,1 of 2,4 of 5,3 of 5,1 of 4,1 of 3,1 of 1,1 of 6,1 of 1,1 of 1,2,7 of 12,21 of 30,2 of 3,0,0,4:07,0,2 of 6,14 of 20,0 of 1,1,0,0:00,2,10 of 19,43 of 53,0 of 0,0,0,3:20,0,3 of 10,16 of 25,0 of 2,0,0,0:00,,,,,,,,,,,,,,,,,,,,,,,,,,,,,5 of 10,2 of 2,0 of 0,5 of 6,2 of 3,0 of 3,1 of 2,1 of 4,0 of 0,2 of 6,0 of 0,0 of 0,9 of 18,1 of 1,0 of 0,5 of 9,0 of 0,5 of 10,1 of 4,2 of 6,0 of 0,3 of 10,0 of 0,0 of 0,,,,,,,,,,,,,,,,,,,,,,,,
"September 18, 2021",Erin Blanchfield,Sarah Alpar,http://ufcstats.com/fight-details/0ce63c2148e70b4c,W,Decision - Unanimous,3,5:00,0,41 of 78,73 of 120,1 of 1,0,0,2:55,0,13 of 46,17 of 52,0 of 1,0,0,0:00,29 of 65,6 of 7,6 of 6,19 of 49,7 of 7,15 of 22,10 of 40,1 of 4,2 of 2,12 of 43,1 of 3,0 of 0,0,41 of 69,63 of 100,1 of 1,0,0,3:37,0,10 of 26,10 of 27,0 of 0,0,0,0:00,0,38 of 63,62 of 98,1 of 1,0,0,3:11,0,18 of 41,18 of 41,0 of 0,0,0,0:00,,,,,,,,,,,,,,,,,,,,,,,,,,,,,36 of 63,4 of 5,1 of 1,18 of 39,0 of 0,23 of 30,4 of 20,2 of 2,4 of 4,10 of 26,0 of 0,0 of 0,29 of 54,5 of 5,4 of 4,16 of 33,3 of 3,19 of 27,8 of 27,5 of 7,5 of 7,18 of 41,0 of 0,0 of 0,,,,,,,,,,,,,,,,,,,,,,,,
"September 18, 2021",Impa Kasanganay,Carlston Harris,http://ufcstats.com/fight-details/06b3226c34c17001,L,KO/TKO,1,2:38,0,6 of 21,6 of 21,0 of 0,0,0,0:00,1,24 of 46,24 of 48,0 of 1,0,0,0:21,5 of 20,1 of 1,0 of 0,6 of 21,0 of 0,0 of 0,16 of 37,6 of 7,2 of 2,14 of 35,0 of 0,10 of 11,,,,,,,,,,,,,,,,,,,,,,,,,,,,,,,,,,,,,,,,,,,,,,,,,,,,,,,,,,,,,,,,,,,,,,,,,,,,,,,,,,,,,,,,,,,,,,,,,,,,,,,,
"September 18, 2021",Emily Whitmire,Hannah Goldy,http://ufcstats.com/fight-details/eb10feae98ea7d36,L,Submission,1,4:17,0,5 of 13,15 of 26,2 of 2,0,0,3:04,0,10 of 22,24 of 46,0 of 0,1,0,0:24,3 of 10,1 of 2,1 of 1,5 of 12,0 of 0,0 of 1,1 of 12,2 of 2,7 of 8,9 of 20,1 of 2,0 of 0,,,,,,,,,,,,,,,,,,,,,,,,,,,,,,,,,,,,,,,,,,,,,,,,,,,,,,,,,,,,,,,,,,,,,,,,,,,,,,,,,,,,,,,,,,,,,,,,,,,,,,,,
"September 04, 2021",Julian Erosa,Charles Jourdain,http://ufcstats.com/fight-details/3f76035e52e8819b,W,Submission,3,2:56,0,31 of 69,32 of 70,0 of 3,0,0,0:38,0,21 of 57,26 of 62,0 of 0,0,0,0:00,21 of 56,9 of 12,1 of 1,24 of 61,6 of 7,1 of 1,13 of 43,5 of 11,3 of 3,19 of 53,2 of 4,0 of 0,0,55 of 113,56 of 114,0 of 0,0,0,0:00,1,50 of 78,50 of 78,0 of 0,0,0,0:02,0,17 of 32,18 of 33,2 of 2,1,0,1:57,0,14 of 28,27 of 41,0 of 0,0,0,0:00,,,,,,,,,,,,,,,,,,,,,,,,,,,,,34 of 87,15 of 20,6 of 6,47 of 103,8 of 10,0 of 0,28 of 53,12 of 14,10 of 11,37 of 59,12 of 17,1 of 2,11 of 25,5 of 6,1 of 1,9 of 23,8 of 9,0 of 0,9 of 22,4 of 5,1 of 1,8 of 17,6 of 11,0 of 0,,,,,,,,,,,,,,,,,,,,,,,,
"August 28, 2021",Edson Barboza,Giga Chikadze,http://ufcstats.com/fight-details/5cd1869013741767,L,KO/TKO,3,1:44,0,10 of 26,10 of 26,0 of 0,0,0,0:00,0,17 of 43,17 of 43,0 of 0,0,0,0:00,4 of 17,3 of 4,3 of 5,10 of 26,0 of 0,0 of 0,6 of 27,5 of 8,6 of 8,17 of 43,0 of 0,0 of 0,0,19 of 56,19 of 56,0 of 0,0,0,0:00,0,22 of 47,22 of 47,0 of 0,0,0,0:00,0,4 of 13,4 of 13,0 of 0,0,0,0:00,2,21 of 27,31 of 38,0 of 0,2,0,0:41,,,,,,,,,,,,,,,,,,,,,,,,,,,,,8 of 41,6 of 10,5 of 5,19 of 56,0 of 0,0 of 0,10 of 33,6 of 8,6 of 6,22 of 47,0 of 0,0 of 0,3 of 12,1 of 1,0 of 0,4 of 13,0 of 0,0 of 0,15 of 20,5 of 6,1 of 1,17 of 23,0 of 0,4 of 4,,,,,,,,,,,,,,,,,,,,,,,,
"August 28, 2021",Ricky Turcios,Brady Hiestand,http://ufcstats.com/fight-details/ed64e42263bf50bf,W,Decision - Split,3,5:00,0,35 of 55,72 of 98,1 of 1,0,0,0:15,0,24 of 43,35 of 56,2 of 4,0,1,3:14,26 of 46,6 of 6,3 of 3,25 of 43,6 of 6,4 of 6,20 of 39,3 of 3,1 of 1,19 of 37,1 of 1,4 of 5,0,15 of 33,42 of 60,1 of 2,0,1,0:45,0,15 of 31,16 of 32,2 of 2,0,0,2:43,1,50 of 83,87 of 123,0 of 1,0,0,1:32,0,27 of 60,31 of 64,2 of 5,0,0,1:43,,,,,,,,,,,,,,,,,,,,,,,,,,,,,15 of 32,0 of 1,0 of 0,6 of 23,2 of 3,7 of 7,15 of 28,0 of 3,0 of 0,10 of 25,3 of 4,2 of 2,42 of 72,8 of 11,0 of 0,36 of 65,14 of 18,0 of 0,24 of 57,3 of 3,0 of 0,23 of 55,4 of 5,0 of 0,,,,,,,,,,,,,,,,,,,,,,,,
"August 28, 2021",Kevin Lee,Daniel Rodriguez,http://ufcstats.com/fight-details/089a17e450cc98aa,L,Decision - Unanimous,3,5:00,0,13 of 44,31 of 65,1 of 1,0,0,1:59,0,16 of 40,21 of 45,0 of 0,0,0,0:00,7 of 36,5 of 7,1 of 1,12 of 41,0 of 0,1 of 3,8 of 31,1 of 2,7 of 7,16 of 40,0 of 0,0 of 0,0,23 of 51,23 of 51,1 of 2,0,0,0:33,0,51 of 84,60 of 95,0 of 0,0,1,0:41,0,20 of 65,20 of 65,1 of 4,0,0,1:02,0,53 of 86,56 of 89,0 of 0,0,0,0:04,,,,,,,,,,,,,,,,,,,,,,,,,,,,,20 of 45,2 of 5,1 of 1,23 of 51,0 of 0,0 of 0,36 of 69,4 of 4,11 of 11,45 of 77,0 of 0,6 of 7,12 of 53,5 of 9,3 of 3,20 of 65,0 of 0,0 of 0,43 of 75,2 of 2,8 of 9,52 of 85,0 of 0,1 of 1,,,,,,,,,,,,,,,,,,,,,,,,
"August 28, 2021",Dustin Jacoby,Darren Stewart,http://ufcstats.com/fight-details/0f3a91caeaa55094,W,KO/TKO,1,3:04,0,37 of 61,38 of 63,0 of 1,0,0,0:23,0,18 of 33,22 of 37,2 of 2,0,0,0:43,33 of 53,3 of 6,1 of 2,30 of 52,6 of 8,1 of 1,11 of 26,4 of 4,3 of 3,13 of 28,5 of 5,0 of 0,,,,,,,,,,,,,,,,,,,,,,,,,,,,,,,,,,,,,,,,,,,,,,,,,,,,,,,,,,,,,,,,,,,,,,,,,,,,,,,,,,,,,,,,,,,,,,,,,,,,,,,,
"August 28, 2021",JJ Aldrich,Vanessa Demopoulos,http://ufcstats.com/fight-details/2cb9ba68fc855f33,W,Decision - Unanimous,3,5:00,0,17 of 28,25 of 38,1 of 1,0,0,3:18,0,17 of 30,28 of 43,0 of 1,0,0,0:00,14 of 25,2 of 2,1 of 1,7 of 11,0 of 0,10 of 17,9 of 21,5 of 6,3 of 3,12 of 25,3 of 3,2 of 2,0,38 of 54,41 of 57,0 of 0,0,0,0:00,0,30 of 79,31 of 80,0 of 1,0,0,0:58,0,38 of 52,55 of 70,0 of 1,0,0,1:01,0,23 of 53,28 of 62,0 of 3,0,0,0:55,,,,,,,,,,,,,,,,,,,,,,,,,,,,,29 of 43,9 of 11,0 of 0,34 of 49,4 of 5,0 of 0,19 of 62,9 of 14,2 of 3,26 of 73,4 of 6,0 of 0,32 of 46,6 of 6,0 of 0,23 of 33,2 of 2,13 of 17,13 of 39,8 of 12,2 of 2,15 of 40,8 of 13,0 of 0,,,,,,,,,,,,,,,,,,,,,,,,
"August 28, 2021",Jamall Emmers,Pat Sabatini,http://ufcstats.com/fight-details/ef4484943b1c68a9,L,Submission,1,1:53,0,10 of 14,12 of 17,0 of 0,1,0,0:49,0,1 of 9,1 of 9,0 of 1,2,0,0:00,3 of 7,6 of 6,1 of 1,8 of 12,0 of 0,2 of 2,1 of 9,0 of 0,0 of 0,1 of 9,0 of 0,0 of 0,,,,,,,,,,,,,,,,,,,,,,,,,,,,,,,,,,,,,,,,,,,,,,,,,,,,,,,,,,,,,,,,,,,,,,,,,,,,,,,,,,,,,,,,,,,,,,,,,,,,,,,,
"August 28, 2021",Mana Martinez,Guido Cannetti,http://ufcstats.com/fight-details/be4890f4aaadec28,W,Decision - Split,3,5:00,0,19 of 32,21 of 35,1 of 2,0,0,0:14,0,27 of 37,28 of 38,0 of 0,0,1,0:28,8 of 20,8 of 8,3 of 4,19 of 32,0 of 0,0 of 0,5 of 11,6 of 9,16 of 17,25 of 34,0 of 0,2 of 3,0,24 of 51,24 of 51,0 of 0,0,0,0:00,0,23 of 40,23 of 40,0 of 0,0,0,0:00,0,36 of 74,43 of 83,1 of 1,0,0,0:53,0,16 of 32,17 of 33,0 of 0,0,0,0:00,,,,,,,,,,,,,,,,,,,,,,,,,,,,,8 of 29,11 of 16,5 of 6,24 of 51,0 of 0,0 of 0,8 of 22,4 of 7,11 of 11,23 of 40,0 of 0,0 of 0,19 of 49,12 of 20,5 of 5,29 of 64,3 of 4,4 of 6,8 of 24,3 of 3,5 of 5,16 of 31,0 of 1,0 of 0,,,,,,,,,,,,,,,,,,,,,,,,
"August 21, 2021",Brian Kelleher,Domingo Pilarte,http://ufcstats.com/fight-details/bfacb44c24bfe0e9,W,Decision - Unanimous,3,5:00,0,13 of 19,68 of 89,1 of 1,0,0,4:50,0,0 of 2,35 of 49,0 of 0,0,0,0:00,11 of 16,1 of 2,1 of 1,0 of 1,0 of 0,13 of 18,0 of 1,0 of 1,0 of 0,0 of 2,0 of 0,0 of 0,0,4 of 8,53 of 64,1 of 1,2,1,3:08,0,2 of 6,27 of 41,0 of 0,0,0,1:29,0,11 of 13,115 of 126,1 of 1,0,0,4:51,0,1 of 3,55 of 69,0 of 0,0,0,0:00,,,,,,,,,,,,,,,,,,,,,,,,,,,,,4 of 8,0 of 0,0 of 0,0 of 1,0 of 0,4 of 7,2 of 5,0 of 0,0 of 1,1 of 5,0 of 0,1 of 1,9 of 11,1 of 1,1 of 1,1 of 1,0 of 0,10 of 12,0 of 2,1 of 1,0 of 0,1 of 2,0 of 1,0 of 0,,,,,,,,,,,,,,,,,,,,,,,,
"August 21, 2021",William Knight,Fabio Cherant,http://ufcstats.com/fight-details/5e2ce5aa3a92c2df,W,KO/TKO,1,3:58,1,14 of 24,14 of 24,0 of 0,0,0,0:02,0,15 of 23,15 of 23,0 of 0,0,0,0:00,5 of 13,1 of 1,8 of 10,11 of 21,0 of 0,3 of 3,3 of 11,10 of 10,2 of 2,15 of 23,0 of 0,0 of 0,,,,,,,,,,,,,,,,,,,,,,,,,,,,,,,,,,,,,,,,,,,,,,,,,,,,,,,,,,,,,,,,,,,,,,,,,,,,,,,,,,,,,,,,,,,,,,,,,,,,,,,,
"August 21, 2021",Roosevelt Roberts,Ignacio Bahamondes,http://ufcstats.com/fight-details/8badcb2134c1cdaf,L,KO/TKO,3,4:55,0,24 of 63,24 of 63,0 of 6,0,0,1:11,0,33 of 70,37 of 77,0 of 0,0,0,0:00,20 of 56,0 of 1,4 of 6,24 of 63,0 of 0,0 of 0,18 of 53,5 of 5,10 of 12,31 of 67,2 of 3,0 of 0,0,18 of 57,20 of 59,0 of 1,0,0,0:33,0,38 of 87,43 of 92,0 of 0,0,0,0:00,0,13 of 48,21 of 63,0 of 5,0,0,0:00,1,34 of 71,44 of 91,0 of 0,0,0,1:38,,,,,,,,,,,,,,,,,,,,,,,,,,,,,17 of 54,0 of 1,1 of 2,18 of 57,0 of 0,0 of 0,13 of 52,9 of 16,16 of 19,38 of 86,0 of 1,0 of 0,10 of 44,2 of 3,1 of 1,12 of 46,1 of 2,0 of 0,10 of 40,17 of 22,7 of 9,28 of 63,4 of 5,2 of 3,,,,,,,,,,,,,,,,,,,,,,,,
"August 07, 2021",Song Yadong,Casey Kenney,http://ufcstats.com/fight-details/962aab0abdd34173,W,Decision - Split,3,5:00,0,31 of 68,31 of 68,0 of 0,0,0,0:14,0,19 of 57,19 of 57,0 of 0,0,0,0:09,18 of 54,5 of 6,8 of 8,28 of 65,3 of 3,0 of 0,8 of 40,9 of 13,2 of 4,18 of 55,1 of 2,0 of 0,0,34 of 78,38 of 82,0 of 0,0,0,0:06,0,28 of 60,32 of 65,0 of 1,0,0,0:12,0,51 of 111,52 of 113,0 of 3,0,0,0:00,0,31 of 73,34 of 77,1 of 4,0,0,0:05,,,,,,,,,,,,,,,,,,,,,,,,,,,,,19 of 60,9 of 12,6 of 6,34 of 78,0 of 0,0 of 0,17 of 45,4 of 7,7 of 8,28 of 60,0 of 0,0 of 0,29 of 83,20 of 26,2 of 2,48 of 106,3 of 5,0 of 0,20 of 55,7 of 11,4 of 7,31 of 73,0 of 0,0 of 0,,,,,,,,,,,,,,,,,,,,,,,,
"August 07, 2021",Vince Morales,Drako Rodriguez,http://ufcstats.com/fight-details/3d75081ce43774ca,W,Decision - Unanimous,3,5:00,0,27 of 54,30 of 57,0 of 1,0,0,0:14,0,14 of 49,14 of 49,0 of 0,0,0,0:00,14 of 37,11 of 14,2 of 3,24 of 51,3 of 3,0 of 0,12 of 45,0 of 0,2 of 4,13 of 48,1 of 1,0 of 0,0,18 of 48,22 of 52,1 of 1,0,0,0:15,0,17 of 40,19 of 42,3 of 3,0,0,1:13,0,31 of 94,32 of 95,0 of 2,0,0,0:11,0,24 of 62,27 of 65,0 of 2,0,0,0:01,,,,,,,,,,,,,,,,,,,,,,,,,,,,,10 of 36,7 of 10,1 of 2,17 of 43,1 of 4,0 of 1,12 of 34,0 of 1,5 of 5,15 of 36,1 of 3,1 of 1,22 of 77,8 of 16,1 of 1,28 of 89,3 of 5,0 of 0,21 of 59,2 of 2,1 of 1,21 of 59,3 of 3,0 of 0,,,,,,,,,,,,,,,,,,,,,,,,
"August 07, 2021",Alonzo Menifield,Ed Herman,http://ufcstats.com/fight-details/dcd0793ff1a43b68,W,Decision - Unanimous,3,5:00,0,23 of 37,23 of 37,0 of 0,0,0,0:00,0,16 of 40,16 of 40,0 of 0,0,0,0:00,15 of 29,2 of 2,6 of 6,23 of 37,0 of 0,0 of 0,13 of 37,2 of 2,1 of 1,16 of 40,0 of 0,0 of 0,0,42 of 58,42 of 58,0 of 0,0,0,0:05,0,16 of 51,16 of 51,0 of 0,0,0,0:01,0,28 of 45,29 of 46,1 of 1,0,0,0:43,0,9 of 35,10 of 36,0 of 0,0,0,0:00,,,,,,,,,,,,,,,,,,,,,,,,,,,,,35 of 51,2 of 2,5 of 5,30 of 39,12 of 19,0 of 0,11 of 45,5 of 6,0 of 0,14 of 45,2 of 6,0 of 0,25 of 42,0 of 0,3 of 3,17 of 31,1 of 2,10 of 12,7 of 33,2 of 2,0 of 0,8 of 34,1 of 1,0 of 0,,,,,,,,,,,,,,,,,,,,,,,,
"August 07, 2021",Manel Kape,Ode Osbourne,http://ufcstats.com/fight-details/85c5dd604d5b3634,W,KO/TKO,1,4:44,1,19 of 29,19 of 29,0 of 0,0,0,0:02,0,18 of 38,18 of 38,0 of 0,0,0,0:00,14 of 23,2 of 3,3 of 3,16 of 25,0 of 0,3 of 4,9 of 25,6 of 8,3 of 5,18 of 38,0 of 0,0 of 0,,,,,,,,,,,,,,,,,,,,,,,,,,,,,,,,,,,,,,,,,,,,,,,,,,,,,,,,,,,,,,,,,,,,,,,,,,,,,,,,,,,,,,,,,,,,,,,,,,,,,,,,
"August 07, 2021",Miles Johns,Anderson Dos Santos,http://ufcstats.com/fight-details/9a678f346946b6a4,W,KO/TKO,3,1:16,0,30 of 50,30 of 50,0 of 0,0,0,0:00,0,9 of 65,9 of 65,0 of 1,0,0,0:00,20 of 39,2 of 2,8 of 9,29 of 49,1 of 1,0 of 0,7 of 59,1 of 4,1 of 2,9 of 65,0 of 0,0 of 0,0,36 of 49,36 of 49,0 of 0,0,0,0:00,0,13 of 72,14 of 73,0 of 4,0,0,0:09,1,14 of 19,14 of 19,0 of 0,0,0,0:02,0,10 of 27,10 of 27,0 of 0,0,0,0:00,,,,,,,,,,,,,,,,,,,,,,,,,,,,,23 of 35,7 of 8,6 of 6,35 of 48,1 of 1,0 of 0,10 of 66,2 of 5,1 of 1,12 of 71,1 of 1,0 of 0,11 of 16,2 of 2,1 of 1,14 of 19,0 of 0,0 of 0,7 of 24,0 of 0,3 of 3,10 of 27,0 of 0,0 of 0,,,,,,,,,,,,,,,,,,,,,,,,
"August 07, 2021",Victoria Leonardo,Melissa Gatto,http://ufcstats.com/fight-details/cce232c1b1b2e4a0,L,TKO - Doctor's Stoppage,2,5:00,0,13 of 27,27 of 44,0 of 1,0,2,1:59,0,13 of 21,36 of 45,1 of 4,0,1,1:48,4 of 17,3 of 4,6 of 6,9 of 22,2 of 2,2 of 3,7 of 12,2 of 5,4 of 4,9 of 14,3 of 6,1 of 1,0,30 of 64,32 of 66,0 of 2,0,0,0:28,0,57 of 100,60 of 103,0 of 1,0,0,0:02,,,,,,,,,,,,,,,,,,,,,,,,,,,,,,,,,,,,,,,,,,,10 of 41,10 of 13,10 of 10,29 of 62,1 of 2,0 of 0,35 of 71,10 of 14,12 of 15,54 of 96,3 of 4,0 of 0,,,,,,,,,,,,,,,,,,,,,,,,,,,,,,,,,,,,
"July 31, 2021",Cheyanne Vlismas,Gloria de Paula,http://ufcstats.com/fight-details/b4622ca7cf0e8506,W,KO/TKO,1,1:00,1,11 of 16,11 of 16,1 of 1,0,0,0:34,0,5 of 8,8 of 11,0 of 0,0,0,0:00,11 of 15,0 of 1,0 of 0,4 of 8,0 of 0,7 of 8,5 of 8,0 of 0,0 of 0,5 of 8,0 of 0,0 of 0,,,,,,,,,,,,,,,,,,,,,,,,,,,,,,,,,,,,,,,,,,,,,,,,,,,,,,,,,,,,,,,,,,,,,,,,,,,,,,,,,,,,,,,,,,,,,,,,,,,,,,,,
"July 31, 2021",Collin Anglin,Melsik Baghdasaryan,http://ufcstats.com/fight-details/6671b567c4eb9982,L,KO/TKO,2,1:50,0,20 of 40,23 of 46,1 of 1,0,0,0:18,0,34 of 53,41 of 60,0 of 0,0,0,1:09,13 of 28,6 of 11,1 of 1,15 of 33,5 of 7,0 of 0,21 of 36,10 of 13,3 of 4,23 of 42,10 of 10,1 of 1,0,5 of 11,5 of 11,0 of 0,0,0,0:00,1,10 of 22,10 of 22,0 of 0,0,0,0:02,,,,,,,,,,,,,,,,,,,,,,,,,,,,,,,,,,,,,,,,,,,1 of 6,3 of 4,1 of 1,4 of 10,1 of 1,0 of 0,7 of 16,2 of 2,1 of 4,9 of 20,0 of 0,1 of 2,,,,,,,,,,,,,,,,,,,,,,,,,,,,,,,,,,,,
"July 31, 2021",Phil Rowe,Orion Cosce,http://ufcstats.com/fight-details/fb9095887dca34c7,W,KO/TKO,2,4:21,0,3 of 6,8 of 12,0 of 0,0,0,0:00,0,7 of 11,22 of 27,2 of 4,0,0,4:35,1 of 4,1 of 1,1 of 1,2 of 5,1 of 1,0 of 0,6 of 10,0 of 0,1 of 1,2 of 6,2 of 2,3 of 3,1,43 of 87,45 of 89,0 of 0,0,0,0:14,0,15 of 41,29 of 55,0 of 2,0,0,1:59,,,,,,,,,,,,,,,,,,,,,,,,,,,,,,,,,,,,,,,,,,,31 of 72,12 of 15,0 of 0,31 of 73,12 of 14,0 of 0,11 of 35,3 of 4,1 of 2,14 of 38,1 of 3,0 of 0,,,,,,,,,,,,,,,,,,,,,,,,,,,,,,,,,,,,
"July 24, 2021",Kyler Phillips,Raulian Paiva,http://ufcstats.com/fight-details/4bb77b1d8efc53a9,L,Decision - Majority,3,5:00,1,45 of 70,61 of 86,1 of 2,0,1,1:01,0,13 of 32,19 of 38,1 of 2,0,0,1:23,41 of 64,2 of 3,2 of 3,19 of 39,3 of 3,23 of 28,9 of 28,4 of 4,0 of 0,9 of 26,1 of 1,3 of 5,0,13 of 28,15 of 32,2 of 3,0,0,1:37,0,23 of 47,23 of 47,0 of 3,0,0,0:25,0,16 of 34,19 of 37,1 of 4,0,0,0:24,0,15 of 38,30 of 62,1 of 1,0,0,1:44,,,,,,,,,,,,,,,,,,,,,,,,,,,,,9 of 23,3 of 4,1 of 1,11 of 26,2 of 2,0 of 0,17 of 38,6 of 9,0 of 0,17 of 38,6 of 9,0 of 0,12 of 28,2 of 4,2 of 2,13 of 30,3 of 4,0 of 0,11 of 30,4 of 8,0 of 0,15 of 38,0 of 0,0 of 0,,,,,,,,,,,,,,,,,,,,,,,,
"July 24, 2021",Miranda Maverick,Maycee Barber,http://ufcstats.com/fight-details/7c3ad06a520b8716,L,Decision - Split,3,5:00,0,18 of 64,18 of 64,0 of 0,0,0,0:00,0,7 of 36,7 of 36,0 of 0,0,0,0:00,5 of 46,6 of 10,7 of 8,18 of 64,0 of 0,0 of 0,5 of 32,2 of 4,0 of 0,7 of 36,0 of 0,0 of 0,0,15 of 38,28 of 61,1 of 1,0,0,1:21,0,13 of 29,15 of 31,0 of 1,0,0,0:54,0,14 of 41,36 of 66,0 of 0,0,0,0:00,0,16 of 46,16 of 50,1 of 5,0,0,1:32,,,,,,,,,,,,,,,,,,,,,,,,,,,,,7 of 27,5 of 6,3 of 5,12 of 35,3 of 3,0 of 0,12 of 27,1 of 2,0 of 0,8 of 21,5 of 8,0 of 0,9 of 34,2 of 4,3 of 3,13 of 39,1 of 2,0 of 0,13 of 40,2 of 5,1 of 1,11 of 39,5 of 7,0 of 0,,,,,,,,,,,,,,,,,,,,,,,,
"July 24, 2021",Adrian Yanez,Randy Costa,http://ufcstats.com/fight-details/43c391b251337c9b,W,KO/TKO,2,2:11,0,33 of 106,33 of 106,0 of 0,0,0,0:00,0,57 of 123,57 of 123,0 of 0,0,0,0:00,17 of 83,4 of 11,12 of 12,33 of 106,0 of 0,0 of 0,50 of 115,4 of 5,3 of 3,57 of 123,0 of 0,0 of 0,1,31 of 78,31 of 78,0 of 0,0,0,0:04,0,12 of 30,12 of 30,0 of 0,0,0,0:00,,,,,,,,,,,,,,,,,,,,,,,,,,,,,,,,,,,,,,,,,,,24 of 63,2 of 8,5 of 7,25 of 66,0 of 0,6 of 12,11 of 29,1 of 1,0 of 0,12 of 30,0 of 0,0 of 0,,,,,,,,,,,,,,,,,,,,,,,,,,,,,,,,,,,,
"July 24, 2021",Punahele Soriano,Brendan Allen,http://ufcstats.com/fight-details/4911094a4ee26868,L,Decision - Unanimous,3,5:00,0,28 of 57,28 of 57,0 of 0,0,0,0:21,0,28 of 62,28 of 62,0 of 0,0,0,0:00,18 of 45,9 of 11,1 of 1,26 of 54,2 of 3,0 of 0,14 of 45,8 of 10,6 of 7,25 of 57,3 of 5,0 of 0,0,18 of 39,18 of 39,0 of 0,0,0,0:00,0,35 of 72,35 of 72,0 of 1,0,0,0:00,0,20 of 53,20 of 53,0 of 0,0,0,0:00,0,31 of 77,31 of 77,0 of 0,0,0,0:00,,,,,,,,,,,,,,,,,,,,,,,,,,,,,12 of 32,5 of 6,1 of 1,17 of 35,1 of 4,0 of 0,16 of 49,18 of 22,1 of 1,30 of 63,5 of 9,0 of 0,16 of 42,3 of 8,1 of 3,20 of 53,0 of 0,0 of 0,17 of 60,11 of 14,3 of 3,30 of 76,1 of 1,0 of 0,,,,,,,,,,,,,,,,,,,,,,,,
"July 24, 2021",Nassourdine Imavov,Ian Heinisch,http://ufcstats.com/fight-details/dff1dbb8fe1f31cb,W,KO/TKO,2,3:09,0,16 of 35,23 of 42,0 of 0,0,0,0:39,0,14 of 25,15 of 26,0 of 2,0,0,1:03,11 of 28,5 of 7,0 of 0,12 of 31,4 of 4,0 of 0,2 of 10,2 of 3,10 of 12,13 of 24,1 of 1,0 of 0,0,23 of 61,23 of 61,1 of 1,0,0,0:32,0,10 of 27,10 of 27,0 of 1,0,0,0:00,,,,,,,,,,,,,,,,,,,,,,,,,,,,,,,,,,,,,,,,,,,21 of 54,2 of 7,0 of 0,17 of 41,2 of 2,4 of 18,2 of 15,0 of 1,8 of 11,9 of 26,1 of 1,0 of 0,,,,,,,,,,,,,,,,,,,,,,,,,,,,,,,,,,,,
"July 24, 2021",Mickey Gall,Jordan Williams,http://ufcstats.com/fight-details/1be65a0d2c1383f6,W,Submission,1,2:57,0,11 of 20,11 of 20,1 of 2,2,1,0:58,0,13 of 35,13 of 35,1 of 1,0,0,0:04,9 of 17,1 of 1,1 of 2,9 of 18,2 of 2,0 of 0,7 of 29,1 of 1,5 of 5,13 of 34,0 of 1,0 of 0,,,,,,,,,,,,,,,,,,,,,,,,,,,,,,,,,,,,,,,,,,,,,,,,,,,,,,,,,,,,,,,,,,,,,,,,,,,,,,,,,,,,,,,,,,,,,,,,,,,,,,,,
"July 24, 2021",Diana Belbita,Hannah Goldy,http://ufcstats.com/fight-details/40ce202eaa78860c,W,Decision - Unanimous,3,5:00,1,48 of 76,55 of 83,0 of 0,0,0,0:06,0,26 of 44,30 of 49,1 of 2,0,0,2:14,23 of 47,14 of 18,11 of 11,34 of 58,12 of 14,2 of 4,12 of 26,10 of 13,4 of 5,18 of 33,6 of 9,2 of 2,0,29 of 57,30 of 58,0 of 0,0,0,0:00,0,29 of 56,31 of 58,0 of 2,0,0,1:12,0,40 of 78,41 of 81,0 of 0,0,0,0:00,0,37 of 82,46 of 91,1 of 2,0,0,1:53,,,,,,,,,,,,,,,,,,,,,,,,,,,,,16 of 40,4 of 6,9 of 11,27 of 53,2 of 4,0 of 0,14 of 40,11 of 12,4 of 4,21 of 46,8 of 10,0 of 0,29 of 65,4 of 5,7 of 8,40 of 74,0 of 4,0 of 0,30 of 71,4 of 7,3 of 4,19 of 61,4 of 4,14 of 17,,,,,,,,,,,,,,,,,,,,,,,,
"July 17, 2021",Rodolfo Vieira,Dustin Stoltzfus,http://ufcstats.com/fight-details/813444e109995c97,W,Submission,3,1:54,0,23 of 46,23 of 46,0 of 0,0,0,0:00,0,34 of 94,37 of 97,0 of 1,0,0,0:02,20 of 43,1 of 1,2 of 2,23 of 46,0 of 0,0 of 0,26 of 79,6 of 12,2 of 3,34 of 93,0 of 1,0 of 0,0,25 of 41,26 of 43,1 of 2,0,0,0:45,0,29 of 87,33 of 92,0 of 2,0,0,0:00,0,1 of 1,3 of 4,2 of 2,1,0,1:25,0,4 of 11,13 of 20,0 of 0,0,1,0:07,,,,,,,,,,,,,,,,,,,,,,,,,,,,,21 of 37,1 of 1,3 of 3,25 of 41,0 of 0,0 of 0,23 of 80,5 of 6,1 of 1,27 of 85,2 of 2,0 of 0,1 of 1,0 of 0,0 of 0,1 of 1,0 of 0,0 of 0,4 of 11,0 of 0,0 of 0,3 of 9,0 of 0,1 of 2,,,,,,,,,,,,,,,,,,,,,,,,
"July 17, 2021",Gabriel Benitez,Billy Quarantillo,http://ufcstats.com/fight-details/940701effe1d2b6c,L,KO/TKO,3,3:40,0,12 of 26,17 of 33,0 of 0,1,1,0:15,1,25 of 38,60 of 86,0 of 2,0,0,3:30,7 of 21,4 of 4,1 of 1,9 of 19,0 of 0,3 of 7,17 of 30,6 of 6,2 of 2,14 of 20,1 of 1,10 of 17,0,23 of 45,23 of 45,0 of 0,0,0,0:11,0,53 of 79,72 of 104,2 of 3,1,0,2:58,1,22 of 39,27 of 44,0 of 0,0,0,0:24,0,22 of 39,47 of 69,1 of 2,0,0,2:12,,,,,,,,,,,,,,,,,,,,,,,,,,,,,14 of 34,7 of 9,2 of 2,18 of 37,5 of 8,0 of 0,39 of 62,11 of 14,3 of 3,35 of 58,8 of 9,10 of 12,17 of 34,2 of 2,3 of 3,17 of 33,1 of 1,4 of 5,17 of 34,3 of 3,2 of 2,12 of 29,2 of 2,8 of 8,,,,,,,,,,,,,,,,,,,,,,,,
"July 17, 2021",Daniel Rodriguez,Preston Parsons,http://ufcstats.com/fight-details/8151659b2bc16f0e,W,KO/TKO,1,3:47,0,45 of 83,46 of 84,0 of 0,0,0,0:09,0,23 of 43,24 of 44,0 of 4,0,0,0:15,36 of 72,2 of 4,7 of 7,38 of 69,1 of 2,6 of 12,14 of 33,4 of 5,5 of 5,23 of 43,0 of 0,0 of 0,,,,,,,,,,,,,,,,,,,,,,,,,,,,,,,,,,,,,,,,,,,,,,,,,,,,,,,,,,,,,,,,,,,,,,,,,,,,,,,,,,,,,,,,,,,,,,,,,,,,,,,,
"July 17, 2021",Alan Baudot,Rodrigo Nascimento,http://ufcstats.com/fight-details/7d0874323bd1f768,NC,Overturned,2,1:29,0,50 of 66,63 of 79,0 of 0,0,0,0:38,0,18 of 31,19 of 32,0 of 3,0,0,2:36,40 of 56,6 of 6,4 of 4,26 of 39,19 of 20,5 of 7,13 of 26,3 of 3,2 of 2,16 of 28,2 of 3,0 of 0,0,10 of 25,10 of 25,0 of 0,0,0,0:00,0,31 of 52,32 of 53,0 of 0,0,0,0:03,,,,,,,,,,,,,,,,,,,,,,,,,,,,,,,,,,,,,,,,,,,5 of 17,4 of 7,1 of 1,10 of 25,0 of 0,0 of 0,28 of 49,3 of 3,0 of 0,29 of 47,2 of 5,0 of 0,,,,,,,,,,,,,,,,,,,,,,,,,,,,,,,,,,,,
"July 10, 2021",Tai Tuivasa,Greg Hardy,http://ufcstats.com/fight-details/53b480b44b0b51f1,W,KO/TKO,1,1:07,1,11 of 23,11 of 23,0 of 0,0,0,0:06,0,6 of 15,6 of 15,0 of 0,0,0,0:00,5 of 15,0 of 1,6 of 7,9 of 20,0 of 0,2 of 3,5 of 14,0 of 0,1 of 1,6 of 15,0 of 0,0 of 0,,,,,,,,,,,,,,,,,,,,,,,,,,,,,,,,,,,,,,,,,,,,,,,,,,,,,,,,,,,,,,,,,,,,,,,,,,,,,,,,,,,,,,,,,,,,,,,,,,,,,,,,
"July 10, 2021",Sean O'Malley,Kris Moutinho,http://ufcstats.com/fight-details/dbcc5b5d568efa8b,W,KO/TKO,3,4:33,1,77 of 106,77 of 106,0 of 0,0,0,0:04,0,24 of 72,24 of 72,0 of 0,0,0,0:00,59 of 88,15 of 15,3 of 3,77 of 105,0 of 0,0 of 1,11 of 55,2 of 5,11 of 12,24 of 72,0 of 0,0 of 0,0,70 of 98,70 of 98,0 of 0,0,0,0:00,0,19 of 68,19 of 68,0 of 0,0,0,0:09,0,83 of 114,83 of 114,0 of 0,0,0,0:00,0,27 of 78,27 of 78,0 of 0,0,0,0:00,,,,,,,,,,,,,,,,,,,,,,,,,,,,,53 of 75,15 of 21,2 of 2,68 of 95,2 of 3,0 of 0,12 of 54,4 of 10,3 of 4,18 of 67,1 of 1,0 of 0,65 of 92,15 of 19,3 of 3,83 of 114,0 of 0,0 of 0,16 of 59,1 of 7,10 of 12,27 of 78,0 of 0,0 of 0,,,,,,,,,,,,,,,,,,,,,,,,
"July 10, 2021",Zhalgas Zhumagulov,Jerome Rivera,http://ufcstats.com/fight-details/ac0a1d87e9ff4085,W,Submission,1,2:02,0,10 of 24,10 of 24,0 of 0,1,0,0:12,0,11 of 40,11 of 40,0 of 1,0,0,0:00,4 of 15,4 of 6,2 of 3,10 of 24,0 of 0,0 of 0,2 of 27,7 of 10,2 of 3,11 of 40,0 of 0,0 of 0,,,,,,,,,,,,,,,,,,,,,,,,,,,,,,,,,,,,,,,,,,,,,,,,,,,,,,,,,,,,,,,,,,,,,,,,,,,,,,,,,,,,,,,,,,,,,,,,,,,,,,,,
"June 26, 2021",Kennedy Nzechukwu,Danilo Marques,http://ufcstats.com/fight-details/85099c6378ff87c5,W,KO/TKO,3,0:20,0,0 of 0,0 of 0,0 of 0,0,0,0:00,0,0 of 1,22 of 40,1 of 1,0,0,4:55,0 of 0,0 of 0,0 of 0,0 of 0,0 of 0,0 of 0,0 of 1,0 of 0,0 of 0,0 of 1,0 of 0,0 of 0,0,16 of 47,16 of 47,0 of 0,0,0,0:00,0,9 of 15,11 of 18,1 of 11,0,0,2:47,0,15 of 33,15 of 33,0 of 0,0,0,0:00,0,1 of 2,1 of 2,0 of 0,0,0,0:00,,,,,,,,,,,,,,,,,,,,,,,,,,,,,13 of 43,3 of 4,0 of 0,16 of 47,0 of 0,0 of 0,5 of 10,4 of 5,0 of 0,9 of 15,0 of 0,0 of 0,15 of 33,0 of 0,0 of 0,15 of 33,0 of 0,0 of 0,1 of 2,0 of 0,0 of 0,1 of 2,0 of 0,0 of 0,,,,,,,,,,,,,,,,,,,,,,,,
"June 19, 2021",Chan Sung Jung,Dan Ige,http://ufcstats.com/fight-details/50cae63d530ede7c,W,Decision - Unanimous,5,5:00,0,14 of 32,15 of 33,1 of 1,0,0,1:16,0,10 of 32,17 of 39,0 of 0,0,0,0:01,10 of 28,1 of 1,3 of 3,13 of 31,0 of 0,1 of 1,6 of 26,2 of 3,2 of 3,9 of 29,1 of 2,0 of 1,0,25 of 44,35 of 54,0 of 1,1,0,0:49,0,18 of 46,25 of 53,0 of 1,0,0,0:46,0,5 of 7,34 of 43,1 of 1,2,0,4:43,0,5 of 7,26 of 33,0 of 0,0,0,0:00,0,31 of 55,33 of 60,1 of 1,0,0,1:04,0,22 of 47,29 of 57,0 of 0,0,0,0:15,0,17 of 28,37 of 58,0 of 1,0,0,2:18,0,25 of 36,40 of 55,0 of 3,0,0,0:51,19 of 38,2 of 2,4 of 4,23 of 42,2 of 2,0 of 0,11 of 38,3 of 3,4 of 5,14 of 42,4 of 4,0 of 0,4 of 6,0 of 0,1 of 1,2 of 3,0 of 0,3 of 4,3 of 5,1 of 1,1 of 1,3 of 5,0 of 0,2 of 2,29 of 52,1 of 1,1 of 2,25 of 47,1 of 1,5 of 7,13 of 37,6 of 7,3 of 3,20 of 44,2 of 2,0 of 1,16 of 27,1 of 1,0 of 0,16 of 27,1 of 1,0 of 0,13 of 24,11 of 11,1 of 1,23 of 33,2 of 3,0 of 0
"June 19, 2021",Julian Erosa,SeungWoo Choi,http://ufcstats.com/fight-details/d3c0dfa57950aefd,L,KO/TKO,1,1:37,0,10 of 20,10 of 20,0 of 0,0,0,0:00,1,13 of 29,14 of 30,0 of 0,0,0,0:03,5 of 14,2 of 3,3 of 3,10 of 20,0 of 0,0 of 0,10 of 25,2 of 2,1 of 2,7 of 22,0 of 0,6 of 7,,,,,,,,,,,,,,,,,,,,,,,,,,,,,,,,,,,,,,,,,,,,,,,,,,,,,,,,,,,,,,,,,,,,,,,,,,,,,,,,,,,,,,,,,,,,,,,,,,,,,,,,
"June 19, 2021",Aleksa Camur,Nicolae Negumereanu,http://ufcstats.com/fight-details/744627aec853874e,L,Decision - Split,3,5:00,0,39 of 66,44 of 71,0 of 0,0,0,0:00,0,29 of 78,32 of 81,1 of 2,0,0,0:46,29 of 53,9 of 12,1 of 1,34 of 60,5 of 6,0 of 0,29 of 76,0 of 2,0 of 0,25 of 70,4 of 8,0 of 0,0,32 of 40,37 of 46,0 of 0,0,0,0:00,0,18 of 45,29 of 56,0 of 2,0,0,2:31,0,31 of 42,37 of 49,0 of 2,0,0,0:00,0,24 of 70,38 of 87,0 of 1,0,0,1:35,,,,,,,,,,,,,,,,,,,,,,,,,,,,,15 of 23,14 of 14,3 of 3,25 of 31,7 of 9,0 of 0,15 of 41,1 of 2,2 of 2,17 of 44,1 of 1,0 of 0,24 of 34,6 of 7,1 of 1,29 of 40,2 of 2,0 of 0,21 of 65,1 of 3,2 of 2,19 of 64,5 of 6,0 of 0,,,,,,,,,,,,,,,,,,,,,,,,
"June 19, 2021",Josh Parisian,Roque Martinez,http://ufcstats.com/fight-details/e8fd128286788a6d,W,Decision - Split,3,5:00,0,29 of 59,35 of 68,0 of 0,0,0,0:08,0,26 of 46,84 of 105,0 of 0,0,0,2:40,12 of 42,13 of 13,4 of 4,20 of 49,9 of 10,0 of 0,21 of 41,5 of 5,0 of 0,13 of 30,13 of 16,0 of 0,0,28 of 44,37 of 54,1 of 6,0,0,2:22,0,9 of 18,82 of 99,0 of 0,1,0,1:08,0,22 of 57,28 of 64,0 of 1,0,0,1:53,0,29 of 50,79 of 105,0 of 0,0,0,0:31,,,,,,,,,,,,,,,,,,,,,,,,,,,,,17 of 29,9 of 12,2 of 3,10 of 18,18 of 26,0 of 0,5 of 14,4 of 4,0 of 0,5 of 13,4 of 5,0 of 0,14 of 47,7 of 9,1 of 1,19 of 53,3 of 4,0 of 0,22 of 43,6 of 6,1 of 1,21 of 41,8 of 9,0 of 0,,,,,,,,,,,,,,,,,,,,,,,,
"June 12, 2021",Paul Craig,Jamahal Hill,http://ufcstats.com/fight-details/4560734220b96851,W,KO/TKO,1,1:59,0,23 of 25,43 of 47,0 of 1,3,0,0:03,0,1 of 8,3 of 10,0 of 0,0,0,0:53,18 of 20,4 of 4,1 of 1,6 of 7,0 of 0,17 of 18,0 of 4,0 of 2,1 of 2,1 of 8,0 of 0,0 of 0,,,,,,,,,,,,,,,,,,,,,,,,,,,,,,,,,,,,,,,,,,,,,,,,,,,,,,,,,,,,,,,,,,,,,,,,,,,,,,,,,,,,,,,,,,,,,,,,,,,,,,,,
"June 12, 2021",Matt Frevola,Terrance McKinney,http://ufcstats.com/fight-details/d4ad90ac58429b64,L,KO/TKO,1,0:07,0,0 of 0,0 of 0,0 of 0,0,0,0:00,1,4 of 5,5 of 7,0 of 0,0,0,0:03,0 of 0,0 of 0,0 of 0,0 of 0,0 of 0,0 of 0,4 of 5,0 of 0,0 of 0,2 of 2,0 of 0,2 of 3,,,,,,,,,,,,,,,,,,,,,,,,,,,,,,,,,,,,,,,,,,,,,,,,,,,,,,,,,,,,,,,,,,,,,,,,,,,,,,,,,,,,,,,,,,,,,,,,,,,,,,,,
"June 12, 2021",Chase Hooper,Steven Peterson,http://ufcstats.com/fight-details/84cde29aebf6c00c,L,Decision - Unanimous,3,5:00,0,13 of 24,17 of 28,1 of 3,2,1,1:15,0,24 of 32,34 of 42,0 of 0,0,0,1:03,9 of 20,3 of 3,1 of 1,10 of 18,0 of 0,3 of 6,19 of 27,3 of 3,2 of 2,7 of 14,1 of 1,16 of 17,0,11 of 18,35 of 45,1 of 3,0,0,0:41,0,14 of 21,36 of 45,0 of 0,1,0,3:30,0,7 of 19,46 of 59,1 of 2,0,0,0:59,0,11 of 15,32 of 37,1 of 1,1,0,3:24,,,,,,,,,,,,,,,,,,,,,,,,,,,,,8 of 15,3 of 3,0 of 0,11 of 18,0 of 0,0 of 0,12 of 18,2 of 3,0 of 0,3 of 10,2 of 2,9 of 9,4 of 16,3 of 3,0 of 0,7 of 19,0 of 0,0 of 0,7 of 11,3 of 3,1 of 1,9 of 13,2 of 2,0 of 0,,,,,,,,,,,,,,,,,,,,,,,,
"June 05, 2021",Santiago Ponzinibbio,Miguel Baeza,http://ufcstats.com/fight-details/5c0e5d850d8e661f,W,Decision - Unanimous,3,5:00,0,15 of 52,15 of 52,0 of 0,0,0,0:00,0,39 of 73,39 of 73,0 of 0,0,0,0:00,12 of 47,2 of 3,1 of 2,15 of 52,0 of 0,0 of 0,11 of 43,8 of 10,20 of 20,39 of 73,0 of 0,0 of 0,0,47 of 107,47 of 107,0 of 2,0,0,0:00,0,27 of 66,27 of 66,0 of 0,0,0,0:00,0,59 of 111,60 of 112,0 of 0,0,0,0:00,0,38 of 110,38 of 110,0 of 0,0,0,0:00,,,,,,,,,,,,,,,,,,,,,,,,,,,,,38 of 98,4 of 4,5 of 5,47 of 107,0 of 0,0 of 0,7 of 37,7 of 12,13 of 17,27 of 66,0 of 0,0 of 0,48 of 100,6 of 6,5 of 5,59 of 111,0 of 0,0 of 0,18 of 86,9 of 12,11 of 12,38 of 110,0 of 0,0 of 0,,,,,,,,,,,,,,,,,,,,,,,,
"June 05, 2021",Dusko Todorovic,Gregory Rodrigues,http://ufcstats.com/fight-details/9252ad2304fd9a26,L,Decision - Unanimous,3,5:00,0,10 of 36,12 of 38,0 of 1,0,0,0:43,0,20 of 46,22 of 48,1 of 1,0,0,0:11,8 of 33,1 of 2,1 of 1,9 of 35,1 of 1,0 of 0,14 of 39,4 of 5,2 of 2,19 of 44,1 of 2,0 of 0,0,13 of 37,16 of 42,0 of 2,0,0,0:25,0,23 of 44,23 of 44,2 of 3,0,0,1:12,0,14 of 47,18 of 53,0 of 1,0,0,0:18,0,28 of 60,28 of 61,0 of 1,0,0,0:02,,,,,,,,,,,,,,,,,,,,,,,,,,,,,6 of 29,5 of 6,2 of 2,10 of 31,3 of 6,0 of 0,16 of 35,6 of 7,1 of 2,19 of 40,4 of 4,0 of 0,9 of 41,4 of 5,1 of 1,8 of 40,6 of 7,0 of 0,19 of 46,9 of 12,0 of 2,25 of 52,3 of 8,0 of 0,,,,,,,,,,,,,,,,,,,,,,,,
"June 05, 2021",Makwan Amirkhani,Kamuela Kirk,http://ufcstats.com/fight-details/827aacd14f80e8f3,L,Decision - Unanimous,3,5:00,0,6 of 16,6 of 16,2 of 5,0,0,1:44,0,11 of 23,19 of 31,0 of 0,0,0,0:04,3 of 12,3 of 4,0 of 0,6 of 16,0 of 0,0 of 0,3 of 15,3 of 3,5 of 5,11 of 23,0 of 0,0 of 0,0,6 of 20,8 of 24,1 of 1,0,0,2:51,0,13 of 27,46 of 66,0 of 0,3,0,0:00,0,8 of 13,11 of 16,2 of 3,0,0,2:15,0,4 of 13,35 of 46,0 of 0,0,0,1:30,,,,,,,,,,,,,,,,,,,,,,,,,,,,,5 of 17,1 of 3,0 of 0,4 of 16,0 of 0,2 of 4,2 of 10,6 of 9,5 of 8,13 of 27,0 of 0,0 of 0,6 of 11,0 of 0,2 of 2,5 of 10,0 of 0,3 of 3,3 of 9,0 of 3,1 of 1,3 of 12,0 of 0,1 of 1,,,,,,,,,,,,,,,,,,,,,,,,
"June 05, 2021",Sean Woodson,Youssef Zalal,http://ufcstats.com/fight-details/73a83b2595416f0a,W,Decision - Split,3,5:00,0,11 of 38,28 of 62,0 of 0,0,0,0:14,0,17 of 31,20 of 37,1 of 6,0,0,1:46,4 of 26,2 of 6,5 of 6,11 of 38,0 of 0,0 of 0,6 of 19,3 of 4,8 of 8,17 of 31,0 of 0,0 of 0,0,15 of 46,24 of 61,0 of 0,1,0,0:10,0,15 of 34,19 of 42,1 of 3,0,0,1:46,0,14 of 32,52 of 81,0 of 0,1,0,0:39,0,10 of 24,16 of 33,0 of 8,0,0,2:49,,,,,,,,,,,,,,,,,,,,,,,,,,,,,7 of 35,3 of 4,5 of 7,14 of 44,1 of 2,0 of 0,8 of 26,3 of 4,4 of 4,14 of 32,1 of 2,0 of 0,12 of 27,1 of 2,1 of 3,8 of 25,6 of 7,0 of 0,4 of 17,3 of 3,3 of 4,9 of 22,1 of 2,0 of 0,,,,,,,,,,,,,,,,,,,,,,,,
"June 05, 2021",Claudio Puelles,Jordan Leavitt,http://ufcstats.com/fight-details/58c5d506181812fa,W,Decision - Unanimous,3,5:00,0,3 of 9,11 of 17,2 of 2,0,0,1:43,0,12 of 16,38 of 53,2 of 6,0,1,2:06,0 of 3,1 of 2,2 of 4,3 of 8,0 of 0,0 of 1,0 of 2,3 of 5,9 of 9,12 of 14,0 of 1,0 of 1,0,4 of 7,23 of 30,0 of 0,0,0,3:41,0,7 of 13,35 of 42,0 of 1,0,0,0:00,0,13 of 17,37 of 53,2 of 2,0,0,4:37,0,2 of 5,97 of 118,0 of 0,0,0,0:00,,,,,,,,,,,,,,,,,,,,,,,,,,,,,3 of 5,1 of 1,0 of 1,1 of 4,0 of 0,3 of 3,3 of 8,1 of 2,3 of 3,5 of 11,2 of 2,0 of 0,3 of 6,10 of 11,0 of 0,3 of 3,0 of 0,10 of 14,1 of 4,1 of 1,0 of 0,2 of 5,0 of 0,0 of 0,,,,,,,,,,,,,,,,,,,,,,,,
"May 22, 2021",Ricardo Ramos,Bill Algeo,http://ufcstats.com/fight-details/ae0afbff5ba07a34,W,Decision - Unanimous,3,5:00,0,17 of 27,19 of 29,4 of 4,0,0,1:23,0,17 of 41,21 of 45,0 of 1,0,1,0:21,9 of 17,5 of 5,3 of 5,14 of 24,3 of 3,0 of 0,7 of 23,7 of 12,3 of 6,15 of 35,1 of 4,1 of 2,0,18 of 32,20 of 34,2 of 4,1,0,1:03,0,30 of 63,37 of 72,0 of 0,0,0,0:07,0,18 of 43,18 of 43,2 of 5,0,0,1:00,0,29 of 66,32 of 70,0 of 0,0,0,0:13,,,,,,,,,,,,,,,,,,,,,,,,,,,,,11 of 24,5 of 6,2 of 2,15 of 29,3 of 3,0 of 0,14 of 42,8 of 13,8 of 8,29 of 62,1 of 1,0 of 0,10 of 31,6 of 9,2 of 3,16 of 40,2 of 3,0 of 0,14 of 46,10 of 15,5 of 5,27 of 64,2 of 2,0 of 0,,,,,,,,,,,,,,,,,,,,,,,,
"May 22, 2021",Jack Hermansson,Edmen Shahbazyan,http://ufcstats.com/fight-details/7f8340dfe4220c3e,W,Decision - Unanimous,3,5:00,0,18 of 42,18 of 42,0 of 1,0,0,0:03,0,26 of 67,26 of 67,0 of 0,0,0,0:00,7 of 24,3 of 6,8 of 12,18 of 42,0 of 0,0 of 0,21 of 60,5 of 7,0 of 0,26 of 67,0 of 0,0 of 0,0,6 of 13,24 of 35,2 of 2,0,0,2:54,0,10 of 17,12 of 19,0 of 0,1,1,1:51,0,31 of 45,99 of 115,1 of 3,0,0,4:14,0,4 of 8,4 of 8,0 of 0,0,0,0:00,,,,,,,,,,,,,,,,,,,,,,,,,,,,,6 of 13,0 of 0,0 of 0,2 of 8,0 of 0,4 of 5,10 of 17,0 of 0,0 of 0,0 of 2,3 of 4,7 of 11,31 of 45,0 of 0,0 of 0,0 of 6,0 of 0,31 of 39,3 of 7,1 of 1,0 of 0,4 of 8,0 of 0,0 of 0,,,,,,,,,,,,,,,,,,,,,,,,
"May 22, 2021",Rafael Alves,Damir Ismagulov,http://ufcstats.com/fight-details/82d48296fd06c27f,L,Decision - Unanimous,3,5:00,1,2 of 7,4 of 9,0 of 0,1,0,0:02,0,17 of 23,68 of 81,0 of 0,0,0,4:46,2 of 6,0 of 0,0 of 1,2 of 5,0 of 0,0 of 2,4 of 9,7 of 8,6 of 6,0 of 3,0 of 0,17 of 20,0,12 of 26,12 of 26,0 of 1,0,0,0:00,0,24 of 66,50 of 94,1 of 1,0,0,1:10,0,16 of 30,20 of 34,0 of 0,0,0,0:14,0,15 of 37,23 of 45,1 of 2,0,0,1:44,,,,,,,,,,,,,,,,,,,,,,,,,,,,,7 of 21,2 of 2,3 of 3,12 of 26,0 of 0,0 of 0,14 of 49,6 of 12,4 of 5,23 of 65,0 of 0,1 of 1,11 of 23,4 of 5,1 of 2,14 of 28,2 of 2,0 of 0,12 of 33,3 of 4,0 of 0,14 of 36,0 of 0,1 of 1,,,,,,,,,,,,,,,,,,,,,,,,
"May 15, 2021",Jordan Wright,Jamie Pickett,http://ufcstats.com/fight-details/5573d46130d6b967,W,KO/TKO,1,1:04,1,26 of 32,33 of 40,0 of 0,0,0,0:11,0,4 of 5,4 of 5,0 of 0,0,0,0:12,21 of 27,5 of 5,0 of 0,5 of 6,12 of 12,9 of 14,2 of 3,1 of 1,1 of 1,4 of 4,0 of 1,0 of 0,,,,,,,,,,,,,,,,,,,,,,,,,,,,,,,,,,,,,,,,,,,,,,,,,,,,,,,,,,,,,,,,,,,,,,,,,,,,,,,,,,,,,,,,,,,,,,,,,,,,,,,,
"May 15, 2021",Andrea Lee,Antonina Shevchenko,http://ufcstats.com/fight-details/2b894d87ad9aae05,W,Submission,2,4:52,0,28 of 44,43 of 61,1 of 1,0,0,1:31,0,22 of 39,34 of 51,0 of 0,0,0,0:00,15 of 25,11 of 15,2 of 4,18 of 34,6 of 6,4 of 4,13 of 29,8 of 9,1 of 1,14 of 30,8 of 9,0 of 0,0,17 of 18,45 of 47,2 of 2,3,0,0:40,0,1 of 2,2 of 3,0 of 0,0,0,3:58,,,,,,,,,,,,,,,,,,,,,,,,,,,,,,,,,,,,,,,,,,,17 of 18,0 of 0,0 of 0,1 of 1,0 of 0,16 of 17,0 of 1,0 of 0,1 of 1,1 of 2,0 of 0,0 of 0,,,,,,,,,,,,,,,,,,,,,,,,,,,,,,,,,,,,
"May 15, 2021",Kevin Aguilar,Tucker Lutz,http://ufcstats.com/fight-details/1f2f27b36e79da74,L,Decision - Unanimous,3,5:00,0,25 of 41,50 of 67,0 of 0,0,0,0:00,0,33 of 53,43 of 63,1 of 1,0,0,1:19,10 of 24,13 of 15,2 of 2,24 of 40,1 of 1,0 of 0,17 of 33,10 of 14,6 of 6,29 of 49,2 of 2,2 of 2,0,28 of 50,37 of 59,0 of 1,0,0,0:46,0,34 of 59,35 of 60,1 of 1,0,0,0:31,0,28 of 53,45 of 70,0 of 1,0,0,0:06,0,32 of 65,36 of 69,1 of 2,0,0,1:15,,,,,,,,,,,,,,,,,,,,,,,,,,,,,16 of 33,10 of 13,2 of 4,23 of 45,5 of 5,0 of 0,21 of 45,6 of 6,7 of 8,32 of 57,2 of 2,0 of 0,19 of 41,8 of 11,1 of 1,25 of 50,3 of 3,0 of 0,21 of 53,5 of 6,6 of 6,30 of 61,1 of 2,1 of 2,,,,,,,,,,,,,,,,,,,,,,,,
"May 08, 2021",Neil Magny,Geoff Neal,http://ufcstats.com/fight-details/178c4926223dca0c,W,Decision - Unanimous,3,5:00,0,9 of 31,27 of 53,0 of 3,0,0,0:33,0,11 of 26,12 of 28,0 of 1,0,0,2:36,2 of 21,4 of 7,3 of 3,4 of 26,2 of 2,3 of 3,10 of 24,1 of 2,0 of 0,9 of 22,2 of 4,0 of 0,0,14 of 53,21 of 62,1 of 3,0,0,0:49,0,14 of 28,14 of 28,1 of 1,0,0,0:56,0,32 of 90,41 of 99,1 of 4,0,0,0:21,0,10 of 19,11 of 20,0 of 0,0,0,0:18,,,,,,,,,,,,,,,,,,,,,,,,,,,,,8 of 43,6 of 9,0 of 1,13 of 51,1 of 2,0 of 0,11 of 25,3 of 3,0 of 0,11 of 21,2 of 5,1 of 2,24 of 80,8 of 10,0 of 0,28 of 84,4 of 6,0 of 0,9 of 18,1 of 1,0 of 0,10 of 19,0 of 0,0 of 0,,,,,,,,,,,,,,,,,,,,,,,,
"May 08, 2021",Phil Hawes,Kyle Daukaus,http://ufcstats.com/fight-details/00fbeda449926c13,W,Decision - Unanimous,3,5:00,0,16 of 22,32 of 39,1 of 2,1,0,0:33,0,5 of 21,18 of 37,0 of 2,0,1,2:56,10 of 15,5 of 6,1 of 1,6 of 11,10 of 11,0 of 0,2 of 15,2 of 5,1 of 1,4 of 18,1 of 2,0 of 1,0,29 of 45,48 of 65,0 of 1,0,0,0:35,0,22 of 51,30 of 60,0 of 5,0,0,1:17,0,21 of 34,77 of 106,1 of 1,0,0,4:26,0,1 of 10,4 of 16,0 of 0,0,0,0:00,,,,,,,,,,,,,,,,,,,,,,,,,,,,,15 of 30,14 of 15,0 of 0,21 of 37,8 of 8,0 of 0,17 of 44,4 of 5,1 of 2,21 of 50,1 of 1,0 of 0,17 of 30,4 of 4,0 of 0,6 of 9,0 of 0,15 of 25,1 of 9,0 of 1,0 of 0,1 of 10,0 of 0,0 of 0,,,,,,,,,,,,,,,,,,,,,,,,
"May 08, 2021",JunYong Park,Tafon Nchukwi,http://ufcstats.com/fight-details/8a95f0e3f9111f0c,W,Decision - Majority,3,5:00,0,30 of 69,30 of 69,0 of 0,0,0,0:00,0,30 of 69,32 of 71,0 of 0,0,0,0:00,24 of 62,2 of 3,4 of 4,28 of 67,2 of 2,0 of 0,9 of 39,13 of 16,8 of 14,25 of 63,5 of 6,0 of 0,0,16 of 35,16 of 35,0 of 2,1,0,0:34,0,21 of 43,24 of 48,1 of 2,0,0,0:34,0,25 of 41,33 of 51,2 of 3,1,0,3:15,0,7 of 24,8 of 25,0 of 0,0,0,0:00,,,,,,,,,,,,,,,,,,,,,,,,,,,,,13 of 32,1 of 1,2 of 2,15 of 34,1 of 1,0 of 0,9 of 28,8 of 10,4 of 5,19 of 40,2 of 3,0 of 0,24 of 40,1 of 1,0 of 0,5 of 16,0 of 0,20 of 25,2 of 16,4 of 7,1 of 1,7 of 24,0 of 0,0 of 0,,,,,,,,,,,,,,,,,,,,,,,,
"May 01, 2021",Giga Chikadze,Cub Swanson,http://ufcstats.com/fight-details/2f82e8079ba354f4,W,KO/TKO,1,1:03,1,12 of 18,12 of 18,0 of 0,0,0,0:05,0,4 of 6,4 of 6,0 of 0,0,0,0:00,9 of 14,2 of 3,1 of 1,7 of 11,0 of 0,5 of 7,1 of 1,0 of 0,3 of 5,4 of 6,0 of 0,0 of 0,,,,,,,,,,,,,,,,,,,,,,,,,,,,,,,,,,,,,,,,,,,,,,,,,,,,,,,,,,,,,,,,,,,,,,,,,,,,,,,,,,,,,,,,,,,,,,,,,,,,,,,,
"May 01, 2021",Ion Cutelaba,Dustin Jacoby,http://ufcstats.com/fight-details/ec8d93ae99a7799d,D,Decision - Split,3,5:00,0,26 of 31,45 of 59,8 of 11,0,0,3:19,0,11 of 19,11 of 19,0 of 0,0,0,0:09,24 of 29,1 of 1,1 of 1,5 of 8,2 of 2,19 of 21,8 of 16,1 of 1,2 of 2,10 of 17,1 of 2,0 of 0,0,19 of 57,21 of 59,1 of 7,0,0,0:50,0,40 of 68,43 of 71,0 of 0,0,0,0:08,0,26 of 64,45 of 83,0 of 1,0,0,0:18,0,33 of 61,46 of 74,1 of 3,0,0,1:15,,,,,,,,,,,,,,,,,,,,,,,,,,,,,16 of 52,3 of 5,0 of 0,17 of 55,2 of 2,0 of 0,30 of 58,4 of 4,6 of 6,40 of 67,0 of 1,0 of 0,22 of 58,1 of 3,3 of 3,22 of 60,4 of 4,0 of 0,29 of 56,3 of 4,1 of 1,30 of 58,2 of 2,1 of 1,,,,,,,,,,,,,,,,,,,,,,,,
"May 01, 2021",Randa Markos,Luana Pinheiro,http://ufcstats.com/fight-details/c9c79de21823d941,L,DQ,1,4:16,0,18 of 40,28 of 51,0 of 0,0,0,0:29,0,29 of 53,35 of 61,5 of 6,0,0,0:54,12 of 32,6 of 7,0 of 1,12 of 34,5 of 5,1 of 1,22 of 44,4 of 5,3 of 4,20 of 38,7 of 7,2 of 8,,,,,,,,,,,,,,,,,,,,,,,,,,,,,,,,,,,,,,,,,,,,,,,,,,,,,,,,,,,,,,,,,,,,,,,,,,,,,,,,,,,,,,,,,,,,,,,,,,,,,,,,
"May 01, 2021",Kai Kamaka III,TJ Brown,http://ufcstats.com/fight-details/d72f9b3ac742a9e3,L,Decision - Split,3,5:00,0,22 of 47,23 of 48,0 of 0,0,0,0:45,0,34 of 88,35 of 91,0 of 1,0,0,0:00,11 of 34,4 of 4,7 of 9,18 of 43,1 of 1,3 of 3,17 of 63,9 of 15,8 of 10,33 of 85,1 of 3,0 of 0,1,26 of 49,40 of 65,0 of 0,0,0,1:44,0,24 of 69,40 of 87,1 of 1,1,0,0:25,0,13 of 32,22 of 42,1 of 1,0,0,3:09,0,24 of 54,35 of 65,1 of 2,0,0,0:11,,,,,,,,,,,,,,,,,,,,,,,,,,,,,18 of 40,7 of 8,1 of 1,20 of 40,0 of 0,6 of 9,19 of 63,5 of 6,0 of 0,24 of 69,0 of 0,0 of 0,9 of 26,3 of 5,1 of 1,13 of 32,0 of 0,0 of 0,18 of 48,5 of 5,1 of 1,20 of 50,2 of 2,2 of 2,,,,,,,,,,,,,,,,,,,,,,,,
"April 24, 2021",Anthony Smith,Jimmy Crute,http://ufcstats.com/fight-details/00bbcd4a6d647fdf,W,TKO - Doctor's Stoppage,1,5:00,0,26 of 39,27 of 40,0 of 0,0,0,0:02,0,18 of 35,34 of 57,3 of 3,0,0,0:57,20 of 32,4 of 5,2 of 2,26 of 39,0 of 0,0 of 0,7 of 21,2 of 5,9 of 9,17 of 33,0 of 0,1 of 2,,,,,,,,,,,,,,,,,,,,,,,,,,,,,,,,,,,,,,,,,,,,,,,,,,,,,,,,,,,,,,,,,,,,,,,,,,,,,,,,,,,,,,,,,,,,,,,,,,,,,,,,
"April 24, 2021",Dwight Grant,Stefan Sekulic,http://ufcstats.com/fight-details/c5dfce1eaa2dc169,W,Decision - Split,3,5:00,0,14 of 49,16 of 51,0 of 0,0,0,0:00,0,7 of 13,12 of 19,1 of 1,0,0,0:26,6 of 37,3 of 5,5 of 7,14 of 49,0 of 0,0 of 0,2 of 7,2 of 3,3 of 3,5 of 11,0 of 0,2 of 2,0,18 of 58,18 of 58,0 of 0,0,0,0:00,0,12 of 20,13 of 21,1 of 4,0,0,0:56,0,17 of 49,18 of 51,1 of 1,0,0,0:25,0,14 of 19,14 of 19,1 of 2,1,0,0:42,,,,,,,,,,,,,,,,,,,,,,,,,,,,,11 of 47,2 of 6,5 of 5,16 of 56,2 of 2,0 of 0,4 of 12,1 of 1,7 of 7,12 of 20,0 of 0,0 of 0,11 of 42,5 of 6,1 of 1,15 of 47,0 of 0,2 of 2,8 of 12,2 of 3,4 of 4,14 of 19,0 of 0,0 of 0,,,,,,,,,,,,,,,,,,,,,,,,
"April 24, 2021",Karl Roberson,Brendan Allen,http://ufcstats.com/fight-details/f5dd0a24a7dba53c,L,Submission,1,4:55,0,6 of 14,15 of 24,0 of 0,0,0,0:00,0,9 of 16,15 of 22,2 of 2,1,0,3:16,5 of 11,0 of 2,1 of 1,6 of 14,0 of 0,0 of 0,4 of 11,1 of 1,4 of 4,9 of 16,0 of 0,0 of 0,,,,,,,,,,,,,,,,,,,,,,,,,,,,,,,,,,,,,,,,,,,,,,,,,,,,,,,,,,,,,,,,,,,,,,,,,,,,,,,,,,,,,,,,,,,,,,,,,,,,,,,,
"April 24, 2021",Aoriqileng,Jeff Molina,http://ufcstats.com/fight-details/b5a8323de18f7e95,L,Decision - Unanimous,3,5:00,0,17 of 40,24 of 49,1 of 2,0,0,1:44,0,18 of 35,35 of 53,0 of 0,0,0,0:40,9 of 31,7 of 8,1 of 1,13 of 33,4 of 7,0 of 0,11 of 25,6 of 7,1 of 3,11 of 28,7 of 7,0 of 0,0,42 of 93,42 of 93,1 of 1,0,0,0:06,2,44 of 101,45 of 102,0 of 1,0,0,0:03,0,57 of 125,59 of 127,1 of 1,0,0,0:10,0,127 of 220,130 of 223,0 of 0,0,0,0:00,,,,,,,,,,,,,,,,,,,,,,,,,,,,,26 of 76,13 of 14,3 of 3,42 of 93,0 of 0,0 of 0,36 of 90,5 of 8,3 of 3,42 of 99,1 of 1,1 of 1,42 of 107,13 of 16,2 of 2,56 of 122,1 of 3,0 of 0,120 of 213,7 of 7,0 of 0,125 of 218,2 of 2,0 of 0,,,,,,,,,,,,,,,,,,,,,,,,
"April 17, 2021",Tracy Cortez,Justine Kish,http://ufcstats.com/fight-details/0b2c3c4306620d6d,W,Decision - Split,3,5:00,0,20 of 30,34 of 52,1 of 1,0,0,4:11,0,5 of 8,12 of 16,0 of 1,0,0,0:21,18 of 28,2 of 2,0 of 0,3 of 3,2 of 2,15 of 25,3 of 6,0 of 0,2 of 2,4 of 6,1 of 1,0 of 1,0,22 of 44,24 of 46,1 of 2,0,0,0:53,0,29 of 57,38 of 69,0 of 0,0,0,0:09,0,24 of 38,26 of 40,1 of 2,1,0,1:22,1,21 of 54,22 of 55,0 of 0,0,0,0:08,,,,,,,,,,,,,,,,,,,,,,,,,,,,,9 of 26,8 of 10,5 of 8,19 of 41,3 of 3,0 of 0,15 of 38,4 of 8,10 of 11,27 of 54,2 of 3,0 of 0,13 of 24,9 of 12,2 of 2,17 of 29,2 of 2,5 of 7,12 of 42,4 of 6,5 of 6,19 of 51,1 of 2,1 of 1,,,,,,,,,,,,,,,,,,,,,,,,
"April 17, 2021",Luis Pena,Alexander Munoz,http://ufcstats.com/fight-details/a33ecd2c88154890,W,Decision - Split,3,5:00,0,21 of 43,21 of 43,0 of 0,0,0,0:00,0,18 of 45,20 of 48,2 of 4,0,0,1:30,16 of 35,4 of 7,1 of 1,20 of 40,1 of 3,0 of 0,10 of 31,3 of 9,5 of 5,18 of 43,0 of 2,0 of 0,0,22 of 59,22 of 59,0 of 0,0,0,0:00,0,29 of 48,29 of 48,1 of 2,0,0,0:32,0,47 of 93,47 of 93,0 of 0,0,0,0:03,0,33 of 76,33 of 76,1 of 3,0,0,0:19,,,,,,,,,,,,,,,,,,,,,,,,,,,,,20 of 56,1 of 1,1 of 2,21 of 57,1 of 2,0 of 0,15 of 33,6 of 7,8 of 8,26 of 45,3 of 3,0 of 0,38 of 80,7 of 11,2 of 2,47 of 89,0 of 4,0 of 0,15 of 46,11 of 22,7 of 8,33 of 75,0 of 1,0 of 0,,,,,,,,,,,,,,,,,,,,,,,,
"April 17, 2021",Tony Gravely,Anthony Birchak,http://ufcstats.com/fight-details/24ff385ca78c80d3,W,KO/TKO,2,1:31,1,32 of 65,50 of 88,3 of 5,0,0,3:20,0,14 of 35,26 of 49,0 of 1,1,1,0:27,27 of 59,3 of 3,2 of 3,12 of 27,1 of 3,19 of 35,10 of 28,2 of 5,2 of 2,9 of 30,1 of 1,4 of 4,1,7 of 10,11 of 17,1 of 1,0,0,1:14,0,4 of 10,4 of 10,0 of 0,0,0,0:00,,,,,,,,,,,,,,,,,,,,,,,,,,,,,,,,,,,,,,,,,,,4 of 6,2 of 3,1 of 1,5 of 6,0 of 2,2 of 2,1 of 6,2 of 3,1 of 1,2 of 6,2 of 4,0 of 0,,,,,,,,,,,,,,,,,,,,,,,,,,,,,,,,,,,,
"April 10, 2021",Marvin Vettori,Kevin Holland,http://ufcstats.com/fight-details/ddd63237f1b857a6,W,Decision - Unanimous,5,5:00,0,9 of 24,24 of 44,1 of 2,0,0,2:59,0,16 of 43,36 of 64,0 of 0,0,0,0:01,8 of 22,1 of 2,0 of 0,5 of 18,2 of 4,2 of 2,5 of 27,3 of 6,8 of 10,13 of 38,3 of 5,0 of 0,0,8 of 17,49 of 84,2 of 3,0,0,4:26,0,7 of 10,17 of 23,0 of 0,0,0,0:00,0,6 of 16,10 of 24,3 of 4,1,0,3:38,0,8 of 23,25 of 40,0 of 0,0,0,0:02,0,1 of 5,29 of 46,2 of 4,0,0,4:27,0,4 of 16,19 of 34,0 of 0,0,0,0:00,0,0 of 2,40 of 52,3 of 4,0,0,4:31,0,2 of 11,41 of 53,0 of 0,0,0,0:00,8 of 17,0 of 0,0 of 0,3 of 5,0 of 0,5 of 12,6 of 9,1 of 1,0 of 0,7 of 10,0 of 0,0 of 0,5 of 15,1 of 1,0 of 0,6 of 15,0 of 1,0 of 0,8 of 19,0 of 2,0 of 2,5 of 17,3 of 6,0 of 0,1 of 5,0 of 0,0 of 0,1 of 3,0 of 0,0 of 2,3 of 15,1 of 1,0 of 0,4 of 13,0 of 3,0 of 0,0 of 2,0 of 0,0 of 0,0 of 2,0 of 0,0 of 0,2 of 11,0 of 0,0 of 0,2 of 7,0 of 4,0 of 0
"April 10, 2021",Arnold Allen,Sodiq Yusuff,http://ufcstats.com/fight-details/71b81d8199a0fa19,W,Decision - Unanimous,3,5:00,1,10 of 28,11 of 30,2 of 2,0,0,2:37,0,13 of 30,19 of 38,0 of 0,1,0,0:09,8 of 24,2 of 3,0 of 1,8 of 24,1 of 3,1 of 1,3 of 16,5 of 9,5 of 5,10 of 24,3 of 6,0 of 0,0,9 of 27,13 of 31,0 of 0,0,0,1:01,0,18 of 53,29 of 66,0 of 0,0,0,0:05,0,2 of 6,2 of 7,0 of 3,0,0,1:31,0,16 of 30,31 of 60,0 of 1,0,0,2:19,,,,,,,,,,,,,,,,,,,,,,,,,,,,,6 of 24,3 of 3,0 of 0,8 of 24,1 of 1,0 of 2,10 of 45,4 of 4,4 of 4,16 of 49,2 of 4,0 of 0,1 of 5,1 of 1,0 of 0,0 of 4,2 of 2,0 of 0,11 of 24,3 of 4,2 of 2,3 of 13,13 of 17,0 of 0,,,,,,,,,,,,,,,,,,,,,,,,
"April 10, 2021",Sam Alvey,Julian Marquez,http://ufcstats.com/fight-details/646eeca9447c6965,L,Submission,2,2:07,0,24 of 54,24 of 54,0 of 0,0,0,0:00,0,27 of 52,28 of 53,0 of 0,0,0,0:00,16 of 44,4 of 5,4 of 5,23 of 53,1 of 1,0 of 0,19 of 38,8 of 14,0 of 0,26 of 51,1 of 1,0 of 0,0,5 of 24,5 of 24,0 of 0,0,0,0:05,1,34 of 48,34 of 48,0 of 0,1,0,0:16,,,,,,,,,,,,,,,,,,,,,,,,,,,,,,,,,,,,,,,,,,,5 of 20,0 of 3,0 of 1,5 of 24,0 of 0,0 of 0,27 of 40,7 of 8,0 of 0,15 of 24,0 of 0,19 of 24,,,,,,,,,,,,,,,,,,,,,,,,,,,,,,,,,,,,
"April 10, 2021",Mike Perry,Daniel Rodriguez,http://ufcstats.com/fight-details/ac9a8b73e58f3d71,L,Decision - Unanimous,3,5:00,0,21 of 42,25 of 47,1 of 1,0,0,1:26,0,33 of 63,36 of 67,0 of 0,0,0,0:00,5 of 22,3 of 6,13 of 14,21 of 42,0 of 0,0 of 0,22 of 50,2 of 4,9 of 9,33 of 63,0 of 0,0 of 0,0,16 of 42,16 of 42,1 of 2,0,0,0:51,0,43 of 81,47 of 85,0 of 0,0,0,0:00,0,24 of 48,24 of 48,0 of 1,0,0,0:32,0,53 of 91,62 of 100,0 of 1,0,0,0:00,,,,,,,,,,,,,,,,,,,,,,,,,,,,,9 of 31,5 of 6,2 of 5,15 of 41,1 of 1,0 of 0,30 of 65,4 of 5,9 of 11,43 of 81,0 of 0,0 of 0,13 of 32,6 of 9,5 of 7,24 of 47,0 of 1,0 of 0,38 of 76,5 of 5,10 of 10,53 of 91,0 of 0,0 of 0,,,,,,,,,,,,,,,,,,,,,,,,
"April 10, 2021",Jim Miller,Joe Solecki,http://ufcstats.com/fight-details/e27c28928ed4390f,L,Decision - Unanimous,3,5:00,0,9 of 28,20 of 40,0 of 0,0,0,2:03,0,16 of 36,17 of 37,0 of 1,0,0,0:09,6 of 22,1 of 3,2 of 3,8 of 26,1 of 1,0 of 1,10 of 29,2 of 3,4 of 4,15 of 35,1 of 1,0 of 0,0,2 of 5,18 of 28,0 of 0,0,0,0:00,0,2 of 3,41 of 56,1 of 2,0,0,4:39,0,0 of 1,7 of 8,0 of 0,0,0,0:00,0,1 of 3,35 of 53,0 of 1,0,0,4:35,,,,,,,,,,,,,,,,,,,,,,,,,,,,,1 of 4,1 of 1,0 of 0,1 of 4,1 of 1,0 of 0,2 of 3,0 of 0,0 of 0,2 of 3,0 of 0,0 of 0,0 of 0,0 of 0,0 of 1,0 of 1,0 of 0,0 of 0,0 of 1,0 of 1,1 of 1,1 of 3,0 of 0,0 of 0,,,,,,,,,,,,,,,,,,,,,,,,
"April 10, 2021",Yorgan De Castro,Jarjis Danho,http://ufcstats.com/fight-details/444f0a732695dc81,L,KO/TKO,1,3:02,0,2 of 11,5 of 15,0 of 0,0,0,0:08,1,10 of 12,10 of 12,0 of 1,0,0,0:42,2 of 11,0 of 0,0 of 0,2 of 11,0 of 0,0 of 0,3 of 4,1 of 2,6 of 6,8 of 10,1 of 1,1 of 1,,,,,,,,,,,,,,,,,,,,,,,,,,,,,,,,,,,,,,,,,,,,,,,,,,,,,,,,,,,,,,,,,,,,,,,,,,,,,,,,,,,,,,,,,,,,,,,,,,,,,,,,
"April 10, 2021",Hunter Azure,Jack Shore,http://ufcstats.com/fight-details/1fee9eca658d9808,L,Decision - Split,3,5:00,0,14 of 27,20 of 35,0 of 1,0,1,1:01,0,11 of 17,15 of 23,2 of 5,0,0,1:50,2 of 12,5 of 6,7 of 9,12 of 22,1 of 4,1 of 1,6 of 10,1 of 1,4 of 6,8 of 11,1 of 3,2 of 3,0,23 of 37,41 of 59,0 of 1,1,0,1:54,0,14 of 23,22 of 33,1 of 2,0,0,1:08,0,8 of 16,17 of 27,0 of 4,0,0,1:07,0,11 of 17,20 of 28,3 of 6,0,1,2:19,,,,,,,,,,,,,,,,,,,,,,,,,,,,,7 of 15,7 of 10,9 of 12,18 of 30,3 of 5,2 of 2,9 of 17,3 of 3,2 of 3,11 of 20,3 of 3,0 of 0,3 of 10,2 of 3,3 of 3,5 of 12,2 of 2,1 of 2,9 of 15,0 of 0,2 of 2,8 of 12,2 of 4,1 of 1,,,,,,,,,,,,,,,,,,,,,,,,
"April 10, 2021",Luis Saldana,Jordan Griffin,http://ufcstats.com/fight-details/93a1cd50374397c0,W,Decision - Unanimous,3,5:00,0,19 of 48,19 of 49,0 of 0,0,0,0:00,0,18 of 42,20 of 45,2 of 3,0,0,2:13,10 of 37,3 of 4,6 of 7,17 of 45,2 of 3,0 of 0,14 of 36,4 of 5,0 of 1,16 of 39,2 of 3,0 of 0,0,9 of 15,10 of 16,0 of 0,1,1,0:30,0,4 of 10,4 of 11,2 of 2,1,0,3:17,0,8 of 25,11 of 29,0 of 0,0,0,1:48,0,11 of 17,15 of 21,0 of 2,1,1,0:48,,,,,,,,,,,,,,,,,,,,,,,,,,,,,4 of 9,4 of 5,1 of 1,6 of 12,3 of 3,0 of 0,2 of 7,1 of 2,1 of 1,2 of 7,2 of 3,0 of 0,5 of 21,1 of 1,2 of 3,7 of 22,1 of 3,0 of 0,6 of 12,4 of 4,1 of 1,9 of 14,0 of 0,2 of 3,,,,,,,,,,,,,,,,,,,,,,,,
"April 10, 2021",Da Woon Jung,William Knight,http://ufcstats.com/fight-details/cd5d9828b278181a,W,Decision - Unanimous,3,5:00,0,4 of 8,16 of 20,2 of 3,0,0,3:26,0,6 of 12,18 of 24,0 of 2,0,0,0:08,1 of 4,0 of 1,3 of 3,3 of 7,0 of 0,1 of 1,0 of 2,0 of 0,6 of 10,6 of 11,0 of 1,0 of 0,0,24 of 37,39 of 58,3 of 3,0,0,3:56,0,9 of 12,9 of 12,0 of 1,0,0,0:00,0,0 of 1,18 of 21,3 of 3,0,0,4:42,0,2 of 5,11 of 14,0 of 0,0,0,0:01,,,,,,,,,,,,,,,,,,,,,,,,,,,,,19 of 32,0 of 0,5 of 5,8 of 15,0 of 0,16 of 22,3 of 6,1 of 1,5 of 5,9 of 12,0 of 0,0 of 0,0 of 1,0 of 0,0 of 0,0 of 1,0 of 0,0 of 0,2 of 5,0 of 0,0 of 0,2 of 3,0 of 2,0 of 0,,,,,,,,,,,,,,,,,,,,,,,,
"April 10, 2021",Impa Kasanganay,Sasha Palatnikov,http://ufcstats.com/fight-details/3209bcfaf95de90b,W,Submission,2,0:26,0,12 of 27,19 of 38,1 of 4,0,0,2:36,0,12 of 22,30 of 41,0 of 0,0,0,0:56,10 of 24,0 of 0,2 of 3,9 of 24,3 of 3,0 of 0,5 of 14,4 of 4,3 of 4,6 of 14,6 of 8,0 of 0,0,1 of 2,2 of 3,1 of 2,1,0,0:18,0,1 of 2,1 of 2,0 of 0,0,0,0:00,,,,,,,,,,,,,,,,,,,,,,,,,,,,,,,,,,,,,,,,,,,1 of 2,0 of 0,0 of 0,1 of 2,0 of 0,0 of 0,1 of 2,0 of 0,0 of 0,1 of 2,0 of 0,0 of 0,,,,,,,,,,,,,,,,,,,,,,,,,,,,,,,,,,,,
"March 27, 2021",Sean O'Malley,Thomas Almeida,http://ufcstats.com/fight-details/0aa335dbc4cb3473,W,KO/TKO,3,3:52,1,36 of 58,36 of 58,0 of 0,0,0,0:03,0,8 of 22,8 of 22,1 of 2,0,0,0:00,18 of 38,11 of 13,7 of 7,35 of 57,1 of 1,0 of 0,3 of 15,2 of 2,3 of 5,8 of 22,0 of 0,0 of 0,0,17 of 40,22 of 48,0 of 0,0,0,0:00,0,12 of 27,12 of 27,0 of 0,0,0,0:22,1,33 of 51,33 of 51,0 of 0,0,0,0:05,0,5 of 22,5 of 22,0 of 0,0,0,0:00,,,,,,,,,,,,,,,,,,,,,,,,,,,,,4 of 24,6 of 9,7 of 7,17 of 40,0 of 0,0 of 0,4 of 14,1 of 5,7 of 8,10 of 22,0 of 0,2 of 5,19 of 37,7 of 7,7 of 7,31 of 49,1 of 1,1 of 1,2 of 14,0 of 2,3 of 6,5 of 22,0 of 0,0 of 0,,,,,,,,,,,,,,,,,,,,,,,,
"March 27, 2021",Alonzo Menifield,Fabio Cherant,http://ufcstats.com/fight-details/48292a027df02443,W,Submission,1,1:11,0,3 of 3,3 of 3,1 of 1,1,0,1:07,0,0 of 1,0 of 1,0 of 0,0,0,0:00,3 of 3,0 of 0,0 of 0,3 of 3,0 of 0,0 of 0,0 of 1,0 of 0,0 of 0,0 of 1,0 of 0,0 of 0,,,,,,,,,,,,,,,,,,,,,,,,,,,,,,,,,,,,,,,,,,,,,,,,,,,,,,,,,,,,,,,,,,,,,,,,,,,,,,,,,,,,,,,,,,,,,,,,,,,,,,,,
"March 20, 2021",Derek Brunson,Kevin Holland,http://ufcstats.com/fight-details/2efbcd870f1f7bc7,W,Decision - Unanimous,5,5:00,0,14 of 35,63 of 97,0 of 0,0,0,4:29,0,3 of 6,25 of 29,0 of 0,0,0,0:00,12 of 31,2 of 3,0 of 1,2 of 7,0 of 0,12 of 28,2 of 5,0 of 0,1 of 1,3 of 6,0 of 0,0 of 0,0,7 of 20,16 of 30,2 of 5,1,0,3:09,0,13 of 26,23 of 37,0 of 0,0,0,0:02,0,6 of 11,54 of 77,1 of 1,0,0,4:17,0,2 of 5,39 of 45,0 of 0,0,0,0:00,0,8 of 12,51 of 64,2 of 3,0,0,3:46,0,8 of 17,47 of 57,0 of 0,0,0,0:00,0,8 of 15,42 of 55,1 of 3,0,0,1:14,0,10 of 20,56 of 68,1 of 1,0,0,1:45,4 of 16,1 of 2,2 of 2,3 of 14,4 of 4,0 of 2,11 of 24,0 of 0,2 of 2,10 of 21,3 of 4,0 of 1,5 of 10,0 of 0,1 of 1,1 of 3,0 of 0,5 of 8,2 of 5,0 of 0,0 of 0,2 of 4,0 of 1,0 of 0,5 of 9,2 of 2,1 of 1,1 of 5,5 of 5,2 of 2,6 of 15,0 of 0,2 of 2,8 of 17,0 of 0,0 of 0,2 of 8,2 of 3,4 of 4,7 of 14,1 of 1,0 of 0,7 of 15,2 of 4,1 of 1,6 of 16,2 of 2,2 of 2
"March 20, 2021",Cheyanne Vlismas,Montserrat Conejo Ruiz,http://ufcstats.com/fight-details/dd7f3f91ea6067d4,L,Decision - Unanimous,3,5:00,0,6 of 8,6 of 8,0 of 0,0,1,0:12,0,2 of 7,52 of 58,1 of 1,1,0,4:41,5 of 7,1 of 1,0 of 0,5 of 7,1 of 1,0 of 0,2 of 7,0 of 0,0 of 0,2 of 7,0 of 0,0 of 0,0,10 of 25,11 of 27,0 of 0,0,1,0:41,0,5 of 11,37 of 46,2 of 3,1,0,3:11,0,15 of 32,32 of 52,0 of 0,0,1,0:11,0,8 of 23,47 of 64,1 of 1,0,1,2:01,,,,,,,,,,,,,,,,,,,,,,,,,,,,,10 of 25,0 of 0,0 of 0,7 of 18,0 of 0,3 of 7,3 of 9,0 of 0,2 of 2,5 of 11,0 of 0,0 of 0,11 of 28,4 of 4,0 of 0,14 of 31,1 of 1,0 of 0,5 of 19,0 of 1,3 of 3,8 of 23,0 of 0,0 of 0,,,,,,,,,,,,,,,,,,,,,,,,
"March 20, 2021",Adrian Yanez,Gustavo Lopez,http://ufcstats.com/fight-details/afc86d1076c4c3a9,W,KO/TKO,3,0:27,0,20 of 54,20 of 54,0 of 0,0,0,0:00,0,12 of 29,12 of 29,0 of 0,0,0,0:00,16 of 48,3 of 5,1 of 1,20 of 54,0 of 0,0 of 0,10 of 25,1 of 3,1 of 1,12 of 29,0 of 0,0 of 0,1,17 of 43,17 of 43,0 of 0,0,0,0:01,0,10 of 19,10 of 19,0 of 1,0,0,0:00,1,4 of 6,4 of 6,0 of 0,0,0,0:02,0,1 of 3,1 of 3,0 of 0,0,0,0:00,,,,,,,,,,,,,,,,,,,,,,,,,,,,,13 of 30,4 of 13,0 of 0,17 of 42,0 of 0,0 of 1,3 of 12,4 of 4,3 of 3,10 of 19,0 of 0,0 of 0,3 of 5,1 of 1,0 of 0,4 of 6,0 of 0,0 of 0,1 of 3,0 of 0,0 of 0,1 of 3,0 of 0,0 of 0,,,,,,,,,,,,,,,,,,,,,,,,
"March 20, 2021",Leonardo Santos,Grant Dawson,http://ufcstats.com/fight-details/a043e279434d5c8c,L,KO/TKO,3,4:59,0,10 of 19,28 of 37,1 of 2,0,0,0:42,0,12 of 23,14 of 26,0 of 5,0,0,2:24,5 of 12,0 of 1,5 of 6,9 of 18,1 of 1,0 of 0,3 of 11,7 of 10,2 of 2,8 of 18,4 of 5,0 of 0,0,16 of 39,40 of 67,0 of 0,0,0,0:30,0,23 of 42,27 of 46,0 of 4,0,0,1:44,0,4 of 9,6 of 11,0 of 0,0,0,0:09,0,11 of 19,34 of 60,1 of 4,0,0,4:10,,,,,,,,,,,,,,,,,,,,,,,,,,,,,6 of 25,6 of 9,4 of 5,16 of 39,0 of 0,0 of 0,6 of 22,13 of 14,4 of 6,18 of 36,5 of 6,0 of 0,3 of 8,0 of 0,1 of 1,3 of 8,1 of 1,0 of 0,7 of 15,3 of 3,1 of 1,7 of 14,0 of 0,4 of 5,,,,,,,,,,,,,,,,,,,,,,,,
"March 20, 2021",Montel Jackson,Jesse Strader,http://ufcstats.com/fight-details/b8a0047c927faa75,W,KO/TKO,1,1:58,2,15 of 26,15 of 26,0 of 0,0,0,0:16,0,14 of 25,14 of 25,0 of 0,0,0,0:01,11 of 22,2 of 2,2 of 2,5 of 12,3 of 4,7 of 10,3 of 7,3 of 7,8 of 11,12 of 22,0 of 1,2 of 2,,,,,,,,,,,,,,,,,,,,,,,,,,,,,,,,,,,,,,,,,,,,,,,,,,,,,,,,,,,,,,,,,,,,,,,,,,,,,,,,,,,,,,,,,,,,,,,,,,,,,,,,
"March 20, 2021",Bruno Silva,JP Buys,http://ufcstats.com/fight-details/55bf7f19a132e0fc,W,KO/TKO,2,2:56,0,15 of 23,29 of 40,1 of 2,0,0,2:33,0,6 of 22,21 of 37,0 of 1,1,0,0:50,8 of 14,4 of 6,3 of 3,12 of 18,1 of 2,2 of 3,2 of 14,1 of 4,3 of 4,6 of 21,0 of 1,0 of 0,3,22 of 38,33 of 49,0 of 0,0,0,1:18,0,11 of 34,16 of 39,0 of 0,0,0,0:12,,,,,,,,,,,,,,,,,,,,,,,,,,,,,,,,,,,,,,,,,,,21 of 37,0 of 0,1 of 1,14 of 25,0 of 0,8 of 13,6 of 28,3 of 3,2 of 3,9 of 32,2 of 2,0 of 0,,,,,,,,,,,,,,,,,,,,,,,,,,,,,,,,,,,,
"March 13, 2021",Misha Cirkunov,Ryan Spann,http://ufcstats.com/fight-details/4944437e73071671,L,KO/TKO,1,1:11,0,5 of 18,5 of 18,0 of 0,0,0,0:00,1,16 of 29,16 of 29,0 of 0,0,0,0:13,5 of 18,0 of 0,0 of 0,5 of 18,0 of 0,0 of 0,14 of 27,2 of 2,0 of 0,4 of 13,0 of 0,12 of 16,,,,,,,,,,,,,,,,,,,,,,,,,,,,,,,,,,,,,,,,,,,,,,,,,,,,,,,,,,,,,,,,,,,,,,,,,,,,,,,,,,,,,,,,,,,,,,,,,,,,,,,,
"March 13, 2021",Dan Ige,Gavin Tucker,http://ufcstats.com/fight-details/d15a87087b6f1452,W,KO/TKO,1,0:22,1,1 of 4,1 of 4,0 of 0,0,0,0:01,0,1 of 1,1 of 1,0 of 0,0,0,0:00,1 of 4,0 of 0,0 of 0,1 of 4,0 of 0,0 of 0,0 of 0,0 of 0,1 of 1,1 of 1,0 of 0,0 of 0,,,,,,,,,,,,,,,,,,,,,,,,,,,,,,,,,,,,,,,,,,,,,,,,,,,,,,,,,,,,,,,,,,,,,,,,,,,,,,,,,,,,,,,,,,,,,,,,,,,,,,,,
"March 13, 2021",Rani Yahya,Ray Rodriguez,http://ufcstats.com/fight-details/03bdbf2d18f3025d,W,Submission,2,3:09,0,2 of 3,31 of 45,1 of 2,0,0,4:41,0,1 of 4,8 of 14,0 of 0,0,0,0:00,0 of 1,1 of 1,1 of 1,2 of 3,0 of 0,0 of 0,1 of 3,0 of 1,0 of 0,1 of 4,0 of 0,0 of 0,0,6 of 10,11 of 20,1 of 2,1,0,2:19,0,2 of 14,7 of 21,0 of 0,0,0,0:00,,,,,,,,,,,,,,,,,,,,,,,,,,,,,,,,,,,,,,,,,,,0 of 2,0 of 1,6 of 7,6 of 10,0 of 0,0 of 0,1 of 13,1 of 1,0 of 0,2 of 14,0 of 0,0 of 0,,,,,,,,,,,,,,,,,,,,,,,,,,,,,,,,,,,,
"March 13, 2021",Gloria de Paula,Jinh Yu Frey,http://ufcstats.com/fight-details/8a7b0cd5ad9ca4fe,L,Decision - Unanimous,3,5:00,0,2 of 3,8 of 14,0 of 0,0,0,0:00,0,8 of 13,26 of 41,1 of 1,0,0,4:44,1 of 2,1 of 1,0 of 0,1 of 2,1 of 1,0 of 0,4 of 9,0 of 0,4 of 4,2 of 5,0 of 0,6 of 8,0,27 of 55,29 of 58,0 of 0,0,0,0:05,0,15 of 61,17 of 63,0 of 1,0,0,0:11,0,2 of 5,14 of 23,0 of 0,0,0,0:00,0,1 of 5,7 of 21,1 of 1,2,0,4:38,,,,,,,,,,,,,,,,,,,,,,,,,,,,,16 of 42,5 of 7,6 of 6,24 of 52,3 of 3,0 of 0,6 of 49,3 of 5,6 of 7,15 of 61,0 of 0,0 of 0,1 of 4,1 of 1,0 of 0,2 of 5,0 of 0,0 of 0,0 of 4,0 of 0,1 of 1,0 of 4,1 of 1,0 of 0,,,,,,,,,,,,,,,,,,,,,,,,
"March 06, 2021",Dominick Cruz,Casey Kenney,http://ufcstats.com/fight-details/f4363f1317b47213,W,Decision - Split,3,5:00,0,26 of 56,26 of 56,0 of 2,0,0,0:00,0,23 of 63,23 of 63,0 of 0,0,0,0:17,10 of 29,7 of 16,9 of 11,26 of 56,0 of 0,0 of 0,9 of 46,6 of 7,8 of 10,22 of 62,1 of 1,0 of 0,0,36 of 82,36 of 82,0 of 3,0,0,0:00,0,33 of 73,33 of 73,0 of 0,0,0,0:09,0,27 of 64,53 of 91,2 of 4,0,0,2:07,0,18 of 57,18 of 57,0 of 2,0,0,0:00,,,,,,,,,,,,,,,,,,,,,,,,,,,,,24 of 70,8 of 8,4 of 4,36 of 82,0 of 0,0 of 0,21 of 55,1 of 6,11 of 12,33 of 73,0 of 0,0 of 0,17 of 52,9 of 11,1 of 1,23 of 59,4 of 4,0 of 1,11 of 47,3 of 6,4 of 4,17 of 56,1 of 1,0 of 0,,,,,,,,,,,,,,,,,,,,,,,,
"March 06, 2021",Song Yadong,Kyler Phillips,http://ufcstats.com/fight-details/5980ab31e4718a83,L,Decision - Unanimous,3,5:00,0,21 of 39,28 of 48,0 of 0,0,0,0:05,0,27 of 59,28 of 60,1 of 1,0,0,0:27,13 of 29,6 of 8,2 of 2,21 of 39,0 of 0,0 of 0,14 of 40,11 of 15,2 of 4,25 of 57,1 of 1,1 of 1,0,20 of 61,23 of 64,0 of 0,0,0,0:00,0,19 of 47,22 of 50,1 of 2,0,0,0:41,0,26 of 61,38 of 77,0 of 0,0,1,1:01,0,13 of 36,19 of 42,1 of 2,0,0,0:28,,,,,,,,,,,,,,,,,,,,,,,,,,,,,13 of 45,7 of 15,0 of 1,20 of 59,0 of 1,0 of 1,14 of 41,3 of 4,2 of 2,16 of 44,1 of 1,2 of 2,13 of 46,7 of 9,6 of 6,26 of 60,0 of 0,0 of 1,10 of 31,2 of 4,1 of 1,13 of 36,0 of 0,0 of 0,,,,,,,,,,,,,,,,,,,,,,,,
"March 06, 2021",Tim Elliott,Jordan Espinosa,http://ufcstats.com/fight-details/2704d31de2c2f43b,W,Decision - Unanimous,3,5:00,0,6 of 14,23 of 33,1 of 3,0,0,3:57,0,7 of 13,9 of 15,0 of 0,0,0,0:00,1 of 6,4 of 6,1 of 2,2 of 8,4 of 6,0 of 0,2 of 7,3 of 3,2 of 3,4 of 10,3 of 3,0 of 0,0,7 of 10,24 of 32,2 of 2,0,0,4:35,0,1 of 3,2 of 4,0 of 0,0,0,0:00,0,12 of 20,44 of 55,1 of 2,0,0,4:47,0,5 of 9,11 of 16,0 of 0,0,0,0:00,,,,,,,,,,,,,,,,,,,,,,,,,,,,,4 of 5,3 of 4,0 of 1,2 of 4,0 of 0,5 of 6,1 of 3,0 of 0,0 of 0,1 of 3,0 of 0,0 of 0,9 of 16,3 of 4,0 of 0,0 of 5,2 of 3,10 of 12,4 of 8,1 of 1,0 of 0,1 of 2,1 of 2,3 of 5,,,,,,,,,,,,,,,,,,,,,,,,
"March 06, 2021",Kennedy Nzechukwu,Carlos Ulberg,http://ufcstats.com/fight-details/d170f6580e1c244f,W,KO/TKO,2,3:19,0,38 of 72,40 of 74,0 of 1,0,0,0:00,0,83 of 120,83 of 120,0 of 0,0,0,0:05,37 of 69,1 of 3,0 of 0,36 of 66,2 of 6,0 of 0,53 of 87,23 of 26,7 of 7,69 of 105,14 of 15,0 of 0,1,44 of 76,44 of 76,0 of 0,0,0,0:05,0,63 of 107,63 of 107,0 of 0,0,0,0:00,,,,,,,,,,,,,,,,,,,,,,,,,,,,,,,,,,,,,,,,,,,44 of 75,0 of 1,0 of 0,36 of 66,1 of 2,7 of 8,48 of 88,8 of 11,7 of 8,63 of 105,0 of 2,0 of 0,,,,,,,,,,,,,,,,,,,,,,,,,,,,,,,,,,,,
"March 06, 2021",Uros Medic,Aalon Cruz,http://ufcstats.com/fight-details/e2abba69c3371618,W,KO/TKO,1,1:40,1,45 of 63,55 of 74,0 of 0,0,0,0:56,0,0 of 3,0 of 3,0 of 2,0,0,0:11,43 of 61,1 of 1,1 of 1,7 of 8,3 of 3,35 of 52,0 of 2,0 of 1,0 of 0,0 of 3,0 of 0,0 of 0,,,,,,,,,,,,,,,,,,,,,,,,,,,,,,,,,,,,,,,,,,,,,,,,,,,,,,,,,,,,,,,,,,,,,,,,,,,,,,,,,,,,,,,,,,,,,,,,,,,,,,,,
"February 27, 2021",Vince Cachero,Ronnie Lawrence,http://ufcstats.com/fight-details/11a83369d49ad138,L,KO/TKO,3,2:38,0,10 of 24,11 of 26,0 of 1,0,0,0:09,0,17 of 34,18 of 37,2 of 3,0,0,2:08,6 of 18,1 of 3,3 of 3,5 of 17,5 of 7,0 of 0,5 of 17,7 of 9,5 of 8,10 of 24,5 of 7,2 of 3,0,5 of 20,10 of 25,0 of 1,1,1,0:27,0,10 of 19,12 of 24,5 of 5,0,0,3:14,0,0 of 2,2 of 4,0 of 0,0,0,0:00,0,50 of 68,72 of 90,1 of 1,0,0,2:27,,,,,,,,,,,,,,,,,,,,,,,,,,,,,2 of 16,2 of 3,1 of 1,5 of 19,0 of 0,0 of 1,1 of 8,5 of 7,4 of 4,10 of 19,0 of 0,0 of 0,0 of 2,0 of 0,0 of 0,0 of 2,0 of 0,0 of 0,47 of 64,2 of 3,1 of 1,2 of 3,0 of 0,48 of 65,,,,,,,,,,,,,,,,,,,,,,,,
"February 27, 2021",Dustin Jacoby,Maxim Grishin,http://ufcstats.com/fight-details/bc86601cf781a89c,W,Decision - Unanimous,3,5:00,0,13 of 32,13 of 32,0 of 0,0,0,0:13,2,21 of 39,32 of 52,0 of 1,0,0,1:08,4 of 15,3 of 8,6 of 9,11 of 28,2 of 4,0 of 0,12 of 26,2 of 6,7 of 7,14 of 27,2 of 5,5 of 7,0,18 of 48,18 of 48,0 of 0,0,0,0:00,0,18 of 42,18 of 42,0 of 1,0,0,0:00,0,26 of 57,29 of 61,0 of 0,0,0,0:35,0,27 of 75,30 of 78,0 of 0,0,0,0:08,,,,,,,,,,,,,,,,,,,,,,,,,,,,,6 of 33,2 of 4,10 of 11,18 of 48,0 of 0,0 of 0,7 of 28,4 of 6,7 of 8,18 of 42,0 of 0,0 of 0,15 of 40,2 of 3,9 of 14,26 of 57,0 of 0,0 of 0,12 of 56,2 of 4,13 of 15,27 of 75,0 of 0,0 of 0,,,,,,,,,,,,,,,,,,,,,,,,
"February 20, 2021",Phil Hawes,Nassourdine Imavov,http://ufcstats.com/fight-details/05ceb8b2f93993a6,W,Decision - Majority,3,5:00,0,16 of 24,41 of 50,2 of 2,0,0,3:38,0,9 of 19,20 of 30,0 of 0,0,0,0:00,5 of 12,3 of 4,8 of 8,11 of 18,4 of 5,1 of 1,3 of 11,4 of 5,2 of 3,4 of 14,5 of 5,0 of 0,0,6 of 11,36 of 44,1 of 4,0,0,4:15,0,16 of 25,30 of 40,0 of 0,0,0,0:00,0,9 of 19,24 of 34,1 of 1,0,0,3:13,0,32 of 49,37 of 54,0 of 0,0,0,0:07,,,,,,,,,,,,,,,,,,,,,,,,,,,,,3 of 6,2 of 2,1 of 3,4 of 8,2 of 3,0 of 0,8 of 17,6 of 6,2 of 2,9 of 17,6 of 7,1 of 1,5 of 13,2 of 3,2 of 3,8 of 16,1 of 3,0 of 0,28 of 43,4 of 6,0 of 0,16 of 31,16 of 18,0 of 0,,,,,,,,,,,,,,,,,,,,,,,,
"February 20, 2021",Eddie Wineland,John Castaneda,http://ufcstats.com/fight-details/990c2378caec68d4,L,KO/TKO,1,4:44,0,17 of 66,17 of 66,1 of 1,0,0,0:12,1,42 of 57,44 of 59,0 of 0,0,0,0:04,10 of 50,3 of 6,4 of 10,16 of 63,0 of 0,1 of 3,23 of 34,4 of 7,15 of 16,34 of 49,2 of 2,6 of 6,,,,,,,,,,,,,,,,,,,,,,,,,,,,,,,,,,,,,,,,,,,,,,,,,,,,,,,,,,,,,,,,,,,,,,,,,,,,,,,,,,,,,,,,,,,,,,,,,,,,,,,,
"February 20, 2021",Nate Landwehr,Julian Erosa,http://ufcstats.com/fight-details/e175c1a0bff30187,L,KO/TKO,1,0:56,0,9 of 14,9 of 14,0 of 0,0,0,0:00,1,15 of 23,17 of 25,0 of 0,0,0,0:01,5 of 9,1 of 1,3 of 4,6 of 11,3 of 3,0 of 0,11 of 18,2 of 3,2 of 2,12 of 17,2 of 5,1 of 1,,,,,,,,,,,,,,,,,,,,,,,,,,,,,,,,,,,,,,,,,,,,,,,,,,,,,,,,,,,,,,,,,,,,,,,,,,,,,,,,,,,,,,,,,,,,,,,,,,,,,,,,
"February 20, 2021",Aiemann Zahabi,Drako Rodriguez,http://ufcstats.com/fight-details/b9cd4910f0ecff45,W,KO/TKO,1,3:05,1,9 of 11,9 of 11,0 of 0,0,0,0:10,0,11 of 33,13 of 35,0 of 0,0,0,0:00,8 of 10,1 of 1,0 of 0,6 of 7,1 of 2,2 of 2,6 of 27,1 of 2,4 of 4,8 of 30,3 of 3,0 of 0,,,,,,,,,,,,,,,,,,,,,,,,,,,,,,,,,,,,,,,,,,,,,,,,,,,,,,,,,,,,,,,,,,,,,,,,,,,,,,,,,,,,,,,,,,,,,,,,,,,,,,,,
"February 13, 2021",Maycee Barber,Alexa Grasso,http://ufcstats.com/fight-details/25b8c932da5e91f4,L,Decision - Unanimous,3,5:00,0,10 of 48,15 of 55,0 of 1,0,0,1:02,0,13 of 21,44 of 66,0 of 0,0,0,2:05,3 of 40,6 of 7,1 of 1,4 of 39,6 of 9,0 of 0,9 of 14,2 of 3,2 of 4,9 of 15,4 of 6,0 of 0,0,8 of 44,10 of 46,1 of 1,0,0,0:55,0,12 of 36,30 of 59,0 of 0,1,1,1:29,0,22 of 60,25 of 64,2 of 3,0,0,1:17,0,13 of 24,21 of 37,0 of 0,0,0,1:36,,,,,,,,,,,,,,,,,,,,,,,,,,,,,5 of 39,2 of 3,1 of 2,6 of 40,2 of 4,0 of 0,7 of 27,3 of 5,2 of 4,8 of 28,4 of 8,0 of 0,15 of 51,6 of 8,1 of 1,8 of 40,12 of 18,2 of 2,8 of 16,4 of 6,1 of 2,8 of 18,5 of 6,0 of 0,,,,,,,,,,,,,,,,,,,,,,,,
"February 13, 2021",Kelvin Gastelum,Ian Heinisch,http://ufcstats.com/fight-details/26fbf026beb8e9f8,W,Decision - Unanimous,3,5:00,0,6 of 13,13 of 25,3 of 5,0,0,3:25,0,6 of 15,10 of 21,0 of 2,2,0,0:03,3 of 10,2 of 2,1 of 1,6 of 12,0 of 0,0 of 1,0 of 7,1 of 2,5 of 6,6 of 15,0 of 0,0 of 0,0,16 of 34,21 of 48,1 of 4,0,0,2:03,0,12 of 31,23 of 42,0 of 1,0,0,0:00,0,16 of 37,17 of 42,2 of 5,0,1,1:22,0,9 of 21,23 of 44,1 of 3,0,1,1:08,,,,,,,,,,,,,,,,,,,,,,,,,,,,,6 of 21,4 of 6,6 of 7,13 of 28,3 of 5,0 of 1,5 of 20,3 of 6,4 of 5,12 of 31,0 of 0,0 of 0,11 of 31,4 of 5,1 of 1,9 of 29,5 of 6,2 of 2,5 of 15,2 of 3,2 of 3,8 of 18,0 of 0,1 of 3,,,,,,,,,,,,,,,,,,,,,,,,
"February 13, 2021",Maki Pitolo,Julian Marquez,http://ufcstats.com/fight-details/9201312dd860fa5a,L,Submission,3,4:17,0,10 of 16,18 of 29,1 of 3,0,0,4:24,0,4 of 8,8 of 13,0 of 1,1,0,0:11,5 of 11,4 of 4,1 of 1,3 of 7,5 of 6,2 of 3,4 of 8,0 of 0,0 of 0,1 of 5,3 of 3,0 of 0,0,11 of 23,41 of 54,3 of 4,0,1,3:02,0,11 of 40,17 of 49,0 of 0,2,0,0:57,0,11 of 26,11 of 27,1 of 4,1,0,1:41,0,26 of 52,36 of 67,0 of 0,1,1,0:46,,,,,,,,,,,,,,,,,,,,,,,,,,,,,7 of 17,3 of 5,1 of 1,8 of 19,2 of 2,1 of 2,11 of 39,0 of 0,0 of 1,4 of 29,0 of 0,7 of 11,4 of 18,5 of 5,2 of 3,11 of 26,0 of 0,0 of 0,22 of 47,3 of 4,1 of 1,13 of 38,12 of 13,1 of 1,,,,,,,,,,,,,,,,,,,,,,,,
"February 13, 2021",Rodolfo Vieira,Anthony Hernandez,http://ufcstats.com/fight-details/96b1430379c0694a,L,Submission,2,1:53,0,7 of 17,12 of 23,3 of 8,0,0,3:29,0,19 of 30,25 of 39,0 of 0,1,0,0:37,7 of 17,0 of 0,0 of 0,5 of 12,2 of 2,0 of 3,16 of 27,3 of 3,0 of 0,18 of 29,1 of 1,0 of 0,0,2 of 9,2 of 9,1 of 2,0,0,0:31,0,13 of 20,25 of 34,0 of 0,1,1,0:48,,,,,,,,,,,,,,,,,,,,,,,,,,,,,,,,,,,,,,,,,,,2 of 9,0 of 0,0 of 0,2 of 9,0 of 0,0 of 0,12 of 18,1 of 2,0 of 0,10 of 17,3 of 3,0 of 0,,,,,,,,,,,,,,,,,,,,,,,,,,,,,,,,,,,,
"February 06, 2021",Devonte Smith,Justin Jaynes,http://ufcstats.com/fight-details/464cc19d42446da9,W,TKO - Doctor's Stoppage,2,3:38,0,25 of 51,27 of 53,0 of 0,0,0,0:02,0,9 of 24,9 of 24,0 of 1,0,0,0:00,19 of 43,2 of 4,4 of 4,20 of 43,5 of 8,0 of 0,5 of 19,2 of 3,2 of 2,9 of 24,0 of 0,0 of 0,0,9 of 14,19 of 25,1 of 1,1,0,3:06,0,2 of 3,10 of 11,0 of 1,0,1,0:12,,,,,,,,,,,,,,,,,,,,,,,,,,,,,,,,,,,,,,,,,,,6 of 11,3 of 3,0 of 0,1 of 2,0 of 0,8 of 12,1 of 2,1 of 1,0 of 0,1 of 2,0 of 0,1 of 1,,,,,,,,,,,,,,,,,,,,,,,,,,,,,,,,,,,,
"February 06, 2021",Timur Valiev,Martin Day,http://ufcstats.com/fight-details/eb4e9ec015533ab4,W,Decision - Unanimous,3,5:00,0,12 of 18,28 of 37,1 of 3,0,0,2:58,0,3 of 16,4 of 17,0 of 0,0,0,0:00,3 of 7,1 of 2,8 of 9,10 of 15,0 of 0,2 of 3,3 of 12,0 of 2,0 of 2,2 of 14,0 of 0,1 of 2,0,21 of 25,57 of 67,1 of 1,0,0,4:05,0,4 of 6,18 of 22,0 of 0,0,1,0:15,0,22 of 33,30 of 45,2 of 2,0,0,4:16,0,1 of 6,2 of 7,0 of 0,0,0,0:00,,,,,,,,,,,,,,,,,,,,,,,,,,,,,18 of 20,0 of 2,3 of 3,5 of 7,0 of 0,16 of 18,3 of 5,0 of 0,1 of 1,3 of 4,0 of 0,1 of 2,16 of 26,3 of 3,3 of 4,5 of 9,2 of 2,15 of 22,1 of 6,0 of 0,0 of 0,1 of 5,0 of 1,0 of 0,,,,,,,,,,,,,,,,,,,,,,,,
"February 06, 2021",Ode Osbourne,Jerome Rivera,http://ufcstats.com/fight-details/3ac61bcb406e1a0c,W,KO/TKO,1,0:26,1,5 of 6,5 of 6,0 of 0,0,0,0:02,0,2 of 3,2 of 3,0 of 0,0,0,0:00,5 of 6,0 of 0,0 of 0,1 of 1,0 of 0,4 of 5,0 of 1,1 of 1,1 of 1,2 of 3,0 of 0,0 of 0,,,,,,,,,,,,,,,,,,,,,,,,,,,,,,,,,,,,,,,,,,,,,,,,,,,,,,,,,,,,,,,,,,,,,,,,,,,,,,,,,,,,,,,,,,,,,,,,,,,,,,,,
"January 23, 2021",Arman Tsarukyan,Matt Frevola,http://ufcstats.com/fight-details/99dbe9669f31ed91,W,Decision - Unanimous,3,5:00,0,28 of 52,33 of 60,3 of 5,0,0,1:17,0,12 of 41,24 of 54,0 of 2,0,0,0:02,20 of 43,5 of 6,3 of 3,25 of 48,3 of 4,0 of 0,5 of 31,5 of 8,2 of 2,6 of 35,6 of 6,0 of 0,0,7 of 16,34 of 57,4 of 4,0,0,4:36,0,1 of 3,20 of 23,0 of 0,0,0,0:00,0,15 of 35,36 of 63,3 of 3,0,0,2:31,0,3 of 13,7 of 20,0 of 0,0,0,0:00,,,,,,,,,,,,,,,,,,,,,,,,,,,,,4 of 11,3 of 5,0 of 0,1 of 5,1 of 3,5 of 8,1 of 3,0 of 0,0 of 0,0 of 1,1 of 2,0 of 0,8 of 28,4 of 4,3 of 3,13 of 33,1 of 1,1 of 1,2 of 12,1 of 1,0 of 0,3 of 12,0 of 1,0 of 0,,,,,,,,,,,,,,,,,,,,,,,,
"January 20, 2021",Francisco Figueiredo,Jerome Rivera,http://ufcstats.com/fight-details/4e451881e0e47b05,W,Decision - Unanimous,3,5:00,0,8 of 17,16 of 27,1 of 1,0,0,2:21,0,12 of 35,29 of 58,0 of 3,0,0,0:10,3 of 7,3 of 6,2 of 4,5 of 12,2 of 2,1 of 3,1 of 16,5 of 9,6 of 10,8 of 29,4 of 6,0 of 0,0,13 of 18,15 of 20,1 of 1,0,0,2:49,0,5 of 33,22 of 52,0 of 0,0,0,0:12,0,8 of 18,8 of 18,2 of 4,0,0,1:57,0,14 of 66,34 of 89,0 of 2,0,1,0:45,,,,,,,,,,,,,,,,,,,,,,,,,,,,,5 of 9,2 of 3,6 of 6,9 of 12,0 of 0,4 of 6,3 of 22,0 of 4,2 of 7,4 of 29,1 of 4,0 of 0,3 of 12,2 of 2,3 of 4,6 of 16,2 of 2,0 of 0,8 of 52,3 of 7,3 of 7,10 of 54,4 of 12,0 of 0,,,,,,,,,,,,,,,,,,,,,,,,
"January 20, 2021",Mike Davis,Mason Jones,http://ufcstats.com/fight-details/031e6624f96aceb8,W,Decision - Unanimous,3,5:00,0,31 of 58,31 of 58,3 of 5,0,0,0:43,0,29 of 69,38 of 78,0 of 1,0,0,0:04,16 of 37,11 of 15,4 of 6,27 of 50,1 of 4,3 of 4,17 of 53,3 of 7,9 of 9,24 of 63,5 of 6,0 of 0,0,40 of 77,40 of 77,0 of 3,0,0,0:07,0,48 of 125,52 of 129,1 of 1,0,0,0:26,0,37 of 72,40 of 75,0 of 1,0,0,0:00,0,40 of 119,42 of 122,0 of 2,0,0,0:21,,,,,,,,,,,,,,,,,,,,,,,,,,,,,22 of 50,14 of 22,4 of 5,37 of 74,3 of 3,0 of 0,39 of 112,4 of 7,5 of 6,44 of 114,2 of 4,2 of 7,16 of 44,17 of 24,4 of 4,33 of 65,4 of 7,0 of 0,27 of 100,11 of 17,2 of 2,36 of 108,4 of 11,0 of 0,,,,,,,,,,,,,,,,,,,,,,,,
"January 20, 2021",Victoria Leonardo,Manon Fiorot,http://ufcstats.com/fight-details/ae38fb2a6b6a0cc1,L,KO/TKO,2,4:08,0,10 of 51,11 of 52,0 of 0,0,0,0:02,0,32 of 55,33 of 56,0 of 0,0,0,0:32,4 of 39,3 of 7,3 of 5,8 of 47,2 of 4,0 of 0,14 of 34,12 of 15,6 of 6,22 of 42,10 of 13,0 of 0,0,7 of 30,7 of 30,0 of 1,0,0,0:00,0,21 of 45,25 of 49,1 of 1,0,0,0:53,,,,,,,,,,,,,,,,,,,,,,,,,,,,,,,,,,,,,,,,,,,3 of 20,0 of 4,4 of 6,7 of 29,0 of 1,0 of 0,17 of 38,2 of 4,2 of 3,20 of 40,0 of 2,1 of 3,,,,,,,,,,,,,,,,,,,,,,,,,,,,,,,,,,,,
"January 16, 2021",Punahele Soriano,Dusko Todorovic,http://ufcstats.com/fight-details/358f816aff469270,W,KO/TKO,1,4:48,2,30 of 66,32 of 69,0 of 1,0,0,0:38,0,22 of 57,23 of 59,0 of 0,0,0,0:04,25 of 60,4 of 5,1 of 1,21 of 51,4 of 5,5 of 10,15 of 49,7 of 8,0 of 0,18 of 53,4 of 4,0 of 0,,,,,,,,,,,,,,,,,,,,,,,,,,,,,,,,,,,,,,,,,,,,,,,,,,,,,,,,,,,,,,,,,,,,,,,,,,,,,,,,,,,,,,,,,,,,,,,,,,,,,,,,
"January 16, 2021",Jacob Kilburn,Austin Lingo,http://ufcstats.com/fight-details/3d903bc35023f50a,L,Decision - Unanimous,3,5:00,0,21 of 74,21 of 74,0 of 6,0,0,0:36,1,44 of 83,45 of 84,0 of 0,0,0,0:24,15 of 62,5 of 11,1 of 1,20 of 73,1 of 1,0 of 0,39 of 77,3 of 4,2 of 2,42 of 79,2 of 3,0 of 1,0,19 of 58,23 of 62,1 of 6,0,0,0:33,0,26 of 48,26 of 48,1 of 2,0,0,1:13,0,24 of 69,34 of 80,0 of 6,1,0,0:00,0,25 of 51,39 of 65,0 of 0,0,0,2:13,,,,,,,,,,,,,,,,,,,,,,,,,,,,,15 of 51,1 of 4,3 of 3,18 of 51,1 of 6,0 of 1,21 of 43,4 of 4,1 of 1,26 of 48,0 of 0,0 of 0,17 of 59,2 of 4,5 of 6,22 of 66,1 of 1,1 of 2,21 of 46,3 of 4,1 of 1,25 of 50,0 of 1,0 of 0,,,,,,,,,,,,,,,,,,,,,,,,
"December 19, 2020",Stephen Thompson,Geoff Neal,http://ufcstats.com/fight-details/c7375d5db21cbaae,W,Decision - Unanimous,5,5:00,0,25 of 66,25 of 66,0 of 0,0,0,0:00,0,7 of 30,7 of 30,0 of 0,0,0,0:00,15 of 54,7 of 9,3 of 3,25 of 66,0 of 0,0 of 0,6 of 29,0 of 0,1 of 1,7 of 29,0 of 1,0 of 0,0,30 of 70,36 of 76,0 of 0,0,0,0:00,0,15 of 25,22 of 33,0 of 0,0,0,0:30,0,33 of 80,41 of 89,0 of 0,0,0,0:00,0,15 of 33,25 of 43,0 of 0,0,0,1:32,0,34 of 75,35 of 76,0 of 0,0,0,0:00,0,15 of 31,18 of 34,0 of 0,0,0,1:04,0,49 of 115,54 of 121,0 of 0,0,0,0:00,0,33 of 60,38 of 65,0 of 0,0,0,0:40,17 of 57,12 of 12,1 of 1,30 of 70,0 of 0,0 of 0,8 of 16,4 of 5,3 of 4,14 of 23,1 of 2,0 of 0,27 of 72,6 of 8,0 of 0,30 of 76,3 of 4,0 of 0,13 of 31,2 of 2,0 of 0,14 of 31,1 of 2,0 of 0,25 of 65,9 of 10,0 of 0,32 of 72,2 of 3,0 of 0,13 of 28,1 of 2,1 of 1,13 of 29,2 of 2,0 of 0,40 of 106,7 of 7,2 of 2,48 of 114,1 of 1,0 of 0,31 of 57,1 of 2,1 of 1,31 of 57,2 of 3,0 of 0
"December 19, 2020",Marcin Tybura,Greg Hardy,http://ufcstats.com/fight-details/cd150cd28738a7c5,W,KO/TKO,2,4:31,0,16 of 36,16 of 36,0 of 1,0,0,0:02,0,38 of 62,38 of 62,0 of 0,0,0,0:02,8 of 27,5 of 6,3 of 3,16 of 36,0 of 0,0 of 0,23 of 42,7 of 8,8 of 12,35 of 57,3 of 5,0 of 0,0,35 of 65,44 of 75,1 of 3,0,0,1:25,0,12 of 29,12 of 29,0 of 0,0,0,0:00,,,,,,,,,,,,,,,,,,,,,,,,,,,,,,,,,,,,,,,,,,,26 of 55,5 of 6,4 of 4,17 of 38,0 of 0,18 of 27,6 of 23,5 of 5,1 of 1,11 of 28,1 of 1,0 of 0,,,,,,,,,,,,,,,,,,,,,,,,,,,,,,,,,,,,
"December 19, 2020",Deron Winn,Antonio Arroyo,http://ufcstats.com/fight-details/f004d3d50b78af50,W,Decision - Unanimous,3,5:00,0,9 of 15,9 of 15,4 of 6,0,0,2:21,0,26 of 30,33 of 37,0 of 0,0,0,0:28,4 of 10,2 of 2,3 of 3,9 of 15,0 of 0,0 of 0,19 of 23,4 of 4,3 of 3,25 of 29,0 of 0,1 of 1,0,6 of 12,30 of 39,4 of 6,0,0,3:41,0,9 of 14,14 of 19,0 of 0,0,0,0:00,0,5 of 11,25 of 35,4 of 4,0,0,3:27,0,10 of 18,23 of 31,0 of 0,0,0,0:00,,,,,,,,,,,,,,,,,,,,,,,,,,,,,3 of 8,1 of 2,2 of 2,4 of 9,2 of 2,0 of 1,5 of 9,3 of 4,1 of 1,9 of 14,0 of 0,0 of 0,3 of 8,2 of 3,0 of 0,5 of 11,0 of 0,0 of 0,5 of 13,4 of 4,1 of 1,9 of 17,0 of 0,1 of 1,,,,,,,,,,,,,,,,,,,,,,,,
"December 19, 2020",Tafon Nchukwi,Jamie Pickett,http://ufcstats.com/fight-details/0fe4906754b2d0f9,W,Decision - Unanimous,3,5:00,0,35 of 58,43 of 66,0 of 1,0,0,0:21,0,9 of 17,9 of 17,1 of 2,0,0,0:32,22 of 44,13 of 14,0 of 0,20 of 41,15 of 17,0 of 0,7 of 15,2 of 2,0 of 0,9 of 16,0 of 1,0 of 0,0,41 of 69,54 of 82,0 of 0,0,0,0:53,0,25 of 43,25 of 43,0 of 2,0,0,0:00,1,44 of 60,62 of 86,0 of 1,0,0,1:37,0,6 of 21,6 of 21,0 of 0,0,0,0:02,,,,,,,,,,,,,,,,,,,,,,,,,,,,,19 of 45,22 of 24,0 of 0,16 of 41,25 of 28,0 of 0,15 of 33,6 of 6,4 of 4,24 of 42,1 of 1,0 of 0,29 of 44,14 of 15,1 of 1,23 of 36,17 of 18,4 of 6,6 of 20,0 of 1,0 of 0,6 of 19,0 of 2,0 of 0,,,,,,,,,,,,,,,,,,,,,,,,
"December 19, 2020",Jimmy Flick,Cody Durden,http://ufcstats.com/fight-details/62e6eadbb2805760,W,Submission,1,3:18,0,6 of 14,7 of 15,0 of 1,1,0,0:00,0,21 of 32,30 of 43,2 of 2,0,0,1:21,4 of 7,0 of 1,2 of 6,6 of 14,0 of 0,0 of 0,17 of 28,3 of 3,1 of 1,17 of 28,2 of 2,2 of 2,,,,,,,,,,,,,,,,,,,,,,,,,,,,,,,,,,,,,,,,,,,,,,,,,,,,,,,,,,,,,,,,,,,,,,,,,,,,,,,,,,,,,,,,,,,,,,,,,,,,,,,,
"December 12, 2020",Kevin Holland,Jacare Souza,http://ufcstats.com/fight-details/4a172a5191cb8e60,W,KO/TKO,1,1:45,0,15 of 18,21 of 24,0 of 0,0,0,0:02,0,2 of 2,2 of 2,2 of 3,0,0,1:27,14 of 17,0 of 0,1 of 1,1 of 2,2 of 2,12 of 14,2 of 2,0 of 0,0 of 0,0 of 0,0 of 0,2 of 2,,,,,,,,,,,,,,,,,,,,,,,,,,,,,,,,,,,,,,,,,,,,,,,,,,,,,,,,,,,,,,,,,,,,,,,,,,,,,,,,,,,,,,,,,,,,,,,,,,,,,,,,
"December 12, 2020",Gavin Tucker,Billy Quarantillo,http://ufcstats.com/fight-details/87d0b767742d3239,W,Decision - Unanimous,3,5:00,0,38 of 63,43 of 68,2 of 3,0,0,0:58,0,33 of 69,44 of 80,0 of 1,0,0,0:14,17 of 41,17 of 18,4 of 4,23 of 47,15 of 16,0 of 0,18 of 48,12 of 18,3 of 3,25 of 58,8 of 11,0 of 0,0,53 of 76,58 of 81,1 of 3,0,0,1:18,0,38 of 69,43 of 74,0 of 1,0,0,0:03,0,15 of 27,22 of 34,4 of 7,0,0,2:58,0,13 of 40,49 of 79,0 of 1,0,0,0:08,,,,,,,,,,,,,,,,,,,,,,,,,,,,,39 of 59,12 of 15,2 of 2,36 of 53,15 of 21,2 of 2,20 of 48,16 of 19,2 of 2,25 of 56,13 of 13,0 of 0,12 of 22,2 of 4,1 of 1,12 of 22,2 of 4,1 of 1,7 of 31,5 of 7,1 of 2,5 of 24,8 of 11,0 of 5,,,,,,,,,,,,,,,,,,,,,,,,
"December 12, 2020",Chase Hooper,Peter Barrett,http://ufcstats.com/fight-details/33d52ac2d70b8415,W,Submission,3,3:02,0,25 of 54,26 of 55,0 of 3,1,0,0:44,0,23 of 41,36 of 54,0 of 0,0,0,0:08,3 of 25,8 of 12,14 of 17,25 of 54,0 of 0,0 of 0,11 of 28,6 of 7,6 of 6,23 of 40,0 of 1,0 of 0,0,22 of 47,22 of 47,0 of 2,0,0,0:00,0,21 of 36,21 of 36,0 of 0,0,0,0:51,0,10 of 16,33 of 42,0 of 1,1,0,0:00,0,4 of 10,4 of 10,0 of 0,0,0,0:06,,,,,,,,,,,,,,,,,,,,,,,,,,,,,10 of 33,0 of 2,12 of 12,22 of 47,0 of 0,0 of 0,4 of 18,3 of 4,14 of 14,21 of 36,0 of 0,0 of 0,5 of 8,2 of 4,3 of 4,8 of 14,0 of 0,2 of 2,2 of 6,0 of 1,2 of 3,4 of 10,0 of 0,0 of 0,,,,,,,,,,,,,,,,,,,,,,,,
"December 05, 2020",Ovince Saint Preux,Jamahal Hill,http://ufcstats.com/fight-details/8d4a475e48722fea,L,KO/TKO,2,3:37,0,21 of 41,22 of 42,0 of 0,0,0,0:00,0,27 of 51,27 of 51,0 of 0,0,0,0:09,2 of 17,8 of 10,11 of 14,21 of 41,0 of 0,0 of 0,7 of 25,15 of 20,5 of 6,27 of 51,0 of 0,0 of 0,0,15 of 31,15 of 31,0 of 0,0,0,0:00,0,41 of 77,41 of 77,0 of 0,0,0,0:06,,,,,,,,,,,,,,,,,,,,,,,,,,,,,,,,,,,,,,,,,,,5 of 19,6 of 7,4 of 5,14 of 29,1 of 2,0 of 0,32 of 67,8 of 8,1 of 2,35 of 69,6 of 8,0 of 0,,,,,,,,,,,,,,,,,,,,,,,,,,,,,,,,,,,,
"December 05, 2020",Matt Wiman,Jordan Leavitt,http://ufcstats.com/fight-details/856fab879c68ded7,L,KO/TKO,1,0:22,0,0 of 2,0 of 2,0 of 0,0,0,0:00,0,1 of 1,1 of 1,1 of 2,0,0,0:00,0 of 1,0 of 0,0 of 1,0 of 2,0 of 0,0 of 0,0 of 0,1 of 1,0 of 0,1 of 1,0 of 0,0 of 0,,,,,,,,,,,,,,,,,,,,,,,,,,,,,,,,,,,,,,,,,,,,,,,,,,,,,,,,,,,,,,,,,,,,,,,,,,,,,,,,,,,,,,,,,,,,,,,,,,,,,,,,
"November 28, 2020",Miguel Baeza,Takashi Sato,http://ufcstats.com/fight-details/28b6ee9c3eb8b753,W,Submission,2,4:28,0,18 of 37,19 of 38,0 of 0,0,0,0:07,0,8 of 29,8 of 29,0 of 0,0,0,0:02,5 of 17,10 of 16,3 of 4,15 of 34,3 of 3,0 of 0,5 of 24,2 of 4,1 of 1,8 of 27,0 of 1,0 of 1,0,22 of 36,24 of 44,1 of 2,1,0,1:02,0,7 of 29,7 of 29,0 of 0,0,0,0:00,,,,,,,,,,,,,,,,,,,,,,,,,,,,,,,,,,,,,,,,,,,11 of 23,10 of 12,1 of 1,17 of 31,0 of 0,5 of 5,5 of 25,2 of 4,0 of 0,7 of 29,0 of 0,0 of 0,,,,,,,,,,,,,,,,,,,,,,,,,,,,,,,,,,,,
"November 28, 2020",Josh Parisian,Parker Porter,http://ufcstats.com/fight-details/32a7da2f34ae3803,L,Decision - Unanimous,3,5:00,0,56 of 115,61 of 122,0 of 0,0,0,0:02,0,46 of 92,57 of 104,1 of 2,0,0,1:10,38 of 92,18 of 22,0 of 1,38 of 89,18 of 26,0 of 0,33 of 77,10 of 12,3 of 3,33 of 77,13 of 15,0 of 0,0,24 of 43,27 of 46,0 of 0,0,0,0:00,0,30 of 46,54 of 78,1 of 1,1,0,3:12,0,34 of 68,35 of 69,0 of 0,0,0,0:26,0,50 of 90,53 of 93,0 of 1,0,0,0:05,,,,,,,,,,,,,,,,,,,,,,,,,,,,,11 of 30,9 of 9,4 of 4,19 of 37,5 of 6,0 of 0,18 of 34,4 of 4,8 of 8,25 of 35,4 of 8,1 of 3,22 of 51,8 of 13,4 of 4,32 of 64,2 of 4,0 of 0,39 of 79,2 of 2,9 of 9,47 of 86,3 of 4,0 of 0,,,,,,,,,,,,,,,,,,,,,,,,
"November 28, 2020",Spike Carlyle,Bill Algeo,http://ufcstats.com/fight-details/181c3312f14de5a8,L,Decision - Unanimous,3,5:00,0,10 of 22,13 of 28,2 of 4,1,0,1:32,0,26 of 35,36 of 46,0 of 1,0,1,0:27,4 of 13,1 of 3,5 of 6,10 of 22,0 of 0,0 of 0,12 of 20,7 of 8,7 of 7,19 of 28,0 of 0,7 of 7,0,5 of 10,6 of 13,1 of 1,0,1,1:04,0,14 of 19,44 of 53,1 of 1,0,0,3:10,0,8 of 21,9 of 24,1 of 8,0,0,1:42,0,30 of 41,38 of 51,0 of 1,0,0,0:39,,,,,,,,,,,,,,,,,,,,,,,,,,,,,4 of 9,0 of 0,1 of 1,2 of 5,0 of 0,3 of 5,8 of 11,6 of 8,0 of 0,5 of 8,3 of 3,6 of 8,6 of 15,2 of 5,0 of 1,7 of 18,1 of 3,0 of 0,24 of 32,5 of 7,1 of 2,18 of 28,11 of 12,1 of 1,,,,,,,,,,,,,,,,,,,,,,,,
"November 28, 2020",Jonathan Pearce,Kai Kamaka III,http://ufcstats.com/fight-details/4d56bcd82438e632,W,KO/TKO,2,4:28,0,22 of 55,23 of 56,1 of 3,0,0,0:35,0,35 of 64,36 of 65,1 of 2,0,0,0:11,10 of 37,9 of 15,3 of 3,19 of 51,3 of 4,0 of 0,13 of 37,15 of 20,7 of 7,35 of 64,0 of 0,0 of 0,0,29 of 45,90 of 116,4 of 4,1,0,2:51,0,12 of 19,12 of 19,0 of 1,1,1,0:22,,,,,,,,,,,,,,,,,,,,,,,,,,,,,,,,,,,,,,,,,,,24 of 39,3 of 4,2 of 2,8 of 20,3 of 5,18 of 20,7 of 14,5 of 5,0 of 0,9 of 15,2 of 3,1 of 1,,,,,,,,,,,,,,,,,,,,,,,,,,,,,,,,,,,,
"November 28, 2020",Martin Day,Anderson Dos Santos,http://ufcstats.com/fight-details/0c27552ea7bc8c8a,L,Submission,1,4:35,0,9 of 12,16 of 19,1 of 1,0,0,0:15,0,11 of 20,22 of 31,1 of 6,1,0,2:57,3 of 4,3 of 3,3 of 5,9 of 12,0 of 0,0 of 0,5 of 13,2 of 2,4 of 5,8 of 15,0 of 1,3 of 4,,,,,,,,,,,,,,,,,,,,,,,,,,,,,,,,,,,,,,,,,,,,,,,,,,,,,,,,,,,,,,,,,,,,,,,,,,,,,,,,,,,,,,,,,,,,,,,,,,,,,,,,
"November 21, 2020",Joaquin Buckley,Jordan Wright,http://ufcstats.com/fight-details/6c1b38dd918793ff,W,KO/TKO,2,0:18,1,36 of 69,52 of 85,0 of 2,0,0,1:49,0,17 of 42,35 of 61,0 of 1,0,0,0:02,25 of 53,11 of 16,0 of 0,26 of 56,3 of 3,7 of 10,5 of 28,11 of 13,1 of 1,15 of 39,2 of 3,0 of 0,1,7 of 11,7 of 11,0 of 0,0,0,0:00,0,1 of 5,1 of 5,0 of 0,0,0,0:00,,,,,,,,,,,,,,,,,,,,,,,,,,,,,,,,,,,,,,,,,,,6 of 10,1 of 1,0 of 0,7 of 11,0 of 0,0 of 0,0 of 4,1 of 1,0 of 0,1 of 5,0 of 0,0 of 0,,,,,,,,,,,,,,,,,,,,,,,,,,,,,,,,,,,,
"November 21, 2020",Antonina Shevchenko,Ariane da Silva,http://ufcstats.com/fight-details/a485281be8e9d2e2,W,KO/TKO,2,4:33,0,10 of 12,37 of 52,1 of 2,0,0,3:48,0,10 of 14,20 of 24,0 of 2,0,0,0:28,4 of 6,4 of 4,2 of 2,5 of 6,5 of 6,0 of 0,4 of 7,4 of 4,2 of 3,8 of 12,2 of 2,0 of 0,0,29 of 45,57 of 76,0 of 1,0,0,3:51,0,5 of 12,5 of 12,0 of 1,0,0,0:00,,,,,,,,,,,,,,,,,,,,,,,,,,,,,,,,,,,,,,,,,,,28 of 44,0 of 0,1 of 1,3 of 6,0 of 0,26 of 39,3 of 8,1 of 2,1 of 2,5 of 12,0 of 0,0 of 0,,,,,,,,,,,,,,,,,,,,,,,,,,,,,,,,,,,,
"November 21, 2020",Daniel Rodriguez,Nicolas Dalby,http://ufcstats.com/fight-details/e22d5aab3d099c7c,L,Decision - Unanimous,3,5:00,0,31 of 69,31 of 69,0 of 0,0,0,0:00,0,17 of 42,17 of 42,0 of 0,0,0,0:00,11 of 44,12 of 16,8 of 9,31 of 69,0 of 0,0 of 0,5 of 20,4 of 7,8 of 15,17 of 42,0 of 0,0 of 0,0,17 of 48,33 of 65,0 of 1,0,0,0:39,0,9 of 38,14 of 43,0 of 4,0,0,0:55,0,35 of 82,41 of 88,0 of 1,0,0,0:02,0,24 of 67,27 of 70,0 of 3,0,0,0:33,,,,,,,,,,,,,,,,,,,,,,,,,,,,,9 of 35,5 of 10,3 of 3,16 of 47,1 of 1,0 of 0,3 of 24,1 of 8,5 of 6,9 of 37,0 of 1,0 of 0,24 of 66,2 of 6,9 of 10,34 of 81,1 of 1,0 of 0,16 of 53,2 of 8,6 of 6,24 of 67,0 of 0,0 of 0,,,,,,,,,,,,,,,,,,,,,,,,
"November 21, 2020",Kyle Daukaus,Dustin Stoltzfus,http://ufcstats.com/fight-details/90eb22b9eb6ed2a8,W,Decision - Unanimous,3,5:00,0,10 of 17,25 of 36,1 of 3,0,0,3:26,0,8 of 9,40 of 44,0 of 1,0,1,0:39,9 of 14,1 of 2,0 of 1,2 of 6,1 of 1,7 of 10,3 of 3,2 of 3,3 of 3,4 of 5,3 of 3,1 of 1,0,17 of 34,37 of 58,0 of 3,0,0,2:23,0,13 of 31,36 of 54,0 of 2,0,0,0:37,0,37 of 71,51 of 89,1 of 1,1,0,2:51,0,11 of 23,19 of 32,0 of 4,0,0,0:45,,,,,,,,,,,,,,,,,,,,,,,,,,,,,16 of 32,1 of 2,0 of 0,14 of 28,3 of 6,0 of 0,5 of 21,4 of 5,4 of 5,6 of 23,7 of 8,0 of 0,31 of 65,5 of 5,1 of 1,22 of 51,10 of 10,5 of 10,6 of 17,2 of 3,3 of 3,8 of 19,3 of 4,0 of 0,,,,,,,,,,,,,,,,,,,,,,,,
"November 21, 2020",Louis Cosce,Sasha Palatnikov,http://ufcstats.com/fight-details/91afc389191d41fb,L,KO/TKO,3,2:47,1,57 of 111,67 of 123,1 of 3,0,0,0:34,0,56 of 103,65 of 113,1 of 1,0,0,1:17,50 of 99,3 of 8,4 of 4,25 of 66,7 of 11,25 of 34,42 of 85,13 of 17,1 of 1,42 of 86,12 of 13,2 of 4,0,29 of 68,34 of 73,0 of 1,0,0,0:04,0,44 of 83,62 of 102,0 of 0,0,0,0:59,0,13 of 27,14 of 28,0 of 5,0,0,0:15,0,25 of 51,33 of 60,0 of 0,0,0,1:00,,,,,,,,,,,,,,,,,,,,,,,,,,,,,20 of 56,3 of 5,6 of 7,26 of 63,3 of 5,0 of 0,40 of 77,4 of 6,0 of 0,32 of 67,8 of 11,4 of 5,6 of 17,6 of 8,1 of 2,7 of 21,6 of 6,0 of 0,18 of 40,7 of 11,0 of 0,8 of 27,5 of 9,12 of 15,,,,,,,,,,,,,,,,,,,,,,,,
"November 14, 2020",Brendan Allen,Sean Strickland,http://ufcstats.com/fight-details/fa6e8fa6c3f05e31,L,KO/TKO,2,1:32,0,31 of 59,33 of 61,0 of 0,0,0,0:00,0,56 of 97,68 of 112,1 of 1,0,0,1:34,16 of 41,9 of 12,6 of 6,31 of 58,0 of 1,0 of 0,53 of 94,1 of 1,2 of 2,53 of 93,3 of 4,0 of 0,0,20 of 31,20 of 31,0 of 0,0,0,0:00,1,38 of 64,38 of 64,0 of 0,0,0,0:00,,,,,,,,,,,,,,,,,,,,,,,,,,,,,,,,,,,,,,,,,,,12 of 22,2 of 2,6 of 7,19 of 30,1 of 1,0 of 0,37 of 63,1 of 1,0 of 0,37 of 62,1 of 2,0 of 0,,,,,,,,,,,,,,,,,,,,,,,,,,,,,,,,,,,,
"November 14, 2020",Kay Hansen,Cory McKenna,http://ufcstats.com/fight-details/742dc4196d329db0,L,Decision - Unanimous,3,5:00,0,29 of 51,33 of 55,0 of 2,0,0,1:37,0,29 of 58,54 of 85,0 of 1,0,0,0:58,20 of 42,7 of 7,2 of 2,23 of 43,6 of 8,0 of 0,28 of 57,0 of 0,1 of 1,27 of 54,2 of 4,0 of 0,0,25 of 37,26 of 38,1 of 2,1,0,0:59,0,18 of 51,50 of 86,0 of 0,0,0,1:28,0,13 of 22,28 of 38,1 of 1,1,0,2:46,0,10 of 28,52 of 75,0 of 0,0,1,0:39,,,,,,,,,,,,,,,,,,,,,,,,,,,,,16 of 27,7 of 7,2 of 3,20 of 32,5 of 5,0 of 0,18 of 51,0 of 0,0 of 0,13 of 46,3 of 3,2 of 2,11 of 20,1 of 1,1 of 1,11 of 20,0 of 0,2 of 2,10 of 28,0 of 0,0 of 0,9 of 27,0 of 0,1 of 1,,,,,,,,,,,,,,,,,,,,,,,,
"November 14, 2020",Geraldo de Freitas,Tony Gravely,http://ufcstats.com/fight-details/9e4dcac049327529,L,Decision - Split,3,5:00,0,13 of 27,22 of 40,0 of 1,0,0,0:00,0,10 of 23,23 of 40,2 of 2,0,0,3:38,11 of 25,0 of 0,2 of 2,13 of 26,0 of 0,0 of 1,5 of 17,0 of 1,5 of 5,4 of 15,0 of 0,6 of 8,0,19 of 27,29 of 37,1 of 3,0,0,0:02,0,15 of 30,26 of 42,3 of 7,0,0,3:23,0,44 of 74,57 of 88,0 of 0,0,0,0:00,0,24 of 48,37 of 62,2 of 8,0,0,2:54,,,,,,,,,,,,,,,,,,,,,,,,,,,,,14 of 22,4 of 4,1 of 1,14 of 22,2 of 2,3 of 3,15 of 30,0 of 0,0 of 0,7 of 19,1 of 2,7 of 9,36 of 64,8 of 10,0 of 0,42 of 69,2 of 4,0 of 1,17 of 40,4 of 4,3 of 4,16 of 38,4 of 4,4 of 6,,,,,,,,,,,,,,,,,,,,,,,,
"November 14, 2020",Don'Tale Mayes,Roque Martinez,http://ufcstats.com/fight-details/f6472ca263a863d1,W,Decision - Unanimous,3,5:00,0,16 of 52,31 of 69,1 of 1,0,0,1:34,0,18 of 28,19 of 30,0 of 0,0,0,0:24,6 of 38,6 of 9,4 of 5,16 of 49,0 of 0,0 of 3,5 of 12,4 of 4,9 of 12,17 of 27,1 of 1,0 of 0,0,24 of 56,27 of 59,0 of 0,0,0,0:06,0,20 of 42,21 of 43,0 of 1,0,0,0:38,0,19 of 27,22 of 30,0 of 1,0,0,0:47,0,20 of 41,56 of 79,1 of 1,0,0,1:50,,,,,,,,,,,,,,,,,,,,,,,,,,,,,15 of 41,8 of 14,1 of 1,23 of 54,1 of 2,0 of 0,13 of 32,4 of 6,3 of 4,19 of 41,1 of 1,0 of 0,13 of 21,6 of 6,0 of 0,15 of 23,4 of 4,0 of 0,12 of 32,8 of 9,0 of 0,18 of 39,2 of 2,0 of 0,,,,,,,,,,,,,,,,,,,,,,,,
"November 07, 2020",Giga Chikadze,Jamey Simmons,http://ufcstats.com/fight-details/0fed97329b78b887,W,KO/TKO,1,3:51,1,8 of 16,8 of 16,0 of 1,0,0,0:09,0,2 of 4,4 of 6,0 of 3,0,0,0:44,6 of 13,2 of 3,0 of 0,4 of 10,0 of 0,4 of 6,2 of 4,0 of 0,0 of 0,1 of 3,1 of 1,0 of 0,,,,,,,,,,,,,,,,,,,,,,,,,,,,,,,,,,,,,,,,,,,,,,,,,,,,,,,,,,,,,,,,,,,,,,,,,,,,,,,,,,,,,,,,,,,,,,,,,,,,,,,,
"November 07, 2020",Trevin Giles,Bevon Lewis,http://ufcstats.com/fight-details/fea7dd5904ab4c91,W,KO/TKO,3,1:26,1,12 of 21,25 of 35,1 of 2,0,0,2:16,0,8 of 16,41 of 53,0 of 1,0,0,1:35,10 of 18,2 of 3,0 of 0,9 of 16,2 of 4,1 of 1,4 of 11,2 of 3,2 of 2,4 of 11,4 of 5,0 of 0,0,15 of 26,15 of 26,0 of 0,0,0,0:00,0,14 of 43,14 of 43,0 of 4,0,0,0:00,1,11 of 12,11 of 12,0 of 0,0,0,0:17,0,4 of 16,5 of 17,0 of 1,0,0,0:00,,,,,,,,,,,,,,,,,,,,,,,,,,,,,13 of 24,0 of 0,2 of 2,15 of 26,0 of 0,0 of 0,8 of 33,4 of 6,2 of 4,14 of 43,0 of 0,0 of 0,11 of 12,0 of 0,0 of 0,10 of 11,1 of 1,0 of 0,3 of 15,0 of 0,1 of 1,3 of 15,1 of 1,0 of 0,,,,,,,,,,,,,,,,,,,,,,,,
"October 31, 2020",Maurice Greene,Greg Hardy,http://ufcstats.com/fight-details/d763ad79532b27ff,L,KO/TKO,2,1:12,0,13 of 25,13 of 25,0 of 0,0,0,0:00,0,25 of 43,35 of 54,1 of 1,0,0,2:15,3 of 10,3 of 5,7 of 10,12 of 24,0 of 0,1 of 1,14 of 28,4 of 4,7 of 11,14 of 27,0 of 0,11 of 16,0,4 of 12,4 of 12,0 of 0,0,0,0:00,1,21 of 31,21 of 31,0 of 0,0,0,0:17,,,,,,,,,,,,,,,,,,,,,,,,,,,,,,,,,,,,,,,,,,,3 of 11,0 of 0,1 of 1,4 of 12,0 of 0,0 of 0,18 of 27,1 of 1,2 of 3,5 of 9,0 of 0,16 of 22,,,,,,,,,,,,,,,,,,,,,,,,,,,,,,,,,,,,
"October 31, 2020",Kevin Holland,Charlie Ontiveros,http://ufcstats.com/fight-details/997dcf5fd2eb0f2f,W,Submission,1,2:39,0,11 of 12,33 of 34,2 of 2,0,0,2:13,0,2 of 2,2 of 2,0 of 0,0,0,0:00,10 of 11,0 of 0,1 of 1,2 of 3,0 of 0,9 of 9,2 of 2,0 of 0,0 of 0,2 of 2,0 of 0,0 of 0,,,,,,,,,,,,,,,,,,,,,,,,,,,,,,,,,,,,,,,,,,,,,,,,,,,,,,,,,,,,,,,,,,,,,,,,,,,,,,,,,,,,,,,,,,,,,,,,,,,,,,,,
"October 31, 2020",Adrian Yanez,Victor Rodriguez,http://ufcstats.com/fight-details/4e566bd7094b49da,W,KO/TKO,1,2:46,1,17 of 34,18 of 35,0 of 0,0,0,0:05,0,6 of 13,9 of 16,0 of 3,0,0,0:54,15 of 32,2 of 2,0 of 0,16 of 33,1 of 1,0 of 0,5 of 11,1 of 2,0 of 0,6 of 12,0 of 1,0 of 0,,,,,,,,,,,,,,,,,,,,,,,,,,,,,,,,,,,,,,,,,,,,,,,,,,,,,,,,,,,,,,,,,,,,,,,,,,,,,,,,,,,,,,,,,,,,,,,,,,,,,,,,
"October 31, 2020",Dustin Jacoby,Justin Ledet,http://ufcstats.com/fight-details/783761d95060ffc4,W,KO/TKO,1,2:38,2,22 of 38,22 of 38,0 of 0,0,0,0:11,0,10 of 31,10 of 31,0 of 0,0,0,0:00,10 of 22,2 of 5,10 of 11,17 of 29,0 of 1,5 of 8,8 of 29,0 of 0,2 of 2,10 of 30,0 of 1,0 of 0,,,,,,,,,,,,,,,,,,,,,,,,,,,,,,,,,,,,,,,,,,,,,,,,,,,,,,,,,,,,,,,,,,,,,,,,,,,,,,,,,,,,,,,,,,,,,,,,,,,,,,,,
"October 31, 2020",Miles Johns,Kevin Natividad,http://ufcstats.com/fight-details/7e6f12a95c14f9de,W,KO/TKO,3,2:51,0,20 of 39,23 of 42,0 of 3,0,0,0:51,0,11 of 48,13 of 50,0 of 0,0,0,0:00,17 of 33,0 of 3,3 of 3,19 of 36,1 of 3,0 of 0,8 of 42,1 of 4,2 of 2,11 of 47,0 of 1,0 of 0,0,14 of 36,19 of 42,0 of 3,0,0,1:36,0,12 of 52,15 of 55,0 of 1,0,0,0:00,1,14 of 30,14 of 30,0 of 1,0,0,0:36,0,10 of 37,10 of 37,0 of 0,0,0,0:00,,,,,,,,,,,,,,,,,,,,,,,,,,,,,12 of 34,1 of 1,1 of 1,14 of 35,0 of 1,0 of 0,8 of 46,4 of 5,0 of 1,10 of 48,2 of 4,0 of 0,10 of 25,2 of 3,2 of 2,13 of 29,1 of 1,0 of 0,7 of 31,3 of 6,0 of 0,10 of 37,0 of 0,0 of 0,,,,,,,,,,,,,,,,,,,,,,,,
"October 24, 2020",Jacob Malkoun,Phil Hawes,http://ufcstats.com/fight-details/a2620cbef573a837,L,KO/TKO,1,0:18,0,0 of 2,0 of 2,0 of 0,0,0,0:00,1,7 of 11,7 of 11,0 of 0,0,0,0:01,0 of 2,0 of 0,0 of 0,0 of 2,0 of 0,0 of 0,7 of 11,0 of 0,0 of 0,5 of 9,0 of 0,2 of 2,,,,,,,,,,,,,,,,,,,,,,,,,,,,,,,,,,,,,,,,,,,,,,,,,,,,,,,,,,,,,,,,,,,,,,,,,,,,,,,,,,,,,,,,,,,,,,,,,,,,,,,,
"October 24, 2020",Nathaniel Wood,Casey Kenney,http://ufcstats.com/fight-details/de2069fea664c4b7,L,Decision - Unanimous,3,5:00,0,51 of 120,51 of 120,0 of 0,0,0,0:00,0,54 of 96,54 of 96,0 of 0,0,0,0:00,22 of 83,6 of 12,23 of 25,51 of 120,0 of 0,0 of 0,29 of 68,13 of 15,12 of 13,53 of 95,1 of 1,0 of 0,0,48 of 113,48 of 113,0 of 0,0,0,0:00,0,40 of 90,40 of 90,0 of 2,0,0,0:02,0,37 of 88,39 of 92,0 of 3,0,0,0:00,0,29 of 61,31 of 63,2 of 4,0,0,1:28,,,,,,,,,,,,,,,,,,,,,,,,,,,,,26 of 86,0 of 4,22 of 23,48 of 113,0 of 0,0 of 0,26 of 71,5 of 9,9 of 10,39 of 89,1 of 1,0 of 0,22 of 68,3 of 6,12 of 14,35 of 85,2 of 3,0 of 0,19 of 50,7 of 8,3 of 3,26 of 57,2 of 3,1 of 1,,,,,,,,,,,,,,,,,,,,,,,,
"October 17, 2020",Jimmy Crute,Modestas Bukauskas,http://ufcstats.com/fight-details/948da1b7ebbb06b3,W,KO/TKO,1,2:01,2,17 of 24,18 of 25,0 of 1,0,0,0:25,0,7 of 17,7 of 17,0 of 0,0,0,0:00,8 of 14,1 of 1,8 of 9,14 of 21,1 of 1,2 of 2,2 of 11,2 of 3,3 of 3,7 of 17,0 of 0,0 of 0,,,,,,,,,,,,,,,,,,,,,,,,,,,,,,,,,,,,,,,,,,,,,,,,,,,,,,,,,,,,,,,,,,,,,,,,,,,,,,,,,,,,,,,,,,,,,,,,,,,,,,,,
"October 10, 2020",Chris Daukaus,Rodrigo Nascimento,http://ufcstats.com/fight-details/1e525f9857019a2e,W,KO/TKO,1,0:45,2,13 of 21,13 of 21,0 of 0,0,0,0:24,0,1 of 4,1 of 4,0 of 0,0,0,0:00,13 of 21,0 of 0,0 of 0,6 of 11,0 of 0,7 of 10,0 of 3,0 of 0,1 of 1,1 of 4,0 of 0,0 of 0,,,,,,,,,,,,,,,,,,,,,,,,,,,,,,,,,,,,,,,,,,,,,,,,,,,,,,,,,,,,,,,,,,,,,,,,,,,,,,,,,,,,,,,,,,,,,,,,,,,,,,,,
"October 10, 2020",Impa Kasanganay,Joaquin Buckley,http://ufcstats.com/fight-details/ee57cbd0b68c689d,L,KO/TKO,2,2:03,0,22 of 55,25 of 61,0 of 0,0,0,0:00,0,21 of 61,21 of 62,1 of 2,0,0,1:03,14 of 46,4 of 4,4 of 5,22 of 55,0 of 0,0 of 0,13 of 50,3 of 6,5 of 5,17 of 55,2 of 3,2 of 3,0,6 of 24,6 of 24,0 of 0,0,0,0:00,1,8 of 33,8 of 33,0 of 0,0,0,0:00,,,,,,,,,,,,,,,,,,,,,,,,,,,,,,,,,,,,,,,,,,,3 of 18,1 of 4,2 of 2,6 of 24,0 of 0,0 of 0,6 of 29,2 of 4,0 of 0,8 of 33,0 of 0,0 of 0,,,,,,,,,,,,,,,,,,,,,,,,,,,,,,,,,,,,
"October 10, 2020",Giga Chikadze,Omar Morales,http://ufcstats.com/fight-details/89dd4c256ca5d317,W,Decision - Unanimous,3,5:00,0,23 of 50,23 of 50,0 of 0,0,0,0:00,0,11 of 31,11 of 31,0 of 0,0,0,0:26,10 of 35,7 of 7,6 of 8,23 of 50,0 of 0,0 of 0,8 of 27,1 of 1,2 of 3,11 of 31,0 of 0,0 of 0,0,11 of 39,13 of 41,0 of 1,0,0,0:07,0,11 of 50,12 of 52,0 of 0,0,0,0:32,1,31 of 68,33 of 72,0 of 0,0,0,0:22,0,12 of 47,12 of 47,0 of 0,0,0,0:06,,,,,,,,,,,,,,,,,,,,,,,,,,,,,8 of 33,3 of 5,0 of 1,11 of 39,0 of 0,0 of 0,5 of 42,4 of 5,2 of 3,11 of 50,0 of 0,0 of 0,14 of 49,14 of 16,3 of 3,20 of 45,0 of 2,11 of 21,10 of 42,2 of 5,0 of 0,12 of 44,0 of 0,0 of 3,,,,,,,,,,,,,,,,,,,,,,,,
"October 10, 2020",Tracy Cortez,Stephanie Egger,http://ufcstats.com/fight-details/849cc2c331e9b24f,W,Decision - Unanimous,3,5:00,0,6 of 14,13 of 22,1 of 2,0,0,2:43,0,6 of 16,12 of 32,0 of 1,0,1,0:34,2 of 7,2 of 3,2 of 4,4 of 11,0 of 1,2 of 2,2 of 10,0 of 1,4 of 5,6 of 16,0 of 0,0 of 0,0,6 of 13,31 of 51,1 of 1,0,0,4:16,0,2 of 9,7 of 19,0 of 0,0,0,0:14,0,8 of 15,22 of 36,1 of 2,0,0,2:59,0,2 of 7,8 of 19,1 of 5,0,0,1:19,,,,,,,,,,,,,,,,,,,,,,,,,,,,,3 of 8,1 of 3,2 of 2,3 of 6,0 of 0,3 of 7,2 of 9,0 of 0,0 of 0,0 of 6,2 of 3,0 of 0,6 of 13,0 of 0,2 of 2,2 of 7,0 of 1,6 of 7,2 of 5,0 of 1,0 of 1,2 of 7,0 of 0,0 of 0,,,,,,,,,,,,,,,,,,,,,,,,
"October 03, 2020",Yorgan De Castro,Carlos Felipe,http://ufcstats.com/fight-details/ba6093c9136f99e9,L,Decision - Unanimous,3,5:00,0,14 of 27,14 of 27,0 of 0,0,0,0:00,0,23 of 57,23 of 57,0 of 0,0,0,0:00,3 of 14,2 of 3,9 of 10,14 of 27,0 of 0,0 of 0,7 of 35,8 of 14,8 of 8,23 of 57,0 of 0,0 of 0,0,28 of 57,29 of 58,0 of 0,0,0,0:30,0,27 of 75,28 of 76,0 of 0,0,0,1:04,0,6 of 16,70 of 89,0 of 1,0,0,2:43,0,28 of 45,37 of 54,0 of 0,0,0,0:24,,,,,,,,,,,,,,,,,,,,,,,,,,,,,15 of 42,6 of 8,7 of 7,28 of 56,0 of 1,0 of 0,12 of 55,12 of 16,3 of 4,24 of 71,3 of 4,0 of 0,6 of 16,0 of 0,0 of 0,6 of 16,0 of 0,0 of 0,20 of 37,8 of 8,0 of 0,18 of 33,10 of 12,0 of 0,,,,,,,,,,,,,,,,,,,,,,,,
"October 03, 2020",Kyler Phillips,Cameron Else,http://ufcstats.com/fight-details/c00a8682fb5b71bd,W,KO/TKO,2,0:44,0,26 of 57,28 of 59,1 of 1,0,0,2:04,0,9 of 25,18 of 38,0 of 0,0,0,0:03,16 of 43,5 of 8,5 of 6,12 of 35,0 of 0,14 of 22,4 of 17,4 of 6,1 of 2,8 of 23,0 of 0,1 of 2,0,6 of 21,6 of 21,1 of 1,0,0,0:21,0,2 of 5,2 of 5,0 of 0,0,0,0:00,,,,,,,,,,,,,,,,,,,,,,,,,,,,,,,,,,,,,,,,,,,6 of 20,0 of 0,0 of 1,1 of 6,0 of 0,5 of 15,0 of 3,2 of 2,0 of 0,2 of 5,0 of 0,0 of 0,,,,,,,,,,,,,,,,,,,,,,,,,,,,,,,,,,,,
"October 03, 2020",Dequan Townsend,Dusko Todorovic,http://ufcstats.com/fight-details/1e7caef3f6dfde10,L,KO/TKO,2,3:15,0,11 of 29,17 of 35,0 of 0,0,0,0:18,0,53 of 75,65 of 89,0 of 0,0,0,1:22,4 of 19,5 of 8,2 of 2,8 of 26,3 of 3,0 of 0,36 of 57,11 of 12,6 of 6,36 of 55,17 of 20,0 of 0,0,2 of 12,4 of 14,0 of 0,0,0,0:00,0,32 of 59,44 of 78,1 of 2,0,0,2:03,,,,,,,,,,,,,,,,,,,,,,,,,,,,,,,,,,,,,,,,,,,1 of 9,1 of 3,0 of 0,2 of 12,0 of 0,0 of 0,30 of 57,0 of 0,2 of 2,3 of 12,0 of 0,29 of 47,,,,,,,,,,,,,,,,,,,,,,,,,,,,,,,,,,,,
"October 03, 2020",Jordan Williams,Nassourdine Imavov,http://ufcstats.com/fight-details/15a422574c3b89e1,L,Decision - Unanimous,3,5:00,0,14 of 26,35 of 49,0 of 1,0,0,1:11,0,10 of 17,12 of 19,1 of 5,2,0,1:41,11 of 21,2 of 4,1 of 1,7 of 18,7 of 8,0 of 0,7 of 14,2 of 2,1 of 1,7 of 14,3 of 3,0 of 0,0,7 of 27,13 of 37,0 of 2,0,0,0:50,0,29 of 45,38 of 57,0 of 2,2,0,2:20,0,9 of 45,14 of 51,0 of 0,0,0,0:23,0,29 of 48,31 of 50,0 of 1,0,0,0:50,,,,,,,,,,,,,,,,,,,,,,,,,,,,,6 of 25,1 of 2,0 of 0,7 of 26,0 of 1,0 of 0,25 of 41,3 of 3,1 of 1,18 of 28,3 of 3,8 of 14,8 of 42,1 of 3,0 of 0,9 of 44,0 of 1,0 of 0,18 of 35,8 of 9,3 of 4,23 of 41,6 of 7,0 of 0,,,,,,,,,,,,,,,,,,,,,,,,
"October 03, 2020",Casey Kenney,Alatengheili,http://ufcstats.com/fight-details/ac6b2a5f24c2b8bd,W,Decision - Unanimous,3,5:00,0,40 of 94,40 of 94,0 of 0,0,0,0:00,0,19 of 64,19 of 64,0 of 0,0,0,0:00,21 of 69,15 of 19,4 of 6,40 of 94,0 of 0,0 of 0,9 of 53,5 of 6,5 of 5,19 of 64,0 of 0,0 of 0,0,29 of 79,29 of 79,0 of 0,0,0,0:00,0,14 of 52,14 of 52,0 of 0,0,0,0:00,0,40 of 90,40 of 90,0 of 1,0,0,0:00,0,13 of 55,13 of 55,0 of 0,0,0,0:00,,,,,,,,,,,,,,,,,,,,,,,,,,,,,11 of 58,15 of 18,3 of 3,29 of 79,0 of 0,0 of 0,9 of 43,2 of 4,3 of 5,14 of 52,0 of 0,0 of 0,25 of 65,11 of 21,4 of 4,40 of 88,0 of 2,0 of 0,8 of 44,4 of 10,1 of 1,13 of 55,0 of 0,0 of 0,,,,,,,,,,,,,,,,,,,,,,,,
"September 26, 2020",William Knight,Aleksa Camur,http://ufcstats.com/fight-details/5fb63c34935acce9,W,Decision - Unanimous,3,5:00,0,9 of 15,12 of 19,0 of 1,0,0,0:48,0,5 of 10,23 of 28,0 of 2,0,0,2:34,6 of 9,1 of 3,2 of 3,5 of 11,4 of 4,0 of 0,1 of 6,4 of 4,0 of 0,1 of 6,4 of 4,0 of 0,0,16 of 21,21 of 26,2 of 2,1,1,2:37,0,5 of 11,24 of 30,1 of 2,0,0,1:44,0,13 of 18,25 of 32,2 of 2,0,0,3:14,0,7 of 9,12 of 14,0 of 0,0,0,1:08,,,,,,,,,,,,,,,,,,,,,,,,,,,,,13 of 16,1 of 2,2 of 3,2 of 6,1 of 1,13 of 14,2 of 5,2 of 5,1 of 1,4 of 10,1 of 1,0 of 0,10 of 15,1 of 1,2 of 2,3 of 7,4 of 4,6 of 7,5 of 7,2 of 2,0 of 0,4 of 6,3 of 3,0 of 0,,,,,,,,,,,,,,,,,,,,,,,,
"September 26, 2020",Juan Espino,Jeff Hughes,http://ufcstats.com/fight-details/8e7b2d62f834b417,W,Submission,1,3:48,0,10 of 17,21 of 29,5 of 7,1,0,2:36,0,0 of 1,0 of 1,0 of 0,0,0,0:00,9 of 14,1 of 1,0 of 2,2 of 7,0 of 0,8 of 10,0 of 0,0 of 0,0 of 1,0 of 1,0 of 0,0 of 0,,,,,,,,,,,,,,,,,,,,,,,,,,,,,,,,,,,,,,,,,,,,,,,,,,,,,,,,,,,,,,,,,,,,,,,,,,,,,,,,,,,,,,,,,,,,,,,,,,,,,,,,
"September 19, 2020",Johnny Walker,Ryan Spann,http://ufcstats.com/fight-details/1a484c452623181e,W,KO/TKO,1,2:43,0,26 of 30,30 of 34,0 of 0,0,1,0:40,2,7 of 13,10 of 16,2 of 2,0,0,1:46,24 of 27,1 of 2,1 of 1,4 of 5,0 of 0,22 of 25,7 of 13,0 of 0,0 of 0,3 of 7,0 of 0,4 of 6,,,,,,,,,,,,,,,,,,,,,,,,,,,,,,,,,,,,,,,,,,,,,,,,,,,,,,,,,,,,,,,,,,,,,,,,,,,,,,,,,,,,,,,,,,,,,,,,,,,,,,,,
"September 19, 2020",Kevin Holland,Darren Stewart,http://ufcstats.com/fight-details/78c3ca588e55bf31,W,Decision - Split,3,5:00,0,33 of 56,68 of 92,0 of 1,0,0,2:04,0,17 of 35,35 of 53,0 of 2,0,0,0:20,26 of 45,4 of 5,3 of 6,28 of 50,5 of 6,0 of 0,9 of 26,3 of 4,5 of 5,13 of 29,4 of 6,0 of 0,0,31 of 57,49 of 78,0 of 1,0,0,0:10,0,28 of 40,30 of 43,1 of 2,0,0,1:18,0,10 of 16,46 of 53,0 of 1,0,0,1:21,0,12 of 35,32 of 63,2 of 4,0,0,2:31,,,,,,,,,,,,,,,,,,,,,,,,,,,,,19 of 41,5 of 8,7 of 8,26 of 49,4 of 6,1 of 2,8 of 17,2 of 2,18 of 21,17 of 29,0 of 0,11 of 11,9 of 15,0 of 0,1 of 1,8 of 13,2 of 3,0 of 0,9 of 31,1 of 1,2 of 3,3 of 11,2 of 2,7 of 22,,,,,,,,,,,,,,,,,,,,,,,,
"September 19, 2020",Jordan Espinosa,David Dvorak,http://ufcstats.com/fight-details/36807d8a7ebc84a5,L,Decision - Unanimous,3,5:00,0,15 of 48,15 of 48,0 of 0,0,0,0:00,0,18 of 41,18 of 41,0 of 0,0,0,0:00,5 of 35,3 of 5,7 of 8,15 of 48,0 of 0,0 of 0,8 of 23,2 of 7,8 of 11,18 of 41,0 of 0,0 of 0,0,15 of 52,15 of 52,0 of 1,0,0,0:00,0,19 of 54,19 of 54,0 of 0,0,0,0:00,0,20 of 62,20 of 62,0 of 0,0,0,0:00,0,31 of 51,32 of 52,0 of 1,0,0,0:04,,,,,,,,,,,,,,,,,,,,,,,,,,,,,7 of 43,4 of 5,4 of 4,14 of 50,1 of 2,0 of 0,9 of 38,2 of 5,8 of 11,17 of 51,2 of 3,0 of 0,4 of 41,7 of 10,9 of 11,18 of 58,2 of 4,0 of 0,13 of 29,4 of 7,14 of 15,26 of 43,5 of 8,0 of 0,,,,,,,,,,,,,,,,,,,,,,,,
"September 19, 2020",Jessica-Rose Clark,Sarah Alpar,http://ufcstats.com/fight-details/bf614956b28f231c,W,KO/TKO,3,4:21,0,16 of 22,27 of 35,1 of 1,0,0,2:01,0,7 of 13,15 of 21,1 of 3,0,0,2:02,15 of 21,1 of 1,0 of 0,6 of 12,5 of 5,5 of 5,2 of 6,0 of 1,5 of 6,7 of 13,0 of 0,0 of 0,0,32 of 45,53 of 76,0 of 0,0,0,2:36,0,4 of 10,10 of 16,1 of 5,0,0,1:19,0,28 of 39,44 of 64,0 of 0,0,0,3:41,0,1 of 7,1 of 7,0 of 3,0,0,0:07,,,,,,,,,,,,,,,,,,,,,,,,,,,,,26 of 38,5 of 6,1 of 1,4 of 9,13 of 15,15 of 21,1 of 5,2 of 2,1 of 3,4 of 10,0 of 0,0 of 0,25 of 36,3 of 3,0 of 0,5 of 9,7 of 9,16 of 21,0 of 4,1 of 3,0 of 0,1 of 7,0 of 0,0 of 0,,,,,,,,,,,,,,,,,,,,,,,,
"September 19, 2020",Darrick Minner,TJ Laramie,http://ufcstats.com/fight-details/36656dfa32341671,W,Submission,1,0:52,0,15 of 17,18 of 20,0 of 0,1,0,0:07,0,0 of 4,0 of 4,0 of 1,0,0,0:23,1 of 3,13 of 13,1 of 1,2 of 4,13 of 13,0 of 0,0 of 3,0 of 1,0 of 0,0 of 3,0 of 1,0 of 0,,,,,,,,,,,,,,,,,,,,,,,,,,,,,,,,,,,,,,,,,,,,,,,,,,,,,,,,,,,,,,,,,,,,,,,,,,,,,,,,,,,,,,,,,,,,,,,,,,,,,,,,
"September 19, 2020",Tyson Nam,Jerome Rivera,http://ufcstats.com/fight-details/579f3280456ad450,W,KO/TKO,2,0:34,0,20 of 48,20 of 48,0 of 0,0,0,0:06,0,28 of 76,29 of 77,0 of 0,0,0,0:00,11 of 34,7 of 12,2 of 2,17 of 45,3 of 3,0 of 0,9 of 43,1 of 10,18 of 23,27 of 75,1 of 1,0 of 0,1,16 of 24,16 of 24,0 of 0,0,0,0:17,0,2 of 4,2 of 4,0 of 0,0,0,0:00,,,,,,,,,,,,,,,,,,,,,,,,,,,,,,,,,,,,,,,,,,,16 of 24,0 of 0,0 of 0,1 of 2,0 of 0,15 of 22,0 of 2,1 of 1,1 of 1,2 of 4,0 of 0,0 of 0,,,,,,,,,,,,,,,,,,,,,,,,,,,,,,,,,,,,
"September 12, 2020",Billy Quarantillo,Kyle Nelson,http://ufcstats.com/fight-details/c58aaabf2c5635d7,W,KO/TKO,3,0:07,0,33 of 60,58 of 87,1 of 1,0,0,0:44,0,25 of 59,28 of 62,0 of 2,0,0,1:22,18 of 43,7 of 9,8 of 8,31 of 58,2 of 2,0 of 0,16 of 47,8 of 11,1 of 1,22 of 52,3 of 7,0 of 0,0,43 of 85,51 of 93,1 of 5,0,0,2:42,0,29 of 53,32 of 56,0 of 2,0,0,0:05,1,3 of 5,3 of 5,0 of 0,0,0,0:02,0,2 of 2,2 of 2,0 of 0,0,0,0:00,,,,,,,,,,,,,,,,,,,,,,,,,,,,,31 of 69,8 of 12,4 of 4,35 of 74,8 of 11,0 of 0,23 of 43,5 of 9,1 of 1,19 of 41,7 of 9,3 of 3,3 of 5,0 of 0,0 of 0,3 of 4,0 of 0,0 of 1,1 of 1,0 of 0,1 of 1,2 of 2,0 of 0,0 of 0,,,,,,,,,,,,,,,,,,,,,,,,
"September 12, 2020",Roosevelt Roberts,Kevin Croom,http://ufcstats.com/fight-details/e1bb0b615c02d715,NC,Overturned,1,0:31,0,2 of 5,2 of 5,0 of 1,0,0,0:00,1,5 of 6,5 of 6,0 of 0,1,0,0:15,2 of 4,0 of 0,0 of 1,2 of 5,0 of 0,0 of 0,2 of 2,1 of 2,2 of 2,4 of 5,0 of 0,1 of 1,,,,,,,,,,,,,,,,,,,,,,,,,,,,,,,,,,,,,,,,,,,,,,,,,,,,,,,,,,,,,,,,,,,,,,,,,,,,,,,,,,,,,,,,,,,,,,,,,,,,,,,,
"September 12, 2020",Brok Weaver,Jalin Turner,http://ufcstats.com/fight-details/bcc9dca5136fc765,L,Submission,2,4:20,0,29 of 39,31 of 42,1 of 4,0,1,0:28,1,35 of 75,36 of 76,0 of 0,0,0,0:40,6 of 11,5 of 9,18 of 19,26 of 35,1 of 2,2 of 2,21 of 58,8 of 11,6 of 6,26 of 63,2 of 3,7 of 9,0,27 of 41,29 of 43,0 of 2,0,0,0:00,1,31 of 77,34 of 80,1 of 1,1,0,1:07,,,,,,,,,,,,,,,,,,,,,,,,,,,,,,,,,,,,,,,,,,,11 of 23,9 of 10,7 of 8,22 of 35,5 of 6,0 of 0,21 of 65,9 of 11,1 of 1,21 of 60,4 of 6,6 of 11,,,,,,,,,,,,,,,,,,,,,,,,,,,,,,,,,,,,
"September 05, 2020",Ovince Saint Preux,Alonzo Menifield,http://ufcstats.com/fight-details/0e809b7e37681783,W,KO/TKO,2,4:07,0,13 of 42,13 of 42,0 of 0,0,0,0:00,0,11 of 23,13 of 26,0 of 2,0,0,0:36,7 of 25,6 of 16,0 of 1,13 of 42,0 of 0,0 of 0,9 of 19,1 of 3,1 of 1,10 of 22,1 of 1,0 of 0,1,20 of 38,20 of 38,0 of 0,0,0,0:03,0,8 of 17,8 of 17,0 of 0,0,0,0:00,,,,,,,,,,,,,,,,,,,,,,,,,,,,,,,,,,,,,,,,,,,5 of 19,11 of 15,4 of 4,20 of 38,0 of 0,0 of 0,3 of 12,2 of 2,3 of 3,7 of 16,1 of 1,0 of 0,,,,,,,,,,,,,,,,,,,,,,,,,,,,,,,,,,,,
"September 05, 2020",Brian Kelleher,Ray Rodriguez,http://ufcstats.com/fight-details/7595aabe89020780,W,Submission,1,0:39,0,1 of 3,1 of 3,0 of 0,1,0,0:00,0,1 of 5,1 of 5,1 of 1,0,0,0:12,0 of 2,0 of 0,1 of 1,1 of 3,0 of 0,0 of 0,0 of 3,0 of 1,1 of 1,1 of 5,0 of 0,0 of 0,,,,,,,,,,,,,,,,,,,,,,,,,,,,,,,,,,,,,,,,,,,,,,,,,,,,,,,,,,,,,,,,,,,,,,,,,,,,,,,,,,,,,,,,,,,,,,,,,,,,,,,,
"September 05, 2020",Cole Smith,Hunter Azure,http://ufcstats.com/fight-details/7340b4cbdbac5863,L,Decision - Unanimous,3,5:00,0,11 of 29,14 of 32,0 of 1,1,0,0:32,1,26 of 29,48 of 51,2 of 3,0,0,2:48,3 of 14,6 of 13,2 of 2,10 of 27,1 of 2,0 of 0,19 of 22,1 of 1,6 of 6,12 of 14,4 of 4,10 of 11,0,11 of 17,31 of 38,1 of 3,0,0,0:43,0,6 of 11,11 of 17,2 of 2,0,0,3:29,0,9 of 35,24 of 51,1 of 1,2,0,1:58,0,10 of 16,16 of 22,1 of 3,0,0,1:45,,,,,,,,,,,,,,,,,,,,,,,,,,,,,6 of 8,1 of 2,4 of 7,6 of 12,1 of 1,4 of 4,4 of 9,1 of 1,1 of 1,5 of 10,1 of 1,0 of 0,7 of 21,1 of 10,1 of 4,4 of 28,3 of 5,2 of 2,6 of 12,3 of 3,1 of 1,7 of 11,0 of 2,3 of 3,,,,,,,,,,,,,,,,,,,,,,,,
"August 29, 2020",Ricardo Lamas,Bill Algeo,http://ufcstats.com/fight-details/3a8e4b830750e9d4,W,Decision - Unanimous,3,5:00,0,47 of 71,48 of 72,1 of 2,0,0,0:32,0,41 of 80,47 of 86,0 of 0,0,0,0:35,25 of 45,10 of 13,12 of 13,42 of 65,5 of 6,0 of 0,28 of 60,8 of 14,5 of 6,37 of 75,4 of 5,0 of 0,0,23 of 38,23 of 38,1 of 4,0,1,1:53,0,34 of 65,66 of 97,1 of 1,0,0,0:44,0,34 of 47,56 of 70,3 of 5,0,0,3:48,0,14 of 23,32 of 41,0 of 0,0,0,0:00,,,,,,,,,,,,,,,,,,,,,,,,,,,,,11 of 23,7 of 8,5 of 7,15 of 30,8 of 8,0 of 0,22 of 50,11 of 13,1 of 2,22 of 49,12 of 16,0 of 0,28 of 38,3 of 4,3 of 5,5 of 13,1 of 1,28 of 33,7 of 14,3 of 5,4 of 4,12 of 21,0 of 0,2 of 2,,,,,,,,,,,,,,,,,,,,,,,,
"August 29, 2020",Maki Pitolo,Impa Kasanganay,http://ufcstats.com/fight-details/eb9097be07a3c26a,L,Decision - Unanimous,3,5:00,0,31 of 66,31 of 66,0 of 0,0,0,0:00,0,28 of 69,29 of 70,0 of 0,0,0,0:11,21 of 52,7 of 11,3 of 3,31 of 65,0 of 1,0 of 0,20 of 55,5 of 11,3 of 3,27 of 66,1 of 3,0 of 0,0,19 of 50,20 of 51,0 of 0,0,0,0:16,0,30 of 70,30 of 70,0 of 1,0,0,0:04,0,21 of 57,21 of 57,0 of 0,0,0,0:00,0,27 of 59,27 of 59,0 of 0,0,0,0:00,,,,,,,,,,,,,,,,,,,,,,,,,,,,,15 of 42,3 of 7,1 of 1,19 of 50,0 of 0,0 of 0,27 of 61,3 of 9,0 of 0,28 of 66,2 of 4,0 of 0,18 of 47,3 of 9,0 of 1,21 of 57,0 of 0,0 of 0,21 of 48,4 of 9,2 of 2,27 of 58,0 of 1,0 of 0,,,,,,,,,,,,,,,,,,,,,,,,
"August 29, 2020",Alex Caceres,Austin Springer,http://ufcstats.com/fight-details/d43c007dab9c51b0,W,Submission,1,3:38,0,18 of 31,18 of 31,0 of 0,1,0,0:10,0,14 of 32,14 of 32,0 of 1,0,0,0:03,11 of 22,4 of 4,3 of 5,18 of 31,0 of 0,0 of 0,3 of 17,2 of 5,9 of 10,13 of 31,1 of 1,0 of 0,,,,,,,,,,,,,,,,,,,,,,,,,,,,,,,,,,,,,,,,,,,,,,,,,,,,,,,,,,,,,,,,,,,,,,,,,,,,,,,,,,,,,,,,,,,,,,,,,,,,,,,,
"August 22, 2020",Austin Hubbard,Joe Solecki,http://ufcstats.com/fight-details/23e548f618dd0e5f,L,Submission,1,3:51,0,9 of 14,9 of 14,0 of 0,0,0,0:00,0,13 of 20,36 of 43,0 of 2,1,0,2:37,2 of 5,4 of 5,3 of 4,6 of 11,3 of 3,0 of 0,8 of 15,2 of 2,3 of 3,9 of 16,4 of 4,0 of 0,,,,,,,,,,,,,,,,,,,,,,,,,,,,,,,,,,,,,,,,,,,,,,,,,,,,,,,,,,,,,,,,,,,,,,,,,,,,,,,,,,,,,,,,,,,,,,,,,,,,,,,,
"August 22, 2020",Mariya Agapova,Shana Dobson,http://ufcstats.com/fight-details/37a6fc5e69a7932d,L,KO/TKO,2,1:38,0,21 of 39,53 of 79,1 of 1,0,0,2:31,0,5 of 10,15 of 22,2 of 2,0,0,1:47,17 of 33,4 of 6,0 of 0,9 of 21,2 of 2,10 of 16,0 of 5,4 of 4,1 of 1,2 of 7,3 of 3,0 of 0,0,1 of 7,3 of 10,1 of 1,0,0,0:40,0,19 of 26,26 of 37,0 of 0,0,1,0:43,,,,,,,,,,,,,,,,,,,,,,,,,,,,,,,,,,,,,,,,,,,1 of 7,0 of 0,0 of 0,1 of 7,0 of 0,0 of 0,18 of 25,1 of 1,0 of 0,4 of 7,0 of 0,15 of 19,,,,,,,,,,,,,,,,,,,,,,,,,,,,,,,,,,,,
"August 22, 2020",Daniel Rodriguez,Dwight Grant,http://ufcstats.com/fight-details/cfa0dbc7534f3545,W,KO/TKO,1,2:24,3,15 of 32,15 of 32,0 of 0,0,0,0:02,1,30 of 68,31 of 72,0 of 0,0,0,0:53,10 of 26,3 of 4,2 of 2,11 of 27,0 of 0,4 of 5,25 of 61,2 of 2,3 of 5,13 of 24,0 of 0,17 of 44,,,,,,,,,,,,,,,,,,,,,,,,,,,,,,,,,,,,,,,,,,,,,,,,,,,,,,,,,,,,,,,,,,,,,,,,,,,,,,,,,,,,,,,,,,,,,,,,,,,,,,,,
"August 22, 2020",Ike Villanueva,Jordan Wright,http://ufcstats.com/fight-details/0ccc86f7d0e84c3e,L,TKO - Doctor's Stoppage,1,1:31,0,7 of 7,23 of 24,0 of 0,0,0,0:58,1,15 of 15,21 of 21,0 of 0,0,0,0:13,5 of 5,2 of 2,0 of 0,0 of 0,7 of 7,0 of 0,10 of 10,5 of 5,0 of 0,1 of 1,12 of 12,2 of 2,,,,,,,,,,,,,,,,,,,,,,,,,,,,,,,,,,,,,,,,,,,,,,,,,,,,,,,,,,,,,,,,,,,,,,,,,,,,,,,,,,,,,,,,,,,,,,,,,,,,,,,,
"August 15, 2020",Sean O'Malley,Marlon Vera,http://ufcstats.com/fight-details/7200343d2e957cf3,L,KO/TKO,1,4:40,0,10 of 21,10 of 21,0 of 0,0,0,0:00,0,18 of 30,18 of 30,0 of 0,0,0,0:11,3 of 12,4 of 6,3 of 3,10 of 21,0 of 0,0 of 0,5 of 10,4 of 10,9 of 10,11 of 22,0 of 0,7 of 8,,,,,,,,,,,,,,,,,,,,,,,,,,,,,,,,,,,,,,,,,,,,,,,,,,,,,,,,,,,,,,,,,,,,,,,,,,,,,,,,,,,,,,,,,,,,,,,,,,,,,,,,
"August 15, 2020",TJ Brown,Danny Chavez,http://ufcstats.com/fight-details/3e4b8bd71e8bceb2,L,Decision - Unanimous,3,5:00,0,12 of 42,12 of 42,0 of 1,0,0,0:02,0,17 of 36,17 of 36,0 of 0,0,0,0:04,4 of 29,5 of 9,3 of 4,12 of 42,0 of 0,0 of 0,4 of 21,1 of 2,12 of 13,17 of 35,0 of 0,0 of 1,0,12 of 45,18 of 52,0 of 1,0,0,0:10,0,20 of 43,23 of 46,0 of 0,0,0,0:59,0,19 of 52,29 of 62,0 of 4,0,0,0:51,0,12 of 31,12 of 31,4 of 4,0,0,1:02,,,,,,,,,,,,,,,,,,,,,,,,,,,,,7 of 33,3 of 5,2 of 7,12 of 45,0 of 0,0 of 0,13 of 35,4 of 4,3 of 4,14 of 35,0 of 0,6 of 8,14 of 41,4 of 10,1 of 1,14 of 45,5 of 7,0 of 0,6 of 25,3 of 3,3 of 3,9 of 27,0 of 0,3 of 4,,,,,,,,,,,,,,,,,,,,,,,,
"August 08, 2020",Maki Pitolo,Darren Stewart,http://ufcstats.com/fight-details/c2ddadfa1a1056be,L,Submission,1,3:41,0,12 of 31,14 of 33,1 of 1,0,0,0:17,0,13 of 38,14 of 39,0 of 1,1,0,0:19,7 of 22,4 of 8,1 of 1,12 of 31,0 of 0,0 of 0,9 of 32,2 of 4,2 of 2,13 of 38,0 of 0,0 of 0,,,,,,,,,,,,,,,,,,,,,,,,,,,,,,,,,,,,,,,,,,,,,,,,,,,,,,,,,,,,,,,,,,,,,,,,,,,,,,,,,,,,,,,,,,,,,,,,,,,,,,,,
"August 08, 2020",Kevin Holland,Joaquin Buckley,http://ufcstats.com/fight-details/05f6459d1f3ed13f,W,KO/TKO,3,0:32,1,32 of 54,34 of 56,0 of 0,0,0,0:12,0,20 of 57,20 of 57,0 of 0,0,0,0:00,17 of 32,6 of 13,9 of 9,25 of 45,4 of 6,3 of 3,3 of 25,15 of 30,2 of 2,13 of 47,7 of 10,0 of 0,0,41 of 73,46 of 78,0 of 0,0,0,0:00,0,17 of 55,18 of 56,0 of 2,0,0,0:13,1,6 of 7,6 of 7,0 of 0,0,0,0:00,0,3 of 8,3 of 8,0 of 0,0,0,0:00,,,,,,,,,,,,,,,,,,,,,,,,,,,,,24 of 49,10 of 17,7 of 7,40 of 72,1 of 1,0 of 0,1 of 29,15 of 25,1 of 1,17 of 55,0 of 0,0 of 0,4 of 5,2 of 2,0 of 0,6 of 7,0 of 0,0 of 0,2 of 5,1 of 3,0 of 0,3 of 8,0 of 0,0 of 0,,,,,,,,,,,,,,,,,,,,,,,,
"August 08, 2020",Nasrat Haqparast,Alexander Munoz,http://ufcstats.com/fight-details/26173f6491300eaa,W,Decision - Unanimous,3,5:00,0,24 of 57,28 of 61,0 of 0,0,0,0:00,0,10 of 30,13 of 33,1 of 5,0,0,0:53,22 of 55,2 of 2,0 of 0,23 of 56,1 of 1,0 of 0,8 of 28,2 of 2,0 of 0,6 of 26,4 of 4,0 of 0,0,36 of 71,36 of 71,0 of 0,0,0,0:02,0,12 of 44,12 of 44,0 of 2,0,0,0:00,0,44 of 87,44 of 87,0 of 0,0,0,0:00,0,15 of 70,15 of 70,0 of 1,0,0,0:01,,,,,,,,,,,,,,,,,,,,,,,,,,,,,33 of 67,3 of 4,0 of 0,36 of 71,0 of 0,0 of 0,11 of 43,0 of 0,1 of 1,12 of 44,0 of 0,0 of 0,38 of 79,6 of 8,0 of 0,44 of 87,0 of 0,0 of 0,13 of 65,1 of 3,1 of 2,15 of 70,0 of 0,0 of 0,,,,,,,,,,,,,,,,,,,,,,,,
"August 08, 2020",Youssef Zalal,Peter Barrett,http://ufcstats.com/fight-details/e255fc129f225a55,W,Decision - Unanimous,3,5:00,1,32 of 53,40 of 63,0 of 0,0,0,0:28,0,8 of 28,20 of 40,0 of 1,0,0,0:43,24 of 44,3 of 4,5 of 5,21 of 38,1 of 2,10 of 13,3 of 22,5 of 5,0 of 1,4 of 24,4 of 4,0 of 0,0,6 of 11,17 of 29,1 of 2,2,0,3:42,0,5 of 8,17 of 23,0 of 0,0,0,0:17,0,16 of 28,25 of 37,2 of 3,1,0,2:44,0,10 of 21,31 of 44,0 of 1,0,0,0:34,,,,,,,,,,,,,,,,,,,,,,,,,,,,,2 of 6,3 of 4,1 of 1,6 of 11,0 of 0,0 of 0,0 of 3,4 of 4,1 of 1,3 of 6,2 of 2,0 of 0,14 of 24,0 of 2,2 of 2,14 of 21,0 of 1,2 of 6,10 of 18,0 of 3,0 of 0,8 of 18,2 of 3,0 of 0,,,,,,,,,,,,,,,,,,,,,,,,
"August 01, 2020",Derek Brunson,Edmen Shahbazyan,http://ufcstats.com/fight-details/0b88d0c76f9cd7e4,W,KO/TKO,3,0:26,0,29 of 50,32 of 53,1 of 3,0,0,0:59,0,24 of 41,25 of 42,0 of 0,0,0,0:00,12 of 29,8 of 10,9 of 11,24 of 44,4 of 5,1 of 1,11 of 24,13 of 17,0 of 0,16 of 33,8 of 8,0 of 0,0,54 of 85,69 of 100,2 of 4,0,0,2:01,0,11 of 31,13 of 33,0 of 0,0,0,0:03,0,5 of 10,6 of 11,1 of 1,0,0,0:06,0,0 of 0,0 of 0,0 of 0,0,0,0:00,,,,,,,,,,,,,,,,,,,,,,,,,,,,,42 of 69,7 of 11,5 of 5,27 of 44,5 of 12,22 of 29,6 of 26,5 of 5,0 of 0,10 of 30,1 of 1,0 of 0,4 of 8,0 of 0,1 of 2,2 of 7,0 of 0,3 of 3,0 of 0,0 of 0,0 of 0,0 of 0,0 of 0,0 of 0,,,,,,,,,,,,,,,,,,,,,,,,
"August 01, 2020",Jamall Emmers,Vince Cachero,http://ufcstats.com/fight-details/76b9a338597fc604,W,Decision - Unanimous,3,5:00,0,49 of 85,49 of 85,1 of 1,0,0,0:49,0,28 of 59,37 of 69,0 of 2,0,0,0:15,16 of 46,28 of 33,5 of 6,29 of 63,20 of 22,0 of 0,18 of 44,5 of 9,5 of 6,22 of 49,5 of 9,1 of 1,0,43 of 88,50 of 97,2 of 2,0,0,1:27,0,39 of 75,53 of 91,0 of 0,0,0,0:01,0,11 of 23,14 of 27,2 of 4,0,0,3:31,0,9 of 18,31 of 41,0 of 0,0,0,0:12,,,,,,,,,,,,,,,,,,,,,,,,,,,,,36 of 79,5 of 7,2 of 2,40 of 82,2 of 5,1 of 1,33 of 69,3 of 3,3 of 3,36 of 70,2 of 4,1 of 1,6 of 18,4 of 4,1 of 1,9 of 19,1 of 3,1 of 1,7 of 14,2 of 3,0 of 1,4 of 13,4 of 4,1 of 1,,,,,,,,,,,,,,,,,,,,,,,,
"July 25, 2020",Nathaniel Wood,John Castaneda,http://ufcstats.com/fight-details/67db05bac9165722,W,Decision - Unanimous,3,5:00,0,33 of 60,34 of 64,0 of 1,0,0,0:05,0,22 of 44,22 of 44,0 of 1,0,0,0:07,9 of 29,6 of 10,18 of 21,31 of 57,2 of 3,0 of 0,9 of 30,3 of 3,10 of 11,21 of 43,1 of 1,0 of 0,0,52 of 88,54 of 90,0 of 1,0,0,0:32,0,17 of 42,24 of 49,0 of 0,0,0,0:00,0,46 of 84,48 of 86,1 of 1,0,0,0:12,0,16 of 44,20 of 48,0 of 0,0,0,0:04,,,,,,,,,,,,,,,,,,,,,,,,,,,,,25 of 55,4 of 6,23 of 27,50 of 86,2 of 2,0 of 0,12 of 36,3 of 4,2 of 2,17 of 42,0 of 0,0 of 0,25 of 59,4 of 6,17 of 19,42 of 78,4 of 6,0 of 0,14 of 42,0 of 0,2 of 2,15 of 43,1 of 1,0 of 0,,,,,,,,,,,,,,,,,,,,,,,,
"July 18, 2020",Grant Dawson,Nad Narimani,http://ufcstats.com/fight-details/bb881d4ee6dfbf86,W,Decision - Unanimous,3,5:00,0,14 of 17,46 of 53,1 of 2,0,0,3:55,0,5 of 10,21 of 26,0 of 0,0,0,0:09,5 of 7,1 of 2,8 of 8,10 of 13,0 of 0,4 of 4,3 of 8,2 of 2,0 of 0,4 of 9,0 of 0,1 of 1,0,6 of 15,57 of 82,1 of 1,1,0,4:03,0,2 of 6,12 of 19,0 of 0,0,0,0:00,0,33 of 83,33 of 83,0 of 3,0,0,0:13,0,24 of 60,24 of 60,0 of 0,0,0,0:00,,,,,,,,,,,,,,,,,,,,,,,,,,,,,3 of 10,1 of 1,2 of 4,5 of 12,0 of 0,1 of 3,1 of 5,0 of 0,1 of 1,2 of 6,0 of 0,0 of 0,17 of 57,3 of 11,13 of 15,33 of 83,0 of 0,0 of 0,13 of 46,10 of 13,1 of 1,22 of 58,2 of 2,0 of 0,,,,,,,,,,,,,,,,,,,,,,,,
"July 18, 2020",Brett Johns,Montel Jackson,http://ufcstats.com/fight-details/b5f70d0c88f12645,W,Decision - Unanimous,3,5:00,0,5 of 10,11 of 16,2 of 4,0,0,2:24,1,11 of 17,25 of 32,1 of 1,0,0,1:37,2 of 7,1 of 1,2 of 2,2 of 6,2 of 2,1 of 2,7 of 13,3 of 3,1 of 1,4 of 9,1 of 1,6 of 7,0,1 of 2,7 of 8,3 of 8,0,0,3:23,0,9 of 10,24 of 25,0 of 1,0,1,0:36,0,5 of 7,12 of 15,3 of 7,1,0,2:55,0,6 of 17,31 of 42,1 of 1,0,0,0:28,,,,,,,,,,,,,,,,,,,,,,,,,,,,,1 of 1,0 of 1,0 of 0,0 of 1,1 of 1,0 of 0,5 of 6,3 of 3,1 of 1,4 of 5,4 of 4,1 of 1,4 of 6,1 of 1,0 of 0,2 of 4,3 of 3,0 of 0,6 of 16,0 of 0,0 of 1,6 of 17,0 of 0,0 of 0,,,,,,,,,,,,,,,,,,,,,,,,
"July 15, 2020",Calvin Kattar,Dan Ige,http://ufcstats.com/fight-details/abeaae1a64934178,W,Decision - Unanimous,5,5:00,0,20 of 46,20 of 46,1 of 1,0,0,0:39,0,13 of 36,16 of 39,0 of 1,0,0,0:00,11 of 34,9 of 11,0 of 1,17 of 38,0 of 0,3 of 8,7 of 26,4 of 7,2 of 3,13 of 36,0 of 0,0 of 0,0,15 of 39,15 of 39,0 of 0,0,0,0:00,0,18 of 45,18 of 45,0 of 0,0,0,0:00,0,21 of 63,21 of 63,0 of 0,0,0,0:00,0,20 of 49,20 of 49,0 of 1,0,0,0:00,0,21 of 57,22 of 58,0 of 0,0,0,0:19,0,16 of 36,16 of 36,0 of 4,0,0,0:03,0,28 of 55,29 of 56,0 of 0,0,0,0:08,0,17 of 52,17 of 52,0 of 3,0,0,0:00,13 of 34,2 of 5,0 of 0,15 of 39,0 of 0,0 of 0,7 of 32,6 of 7,5 of 6,18 of 45,0 of 0,0 of 0,14 of 52,3 of 7,4 of 4,21 of 63,0 of 0,0 of 0,7 of 29,8 of 15,5 of 5,20 of 49,0 of 0,0 of 0,12 of 47,2 of 3,7 of 7,18 of 51,0 of 1,3 of 5,10 of 27,4 of 6,2 of 3,14 of 34,2 of 2,0 of 0,20 of 44,3 of 6,5 of 5,24 of 45,1 of 2,3 of 8,6 of 36,8 of 11,3 of 5,17 of 52,0 of 0,0 of 0
"July 11, 2020",Martin Day,Davey Grant,http://ufcstats.com/fight-details/5d6fb4acfe5cc8a1,L,KO/TKO,3,2:38,1,14 of 47,17 of 50,0 of 1,0,0,0:46,0,17 of 46,26 of 55,1 of 1,0,0,0:57,9 of 36,3 of 8,2 of 3,12 of 43,0 of 0,2 of 4,7 of 33,4 of 6,6 of 7,14 of 41,0 of 0,3 of 5,0,22 of 58,26 of 63,0 of 0,0,1,0:42,0,30 of 71,34 of 76,1 of 2,1,0,1:11,0,26 of 55,26 of 55,0 of 0,0,0,0:00,1,27 of 60,27 of 60,0 of 1,0,0,0:00,,,,,,,,,,,,,,,,,,,,,,,,,,,,,13 of 46,9 of 12,0 of 0,22 of 57,0 of 0,0 of 1,19 of 59,10 of 11,1 of 1,28 of 68,2 of 3,0 of 0,23 of 51,3 of 4,0 of 0,26 of 55,0 of 0,0 of 0,21 of 52,5 of 7,1 of 1,27 of 60,0 of 0,0 of 0,,,,,,,,,,,,,,,,,,,,,,,,
"June 27, 2020",Brendan Allen,Kyle Daukaus,http://ufcstats.com/fight-details/cfd47fddbb705f26,W,Decision - Unanimous,3,5:00,1,16 of 27,29 of 42,0 of 0,0,1,2:32,0,5 of 10,11 of 17,1 of 2,0,1,1:54,12 of 23,4 of 4,0 of 0,3 of 8,2 of 2,11 of 17,2 of 6,2 of 3,1 of 1,3 of 7,2 of 3,0 of 0,0,17 of 26,26 of 37,0 of 0,0,2,2:42,0,22 of 36,48 of 62,1 of 1,0,0,1:28,0,8 of 13,24 of 30,0 of 0,0,1,0:23,0,7 of 12,33 of 48,1 of 2,0,0,4:22,,,,,,,,,,,,,,,,,,,,,,,,,,,,,12 of 20,4 of 5,1 of 1,7 of 14,1 of 1,9 of 11,20 of 33,1 of 2,1 of 1,12 of 22,0 of 0,10 of 14,7 of 12,1 of 1,0 of 0,3 of 4,0 of 0,5 of 9,7 of 12,0 of 0,0 of 0,4 of 6,0 of 0,3 of 6,,,,,,,,,,,,,,,,,,,,,,,,
"June 27, 2020",Sean Woodson,Julian Erosa,http://ufcstats.com/fight-details/8a8fea2c10512434,L,Submission,3,2:44,0,37 of 76,40 of 79,0 of 0,0,0,0:00,0,23 of 55,26 of 58,0 of 1,0,0,0:11,32 of 70,1 of 2,4 of 4,36 of 74,1 of 2,0 of 0,11 of 38,3 of 6,9 of 11,18 of 45,5 of 10,0 of 0,0,46 of 98,53 of 105,0 of 0,0,0,0:00,0,59 of 110,59 of 110,0 of 1,0,0,0:22,1,23 of 45,23 of 46,0 of 0,0,0,0:05,0,21 of 41,22 of 42,3 of 4,1,0,0:40,,,,,,,,,,,,,,,,,,,,,,,,,,,,,42 of 93,3 of 4,1 of 1,45 of 96,1 of 2,0 of 0,37 of 76,16 of 27,6 of 7,48 of 96,11 of 14,0 of 0,19 of 40,3 of 4,1 of 1,21 of 41,1 of 1,1 of 3,13 of 30,3 of 6,5 of 5,18 of 38,3 of 3,0 of 0,,,,,,,,,,,,,,,,,,,,,,,,
"June 27, 2020",Jordan Griffin,Youssef Zalal,http://ufcstats.com/fight-details/0f369d09416b9e34,L,Decision - Unanimous,3,5:00,0,3 of 19,3 of 19,1 of 2,0,0,1:54,0,11 of 29,12 of 30,0 of 1,0,0,1:13,3 of 19,0 of 0,0 of 0,3 of 19,0 of 0,0 of 0,7 of 18,0 of 4,4 of 7,11 of 29,0 of 0,0 of 0,0,8 of 24,12 of 28,0 of 1,0,1,1:55,0,13 of 31,22 of 40,0 of 0,0,1,1:39,0,17 of 26,18 of 27,1 of 5,0,0,1:45,0,35 of 52,36 of 53,0 of 1,0,0,1:31,,,,,,,,,,,,,,,,,,,,,,,,,,,,,7 of 23,1 of 1,0 of 0,8 of 22,0 of 0,0 of 2,7 of 23,5 of 7,1 of 1,9 of 26,4 of 4,0 of 1,16 of 25,1 of 1,0 of 0,17 of 26,0 of 0,0 of 0,28 of 44,6 of 7,1 of 1,27 of 43,8 of 8,0 of 1,,,,,,,,,,,,,,,,,,,,,,,,
"June 20, 2020",Jim Miller,Roosevelt Roberts,http://ufcstats.com/fight-details/9b39e15b42422a08,W,Submission,1,2:25,0,2 of 3,9 of 10,0 of 0,1,0,1:48,0,1 of 2,7 of 8,0 of 0,0,0,0:26,0 of 1,1 of 1,1 of 1,1 of 1,0 of 0,1 of 2,1 of 1,0 of 1,0 of 0,0 of 1,0 of 0,1 of 1,,,,,,,,,,,,,,,,,,,,,,,,,,,,,,,,,,,,,,,,,,,,,,,,,,,,,,,,,,,,,,,,,,,,,,,,,,,,,,,,,,,,,,,,,,,,,,,,,,,,,,,,
"June 13, 2020",Karl Roberson,Marvin Vettori,http://ufcstats.com/fight-details/e857ca0bc3b9fdcd,L,Submission,1,4:17,0,4 of 16,4 of 16,0 of 0,0,0,0:19,0,45 of 64,60 of 79,2 of 3,2,0,2:05,4 of 16,0 of 0,0 of 0,4 of 16,0 of 0,0 of 0,45 of 64,0 of 0,0 of 0,2 of 12,0 of 0,43 of 52,,,,,,,,,,,,,,,,,,,,,,,,,,,,,,,,,,,,,,,,,,,,,,,,,,,,,,,,,,,,,,,,,,,,,,,,,,,,,,,,,,,,,,,,,,,,,,,,,,,,,,,,
"June 13, 2020",Charles Rosa,Kevin Aguilar,http://ufcstats.com/fight-details/1109a8f2adc81ce0,W,Decision - Split,3,5:00,0,20 of 56,20 of 56,0 of 1,0,0,0:00,0,14 of 37,14 of 37,0 of 0,0,0,0:00,5 of 34,5 of 9,10 of 13,20 of 56,0 of 0,0 of 0,10 of 29,4 of 7,0 of 1,11 of 32,3 of 5,0 of 0,0,22 of 50,22 of 50,0 of 0,0,0,0:00,0,17 of 39,17 of 39,0 of 0,0,0,0:00,0,27 of 67,27 of 67,0 of 0,0,0,0:00,0,22 of 59,22 of 59,0 of 2,0,0,0:04,,,,,,,,,,,,,,,,,,,,,,,,,,,,,10 of 30,6 of 11,6 of 9,22 of 50,0 of 0,0 of 0,11 of 31,5 of 6,1 of 2,17 of 39,0 of 0,0 of 0,18 of 55,4 of 6,5 of 6,27 of 67,0 of 0,0 of 0,13 of 49,8 of 9,1 of 1,22 of 59,0 of 0,0 of 0,,,,,,,,,,,,,,,,,,,,,,,,
"June 13, 2020",Jordan Espinosa,Mark De La Rosa,http://ufcstats.com/fight-details/e36b8b88646f72f8,W,Decision - Unanimous,3,5:00,0,49 of 66,98 of 118,0 of 0,0,0,0:00,0,6 of 29,7 of 30,0 of 3,0,0,2:37,39 of 56,3 of 3,7 of 7,26 of 38,23 of 28,0 of 0,1 of 22,1 of 2,4 of 5,4 of 27,2 of 2,0 of 0,0,38 of 65,47 of 75,0 of 0,0,0,0:00,0,17 of 52,18 of 53,0 of 0,0,0,0:55,0,39 of 54,43 of 61,2 of 3,0,0,2:22,0,14 of 37,18 of 44,0 of 0,0,0,0:17,,,,,,,,,,,,,,,,,,,,,,,,,,,,,24 of 49,7 of 7,7 of 9,27 of 53,11 of 12,0 of 0,9 of 38,5 of 8,3 of 6,16 of 48,1 of 4,0 of 0,30 of 44,6 of 7,3 of 3,16 of 26,5 of 6,18 of 22,4 of 20,6 of 9,4 of 8,12 of 27,2 of 10,0 of 0,,,,,,,,,,,,,,,,,,,,,,,,
"June 13, 2020",Mariya Agapova,Hannah Cifers,http://ufcstats.com/fight-details/7606d2f8d8b0e889,W,Submission,1,2:42,1,29 of 52,36 of 59,0 of 0,1,0,0:24,0,11 of 32,14 of 36,0 of 0,0,0,0:30,20 of 41,8 of 10,1 of 1,19 of 35,10 of 17,0 of 0,4 of 21,3 of 5,4 of 6,7 of 23,4 of 9,0 of 0,,,,,,,,,,,,,,,,,,,,,,,,,,,,,,,,,,,,,,,,,,,,,,,,,,,,,,,,,,,,,,,,,,,,,,,,,,,,,,,,,,,,,,,,,,,,,,,,,,,,,,,,
"June 06, 2020",Eddie Wineland,Sean O'Malley,http://ufcstats.com/fight-details/58584ccd0f63e3f3,L,KO/TKO,1,1:54,0,4 of 7,4 of 7,0 of 0,0,0,0:00,1,13 of 20,13 of 20,0 of 0,0,0,0:00,3 of 5,1 of 2,0 of 0,4 of 7,0 of 0,0 of 0,5 of 10,5 of 7,3 of 3,13 of 20,0 of 0,0 of 0,,,,,,,,,,,,,,,,,,,,,,,,,,,,,,,,,,,,,,,,,,,,,,,,,,,,,,,,,,,,,,,,,,,,,,,,,,,,,,,,,,,,,,,,,,,,,,,,,,,,,,,,
"June 06, 2020",Alex Caceres,Chase Hooper,http://ufcstats.com/fight-details/f2cd665eab69876a,W,Decision - Unanimous,3,5:00,1,33 of 56,35 of 58,1 of 1,0,0,0:12,0,16 of 71,16 of 72,0 of 1,0,0,0:48,29 of 51,3 of 4,1 of 1,32 of 54,1 of 2,0 of 0,8 of 61,5 of 6,3 of 4,15 of 69,1 of 1,0 of 1,0,26 of 45,27 of 46,0 of 0,0,0,1:04,0,15 of 49,17 of 52,0 of 1,0,1,1:27,0,44 of 63,47 of 66,0 of 0,0,0,1:15,0,22 of 67,27 of 73,0 of 0,0,0,0:41,,,,,,,,,,,,,,,,,,,,,,,,,,,,,17 of 35,4 of 5,5 of 5,20 of 36,3 of 3,3 of 6,10 of 43,4 of 5,1 of 1,10 of 44,2 of 2,3 of 3,33 of 50,6 of 7,5 of 6,32 of 50,1 of 1,11 of 12,20 of 63,2 of 3,0 of 1,21 of 66,1 of 1,0 of 0,,,,,,,,,,,,,,,,,,,,,,,,
"June 06, 2020",Ian Heinisch,Gerald Meerschaert,http://ufcstats.com/fight-details/6fe8bce03a46350b,W,KO/TKO,1,1:14,1,20 of 25,22 of 27,0 of 0,0,0,0:13,0,3 of 10,3 of 10,0 of 0,0,0,0:00,17 of 22,1 of 1,2 of 2,5 of 5,0 of 0,15 of 20,1 of 8,2 of 2,0 of 0,3 of 10,0 of 0,0 of 0,,,,,,,,,,,,,,,,,,,,,,,,,,,,,,,,,,,,,,,,,,,,,,,,,,,,,,,,,,,,,,,,,,,,,,,,,,,,,,,,,,,,,,,,,,,,,,,,,,,,,,,,
"June 06, 2020",Charles Byrd,Maki Pitolo,http://ufcstats.com/fight-details/1c7ea3928c7d0ad8,L,KO/TKO,2,1:10,0,5 of 10,10 of 16,1 of 2,0,1,2:54,0,2 of 10,6 of 16,2 of 2,0,0,1:44,5 of 10,0 of 0,0 of 0,1 of 2,0 of 0,4 of 8,2 of 10,0 of 0,0 of 0,2 of 8,0 of 0,0 of 2,0,6 of 15,6 of 15,0 of 0,0,0,0:00,0,27 of 49,27 of 49,1 of 1,0,0,0:08,,,,,,,,,,,,,,,,,,,,,,,,,,,,,,,,,,,,,,,,,,,5 of 14,1 of 1,0 of 0,6 of 15,0 of 0,0 of 0,18 of 38,9 of 11,0 of 0,14 of 31,5 of 5,8 of 13,,,,,,,,,,,,,,,,,,,,,,,,,,,,,,,,,,,,
"June 06, 2020",Alonzo Menifield,Devin Clark,http://ufcstats.com/fight-details/5fdf6611815efdfb,L,Decision - Unanimous,3,5:00,0,14 of 37,19 of 43,0 of 0,0,0,3:10,0,23 of 37,42 of 56,0 of 5,0,0,0:38,11 of 32,2 of 4,1 of 1,3 of 15,11 of 22,0 of 0,8 of 22,15 of 15,0 of 0,6 of 17,17 of 20,0 of 0,0,16 of 33,21 of 39,0 of 0,0,0,3:31,0,30 of 49,59 of 79,0 of 0,0,0,0:12,0,9 of 15,14 of 21,0 of 2,0,0,2:01,0,26 of 38,49 of 63,1 of 5,0,0,1:48,,,,,,,,,,,,,,,,,,,,,,,,,,,,,13 of 30,3 of 3,0 of 0,7 of 22,9 of 11,0 of 0,7 of 26,23 of 23,0 of 0,8 of 27,22 of 22,0 of 0,7 of 13,1 of 1,1 of 1,3 of 8,6 of 7,0 of 0,8 of 19,18 of 19,0 of 0,7 of 18,18 of 19,1 of 1,,,,,,,,,,,,,,,,,,,,,,,,
"May 30, 2020",Billy Quarantillo,Spike Carlyle,http://ufcstats.com/fight-details/1e9a2b197ebff074,W,Decision - Unanimous,3,5:00,0,7 of 8,32 of 36,0 of 1,0,0,1:04,0,19 of 40,34 of 56,1 of 1,0,1,3:52,7 of 8,0 of 0,0 of 0,1 of 1,0 of 0,6 of 7,18 of 39,1 of 1,0 of 0,1 of 1,3 of 3,15 of 36,0,13 of 21,28 of 36,1 of 1,1,0,1:13,0,11 of 16,21 of 32,1 of 3,0,1,3:07,0,29 of 37,50 of 63,1 of 1,1,1,2:27,0,7 of 10,9 of 14,1 of 2,0,1,2:02,,,,,,,,,,,,,,,,,,,,,,,,,,,,,9 of 17,3 of 3,1 of 1,2 of 7,3 of 3,8 of 11,10 of 15,0 of 0,1 of 1,6 of 7,0 of 0,5 of 9,26 of 34,3 of 3,0 of 0,9 of 14,2 of 2,18 of 21,6 of 9,1 of 1,0 of 0,5 of 8,1 of 1,1 of 1,,,,,,,,,,,,,,,,,,,,,,,,
"May 30, 2020",Roosevelt Roberts,Brok Weaver,http://ufcstats.com/fight-details/03e5127d4832750c,W,Submission,2,3:26,0,21 of 37,24 of 40,0 of 1,1,0,0:44,0,9 of 36,17 of 45,0 of 0,0,0,1:58,9 of 23,6 of 8,6 of 6,19 of 35,2 of 2,0 of 0,5 of 29,4 of 5,0 of 2,9 of 34,0 of 2,0 of 0,0,19 of 24,30 of 36,1 of 2,2,0,2:20,0,5 of 12,9 of 17,0 of 0,0,0,0:22,,,,,,,,,,,,,,,,,,,,,,,,,,,,,,,,,,,,,,,,,,,18 of 22,1 of 2,0 of 0,6 of 11,0 of 0,13 of 13,0 of 6,5 of 6,0 of 0,1 of 7,4 of 5,0 of 0,,,,,,,,,,,,,,,,,,,,,,,,,,,,,,,,,,,,
"May 30, 2020",Katlyn Cerminara,Antonina Shevchenko,http://ufcstats.com/fight-details/a41384da70013373,W,Decision - Unanimous,3,5:00,0,20 of 24,70 of 77,1 of 1,4,0,4:27,0,3 of 4,4 of 5,0 of 0,0,0,0:00,17 of 20,1 of 1,2 of 3,2 of 4,2 of 2,16 of 18,0 of 1,1 of 1,2 of 2,3 of 4,0 of 0,0 of 0,0,18 of 21,83 of 86,1 of 1,0,0,4:53,0,5 of 6,14 of 15,0 of 0,0,0,0:00,0,35 of 63,47 of 77,1 of 1,0,0,1:16,0,17 of 54,19 of 56,0 of 0,0,0,0:00,,,,,,,,,,,,,,,,,,,,,,,,,,,,,16 of 18,2 of 3,0 of 0,0 of 2,0 of 0,18 of 19,3 of 3,2 of 3,0 of 0,3 of 3,2 of 3,0 of 0,22 of 43,9 of 14,4 of 6,20 of 43,2 of 2,13 of 18,11 of 46,3 of 5,3 of 3,15 of 52,2 of 2,0 of 0,,,,,,,,,,,,,,,,,,,,,,,,
"May 30, 2020",Daniel Rodriguez,Gabe Green,http://ufcstats.com/fight-details/767819f321431bed,W,Decision - Unanimous,3,5:00,0,34 of 72,34 of 72,0 of 0,0,0,0:00,0,26 of 68,26 of 68,0 of 0,0,0,0:00,20 of 57,11 of 12,3 of 3,34 of 72,0 of 0,0 of 0,4 of 43,11 of 13,11 of 12,26 of 68,0 of 0,0 of 0,0,61 of 114,61 of 115,0 of 0,0,0,0:00,0,43 of 85,43 of 85,0 of 0,0,0,0:05,0,80 of 158,80 of 158,1 of 1,0,0,0:27,0,58 of 120,58 of 120,0 of 0,0,0,0:06,,,,,,,,,,,,,,,,,,,,,,,,,,,,,49 of 101,6 of 7,6 of 6,60 of 113,1 of 1,0 of 0,25 of 66,15 of 16,3 of 3,42 of 84,1 of 1,0 of 0,70 of 144,10 of 14,0 of 0,75 of 152,3 of 4,2 of 2,32 of 89,25 of 29,1 of 2,57 of 117,1 of 3,0 of 0,,,,,,,,,,,,,,,,,,,,,,,,
"May 30, 2020",Jamahal Hill,Klidson Abreu,http://ufcstats.com/fight-details/0fcf42b68f2f0fa3,NC,Overturned,1,1:51,2,14 of 24,14 of 24,0 of 0,0,0,0:02,0,5 of 7,5 of 7,0 of 0,0,0,0:00,9 of 19,4 of 4,1 of 1,9 of 18,2 of 2,3 of 4,0 of 2,1 of 1,4 of 4,4 of 6,1 of 1,0 of 0,,,,,,,,,,,,,,,,,,,,,,,,,,,,,,,,,,,,,,,,,,,,,,,,,,,,,,,,,,,,,,,,,,,,,,,,,,,,,,,,,,,,,,,,,,,,,,,,,,,,,,,,
"May 30, 2020",Louis Smolka,Casey Kenney,http://ufcstats.com/fight-details/57dec2b07b75dada,L,Submission,1,3:03,0,18 of 43,18 of 43,0 of 1,0,0,0:00,0,32 of 52,32 of 52,0 of 0,1,0,0:09,4 of 16,14 of 27,0 of 0,16 of 41,2 of 2,0 of 0,15 of 34,5 of 6,12 of 12,31 of 51,1 of 1,0 of 0,,,,,,,,,,,,,,,,,,,,,,,,,,,,,,,,,,,,,,,,,,,,,,,,,,,,,,,,,,,,,,,,,,,,,,,,,,,,,,,,,,,,,,,,,,,,,,,,,,,,,,,,
"May 30, 2020",Chris Gutierrez,Vince Morales,http://ufcstats.com/fight-details/2300ad7f87080ad7,W,KO/TKO,2,4:27,0,32 of 51,32 of 51,0 of 0,0,0,0:00,0,5 of 14,5 of 14,0 of 0,0,0,0:00,11 of 25,1 of 2,20 of 24,32 of 51,0 of 0,0 of 0,2 of 11,3 of 3,0 of 0,5 of 14,0 of 0,0 of 0,2,28 of 43,28 of 43,0 of 0,0,0,0:09,0,3 of 13,3 of 13,0 of 0,0,0,0:00,,,,,,,,,,,,,,,,,,,,,,,,,,,,,,,,,,,,,,,,,,,9 of 18,3 of 4,16 of 21,24 of 39,0 of 0,4 of 4,2 of 10,1 of 3,0 of 0,3 of 13,0 of 0,0 of 0,,,,,,,,,,,,,,,,,,,,,,,,,,,,,,,,,,,,
"May 16, 2020",Dan Ige,Edson Barboza,http://ufcstats.com/fight-details/58540b24ed77d31b,W,Decision - Split,3,5:00,0,23 of 54,30 of 63,0 of 0,0,0,0:08,1,31 of 53,32 of 55,0 of 0,0,0,0:58,16 of 46,6 of 7,1 of 1,22 of 52,0 of 1,1 of 1,21 of 36,6 of 11,4 of 6,17 of 35,1 of 1,13 of 17,0,31 of 63,37 of 71,0 of 2,0,0,0:36,0,30 of 52,32 of 54,0 of 0,0,0,0:49,0,25 of 47,33 of 55,1 of 2,0,0,1:22,0,19 of 39,23 of 43,0 of 0,0,0,0:08,,,,,,,,,,,,,,,,,,,,,,,,,,,,,21 of 51,6 of 8,4 of 4,27 of 57,4 of 6,0 of 0,11 of 26,12 of 18,7 of 8,20 of 36,5 of 5,5 of 11,17 of 35,5 of 9,3 of 3,18 of 40,1 of 1,6 of 6,8 of 24,7 of 10,4 of 5,17 of 36,2 of 3,0 of 0,,,,,,,,,,,,,,,,,,,,,,,,
"May 16, 2020",Matt Brown,Miguel Baeza,http://ufcstats.com/fight-details/adac148ee6fa3bf7,L,KO/TKO,2,0:18,0,33 of 59,33 of 59,0 of 0,0,0,0:10,1,32 of 65,37 of 71,0 of 0,0,0,0:55,25 of 49,8 of 10,0 of 0,21 of 42,12 of 17,0 of 0,17 of 48,5 of 6,10 of 11,25 of 56,1 of 2,6 of 7,0,0 of 2,0 of 2,0 of 0,0,0,0:00,1,5 of 8,5 of 8,0 of 0,0,0,0:02,,,,,,,,,,,,,,,,,,,,,,,,,,,,,,,,,,,,,,,,,,,0 of 2,0 of 0,0 of 0,0 of 2,0 of 0,0 of 0,4 of 6,0 of 1,1 of 1,4 of 6,0 of 0,1 of 2,,,,,,,,,,,,,,,,,,,,,,,,,,,,,,,,,,,,
"May 16, 2020",Anthony Hernandez,Kevin Holland,http://ufcstats.com/fight-details/51461da4ba467901,L,KO/TKO,1,0:39,0,0 of 3,0 of 3,0 of 0,0,0,0:00,1,14 of 18,14 of 18,0 of 0,0,0,0:04,0 of 3,0 of 0,0 of 0,0 of 3,0 of 0,0 of 0,9 of 13,4 of 4,1 of 1,4 of 7,5 of 5,5 of 6,,,,,,,,,,,,,,,,,,,,,,,,,,,,,,,,,,,,,,,,,,,,,,,,,,,,,,,,,,,,,,,,,,,,,,,,,,,,,,,,,,,,,,,,,,,,,,,,,,,,,,,,
"May 16, 2020",Giga Chikadze,Irwin Rivera,http://ufcstats.com/fight-details/b1e66cea3a4d4709,W,Decision - Unanimous,3,5:00,0,17 of 39,17 of 39,0 of 0,0,0,0:00,0,11 of 33,11 of 33,0 of 2,0,0,0:00,4 of 22,5 of 6,8 of 11,17 of 38,0 of 1,0 of 0,8 of 27,2 of 5,1 of 1,11 of 33,0 of 0,0 of 0,0,25 of 49,25 of 49,0 of 0,0,0,0:00,0,10 of 26,10 of 26,0 of 1,0,0,0:00,1,19 of 47,19 of 47,1 of 1,0,0,0:06,0,13 of 35,14 of 36,0 of 1,0,0,0:03,,,,,,,,,,,,,,,,,,,,,,,,,,,,,16 of 39,5 of 6,4 of 4,24 of 48,1 of 1,0 of 0,6 of 18,3 of 6,1 of 2,10 of 26,0 of 0,0 of 0,13 of 39,3 of 4,3 of 4,14 of 36,1 of 2,4 of 9,6 of 26,5 of 7,2 of 2,13 of 35,0 of 0,0 of 0,,,,,,,,,,,,,,,,,,,,,,,,
"May 16, 2020",Rodrigo Nascimento,Don'Tale Mayes,http://ufcstats.com/fight-details/ebe122e962d26fa4,W,Submission,2,2:05,0,21 of 39,33 of 51,1 of 1,0,0,2:03,0,16 of 33,26 of 44,0 of 0,0,0,0:36,8 of 25,4 of 5,9 of 9,18 of 35,2 of 2,1 of 2,6 of 22,2 of 3,8 of 8,15 of 31,1 of 2,0 of 0,0,11 of 13,12 of 14,1 of 1,1,0,0:20,0,11 of 15,16 of 21,0 of 0,0,0,0:57,,,,,,,,,,,,,,,,,,,,,,,,,,,,,,,,,,,,,,,,,,,6 of 8,2 of 2,3 of 3,8 of 10,1 of 1,2 of 2,4 of 8,5 of 5,2 of 2,6 of 10,5 of 5,0 of 0,,,,,,,,,,,,,,,,,,,,,,,,,,,,,,,,,,,,
"May 13, 2020",Hunter Azure,Brian Kelleher,http://ufcstats.com/fight-details/3ce634d03af7e14c,L,KO/TKO,2,3:40,0,36 of 73,37 of 74,0 of 0,0,0,0:00,0,10 of 50,10 of 50,0 of 4,0,0,0:26,22 of 52,8 of 15,6 of 6,35 of 69,1 of 4,0 of 0,6 of 31,2 of 11,2 of 8,10 of 50,0 of 0,0 of 0,0,26 of 59,30 of 65,0 of 0,0,0,0:21,1,19 of 49,22 of 52,0 of 0,0,0,0:03,,,,,,,,,,,,,,,,,,,,,,,,,,,,,,,,,,,,,,,,,,,15 of 46,5 of 6,6 of 7,24 of 54,2 of 5,0 of 0,12 of 37,3 of 6,4 of 6,17 of 47,0 of 0,2 of 2,,,,,,,,,,,,,,,,,,,,,,,,,,,,,,,,,,,,
"May 09, 2020",Greg Hardy,Yorgan De Castro,http://ufcstats.com/fight-details/f0d4652f8edfbe6d,W,Decision - Unanimous,3,5:00,0,25 of 55,25 of 55,0 of 0,0,0,0:00,0,15 of 41,15 of 41,0 of 0,0,0,0:00,13 of 40,4 of 5,8 of 10,25 of 55,0 of 0,0 of 0,6 of 30,1 of 3,8 of 8,15 of 41,0 of 0,0 of 0,0,16 of 31,16 of 31,0 of 0,0,0,0:00,0,4 of 11,4 of 11,0 of 0,0,0,0:00,0,14 of 38,25 of 49,0 of 0,0,0,0:53,0,5 of 17,5 of 17,0 of 0,0,0,0:00,,,,,,,,,,,,,,,,,,,,,,,,,,,,,5 of 18,1 of 1,10 of 12,16 of 31,0 of 0,0 of 0,0 of 6,0 of 1,4 of 4,4 of 11,0 of 0,0 of 0,3 of 22,2 of 3,9 of 13,14 of 38,0 of 0,0 of 0,0 of 8,1 of 3,4 of 6,5 of 17,0 of 0,0 of 0,,,,,,,,,,,,,,,,,,,,,,,,
"May 09, 2020",Ryan Spann,Sam Alvey,http://ufcstats.com/fight-details/b70dfff154b135bf,W,Decision - Split,3,5:00,0,9 of 27,9 of 27,2 of 4,1,0,2:01,0,17 of 25,57 of 67,0 of 0,0,0,0:00,7 of 25,2 of 2,0 of 0,8 of 24,1 of 3,0 of 0,10 of 18,2 of 2,5 of 5,13 of 20,4 of 5,0 of 0,0,22 of 39,23 of 40,0 of 1,0,0,0:28,0,15 of 39,17 of 41,0 of 0,0,0,0:00,0,20 of 49,20 of 49,0 of 2,0,0,0:32,0,25 of 44,29 of 48,0 of 0,0,0,0:29,,,,,,,,,,,,,,,,,,,,,,,,,,,,,18 of 32,4 of 7,0 of 0,22 of 39,0 of 0,0 of 0,9 of 32,0 of 0,6 of 7,14 of 37,1 of 2,0 of 0,16 of 45,4 of 4,0 of 0,18 of 46,2 of 3,0 of 0,21 of 40,1 of 1,3 of 3,19 of 37,6 of 7,0 of 0,,,,,,,,,,,,,,,,,,,,,,,,
"March 07, 2020",Sean O'Malley,Jose Quinonez,http://ufcstats.com/fight-details/cd258394e8d58d04,W,KO/TKO,1,2:02,0,18 of 22,18 of 22,0 of 0,0,0,0:02,0,0 of 11,0 of 11,0 of 0,0,0,0:00,9 of 11,6 of 7,3 of 4,13 of 17,0 of 0,5 of 5,0 of 7,0 of 1,0 of 3,0 of 11,0 of 0,0 of 0,,,,,,,,,,,,,,,,,,,,,,,,,,,,,,,,,,,,,,,,,,,,,,,,,,,,,,,,,,,,,,,,,,,,,,,,,,,,,,,,,,,,,,,,,,,,,,,,,,,,,,,,
"March 07, 2020",Giga Chikadze,Jamall Emmers,http://ufcstats.com/fight-details/daa38964824f1b9f,W,Decision - Split,3,5:00,0,13 of 34,13 of 34,0 of 0,0,0,0:00,0,8 of 22,8 of 22,0 of 0,0,0,0:00,5 of 15,5 of 15,3 of 4,13 of 34,0 of 0,0 of 0,1 of 11,3 of 5,4 of 6,8 of 20,0 of 2,0 of 0,0,12 of 35,13 of 36,0 of 0,0,1,0:20,0,14 of 32,15 of 33,1 of 4,0,0,1:26,0,13 of 53,14 of 55,0 of 0,0,0,0:00,0,32 of 73,34 of 75,1 of 2,0,0,0:38,,,,,,,,,,,,,,,,,,,,,,,,,,,,,5 of 26,4 of 5,3 of 4,11 of 34,0 of 0,1 of 1,4 of 17,8 of 13,2 of 2,11 of 29,3 of 3,0 of 0,9 of 47,1 of 3,3 of 3,13 of 52,0 of 1,0 of 0,27 of 66,4 of 5,1 of 2,29 of 69,0 of 0,3 of 4,,,,,,,,,,,,,,,,,,,,,,,,
"February 29, 2020",Grant Dawson,Darrick Minner,http://ufcstats.com/fight-details/eba6055d217d5b99,W,Submission,2,1:38,0,14 of 19,30 of 38,1 of 1,1,0,3:59,0,4 of 5,21 of 22,1 of 1,2,1,0:25,13 of 18,1 of 1,0 of 0,1 of 1,0 of 0,13 of 18,1 of 1,1 of 1,2 of 3,2 of 3,1 of 1,1 of 1,0,1 of 3,12 of 14,1 of 2,1,0,1:15,0,0 of 2,5 of 7,0 of 0,0,0,0:00,,,,,,,,,,,,,,,,,,,,,,,,,,,,,,,,,,,,,,,,,,,1 of 3,0 of 0,0 of 0,0 of 1,0 of 0,1 of 2,0 of 2,0 of 0,0 of 0,0 of 2,0 of 0,0 of 0,,,,,,,,,,,,,,,,,,,,,,,,,,,,,,,,,,,,
"February 29, 2020",Gabriel Silva,Kyler Phillips,http://ufcstats.com/fight-details/0e3af9b5e1b3ae80,L,Decision - Unanimous,3,5:00,0,24 of 74,30 of 82,1 of 1,0,0,0:49,0,51 of 102,52 of 103,0 of 2,0,0,0:02,17 of 64,5 of 8,2 of 2,22 of 69,1 of 3,1 of 2,35 of 80,8 of 14,8 of 8,45 of 91,6 of 10,0 of 1,0,2 of 6,6 of 10,1 of 5,1,0,1:38,0,8 of 20,17 of 31,1 of 1,0,0,2:13,0,5 of 17,7 of 20,0 of 0,0,0,0:01,0,30 of 46,43 of 61,1 of 1,1,0,3:37,,,,,,,,,,,,,,,,,,,,,,,,,,,,,1 of 5,0 of 0,1 of 1,2 of 6,0 of 0,0 of 0,7 of 19,0 of 0,1 of 1,2 of 11,1 of 1,5 of 8,4 of 16,1 of 1,0 of 0,3 of 14,0 of 0,2 of 3,24 of 40,5 of 5,1 of 1,11 of 22,4 of 4,15 of 20,,,,,,,,,,,,,,,,,,,,,,,,
"February 29, 2020",Brendan Allen,Tom Breese,http://ufcstats.com/fight-details/d9a218ac3e148541,W,KO/TKO,1,4:47,0,20 of 29,38 of 52,0 of 1,0,0,4:13,0,4 of 5,5 of 6,0 of 1,0,0,0:12,17 of 26,3 of 3,0 of 0,2 of 3,2 of 3,16 of 23,0 of 0,4 of 5,0 of 0,0 of 1,4 of 4,0 of 0,,,,,,,,,,,,,,,,,,,,,,,,,,,,,,,,,,,,,,,,,,,,,,,,,,,,,,,,,,,,,,,,,,,,,,,,,,,,,,,,,,,,,,,,,,,,,,,,,,,,,,,,
"February 29, 2020",Jordan Griffin,TJ Brown,http://ufcstats.com/fight-details/59861c3d19eb46ef,W,Submission,2,3:38,0,5 of 8,7 of 10,0 of 1,2,0,0:05,0,18 of 24,56 of 70,4 of 4,0,0,4:30,5 of 8,0 of 0,0 of 0,4 of 7,1 of 1,0 of 0,13 of 18,5 of 5,0 of 1,2 of 6,7 of 7,9 of 11,0,10 of 15,13 of 18,0 of 0,1,0,0:00,0,14 of 23,35 of 49,3 of 3,0,0,3:01,,,,,,,,,,,,,,,,,,,,,,,,,,,,,,,,,,,,,,,,,,,8 of 13,2 of 2,0 of 0,5 of 10,2 of 2,3 of 3,13 of 21,1 of 2,0 of 0,7 of 16,3 of 3,4 of 4,,,,,,,,,,,,,,,,,,,,,,,,,,,,,,,,,,,,
"February 29, 2020",Aalon Cruz,Spike Carlyle,http://ufcstats.com/fight-details/0bcb04163f8d8ead,L,KO/TKO,1,1:25,0,2 of 12,2 of 12,0 of 1,0,0,0:05,0,20 of 29,29 of 38,0 of 0,0,0,0:07,2 of 4,0 of 4,0 of 4,2 of 12,0 of 0,0 of 0,19 of 27,0 of 1,1 of 1,2 of 6,4 of 5,14 of 18,,,,,,,,,,,,,,,,,,,,,,,,,,,,,,,,,,,,,,,,,,,,,,,,,,,,,,,,,,,,,,,,,,,,,,,,,,,,,,,,,,,,,,,,,,,,,,,,,,,,,,,,
"February 22, 2020",Jimmy Crute,Michal Oleksiejczuk,http://ufcstats.com/fight-details/2b417eb1ffa56ac1,W,Submission,1,3:29,0,2 of 8,13 of 23,8 of 10,1,0,3:01,0,3 of 6,7 of 10,0 of 0,0,0,0:00,2 of 7,0 of 1,0 of 0,2 of 6,0 of 2,0 of 0,3 of 6,0 of 0,0 of 0,3 of 6,0 of 0,0 of 0,,,,,,,,,,,,,,,,,,,,,,,,,,,,,,,,,,,,,,,,,,,,,,,,,,,,,,,,,,,,,,,,,,,,,,,,,,,,,,,,,,,,,,,,,,,,,,,,,,,,,,,,
"February 22, 2020",Ben Sosoli,Marcos Rogerio de Lima,http://ufcstats.com/fight-details/9bc18b63b07bb328,L,KO/TKO,1,1:28,0,5 of 17,5 of 17,0 of 0,0,0,0:00,1,19 of 34,19 of 34,0 of 0,0,0,0:02,4 of 16,1 of 1,0 of 0,5 of 17,0 of 0,0 of 0,15 of 30,2 of 2,2 of 2,18 of 33,0 of 0,1 of 1,,,,,,,,,,,,,,,,,,,,,,,,,,,,,,,,,,,,,,,,,,,,,,,,,,,,,,,,,,,,,,,,,,,,,,,,,,,,,,,,,,,,,,,,,,,,,,,,,,,,,,,,
"February 22, 2020",Kevin Aguilar,Zubaira Tukhugov,http://ufcstats.com/fight-details/f882cf76a8bce308,L,KO/TKO,1,3:21,0,9 of 28,9 of 28,0 of 0,0,0,0:00,2,28 of 36,28 of 37,0 of 0,0,0,0:09,4 of 22,3 of 4,2 of 2,9 of 28,0 of 0,0 of 0,26 of 34,2 of 2,0 of 0,15 of 22,0 of 0,13 of 14,,,,,,,,,,,,,,,,,,,,,,,,,,,,,,,,,,,,,,,,,,,,,,,,,,,,,,,,,,,,,,,,,,,,,,,,,,,,,,,,,,,,,,,,,,,,,,,,,,,,,,,,
"February 22, 2020",Jalin Turner,Josh Culibao,http://ufcstats.com/fight-details/02bdb7a5b2986571,W,KO/TKO,2,3:01,0,22 of 39,25 of 43,0 of 1,2,0,2:53,0,8 of 18,8 of 20,0 of 2,0,0,0:09,9 of 19,13 of 20,0 of 0,7 of 19,6 of 11,9 of 9,4 of 12,3 of 5,1 of 1,5 of 14,3 of 4,0 of 0,0,33 of 52,65 of 86,0 of 0,1,0,1:28,0,4 of 10,4 of 10,0 of 1,0,0,0:00,,,,,,,,,,,,,,,,,,,,,,,,,,,,,,,,,,,,,,,,,,,29 of 46,4 of 5,0 of 1,7 of 18,3 of 4,23 of 30,3 of 9,1 of 1,0 of 0,4 of 9,0 of 1,0 of 0,,,,,,,,,,,,,,,,,,,,,,,,,,,,,,,,,,,,
"February 15, 2020",Brok Weaver,Kazula Vargas,http://ufcstats.com/fight-details/9d98e1c0d62213cf,W,DQ,1,4:02,0,5 of 9,6 of 10,0 of 0,1,0,0:00,0,15 of 29,50 of 64,1 of 2,0,0,3:07,3 of 6,0 of 0,2 of 3,4 of 7,0 of 1,1 of 1,6 of 14,5 of 10,4 of 5,9 of 21,3 of 5,3 of 3,,,,,,,,,,,,,,,,,,,,,,,,,,,,,,,,,,,,,,,,,,,,,,,,,,,,,,,,,,,,,,,,,,,,,,,,,,,,,,,,,,,,,,,,,,,,,,,,,,,,,,,,
"February 15, 2020",Tim Means,Daniel Rodriguez,http://ufcstats.com/fight-details/2dc48a745d6c662b,L,Submission,2,3:37,0,24 of 54,24 of 54,1 of 1,0,0,0:08,1,24 of 60,24 of 60,0 of 0,0,0,0:04,8 of 31,10 of 17,6 of 6,24 of 51,0 of 3,0 of 0,16 of 51,4 of 5,4 of 4,24 of 59,0 of 1,0 of 0,0,17 of 41,17 of 41,0 of 2,0,0,0:03,0,25 of 61,25 of 61,0 of 0,1,0,0:01,,,,,,,,,,,,,,,,,,,,,,,,,,,,,,,,,,,,,,,,,,,11 of 30,2 of 7,4 of 4,17 of 41,0 of 0,0 of 0,21 of 56,1 of 2,3 of 3,25 of 60,0 of 1,0 of 0,,,,,,,,,,,,,,,,,,,,,,,,,,,,,,,,,,,,
"February 15, 2020",Casey Kenney,Merab Dvalishvili,http://ufcstats.com/fight-details/51218519be104794,L,Decision - Unanimous,3,5:00,0,22 of 52,24 of 54,0 of 0,0,0,0:02,0,19 of 67,43 of 92,4 of 6,0,0,1:11,8 of 30,5 of 12,9 of 10,19 of 47,3 of 5,0 of 0,7 of 46,4 of 12,8 of 9,14 of 60,3 of 4,2 of 3,0,16 of 45,16 of 45,0 of 0,0,0,0:00,0,24 of 65,33 of 75,4 of 11,0,0,1:57,0,7 of 21,7 of 21,0 of 0,0,0,0:03,0,20 of 49,38 of 74,4 of 7,0,0,2:34,,,,,,,,,,,,,,,,,,,,,,,,,,,,,8 of 37,4 of 4,4 of 4,16 of 44,0 of 1,0 of 0,9 of 48,9 of 10,6 of 7,17 of 57,3 of 3,4 of 5,6 of 20,1 of 1,0 of 0,7 of 21,0 of 0,0 of 0,14 of 43,1 of 1,5 of 5,12 of 39,1 of 1,7 of 9,,,,,,,,,,,,,,,,,,,,,,,,
"February 15, 2020",Macy Chiasson,Shanna Young,http://ufcstats.com/fight-details/d629aa5eb31a1e38,W,Decision - Unanimous,3,5:00,0,63 of 113,76 of 126,1 of 4,0,0,0:44,0,31 of 55,39 of 65,0 of 1,0,0,0:13,26 of 68,37 of 45,0 of 0,12 of 36,45 of 61,6 of 16,26 of 45,5 of 9,0 of 1,15 of 38,16 of 17,0 of 0,0,11 of 30,41 of 67,1 of 3,0,0,3:16,0,7 of 14,9 of 16,0 of 0,0,0,0:09,0,12 of 23,37 of 60,1 of 1,0,0,4:33,0,2 of 2,2 of 2,0 of 0,0,0,0:00,,,,,,,,,,,,,,,,,,,,,,,,,,,,,10 of 29,1 of 1,0 of 0,3 of 11,0 of 0,8 of 19,5 of 11,1 of 2,1 of 1,7 of 14,0 of 0,0 of 0,12 of 23,0 of 0,0 of 0,1 of 2,0 of 0,11 of 21,1 of 1,1 of 1,0 of 0,2 of 2,0 of 0,0 of 0,,,,,,,,,,,,,,,,,,,,,,,,
"February 08, 2020",Juan Adams,Justin Tafa,http://ufcstats.com/fight-details/57961c6adebfb13d,L,KO/TKO,1,1:59,0,7 of 11,7 of 11,0 of 0,0,0,0:00,1,10 of 15,10 of 15,0 of 0,0,0,0:02,3 of 4,2 of 4,2 of 3,7 of 11,0 of 0,0 of 0,5 of 9,0 of 1,5 of 5,8 of 11,1 of 1,1 of 3,,,,,,,,,,,,,,,,,,,,,,,,,,,,,,,,,,,,,,,,,,,,,,,,,,,,,,,,,,,,,,,,,,,,,,,,,,,,,,,,,,,,,,,,,,,,,,,,,,,,,,,,
"February 08, 2020",Mirsad Bektic,Dan Ige,http://ufcstats.com/fight-details/be822403f364fff3,L,Decision - Split,3,5:00,0,7 of 26,9 of 28,0 of 3,0,0,0:02,0,26 of 45,30 of 52,1 of 2,0,0,0:51,6 of 24,1 of 2,0 of 0,4 of 20,3 of 6,0 of 0,15 of 34,10 of 10,1 of 1,16 of 30,7 of 11,3 of 4,0,5 of 13,11 of 19,2 of 3,1,0,4:31,0,4 of 8,13 of 19,0 of 0,0,0,0:00,0,5 of 21,9 of 27,1 of 4,0,0,1:59,0,13 of 35,21 of 46,0 of 0,0,0,0:02,,,,,,,,,,,,,,,,,,,,,,,,,,,,,3 of 11,2 of 2,0 of 0,5 of 13,0 of 0,0 of 0,1 of 5,3 of 3,0 of 0,4 of 8,0 of 0,0 of 0,5 of 21,0 of 0,0 of 0,5 of 21,0 of 0,0 of 0,11 of 31,2 of 4,0 of 0,8 of 30,5 of 5,0 of 0,,,,,,,,,,,,,,,,,,,,,,,,
"February 08, 2020",Miles Johns,Mario Bautista,http://ufcstats.com/fight-details/d3f44fedc561d2d5,L,KO/TKO,2,1:41,0,7 of 25,7 of 25,0 of 0,0,0,0:00,0,4 of 38,4 of 38,0 of 0,0,0,0:00,6 of 24,0 of 0,1 of 1,7 of 25,0 of 0,0 of 0,4 of 36,0 of 0,0 of 2,4 of 38,0 of 0,0 of 0,0,6 of 19,6 of 19,0 of 0,0,0,0:00,1,14 of 29,14 of 29,0 of 0,0,0,0:04,,,,,,,,,,,,,,,,,,,,,,,,,,,,,,,,,,,,,,,,,,,5 of 18,0 of 0,1 of 1,6 of 19,0 of 0,0 of 0,14 of 28,0 of 0,0 of 1,5 of 19,0 of 0,9 of 10,,,,,,,,,,,,,,,,,,,,,,,,,,,,,,,,,,,,
"February 08, 2020",Domingo Pilarte,Journey Newson,http://ufcstats.com/fight-details/5ab2a4fec735e0b2,NC,Overturned,1,0:38,0,1 of 4,1 of 4,0 of 0,0,0,0:00,1,6 of 10,7 of 13,0 of 0,0,0,0:05,0 of 3,1 of 1,0 of 0,0 of 2,1 of 2,0 of 0,6 of 10,0 of 0,0 of 0,1 of 5,0 of 0,5 of 5,,,,,,,,,,,,,,,,,,,,,,,,,,,,,,,,,,,,,,,,,,,,,,,,,,,,,,,,,,,,,,,,,,,,,,,,,,,,,,,,,,,,,,,,,,,,,,,,,,,,,,,,
"January 25, 2020",Jordan Espinosa,Alex Perez,http://ufcstats.com/fight-details/7dcd5d8a44a284e5,L,Submission,1,2:33,0,2 of 13,2 of 13,0 of 0,0,0,0:00,0,2 of 9,16 of 23,1 of 1,1,0,1:32,1 of 9,0 of 0,1 of 4,2 of 13,0 of 0,0 of 0,0 of 6,0 of 1,2 of 2,2 of 9,0 of 0,0 of 0,,,,,,,,,,,,,,,,,,,,,,,,,,,,,,,,,,,,,,,,,,,,,,,,,,,,,,,,,,,,,,,,,,,,,,,,,,,,,,,,,,,,,,,,,,,,,,,,,,,,,,,,
"January 25, 2020",Jamahal Hill,Darko Stosic,http://ufcstats.com/fight-details/6195d3e7c412c8a2,W,Decision - Unanimous,3,5:00,0,27 of 64,27 of 64,0 of 0,0,0,0:02,0,13 of 29,13 of 30,1 of 1,0,0,0:20,11 of 44,14 of 17,2 of 3,27 of 64,0 of 0,0 of 0,10 of 22,1 of 5,2 of 2,13 of 29,0 of 0,0 of 0,0,54 of 119,54 of 119,0 of 0,0,0,0:00,0,8 of 24,8 of 24,1 of 3,0,0,0:05,0,20 of 50,21 of 53,0 of 0,0,0,0:00,0,10 of 19,11 of 27,4 of 5,0,0,1:53,,,,,,,,,,,,,,,,,,,,,,,,,,,,,29 of 89,22 of 27,3 of 3,54 of 119,0 of 0,0 of 0,3 of 19,2 of 2,3 of 3,8 of 22,0 of 1,0 of 1,9 of 34,4 of 9,7 of 7,20 of 49,0 of 1,0 of 0,7 of 15,0 of 0,3 of 4,4 of 8,0 of 0,6 of 11,,,,,,,,,,,,,,,,,,,,,,,,
"January 25, 2020",Bevon Lewis,Dequan Townsend,http://ufcstats.com/fight-details/3fd3b871e83434c5,W,Decision - Unanimous,3,5:00,0,17 of 39,42 of 67,0 of 0,0,0,2:01,0,12 of 28,15 of 31,0 of 0,0,0,0:00,7 of 26,7 of 10,3 of 3,9 of 26,8 of 13,0 of 0,4 of 19,6 of 6,2 of 3,8 of 21,4 of 7,0 of 0,0,17 of 31,33 of 48,0 of 1,0,0,2:55,0,10 of 22,17 of 31,0 of 0,0,0,0:02,0,2 of 12,19 of 31,0 of 2,0,0,3:28,0,6 of 15,23 of 37,0 of 0,0,0,0:02,,,,,,,,,,,,,,,,,,,,,,,,,,,,,8 of 21,6 of 7,3 of 3,12 of 21,5 of 10,0 of 0,2 of 13,8 of 9,0 of 0,4 of 16,6 of 6,0 of 0,1 of 9,1 of 3,0 of 0,1 of 11,1 of 1,0 of 0,1 of 10,4 of 4,1 of 1,4 of 13,2 of 2,0 of 0,,,,,,,,,,,,,,,,,,,,,,,,
"January 25, 2020",Montel Jackson,Felipe Colares,http://ufcstats.com/fight-details/737e2781e4a7db5c,W,Decision - Unanimous,3,5:00,0,41 of 54,47 of 61,4 of 6,0,0,3:28,0,3 of 13,4 of 16,0 of 2,0,0,0:12,34 of 46,5 of 6,2 of 2,21 of 30,20 of 24,0 of 0,1 of 6,2 of 5,0 of 2,2 of 10,1 of 3,0 of 0,1,24 of 32,29 of 40,4 of 5,0,0,3:49,0,2 of 6,2 of 6,0 of 2,2,0,0:21,0,10 of 17,20 of 29,3 of 4,0,0,3:23,0,2 of 9,2 of 9,1 of 4,1,0,0:49,,,,,,,,,,,,,,,,,,,,,,,,,,,,,21 of 29,3 of 3,0 of 0,2 of 3,22 of 28,0 of 1,0 of 4,2 of 2,0 of 0,2 of 4,0 of 2,0 of 0,9 of 16,1 of 1,0 of 0,9 of 14,1 of 3,0 of 0,1 of 7,0 of 1,1 of 1,2 of 9,0 of 0,0 of 0,,,,,,,,,,,,,,,,,,,,,,,,
"January 25, 2020",Brett Johns,Tony Gravely,http://ufcstats.com/fight-details/918c2efc59c1952e,W,Submission,3,2:53,0,9 of 13,20 of 24,2 of 2,2,0,3:35,0,7 of 13,14 of 22,1 of 2,0,0,1:01,7 of 11,1 of 1,1 of 1,2 of 5,4 of 4,3 of 4,1 of 5,1 of 2,5 of 6,3 of 8,4 of 5,0 of 0,0,4 of 5,13 of 16,3 of 6,0,0,1:23,0,18 of 24,25 of 34,3 of 4,0,0,2:56,0,23 of 29,32 of 40,1 of 1,1,1,2:20,0,1 of 7,4 of 10,1 of 1,0,0,0:13,,,,,,,,,,,,,,,,,,,,,,,,,,,,,3 of 3,1 of 2,0 of 0,0 of 1,4 of 4,0 of 0,8 of 14,4 of 4,6 of 6,1 of 3,17 of 21,0 of 0,23 of 29,0 of 0,0 of 0,1 of 5,0 of 0,22 of 24,0 of 6,1 of 1,0 of 0,1 of 7,0 of 0,0 of 0,,,,,,,,,,,,,,,,,,,,,,,,
"January 18, 2020",Brian Kelleher,Ode Osbourne,http://ufcstats.com/fight-details/4eff0432bd364a23,W,Submission,1,2:49,0,7 of 12,28 of 34,1 of 2,1,0,1:58,0,9 of 14,19 of 25,0 of 0,0,0,0:04,5 of 9,0 of 1,2 of 2,3 of 5,0 of 0,4 of 7,9 of 14,0 of 0,0 of 0,3 of 8,1 of 1,5 of 5,,,,,,,,,,,,,,,,,,,,,,,,,,,,,,,,,,,,,,,,,,,,,,,,,,,,,,,,,,,,,,,,,,,,,,,,,,,,,,,,,,,,,,,,,,,,,,,,,,,,,,,,
"January 18, 2020",Roxanne Modafferi,Maycee Barber,http://ufcstats.com/fight-details/760b5b16b4931a77,W,Decision - Unanimous,3,5:00,0,11 of 22,47 of 61,1 of 1,0,0,3:45,0,5 of 14,7 of 17,0 of 0,0,1,0:12,9 of 20,2 of 2,0 of 0,7 of 18,1 of 1,3 of 3,5 of 14,0 of 0,0 of 0,5 of 14,0 of 0,0 of 0,1,5 of 10,41 of 58,0 of 0,0,1,3:42,0,4 of 7,6 of 12,0 of 0,0,1,1:07,0,3 of 11,24 of 36,0 of 0,0,0,3:05,0,7 of 10,12 of 16,0 of 0,1,1,0:58,,,,,,,,,,,,,,,,,,,,,,,,,,,,,5 of 10,0 of 0,0 of 0,1 of 3,0 of 0,4 of 7,3 of 6,1 of 1,0 of 0,0 of 0,0 of 0,4 of 7,3 of 11,0 of 0,0 of 0,3 of 10,0 of 0,0 of 1,7 of 9,0 of 1,0 of 0,4 of 5,0 of 0,3 of 5,,,,,,,,,,,,,,,,,,,,,,,,
"January 18, 2020",Andre Fili,Sodiq Yusuff,http://ufcstats.com/fight-details/5868c154789648f0,L,Decision - Unanimous,3,5:00,0,23 of 63,25 of 65,3 of 5,0,0,1:20,0,35 of 69,39 of 75,0 of 0,1,1,0:42,16 of 55,4 of 5,3 of 3,22 of 62,1 of 1,0 of 0,30 of 62,2 of 4,3 of 3,28 of 59,1 of 2,6 of 8,0,6 of 13,11 of 18,0 of 1,0,0,0:44,0,22 of 37,35 of 53,0 of 0,0,0,3:32,0,20 of 69,20 of 69,0 of 1,0,0,0:01,0,16 of 49,16 of 49,0 of 0,0,0,0:00,,,,,,,,,,,,,,,,,,,,,,,,,,,,,3 of 9,3 of 4,0 of 0,4 of 9,2 of 3,0 of 1,11 of 25,8 of 9,3 of 3,6 of 12,2 of 3,14 of 22,17 of 65,3 of 3,0 of 1,20 of 69,0 of 0,0 of 0,13 of 44,0 of 2,3 of 3,16 of 49,0 of 0,0 of 0,,,,,,,,,,,,,,,,,,,,,,,,
"January 18, 2020",Aleksa Camur,Justin Ledet,http://ufcstats.com/fight-details/6087c50c5f95a677,W,Decision - Unanimous,3,5:00,0,22 of 58,23 of 59,0 of 0,0,0,0:00,0,7 of 34,7 of 34,0 of 0,0,0,0:08,10 of 36,4 of 9,8 of 13,20 of 55,2 of 3,0 of 0,7 of 33,0 of 1,0 of 0,7 of 34,0 of 0,0 of 0,0,34 of 56,35 of 57,0 of 1,0,0,0:00,0,24 of 54,37 of 67,0 of 0,0,0,0:32,0,24 of 51,30 of 58,1 of 1,0,0,0:00,0,13 of 43,16 of 47,0 of 0,0,0,0:34,,,,,,,,,,,,,,,,,,,,,,,,,,,,,19 of 36,11 of 13,4 of 7,22 of 39,12 of 17,0 of 0,15 of 44,9 of 10,0 of 0,19 of 47,5 of 7,0 of 0,11 of 32,9 of 12,4 of 7,20 of 47,3 of 3,1 of 1,12 of 40,1 of 3,0 of 0,12 of 42,1 of 1,0 of 0,,,,,,,,,,,,,,,,,,,,,,,,
"December 14, 2019",Geoff Neal,Mike Perry,http://ufcstats.com/fight-details/ad5ef8d8678ff97f,W,KO/TKO,1,1:30,1,15 of 23,15 of 23,0 of 0,0,0,0:02,0,5 of 10,5 of 10,0 of 0,0,0,0:00,12 of 18,1 of 3,2 of 2,12 of 20,0 of 0,3 of 3,1 of 3,2 of 4,2 of 3,5 of 10,0 of 0,0 of 0,,,,,,,,,,,,,,,,,,,,,,,,,,,,,,,,,,,,,,,,,,,,,,,,,,,,,,,,,,,,,,,,,,,,,,,,,,,,,,,,,,,,,,,,,,,,,,,,,,,,,,,,
"December 14, 2019",Ian Heinisch,Omari Akhmedov,http://ufcstats.com/fight-details/dd88960598219eba,L,Decision - Unanimous,3,5:00,0,13 of 28,17 of 32,0 of 2,0,0,0:00,0,19 of 54,21 of 56,1 of 1,0,0,0:37,3 of 11,1 of 8,9 of 9,13 of 28,0 of 0,0 of 0,12 of 46,4 of 5,3 of 3,17 of 52,2 of 2,0 of 0,0,17 of 31,19 of 33,1 of 3,0,0,0:51,0,18 of 60,25 of 67,1 of 1,0,0,0:31,0,23 of 44,34 of 56,2 of 5,0,0,1:38,0,18 of 52,23 of 57,0 of 2,0,0,0:23,,,,,,,,,,,,,,,,,,,,,,,,,,,,,7 of 17,7 of 11,3 of 3,15 of 28,1 of 2,1 of 1,14 of 49,3 of 10,1 of 1,15 of 57,3 of 3,0 of 0,16 of 34,5 of 8,2 of 2,18 of 38,3 of 4,2 of 2,15 of 44,3 of 8,0 of 0,16 of 50,2 of 2,0 of 0,,,,,,,,,,,,,,,,,,,,,,,,
"December 14, 2019",Chase Hooper,Daniel Teymur,http://ufcstats.com/fight-details/d42410f6f1039ab5,W,KO/TKO,1,4:34,0,20 of 36,37 of 70,1 of 3,2,0,3:13,0,2 of 6,2 of 6,0 of 0,1,0,0:40,17 of 32,2 of 3,1 of 1,3 of 4,1 of 1,16 of 31,2 of 6,0 of 0,0 of 0,2 of 4,0 of 0,0 of 2,,,,,,,,,,,,,,,,,,,,,,,,,,,,,,,,,,,,,,,,,,,,,,,,,,,,,,,,,,,,,,,,,,,,,,,,,,,,,,,,,,,,,,,,,,,,,,,,,,,,,,,,
"December 14, 2019",Punahele Soriano,Oskar Piechota,http://ufcstats.com/fight-details/30523303e8d85c25,W,KO/TKO,1,3:17,2,26 of 44,26 of 46,1 of 1,0,0,1:14,0,8 of 17,11 of 20,0 of 0,0,1,0:18,20 of 37,6 of 7,0 of 0,10 of 19,2 of 3,14 of 22,4 of 11,3 of 4,1 of 2,3 of 12,4 of 4,1 of 1,,,,,,,,,,,,,,,,,,,,,,,,,,,,,,,,,,,,,,,,,,,,,,,,,,,,,,,,,,,,,,,,,,,,,,,,,,,,,,,,,,,,,,,,,,,,,,,,,,,,,,,,
"December 07, 2019",Billy Quarantillo,Jacob Kilburn,http://ufcstats.com/fight-details/d9501c6985c1b38d,W,Submission,2,3:18,0,38 of 41,86 of 98,1 of 1,3,0,4:15,0,2 of 4,5 of 7,0 of 0,0,0,0:12,31 of 34,5 of 5,2 of 2,2 of 2,4 of 4,32 of 35,0 of 1,2 of 3,0 of 0,1 of 3,1 of 1,0 of 0,0,36 of 45,53 of 67,0 of 0,2,0,3:09,0,1 of 2,1 of 2,0 of 0,0,0,0:01,,,,,,,,,,,,,,,,,,,,,,,,,,,,,,,,,,,,,,,,,,,32 of 40,4 of 5,0 of 0,0 of 0,0 of 0,36 of 45,0 of 1,1 of 1,0 of 0,1 of 2,0 of 0,0 of 0,,,,,,,,,,,,,,,,,,,,,,,,,,,,,,,,,,,,
"December 07, 2019",Bryce Mitchell,Matt Sayles,http://ufcstats.com/fight-details/fa3f04be9344804b,W,Submission,1,4:20,0,6 of 7,24 of 28,1 of 1,1,0,3:59,0,2 of 4,6 of 9,0 of 0,0,0,0:00,5 of 6,1 of 1,0 of 0,1 of 1,0 of 0,5 of 6,2 of 3,0 of 1,0 of 0,0 of 2,0 of 0,2 of 2,,,,,,,,,,,,,,,,,,,,,,,,,,,,,,,,,,,,,,,,,,,,,,,,,,,,,,,,,,,,,,,,,,,,,,,,,,,,,,,,,,,,,,,,,,,,,,,,,,,,,,,,
"December 07, 2019",Joe Solecki,Matt Wiman,http://ufcstats.com/fight-details/a3f89ad71e1caa81,W,Decision - Unanimous,3,5:00,0,33 of 41,84 of 98,1 of 1,0,0,4:31,0,3 of 4,5 of 6,0 of 0,0,0,0:00,32 of 40,0 of 0,1 of 1,1 of 1,0 of 0,32 of 40,1 of 2,0 of 0,2 of 2,2 of 3,0 of 0,1 of 1,0,14 of 20,49 of 61,2 of 2,0,0,3:41,0,3 of 12,6 of 16,0 of 0,0,0,0:00,0,9 of 9,44 of 58,1 of 2,0,0,4:17,0,4 of 6,9 of 11,0 of 0,0,1,0:06,,,,,,,,,,,,,,,,,,,,,,,,,,,,,12 of 17,1 of 2,1 of 1,5 of 6,0 of 0,9 of 14,3 of 12,0 of 0,0 of 0,1 of 10,0 of 0,2 of 2,6 of 6,3 of 3,0 of 0,1 of 1,1 of 1,7 of 7,3 of 5,1 of 1,0 of 0,0 of 2,1 of 1,3 of 3,,,,,,,,,,,,,,,,,,,,,,,,
"November 16, 2019",Antonio Arroyo,Andre Muniz,http://ufcstats.com/fight-details/57b111b54a2d2323,L,Decision - Unanimous,3,5:00,0,16 of 26,17 of 27,1 of 1,0,0,1:18,0,13 of 25,20 of 33,1 of 3,1,0,0:47,10 of 18,3 of 5,3 of 3,16 of 26,0 of 0,0 of 0,8 of 19,4 of 5,1 of 1,12 of 24,1 of 1,0 of 0,0,8 of 13,16 of 22,0 of 0,0,0,1:57,0,7 of 14,23 of 45,1 of 3,1,0,2:12,0,5 of 8,14 of 18,0 of 0,0,1,1:47,0,2 of 3,42 of 50,1 of 1,0,0,2:23,,,,,,,,,,,,,,,,,,,,,,,,,,,,,6 of 10,2 of 2,0 of 1,4 of 8,0 of 0,4 of 5,4 of 11,2 of 2,1 of 1,6 of 13,0 of 0,1 of 1,4 of 7,0 of 0,1 of 1,1 of 2,0 of 0,4 of 6,0 of 0,2 of 3,0 of 0,2 of 3,0 of 0,0 of 0,,,,,,,,,,,,,,,,,,,,,,,,
"November 16, 2019",Vanessa Melo,Tracy Cortez,http://ufcstats.com/fight-details/18e1b0df8da7010e,L,Decision - Unanimous,3,5:00,0,21 of 87,22 of 88,0 of 0,0,0,0:00,0,41 of 82,41 of 82,0 of 1,0,0,0:00,20 of 86,1 of 1,0 of 0,21 of 87,0 of 0,0 of 0,30 of 66,6 of 8,5 of 8,40 of 81,1 of 1,0 of 0,0,6 of 9,37 of 40,0 of 0,0,0,0:02,0,11 of 14,36 of 39,1 of 7,0,0,4:43,0,13 of 29,17 of 33,0 of 0,0,0,0:00,0,27 of 44,78 of 103,1 of 1,0,0,4:03,,,,,,,,,,,,,,,,,,,,,,,,,,,,,1 of 4,5 of 5,0 of 0,0 of 3,6 of 6,0 of 0,3 of 6,6 of 6,2 of 2,0 of 3,11 of 11,0 of 0,11 of 26,1 of 1,1 of 2,11 of 27,0 of 0,2 of 2,20 of 37,4 of 4,3 of 3,6 of 19,0 of 0,21 of 25,,,,,,,,,,,,,,,,,,,,,,,,
"November 09, 2019",Alexander Volkov,Greg Hardy,http://ufcstats.com/fight-details/3cd1f2c31b4e325a,W,Decision - Unanimous,3,5:00,0,23 of 45,23 of 45,0 of 0,0,0,0:00,0,11 of 40,16 of 45,0 of 1,0,0,0:00,9 of 27,9 of 11,5 of 7,23 of 45,0 of 0,0 of 0,9 of 31,1 of 6,1 of 3,11 of 40,0 of 0,0 of 0,0,32 of 51,32 of 51,0 of 0,0,0,0:00,0,14 of 38,14 of 38,0 of 1,0,0,0:00,0,31 of 56,31 of 56,0 of 0,0,0,0:00,0,21 of 57,21 of 57,0 of 0,0,0,0:00,,,,,,,,,,,,,,,,,,,,,,,,,,,,,12 of 28,12 of 14,8 of 9,32 of 51,0 of 0,0 of 0,4 of 19,6 of 14,4 of 5,14 of 38,0 of 0,0 of 0,23 of 46,5 of 7,3 of 3,31 of 56,0 of 0,0 of 0,10 of 42,6 of 9,5 of 6,21 of 57,0 of 0,0 of 0,,,,,,,,,,,,,,,,,,,,,,,,
"November 09, 2019",Roman Kopylov,Karl Roberson,http://ufcstats.com/fight-details/495e64df4c4ce7a7,L,Submission,3,4:01,0,12 of 28,12 of 28,0 of 0,0,0,0:00,0,9 of 38,9 of 38,0 of 0,0,0,0:06,5 of 17,4 of 8,3 of 3,12 of 28,0 of 0,0 of 0,3 of 29,1 of 4,5 of 5,8 of 37,1 of 1,0 of 0,0,11 of 30,11 of 30,0 of 0,0,0,0:00,0,18 of 41,18 of 41,0 of 0,0,0,0:00,0,14 of 37,15 of 38,0 of 1,0,0,0:02,0,16 of 38,16 of 38,1 of 3,1,0,0:49,,,,,,,,,,,,,,,,,,,,,,,,,,,,,4 of 23,7 of 7,0 of 0,11 of 30,0 of 0,0 of 0,2 of 21,1 of 3,15 of 17,18 of 41,0 of 0,0 of 0,10 of 32,4 of 5,0 of 0,14 of 37,0 of 0,0 of 0,9 of 27,1 of 3,6 of 8,15 of 37,1 of 1,0 of 0,,,,,,,,,,,,,,,,,,,,,,,,
"November 09, 2019",Alexander Yakovlev,Roosevelt Roberts,http://ufcstats.com/fight-details/a7807ab56cb49cad,L,Decision - Unanimous,3,5:00,0,8 of 16,8 of 16,0 of 1,0,0,1:03,0,16 of 49,19 of 52,0 of 0,0,0,0:22,1 of 8,1 of 2,6 of 6,7 of 15,1 of 1,0 of 0,10 of 42,2 of 3,4 of 4,15 of 47,1 of 2,0 of 0,0,7 of 12,17 of 23,2 of 2,0,0,3:42,0,2 of 8,8 of 14,0 of 0,0,0,0:00,0,5 of 21,13 of 32,1 of 5,0,0,1:34,0,10 of 41,29 of 62,0 of 0,0,0,1:32,,,,,,,,,,,,,,,,,,,,,,,,,,,,,4 of 8,3 of 4,0 of 0,0 of 2,0 of 0,7 of 10,2 of 8,0 of 0,0 of 0,2 of 8,0 of 0,0 of 0,3 of 18,2 of 3,0 of 0,5 of 21,0 of 0,0 of 0,10 of 40,0 of 1,0 of 0,10 of 41,0 of 0,0 of 0,,,,,,,,,,,,,,,,,,,,,,,,
"November 02, 2019",Brad Tavares,Edmen Shahbazyan,http://ufcstats.com/fight-details/a3e8ef1ce72a7d02,L,KO/TKO,1,2:27,0,3 of 23,3 of 23,0 of 0,0,0,0:00,2,14 of 38,14 of 38,0 of 0,0,0,0:04,1 of 19,1 of 1,1 of 3,3 of 22,0 of 1,0 of 0,12 of 36,2 of 2,0 of 0,10 of 32,2 of 4,2 of 2,,,,,,,,,,,,,,,,,,,,,,,,,,,,,,,,,,,,,,,,,,,,,,,,,,,,,,,,,,,,,,,,,,,,,,,,,,,,,,,,,,,,,,,,,,,,,,,,,,,,,,,,
"October 26, 2019",Ciryl Gane,Don'Tale Mayes,http://ufcstats.com/fight-details/41b75c9222c33cdf,W,Submission,3,4:46,1,39 of 78,40 of 79,0 of 0,0,0,0:07,0,15 of 52,15 of 52,0 of 0,0,0,0:00,25 of 60,8 of 11,6 of 7,27 of 55,8 of 13,4 of 10,6 of 39,3 of 4,6 of 9,14 of 51,1 of 1,0 of 0,0,18 of 35,20 of 37,2 of 2,0,0,1:10,0,10 of 38,15 of 45,0 of 0,0,0,0:00,0,37 of 55,39 of 57,1 of 1,1,0,0:58,0,7 of 31,10 of 35,0 of 0,0,0,0:02,,,,,,,,,,,,,,,,,,,,,,,,,,,,,8 of 19,7 of 12,3 of 4,16 of 33,2 of 2,0 of 0,3 of 24,2 of 4,5 of 10,9 of 37,1 of 1,0 of 0,17 of 33,15 of 17,5 of 5,25 of 40,12 of 14,0 of 1,5 of 27,0 of 1,2 of 3,7 of 30,0 of 1,0 of 0,,,,,,,,,,,,,,,,,,,,,,,,
"October 26, 2019",Raphael Pessoa,Jeff Hughes,http://ufcstats.com/fight-details/3d9aeef58dd0b51b,W,Decision - Unanimous,3,5:00,0,14 of 56,14 of 56,0 of 0,0,0,0:02,0,11 of 27,11 of 27,0 of 0,0,0,0:00,7 of 44,0 of 3,7 of 9,12 of 50,2 of 6,0 of 0,4 of 17,1 of 2,6 of 8,10 of 25,1 of 2,0 of 0,1,17 of 49,21 of 54,0 of 0,0,0,0:04,0,9 of 26,23 of 42,0 of 0,0,1,1:16,0,8 of 33,8 of 33,0 of 0,0,0,0:00,0,14 of 24,14 of 24,0 of 0,0,0,0:00,,,,,,,,,,,,,,,,,,,,,,,,,,,,,12 of 43,2 of 2,3 of 4,12 of 42,5 of 7,0 of 0,3 of 18,2 of 3,4 of 5,5 of 20,1 of 1,3 of 5,3 of 25,1 of 3,4 of 5,8 of 33,0 of 0,0 of 0,3 of 11,3 of 4,8 of 9,13 of 23,1 of 1,0 of 0,,,,,,,,,,,,,,,,,,,,,,,,
"October 18, 2019",Greg Hardy,Ben Sosoli,http://ufcstats.com/fight-details/0019ec81fd706ade,NC,Overturned,3,5:00,0,19 of 39,19 of 39,0 of 0,0,0,0:00,0,9 of 32,9 of 32,0 of 0,0,0,0:00,12 of 31,0 of 0,7 of 8,17 of 37,2 of 2,0 of 0,3 of 22,5 of 9,1 of 1,9 of 32,0 of 0,0 of 0,0,18 of 31,18 of 31,0 of 0,0,0,0:00,0,7 of 35,7 of 35,0 of 0,0,0,0:00,0,17 of 35,17 of 35,0 of 0,0,0,0:00,0,10 of 30,10 of 30,0 of 0,0,0,0:00,,,,,,,,,,,,,,,,,,,,,,,,,,,,,5 of 18,3 of 3,10 of 10,18 of 31,0 of 0,0 of 0,5 of 31,2 of 4,0 of 0,7 of 34,0 of 1,0 of 0,5 of 23,2 of 2,10 of 10,17 of 35,0 of 0,0 of 0,7 of 25,3 of 5,0 of 0,10 of 30,0 of 0,0 of 0,,,,,,,,,,,,,,,,,,,,,,,,
"October 18, 2019",Joe Lauzon,Jonathan Pearce,http://ufcstats.com/fight-details/57d989702ae72dc1,W,KO/TKO,1,1:33,0,25 of 36,28 of 39,1 of 2,0,0,0:41,0,8 of 19,8 of 19,0 of 0,0,0,0:00,24 of 35,1 of 1,0 of 0,9 of 19,1 of 1,15 of 16,4 of 14,2 of 3,2 of 2,8 of 18,0 of 1,0 of 0,,,,,,,,,,,,,,,,,,,,,,,,,,,,,,,,,,,,,,,,,,,,,,,,,,,,,,,,,,,,,,,,,,,,,,,,,,,,,,,,,,,,,,,,,,,,,,,,,,,,,,,,
"October 18, 2019",Maycee Barber,Gillian Robertson,http://ufcstats.com/fight-details/7510b0c96f5707ea,W,KO/TKO,1,3:04,0,34 of 68,40 of 74,0 of 0,0,0,0:22,0,12 of 28,15 of 31,0 of 2,0,0,0:44,31 of 65,3 of 3,0 of 0,15 of 46,16 of 19,3 of 3,8 of 21,2 of 3,2 of 4,11 of 27,1 of 1,0 of 0,,,,,,,,,,,,,,,,,,,,,,,,,,,,,,,,,,,,,,,,,,,,,,,,,,,,,,,,,,,,,,,,,,,,,,,,,,,,,,,,,,,,,,,,,,,,,,,,,,,,,,,,
"October 18, 2019",Kyle Bochniak,Sean Woodson,http://ufcstats.com/fight-details/9c3fb95a1558b38d,L,Decision - Unanimous,3,5:00,0,13 of 37,20 of 44,1 of 4,0,0,1:25,0,31 of 68,46 of 83,0 of 0,0,0,0:00,4 of 23,4 of 7,5 of 7,7 of 31,6 of 6,0 of 0,24 of 60,2 of 3,5 of 5,30 of 67,1 of 1,0 of 0,0,13 of 35,16 of 38,0 of 5,0,0,2:03,0,34 of 74,54 of 94,0 of 0,0,0,0:00,0,16 of 79,16 of 79,0 of 6,0,0,1:00,0,46 of 109,50 of 113,0 of 0,0,0,0:00,,,,,,,,,,,,,,,,,,,,,,,,,,,,,6 of 26,4 of 6,3 of 3,12 of 34,1 of 1,0 of 0,31 of 70,1 of 2,2 of 2,30 of 70,4 of 4,0 of 0,7 of 64,7 of 13,2 of 2,13 of 72,3 of 7,0 of 0,38 of 101,5 of 5,3 of 3,44 of 106,2 of 3,0 of 0,,,,,,,,,,,,,,,,,,,,,,,,
"October 18, 2019",Randy Costa,Boston Salmon,http://ufcstats.com/fight-details/38d6c2538ce6ec4c,W,KO/TKO,1,2:15,2,22 of 44,23 of 45,0 of 0,0,0,0:08,0,12 of 22,16 of 26,0 of 1,0,0,0:43,21 of 41,1 of 3,0 of 0,19 of 36,0 of 1,3 of 7,4 of 13,7 of 8,1 of 1,11 of 21,1 of 1,0 of 0,,,,,,,,,,,,,,,,,,,,,,,,,,,,,,,,,,,,,,,,,,,,,,,,,,,,,,,,,,,,,,,,,,,,,,,,,,,,,,,,,,,,,,,,,,,,,,,,,,,,,,,,
"October 18, 2019",Brendan Allen,Kevin Holland,http://ufcstats.com/fight-details/74b44635535cb290,W,Submission,2,3:38,0,2 of 5,6 of 10,2 of 3,3,1,1:54,0,14 of 18,19 of 24,0 of 0,1,1,2:45,1 of 4,0 of 0,1 of 1,0 of 3,1 of 1,1 of 1,7 of 10,5 of 5,2 of 3,4 of 6,0 of 0,10 of 12,0,8 of 17,17 of 31,0 of 0,1,1,1:00,0,8 of 20,18 of 31,1 of 1,0,0,1:59,,,,,,,,,,,,,,,,,,,,,,,,,,,,,,,,,,,,,,,,,,,6 of 15,1 of 1,1 of 1,5 of 11,0 of 0,3 of 6,7 of 17,0 of 1,1 of 2,8 of 20,0 of 0,0 of 0,,,,,,,,,,,,,,,,,,,,,,,,,,,,,,,,,,,,
"October 12, 2019",Matt Frevola,Luis Pena,http://ufcstats.com/fight-details/bed2710e06dabe6a,W,Decision - Split,3,5:00,0,15 of 45,15 of 45,2 of 2,0,0,1:07,0,13 of 35,21 of 43,1 of 2,0,1,0:52,7 of 32,2 of 7,6 of 6,14 of 41,1 of 4,0 of 0,11 of 27,2 of 8,0 of 0,9 of 29,4 of 6,0 of 0,0,10 of 26,13 of 31,1 of 3,0,0,1:00,0,26 of 49,27 of 50,0 of 0,2,2,0:13,0,23 of 39,23 of 39,1 of 2,0,0,0:43,0,12 of 36,12 of 36,0 of 0,0,0,0:00,,,,,,,,,,,,,,,,,,,,,,,,,,,,,5 of 21,2 of 2,3 of 3,9 of 25,1 of 1,0 of 0,21 of 43,5 of 6,0 of 0,16 of 36,4 of 4,6 of 9,15 of 29,6 of 8,2 of 2,23 of 39,0 of 0,0 of 0,11 of 34,0 of 1,1 of 1,12 of 36,0 of 0,0 of 0,,,,,,,,,,,,,,,,,,,,,,,,
"October 12, 2019",Ryan Spann,Devin Clark,http://ufcstats.com/fight-details/25548d526c3a7587,W,Submission,2,2:01,0,6 of 25,6 of 25,0 of 1,0,0,1:02,0,10 of 22,15 of 27,2 of 2,0,0,0:38,3 of 21,3 of 4,0 of 0,5 of 24,1 of 1,0 of 0,5 of 16,4 of 5,1 of 1,6 of 17,4 of 5,0 of 0,0,11 of 23,11 of 23,0 of 0,1,0,0:06,0,7 of 15,7 of 15,0 of 1,0,0,0:00,,,,,,,,,,,,,,,,,,,,,,,,,,,,,,,,,,,,,,,,,,,11 of 23,0 of 0,0 of 0,3 of 12,8 of 11,0 of 0,3 of 11,3 of 3,1 of 1,5 of 12,2 of 3,0 of 0,,,,,,,,,,,,,,,,,,,,,,,,,,,,,,,,,,,,
"October 12, 2019",Mike Davis,Thomas Gifford,http://ufcstats.com/fight-details/6a0217099efee13f,W,KO/TKO,3,4:45,0,67 of 109,68 of 110,1 of 1,0,0,0:31,0,36 of 111,37 of 112,0 of 0,0,0,0:00,46 of 81,18 of 22,3 of 6,41 of 75,14 of 15,12 of 19,22 of 93,8 of 10,6 of 8,32 of 105,4 of 5,0 of 1,0,39 of 64,40 of 65,1 of 1,0,0,0:40,0,24 of 73,24 of 73,0 of 1,0,0,0:00,2,33 of 49,33 of 49,0 of 0,0,0,0:45,0,28 of 58,28 of 58,0 of 1,0,0,0:00,,,,,,,,,,,,,,,,,,,,,,,,,,,,,31 of 51,6 of 10,2 of 3,29 of 54,3 of 3,7 of 7,9 of 55,4 of 5,11 of 13,24 of 73,0 of 0,0 of 0,19 of 34,8 of 8,6 of 7,28 of 44,0 of 0,5 of 5,14 of 41,6 of 8,8 of 9,24 of 51,4 of 6,0 of 1,,,,,,,,,,,,,,,,,,,,,,,,
"October 12, 2019",Miguel Baeza,Hector Aldana,http://ufcstats.com/fight-details/1d26ceb1c995655e,W,KO/TKO,2,2:32,0,14 of 28,14 of 28,1 of 1,0,0,0:00,0,4 of 27,4 of 27,0 of 0,0,0,0:03,2 of 13,2 of 5,10 of 10,14 of 28,0 of 0,0 of 0,2 of 19,0 of 4,2 of 4,4 of 27,0 of 0,0 of 0,1,21 of 33,21 of 33,0 of 0,0,0,0:00,0,4 of 15,4 of 15,0 of 0,0,0,0:05,,,,,,,,,,,,,,,,,,,,,,,,,,,,,,,,,,,,,,,,,,,14 of 25,1 of 2,6 of 6,15 of 23,0 of 0,6 of 10,0 of 11,0 of 0,4 of 4,4 of 15,0 of 0,0 of 0,,,,,,,,,,,,,,,,,,,,,,,,,,,,,,,,,,,,
"October 12, 2019",JJ Aldrich,Lauren Mueller,http://ufcstats.com/fight-details/64bee58391921b4b,W,Decision - Unanimous,3,5:00,0,11 of 25,13 of 27,1 of 1,0,0,1:30,0,9 of 25,11 of 27,1 of 1,0,0,0:12,6 of 20,2 of 2,3 of 3,10 of 22,1 of 3,0 of 0,3 of 16,3 of 6,3 of 3,8 of 24,1 of 1,0 of 0,0,25 of 51,27 of 53,0 of 1,0,0,0:22,0,26 of 68,30 of 72,0 of 0,0,0,0:09,0,38 of 84,38 of 84,0 of 0,0,0,0:00,0,19 of 54,19 of 54,0 of 0,0,0,0:00,,,,,,,,,,,,,,,,,,,,,,,,,,,,,21 of 45,3 of 3,1 of 3,23 of 49,2 of 2,0 of 0,15 of 53,5 of 9,6 of 6,25 of 67,1 of 1,0 of 0,32 of 77,5 of 6,1 of 1,37 of 80,1 of 4,0 of 0,16 of 48,2 of 5,1 of 1,19 of 54,0 of 0,0 of 0,,,,,,,,,,,,,,,,,,,,,,,,
"October 05, 2019",Justin Tafa,Yorgan De Castro,http://ufcstats.com/fight-details/9dfac33cd3ae4afd,L,KO/TKO,1,2:10,0,6 of 9,17 of 20,0 of 0,0,0,1:09,1,4 of 12,6 of 14,0 of 0,0,0,0:12,5 of 8,1 of 1,0 of 0,2 of 3,4 of 6,0 of 0,2 of 10,2 of 2,0 of 0,4 of 8,0 of 4,0 of 0,,,,,,,,,,,,,,,,,,,,,,,,,,,,,,,,,,,,,,,,,,,,,,,,,,,,,,,,,,,,,,,,,,,,,,,,,,,,,,,,,,,,,,,,,,,,,,,,,,,,,,,,
"October 05, 2019",Callan Potter,Maki Pitolo,http://ufcstats.com/fight-details/578987d534a0d205,W,Decision - Unanimous,3,5:00,0,20 of 38,35 of 59,1 of 2,0,1,2:13,0,26 of 62,45 of 81,0 of 0,1,0,0:55,20 of 38,0 of 0,0 of 0,19 of 37,1 of 1,0 of 0,21 of 56,4 of 5,1 of 1,26 of 62,0 of 0,0 of 0,0,23 of 48,49 of 82,0 of 0,0,0,2:13,0,27 of 73,45 of 91,0 of 1,0,0,0:14,0,5 of 10,43 of 57,2 of 2,0,0,3:59,0,7 of 20,13 of 26,0 of 1,0,1,0:25,,,,,,,,,,,,,,,,,,,,,,,,,,,,,19 of 43,2 of 3,2 of 2,20 of 45,3 of 3,0 of 0,24 of 69,3 of 4,0 of 0,27 of 73,0 of 0,0 of 0,5 of 10,0 of 0,0 of 0,2 of 7,0 of 0,3 of 3,4 of 17,2 of 2,1 of 1,7 of 20,0 of 0,0 of 0,,,,,,,,,,,,,,,,,,,,,,,,
"September 28, 2019",Brandon Davis,Giga Chikadze,http://ufcstats.com/fight-details/688908886d8ac900,L,Decision - Split,3,5:00,0,3 of 5,4 of 8,1 of 2,0,0,2:09,0,20 of 29,32 of 43,1 of 2,0,1,1:11,2 of 2,1 of 1,0 of 2,1 of 3,0 of 0,2 of 2,16 of 25,4 of 4,0 of 0,4 of 9,0 of 0,16 of 20,0,14 of 35,14 of 35,1 of 2,0,0,0:33,0,21 of 42,21 of 42,0 of 0,0,0,0:00,0,17 of 59,18 of 60,1 of 3,0,0,0:20,0,18 of 48,18 of 48,0 of 0,0,0,0:00,,,,,,,,,,,,,,,,,,,,,,,,,,,,,6 of 24,3 of 6,5 of 5,11 of 32,1 of 1,2 of 2,19 of 35,2 of 6,0 of 1,21 of 42,0 of 0,0 of 0,12 of 51,1 of 2,4 of 6,14 of 56,2 of 2,1 of 1,9 of 31,2 of 6,7 of 11,18 of 48,0 of 0,0 of 0,,,,,,,,,,,,,,,,,,,,,,,,
"September 21, 2019",Martin Bravo,Steven Peterson,http://ufcstats.com/fight-details/49b2a6a93d529981,L,KO/TKO,2,1:31,0,69 of 159,74 of 164,1 of 3,0,0,0:25,0,35 of 75,39 of 79,0 of 0,0,0,0:00,48 of 123,15 of 27,6 of 9,69 of 159,0 of 0,0 of 0,20 of 56,11 of 15,4 of 4,35 of 72,0 of 0,0 of 3,0,17 of 40,19 of 42,1 of 2,0,0,0:13,1,14 of 30,14 of 30,0 of 0,0,0,0:01,,,,,,,,,,,,,,,,,,,,,,,,,,,,,,,,,,,,,,,,,,,12 of 34,5 of 6,0 of 0,16 of 39,1 of 1,0 of 0,13 of 28,1 of 2,0 of 0,11 of 26,1 of 2,2 of 2,,,,,,,,,,,,,,,,,,,,,,,,,,,,,,,,,,,,
"September 14, 2019",Todd Duffee,Jeff Hughes,http://ufcstats.com/fight-details/8ae79d7967681db8,NC,Could Not Continue,1,4:03,1,30 of 66,38 of 74,1 of 3,0,0,1:55,0,16 of 29,26 of 39,0 of 0,0,0,0:16,25 of 60,5 of 6,0 of 0,19 of 51,9 of 12,2 of 3,12 of 24,0 of 0,4 of 5,14 of 23,2 of 6,0 of 0,,,,,,,,,,,,,,,,,,,,,,,,,,,,,,,,,,,,,,,,,,,,,,,,,,,,,,,,,,,,,,,,,,,,,,,,,,,,,,,,,,,,,,,,,,,,,,,,,,,,,,,,
"September 14, 2019",Misha Cirkunov,Jimmy Crute,http://ufcstats.com/fight-details/92b98afec5eb4e05,W,Submission,1,3:38,0,6 of 10,22 of 29,1 of 2,1,2,2:28,0,21 of 35,28 of 45,0 of 0,0,1,0:43,4 of 8,2 of 2,0 of 0,1 of 3,2 of 3,3 of 4,19 of 33,2 of 2,0 of 0,2 of 3,4 of 5,15 of 27,,,,,,,,,,,,,,,,,,,,,,,,,,,,,,,,,,,,,,,,,,,,,,,,,,,,,,,,,,,,,,,,,,,,,,,,,,,,,,,,,,,,,,,,,,,,,,,,,,,,,,,,
"September 14, 2019",Cole Smith,Miles Johns,http://ufcstats.com/fight-details/9de23eb1471e592b,L,Decision - Split,3,5:00,0,2 of 6,10 of 14,0 of 3,0,0,4:14,0,2 of 2,2 of 2,0 of 0,0,0,0:16,1 of 5,1 of 1,0 of 0,0 of 2,2 of 4,0 of 0,2 of 2,0 of 0,0 of 0,0 of 0,2 of 2,0 of 0,0,0 of 6,4 of 12,1 of 1,0,0,2:05,0,6 of 9,31 of 40,1 of 1,0,1,2:34,0,9 of 45,12 of 49,0 of 2,0,0,2:13,0,23 of 54,30 of 62,0 of 1,0,0,0:02,,,,,,,,,,,,,,,,,,,,,,,,,,,,,0 of 6,0 of 0,0 of 0,0 of 6,0 of 0,0 of 0,4 of 6,2 of 3,0 of 0,0 of 2,2 of 2,4 of 5,3 of 31,6 of 14,0 of 0,9 of 45,0 of 0,0 of 0,23 of 54,0 of 0,0 of 0,20 of 51,3 of 3,0 of 0,,,,,,,,,,,,,,,,,,,,,,,,
"September 14, 2019",Brad Katona,Hunter Azure,http://ufcstats.com/fight-details/14176809bcdafd01,L,Decision - Unanimous,3,5:00,0,5 of 12,16 of 25,0 of 5,0,0,3:05,0,8 of 22,11 of 25,0 of 0,0,0,0:03,4 of 11,0 of 0,1 of 1,2 of 8,3 of 4,0 of 0,6 of 14,0 of 5,2 of 3,5 of 17,3 of 5,0 of 0,0,8 of 23,13 of 30,2 of 4,0,0,2:36,0,18 of 46,23 of 52,0 of 0,0,0,0:00,0,8 of 25,11 of 28,1 of 3,0,0,0:42,0,15 of 50,21 of 56,0 of 1,0,1,0:26,,,,,,,,,,,,,,,,,,,,,,,,,,,,,7 of 21,1 of 2,0 of 0,7 of 21,1 of 2,0 of 0,10 of 38,5 of 5,3 of 3,15 of 43,3 of 3,0 of 0,7 of 19,1 of 5,0 of 1,8 of 25,0 of 0,0 of 0,9 of 39,6 of 10,0 of 1,13 of 45,0 of 0,2 of 5,,,,,,,,,,,,,,,,,,,,,,,,
"September 14, 2019",Chas Skelly,Jordan Griffin,http://ufcstats.com/fight-details/462a95890423d3c6,W,Decision - Unanimous,3,5:00,0,7 of 19,24 of 37,1 of 1,2,0,2:49,0,10 of 27,10 of 27,0 of 0,0,1,0:55,7 of 18,0 of 1,0 of 0,7 of 19,0 of 0,0 of 0,9 of 25,1 of 2,0 of 0,10 of 27,0 of 0,0 of 0,0,8 of 24,24 of 41,0 of 1,0,1,2:06,0,19 of 37,28 of 47,1 of 1,0,0,1:43,0,6 of 16,32 of 47,0 of 1,1,0,3:40,0,8 of 23,28 of 48,0 of 0,2,1,0:19,,,,,,,,,,,,,,,,,,,,,,,,,,,,,8 of 21,0 of 3,0 of 0,7 of 23,0 of 0,1 of 1,19 of 36,0 of 1,0 of 0,15 of 32,0 of 0,4 of 5,5 of 13,1 of 3,0 of 0,6 of 16,0 of 0,0 of 0,8 of 23,0 of 0,0 of 0,7 of 22,0 of 0,1 of 1,,,,,,,,,,,,,,,,,,,,,,,,
"August 31, 2019",JunYong Park,Anthony Hernandez,http://ufcstats.com/fight-details/8182dbc752c71137,L,Submission,2,4:39,0,45 of 96,47 of 98,0 of 0,0,0,0:04,0,27 of 67,27 of 67,3 of 4,0,0,1:55,40 of 91,5 of 5,0 of 0,44 of 93,1 of 3,0 of 0,21 of 61,5 of 5,1 of 1,26 of 63,1 of 4,0 of 0,0,36 of 52,37 of 54,0 of 0,0,0,0:12,0,32 of 43,47 of 62,3 of 5,1,0,2:38,,,,,,,,,,,,,,,,,,,,,,,,,,,,,,,,,,,,,,,,,,,36 of 51,0 of 1,0 of 0,29 of 43,7 of 9,0 of 0,30 of 41,2 of 2,0 of 0,23 of 34,2 of 2,7 of 7,,,,,,,,,,,,,,,,,,,,,,,,,,,,,,,,,,,,
"August 17, 2019",Gabriel Benitez,Sodiq Yusuff,http://ufcstats.com/fight-details/ea43a5fe4ff9a3c4,L,KO/TKO,1,4:14,0,24 of 72,24 of 72,0 of 0,0,0,0:00,1,34 of 79,34 of 79,0 of 0,0,0,0:04,11 of 55,4 of 8,9 of 9,24 of 72,0 of 0,0 of 0,25 of 70,4 of 4,5 of 5,30 of 71,0 of 1,4 of 7,,,,,,,,,,,,,,,,,,,,,,,,,,,,,,,,,,,,,,,,,,,,,,,,,,,,,,,,,,,,,,,,,,,,,,,,,,,,,,,,,,,,,,,,,,,,,,,,,,,,,,,,
"August 17, 2019",Derek Brunson,Ian Heinisch,http://ufcstats.com/fight-details/2eb56023c4a54504,W,Decision - Unanimous,3,5:00,0,16 of 42,27 of 54,0 of 4,0,0,0:58,0,19 of 43,21 of 45,0 of 2,0,0,0:00,10 of 35,5 of 6,1 of 1,12 of 37,4 of 5,0 of 0,8 of 31,7 of 8,4 of 4,14 of 36,5 of 7,0 of 0,0,29 of 55,35 of 61,0 of 1,0,0,0:38,0,13 of 34,13 of 34,0 of 5,0,0,0:00,0,36 of 88,40 of 92,2 of 5,0,0,0:37,0,26 of 66,31 of 71,0 of 1,0,0,0:00,,,,,,,,,,,,,,,,,,,,,,,,,,,,,21 of 41,7 of 11,1 of 3,23 of 48,1 of 1,5 of 6,7 of 22,6 of 11,0 of 1,11 of 31,1 of 2,1 of 1,20 of 66,14 of 20,2 of 2,34 of 85,2 of 3,0 of 0,22 of 61,3 of 4,1 of 1,24 of 63,2 of 3,0 of 0,,,,,,,,,,,,,,,,,,,,,,,,
"August 17, 2019",Devonte Smith,Khama Worthy,http://ufcstats.com/fight-details/2671de30a1736f51,L,KO/TKO,1,4:15,0,15 of 27,15 of 27,0 of 0,0,0,0:00,1,21 of 51,21 of 51,0 of 0,0,0,0:02,3 of 13,2 of 3,10 of 11,15 of 27,0 of 0,0 of 0,9 of 30,2 of 5,10 of 16,18 of 46,0 of 0,3 of 5,,,,,,,,,,,,,,,,,,,,,,,,,,,,,,,,,,,,,,,,,,,,,,,,,,,,,,,,,,,,,,,,,,,,,,,,,,,,,,,,,,,,,,,,,,,,,,,,,,,,,,,,
"August 17, 2019",Manny Bermudez,Casey Kenney,http://ufcstats.com/fight-details/29de6ddc42a2e674,L,Decision - Unanimous,3,5:00,0,11 of 14,14 of 17,1 of 1,0,0,1:32,0,18 of 28,21 of 31,1 of 1,0,0,1:49,8 of 11,3 of 3,0 of 0,7 of 10,1 of 1,3 of 3,9 of 17,3 of 4,6 of 7,14 of 24,3 of 3,1 of 1,0,6 of 12,7 of 13,2 of 3,0,0,1:22,0,14 of 22,20 of 31,0 of 0,1,1,2:55,0,20 of 33,38 of 53,0 of 0,0,1,3:16,0,11 of 19,15 of 23,1 of 1,0,0,0:36,,,,,,,,,,,,,,,,,,,,,,,,,,,,,5 of 8,1 of 4,0 of 0,6 of 12,0 of 0,0 of 0,7 of 14,5 of 6,2 of 2,3 of 9,1 of 1,10 of 12,16 of 28,4 of 5,0 of 0,9 of 21,1 of 1,10 of 11,5 of 11,2 of 4,4 of 4,9 of 16,2 of 3,0 of 0,,,,,,,,,,,,,,,,,,,,,,,,
"August 17, 2019",Kyung Ho Kang,Brandon Davis,http://ufcstats.com/fight-details/445d0d44091b902a,W,Decision - Split,3,5:00,1,23 of 42,38 of 60,1 of 2,0,0,1:15,0,23 of 70,30 of 81,0 of 0,0,0,0:00,20 of 38,1 of 1,2 of 3,23 of 41,0 of 0,0 of 1,6 of 45,3 of 4,14 of 21,22 of 68,1 of 1,0 of 1,0,16 of 41,17 of 42,0 of 1,0,0,1:10,0,32 of 71,41 of 82,1 of 1,0,0,0:24,0,11 of 18,65 of 78,2 of 3,0,0,3:55,0,22 of 46,43 of 68,0 of 0,0,0,0:00,,,,,,,,,,,,,,,,,,,,,,,,,,,,,15 of 40,0 of 0,1 of 1,16 of 41,0 of 0,0 of 0,12 of 45,10 of 11,10 of 15,28 of 66,3 of 4,1 of 1,11 of 18,0 of 0,0 of 0,3 of 7,0 of 0,8 of 11,14 of 36,4 of 5,4 of 5,12 of 29,0 of 1,10 of 16,,,,,,,,,,,,,,,,,,,,,,,,
"August 10, 2019",Enrique Barzola,Bobby Moffett,http://ufcstats.com/fight-details/4dd3035430a5ed43,W,Decision - Split,3,5:00,0,28 of 75,28 of 75,1 of 1,0,0,0:04,0,24 of 68,24 of 68,0 of 0,0,0,0:00,15 of 62,9 of 9,4 of 4,28 of 73,0 of 2,0 of 0,11 of 52,7 of 9,6 of 7,24 of 68,0 of 0,0 of 0,0,28 of 88,28 of 88,1 of 4,0,0,0:18,0,33 of 81,34 of 83,0 of 1,0,0,0:10,0,27 of 76,32 of 81,1 of 2,0,0,0:19,0,33 of 87,40 of 96,0 of 0,0,0,0:14,,,,,,,,,,,,,,,,,,,,,,,,,,,,,20 of 76,5 of 9,3 of 3,27 of 86,1 of 2,0 of 0,21 of 65,8 of 12,4 of 4,31 of 76,2 of 5,0 of 0,16 of 61,10 of 14,1 of 1,27 of 76,0 of 0,0 of 0,24 of 71,6 of 11,3 of 5,33 of 87,0 of 0,0 of 0,,,,,,,,,,,,,,,,,,,,,,,,
"August 03, 2019",Darko Stosic,Kennedy Nzechukwu,http://ufcstats.com/fight-details/cd6b799ec79c489a,L,Decision - Unanimous,3,5:00,0,29 of 43,29 of 43,0 of 1,0,0,0:20,0,9 of 32,9 of 32,0 of 0,0,0,0:00,11 of 22,2 of 2,16 of 19,20 of 28,9 of 15,0 of 0,6 of 25,2 of 6,1 of 1,9 of 32,0 of 0,0 of 0,0,15 of 43,15 of 43,1 of 1,0,0,0:21,0,26 of 54,26 of 54,0 of 0,0,0,0:00,0,16 of 48,19 of 51,3 of 8,0,0,1:27,0,15 of 37,15 of 37,0 of 0,0,0,0:00,,,,,,,,,,,,,,,,,,,,,,,,,,,,,2 of 19,3 of 4,10 of 20,15 of 43,0 of 0,0 of 0,17 of 40,8 of 12,1 of 2,23 of 51,0 of 0,3 of 3,8 of 39,2 of 3,6 of 6,13 of 40,1 of 5,2 of 3,15 of 37,0 of 0,0 of 0,15 of 37,0 of 0,0 of 0,,,,,,,,,,,,,,,,,,,,,,,,
"August 03, 2019",Antonina Shevchenko,Lucie Pudilova,http://ufcstats.com/fight-details/326de7f7ec9e7035,W,Submission,2,1:20,0,16 of 21,34 of 39,0 of 0,2,0,1:37,0,6 of 11,11 of 18,1 of 3,0,0,1:40,3 of 4,9 of 13,4 of 4,1 of 1,15 of 20,0 of 0,3 of 7,3 of 4,0 of 0,0 of 3,5 of 7,1 of 1,0,0 of 2,2 of 5,0 of 0,1,0,0:17,0,0 of 5,1 of 6,0 of 2,0,0,0:39,,,,,,,,,,,,,,,,,,,,,,,,,,,,,,,,,,,,,,,,,,,0 of 2,0 of 0,0 of 0,0 of 2,0 of 0,0 of 0,0 of 5,0 of 0,0 of 0,0 of 5,0 of 0,0 of 0,,,,,,,,,,,,,,,,,,,,,,,,,,,,,,,,,,,,
"August 03, 2019",Jordan Espinosa,Matt Schnell,http://ufcstats.com/fight-details/60162c95d921d1ae,L,Submission,1,1:23,0,5 of 6,5 of 6,0 of 1,0,0,0:25,0,3 of 12,3 of 12,0 of 0,1,0,0:00,2 of 3,0 of 0,3 of 3,5 of 6,0 of 0,0 of 0,2 of 11,0 of 0,1 of 1,3 of 12,0 of 0,0 of 0,,,,,,,,,,,,,,,,,,,,,,,,,,,,,,,,,,,,,,,,,,,,,,,,,,,,,,,,,,,,,,,,,,,,,,,,,,,,,,,,,,,,,,,,,,,,,,,,,,,,,,,,
"August 03, 2019",Miranda Granger,Hannah Goldy,http://ufcstats.com/fight-details/94560d1dc6248347,W,Decision - Unanimous,3,5:00,0,21 of 48,37 of 67,0 of 0,0,0,0:05,0,22 of 46,25 of 50,0 of 0,0,0,1:21,12 of 34,2 of 4,7 of 10,10 of 29,11 of 19,0 of 0,9 of 27,8 of 10,5 of 9,15 of 35,7 of 11,0 of 0,0,23 of 48,23 of 48,0 of 0,0,0,0:00,0,15 of 49,15 of 49,0 of 0,0,0,0:02,0,17 of 47,17 of 47,0 of 0,0,0,0:00,0,18 of 71,18 of 71,0 of 0,0,0,0:08,,,,,,,,,,,,,,,,,,,,,,,,,,,,,9 of 26,4 of 4,10 of 18,21 of 44,2 of 4,0 of 0,7 of 27,3 of 9,5 of 13,13 of 44,2 of 5,0 of 0,10 of 31,2 of 4,5 of 12,16 of 44,1 of 3,0 of 0,4 of 48,9 of 15,5 of 8,15 of 66,3 of 5,0 of 0,,,,,,,,,,,,,,,,,,,,,,,,
"July 27, 2019",Geoff Neal,Niko Price,http://ufcstats.com/fight-details/e186bd5e556f1b5e,W,KO/TKO,2,2:39,0,14 of 23,18 of 27,2 of 3,0,0,1:34,1,16 of 36,26 of 47,0 of 2,0,1,0:51,14 of 22,0 of 1,0 of 0,5 of 12,5 of 7,4 of 4,8 of 22,7 of 13,1 of 1,8 of 24,6 of 8,2 of 4,0,27 of 38,35 of 46,0 of 1,0,0,2:03,0,8 of 21,16 of 32,0 of 0,0,0,0:02,,,,,,,,,,,,,,,,,,,,,,,,,,,,,,,,,,,,,,,,,,,27 of 38,0 of 0,0 of 0,3 of 6,1 of 1,23 of 31,7 of 19,0 of 1,1 of 1,6 of 15,0 of 0,2 of 6,,,,,,,,,,,,,,,,,,,,,,,,,,,,,,,,,,,,
"July 27, 2019",Erik Koch,Kyle Stewart,http://ufcstats.com/fight-details/d47fd8fc3886f86c,W,Decision - Unanimous,3,5:00,0,12 of 25,15 of 28,0 of 4,0,0,1:50,0,14 of 32,33 of 52,0 of 6,0,0,1:07,9 of 22,3 of 3,0 of 0,10 of 22,2 of 3,0 of 0,6 of 19,3 of 8,5 of 5,12 of 29,2 of 3,0 of 0,0,11 of 16,26 of 31,2 of 4,0,0,3:23,0,5 of 13,23 of 39,0 of 1,0,0,1:07,0,14 of 22,26 of 40,2 of 3,0,0,3:46,0,4 of 19,12 of 28,0 of 1,0,0,0:00,,,,,,,,,,,,,,,,,,,,,,,,,,,,,8 of 10,3 of 6,0 of 0,3 of 6,2 of 3,6 of 7,3 of 10,0 of 1,2 of 2,4 of 12,1 of 1,0 of 0,13 of 21,1 of 1,0 of 0,3 of 9,1 of 1,10 of 12,4 of 16,0 of 0,0 of 3,3 of 16,1 of 3,0 of 0,,,,,,,,,,,,,,,,,,,,,,,,
"July 20, 2019",Greg Hardy,Juan Adams,http://ufcstats.com/fight-details/88b1d4f951070f83,W,KO/TKO,1,0:45,0,36 of 38,36 of 38,0 of 0,0,0,0:17,0,3 of 7,3 of 7,0 of 1,0,0,0:00,35 of 36,1 of 2,0 of 0,5 of 7,0 of 0,31 of 31,3 of 7,0 of 0,0 of 0,3 of 7,0 of 0,0 of 0,,,,,,,,,,,,,,,,,,,,,,,,,,,,,,,,,,,,,,,,,,,,,,,,,,,,,,,,,,,,,,,,,,,,,,,,,,,,,,,,,,,,,,,,,,,,,,,,,,,,,,,,
"July 20, 2019",Alex Caceres,Steven Peterson,http://ufcstats.com/fight-details/96d33e46267d4eaf,W,Decision - Unanimous,3,5:00,0,20 of 41,20 of 41,0 of 0,0,0,0:00,0,19 of 54,25 of 61,1 of 1,0,0,1:37,14 of 31,4 of 8,2 of 2,20 of 41,0 of 0,0 of 0,9 of 38,3 of 8,7 of 8,19 of 54,0 of 0,0 of 0,0,43 of 74,43 of 74,0 of 0,0,0,0:00,0,24 of 87,25 of 88,0 of 0,0,0,0:00,0,31 of 82,32 of 83,0 of 0,0,0,0:00,0,24 of 77,37 of 92,1 of 1,0,0,1:02,,,,,,,,,,,,,,,,,,,,,,,,,,,,,30 of 60,11 of 12,2 of 2,40 of 71,3 of 3,0 of 0,16 of 70,4 of 13,4 of 4,24 of 87,0 of 0,0 of 0,19 of 63,12 of 19,0 of 0,31 of 82,0 of 0,0 of 0,16 of 63,6 of 11,2 of 3,22 of 73,0 of 0,2 of 4,,,,,,,,,,,,,,,,,,,,,,,,
"July 20, 2019",Domingo Pilarte,Felipe Colares,http://ufcstats.com/fight-details/c5259566abc552b1,L,Decision - Split,3,5:00,0,4 of 8,35 of 44,0 of 0,0,0,0:02,0,14 of 22,35 of 48,1 of 3,0,0,4:08,1 of 5,2 of 2,1 of 1,3 of 6,1 of 2,0 of 0,10 of 16,4 of 6,0 of 0,3 of 5,6 of 12,5 of 5,0,7 of 10,24 of 28,1 of 2,1,1,1:47,0,6 of 16,15 of 25,1 of 5,0,0,2:29,0,0 of 3,10 of 17,1 of 3,0,0,4:21,0,3 of 4,42 of 59,0 of 0,0,0,0:00,,,,,,,,,,,,,,,,,,,,,,,,,,,,,4 of 5,2 of 4,1 of 1,2 of 5,5 of 5,0 of 0,4 of 13,1 of 2,1 of 1,3 of 5,1 of 2,2 of 9,0 of 2,0 of 0,0 of 1,0 of 3,0 of 0,0 of 0,1 of 2,1 of 1,1 of 1,3 of 4,0 of 0,0 of 0,,,,,,,,,,,,,,,,,,,,,,,,
"July 13, 2019",Karl Roberson,Wellington Turman,http://ufcstats.com/fight-details/a7cf716f5d73b558,W,Decision - Split,3,5:00,0,23 of 38,41 of 58,0 of 0,0,1,3:14,0,9 of 16,11 of 18,1 of 4,1,0,0:57,17 of 31,4 of 5,2 of 2,7 of 18,0 of 0,16 of 20,8 of 15,1 of 1,0 of 0,6 of 13,0 of 0,3 of 3,0,17 of 26,25 of 36,0 of 0,0,1,1:54,0,8 of 21,12 of 27,2 of 2,0,0,2:14,0,10 of 16,13 of 19,0 of 0,0,1,0:40,0,8 of 14,15 of 22,1 of 1,1,0,3:44,,,,,,,,,,,,,,,,,,,,,,,,,,,,,13 of 22,4 of 4,0 of 0,5 of 13,7 of 7,5 of 6,5 of 16,3 of 5,0 of 0,0 of 8,5 of 6,3 of 7,5 of 11,3 of 3,2 of 2,3 of 9,1 of 1,6 of 6,7 of 11,1 of 2,0 of 1,2 of 6,0 of 0,6 of 8,,,,,,,,,,,,,,,,,,,,,,,,
"July 13, 2019",Benito Lopez,Vince Morales,http://ufcstats.com/fight-details/358468724d7d4322,W,Decision - Unanimous,3,5:00,0,16 of 37,16 of 37,0 of 0,0,0,0:00,1,16 of 38,19 of 41,0 of 0,0,0,0:29,2 of 14,3 of 9,11 of 14,16 of 37,0 of 0,0 of 0,13 of 34,0 of 0,3 of 4,10 of 30,0 of 0,6 of 8,0,17 of 46,17 of 46,0 of 0,0,0,0:00,0,16 of 40,16 of 40,0 of 0,0,0,0:00,0,21 of 49,21 of 49,0 of 0,0,0,0:00,0,32 of 69,32 of 69,0 of 0,0,0,0:00,,,,,,,,,,,,,,,,,,,,,,,,,,,,,0 of 20,4 of 10,13 of 16,17 of 46,0 of 0,0 of 0,11 of 34,1 of 1,4 of 5,16 of 40,0 of 0,0 of 0,4 of 21,2 of 6,15 of 22,21 of 47,0 of 2,0 of 0,22 of 54,8 of 12,2 of 3,30 of 64,2 of 5,0 of 0,,,,,,,,,,,,,,,,,,,,,,,,
"July 06, 2019",Edmen Shahbazyan,Jack Marshman,http://ufcstats.com/fight-details/e9f00c16810e0e61,W,Submission,1,1:12,0,13 of 24,13 of 24,1 of 1,1,0,0:33,0,0 of 7,0 of 7,0 of 0,0,0,0:00,11 of 22,1 of 1,1 of 1,3 of 6,0 of 0,10 of 18,0 of 7,0 of 0,0 of 0,0 of 7,0 of 0,0 of 0,,,,,,,,,,,,,,,,,,,,,,,,,,,,,,,,,,,,,,,,,,,,,,,,,,,,,,,,,,,,,,,,,,,,,,,,,,,,,,,,,,,,,,,,,,,,,,,,,,,,,,,,
"June 29, 2019",Roosevelt Roberts,Vinc Pichel,http://ufcstats.com/fight-details/2b01da1699f0305f,L,Decision - Unanimous,3,5:00,0,17 of 43,17 of 43,1 of 2,0,0,1:24,0,18 of 29,22 of 33,0 of 1,0,0,0:47,10 of 35,4 of 4,3 of 4,13 of 38,4 of 5,0 of 0,3 of 10,7 of 10,8 of 9,9 of 20,9 of 9,0 of 0,0,10 of 30,13 of 33,1 of 1,0,0,1:02,0,21 of 37,29 of 45,1 of 2,0,1,1:35,0,4 of 14,4 of 14,0 of 0,0,0,0:08,0,21 of 35,30 of 44,2 of 3,1,0,3:37,,,,,,,,,,,,,,,,,,,,,,,,,,,,,8 of 27,2 of 3,0 of 0,9 of 29,1 of 1,0 of 0,8 of 18,7 of 10,6 of 9,12 of 23,3 of 5,6 of 9,4 of 13,0 of 1,0 of 0,4 of 13,0 of 0,0 of 1,18 of 27,2 of 6,1 of 2,5 of 19,2 of 2,14 of 14,,,,,,,,,,,,,,,,,,,,,,,,
"June 29, 2019",Alonzo Menifield,Paul Craig,http://ufcstats.com/fight-details/c770192a9f3261cd,W,KO/TKO,1,3:19,0,8 of 22,8 of 23,0 of 0,0,0,1:22,0,7 of 13,21 of 28,0 of 1,0,0,0:12,6 of 20,1 of 1,1 of 1,3 of 17,1 of 1,4 of 4,3 of 6,4 of 7,0 of 0,4 of 8,3 of 5,0 of 0,,,,,,,,,,,,,,,,,,,,,,,,,,,,,,,,,,,,,,,,,,,,,,,,,,,,,,,,,,,,,,,,,,,,,,,,,,,,,,,,,,,,,,,,,,,,,,,,,,,,,,,,
"June 22, 2019",Kevin Holland,Alessio Di Chirico,http://ufcstats.com/fight-details/b1da312483a974b3,W,Decision - Unanimous,3,5:00,0,21 of 45,96 of 120,0 of 0,0,0,1:28,0,18 of 28,25 of 35,1 of 2,0,0,0:51,4 of 25,7 of 9,10 of 11,11 of 34,10 of 11,0 of 0,12 of 21,1 of 2,5 of 5,9 of 18,8 of 9,1 of 1,0,10 of 25,57 of 74,0 of 2,0,0,1:51,0,20 of 29,24 of 35,0 of 1,0,0,0:40,0,27 of 47,39 of 59,0 of 1,0,0,0:00,0,13 of 27,13 of 27,1 of 1,0,0,0:11,,,,,,,,,,,,,,,,,,,,,,,,,,,,,2 of 12,4 of 8,4 of 5,6 of 20,4 of 5,0 of 0,14 of 21,2 of 4,4 of 4,13 of 21,7 of 8,0 of 0,7 of 24,7 of 9,13 of 14,26 of 46,1 of 1,0 of 0,3 of 15,3 of 5,7 of 7,13 of 25,0 of 2,0 of 0,,,,,,,,,,,,,,,,,,,,,,,,
"June 22, 2019",Dan Ige,Kevin Aguilar,http://ufcstats.com/fight-details/f047e3605f8852d8,W,Decision - Unanimous,3,5:00,1,27 of 47,45 of 65,0 of 2,0,0,2:06,0,9 of 29,18 of 38,0 of 0,0,0,0:00,18 of 36,4 of 6,5 of 5,15 of 28,0 of 1,12 of 18,6 of 23,2 of 4,1 of 2,9 of 29,0 of 0,0 of 0,0,13 of 14,16 of 17,1 of 1,0,0,1:55,0,9 of 18,32 of 41,0 of 0,0,1,2:05,0,31 of 64,31 of 64,0 of 1,0,0,0:06,0,15 of 57,15 of 57,1 of 1,0,0,0:14,,,,,,,,,,,,,,,,,,,,,,,,,,,,,9 of 10,3 of 3,1 of 1,4 of 5,0 of 0,9 of 9,8 of 15,1 of 3,0 of 0,2 of 7,0 of 0,7 of 11,25 of 56,5 of 7,1 of 1,25 of 56,6 of 8,0 of 0,7 of 45,7 of 11,1 of 1,10 of 51,5 of 6,0 of 0,,,,,,,,,,,,,,,,,,,,,,,,
"June 22, 2019",Allen Crowder,Jairzinho Rozenstruik,http://ufcstats.com/fight-details/e4559c3cce6edec1,L,KO/TKO,1,0:09,0,0 of 1,0 of 1,0 of 0,0,0,0:00,1,4 of 4,4 of 4,0 of 0,0,0,0:02,0 of 1,0 of 0,0 of 0,0 of 1,0 of 0,0 of 0,3 of 3,1 of 1,0 of 0,1 of 1,0 of 0,3 of 3,,,,,,,,,,,,,,,,,,,,,,,,,,,,,,,,,,,,,,,,,,,,,,,,,,,,,,,,,,,,,,,,,,,,,,,,,,,,,,,,,,,,,,,,,,,,,,,,,,,,,,,,
"June 08, 2019",Bevon Lewis,Darren Stewart,http://ufcstats.com/fight-details/a255ed658a2ac9bb,L,Decision - Unanimous,3,5:00,0,15 of 28,24 of 37,0 of 2,0,0,1:37,0,15 of 27,18 of 30,0 of 0,0,0,0:56,3 of 12,10 of 13,2 of 3,4 of 14,11 of 14,0 of 0,7 of 18,1 of 2,7 of 7,6 of 13,9 of 14,0 of 0,0,11 of 39,11 of 39,0 of 0,0,0,0:04,0,9 of 30,9 of 30,0 of 0,0,0,0:03,0,5 of 17,10 of 22,0 of 3,0,0,2:01,0,6 of 16,13 of 24,0 of 0,0,0,0:40,,,,,,,,,,,,,,,,,,,,,,,,,,,,,8 of 27,0 of 4,3 of 8,10 of 37,1 of 2,0 of 0,2 of 22,2 of 2,5 of 6,8 of 29,1 of 1,0 of 0,2 of 10,2 of 6,1 of 1,1 of 11,4 of 6,0 of 0,2 of 12,2 of 2,2 of 2,4 of 13,2 of 3,0 of 0,,,,,,,,,,,,,,,,,,,,,,,,
"May 18, 2019",Antonio Carlos Junior,Ian Heinisch,http://ufcstats.com/fight-details/9fb9af6599d67b1d,L,Decision - Unanimous,3,5:00,0,8 of 12,13 of 17,3 of 6,0,0,4:11,0,1 of 4,8 of 11,0 of 0,0,0,0:05,5 of 8,0 of 1,3 of 3,4 of 7,2 of 2,2 of 3,0 of 0,0 of 1,1 of 3,1 of 4,0 of 0,0 of 0,0,3 of 12,5 of 14,1 of 3,0,0,1:27,0,18 of 30,39 of 54,0 of 0,0,0,1:58,0,4 of 9,7 of 12,0 of 2,0,1,0:45,0,20 of 33,32 of 50,1 of 1,0,0,2:39,,,,,,,,,,,,,,,,,,,,,,,,,,,,,2 of 11,0 of 0,1 of 1,3 of 12,0 of 0,0 of 0,11 of 22,1 of 2,6 of 6,5 of 13,2 of 3,11 of 14,3 of 8,1 of 1,0 of 0,4 of 9,0 of 0,0 of 0,15 of 26,1 of 2,4 of 5,7 of 14,3 of 4,10 of 15,,,,,,,,,,,,,,,,,,,,,,,,
"May 18, 2019",Michael Trizano,Grant Dawson,http://ufcstats.com/fight-details/476a6245b43f3119,L,Submission,2,2:27,0,11 of 26,15 of 30,0 of 0,0,0,0:34,0,19 of 37,19 of 37,2 of 8,0,0,2:32,5 of 19,3 of 4,3 of 3,8 of 23,3 of 3,0 of 0,7 of 20,7 of 11,5 of 6,8 of 24,11 of 13,0 of 0,0,9 of 15,9 of 15,0 of 0,0,0,0:00,0,8 of 19,15 of 26,1 of 2,1,0,1:39,,,,,,,,,,,,,,,,,,,,,,,,,,,,,,,,,,,,,,,,,,,5 of 11,4 of 4,0 of 0,8 of 14,1 of 1,0 of 0,2 of 12,5 of 6,1 of 1,7 of 16,0 of 0,1 of 3,,,,,,,,,,,,,,,,,,,,,,,,,,,,,,,,,,,,
"May 18, 2019",Julio Arce,Julian Erosa,http://ufcstats.com/fight-details/115fa6f5f3e51bbb,W,KO/TKO,3,1:49,0,14 of 43,14 of 43,1 of 1,0,0,0:07,0,12 of 49,14 of 51,0 of 0,0,0,0:11,14 of 41,0 of 2,0 of 0,14 of 42,0 of 1,0 of 0,4 of 35,6 of 11,2 of 3,11 of 46,1 of 3,0 of 0,0,34 of 72,34 of 72,0 of 0,0,0,0:05,0,21 of 74,22 of 76,0 of 0,0,0,0:22,1,26 of 45,26 of 45,0 of 0,0,0,0:01,0,10 of 37,10 of 37,0 of 0,0,0,0:00,,,,,,,,,,,,,,,,,,,,,,,,,,,,,25 of 62,8 of 9,1 of 1,32 of 69,2 of 3,0 of 0,11 of 61,8 of 10,2 of 3,18 of 68,3 of 6,0 of 0,22 of 39,4 of 6,0 of 0,25 of 44,0 of 0,1 of 1,8 of 33,1 of 3,1 of 1,10 of 37,0 of 0,0 of 0,,,,,,,,,,,,,,,,,,,,,,,,
"May 11, 2019",Rogerio Nogueira,Ryan Spann,http://ufcstats.com/fight-details/413a4c217ee0193f,L,KO/TKO,1,2:07,0,6 of 24,6 of 24,0 of 0,0,0,0:00,1,13 of 32,13 of 32,1 of 2,1,0,0:44,6 of 24,0 of 0,0 of 0,6 of 24,0 of 0,0 of 0,11 of 30,1 of 1,1 of 1,10 of 29,0 of 0,3 of 3,,,,,,,,,,,,,,,,,,,,,,,,,,,,,,,,,,,,,,,,,,,,,,,,,,,,,,,,,,,,,,,,,,,,,,,,,,,,,,,,,,,,,,,,,,,,,,,,,,,,,,,,
"May 11, 2019",Thiago Moises,Kurt Holobaugh,http://ufcstats.com/fight-details/017c090e9e8d2957,W,Decision - Unanimous,3,5:00,0,20 of 33,28 of 44,1 of 1,0,0,2:50,0,11 of 37,42 of 71,0 of 1,0,0,1:07,17 of 29,0 of 1,3 of 3,10 of 18,2 of 3,8 of 12,7 of 32,3 of 3,1 of 2,11 of 37,0 of 0,0 of 0,0,18 of 32,19 of 34,1 of 2,0,0,2:02,0,24 of 66,46 of 90,0 of 1,0,0,1:18,0,28 of 37,68 of 82,2 of 3,1,0,3:00,0,4 of 12,20 of 28,2 of 4,0,0,0:49,,,,,,,,,,,,,,,,,,,,,,,,,,,,,17 of 29,0 of 1,1 of 2,14 of 26,3 of 5,1 of 1,6 of 39,17 of 26,1 of 1,11 of 46,13 of 20,0 of 0,25 of 34,2 of 2,1 of 1,4 of 9,3 of 3,21 of 25,3 of 11,1 of 1,0 of 0,2 of 10,1 of 1,1 of 1,,,,,,,,,,,,,,,,,,,,,,,,
"May 04, 2019",Aiemann Zahabi,Vince Morales,http://ufcstats.com/fight-details/c936527df280b8b4,L,Decision - Unanimous,3,5:00,0,6 of 20,6 of 20,0 of 0,0,0,0:00,0,14 of 42,14 of 42,0 of 0,0,0,0:00,3 of 16,3 of 4,0 of 0,6 of 20,0 of 0,0 of 0,5 of 28,7 of 10,2 of 4,14 of 42,0 of 0,0 of 0,0,9 of 25,10 of 26,1 of 2,0,0,0:36,0,14 of 46,14 of 46,0 of 0,0,0,0:00,0,13 of 37,13 of 37,0 of 3,0,0,0:02,0,31 of 106,31 of 106,0 of 0,0,0,0:00,,,,,,,,,,,,,,,,,,,,,,,,,,,,,3 of 17,3 of 5,3 of 3,8 of 24,1 of 1,0 of 0,8 of 34,3 of 8,3 of 4,14 of 46,0 of 0,0 of 0,8 of 29,3 of 5,2 of 3,13 of 37,0 of 0,0 of 0,18 of 89,10 of 14,3 of 3,30 of 104,1 of 2,0 of 0,,,,,,,,,,,,,,,,,,,,,,,,
"May 04, 2019",Kyle Nelson,Matt Sayles,http://ufcstats.com/fight-details/a3731057c8775716,L,Submission,3,3:16,0,14 of 48,14 of 48,0 of 0,2,0,0:00,0,54 of 99,79 of 127,0 of 0,0,0,2:08,13 of 45,1 of 3,0 of 0,13 of 46,1 of 2,0 of 0,36 of 78,8 of 11,10 of 10,30 of 61,0 of 1,24 of 37,0,5 of 17,11 of 27,2 of 4,2,0,3:26,0,6 of 14,7 of 15,0 of 0,0,0,0:13,0,7 of 28,7 of 28,0 of 6,0,0,0:21,0,15 of 34,20 of 39,0 of 0,1,1,0:26,,,,,,,,,,,,,,,,,,,,,,,,,,,,,3 of 14,2 of 3,0 of 0,4 of 15,1 of 2,0 of 0,2 of 10,1 of 1,3 of 3,6 of 14,0 of 0,0 of 0,2 of 23,5 of 5,0 of 0,7 of 25,0 of 3,0 of 0,7 of 25,6 of 6,2 of 3,12 of 30,3 of 4,0 of 0,,,,,,,,,,,,,,,,,,,,,,,,
"May 04, 2019",Arjan Bhullar,Juan Adams,http://ufcstats.com/fight-details/0bc354fbb6e99ab6,W,Decision - Unanimous,3,5:00,0,20 of 32,20 of 32,0 of 0,0,0,0:09,0,35 of 89,40 of 94,0 of 0,0,0,0:19,16 of 28,4 of 4,0 of 0,11 of 22,9 of 10,0 of 0,24 of 77,7 of 8,4 of 4,25 of 78,10 of 11,0 of 0,0,10 of 13,26 of 31,1 of 1,0,0,2:21,0,23 of 51,35 of 63,0 of 0,0,0,0:48,0,11 of 17,23 of 31,1 of 1,0,0,2:48,0,23 of 45,32 of 55,0 of 0,0,0,0:18,,,,,,,,,,,,,,,,,,,,,,,,,,,,,7 of 10,2 of 2,1 of 1,4 of 6,5 of 6,1 of 1,13 of 41,10 of 10,0 of 0,13 of 39,10 of 12,0 of 0,9 of 15,2 of 2,0 of 0,3 of 9,5 of 5,3 of 3,19 of 40,4 of 5,0 of 0,12 of 31,10 of 13,1 of 1,,,,,,,,,,,,,,,,,,,,,,,,
"April 27, 2019",Greg Hardy,Dmitrii Smoliakov,http://ufcstats.com/fight-details/c68e57c19c82d500,W,KO/TKO,1,2:15,0,14 of 30,17 of 33,0 of 0,0,0,0:25,0,1 of 3,1 of 3,0 of 2,0,0,0:00,12 of 28,2 of 2,0 of 0,4 of 13,2 of 2,8 of 15,1 of 3,0 of 0,0 of 0,1 of 3,0 of 0,0 of 0,,,,,,,,,,,,,,,,,,,,,,,,,,,,,,,,,,,,,,,,,,,,,,,,,,,,,,,,,,,,,,,,,,,,,,,,,,,,,,,,,,,,,,,,,,,,,,,,,,,,,,,,
"April 27, 2019",Roosevelt Roberts,Thomas Gifford,http://ufcstats.com/fight-details/721d870849de4a57,W,Decision - Unanimous,3,5:00,0,19 of 31,30 of 42,1 of 2,0,0,3:42,0,10 of 23,18 of 32,0 of 0,0,0,0:00,13 of 25,4 of 4,2 of 2,7 of 16,2 of 2,10 of 13,6 of 19,1 of 1,3 of 3,9 of 22,1 of 1,0 of 0,0,20 of 31,31 of 44,0 of 0,0,0,3:10,0,13 of 33,35 of 57,0 of 0,0,0,0:00,0,14 of 23,34 of 46,1 of 2,0,0,2:19,0,7 of 14,33 of 41,1 of 1,0,0,1:41,,,,,,,,,,,,,,,,,,,,,,,,,,,,,18 of 29,0 of 0,2 of 2,18 of 29,1 of 1,1 of 1,6 of 24,2 of 3,5 of 6,11 of 31,2 of 2,0 of 0,10 of 19,3 of 3,1 of 1,6 of 14,0 of 0,8 of 9,4 of 10,2 of 3,1 of 1,4 of 10,1 of 2,2 of 2,,,,,,,,,,,,,,,,,,,,,,,,
"April 27, 2019",Gilbert Burns,Mike Davis,http://ufcstats.com/fight-details/c2bcdcc472228768,W,Submission,2,4:15,0,31 of 61,40 of 72,2 of 4,0,0,1:32,0,12 of 41,12 of 41,0 of 0,0,0,0:00,20 of 47,4 of 6,7 of 8,24 of 53,4 of 5,3 of 3,5 of 28,6 of 12,1 of 1,10 of 39,2 of 2,0 of 0,0,18 of 26,41 of 50,1 of 2,1,0,3:54,0,1 of 3,5 of 8,0 of 0,0,0,0:00,,,,,,,,,,,,,,,,,,,,,,,,,,,,,,,,,,,,,,,,,,,16 of 24,0 of 0,2 of 2,4 of 9,0 of 0,14 of 17,0 of 1,0 of 1,1 of 1,1 of 3,0 of 0,0 of 0,,,,,,,,,,,,,,,,,,,,,,,,,,,,,,,,,,,,
"April 20, 2019",Roxanne Modafferi,Antonina Shevchenko,http://ufcstats.com/fight-details/a40c70d5a1a1be01,W,Decision - Split,3,5:00,0,11 of 40,30 of 63,2 of 2,0,0,1:59,0,26 of 46,28 of 48,0 of 0,0,0,0:00,8 of 36,2 of 3,1 of 1,9 of 36,2 of 3,0 of 1,23 of 43,1 of 1,2 of 2,25 of 45,1 of 1,0 of 0,0,14 of 21,44 of 56,1 of 2,0,0,3:46,0,17 of 34,20 of 39,0 of 0,0,0,0:00,0,8 of 18,31 of 43,2 of 2,0,2,3:15,0,21 of 36,39 of 57,0 of 0,0,2,0:50,,,,,,,,,,,,,,,,,,,,,,,,,,,,,14 of 20,0 of 1,0 of 0,7 of 14,1 of 1,6 of 6,15 of 32,2 of 2,0 of 0,11 of 26,3 of 3,3 of 5,7 of 17,1 of 1,0 of 0,2 of 10,0 of 0,6 of 8,12 of 26,9 of 10,0 of 0,13 of 27,6 of 7,2 of 2,,,,,,,,,,,,,,,,,,,,,,,,
"April 13, 2019",Alan Jouban,Dwight Grant,http://ufcstats.com/fight-details/7dc87736c304b3dd,L,Decision - Split,3,5:00,0,5 of 31,5 of 31,0 of 1,0,0,0:08,0,10 of 35,11 of 36,0 of 0,0,0,0:00,1 of 26,1 of 2,3 of 3,5 of 29,0 of 2,0 of 0,5 of 28,1 of 2,4 of 5,9 of 34,1 of 1,0 of 0,0,9 of 27,9 of 27,0 of 0,0,0,0:08,0,13 of 37,13 of 37,0 of 0,0,0,0:00,0,10 of 42,11 of 43,1 of 1,0,0,0:13,0,15 of 50,15 of 50,0 of 0,0,0,0:00,,,,,,,,,,,,,,,,,,,,,,,,,,,,,3 of 20,1 of 2,5 of 5,8 of 25,1 of 2,0 of 0,4 of 23,1 of 4,8 of 10,13 of 37,0 of 0,0 of 0,5 of 31,1 of 2,4 of 9,6 of 35,0 of 0,4 of 7,4 of 37,2 of 2,9 of 11,15 of 50,0 of 0,0 of 0,,,,,,,,,,,,,,,,,,,,,,,,
"April 13, 2019",Jalin Turner,Matt Frevola,http://ufcstats.com/fight-details/31b283a5559ad44d,L,Decision - Unanimous,3,5:00,0,11 of 28,18 of 36,0 of 0,0,1,0:22,0,11 of 22,13 of 24,2 of 6,1,1,2:43,8 of 23,3 of 5,0 of 0,8 of 23,1 of 3,2 of 2,7 of 14,2 of 5,2 of 3,5 of 14,0 of 2,6 of 6,0,10 of 37,10 of 37,0 of 0,1,0,0:44,0,10 of 26,16 of 32,1 of 4,1,1,0:52,0,14 of 51,14 of 51,0 of 0,0,0,0:00,0,10 of 29,20 of 39,1 of 3,0,0,1:30,,,,,,,,,,,,,,,,,,,,,,,,,,,,,9 of 35,1 of 2,0 of 0,10 of 36,0 of 0,0 of 1,6 of 17,1 of 6,3 of 3,10 of 26,0 of 0,0 of 0,10 of 43,4 of 8,0 of 0,13 of 48,0 of 2,1 of 1,5 of 19,2 of 7,3 of 3,9 of 27,0 of 0,1 of 2,,,,,,,,,,,,,,,,,,,,,,,,
"April 13, 2019",Boston Salmon,Khalid Taha,http://ufcstats.com/fight-details/2456c4550c26e5e8,L,KO/TKO,1,0:25,0,0 of 0,0 of 0,0 of 0,0,0,0:00,1,5 of 5,5 of 5,0 of 0,0,0,0:02,0 of 0,0 of 0,0 of 0,0 of 0,0 of 0,0 of 0,5 of 5,0 of 0,0 of 0,2 of 2,0 of 0,3 of 3,,,,,,,,,,,,,,,,,,,,,,,,,,,,,,,,,,,,,,,,,,,,,,,,,,,,,,,,,,,,,,,,,,,,,,,,,,,,,,,,,,,,,,,,,,,,,,,,,,,,,,,,
"April 13, 2019",Montel Jackson,Andre Soukhamthath,http://ufcstats.com/fight-details/8da5849a6e7307bf,W,Decision - Unanimous,3,5:00,0,15 of 32,25 of 42,2 of 2,0,0,1:25,0,17 of 29,18 of 30,0 of 0,0,0,0:00,8 of 24,4 of 4,3 of 4,13 of 30,2 of 2,0 of 0,3 of 13,2 of 2,12 of 14,16 of 28,1 of 1,0 of 0,0,29 of 52,57 of 83,1 of 2,0,0,1:54,0,11 of 26,15 of 30,0 of 0,0,0,0:00,0,20 of 23,78 of 93,0 of 0,0,1,4:25,0,2 of 7,8 of 13,1 of 1,0,0,0:06,,,,,,,,,,,,,,,,,,,,,,,,,,,,,21 of 42,4 of 6,4 of 4,20 of 40,9 of 12,0 of 0,3 of 15,4 of 7,4 of 4,8 of 23,3 of 3,0 of 0,9 of 12,9 of 9,2 of 2,5 of 8,0 of 0,15 of 15,0 of 5,1 of 1,1 of 1,2 of 7,0 of 0,0 of 0,,,,,,,,,,,,,,,,,,,,,,,,
"April 13, 2019",Lauren Mueller,Poliana Botelho,http://ufcstats.com/fight-details/75e580d5ea37c519,L,Decision - Unanimous,3,5:00,0,9 of 22,26 of 42,0 of 0,0,0,0:19,0,25 of 37,64 of 80,1 of 1,0,0,3:14,4 of 15,2 of 4,3 of 3,9 of 21,0 of 1,0 of 0,7 of 16,12 of 14,6 of 7,12 of 24,7 of 7,6 of 6,0,18 of 39,31 of 54,0 of 0,0,0,1:06,0,12 of 23,47 of 65,1 of 1,0,0,2:13,0,20 of 55,48 of 86,0 of 0,0,0,1:30,0,10 of 24,41 of 57,0 of 0,0,0,1:24,,,,,,,,,,,,,,,,,,,,,,,,,,,,,13 of 31,2 of 5,3 of 3,15 of 36,3 of 3,0 of 0,7 of 16,1 of 2,4 of 5,11 of 22,1 of 1,0 of 0,11 of 41,5 of 9,4 of 5,18 of 52,1 of 1,1 of 2,5 of 13,1 of 6,4 of 5,10 of 24,0 of 0,0 of 0,,,,,,,,,,,,,,,,,,,,,,,,
"April 13, 2019",Brandon Davis,Randy Costa,http://ufcstats.com/fight-details/79da0eacafb22f86,W,Submission,2,1:12,0,29 of 69,33 of 73,0 of 0,0,0,1:08,0,34 of 79,36 of 81,0 of 0,0,0,0:11,17 of 51,3 of 8,9 of 10,25 of 64,4 of 5,0 of 0,27 of 70,6 of 8,1 of 1,32 of 76,2 of 3,0 of 0,0,6 of 19,7 of 20,0 of 0,1,0,0:08,0,12 of 22,13 of 23,0 of 0,0,0,0:26,,,,,,,,,,,,,,,,,,,,,,,,,,,,,,,,,,,,,,,,,,,3 of 16,3 of 3,0 of 0,5 of 18,1 of 1,0 of 0,10 of 19,2 of 3,0 of 0,12 of 22,0 of 0,0 of 0,,,,,,,,,,,,,,,,,,,,,,,,,,,,,,,,,,,,
"March 30, 2019",Kennedy Nzechukwu,Paul Craig,http://ufcstats.com/fight-details/1d8ee477e682a8fc,L,Submission,3,4:20,0,12 of 17,12 of 18,0 of 0,0,0,1:46,0,5 of 18,5 of 18,1 of 8,1,0,1:13,10 of 15,2 of 2,0 of 0,3 of 7,6 of 6,3 of 4,1 of 13,0 of 1,4 of 4,5 of 18,0 of 0,0 of 0,0,20 of 36,22 of 38,0 of 0,0,0,0:58,0,11 of 29,11 of 29,0 of 4,0,0,0:09,0,8 of 19,13 of 24,0 of 0,0,0,1:38,0,9 of 30,15 of 36,0 of 4,1,1,0:15,,,,,,,,,,,,,,,,,,,,,,,,,,,,,16 of 31,4 of 5,0 of 0,6 of 19,0 of 0,14 of 17,3 of 18,7 of 10,1 of 1,10 of 28,1 of 1,0 of 0,7 of 18,1 of 1,0 of 0,2 of 10,1 of 1,5 of 8,2 of 20,6 of 9,1 of 1,6 of 25,3 of 5,0 of 0,,,,,,,,,,,,,,,,,,,,,,,,
"March 30, 2019",Sodiq Yusuff,Sheymon Moraes,http://ufcstats.com/fight-details/818b55b087013e64,W,Decision - Unanimous,3,5:00,0,25 of 40,28 of 45,0 of 1,0,0,1:00,0,16 of 33,19 of 36,0 of 0,0,0,0:36,5 of 11,12 of 16,8 of 13,17 of 29,8 of 11,0 of 0,4 of 17,10 of 13,2 of 3,10 of 27,6 of 6,0 of 0,0,17 of 40,29 of 53,0 of 2,0,0,1:07,0,20 of 40,21 of 41,0 of 0,0,0,0:45,1,31 of 68,42 of 79,0 of 0,0,0,0:31,0,18 of 45,18 of 45,0 of 0,0,0,0:00,,,,,,,,,,,,,,,,,,,,,,,,,,,,,5 of 25,7 of 9,5 of 6,12 of 33,5 of 7,0 of 0,8 of 23,10 of 15,2 of 2,16 of 32,4 of 8,0 of 0,22 of 52,6 of 10,3 of 6,20 of 53,2 of 3,9 of 12,9 of 30,6 of 12,3 of 3,16 of 43,2 of 2,0 of 0,,,,,,,,,,,,,,,,,,,,,,,,
"March 30, 2019",Enrique Barzola,Kevin Aguilar,http://ufcstats.com/fight-details/6173056f0e080ca6,L,Decision - Unanimous,3,5:00,0,13 of 33,13 of 33,0 of 1,0,0,0:09,0,18 of 70,18 of 70,0 of 0,0,0,0:00,3 of 19,4 of 6,6 of 8,12 of 30,1 of 3,0 of 0,9 of 56,8 of 11,1 of 3,18 of 69,0 of 1,0 of 0,0,15 of 37,15 of 37,0 of 6,0,0,0:09,0,19 of 80,19 of 80,0 of 0,0,0,0:00,0,24 of 56,25 of 57,0 of 1,0,0,0:12,0,21 of 93,21 of 93,0 of 0,0,0,0:00,,,,,,,,,,,,,,,,,,,,,,,,,,,,,8 of 30,3 of 3,4 of 4,15 of 36,0 of 1,0 of 0,14 of 70,5 of 10,0 of 0,19 of 78,0 of 2,0 of 0,17 of 47,2 of 4,5 of 5,23 of 55,1 of 1,0 of 0,13 of 82,7 of 10,1 of 1,21 of 93,0 of 0,0 of 0,,,,,,,,,,,,,,,,,,,,,,,,
"March 30, 2019",Kevin Holland,Gerald Meerschaert,http://ufcstats.com/fight-details/7dc3ada8f2135477,W,Decision - Split,3,5:00,0,9 of 14,21 of 27,0 of 0,2,1,1:52,0,2 of 2,7 of 8,2 of 3,2,1,2:39,6 of 11,2 of 2,1 of 1,3 of 5,0 of 0,6 of 9,0 of 0,0 of 0,2 of 2,2 of 2,0 of 0,0 of 0,0,13 of 18,27 of 35,0 of 0,0,1,0:50,0,4 of 4,14 of 16,3 of 6,0,0,3:43,0,5 of 11,28 of 36,1 of 2,0,0,1:28,0,4 of 7,23 of 32,1 of 2,2,1,2:51,,,,,,,,,,,,,,,,,,,,,,,,,,,,,11 of 16,1 of 1,1 of 1,4 of 6,0 of 0,9 of 12,3 of 3,0 of 0,1 of 1,2 of 2,0 of 0,2 of 2,2 of 8,1 of 1,2 of 2,3 of 8,0 of 1,2 of 2,1 of 3,3 of 4,0 of 0,0 of 0,4 of 7,0 of 0,,,,,,,,,,,,,,,,,,,,,,,,
"March 30, 2019",Ray Borg,Casey Kenney,http://ufcstats.com/fight-details/93a081342561d0c3,L,Decision - Unanimous,3,5:00,0,2 of 4,4 of 6,1 of 1,0,1,1:36,0,10 of 15,15 of 22,2 of 2,0,0,2:38,0 of 1,2 of 3,0 of 0,0 of 2,1 of 1,1 of 1,3 of 6,5 of 6,2 of 3,3 of 8,4 of 4,3 of 3,0,7 of 10,8 of 11,3 of 5,0,0,2:36,0,13 of 16,17 of 20,0 of 1,0,2,1:54,0,8 of 21,10 of 23,3 of 4,0,0,2:18,0,9 of 21,14 of 26,0 of 0,0,1,1:51,,,,,,,,,,,,,,,,,,,,,,,,,,,,,3 of 5,4 of 5,0 of 0,1 of 3,5 of 6,1 of 1,3 of 6,10 of 10,0 of 0,1 of 3,11 of 12,1 of 1,5 of 17,2 of 3,1 of 1,1 of 9,7 of 12,0 of 0,3 of 15,4 of 4,2 of 2,5 of 12,4 of 9,0 of 0,,,,,,,,,,,,,,,,,,,,,,,,
"March 23, 2019",Luis Pena,Steven Peterson,http://ufcstats.com/fight-details/3812b265afd78186,W,Decision - Unanimous,3,5:00,0,16 of 29,21 of 34,0 of 1,0,1,2:14,0,13 of 31,21 of 40,1 of 3,0,0,1:18,13 of 26,3 of 3,0 of 0,7 of 16,7 of 11,2 of 2,2 of 18,5 of 7,6 of 6,10 of 25,3 of 6,0 of 0,0,23 of 57,26 of 60,0 of 0,0,0,0:22,0,14 of 41,20 of 47,3 of 3,0,0,2:30,0,13 of 26,19 of 33,1 of 2,0,1,2:11,0,7 of 13,16 of 22,0 of 2,1,0,1:21,,,,,,,,,,,,,,,,,,,,,,,,,,,,,19 of 52,4 of 5,0 of 0,20 of 46,3 of 11,0 of 0,8 of 34,3 of 4,3 of 3,11 of 38,3 of 3,0 of 0,11 of 24,2 of 2,0 of 0,9 of 21,2 of 2,2 of 3,5 of 11,1 of 1,1 of 1,6 of 12,1 of 1,0 of 0,,,,,,,,,,,,,,,,,,,,,,,,
"March 23, 2019",Maycee Barber,JJ Aldrich,http://ufcstats.com/fight-details/55b53fdad307b708,W,KO/TKO,2,3:01,0,23 of 56,26 of 60,0 of 0,0,0,0:00,0,17 of 55,18 of 56,0 of 0,0,0,0:24,9 of 39,3 of 3,11 of 14,19 of 46,4 of 10,0 of 0,15 of 53,1 of 1,1 of 1,15 of 51,1 of 2,1 of 2,0,32 of 54,33 of 55,0 of 0,0,0,0:02,0,8 of 30,10 of 32,0 of 0,0,0,0:14,,,,,,,,,,,,,,,,,,,,,,,,,,,,,,,,,,,,,,,,,,,25 of 44,3 of 5,4 of 5,20 of 41,12 of 13,0 of 0,8 of 29,0 of 1,0 of 0,4 of 23,4 of 7,0 of 0,,,,,,,,,,,,,,,,,,,,,,,,,,,,,,,,,,,,
"March 23, 2019",Bryce Mitchell,Bobby Moffett,http://ufcstats.com/fight-details/721b23d896a44e2e,W,Decision - Unanimous,3,5:00,0,7 of 17,8 of 18,0 of 2,1,0,0:58,0,2 of 17,3 of 18,1 of 2,0,0,1:25,3 of 10,2 of 4,2 of 3,6 of 14,1 of 3,0 of 0,2 of 17,0 of 0,0 of 0,2 of 17,0 of 0,0 of 0,0,7 of 16,15 of 25,0 of 0,0,0,0:47,0,3 of 14,5 of 17,2 of 2,1,1,2:01,0,3 of 11,5 of 13,0 of 1,1,1,1:28,0,4 of 11,17 of 28,2 of 4,1,0,2:36,,,,,,,,,,,,,,,,,,,,,,,,,,,,,3 of 10,3 of 5,1 of 1,7 of 16,0 of 0,0 of 0,0 of 10,1 of 2,2 of 2,2 of 13,1 of 1,0 of 0,1 of 9,2 of 2,0 of 0,3 of 11,0 of 0,0 of 0,3 of 10,0 of 0,1 of 1,4 of 11,0 of 0,0 of 0,,,,,,,,,,,,,,,,,,,,,,,,
"March 23, 2019",Eric Shelton,Jordan Espinosa,http://ufcstats.com/fight-details/469fba0129c95278,L,Decision - Unanimous,3,5:00,0,6 of 16,6 of 16,0 of 0,0,0,0:00,0,15 of 31,15 of 31,0 of 2,0,0,0:14,5 of 13,0 of 1,1 of 2,6 of 15,0 of 1,0 of 0,1 of 12,5 of 8,9 of 11,14 of 28,1 of 3,0 of 0,0,8 of 30,8 of 30,0 of 0,0,0,0:00,0,17 of 40,17 of 40,1 of 1,0,0,0:04,0,11 of 35,11 of 35,0 of 0,0,0,0:00,0,15 of 34,15 of 34,0 of 0,0,0,0:00,,,,,,,,,,,,,,,,,,,,,,,,,,,,,5 of 27,1 of 1,2 of 2,8 of 30,0 of 0,0 of 0,9 of 24,2 of 3,6 of 13,17 of 40,0 of 0,0 of 0,8 of 29,0 of 1,3 of 5,11 of 34,0 of 1,0 of 0,9 of 27,3 of 3,3 of 4,15 of 34,0 of 0,0 of 0,,,,,,,,,,,,,,,,,,,,,,,,
"March 16, 2019",Danny Henry,Dan Ige,http://ufcstats.com/fight-details/bcef35d6e0964f01,L,Submission,1,1:17,0,4 of 7,4 of 7,0 of 0,0,0,0:00,1,10 of 17,10 of 17,1 of 1,1,0,0:30,2 of 5,1 of 1,1 of 1,4 of 7,0 of 0,0 of 0,7 of 14,3 of 3,0 of 0,4 of 8,0 of 0,6 of 9,,,,,,,,,,,,,,,,,,,,,,,,,,,,,,,,,,,,,,,,,,,,,,,,,,,,,,,,,,,,,,,,,,,,,,,,,,,,,,,,,,,,,,,,,,,,,,,,,,,,,,,,
"March 09, 2019",Grant Dawson,Julian Erosa,http://ufcstats.com/fight-details/ddcfa590f4644240,W,Decision - Unanimous,3,5:00,0,6 of 20,15 of 33,4 of 7,0,0,4:15,0,10 of 19,22 of 31,0 of 0,1,0,0:00,6 of 20,0 of 0,0 of 0,1 of 9,0 of 0,5 of 11,10 of 18,0 of 1,0 of 0,3 of 10,0 of 0,7 of 9,0,30 of 75,35 of 80,1 of 3,0,0,1:34,0,34 of 55,38 of 60,0 of 0,0,0,0:17,0,21 of 33,36 of 53,1 of 1,1,0,4:18,0,5 of 11,10 of 18,0 of 0,0,0,0:00,,,,,,,,,,,,,,,,,,,,,,,,,,,,,23 of 64,2 of 5,5 of 6,23 of 57,5 of 12,2 of 6,22 of 39,9 of 13,3 of 3,24 of 43,8 of 10,2 of 2,19 of 31,0 of 0,2 of 2,4 of 9,0 of 0,17 of 24,5 of 10,0 of 1,0 of 0,3 of 9,0 of 0,2 of 2,,,,,,,,,,,,,,,,,,,,,,,,
"March 09, 2019",Maurice Greene,Jeff Hughes,http://ufcstats.com/fight-details/b776b08e2cc6aa0c,W,Decision - Split,3,5:00,0,26 of 68,27 of 69,0 of 0,0,0,0:19,0,22 of 47,22 of 47,0 of 1,0,0,0:18,18 of 49,6 of 12,2 of 7,16 of 55,10 of 13,0 of 0,10 of 31,5 of 6,7 of 10,20 of 45,2 of 2,0 of 0,0,26 of 51,27 of 52,0 of 0,0,0,0:00,0,23 of 50,24 of 51,0 of 0,0,0,0:27,0,18 of 42,18 of 42,0 of 0,0,0,0:00,0,21 of 46,21 of 46,0 of 0,0,0,0:00,,,,,,,,,,,,,,,,,,,,,,,,,,,,,14 of 36,2 of 4,10 of 11,24 of 49,2 of 2,0 of 0,15 of 39,6 of 7,2 of 4,21 of 48,2 of 2,0 of 0,10 of 29,2 of 4,6 of 9,18 of 41,0 of 1,0 of 0,17 of 37,0 of 2,4 of 7,21 of 46,0 of 0,0 of 0,,,,,,,,,,,,,,,,,,,,,,,,
"March 02, 2019",Edmen Shahbazyan,Charles Byrd,http://ufcstats.com/fight-details/7a26c9407ef64e10,W,KO/TKO,1,0:38,1,13 of 21,13 of 21,0 of 0,0,0,0:02,0,1 of 6,1 of 6,0 of 1,0,0,0:03,13 of 20,0 of 0,0 of 1,4 of 10,7 of 7,2 of 4,0 of 5,0 of 0,1 of 1,1 of 6,0 of 0,0 of 0,,,,,,,,,,,,,,,,,,,,,,,,,,,,,,,,,,,,,,,,,,,,,,,,,,,,,,,,,,,,,,,,,,,,,,,,,,,,,,,,,,,,,,,,,,,,,,,,,,,,,,,,
"February 23, 2019",Dwight Grant,Carlo Pedersoli Jr.,http://ufcstats.com/fight-details/fd438db3e60f062a,W,KO/TKO,1,4:59,1,20 of 53,22 of 55,0 of 0,0,0,0:05,0,17 of 45,17 of 45,1 of 5,0,0,0:19,14 of 47,2 of 2,4 of 4,12 of 44,2 of 3,6 of 6,7 of 32,9 of 11,1 of 2,14 of 41,3 of 4,0 of 0,,,,,,,,,,,,,,,,,,,,,,,,,,,,,,,,,,,,,,,,,,,,,,,,,,,,,,,,,,,,,,,,,,,,,,,,,,,,,,,,,,,,,,,,,,,,,,,,,,,,,,,,
"February 17, 2019",Benito Lopez,Manny Bermudez,http://ufcstats.com/fight-details/0d698108c5f5d1d6,L,Submission,1,3:09,0,7 of 12,11 of 16,0 of 0,0,0,0:59,0,7 of 10,14 of 19,1 of 1,1,0,1:32,3 of 8,0 of 0,4 of 4,2 of 6,5 of 6,0 of 0,3 of 6,4 of 4,0 of 0,2 of 4,1 of 1,4 of 5,,,,,,,,,,,,,,,,,,,,,,,,,,,,,,,,,,,,,,,,,,,,,,,,,,,,,,,,,,,,,,,,,,,,,,,,,,,,,,,,,,,,,,,,,,,,,,,,,,,,,,,,
"February 09, 2019",Jimmy Crute,Sam Alvey,http://ufcstats.com/fight-details/e4862c4f20117cb8,W,KO/TKO,1,2:49,1,14 of 32,17 of 36,0 of 0,0,0,0:08,0,3 of 14,3 of 14,0 of 1,0,0,0:00,7 of 23,2 of 3,5 of 6,9 of 23,0 of 0,5 of 9,3 of 14,0 of 0,0 of 0,3 of 14,0 of 0,0 of 0,,,,,,,,,,,,,,,,,,,,,,,,,,,,,,,,,,,,,,,,,,,,,,,,,,,,,,,,,,,,,,,,,,,,,,,,,,,,,,,,,,,,,,,,,,,,,,,,,,,,,,,,
"February 09, 2019",Devonte Smith,Dong Hyun Ma,http://ufcstats.com/fight-details/5ff8463edf8155c0,W,KO/TKO,1,3:53,1,19 of 43,19 of 43,0 of 0,0,0,0:02,0,1 of 9,1 of 9,0 of 0,0,0,0:00,14 of 34,1 of 4,4 of 5,15 of 38,0 of 0,4 of 5,0 of 4,0 of 1,1 of 4,1 of 9,0 of 0,0 of 0,,,,,,,,,,,,,,,,,,,,,,,,,,,,,,,,,,,,,,,,,,,,,,,,,,,,,,,,,,,,,,,,,,,,,,,,,,,,,,,,,,,,,,,,,,,,,,,,,,,,,,,,
"February 09, 2019",Shane Young,Austin Arnett,http://ufcstats.com/fight-details/49f7186e1e3cf6c8,W,Decision - Unanimous,3,5:00,0,39 of 108,40 of 109,0 of 1,0,0,0:08,0,21 of 65,21 of 65,0 of 0,0,0,0:00,19 of 80,12 of 19,8 of 9,38 of 107,1 of 1,0 of 0,19 of 62,2 of 3,0 of 0,21 of 65,0 of 0,0 of 0,0,41 of 94,41 of 94,0 of 1,0,0,0:09,0,30 of 72,31 of 73,0 of 0,0,0,0:00,1,40 of 106,40 of 106,0 of 0,0,0,0:00,0,26 of 72,26 of 72,0 of 0,0,0,0:00,,,,,,,,,,,,,,,,,,,,,,,,,,,,,22 of 70,11 of 15,8 of 9,41 of 94,0 of 0,0 of 0,27 of 67,1 of 3,2 of 2,29 of 71,1 of 1,0 of 0,28 of 87,9 of 12,3 of 7,40 of 106,0 of 0,0 of 0,26 of 72,0 of 0,0 of 0,26 of 72,0 of 0,0 of 0,,,,,,,,,,,,,,,,,,,,,,,,
"February 09, 2019",Callan Potter,Jalin Turner,http://ufcstats.com/fight-details/11c0ef97497303ef,L,KO/TKO,1,0:53,0,3 of 4,3 of 4,0 of 1,0,0,0:00,1,9 of 17,9 of 17,0 of 0,0,0,0:14,1 of 2,0 of 0,2 of 2,3 of 4,0 of 0,0 of 0,6 of 14,3 of 3,0 of 0,5 of 12,1 of 1,3 of 4,,,,,,,,,,,,,,,,,,,,,,,,,,,,,,,,,,,,,,,,,,,,,,,,,,,,,,,,,,,,,,,,,,,,,,,,,,,,,,,,,,,,,,,,,,,,,,,,,,,,,,,,
"February 02, 2019",Markus Perez,Anthony Hernandez,http://ufcstats.com/fight-details/ebb685a81f65ce1b,W,Submission,2,1:07,0,15 of 30,16 of 31,1 of 6,0,0,1:49,0,17 of 35,21 of 39,0 of 0,0,0,0:37,9 of 23,4 of 5,2 of 2,11 of 22,4 of 8,0 of 0,15 of 32,0 of 1,2 of 2,6 of 19,11 of 16,0 of 0,0,1 of 2,3 of 4,0 of 1,1,0,0:51,0,0 of 0,0 of 0,0 of 0,0,0,0:00,,,,,,,,,,,,,,,,,,,,,,,,,,,,,,,,,,,,,,,,,,,0 of 1,1 of 1,0 of 0,1 of 1,0 of 1,0 of 0,0 of 0,0 of 0,0 of 0,0 of 0,0 of 0,0 of 0,,,,,,,,,,,,,,,,,,,,,,,,,,,,,,,,,,,,
"January 19, 2019",Greg Hardy,Allen Crowder,http://ufcstats.com/fight-details/8da2c348ba6001a0,L,DQ,2,2:28,0,21 of 39,27 of 45,0 of 0,0,0,1:11,0,7 of 16,11 of 20,1 of 2,1,0,2:20,16 of 34,4 of 4,1 of 1,11 of 28,5 of 6,5 of 5,7 of 16,0 of 0,0 of 0,3 of 11,1 of 2,3 of 3,0,8 of 25,8 of 25,0 of 0,0,0,0:05,0,5 of 14,5 of 14,0 of 1,0,0,0:03,,,,,,,,,,,,,,,,,,,,,,,,,,,,,,,,,,,,,,,,,,,5 of 22,1 of 1,2 of 2,6 of 23,1 of 1,1 of 1,5 of 14,0 of 0,0 of 0,5 of 14,0 of 0,0 of 0,,,,,,,,,,,,,,,,,,,,,,,,,,,,,,,,,,,,
"January 19, 2019",Glover Teixeira,Karl Roberson,http://ufcstats.com/fight-details/5d1f24e034772338,W,Submission,1,3:21,0,6 of 11,20 of 26,1 of 3,1,0,1:46,1,24 of 30,29 of 35,0 of 0,0,0,0:41,6 of 11,0 of 0,0 of 0,0 of 3,0 of 0,6 of 8,22 of 28,2 of 2,0 of 0,1 of 3,6 of 6,17 of 21,,,,,,,,,,,,,,,,,,,,,,,,,,,,,,,,,,,,,,,,,,,,,,,,,,,,,,,,,,,,,,,,,,,,,,,,,,,,,,,,,,,,,,,,,,,,,,,,,,,,,,,,
"January 19, 2019",Alonzo Menifield,Vinicius Moreira,http://ufcstats.com/fight-details/8a9c8f1d53d8c664,W,KO/TKO,1,3:56,1,33 of 60,35 of 62,0 of 0,0,0,0:29,0,11 of 21,12 of 22,0 of 4,0,0,1:20,32 of 59,0 of 0,1 of 1,24 of 46,0 of 0,9 of 14,0 of 6,6 of 9,5 of 6,8 of 16,3 of 5,0 of 0,,,,,,,,,,,,,,,,,,,,,,,,,,,,,,,,,,,,,,,,,,,,,,,,,,,,,,,,,,,,,,,,,,,,,,,,,,,,,,,,,,,,,,,,,,,,,,,,,,,,,,,,
"January 19, 2019",Dennis Bermudez,Te Edwards,http://ufcstats.com/fight-details/2ea1f463620bcd3d,W,Decision - Unanimous,3,5:00,0,19 of 55,22 of 59,1 of 4,0,0,0:15,1,16 of 31,16 of 31,0 of 0,0,0,1:50,12 of 46,4 of 4,3 of 5,12 of 37,2 of 8,5 of 10,10 of 22,3 of 5,3 of 4,13 of 27,2 of 2,1 of 2,0,16 of 23,24 of 32,2 of 2,0,0,0:03,0,2 of 10,2 of 10,0 of 0,0,0,3:32,0,28 of 44,37 of 56,2 of 3,2,0,0:23,0,5 of 15,6 of 16,0 of 0,0,0,3:18,,,,,,,,,,,,,,,,,,,,,,,,,,,,,10 of 15,4 of 5,2 of 3,8 of 15,1 of 1,7 of 7,2 of 10,0 of 0,0 of 0,0 of 8,2 of 2,0 of 0,20 of 35,4 of 4,4 of 5,7 of 12,0 of 1,21 of 31,4 of 14,0 of 0,1 of 1,2 of 6,0 of 0,3 of 9,,,,,,,,,,,,,,,,,,,,,,,,
"January 19, 2019",Belal Muhammad,Geoff Neal,http://ufcstats.com/fight-details/2cc1fe3570999428,L,Decision - Unanimous,3,5:00,0,11 of 41,11 of 41,0 of 2,0,0,0:14,0,16 of 47,16 of 47,0 of 0,0,0,0:30,6 of 32,3 of 6,2 of 3,9 of 36,2 of 5,0 of 0,10 of 39,4 of 6,2 of 2,13 of 42,3 of 5,0 of 0,0,23 of 83,24 of 84,0 of 3,0,0,0:05,0,29 of 69,29 of 69,0 of 0,0,0,0:00,0,29 of 80,29 of 80,0 of 2,0,0,0:03,2,26 of 74,26 of 74,0 of 0,0,0,0:26,,,,,,,,,,,,,,,,,,,,,,,,,,,,,11 of 60,9 of 20,3 of 3,22 of 79,1 of 4,0 of 0,26 of 66,3 of 3,0 of 0,24 of 60,5 of 9,0 of 0,22 of 71,6 of 8,1 of 1,28 of 78,1 of 2,0 of 0,25 of 73,1 of 1,0 of 0,18 of 60,3 of 4,5 of 10,,,,,,,,,,,,,,,,,,,,,,,,
"January 19, 2019",Kyle Stewart,Chance Rencountre,http://ufcstats.com/fight-details/e76227f395b94e47,L,Submission,1,2:25,0,2 of 11,2 of 11,0 of 0,0,0,0:00,0,6 of 9,13 of 22,2 of 3,1,0,1:59,0 of 9,2 of 2,0 of 0,2 of 11,0 of 0,0 of 0,5 of 8,0 of 0,1 of 1,4 of 7,0 of 0,2 of 2,,,,,,,,,,,,,,,,,,,,,,,,,,,,,,,,,,,,,,,,,,,,,,,,,,,,,,,,,,,,,,,,,,,,,,,,,,,,,,,,,,,,,,,,,,,,,,,,,,,,,,,,
"December 29, 2018",Uriah Hall,Bevon Lewis,http://ufcstats.com/fight-details/4de25b19c4dedb14,W,KO/TKO,3,1:32,0,16 of 39,16 of 39,0 of 0,0,0,0:00,0,35 of 76,35 of 76,0 of 0,0,0,0:05,6 of 23,1 of 4,9 of 12,16 of 39,0 of 0,0 of 0,16 of 46,2 of 6,17 of 24,31 of 68,4 of 8,0 of 0,0,16 of 36,16 of 36,0 of 0,0,0,0:00,0,27 of 65,32 of 72,0 of 0,0,0,1:22,1,7 of 13,10 of 16,0 of 0,0,0,0:01,0,6 of 16,10 of 20,0 of 0,0,0,0:42,,,,,,,,,,,,,,,,,,,,,,,,,,,,,6 of 20,3 of 7,7 of 9,16 of 36,0 of 0,0 of 0,9 of 43,2 of 3,16 of 19,20 of 57,7 of 8,0 of 0,1 of 5,1 of 2,5 of 6,7 of 13,0 of 0,0 of 0,2 of 11,0 of 0,4 of 5,5 of 14,1 of 2,0 of 0,,,,,,,,,,,,,,,,,,,,,,,,
"December 29, 2018",Brian Kelleher,Montel Jackson,http://ufcstats.com/fight-details/8ce926b4d38a55a0,L,Submission,1,1:40,0,6 of 10,6 of 10,0 of 1,0,0,0:05,0,10 of 16,16 of 27,0 of 0,1,0,0:16,0 of 3,0 of 1,6 of 6,6 of 10,0 of 0,0 of 0,6 of 11,2 of 3,2 of 2,7 of 12,1 of 1,2 of 3,,,,,,,,,,,,,,,,,,,,,,,,,,,,,,,,,,,,,,,,,,,,,,,,,,,,,,,,,,,,,,,,,,,,,,,,,,,,,,,,,,,,,,,,,,,,,,,,,,,,,,,,
"December 15, 2018",Zak Ottow,Dwight Grant,http://ufcstats.com/fight-details/c0ab927864bb6e98,W,Decision - Split,3,5:00,0,5 of 28,5 of 28,0 of 0,0,0,0:00,0,7 of 29,7 of 29,1 of 1,0,0,0:04,2 of 22,2 of 5,1 of 1,5 of 28,0 of 0,0 of 0,4 of 26,2 of 2,1 of 1,6 of 28,0 of 0,1 of 1,0,3 of 27,3 of 27,0 of 1,0,0,0:02,0,7 of 25,11 of 29,0 of 0,0,0,0:08,0,6 of 16,14 of 27,1 of 5,0,0,2:51,0,11 of 30,15 of 35,0 of 0,0,0,0:07,,,,,,,,,,,,,,,,,,,,,,,,,,,,,2 of 21,0 of 4,1 of 2,3 of 27,0 of 0,0 of 0,3 of 20,2 of 2,2 of 3,5 of 23,2 of 2,0 of 0,1 of 10,5 of 5,0 of 1,3 of 12,2 of 3,1 of 1,8 of 25,3 of 5,0 of 0,8 of 26,3 of 4,0 of 0,,,,,,,,,,,,,,,,,,,,,,,,
"December 15, 2018",Dan Ige,Jordan Griffin,http://ufcstats.com/fight-details/1b6e5363eb81c409,W,Decision - Unanimous,3,5:00,0,28 of 48,35 of 58,1 of 2,0,1,3:24,0,11 of 23,14 of 26,0 of 1,1,0,0:04,25 of 45,3 of 3,0 of 0,5 of 17,0 of 0,23 of 31,10 of 22,1 of 1,0 of 0,11 of 23,0 of 0,0 of 0,0,14 of 26,25 of 37,1 of 1,0,0,0:41,0,24 of 42,34 of 52,0 of 0,0,1,3:21,0,14 of 33,26 of 49,1 of 4,0,0,2:50,0,21 of 42,23 of 45,0 of 1,0,0,0:34,,,,,,,,,,,,,,,,,,,,,,,,,,,,,12 of 23,1 of 1,1 of 2,6 of 12,0 of 0,8 of 14,23 of 41,1 of 1,0 of 0,7 of 11,0 of 0,17 of 31,9 of 27,3 of 4,2 of 2,9 of 24,4 of 4,1 of 5,16 of 37,5 of 5,0 of 0,13 of 31,4 of 4,4 of 7,,,,,,,,,,,,,,,,,,,,,,,,
"December 15, 2018",Chris de la Rocha,Juan Adams,http://ufcstats.com/fight-details/c4f443509308dec6,L,KO/TKO,3,0:58,0,16 of 23,18 of 25,0 of 0,0,0,0:09,0,36 of 65,52 of 82,1 of 1,0,0,2:57,9 of 16,6 of 6,1 of 1,14 of 21,0 of 0,2 of 2,30 of 58,2 of 2,4 of 5,15 of 38,0 of 0,21 of 27,0,22 of 48,25 of 51,1 of 2,0,0,0:50,0,35 of 61,54 of 80,1 of 1,0,0,1:40,0,3 of 5,3 of 5,0 of 0,0,0,0:00,0,15 of 18,15 of 18,0 of 0,0,0,0:00,,,,,,,,,,,,,,,,,,,,,,,,,,,,,18 of 43,4 of 5,0 of 0,19 of 41,3 of 7,0 of 0,31 of 57,4 of 4,0 of 0,16 of 38,5 of 6,14 of 17,3 of 5,0 of 0,0 of 0,3 of 5,0 of 0,0 of 0,13 of 16,2 of 2,0 of 0,7 of 9,8 of 9,0 of 0,,,,,,,,,,,,,,,,,,,,,,,,
"December 01, 2018",Suman Mokhtarian,Sodiq Yusuff,http://ufcstats.com/fight-details/0ac4f0c1b4d021f6,L,KO/TKO,1,2:14,0,5 of 9,6 of 10,0 of 0,0,0,0:34,0,23 of 43,44 of 66,0 of 0,0,0,0:57,1 of 5,3 of 3,1 of 1,3 of 7,2 of 2,0 of 0,18 of 38,4 of 4,1 of 1,19 of 36,4 of 7,0 of 0,,,,,,,,,,,,,,,,,,,,,,,,,,,,,,,,,,,,,,,,,,,,,,,,,,,,,,,,,,,,,,,,,,,,,,,,,,,,,,,,,,,,,,,,,,,,,,,,,,,,,,,,
"December 01, 2018",Jimmy Crute,Paul Craig,http://ufcstats.com/fight-details/29f40d82bd128c65,W,Submission,3,4:51,0,5 of 16,7 of 19,1 of 1,1,1,2:58,0,4 of 7,14 of 18,1 of 2,0,0,1:07,5 of 15,0 of 0,0 of 1,1 of 7,0 of 0,4 of 9,1 of 4,3 of 3,0 of 0,3 of 6,1 of 1,0 of 0,0,4 of 10,10 of 17,0 of 0,1,1,1:07,0,5 of 9,24 of 28,2 of 4,0,1,3:11,0,8 of 12,32 of 39,0 of 0,2,0,4:22,0,3 of 6,7 of 11,0 of 1,0,0,0:00,,,,,,,,,,,,,,,,,,,,,,,,,,,,,3 of 9,0 of 0,1 of 1,1 of 5,0 of 0,3 of 5,4 of 7,1 of 2,0 of 0,2 of 6,0 of 0,3 of 3,8 of 12,0 of 0,0 of 0,0 of 2,0 of 0,8 of 10,2 of 5,1 of 1,0 of 0,3 of 6,0 of 0,0 of 0,,,,,,,,,,,,,,,,,,,,,,,,
"November 30, 2018",Darren Stewart,Edmen Shahbazyan,http://ufcstats.com/fight-details/5b2835ac76f05993,L,Decision - Split,3,5:00,0,11 of 28,15 of 32,0 of 0,0,0,0:00,0,11 of 17,12 of 18,2 of 8,0,0,3:23,8 of 24,3 of 3,0 of 1,3 of 20,8 of 8,0 of 0,7 of 13,3 of 3,1 of 1,5 of 9,6 of 8,0 of 0,0,2 of 7,5 of 10,0 of 1,0,0,0:00,0,10 of 15,13 of 19,2 of 6,0,0,4:09,0,21 of 36,26 of 42,1 of 2,0,0,0:41,0,1 of 5,2 of 6,4 of 7,0,0,2:25,,,,,,,,,,,,,,,,,,,,,,,,,,,,,1 of 4,0 of 2,1 of 1,2 of 6,0 of 1,0 of 0,4 of 9,3 of 3,3 of 3,4 of 7,5 of 7,1 of 1,20 of 35,1 of 1,0 of 0,6 of 14,4 of 7,11 of 15,1 of 3,0 of 2,0 of 0,1 of 5,0 of 0,0 of 0,,,,,,,,,,,,,,,,,,,,,,,,
"November 30, 2018",Ji Yeon Kim,Antonina Shevchenko,http://ufcstats.com/fight-details/c2fd3d874f558408,L,Decision - Unanimous,3,5:00,0,9 of 50,16 of 59,0 of 0,0,0,0:32,0,15 of 35,19 of 42,1 of 1,0,0,1:12,3 of 44,2 of 2,4 of 4,6 of 47,3 of 3,0 of 0,10 of 30,4 of 4,1 of 1,13 of 33,2 of 2,0 of 0,0,12 of 46,30 of 66,0 of 0,0,0,0:44,0,24 of 53,29 of 59,0 of 0,0,0,1:02,0,12 of 32,39 of 63,0 of 0,0,0,0:21,0,27 of 46,39 of 66,1 of 1,0,0,2:42,,,,,,,,,,,,,,,,,,,,,,,,,,,,,8 of 42,2 of 2,2 of 2,10 of 44,2 of 2,0 of 0,16 of 41,6 of 10,2 of 2,19 of 45,5 of 8,0 of 0,7 of 27,1 of 1,4 of 4,10 of 25,2 of 7,0 of 0,15 of 30,8 of 12,4 of 4,14 of 28,7 of 9,6 of 9,,,,,,,,,,,,,,,,,,,,,,,,
"November 30, 2018",Ricky Glenn,Kevin Aguilar,http://ufcstats.com/fight-details/4e6bbc5832e55f64,L,Decision - Unanimous,3,5:00,0,18 of 53,19 of 54,0 of 2,0,0,0:02,0,25 of 52,25 of 52,0 of 0,0,0,0:08,12 of 41,2 of 8,4 of 4,18 of 52,0 of 1,0 of 0,11 of 37,14 of 15,0 of 0,21 of 46,4 of 6,0 of 0,0,28 of 72,28 of 72,0 of 1,0,0,0:19,0,30 of 60,31 of 61,0 of 0,0,0,0:03,0,28 of 62,30 of 64,0 of 1,0,0,0:08,1,31 of 56,47 of 73,0 of 1,0,0,1:56,,,,,,,,,,,,,,,,,,,,,,,,,,,,,20 of 60,5 of 8,3 of 4,22 of 65,6 of 7,0 of 0,16 of 44,10 of 12,4 of 4,25 of 52,5 of 8,0 of 0,18 of 48,4 of 6,6 of 8,23 of 54,5 of 7,0 of 1,20 of 43,9 of 11,2 of 2,16 of 36,2 of 4,13 of 16,,,,,,,,,,,,,,,,,,,,,,,,
"November 30, 2018",Roosevelt Roberts,Darrell Horcher,http://ufcstats.com/fight-details/d2ef04d5f384c05a,W,Submission,1,4:50,0,16 of 35,23 of 42,0 of 0,1,0,0:05,0,10 of 33,19 of 43,0 of 1,0,0,0:56,10 of 28,4 of 5,2 of 2,15 of 33,1 of 2,0 of 0,5 of 25,5 of 7,0 of 1,8 of 31,2 of 2,0 of 0,,,,,,,,,,,,,,,,,,,,,,,,,,,,,,,,,,,,,,,,,,,,,,,,,,,,,,,,,,,,,,,,,,,,,,,,,,,,,,,,,,,,,,,,,,,,,,,,,,,,,,,,
"November 24, 2018",Song Yadong,Vince Morales,http://ufcstats.com/fight-details/d755a29a49c9ee09,W,Decision - Unanimous,3,5:00,0,23 of 55,23 of 55,0 of 0,0,0,0:00,0,11 of 50,11 of 50,0 of 0,0,0,0:00,14 of 40,3 of 6,6 of 9,23 of 55,0 of 0,0 of 0,8 of 41,1 of 4,2 of 5,11 of 50,0 of 0,0 of 0,0,26 of 65,26 of 65,0 of 0,0,0,0:00,0,33 of 80,33 of 80,0 of 0,0,0,0:00,0,30 of 52,37 of 61,2 of 2,0,0,2:42,0,30 of 71,39 of 81,0 of 0,0,0,0:05,,,,,,,,,,,,,,,,,,,,,,,,,,,,,17 of 52,6 of 8,3 of 5,26 of 65,0 of 0,0 of 0,22 of 67,6 of 8,5 of 5,30 of 75,3 of 5,0 of 0,24 of 46,4 of 4,2 of 2,25 of 45,2 of 2,3 of 5,22 of 59,7 of 10,1 of 2,26 of 65,3 of 3,1 of 3,,,,,,,,,,,,,,,,,,,,,,,,
"November 24, 2018",Wu Yanan,Lauren Mueller,http://ufcstats.com/fight-details/d1a93a55c8063ff3,W,Submission,1,4:00,0,18 of 36,28 of 46,0 of 1,1,0,1:13,0,17 of 43,27 of 55,0 of 1,0,0,0:30,8 of 22,1 of 4,9 of 10,15 of 32,3 of 4,0 of 0,9 of 31,7 of 10,1 of 2,12 of 35,4 of 5,1 of 3,,,,,,,,,,,,,,,,,,,,,,,,,,,,,,,,,,,,,,,,,,,,,,,,,,,,,,,,,,,,,,,,,,,,,,,,,,,,,,,,,,,,,,,,,,,,,,,,,,,,,,,,
"November 24, 2018",Pingyuan Liu,Martin Day,http://ufcstats.com/fight-details/43af7c5772e8198f,W,Decision - Split,3,5:00,0,17 of 51,17 of 53,0 of 3,1,0,1:00,0,28 of 56,29 of 57,0 of 0,1,0,1:05,13 of 42,2 of 7,2 of 2,13 of 43,3 of 6,1 of 2,12 of 33,12 of 19,4 of 4,24 of 52,1 of 1,3 of 3,0,26 of 55,27 of 56,0 of 1,0,0,0:32,1,48 of 90,50 of 93,1 of 1,0,0,0:38,1,12 of 27,29 of 46,0 of 0,1,0,3:13,0,24 of 38,48 of 68,0 of 0,1,0,0:29,,,,,,,,,,,,,,,,,,,,,,,,,,,,,18 of 44,6 of 9,2 of 2,25 of 53,1 of 2,0 of 0,26 of 62,19 of 25,3 of 3,41 of 81,3 of 3,4 of 6,10 of 25,1 of 1,1 of 1,9 of 22,0 of 0,3 of 5,16 of 25,7 of 12,1 of 1,17 of 31,0 of 0,7 of 7,,,,,,,,,,,,,,,,,,,,,,,,
"November 24, 2018",Kevin Holland,John Phillips,http://ufcstats.com/fight-details/02731f017c838ad4,W,Submission,3,4:05,0,60 of 90,60 of 90,1 of 1,0,0,0:03,0,12 of 44,13 of 45,0 of 0,0,0,0:03,31 of 56,20 of 25,9 of 9,51 of 80,6 of 6,3 of 4,2 of 26,3 of 8,7 of 10,11 of 40,1 of 4,0 of 0,0,49 of 79,50 of 80,0 of 1,0,0,0:00,0,38 of 102,39 of 103,0 of 0,0,0,0:23,0,14 of 18,54 of 66,4 of 4,2,0,3:18,0,1 of 8,1 of 8,0 of 0,0,1,0:23,,,,,,,,,,,,,,,,,,,,,,,,,,,,,30 of 54,12 of 16,7 of 9,44 of 73,5 of 6,0 of 0,18 of 74,13 of 21,7 of 7,32 of 90,6 of 12,0 of 0,13 of 17,1 of 1,0 of 0,0 of 0,0 of 0,14 of 18,1 of 8,0 of 0,0 of 0,0 of 2,0 of 0,1 of 6,,,,,,,,,,,,,,,,,,,,,,,,
"November 17, 2018",Cezar Ferreira,Ian Heinisch,http://ufcstats.com/fight-details/3bde8910fabf0dd3,L,Decision - Unanimous,3,5:00,0,6 of 9,7 of 10,1 of 4,0,0,2:25,0,13 of 21,20 of 29,0 of 0,2,0,0:00,3 of 4,0 of 2,3 of 3,6 of 9,0 of 0,0 of 0,5 of 10,6 of 6,2 of 5,8 of 15,1 of 2,4 of 4,0,9 of 18,18 of 27,3 of 4,0,0,1:28,1,13 of 27,13 of 27,0 of 1,0,0,0:04,0,11 of 28,13 of 31,1 of 3,0,0,1:27,0,29 of 47,57 of 77,1 of 6,0,0,1:26,,,,,,,,,,,,,,,,,,,,,,,,,,,,,6 of 11,2 of 5,1 of 2,9 of 18,0 of 0,0 of 0,7 of 20,2 of 2,4 of 5,8 of 18,0 of 1,5 of 8,8 of 24,1 of 2,2 of 2,7 of 20,4 of 8,0 of 0,26 of 44,2 of 2,1 of 1,14 of 26,13 of 18,2 of 3,,,,,,,,,,,,,,,,,,,,,,,,
"November 17, 2018",Humberto Bandenay,Austin Arnett,http://ufcstats.com/fight-details/85f85003fadf7a7b,L,Decision - Unanimous,3,5:00,0,20 of 48,21 of 50,1 of 1,0,0,0:02,0,17 of 31,19 of 33,0 of 2,0,0,1:31,8 of 32,6 of 9,6 of 7,17 of 44,3 of 4,0 of 0,11 of 22,6 of 9,0 of 0,14 of 26,3 of 5,0 of 0,0,7 of 15,7 of 15,1 of 1,0,0,0:13,0,24 of 42,27 of 45,0 of 3,0,0,2:02,0,3 of 22,3 of 22,0 of 1,0,0,0:00,0,33 of 43,49 of 61,1 of 1,0,0,2:25,,,,,,,,,,,,,,,,,,,,,,,,,,,,,2 of 8,3 of 5,2 of 2,4 of 11,3 of 4,0 of 0,7 of 16,17 of 25,0 of 1,12 of 26,12 of 16,0 of 0,2 of 19,1 of 1,0 of 2,3 of 21,0 of 1,0 of 0,25 of 35,7 of 7,1 of 1,14 of 20,1 of 1,18 of 22,,,,,,,,,,,,,,,,,,,,,,,,
"November 10, 2018",Maycee Barber,Hannah Cifers,http://ufcstats.com/fight-details/17f69a241aa952fd,W,KO/TKO,2,2:01,0,34 of 48,43 of 57,0 of 4,0,0,2:17,0,35 of 55,52 of 72,0 of 0,0,0,0:28,21 of 34,9 of 10,4 of 4,13 of 25,21 of 23,0 of 0,9 of 26,17 of 19,9 of 10,12 of 28,23 of 27,0 of 0,0,34 of 49,35 of 50,1 of 1,0,0,1:16,0,6 of 14,8 of 16,0 of 0,0,0,0:00,,,,,,,,,,,,,,,,,,,,,,,,,,,,,,,,,,,,,,,,,,,25 of 39,7 of 8,2 of 2,7 of 13,4 of 4,23 of 32,1 of 6,2 of 5,3 of 3,5 of 13,1 of 1,0 of 0,,,,,,,,,,,,,,,,,,,,,,,,,,,,,,,,,,,,
"November 10, 2018",Chas Skelly,Bobby Moffett,http://ufcstats.com/fight-details/04d37c1c206c0efd,NC,Overturned,2,2:43,0,24 of 40,41 of 61,1 of 2,0,0,3:23,0,12 of 32,13 of 33,0 of 0,0,0,0:00,21 of 37,2 of 2,1 of 1,9 of 24,15 of 16,0 of 0,8 of 27,0 of 1,4 of 4,11 of 28,1 of 4,0 of 0,0,6 of 20,6 of 20,0 of 0,0,1,0:15,0,8 of 24,8 of 24,1 of 1,1,0,1:14,,,,,,,,,,,,,,,,,,,,,,,,,,,,,,,,,,,,,,,,,,,5 of 18,1 of 2,0 of 0,6 of 20,0 of 0,0 of 0,5 of 20,1 of 1,2 of 3,7 of 23,0 of 0,1 of 1,,,,,,,,,,,,,,,,,,,,,,,,,,,,,,,,,,,,
"November 10, 2018",Devonte Smith,Julian Erosa,http://ufcstats.com/fight-details/79fb77a0b0294aec,W,KO/TKO,1,0:46,1,13 of 19,13 of 19,0 of 0,0,0,0:03,0,4 of 7,4 of 7,0 of 0,0,0,0:00,9 of 15,2 of 2,2 of 2,9 of 13,0 of 0,4 of 6,1 of 4,1 of 1,2 of 2,4 of 7,0 of 0,0 of 0,,,,,,,,,,,,,,,,,,,,,,,,,,,,,,,,,,,,,,,,,,,,,,,,,,,,,,,,,,,,,,,,,,,,,,,,,,,,,,,,,,,,,,,,,,,,,,,,,,,,,,,,
"November 10, 2018",Mark De La Rosa,Joby Sanchez,http://ufcstats.com/fight-details/38abefbf24624a35,W,Decision - Split,3,5:00,0,23 of 60,23 of 60,0 of 1,0,0,0:47,0,19 of 41,19 of 41,0 of 0,0,0,0:12,10 of 46,3 of 3,10 of 11,21 of 53,2 of 7,0 of 0,17 of 39,2 of 2,0 of 0,18 of 39,1 of 2,0 of 0,0,31 of 58,32 of 59,0 of 2,0,0,0:38,0,13 of 41,39 of 68,0 of 1,0,0,1:02,0,12 of 49,13 of 50,0 of 4,0,0,0:28,0,23 of 42,27 of 46,0 of 0,0,0,0:07,,,,,,,,,,,,,,,,,,,,,,,,,,,,,18 of 44,7 of 8,6 of 6,22 of 48,9 of 10,0 of 0,9 of 34,4 of 7,0 of 0,12 of 38,1 of 3,0 of 0,6 of 41,3 of 3,3 of 5,10 of 44,2 of 5,0 of 0,19 of 38,3 of 3,1 of 1,21 of 40,2 of 2,0 of 0,,,,,,,,,,,,,,,,,,,,,,,,
"November 03, 2018",Karl Roberson,Jack Marshman,http://ufcstats.com/fight-details/7aede55e4e47c698,W,Decision - Unanimous,3,5:00,0,15 of 32,15 of 32,0 of 1,0,0,0:18,0,13 of 52,16 of 55,0 of 0,0,0,0:00,6 of 23,6 of 6,3 of 3,10 of 25,5 of 7,0 of 0,8 of 42,2 of 2,3 of 8,11 of 50,2 of 2,0 of 0,0,8 of 20,35 of 51,1 of 1,0,0,2:15,0,8 of 31,10 of 33,0 of 0,0,0,0:00,0,11 of 19,40 of 52,1 of 1,0,0,2:33,0,0 of 15,4 of 20,0 of 0,0,0,0:00,,,,,,,,,,,,,,,,,,,,,,,,,,,,,8 of 18,0 of 2,0 of 0,7 of 19,0 of 0,1 of 1,4 of 25,1 of 3,3 of 3,8 of 30,0 of 1,0 of 0,10 of 17,0 of 0,1 of 2,7 of 13,0 of 0,4 of 6,0 of 13,0 of 0,0 of 2,0 of 15,0 of 0,0 of 0,,,,,,,,,,,,,,,,,,,,,,,,
"November 03, 2018",Matt Frevola,Lando Vannata,http://ufcstats.com/fight-details/df9aa51f6ccdfe02,D,Decision - Majority,3,5:00,0,25 of 54,25 of 54,0 of 1,1,1,0:12,1,15 of 45,18 of 48,0 of 3,0,0,0:06,18 of 41,5 of 10,2 of 3,23 of 50,2 of 4,0 of 0,6 of 34,3 of 4,6 of 7,14 of 41,1 of 3,0 of 1,0,14 of 52,14 of 53,1 of 4,0,0,0:26,1,34 of 72,44 of 82,0 of 0,1,0,0:07,0,27 of 70,27 of 70,1 of 1,0,0,0:03,0,18 of 47,18 of 47,1 of 2,0,0,0:07,,,,,,,,,,,,,,,,,,,,,,,,,,,,,8 of 42,2 of 6,4 of 4,14 of 50,0 of 2,0 of 0,23 of 57,8 of 11,3 of 4,30 of 67,2 of 3,2 of 2,17 of 51,3 of 10,7 of 9,22 of 65,5 of 5,0 of 0,9 of 33,5 of 9,4 of 5,18 of 46,0 of 1,0 of 0,,,,,,,,,,,,,,,,,,,,,,,,
"November 03, 2018",Shane Burgos,Kurt Holobaugh,http://ufcstats.com/fight-details/3729ff914eaede07,W,Submission,1,2:11,0,17 of 24,17 of 24,0 of 0,1,0,0:00,1,21 of 51,26 of 57,0 of 0,0,0,0:13,13 of 19,2 of 3,2 of 2,17 of 24,0 of 0,0 of 0,14 of 40,1 of 2,6 of 9,19 of 48,1 of 2,1 of 1,,,,,,,,,,,,,,,,,,,,,,,,,,,,,,,,,,,,,,,,,,,,,,,,,,,,,,,,,,,,,,,,,,,,,,,,,,,,,,,,,,,,,,,,,,,,,,,,,,,,,,,,
"October 27, 2018",Te Edwards,Don Madge,http://ufcstats.com/fight-details/9d204f44a9988b93,L,KO/TKO,2,0:14,0,5 of 15,6 of 16,1 of 1,0,0,3:47,1,15 of 24,36 of 46,0 of 0,1,0,0:30,4 of 14,1 of 1,0 of 0,5 of 13,0 of 0,0 of 2,9 of 17,5 of 6,1 of 1,8 of 17,3 of 3,4 of 4,0,0 of 0,0 of 0,0 of 0,0,0,0:00,1,6 of 7,6 of 7,0 of 0,0,0,0:02,,,,,,,,,,,,,,,,,,,,,,,,,,,,,,,,,,,,,,,,,,,0 of 0,0 of 0,0 of 0,0 of 0,0 of 0,0 of 0,5 of 6,1 of 1,0 of 0,4 of 5,0 of 0,2 of 2,,,,,,,,,,,,,,,,,,,,,,,,,,,,,,,,,,,,
"October 06, 2018",Vicente Luque,Jalin Turner,http://ufcstats.com/fight-details/48ea8a30f7b88cfc,W,KO/TKO,1,3:52,1,41 of 64,41 of 64,0 of 0,0,0,0:04,0,31 of 58,31 of 58,0 of 0,0,0,0:00,25 of 48,2 of 2,14 of 14,31 of 51,2 of 4,8 of 9,25 of 50,5 of 6,1 of 2,31 of 58,0 of 0,0 of 0,,,,,,,,,,,,,,,,,,,,,,,,,,,,,,,,,,,,,,,,,,,,,,,,,,,,,,,,,,,,,,,,,,,,,,,,,,,,,,,,,,,,,,,,,,,,,,,,,,,,,,,,
"September 22, 2018",Luis Henrique,Ryan Spann,http://ufcstats.com/fight-details/30eaf1650bc359b3,L,Decision - Unanimous,3,5:00,0,12 of 27,12 of 27,2 of 6,0,0,0:57,0,16 of 50,16 of 50,0 of 0,0,0,0:21,8 of 23,2 of 2,2 of 2,9 of 24,1 of 1,2 of 2,15 of 48,1 of 1,0 of 1,15 of 48,1 of 1,0 of 1,0,10 of 20,19 of 29,1 of 4,1,0,2:14,0,14 of 23,15 of 24,0 of 0,1,0,1:56,0,8 of 12,17 of 22,1 of 1,0,0,1:53,0,16 of 24,19 of 27,0 of 0,0,1,2:50,,,,,,,,,,,,,,,,,,,,,,,,,,,,,7 of 17,3 of 3,0 of 0,3 of 6,1 of 2,6 of 12,13 of 22,1 of 1,0 of 0,6 of 10,1 of 2,7 of 11,7 of 11,1 of 1,0 of 0,2 of 5,0 of 0,6 of 7,10 of 18,6 of 6,0 of 0,2 of 10,3 of 3,11 of 11,,,,,,,,,,,,,,,,,,,,,,,,
"September 08, 2018",Zabit Magomedsharipov,Brandon Davis,http://ufcstats.com/fight-details/b2625001e0b89369,W,Submission,2,3:46,0,21 of 30,22 of 31,1 of 1,0,0,0:43,0,21 of 62,22 of 63,0 of 0,0,0,0:00,15 of 23,2 of 2,4 of 5,20 of 28,1 of 2,0 of 0,6 of 34,6 of 14,9 of 14,20 of 61,1 of 1,0 of 0,0,17 of 23,25 of 31,5 of 6,1,0,3:16,0,6 of 7,7 of 8,0 of 0,0,0,0:00,,,,,,,,,,,,,,,,,,,,,,,,,,,,,,,,,,,,,,,,,,,11 of 17,2 of 2,4 of 4,5 of 9,4 of 5,8 of 9,2 of 3,1 of 1,3 of 3,4 of 5,2 of 2,0 of 0,,,,,,,,,,,,,,,,,,,,,,,,,,,,,,,,,,,,
"September 08, 2018",Geoff Neal,Frank Camacho,http://ufcstats.com/fight-details/6caf9ebf42ddae2e,W,KO/TKO,2,1:23,1,37 of 70,40 of 73,0 of 0,0,0,0:08,0,19 of 39,27 of 48,0 of 1,0,0,0:11,34 of 66,3 of 4,0 of 0,29 of 58,1 of 2,7 of 10,7 of 24,9 of 12,3 of 3,18 of 37,1 of 2,0 of 0,1,22 of 32,22 of 32,0 of 0,0,0,0:00,0,6 of 18,6 of 18,0 of 1,0,0,0:01,,,,,,,,,,,,,,,,,,,,,,,,,,,,,,,,,,,,,,,,,,,22 of 32,0 of 0,0 of 0,17 of 23,5 of 9,0 of 0,5 of 16,1 of 2,0 of 0,5 of 15,1 of 3,0 of 0,,,,,,,,,,,,,,,,,,,,,,,,,,,,,,,,,,,,
"September 08, 2018",Charles Byrd,Darren Stewart,http://ufcstats.com/fight-details/7658965c2a700b39,L,KO/TKO,2,2:17,0,23 of 38,38 of 54,0 of 3,0,0,1:15,0,10 of 31,13 of 34,0 of 0,0,0,0:50,20 of 33,1 of 2,2 of 3,14 of 29,9 of 9,0 of 0,6 of 27,3 of 3,1 of 1,3 of 22,7 of 9,0 of 0,0,15 of 25,21 of 31,0 of 0,0,0,0:27,1,14 of 34,15 of 35,0 of 0,0,0,0:10,,,,,,,,,,,,,,,,,,,,,,,,,,,,,,,,,,,,,,,,,,,12 of 22,2 of 2,1 of 1,11 of 15,4 of 10,0 of 0,11 of 31,3 of 3,0 of 0,7 of 25,7 of 9,0 of 0,,,,,,,,,,,,,,,,,,,,,,,,,,,,,,,,,,,,
"August 04, 2018",Thiago Santos,Kevin Holland,http://ufcstats.com/fight-details/3b03f8d3a55f3cb2,W,Decision - Unanimous,3,5:00,0,30 of 74,37 of 83,0 of 1,0,0,3:46,0,7 of 19,21 of 37,0 of 0,1,0,0:00,23 of 66,5 of 6,2 of 2,4 of 9,0 of 1,26 of 64,4 of 14,0 of 2,3 of 3,3 of 13,0 of 0,4 of 6,0,14 of 28,14 of 28,2 of 5,0,0,2:05,0,20 of 28,42 of 50,0 of 0,0,0,1:10,0,25 of 51,30 of 56,1 of 1,1,0,3:49,0,4 of 8,18 of 23,0 of 1,0,0,0:00,,,,,,,,,,,,,,,,,,,,,,,,,,,,,6 of 18,5 of 7,3 of 3,8 of 17,2 of 4,4 of 7,13 of 20,5 of 6,2 of 2,11 of 19,1 of 1,8 of 8,21 of 47,4 of 4,0 of 0,8 of 18,0 of 0,17 of 33,3 of 7,1 of 1,0 of 0,3 of 7,0 of 0,1 of 1,,,,,,,,,,,,,,,,,,,,,,,,
"August 04, 2018",Ricky Simon,Montel Jackson,http://ufcstats.com/fight-details/e57a78a422439774,W,Decision - Unanimous,3,5:00,0,10 of 21,11 of 22,2 of 7,0,0,0:59,0,10 of 35,18 of 43,0 of 0,0,0,0:05,2 of 13,6 of 6,2 of 2,7 of 18,3 of 3,0 of 0,5 of 28,4 of 6,1 of 1,6 of 27,4 of 8,0 of 0,0,12 of 23,23 of 36,1 of 6,0,0,1:16,0,10 of 28,12 of 30,1 of 1,0,0,0:26,0,3 of 9,10 of 17,4 of 7,0,0,3:20,0,22 of 31,25 of 34,1 of 1,0,0,0:14,,,,,,,,,,,,,,,,,,,,,,,,,,,,,4 of 14,3 of 4,5 of 5,10 of 21,2 of 2,0 of 0,8 of 25,2 of 2,0 of 1,7 of 23,1 of 2,2 of 3,1 of 4,1 of 4,1 of 1,1 of 5,2 of 3,0 of 1,14 of 23,7 of 7,1 of 1,10 of 16,11 of 13,1 of 2,,,,,,,,,,,,,,,,,,,,,,,,
"August 04, 2018",Matt Sayles,Sheymon Moraes,http://ufcstats.com/fight-details/e85e83ab4e60e768,L,Decision - Unanimous,3,5:00,0,16 of 60,16 of 60,0 of 1,0,0,0:40,0,22 of 50,23 of 51,0 of 1,0,0,0:03,4 of 43,8 of 10,4 of 7,10 of 50,6 of 10,0 of 0,7 of 31,15 of 17,0 of 2,15 of 42,7 of 8,0 of 0,0,25 of 77,25 of 77,0 of 2,0,0,0:14,0,30 of 72,30 of 72,0 of 0,0,0,0:00,0,36 of 98,38 of 100,0 of 0,0,0,0:14,0,21 of 50,24 of 54,0 of 3,0,0,0:00,,,,,,,,,,,,,,,,,,,,,,,,,,,,,14 of 60,5 of 10,6 of 7,24 of 76,1 of 1,0 of 0,13 of 48,15 of 22,2 of 2,28 of 70,2 of 2,0 of 0,21 of 82,10 of 10,5 of 6,33 of 94,3 of 4,0 of 0,11 of 34,10 of 16,0 of 0,21 of 49,0 of 1,0 of 0,,,,,,,,,,,,,,,,,,,,,,,,
"July 28, 2018",Hakeem Dawodu,Austin Arnett,http://ufcstats.com/fight-details/11c851a73ffb55ba,W,Decision - Unanimous,3,5:00,0,17 of 25,17 of 25,0 of 0,0,0,0:00,0,0 of 7,0 of 7,0 of 2,0,0,0:00,1 of 5,0 of 2,16 of 18,17 of 25,0 of 0,0 of 0,0 of 7,0 of 0,0 of 0,0 of 7,0 of 0,0 of 0,0,31 of 79,31 of 79,0 of 1,0,0,0:00,0,19 of 46,19 of 46,0 of 0,0,0,0:00,0,27 of 66,32 of 72,0 of 0,0,0,0:46,0,4 of 15,4 of 15,0 of 2,0,0,0:00,,,,,,,,,,,,,,,,,,,,,,,,,,,,,16 of 58,4 of 9,11 of 12,31 of 79,0 of 0,0 of 0,19 of 46,0 of 0,0 of 0,19 of 46,0 of 0,0 of 0,11 of 45,4 of 7,12 of 14,22 of 55,5 of 11,0 of 0,3 of 14,1 of 1,0 of 0,3 of 14,1 of 1,0 of 0,,,,,,,,,,,,,,,,,,,,,,,,
"July 14, 2018",Kurt Holobaugh,Raoni Barcelos,http://ufcstats.com/fight-details/66ba984cc547e31a,L,KO/TKO,3,1:29,0,49 of 107,53 of 111,0 of 1,0,0,0:01,0,34 of 68,38 of 72,1 of 2,0,0,0:49,38 of 93,6 of 8,5 of 6,45 of 101,2 of 3,2 of 3,32 of 65,1 of 2,1 of 1,28 of 62,6 of 6,0 of 0,0,37 of 76,61 of 102,1 of 2,0,0,0:38,0,30 of 48,39 of 58,2 of 2,0,0,1:44,0,16 of 43,16 of 43,0 of 0,0,0,0:00,1,18 of 30,18 of 30,0 of 0,0,0,0:01,,,,,,,,,,,,,,,,,,,,,,,,,,,,,34 of 71,2 of 3,1 of 2,27 of 64,4 of 5,6 of 7,26 of 43,4 of 5,0 of 0,21 of 37,2 of 3,7 of 8,16 of 42,0 of 1,0 of 0,16 of 43,0 of 0,0 of 0,18 of 30,0 of 0,0 of 0,18 of 30,0 of 0,0 of 0,,,,,,,,,,,,,,,,,,,,,,,,
"July 06, 2018",Alessio Di Chirico,Julian Marquez,http://ufcstats.com/fight-details/760b90b0805e0fbf,W,Decision - Split,3,5:00,0,19 of 45,19 of 45,1 of 1,0,0,0:17,0,11 of 48,11 of 48,0 of 1,0,0,0:00,10 of 34,6 of 8,3 of 3,19 of 45,0 of 0,0 of 0,7 of 44,3 of 3,1 of 1,11 of 47,0 of 1,0 of 0,0,9 of 28,13 of 33,2 of 3,0,0,2:36,0,17 of 39,18 of 40,0 of 0,2,0,0:00,0,22 of 43,23 of 44,1 of 2,0,0,1:06,0,19 of 60,20 of 61,0 of 0,0,0,0:03,,,,,,,,,,,,,,,,,,,,,,,,,,,,,6 of 23,3 of 4,0 of 1,7 of 19,1 of 2,1 of 7,10 of 27,6 of 9,1 of 3,14 of 36,3 of 3,0 of 0,14 of 33,5 of 7,3 of 3,22 of 43,0 of 0,0 of 0,11 of 49,7 of 9,1 of 2,17 of 58,2 of 2,0 of 0,,,,,,,,,,,,,,,,,,,,,,,,
"July 06, 2018",Matt Bessette,Steven Peterson,http://ufcstats.com/fight-details/4d549f33c0711a7a,L,Decision - Split,3,5:00,0,25 of 60,38 of 73,0 of 2,0,0,1:12,0,22 of 60,32 of 70,0 of 0,1,0,1:21,17 of 50,6 of 8,2 of 2,19 of 51,4 of 7,2 of 2,9 of 46,7 of 8,6 of 6,17 of 48,5 of 12,0 of 0,0,28 of 69,33 of 78,0 of 1,0,0,0:00,0,38 of 89,42 of 93,1 of 3,0,0,1:54,0,4 of 12,17 of 26,0 of 0,0,1,0:21,0,14 of 26,41 of 57,1 of 3,0,1,3:58,,,,,,,,,,,,,,,,,,,,,,,,,,,,,22 of 60,5 of 6,1 of 3,24 of 64,4 of 5,0 of 0,28 of 77,5 of 7,5 of 5,26 of 74,5 of 7,7 of 8,3 of 11,1 of 1,0 of 0,2 of 10,2 of 2,0 of 0,7 of 18,7 of 8,0 of 0,3 of 14,6 of 6,5 of 6,,,,,,,,,,,,,,,,,,,,,,,,
"June 09, 2018",Mike Santiago,Dan Ige,http://ufcstats.com/fight-details/d3f5854d16fc31f9,L,KO/TKO,1,0:50,0,0 of 1,0 of 1,0 of 0,0,0,0:00,0,25 of 27,29 of 32,1 of 1,0,0,0:32,0 of 1,0 of 0,0 of 0,0 of 1,0 of 0,0 of 0,25 of 27,0 of 0,0 of 0,2 of 2,2 of 3,21 of 22,,,,,,,,,,,,,,,,,,,,,,,,,,,,,,,,,,,,,,,,,,,,,,,,,,,,,,,,,,,,,,,,,,,,,,,,,,,,,,,,,,,,,,,,,,,,,,,,,,,,,,,,
"May 19, 2018",Enrique Barzola,Brandon Davis,http://ufcstats.com/fight-details/53febf2fb416f9de,W,Decision - Unanimous,3,5:00,0,17 of 33,24 of 40,3 of 7,0,0,1:19,0,15 of 35,18 of 39,0 of 0,0,0,0:35,7 of 20,3 of 6,7 of 7,15 of 29,2 of 3,0 of 1,9 of 28,1 of 1,5 of 6,15 of 34,0 of 0,0 of 1,0,15 of 25,39 of 58,5 of 6,1,0,4:04,0,1 of 4,7 of 13,0 of 0,0,0,0:18,0,19 of 36,26 of 51,2 of 2,0,0,1:51,0,13 of 48,14 of 50,0 of 1,0,0,0:00,,,,,,,,,,,,,,,,,,,,,,,,,,,,,13 of 23,0 of 0,2 of 2,0 of 4,2 of 3,13 of 18,0 of 3,0 of 0,1 of 1,1 of 4,0 of 0,0 of 0,13 of 29,2 of 3,4 of 4,12 of 26,1 of 3,6 of 7,9 of 41,1 of 3,3 of 4,12 of 47,1 of 1,0 of 0,,,,,,,,,,,,,,,,,,,,,,,,
"May 12, 2018",Cezar Ferreira,Karl Roberson,http://ufcstats.com/fight-details/c8fdd3f7178fbfa4,W,Submission,1,4:45,0,5 of 6,14 of 16,2 of 3,1,0,4:21,0,4 of 6,20 of 26,0 of 0,0,0,0:00,4 of 5,1 of 1,0 of 0,1 of 1,0 of 0,4 of 5,3 of 5,0 of 0,1 of 1,1 of 3,2 of 2,1 of 1,,,,,,,,,,,,,,,,,,,,,,,,,,,,,,,,,,,,,,,,,,,,,,,,,,,,,,,,,,,,,,,,,,,,,,,,,,,,,,,,,,,,,,,,,,,,,,,,,,,,,,,,
"April 14, 2018",Shana Dobson,Lauren Mueller,http://ufcstats.com/fight-details/85060e6e71ed14e4,L,Decision - Unanimous,3,5:00,0,27 of 79,28 of 80,0 of 1,0,0,0:03,0,26 of 57,27 of 58,0 of 0,0,0,0:29,16 of 61,5 of 11,6 of 7,24 of 74,3 of 5,0 of 0,11 of 38,11 of 15,4 of 4,26 of 56,0 of 1,0 of 0,0,21 of 72,21 of 72,0 of 0,0,0,0:00,0,15 of 55,16 of 56,0 of 0,0,0,0:22,0,20 of 55,25 of 61,1 of 3,0,0,0:41,0,17 of 44,27 of 57,2 of 2,0,0,1:56,,,,,,,,,,,,,,,,,,,,,,,,,,,,,12 of 59,6 of 10,3 of 3,21 of 72,0 of 0,0 of 0,9 of 45,6 of 9,0 of 1,14 of 54,1 of 1,0 of 0,6 of 38,12 of 15,2 of 2,17 of 52,3 of 3,0 of 0,11 of 36,3 of 5,3 of 3,14 of 37,3 of 5,0 of 2,,,,,,,,,,,,,,,,,,,,,,,,
"March 17, 2018",John Phillips,Charles Byrd,http://ufcstats.com/fight-details/f8ee14dbf966b9e6,L,Submission,1,3:58,0,0 of 1,1 of 2,0 of 0,0,0,0:00,0,11 of 14,34 of 41,1 of 1,1,0,3:54,0 of 1,0 of 0,0 of 0,0 of 1,0 of 0,0 of 0,11 of 14,0 of 0,0 of 0,0 of 1,0 of 0,11 of 13,,,,,,,,,,,,,,,,,,,,,,,,,,,,,,,,,,,,,,,,,,,,,,,,,,,,,,,,,,,,,,,,,,,,,,,,,,,,,,,,,,,,,,,,,,,,,,,,,,,,,,,,
"March 03, 2018",Sean O'Malley,Andre Soukhamthath,http://ufcstats.com/fight-details/efe055854f19a1d7,W,Decision - Unanimous,3,5:00,0,28 of 54,28 of 54,0 of 0,0,0,0:00,0,4 of 19,4 of 19,0 of 1,0,0,0:00,15 of 36,7 of 12,6 of 6,28 of 53,0 of 1,0 of 0,1 of 15,1 of 1,2 of 3,4 of 19,0 of 0,0 of 0,0,23 of 35,31 of 43,0 of 0,3,1,0:55,0,5 of 18,13 of 26,1 of 1,0,0,2:23,0,12 of 22,14 of 24,0 of 0,0,0,0:00,0,16 of 23,25 of 34,3 of 5,0,0,3:35,,,,,,,,,,,,,,,,,,,,,,,,,,,,,17 of 28,6 of 7,0 of 0,14 of 26,0 of 0,9 of 9,2 of 14,1 of 1,2 of 3,4 of 17,0 of 0,1 of 1,9 of 19,2 of 2,1 of 1,11 of 21,1 of 1,0 of 0,4 of 8,7 of 10,5 of 5,8 of 14,1 of 1,7 of 8,,,,,,,,,,,,,,,,,,,,,,,,
"February 18, 2018",Steven Peterson,Brandon Davis,http://ufcstats.com/fight-details/a8d189f56de9b451,L,Decision - Unanimous,3,5:00,0,26 of 109,26 of 109,0 of 1,0,0,0:00,0,39 of 106,39 of 106,0 of 0,0,0,0:00,17 of 97,5 of 5,4 of 7,26 of 109,0 of 0,0 of 0,19 of 80,6 of 10,14 of 16,39 of 106,0 of 0,0 of 0,0,20 of 72,29 of 82,1 of 4,0,0,1:40,0,28 of 70,33 of 76,0 of 1,0,0,0:39,0,27 of 105,27 of 105,0 of 5,0,0,0:09,0,47 of 109,47 of 109,0 of 0,0,0,0:00,,,,,,,,,,,,,,,,,,,,,,,,,,,,,12 of 60,7 of 10,1 of 2,12 of 58,6 of 11,2 of 3,24 of 64,3 of 3,1 of 3,23 of 64,5 of 5,0 of 1,26 of 100,0 of 3,1 of 2,27 of 104,0 of 1,0 of 0,40 of 99,3 of 6,4 of 4,46 of 108,1 of 1,0 of 0,,,,,,,,,,,,,,,,,,,,,,,,
"February 18, 2018",Geoff Neal,Brian Camozzi,http://ufcstats.com/fight-details/4335683beee93652,W,Submission,1,2:48,0,14 of 31,15 of 32,0 of 0,1,0,1:07,0,7 of 29,9 of 32,0 of 0,0,0,0:00,11 of 28,1 of 1,2 of 2,14 of 31,0 of 0,0 of 0,3 of 22,2 of 5,2 of 2,7 of 28,0 of 1,0 of 0,,,,,,,,,,,,,,,,,,,,,,,,,,,,,,,,,,,,,,,,,,,,,,,,,,,,,,,,,,,,,,,,,,,,,,,,,,,,,,,,,,,,,,,,,,,,,,,,,,,,,,,,
"February 18, 2018",Robert Sanchez,Joby Sanchez,http://ufcstats.com/fight-details/6f981a44898fb4ff,W,Submission,1,1:50,0,2 of 3,2 of 3,3 of 3,1,0,1:30,0,1 of 5,5 of 9,0 of 0,0,0,0:00,1 of 2,0 of 0,1 of 1,2 of 3,0 of 0,0 of 0,1 of 5,0 of 0,0 of 0,1 of 5,0 of 0,0 of 0,,,,,,,,,,,,,,,,,,,,,,,,,,,,,,,,,,,,,,,,,,,,,,,,,,,,,,,,,,,,,,,,,,,,,,,,,,,,,,,,,,,,,,,,,,,,,,,,,,,,,,,,
"January 27, 2018",Austin Arnett,Cory Sandhagen,http://ufcstats.com/fight-details/fa7cde1e2d3ae338,L,KO/TKO,2,3:48,0,23 of 63,26 of 67,0 of 0,0,0,0:37,0,48 of 86,61 of 101,1 of 1,0,0,1:06,20 of 59,3 of 4,0 of 0,22 of 58,1 of 5,0 of 0,26 of 60,16 of 19,6 of 7,30 of 60,8 of 13,10 of 13,0,9 of 27,9 of 28,1 of 1,0,0,0:31,1,32 of 61,47 of 78,0 of 0,0,1,0:49,,,,,,,,,,,,,,,,,,,,,,,,,,,,,,,,,,,,,,,,,,,9 of 25,0 of 2,0 of 0,9 of 26,0 of 1,0 of 0,21 of 44,7 of 13,4 of 4,15 of 30,12 of 20,5 of 11,,,,,,,,,,,,,,,,,,,,,,,,,,,,,,,,,,,,
"January 20, 2018",Kyle Bochniak,Brandon Davis,http://ufcstats.com/fight-details/ea66be2688f542be,W,Decision - Unanimous,3,5:00,0,7 of 16,8 of 17,2 of 6,0,0,2:31,0,7 of 20,17 of 30,0 of 0,0,0,0:00,5 of 11,2 of 5,0 of 0,6 of 15,1 of 1,0 of 0,1 of 14,3 of 3,3 of 3,6 of 19,1 of 1,0 of 0,0,13 of 59,13 of 59,0 of 3,0,0,0:14,0,19 of 46,21 of 48,0 of 0,0,0,0:03,0,13 of 57,14 of 58,1 of 6,0,0,1:07,0,12 of 46,21 of 55,1 of 1,0,0,0:05,,,,,,,,,,,,,,,,,,,,,,,,,,,,,13 of 54,0 of 5,0 of 0,10 of 50,3 of 9,0 of 0,9 of 33,3 of 5,7 of 8,18 of 43,1 of 3,0 of 0,11 of 52,2 of 5,0 of 0,10 of 53,3 of 4,0 of 0,9 of 40,1 of 3,2 of 3,11 of 44,1 of 2,0 of 0,,,,,,,,,,,,,,,,,,,,,,,,
"January 20, 2018",Dan Ige,Julio Arce,http://ufcstats.com/fight-details/50385add37239184,L,Decision - Unanimous,3,5:00,0,5 of 30,5 of 31,1 of 6,0,0,0:40,0,23 of 55,23 of 55,0 of 0,0,0,0:20,0 of 20,2 of 6,3 of 4,4 of 26,1 of 4,0 of 0,18 of 50,4 of 4,1 of 1,17 of 46,4 of 7,2 of 2,0,13 of 38,14 of 40,0 of 5,0,0,0:33,0,20 of 63,33 of 76,0 of 0,0,0,0:15,0,17 of 45,17 of 45,0 of 2,0,0,0:03,0,29 of 83,31 of 85,0 of 0,0,0,0:09,,,,,,,,,,,,,,,,,,,,,,,,,,,,,8 of 28,1 of 4,4 of 6,13 of 35,0 of 3,0 of 0,17 of 59,3 of 4,0 of 0,18 of 60,2 of 3,0 of 0,7 of 30,3 of 7,7 of 8,16 of 41,1 of 4,0 of 0,25 of 75,4 of 8,0 of 0,26 of 78,2 of 4,1 of 1,,,,,,,,,,,,,,,,,,,,,,,,
"January 20, 2018",Matt Bessette,Enrique Barzola,http://ufcstats.com/fight-details/1b0fa021b1158121,L,Decision - Unanimous,3,5:00,0,11 of 52,12 of 53,0 of 0,0,0,0:00,0,15 of 34,16 of 36,1 of 2,0,0,0:57,7 of 37,4 of 14,0 of 1,10 of 51,1 of 1,0 of 0,3 of 19,7 of 8,5 of 7,13 of 28,0 of 0,2 of 6,0,9 of 33,15 of 39,0 of 0,0,0,0:00,0,17 of 31,25 of 39,3 of 5,0,0,2:13,0,23 of 61,28 of 66,0 of 0,0,0,0:00,0,23 of 57,32 of 68,1 of 3,0,0,1:22,,,,,,,,,,,,,,,,,,,,,,,,,,,,,3 of 25,5 of 7,1 of 1,8 of 32,1 of 1,0 of 0,7 of 18,4 of 7,6 of 6,9 of 17,0 of 0,8 of 14,17 of 51,6 of 10,0 of 0,23 of 60,0 of 1,0 of 0,15 of 46,2 of 2,6 of 9,21 of 53,0 of 0,2 of 4,,,,,,,,,,,,,,,,,,,,,,,,
"January 14, 2018",Matt Frevola,Marco Polo Reyes,http://ufcstats.com/fight-details/4843f369dc8b5de5,L,KO/TKO,1,1:00,0,9 of 30,9 of 30,0 of 0,0,0,0:00,2,18 of 39,19 of 40,0 of 0,0,0,0:00,5 of 26,4 of 4,0 of 0,8 of 29,1 of 1,0 of 0,17 of 38,1 of 1,0 of 0,17 of 36,0 of 2,1 of 1,,,,,,,,,,,,,,,,,,,,,,,,,,,,,,,,,,,,,,,,,,,,,,,,,,,,,,,,,,,,,,,,,,,,,,,,,,,,,,,,,,,,,,,,,,,,,,,,,,,,,,,,
"January 14, 2018",Mads Burnell,Mike Santiago,http://ufcstats.com/fight-details/c4ecf4b894ccbced,W,Decision - Unanimous,3,5:00,0,1 of 1,19 of 30,1 of 4,0,0,2:24,0,17 of 27,28 of 39,2 of 2,2,1,2:15,1 of 1,0 of 0,0 of 0,0 of 0,0 of 0,1 of 1,14 of 21,0 of 1,3 of 5,1 of 5,10 of 13,6 of 9,0,13 of 22,29 of 49,1 of 1,1,1,2:14,0,17 of 25,24 of 34,1 of 1,0,0,2:14,0,6 of 11,62 of 90,1 of 2,0,0,4:33,0,17 of 27,43 of 54,0 of 0,0,0,0:02,,,,,,,,,,,,,,,,,,,,,,,,,,,,,13 of 22,0 of 0,0 of 0,4 of 11,0 of 0,9 of 11,12 of 20,3 of 3,2 of 2,10 of 15,2 of 2,5 of 8,6 of 11,0 of 0,0 of 0,1 of 4,1 of 1,4 of 6,8 of 15,8 of 10,1 of 2,2 of 9,10 of 13,5 of 5,,,,,,,,,,,,,,,,,,,,,,,,
"December 16, 2017",Julian Marquez,Darren Stewart,http://ufcstats.com/fight-details/535b8e5494cbc580,W,Submission,2,2:42,0,21 of 40,26 of 45,0 of 1,1,0,0:20,0,19 of 36,23 of 44,4 of 5,0,0,3:22,19 of 37,2 of 3,0 of 0,3 of 14,11 of 16,7 of 10,16 of 33,2 of 2,1 of 1,10 of 24,9 of 11,0 of 1,0,11 of 24,11 of 24,0 of 2,2,0,0:34,0,14 of 22,14 of 22,0 of 1,0,0,0:03,,,,,,,,,,,,,,,,,,,,,,,,,,,,,,,,,,,,,,,,,,,10 of 23,1 of 1,0 of 0,5 of 16,6 of 8,0 of 0,12 of 20,1 of 1,1 of 1,6 of 10,8 of 12,0 of 0,,,,,,,,,,,,,,,,,,,,,,,,,,,,,,,,,,,,
"December 09, 2017",Albert Morales,Benito Lopez,http://ufcstats.com/fight-details/bc84680df666c96d,L,Decision - Unanimous,3,5:00,0,15 of 29,46 of 83,0 of 1,0,0,3:02,1,11 of 26,12 of 27,0 of 0,1,0,0:53,13 of 27,2 of 2,0 of 0,12 of 24,3 of 5,0 of 0,9 of 22,1 of 3,1 of 1,10 of 24,1 of 2,0 of 0,0,29 of 82,29 of 82,0 of 0,0,0,0:00,0,34 of 83,34 of 83,0 of 0,0,0,0:00,0,34 of 87,34 of 87,0 of 0,0,0,0:00,0,33 of 78,33 of 78,0 of 0,0,0,0:00,,,,,,,,,,,,,,,,,,,,,,,,,,,,,15 of 65,6 of 8,8 of 9,28 of 79,1 of 3,0 of 0,24 of 65,9 of 16,1 of 2,33 of 81,1 of 2,0 of 0,17 of 62,6 of 11,11 of 14,33 of 83,1 of 4,0 of 0,22 of 57,5 of 12,6 of 9,31 of 75,2 of 3,0 of 0,,,,,,,,,,,,,,,,,,,,,,,,
"December 02, 2017",Justin Willis,Allen Crowder,http://ufcstats.com/fight-details/40d9b5b47acf260b,W,KO/TKO,1,2:33,1,22 of 44,25 of 47,0 of 0,0,0,0:02,0,15 of 38,17 of 41,0 of 0,0,0,0:00,21 of 43,1 of 1,0 of 0,14 of 25,6 of 17,2 of 2,6 of 29,1 of 1,8 of 8,13 of 31,2 of 7,0 of 0,,,,,,,,,,,,,,,,,,,,,,,,,,,,,,,,,,,,,,,,,,,,,,,,,,,,,,,,,,,,,,,,,,,,,,,,,,,,,,,,,,,,,,,,,,,,,,,,,,,,,,,,
"December 01, 2017",Sean O'Malley,Terrion Ware,http://ufcstats.com/fight-details/c11b2cbe2460db0c,W,Decision - Unanimous,3,5:00,0,32 of 71,32 of 71,0 of 2,0,0,0:00,0,23 of 79,26 of 82,0 of 0,0,0,0:23,24 of 60,8 of 11,0 of 0,32 of 71,0 of 0,0 of 0,13 of 60,5 of 11,5 of 8,22 of 78,1 of 1,0 of 0,0,58 of 89,59 of 90,0 of 0,0,0,0:00,0,46 of 124,51 of 129,0 of 0,0,0,0:32,0,51 of 92,51 of 94,3 of 4,0,0,0:27,0,19 of 85,19 of 85,0 of 2,0,0,0:16,,,,,,,,,,,,,,,,,,,,,,,,,,,,,50 of 80,6 of 7,2 of 2,51 of 82,5 of 5,2 of 2,36 of 110,9 of 10,1 of 4,43 of 113,3 of 11,0 of 0,45 of 84,6 of 8,0 of 0,48 of 88,1 of 2,2 of 2,10 of 71,3 of 6,6 of 8,18 of 80,1 of 5,0 of 0,,,,,,,,,,,,,,,,,,,,,,,,
"November 11, 2017",Darren Stewart,Karl Roberson,http://ufcstats.com/fight-details/4b202bae6c87b98b,L,Submission,1,3:41,0,6 of 20,6 of 20,0 of 1,0,0,0:34,0,17 of 23,21 of 29,1 of 1,2,0,1:14,3 of 9,0 of 3,3 of 8,4 of 18,2 of 2,0 of 0,12 of 17,5 of 6,0 of 0,5 of 9,9 of 9,3 of 5,,,,,,,,,,,,,,,,,,,,,,,,,,,,,,,,,,,,,,,,,,,,,,,,,,,,,,,,,,,,,,,,,,,,,,,,,,,,,,,,,,,,,,,,,,,,,,,,,,,,,,,,
"September 16, 2017",Justin Ledet,Azunna Anyanwu,http://ufcstats.com/fight-details/7b80dd233e200dd2,W,Decision - Split,3,5:00,0,13 of 39,13 of 39,0 of 0,0,0,0:00,0,7 of 19,7 of 19,0 of 0,0,0,0:00,13 of 39,0 of 0,0 of 0,13 of 39,0 of 0,0 of 0,2 of 7,5 of 12,0 of 0,7 of 19,0 of 0,0 of 0,0,13 of 45,13 of 45,0 of 0,0,0,0:00,0,13 of 24,13 of 24,0 of 0,0,0,0:00,0,10 of 42,10 of 42,0 of 0,0,0,0:00,0,17 of 41,17 of 41,0 of 0,0,0,0:00,,,,,,,,,,,,,,,,,,,,,,,,,,,,,12 of 43,1 of 2,0 of 0,13 of 45,0 of 0,0 of 0,11 of 19,2 of 5,0 of 0,13 of 23,0 of 1,0 of 0,10 of 42,0 of 0,0 of 0,10 of 42,0 of 0,0 of 0,15 of 34,2 of 7,0 of 0,16 of 40,1 of 1,0 of 0,,,,,,,,,,,,,,,,,,,,,,,,
"September 02, 2017",Mike Santiago,Zabit Magomedsharipov,http://ufcstats.com/fight-details/ecbc282542a395c2,L,Submission,2,4:22,0,21 of 51,24 of 54,1 of 6,0,0,2:16,0,27 of 40,40 of 54,0 of 2,0,1,0:27,5 of 28,5 of 10,11 of 13,7 of 31,14 of 20,0 of 0,18 of 29,8 of 10,1 of 1,18 of 29,8 of 10,1 of 1,0,3 of 16,8 of 23,1 of 1,0,0,0:09,0,18 of 25,30 of 43,1 of 1,2,1,3:38,,,,,,,,,,,,,,,,,,,,,,,,,,,,,,,,,,,,,,,,,,,1 of 12,2 of 4,0 of 0,3 of 15,0 of 1,0 of 0,16 of 23,0 of 0,2 of 2,7 of 12,0 of 1,11 of 12,,,,,,,,,,,,,,,,,,,,,,,,,,,,,,,,,,,,
"February 04, 2017",Daniel Jolly,Khalil Rountree Jr.,http://ufcstats.com/fight-details/f3bb58f485dc2008,L,KO/TKO,1,0:52,0,0 of 3,0 of 3,0 of 2,0,0,0:08,1,3 of 3,5 of 6,0 of 0,0,0,0:01,0 of 2,0 of 0,0 of 1,0 of 3,0 of 0,0 of 0,1 of 1,2 of 2,0 of 0,0 of 0,1 of 1,2 of 2,,,,,,,,,,,,,,,,,,,,,,,,,,,,,,,,,,,,,,,,,,,,,,,,,,,,,,,,,,,,,,,,,,,,,,,,,,,,,,,,,,,,,,,,,,,,,,,,,,,,,,,,
"September 17, 2016",Jose Quinonez,Joey Gomez,http://ufcstats.com/fight-details/187681b2843174b5,W,Decision - Unanimous,3,5:00,1,21 of 60,26 of 69,3 of 3,0,0,1:18,0,21 of 51,26 of 57,0 of 0,0,0,0:03,17 of 51,4 of 9,0 of 0,14 of 43,3 of 7,4 of 10,10 of 34,5 of 10,6 of 7,17 of 43,4 of 6,0 of 2,0,25 of 45,30 of 50,2 of 4,0,0,0:58,1,18 of 64,23 of 69,0 of 0,0,0,0:12,1,10 of 26,20 of 40,0 of 0,0,0,2:20,0,5 of 21,17 of 33,0 of 0,0,0,0:00,,,,,,,,,,,,,,,,,,,,,,,,,,,,,16 of 33,8 of 11,1 of 1,23 of 42,1 of 2,1 of 1,16 of 59,1 of 4,1 of 1,16 of 57,2 of 6,0 of 1,6 of 14,3 of 11,1 of 1,6 of 20,1 of 1,3 of 5,0 of 13,1 of 3,4 of 5,5 of 21,0 of 0,0 of 0,,,,,,,,,,,,,,,,,,,,,,,,
"March 05, 2016",Julian Erosa,Teruto Ishihara,http://ufcstats.com/fight-details/6ecd93dbbaba7e10,L,KO/TKO,2,0:34,0,14 of 39,22 of 47,1 of 1,0,0,1:03,0,22 of 43,26 of 47,0 of 0,0,0,0:06,3 of 24,8 of 11,3 of 4,12 of 33,2 of 4,0 of 2,14 of 34,3 of 3,5 of 6,21 of 37,1 of 4,0 of 2,0,2 of 5,2 of 5,0 of 0,0,0,0:00,1,5 of 8,5 of 8,0 of 0,0,0,0:02,,,,,,,,,,,,,,,,,,,,,,,,,,,,,,,,,,,,,,,,,,,1 of 3,1 of 2,0 of 0,2 of 5,0 of 0,0 of 0,5 of 8,0 of 0,0 of 0,1 of 2,0 of 0,4 of 6,,,,,,,,,,,,,,,,,,,,,,,,,,,,,,,,,,,,
"January 17, 2016",Rob Font,Joey Gomez,http://ufcstats.com/fight-details/18cdc16fc7ab7ce1,W,KO/TKO,2,4:13,0,19 of 41,23 of 46,1 of 5,0,0,1:05,0,13 of 44,17 of 48,0 of 0,0,0,0:00,10 of 29,6 of 7,3 of 5,18 of 40,1 of 1,0 of 0,10 of 39,1 of 3,2 of 2,7 of 37,6 of 7,0 of 0,1,33 of 69,33 of 69,0 of 0,0,0,0:01,0,2 of 27,2 of 27,1 of 1,0,0,0:24,,,,,,,,,,,,,,,,,,,,,,,,,,,,,,,,,,,,,,,,,,,19 of 52,11 of 13,3 of 4,21 of 53,12 of 15,0 of 1,0 of 25,1 of 1,1 of 1,2 of 26,0 of 1,0 of 0,,,,,,,,,,,,,,,,,,,,,,,,,,,,,,,,,,,,
"December 11, 2015",Julian Erosa,Marcin Wrzosek,http://ufcstats.com/fight-details/1362ccc16713d404,W,Decision - Split,3,5:00,0,20 of 29,41 of 53,0 of 0,1,0,1:52,0,11 of 27,48 of 67,0 of 2,0,0,1:47,4 of 12,15 of 16,1 of 1,9 of 15,11 of 14,0 of 0,10 of 25,0 of 1,1 of 1,6 of 19,5 of 8,0 of 0,0,19 of 32,34 of 48,0 of 0,0,0,1:01,0,16 of 38,38 of 63,3 of 3,0,0,2:07,0,22 of 47,32 of 58,2 of 3,1,0,1:46,0,25 of 54,38 of 74,0 of 7,0,0,0:47,,,,,,,,,,,,,,,,,,,,,,,,,,,,,11 of 21,7 of 9,1 of 2,10 of 20,7 of 9,2 of 3,11 of 31,1 of 1,4 of 6,12 of 31,1 of 3,3 of 4,16 of 38,6 of 9,0 of 0,17 of 38,4 of 8,1 of 1,18 of 43,3 of 3,4 of 8,16 of 42,7 of 10,2 of 2,,,,,,,,,,,,,,,,,,,,,,,,
"December 11, 2015",Joby Sanchez,Geane Herrera,http://ufcstats.com/fight-details/c5ce4f39269c842c,L,KO/TKO,2,4:28,0,31 of 79,31 of 79,0 of 0,0,0,0:00,0,12 of 53,14 of 55,1 of 1,0,0,0:06,16 of 62,14 of 15,1 of 2,30 of 78,1 of 1,0 of 0,10 of 50,0 of 1,2 of 2,12 of 52,0 of 1,0 of 0,0,24 of 75,24 of 75,0 of 1,0,0,0:00,1,28 of 65,28 of 65,0 of 0,0,0,0:02,,,,,,,,,,,,,,,,,,,,,,,,,,,,,,,,,,,,,,,,,,,14 of 58,10 of 17,0 of 0,20 of 69,4 of 6,0 of 0,24 of 61,3 of 3,1 of 1,21 of 55,2 of 5,5 of 5,,,,,,,,,,,,,,,,,,,,,,,,,,,,,,,,,,,,
"November 07, 2015",Bruno Korea,Matheus Nicolau,http://ufcstats.com/fight-details/e5461559114e30ff,L,Submission,3,3:27,0,8 of 27,11 of 30,0 of 0,0,0,0:00,1,18 of 32,34 of 53,2 of 3,0,0,2:06,4 of 22,2 of 3,2 of 2,7 of 25,1 of 1,0 of 1,7 of 21,5 of 5,6 of 6,15 of 26,1 of 1,2 of 5,1,17 of 37,32 of 54,0 of 0,0,0,0:00,0,15 of 27,18 of 30,1 of 1,1,0,2:23,0,2 of 15,6 of 19,0 of 0,0,0,0:00,1,13 of 18,29 of 37,0 of 0,2,0,2:08,,,,,,,,,,,,,,,,,,,,,,,,,,,,,11 of 30,4 of 5,2 of 2,9 of 24,0 of 0,8 of 13,11 of 20,3 of 5,1 of 2,13 of 24,0 of 0,2 of 3,1 of 13,1 of 2,0 of 0,1 of 13,0 of 1,1 of 1,13 of 18,0 of 0,0 of 0,5 of 6,0 of 0,8 of 12,,,,,,,,,,,,,,,,,,,,,,,,
"August 23, 2015",Misha Cirkunov,Daniel Jolly,http://ufcstats.com/fight-details/22e5596f75d9d8e7,W,KO/TKO,1,4:45,0,24 of 29,62 of 76,3 of 4,0,0,2:55,0,6 of 14,10 of 21,0 of 0,0,0,0:29,20 of 25,4 of 4,0 of 0,6 of 11,1 of 1,17 of 17,1 of 5,4 of 4,1 of 5,5 of 13,1 of 1,0 of 0,,,,,,,,,,,,,,,,,,,,,,,,,,,,,,,,,,,,,,,,,,,,,,,,,,,,,,,,,,,,,,,,,,,,,,,,,,,,,,,,,,,,,,,,,,,,,,,,,,,,,,,,
"January 18, 2015",Tateki Matsuda,Joby Sanchez,http://ufcstats.com/fight-details/a4a78ec539238a5f,L,Decision - Split,3,5:00,0,19 of 43,20 of 44,0 of 0,0,0,0:04,1,15 of 55,19 of 59,0 of 0,1,0,0:44,11 of 33,4 of 5,4 of 5,13 of 36,6 of 7,0 of 0,13 of 51,1 of 2,1 of 2,10 of 49,0 of 0,5 of 6,0,23 of 64,24 of 65,0 of 0,0,0,0:00,0,17 of 78,17 of 79,1 of 1,0,0,0:22,0,13 of 60,18 of 68,0 of 1,0,0,0:00,0,26 of 78,31 of 84,1 of 1,0,0,1:20,,,,,,,,,,,,,,,,,,,,,,,,,,,,,20 of 57,2 of 6,1 of 1,22 of 60,1 of 4,0 of 0,13 of 74,4 of 4,0 of 0,13 of 72,3 of 5,1 of 1,13 of 57,0 of 3,0 of 0,13 of 58,0 of 2,0 of 0,24 of 75,2 of 3,0 of 0,19 of 64,2 of 4,5 of 10,,,,,,,,,,,,,,,,,,,,,,,,
"August 23, 2014",Wilson Reis,Joby Sanchez,http://ufcstats.com/fight-details/01be9ab42f1fd8e6,W,Decision - Unanimous,3,5:00,0,11 of 27,17 of 40,2 of 2,0,0,1:32,0,4 of 23,11 of 30,0 of 0,0,0,0:00,4 of 19,0 of 1,7 of 7,9 of 25,2 of 2,0 of 0,3 of 18,1 of 5,0 of 0,4 of 23,0 of 0,0 of 0,0,4 of 19,19 of 40,3 of 8,0,0,2:09,1,13 of 36,21 of 44,0 of 0,0,0,0:09,0,7 of 21,34 of 58,4 of 4,1,0,2:51,0,3 of 27,4 of 28,0 of 0,0,1,0:07,,,,,,,,,,,,,,,,,,,,,,,,,,,,,3 of 18,1 of 1,0 of 0,4 of 19,0 of 0,0 of 0,10 of 31,3 of 5,0 of 0,8 of 25,0 of 3,5 of 8,6 of 18,1 of 3,0 of 0,5 of 17,0 of 2,2 of 2,3 of 26,0 of 1,0 of 0,3 of 26,0 of 0,0 of 1,,,,,,,,,,,,,,,,,,,,,,,,
"July 06, 2014",Patrick Walsh,Daniel Spohn,http://ufcstats.com/fight-details/1117f90ee81e0bbf,W,Decision - Unanimous,3,5:00,0,5 of 11,41 of 47,1 of 1,2,0,4:11,0,6 of 11,9 of 14,0 of 0,1,0,0:00,5 of 11,0 of 0,0 of 0,1 of 4,0 of 0,4 of 7,3 of 8,0 of 0,3 of 3,6 of 11,0 of 0,0 of 0,0,2 of 4,27 of 30,2 of 4,1,0,3:05,0,4 of 13,17 of 27,0 of 1,0,0,1:01,0,4 of 9,42 of 50,2 of 2,0,0,3:47,0,14 of 27,26 of 39,0 of 0,1,0,0:03,,,,,,,,,,,,,,,,,,,,,,,,,,,,,2 of 4,0 of 0,0 of 0,1 of 3,1 of 1,0 of 0,4 of 12,0 of 0,0 of 1,3 of 10,1 of 3,0 of 0,4 of 9,0 of 0,0 of 0,2 of 5,0 of 0,2 of 4,13 of 26,1 of 1,0 of 0,8 of 19,5 of 7,1 of 1,,,,,,,,,,,,,,,,,,,,,,,,
"April 27, 2013",Steven Siler,Kurt Holobaugh,http://ufcstats.com/fight-details/6d6a1834e0d18f0c,W,Decision - Unanimous,3,5:00,0,15 of 34,54 of 83,1 of 1,1,0,3:16,0,9 of 25,37 of 56,0 of 0,0,0,0:45,7 of 24,7 of 9,1 of 1,4 of 12,7 of 15,4 of 7,2 of 16,3 of 5,4 of 4,4 of 19,5 of 6,0 of 0,0,10 of 27,20 of 38,0 of 3,0,0,0:38,0,13 of 33,44 of 66,1 of 1,2,0,3:14,0,25 of 48,54 of 80,0 of 0,1,0,2:53,0,19 of 34,52 of 74,0 of 1,0,0,1:00,,,,,,,,,,,,,,,,,,,,,,,,,,,,,10 of 27,0 of 0,0 of 0,7 of 19,3 of 7,0 of 1,8 of 27,4 of 4,1 of 2,3 of 19,0 of 1,10 of 13,19 of 41,6 of 7,0 of 0,11 of 21,5 of 10,9 of 17,3 of 15,11 of 11,5 of 8,8 of 22,11 of 12,0 of 0,,,,,,,,,,,,,,,,,,,,,,,,
"December 14, 2012",Brendan Loughnane,Mike Wilkinson,http://ufcstats.com/fight-details/f82c414666fe934c,L,Decision - Unanimous,3,5:00,0,20 of 29,26 of 36,0 of 0,0,0,0:00,0,14 of 40,44 of 77,1 of 3,0,0,2:00,4 of 11,2 of 2,14 of 16,19 of 28,1 of 1,0 of 0,8 of 29,0 of 0,6 of 11,11 of 36,1 of 2,2 of 2,0,30 of 48,38 of 57,0 of 0,0,0,0:01,0,21 of 65,28 of 72,0 of 5,0,0,1:05,1,25 of 42,32 of 49,0 of 2,0,0,1:53,0,19 of 54,47 of 91,0 of 4,0,0,0:46,,,,,,,,,,,,,,,,,,,,,,,,,,,,,16 of 34,5 of 5,9 of 9,28 of 44,2 of 4,0 of 0,9 of 48,4 of 5,8 of 12,18 of 59,3 of 6,0 of 0,16 of 32,4 of 5,5 of 5,20 of 37,5 of 5,0 of 0,12 of 47,5 of 5,2 of 2,16 of 50,3 of 4,0 of 0,,,,,,,,,,,,,,,,,,,,,,,,
"January 28, 2012",Chris Camozzi,Dustin Jacoby,http://ufcstats.com/fight-details/7a37fd92b26d15c8,W,Submission,3,1:08,0,22 of 58,22 of 58,0 of 1,0,0,0:00,0,16 of 63,16 of 63,0 of 0,0,0,0:00,10 of 42,3 of 7,9 of 9,20 of 53,2 of 5,0 of 0,8 of 49,5 of 9,3 of 5,15 of 61,1 of 2,0 of 0,0,18 of 56,18 of 56,0 of 0,0,0,0:00,0,10 of 49,11 of 50,0 of 0,0,0,0:00,0,4 of 14,4 of 14,0 of 0,2,0,0:06,0,4 of 14,4 of 14,0 of 0,0,0,0:00,,,,,,,,,,,,,,,,,,,,,,,,,,,,,12 of 49,0 of 0,6 of 7,18 of 56,0 of 0,0 of 0,7 of 42,1 of 4,2 of 3,10 of 49,0 of 0,0 of 0,2 of 12,1 of 1,1 of 1,4 of 13,0 of 0,0 of 1,1 of 9,1 of 3,2 of 2,4 of 14,0 of 0,0 of 0,,,,,,,,,,,,,,,,,,,,,,,,
"October 29, 2011",Dustin Jacoby,Clifford Starks,http://ufcstats.com/fight-details/1a28928b8d7b4c11,L,Decision - Unanimous,3,5:00,0,6 of 29,7 of 30,0 of 0,0,0,0:00,0,9 of 41,14 of 46,1 of 1,0,0,0:29,5 of 28,1 of 1,0 of 0,6 of 29,0 of 0,0 of 0,7 of 38,2 of 3,0 of 0,9 of 41,0 of 0,0 of 0,0,11 of 27,20 of 36,0 of 0,0,0,0:00,0,10 of 22,31 of 48,1 of 1,0,0,2:01,0,1 of 16,8 of 23,0 of 0,0,0,0:00,0,7 of 19,36 of 53,1 of 1,0,0,3:22,,,,,,,,,,,,,,,,,,,,,,,,,,,,,8 of 23,3 of 3,0 of 1,11 of 27,0 of 0,0 of 0,9 of 20,1 of 2,0 of 0,6 of 13,0 of 0,4 of 9,1 of 16,0 of 0,0 of 0,0 of 15,1 of 1,0 of 0,7 of 18,0 of 1,0 of 0,4 of 11,0 of 1,3 of 7,,,,,,,,,,,,,,,,,,,,,,,,
