season,event_name,event_date,fighter_a,fighter_b,winner,research_split,outcome_target_only,a_age,b_age,a_dob,b_dob,age_gap_abs,a_open_odds,a_close_odds,b_open_odds,b_close_odds,market_source,bfo_event_url,odds_recovery_source,a_height_in,a_reach_in,a_stance,a_height_source,a_reach_source,a_ufc_com_verified_profile,a_ufc_com_url,a_prior_fights,a_prior_wins,a_prior_losses,a_prior_draws,a_prior_win_pct,a_prior_ko_wins,a_prior_sub_wins,a_prior_decision_wins,a_prior_finish_rate,a_prior_first_round_finish_rate,a_prior_distinct_promotions,a_prior_avg_opponent_win_pct,a_prior_days_since_last_fight,a_regional_history_matched,a_history_source,a_prior_global_fights,a_prefight_global_elo,a_avg_opponent_pre_elo,a_median_opponent_pre_elo,a_max_opponent_pre_elo,a_strong_opponents_1550,a_elite_opponents_1600,a_wins_vs_1550,a_wins_vs_1600,a_quality_residual_sum,a_quality_residual_avg,a_last3_avg_opponent_elo,a_last5_avg_opponent_elo,a_days_since_last_global_fight,a_sos_matched,a_dwcs_prior_technical_fights,a_dwcs_prior_sig_landed,a_dwcs_prior_sig_attempted,a_dwcs_prior_sig_accuracy,a_dwcs_prior_sig_absorbed,a_dwcs_prior_sig_defense,a_dwcs_prior_sig_diff,a_dwcs_prior_td_landed,a_dwcs_prior_td_attempted,a_dwcs_prior_td_accuracy,a_dwcs_prior_td_allowed,a_dwcs_prior_td_defense,a_dwcs_prior_control_seconds,a_dwcs_prior_control_diff,a_dwcs_prior_knockdowns,a_dwcs_prior_sub_attempts,b_height_in,b_reach_in,b_stance,b_height_source,b_reach_source,b_ufc_com_verified_profile,b_ufc_com_url,b_prior_fights,b_prior_wins,b_prior_losses,b_prior_draws,b_prior_win_pct,b_prior_ko_wins,b_prior_sub_wins,b_prior_decision_wins,b_prior_finish_rate,b_prior_first_round_finish_rate,b_prior_distinct_promotions,b_prior_avg_opponent_win_pct,b_prior_days_since_last_fight,b_regional_history_matched,b_history_source,b_prior_global_fights,b_prefight_global_elo,b_avg_opponent_pre_elo,b_median_opponent_pre_elo,b_max_opponent_pre_elo,b_strong_opponents_1550,b_elite_opponents_1600,b_wins_vs_1550,b_wins_vs_1600,b_quality_residual_sum,b_quality_residual_avg,b_last3_avg_opponent_elo,b_last5_avg_opponent_elo,b_days_since_last_global_fight,b_sos_matched,b_dwcs_prior_technical_fights,b_dwcs_prior_sig_landed,b_dwcs_prior_sig_attempted,b_dwcs_prior_sig_accuracy,b_dwcs_prior_sig_absorbed,b_dwcs_prior_sig_defense,b_dwcs_prior_sig_diff,b_dwcs_prior_td_landed,b_dwcs_prior_td_attempted,b_dwcs_prior_td_accuracy,b_dwcs_prior_td_allowed,b_dwcs_prior_td_defense,b_dwcs_prior_control_seconds,b_dwcs_prior_control_diff,b_dwcs_prior_knockdowns,b_dwcs_prior_sub_attempts,age_gap_a_minus_b,height_gap_a_minus_b,reach_gap_a_minus_b,experience_gap_a_minus_b,win_pct_gap_a_minus_b,finish_rate_gap_a_minus_b,opp_quality_gap_a_minus_b,global_elo_gap_a_minus_b,sos_avg_elo_gap_a_minus_b,dwcs_sig_diff_gap_a_minus_b,dwcs_td_def_gap_a_minus_b,a_official_prior_ufcstats_fights,a_official_prior_minutes,a_official_sig_l_pm,a_official_sig_abs_pm,a_official_sig_diff_pm,a_official_sig_acc,a_official_sig_def,a_official_kd15,a_official_kd_abs15,a_official_td_l15,a_official_td_a15,a_official_td_acc,a_official_td_def,a_official_ctrl15,a_official_ctrl_diff15,a_official_sub15,b_official_prior_ufcstats_fights,b_official_prior_minutes,b_official_sig_l_pm,b_official_sig_abs_pm,b_official_sig_diff_pm,b_official_sig_acc,b_official_sig_def,b_official_kd15,b_official_kd_abs15,b_official_td_l15,b_official_td_a15,b_official_td_acc,b_official_td_def,b_official_ctrl15,b_official_ctrl_diff15,b_official_sub15
1,DWCS 1.1,2017-07-11,Boston Salmon,Ricky Turcios,Boston Salmon,discovery,True,26.63983517799818,24.099057475512843,1990-11-20,1993-06-05,2.540777702485336,160.0,-155.0,-210.0,150.0,BestFightOdds_historical,,,69.0,69.0,Southpaw,boutmetrics,boutmetrics,False,,1,0,1,0,0.0,0,0,0,,,1,0.5714285714285714,305.0,True,base_exact,1,1488.5010671833193,1514.5158210343975,1514.5158210343975,1514.5158210343975,0.0,0.0,0.0,0.0,-0.4791222006950314,-0.4791222006950314,1514.5158210343975,1514.5158210343975,305.0,True,0,0.0,0.0,,0.0,,0.0,0.0,0.0,,0.0,,0.0,0.0,0.0,0.0,69.0,71.0,Orthodox,boutmetrics,boutmetrics,True,https://www.ufc.com/athlete/ricky-turcios,9,9,0,0,1.0,3,0,6,0.3333333333333333,0.1111111111111111,4,0.4952380952380952,304.0,True,base_exact,9,1600.8058287454326,1522.3025757471758,1500.0,1606.7282536191997,2.0,1.0,2.0,1.0,4.200242864393017,0.4666936515992241,1538.3351766677167,1542.029616841745,304.0,True,0,0.0,0.0,,0.0,,0.0,0.0,0.0,,0.0,,0.0,0.0,0.0,0.0,2.540777702485336,0.0,-2.0,-8.0,-1.0,,0.0761904761904762,-112.3047615621133,-7.786754712778247,0.0,,,,,,,,,,,,,,,,,,,,,,,,,,,,,,,,,
1,DWCS 1.1,2017-07-11,Charles Byrd,Jamie Pickett,Charles Byrd,discovery,True,33.750179675147336,28.86575357467984,1983-10-11,1988-08-29,4.884426100467497,-210.0,-183.0,,,BestFightOdds_historical,,,70.0,73.0,Orthodox,boutmetrics,boutmetrics,True,https://www.ufc.com/athlete/charles-byrd,3,2,1,0,0.6666666666666666,0,1,1,0.5,0.5,3,0.7147435897435898,795.0,True,base_exact,3,1514.4883931348693,1536.2222914797524,1568.4943902034552,1575.5101173793244,2.0,0.0,1.0,0.0,0.6036830472862328,0.2012276824287442,1536.2222914797524,1536.2222914797524,795.0,True,0,0.0,0.0,,0.0,,0.0,0.0,0.0,,0.0,,0.0,0.0,0.0,0.0,74.0,80.0,Orthodox,boutmetrics,boutmetrics,True,https://www.ufc.com/athlete/jamie-pickett,0,0,0,0,,0,0,0,,,0,,,False,unmatched,0,,,,,,,,,,,,,,False,0,0.0,0.0,,0.0,,0.0,0.0,0.0,,0.0,,0.0,0.0,0.0,0.0,4.884426100467497,-4.0,-7.0,3.0,,,,,,0.0,,,,,,,,,,,,,,,,,,,,,,,,,,,,,,,,,
1,DWCS 1.1,2017-07-11,Greg Rebello,Azunna Anyanwu,Azunna Anyanwu,discovery,True,35.07806457353676,35.93229155971717,1982-06-13,1981-08-05,0.8542269861804144,-190.0,-200.0,150.0,180.0,BestFightOdds_historical,,,72.0,73.0,Southpaw,boutmetrics,boutmetrics,True,https://www.ufc.com/athlete/greg-rebello,11,9,2,0,0.8181818181818182,5,0,4,0.5555555555555556,0.2222222222222222,4,0.564060389996219,487.0,True,base_exact,11,1576.4016583740972,1507.7146613343311,1514.1742506971823,1583.2750942715602,5.0,0.0,3.0,0.0,3.1834024322540504,0.2894002211140046,1548.1476756563004,1496.067731390126,487.0,True,0,0.0,0.0,,0.0,,0.0,0.0,0.0,,0.0,,0.0,0.0,0.0,0.0,73.0,,Orthodox,boutmetrics,,False,,18,14,4,0,0.7777777777777778,8,2,4,0.7142857142857143,0.2857142857142857,6,0.4195086964317734,143.0,True,base_exact,18,1590.010506013708,1495.5963261786935,1499.7607284154874,1534.1294537070723,0.0,0.0,0.0,0.0,3.750437750571176,0.2083576528095098,1504.0633001980952,1506.9282688920357,143.0,True,0,0.0,0.0,,0.0,,0.0,0.0,0.0,,0.0,,0.0,0.0,0.0,0.0,-0.8542269861804144,-1.0,,-7.0,0.04040404040404044,-0.15873015873015872,0.14455169356444558,-13.608847639610758,12.118335155637624,0.0,,,,,,,,,,,,,,,,,,,,,,,,,,,,,,,,,
1,DWCS 1.1,2017-07-11,Manny Vazquez,Joby Sanchez,Joby Sanchez,discovery,True,23.641827005345764,26.04844726448866,1993-11-19,1991-06-24,2.4066202591428976,-110.0,120.0,-130.0,-120.0,BestFightOdds_historical,,,70.0,72.0,Orthodox,boutmetrics,boutmetrics,True,https://www.ufc.com/athlete/manny-vazquez,14,12,2,0,0.8571428571428571,1,6,5,0.5833333333333334,0.3333333333333333,7,0.5661383252487987,102.0,True,base_exact,14,1602.5736427785384,1518.4395096892445,1506.008199830012,1584.189448111512,4.0,0.0,4.0,0.0,4.273901782439098,0.3052786987456498,1546.6487818503876,1547.103931520856,102.0,True,0,0.0,0.0,,0.0,,0.0,0.0,0.0,,0.0,,0.0,0.0,0.0,0.0,66.0,68.0,Orthodox,boutmetrics,boutmetrics,False,,11,9,2,0,0.8181818181818182,3,4,2,0.7777777777777778,0.2222222222222222,8,0.4818627450980392,136.0,True,base_exact,11,1572.9917428762797,1513.349817684645,1500.7584113055154,1596.341894476287,1.0,0.0,0.0,0.0,3.041322619844977,0.2764838745313616,1519.2897072984404,1536.5025317489442,136.0,True,0,0.0,0.0,,0.0,,0.0,0.0,0.0,,0.0,,0.0,0.0,0.0,0.0,-2.4066202591428976,4.0,4.0,3.0,0.03896103896103886,-0.19444444444444442,0.08427558015075948,29.581899902258783,5.089692004599556,0.0,,,,,,,,,,,,,,,,,,3.0,39.46666666666667,3.3699324324324325,2.9645270270270268,0.4054054054054054,0.29490022172949,0.6676136363636364,0.7601351351351351,0.3800675675675675,0.7601351351351351,1.1402027027027026,0.6666666666666666,0.375,1.032516891891892,-1.545608108108108,0.3800675675675675
1,DWCS 1.1,2017-07-11,Matt Bessette,Kurt Holobaugh,,discovery,True,32.53454896404443,30.83978452671855,1984-12-28,1986-09-08,1.6947644373258832,180.0,415.0,-260.0,-410.0,BestFightOdds_historical,,,70.0,70.0,Orthodox,boutmetrics,boutmetrics,False,,38,29,9,0,0.7631578947368421,10,9,10,0.6551724137931034,0.2068965517241379,6,0.5588151591997745,60.0,True,base_exact,38,1673.8857110420631,1529.0859181995172,1500.3215194969844,1618.952440815723,12.0,5.0,8.0,2.0,7.245237960085976,0.1906641568443678,1555.0091837225643,1543.5338966934255,60.0,True,0,0.0,0.0,,0.0,,0.0,0.0,0.0,,0.0,,0.0,0.0,0.0,0.0,71.0,70.0,Orthodox,boutmetrics,boutmetrics,True,https://www.ufc.com/athlete/kurt-holobaugh,4,3,1,0,0.75,1,0,2,0.3333333333333333,0.3333333333333333,3,0.817094861660079,486.0,True,base_exact,4,1535.876840319464,1610.1142021014407,1604.9082154095308,1697.049738239093,3.0,2.0,2.0,1.0,1.494868346644333,0.3737170866610833,1635.622056352718,1610.1142021014407,486.0,True,0,0.0,0.0,,0.0,,0.0,0.0,0.0,,0.0,,0.0,0.0,0.0,0.0,1.6947644373258832,-1.0,0.0,34.0,0.013157894736842146,0.3218390804597701,-0.2582797024603045,138.0088707225991,-81.02828390192349,0.0,,,,,,,,,,,,,,,,,,1.0,15.0,2.7333333333333334,3.333333333333333,-0.6,0.4456521739130434,0.5412844036697247,0.0,0.0,1.0,2.0,0.5,0.75,4.983333333333333,-1.7999999999999998,2.0
1,DWCS 1.2,2017-07-18,CJ Hamilton,Casey Kenney,Casey Kenney,discovery,True,30.7795505725648,26.33045168620848,1986-10-07,1991-03-20,4.449098886356321,,,-165.0,-300.0,BestFightOdds_historical,,,67.0,68.0,Switch,boutmetrics,boutmetrics,True,https://www.ufc.com/athlete/cj-hamilton,16,12,4,0,0.75,4,1,7,0.4166666666666667,0.1666666666666666,8,0.4728937728937729,102.0,True,recovered_event_opponent_alias,16,1583.5679594262087,1505.4743509206935,1500.0,1557.412977193267,1.0,0.0,1.0,0.0,3.4819983094253737,0.2176248943390858,1522.4148543928532,1517.4221089980788,102.0,True,0,0.0,0.0,,0.0,,0.0,0.0,0.0,,0.0,,0.0,0.0,0.0,0.0,67.0,68.0,Southpaw,boutmetrics,boutmetrics,True,https://www.ufc.com/athlete/casey-kenney,8,6,1,1,0.8571428571428571,1,4,1,0.8333333333333334,0.5,4,0.5273297491039427,74.0,True,base_exact,8,1569.2264314187908,1528.458102221127,1511.4035585783377,1582.2539978246627,3.0,0.0,1.0,0.0,2.884434642449608,0.360554330306201,1575.031166341446,1545.0186998048678,74.0,True,0,0.0,0.0,,0.0,,0.0,0.0,0.0,,0.0,,0.0,0.0,0.0,0.0,4.449098886356321,0.0,0.0,8.0,-0.1071428571428571,-0.4166666666666667,-0.05443597621016982,14.341528007417992,-22.983751300433596,0.0,,,,,,,,,,,,,,,,,,,,,,,,,,,,,,,,,
1,DWCS 1.2,2017-07-18,Daniel Spohn,Angel De Anda,Daniel Spohn,discovery,True,32.76453315263147,32.14029035503809,1984-10-12,1985-05-28,0.6242427975933822,-165.0,-420.0,,,BestFightOdds_historical,,,76.0,79.0,Southpaw,boutmetrics,boutmetrics,False,,0,0,0,0,,0,0,0,,,0,,,False,unmatched,0,,,,,,,,,,,,,,False,0,0.0,0.0,,0.0,,0.0,0.0,0.0,,0.0,,0.0,0.0,0.0,0.0,69.0,,Orthodox,boutmetrics,,True,https://www.ufc.com/athlete/angel-de-anda,6,4,2,0,0.6666666666666666,2,0,2,0.5,0.25,4,0.7403482990439513,325.0,True,recovered_event_opponent_alias,6,1536.59419922581,1572.7764395692163,1566.5409888050394,1616.9107406691403,5.0,1.0,3.0,0.0,1.524758301075413,0.2541263835125688,1583.330906093073,1578.216661966494,325.0,True,0,0.0,0.0,,0.0,,0.0,0.0,0.0,,0.0,,0.0,0.0,0.0,0.0,0.6242427975933822,7.0,,-6.0,,,,,,0.0,,1.0,15.0,1.6,0.7333333333333333,0.8666666666666667,0.4705882352941176,0.5416666666666667,0.0,0.0,0.0,1.0,0.0,0.2857142857142857,1.0666666666666669,-10.0,2.0,,,,,,,,,,,,,,,,
1,DWCS 1.2,2017-07-18,Sean O'Malley,Alfred Khashakyan,Sean O'Malley,discovery,True,22.732841879025575,29.00264892502926,1994-10-24,1988-07-17,6.2698070460036845,-230.0,-220.0,170.0,205.0,BestFightOdds_historical,,,71.0,72.0,Switch,boutmetrics,boutmetrics,False,,8,8,0,0,1.0,6,1,1,0.875,0.75,4,0.6749999999999999,74.0,True,base_exact,8,1591.3715874164293,1523.1103329476225,1510.7288650150017,1583.194423760653,2.0,0.0,2.0,0.0,3.807149475684556,0.4758936844605694,1551.278125596332,1538.9802967926444,74.0,True,0,0.0,0.0,,0.0,,0.0,0.0,0.0,,0.0,,0.0,0.0,0.0,0.0,68.0,70.0,Orthodox,boutmetrics,boutmetrics,True,https://www.ufc.com/athlete/alfred-khashakyan,4,2,2,0,0.5,2,0,0,1.0,1.0,3,0.717857142857143,347.0,True,base_exact,4,1505.135794664051,1539.2152395789517,1543.4772408051017,1567.136166197928,2.0,0.0,0.0,0.0,0.213991444335465,0.0534978610838662,1535.2808132961006,1539.2152395789517,347.0,True,0,0.0,0.0,,0.0,,0.0,0.0,0.0,,0.0,,0.0,0.0,0.0,0.0,-6.2698070460036845,3.0,2.0,4.0,0.5,-0.125,-0.04285714285714304,86.2357927523783,-16.104906631329186,0.0,,,,,,,,,,,,,,,,,,,,,,,,,,,,,,,,,
1,DWCS 1.2,2017-07-18,Sidney Outlaw,Michael Cora,Sidney Outlaw,discovery,True,25.268143767496937,27.89927240121289,1992-04-11,1989-08-24,2.631128633715953,-180.0,-165.0,140.0,150.0,BestFightOdds_historical,,,68.0,74.0,Orthodox,boutmetrics,boutmetrics,True,https://www.ufc.com/athlete/sidney-outlaw,2,1,1,0,0.5,0,1,0,1.0,0.0,2,0.7307692307692308,276.0,True,base_exact,2,1500.3736611107413,1499.6048215485885,1499.6048215485885,1511.213159148643,0.0,0.0,0.0,0.0,0.0155692129475607,0.0077846064737803,1499.6048215485885,1499.6048215485885,276.0,True,0,0.0,0.0,,0.0,,0.0,0.0,0.0,,0.0,,0.0,0.0,0.0,0.0,73.0,77.0,Southpaw,boutmetrics,boutmetrics,True,https://www.ufc.com/athlete/michael-cora,1,1,0,0,1.0,1,0,0,1.0,1.0,1,1.0,60.0,True,base_exact,1,1512.3907780304526,1511.3181848099673,1511.3181848099673,1511.3181848099673,0.0,0.0,0.0,0.0,0.5162824179355259,0.5162824179355259,1511.3181848099673,1511.3181848099673,60.0,True,0,0.0,0.0,,0.0,,0.0,0.0,0.0,,0.0,,0.0,0.0,0.0,0.0,-2.631128633715953,-5.0,-3.0,1.0,-0.5,0.0,-0.26923076923076916,-12.01711691971127,-11.713363261378845,0.0,,,,,,,,,,,,,,,,,,,,,,,,,,,,,,,,,
1,DWCS 1.2,2017-07-18,Thanh Le,Lazar Stojadinovic,Thanh Le,discovery,True,31.888402910395147,28.323647987296116,1985-08-28,1989-03-22,3.5647549230990307,110.0,-130.0,-150.0,110.0,BestFightOdds_historical,,,69.0,74.0,Orthodox,boutmetrics,boutmetrics,False,,2,2,0,0,1.0,2,0,0,1.0,1.0,1,0.7333333333333333,158.0,True,base_exact,2,1527.8889528868317,1564.110900856475,1564.110900856475,1571.3256338289252,2.0,0.0,2.0,0.0,1.162039703617992,0.5810198518089961,1564.110900856475,1564.110900856475,158.0,True,0,0.0,0.0,,0.0,,0.0,0.0,0.0,,0.0,,0.0,0.0,0.0,0.0,67.0,68.0,Southpaw,boutmetrics,boutmetrics,False,,18,13,5,0,0.7222222222222222,3,5,5,0.6153846153846154,0.3846153846153846,12,0.4751891224717312,179.0,True,base_exact,18,1592.4930335202364,1514.239993689947,1500.0,1591.8764828580374,3.0,0.0,3.0,0.0,3.853876396676527,0.214104244259807,1554.59382626126,1527.959157642462,179.0,True,0,0.0,0.0,,0.0,,0.0,0.0,0.0,,0.0,,0.0,0.0,0.0,0.0,3.5647549230990307,2.0,6.0,-16.0,0.2777777777777778,0.3846153846153846,0.2581442108616021,-64.60408063340469,49.87090716652801,0.0,,,,,,,,,,,,,,,,,,,,,,,,,,,,,,,,,
1,DWCS 1.3,2017-07-25,Dan Ige,Luis Gomez,Dan Ige,discovery,True,25.969047961285995,22.4891681554036,1991-08-06,1995-01-28,3.479879805882394,-185.0,125.0,145.0,-130.0,BestFightOdds_historical,,,67.0,71.0,Orthodox,boutmetrics,boutmetrics,True,https://www.ufc.com/athlete/dan-ige,4,3,1,0,0.75,0,1,2,0.3333333333333333,0.0,4,0.6799242424242424,67.0,True,base_exact,4,1528.4470849918066,1538.9932067524082,1551.5910442888844,1573.9284901820613,2.0,0.0,2.0,0.0,1.185295207991946,0.2963238019979864,1559.03685958661,1538.9932067524082,67.0,True,0,0.0,0.0,,0.0,,0.0,0.0,0.0,,0.0,,0.0,0.0,0.0,0.0,67.0,68.0,Orthodox,boutmetrics,boutmetrics,False,,6,4,2,0,0.6666666666666666,2,1,1,0.75,0.5,5,0.3259259259259259,109.0,True,base_exact,6,1522.6867529068877,1491.522662828522,1500.0,1530.1559721446524,0.0,0.0,0.0,0.0,0.945281371120312,0.1575468951867187,1496.9129726795218,1483.7960009652957,109.0,True,0,0.0,0.0,,0.0,,0.0,0.0,0.0,,0.0,,0.0,0.0,0.0,0.0,3.479879805882394,0.0,3.0,-2.0,0.08333333333333337,-0.4166666666666667,0.35399831649831653,5.7603320849189,47.470543923886225,0.0,,,,,,,,,,,,,,,,,,,,,,,,,,,,,,,,,
1,DWCS 1.3,2017-07-25,Daniel Jolly,Alonzo Menifield,Alonzo Menifield,discovery,True,32.89047687495294,29.76926288698604,1984-09-03,1987-10-18,3.1212139879668968,260.0,330.0,-380.0,-380.0,BestFightOdds_historical,,,73.0,75.0,Orthodox,boutmetrics,boutmetrics,True,https://www.ufc.com/athlete/daniel-jolly,2,2,0,0,1.0,0,1,1,0.5,0.5,2,0.1875,1635.0,True,base_exact,2,1520.5671346435824,1454.8778050478809,1454.8778050478809,1500.0,0.0,0.0,0.0,0.0,0.856963943482603,0.4284819717413015,1454.8778050478809,1454.8778050478809,1635.0,True,0,0.0,0.0,,0.0,,0.0,0.0,0.0,,0.0,,0.0,0.0,0.0,0.0,72.0,76.0,Orthodox,boutmetrics,boutmetrics,True,https://www.ufc.com/athlete/alonzo-menifield,5,5,0,0,1.0,3,2,0,1.0,0.8,3,,53.0,True,base_exact,5,1555.272059571638,1495.4366701514468,1500.0,1500.0,0.0,0.0,0.0,0.0,2.303002482151594,0.4606004964303188,1496.3944502524116,1495.4366701514468,53.0,True,0,0.0,0.0,,0.0,,0.0,0.0,0.0,,0.0,,0.0,0.0,0.0,0.0,3.1212139879668968,1.0,-1.0,-3.0,0.0,-0.5,,-34.70492492805556,-40.55886510356595,0.0,,2.0,5.616666666666667,1.0682492581602372,4.807121661721068,-3.738872403560831,0.3529411764705882,0.15625,0.0,2.6706231454005933,0.0,5.341246290801187,0.0,0.25,1.6468842729970326,-6.186943620178041,0.0,,,,,,,,,,,,,,,,
1,DWCS 1.3,2017-07-25,Geoff Neal,Chase Waldon,Geoff Neal,discovery,True,26.908150064683053,30.847998247739515,1990-08-28,1986-09-19,3.939848183056462,,,-140.0,110.0,BestFightOdds_historical,,,71.0,75.0,Southpaw,boutmetrics,boutmetrics,True,https://www.ufc.com/athlete/geoff-neal,10,8,2,0,0.8,5,1,2,0.75,0.5,6,0.8198051948051949,11.0,True,base_exact,10,1567.6595645020118,1518.3864764350142,1517.9859461941414,1551.538836948173,1.0,0.0,1.0,0.0,2.819148520917162,0.2819148520917162,1530.2722628138226,1529.5785743923725,11.0,True,0,0.0,0.0,,0.0,,0.0,0.0,0.0,,0.0,,0.0,0.0,0.0,0.0,73.0,75.0,Orthodox,boutmetrics,boutmetrics,True,https://www.ufc.com/athlete/chase-waldon,14,12,2,0,0.8571428571428571,3,5,4,0.6666666666666666,0.3333333333333333,8,0.5610119047619048,67.0,True,base_exact,14,1603.3221109042177,1513.5987690393947,1500.0,1565.8527462859824,2.0,0.0,2.0,0.0,4.305087954342396,0.3075062824530282,1542.3818175411334,1540.8531477402014,67.0,True,0,0.0,0.0,,0.0,,0.0,0.0,0.0,,0.0,,0.0,0.0,0.0,0.0,-3.939848183056462,-2.0,0.0,-4.0,-0.05714285714285705,0.08333333333333337,0.2587932900432901,-35.66254640220586,4.787707395619464,0.0,,,,,,,,,,,,,,,,,,,,,,,,,,,,,,,,,
1,DWCS 1.3,2017-07-25,Kyle Stewart,Jason Jackson,Kyle Stewart,discovery,True,28.47970868669445,26.735661923242777,1989-01-31,1990-10-30,1.7440467634516743,160.0,190.0,-210.0,-220.0,BestFightOdds_historical,,,72.0,76.0,Orthodox,boutmetrics,boutmetrics,False,,8,8,0,0,1.0,3,3,2,0.75,0.75,4,0.5892857142857143,81.0,True,base_exact,8,1588.7133950076236,1513.7741228002333,1518.34348593528,1538.922196555283,0.0,0.0,0.0,0.0,3.696391458650989,0.4620489323313737,1520.5936334133614,1519.693574422129,81.0,True,0,0.0,0.0,,0.0,,0.0,0.0,0.0,,0.0,,0.0,0.0,0.0,0.0,73.0,78.0,Orthodox,boutmetrics,boutmetrics,False,,2,2,0,0,1.0,0,0,2,0.0,0.0,2,0.6933333333333334,319.0,True,base_exact,2,1527.3847133492454,1556.1190172477573,1556.1190172477573,1600.1491035740355,1.0,1.0,1.0,1.0,1.1410297228852264,0.5705148614426132,1556.1190172477573,1556.1190172477573,319.0,True,0,0.0,0.0,,0.0,,0.0,0.0,0.0,,0.0,,0.0,0.0,0.0,0.0,1.7440467634516743,-1.0,-2.0,6.0,0.0,0.75,-0.10404761904761906,61.32868165837817,-42.344894447523984,0.0,,,,,,,,,,,,,,,,,,,,,,,,,,,,,,,,,
1,DWCS 1.3,2017-07-25,Ryan Spann,Karl Roberson,Karl Roberson,discovery,True,25.9197656351602,26.80684750542448,1991-08-24,1990-10-04,0.8870818702642786,-120.0,-140.0,-120.0,140.0,BestFightOdds_historical,,,77.0,79.0,Orthodox,boutmetrics,boutmetrics,False,,15,10,5,0,0.6666666666666666,1,8,1,0.9,0.8,7,0.5398860398860399,73.0,True,base_exact,15,1541.5577746024585,1508.507212771102,1500.0,1567.697168971742,2.0,0.0,1.0,0.0,1.731573941769094,0.1154382627846062,1512.699753874714,1507.2671017822183,73.0,True,0,0.0,0.0,,0.0,,0.0,0.0,0.0,,0.0,,0.0,0.0,0.0,0.0,73.0,74.0,Southpaw,boutmetrics,boutmetrics,True,https://www.ufc.com/athlete/karl-roberson,1,1,0,0,1.0,0,1,0,1.0,1.0,1,0.7142857142857143,738.0,True,base_exact,1,1513.144453504754,1533.2363370943742,1533.2363370943742,1533.2363370943742,0.0,0.0,0.0,0.0,0.5476855626980869,0.5476855626980869,1533.2363370943742,1533.2363370943742,738.0,True,0,0.0,0.0,,0.0,,0.0,0.0,0.0,,0.0,,0.0,0.0,0.0,0.0,-0.8870818702642786,4.0,5.0,14.0,-0.33333333333333337,-0.09999999999999998,-0.1743996743996744,28.41332109770451,-24.729124323272117,0.0,,,,,,,,,,,,,,,,,,,,,,,,,,,,,,,,,
1,DWCS 1.4,2017-08-01,Austin Arnett,Brandon Davis,Brandon Davis,discovery,True,25.7773944707968,27.23396099851469,1991-10-22,1990-05-08,1.4565665277178894,-145.0,-185.0,105.0,170.0,BestFightOdds_historical,,,72.0,72.0,Orthodox,boutmetrics,boutmetrics,True,https://www.ufc.com/athlete/austin-arnett,0,0,0,0,,0,0,0,,,0,,,False,unmatched,0,,,,,,,,,,,,,,False,0,0.0,0.0,,0.0,,0.0,0.0,0.0,,0.0,,0.0,0.0,0.0,0.0,70.0,72.0,Orthodox,boutmetrics,boutmetrics,True,https://www.ufc.com/athlete/brandon-davis,0,0,0,0,,0,0,0,,,0,,,False,unmatched,0,,,,,,,,,,,,,,False,0,0.0,0.0,,0.0,,0.0,0.0,0.0,,0.0,,0.0,0.0,0.0,0.0,-1.4565665277178894,2.0,0.0,0.0,,,,,,0.0,,,,,,,,,,,,,,,,,,,,,,,,,,,,,,,,,
1,DWCS 1.4,2017-08-01,James Gray,Kyler Phillips,Kyler Phillips,discovery,True,29.76926288698604,22.138716058509072,1987-10-25,1995-06-12,7.6305468284769695,-110.0,250.0,-130.0,-265.0,BestFightOdds_historical,,,69.0,,Orthodox,boutmetrics,,False,,3,1,2,0,0.3333333333333333,0,1,0,1.0,1.0,2,0.712121212121212,759.0,True,base_exact,3,1492.6283759673358,1542.279499159133,1547.2291298393343,1551.7320270504824,1.0,0.0,0.0,0.0,-0.3071510013610156,-0.1023836671203385,1542.279499159133,1542.279499159133,759.0,True,0,0.0,0.0,,0.0,,0.0,0.0,0.0,,0.0,,0.0,0.0,0.0,0.0,68.0,72.0,Orthodox,boutmetrics,boutmetrics,True,https://www.ufc.com/athlete/kyler-phillips,4,4,0,0,1.0,2,0,2,0.5,0.5,2,0.6666666666666666,60.0,True,base_exact,4,1546.7507602453468,1509.0111810013002,1506.6066927890172,1522.8313384271655,0.0,0.0,0.0,0.0,1.94794834355612,0.48698708588903,1512.0149080017334,1509.0111810013002,60.0,True,0,0.0,0.0,,0.0,,0.0,0.0,0.0,,0.0,,0.0,0.0,0.0,0.0,7.6305468284769695,1.0,,-1.0,-0.6666666666666667,0.5,0.045454545454545414,-54.12238427801094,33.26831815783271,0.0,,,,,,,,,,,,,,,,,,,,,,,,,,,,,,,,,
1,DWCS 1.4,2017-08-01,John Castaneda,Cheyden Leialoha,John Castaneda,discovery,True,25.62133377139845,23.381725839681856,1991-12-18,1994-03-15,2.239607931716595,-185.0,-140.0,145.0,125.0,BestFightOdds_historical,,,66.0,71.0,Switch,boutmetrics,boutmetrics,False,,15,13,2,0,0.8666666666666667,6,4,3,0.7692307692307693,0.3846153846153846,4,0.3892857142857143,88.0,True,base_exact,15,1609.0744392935037,1501.0875624590365,1500.0,1555.027808382979,2.0,0.0,2.0,0.0,4.54476830389596,0.302984553593064,1529.4499467022758,1520.8954332418448,88.0,True,0,0.0,0.0,,0.0,,0.0,0.0,0.0,,0.0,,0.0,0.0,0.0,0.0,68.0,73.0,Orthodox,boutmetrics,boutmetrics,True,https://www.ufc.com/athlete/cheyden-leialoha,6,6,0,0,1.0,1,3,2,0.6666666666666666,0.6666666666666666,5,0.5555555555555555,83.0,True,base_exact,6,1565.124486490868,1494.7428499326552,1500.0,1512.2770223078794,0.0,0.0,0.0,0.0,2.71352027045283,0.452253378408805,1485.393359096017,1493.6914199191865,83.0,True,0,0.0,0.0,,0.0,,0.0,0.0,0.0,,0.0,,0.0,0.0,0.0,0.0,2.239607931716595,-2.0,-2.0,9.0,-0.1333333333333333,0.10256410256410264,-0.16626984126984118,43.94995280263561,6.344712526381272,0.0,,,,,,,,,,,,,,,,,,,,,,,,,,,,,,,,,
1,DWCS 1.4,2017-08-01,Phil Hawes,Julian Marquez,Julian Marquez,discovery,True,28.56184589690411,27.23396099851469,1989-01-08,1990-05-08,1.3278848983894207,-155.0,-210.0,115.0,220.0,BestFightOdds_historical,,,72.0,77.0,Orthodox,boutmetrics,boutmetrics,True,https://www.ufc.com/athlete/phillip-hawes,1,0,1,0,0.0,0,0,0,,,1,0.8333333333333334,367.0,True,base_exact,1,1491.9806287312588,1619.7814166625735,1619.7814166625735,1619.7814166625735,1.0,1.0,0.0,0.0,-0.3341404695308843,-0.3341404695308843,1619.7814166625735,1619.7814166625735,367.0,True,0,0.0,0.0,,0.0,,0.0,0.0,0.0,,0.0,,0.0,0.0,0.0,0.0,74.0,72.0,Orthodox,boutmetrics,boutmetrics,True,https://www.ufc.com/athlete/julian-marquez,8,6,2,0,0.75,5,1,0,1.0,0.8333333333333334,5,0.6547619047619049,74.0,True,base_exact,8,1543.928496946521,1498.96302021256,1500.3479049458515,1525.8037357231756,0.0,0.0,0.0,0.0,1.8303540394383533,0.2287942549297941,1501.6702322302974,1497.666651107479,74.0,True,0,0.0,0.0,,0.0,,0.0,0.0,0.0,,0.0,,0.0,0.0,0.0,0.0,1.3278848983894207,-2.0,5.0,-7.0,-0.75,,0.1785714285714285,-51.94786821526213,120.81839645001355,0.0,,,,,,,,,,,,,,,,,,,,,,,,,,,,,,,,,
1,DWCS 1.4,2017-08-01,Ronaldo Candido,Carlos Candelario,Carlos Candelario,discovery,True,28.27162775416333,26.16070145177519,1989-04-24,1991-06-04,2.1109263023881404,-130.0,-200.0,-110.0,185.0,BestFightOdds_historical,,,66.0,,Southpaw,boutmetrics,,True,https://www.ufc.com/athlete/ronaldo-candido,6,6,0,0,1.0,0,6,0,1.0,0.6666666666666666,2,0.282051282051282,674.0,True,recovered_event_opponent_alias,6,1568.3533141612925,1510.648110617779,1500.0,1598.1031607571651,1.0,0.0,1.0,0.0,2.8480547567205194,0.4746757927867532,1521.296221235557,1512.777732741334,674.0,True,0,0.0,0.0,,0.0,,0.0,0.0,0.0,,0.0,,0.0,0.0,0.0,0.0,68.0,68.0,Southpaw,boutmetrics,boutmetrics,True,https://www.ufc.com/athlete/carlos-candelario,0,0,0,0,,0,0,0,,,0,,,False,unmatched,0,,,,,,,,,,,,,,False,0,0.0,0.0,,0.0,,0.0,0.0,0.0,,0.0,,0.0,0.0,0.0,0.0,2.1109263023881404,-2.0,,6.0,,,,,,0.0,,,,,,,,,,,,,,,,,,,,,,,,,,,,,,,,,
1,DWCS 1.6,2017-08-15,Charles Byrd,Randall Wallace,Charles Byrd,discovery,True,33.84600642039193,28.457805430638548,1983-10-11,1989-03-01,5.388200989753383,-210.0,-183.0,160.0,170.0,BestFightOdds_historical,,,70.0,73.0,Orthodox,boutmetrics,boutmetrics,True,https://www.ufc.com/athlete/charles-byrd,3,2,1,0,0.6666666666666666,0,1,1,0.5,0.5,3,0.7147435897435898,830.0,True,base_exact,3,1514.4883931348693,1536.2222914797524,1568.4943902034552,1575.5101173793244,2.0,0.0,1.0,0.0,0.6036830472862328,0.2012276824287442,1536.2222914797524,1536.2222914797524,830.0,True,1,13.0,24.0,0.5416666666666666,5.0,0.5833333333333333,8.0,1.0,1.0,1.0,2.0,0.6,0.0,0.0,0.0,1.0,71.0,73.0,Orthodox,boutmetrics,boutmetrics,False,,3,2,1,0,0.6666666666666666,2,0,0,1.0,0.5,3,0.5398467432950191,89.0,True,base_exact,3,1513.2778040364808,1516.6728431401273,1509.9574899957647,1540.3462704601593,0.0,0.0,0.0,0.0,0.5532418348533676,0.1844139449511225,1516.6728431401273,1516.6728431401273,89.0,True,0,0.0,0.0,,0.0,,0.0,0.0,0.0,,0.0,,0.0,0.0,0.0,0.0,5.388200989753383,-1.0,0.0,0.0,0.0,-0.5,0.17489684644857062,1.210589098388482,19.549448339625087,8.0,,,,,,,,,,,,,,,,,,,,,,,,,,,,,,,,,
1,DWCS 1.6,2017-08-15,Grant Dawson,Adrian Diaz,Grant Dawson,discovery,True,23.48302839894043,29.303818695798,1994-02-20,1988-04-26,5.82079029685757,125.0,-150.0,-165.0,135.0,BestFightOdds_historical,,,70.0,72.0,Switch,boutmetrics,boutmetrics,False,,1,1,0,0,1.0,1,0,0,1.0,0.0,1,0.75,564.0,True,base_exact,1,1512.8009329814902,1523.2239121051375,1523.2239121051375,1523.2239121051375,0.0,0.0,0.0,0.0,0.5333722075620945,0.5333722075620945,1523.2239121051375,1523.2239121051375,564.0,True,0,0.0,0.0,,0.0,,0.0,0.0,0.0,,0.0,,0.0,0.0,0.0,0.0,70.0,,Southpaw,boutmetrics,,True,https://www.ufc.com/athlete/adrian-diaz,16,11,4,1,0.7333333333333333,4,5,2,0.8181818181818182,0.4545454545454545,9,0.4635930735930736,89.0,True,base_exact,16,1579.3727752337536,1521.882604287317,1506.5620727526466,1602.9514254186956,3.0,1.0,2.0,1.0,3.307198968073073,0.206699935504567,1533.7010355925493,1557.0175652531698,89.0,True,0,0.0,0.0,,0.0,,0.0,0.0,0.0,,0.0,,0.0,0.0,0.0,0.0,-5.82079029685757,0.0,,-15.0,0.2666666666666667,0.18181818181818177,0.2864069264069264,-66.57184225226342,1.341307817820507,0.0,,,,,,,,,,,,,,,,,,,,,,,,,,,,,,,,,
1,DWCS 1.6,2017-08-15,Karl Reed,Cameron Olson,Cameron Olson,discovery,True,28.80004380651211,27.729522166779606,1988-10-27,1989-11-22,1.0705216397325046,200.0,150.0,,,BestFightOdds_historical,,,75.0,78.0,Orthodox,boutmetrics,boutmetrics,True,https://www.ufc.com/athlete/karl-reed,0,0,0,0,,0,0,0,,,0,,,False,unmatched,0,,,,,,,,,,,,,,False,0,0.0,0.0,,0.0,,0.0,0.0,0.0,,0.0,,0.0,0.0,0.0,0.0,73.0,75.0,Orthodox,boutmetrics,boutmetrics,False,,3,1,2,0,0.3333333333333333,0,1,0,1.0,0.0,2,0.7777777777777777,88.0,True,base_exact,3,1489.8098080237503,1521.8601051642663,1521.3520972062831,1533.0424950785678,0.0,0.0,0.0,0.0,-0.4245913323437407,-0.1415304441145802,1521.8601051642663,1521.8601051642663,88.0,True,0,0.0,0.0,,0.0,,0.0,0.0,0.0,,0.0,,0.0,0.0,0.0,0.0,1.0705216397325046,2.0,3.0,-3.0,,,,,,0.0,,,,,,,,,,,,,,,,,,,,,,,,,,,,,,,,,
1,DWCS 1.6,2017-08-15,Martin Day,Jaime Alvarez,Jaime Alvarez,discovery,True,28.761713108414277,29.437976139140435,1988-11-10,1988-03-08,0.6762630307261581,115.0,150.0,,,BestFightOdds_historical,,,70.0,73.0,Orthodox,boutmetrics,boutmetrics,True,https://www.ufc.com/athlete/martin-day,1,0,1,0,0.0,0,0,0,,,1,1.0,150.0,True,base_exact,1,1488.7868557021077,1522.814541313889,1522.814541313889,1522.814541313889,0.0,0.0,0.0,0.0,-0.4672143457455118,-0.4672143457455118,1522.814541313889,1522.814541313889,150.0,True,0,0.0,0.0,,0.0,,0.0,0.0,0.0,,0.0,,0.0,0.0,0.0,0.0,68.0,69.0,Orthodox,boutmetrics,boutmetrics,False,,1,0,1,0,0.0,0,0,0,,,1,0.75,886.0,True,base_exact,1,1488.776114044856,1522.5022138488232,1522.5022138488232,1522.5022138488232,0.0,0.0,0.0,0.0,-0.4676619147976656,-0.4676619147976656,1522.5022138488232,1522.5022138488232,886.0,True,0,0.0,0.0,,0.0,,0.0,0.0,0.0,,0.0,,0.0,0.0,0.0,0.0,-0.6762630307261581,2.0,4.0,0.0,0.0,,0.25,0.010741657251628567,0.3123274650658914,0.0,,,,,,,,,,,,,,,,,,,,,,,,,,,,,,,,,
1,DWCS 1.6,2017-08-15,Tiffany Masters,Jamie Colleen,Jamie Colleen,discovery,True,23.04222537081528,31.784362444129584,1994-07-31,1985-11-02,8.742137073314304,115.0,115.0,-155.0,-135.0,BestFightOdds_historical,,,63.0,65.0,Orthodox,boutmetrics,boutmetrics,False,,0,0,0,0,,0,0,0,,,0,,,False,unmatched,0,,,,,,,,,,,,,,False,0,0.0,0.0,,0.0,,0.0,0.0,0.0,,0.0,,0.0,0.0,0.0,0.0,63.0,65.0,Orthodox,boutmetrics,boutmetrics,True,https://www.ufc.com/athlete/jamie-colleen,0,0,0,0,,0,0,0,,,0,,,False,unmatched,0,,,,,,,,,,,,,,False,0,0.0,0.0,,0.0,,0.0,0.0,0.0,,0.0,,0.0,0.0,0.0,0.0,-8.742137073314304,0.0,0.0,0.0,,,,,,0.0,,,,,,,,,,,,,,,,,,,,,,,,,,,,,,,,,
1,DWCS 1.7,2017-08-22,Anton Berzin,Kennedy Nzechukwu,Kennedy Nzechukwu,discovery,True,27.896534494205905,25.19148237130126,1989-09-29,1992-06-13,2.7050521229046467,-280.0,-330.0,200.0,280.0,BestFightOdds_historical,,,74.0,,Orthodox,boutmetrics,,True,https://www.ufc.com/athlete/anton-berzin,3,2,1,0,0.6666666666666666,1,1,0,1.0,0.5,2,0.7676767676767676,94.0,True,base_exact,3,1514.8110478473557,1523.9990413589346,1523.585699413623,1536.5472270885791,0.0,0.0,0.0,0.0,0.6171269936398251,0.2057089978799417,1523.9990413589346,1523.9990413589346,94.0,True,0,0.0,0.0,,0.0,,0.0,0.0,0.0,,0.0,,0.0,0.0,0.0,0.0,77.0,83.0,Southpaw,boutmetrics,boutmetrics,True,https://www.ufc.com/athlete/kennedy-nzechukwu,1,1,0,0,1.0,1,0,0,1.0,0.0,1,0.4444444444444444,290.0,True,base_exact,1,1511.175022060506,1476.0767049583123,1476.0767049583123,1476.0767049583123,0.0,0.0,0.0,0.0,0.4656259191877563,0.4656259191877563,1476.0767049583123,1476.0767049583123,290.0,True,0,0.0,0.0,,0.0,,0.0,0.0,0.0,,0.0,,0.0,0.0,0.0,0.0,2.7050521229046467,-3.0,,2.0,-0.33333333333333337,0.0,0.3232323232323232,3.6360257868495864,47.92233640062227,0.0,,,,,,,,,,,,,,,,,,,,,,,,,,,,,,,,,
1,DWCS 1.7,2017-08-22,Joby Sanchez,JP Buys,Joby Sanchez,discovery,True,26.163439358782178,21.31186814239854,1991-06-24,1996-04-30,4.851571216383636,220.0,290.0,,,BestFightOdds_historical,,,66.0,68.0,Orthodox,boutmetrics,boutmetrics,False,,12,10,2,0,0.8333333333333334,3,4,3,0.7,0.2,9,0.5235605353252413,42.0,True,base_exact,12,1586.0110036738256,1520.7851364424694,1504.394736436288,1602.5736427785384,2.0,1.0,1.0,1.0,3.583791819742721,0.2986493183118934,1544.4614021230364,1537.7488814093945,42.0,True,1,40.0,78.0,0.5128205128205128,22.0,0.5849056603773585,18.0,2.0,2.0,1.0,1.0,0.6666666666666667,0.0,0.0,0.0,1.0,65.0,67.0,Orthodox,boutmetrics,boutmetrics,False,,5,4,1,0,0.8,1,3,0,1.0,0.75,1,0.5,311.0,True,recovered_event_opponent_alias,5,1534.5029236634552,1500.533980667642,1500.0,1512.414300586377,0.0,0.0,0.0,0.0,1.4376218193106411,0.2875243638621282,1500.8899677794034,1500.533980667642,311.0,True,0,0.0,0.0,,0.0,,0.0,0.0,0.0,,0.0,,0.0,0.0,0.0,0.0,4.851571216383636,1.0,1.0,7.0,0.033333333333333326,-0.30000000000000004,0.023560535325241272,51.50808001037035,20.25115577482734,18.0,,3.0,39.46666666666667,3.3699324324324325,2.9645270270270268,0.4054054054054054,0.29490022172949,0.6676136363636364,0.7601351351351351,0.3800675675675675,0.7601351351351351,1.1402027027027026,0.6666666666666666,0.375,1.032516891891892,-1.545608108108108,0.3800675675675675,,,,,,,,,,,,,,,,
1,DWCS 1.7,2017-08-22,Mark Cherico,Mike Santiago,Mike Santiago,discovery,True,31.2805875548437,28.06902263564618,1986-05-12,1989-07-28,3.2115649191975173,-130.0,-145.0,-110.0,130.0,BestFightOdds_historical,,,67.0,69.0,Orthodox,boutmetrics,boutmetrics,False,,3,2,1,0,0.6666666666666666,2,0,0,1.0,0.0,1,0.7185185185185184,836.0,True,base_exact,3,1514.5372635699784,1529.393588752093,1533.0658128277848,1535.14460260688,0.0,0.0,0.0,0.0,0.6057193154157723,0.2019064384719241,1529.393588752093,1529.393588752093,836.0,True,0,0.0,0.0,,0.0,,0.0,0.0,0.0,,0.0,,0.0,0.0,0.0,0.0,70.0,69.0,Orthodox,boutmetrics,boutmetrics,False,,7,4,3,0,0.5714285714285714,1,2,1,0.75,0.5,6,0.6456772608033112,431.0,True,base_exact,7,1520.8960696652898,1539.137838761919,1546.142854765008,1553.5868994360706,3.0,0.0,3.0,0.0,0.8706695693870806,0.1243813670552972,1537.726295972651,1536.012865665026,431.0,True,0,0.0,0.0,,0.0,,0.0,0.0,0.0,,0.0,,0.0,0.0,0.0,0.0,3.2115649191975173,-3.0,0.0,-4.0,0.09523809523809523,0.25,0.07284125771520722,-6.358806095311365,-9.744250009826146,0.0,,,,,,,,,,,,,,,,,,,,,,,,,,,,,,,,,
1,DWCS 1.7,2017-08-22,Nick Urso,Jordan Espinosa,Jordan Espinosa,discovery,True,31.90483035243708,27.787018213926363,1985-09-26,1989-11-08,4.117812138510718,-265.0,-245.0,185.0,210.0,BestFightOdds_historical,,,66.0,66.0,Southpaw,boutmetrics,boutmetrics,False,,15,11,3,1,0.7857142857142857,2,3,6,0.4545454545454545,0.3636363636363636,11,0.5973063973063973,123.0,True,base_exact,15,1583.1508026346742,1515.782770799919,1511.33627225266,1593.6220976908437,2.0,0.0,1.0,0.0,3.4646167764447497,0.2309744517629833,1557.8386266467114,1556.22802803394,123.0,True,0,0.0,0.0,,0.0,,0.0,0.0,0.0,,0.0,,0.0,0.0,0.0,0.0,66.0,69.0,Orthodox,boutmetrics,boutmetrics,True,https://www.ufc.com/athlete/jordan-espinosa,16,10,5,1,0.6666666666666666,1,6,3,0.7,0.6,14,0.5833573833573832,157.0,True,base_exact,16,1552.1248940411629,1506.383317569252,1500.0,1560.7002113478732,1.0,0.0,0.0,0.0,2.1718705850484503,0.1357419115655281,1497.122525234121,1510.413557410047,157.0,True,0,0.0,0.0,,0.0,,0.0,0.0,0.0,,0.0,,0.0,0.0,0.0,0.0,4.117812138510718,0.0,-3.0,-1.0,0.11904761904761907,-0.24545454545454548,0.013949013949014155,31.025908593511303,9.39945323066695,0.0,,,,,,,,,,,,,,,,,,,,,,,,,,,,,,,,,
1,DWCS 1.7,2017-08-22,Steven Peterson,Benito Lopez,Benito Lopez,discovery,True,27.23396099851469,23.378987932674868,1990-05-29,1994-04-06,3.854973065839822,-125.0,110.0,-115.0,-130.0,BestFightOdds_historical,,,70.0,70.0,Orthodox,boutmetrics,boutmetrics,True,https://www.ufc.com/athlete/steven-peterson,7,5,2,0,0.7142857142857143,0,4,1,0.8,0.2,2,0.7223415682062299,39.0,True,base_exact,7,1543.8409992275544,1546.5822997322264,1553.5525574991236,1638.0777589611089,4.0,1.0,2.0,0.0,1.826708301148108,0.260958328735444,1542.550977703045,1554.3365089401595,39.0,True,0,0.0,0.0,,0.0,,0.0,0.0,0.0,,0.0,,0.0,0.0,0.0,0.0,70.0,73.0,Switch,boutmetrics,boutmetrics,False,,8,8,0,0,1.0,3,2,3,0.625,0.625,4,0.5952380952380952,59.0,True,base_exact,8,1587.117594021365,1507.5604746456495,1505.76778382476,1534.9706867251791,0.0,0.0,0.0,0.0,3.629899750890204,0.4537374688612755,1512.811632700631,1507.2315637978138,59.0,True,0,0.0,0.0,,0.0,,0.0,0.0,0.0,,0.0,,0.0,0.0,0.0,0.0,3.854973065839822,0.0,-3.0,-1.0,-0.2857142857142857,0.17500000000000004,0.12710347296813462,-43.276594793810546,39.02182508657688,0.0,,,,,,,,,,,,,,,,,,,,,,,,,,,,,,,,,
1,DWCS 1.8,2017-08-29,Bevon Lewis,Elias Urbina,Bevon Lewis,discovery,True,26.319500058180523,23.88823863597473,1991-05-05,1993-10-09,2.431261422205793,120.0,-250.0,-160.0,215.0,BestFightOdds_historical,,,75.0,79.0,Orthodox,boutmetrics,boutmetrics,True,https://www.ufc.com/athlete/bevon-lewis,4,4,0,0,1.0,1,0,3,0.25,0.0,3,1.0,130.0,True,base_exact,4,1546.0638463469247,1503.6599711060978,1500.750142819989,1513.1395987844137,0.0,0.0,0.0,0.0,1.9193269311218677,0.4798317327804668,1504.879961474797,1503.6599711060978,130.0,True,0,0.0,0.0,,0.0,,0.0,0.0,0.0,,0.0,,0.0,0.0,0.0,0.0,75.0,77.0,Southpaw,boutmetrics,boutmetrics,True,https://www.ufc.com/athlete/elias-urbina,0,0,0,0,,0,0,0,,,0,,,False,alias_no_prior_history,0,,,,,,,,,,,,,,False,0,0.0,0.0,,0.0,,0.0,0.0,0.0,,0.0,,0.0,0.0,0.0,0.0,2.431261422205793,0.0,2.0,4.0,,,,,,0.0,,,,,,,,,,,,,,,,,,,,,,,,,,,,,,,,,
1,DWCS 1.8,2017-08-29,Casey Kenney,Adam Antolin,Adam Antolin,discovery,True,26.445443780502,35.49970225261299,1991-03-20,1982-02-28,9.054258472110991,-165.0,-300.0,125.0,250.0,BestFightOdds_historical,,,67.0,68.0,Southpaw,boutmetrics,boutmetrics,True,https://www.ufc.com/athlete/casey-kenney,9,7,1,1,0.875,1,4,2,0.7142857142857143,0.4285714285714285,5,0.5591397849462366,42.0,True,base_exact,9,1581.721489104668,1534.581419688359,1522.807117156675,1583.5679594262087,4.0,0.0,2.0,0.0,3.4050620460278216,0.3783402273364246,1582.531374025885,1561.7322916901096,42.0,True,1,59.0,143.0,0.4125874125874126,37.0,0.6810344827586207,22.0,3.0,8.0,0.375,0.0,1.0,0.0,0.0,0.0,1.0,65.0,63.0,Orthodox,boutmetrics,boutmetrics,True,https://www.ufc.com/athlete/adam-antolin,15,12,3,0,0.8,2,9,1,0.9166666666666666,0.5,11,0.3597619047619048,158.0,True,base_exact,15,1592.4153973779412,1502.3865615561415,1500.0,1610.99605296151,1.0,1.0,1.0,1.0,3.850641557414238,0.2567094371609492,1548.7991778283329,1522.4057971770162,158.0,True,0,0.0,0.0,,0.0,,0.0,0.0,0.0,,0.0,,0.0,0.0,0.0,0.0,-9.054258472110991,2.0,5.0,-6.0,0.07499999999999996,-0.20238095238095233,0.19937788018433183,-10.69390827327311,32.194858132217405,22.0,,,,,,,,,,,,,,,,,,,,,,,,,,,,,,,,,
1,DWCS 1.8,2017-08-29,Don'Tale Mayes,Allen Crowder,Allen Crowder,discovery,True,25.618595864391462,27.80618356297528,1992-01-16,1989-11-08,2.187587698583819,-280.0,-265.0,200.0,235.0,BestFightOdds_historical,,,78.0,81.0,Orthodox,boutmetrics,boutmetrics,True,https://www.ufc.com/athlete/dontale-mayes,5,4,1,0,0.8,0,2,2,0.5,0.25,4,0.3958333333333333,137.0,True,base_exact,5,1534.4758830640328,1504.5706687057243,1500.0,1533.6931753416425,0.0,0.0,0.0,0.0,1.4364951276680342,0.2872990255336068,1514.1863958545994,1504.5706687057243,137.0,True,0,0.0,0.0,,0.0,,0.0,0.0,0.0,,0.0,,0.0,0.0,0.0,0.0,75.0,76.0,Orthodox,boutmetrics,boutmetrics,True,https://www.ufc.com/athlete/allen-crowder,3,2,1,0,0.6666666666666666,2,0,0,1.0,1.0,2,0.5694444444444443,213.0,True,base_exact,3,1512.6531434223757,1502.6775903501068,1509.5883807205253,1522.0952178880582,0.0,0.0,0.0,0.0,0.5272143092656562,0.175738103088552,1502.6775903501068,1502.6775903501068,213.0,True,0,0.0,0.0,,0.0,,0.0,0.0,0.0,,0.0,,0.0,0.0,0.0,0.0,-2.187587698583819,3.0,5.0,2.0,0.13333333333333341,-0.5,-0.173611111111111,21.822739641657108,1.8930783556174902,0.0,,,,,,,,,,,,,,,,,,,,,,,,,,,,,,,,,
1,DWCS 1.8,2017-08-29,Lauren Mueller,Kelly Velasco,Lauren Mueller,discovery,True,25.788346098824757,22.2756114088585,1991-11-15,1995-05-21,3.5127346899662584,160.0,150.0,,,BestFightOdds_historical,,,65.0,67.0,Orthodox,boutmetrics,boutmetrics,True,https://www.ufc.com/athlete/lauren-mueller,0,0,0,0,,0,0,0,,,0,,,False,unmatched,0,,,,,,,,,,,,,,False,0,0.0,0.0,,0.0,,0.0,0.0,0.0,,0.0,,0.0,0.0,0.0,0.0,69.0,,Orthodox,boutmetrics,,True,https://www.ufc.com/athlete/kelly-velasco,0,0,0,0,,0,0,0,,,0,,,False,unmatched,0,,,,,,,,,,,,,,False,0,0.0,0.0,,0.0,,0.0,0.0,0.0,,0.0,,0.0,0.0,0.0,0.0,3.5127346899662584,-4.0,,0.0,,,,,,0.0,,,,,,,,,,,,,,,,,,,,,,,,,,,,,,,,,
1,DWCS 1.8,2017-08-29,Matt Frevola,Luke Flores,Matt Frevola,discovery,True,27.217533556472755,29.451665674175377,1990-06-11,1988-03-17,2.2341321177026217,-150.0,-180.0,110.0,158.0,BestFightOdds_historical,,,69.0,71.0,Orthodox,boutmetrics,boutmetrics,True,https://www.ufc.com/athlete/matt-frevola,0,0,0,0,,0,0,0,,,0,,,False,unmatched,0,,,,,,,,,,,,,,False,0,0.0,0.0,,0.0,,0.0,0.0,0.0,,0.0,,0.0,0.0,0.0,0.0,72.0,73.0,Southpaw,boutmetrics,boutmetrics,False,,0,0,0,0,,0,0,0,,,0,,,False,unmatched,0,,,,,,,,,,,,,,False,0,0.0,0.0,,0.0,,0.0,0.0,0.0,,0.0,,0.0,0.0,0.0,0.0,-2.2341321177026217,-3.0,-2.0,0.0,,,,,,0.0,,,,,,,,,,,,,,,,,,,,,,,,,,,,,,,,,
2,DWCS 2.1,2018-06-12,Alonzo Menifield,Dashawn Boatwright,Alonzo Menifield,discovery,True,30.650868943236343,30.28398940429988,1987-10-18,1988-02-29,0.3668795389364625,-600.0,-465.0,400.0,380.0,BestFightOdds_historical,,,72.0,76.0,Orthodox,boutmetrics,boutmetrics,True,https://www.ufc.com/athlete/alonzo-menifield,10,10,0,0,1.0,6,4,0,1.0,0.7,4,0.675,116.0,True,base_exact,10,1606.281345365951,1509.7517329107854,1500.0,1559.522559499051,1.0,0.0,1.0,0.0,4.428389390247967,0.4428389390247967,1513.4147614026622,1524.066795670124,116.0,True,1,9.0,33.0,0.2727272727272727,8.0,0.3846153846153846,1.0,0.0,2.0,0.0,2.0,0.5,0.0,0.0,0.0,0.0,72.0,76.0,Orthodox,boutmetrics,ufc.com_verified_static_fill,True,https://www.ufc.com/athlete/dashawn-boatwright,0,0,0,0,,0,0,0,,,0,,,False,alias_no_prior_history,0,,,,,,,,,,,,,,False,0,0.0,0.0,,0.0,,0.0,0.0,0.0,,0.0,,0.0,0.0,0.0,0.0,0.3668795389364625,0.0,0.0,10.0,,,,,,1.0,,,,,,,,,,,,,,,,,,,,,,,,,,,,,,,,,
2,DWCS 2.1,2018-06-12,Chris Curtis,Sean Lally,Chris Curtis,discovery,True,30.91097010890025,27.603578444458133,1987-07-15,1990-11-04,3.307391664442118,-600.0,-750.0,400.0,550.0,BestFightOdds_historical,,,70.0,75.0,Orthodox,boutmetrics,boutmetrics,True,https://www.ufc.com/athlete/chris-curtis,6,5,1,0,0.8333333333333334,1,1,3,0.4,0.0,4,0.7242094861660079,67.0,True,base_exact,6,1553.090300242882,1548.2124661562405,1544.4217715834395,1633.7675220575686,2.0,1.0,2.0,1.0,2.212095843453424,0.3686826405755707,1574.2036884081492,1553.2103656506645,67.0,True,0,0.0,0.0,,0.0,,0.0,0.0,0.0,,0.0,,0.0,0.0,0.0,0.0,72.0,74.5,Orthodox,boutmetrics,ufc.com_verified_static_fill,True,https://www.ufc.com/athlete/sean-lally,3,2,1,0,0.6666666666666666,1,0,1,0.5,0.5,1,0.5150375939849624,136.0,True,base_exact,3,1513.0959412580323,1507.063172470773,1508.2046560143344,1512.9171299959607,0.0,0.0,0.0,0.0,0.545664219084681,0.181888073028227,1507.063172470773,1507.063172470773,136.0,True,0,0.0,0.0,,0.0,,0.0,0.0,0.0,,0.0,,0.0,0.0,0.0,0.0,3.307391664442118,-2.0,0.5,3.0,0.16666666666666674,-0.09999999999999998,0.20917189218104548,39.99435898484967,41.149293685467455,0.0,,,,,,,,,,,,,,,,,,,,,,,,,,,,,,,,,
2,DWCS 2.1,2018-06-12,Greg Hardy,Austen Lane,Greg Hardy,discovery,True,29.873303353251607,30.590634989082595,1988-07-28,1987-11-09,0.7173316358309876,-280.0,-500.0,,,BestFightOdds_historical,,,77.0,80.0,Orthodox,boutmetrics,boutmetrics,True,https://www.ufc.com/athlete/greg-hardy,1,1,0,0,1.0,1,0,0,1.0,1.0,1,,116.0,True,base_exact,1,1512.0,1500.0,1500.0,1500.0,0.0,0.0,0.0,0.0,0.5,0.5,1500.0,1500.0,116.0,True,0,0.0,0.0,,0.0,,0.0,0.0,0.0,,0.0,,0.0,0.0,0.0,0.0,78.0,80.0,Orthodox,boutmetrics,boutmetrics,True,https://www.ufc.com/athlete/austen-lane,0,0,0,0,,0,0,0,,,0,,,False,alias_no_prior_history,0,,,,,,,,,,,,,,False,0,0.0,0.0,,0.0,,0.0,0.0,0.0,,0.0,,0.0,0.0,0.0,0.0,-0.7173316358309876,-1.0,0.0,1.0,,,,,,0.0,,,,,,,,,,,,,,,,,,,,,,,,,,,,,,,,,
2,DWCS 2.1,2018-06-12,Kevin Holland,Will Santiago,Kevin Holland,discovery,True,25.599430515342547,35.34090364620766,1992-11-05,1983-02-08,9.74147313086511,-530.0,-900.0,350.0,650.0,BestFightOdds_historical,,,75.0,81.0,Orthodox,boutmetrics,boutmetrics,True,https://www.ufc.com/athlete/kevin-holland,8,6,2,0,0.75,4,2,0,1.0,0.6666666666666666,3,0.8091269841269841,102.0,True,base_exact,8,1562.7976298958968,1572.322838287413,1567.816503947536,1618.5016680407984,6.0,2.0,4.0,2.0,2.616567912329025,0.3270709890411282,1544.8505399851654,1571.0919735796806,102.0,True,0,0.0,0.0,,0.0,,0.0,0.0,0.0,,0.0,,0.0,0.0,0.0,0.0,67.0,69.5,Orthodox,boutmetrics,ufc.com_verified_static_fill,True,https://www.ufc.com/athlete/will-santiago,13,9,4,0,0.6923076923076923,8,1,0,1.0,1.0,6,0.3928571428571428,193.0,True,base_exact,13,1549.8285262772456,1495.9944586267156,1500.0,1525.3188105096135,0.0,0.0,0.0,0.0,2.0761885948852328,0.1597068149911717,1505.4810542942826,1496.202976375509,193.0,True,0,0.0,0.0,,0.0,,0.0,0.0,0.0,,0.0,,0.0,0.0,0.0,0.0,-9.74147313086511,8.0,11.5,-5.0,0.05769230769230771,0.0,0.41626984126984135,12.969103618651161,76.32837966069746,0.0,,,,,,,,,,,,,,,,,,,,,,,,,,,,,,,,,
2,DWCS 2.1,2018-06-12,Montel Jackson,Rico DiSciullo,Montel Jackson,discovery,True,26.133322381705305,31.66663244282908,1992-04-24,1986-10-12,5.533310061123775,-290.0,-275.0,210.0,235.0,BestFightOdds_historical,,,70.0,75.0,Southpaw,boutmetrics,boutmetrics,True,https://www.ufc.com/athlete/montel-jackson,1,1,0,0,1.0,1,0,0,1.0,0.0,1,0.3333333333333333,122.0,True,base_exact,1,1511.989276493721,1499.6895226104468,1499.6895226104468,1499.6895226104468,0.0,0.0,0.0,0.0,0.499553187238376,0.499553187238376,1499.6895226104468,1499.6895226104468,122.0,True,0,0.0,0.0,,0.0,,0.0,0.0,0.0,,0.0,,0.0,0.0,0.0,0.0,68.0,,Orthodox,boutmetrics,,False,,14,11,2,1,0.8461538461538461,5,1,5,0.5454545454545454,0.5454545454545454,2,0.4770238095238095,130.0,True,base_exact,14,1597.7607731430453,1501.183655612317,1500.0,1552.7930312603994,1.0,0.0,1.0,0.0,4.073365547626884,0.2909546819733489,1514.7476998248883,1502.9590604515477,130.0,True,0,0.0,0.0,,0.0,,0.0,0.0,0.0,,0.0,,0.0,0.0,0.0,0.0,-5.533310061123775,2.0,,-13.0,0.15384615384615385,0.4545454545454546,-0.1436904761904762,-85.77149664932426,-1.4941330018700683,0.0,,,,,,,,,,,,,,,,,,,,,,,,,,,,,,,,,
2,DWCS 2.2,2018-06-19,Anthony Hernandez,Jordan Wright,,discovery,True,24.66854213296645,26.700069132151928,1993-10-18,1991-10-07,2.031526999185477,-260.0,-265.0,180.0,225.0,BestFightOdds_historical,,,72.0,75.0,Orthodox,boutmetrics,boutmetrics,True,https://www.ufc.com/athlete/anthony-hernandez,2,1,1,0,0.5,1,0,0,1.0,1.0,2,0.8214285714285714,921.0,True,base_exact,2,1502.0939648285205,1536.8088725855223,1536.8088725855223,1550.0320457574217,1.0,0.0,0.0,0.0,0.0872485345216815,0.0436242672608407,1536.8088725855223,1536.8088725855223,921.0,True,0,0.0,0.0,,0.0,,0.0,0.0,0.0,,0.0,,0.0,0.0,0.0,0.0,74.0,77.0,Orthodox,boutmetrics,boutmetrics,False,,10,10,0,0,1.0,4,6,0,1.0,1.0,4,0.0,158.0,True,base_exact,10,1598.8538894626854,1484.8514056103334,1489.6668710729634,1500.0,0.0,0.0,0.0,0.0,4.118912060945215,0.4118912060945215,1486.3282677802954,1489.6358261565829,158.0,True,0,0.0,0.0,,0.0,,0.0,0.0,0.0,,0.0,,0.0,0.0,0.0,0.0,-2.031526999185477,-2.0,-2.0,-8.0,-0.5,0.0,0.8214285714285714,-96.75992463416492,51.957466975188936,0.0,,,,,,,,,,,,,,,,,,,,,,,,,,,,,,,,,
2,DWCS 2.2,2018-06-19,Dwight Grant,Tyler Hill,Dwight Grant,discovery,True,33.76113130317529,26.858867738557255,1984-09-14,1991-08-10,6.9022635646180355,-350.0,-430.0,250.0,350.0,BestFightOdds_historical,,,73.0,76.0,Switch,boutmetrics,boutmetrics,False,,2,2,0,0,1.0,0,0,2,0.0,0.0,1,1.0,577.0,True,base_exact,2,1527.7331229629294,1561.7519682627228,1561.7519682627228,1568.9269198489496,2.0,0.0,2.0,0.0,1.1555467901220604,0.5777733950610302,1561.7519682627228,1561.7519682627228,577.0,True,0,0.0,0.0,,0.0,,0.0,0.0,0.0,,0.0,,0.0,0.0,0.0,0.0,75.0,77.0,Switch,boutmetrics,ufc.com_verified_static_fill,True,https://www.ufc.com/athlete/tyler-hill,2,0,2,0,0.0,0,0,0,,,1,0.9090909090909092,606.0,True,base_exact,2,1482.75040737729,1596.0390374742672,1596.0390374742672,1600.4930636573931,2.0,1.0,0.0,0.0,-0.7187330259462533,-0.3593665129731266,1596.0390374742672,1596.0390374742672,606.0,True,0,0.0,0.0,,0.0,,0.0,0.0,0.0,,0.0,,0.0,0.0,0.0,0.0,6.9022635646180355,-2.0,-1.0,0.0,1.0,,0.09090909090909083,44.982715585639426,-34.28706921154435,0.0,,,,,,,,,,,,,,,,,,,,,,,,,,,,,,,,,
2,DWCS 2.2,2018-06-19,Giga Chikadze,Austin Springer,Austin Springer,discovery,True,29.815807306104848,31.105361506396434,1988-08-25,1987-05-12,1.2895542002915867,-300.0,-345.0,220.0,285.0,BestFightOdds_historical,,,72.0,74.0,Orthodox,boutmetrics,boutmetrics,True,https://www.ufc.com/athlete/giga-chikadze,0,0,0,0,,0,0,0,,,0,,,False,unmatched,0,,,,,,,,,,,,,,False,0,0.0,0.0,,0.0,,0.0,0.0,0.0,,0.0,,0.0,0.0,0.0,0.0,68.0,71.0,Orthodox,boutmetrics,boutmetrics,True,https://www.ufc.com/athlete/austin-springer,2,2,0,0,1.0,1,0,1,0.5,0.0,2,0.5520833333333333,878.0,True,base_exact,2,1524.270938829211,1509.546973994758,1509.546973994758,1542.253223000185,0.0,0.0,0.0,0.0,1.0112891178837873,0.5056445589418936,1509.546973994758,1509.546973994758,878.0,True,0,0.0,0.0,,0.0,,0.0,0.0,0.0,,0.0,,0.0,0.0,0.0,0.0,-1.2895542002915867,4.0,3.0,-2.0,,,,,,0.0,,,,,,,,,,,,,,,,,,,,,,,,,,,,,,,,,
2,DWCS 2.2,2018-06-19,Matt Sayles,Yazan Hajeh,Matt Sayles,discovery,True,24.323565850085902,25.788346098824757,1994-02-21,1992-09-04,1.4647802487388546,-180.0,-300.0,140.0,265.0,BestFightOdds_historical,,,67.0,68.0,Orthodox,boutmetrics,boutmetrics,False,,2,1,1,0,0.5,1,0,0,1.0,0.0,2,0.875,556.0,True,base_exact,2,1502.796552808261,1547.2773764955375,1547.2773764955375,1559.921233137331,1.0,0.0,0.0,0.0,0.1165230336775332,0.0582615168387666,1547.2773764955375,1547.2773764955375,556.0,True,0,0.0,0.0,,0.0,,0.0,0.0,0.0,,0.0,,0.0,0.0,0.0,0.0,69.0,73.0,Orthodox,boutmetrics,ufc.com_verified_static_fill,True,https://www.ufc.com/athlete/yazan-hajeh,7,7,0,0,1.0,2,0,5,0.2857142857142857,0.2857142857142857,3,0.3125,291.0,True,base_exact,7,1574.303480899304,1493.023729356654,1489.158269718505,1512.3862401096756,0.0,0.0,0.0,0.0,3.095978370804335,0.4422826244006193,1490.2217490083149,1490.073112960105,291.0,True,0,0.0,0.0,,0.0,,0.0,0.0,0.0,,0.0,,0.0,0.0,0.0,0.0,-1.4647802487388546,-2.0,-5.0,-5.0,-0.5,0.7142857142857143,0.5625,-71.50692809104316,54.25364713888348,0.0,,,,,,,,,,,,,,,,,,,,,,,,,,,,,,,,,
2,DWCS 2.2,2018-06-19,Ryan Spann,Emiliano Sordi,Ryan Spann,discovery,True,26.82053704045942,27.34073937178724,1991-08-24,1991-02-15,0.5202023313278197,-320.0,-560.0,240.0,480.0,BestFightOdds_historical,,,77.0,79.0,Orthodox,boutmetrics,boutmetrics,False,,22,16,6,0,0.7272727272727273,5,10,1,0.9375,0.875,8,0.6129391441891442,144.0,True,base_exact,22,1596.0360206819605,1515.9522377839107,1506.572226752377,1567.697168971742,4.0,0.0,3.0,0.0,4.0015008617483545,0.1818864028067434,1545.972919508742,1536.2446112540651,144.0,True,1,1.0,2.0,0.5,5.0,0.2857142857142857,-4.0,0.0,0.0,,0.0,,0.0,0.0,0.0,0.0,74.0,75.5,Orthodox,boutmetrics,ufc.com_verified_static_fill,True,https://www.ufc.com/athlete/emiliano-sordi,15,7,8,0,0.4666666666666667,3,4,0,1.0,0.8571428571428571,6,0.6028753888287357,375.0,True,base_exact,15,1516.41155093652,1547.7637109336408,1562.6980665320657,1629.7590329939756,10.0,2.0,4.0,2.0,0.6838146223550128,0.0455876414903341,1539.9646812108804,1548.9506826083082,375.0,True,0,0.0,0.0,,0.0,,0.0,0.0,0.0,,0.0,,0.0,0.0,0.0,0.0,-0.5202023313278197,3.0,3.5,7.0,0.2606060606060606,-0.0625,0.010063755360408488,79.62446974544059,-31.81147314973009,-4.0,,,,,,,,,,,,,,,,,,,,,,,,,,,,,,,,,
2,DWCS 2.3,2018-06-26,Antonina Shevchenko,Jaimelene Nievera,Antonina Shevchenko,discovery,True,33.59685688275598,33.65982874391671,1984-11-20,1984-10-28,0.06297186116073306,-300.0,-1250.0,220.0,900.0,BestFightOdds_historical,,,68.0,67.0,Southpaw,boutmetrics,boutmetrics,True,https://www.ufc.com/athlete/antonina-shevchenko,0,0,0,0,,0,0,0,,,0,,,False,alias_no_prior_history,0,,,,,,,,,,,,,,False,0,0.0,0.0,,0.0,,0.0,0.0,0.0,,0.0,,0.0,0.0,0.0,0.0,65.0,,Orthodox,boutmetrics,,False,,14,10,4,0,0.7142857142857143,2,4,4,0.6,0.1,6,0.3648989898989899,18.0,True,base_exact,14,1561.9478014891065,1502.6199409664716,1500.0,1552.8096984913657,1.0,0.0,0.0,0.0,2.5811583953794406,0.1843684568128172,1501.0481020075786,1494.7950618085,18.0,True,0,0.0,0.0,,0.0,,0.0,0.0,0.0,,0.0,,0.0,0.0,0.0,0.0,-0.06297186116073306,3.0,,-14.0,,,,,,0.0,,,,,,,,,,,,,,,,,,,,,,,,,,,,,,,,,
2,DWCS 2.3,2018-06-26,Austin Tweedy,Te Edwards,Te Edwards,discovery,True,27.751425422835517,27.78975612093335,1990-09-25,1990-09-11,0.03833069809783396,-165.0,110.0,125.0,-120.0,BestFightOdds_historical,,,69.0,68.0,Orthodox,boutmetrics,ufc.com_verified_static_fill,True,https://www.ufc.com/athlete/austin-tweedy,2,1,1,0,0.5,0,1,0,1.0,1.0,2,0.7727272727272727,1243.0,True,base_exact,2,1502.1666855248932,1526.0458036261648,1526.0458036261648,1534.3891019779714,0.0,0.0,0.0,0.0,0.0902785635372224,0.0451392817686112,1526.0458036261648,1526.0458036261648,1243.0,True,0,0.0,0.0,,0.0,,0.0,0.0,0.0,,0.0,,0.0,0.0,0.0,0.0,68.0,72.0,Orthodox,boutmetrics,boutmetrics,True,https://www.ufc.com/athlete/te-edwards,7,6,1,0,0.8571428571428571,6,0,0,1.0,1.0,6,0.59375,276.0,True,base_exact,7,1555.460724622176,1499.8734222628375,1500.0,1534.0006782861751,0.0,0.0,0.0,0.0,2.310863525923996,0.3301233608462851,1484.3710925178968,1493.022655510738,276.0,True,0,0.0,0.0,,0.0,,0.0,0.0,0.0,,0.0,,0.0,0.0,0.0,0.0,-0.03833069809783396,1.0,-4.0,-5.0,-0.3571428571428571,0.0,0.1789772727272727,-53.29403909728285,26.172381363327304,0.0,,,,,,,,,,,,,,,,,,,,,,,,,,,,,,,,,
2,DWCS 2.3,2018-06-26,Greg Rebello,Josh Parisian,Josh Parisian,discovery,True,36.03633202598274,28.99443520400829,1982-06-13,1989-06-28,7.041896821974447,-180.0,-550.0,140.0,475.0,BestFightOdds_historical,,,72.0,73.0,Southpaw,boutmetrics,boutmetrics,True,https://www.ufc.com/athlete/greg-rebello,12,9,3,0,0.75,5,0,4,0.5555555555555556,0.2222222222222222,5,0.5818701723113489,350.0,True,base_exact,12,1564.8714510855823,1514.5726483909457,1532.9642308843263,1590.010506013708,6.0,0.0,3.0,0.0,2.7029771285659376,0.2252480940471614,1552.9558459772052,1534.054638542338,350.0,True,1,21.0,59.0,0.3559322033898305,20.0,0.5918367346938775,1.0,0.0,0.0,,1.0,0.0,0.0,0.0,0.0,0.0,76.0,79.0,Orthodox,boutmetrics,boutmetrics,False,,3,1,2,0,0.3333333333333333,1,0,0,1.0,0.0,2,0.5280632411067193,423.0,True,base_exact,3,1490.1675839167497,1517.4460636823326,1510.4562551512215,1598.5449383317705,1.0,0.0,0.0,0.0,-0.4096840034687637,-0.1365613344895879,1517.4460636823326,1517.4460636823326,423.0,True,0,0.0,0.0,,0.0,,0.0,0.0,0.0,,0.0,,0.0,0.0,0.0,0.0,7.041896821974447,-4.0,-6.0,9.0,0.4166666666666667,-0.4444444444444444,0.05380693120462954,74.70386716883263,-2.873415291386891,1.0,,,,,,,,,,,,,,,,,,,,,,,,,,,,,,,,,
2,DWCS 2.3,2018-06-26,Julian Erosa,Jamall Emmers,Julian Erosa,discovery,True,28.904084272777677,28.9232496218266,1989-07-31,1989-07-24,0.01916534904892231,110.0,225.0,-150.0,-260.0,BestFightOdds_historical,,,73.0,74.0,Southpaw,boutmetrics,boutmetrics,False,,6,2,4,0,0.3333333333333333,1,0,1,0.5,0.0,5,0.8094336219336219,192.0,True,base_exact,6,1499.1538278241678,1602.1497869741377,1574.6318868272033,1675.8811607340203,6.0,2.0,2.0,0.0,-0.0352571739930018,-0.0058761956655003,1602.3825288993896,1606.171050577757,192.0,True,0,0.0,0.0,,0.0,,0.0,0.0,0.0,,0.0,,0.0,0.0,0.0,0.0,70.0,74.0,Orthodox,boutmetrics,boutmetrics,True,https://www.ufc.com/athlete/jamall-emmers,18,15,3,0,0.8333333333333334,5,2,8,0.4666666666666667,0.1333333333333333,8,0.5790630835667601,95.0,True,base_exact,18,1626.5919629168125,1525.5535786312691,1512.428328825667,1591.8747010314537,6.0,0.0,5.0,0.0,5.274665121533853,0.2930369511963251,1560.8726807760993,1556.83728615851,95.0,True,0,0.0,0.0,,0.0,,0.0,0.0,0.0,,0.0,,0.0,0.0,0.0,0.0,-0.01916534904892231,3.0,0.0,-12.0,-0.5,0.033333333333333326,0.23037053836686183,-127.43813509264464,76.59620834286852,0.0,,2.0,20.566666666666663,3.7439222042139386,3.841166936790924,-0.0972447325769854,0.506578947368421,0.5352941176470588,0.0,0.7293354943273906,2.188006482982172,2.9173419773095626,0.75,0.75,4.16936790923825,0.680713128038898,1.4586709886547813,,,,,,,,,,,,,,,,
2,DWCS 2.3,2018-06-26,Tim Caron,Jordan Williams,,discovery,True,30.924659643935197,27.70214309670972,1987-07-24,1990-10-13,3.222516547225478,-230.0,150.0,170.0,-170.0,BestFightOdds_historical,,,73.0,74.0,Orthodox,boutmetrics,ufc.com_verified_static_fill,True,https://www.ufc.com/athlete/tim-caron,13,11,2,0,0.8461538461538461,7,4,0,1.0,0.5454545454545454,5,0.3441558441558441,144.0,True,base_exact,13,1580.175349753889,1489.149514870383,1500.0,1528.9847088340196,0.0,0.0,0.0,0.0,3.340639573078707,0.2569722748522082,1498.7689451514125,1493.4613819658755,144.0,True,0,0.0,0.0,,0.0,,0.0,0.0,0.0,,0.0,,0.0,0.0,0.0,0.0,73.0,75.0,Southpaw,boutmetrics,boutmetrics,False,,2,2,0,0,1.0,1,0,1,0.5,0.5,2,0.422077922077922,990.0,True,base_exact,2,1522.2132545950913,1479.975440641409,1479.975440641409,1508.9317246491787,0.0,0.0,0.0,0.0,0.9255522747954724,0.4627761373977362,1479.975440641409,1479.975440641409,990.0,True,0,0.0,0.0,,0.0,,0.0,0.0,0.0,,0.0,,0.0,0.0,0.0,0.0,3.222516547225478,0.0,-1.0,11.0,-0.15384615384615385,0.5,-0.07792207792207789,57.96209515879764,9.17407422897395,0.0,,,,,,,,,,,,,,,,,,,,,,,,,,,,,,,,,
2,DWCS 2.4,2018-07-10,Bevon Lewis,Alton Cunningham,Bevon Lewis,discovery,True,27.181940765381903,25.04363539292388,1991-05-05,1993-06-24,2.1383053724580243,-180.0,-155.0,140.0,145.0,BestFightOdds_historical,,,75.0,79.0,Orthodox,boutmetrics,boutmetrics,True,https://www.ufc.com/athlete/bevon-lewis,7,7,0,0,1.0,2,0,5,0.2857142857142857,0.0,4,0.875,74.0,True,base_exact,7,1577.3077892272588,1506.5494797487663,1501.5002856399778,1520.9924753224404,0.0,0.0,0.0,0.0,3.221157884469118,0.4601654120670169,1510.4021579389916,1509.1692716482733,74.0,True,1,48.0,97.0,0.4948453608247423,30.0,0.620253164556962,18.0,0.0,0.0,,0.0,1.0,0.0,0.0,1.0,0.0,74.0,77.0,Orthodox,boutmetrics,boutmetrics,True,https://www.ufc.com/athlete/alton-cunningham,4,4,0,0,1.0,4,0,0,1.0,0.5,1,0.6619047619047619,130.0,True,base_exact,4,1547.1852703250238,1513.4223947764533,1512.6418776941284,1551.694149588543,1.0,0.0,1.0,0.0,1.9660529302093228,0.4915132325523307,1500.6651431724238,1513.4223947764533,130.0,True,0,0.0,0.0,,0.0,,0.0,0.0,0.0,,0.0,,0.0,0.0,0.0,0.0,2.1383053724580243,1.0,2.0,3.0,0.0,-0.7142857142857143,0.21309523809523812,30.122518902235015,-6.872915027686986,18.0,,,,,,,,,,,,,,,,,,,,,,,,,,,,,,,,,
2,DWCS 2.4,2018-07-10,Jalin Turner,Max Mustaki,Jalin Turner,discovery,True,23.146265837080843,30.67277219929225,1995-05-18,1987-11-07,7.526506362211407,-280.0,-440.0,200.0,385.0,BestFightOdds_historical,,,75.0,77.0,Southpaw,boutmetrics,boutmetrics,True,https://www.ufc.com/athlete/jalin-turner,11,8,3,0,0.7272727272727273,7,1,0,1.0,1.0,8,0.5514285714285714,171.0,True,base_exact,11,1553.7585651051425,1502.4298029841636,1500.0,1540.3458172296068,0.0,0.0,0.0,0.0,2.239940212714272,0.2036309284285701,1485.457494980704,1501.7566134795052,171.0,True,0,0.0,0.0,,0.0,,0.0,0.0,0.0,,0.0,,0.0,0.0,0.0,0.0,72.0,,Orthodox,boutmetrics,,True,https://www.ufc.com/athlete/max-mustaki,0,0,0,0,,0,0,0,,,0,,,False,alias_no_prior_history,0,,,,,,,,,,,,,,False,0,0.0,0.0,,0.0,,0.0,0.0,0.0,,0.0,,0.0,0.0,0.0,0.0,-7.526506362211407,3.0,,11.0,,,,,,0.0,,,,,,,,,,,,,,,,,,,,,,,,,,,,,,,,,
2,DWCS 2.4,2018-07-10,Jordan Espinosa,Rilley Dutro,Jordan Espinosa,discovery,True,28.668624270176664,30.850736154746503,1989-11-08,1987-09-03,2.1821118845698386,195.0,140.0,,,BestFightOdds_historical,,,66.0,69.0,Orthodox,boutmetrics,boutmetrics,True,https://www.ufc.com/athlete/jordan-espinosa,18,12,5,1,0.7058823529411765,1,7,4,0.6666666666666666,0.5833333333333334,16,0.6096156368883641,129.0,True,base_exact,18,1577.703181222153,1514.735489198826,1500.0,1583.1508026346742,3.0,0.0,2.0,0.0,3.237632550923041,0.1798684750512801,1559.0959947371637,1530.8946600346396,129.0,True,1,7.0,11.0,0.6363636363636364,5.0,0.5454545454545454,2.0,0.0,0.0,,0.0,1.0,0.0,0.0,1.0,1.0,68.0,,Orthodox,boutmetrics,,False,,3,3,0,0,1.0,2,0,1,0.6666666666666666,0.3333333333333333,2,0.6900584795321637,268.0,True,recovered_event_opponent_alias,3,1541.131302143077,1563.184059565122,1553.812433633769,1611.010578325672,2.0,1.0,2.0,1.0,1.7138042559615403,0.5712680853205135,1563.184059565122,1563.184059565122,268.0,True,0,0.0,0.0,,0.0,,0.0,0.0,0.0,,0.0,,0.0,0.0,0.0,0.0,-2.1821118845698386,-2.0,,15.0,-0.2941176470588235,0.0,-0.08044284264379964,36.5718790790761,-48.44857036629605,2.0,,,,,,,,,,,,,,,,,,,,,,,,,,,,,,,,,
2,DWCS 2.4,2018-07-10,Kevin Aguilar,Joey Gomez,Kevin Aguilar,discovery,True,29.837710562160755,31.9705401206048,1988-09-07,1986-07-21,2.132829558444044,-265.0,-370.0,185.0,310.0,BestFightOdds_historical,,,67.0,73.0,Orthodox,boutmetrics,boutmetrics,False,,10,10,0,0,1.0,6,2,2,0.8,0.3,5,0.7324331550802139,340.0,True,base_exact,10,1620.7953461122054,1557.42551249619,1558.1062230621988,1630.1791640987276,6.0,2.0,6.0,2.0,5.0331394213418825,0.5033139421341882,1581.6562810553908,1582.9258415814816,340.0,True,0,0.0,0.0,,0.0,,0.0,0.0,0.0,,0.0,,0.0,0.0,0.0,0.0,70.0,71.0,Orthodox,boutmetrics,boutmetrics,False,,4,3,1,0,0.75,2,0,1,0.6666666666666666,0.6666666666666666,4,0.6299603174603174,605.0,True,base_exact,4,1525.4538180830052,1523.361003083959,1522.165356445097,1544.8121528151478,0.0,0.0,0.0,0.0,1.0605757534585467,0.2651439383646367,1529.4822788708543,1523.361003083959,605.0,True,0,0.0,0.0,,0.0,,0.0,0.0,0.0,,0.0,,0.0,0.0,0.0,0.0,-2.132829558444044,-3.0,2.0,6.0,0.25,0.13333333333333341,0.10247283761989645,95.34152802920016,34.06450941223102,0.0,,,,,,,,,,,,,,,,,,2.0,24.21666666666667,2.4363386097728834,4.459738472126634,-2.0233998623537506,0.2850241545893719,0.5518672199170125,0.6194081211286991,1.8582243633860973,0.6194081211286991,0.6194081211286991,1.0,0.5,0.4129387474191328,-3.1280110116999307,0.0
2,DWCS 2.4,2018-07-10,Toby Misech,Ricky Palacios,Ricky Palacios,discovery,True,30.34148545144664,31.01501057516581,1988-03-07,1987-07-05,0.6735251237191697,255.0,-108.0,,,BestFightOdds_historical,,,68.0,,Southpaw,boutmetrics,,True,https://www.ufc.com/athlete/toby-misech,14,9,5,0,0.6428571428571429,6,0,3,0.6666666666666666,0.2222222222222222,8,0.484375,475.0,True,base_exact,14,1540.1779727268315,1504.2643333840265,1500.0,1560.8474694356744,1.0,0.0,1.0,0.0,1.6740821969513004,0.1195772997822357,1503.733763195639,1496.576023188297,475.0,True,0,0.0,0.0,,0.0,,0.0,0.0,0.0,,0.0,,0.0,0.0,0.0,0.0,66.0,,Orthodox,boutmetrics,,False,,5,4,1,0,0.8,2,0,2,0.5,0.25,2,0.6416666666666666,446.0,True,base_exact,5,1536.9775351239564,1515.4720800852538,1523.199507535894,1542.3931068987015,0.0,0.0,0.0,0.0,1.5407306301648558,0.3081461260329711,1522.3434023281409,1515.4720800852538,446.0,True,0,0.0,0.0,,0.0,,0.0,0.0,0.0,,0.0,,0.0,0.0,0.0,0.0,-0.6735251237191697,2.0,,9.0,-0.15714285714285714,0.16666666666666663,-0.1572916666666666,3.2004376028751267,-11.20774670122728,0.0,,,,,,,,,,,,,,,,,,,,,,,,,,,,,,,,,
2,DWCS 2.5,2018-07-17,Anthony Adams,Chibwikem Onyenegecha,Chibwikem Onyenegecha,discovery,True,30.50849777887294,24.246904453890224,1988-01-13,1994-04-18,6.261593324982716,130.0,158.0,-170.0,-180.0,BestFightOdds_historical,,,73.0,76.0,Orthodox,boutmetrics,boutmetrics,True,https://www.ufc.com/athlete/anthony-adams,3,3,0,0,1.0,0,0,3,0.0,0.0,1,0.6512820512820513,17.0,True,base_exact,3,1539.1900009296282,1543.5295858491056,1562.5618428782311,1569.325854819443,2.0,0.0,2.0,0.0,1.632916705401175,0.5443055684670584,1543.5295858491056,1543.5295858491056,17.0,True,0,0.0,0.0,,0.0,,0.0,0.0,0.0,,0.0,,0.0,0.0,0.0,0.0,75.0,,Orthodox,boutmetrics,,True,https://www.ufc.com/athlete/chibwikem-onyenegecha,0,0,0,0,,0,0,0,,,0,,,False,unmatched,0,,,,,,,,,,,,,,False,0,0.0,0.0,,0.0,,0.0,0.0,0.0,,0.0,,0.0,0.0,0.0,0.0,6.261593324982716,-2.0,,3.0,,,,,,0.0,,,,,,,,,,,,,,,,,,,,,,,,,,,,,,,,,
2,DWCS 2.5,2018-07-17,Austin Vanderford,Angelo Trevino,Austin Vanderford,discovery,True,28.323647987296116,25.10113144007064,1990-03-21,1993-06-10,3.222516547225478,-140.0,-110.0,100.0,-105.0,BestFightOdds_historical,,,71.0,74.0,Orthodox,boutmetrics,boutmetrics,True,https://www.ufc.com/athlete/austin-vanderford,4,4,0,0,1.0,1,1,2,0.5,0.25,4,0.5,213.0,True,base_exact,4,1545.2605008545904,1497.9467462317407,1500.0,1523.979795447242,0.0,0.0,0.0,0.0,1.8858542022746092,0.4714635505686523,1497.2623283089877,1497.9467462317407,213.0,True,0,0.0,0.0,,0.0,,0.0,0.0,0.0,,0.0,,0.0,0.0,0.0,0.0,71.0,,Switch,boutmetrics,,True,https://www.ufc.com/athlete/angelo-trevino,1,0,1,0,0.0,0,0,0,,,1,0.8333333333333334,843.0,True,base_exact,1,1489.5200614787532,1544.247972601242,1544.247972601242,1544.247972601242,0.0,0.0,0.0,0.0,-0.4366641050519552,-0.4366641050519552,1544.247972601242,1544.247972601242,843.0,True,0,0.0,0.0,,0.0,,0.0,0.0,0.0,,0.0,,0.0,0.0,0.0,0.0,3.222516547225478,0.0,,3.0,1.0,,-0.33333333333333337,55.74043937583724,-46.301226369501364,0.0,,,,,,,,,,,,,,,,,,,,,,,,,,,,,,,,,
2,DWCS 2.5,2018-07-17,Edmen Shahbazyan,Antonio Jones,Edmen Shahbazyan,discovery,True,20.654770460721306,33.26283222790338,1997-11-20,1985-04-12,12.608061767182075,-165.0,-230.0,125.0,215.0,BestFightOdds_historical,,,74.0,75.0,Orthodox,boutmetrics,boutmetrics,True,https://www.ufc.com/athlete/edmen-shahbazyan,0,0,0,0,,0,0,0,,,0,,,False,alias_no_prior_history,0,,,,,,,,,,,,,,False,0,0.0,0.0,,0.0,,0.0,0.0,0.0,,0.0,,0.0,0.0,0.0,0.0,71.0,,Orthodox,boutmetrics,,True,https://www.ufc.com/athlete/antonio-jones,7,7,0,0,1.0,2,1,4,0.4285714285714285,0.1428571428571428,4,0.2785714285714286,135.0,True,base_exact,7,1574.206072387633,1492.4175400270435,1500.0,1525.0836394094458,0.0,0.0,0.0,0.0,3.091919682818037,0.4417028118311482,1492.2802901081595,1491.6162833110798,135.0,True,0,0.0,0.0,,0.0,,0.0,0.0,0.0,,0.0,,0.0,0.0,0.0,0.0,-12.608061767182075,3.0,,-7.0,,,,,,0.0,,,,,,,,,,,,,,,,,,,,,,,,,,,,,,,,,
2,DWCS 2.5,2018-07-17,Maycee Barber,Jamie Colleen,Maycee Barber,discovery,True,20.16468510647036,32.70429919847772,1998-05-18,1985-11-02,12.539614092007362,-300.0,-470.0,250.0,375.0,BestFightOdds_historical,,,65.0,65.0,Switch,boutmetrics,boutmetrics,True,https://www.ufc.com/athlete/maycee-barber,2,2,0,0,1.0,0,0,2,0.0,0.0,1,0.5,312.0,True,base_exact,2,1523.1448193055332,1493.5928541278884,1493.5928541278884,1499.585699413623,0.0,0.0,0.0,0.0,0.964367471063894,0.4821837355319469,1493.5928541278884,1493.5928541278884,312.0,True,0,0.0,0.0,,0.0,,0.0,0.0,0.0,,0.0,,0.0,0.0,0.0,0.0,63.0,65.0,Orthodox,boutmetrics,boutmetrics,True,https://www.ufc.com/athlete/jamie-colleen,0,0,0,0,,0,0,0,,,0,,,False,unmatched,0,,,,,,,,,,,,,,False,1,38.0,77.0,0.4935064935064935,52.0,0.3734939759036144,-14.0,1.0,1.0,1.0,3.0,0.4,0.0,0.0,0.0,3.0,-12.539614092007362,2.0,0.0,2.0,,,,,,14.0,,,,,,,,,,,,,,,,,,,,,,,,,,,,,,,,,
2,DWCS 2.5,2018-07-17,Vince Morales,Domingo Pilarte,Domingo Pilarte,discovery,True,27.677501933646823,28.52899101282025,1990-11-12,1990-01-05,0.851489079173426,-265.0,-285.0,185.0,260.0,BestFightOdds_historical,,,67.0,70.0,Orthodox,boutmetrics,boutmetrics,True,https://www.ufc.com/athlete/vince-morales,4,3,1,0,0.75,3,0,0,1.0,0.0,2,0.7589285714285714,179.0,True,base_exact,4,1528.8682996390771,1536.8508545996146,1523.656306481539,1589.6630400867098,1.0,0.0,1.0,0.0,1.2028458182948896,0.3007114545737224,1541.2389436033247,1536.8508545996146,179.0,True,0,0.0,0.0,,0.0,,0.0,0.0,0.0,,0.0,,0.0,0.0,0.0,0.0,72.0,73.0,Southpaw,boutmetrics,boutmetrics,True,https://www.ufc.com/athlete/domingo-pilarte,9,8,1,0,0.8888888888888888,2,3,3,0.625,0.5,5,0.6496031746031746,480.0,True,base_exact,9,1577.3102749315094,1510.6794981589137,1500.0,1557.620418826319,2.0,0.0,1.0,0.0,3.221261455479554,0.3579179394977282,1532.1035077888243,1507.6990129207811,480.0,True,0,0.0,0.0,,0.0,,0.0,0.0,0.0,,0.0,,0.0,0.0,0.0,0.0,-0.851489079173426,-5.0,-3.0,-5.0,-0.13888888888888884,0.375,0.10932539682539677,-48.44197529243229,26.171356440700947,0.0,,,,,,,,,,,,,,,,,,,,,,,,,,,,,,,,,
2,DWCS 2.6,2018-07-24,Chase Hooper,Canaan Kawaihae,Chase Hooper,discovery,True,18.86144137114383,20.909395812371237,1999-09-13,1997-08-26,2.0479544412274073,-245.0,-125.0,175.0,108.0,BestFightOdds_historical,,,73.0,74.0,Southpaw,boutmetrics,boutmetrics,True,https://www.ufc.com/athlete/chase-hooper,0,0,0,0,,0,0,0,,,0,,,False,alias_no_prior_history,0,,,,,,,,,,,,,,False,0,0.0,0.0,,0.0,,0.0,0.0,0.0,,0.0,,0.0,0.0,0.0,0.0,72.0,71.0,Southpaw,boutmetrics,boutmetrics,True,https://www.ufc.com/athlete/canaan-kawaihae,5,4,0,1,1.0,1,3,0,1.0,1.0,3,0.5,146.0,True,base_exact,5,1542.869469749858,1489.8816076066764,1500.0,1512.0,0.0,0.0,0.0,0.0,1.7862279062440891,0.3572455812488179,1483.1360126777945,1489.8816076066764,146.0,True,0,0.0,0.0,,0.0,,0.0,0.0,0.0,,0.0,,0.0,0.0,0.0,0.0,-2.0479544412274073,1.0,3.0,-5.0,,,,,,0.0,,,,,,,,,,,,,,,,,,,,,,,,,,,,,,,,,
2,DWCS 2.6,2018-07-24,Jeff Hughes,Josh Appelt,Jeff Hughes,discovery,True,30.18542475204829,35.09722992258568,1988-05-17,1983-06-19,4.9118051705373915,-135.0,-275.0,-105.0,250.0,BestFightOdds_historical,,,74.0,77.0,Orthodox,boutmetrics,boutmetrics,False,,6,6,0,0,1.0,0,0,6,0.0,0.0,2,0.7789160401002505,88.0,True,base_exact,6,1579.0630391790207,1569.1340450698638,1560.836197729132,1622.659868325258,4.0,2.0,4.0,2.0,3.294293299125867,0.5490488831876444,1568.3711874212995,1569.5917537252749,88.0,True,0,0.0,0.0,,0.0,,0.0,0.0,0.0,,0.0,,0.0,0.0,0.0,0.0,70.0,,Southpaw,boutmetrics,,False,,26,18,8,0,0.6923076923076923,12,3,3,0.8333333333333334,0.5555555555555556,7,0.4889136761317212,290.0,True,base_exact,26,1581.59338496704,1513.3348078401657,1500.0,1667.8965604517216,3.0,2.0,1.0,0.0,3.3997243736266705,0.1307586297548719,1472.6059900126363,1548.907665478236,290.0,True,0,0.0,0.0,,0.0,,0.0,0.0,0.0,,0.0,,0.0,0.0,0.0,0.0,-4.9118051705373915,4.0,,-20.0,0.3076923076923077,-0.8333333333333334,0.2900023639685293,-2.5303457880193037,55.799237229698065,0.0,,,,,,,,,,,,,,,,,,,,,,,,,,,,,,,,,
2,DWCS 2.6,2018-07-24,Jimmy Crute,Chris Birchler,Jimmy Crute,discovery,True,22.387865596145023,31.135478483473307,1996-03-04,1987-06-05,8.747612887328284,,,250.0,450.0,BestFightOdds_historical,,,74.0,74.0,Orthodox,boutmetrics,boutmetrics,True,https://www.ufc.com/athlete/jim-crute,1,1,0,0,1.0,0,0,1,0.0,0.0,1,0.6,123.0,True,base_exact,1,1512.976019468551,1528.3212203473545,1528.3212203473545,1528.3212203473545,0.0,0.0,0.0,0.0,0.5406674778562877,0.5406674778562877,1528.3212203473545,1528.3212203473545,123.0,True,0,0.0,0.0,,0.0,,0.0,0.0,0.0,,0.0,,0.0,0.0,0.0,0.0,75.0,,Switch,boutmetrics,,False,,4,3,1,0,0.75,0,1,2,0.3333333333333333,0.3333333333333333,2,0.6785714285714286,857.0,True,base_exact,4,1522.6555225123875,1507.4077010476171,1511.5595794163785,1549.370474387982,0.0,0.0,0.0,0.0,0.9439801046828078,0.2359950261707019,1506.1569289092902,1507.4077010476171,857.0,True,0,0.0,0.0,,0.0,,0.0,0.0,0.0,,0.0,,0.0,0.0,0.0,0.0,-8.747612887328284,-1.0,,-3.0,0.25,-0.3333333333333333,-0.07857142857142863,-9.679503043836576,20.913519299737345,0.0,,,,,,,,,,,,,,,,,,,,,,,,,,,,,,,,,
2,DWCS 2.6,2018-07-24,Mike Davis,Sodiq Yusuff,Sodiq Yusuff,discovery,True,25.79382191283873,25.180530743273305,1992-10-07,1993-05-19,0.6132911695654251,-140.0,-225.0,100.0,200.0,BestFightOdds_historical,,,72.0,72.0,Orthodox,boutmetrics,boutmetrics,True,https://www.ufc.com/athlete/mike-davis,0,0,0,0,,0,0,0,,,0,,,False,unmatched,0,,,,,,,,,,,,,,False,0,0.0,0.0,,0.0,,0.0,0.0,0.0,,0.0,,0.0,0.0,0.0,0.0,69.0,71.0,Orthodox,boutmetrics,boutmetrics,True,https://www.ufc.com/athlete/sodiq-yusuff,2,1,1,0,0.5,0,0,1,0.0,0.0,2,0.6696428571428572,221.0,True,base_exact,2,1502.3727112373472,1541.652931179713,1541.652931179713,1559.4370152273716,1.0,0.0,1.0,0.0,0.0988629682227949,0.0494314841113974,1541.652931179713,1541.652931179713,221.0,True,0,0.0,0.0,,0.0,,0.0,0.0,0.0,,0.0,,0.0,0.0,0.0,0.0,0.6132911695654251,3.0,1.0,-2.0,,,,,,0.0,,,,,,,,,,,,,,,,,,,,,,,,,,,,,,,,,
2,DWCS 2.6,2018-07-24,Nick Newell,Alexander Munoz,Alexander Munoz,discovery,True,32.35384710158319,28.403047290498776,1986-03-17,1990-02-27,3.9507998110844156,-300.0,-105.0,,,BestFightOdds_historical,,,70.0,,Southpaw,boutmetrics,,True,https://www.ufc.com/athlete/nick-newell,16,15,1,0,0.9375,2,10,3,0.8,0.8,7,0.3376225490196078,137.0,True,base_exact,16,1633.975956530453,1509.1875789818105,1500.0,1599.3110969365002,1.0,0.0,1.0,0.0,5.582331522102206,0.3488957201313878,1520.551222269976,1518.483607707905,137.0,True,0,0.0,0.0,,0.0,,0.0,0.0,0.0,,0.0,,0.0,0.0,0.0,0.0,69.0,72.0,Switch,boutmetrics,boutmetrics,False,,4,4,0,0,1.0,2,1,1,0.75,0.75,3,0.4166666666666667,612.0,True,recovered_event_opponent_alias,4,1546.8442519418793,1508.9442533228985,1500.0,1546.583990768912,0.0,0.0,0.0,0.0,1.9518438309116437,0.4879609577279108,1515.5279969229705,1508.9442533228985,612.0,True,0,0.0,0.0,,0.0,,0.0,0.0,0.0,,0.0,,0.0,0.0,0.0,0.0,3.9507998110844156,1.0,,12.0,-0.0625,0.050000000000000044,-0.07904411764705888,87.13170458857371,0.2433256589119992,0.0,,,,,,,,,,,,,,,,,,,,,,,,,,,,,,,,,
2,DWCS 2.7,2018-07-31,Don'Tale Mayes,Mitchell Sipe,Don'Tale Mayes,discovery,True,26.538532618739605,22.30846629294236,1992-01-16,1996-04-09,4.230066325797246,-175.0,-140.0,,,BestFightOdds_historical,,,78.0,81.0,Orthodox,boutmetrics,boutmetrics,True,https://www.ufc.com/athlete/dontale-mayes,7,5,2,0,0.7142857142857143,0,2,3,0.4,0.2,6,0.5416666666666666,108.0,True,base_exact,7,1534.134350113609,1509.8771410051395,1512.6531434223757,1533.6931753416425,0.0,0.0,0.0,0.0,1.4222645880670324,0.2031806554381474,1522.3842185765045,1517.7691662142313,108.0,True,1,17.0,55.0,0.3090909090909091,45.0,0.375,-28.0,0.0,3.0,0.0,2.0,0.6666666666666667,0.0,0.0,0.0,0.0,74.0,,Orthodox,boutmetrics,,True,https://www.ufc.com/athlete/mitchell-sipe,0,0,0,0,,0,0,0,,,0,,,False,alias_no_prior_history,0,,,,,,,,,,,,,,False,0,0.0,0.0,,0.0,,0.0,0.0,0.0,,0.0,,0.0,0.0,0.0,0.0,4.230066325797246,4.0,,7.0,,,,,,-28.0,,,,,,,,,,,,,,,,,,,,,,,,,,,,,,,,,
2,DWCS 2.7,2018-07-31,Ian Heinisch,Justin Sumter,Ian Heinisch,discovery,True,29.98555754053813,28.704217061267517,1988-08-05,1989-11-16,1.2813404792706145,-365.0,-450.0,255.0,385.0,BestFightOdds_historical,,,71.0,72.0,Orthodox,boutmetrics,boutmetrics,True,https://www.ufc.com/athlete/ian-heinisch,15,13,2,0,0.8666666666666667,5,3,5,0.6153846153846154,0.4615384615384615,3,0.6731601731601732,88.0,True,base_exact,15,1614.7089069454105,1530.7250732662462,1520.7342960523054,1618.5284207327009,4.0,2.0,2.0,0.0,4.779537789392097,0.3186358526261398,1510.7288300395376,1528.134593455655,88.0,True,0,0.0,0.0,,0.0,,0.0,0.0,0.0,,0.0,,0.0,0.0,0.0,0.0,74.0,80.0,Southpaw,boutmetrics,boutmetrics,False,,3,1,2,0,0.3333333333333333,0,1,0,1.0,1.0,2,0.7999999999999999,277.0,True,base_exact,3,1491.5693555218445,1524.4942966303786,1543.43355767939,1553.941181916475,1.0,0.0,0.0,0.0,-0.3512768532564899,-0.1170922844188299,1524.4942966303786,1524.4942966303786,277.0,True,0,0.0,0.0,,0.0,,0.0,0.0,0.0,,0.0,,0.0,0.0,0.0,0.0,1.2813404792706145,-3.0,-8.0,12.0,0.5333333333333334,-0.3846153846153846,-0.12683982683982675,123.13955142356599,6.230776635867642,0.0,,,,,,,,,,,,,,,,,,,,,,,,,,,,,,,,,
2,DWCS 2.7,2018-07-31,Juan Adams,Shawn Teed,Juan Adams,discovery,True,26.538532618739605,26.461871222543927,1992-01-16,1992-02-13,0.07666139619567858,-175.0,-360.0,135.0,310.0,BestFightOdds_historical,,,77.0,80.0,Orthodox,boutmetrics,boutmetrics,True,https://www.ufc.com/athlete/juan-adams,0,0,0,0,,0,0,0,,,0,,,False,unmatched,0,,,,,,,,,,,,,,False,0,0.0,0.0,,0.0,,0.0,0.0,0.0,,0.0,,0.0,0.0,0.0,0.0,77.0,79.0,Orthodox,boutmetrics,ufc.com_verified_static_fill,True,https://www.ufc.com/athlete/shawn-teed,1,0,1,0,0.0,0,0,0,,,1,0.7647058823529411,528.0,True,base_exact,1,1490.7398614768374,1580.7503674905454,1580.7503674905454,1580.7503674905454,1.0,0.0,0.0,0.0,-0.3858391051317723,-0.3858391051317723,1580.7503674905454,1580.7503674905454,528.0,True,0,0.0,0.0,,0.0,,0.0,0.0,0.0,,0.0,,0.0,0.0,0.0,0.0,0.07666139619567858,0.0,1.0,-1.0,,,,,,0.0,,,,,,,,,,,,,,,,,,,,,,,,,,,,,,,,,
2,DWCS 2.7,2018-07-31,Maurice Mitchell,Jordan Griffin,Jordan Griffin,discovery,True,31.088934064354504,28.41947473254071,1987-06-29,1990-02-28,2.669459331813794,110.0,185.0,-150.0,-200.0,BestFightOdds_historical,,,69.0,,Orthodox,boutmetrics,,True,https://www.ufc.com/athlete/maurice-mitchell,1,0,1,0,0.0,0,0,0,,,1,0.631578947368421,2757.0,True,base_exact,1,1489.596122258342,1546.487928443417,1546.487928443417,1546.487928443417,0.0,0.0,0.0,0.0,-0.43349490590242,-0.43349490590242,1546.487928443417,1546.487928443417,2757.0,True,0,0.0,0.0,,0.0,,0.0,0.0,0.0,,0.0,,0.0,0.0,0.0,0.0,70.0,73.0,Southpaw,boutmetrics,boutmetrics,True,https://www.ufc.com/athlete/jordan-griffin,23,18,5,0,0.782608695652174,5,9,4,0.7777777777777778,0.3333333333333333,12,0.617146665178899,60.0,True,base_exact,23,1638.1993701732554,1523.5694291955242,1500.0,1599.157058283597,7.0,0.0,5.0,0.0,5.758307090552299,0.2503611778501,1569.9266509835554,1567.9482636807284,60.0,True,0,0.0,0.0,,0.0,,0.0,0.0,0.0,,0.0,,0.0,0.0,0.0,0.0,2.669459331813794,-1.0,,-22.0,-0.782608695652174,,0.014432282189521972,-148.60324791491348,22.918499247892896,0.0,,,,,,,,,,,,,,,,,,,,,,,,,,,,,,,,,
2,DWCS 2.7,2018-07-31,Roosevelt Roberts,Garrett Gross,Roosevelt Roberts,discovery,True,24.465937014449302,29.97734381951717,1994-02-11,1988-08-08,5.5114068050678675,-475.0,-370.0,325.0,335.0,BestFightOdds_historical,,,74.0,73.0,Orthodox,boutmetrics,boutmetrics,True,https://www.ufc.com/athlete/roosevelt-roberts,6,6,0,0,1.0,4,2,0,1.0,0.8333333333333334,4,0.40625,192.0,True,base_exact,6,1565.6322293669252,1497.98035708949,1500.0,1531.640928368961,0.0,0.0,0.0,0.0,2.734676223621887,0.4557793706036478,1485.4137380559926,1497.5764285073878,192.0,True,0,0.0,0.0,,0.0,,0.0,0.0,0.0,,0.0,,0.0,0.0,0.0,0.0,69.0,69.0,Orthodox,boutmetrics,ufc.com_verified_static_fill,True,https://www.ufc.com/athlete/garrett-gross,20,12,8,0,0.6,8,2,2,0.8333333333333334,0.5,8,0.5888888888888889,242.0,True,base_exact,20,1548.8272981256164,1507.0411251341,1500.0,1577.287340046129,1.0,0.0,0.0,0.0,2.0344707552340244,0.1017235377617012,1503.120309560573,1501.872185736344,242.0,True,0,0.0,0.0,,0.0,,0.0,0.0,0.0,,0.0,,0.0,0.0,0.0,0.0,-5.5114068050678675,5.0,4.0,-14.0,0.4,0.16666666666666663,-0.1826388888888889,16.80493124130885,-9.060768044609858,0.0,,,,,,,,,,,,,,,,,,,,,,,,,,,,,,,,,
2,DWCS 2.8,2018-08-07,Bobby Moffett,Jacob Kilburn,Bobby Moffett,discovery,True,28.184014729939697,23.110673045989994,1990-06-01,1995-06-28,5.073341683949703,-430.0,-390.0,310.0,345.0,BestFightOdds_historical,,,70.0,73.0,Orthodox,boutmetrics,boutmetrics,True,https://www.ufc.com/athlete/bobby-moffett,17,13,4,0,0.7647058823529411,1,7,5,0.6153846153846154,0.4615384615384615,7,0.7339743589743589,52.0,True,base_exact,17,1589.912167901547,1524.5763288858982,1512.0143094285309,1592.4380654490285,5.0,0.0,3.0,0.0,3.746340329231134,0.2203729605430078,1516.2261438424491,1532.69982690111,52.0,True,0,0.0,0.0,,0.0,,0.0,0.0,0.0,,0.0,,0.0,0.0,0.0,0.0,69.0,72.0,Orthodox,boutmetrics,boutmetrics,True,https://www.ufc.com/athlete/jacob-kilburn,7,6,1,0,0.8571428571428571,2,2,2,0.6666666666666666,0.0,5,0.3666666666666666,66.0,True,base_exact,7,1553.962213001876,1498.8336535294434,1500.0,1506.5409067752478,0.0,0.0,0.0,0.0,2.2484255417448398,0.3212036488206913,1501.1876638248775,1498.3671149412207,66.0,True,0,0.0,0.0,,0.0,,0.0,0.0,0.0,,0.0,,0.0,0.0,0.0,0.0,5.073341683949703,1.0,1.0,10.0,-0.09243697478991597,-0.05128205128205121,0.36730769230769234,35.949954899670956,25.74267535645481,0.0,,,,,,,,,,,,,,,,,,,,,,,,,,,,,,,,,
2,DWCS 2.8,2018-08-07,Greg Hardy,Tebaris Gordon,Greg Hardy,discovery,True,30.02662614564296,30.05126730870586,1988-07-28,1988-07-19,0.024641163062899096,-280.0,-500.0,200.0,480.0,BestFightOdds_historical,,,77.0,80.0,Orthodox,boutmetrics,boutmetrics,True,https://www.ufc.com/athlete/greg-hardy,2,2,0,0,1.0,2,0,0,1.0,1.0,2,,56.0,True,base_exact,2,1523.585699413623,1500.0,1500.0,1500.0,0.0,0.0,0.0,0.0,0.9827374755676238,0.4913687377838119,1500.0,1500.0,56.0,True,1,6.0,15.0,0.4,5.0,0.6428571428571428,1.0,0.0,0.0,,0.0,,0.0,0.0,1.0,0.0,73.0,78.0,Orthodox,boutmetrics,ufc.com_verified_static_fill,True,https://www.ufc.com/athlete/tebaris-gordon,0,0,0,0,,0,0,0,,,0,,,False,alias_no_prior_history,0,,,,,,,,,,,,,,False,0,0.0,0.0,,0.0,,0.0,0.0,0.0,,0.0,,0.0,0.0,0.0,0.0,-0.024641163062899096,4.0,2.0,2.0,,,,,,1.0,,,,,,,,,,,,,,,,,,,,,,,,,,,,,,,,,
2,DWCS 2.8,2018-08-07,JR Coughran,Alex Gilpin,Alex Gilpin,discovery,True,24.22500119783432,26.36604447729933,1994-05-17,1992-03-26,2.141043279465009,240.0,250.0,-320.0,-290.0,BestFightOdds_historical,,,66.0,,Orthodox,boutmetrics,,True,https://www.ufc.com/athlete/jr-coughran-0,4,4,0,0,1.0,0,1,3,0.25,0.25,3,0.875,480.0,True,recovered_event_opponent_alias,4,1547.455643087126,1514.4199972310942,1517.5986044262731,1523.585699413623,0.0,0.0,0.0,0.0,1.977318461963589,0.4943296154908972,1511.3647631702513,1514.4199972310942,480.0,True,0,0.0,0.0,,0.0,,0.0,0.0,0.0,,0.0,,0.0,0.0,0.0,0.0,67.0,,Orthodox,boutmetrics,,True,https://www.ufc.com/athlete/alex-gilpin,13,12,1,0,0.9230769230769232,3,6,3,0.75,0.4166666666666667,5,0.6050000000000001,80.0,True,base_exact,13,1619.733685008538,1527.3961017229967,1511.630788187285,1598.1801719265698,4.0,0.0,3.0,0.0,4.988903542022415,0.3837618109248011,1565.7088221401991,1538.2022711624882,80.0,True,0,0.0,0.0,,0.0,,0.0,0.0,0.0,,0.0,,0.0,0.0,0.0,0.0,-2.141043279465009,-1.0,,-9.0,0.07692307692307676,-0.5,0.2699999999999999,-72.27804192141207,-12.97610449190256,0.0,,,,,,,,,,,,,,,,,,,,,,,,,,,,,,,,,
2,DWCS 2.8,2018-08-07,Joe Lowry,Devonte Smith,Devonte Smith,discovery,True,28.65219682813473,25.02173213686797,1989-12-12,1993-07-30,3.6304646912667593,,,175.0,140.0,BestFightOdds_historical,,,71.0,73.0,Orthodox,boutmetrics,boutmetrics,False,,0,0,0,0,,0,0,0,,,0,,,False,unmatched,0,,,,,,,,,,,,,,False,0,0.0,0.0,,0.0,,0.0,0.0,0.0,,0.0,,0.0,0.0,0.0,0.0,69.0,76.0,Orthodox,boutmetrics,boutmetrics,False,,2,2,0,0,1.0,2,0,0,1.0,0.5,2,0.7424242424242424,157.0,True,base_exact,2,1527.5508460876697,1559.1572238574029,1559.1572238574029,1571.2808545384808,1.0,0.0,1.0,0.0,1.1479519203195772,0.5739759601597886,1559.1572238574029,1559.1572238574029,157.0,True,0,0.0,0.0,,0.0,,0.0,0.0,0.0,,0.0,,0.0,0.0,0.0,0.0,3.6304646912667593,2.0,-3.0,-2.0,,,,,,0.0,,,,,,,,,,,,,,,,,,,,,,,,,,,,,,,,,
2,DWCS 2.8,2018-08-07,Kennedy Nzechukwu,Dennis Bryant,Kennedy Nzechukwu,discovery,True,26.14974982374724,32.80286385072931,1992-06-13,1985-10-18,6.65311402698207,-265.0,-700.0,185.0,525.0,BestFightOdds_historical,,,77.0,83.0,Southpaw,boutmetrics,boutmetrics,True,https://www.ufc.com/athlete/kennedy-nzechukwu,1,1,0,0,1.0,1,0,0,1.0,0.0,1,0.4444444444444444,640.0,True,base_exact,1,1511.175022060506,1476.0767049583123,1476.0767049583123,1476.0767049583123,0.0,0.0,0.0,0.0,0.4656259191877563,0.4656259191877563,1476.0767049583123,1476.0767049583123,640.0,True,1,102.0,311.0,0.3279742765273312,66.0,0.5319148936170213,36.0,0.0,0.0,,2.0,0.7142857142857143,0.0,0.0,0.0,0.0,72.0,,Orthodox,boutmetrics,,False,,0,0,0,0,,0,0,0,,,0,,,False,unmatched,0,,,,,,,,,,,,,,False,0,0.0,0.0,,0.0,,0.0,0.0,0.0,,0.0,,0.0,0.0,0.0,0.0,-6.65311402698207,5.0,,1.0,,,,,,36.0,,,,,,,,,,,,,,,,,,,,,,,,,,,,,,,,,
3,DWCS 3.1,2019-06-18,Bill Algeo,Brendan Loughnane,Brendan Loughnane,discovery,True,30.023888238635973,29.533802884385032,1989-06-09,1989-12-05,0.49008535425094024,-110.0,275.0,-110.0,-280.0,BestFightOdds_historical,,,72.0,73.0,Switch,boutmetrics,boutmetrics,False,,6,5,1,0,0.8333333333333334,1,3,1,0.8,0.0,4,0.8326330532212886,116.0,True,base_exact,6,1552.2989152897458,1544.1540834956822,1545.892171113799,1575.4453796535545,2.0,0.0,2.0,0.0,2.179121470406069,0.3631869117343448,1560.9112266212032,1550.662246053988,116.0,True,0,0.0,0.0,,0.0,,0.0,0.0,0.0,,0.0,,0.0,0.0,0.0,0.0,70.0,70.0,Switch,boutmetrics,boutmetrics,True,https://www.ufc.com/athlete/brendan-loughnane,22,18,4,0,0.8181818181818182,12,2,4,0.7777777777777778,0.3888888888888889,10,0.5637237027678205,200.0,True,base_exact,22,1628.5705657628462,1521.083270164184,1526.1290012069055,1574.9343265220143,7.0,0.0,4.0,0.0,5.357106906785236,0.2435048593993289,1552.9981388032054,1558.6297794444206,200.0,True,0,0.0,0.0,,0.0,,0.0,0.0,0.0,,0.0,,0.0,0.0,0.0,0.0,0.49008535425094024,2.0,3.0,-16.0,0.015151515151515138,0.022222222222222254,0.2689093504534681,-76.27165047310041,23.070813331498357,0.0,,,,,,,,,,,,,,,,,,1.0,15.0,5.0,3.6,1.4,0.6302521008403361,0.6603773584905661,1.0,0.0,0.0,2.0,0.0,0.9166666666666666,1.9,-1.9666666666666663,0.0
3,DWCS 3.1,2019-06-18,Hannah Goldy,Kali Robbins,Hannah Goldy,discovery,True,27.08337611313032,34.95212085121529,1992-05-18,1984-07-05,7.86874473808497,-180.0,-205.0,155.0,200.0,BestFightOdds_historical,,,64.0,61.0,Orthodox,boutmetrics,boutmetrics,True,https://www.ufc.com/athlete/hannah-goldy,0,0,0,0,,0,0,0,,,0,,,False,unmatched,0,,,,,,,,,,,,,,False,0,0.0,0.0,,0.0,,0.0,0.0,0.0,,0.0,,0.0,0.0,0.0,0.0,63.0,63.0,Orthodox,boutmetrics,boutmetrics,True,https://www.ufc.com/athlete/kali-robbins,0,0,0,0,,0,0,0,,,0,,,False,unmatched,0,,,,,,,,,,,,,,False,0,0.0,0.0,,0.0,,0.0,0.0,0.0,,0.0,,0.0,0.0,0.0,0.0,-7.86874473808497,1.0,-2.0,0.0,,,,,,0.0,,,,,,,,,,,,,,,,,,,,,,,,,,,,,,,,,
3,DWCS 3.1,2019-06-18,Punahele Soriano,Jamie Pickett,Punahele Soriano,discovery,True,26.56864959581648,30.801453828620712,1992-11-22,1988-08-29,4.232804232804231,-300.0,-333.0,250.0,305.0,BestFightOdds_historical,,,71.0,72.0,Southpaw,boutmetrics,boutmetrics,False,,6,6,0,0,1.0,3,3,0,1.0,1.0,5,0.8666666666666667,242.0,True,base_exact,6,1569.3091282633309,1516.487173521921,1512.071649055178,1539.020244538966,0.0,0.0,0.0,0.0,2.887880344305451,0.4813133907175751,1519.9675988641866,1519.7846082263052,242.0,True,0,0.0,0.0,,0.0,,0.0,0.0,0.0,,0.0,,0.0,0.0,0.0,0.0,74.0,80.0,Orthodox,boutmetrics,boutmetrics,True,https://www.ufc.com/athlete/jamie-pickett,1,1,0,0,1.0,1,0,0,1.0,1.0,1,0.5454545454545454,388.0,True,base_exact,1,1512.4055796720677,1511.7472086454231,1511.7472086454231,1511.7472086454231,0.0,0.0,0.0,0.0,0.5168991530028197,0.5168991530028197,1511.7472086454231,1511.7472086454231,388.0,True,1,5.0,12.0,0.4166666666666667,13.0,0.4583333333333333,-8.0,2.0,5.0,0.4,1.0,0.0,0.0,0.0,0.0,0.0,-4.232804232804231,-3.0,-8.0,5.0,0.0,0.0,0.3212121212121213,56.90354859126319,4.739964876497879,8.0,,,,,,,,,,,,,,,,,,,,,,,,,,,,,,,,,
3,DWCS 3.1,2019-06-18,Sanford Alton Meeks,Yorgan De Castro,Yorgan De Castro,discovery,True,25.20243399932921,32.496218265946595,1994-04-05,1986-12-19,7.293784266617386,,,250.0,675.0,BestFightOdds_historical,,,77.0,75.0,Orthodox,boutmetrics,boutmetrics,False,,0,0,0,0,,0,0,0,,,0,,,False,unmatched,0,,,,,,,,,,,,,,False,0,0.0,0.0,,0.0,,0.0,0.0,0.0,,0.0,,0.0,0.0,0.0,0.0,72.0,74.0,Orthodox,boutmetrics,boutmetrics,True,https://www.ufc.com/athlete/yorgan-de-castro,1,1,0,0,1.0,1,0,0,1.0,1.0,1,0.75,213.0,True,base_exact,1,1512.730673789416,1521.1813757739096,1521.1813757739096,1521.1813757739096,0.0,0.0,0.0,0.0,0.5304447412256607,0.5304447412256607,1521.1813757739096,1521.1813757739096,213.0,True,0,0.0,0.0,,0.0,,0.0,0.0,0.0,,0.0,,0.0,0.0,0.0,0.0,-7.293784266617386,5.0,1.0,-1.0,,,,,,0.0,,,,,,,,,,,,,,,,,,,,,,,,,,,,,,,,,
3,DWCS 3.2,2019-06-25,Alton Cunningham,Tony Johnson,Tony Johnson,discovery,True,26.00190284536985,36.14858621326927,1993-06-24,1983-05-02,10.146683367899417,-350.0,-455.0,250.0,450.0,BestFightOdds_historical,,,74.0,77.0,Orthodox,boutmetrics,boutmetrics,True,https://www.ufc.com/athlete/alton-cunningham,7,6,1,0,0.8571428571428571,6,0,0,1.0,0.3333333333333333,2,0.7115646258503402,200.0,True,base_exact,7,1558.228942205399,1522.4151095922978,1518.6509990388856,1577.3077892272588,2.0,0.0,1.0,0.0,2.426205925224957,0.3466008464607082,1534.405396013424,1513.4579721904206,200.0,True,1,5.0,8.0,0.625,29.0,0.3829787234042553,-24.0,0.0,0.0,,0.0,1.0,0.0,0.0,0.0,0.0,73.0,,Stance —,boutmetrics,,False,,18,14,3,1,0.8235294117647058,5,2,6,0.5,0.2857142857142857,12,0.6902661064425769,129.0,True,base_exact,18,1627.9805046095998,1551.2344016751051,1509.8683825240073,1725.757292113822,6.0,4.0,5.0,3.0,5.332521025399995,0.2962511680777775,1536.2199918530816,1556.4453702891412,129.0,True,0,0.0,0.0,,0.0,,0.0,0.0,0.0,,0.0,,0.0,0.0,0.0,0.0,-10.146683367899417,1.0,,-11.0,0.03361344537815125,0.5,0.021298519407763283,-69.75156240420074,-28.81929208280735,-24.0,,,,,,,,,,,,,,,,,,,,,,,,,,,,,,,,,
3,DWCS 3.2,2019-06-25,Michael Lombardo,Kyle Daukaus,Kyle Daukaus,discovery,True,29.22715729960232,26.32223796518751,1990-04-03,1993-02-27,2.90491933441481,-115.0,-192.0,,,BestFightOdds_historical,,,72.0,72.0,Orthodox,boutmetrics,boutmetrics,True,https://www.ufc.com/athlete/michael-lombardo,1,1,0,0,1.0,0,1,0,1.0,1.0,1,0.6,157.0,True,base_exact,1,1512.602242659178,1517.4513724926417,1517.4513724926417,1517.4513724926417,0.0,0.0,0.0,0.0,0.5250934441324184,0.5250934441324184,1517.4513724926417,1517.4513724926417,157.0,True,0,0.0,0.0,,0.0,,0.0,0.0,0.0,,0.0,,0.0,0.0,0.0,0.0,74.0,76.0,Southpaw,boutmetrics,boutmetrics,True,https://www.ufc.com/athlete/kyle-daukaus,0,0,0,0,,0,0,0,,,0,,,False,unmatched,0,,,,,,,,,,,,,,False,0,0.0,0.0,,0.0,,0.0,0.0,0.0,,0.0,,0.0,0.0,0.0,0.0,2.90491933441481,-2.0,-4.0,1.0,,,,,,0.0,,,,,,,,,,,,,,,,,,,,,,,,,,,,,,,,,
3,DWCS 3.2,2019-06-25,Miguel Baeza,Victor Reyna,Miguel Baeza,discovery,True,26.83696448250135,32.88773896794595,1992-08-23,1986-08-05,6.050774485444599,-380.0,-400.0,260.0,345.0,BestFightOdds_historical,,,74.0,74.0,Orthodox,boutmetrics,boutmetrics,True,https://www.ufc.com/athlete/miguel-baeza,1,1,0,0,1.0,1,0,0,1.0,1.0,1,0.6666666666666666,192.0,True,base_exact,1,1512.7138414909834,1520.6922588567,1520.6922588567,1520.6922588567,0.0,0.0,0.0,0.0,0.5297433954576398,0.5297433954576398,1520.6922588567,1520.6922588567,192.0,True,0,0.0,0.0,,0.0,,0.0,0.0,0.0,,0.0,,0.0,0.0,0.0,0.0,71.0,74.0,Southpaw,boutmetrics,boutmetrics,True,https://www.ufc.com/athlete/victor-reyna,4,2,1,1,0.6666666666666666,1,0,1,0.5,0.5,3,0.6568260368663594,339.0,True,base_exact,4,1516.9934058797432,1544.402046850531,1548.6905913486517,1562.2059657016057,2.0,0.0,0.0,0.0,0.7080585783226359,0.1770146445806589,1544.7363863355222,1544.402046850531,339.0,True,0,0.0,0.0,,0.0,,0.0,0.0,0.0,,0.0,,0.0,0.0,0.0,0.0,-6.050774485444599,3.0,0.0,-3.0,0.33333333333333337,0.5,0.009840629800307199,-4.279564388759809,-23.709787993831014,0.0,,,,,,,,,,,,,,,,,,,,,,,,,,,,,,,,,
3,DWCS 3.2,2019-06-25,Richie Santiago,Miles Johns,Miles Johns,discovery,True,26.705544946165904,25.23802679042006,1992-10-10,1994-03-30,1.467518155745843,240.0,775.0,-320.0,-1000.0,BestFightOdds_historical,,,67.0,67.0,Southpaw,boutmetrics,boutmetrics,True,https://www.ufc.com/athlete/richie-santiago,1,1,0,0,1.0,0,1,0,1.0,1.0,1,0.8571428571428571,585.0,True,base_exact,1,1513.8676394579604,1554.5167628013623,1554.5167628013623,1554.5167628013623,1.0,0.0,1.0,0.0,0.5778183107483534,0.5778183107483534,1554.5167628013623,1554.5167628013623,585.0,True,0,0.0,0.0,,0.0,,0.0,0.0,0.0,,0.0,,0.0,0.0,0.0,0.0,67.0,68.0,Orthodox,boutmetrics,boutmetrics,False,,5,5,0,0,1.0,1,0,4,0.2,0.0,2,0.7057692307692307,207.0,True,base_exact,5,1565.450834907646,1558.3559596635637,1561.3092098275802,1574.497440725677,4.0,0.0,4.0,0.0,2.7271181211519195,0.5454236242303839,1563.7997951076295,1558.3559596635637,207.0,True,0,0.0,0.0,,0.0,,0.0,0.0,0.0,,0.0,,0.0,0.0,0.0,0.0,1.467518155745843,0.0,-1.0,-4.0,0.0,0.8,0.1513736263736264,-51.58319544968549,-3.8391968622013337,0.0,,,,,,,,,,,,,,,,,,,,,,,,,,,,,,,,,
3,DWCS 3.2,2019-06-25,Zach Zane,Justin Gonzales,Justin Gonzales,discovery,True,29.528327070371056,28.1593735668768,1989-12-14,1991-04-28,1.3689535034942573,225.0,390.0,-305.0,-400.0,BestFightOdds_historical,,,67.0,69.0,Southpaw,boutmetrics,boutmetrics,True,https://www.ufc.com/athlete/zach-zane,19,12,7,0,0.631578947368421,3,9,0,1.0,0.75,13,0.5791666666666667,95.0,True,base_exact,19,1563.4244888728722,1505.4880789603976,1500.0,1536.1336385844652,0.0,0.0,0.0,0.0,2.642687036369701,0.139088791387879,1485.9319737244884,1498.7859119515858,95.0,True,0,0.0,0.0,,0.0,,0.0,0.0,0.0,,0.0,,0.0,0.0,0.0,0.0,69.0,72.0,Orthodox,boutmetrics,boutmetrics,True,https://www.ufc.com/athlete/justin-gonzales,9,9,0,0,1.0,3,1,5,0.4444444444444444,0.2222222222222222,1,0.525,59.0,True,base_exact,9,1594.762717273894,1501.545570442654,1500.0,1525.5083950017795,0.0,0.0,0.0,0.0,3.9484465530789175,0.4387162836754352,1493.128529811931,1502.0618369956778,59.0,True,0,0.0,0.0,,0.0,,0.0,0.0,0.0,,0.0,,0.0,0.0,0.0,0.0,1.3689535034942573,-2.0,-3.0,10.0,-0.368421052631579,0.5555555555555556,0.054166666666666696,-31.338228401021752,3.9425085177435903,0.0,,,,,,,,,,,,,,,,,,,,,,,,,,,,,,,,,
3,DWCS 3.3,2019-07-09,Christian Ocon,Hunter Azure,Hunter Azure,discovery,True,23.42279444478668,27.35169099981519,1996-02-05,1992-03-02,3.928896555028512,,,-600.0,-200.0,BestFightOdds_historical,,,68.0,69.0,Orthodox,boutmetrics,boutmetrics,True,https://www.ufc.com/athlete/christian-ocon,4,4,0,0,1.0,2,1,1,0.75,0.25,4,0.6666666666666666,129.0,True,recovered_event_opponent_alias,4,1545.9226783062866,1502.793178241956,1500.0,1511.1727129678238,0.0,0.0,0.0,0.0,1.913444929428605,0.4783612323571512,1500.0,1502.793178241956,129.0,True,0,0.0,0.0,,0.0,,0.0,0.0,0.0,,0.0,,0.0,0.0,0.0,0.0,68.0,69.0,Orthodox,boutmetrics,boutmetrics,False,,9,9,0,0,1.0,4,1,4,0.5555555555555556,0.4444444444444444,4,0.4225108225108225,60.0,True,base_exact,9,1594.6974793146685,1500.501032127856,1500.0,1523.4629193657777,0.0,0.0,0.0,0.0,3.945728304777853,0.4384142560864281,1513.402256749105,1507.0318059614615,60.0,True,0,0.0,0.0,,0.0,,0.0,0.0,0.0,,0.0,,0.0,0.0,0.0,0.0,-3.928896555028512,0.0,0.0,-5.0,0.0,0.19444444444444442,0.24415584415584413,-48.77480100838193,2.292146114099978,0.0,,,,,,,,,,,,,,,,,,,,,,,,,,,,,,,,,
3,DWCS 3.3,2019-07-09,James Wallace,Joe Solecki,Joe Solecki,discovery,True,26.63983517799818,25.865007495020432,1992-11-17,1993-08-27,0.7748276829777474,125.0,385.0,-145.0,-357.0,BestFightOdds_historical,https://www.bestfightodds.com/events/dana-white-s-contender-series-19-1748,alias_aware_event_identity,70.0,69.0,Orthodox,boutmetrics,boutmetrics,False,,11,9,2,0,0.8181818181818182,0,9,0,1.0,0.6666666666666666,5,0.4074074074074074,122.0,True,base_exact,11,1573.9390023662088,1498.2063805510625,1500.0,1514.7841333439294,0.0,0.0,0.0,0.0,3.0807917652586965,0.2800719786598815,1505.1568548351304,1495.0453040207724,122.0,True,0,0.0,0.0,,0.0,,0.0,0.0,0.0,,0.0,,0.0,0.0,0.0,0.0,69.0,70.0,Orthodox,boutmetrics,boutmetrics,False,,3,2,1,0,0.6666666666666666,0,1,1,0.5,0.5,2,0.6128205128205129,129.0,True,base_exact,3,1514.4815342636302,1528.9467186327104,1512.386175958789,1563.7553240559366,1.0,0.0,0.0,0.0,0.6033972609845952,0.2011324203281984,1528.9467186327104,1528.9467186327104,129.0,True,0,0.0,0.0,,0.0,,0.0,0.0,0.0,,0.0,,0.0,0.0,0.0,0.0,0.7748276829777474,1.0,-1.0,8.0,0.1515151515151516,0.5,-0.20541310541310548,59.45746810257856,-30.740338081647906,0.0,,,,,,,,,,,,,,,,,,,,,,,,,,,,,,,,,
3,DWCS 3.3,2019-07-09,Jonathan Pearce,Jacob Rosales,Jonathan Pearce,discovery,True,27.18741657939588,23.948472590128475,1992-05-01,1995-07-28,3.238943989267405,170.0,144.0,-200.0,-155.0,BestFightOdds_historical,,,72.0,71.0,Switch,boutmetrics,boutmetrics,True,https://www.ufc.com/athlete/jonathan-pearce,13,10,3,0,0.7692307692307693,7,2,1,0.9,0.1,6,0.40625,291.0,True,base_exact,13,1571.294691412996,1499.730134421776,1500.0,1521.4301547091031,0.0,0.0,0.0,0.0,2.9706121422081555,0.2285086263237042,1501.219037117645,1501.0560570534028,291.0,True,0,0.0,0.0,,0.0,,0.0,0.0,0.0,,0.0,,0.0,0.0,0.0,0.0,71.0,74.0,Orthodox,boutmetrics,boutmetrics,True,https://www.ufc.com/athlete/jacob-rosales,8,8,0,0,1.0,3,1,4,0.5,0.5,4,0.6804621848739496,235.0,True,base_exact,8,1592.6045798884463,1529.1690753657851,1531.0157133049674,1556.1395333042378,2.0,0.0,2.0,0.0,3.858524162018582,0.4823155202523227,1537.2380314615266,1542.0524750640595,235.0,True,0,0.0,0.0,,0.0,,0.0,0.0,0.0,,0.0,,0.0,0.0,0.0,0.0,3.238943989267405,1.0,-3.0,5.0,-0.23076923076923073,0.4,-0.2742121848739496,-21.309888475450407,-29.43894094400912,0.0,,,,,,,,,,,,,,,,,,,,,,,,,,,,,,,,,
3,DWCS 3.3,2019-07-09,Kenneth Bergh,Antonio Trocoli,,discovery,True,30.03483986666393,28.589224966974,1989-06-26,1990-12-06,1.4456148996899287,-250.0,-140.0,210.0,162.0,BestFightOdds_historical,,,74.0,74.0,Orthodox,boutmetrics,boutmetrics,True,https://www.ufc.com/athlete/kenneth-bergh,8,8,0,0,1.0,1,7,0,1.0,0.75,5,0.4499999999999999,767.0,True,base_exact,8,1591.5786348394167,1523.5625277899208,1500.0,1596.3260416659443,2.0,0.0,2.0,0.0,3.815776451642376,0.4769720564552969,1556.403698661519,1542.25450991912,767.0,True,0,0.0,0.0,,0.0,,0.0,0.0,0.0,,0.0,,0.0,0.0,0.0,0.0,78.0,79.0,Orthodox,boutmetrics,boutmetrics,False,,15,11,4,0,0.7333333333333333,3,4,4,0.6363636363636364,0.1818181818181818,9,0.4978021978021978,241.0,True,base_exact,15,1560.6937007016083,1508.090347394177,1500.0,1580.5027456623072,2.0,0.0,1.0,0.0,2.528904195900351,0.1685936130600233,1479.9207197084252,1492.1897648656782,241.0,True,0,0.0,0.0,,0.0,,0.0,0.0,0.0,,0.0,,0.0,0.0,0.0,0.0,1.4456148996899287,-4.0,-5.0,-7.0,0.2666666666666667,0.36363636363636365,-0.04780219780219791,30.884934137808386,15.472180395743862,0.0,,,,,,,,,,,,,,,,,,,,,,,,,,,,,,,,,
3,DWCS 3.3,2019-07-09,Maki Pitolo,Justin Sumter,Maki Pitolo,discovery,True,28.62207985105786,29.64331916466457,1990-11-24,1989-11-16,1.0212393136067135,-250.0,140.0,210.0,-155.0,BestFightOdds_historical,,,70.0,75.0,Orthodox,boutmetrics,boutmetrics,True,https://www.ufc.com/athlete/maki-pitolo,16,12,4,0,0.75,5,4,3,0.75,0.4166666666666667,7,0.6260556841952192,206.0,True,base_exact,16,1587.2558088496996,1520.9020798858242,1506.0071547142654,1592.9512690047711,2.0,0.0,1.0,0.0,3.635658702070831,0.2272286688794269,1543.933734697909,1542.979082380783,206.0,True,0,0.0,0.0,,0.0,,0.0,0.0,0.0,,0.0,,0.0,0.0,0.0,0.0,74.0,80.0,Southpaw,boutmetrics,boutmetrics,False,,4,1,3,0,0.25,0,1,0,1.0,1.0,3,0.8166666666666667,343.0,True,base_exact,4,1483.6528742272938,1547.0479492091365,1548.6873697979324,1614.7089069454105,2.0,1.0,0.0,0.0,-0.6811302405294288,-0.1702825601323572,1548.2527463857186,1547.0479492091365,343.0,True,1,5.0,10.0,0.5,10.0,0.375,-5.0,1.0,1.0,1.0,0.0,,0.0,0.0,0.0,0.0,-1.0212393136067135,-4.0,-5.0,12.0,0.5,-0.25,-0.19061098247144748,103.60293462240588,-26.145869323312354,5.0,,,,,,,,,,,,,,,,,,,,,,,,,,,,,,,,,
3,DWCS 3.4,2019-07-16,Brendan Allen,Aaron Jeffery,Brendan Allen,discovery,True,23.548738167108155,26.667214248068063,1995-12-28,1992-11-14,3.1184760809599084,-250.0,-625.0,210.0,500.0,BestFightOdds_historical,,,74.0,75.0,Orthodox,boutmetrics,boutmetrics,True,https://www.ufc.com/athlete/brendan-allen,13,11,2,0,0.8461538461538461,5,4,2,0.8181818181818182,0.6363636363636364,3,0.7888939470772635,144.0,True,base_exact,13,1612.7760168336606,1560.9159208376486,1570.3645203080343,1606.1407032374818,7.0,2.0,5.0,1.0,4.6990007014025394,0.3614615924155799,1593.9762527779174,1582.9389413861434,144.0,True,0,0.0,0.0,,0.0,,0.0,0.0,0.0,,0.0,,0.0,0.0,0.0,0.0,74.0,73.0,Orthodox,boutmetrics,boutmetrics,True,https://www.ufc.com/athlete/aaron-jeffery,2,1,1,0,0.5,1,0,0,1.0,1.0,2,0.7777777777777778,1221.0,True,base_exact,2,1501.4626458908392,1515.6079241734042,1515.6079241734042,1523.585699413623,0.0,0.0,0.0,0.0,0.0609435787849717,0.0304717893924858,1515.6079241734042,1515.6079241734042,1221.0,True,0,0.0,0.0,,0.0,,0.0,0.0,0.0,,0.0,,0.0,0.0,0.0,0.0,-3.1184760809599084,0.0,2.0,11.0,0.34615384615384615,-0.18181818181818177,0.011116169299485668,111.3133709428214,45.307996664244456,0.0,,,,,,,,,,,,,,,,,,,,,,,,,,,,,,,,,
3,DWCS 3.4,2019-07-16,Lance Lawrence,Kevin Syler,Kevin Syler,discovery,True,26.05392307850264,25.963572147272014,1993-06-26,1993-07-29,0.0903509312306241,145.0,245.0,-170.0,-270.0,BestFightOdds_historical,,,73.0,74.0,Orthodox,boutmetrics,boutmetrics,True,https://www.ufc.com/athlete/lance-lawrence,1,1,0,0,1.0,0,1,0,1.0,1.0,1,1.0,1116.0,True,base_exact,1,1513.5327798999324,1544.6222647997567,1544.6222647997567,1544.6222647997567,0.0,0.0,0.0,0.0,0.5638658291638536,0.5638658291638536,1544.6222647997567,1544.6222647997567,1116.0,True,0,0.0,0.0,,0.0,,0.0,0.0,0.0,,0.0,,0.0,0.0,0.0,0.0,69.0,71.0,Switch,boutmetrics,boutmetrics,False,,1,1,0,0,1.0,0,0,1,0.0,0.0,1,0.6,1712.0,True,base_exact,1,1512.4280987695631,1512.3999911578462,1512.3999911578462,1512.3999911578462,0.0,0.0,0.0,0.0,0.5178374487318032,0.5178374487318032,1512.3999911578462,1512.3999911578462,1712.0,True,0,0.0,0.0,,0.0,,0.0,0.0,0.0,,0.0,,0.0,0.0,0.0,0.0,0.0903509312306241,4.0,3.0,0.0,0.0,1.0,0.4,1.104681130369272,32.22227364191053,0.0,,,,,,,,,,,,,,,,,,,,,,,,,,,,,,,,,
3,DWCS 3.4,2019-07-16,Ode Osbourne,Armando Villarreal,Ode Osbourne,discovery,True,27.5159654202345,29.93627521441234,1992-01-09,1989-08-08,2.4203097941778395,210.0,162.0,-250.0,-145.0,BestFightOdds_historical,,,67.0,73.0,Southpaw,boutmetrics,boutmetrics,True,https://www.ufc.com/athlete/ode-osbourne,10,7,2,1,0.7777777777777778,2,4,1,0.8571428571428571,0.7142857142857143,5,0.25,178.0,True,base_exact,10,1550.390782160966,1494.4694100807062,1496.5168740833317,1524.1054138799911,0.0,0.0,0.0,0.0,2.099615923373581,0.2099615923373581,1479.0789765654852,1487.9350798729545,178.0,True,0,0.0,0.0,,0.0,,0.0,0.0,0.0,,0.0,,0.0,0.0,0.0,0.0,67.0,66.0,Southpaw,boutmetrics,boutmetrics,False,,10,9,1,0,0.9,2,3,4,0.5555555555555556,0.2222222222222222,3,0.7623376623376624,109.0,True,base_exact,10,1589.7685637100403,1518.809324382581,1511.8807549421658,1570.4690749415995,2.0,0.0,2.0,0.0,3.7403568212516856,0.3740356821251686,1547.4877662834688,1535.5108149875573,109.0,True,0,0.0,0.0,,0.0,,0.0,0.0,0.0,,0.0,,0.0,0.0,0.0,0.0,-2.4203097941778395,0.0,7.0,0.0,-0.12222222222222223,0.3015873015873015,-0.5123376623376624,-39.37778154907437,-24.339914301874842,0.0,,,,,,,,,,,,,,,,,,,,,,,,,,,,,,,,,
3,DWCS 3.4,2019-07-16,Ricardo Prasel,Don'Tale Mayes,Don'Tale Mayes,discovery,True,29.120378926329767,27.496800071185582,1990-06-02,1992-01-16,1.623578855144185,150.0,150.0,-175.0,-140.0,BestFightOdds_historical,,,79.0,78.0,Orthodox,boutmetrics,boutmetrics,True,https://www.ufc.com/athlete/ricardo-prasel,12,10,2,0,0.8333333333333334,2,8,0,1.0,0.9,9,0.3257775119617225,226.0,True,base_exact,12,1577.6949278883892,1506.946622069445,1500.0,1570.645434784068,2.0,0.0,2.0,0.0,3.2372886620162182,0.2697740551680181,1539.1190715967653,1537.600529914873,226.0,True,0,0.0,0.0,,0.0,,0.0,0.0,0.0,,0.0,,0.0,0.0,0.0,0.0,78.0,81.0,Orthodox,boutmetrics,boutmetrics,True,https://www.ufc.com/athlete/dontale-mayes,9,7,2,0,0.7777777777777778,1,3,3,0.5714285714285714,0.1428571428571428,7,0.5416666666666666,241.0,True,base_exact,9,1555.4149451690128,1507.6822207817754,1500.0,1533.6931753416425,0.0,0.0,0.0,0.0,2.3089560487088576,0.256550672078762,1511.211166694994,1513.4305311459027,241.0,True,2,115.0,238.0,0.4831932773109244,99.0,0.4071856287425149,16.0,0.0,3.0,0.0,3.0,0.7272727272727273,0.0,0.0,0.0,0.0,1.623578855144185,1.0,-3.0,3.0,0.05555555555555558,0.4285714285714286,-0.21588915470494413,22.27998271937645,-0.7355987123303294,-16.0,,,,,,,,,,,,,,,,,,,,,,,,,,,,,,,,,
3,DWCS 3.4,2019-07-16,Stephen Regman,Antonio Arroyo,Antonio Arroyo,discovery,True,27.945816820331697,30.040315680677907,1991-08-05,1989-07-01,2.09449886034621,175.0,-111.0,-205.0,111.0,BestFightOdds_historical,,,71.0,76.0,Orthodox,boutmetrics,boutmetrics,False,,13,10,3,0,0.7692307692307693,8,1,1,0.9,0.6,4,0.5261904761904762,305.0,True,base_exact,13,1577.1774486112631,1512.527442041133,1500.0,1608.2393347219345,1.0,1.0,0.0,0.0,3.215727025469304,0.2473636173437926,1522.6633263972128,1515.987096277711,305.0,True,0,0.0,0.0,,0.0,,0.0,0.0,0.0,,0.0,,0.0,0.0,0.0,0.0,75.0,73.0,Orthodox,boutmetrics,boutmetrics,True,https://www.ufc.com/athlete/antonio-arroyo,10,8,2,0,0.8,4,3,1,0.875,0.875,9,0.4166666666666667,340.0,True,base_exact,10,1563.320954384546,1501.5210303708518,1500.0,1534.4096291248054,0.0,0.0,0.0,0.0,2.6383730993560883,0.2638373099356088,1503.1521708152657,1504.564279502849,340.0,True,0,0.0,0.0,,0.0,,0.0,0.0,0.0,,0.0,,0.0,0.0,0.0,0.0,-2.09449886034621,-4.0,3.0,3.0,-0.03076923076923077,0.025000000000000022,0.10952380952380952,13.856494226717132,11.006411670281295,0.0,,,,,,,,,,,,,,,,,,,,,,,,,,,,,,,,,
3,DWCS 3.5,2019-07-23,Billy Quarantillo,Kamuela Kirk,Billy Quarantillo,discovery,True,30.620751966159467,25.276357488517903,1988-12-08,1994-04-13,5.344394477641565,190.0,245.0,-225.0,-270.0,BestFightOdds_historical,,,70.0,70.0,Orthodox,boutmetrics,boutmetrics,True,https://www.ufc.com/athlete/billy-quarantillo,4,4,0,0,1.0,2,0,2,0.5,0.25,4,0.6484375,703.0,True,base_exact,4,1550.981345762202,1541.0476607169112,1542.7164473399298,1576.4025025222954,1.0,0.0,1.0,0.0,2.124222740091756,0.531055685022939,1553.9451324007184,1541.0476607169112,703.0,True,0,0.0,0.0,,0.0,,0.0,0.0,0.0,,0.0,,0.0,0.0,0.0,0.0,70.0,75.0,Switch,boutmetrics,boutmetrics,True,https://www.ufc.com/athlete/kamuela-kirk,13,11,2,0,0.8461538461538461,3,8,0,1.0,0.9090909090909092,7,0.4115322580645161,256.0,True,base_exact,13,1596.3267613886771,1514.2715762328849,1500.0,1586.9832146937824,2.0,0.0,2.0,0.0,4.013615057861537,0.3087396198355028,1557.1107373407333,1538.4341054624772,256.0,True,0,0.0,0.0,,0.0,,0.0,0.0,0.0,,0.0,,0.0,0.0,0.0,0.0,5.344394477641565,0.0,-5.0,-9.0,0.15384615384615385,-0.5,0.2369052419354839,-45.34541562647519,26.77608448402634,0.0,,,,,,,,,,,,,,,,,,,,,,,,,,,,,,,,,
3,DWCS 3.5,2019-07-23,Christian Lohsen,JJ Okanovich,JJ Okanovich,discovery,True,24.49331608451919,28.715168689295467,1995-01-24,1990-11-04,4.221852604776277,110.0,110.0,,,BestFightOdds_historical,,,74.0,77.0,Southpaw,boutmetrics,boutmetrics,False,,8,7,1,0,0.875,0,6,1,0.8571428571428571,0.7142857142857143,3,0.3888888888888888,139.0,True,base_exact,8,1564.2029685456207,1502.4993636422469,1500.0,1523.585699413623,0.0,0.0,0.0,0.0,2.6751236894008708,0.3343904611751088,1496.6942299739924,1501.6818419448705,139.0,True,0,0.0,0.0,,0.0,,0.0,0.0,0.0,,0.0,,0.0,0.0,0.0,0.0,71.0,76.0,Orthodox,boutmetrics,boutmetrics,True,https://www.ufc.com/athlete/jj-okanovich,1,0,1,0,0.0,0,0,0,,,1,1.0,1515.0,True,recovered_event_opponent_alias,1,1488.414300586377,1512.0,1512.0,1512.0,0.0,0.0,0.0,0.0,-0.4827374755676238,-0.4827374755676238,1512.0,1512.0,1515.0,True,0,0.0,0.0,,0.0,,0.0,0.0,0.0,,0.0,,0.0,0.0,0.0,0.0,-4.221852604776277,3.0,1.0,7.0,0.875,,-0.6111111111111112,75.78866795924364,-9.500636357753137,0.0,,,,,,,,,,,,,,,,,,,,,,,,,,,,,,,,,
3,DWCS 3.5,2019-07-23,Jamahal Hill,Alexander Poppeck,Jamahal Hill,discovery,True,28.17853891592572,27.29419495266843,1991-05-19,1992-04-06,0.8843439632572903,-240.0,-270.0,205.0,245.0,BestFightOdds_historical,,,76.0,79.0,Southpaw,boutmetrics,boutmetrics,True,https://www.ufc.com/athlete/jamahal-hill,0,0,0,0,,0,0,0,,,0,,,False,unmatched,0,,,,,,,,,,,,,,False,0,0.0,0.0,,0.0,,0.0,0.0,0.0,,0.0,,0.0,0.0,0.0,0.0,74.0,74.0,Orthodox,boutmetrics,ufc.com_verified_static_fill,True,https://www.ufc.com/athlete/alexander-poppeck,0,0,0,0,,0,0,0,,,0,,,False,unmatched,0,,,,,,,,,,,,,,False,0,0.0,0.0,,0.0,,0.0,0.0,0.0,,0.0,,0.0,0.0,0.0,0.0,0.8843439632572903,2.0,5.0,0.0,,,,,,0.0,,,,,,,,,,,,,,,,,,,,,,,,,,,,,,,,,
3,DWCS 3.5,2019-07-23,Ramazan Kuramagomedov,Jordan Williams,Ramazan Kuramagomedov,discovery,True,22.91354374148682,28.775402643449212,1996-08-23,1990-10-13,5.861858901962393,-450.0,-580.0,350.0,470.0,BestFightOdds_historical,,,73.0,73.0,Orthodox,boutmetrics,boutmetrics,True,https://www.ufc.com/athlete/ramazan-kuramagomedov,8,8,0,0,1.0,2,3,3,0.625,0.375,3,0.6648113790970934,327.0,True,base_exact,8,1590.8486527989774,1521.782395010703,1531.255508903581,1560.473135357556,1.0,0.0,1.0,0.0,3.7853605332907327,0.4731700666613416,1533.5417012492296,1541.729062734878,327.0,True,0,0.0,0.0,,0.0,,0.0,0.0,0.0,,0.0,,0.0,0.0,0.0,0.0,73.0,75.0,Southpaw,boutmetrics,boutmetrics,False,,5,4,0,1,1.0,3,0,1,0.75,0.25,4,0.5602841602841602,87.0,True,base_exact,5,1547.964879649827,1518.8209279719335,1520.8347319207955,1580.175349753889,1.0,0.0,0.0,0.0,1.9985366520761316,0.3997073304152262,1544.717919525617,1518.8209279719335,87.0,True,1,94.0,108.0,0.8703703703703703,8.0,0.5,86.0,3.0,3.0,1.0,0.0,1.0,0.0,0.0,0.0,0.0,-5.861858901962393,0.0,-2.0,3.0,0.0,-0.125,0.10452721881293325,42.88377314915033,2.9614670387695696,-86.0,,,,,,,,,,,,,,,,,,,,,,,,,,,,,,,,,
3,DWCS 3.5,2019-07-23,Terrance McKinney,Sean Woodson,Sean Woodson,discovery,True,24.851981902434684,27.124444718235143,1994-09-15,1992-06-07,2.272462815800459,-275.0,-335.0,235.0,285.0,BestFightOdds_historical,,,70.0,73.0,Switch,boutmetrics,boutmetrics,True,https://www.ufc.com/athlete/terrance-mckinney,8,7,1,0,0.875,1,6,0,1.0,0.8571428571428571,4,0.1203703703703703,66.0,True,base_exact,8,1560.2961292562698,1486.444826392263,1487.9760959630064,1503.9932907636487,0.0,0.0,0.0,0.0,2.512338719011235,0.3140423398764044,1489.560186326259,1484.9719081047565,66.0,True,0,0.0,0.0,,0.0,,0.0,0.0,0.0,,0.0,,0.0,0.0,0.0,0.0,74.0,78.0,Orthodox,boutmetrics,boutmetrics,False,,1,1,0,0,1.0,0,0,1,0.0,0.0,1,0.4285714285714285,669.0,True,base_exact,1,1511.7085003380878,1491.5585597101988,1491.5585597101988,1491.5585597101988,0.0,0.0,0.0,0.0,0.4878541807536599,0.4878541807536599,1491.5585597101988,1491.5585597101988,669.0,True,0,0.0,0.0,,0.0,,0.0,0.0,0.0,,0.0,,0.0,0.0,0.0,0.0,-2.272462815800459,-4.0,-5.0,7.0,-0.125,1.0,-0.3082010582010582,48.58762891818196,-5.113733317935839,0.0,,,,,,,,,,,,,,,,,,,,,,,,,,,,,,,,,
3,DWCS 3.6,2019-07-30,Aleksa Camur,Fabio Cherant,Aleksa Camur,discovery,True,23.844432123862912,24.67675585398742,1995-09-25,1994-11-25,0.8323237301245072,-230.0,-335.0,170.0,300.0,BestFightOdds_historical,,,73.0,74.0,Orthodox,boutmetrics,boutmetrics,True,https://www.ufc.com/athlete/aleksa-camur,0,0,0,0,,0,0,0,,,0,,,False,alias_no_prior_history,0,,,,,,,,,,,,,,False,0,0.0,0.0,,0.0,,0.0,0.0,0.0,,0.0,,0.0,0.0,0.0,0.0,73.0,74.0,Southpaw,boutmetrics,boutmetrics,True,https://www.ufc.com/athlete/fabio-cherant,4,4,0,0,1.0,0,4,0,1.0,0.75,1,0.0,270.0,True,base_exact,4,1545.2498763982458,1497.5442859581617,1500.0,1500.0,0.0,0.0,0.0,0.0,1.8854115165935812,0.4713528791483953,1496.7257146108825,1497.5442859581617,270.0,True,0,0.0,0.0,,0.0,,0.0,0.0,0.0,,0.0,,0.0,0.0,0.0,0.0,-0.8323237301245072,0.0,0.0,-4.0,,,,,,0.0,,,,,,,,,,,,,,,,,,,,,,,,,,,,,,,,,
3,DWCS 3.6,2019-07-30,Daniel Rodriguez,Rico Farrington,Daniel Rodriguez,discovery,True,32.578355476156254,30.111501262859605,1986-12-31,1989-06-19,2.4668542132966493,-300.0,-185.0,220.0,175.0,BestFightOdds_historical,,,73.0,74.0,Southpaw,boutmetrics,boutmetrics,False,,2,2,0,0,1.0,1,1,0,1.0,0.5,2,0.2833333333333333,158.0,True,base_exact,2,1523.6671045732612,1500.9959333965162,1500.9959333965162,1512.6071280612532,0.0,0.0,0.0,0.0,0.9861293572192082,0.4930646786096041,1500.9959333965162,1500.9959333965162,158.0,True,0,0.0,0.0,,0.0,,0.0,0.0,0.0,,0.0,,0.0,0.0,0.0,0.0,76.0,79.0,Southpaw,boutmetrics,boutmetrics,True,https://www.ufc.com/athlete/rico-farrington,1,0,1,0,0.0,0,0,0,,,1,1.0,1944.0,True,base_exact,1,1488.813372137389,1523.585699413623,1523.585699413623,1523.585699413623,0.0,0.0,0.0,0.0,-0.4661094942754528,-0.4661094942754528,1523.585699413623,1523.585699413623,1944.0,True,0,0.0,0.0,,0.0,,0.0,0.0,0.0,,0.0,,0.0,0.0,0.0,0.0,2.4668542132966493,-3.0,-5.0,1.0,1.0,,-0.7166666666666667,34.85373243587219,-22.58976601710674,0.0,,,,,,,,,,,,,,,,,,,,,,,,,,,,,,,,,
3,DWCS 3.6,2019-07-30,Rodrigo Nascimento,Michal Martinek,Rodrigo Nascimento,discovery,True,26.67269006208204,29.2791775327351,1992-11-26,1990-04-19,2.606487470653061,175.0,-152.0,-245.0,140.0,BestFightOdds_historical,,,74.0,80.0,Orthodox,boutmetrics,boutmetrics,True,https://www.ufc.com/athlete/rodrigo-nascimento-ferreira,8,6,2,0,0.75,2,4,0,1.0,0.8333333333333334,6,0.4555555555555555,122.0,True,base_exact,8,1536.9500691927317,1492.0679289016512,1500.0,1512.0,0.0,0.0,0.0,0.0,1.539586216363801,0.1924482770454751,1489.7600035679154,1487.3086862426417,122.0,True,0,0.0,0.0,,0.0,,0.0,0.0,0.0,,0.0,,0.0,0.0,0.0,0.0,74.0,,Southpaw,boutmetrics,,True,https://www.ufc.com/athlete/michal-martinek,13,13,0,0,1.0,9,2,2,0.8461538461538461,0.4615384615384615,2,0.3873456790123456,367.0,True,base_exact,13,1630.9702507479194,1506.8280890374956,1500.0,1558.9360321133938,1.0,0.0,1.0,0.0,5.457093781163314,0.4197764447048703,1528.4591007526822,1524.8097207584638,367.0,True,0,0.0,0.0,,0.0,,0.0,0.0,0.0,,0.0,,0.0,0.0,0.0,0.0,-2.606487470653061,0.0,,-5.0,-0.25,0.15384615384615385,0.06820987654320987,-94.02018155518772,-14.760160135844444,0.0,,,,,,,,,,,,,,,,,,,,,,,,,,,,,,,,,
3,DWCS 3.6,2019-07-30,Steven Nguyen,Aalon Cruz,Aalon Cruz,discovery,True,26.19629424286604,29.856875911209677,1993-05-19,1989-09-20,3.6605816683436387,-260.0,-160.0,180.0,150.0,BestFightOdds_historical,,,71.0,73.0,Switch,boutmetrics,boutmetrics,True,https://www.ufc.com/athlete/steven-nguyen,2,2,0,0,1.0,0,1,1,0.5,0.5,2,0.5504201680672269,479.0,True,base_exact,2,1524.2380304822136,1509.6050914076152,1509.6050914076152,1510.0472551645762,0.0,0.0,0.0,0.0,1.0099179367589055,0.5049589683794529,1509.6050914076152,1509.6050914076152,479.0,True,0,0.0,0.0,,0.0,,0.0,0.0,0.0,,0.0,,0.0,0.0,0.0,0.0,72.0,78.0,Switch,boutmetrics,boutmetrics,True,https://www.ufc.com/athlete/aalon-cruz,9,7,2,0,0.7777777777777778,1,2,4,0.4285714285714285,0.2857142857142857,4,0.4444444444444445,172.0,True,base_exact,9,1555.6797952099096,1510.4867777559966,1500.0,1579.5637752486468,1.0,0.0,1.0,0.0,2.3199914670795554,0.2577768296755061,1537.5938964498423,1522.5563378699055,172.0,True,0,0.0,0.0,,0.0,,0.0,0.0,0.0,,0.0,,0.0,0.0,0.0,0.0,-3.6605816683436387,-1.0,-5.0,-7.0,0.2222222222222222,0.07142857142857151,0.10597572362278246,-31.441764727695954,-0.8816863483814359,0.0,,,,,,,,,,,,,,,,,,,,,,,,,,,,,,,,,
3,DWCS 3.6,2019-07-30,Tracy Cortez,Mariya Agapova,Tracy Cortez,discovery,True,25.6350233064334,22.311204199949348,1993-12-10,1997-04-07,3.323819106484052,120.0,100.0,-160.0,-115.0,BestFightOdds_historical,,,65.0,65.0,Orthodox,boutmetrics,boutmetrics,True,https://www.ufc.com/athlete/tracy-cortez,1,1,0,0,1.0,0,0,1,0.0,0.0,1,0.5,493.0,True,base_exact,1,1511.975555796839,1499.2922668512776,1499.2922668512776,1499.2922668512776,0.0,0.0,0.0,0.0,0.4989814915349582,0.4989814915349582,1499.2922668512776,1499.2922668512776,493.0,True,0,0.0,0.0,,0.0,,0.0,0.0,0.0,,0.0,,0.0,0.0,0.0,0.0,66.0,68.0,Southpaw,boutmetrics,boutmetrics,True,https://www.ufc.com/athlete/mariya-agapova,0,0,0,0,,0,0,0,,,0,,,False,unmatched,0,,,,,,,,,,,,,,False,0,0.0,0.0,,0.0,,0.0,0.0,0.0,,0.0,,0.0,0.0,0.0,0.0,3.323819106484052,-1.0,-3.0,1.0,,,,,,0.0,,,,,,,,,,,,,,,,,,,,,,,,,,,,,,,,,
3,DWCS 3.8,2019-08-13,Devin Smyth,Brok Weaver,Brok Weaver,discovery,True,24.063464684421994,27.688453561674777,1995-07-21,1991-12-05,3.6249888772527825,-139.0,-152.0,110.0,140.0,BestFightOdds_historical,,,70.0,72.0,Switch,boutmetrics,boutmetrics,True,https://www.ufc.com/athlete/devin-smyth,0,0,0,0,,0,0,0,,,0,,,False,unmatched,0,,,,,,,,,,,,,,False,0,0.0,0.0,,0.0,,0.0,0.0,0.0,,0.0,,0.0,0.0,0.0,0.0,72.0,73.0,Southpaw,boutmetrics,boutmetrics,True,https://www.ufc.com/athlete/brok-weaver,3,1,2,0,0.3333333333333333,0,0,1,0.0,0.0,3,0.7183859050866724,551.0,True,base_exact,3,1489.5993787846685,1505.1567278871903,1512.0,1575.1608853495013,1.0,0.0,0.0,0.0,-0.4333592173054856,-0.1444530724351619,1505.1567278871903,1505.1567278871903,551.0,True,0,0.0,0.0,,0.0,,0.0,0.0,0.0,,0.0,,0.0,0.0,0.0,0.0,-3.6249888772527825,-2.0,-1.0,-3.0,,,,,,0.0,,,,,,,,,,,,,,,,,,,,,,,,,,,,,,,,,
3,DWCS 3.8,2019-08-13,Herdem Alacabek,William Knight,William Knight,discovery,True,28.184014729939697,31.35998685804637,1991-06-07,1988-04-03,3.1759721281066717,100.0,-165.0,-139.0,145.0,BestFightOdds_historical,,,74.0,75.0,Orthodox,boutmetrics,boutmetrics,True,https://www.ufc.com/athlete/herdem-alacabek,1,1,0,0,1.0,0,1,0,1.0,1.0,1,0.8,802.0,True,base_exact,1,1513.1247348301588,1532.6602730675202,1532.6602730675202,1532.6602730675202,0.0,0.0,0.0,0.0,0.5468639512566152,0.5468639512566152,1532.6602730675202,1532.6602730675202,802.0,True,0,0.0,0.0,,0.0,,0.0,0.0,0.0,,0.0,,0.0,0.0,0.0,0.0,70.0,73.0,Orthodox,boutmetrics,boutmetrics,False,,4,3,1,0,0.75,2,1,0,1.0,0.6666666666666666,3,0.5676767676767677,206.0,True,base_exact,4,1525.5707589029698,1512.3832602123011,1515.0337480867906,1537.2690148876366,0.0,0.0,0.0,0.0,1.06544828762374,0.266362071905935,1504.088008653856,1512.3832602123011,206.0,True,0,0.0,0.0,,0.0,,0.0,0.0,0.0,,0.0,,0.0,0.0,0.0,0.0,-3.1759721281066717,4.0,2.0,-3.0,0.25,0.0,0.23232323232323238,-12.446024072811042,20.277012855219027,0.0,,,,,,,,,,,,,,,,,,,,,,,,,,,,,,,,,
3,DWCS 3.8,2019-08-13,Julius Anglickas,Karl Reed,Julius Anglickas,discovery,True,28.058071007618224,30.793240107599743,1991-07-23,1988-10-27,2.735169099981519,-278.0,-170.0,200.0,150.0,BestFightOdds_historical,,,75.0,,Orthodox,boutmetrics,,False,,9,8,1,0,0.8888888888888888,3,5,0,1.0,0.375,5,0.7,179.0,True,base_exact,9,1576.5806999242611,1503.7615615901882,1500.0,1533.642500866643,0.0,0.0,0.0,0.0,3.190862496844212,0.3545402774271347,1501.048401080024,1504.7647132638815,179.0,True,0,0.0,0.0,,0.0,,0.0,0.0,0.0,,0.0,,0.0,0.0,0.0,0.0,75.0,78.0,Orthodox,boutmetrics,boutmetrics,True,https://www.ufc.com/athlete/karl-reed,1,1,0,0,1.0,0,0,1,0.0,0.0,1,0.5,353.0,True,base_exact,1,1512.3423848925338,1509.9157492873176,1509.9157492873176,1509.9157492873176,0.0,0.0,0.0,0.0,0.514266037188913,0.514266037188913,1509.9157492873176,1509.9157492873176,353.0,True,1,33.0,78.0,0.4230769230769231,47.0,0.5252525252525253,-14.0,0.0,4.0,0.0,3.0,0.5714285714285714,0.0,0.0,0.0,0.0,-2.735169099981519,0.0,,8.0,-0.11111111111111116,1.0,0.19999999999999996,64.23831503172732,-6.154187697129373,14.0,,,,,,,,,,,,,,,,,,,,,,,,,,,,,,,,,
3,DWCS 3.8,2019-08-13,Ray Rodriguez,Tony Gravely,Tony Gravely,discovery,True,31.674846163850045,27.874631238149995,1987-12-10,1991-09-28,3.8002149257000504,333.0,300.0,-500.0,-320.0,BestFightOdds_historical,,,67.0,70.0,Orthodox,boutmetrics,boutmetrics,True,https://www.ufc.com/athlete/ray-rodriguez,25,17,8,0,0.68,3,8,6,0.6470588235294118,0.4117647058823529,11,0.4675004778368619,115.0,True,base_exact,23,1580.2334654508718,1513.8012326387673,1500.0,1619.3688319478983,5.0,3.0,3.0,1.0,3.343061060452981,0.14535048088926,1606.128207730649,1579.1088838685685,115.0,True,0,0.0,0.0,,0.0,,0.0,0.0,0.0,,0.0,,0.0,0.0,0.0,0.0,65.0,69.0,Orthodox,boutmetrics,boutmetrics,True,https://www.ufc.com/athlete/tony-gravely,24,19,5,0,0.7916666666666666,7,3,9,0.5263157894736842,0.1578947368421052,12,0.6279737806053596,137.0,True,base_exact,24,1633.1260064039343,1516.2528981917064,1502.3788096045705,1582.350859339803,4.0,0.0,2.0,0.0,5.546916933497244,0.2311215388957185,1516.3873663692273,1514.9460403492844,137.0,True,0,0.0,0.0,,0.0,,0.0,0.0,0.0,,0.0,,0.0,0.0,0.0,0.0,3.8002149257000504,2.0,1.0,1.0,-0.11166666666666658,0.12074303405572762,-0.1604733027684977,-52.89254095306251,-2.4516655529391755,0.0,,,,,,,,,,,,,,,,,,,,,,,,,,,,,,,,,
3,DWCS 3.8,2019-08-13,Sarah Alpar,Shanna Young,Sarah Alpar,discovery,True,28.200442171981628,28.476970779687463,1991-06-01,1991-02-20,0.2765286077058349,110.0,125.0,-139.0,-135.0,BestFightOdds_historical,,,64.0,63.0,Southpaw,boutmetrics,boutmetrics,True,https://www.ufc.com/athlete/sarah-alpar,4,2,2,0,0.5,0,0,2,0.0,0.0,3,0.7962301587301587,256.0,True,base_exact,4,1508.8511305083096,1555.8509562537895,1562.519033039966,1575.585367519074,3.0,0.0,2.0,0.0,0.368797104512899,0.0921992761282247,1566.8744778663352,1555.8509562537895,256.0,True,0,0.0,0.0,,0.0,,0.0,0.0,0.0,,0.0,,0.0,0.0,0.0,0.0,67.0,65.0,Orthodox,boutmetrics,boutmetrics,True,https://www.ufc.com/athlete/shanna-young,7,6,1,0,0.8571428571428571,1,3,2,0.6666666666666666,0.1666666666666666,4,0.5,165.0,True,base_exact,7,1553.829486485174,1501.6590451603838,1500.0,1523.19901553631,0.0,0.0,0.0,0.0,2.242895270215583,0.3204136100307976,1500.138100195459,1504.7226632245374,165.0,True,0,0.0,0.0,,0.0,,0.0,0.0,0.0,,0.0,,0.0,0.0,0.0,0.0,-0.2765286077058349,-3.0,-2.0,-3.0,-0.3571428571428571,-0.6666666666666666,0.2962301587301587,-44.97835597686435,54.19191109340568,0.0,,,,,,,,,,,,,,,,,,,,,,,,,,,,,,,,,
3,DWCS 3.10,2019-08-27,Ben Sosoli,Dustin Joynson,,discovery,True,29.711766839839285,33.86790967644784,1989-12-10,1985-10-14,4.156142836608552,-120.0,108.0,-120.0,-105.0,BestFightOdds_historical,,,72.0,72.0,Southpaw,boutmetrics,boutmetrics,True,https://www.ufc.com/athlete/ben-sosoli,9,7,2,0,0.7777777777777778,6,0,1,0.8571428571428571,0.5714285714285714,5,0.4841269841269842,151.0,True,base_exact,9,1553.9973666276348,1500.023711366846,1500.0,1512.8000596186323,0.0,0.0,0.0,0.0,2.249890276151448,0.2499878084612719,1504.3714242600895,1500.0426804603226,151.0,True,0,0.0,0.0,,0.0,,0.0,0.0,0.0,,0.0,,0.0,0.0,0.0,0.0,78.0,78.0,Orthodox,boutmetrics,boutmetrics,True,https://www.ufc.com/athlete/dustin-joynson,5,5,0,0,1.0,3,1,1,0.8,0.4,5,0.47,283.0,True,base_exact,5,1557.8023125425727,1510.211997722458,1498.1321561284235,1543.507571129188,0.0,0.0,0.0,0.0,2.4084296892738752,0.481685937854775,1522.1461044905463,1510.211997722458,283.0,True,0,0.0,0.0,,0.0,,0.0,0.0,0.0,,0.0,,0.0,0.0,0.0,0.0,-4.156142836608552,-6.0,-6.0,4.0,-0.2222222222222222,0.05714285714285705,0.01412698412698421,-3.804945914937889,-10.188286355611808,0.0,,,,,,,,,,,,,,,,,,,,,,,,,,,,,,,,,
3,DWCS 3.10,2019-08-27,Dusko Todorovic,Teddy Ash,Dusko Todorovic,discovery,True,25.273619581510918,29.66522242072048,1994-05-19,1989-12-27,4.391602839209561,-325.0,-265.0,250.0,225.0,BestFightOdds_historical,,,73.0,74.0,Orthodox,boutmetrics,boutmetrics,False,,0,0,0,0,,0,0,0,,,0,,,False,unmatched,0,,,,,,,,,,,,,,False,0,0.0,0.0,,0.0,,0.0,0.0,0.0,,0.0,,0.0,0.0,0.0,0.0,73.0,73.0,Switch,boutmetrics,boutmetrics,True,https://www.ufc.com/athlete/teddy-ash,5,4,1,0,0.8,2,1,1,0.75,0.25,2,0.5458533724340177,179.0,True,base_exact,5,1539.0321876556727,1536.4103672556944,1566.3589490406175,1572.809645296032,4.0,0.0,3.0,0.0,1.6263411523196905,0.3252682304639381,1564.7082403902984,1536.4103672556944,179.0,True,0,0.0,0.0,,0.0,,0.0,0.0,0.0,,0.0,,0.0,0.0,0.0,0.0,-4.391602839209561,0.0,1.0,-5.0,,,,,,0.0,,,,,,,,,,,,,,,,,,,,,,,,,,,,,,,,,
3,DWCS 3.10,2019-08-27,Kailan Hill,Impa Kasanganay,Impa Kasanganay,discovery,True,24.736989808141168,25.607644236363512,1994-12-01,1994-01-17,0.8706544282223447,-325.0,-625.0,215.0,495.0,BestFightOdds_historical,,,73.0,77.0,Southpaw,boutmetrics,boutmetrics,True,https://www.ufc.com/athlete/kailan-hill,4,4,0,0,1.0,2,0,2,0.5,0.5,1,0.6857142857142857,151.0,True,base_exact,4,1547.825671426502,1517.6557778052702,1517.2552576693847,1534.367886129989,0.0,0.0,0.0,0.0,1.9927363094375696,0.4981840773593924,1512.0850750303634,1517.6557778052702,151.0,True,0,0.0,0.0,,0.0,,0.0,0.0,0.0,,0.0,,0.0,0.0,0.0,0.0,71.0,75.0,Orthodox,boutmetrics,boutmetrics,True,https://www.ufc.com/athlete/impa-kasanganay,6,6,0,0,1.0,1,1,4,0.3333333333333333,0.3333333333333333,4,0.2222222222222222,46.0,True,base_exact,6,1564.9174387092407,1493.923101911471,1493.8319531371285,1500.0,0.0,0.0,0.0,0.0,2.704893279551696,0.4508155465919494,1491.1493565297835,1492.7077222937648,46.0,True,0,0.0,0.0,,0.0,,0.0,0.0,0.0,,0.0,,0.0,0.0,0.0,0.0,-0.8706544282223447,2.0,2.0,-2.0,0.0,0.16666666666666669,0.4634920634920635,-17.09176728273883,23.732675893799296,0.0,,,,,,,,,,,,,,,,,,,,,,,,,,,,,,,,,
3,DWCS 3.10,2019-08-27,SangHoon Yoo,Peter Barrett,Peter Barrett,discovery,True,29.60498846656673,33.046537574351284,1990-01-18,1986-08-10,3.441549107784553,,,-175.0,160.0,BestFightOdds_historical,,,72.0,74.0,Orthodox,boutmetrics,boutmetrics,True,https://www.ufc.com/athlete/sang-hoon-yoo,0,0,0,0,,0,0,0,,,0,,,False,unmatched,0,,,,,,,,,,,,,,False,0,0.0,0.0,,0.0,,0.0,0.0,0.0,,0.0,,0.0,0.0,0.0,0.0,70.0,73.0,Southpaw,boutmetrics,boutmetrics,True,https://www.ufc.com/athlete/peter-barrett,0,0,0,0,,0,0,0,,,0,,,False,unmatched,0,,,,,,,,,,,,,,False,0,0.0,0.0,,0.0,,0.0,0.0,0.0,,0.0,,0.0,0.0,0.0,0.0,-3.441549107784553,2.0,1.0,0.0,,,,,,0.0,,,,,,,,,,,,,,,,,,,,,,,,,,,,,,,,,
3,DWCS 3.10,2019-08-27,TJ Brown,Dylan Lockard,TJ Brown,discovery,True,29.26548799770016,27.272291696612523,1990-05-22,1992-05-19,1.993196301087636,,,115.0,120.0,BestFightOdds_historical,,,69.0,72.0,Switch,boutmetrics,boutmetrics,True,https://www.ufc.com/athlete/tj-brown,5,1,4,0,0.2,0,0,1,0.0,0.0,4,0.6987878787878788,563.0,True,recovered_event_opponent_alias,5,1471.3051555513575,1541.3780348591283,1564.111448220867,1594.5377419943566,3.0,0.0,0.0,0.0,-1.1956185186934496,-0.2391237037386899,1547.117385606529,1541.3780348591283,563.0,True,0,0.0,0.0,,0.0,,0.0,0.0,0.0,,0.0,,0.0,0.0,0.0,0.0,69.0,72.0,Orthodox,boutmetrics,boutmetrics,True,https://www.ufc.com/athlete/dylan-lockard,2,1,1,0,0.5,0,0,1,0.0,0.0,1,0.4955357142857143,389.0,True,base_exact,2,1500.9017649405778,1506.9346607291998,1506.9346607291998,1524.7866583481343,0.0,0.0,0.0,0.0,0.0375735391907386,0.0187867695953693,1506.9346607291998,1506.9346607291998,389.0,True,0,0.0,0.0,,0.0,,0.0,0.0,0.0,,0.0,,0.0,0.0,0.0,0.0,1.993196301087636,0.0,0.0,3.0,-0.3,0.0,0.20325216450216455,-29.596609389220248,34.44337412992854,0.0,,,,,,,,,,,,,,,,,,,,,,,,,,,,,,,,,
4,DWCS 4.1,2020-08-04,Jordan Leavitt,Luke Flores,Jordan Leavitt,discovery,True,25.17505492925933,32.38396407866007,1995-06-02,1988-03-17,7.208909149400743,-150.0,-125.0,,,BestFightOdds_historical,,,69.0,71.0,Southpaw,boutmetrics,boutmetrics,True,https://www.ufc.com/athlete/jordan-leavitt,7,7,0,0,1.0,0,5,2,0.7142857142857143,0.2857142857142857,5,0.8888888888888888,18.0,True,base_exact,7,1579.1533867017104,1514.356218479436,1500.0,1544.2236397246777,0.0,0.0,0.0,0.0,3.2980577792379187,0.4711511113197026,1533.4978431186837,1520.0987058712103,18.0,True,0,0.0,0.0,,0.0,,0.0,0.0,0.0,,0.0,,0.0,0.0,0.0,0.0,72.0,73.0,Southpaw,boutmetrics,boutmetrics,False,,3,3,0,0,1.0,3,0,0,1.0,0.6666666666666666,2,0.4539682539682539,1278.0,True,recovered_event_opponent_alias,3,1533.413140087625,1485.3870578534088,1465.0544869312605,1536.8492781913883,0.0,0.0,0.0,0.0,1.3922141703177056,0.4640713901059018,1485.3870578534088,1485.3870578534088,1278.0,True,1,18.0,39.0,0.4615384615384615,20.0,0.6226415094339622,-2.0,0.0,1.0,0.0,2.0,0.5,0.0,0.0,0.0,1.0,-7.208909149400743,-3.0,-2.0,4.0,0.0,-0.2857142857142857,0.43492063492063493,45.740246614085436,28.969160626027133,2.0,,,,,,,,,,,,,,,,,,,,,,,,,,,,,,,,,
4,DWCS 4.1,2020-08-04,Ronaldo Rodriguez,Jerome Rivera,Jerome Rivera,discovery,True,21.24615837423082,25.287309116545856,1999-05-07,1995-04-22,4.041150742315036,,,-115.0,-230.0,BestFightOdds_historical,,,66.0,65.0,Orthodox,boutmetrics,boutmetrics,False,,11,10,1,0,0.9090909090909092,5,3,1,0.8,0.2,6,0.4496598639455783,172.0,True,base_exact,11,1594.8847266759435,1507.3482672069983,1500.0,1591.9861233528616,1.0,0.0,1.0,0.0,3.9535302781643114,0.3594118434694828,1530.5188458244593,1520.7113074946756,172.0,True,0,0.0,0.0,,0.0,,0.0,0.0,0.0,,0.0,,0.0,0.0,0.0,0.0,70.0,72.0,Southpaw,boutmetrics,boutmetrics,True,https://www.ufc.com/athlete/jerome-rivera,9,5,4,0,0.5555555555555556,0,3,2,0.6,0.0,2,0.6902116402116403,200.0,True,base_exact,9,1519.6414348508326,1537.566166328047,1530.0548689778109,1591.7960139422792,3.0,0.0,0.0,0.0,0.8183931187846858,0.0909325687538539,1535.2968079228722,1549.169048218752,200.0,True,0,0.0,0.0,,0.0,,0.0,0.0,0.0,,0.0,,0.0,0.0,0.0,0.0,-4.041150742315036,-4.0,-7.0,2.0,0.3535353535353536,0.20000000000000007,-0.240551776266062,75.24329182511087,-30.21789912104873,0.0,,,,,,,,,,,,,,,,,,,,,,,,,,,,,,,,,
4,DWCS 4.1,2020-08-04,Ty Flores,Dustin Jacoby,Dustin Jacoby,discovery,True,26.617931921942272,32.33468175253427,1993-12-22,1988-04-04,5.716749830592001,,,240.0,-146.0,BestFightOdds_historical,,,75.0,73.0,Switch,boutmetrics,boutmetrics,True,https://www.ufc.com/athlete/ty-flores,10,8,2,0,0.8,1,4,3,0.625,0.125,4,0.6728395061728395,452.0,True,base_exact,10,1568.082518674924,1511.026138808341,1511.4170244294155,1546.739874827908,0.0,0.0,0.0,0.0,2.836771611455156,0.2836771611455155,1515.6252683652312,1516.3296264743856,452.0,True,0,0.0,0.0,,0.0,,0.0,0.0,0.0,,0.0,,0.0,0.0,0.0,0.0,75.0,76.0,Orthodox,boutmetrics,boutmetrics,True,https://www.ufc.com/athlete/dustin-jacoby,18,11,7,0,0.6111111111111112,8,1,2,0.8181818181818182,0.7272727272727273,11,0.646015752864157,402.0,True,base_exact,18,1542.9924795985548,1539.4228892013932,1538.7188757650858,1614.1903013173123,6.0,2.0,2.0,0.0,1.791353316606461,0.0995196287003589,1534.5419237862486,1564.178667661865,402.0,True,0,0.0,0.0,,0.0,,0.0,0.0,0.0,,0.0,,0.0,0.0,0.0,0.0,-5.716749830592001,0.0,-3.0,-8.0,0.18888888888888888,-0.19318181818181823,0.026823753308682474,25.090039076369067,-28.396750393052116,0.0,,,,,,,,,,,,,,,,,,2.0,26.133333333333333,1.836734693877551,2.678571428571429,-0.8418367346938775,0.2424242424242424,0.6666666666666667,0.0,0.0,0.0,0.0,,0.25,0.0,-3.424744897959184,0.0
4,DWCS 4.1,2020-08-04,Uros Medic,Mikey Gonzalez,Uros Medic,discovery,True,27.2777675106265,34.97676201427819,1993-04-25,1985-08-13,7.6989945036516865,-150.0,-130.0,120.0,120.0,BestFightOdds_historical,,,73.0,71.0,Southpaw,boutmetrics,boutmetrics,False,,0,0,0,0,,0,0,0,,,0,,,False,unmatched,0,,,,,,,,,,,,,,False,0,0.0,0.0,,0.0,,0.0,0.0,0.0,,0.0,,0.0,0.0,0.0,0.0,71.0,74.0,Orthodox,boutmetrics,boutmetrics,False,,2,1,1,0,0.5,1,0,0,1.0,1.0,1,0.3825757575757575,990.0,True,base_exact,2,1498.7220824099452,1475.5761022957408,1475.5761022957408,1516.3814990388585,0.0,0.0,0.0,0.0,-0.0532465662522846,-0.0266232831261423,1475.5761022957408,1475.5761022957408,990.0,True,0,0.0,0.0,,0.0,,0.0,0.0,0.0,,0.0,,0.0,0.0,0.0,0.0,-7.6989945036516865,2.0,-3.0,-2.0,,,,,,0.0,,,,,,,,,,,,,,,,,,,,,,,,,,,,,,,,,
4,DWCS 4.2,2020-08-11,Adrian Yanez,Brady Huang,Adrian Yanez,discovery,True,26.700069132151928,27.652860770583928,1993-11-29,1992-12-16,0.9527916384320001,-200.0,-355.0,160.0,310.0,BestFightOdds_historical,,,67.0,70.0,Orthodox,boutmetrics,boutmetrics,True,https://www.ufc.com/athlete/adrian-yanez,19,14,5,0,0.7368421052631579,6,2,6,0.5714285714285714,0.2857142857142857,5,0.6241057091057092,270.0,True,base_exact,19,1588.7223374596176,1512.1598277531564,1507.941271408837,1581.8964046530443,5.0,0.0,2.0,0.0,3.69676406081739,0.1945665295167047,1541.6211248136888,1508.156135008339,270.0,True,0,0.0,0.0,,0.0,,0.0,0.0,0.0,,0.0,,0.0,0.0,0.0,0.0,69.0,69.0,Orthodox,boutmetrics,boutmetrics,True,https://www.ufc.com/athlete/brady-huang,2,2,0,0,1.0,1,1,0,1.0,1.0,2,0.2923976608187134,1046.0,True,base_exact,2,1521.4746850211511,1467.6851883293584,1467.6851883293584,1508.024326232618,0.0,0.0,0.0,0.0,0.894778542547966,0.447389271273983,1467.6851883293584,1467.6851883293584,1046.0,True,0,0.0,0.0,,0.0,,0.0,0.0,0.0,,0.0,,0.0,0.0,0.0,0.0,-0.9527916384320001,-2.0,1.0,17.0,-0.26315789473684215,-0.4285714285714286,0.3317080482869958,67.2476524384665,44.47463942379795,0.0,,,,,,,,,,,,,,,,,,,,,,,,,,,,,,,,,
4,DWCS 4.2,2020-08-11,Anthony Adams,Impa Kasanganay,Impa Kasanganay,discovery,True,32.578355476156254,26.56591168880949,1988-01-13,1994-01-17,6.012443787346765,115.0,140.0,-145.0,-160.0,BestFightOdds_historical,,,73.0,76.0,Orthodox,boutmetrics,boutmetrics,True,https://www.ufc.com/athlete/anthony-adams,5,5,0,0,1.0,2,0,3,0.4,0.4,2,0.6634965034965035,571.0,True,base_exact,5,1564.2984015482175,1550.826032604188,1562.5618428782311,1569.325854819443,4.0,0.0,4.0,0.0,2.6791000645090723,0.5358200129018145,1564.2890867643553,1550.826032604188,571.0,True,1,51.0,107.0,0.4766355140186916,84.0,0.4473684210526315,-33.0,0.0,5.0,0.0,0.0,,0.0,0.0,0.0,0.0,71.0,75.0,Orthodox,boutmetrics,boutmetrics,True,https://www.ufc.com/athlete/impa-kasanganay,7,7,0,0,1.0,1,1,5,0.2857142857142857,0.2857142857142857,5,0.3777777777777777,350.0,True,base_exact,7,1576.327585729788,1501.6234689850469,1497.5733643947838,1547.825671426502,0.0,0.0,0.0,0.0,3.1803160720745,0.4543308674392142,1510.8652173047635,1502.272856579065,350.0,True,1,72.0,116.0,0.6206896551724138,39.0,0.4657534246575342,33.0,2.0,2.0,1.0,3.0,0.5714285714285714,0.0,0.0,0.0,0.0,6.012443787346765,2.0,1.0,-2.0,0.0,0.11428571428571432,0.28571872571872575,-12.0291841815706,49.202563619141074,-66.0,,,,,,,,,,,,,,,,,,,,,,,,,,,,,,,,,
4,DWCS 4.2,2020-08-11,Dustin Stoltzfus,Joe Pyfer,Dustin Stoltzfus,discovery,True,28.739809852358363,23.899190264002684,1991-11-15,1996-09-17,4.840619588355679,-225.0,-267.0,190.0,250.0,BestFightOdds_historical,,,72.0,75.0,Orthodox,boutmetrics,boutmetrics,False,,1,1,0,0,1.0,1,0,0,1.0,0.0,1,0.7142857142857143,409.0,True,base_exact,1,1516.3386612584534,1631.5647216050677,1631.5647216050677,1631.5647216050677,1.0,1.0,1.0,1.0,0.6807775524355574,0.6807775524355574,1631.5647216050677,1631.5647216050677,409.0,True,0,0.0,0.0,,0.0,,0.0,0.0,0.0,,0.0,,0.0,0.0,0.0,0.0,74.0,75.0,Orthodox,boutmetrics,boutmetrics,False,,3,2,1,0,0.6666666666666666,2,0,0,1.0,0.5,1,0.5,172.0,True,base_exact,3,1511.1664790648608,1495.040475336673,1501.8119621832764,1517.3268121156948,0.0,0.0,0.0,0.0,0.4652699610358703,0.1550899870119567,1495.040475336673,1495.040475336673,172.0,True,0,0.0,0.0,,0.0,,0.0,0.0,0.0,,0.0,,0.0,0.0,0.0,0.0,4.840619588355679,-2.0,0.0,-2.0,0.33333333333333337,0.0,0.2142857142857143,5.172182193592562,136.5242462683948,0.0,,,,,,,,,,,,,,,,,,,,,,,,,,,,,,,,,
4,DWCS 4.2,2020-08-11,TJ Laramie,Daniel Swain,TJ Laramie,discovery,True,22.8231928102562,29.531064977378044,1997-10-15,1991-01-30,6.707872167121845,,,175.0,275.0,BestFightOdds_historical,,,66.0,66.0,Orthodox,boutmetrics,boutmetrics,False,,5,2,3,0,0.4,1,0,1,0.5,0.5,3,0.7224386724386724,318.0,True,recovered_event_opponent_alias,5,1496.800849423717,1544.7795998680283,1550.891645299416,1557.6185422002006,3.0,0.0,1.0,0.0,-0.1332979406784641,-0.0266595881356928,1553.3613337067693,1544.7795998680283,318.0,True,0,0.0,0.0,,0.0,,0.0,0.0,0.0,,0.0,,0.0,0.0,0.0,0.0,69.0,70.0,Orthodox,boutmetrics,boutmetrics,False,,8,4,4,0,0.5,1,3,0,1.0,0.75,7,0.7479271094402673,563.0,True,base_exact,8,1522.1902804513995,1582.889409728827,1588.9134245863938,1657.2191020129874,5.0,3.0,3.0,1.0,0.9245950188083106,0.1155743773510388,1606.0568410685448,1604.6641439817236,563.0,True,0,0.0,0.0,,0.0,,0.0,0.0,0.0,,0.0,,0.0,0.0,0.0,0.0,-6.707872167121845,-3.0,-4.0,-3.0,-0.09999999999999998,-0.5,-0.025488437001594866,-25.389431027682576,-38.109809860798805,0.0,,,,,,,,,,,,,,,,,,,,,,,,,,,,,,,,,
4,DWCS 4.2,2020-08-11,Vanessa Demopoulos,Cory McKenna,Cory McKenna,discovery,True,31.88566500338816,21.08735976782549,1988-09-22,1999-07-11,10.798305235562669,-136.0,-155.0,106.0,150.0,BestFightOdds_historical,,,62.0,59.0,Orthodox,boutmetrics,boutmetrics,True,https://www.ufc.com/athlete/vanessa-demopoulos,11,9,2,0,0.8181818181818182,0,5,4,0.5555555555555556,0.3333333333333333,2,0.75,25.0,True,base_exact,11,1580.7323730671228,1514.0176535768803,1508.8449308724691,1557.9418915603949,1.0,0.0,1.0,0.0,3.363848877796782,0.3058044434360711,1535.8404321315684,1522.183981165661,25.0,True,0,0.0,0.0,,0.0,,0.0,0.0,0.0,,0.0,,0.0,0.0,0.0,0.0,63.0,58.0,Orthodox,boutmetrics,boutmetrics,True,https://www.ufc.com/athlete/cory-mckenna,10,8,2,0,0.8,4,2,2,0.75,0.5,1,0.8333333333333334,438.0,True,base_exact,10,1563.6852014552744,1505.6702863784296,1500.0,1556.833038064592,1.0,0.0,0.0,0.0,2.6535500606364306,0.265355006063643,1492.7455783117884,1507.0139545999916,438.0,True,0,0.0,0.0,,0.0,,0.0,0.0,0.0,,0.0,,0.0,0.0,0.0,0.0,10.798305235562669,-1.0,1.0,1.0,0.018181818181818188,-0.19444444444444442,-0.08333333333333337,17.0471716118484,8.347367198450684,0.0,,,,,,,,,,,,,,,,,,,,,,,,,,,,,,,,,
4,DWCS 4.3,2020-08-18,Cheyanne Vlismas,Hilarie Rose,Cheyanne Vlismas,discovery,True,25.15041376619643,27.767852864877444,1995-06-25,1992-11-11,2.6174390986810145,,,185.0,210.0,BestFightOdds_historical,,,63.0,63.0,Switch,boutmetrics,boutmetrics,True,https://www.ufc.com/athlete/cheyanne-vlismas,2,1,1,0,0.5,0,0,1,0.0,0.0,2,1.0,682.0,True,base_exact,2,1502.6825914297565,1533.585338971351,1533.585338971351,1533.6033145909282,0.0,0.0,0.0,0.0,0.1117746429065162,0.0558873214532581,1533.585338971351,1533.585338971351,682.0,True,0,0.0,0.0,,0.0,,0.0,0.0,0.0,,0.0,,0.0,0.0,0.0,0.0,63.0,63.0,Orthodox,boutmetrics,boutmetrics,True,https://www.ufc.com/athlete/hilarie-rose,5,4,1,0,0.8,1,2,1,0.75,0.25,1,0.3571428571428571,389.0,True,base_exact,5,1534.0890896994824,1493.2973448495134,1499.675047615135,1500.0,0.0,0.0,0.0,0.0,1.4203787374784205,0.2840757474956841,1492.2606684891678,1493.2973448495134,389.0,True,0,0.0,0.0,,0.0,,0.0,0.0,0.0,,0.0,,0.0,0.0,0.0,0.0,-2.6174390986810145,0.0,0.0,-3.0,-0.30000000000000004,-0.75,0.6428571428571429,-31.406498269725944,40.28799412183753,0.0,,,,,,,,,,,,,,,,,,,,,,,,,,,,,,,,,
4,DWCS 4.3,2020-08-18,Josh Parisian,Chad Johnson,Josh Parisian,discovery,True,31.140954297487283,34.07599060897896,1989-06-28,1986-07-22,2.935036311491679,-115.0,-245.0,-115.0,210.0,BestFightOdds_historical,,,76.0,79.0,Orthodox,boutmetrics,boutmetrics,False,,5,2,3,0,0.4,2,0,0,1.0,0.0,4,0.6096950875211744,248.0,True,base_exact,5,1493.5442024702468,1524.195804245983,1523.9718923882829,1598.5449383317705,1.0,0.0,0.0,0.0,-0.2689915637397156,-0.0537983127479431,1555.7285895048956,1524.195804245983,248.0,True,1,8.0,18.0,0.4444444444444444,4.0,0.1999999999999999,4.0,0.0,0.0,,0.0,,0.0,0.0,1.0,0.0,74.0,80.0,Orthodox,boutmetrics,boutmetrics,False,,8,7,1,0,0.875,7,0,0,1.0,0.8571428571428571,2,0.4090909090909091,326.0,True,base_exact,8,1564.954203176337,1506.5958192552537,1500.0,1568.396944503628,2.0,0.0,2.0,0.0,2.706425132347369,0.3383031415434211,1541.270425812896,1520.6284123095115,326.0,True,0,0.0,0.0,,0.0,,0.0,0.0,0.0,,0.0,,0.0,0.0,0.0,0.0,-2.935036311491679,2.0,-1.0,-3.0,-0.475,0.0,0.2006041784302653,-71.41000070609016,17.599984990729354,4.0,,,,,,,,,,,,,,,,,,,,,,,,,,,,,,,,,
4,DWCS 4.3,2020-08-18,Kevin Syler,Ken Cross,Ken Cross,discovery,True,27.055997043060437,25.8732212160414,1993-07-29,1994-10-04,1.1827758270190358,120.0,-105.0,,,BestFightOdds_historical,,,69.0,71.0,Switch,boutmetrics,boutmetrics,False,,2,2,0,0,1.0,0,1,1,0.5,0.0,2,0.6,247.0,True,base_exact,2,1524.6286782183518,1515.3180003553234,1515.3180003553234,1518.2360095528004,0.0,0.0,0.0,0.0,1.0261949257646572,0.5130974628823286,1515.3180003553234,1515.3180003553234,247.0,True,1,147.0,195.0,0.7538461538461538,88.0,0.5,59.0,1.0,2.0,0.5,1.0,0.0,0.0,0.0,0.0,2.0,72.0,72.0,Southpaw,boutmetrics,boutmetrics,False,,13,10,3,0,0.7692307692307693,4,6,0,1.0,1.0,4,0.3468660968660968,192.0,True,recovered_event_opponent_alias,13,1575.367349850837,1509.2767274613225,1500.0,1579.9391858720744,2.0,0.0,2.0,0.0,3.140306243784872,0.2415620187526824,1546.8490144841237,1533.4818717126907,192.0,True,0,0.0,0.0,,0.0,,0.0,0.0,0.0,,0.0,,0.0,0.0,0.0,0.0,1.1827758270190358,-3.0,-1.0,-11.0,0.23076923076923073,-0.5,0.25313390313390316,-50.73867163248519,6.04127289400094,59.0,,,,,,,,,,,,,,,,,,,,,,,,,,,,,,,,,
4,DWCS 4.3,2020-08-18,Louis Cosce,Victor Reyna,Louis Cosce,discovery,True,24.977925624756157,34.037659910881125,1995-08-27,1986-08-05,9.059734286124968,-175.0,155.0,145.0,-160.0,BestFightOdds_historical,,,69.0,71.0,Orthodox,boutmetrics,boutmetrics,True,https://www.ufc.com/athlete/louis-cosce,0,0,0,0,,0,0,0,,,0,,,False,unmatched,0,,,,,,,,,,,,,,False,0,0.0,0.0,,0.0,,0.0,0.0,0.0,,0.0,,0.0,0.0,0.0,0.0,71.0,74.0,Southpaw,boutmetrics,boutmetrics,True,https://www.ufc.com/athlete/victor-reyna,5,3,1,1,0.75,1,0,2,0.3333333333333333,0.3333333333333333,3,0.6421274961597543,291.0,True,base_exact,5,1529.2296862622848,1540.2886990647455,1543.3990283955566,1562.2059657016057,2.0,0.0,0.0,0.0,1.217903594261868,0.2435807188523736,1531.9461670755218,1540.2886990647455,291.0,True,1,89.0,133.0,0.6691729323308271,61.0,0.4077669902912622,28.0,0.0,2.0,0.0,0.0,1.0,0.0,0.0,0.0,0.0,-9.059734286124968,-2.0,-3.0,-5.0,,,,,,-28.0,,,,,,,,,,,,,,,,,,,,,,,,,,,,,,,,,
4,DWCS 4.3,2020-08-18,Orion Cosce,Matt Dixon,Orion Cosce,discovery,True,26.094991683607464,24.86019562345565,1994-07-15,1995-10-09,1.2347960601518153,170.0,325.0,-210.0,-345.0,BestFightOdds_historical,,,71.0,71.0,Switch,boutmetrics,boutmetrics,False,,2,2,0,0,1.0,2,0,0,1.0,0.5,2,0.75,374.0,True,base_exact,2,1525.0834171832144,1521.7270832871432,1521.7270832871432,1543.4398747906794,0.0,0.0,0.0,0.0,1.0451423826339283,0.5225711913169642,1521.7270832871432,1521.7270832871432,374.0,True,0,0.0,0.0,,0.0,,0.0,0.0,0.0,,0.0,,0.0,0.0,0.0,0.0,70.0,75.0,Switch,boutmetrics,boutmetrics,True,https://www.ufc.com/athlete/matt-dixon,10,10,0,0,1.0,5,1,4,0.6,0.3,3,0.6240595238095237,165.0,True,base_exact,10,1611.4813391540536,1526.609616629075,1526.9978000949675,1560.6184460790023,2.0,0.0,2.0,0.0,4.645055798085556,0.4645055798085556,1556.4879158199922,1541.7444467216685,165.0,True,0,0.0,0.0,,0.0,,0.0,0.0,0.0,,0.0,,0.0,0.0,0.0,0.0,1.2347960601518153,1.0,-4.0,-8.0,0.0,0.4,0.12594047619047632,-86.3979219708392,-4.882533341931776,0.0,,,,,,,,,,,,,,,,,,,,,,,,,,,,,,,,,
4,DWCS 4.4,2020-08-25,Jacob Silva,Jeff Molina,Jeff Molina,discovery,True,32.50443198696756,23.107935138983,1988-02-23,1997-07-17,9.396496847984562,-260.0,-400.0,,,BestFightOdds_historical,,,65.0,67.0,Orthodox,boutmetrics,boutmetrics,False,,9,7,2,0,0.7777777777777778,6,1,0,1.0,0.7142857142857143,3,0.5055555555555554,184.0,True,base_exact,9,1557.4567297946214,1499.9100579347332,1500.0,1534.651802069993,0.0,0.0,0.0,0.0,2.394030408109224,0.2660033786788027,1507.0501406121846,1506.4153349692144,184.0,True,0,0.0,0.0,,0.0,,0.0,0.0,0.0,,0.0,,0.0,0.0,0.0,0.0,66.0,69.0,Orthodox,boutmetrics,boutmetrics,False,,9,7,2,0,0.7777777777777778,2,5,0,1.0,0.7142857142857143,6,0.5152777777777777,185.0,True,base_exact,9,1556.192009429516,1498.0117893908437,1500.0,1545.9701357192553,0.0,0.0,0.0,0.0,2.34133372622984,0.2601481918033155,1496.0093838584098,1493.7081910963134,185.0,True,0,0.0,0.0,,0.0,,0.0,0.0,0.0,,0.0,,0.0,0.0,0.0,0.0,9.396496847984562,-1.0,-2.0,0.0,0.0,0.0,-0.009722222222222299,1.2647203651054042,1.8982685438895714,0.0,,,,,,,,,,,,,,,,,,,,,,,,,,,,,,,,,
4,DWCS 4.4,2020-08-25,Jhonoven Pati,Jamie Pickett,Jamie Pickett,discovery,True,29.991033354552112,31.98970546965372,1990-08-29,1988-08-29,1.9986721151016091,200.0,116.0,-250.0,-116.0,BestFightOdds_historical,,,73.0,75.0,Switch,boutmetrics,boutmetrics,False,,11,6,5,0,0.5454545454545454,5,1,0,1.0,0.5,7,0.796875,276.0,True,base_exact,11,1514.1233236025555,1514.4238318947648,1510.82882245531,1558.4916275444084,1.0,0.0,0.0,0.0,0.5884718167731628,0.0534974378884693,1501.8331190542076,1517.8900935555023,276.0,True,0,0.0,0.0,,0.0,,0.0,0.0,0.0,,0.0,,0.0,0.0,0.0,0.0,74.0,80.0,Orthodox,boutmetrics,boutmetrics,True,https://www.ufc.com/athlete/jamie-pickett,3,2,1,0,0.6666666666666666,1,0,1,0.5,0.5,3,0.6447811447811448,332.0,True,base_exact,3,1512.6465668447847,1511.2165290260564,1511.7472086454231,1569.3091282633309,1.0,0.0,0.0,0.0,0.5269402851993686,0.1756467617331228,1511.2165290260564,1511.2165290260564,332.0,True,2,41.0,77.0,0.5324675324675324,60.0,0.6,-19.0,2.0,5.0,0.4,4.0,0.1999999999999999,0.0,0.0,0.0,0.0,-1.9986721151016091,-1.0,-5.0,8.0,-0.12121212121212122,0.5,0.1520938552188552,1.4767567577707723,3.207302868708439,19.0,,,,,,,,,,,,,,,,,,,,,,,,,,,,,,,,,
4,DWCS 4.4,2020-08-25,Kyron Bowen,Collin Huckbody,Collin Huckbody,discovery,True,26.67542796908903,25.906076100125254,1993-12-22,1994-09-29,0.7693518689637742,190.0,220.0,-240.0,-233.0,BestFightOdds_historical,,,75.0,73.0,Orthodox,boutmetrics,boutmetrics,True,https://www.ufc.com/athlete/kyron-bowen,4,2,2,0,0.5,0,2,0,1.0,0.0,2,0.8,459.0,True,base_exact,4,1504.384051245428,1522.0223533772266,1522.5912217677435,1545.1916416137124,0.0,0.0,0.0,0.0,0.1826688018928324,0.0456672004732081,1517.904786172121,1522.0223533772266,459.0,True,0,0.0,0.0,,0.0,,0.0,0.0,0.0,,0.0,,0.0,0.0,0.0,0.0,75.0,76.0,Orthodox,boutmetrics,boutmetrics,True,https://www.ufc.com/athlete/collin-huckbody,10,7,3,0,0.7,0,5,2,0.7142857142857143,0.4285714285714285,7,0.437636165577342,311.0,True,base_exact,10,1547.4197290464244,1512.703191741258,1512.2156832288442,1567.2605913870095,2.0,0.0,0.0,0.0,1.9758220436010256,0.1975822043601025,1520.3840765126818,1523.3516991702118,311.0,True,0,0.0,0.0,,0.0,,0.0,0.0,0.0,,0.0,,0.0,0.0,0.0,0.0,0.7693518689637742,0.0,-3.0,-6.0,-0.19999999999999996,0.2857142857142857,0.36236383442265807,-43.03567780099638,9.319161635968612,0.0,,,,,,,,,,,,,,,,,,,,,,,,,,,,,,,,,
4,DWCS 4.4,2020-08-25,Mike Breeden,Anthony Romero,Anthony Romero,discovery,True,31.346297323011424,23.49671793397537,1989-04-21,1997-02-25,7.849579389036055,160.0,180.0,-200.0,-200.0,BestFightOdds_historical,,,70.0,70.0,Orthodox,boutmetrics,boutmetrics,False,,15,12,3,0,0.8,11,0,1,0.9166666666666666,0.5833333333333334,6,0.673015873015873,333.0,True,base_exact,15,1591.5602862873063,1511.3679298857744,1500.0,1547.1320348671732,0.0,0.0,0.0,0.0,3.815011928637766,0.2543341285758511,1506.256639572638,1509.2990865063248,333.0,True,0,0.0,0.0,,0.0,,0.0,0.0,0.0,,0.0,,0.0,0.0,0.0,0.0,65.0,66.0,Southpaw,boutmetrics,boutmetrics,False,,2,2,0,0,1.0,0,1,1,0.5,0.0,1,0.875,710.0,True,base_exact,2,1525.9370224990753,1534.9357375585805,1534.9357375585805,1544.7842738231066,0.0,0.0,0.0,0.0,1.0807092707947992,0.5403546353973996,1534.9357375585805,1534.9357375585805,710.0,True,0,0.0,0.0,,0.0,,0.0,0.0,0.0,,0.0,,0.0,0.0,0.0,0.0,7.849579389036055,5.0,4.0,13.0,-0.19999999999999996,0.41666666666666663,-0.20198412698412704,65.62326378823104,-23.56780767280611,0.0,,,,,,,,,,,,,,,,,,,,,,,,,,,,,,,,,
4,DWCS 4.4,2020-08-25,Rafael Alves,Alejandro Flores,Rafael Alves,discovery,True,29.780214515014,29.05466915816204,1990-11-14,1991-08-06,0.7255453568519599,145.0,-108.0,-175.0,-102.0,BestFightOdds_historical,,,68.0,68.0,Orthodox,boutmetrics,boutmetrics,True,https://www.ufc.com/athlete/rafael-alves,37,23,14,0,0.6216216216216216,8,10,5,0.782608695652174,0.5652173913043478,20,0.5818479233710545,487.0,True,base_exact,37,1588.0695145749646,1530.310035556945,1510.9053732845323,1663.7645590833226,10.0,5.0,3.0,1.0,3.669563107290207,0.0991773812781137,1538.862707627424,1540.123325128386,487.0,True,0,0.0,0.0,,0.0,,0.0,0.0,0.0,,0.0,,0.0,0.0,0.0,0.0,70.0,73.0,Orthodox,boutmetrics,boutmetrics,True,https://www.ufc.com/athlete/alejandro-flores,5,3,2,0,0.6,0,0,3,0.0,0.0,2,0.7197480881691407,312.0,True,base_exact,5,1525.5047430360396,1585.3769631819598,1579.6851122440414,1636.9173738888785,5.0,1.0,3.0,0.0,1.0626976265016508,0.2125395253003301,1593.5996977930365,1585.3769631819598,312.0,True,0,0.0,0.0,,0.0,,0.0,0.0,0.0,,0.0,,0.0,0.0,0.0,0.0,0.7255453568519599,-2.0,-5.0,32.0,0.021621621621621623,0.782608695652174,-0.1379001647980862,62.564771538925015,-55.06692762501484,0.0,,,,,,,,,,,,,,,,,,,,,,,,,,,,,,,,,
4,DWCS 4.5,2020-09-01,Dennis Buzukja,Melsik Baghdasaryan,Melsik Baghdasaryan,discovery,True,22.9190195555008,28.59470078098797,1997-10-01,1992-01-28,5.675681225487171,125.0,-132.0,-155.0,118.0,BestFightOdds_historical,,,69.0,70.0,Switch,boutmetrics,boutmetrics,True,https://www.ufc.com/athlete/dennis-buzukja,6,5,1,0,0.8333333333333334,3,0,2,0.6,0.6,2,0.1666666666666666,193.0,True,base_exact,6,1543.6614377829392,1495.2931437394284,1500.0,1505.7738107003372,0.0,0.0,0.0,0.0,1.8192265742891296,0.3032044290481883,1501.924603566779,1496.5919402432753,193.0,True,0,0.0,0.0,,0.0,,0.0,0.0,0.0,,0.0,,0.0,0.0,0.0,0.0,69.0,70.0,Southpaw,boutmetrics,boutmetrics,True,https://www.ufc.com/athlete/melsik-baghdasaryan,5,4,1,0,0.8,4,0,0,1.0,1.0,3,0.0,346.0,True,base_exact,5,1532.3629400089417,1483.114753190486,1482.7068739090016,1500.0,0.0,0.0,0.0,0.0,1.3484558337058967,0.2696911667411793,1471.857921984143,1483.114753190486,346.0,True,0,0.0,0.0,,0.0,,0.0,0.0,0.0,,0.0,,0.0,0.0,0.0,0.0,-5.675681225487171,0.0,0.0,1.0,0.033333333333333326,-0.4,0.1666666666666666,11.298497773997497,12.178390548942389,0.0,,,,,,,,,,,,,,,,,,,,,,,,,,,,,,,,,
4,DWCS 4.5,2020-09-01,Jimmy Flick,Nate Smith,Jimmy Flick,discovery,True,29.98555754053813,25.399563303832384,1990-09-07,1995-04-09,4.585994236705748,-165.0,102.0,135.0,-118.0,BestFightOdds_historical,,,67.0,68.0,Orthodox,boutmetrics,boutmetrics,True,https://www.ufc.com/athlete/jimmy-flick,23,18,5,0,0.782608695652174,0,15,3,0.8333333333333334,0.4444444444444444,12,0.5774958185457401,39.0,True,base_exact,23,1629.8878700312378,1535.8091706866826,1525.9045630864568,1609.307190539378,9.0,1.0,6.0,1.0,5.4119945846349,0.2353041123754304,1571.613915701945,1567.051837013417,39.0,True,0,0.0,0.0,,0.0,,0.0,0.0,0.0,,0.0,,0.0,0.0,0.0,0.0,66.0,69.0,Switch,boutmetrics,boutmetrics,False,,7,7,0,0,1.0,2,3,2,0.7142857142857143,0.4285714285714285,4,0.6799999999999999,193.0,True,base_exact,7,1578.2747510411316,1510.4402688791683,1500.866430828695,1542.6124703674598,0.0,0.0,0.0,0.0,3.2614479600471418,0.4659211371495916,1525.6945784189663,1514.4430902650968,193.0,True,0,0.0,0.0,,0.0,,0.0,0.0,0.0,,0.0,,0.0,0.0,0.0,0.0,4.585994236705748,1.0,-1.0,16.0,-0.21739130434782605,0.11904761904761907,-0.10250418145425988,51.61311899010616,25.36890180751425,0.0,,,,,,,,,,,,,,,,,,,,,,,,,,,,,,,,,
4,DWCS 4.5,2020-09-01,Jose Johnson,Ronnie Lawrence,Ronnie Lawrence,discovery,True,25.287309116545856,28.219607521030547,1995-05-20,1992-06-13,2.9322984044846905,-210.0,-285.0,170.0,255.0,BestFightOdds_historical,,,72.0,71.0,Orthodox,boutmetrics,boutmetrics,False,,18,12,6,0,0.6666666666666666,7,2,3,0.75,0.6666666666666666,7,0.5595065562456867,291.0,True,base_exact,18,1574.1308571427037,1519.0673088616156,1516.0919255909296,1590.221576607709,3.0,0.0,2.0,0.0,3.088785714279311,0.1715992063488506,1560.2922445747863,1526.5179443972445,291.0,True,0,0.0,0.0,,0.0,,0.0,0.0,0.0,,0.0,,0.0,0.0,0.0,0.0,68.0,68.0,Switch,boutmetrics,boutmetrics,True,https://www.ufc.com/athlete/ronnie-lawrence,5,3,2,0,0.6,1,0,2,0.3333333333333333,0.3333333333333333,3,0.8392857142857142,466.0,True,base_exact,5,1520.2071088361577,1543.5863983686977,1522.1300629949817,1589.422720853158,2.0,0.0,0.0,0.0,0.841962868173223,0.1683925736346446,1516.1221970716606,1543.5863983686977,466.0,True,0,0.0,0.0,,0.0,,0.0,0.0,0.0,,0.0,,0.0,0.0,0.0,0.0,-2.9322984044846905,4.0,3.0,13.0,0.06666666666666665,0.4166666666666667,-0.2797791580400275,53.92374830654603,-24.51908950708207,0.0,,,,,,,,,,,,,,,,,,,,,,,,,,,,,,,,,
4,DWCS 4.5,2020-09-01,Tucker Lutz,Chase Gibson,Tucker Lutz,discovery,True,26.14153610272627,30.5659938260197,1994-07-12,1990-02-07,4.424457723293429,160.0,160.0,,,BestFightOdds_historical,,,68.0,72.0,Orthodox,boutmetrics,boutmetrics,True,https://www.ufc.com/athlete/tucker-lutz,1,1,0,0,1.0,1,0,0,1.0,0.0,1,1.0,1242.0,True,base_exact,1,1513.1969996934067,1534.772327276234,1534.772327276234,1534.772327276234,0.0,0.0,0.0,0.0,0.5498749872252796,0.5498749872252796,1534.772327276234,1534.772327276234,1242.0,True,0,0.0,0.0,,0.0,,0.0,0.0,0.0,,0.0,,0.0,0.0,0.0,0.0,70.0,72.0,Orthodox,boutmetrics,boutmetrics,True,https://www.ufc.com/athlete/chase-gibson,13,9,4,0,0.6923076923076923,4,3,2,0.7777777777777778,0.7777777777777778,5,0.3654761904761905,185.0,True,base_exact,13,1546.4934367987344,1487.9823500325847,1488.757829167416,1524.5965448789543,0.0,0.0,0.0,0.0,1.93722653328062,0.1490174256369707,1489.7505887272375,1482.392210038131,185.0,True,0,0.0,0.0,,0.0,,0.0,0.0,0.0,,0.0,,0.0,0.0,0.0,0.0,-4.424457723293429,-2.0,0.0,-12.0,0.3076923076923077,0.2222222222222222,0.6345238095238095,-33.29643710532764,46.78997724364922,0.0,,,,,,,,,,,,,,,,,,,,,,,,,,,,,,,,,
4,DWCS 4.5,2020-09-01,William Knight,Cody Brundage,William Knight,discovery,True,32.41408105573694,26.297596802124616,1988-04-03,1994-05-16,6.116484253612327,-150.0,125.0,120.0,-140.0,BestFightOdds_historical,,,70.0,73.0,Orthodox,boutmetrics,boutmetrics,False,,5,4,1,0,0.8,2,2,0,1.0,0.75,3,0.5757575757575758,312.0,True,base_exact,5,1537.8307934004613,1516.526749666867,1530.0674961735815,1537.2690148876366,0.0,0.0,0.0,0.0,1.5762830583525478,0.3152566116705095,1515.1215778155668,1516.526749666867,312.0,True,1,97.0,126.0,0.7698412698412699,56.0,0.3411764705882353,41.0,4.0,7.0,0.5714285714285714,2.0,0.5,0.0,0.0,0.0,0.0,72.0,72.0,Orthodox,boutmetrics,boutmetrics,True,https://www.ufc.com/athlete/cody-brundage,5,5,0,0,1.0,3,1,1,0.8,0.6,3,0.3,206.0,True,base_exact,5,1554.7222414305647,1491.6767831723296,1500.0,1505.2638461380084,0.0,0.0,0.0,0.0,2.2800933929401976,0.4560186785880395,1499.8326214707356,1491.6767831723296,206.0,True,0,0.0,0.0,,0.0,,0.0,0.0,0.0,,0.0,,0.0,0.0,0.0,0.0,6.116484253612327,-2.0,1.0,0.0,-0.19999999999999996,0.19999999999999996,0.2757575757575758,-16.891448030103447,24.84996649453751,41.0,,,,,,,,,,,,,,,,,,,,,,,,,,,,,,,,,
4,DWCS 4.6,2020-09-08,Aliaskhab Khizriev,Henrique Shiguemoto,Aliaskhab Khizriev,discovery,True,30.04305358768489,31.214877786675974,1990-08-24,1989-06-22,1.1718241989910823,-200.0,-400.0,,,BestFightOdds_historical,,,69.0,74.0,Southpaw,boutmetrics,boutmetrics,True,https://www.ufc.com/athlete/aliaskhab-khizriev,3,3,0,0,1.0,2,0,1,0.6666666666666666,0.6666666666666666,1,0.6243457791801267,893.0,True,base_exact,3,1541.6898145403352,1568.9030138088265,1584.1951226575677,1603.4123415516783,2.0,1.0,2.0,1.0,1.7370756058473045,0.5790252019491015,1568.9030138088265,1568.9030138088265,893.0,True,0,0.0,0.0,,0.0,,0.0,0.0,0.0,,0.0,,0.0,0.0,0.0,0.0,71.0,72.0,Orthodox,boutmetrics,boutmetrics,True,https://www.ufc.com/athlete/henrique-shiguemoto,3,2,1,0,0.6666666666666666,2,0,0,1.0,1.0,2,0.7676767676767676,1823.0,True,base_exact,3,1516.0705738305014,1536.9495359043851,1535.3788647115953,1544.9083943586973,0.0,0.0,0.0,0.0,0.6696072429375635,0.2232024143125211,1536.9495359043851,1536.9495359043851,1823.0,True,0,0.0,0.0,,0.0,,0.0,0.0,0.0,,0.0,,0.0,0.0,0.0,0.0,-1.1718241989910823,-2.0,2.0,0.0,0.33333333333333337,-0.33333333333333337,-0.14333098849664094,25.619240709833775,31.953477904441343,0.0,,,,,,,,,,,,,,,,,,,,,,,,,,,,,,,,,
4,DWCS 4.6,2020-09-08,Cameron Church,Sherrard Blackledge,Sherrard Blackledge,discovery,True,29.94996474944729,27.0642107640814,1990-09-27,1993-08-16,2.8857539853658913,-145.0,-119.0,115.0,107.0,BestFightOdds_historical,,,71.0,72.0,Orthodox,boutmetrics,boutmetrics,False,,1,1,0,0,1.0,1,0,0,1.0,0.0,1,0.4761904761904761,306.0,True,base_exact,1,1511.5931973130598,1488.217340828938,1488.217340828938,1488.217340828938,0.0,0.0,0.0,0.0,0.4830498880441574,0.4830498880441574,1488.217340828938,1488.217340828938,306.0,True,0,0.0,0.0,,0.0,,0.0,0.0,0.0,,0.0,,0.0,0.0,0.0,0.0,71.0,75.0,Orthodox,boutmetrics,boutmetrics,False,,0,0,0,0,,0,0,0,,,0,,,False,unmatched,0,,,,,,,,,,,,,,False,0,0.0,0.0,,0.0,,0.0,0.0,0.0,,0.0,,0.0,0.0,0.0,0.0,2.8857539853658913,0.0,-3.0,1.0,,,,,,0.0,,,,,,,,,,,,,,,,,,,,,,,,,,,,,,,,,
4,DWCS 4.6,2020-09-08,Mana Martinez,Drako Rodriguez,Drako Rodriguez,discovery,True,24.457723293428337,24.230477011848294,1996-03-25,1996-06-16,0.22724628158004379,-125.0,-112.0,-105.0,-101.0,BestFightOdds_historical,,,70.0,70.0,Orthodox,boutmetrics,boutmetrics,True,https://www.ufc.com/athlete/mana-martinez,11,9,2,0,0.8181818181818182,9,0,0,1.0,0.5555555555555556,4,0.4772727272727273,304.0,True,recovered_event_opponent_alias,11,1577.1630419237365,1507.094278607695,1500.0,1597.8772012275815,1.0,0.0,1.0,0.0,3.2151267468223548,0.2922842497111231,1528.6254161666693,1515.4527319846989,304.0,True,0,0.0,0.0,,0.0,,0.0,0.0,0.0,,0.0,,0.0,0.0,0.0,0.0,68.0,69.0,Orthodox,boutmetrics,boutmetrics,True,https://www.ufc.com/athlete/drako-rodriguez,3,2,1,0,0.6666666666666666,1,1,0,1.0,0.5,1,0.6891534391534391,724.0,True,base_exact,3,1516.1495786866874,1553.0283297939086,1572.6280247973723,1597.553516151441,2.0,0.0,1.0,0.0,0.6728991119453095,0.2242997039817698,1553.0283297939086,1553.0283297939086,724.0,True,0,0.0,0.0,,0.0,,0.0,0.0,0.0,,0.0,,0.0,0.0,0.0,0.0,0.22724628158004379,2.0,1.0,8.0,0.1515151515151516,0.0,-0.21188071188071178,61.01346323704911,-45.93405118621354,0.0,,,,,,,,,,,,,,,,,,,,,,,,,,,,,,,,,
4,DWCS 4.6,2020-09-08,Phil Hawes,Khadzhi Bestaev,Phil Hawes,discovery,True,31.66663244282908,32.148504076059055,1989-01-08,1988-07-16,0.48187163322997506,-210.0,-470.0,,,BestFightOdds_historical,,,72.0,77.0,Orthodox,boutmetrics,boutmetrics,True,https://www.ufc.com/athlete/phillip-hawes,6,4,2,0,0.6666666666666666,3,1,0,1.0,1.0,5,0.6692690058479531,233.0,True,base_exact,6,1532.8066572052237,1543.0748289577396,1529.0213326700873,1619.7814166625735,1.0,1.0,0.0,0.0,1.3669440502176569,0.2278240083696094,1520.7965303439255,1527.733511416773,233.0,True,1,17.0,41.0,0.4146341463414634,35.0,0.4852941176470589,-18.0,1.0,7.0,0.1428571428571428,0.0,,0.0,0.0,0.0,0.0,78.0,76.0,Stance —,boutmetrics,boutmetrics,False,,0,0,0,0,,0,0,0,,,0,,,False,unmatched,0,,,,,,,,,,,,,,False,0,0.0,0.0,,0.0,,0.0,0.0,0.0,,0.0,,0.0,0.0,0.0,0.0,-0.48187163322997506,-6.0,1.0,6.0,,,,,,-18.0,,,,,,,,,,,,,,,,,,,,,,,,,,,,,,,,,
4,DWCS 4.6,2020-09-08,Tafon Nchukwi,Al Matavao,Tafon Nchukwi,discovery,True,25.90333819311827,26.541270525746597,1994-10-14,1994-02-23,0.6379323326283277,,,160.0,425.0,BestFightOdds_historical,,,72.0,77.0,Orthodox,boutmetrics,boutmetrics,True,https://www.ufc.com/athlete/tafon-nchukwi,0,0,0,0,,0,0,0,,,0,,,False,unmatched,0,,,,,,,,,,,,,,False,0,0.0,0.0,,0.0,,0.0,0.0,0.0,,0.0,,0.0,0.0,0.0,0.0,68.0,67.0,Orthodox,boutmetrics,boutmetrics,True,https://www.ufc.com/athlete/al-matavao,1,0,1,0,0.0,0,0,0,,,1,0.6428571428571429,1420.0,True,base_exact,1,1489.4757954207869,1542.946051007801,1542.946051007801,1542.946051007801,0.0,0.0,0.0,0.0,-0.4385085241338858,-0.4385085241338858,1542.946051007801,1542.946051007801,1420.0,True,0,0.0,0.0,,0.0,,0.0,0.0,0.0,,0.0,,0.0,0.0,0.0,0.0,-0.6379323326283277,4.0,10.0,-1.0,,,,,,0.0,,,,,,,,,,,,,,,,,,,,,,,,,,,,,,,,,
4,DWCS 4.7,2020-09-15,Danyelle Wolf,Taneisha Tennant,Danyelle Wolf,discovery,True,37.0219785484986,31.25320848477381,1983-09-08,1989-06-15,5.768770063724791,-155.0,-141.0,135.0,130.0,BestFightOdds_historical,,,71.0,70.0,Orthodox,boutmetrics,boutmetrics,True,https://www.ufc.com/athlete/danyelle-wolf,0,0,0,0,,0,0,0,,,0,,,False,unmatched,0,,,,,,,,,,,,,,False,0,0.0,0.0,,0.0,,0.0,0.0,0.0,,0.0,,0.0,0.0,0.0,0.0,67.0,70.0,Orthodox,boutmetrics,boutmetrics,True,https://www.ufc.com/athlete/taneisha-tennant,1,1,0,0,1.0,0,0,1,0.0,0.0,1,,193.0,True,base_exact,1,1512.0,1500.0,1500.0,1500.0,0.0,0.0,0.0,0.0,0.5,0.5,1500.0,1500.0,193.0,True,0,0.0,0.0,,0.0,,0.0,0.0,0.0,,0.0,,0.0,0.0,0.0,0.0,5.768770063724791,4.0,0.0,-1.0,,,,,,0.0,,,,,,,,,,,,,,,,,,,,,,,,,,,,,,,,,
4,DWCS 4.7,2020-09-15,Dinis Paiva Jr.,Kyle Driscoll,Kyle Driscoll,discovery,True,32.30730268246439,25.979999589313948,1988-05-26,1994-09-23,6.327303093150441,185.0,185.0,-225.0,-225.0,BestFightOdds_historical,,,69.0,71.0,Southpaw,boutmetrics,boutmetrics,True,https://www.ufc.com/athlete/dinis-paiva,5,2,3,0,0.4,1,0,1,0.5,0.0,1,0.6957983193277311,823.0,True,base_exact,5,1495.800261676785,1538.329040744879,1526.8925402691896,1585.8630397637376,2.0,0.0,1.0,0.0,-0.1749890968006132,-0.0349978193601226,1556.1579349657168,1538.329040744879,823.0,True,0,0.0,0.0,,0.0,,0.0,0.0,0.0,,0.0,,0.0,0.0,0.0,0.0,71.0,74.0,Orthodox,boutmetrics,boutmetrics,False,,7,5,2,0,0.7142857142857143,1,0,4,0.2,0.2,2,0.6785714285714286,830.0,True,base_exact,7,1539.9316121163235,1531.491215972353,1533.2973742755394,1561.8131054524783,2.0,0.0,0.0,0.0,1.6638171715134815,0.2376881673590688,1509.255692105531,1528.0466800258537,830.0,True,0,0.0,0.0,,0.0,,0.0,0.0,0.0,,0.0,,0.0,0.0,0.0,0.0,6.327303093150441,-2.0,-3.0,-2.0,-0.3142857142857143,0.3,0.01722689075630246,-44.13135043953844,6.837824772525892,0.0,,,,,,,,,,,,,,,,,,,,,,,,,,,,,,,,,
4,DWCS 4.7,2020-09-15,Gregory Rodrigues,Jordan Williams,Jordan Williams,discovery,True,28.578273338946044,29.925323586384387,1992-02-17,1990-10-13,1.347050247438343,-175.0,-138.0,145.0,125.0,BestFightOdds_historical,,,75.0,75.0,Orthodox,boutmetrics,boutmetrics,True,https://www.ufc.com/athlete/gregory-rodrigues,3,2,1,0,0.6666666666666666,2,0,0,1.0,1.0,2,1.0,1060.0,True,base_exact,3,1516.8822228806207,1544.9613973841988,1548.5779191708043,1563.1059239386896,1.0,0.0,1.0,0.0,0.7034259533591978,0.2344753177863992,1544.9613973841988,1544.9613973841988,1060.0,True,0,0.0,0.0,,0.0,,0.0,0.0,0.0,,0.0,,0.0,0.0,0.0,0.0,73.0,75.0,Southpaw,boutmetrics,boutmetrics,False,,6,4,1,1,0.8,3,0,1,0.75,0.25,4,0.6335701335701335,420.0,True,base_exact,6,1537.4385565563744,1530.8255487764409,1526.9892044114808,1590.8486527989774,2.0,0.0,0.0,0.0,1.5599398565156046,0.2599899760859341,1548.275687207313,1535.204313601893,420.0,True,2,231.0,407.0,0.5675675675675675,183.0,0.3321167883211678,48.0,3.0,3.0,1.0,1.0,0.8888888888888888,0.0,0.0,0.0,0.0,-1.347050247438343,2.0,0.0,-3.0,-0.13333333333333341,0.25,0.3664298664298665,-20.55633367575365,14.135848607757907,-48.0,,,,,,,,,,,,,,,,,,,,,,,,,,,,,,,,,
4,DWCS 4.7,2020-09-15,Korey Kuppe,Michael Lombardo,Michael Lombardo,discovery,True,31.64472918677317,30.45373963873317,1989-01-23,1990-04-03,1.190989548040001,-115.0,175.0,-115.0,-192.0,BestFightOdds_historical,,,77.0,77.0,Switch,boutmetrics,boutmetrics,True,https://www.ufc.com/athlete/korey-kuppe,12,9,3,0,0.75,2,7,0,1.0,0.4444444444444444,7,0.3194444444444444,207.0,True,base_exact,12,1564.2288968352682,1509.1936551071915,1500.0,1564.824888408101,2.0,0.0,2.0,0.0,2.6762040348028333,0.2230170029002361,1552.694258255262,1524.871343925878,207.0,True,0,0.0,0.0,,0.0,,0.0,0.0,0.0,,0.0,,0.0,0.0,0.0,0.0,72.0,72.0,Orthodox,boutmetrics,boutmetrics,True,https://www.ufc.com/athlete/michael-lombardo,1,1,0,0,1.0,0,1,0,1.0,1.0,1,0.6,605.0,True,base_exact,1,1512.602242659178,1517.4513724926417,1517.4513724926417,1517.4513724926417,0.0,0.0,0.0,0.0,0.5250934441324184,0.5250934441324184,1517.4513724926417,1517.4513724926417,605.0,True,1,24.0,41.0,0.5853658536585366,68.0,0.3267326732673267,-44.0,1.0,10.0,0.1,2.0,0.6,0.0,0.0,0.0,0.0,1.190989548040001,5.0,5.0,11.0,-0.25,0.0,-0.28055555555555556,51.62665417609014,-8.257717385450178,44.0,,,,,,,,,,,,,,,,,,,,,,,,,,,,,,,,,
4,DWCS 4.7,2020-09-15,Muhammad Naimov,Collin Anglin,Collin Anglin,discovery,True,26.10868121864241,27.567985653367284,1994-08-07,1993-02-20,1.4593044347248743,,,185.0,270.0,BestFightOdds_historical,,,69.0,70.0,Orthodox,boutmetrics,boutmetrics,False,,0,0,0,0,,0,0,0,,,0,,,False,unmatched,0,,,,,,,,,,,,,,False,0,0.0,0.0,,0.0,,0.0,0.0,0.0,,0.0,,0.0,0.0,0.0,0.0,69.0,71.0,Orthodox,boutmetrics,boutmetrics,False,,2,2,0,0,1.0,2,0,0,1.0,1.0,1,0.6176470588235294,445.0,True,base_exact,2,1527.223845627243,1554.0752641440768,1554.0752641440768,1561.1200142791797,1.0,0.0,1.0,0.0,1.1343269011351227,0.5671634505675613,1554.0752641440768,1554.0752641440768,445.0,True,0,0.0,0.0,,0.0,,0.0,0.0,0.0,,0.0,,0.0,0.0,0.0,0.0,-1.4593044347248743,0.0,-1.0,-2.0,,,,,,0.0,,,,,,,,,,,,,,,,,,,,,,,,,,,,,,,,,
4,DWCS 4.9,2020-11-10,Danny Sabatello,Taylor Moore,Danny Sabatello,discovery,True,27.614530072486087,27.06968657809537,1993-03-31,1993-10-16,0.5448434943907152,-180.0,-565.0,150.0,485.0,BestFightOdds_historical,,,70.0,71.0,Orthodox,boutmetrics,boutmetrics,True,https://www.ufc.com/athlete/danny-sabatello,9,8,1,0,0.8888888888888888,3,4,1,0.875,0.75,3,0.5277777777777778,137.0,True,base_exact,9,1570.7985750294124,1495.8940926531702,1500.0,1541.270252203838,0.0,0.0,0.0,0.0,2.949940626225513,0.3277711806917237,1492.3296015108783,1487.1453624428236,137.0,True,0,0.0,0.0,,0.0,,0.0,0.0,0.0,,0.0,,0.0,0.0,0.0,0.0,70.0,70.0,Southpaw,boutmetrics,boutmetrics,False,,3,2,1,0,0.6666666666666666,1,0,1,0.5,0.5,2,0.5555555555555555,879.0,True,base_exact,3,1514.7153213045606,1524.2839729047694,1523.6447168075006,1582.0690133572732,1.0,0.0,0.0,0.0,0.6131383876900298,0.2043794625633432,1524.2839729047694,1524.2839729047694,879.0,True,0,0.0,0.0,,0.0,,0.0,0.0,0.0,,0.0,,0.0,0.0,0.0,0.0,0.5448434943907152,0.0,1.0,6.0,0.2222222222222222,0.375,-0.02777777777777768,56.08325372485183,-28.389880251599152,0.0,,,,,,,,,,,,,,,,,,,,,,,,,,,,,,,,,
4,DWCS 4.9,2020-11-10,Luana Pinheiro,Stephanie Frausto,Luana Pinheiro,discovery,True,27.97867170441556,30.14161823993648,1992-11-18,1990-09-20,2.16294653552092,-215.0,-455.0,175.0,435.0,BestFightOdds_historical,,,62.0,62.0,Orthodox,boutmetrics,boutmetrics,True,https://www.ufc.com/athlete/luana-pinheiro,0,0,0,0,,0,0,0,,,0,,,False,alias_no_prior_history,0,,,,,,,,,,,,,,False,0,0.0,0.0,,0.0,,0.0,0.0,0.0,,0.0,,0.0,0.0,0.0,0.0,62.0,61.0,Orthodox,boutmetrics,boutmetrics,True,https://www.ufc.com/athlete/stephanie-frausto,16,8,8,0,0.5,4,3,1,0.875,0.5,9,0.5933706816059758,256.0,True,base_exact,16,1511.309031518383,1512.0869002246957,1500.0,1573.4251787098813,2.0,0.0,0.0,0.0,0.4712096465993082,0.0294506029124567,1499.0444046498053,1510.9145852858871,256.0,True,0,0.0,0.0,,0.0,,0.0,0.0,0.0,,0.0,,0.0,0.0,0.0,0.0,-2.16294653552092,0.0,1.0,-16.0,,,,,,0.0,,,,,,,,,,,,,,,,,,,,,,,,,,,,,,,,,
4,DWCS 4.9,2020-11-10,Mario Sousa,Mariusz Ksiazkiewicz,Mario Sousa,discovery,True,24.057988870408018,31.10262359938945,1996-10-20,1989-10-04,7.044634728981432,-115.0,121.0,-115.0,-135.0,BestFightOdds_historical,,,75.0,79.0,Orthodox,boutmetrics,boutmetrics,False,,12,11,1,0,0.9166666666666666,7,4,0,1.0,0.8181818181818182,8,0.4624042145593869,402.0,True,base_exact,12,1599.8309305796192,1501.945802453768,1500.0,1523.1722408980554,0.0,0.0,0.0,0.0,4.15962210748412,0.3466351756236767,1512.8287499891649,1510.046948711029,402.0,True,0,0.0,0.0,,0.0,,0.0,0.0,0.0,,0.0,,0.0,0.0,0.0,0.0,75.0,75.0,Southpaw,boutmetrics,boutmetrics,True,https://www.ufc.com/athlete/mariusz-ksiazkiewicz,8,8,0,0,1.0,2,5,1,0.875,0.5,6,0.5555555555555555,367.0,True,base_exact,8,1587.99286601619,1509.9714192556246,1500.0,1578.4651478803837,1.0,0.0,1.0,0.0,3.6663694173412447,0.4582961771676556,1530.5904513483322,1515.9542708089994,367.0,True,0,0.0,0.0,,0.0,,0.0,0.0,0.0,,0.0,,0.0,0.0,0.0,0.0,-7.044634728981432,0.0,4.0,4.0,-0.08333333333333337,0.125,-0.09315134099616856,11.83806456342927,-8.025616801856586,0.0,,,,,,,,,,,,,,,,,,,,,,,,,,,,,,,,,
4,DWCS 4.9,2020-11-10,Nikolas Motta,Joe Lowry,Nikolas Motta,discovery,True,27.754163329842505,30.91370801590724,1993-02-08,1989-12-12,3.1595446860647343,-215.0,-190.0,175.0,170.0,BestFightOdds_historical,,,69.0,70.0,Orthodox,boutmetrics,boutmetrics,True,https://www.ufc.com/athlete/nikolas-motta,14,11,3,0,0.7857142857142857,8,0,3,0.7272727272727273,0.5454545454545454,5,0.5856824548001018,360.0,True,base_exact,14,1584.2985829037366,1517.997344914528,1508.6673665029998,1615.1658191261322,1.0,1.0,1.0,1.0,3.512440954322371,0.250888639594455,1551.878794993194,1538.0881882811796,360.0,True,0,0.0,0.0,,0.0,,0.0,0.0,0.0,,0.0,,0.0,0.0,0.0,0.0,71.0,73.0,Orthodox,boutmetrics,boutmetrics,False,,2,2,0,0,1.0,1,0,1,0.5,0.5,1,0.625,1116.0,True,recovered_event_opponent_alias,2,1525.8622567108428,1533.8410353781237,1533.8410353781237,1544.324767534688,0.0,0.0,0.0,0.0,1.0775940296184523,0.5387970148092263,1533.8410353781237,1533.8410353781237,1116.0,True,1,17.0,40.0,0.425,34.0,0.3818181818181818,-17.0,0.0,1.0,0.0,0.0,,0.0,0.0,0.0,0.0,-3.1595446860647343,-2.0,-3.0,12.0,-0.2142857142857143,0.2272727272727273,-0.03931754519989816,58.43632619289383,-15.843690463595749,17.0,,,,,,,,,,,,,,,,,,,,,,,,,,,,,,,,,
4,DWCS 4.9,2020-11-10,Shaheen Santana,Natan Levy,Natan Levy,discovery,True,29.437976139140435,29.11490311231579,1991-06-04,1991-09-30,0.32307302682464467,100.0,127.0,-130.0,-141.0,BestFightOdds_historical,,,73.0,75.0,Orthodox,boutmetrics,boutmetrics,False,,6,6,0,0,1.0,0,5,1,0.8333333333333334,0.6666666666666666,3,0.75,115.0,True,base_exact,6,1566.8832404491766,1503.880924644627,1500.0,1523.285547867761,0.0,0.0,0.0,0.0,2.7868016853823505,0.4644669475637251,1507.7618492892536,1504.657109573552,115.0,True,0,0.0,0.0,,0.0,,0.0,0.0,0.0,,0.0,,0.0,0.0,0.0,0.0,69.0,71.0,Southpaw,boutmetrics,boutmetrics,True,https://www.ufc.com/athlete/natan-levy,10,10,0,0,1.0,0,4,6,0.4,0.4,1,0.3416666666666666,81.0,True,base_exact,10,1602.0603470627918,1495.4514131202409,1490.087094029965,1524.4785488632497,0.0,0.0,0.0,0.0,4.252514460949648,0.4252514460949648,1509.7086473617262,1501.7954941778642,81.0,True,0,0.0,0.0,,0.0,,0.0,0.0,0.0,,0.0,,0.0,0.0,0.0,0.0,0.32307302682464467,4.0,4.0,-4.0,0.0,0.43333333333333335,0.4083333333333334,-35.17710661361525,8.429511524386044,0.0,,,,,,,,,,,,,,,,,,,,,,,,,,,,,,,,,
4,DWCS 4.10,2020-11-17,Chelsea Hackett,Victoria Leonardo,Victoria Leonardo,discovery,True,22.25644605980958,30.75217150249492,1998-08-16,1990-02-16,8.495725442685341,-205.0,-244.0,165.0,235.0,BestFightOdds_historical,,,64.0,66.0,Switch,boutmetrics,boutmetrics,True,https://www.ufc.com/athlete/chelsea-hackett,0,0,0,0,,0,0,0,,,0,,,False,unmatched,0,,,,,,,,,,,,,,False,0,0.0,0.0,,0.0,,0.0,0.0,0.0,,0.0,,0.0,0.0,0.0,0.0,65.0,64.0,Orthodox,boutmetrics,boutmetrics,False,,4,4,0,0,1.0,0,4,0,1.0,1.0,2,1.0,606.0,True,base_exact,4,1548.5309057306715,1522.4905429460923,1522.606946342732,1534.375054992543,0.0,0.0,0.0,0.0,2.022121072111312,0.505530268027828,1522.2632621526045,1522.4905429460923,606.0,True,0,0.0,0.0,,0.0,,0.0,0.0,0.0,,0.0,,0.0,0.0,0.0,0.0,-8.495725442685341,-1.0,2.0,-4.0,,,,,,0.0,,,,,,,,,,,,,,,,,,,,,,,,,,,,,,,,,
4,DWCS 4.10,2020-11-17,JP Buys,Jacob Silva,JP Buys,discovery,True,24.550812131665943,32.7344161755546,1996-04-30,1988-02-23,8.183604043888657,,,-260.0,-400.0,BestFightOdds_historical,,,65.0,67.0,Orthodox,boutmetrics,boutmetrics,False,,10,8,2,0,0.8,3,4,0,0.875,0.625,4,0.7666666666666666,368.0,True,recovered_event_opponent_alias,10,1571.260205063315,1523.054453167266,1512.0224928354078,1586.0110036738256,1.0,0.0,0.0,0.0,2.969175210971454,0.2969175210971454,1531.2055514130675,1545.57492566689,368.0,True,1,15.0,35.0,0.4285714285714285,25.0,0.4680851063829787,-10.0,2.0,4.0,0.5,1.0,0.0,0.0,0.0,0.0,0.0,65.0,67.0,Orthodox,boutmetrics,boutmetrics,False,,10,7,3,0,0.7,6,1,0,1.0,0.7142857142857143,4,0.5444444444444444,84.0,True,base_exact,10,1545.4130480936672,1505.5382530842116,1500.0,1556.192009429516,1.0,0.0,0.0,0.0,1.892210337236132,0.1892210337236131,1525.7808104220228,1515.3226034255863,84.0,True,1,83.0,185.0,0.4486486486486487,76.0,0.6180904522613065,7.0,2.0,2.0,1.0,0.0,1.0,48.0,-95.0,0.0,0.0,-8.183604043888657,0.0,0.0,0.0,0.10000000000000009,-0.125,0.2222222222222222,25.847156969647813,17.5162000830544,-17.0,-1.0,,,,,,,,,,,,,,,,,,,,,,,,,,,,,,,,
4,DWCS 4.10,2020-11-17,Nick Maximov,Oscar Cota,Nick Maximov,discovery,True,22.902592113458866,36.091090166122505,1997-12-23,1984-10-15,13.18849805266364,-275.0,-390.0,215.0,360.0,BestFightOdds_historical,,,72.0,76.0,Southpaw,boutmetrics,boutmetrics,True,https://www.ufc.com/athlete/nick-maximov,0,0,0,0,,0,0,0,,,0,,,False,unmatched,0,,,,,,,,,,,,,,False,0,0.0,0.0,,0.0,,0.0,0.0,0.0,,0.0,,0.0,0.0,0.0,0.0,72.0,72.0,Orthodox,boutmetrics,boutmetrics,True,https://www.ufc.com/athlete/oscar-cota,2,1,1,0,0.5,0,0,1,0.0,0.0,2,0.453125,724.0,True,base_exact,2,1499.3923267098646,1497.2021065729125,1497.2021065729125,1500.414300586377,0.0,0.0,0.0,0.0,-0.0253197204223141,-0.012659860211157,1497.2021065729125,1497.2021065729125,724.0,True,0,0.0,0.0,,0.0,,0.0,0.0,0.0,,0.0,,0.0,0.0,0.0,0.0,-13.18849805266364,0.0,4.0,-2.0,,,,,,0.0,,,,,,,,,,,,,,,,,,,,,,,,,,,,,,,,,
4,DWCS 4.10,2020-11-17,Pauline Macias,Gloria de Paula,Gloria de Paula,discovery,True,32.39217779968104,25.440631908937213,1988-06-27,1995-06-10,6.95154589074383,-150.0,240.0,120.0,-213.0,BestFightOdds_historical,,,64.0,64.0,Southpaw,boutmetrics,boutmetrics,False,,0,0,0,0,,0,0,0,,,0,,,False,alias_no_prior_history,0,,,,,,,,,,,,,,False,0,0.0,0.0,,0.0,,0.0,0.0,0.0,,0.0,,0.0,0.0,0.0,0.0,65.0,67.0,Orthodox,boutmetrics,boutmetrics,False,,6,4,2,0,0.6666666666666666,3,0,1,0.75,0.25,5,0.5238095238095238,423.0,True,base_exact,6,1522.502473604735,1502.37868077466,1500.0,1522.7751934982675,0.0,0.0,0.0,0.0,0.9376030668639616,0.1562671778106602,1501.16086057372,1505.2515550438857,423.0,True,0,0.0,0.0,,0.0,,0.0,0.0,0.0,,0.0,,0.0,0.0,0.0,0.0,6.95154589074383,-1.0,-3.0,-6.0,,,,,,0.0,,,,,,,,,,,,,,,,,,,,,,,,,,,,,,,,,
4,DWCS 4.10,2020-11-17,Tucker Lutz,Sherrard Blackledge,Tucker Lutz,discovery,True,26.352354942264384,27.255864254570596,1994-07-12,1993-08-16,0.9035093123062126,160.0,160.0,-200.0,-183.0,BestFightOdds_historical,,,68.0,72.0,Orthodox,boutmetrics,boutmetrics,True,https://www.ufc.com/athlete/tucker-lutz,2,2,0,0,1.0,1,0,1,0.5,0.0,2,0.8461538461538461,77.0,True,base_exact,2,1526.3435100644676,1540.6328820374845,1540.6328820374845,1546.4934367987344,0.0,0.0,0.0,0.0,1.097646252686151,0.5488231263430755,1540.6328820374845,1540.6328820374845,77.0,True,1,96.0,200.0,0.48,47.0,0.4534883720930233,49.0,0.0,0.0,,0.0,1.0,142.0,74.0,0.0,0.0,71.0,75.0,Orthodox,boutmetrics,boutmetrics,False,,0,0,0,0,,0,0,0,,,0,,,False,unmatched,0,,,,,,,,,,,,,,False,1,74.0,148.0,0.5,60.0,0.5973154362416108,14.0,6.0,15.0,0.4,0.0,,478.0,478.0,0.0,0.0,-0.9035093123062126,-3.0,-3.0,2.0,,,,,,35.0,,,,,,,,,,,,,,,,,,,,,,,,,,,,,,,,,
5,DWCS 5.1,2021-08-31,Joanderson Brito,Diego Lopes,Joanderson Brito,discovery,True,26.552222153774547,26.66995215507505,1995-02-11,1994-12-30,0.11773000130050093,-180.0,105.0,155.0,-105.0,BestFightOdds_historical,https://www.bestfightodds.com/events/dwcs-week-1-2278,event_identity_to_fighter_history,68.0,72.0,Orthodox,boutmetrics,boutmetrics,True,https://www.ufc.com/athlete/joanderson-brito,15,12,2,1,0.8571428571428571,6,5,1,0.9166666666666666,0.6666666666666666,12,0.6111579161579161,851.0,True,base_exact,15,1621.0516742322152,1539.6356039919783,1528.9506671054448,1637.6984337263978,7.0,2.0,6.0,2.0,5.043819759675625,0.3362546506450416,1548.047307201962,1564.480046045958,851.0,True,0,0.0,0.0,,0.0,,0.0,0.0,0.0,,0.0,,0.0,0.0,0.0,0.0,71.0,72.0,Orthodox,boutmetrics,boutmetrics,True,https://www.ufc.com/athlete/diego-lopes,22,19,3,0,0.8636363636363636,6,11,2,0.8947368421052632,0.631578947368421,12,0.6299635005517359,172.0,True,base_exact,22,1655.1933283300457,1521.236817615624,1510.445155306688,1616.9715992254903,4.0,2.0,3.0,2.0,6.466388680418576,0.2939267582008443,1530.169421735013,1534.290608734127,172.0,True,0,0.0,0.0,,0.0,,0.0,0.0,0.0,,0.0,,0.0,0.0,0.0,0.0,-0.11773000130050093,-3.0,0.0,-7.0,-0.006493506493506551,0.021929824561403466,-0.01880558439381974,-34.1416540978305,18.398786376354337,0.0,,,,,,,,,,,,,,,,,,,,,,,,,,,,,,,,,
5,DWCS 5.1,2021-08-31,Leonardo Damiani,AJ Fletcher,AJ Fletcher,discovery,True,31.00405894713786,24.531646782617027,1990-08-30,1997-02-18,6.472412164520833,-120.0,165.0,,,BestFightOdds_historical,https://www.bestfightodds.com/events/dwcs-week-1-2278,event_identity_to_fighter_history,70.0,69.0,Orthodox,boutmetrics,boutmetrics,True,https://www.ufc.com/athlete/leonardo-damiani,5,3,2,0,0.6,1,0,2,0.3333333333333333,0.3333333333333333,4,0.6448652118100129,263.0,True,base_exact,5,1519.427983347908,1536.7265253991068,1558.0186029945012,1582.4140548425642,3.0,0.0,2.0,0.0,0.8094993061628339,0.1618998612325667,1529.7395240509898,1536.7265253991068,263.0,True,0,0.0,0.0,,0.0,,0.0,0.0,0.0,,0.0,,0.0,0.0,0.0,0.0,70.0,67.0,Switch,boutmetrics,boutmetrics,True,https://www.ufc.com/athlete/aj-fletcher,2,2,0,0,1.0,0,1,1,0.5,0.5,2,0.3829365079365079,130.0,True,recovered_event_opponent_alias,2,1520.519326094019,1453.511805720981,1453.511805720981,1487.8985513030063,0.0,0.0,0.0,0.0,0.8549719205841348,0.4274859602920674,1453.511805720981,1453.511805720981,130.0,True,0,0.0,0.0,,0.0,,0.0,0.0,0.0,,0.0,,0.0,0.0,0.0,0.0,6.472412164520833,0.0,2.0,3.0,-0.4,-0.16666666666666669,0.261928703873505,-1.091342746111195,83.21471967812568,0.0,,,,,,,,,,,,,,,,,,,,,,,,,,,,,,,,,
5,DWCS 5.1,2021-08-31,Matheus Scheffel,Azamat Murzakanov,Azamat Murzakanov,discovery,True,28.821947062568015,32.38670198566706,1992-11-04,1989-04-12,3.564754923099045,220.0,475.0,-275.0,-490.0,BestFightOdds_historical,https://www.bestfightodds.com/events/dwcs-week-1-2278,event_identity_to_fighter_history,74.0,75.0,Orthodox,boutmetrics,boutmetrics,True,https://www.ufc.com/athlete/matheus-scheffel,20,14,6,0,0.7,10,0,4,0.7142857142857143,0.7142857142857143,10,0.4903042702373806,682.0,True,base_exact,20,1574.0020512241715,1509.7653507597372,1500.0,1661.521069811193,1.0,1.0,0.0,0.0,3.083418801007144,0.1541709400503572,1494.467681856937,1502.1184922653688,682.0,True,0,0.0,0.0,,0.0,,0.0,0.0,0.0,,0.0,,0.0,0.0,0.0,0.0,70.0,71.0,Southpaw,boutmetrics,boutmetrics,True,https://www.ufc.com/athlete/azamat-murzakanov,10,10,0,0,1.0,7,1,2,0.8,0.8,8,0.3387021475256769,655.0,True,base_exact,10,1606.1250018154487,1507.2160069130505,1500.0,1606.2423250707795,2.0,1.0,2.0,1.0,4.421875075643692,0.4421875075643692,1532.1400463612783,1538.5412702927565,655.0,True,0,0.0,0.0,,0.0,,0.0,0.0,0.0,,0.0,,0.0,0.0,0.0,0.0,-3.564754923099045,4.0,4.0,10.0,-0.30000000000000004,-0.08571428571428574,0.1516021227117037,-32.12295059127723,2.5493438466867246,0.0,,,,,,,,,,,,,,,,,,,,,,,,,,,,,,,,,
5,DWCS 5.1,2021-08-31,Victor Altamirano,Carlos Candelario,Victor Altamirano,discovery,True,30.604324524117537,30.24292079919505,1991-01-23,1991-06-04,0.36140372492248574,,,-110.0,185.0,BestFightOdds_historical,,,68.0,70.0,Switch,boutmetrics,boutmetrics,False,,24,20,4,0,0.8333333333333334,2,10,8,0.6,0.3,3,0.6038972931830074,193.0,True,base_exact,24,1655.055964114484,1512.5425359091307,1500.0,1580.5686815208064,5.0,0.0,4.0,0.0,6.460665171436828,0.2691943821432012,1563.0572164378066,1557.6294812514295,193.0,True,0,0.0,0.0,,0.0,,0.0,0.0,0.0,,0.0,,0.0,0.0,0.0,0.0,68.0,68.0,Southpaw,boutmetrics,boutmetrics,True,https://www.ufc.com/athlete/carlos-candelario,1,1,0,0,1.0,0,0,1,0.0,0.0,1,1.0,1491.0,True,base_exact,1,1514.3308451171715,1568.3533141612925,1568.3533141612925,1568.3533141612925,1.0,0.0,1.0,0.0,0.5971185465488233,0.5971185465488233,1568.3533141612925,1568.3533141612925,1491.0,True,1,58.0,122.0,0.4754098360655737,25.0,0.576271186440678,33.0,0.0,0.0,,8.0,0.4666666666666667,0.0,0.0,0.0,0.0,0.36140372492248574,0.0,2.0,23.0,-0.16666666666666663,0.6,-0.39610270681699256,140.7251189973124,-55.810778252161754,-33.0,,,,,,,,,,,,,,,,,,,,,,,,,,,,,,,,,
5,DWCS 5.2,2021-09-07,CJ Vergara,Bruno Korea,CJ Vergara,discovery,True,30.223755450146136,30.19637638007625,1991-06-18,1991-06-28,0.02737907006988749,,,-155.0,-198.0,BestFightOdds_historical,https://www.bestfightodds.com/events/dwcs-week-2-2277,event_identity_to_fighter_history,66.0,68.0,Orthodox,boutmetrics,boutmetrics,True,https://www.ufc.com/athlete/cj-vergara,12,8,3,1,0.7272727272727273,5,0,3,0.625,0.125,6,0.6521335807050094,185.0,True,recovered_event_opponent_alias,12,1556.4866103849197,1515.360679964316,1500.8279181772873,1557.0922670088648,1.0,0.0,0.0,0.0,2.3536087660383083,0.1961340638365256,1515.2165540462056,1527.4206249606568,185.0,True,0,0.0,0.0,,0.0,,0.0,0.0,0.0,,0.0,,0.0,0.0,0.0,0.0,66.0,65.0,Stance —,boutmetrics,boutmetrics,True,https://www.ufc.com/athlete/bruno-korea,0,0,0,0,,0,0,0,,,0,,,False,unmatched,0,,,,,,,,,,,,,,False,0,0.0,0.0,,0.0,,0.0,0.0,0.0,,0.0,,0.0,0.0,0.0,0.0,0.02737907006988749,0.0,3.0,12.0,,,,,,0.0,,,,,,,,,,,,,,,,,,1.0,13.45,2.0074349442379185,3.4200743494423795,-1.412639405204461,0.3417721518987341,0.4025974025974026,1.1152416356877324,2.2304832713754648,0.0,0.0,,0.25,0.0,-7.379182156133829,0.0
5,DWCS 5.2,2021-09-07,Logan Urban,Josh Quinlan,,discovery,True,27.379070069885078,28.58374915296002,1994-04-22,1993-02-06,1.204679083074943,170.0,295.0,-200.0,-300.0,BestFightOdds_historical,https://www.bestfightodds.com/events/dwcs-week-2-2277,event_identity_to_fighter_history,72.0,72.0,Orthodox,boutmetrics,boutmetrics,True,https://www.ufc.com/athlete/logan-urban,0,0,0,0,,0,0,0,,,0,,,False,unmatched,0,,,,,,,,,,,,,,False,0,0.0,0.0,,0.0,,0.0,0.0,0.0,,0.0,,0.0,0.0,0.0,0.0,72.0,72.0,Orthodox,boutmetrics,boutmetrics,False,,0,0,0,0,,0,0,0,,,0,,,False,unmatched,0,,,,,,,,,,,,,,False,0,0.0,0.0,,0.0,,0.0,0.0,0.0,,0.0,,0.0,0.0,0.0,0.0,-1.204679083074943,0.0,0.0,0.0,,,,,,0.0,,,,,,,,,,,,,,,,,,,,,,,,,,,,,,,,,
5,DWCS 5.2,2021-09-07,Mario Sousa,Chidi Njokuani,Chidi Njokuani,discovery,True,24.88209887951156,32.6851338494288,1996-10-20,1988-12-31,7.803034969917242,-115.0,121.0,,,BestFightOdds_historical,,,75.0,79.0,Orthodox,boutmetrics,boutmetrics,False,,13,12,1,0,0.9230769230769232,7,4,1,0.9166666666666666,0.75,9,0.5392036124794746,301.0,True,base_exact,13,1611.4222164677674,1508.564807343185,1500.0,1587.99286601619,1.0,0.0,1.0,0.0,4.642592352823624,0.3571224886787403,1534.435625028543,1525.2958231967368,301.0,True,1,51.0,84.0,0.6071428571428571,14.0,0.5483870967741935,37.0,0.0,0.0,,4.0,0.0,92.0,-532.0,0.0,1.0,75.0,80.0,Orthodox,boutmetrics,boutmetrics,False,,36,25,10,1,0.7142857142857143,14,1,10,0.6,0.36,12,0.6804249444027022,361.0,True,base_exact,36,1629.3395856962045,1544.4272782763555,1532.8282006499453,1669.1666225741722,14.0,4.0,7.0,0.0,5.389149404008502,0.1496985945557917,1559.077362742589,1579.804349988623,361.0,True,0,0.0,0.0,,0.0,,0.0,0.0,0.0,,0.0,,0.0,0.0,0.0,0.0,-7.803034969917242,0.0,-1.0,-23.0,0.20879120879120894,0.31666666666666665,-0.1412213319232276,-17.91736922843711,-35.86247093317047,37.0,,,,,,,,,,,,,,,,,,,,,,,,,,,,,,,,,
5,DWCS 5.2,2021-09-07,Muin Gafurov,Chad Anheliger,Chad Anheliger,discovery,True,25.309212372601763,34.768681081747054,1996-05-17,1986-12-01,9.459468709145291,-180.0,-380.0,155.0,370.0,BestFightOdds_historical,https://www.bestfightodds.com/events/dwcs-week-2-2277,event_identity_to_fighter_history,67.0,68.0,Orthodox,boutmetrics,boutmetrics,True,https://www.ufc.com/athlete/muin-gafurov,20,17,3,0,0.85,8,8,1,0.9411764705882352,0.8823529411764706,9,0.4056998556998557,235.0,True,base_exact,20,1628.0299995907085,1517.637192160181,1500.0,1698.9927598181223,2.0,2.0,1.0,1.0,5.334583316279519,0.266729165813976,1582.0497402096578,1548.1676236829364,235.0,True,0,0.0,0.0,,0.0,,0.0,0.0,0.0,,0.0,,0.0,0.0,0.0,0.0,66.0,64.0,Orthodox,boutmetrics,boutmetrics,True,https://www.ufc.com/athlete/chad-anheliger,2,2,0,0,1.0,0,2,0,1.0,1.0,2,0.5576923076923077,1397.0,True,base_exact,2,1524.694179252676,1516.0545115327095,1516.0545115327095,1532.494329564068,0.0,0.0,0.0,0.0,1.028924135528157,0.5144620677640785,1516.0545115327095,1516.0545115327095,1397.0,True,0,0.0,0.0,,0.0,,0.0,0.0,0.0,,0.0,,0.0,0.0,0.0,0.0,-9.459468709145291,1.0,4.0,18.0,-0.15000000000000002,-0.05882352941176483,-0.15199245199245198,103.33582033803259,1.5826806274715182,0.0,,,,,,,,,,,,,,,,,,,,,,,,,,,,,,,,,
5,DWCS 5.2,2021-09-07,Saimon Oliveira,Jose Alday,Saimon Oliveira,discovery,True,30.38255405655147,29.982819633531147,1991-04-21,1991-09-14,0.39973442302032325,130.0,-140.0,-150.0,145.0,BestFightOdds_historical,https://www.bestfightodds.com/events/dwcs-week-2-2277,event_identity_to_fighter_history,64.0,72.0,Orthodox,boutmetrics,boutmetrics,True,https://www.ufc.com/athlete/saimon-oliveira,21,17,4,0,0.8095238095238095,5,11,1,0.9411764705882352,0.5882352941176471,13,0.6039814814814815,636.0,True,base_exact,21,1620.0635972676291,1516.949778992729,1509.779177658898,1567.627130514148,4.0,0.0,2.0,0.0,5.00264988615122,0.2382214231500581,1516.4136615227253,1533.4001294876978,636.0,True,0,0.0,0.0,,0.0,,0.0,0.0,0.0,,0.0,,0.0,0.0,0.0,0.0,67.0,68.0,Orthodox,boutmetrics,boutmetrics,True,https://www.ufc.com/athlete/jose-alday,20,14,5,1,0.7368421052631579,3,5,6,0.5714285714285714,0.0714285714285714,10,0.516505813874235,116.0,True,base_exact,20,1580.4231551663777,1518.3190818563878,1500.0,1631.235382910327,5.0,2.0,2.0,1.0,3.3509647985990694,0.1675482399299534,1523.8609253603342,1536.937188641787,116.0,True,0,0.0,0.0,,0.0,,0.0,0.0,0.0,,0.0,,0.0,0.0,0.0,0.0,0.39973442302032325,-3.0,4.0,1.0,0.07268170426065168,0.3697478991596638,0.08747566760724645,39.64044210125144,-1.3693028636587314,0.0,,,,,,,,,,,,,,,,,,,,,,,,,,,,,,,,,
5,DWCS 5.3,2021-09-14,Albert Duraev,Caio Bittencourt,Albert Duraev,discovery,True,32.69060966344278,30.316844288383745,1989-01-05,1991-05-22,2.3737653750590333,-365.0,-390.0,280.0,340.0,BestFightOdds_historical,https://www.bestfightodds.com/events/dwcs-week-3-2295,event_identity_to_fighter_history,71.0,75.0,Orthodox,boutmetrics,boutmetrics,True,https://www.ufc.com/athlete/albert-duraev,24,21,3,0,0.875,5,12,4,0.8095238095238095,0.4285714285714285,4,0.7563470279985707,1102.0,True,base_exact,24,1707.3073482367404,1571.0597967950098,1560.9933965251348,1682.6277872523392,13.0,7.0,11.0,6.0,8.637806176530852,0.3599085906887855,1652.084031517642,1637.659172257508,1102.0,True,0,0.0,0.0,,0.0,,0.0,0.0,0.0,,0.0,,0.0,0.0,0.0,0.0,72.0,75.0,Orthodox,boutmetrics,boutmetrics,True,https://www.ufc.com/athlete/caio-bittencourt,7,3,4,0,0.4285714285714285,3,0,0,1.0,1.0,6,0.5312567132116004,1200.0,True,base_exact,7,1502.8800598668336,1548.0056949367738,1518.170713726225,1651.867851577128,3.0,2.0,1.0,0.0,0.1200024944514046,0.0171432134930578,1569.11695486864,1545.6568258542634,1200.0,True,0,0.0,0.0,,0.0,,0.0,0.0,0.0,,0.0,,0.0,0.0,0.0,0.0,2.3737653750590333,-1.0,0.0,17.0,0.4464285714285715,-0.19047619047619047,0.22509031478697028,204.42728836990682,23.05410185823598,0.0,,,,,,,,,,,,,,,,,,,,,,,,,,,,,,,,,
5,DWCS 5.3,2021-09-14,Ange Loosa,Jack Della Maddalena,Jack Della Maddalena,discovery,True,28.4933982217294,25.010780508840018,1993-03-18,1996-09-10,3.4826177128893825,130.0,116.0,-150.0,-114.0,BestFightOdds_historical,https://www.bestfightodds.com/events/dwcs-week-3-2295,event_identity_to_fighter_history,70.0,74.0,Orthodox,boutmetrics,boutmetrics,True,https://www.ufc.com/athlete/ange-loosa,9,7,2,0,0.7777777777777778,5,1,1,0.8571428571428571,0.8571428571428571,8,0.4166666666666666,872.0,True,base_exact,9,1550.3925477561218,1504.750150644671,1500.0,1552.1534167143925,1.0,0.0,0.0,0.0,2.099689489838396,0.2332988322042662,1530.4777271736718,1518.8356219823345,872.0,True,0,0.0,0.0,,0.0,,0.0,0.0,0.0,,0.0,,0.0,0.0,0.0,0.0,71.0,73.0,Switch,boutmetrics,boutmetrics,False,,12,10,2,0,0.8333333333333334,8,2,0,1.0,0.4,3,0.6,339.0,True,base_exact,12,1587.2404240680753,1502.418249205801,1500.0,1545.5753275828272,0.0,0.0,0.0,0.0,3.635017669503148,0.3029181391252623,1499.8760187252274,1499.9256112351363,339.0,True,0,0.0,0.0,,0.0,,0.0,0.0,0.0,,0.0,,0.0,0.0,0.0,0.0,3.4826177128893825,-1.0,1.0,-3.0,-0.05555555555555558,-0.1428571428571429,-0.1833333333333334,-36.84787631195354,2.3319014388700907,0.0,,,,,,,,,,,,,,,,,,,,,,,,,,,,,,,,,
5,DWCS 5.3,2021-09-14,Brandon Lewis,Mo Miller,Mo Miller,discovery,True,24.11822282456176,29.09573776326687,1997-08-02,1992-08-10,4.977514938705113,220.0,520.0,-275.0,-600.0,BestFightOdds_historical,https://www.bestfightodds.com/events/dwcs-week-3-2295,event_identity_to_fighter_history,64.0,70.0,Orthodox,boutmetrics,boutmetrics,True,https://www.ufc.com/athlete/brandon-lewis,0,0,0,0,,0,0,0,,,0,,,False,alias_no_prior_history,0,,,,,,,,,,,,,,False,0,0.0,0.0,,0.0,,0.0,0.0,0.0,,0.0,,0.0,0.0,0.0,0.0,68.0,72.0,Orthodox,boutmetrics,boutmetrics,True,https://www.ufc.com/athlete/mo-miller,7,7,0,0,1.0,4,2,1,0.8571428571428571,0.1428571428571428,4,0.711111111111111,284.0,True,base_exact,7,1579.3495295948496,1515.0226415133177,1513.442606147796,1550.4419830368763,1.0,0.0,1.0,0.0,3.3062303997854063,0.4723186285407723,1534.1795819238878,1521.0316981186447,284.0,True,0,0.0,0.0,,0.0,,0.0,0.0,0.0,,0.0,,0.0,0.0,0.0,0.0,-4.977514938705113,-4.0,-2.0,-7.0,,,,,,0.0,,,,,,,,,,,,,,,,,,,,,,,,,,,,,,,,,
5,DWCS 5.3,2021-09-14,Jailton Almeida,Nasrudin Nasrudinov,Jailton Almeida,discovery,True,30.221017543139148,29.94175102842632,1991-06-26,1991-10-06,0.2792665147128268,135.0,168.0,-155.0,-160.0,BestFightOdds_historical,https://www.bestfightodds.com/events/dwcs-week-3-2295,event_identity_to_fighter_history,75.0,79.0,Orthodox,boutmetrics,boutmetrics,True,https://www.ufc.com/athlete/jailton-almeida,3,3,0,0,1.0,0,3,0,1.0,0.6666666666666666,2,0.6675794455713319,205.0,True,base_exact,3,1543.797837122661,1595.0804648519108,1625.6333577453354,1640.4466838578903,2.0,2.0,2.0,2.0,1.824909880110855,0.608303293370285,1595.0804648519108,1595.0804648519108,205.0,True,0,0.0,0.0,,0.0,,0.0,0.0,0.0,,0.0,,0.0,0.0,0.0,0.0,72.0,71.0,Orthodox,boutmetrics,boutmetrics,True,https://www.ufc.com/athlete/nasrudin-nasrudinov,7,7,0,0,1.0,6,0,1,0.8571428571428571,0.0,2,0.7584437283685403,417.0,True,base_exact,7,1593.116357275514,1578.5281398507905,1582.0681868128866,1615.7044296630077,6.0,2.0,6.0,2.0,3.87984821981308,0.5542640314018685,1592.730392784729,1590.464976401908,417.0,True,0,0.0,0.0,,0.0,,0.0,0.0,0.0,,0.0,,0.0,0.0,0.0,0.0,0.2792665147128268,3.0,8.0,-4.0,0.0,0.1428571428571429,-0.09086428279720848,-49.318520152853125,16.55232500112038,0.0,,,,,,,,,,,,,,,,,,,,,,,,,,,,,,,,,
5,DWCS 5.3,2021-09-14,Jasmine Jasudavicius,Julia Polastri,Jasmine Jasudavicius,discovery,True,32.54002477805841,23.529572818059236,1989-03-01,1998-03-05,9.010451959999173,-110.0,-120.0,-110.0,110.0,BestFightOdds_historical,https://www.bestfightodds.com/events/dwcs-week-3-2295,event_identity_to_fighter_history,67.0,68.0,Orthodox,boutmetrics,boutmetrics,True,https://www.ufc.com/athlete/jasmine-jasudavicius,3,3,0,0,1.0,2,0,1,0.6666666666666666,0.6666666666666666,2,0.5373737373737374,186.0,True,base_exact,3,1535.264706888355,1504.6692640326469,1510.803187330063,1512.8707928656406,0.0,0.0,0.0,0.0,1.4693627870147927,0.4897875956715976,1504.6692640326469,1504.6692640326469,186.0,True,0,0.0,0.0,,0.0,,0.0,0.0,0.0,,0.0,,0.0,0.0,0.0,0.0,62.0,63.0,Orthodox,boutmetrics,boutmetrics,False,,10,8,2,0,0.8,3,1,4,0.5,0.0,6,0.2583333333333333,318.0,True,base_exact,10,1567.931165686038,1504.9686117860442,1500.0,1565.4292090481308,1.0,0.0,1.0,0.0,2.8304652369182435,0.2830465236918243,1527.7765848253923,1514.3488110125109,318.0,True,0,0.0,0.0,,0.0,,0.0,0.0,0.0,,0.0,,0.0,0.0,0.0,0.0,9.010451959999173,5.0,5.0,-7.0,0.19999999999999996,0.16666666666666663,0.2790404040404041,-32.666458797682935,-0.2993477533973419,0.0,,,,,,,,,,,,,,,,,,,,,,,,,,,,,,,,,
5,DWCS 5.3,2021-09-14,Lukasz Brzeski,Dylan Potter,Lukasz Brzeski,discovery,True,29.32845985886089,26.667214248068063,1992-05-17,1995-01-14,2.6612456107928253,-230.0,-300.0,195.0,280.0,BestFightOdds_historical,https://www.bestfightodds.com/events/dwcs-week-3-2295,event_identity_to_fighter_history,75.0,78.0,Orthodox,boutmetrics,boutmetrics,False,,10,8,1,1,0.8888888888888888,5,2,1,0.875,0.375,7,0.4240031362007168,473.0,True,base_exact,10,1580.076456044611,1523.4291582220185,1500.0,1634.1967015870637,3.0,1.0,2.0,1.0,3.3365190018587945,0.3336519001858794,1570.2633536291626,1552.9998616268,473.0,True,0,0.0,0.0,,0.0,,0.0,0.0,0.0,,0.0,,0.0,0.0,0.0,0.0,74.0,77.0,Switch,boutmetrics,boutmetrics,True,https://www.ufc.com/athlete/dylan-potter,16,10,6,0,0.625,3,7,0,1.0,0.6,7,0.4078551078551078,52.0,True,base_exact,16,1534.5310110040134,1502.4363724721295,1500.0,1541.7152075469803,0.0,0.0,0.0,0.0,1.438792125167251,0.0899245078229531,1507.7493794963575,1504.3208355014324,52.0,True,0,0.0,0.0,,0.0,,0.0,0.0,0.0,,0.0,,0.0,0.0,0.0,0.0,2.6612456107928253,1.0,1.0,-6.0,0.26388888888888884,-0.125,0.016148028345608967,45.54544504059754,20.99278574988898,0.0,,,,,,,,,,,,,,,,,,,,,,,,,,,,,,,,,
5,DWCS 5.4,2021-09-21,Hashem Arkhagha,AJ Dobson,AJ Dobson,discovery,True,32.02803616775156,29.676174048748432,1989-09-11,1992-01-18,2.351862119003126,-160.0,155.0,140.0,-135.0,BestFightOdds_historical,https://www.bestfightodds.com/events/dwcs-week-4-2310,event_identity_to_fighter_history,74.0,75.0,Orthodox,boutmetrics,boutmetrics,True,https://www.ufc.com/athlete/hashem-arkhagha,2,2,0,0,1.0,2,0,0,1.0,0.5,2,0.7407407407407407,361.0,True,base_exact,2,1524.7768514352003,1517.6708428286836,1517.6708428286836,1523.585699413623,0.0,0.0,0.0,0.0,1.032368809800019,0.5161844049000095,1517.6708428286836,1517.6708428286836,361.0,True,0,0.0,0.0,,0.0,,0.0,0.0,0.0,,0.0,,0.0,0.0,0.0,0.0,73.0,76.0,Orthodox,boutmetrics,boutmetrics,True,https://www.ufc.com/athlete/aj-dobson,0,0,0,0,,0,0,0,,,0,,,False,unmatched,0,,,,,,,,,,,,,,False,0,0.0,0.0,,0.0,,0.0,0.0,0.0,,0.0,,0.0,0.0,0.0,0.0,2.351862119003126,1.0,-1.0,2.0,,,,,,0.0,,,,,,,,,,,,,,,,,,,,,,,,,,,,,,,,,
5,DWCS 5.4,2021-09-21,Jacob Rosales,Victor Martinez,Victor Martinez,discovery,True,26.152487730754224,30.182686845041307,1995-07-28,1991-07-17,4.0301991142870826,170.0,-185.0,-200.0,172.0,BestFightOdds_historical,https://www.bestfightodds.com/events/dwcs-week-4-2310,event_identity_to_fighter_history,71.0,74.0,Orthodox,boutmetrics,boutmetrics,True,https://www.ufc.com/athlete/jacob-rosales,15,12,3,0,0.8,3,1,8,0.3333333333333333,0.3333333333333333,5,0.7094778676202824,249.0,True,base_exact,15,1600.9174747854197,1549.8185292352698,1553.5101438713266,1606.1326581606793,8.0,1.0,5.0,0.0,4.2048947827258,0.2803263188483866,1584.2750705171147,1577.8241000636883,249.0,True,1,80.0,163.0,0.4907975460122699,142.0,0.4156378600823045,-62.0,0.0,3.0,0.0,4.0,0.5,0.0,0.0,0.0,1.0,68.0,70.0,Orthodox,boutmetrics,boutmetrics,True,https://www.ufc.com/athlete/victor-martinez,4,3,1,0,0.75,2,0,1,0.6666666666666666,0.0,3,0.6044372294372296,753.0,True,base_exact,4,1528.1812997693196,1531.374085596698,1545.971866031673,1555.9777706676002,2.0,0.0,2.0,0.0,1.17422082372165,0.2935552059304125,1549.3071675769822,1531.374085596698,753.0,True,0,0.0,0.0,,0.0,,0.0,0.0,0.0,,0.0,,0.0,0.0,0.0,0.0,-4.0301991142870826,3.0,4.0,11.0,0.050000000000000044,-0.3333333333333333,0.10504063818305287,72.7361750161001,18.444443638571784,-62.0,,,,,,,,,,,,,,,,,,,,,,,,,,,,,,,,,
5,DWCS 5.4,2021-09-21,Kleydson Rodrigues,Santo Curatolo,Kleydson Rodrigues,discovery,True,25.91702772815321,26.67542796908903,1995-10-22,1995-01-18,0.758400240935817,-185.0,-115.0,160.0,150.0,BestFightOdds_historical,https://www.bestfightodds.com/events/dwcs-week-4-2310,event_identity_to_fighter_history,65.0,67.0,Orthodox,boutmetrics,boutmetrics,False,,7,6,1,0,0.8571428571428571,2,3,1,0.8333333333333334,0.5,3,0.6146426672742463,696.0,True,base_exact,7,1562.659666565614,1528.4282505132596,1545.5556208151186,1585.5147663579894,2.0,0.0,2.0,0.0,2.610819440233917,0.3729742057477024,1536.2901895992388,1541.2302548537766,696.0,True,0,0.0,0.0,,0.0,,0.0,0.0,0.0,,0.0,,0.0,0.0,0.0,0.0,63.0,62.0,Southpaw,boutmetrics,boutmetrics,True,https://www.ufc.com/athlete/santo-curatolo,1,1,0,0,1.0,1,0,0,1.0,1.0,1,0.6,405.0,True,base_exact,1,1512.915130344457,1526.5472811550233,1526.5472811550233,1526.5472811550233,0.0,0.0,0.0,0.0,0.5381304310190462,0.5381304310190462,1526.5472811550233,1526.5472811550233,405.0,True,0,0.0,0.0,,0.0,,0.0,0.0,0.0,,0.0,,0.0,0.0,0.0,0.0,-0.758400240935817,2.0,5.0,6.0,-0.1428571428571429,-0.16666666666666663,0.014642667274246346,49.74453622115698,1.8809693582363707,0.0,,,,,,,,,,,,,,,,,,,,,,,,,,,,,,,,,
5,DWCS 5.4,2021-09-21,Michael Morales,Nikolay Veretennikov,Michael Morales,discovery,True,22.245494431781623,31.74876965303873,1999-06-24,1989-12-22,9.503275221257109,145.0,173.0,-170.0,-180.0,BestFightOdds_historical,https://www.bestfightodds.com/events/dwcs-week-4-2310,event_identity_to_fighter_history,72.0,79.0,Orthodox,boutmetrics,boutmetrics,False,,2,2,0,0,1.0,2,0,0,1.0,0.5,1,0.3333333333333333,1277.0,True,base_exact,2,1522.853050212345,1489.1798266236224,1489.1798266236224,1489.9596620893983,0.0,0.0,0.0,0.0,0.9522104255143752,0.4761052127571875,1489.1798266236224,1489.1798266236224,1277.0,True,0,0.0,0.0,,0.0,,0.0,0.0,0.0,,0.0,,0.0,0.0,0.0,0.0,73.0,74.0,Orthodox,boutmetrics,boutmetrics,True,https://www.ufc.com/athlete/nikolay-veretennikov,15,12,3,0,0.8,9,0,3,0.75,0.4166666666666667,6,0.6662596662596664,128.0,True,base_exact,15,1598.6786255231852,1507.6200293593668,1500.0,1544.0342728155151,0.0,0.0,0.0,0.0,4.111609396799372,0.2741072931199581,1517.8420319187844,1516.8813198291773,128.0,True,0,0.0,0.0,,0.0,,0.0,0.0,0.0,,0.0,,0.0,0.0,0.0,0.0,-9.503275221257109,-1.0,5.0,-13.0,0.19999999999999996,0.25,-0.33292633292633306,-75.82557531084035,-18.44020273574438,0.0,,,,,,,,,,,,,,,,,,,,,,,,,,,,,,,,,
5,DWCS 5.4,2021-09-21,Steven Nguyen,Theo Rlayang,Steven Nguyen,discovery,True,28.34281333634503,27.116230997214178,1993-05-19,1994-08-10,1.2265823391308537,-250.0,-295.0,,,BestFightOdds_historical,,,71.0,73.0,Switch,boutmetrics,boutmetrics,True,https://www.ufc.com/athlete/steven-nguyen,5,4,1,0,0.8,2,1,1,0.75,0.75,4,0.5979458450046685,214.0,True,base_exact,5,1536.3041278270284,1516.7878133388735,1510.0472551645762,1555.6797952099096,1.0,0.0,0.0,0.0,1.5126719927928605,0.3025343985585721,1521.5762946263794,1516.7878133388735,214.0,True,1,92.0,290.0,0.3172413793103448,132.0,0.5975609756097561,-40.0,0.0,0.0,,0.0,1.0,0.0,0.0,0.0,0.0,67.0,65.0,Orthodox,boutmetrics,boutmetrics,True,https://www.ufc.com/athlete/theo-rlayang,1,1,0,0,1.0,0,0,1,0.0,0.0,1,0.3846153846153846,290.0,True,base_exact,1,1510.8522931421471,1466.668601580751,1466.668601580751,1466.668601580751,0.0,0.0,0.0,0.0,0.4521788809227968,0.4521788809227968,1466.668601580751,1466.668601580751,290.0,True,0,0.0,0.0,,0.0,,0.0,0.0,0.0,,0.0,,0.0,0.0,0.0,0.0,1.2265823391308537,4.0,8.0,4.0,-0.19999999999999996,0.75,0.21333046038928394,25.451834684881305,50.11921175812245,-40.0,,,,,,,,,,,,,,,,,,,,,,,,,,,,,,,,,
5,DWCS 5.5,2021-09-28,Caio Borralho,Aaron Jeffery,Caio Borralho,discovery,True,28.698741247253537,28.871229388693813,1993-01-16,1992-11-14,0.1724881414402759,-200.0,-900.0,,,BestFightOdds_historical,,,73.0,75.0,Southpaw,boutmetrics,boutmetrics,True,https://www.ufc.com/athlete/caio-borralho,1,1,0,0,1.0,0,1,0,1.0,1.0,1,0.6666666666666666,767.0,True,base_exact,1,1512.997110284125,1528.936017640535,1528.936017640535,1528.936017640535,0.0,0.0,0.0,0.0,0.5415462618385423,0.5415462618385423,1528.936017640535,1528.936017640535,767.0,True,0,0.0,0.0,,0.0,,0.0,0.0,0.0,,0.0,,0.0,0.0,0.0,0.0,74.0,73.0,Orthodox,boutmetrics,boutmetrics,True,https://www.ufc.com/athlete/aaron-jeffery,6,5,1,0,0.8333333333333334,4,0,1,0.8,0.2,4,0.798052362707535,200.0,True,base_exact,6,1551.9062122149812,1530.3034824601348,1532.0694120799667,1569.8363407178872,2.0,0.0,2.0,0.0,2.162758842290884,0.3604598070484806,1554.7843421701955,1531.6470390694371,200.0,True,1,21.0,25.0,0.84,14.0,0.3913043478260869,7.0,0.0,2.0,0.0,1.0,0.75,0.0,0.0,0.0,0.0,-0.1724881414402759,-1.0,2.0,-5.0,0.16666666666666663,0.19999999999999996,-0.13138569604086836,-38.909101930856195,-1.3674648195997179,-7.0,,,,,,,,,,,,,,,,,,,,,,,,,,,,,,,,,
5,DWCS 5.5,2021-09-28,Lucas Almeida,Daniel Zellhuber,Daniel Zellhuber,discovery,True,30.65908266425731,22.22906698973969,1991-01-31,1999-07-07,8.43001567451762,-110.0,230.0,-110.0,-235.0,BestFightOdds_historical,https://www.bestfightodds.com/events/dwcs-week-5-2321,event_identity_to_fighter_history,71.0,71.0,Orthodox,boutmetrics,boutmetrics,True,https://www.ufc.com/athlete/lucas-almeida,15,13,2,0,0.8666666666666667,7,6,0,1.0,0.7692307692307693,10,0.5863000635727909,38.0,True,base_exact,15,1605.8052757667083,1515.8254871750537,1511.6000088421538,1591.9180037319422,3.0,0.0,2.0,0.0,4.408553156946185,0.2939035437964123,1554.3272161552177,1553.2298691239023,38.0,True,0,0.0,0.0,,0.0,,0.0,0.0,0.0,,0.0,,0.0,0.0,0.0,0.0,73.0,77.0,Switch,boutmetrics,boutmetrics,False,,1,1,0,0,1.0,0,0,1,0.0,0.0,1,0.8666666666666667,1257.0,True,base_exact,1,1515.3708301846425,1600.2913235597655,1600.2913235597655,1600.2913235597655,1.0,1.0,1.0,1.0,0.6404512576934384,0.6404512576934384,1600.2913235597655,1600.2913235597655,1257.0,True,0,0.0,0.0,,0.0,,0.0,0.0,0.0,,0.0,,0.0,0.0,0.0,0.0,8.43001567451762,-2.0,-6.0,14.0,-0.1333333333333333,1.0,-0.28036660309387584,90.43444558206579,-84.46583638471179,0.0,,,,,,,,,,,,,,,,,,,,,,,,,,,,,,,,,
5,DWCS 5.5,2021-09-28,Lucasz Sudolski,Ihor Potieria,Ihor Potieria,discovery,True,28.28805519620526,25.333853535664662,1993-06-15,1996-05-29,2.9542016605405976,,,,,,,,76.0,75.0,Orthodox,boutmetrics,boutmetrics,True,https://www.ufc.com/athlete/lukasz-sudolski,0,0,0,0,,0,0,0,,,0,,,False,unmatched,0,,,,,,,,,,,,,,False,0,0.0,0.0,,0.0,,0.0,0.0,0.0,,0.0,,0.0,0.0,0.0,0.0,75.0,75.0,Southpaw,boutmetrics,boutmetrics,False,,1,0,1,0,0.0,0,0,0,,,1,0.6,1528.0,True,base_exact,1,1488.3208820380985,1509.2927018625846,1509.2927018625846,1509.2927018625846,0.0,0.0,0.0,0.0,-0.4866299150792391,-0.4866299150792391,1509.2927018625846,1509.2927018625846,1528.0,True,0,0.0,0.0,,0.0,,0.0,0.0,0.0,,0.0,,0.0,0.0,0.0,0.0,2.9542016605405976,1.0,0.0,-1.0,,,,,,0.0,,,,,,,,,,,,,,,,,,,,,,,,,,,,,,,,,
5,DWCS 5.5,2021-09-28,Rizvan Kuniev,Edivan Santos,Rizvan Kuniev,discovery,True,29.55296823343395,29.40512125505657,1992-03-10,1992-05-03,0.14784697837738037,-225.0,-450.0,190.0,400.0,BestFightOdds_historical,https://www.bestfightodds.com/events/dwcs-week-5-2321,event_identity_to_fighter_history,76.0,76.0,Orthodox,boutmetrics,boutmetrics,True,https://www.ufc.com/athlete/rizvan-kuniev,5,4,1,0,0.8,1,0,2,0.25,0.0,4,0.6316993464052287,283.0,True,base_exact,5,1537.6725895691409,1519.180873161952,1533.8273442160375,1563.9446173493695,1.0,0.0,1.0,0.0,1.569691232047519,0.3139382464095038,1524.3097808307064,1519.180873161952,283.0,True,0,0.0,0.0,,0.0,,0.0,0.0,0.0,,0.0,,0.0,0.0,0.0,0.0,76.0,78.0,Orthodox,boutmetrics,boutmetrics,True,https://www.ufc.com/athlete/edivan-santos,0,0,0,0,,0,0,0,,,0,,,False,unmatched,0,,,,,,,,,,,,,,False,0,0.0,0.0,,0.0,,0.0,0.0,0.0,,0.0,,0.0,0.0,0.0,0.0,0.14784697837738037,0.0,-2.0,5.0,,,,,,0.0,,,,,,,,,,,,,,,,,,,,,,,,,,,,,,,,,
5,DWCS 5.6,2021-10-05,Daniel Barez,Carlos Hernandez,Carlos Hernandez,discovery,True,32.81929129277124,27.945816820331697,1988-12-10,1993-10-25,4.873474472439543,155.0,105.0,-185.0,105.0,BestFightOdds_historical,https://www.bestfightodds.com/events/dwcs-week-6-2328,event_identity_to_fighter_history,66.0,66.0,Orthodox,boutmetrics,boutmetrics,True,https://www.ufc.com/athlete/daniel-barez,16,12,4,0,0.75,4,5,3,0.75,0.4166666666666667,12,0.6904761904761906,668.0,True,base_exact,16,1590.747475134362,1522.3555823817696,1518.471003162285,1567.320306079772,3.0,0.0,1.0,0.0,3.781144797265088,0.236321549829068,1510.602134360521,1521.063335837155,668.0,True,0,0.0,0.0,,0.0,,0.0,0.0,0.0,,0.0,,0.0,0.0,0.0,0.0,68.0,67.0,Orthodox,boutmetrics,boutmetrics,True,https://www.ufc.com/athlete/carlos-hernandez,9,7,2,0,0.7777777777777778,0,4,3,0.5714285714285714,0.4285714285714285,5,0.5714285714285714,354.0,True,base_exact,9,1556.0191321370116,1505.0817282404896,1504.1412877912107,1524.533039056086,0.0,0.0,0.0,0.0,2.334130505708818,0.2593478339676464,1514.7248345824498,1511.3811901307663,354.0,True,0,0.0,0.0,,0.0,,0.0,0.0,0.0,,0.0,,0.0,0.0,0.0,0.0,4.873474472439543,-2.0,-1.0,7.0,-0.02777777777777779,0.1785714285714286,0.11904761904761918,34.72834299735041,17.273854141280026,0.0,,,,,,,,,,,,,,,,,,,,,,,,,,,,,,,,,
5,DWCS 5.6,2021-10-05,Joshua Weems,Fernie Garcia,Fernie Garcia,discovery,True,27.420138674989904,29.48178265125225,1994-05-05,1992-04-12,2.0616439762623457,-160.0,205.0,130.0,-225.0,BestFightOdds_historical,https://www.bestfightodds.com/events/dwcs-week-6-2328,event_identity_to_fighter_history,68.0,69.0,Orthodox,boutmetrics,boutmetrics,True,https://www.ufc.com/athlete/josh-weems,2,1,1,0,0.5,0,1,0,1.0,1.0,2,0.5,633.0,True,base_exact,2,1497.579306199351,1458.3716666685932,1458.3716666685932,1512.3857588711212,0.0,0.0,0.0,0.0,-0.1008622416937093,-0.0504311208468546,1458.3716666685932,1458.3716666685932,633.0,True,0,0.0,0.0,,0.0,,0.0,0.0,0.0,,0.0,,0.0,0.0,0.0,0.0,67.0,67.0,Orthodox,boutmetrics,boutmetrics,True,https://www.ufc.com/athlete/fernie-garcia,8,6,2,0,0.75,0,2,4,0.3333333333333333,0.1666666666666666,2,0.5485819327731093,193.0,True,base_exact,8,1543.173130272275,1493.183992654171,1502.027034938009,1542.5787853324948,0.0,0.0,0.0,0.0,1.7988804280114732,0.2248600535014341,1514.3723917827565,1511.816272248802,193.0,True,0,0.0,0.0,,0.0,,0.0,0.0,0.0,,0.0,,0.0,0.0,0.0,0.0,-2.0616439762623457,1.0,2.0,-6.0,-0.25,0.6666666666666667,-0.04858193277310929,-45.59382407292401,-34.8123259855779,0.0,,,,,,,,,,,,,,,,,,,,,,,,,,,,,,,,,
5,DWCS 5.6,2021-10-05,Patrik White,Genaro Valdez,Genaro Valdez,discovery,True,28.31817217328213,29.71998056086025,1993-06-11,1992-01-16,1.4018083875781215,-105.0,1100.0,-125.0,-820.0,BestFightOdds_historical,https://www.bestfightodds.com/events/dwcs-week-6-2328,event_identity_to_fighter_history,72.0,72.0,Orthodox,boutmetrics,boutmetrics,True,https://www.ufc.com/athlete/patrik-white,0,0,0,0,,0,0,0,,,0,,,False,unmatched,0,,,,,,,,,,,,,,False,0,0.0,0.0,,0.0,,0.0,0.0,0.0,,0.0,,0.0,0.0,0.0,0.0,69.0,72.0,Orthodox,boutmetrics,boutmetrics,True,https://www.ufc.com/athlete/genaro-valdez,0,0,0,0,,0,0,0,,,0,,,False,unmatched,0,,,,,,,,,,,,,,False,0,0.0,0.0,,0.0,,0.0,0.0,0.0,,0.0,,0.0,0.0,0.0,0.0,-1.4018083875781215,3.0,0.0,0.0,,,,,,0.0,,,,,,,,,,,,,,,,,,,,,,,,,,,,,,,,,
5,DWCS 5.6,2021-10-05,Shimon Smotritsky,Mike Malott,Mike Malott,discovery,True,21.120214651909347,29.911634051349445,2000-08-22,1991-11-07,8.791419399440098,-140.0,165.0,110.0,-178.0,BestFightOdds_historical,https://www.bestfightodds.com/events/dwcs-week-6-2328,event_identity_to_fighter_history,74.0,74.0,Orthodox,boutmetrics,boutmetrics,True,https://www.ufc.com/athlete/shimon-smotritsky,1,1,0,0,1.0,1,0,0,1.0,1.0,1,,1469.0,True,base_exact,1,1512.0,1500.0,1500.0,1500.0,0.0,0.0,0.0,0.0,0.5,0.5,1500.0,1500.0,1469.0,True,0,0.0,0.0,,0.0,,0.0,0.0,0.0,,0.0,,0.0,0.0,0.0,0.0,73.0,73.0,Orthodox,boutmetrics,boutmetrics,False,,9,6,2,1,0.75,3,3,0,1.0,1.0,7,0.6222222222222222,291.0,True,base_exact,9,1554.5338591050263,1510.27351613855,1500.0,1564.621673009,1.0,0.0,1.0,0.0,2.272244129376105,0.2524715699306784,1526.193888479405,1520.89232904939,291.0,True,0,0.0,0.0,,0.0,,0.0,0.0,0.0,,0.0,,0.0,0.0,0.0,0.0,-8.791419399440098,1.0,1.0,-8.0,0.25,0.0,,-42.533859105026295,-10.273516138549894,0.0,,,,,,,,,,,,,,,,,,,,,,,,,,,,,,,,,
5,DWCS 5.6,2021-10-05,Shonte Barnes,Joseph Holmes,Joseph Holmes,discovery,True,34.65368898745354,26.256528197019787,1987-02-09,1995-07-04,8.397160790433755,240.0,420.0,-300.0,-455.0,BestFightOdds_historical,https://www.bestfightodds.com/events/dwcs-week-6-2328,event_identity_to_fighter_history,71.0,76.0,Southpaw,boutmetrics,boutmetrics,True,https://www.ufc.com/athlete/shonte-barnes,0,0,0,0,,0,0,0,,,0,,,False,unmatched,0,,,,,,,,,,,,,,False,0,0.0,0.0,,0.0,,0.0,0.0,0.0,,0.0,,0.0,0.0,0.0,0.0,76.0,80.0,Orthodox,boutmetrics,boutmetrics,True,https://www.ufc.com/athlete/joseph-holmes,2,0,2,0,0.0,0,0,0,,,1,,928.0,True,base_exact,2,1476.827614673444,1506.0,1506.0,1512.0,0.0,0.0,0.0,0.0,-0.9655160552731684,-0.4827580276365842,1506.0,1506.0,928.0,True,0,0.0,0.0,,0.0,,0.0,0.0,0.0,,0.0,,0.0,0.0,0.0,0.0,8.397160790433755,-5.0,-4.0,-2.0,,,,,,0.0,,,,,,,,,,,,,,,,,,,,,,,,,,,,,,,,,
5,DWCS 5.7,2021-10-12,Chris Duncan,Viacheslav Borshchev,Viacheslav Borshchev,discovery,True,28.424950546554687,29.76104916596508,1993-05-10,1992-01-08,1.336098619410393,,,,,,,,70.0,71.0,Orthodox,boutmetrics,boutmetrics,False,,8,8,0,0,1.0,7,1,0,1.0,0.375,4,0.4076767676767677,376.0,True,base_exact,8,1585.9015560014757,1501.783134394466,1500.0,1553.939538802398,1.0,0.0,1.0,0.0,3.579231500061498,0.4474039375076872,1497.142313564954,1509.0732958994518,376.0,True,0,0.0,0.0,,0.0,,0.0,0.0,0.0,,0.0,,0.0,0.0,0.0,0.0,71.0,69.0,Orthodox,boutmetrics,boutmetrics,True,https://www.ufc.com/athlete/viacheslav-borshchev,7,5,2,0,0.7142857142857143,2,1,2,0.6,0.4,3,0.5666666666666667,102.0,True,base_exact,7,1534.3973754517149,1512.1580987731884,1511.9143068888852,1536.41314065635,0.0,0.0,0.0,0.0,1.433223977154796,0.2047462824506851,1508.284342129619,1512.153268627376,102.0,True,0,0.0,0.0,,0.0,,0.0,0.0,0.0,,0.0,,0.0,0.0,0.0,0.0,-1.336098619410393,-1.0,2.0,1.0,0.2857142857142857,0.4,-0.15898989898989896,51.504180549760804,-10.374964378722325,0.0,,,,,,,,,,,,,,,,,,,,,,,,,,,,,,,,,
5,DWCS 5.7,2021-10-12,Jake Hadley,Mitch Raposo,Jake Hadley,discovery,True,25.19148237130126,22.990205137682494,1996-08-03,1998-10-16,2.2012772336187645,-185.0,-290.0,155.0,265.0,BestFightOdds_historical,https://www.bestfightodds.com/events/dwcs-week-7-2333,event_identity_to_fighter_history,67.0,70.0,Southpaw,boutmetrics,boutmetrics,False,,11,11,0,0,1.0,3,5,3,0.7272727272727273,0.5454545454545454,5,0.7096255596255596,306.0,True,base_exact,11,1625.6843275733795,1537.000262839099,1565.123514076446,1606.807831311109,7.0,1.0,7.0,1.0,5.2368469822241615,0.4760769983840147,1589.4875239203084,1585.603313776042,306.0,True,0,0.0,0.0,,0.0,,0.0,0.0,0.0,,0.0,,0.0,0.0,0.0,0.0,65.0,64.0,Switch,boutmetrics,boutmetrics,True,https://www.ufc.com/athlete/mitch-raposo,5,5,0,0,1.0,1,2,2,0.6,0.6,2,0.0,363.0,True,base_exact,5,1554.3387725889672,1489.464951351064,1489.394486499987,1500.0,0.0,0.0,0.0,0.0,2.264115524540305,0.452823104908061,1492.735952879125,1489.464951351064,363.0,True,0,0.0,0.0,,0.0,,0.0,0.0,0.0,,0.0,,0.0,0.0,0.0,0.0,2.2012772336187645,2.0,6.0,6.0,0.0,0.12727272727272732,0.7096255596255596,71.34555498441227,47.53531148803495,0.0,,,,,,,,,,,,,,,,,,,,,,,,,,,,,,,,,
5,DWCS 5.7,2021-10-12,Lorenzo Hood,Martin Buday,Martin Buday,discovery,True,32.6139482672471,29.91984777237041,1989-03-02,1991-11-11,2.694100494876693,300.0,520.0,-400.0,-600.0,BestFightOdds_historical,https://www.bestfightodds.com/events/dwcs-week-7-2333,event_identity_to_fighter_history,75.0,80.0,Southpaw,boutmetrics,boutmetrics,True,https://www.ufc.com/athlete/lorenzo-hood,3,0,3,0,0.0,0,0,0,,,3,0.7380952380952381,1943.0,True,base_exact,3,1470.108969036717,1550.1429943772855,1558.9140936886995,1587.6836396690946,2.0,0.0,0.0,0.0,-1.2454596234701216,-0.4151532078233739,1550.1429943772855,1550.1429943772855,1943.0,True,0,0.0,0.0,,0.0,,0.0,0.0,0.0,,0.0,,0.0,0.0,0.0,0.0,76.0,77.0,Orthodox,boutmetrics,boutmetrics,False,,6,6,0,0,1.0,4,2,0,1.0,0.3333333333333333,1,0.7999999999999999,115.0,True,base_exact,6,1572.1523540793878,1530.5006136629154,1514.4248454802612,1581.3337822393266,2.0,0.0,2.0,0.0,3.006348086641161,0.5010580144401935,1551.7629855768791,1534.3500197122182,115.0,True,0,0.0,0.0,,0.0,,0.0,0.0,0.0,,0.0,,0.0,0.0,0.0,0.0,2.694100494876693,-1.0,3.0,-3.0,-1.0,,-0.061904761904761796,-102.0433850426707,19.64238071437012,0.0,,,,,,,,,,,,,,,,,,,,,,,,,,,,,,,,,
5,DWCS 5.7,2021-10-12,Maria Silva,Kathryn Paprocki,Maria Silva,discovery,True,25.81572516889464,28.457805430638548,1995-12-19,1993-04-28,2.6420802617439065,-260.0,-353.0,200.0,325.0,BestFightOdds_historical,https://www.bestfightodds.com/events/dwcs-week-7-2333,event_identity_to_fighter_history,63.0,64.0,Orthodox,boutmetrics,boutmetrics,False,,1,1,0,0,1.0,0,0,1,0.0,0.0,1,1.0,1221.0,True,base_exact,1,1512.414300586377,1512.0,1512.0,1512.0,0.0,0.0,0.0,0.0,0.5172625244323762,0.5172625244323762,1512.0,1512.0,1221.0,True,0,0.0,0.0,,0.0,,0.0,0.0,0.0,,0.0,,0.0,0.0,0.0,0.0,63.0,63.0,Orthodox,boutmetrics,boutmetrics,False,,2,2,0,0,1.0,0,2,0,1.0,0.0,1,0.5,144.0,True,base_exact,2,1523.0147941469163,1491.6719663229342,1491.6719663229342,1497.6310567564044,0.0,0.0,0.0,0.0,0.9589497561215142,0.4794748780607571,1491.6719663229342,1491.6719663229342,144.0,True,0,0.0,0.0,,0.0,,0.0,0.0,0.0,,0.0,,0.0,0.0,0.0,0.0,-2.6420802617439065,0.0,1.0,-1.0,0.0,-1.0,0.5,-10.600493560539235,20.328033677065832,0.0,,,,,,,,,,,,,,,,,,,,,,,,,,,,,,,,,
5,DWCS 5.7,2021-10-12,Reyes Cortez Jr.,Christian Rodriguez,Christian Rodriguez,discovery,True,29.199778229532438,23.819790960800017,1992-07-31,1997-12-17,5.379987268732421,-105.0,130.0,,,BestFightOdds_historical,,,67.0,68.0,Orthodox,boutmetrics,boutmetrics,True,https://www.ufc.com/athlete/reyes-cortez,0,0,0,0,,0,0,0,,,0,,,False,alias_no_prior_history,0,,,,,,,,,,,,,,False,0,0.0,0.0,,0.0,,0.0,0.0,0.0,,0.0,,0.0,0.0,0.0,0.0,67.0,71.0,Orthodox,boutmetrics,boutmetrics,False,,10,9,1,0,0.9,4,5,0,1.0,0.5555555555555556,5,0.5544217687074829,215.0,True,base_exact,10,1583.709200031903,1494.0872432457963,1500.0,1523.8648039161794,0.0,0.0,0.0,0.0,3.487883334662617,0.3487883334662617,1497.923542824863,1481.258609663219,215.0,True,0,0.0,0.0,,0.0,,0.0,0.0,0.0,,0.0,,0.0,0.0,0.0,0.0,5.379987268732421,0.0,-3.0,-10.0,,,,,,0.0,,,,,,,,,,,,,,,,,,,,,,,,,,,,,,,,,
5,DWCS 5.8,2021-10-19,Caio Borralho,Jesse Murray,Caio Borralho,discovery,True,28.756237294400297,28.72885822433041,1993-01-16,1993-01-26,0.02737907006988749,-200.0,-900.0,170.0,700.0,BestFightOdds_historical,,,73.0,75.0,Southpaw,boutmetrics,boutmetrics,True,https://www.ufc.com/athlete/caio-borralho,1,1,0,0,1.0,0,1,0,1.0,1.0,1,0.6666666666666666,788.0,True,base_exact,1,1512.997110284125,1528.936017640535,1528.936017640535,1528.936017640535,0.0,0.0,0.0,0.0,0.5415462618385423,0.5415462618385423,1528.936017640535,1528.936017640535,788.0,True,1,68.0,102.0,0.6666666666666666,36.0,0.64,32.0,3.0,4.0,0.75,0.0,1.0,138.0,-235.0,0.0,0.0,75.0,78.0,Orthodox,boutmetrics,boutmetrics,False,,11,8,3,0,0.7272727272727273,1,4,3,0.625,0.5,6,0.3897374555269292,605.0,True,base_exact,11,1552.9606544069495,1505.4495860043753,1500.0,1608.8931475060992,2.0,1.0,1.0,0.0,2.206693933622903,0.2006085394202639,1503.5368548720935,1523.900742424476,605.0,True,0,0.0,0.0,,0.0,,0.0,0.0,0.0,,0.0,,0.0,0.0,0.0,0.0,0.02737907006988749,-2.0,-3.0,-10.0,0.2727272727272727,0.375,0.27692921113973745,-39.96354412282449,23.48643163615975,32.0,,,,,,,,,,,,,,,,,,,,,,,,,,,,,,,,,
5,DWCS 5.8,2021-10-19,Jonny Parsons,Solomon Renfro,Jonny Parsons,discovery,True,30.119714983880574,24.701397017050315,1991-09-06,1997-02-05,5.418317966830259,-110.0,390.0,-110.0,-350.0,BestFightOdds_historical,,,69.0,69.0,Orthodox,boutmetrics,boutmetrics,True,https://www.ufc.com/athlete/jonny-parsons,3,2,1,0,0.6666666666666666,1,0,1,0.5,0.5,3,0.5728748263231022,675.0,True,base_exact,3,1512.9251938215075,1513.014333284308,1517.2013000540692,1524.9327480096445,0.0,0.0,0.0,0.0,0.5385497425628191,0.179516580854273,1513.014333284308,1513.014333284308,675.0,True,0,0.0,0.0,,0.0,,0.0,0.0,0.0,,0.0,,0.0,0.0,0.0,0.0,69.0,72.0,Switch,boutmetrics,boutmetrics,False,,9,8,1,0,0.8888888888888888,2,1,5,0.375,0.375,2,0.3322727272727272,108.0,True,base_exact,9,1572.5159101416762,1501.5652846630855,1500.0,1541.744861954699,0.0,0.0,0.0,0.0,3.021496255903172,0.3357218062114635,1519.8171076372585,1507.7265960721645,108.0,True,0,0.0,0.0,,0.0,,0.0,0.0,0.0,,0.0,,0.0,0.0,0.0,0.0,5.418317966830259,0.0,-3.0,-6.0,-0.2222222222222222,0.125,0.24060209905037494,-59.59071632016867,11.449048621222346,0.0,,,,,,,,,,,,,,,,,,,,,,,,,,,,,,,,,
5,DWCS 5.8,2021-10-19,Kaloyan Kolev,Armen Petrosyan,Armen Petrosyan,discovery,True,29.00538683203625,30.96025243502604,1992-10-17,1990-11-03,1.9548656029897877,-350.0,165.0,275.0,-162.0,BestFightOdds_historical,,,74.0,73.0,Orthodox,boutmetrics,boutmetrics,True,https://www.ufc.com/athlete/kaloyan-kolev,1,1,0,0,1.0,1,0,0,1.0,1.0,1,0.4285714285714285,1904.0,True,base_exact,1,1511.6297675697629,1489.2772700872447,1489.2772700872447,1489.2772700872447,0.0,0.0,0.0,0.0,0.4845736487401157,0.4845736487401157,1489.2772700872447,1489.2772700872447,1904.0,True,0,0.0,0.0,,0.0,,0.0,0.0,0.0,,0.0,,0.0,0.0,0.0,0.0,75.0,71.0,Orthodox,boutmetrics,boutmetrics,True,https://www.ufc.com/athlete/armen-petrosyan,0,0,0,0,,0,0,0,,,0,,,False,unmatched,0,,,,,,,,,,,,,,False,0,0.0,0.0,,0.0,,0.0,0.0,0.0,,0.0,,0.0,0.0,0.0,0.0,-1.9548656029897877,-1.0,2.0,1.0,,,,,,0.0,,,,,,,,,,,,,,,,,,,,,,,,,,,,,,,,,
5,DWCS 5.8,2021-10-19,Pedro Falcao,James Barnes,Pedro Falcao,discovery,True,29.22168148558834,39.39574392355764,1992-07-30,1982-05-28,10.174062437969297,-195.0,-500.0,165.0,525.0,BestFightOdds_historical,,,66.0,66.0,Orthodox,boutmetrics,boutmetrics,True,https://www.ufc.com/athlete/pedro-falcao,17,14,3,0,0.8235294117647058,5,4,5,0.6428571428571429,0.5,7,0.4929399462978224,387.0,True,base_exact,17,1612.9546400414447,1524.1567296374035,1503.2122561646277,1611.5804004379402,4.0,1.0,3.0,1.0,4.706443335060186,0.2768496079447168,1560.0809492110684,1558.9326395908477,387.0,True,0,0.0,0.0,,0.0,,0.0,0.0,0.0,,0.0,,0.0,0.0,0.0,0.0,68.0,71.0,Orthodox,boutmetrics,boutmetrics,True,https://www.ufc.com/athlete/james-barnes,23,16,7,0,0.6956521739130435,2,13,1,0.9375,0.5625,4,0.4349837662337663,132.0,True,base_exact,23,1575.461461088057,1499.4147493391,1500.0,1574.5226002943286,2.0,0.0,1.0,0.0,3.144227545335703,0.1367055454493784,1478.5012210566638,1492.9926951734294,132.0,True,0,0.0,0.0,,0.0,,0.0,0.0,0.0,,0.0,,0.0,0.0,0.0,0.0,-10.174062437969297,-2.0,-5.0,-6.0,0.12787723785166238,-0.2946428571428571,0.05795618006405612,37.49317895338777,24.741980298303588,0.0,,,,,,,,,,,,,,,,,,,,,,,,,,,,,,,,,
5,DWCS 5.8,2021-10-19,Piera Rodriguez,Valesca Machado,Piera Rodriguez,discovery,True,28.936939156861538,25.454321443972155,1992-11-11,1996-05-06,3.4826177128893825,-335.0,-400.0,260.0,340.0,BestFightOdds_historical,,,63.0,63.0,Orthodox,boutmetrics,boutmetrics,True,https://www.ufc.com/athlete/piera-rodriguez,7,7,0,0,1.0,6,0,1,0.8571428571428571,0.0,4,0.5098039215686274,179.0,True,base_exact,7,1581.3928691818387,1523.3999875692953,1500.0,1593.824810688074,2.0,0.0,2.0,0.0,3.3913695492432767,0.4844813641776109,1558.11250688754,1534.867504132524,179.0,True,0,0.0,0.0,,0.0,,0.0,0.0,0.0,,0.0,,0.0,0.0,0.0,0.0,64.0,63.0,Orthodox,boutmetrics,boutmetrics,False,,3,1,1,1,0.5,0,0,1,0.0,0.0,3,0.648148148148148,1242.0,True,base_exact,3,1502.7166536617867,1523.042527672818,1512.3999911578462,1556.682459541168,1.0,0.0,0.0,0.0,0.113193902574449,0.0377313008581496,1523.042527672818,1523.042527672818,1242.0,True,0,0.0,0.0,,0.0,,0.0,0.0,0.0,,0.0,,0.0,0.0,0.0,0.0,3.4826177128893825,-1.0,0.0,4.0,0.5,0.8571428571428571,-0.1383442265795206,78.67621552005198,0.3574598964771667,0.0,,,,,,,,,,,,,,,,,,,,,,,,,,,,,,,,,
5,DWCS 5.10,2021-11-02,Jonas Bilharinho,Canaan Kawaihae,Jonas Bilharinho,discovery,True,31.450337789276983,24.18667049973648,1990-05-22,1997-08-26,7.2636672895405034,-160.0,136.0,130.0,-145.0,BestFightOdds_historical,,,71.0,75.0,Switch,boutmetrics,boutmetrics,True,https://www.ufc.com/athlete/jonas-bilharinho,11,9,1,1,0.9,7,1,1,0.8888888888888888,0.4444444444444444,5,0.8130603246083122,745.0,True,base_exact,11,1599.4454216649888,1557.6189955433392,1567.4179480044947,1630.727398636276,7.0,2.0,6.0,1.0,4.143559236041197,0.3766872032764725,1585.3214166084852,1594.6667436892158,745.0,True,0,0.0,0.0,,0.0,,0.0,0.0,0.0,,0.0,,0.0,0.0,0.0,0.0,72.0,71.0,Southpaw,boutmetrics,boutmetrics,True,https://www.ufc.com/athlete/canaan-kawaihae,10,8,1,1,0.8888888888888888,1,5,2,0.75,0.75,6,0.782051282051282,193.0,True,base_exact,10,1578.918747478322,1518.4090621742912,1506.0,1594.4521482176071,2.0,0.0,2.0,0.0,3.2882811449300813,0.3288281144930081,1566.3239135620272,1546.9365167419055,193.0,True,1,35.0,48.0,0.7291666666666666,81.0,0.3467741935483871,-46.0,0.0,2.0,0.0,0.0,1.0,0.0,0.0,1.0,0.0,7.2636672895405034,-1.0,4.0,1.0,0.011111111111111183,0.13888888888888884,0.031009042557030186,20.526674186666696,39.20993336904803,46.0,,,,,,,,,,,,,,,,,,,,,,,,,,,,,,,,,
5,DWCS 5.10,2021-11-02,Maheshate,Achilles Estremadura,Maheshate,discovery,True,21.92242140495698,29.64605707167156,1999-12-01,1992-03-11,7.7236356667145785,300.0,575.0,-400.0,-500.0,BestFightOdds_historical,,,72.0,71.0,Orthodox,boutmetrics,boutmetrics,False,,0,0,0,0,,0,0,0,,,0,,,False,unmatched,0,,,,,,,,,,,,,,False,0,0.0,0.0,,0.0,,0.0,0.0,0.0,,0.0,,0.0,0.0,0.0,0.0,70.0,68.0,Orthodox,boutmetrics,boutmetrics,True,https://www.ufc.com/athlete/achilles-estremadura,0,0,0,0,,0,0,0,,,0,,,False,unmatched,0,,,,,,,,,,,,,,False,0,0.0,0.0,,0.0,,0.0,0.0,0.0,,0.0,,0.0,0.0,0.0,0.0,-7.7236356667145785,2.0,3.0,0.0,,,,,,0.0,,,,,,,,,,,,,,,,,,,,,,,,,,,,,,,,,
5,DWCS 5.10,2021-11-02,Qiu Lun,Erisson Ferreira,Erisson Ferreira,discovery,True,24.320827943078918,30.503021964858963,1997-07-08,1991-05-03,6.182194021780045,,,-500.0,-300.0,BestFightOdds_historical,,,68.0,66.0,Southpaw,boutmetrics,boutmetrics,True,https://www.ufc.com/athlete/qiu-lun,9,6,3,0,0.6666666666666666,3,1,2,0.6666666666666666,0.5,3,0.7151146384479719,161.0,True,recovered_event_opponent_alias,9,1541.8988651779616,1534.842693082808,1553.744626823668,1579.5817038484606,5.0,0.0,3.0,0.0,1.7457860490817376,0.1939762276757486,1551.7777136982074,1552.9440735245223,161.0,True,0,0.0,0.0,,0.0,,0.0,0.0,0.0,,0.0,,0.0,0.0,0.0,0.0,66.0,70.0,Orthodox,boutmetrics,boutmetrics,True,https://www.ufc.com/athlete/erisson-ferreira-da-silva,13,11,2,0,0.8461538461538461,11,0,0,1.0,0.6363636363636364,10,0.4277432712215321,626.0,True,base_exact,13,1594.776232951425,1510.9101299378565,1500.0,1552.9161860779088,1.0,0.0,0.0,0.0,3.9490097063093903,0.3037699774084146,1527.6345270310064,1512.667750342494,626.0,True,0,0.0,0.0,,0.0,,0.0,0.0,0.0,,0.0,,0.0,0.0,0.0,0.0,-6.182194021780045,2.0,-4.0,-4.0,-0.17948717948717952,-0.33333333333333337,0.28737136722643974,-52.87736777346345,23.932563144951473,0.0,,,,,,,,,,,,,,,,,,,,,,,,,,,,,,,,,
5,DWCS 5.10,2021-11-02,Shang Zhifa,Juan Puerta,Juan Puerta,discovery,True,35.63659760296242,33.785772466238186,1986-03-15,1988-01-20,1.8508251367242323,,,-300.0,-175.0,BestFightOdds_historical,,,67.0,63.0,Orthodox,boutmetrics,boutmetrics,True,https://www.ufc.com/athlete/shang-zhifa,19,15,4,0,0.7894736842105263,3,8,4,0.7333333333333333,0.4,6,0.6585374971244538,438.0,True,recovered_event_opponent_alias,19,1624.4909475225088,1527.765747521276,1523.5724089079483,1581.2819430344034,6.0,0.0,6.0,0.0,5.1871228134378775,0.2730064638651514,1523.8264706678958,1539.8918310339795,438.0,True,0,0.0,0.0,,0.0,,0.0,0.0,0.0,,0.0,,0.0,0.0,0.0,0.0,69.0,71.0,Southpaw,boutmetrics,boutmetrics,True,https://www.ufc.com/athlete/juan-puerta,29,22,7,0,0.7586206896551724,1,12,9,0.5909090909090909,0.3181818181818182,16,0.4620218343747756,179.0,True,base_exact,29,1646.379242218154,1516.5556680402556,1500.0,1589.7390386653049,5.0,0.0,4.0,0.0,6.099135092423093,0.2103150031870032,1531.1152424584095,1526.182158873576,179.0,True,0,0.0,0.0,,0.0,,0.0,0.0,0.0,,0.0,,0.0,0.0,0.0,0.0,1.8508251367242323,-2.0,-8.0,-10.0,0.030852994555353952,0.14242424242424234,0.19651566274967813,-21.8882946956453,11.21007948102033,0.0,,,,,,,,,,,,,,,,,,,,,,,,,,,,,,,,,
5,DWCS 5.10,2021-11-02,Yohan Lainesse,Justin Burlinson,Yohan Lainesse,discovery,True,29.218943578581356,24.457723293428337,1992-08-14,1997-05-19,4.761220285153019,-120.0,380.0,-110.0,-400.0,BestFightOdds_historical,,,73.0,76.0,Orthodox,boutmetrics,boutmetrics,True,https://www.ufc.com/athlete/yohan-lainesse,1,1,0,0,1.0,1,0,0,1.0,0.0,1,0.7647058823529411,122.0,True,base_exact,1,1515.1039809677734,1591.9582905343286,1591.9582905343286,1591.9582905343286,1.0,0.0,1.0,0.0,0.6293325403238944,0.6293325403238944,1591.9582905343286,1591.9582905343286,122.0,True,0,0.0,0.0,,0.0,,0.0,0.0,0.0,,0.0,,0.0,0.0,0.0,0.0,73.0,74.0,Switch,boutmetrics,boutmetrics,True,https://www.ufc.com/athlete/justin-burlinson,10,10,0,0,1.0,1,9,0,1.0,0.9,5,0.5501893939393939,130.0,True,base_exact,10,1609.039402805195,1517.1820260736672,1504.1510123708845,1599.371185075562,2.0,0.0,2.0,0.0,4.54330845021647,0.454330845021647,1564.8483305576176,1538.534364448603,130.0,True,0,0.0,0.0,,0.0,,0.0,0.0,0.0,,0.0,,0.0,0.0,0.0,0.0,4.761220285153019,0.0,2.0,-9.0,0.0,0.0,0.2145164884135472,-93.9354218374217,74.77626446066142,0.0,,,,,,,,,,,,,,,,,,,,,,,,,,,,,,,,,
6,DWCS 6.1,2022-07-26,Alessandro Costa,Juan Andres Luna,Alessandro Costa,discovery,True,26.4919881996208,26.93279122774595,1996-01-28,1995-08-20,0.44080302812514915,170.0,-225.0,-200.0,260.0,BestFightOdds_historical,https://www.bestfightodds.com/events/dwcs-week-1-2591,alias_aware_event_identity,64.0,67.0,Orthodox,boutmetrics,boutmetrics,True,https://www.ufc.com/athlete/alessandro-costa,3,3,0,0,1.0,1,2,0,1.0,1.0,3,0.6241830065359477,445.0,True,base_exact,3,1537.7015179167786,1528.600824093427,1517.9354998099902,1565.8753705157844,1.0,0.0,1.0,0.0,1.5708965798657737,0.5236321932885912,1528.600824093427,1528.600824093427,445.0,True,0,0.0,0.0,,0.0,,0.0,0.0,0.0,,0.0,,0.0,0.0,0.0,0.0,67.0,72.0,Orthodox,boutmetrics,boutmetrics,True,https://www.ufc.com/athlete/juan-andres-luna,12,12,0,0,1.0,2,6,4,0.6666666666666666,0.3333333333333333,6,0.4627551020408163,242.0,True,recovered_event_opponent_alias,12,1622.3994380875672,1506.3257652939064,1500.0,1582.074291585392,1.0,0.0,1.0,0.0,5.099976586981966,0.4249980489151638,1521.5620745790122,1515.4579780876106,242.0,True,0,0.0,0.0,,0.0,,0.0,0.0,0.0,,0.0,,0.0,0.0,0.0,0.0,-0.44080302812514915,-3.0,-5.0,-9.0,0.0,0.33333333333333337,0.1614279044951314,-84.69792017078862,22.275058799520593,0.0,,,,,,,,,,,,,,,,,,,,,,,,,,,,,,,,,
6,DWCS 6.1,2022-07-26,Anton Turkalj,Acacio Dos Santos,Anton Turkalj,discovery,True,26.12510866068434,30.82335708467662,1996-06-10,1991-09-29,4.698248423992279,-300.0,-150.0,240.0,190.0,BestFightOdds_historical,https://www.bestfightodds.com/events/dwcs-week-1-2591,event_identity_to_fighter_history,76.0,78.0,Orthodox,boutmetrics,boutmetrics,True,https://www.ufc.com/athlete/anton-turkalj,0,0,0,0,,0,0,0,,,0,,,False,unmatched,0,,,,,,,,,,,,,,False,0,0.0,0.0,,0.0,,0.0,0.0,0.0,,0.0,,0.0,0.0,0.0,0.0,76.0,79.0,Orthodox,boutmetrics,boutmetrics,True,https://www.ufc.com/athlete/acacio-dos-santos,7,5,2,0,0.7142857142857143,1,0,4,0.2,0.0,4,0.7419430930266844,87.0,True,base_exact,7,1546.7430420887606,1561.2598913842378,1568.9951602104036,1606.5431189092735,5.0,2.0,4.0,1.0,1.9476267536983545,0.2782323933854792,1577.8544443053518,1581.8203224071465,87.0,True,0,0.0,0.0,,0.0,,0.0,0.0,0.0,,0.0,,0.0,0.0,0.0,0.0,-4.698248423992279,0.0,-1.0,-7.0,,,,,,0.0,,,,,,,,,,,,,,,,,,,,,,,,,,,,,,,,,
6,DWCS 6.1,2022-07-26,Dennis Buzukja,Kaleio Romero,Dennis Buzukja,discovery,True,24.81638911134383,26.26747982504774,1997-10-01,1996-04-19,1.451090713703909,-180.0,-220.0,155.0,210.0,BestFightOdds_historical,https://www.bestfightodds.com/events/dwcs-week-1-2591,event_identity_to_fighter_history,69.0,70.0,Switch,boutmetrics,boutmetrics,True,https://www.ufc.com/athlete/dennis-buzukja,10,8,2,0,0.8,4,0,4,0.5,0.5,4,0.2736263736263736,158.0,True,base_exact,10,1562.7083822831353,1499.6969051225203,1500.0,1532.3629400089417,0.0,0.0,0.0,0.0,2.612849261797308,0.2612849261797308,1497.6157495932314,1506.1967998977948,158.0,True,1,57.0,122.0,0.4672131147540984,102.0,0.3503184713375796,-45.0,2.0,8.0,0.25,0.0,1.0,128.0,-84.0,0.0,1.0,70.0,69.0,Switch,boutmetrics,boutmetrics,False,,3,2,1,0,0.6666666666666666,1,1,0,1.0,1.0,3,0.6428571428571428,396.0,True,base_exact,3,1513.6457838434123,1520.708126797379,1492.6473238040376,1581.477056588099,1.0,0.0,0.0,0.0,0.5685743268088402,0.1895247756029467,1520.708126797379,1520.708126797379,396.0,True,0,0.0,0.0,,0.0,,0.0,0.0,0.0,,0.0,,0.0,0.0,0.0,0.0,-1.451090713703909,-1.0,1.0,7.0,0.13333333333333341,-0.5,-0.3692307692307692,49.06259843972293,-21.01122167485869,-45.0,,,,,,,,,,,,,,,,,,,,,,,,,,,,,,,,,
6,DWCS 6.1,2022-07-26,Ozzy Diaz,Joe Pyfer,Joe Pyfer,discovery,True,31.674846163850045,25.85405586699248,1990-11-22,1996-09-17,5.820790296857567,-300.0,100.0,250.0,106.0,BestFightOdds_historical,https://www.bestfightodds.com/events/dwcs-week-1-2591,event_identity_to_fighter_history,76.0,79.0,Orthodox,boutmetrics,boutmetrics,True,https://www.ufc.com/athlete/ozzy-diaz,0,0,0,0,,0,0,0,,,0,,,False,unmatched,0,,,,,,,,,,,,,,False,0,0.0,0.0,,0.0,,0.0,0.0,0.0,,0.0,,0.0,0.0,0.0,0.0,74.0,75.0,Orthodox,boutmetrics,boutmetrics,False,,3,2,1,0,0.6666666666666666,2,0,0,1.0,0.5,1,0.5,886.0,True,base_exact,3,1511.1664790648608,1495.040475336673,1501.8119621832764,1517.3268121156948,0.0,0.0,0.0,0.0,0.4652699610358703,0.1550899870119567,1495.040475336673,1495.040475336673,886.0,True,1,12.0,25.0,0.48,16.0,0.2380952380952381,-4.0,1.0,1.0,1.0,1.0,0.0,92.0,89.0,0.0,0.0,5.820790296857567,2.0,4.0,-3.0,,,,,,4.0,,,,,,,,,,,,,,,,,,,,,,,,,,,,,,,,,
6,DWCS 6.2,2022-08-02,Charlie Campbell,Chris Duncan,Chris Duncan,discovery,True,27.08337611313032,29.229895206609307,1995-07-03,1993-05-10,2.146519093478986,-160.0,-180.0,140.0,170.0,BestFightOdds_historical,https://www.bestfightodds.com/events/dwcs-week-2-2602,event_identity_to_fighter_history,72.0,72.0,Orthodox,boutmetrics,boutmetrics,True,https://www.ufc.com/athlete/charlie-campbell,3,3,0,0,1.0,2,0,1,0.6666666666666666,0.0,2,0.8095238095238096,508.0,True,base_exact,3,1537.2242993734608,1524.636783007204,1523.585699413623,1531.7083941173069,0.0,0.0,0.0,0.0,1.551012473894202,0.517004157964734,1524.636783007204,1524.636783007204,508.0,True,0,0.0,0.0,,0.0,,0.0,0.0,0.0,,0.0,,0.0,0.0,0.0,0.0,70.0,71.0,Orthodox,boutmetrics,boutmetrics,False,,10,9,1,0,0.9,7,1,1,0.8888888888888888,0.3333333333333333,5,0.3932385075242218,178.0,True,base_exact,10,1580.6520334392585,1501.6953311391335,1500.0,1553.939538802398,1.0,0.0,1.0,0.0,3.3605013933024472,0.3360501393302447,1507.0656764809662,1498.823035386094,178.0,True,1,36.0,79.0,0.4556962025316455,41.0,0.3278688524590164,-5.0,2.0,3.0,0.6666666666666666,0.0,,79.0,77.0,0.0,0.0,-2.146519093478986,2.0,1.0,-7.0,0.09999999999999998,-0.2222222222222222,0.41628530199958785,-43.42773406579772,22.941451868070544,5.0,,,,,,,,,,,,,,,,,,,,,,,,,,,,,,,,,
6,DWCS 6.2,2022-08-02,Francis Marshall,Connor Matthews,Francis Marshall,discovery,True,23.417318630772705,30.171735217013357,1999-03-03,1992-05-31,6.7544165862406516,,,120.0,180.0,BestFightOdds_historical,,,69.0,72.0,Orthodox,boutmetrics,boutmetrics,True,https://www.ufc.com/athlete/francis-marshall,1,1,0,0,1.0,0,1,0,1.0,0.0,1,0.5714285714285714,165.0,True,base_exact,1,1512.500246690524,1514.492023911746,1514.492023911746,1514.492023911746,0.0,0.0,0.0,0.0,0.5208436121051713,0.5208436121051713,1514.492023911746,1514.492023911746,165.0,True,0,0.0,0.0,,0.0,,0.0,0.0,0.0,,0.0,,0.0,0.0,0.0,0.0,68.0,71.0,Switch,boutmetrics,boutmetrics,True,https://www.ufc.com/athlete/connor-matthews,5,5,0,0,1.0,1,4,0,1.0,1.0,2,0.0113636363636363,151.0,True,base_exact,5,1549.9899798471,1460.0479236773826,1488.0,1500.0,0.0,0.0,0.0,0.0,2.0829158269625143,0.4165831653925028,1444.3375796956211,1460.0479236773826,151.0,True,0,0.0,0.0,,0.0,,0.0,0.0,0.0,,0.0,,0.0,0.0,0.0,0.0,-6.7544165862406516,1.0,1.0,-4.0,0.0,0.0,0.560064935064935,-37.489733156575994,54.444100234363304,0.0,,,,,,,,,,,,,,,,,,,,,,,,,,,,,,,,,
6,DWCS 6.2,2022-08-02,Shimon Smotritsky,Bill Ray Goff,Bill Ray Goff,discovery,True,21.94432466101289,,2000-08-22,,,125.0,135.0,-145.0,-129.0,BestFightOdds_historical,https://www.bestfightodds.com/events/dwcs-week-2-2602,alias_aware_event_identity,74.0,74.0,Orthodox,boutmetrics,boutmetrics,True,https://www.ufc.com/athlete/shimon-smotritsky,2,1,1,0,0.5,1,0,0,1.0,1.0,2,0.6666666666666666,301.0,True,base_exact,2,1501.4617721032116,1527.2669295525134,1527.2669295525134,1554.5338591050263,1.0,0.0,0.0,0.0,0.0609071709671502,0.0304535854835751,1527.2669295525134,1527.2669295525134,301.0,True,1,0.0,6.0,0.0,1.0,0.8333333333333334,-1.0,1.0,1.0,1.0,0.0,,10.0,10.0,0.0,0.0,,,,,,,,11,9,2,0,0.8181818181818182,6,0,3,0.6666666666666666,0.2222222222222222,4,0.6780952380952382,123.0,True,recovered_event_opponent_alias,11,1575.1249718269237,1506.4744512567888,1500.0,1603.8838019600146,1.0,1.0,0.0,0.0,3.130207159455136,0.2845642872231942,1503.4798853864747,1495.7841722556573,123.0,True,0,0.0,0.0,,0.0,,0.0,0.0,0.0,,0.0,,0.0,0.0,0.0,0.0,,,,-9.0,-0.31818181818181823,0.33333333333333337,-0.011428571428571566,-73.66319972371207,20.79247829572455,-1.0,,,,,,,,,,,,,,,,,,,,,,,,,,,,,,,,,
6,DWCS 6.2,2022-08-02,Vinicius Salvador,Shannon Ross,Vinicius Salvador,discovery,True,26.02380610142577,33.224501529805536,1996-07-24,1989-05-12,7.200695428379767,-175.0,230.0,150.0,-255.0,BestFightOdds_historical,https://www.bestfightodds.com/events/dwcs-week-2-2602,event_identity_to_fighter_history,67.0,70.0,Southpaw,boutmetrics,boutmetrics,True,https://www.ufc.com/athlete/vinicius-salvador,18,13,5,0,0.7222222222222222,12,1,0,1.0,0.6923076923076923,8,0.5942985585842727,108.0,True,base_exact,18,1583.7774361293111,1527.2304464366623,1519.3179204542537,1595.2831935703025,6.0,0.0,3.0,0.0,3.490726505387957,0.1939292502993309,1522.4864374787628,1532.5485012013182,108.0,True,0,0.0,0.0,,0.0,,0.0,0.0,0.0,,0.0,,0.0,0.0,0.0,0.0,66.0,66.0,Switch,boutmetrics,boutmetrics,True,https://www.ufc.com/athlete/shannon-ross,19,14,5,0,0.7368421052631579,7,1,6,0.5714285714285714,0.2857142857142857,7,0.6326530612244898,613.0,True,base_exact,19,1590.9572358898392,1512.7124903588367,1500.0,1556.9398689526995,1.0,0.0,1.0,0.0,3.789884828743282,0.1994676225654359,1525.3063945295971,1535.5977527815928,613.0,True,0,0.0,0.0,,0.0,,0.0,0.0,0.0,,0.0,,0.0,0.0,0.0,0.0,-7.200695428379767,1.0,4.0,-1.0,-0.014619883040935644,0.4285714285714286,-0.038354502640217114,-7.1797997605281125,14.517956077825602,0.0,,,,,,,,,,,,,,,,,,,,,,,,,,,,,,,,,
6,DWCS 6.2,2022-08-02,Waldo Cortes Acosta,Danilo Suzart,Waldo Cortes Acosta,discovery,True,30.831570805697584,30.661820571264297,1991-10-03,1991-12-04,0.16975023443328752,-350.0,-435.0,285.0,400.0,BestFightOdds_historical,https://www.bestfightodds.com/events/dwcs-week-2-2602,event_identity_to_fighter_history,76.0,78.0,Orthodox,boutmetrics,boutmetrics,True,https://www.ufc.com/athlete/waldo-cortes-acosta,9,9,0,0,1.0,5,1,3,0.6666666666666666,0.1111111111111111,4,0.640625,109.0,True,base_exact,9,1605.9970859996056,1540.8241219733857,1534.384775209128,1634.2830182294883,3.0,2.0,3.0,2.0,4.416545249983572,0.4907272499981746,1575.1867868545844,1548.0149367161328,109.0,True,0,0.0,0.0,,0.0,,0.0,0.0,0.0,,0.0,,0.0,0.0,0.0,0.0,72.0,,Orthodox,boutmetrics,,True,https://www.ufc.com/athlete/danilo-suzart,1,0,1,0,0.0,0,0,0,,,1,0.6,472.0,True,base_exact,1,1488.795762093338,1523.0735339676182,1523.0735339676182,1523.0735339676182,0.0,0.0,0.0,0.0,-0.4668432461109132,-0.4668432461109132,1523.0735339676182,1523.0735339676182,472.0,True,0,0.0,0.0,,0.0,,0.0,0.0,0.0,,0.0,,0.0,0.0,0.0,0.0,0.16975023443328752,4.0,,8.0,1.0,,0.04062500000000002,117.20132390626759,17.75058800576744,0.0,,,,,,,,,,,,,,,,,,,,,,,,,,,,,,,,,
6,DWCS 6.4,2022-08-16,Hailey Cowan,Claudia Leite,Hailey Cowan,discovery,True,30.50849777887294,25.78013237780379,1992-02-12,1996-11-04,4.728365401069151,-155.0,119.0,135.0,-120.0,BestFightOdds_historical,https://www.bestfightodds.com/events/dwcs-week-4-2618,event_identity_to_fighter_history,68.0,67.0,Southpaw,boutmetrics,boutmetrics,False,,17,13,4,0,0.7647058823529411,6,3,4,0.6923076923076923,0.1538461538461538,2,0.5666666666666667,216.0,True,base_exact,17,1580.7326973305376,1498.4962991594523,1500.0,1515.3914136730227,0.0,0.0,0.0,0.0,3.3638623887723966,0.1978742581630821,1505.130471224341,1506.4024885749193,216.0,True,0,0.0,0.0,,0.0,,0.0,0.0,0.0,,0.0,,0.0,0.0,0.0,0.0,63.0,64.0,Orthodox,boutmetrics,boutmetrics,False,,2,2,0,0,1.0,0,1,0,0.5,0.0,2,0.4791666666666666,299.0,True,base_exact,2,1523.4576369837432,1497.7322910374464,1497.7322910374464,1518.638953371949,0.0,0.0,0.0,0.0,0.9774015409893037,0.4887007704946517,1497.7322910374464,1497.7322910374464,299.0,True,0,0.0,0.0,,0.0,,0.0,0.0,0.0,,0.0,,0.0,0.0,0.0,0.0,4.728365401069151,5.0,3.0,15.0,-0.23529411764705888,0.1923076923076923,0.08750000000000008,57.27506034679436,0.7640081220058619,0.0,,,,,,,,,,,,,,,,,,,,,,,,,,,,,,,,,
6,DWCS 6.4,2022-08-16,Ivan Valenzuela,Claudio Ribeiro,Claudio Ribeiro,discovery,True,29.744621723923142,30.08138428578273,1992-11-17,1992-07-17,0.33676256185958664,-190.0,-108.0,165.0,100.0,BestFightOdds_historical,https://www.bestfightodds.com/events/dwcs-week-4-2618,event_identity_to_fighter_history,74.0,77.0,Orthodox,boutmetrics,boutmetrics,False,,0,0,0,0,,0,0,0,,,0,,,False,unmatched,0,,,,,,,,,,,,,,False,0,0.0,0.0,,0.0,,0.0,0.0,0.0,,0.0,,0.0,0.0,0.0,0.0,73.0,77.0,Orthodox,boutmetrics,boutmetrics,True,https://www.ufc.com/athlete/claudio-ribeiro,5,3,2,0,0.6,3,0,0,1.0,0.6666666666666666,4,0.6328605200945626,326.0,True,base_exact,5,1519.0481931438153,1535.499024796071,1530.1137324388635,1576.4385420477076,1.0,0.0,0.0,0.0,0.7936747143256345,0.1587349428651269,1523.7615936757463,1535.499024796071,326.0,True,0,0.0,0.0,,0.0,,0.0,0.0,0.0,,0.0,,0.0,0.0,0.0,0.0,-0.33676256185958664,1.0,0.0,-5.0,,,,,,0.0,,,,,,,,,,,,,,,,,,,,,,,,,,,,,,,,,
6,DWCS 6.4,2022-08-16,Jack Cartwright,Jose Johnson,Jose Johnson,discovery,True,28.225083335044523,27.24217471953565,1994-05-26,1995-05-20,0.9829086155088724,-400.0,-108.0,330.0,111.0,BestFightOdds_historical,https://www.bestfightodds.com/events/dwcs-week-4-2618,event_identity_to_fighter_history,69.0,68.0,Orthodox,boutmetrics,boutmetrics,True,https://www.ufc.com/athlete/jack-cartwright,16,16,0,0,1.0,5,6,3,0.6875,0.6875,7,0.7199675324675324,515.0,True,base_exact,16,1669.751275980262,1542.502243085661,1542.5915149225102,1602.5113875815855,8.0,1.0,8.0,1.0,7.072969832510911,0.4420606145319319,1566.884266031465,1562.5622724225325,515.0,True,0,0.0,0.0,,0.0,,0.0,0.0,0.0,,0.0,,0.0,0.0,0.0,0.0,72.0,71.0,Orthodox,boutmetrics,boutmetrics,False,,23,15,8,0,0.6521739130434783,8,3,4,0.7333333333333333,0.6,9,0.6230914556458036,186.0,True,base_exact,23,1582.9476020878622,1525.5883806628651,1523.585699413623,1590.221576607709,5.0,0.0,3.0,0.0,3.4561500869942297,0.1502673950867056,1561.750584332264,1549.0642391473634,186.0,True,1,15.0,32.0,0.46875,28.0,0.5172413793103448,-13.0,0.0,1.0,0.0,12.0,0.2941176470588235,76.0,-529.0,0.0,0.0,0.9829086155088724,-3.0,-3.0,-7.0,0.34782608695652173,-0.04583333333333328,0.09687607682172883,86.80367389239996,16.913862422795773,13.0,,,,,,,,,,,,,,,,,,,,,,,,,,,,,,,,,
6,DWCS 6.4,2022-08-16,Nazim Sadykhov,Ahmad Hassanzada,Nazim Sadykhov,discovery,True,28.25246240511441,25.73632586569197,1994-05-16,1996-11-20,2.5161365394224404,-150.0,-164.0,130.0,160.0,BestFightOdds_historical,https://www.bestfightodds.com/events/dwcs-week-4-2618,event_identity_to_fighter_history,70.0,69.0,Southpaw,boutmetrics,boutmetrics,False,,1,1,0,0,1.0,0,0,1,0.0,0.0,1,0.6,927.0,True,base_exact,1,1512.438049244983,1512.688462665907,1512.688462665907,1512.688462665907,0.0,0.0,0.0,0.0,0.5182520518742879,0.5182520518742879,1512.688462665907,1512.688462665907,927.0,True,0,0.0,0.0,,0.0,,0.0,0.0,0.0,,0.0,,0.0,0.0,0.0,0.0,73.0,75.0,Orthodox,boutmetrics,boutmetrics,True,https://www.ufc.com/athlete/ahmad-hassanzada,0,0,0,0,,0,0,0,,,0,,,False,unmatched,0,,,,,,,,,,,,,,False,0,0.0,0.0,,0.0,,0.0,0.0,0.0,,0.0,,0.0,0.0,0.0,0.0,2.5161365394224404,-3.0,-6.0,1.0,,,,,,0.0,,,,,,,,,,,,,,,,,,,,,,,,,,,,,,,,,
6,DWCS 6.4,2022-08-16,Thomas Paull,Esteban Ribovics,Esteban Ribovics,discovery,True,27.83630054005216,26.303072616138596,1994-10-15,1996-04-27,1.5332279239135644,210.0,240.0,-250.0,-250.0,BestFightOdds_historical,https://www.bestfightodds.com/events/dwcs-week-4-2618,event_identity_to_fighter_history,67.0,67.0,Orthodox,boutmetrics,boutmetrics,False,,14,11,3,0,0.7857142857142857,11,0,0,1.0,0.7272727272727273,7,0.5694444444444444,164.0,True,base_exact,14,1580.8329638654495,1506.8530166762546,1500.0,1555.164002253162,1.0,0.0,1.0,0.0,3.3680401610604074,0.2405742972186005,1512.4120431424203,1513.3124431502006,164.0,True,0,0.0,0.0,,0.0,,0.0,0.0,0.0,,0.0,,0.0,0.0,0.0,0.0,70.0,69.0,Orthodox,boutmetrics,boutmetrics,True,https://www.ufc.com/athlete/esteban-ribovics,10,10,0,0,1.0,5,5,0,1.0,0.5,7,0.5201149425287356,185.0,True,base_exact,10,1606.5805324760684,1510.2474108389192,1500.0,1614.3608944693474,1.0,1.0,1.0,1.0,4.440855519836182,0.4440855519836182,1533.6028361530473,1522.8011016305095,185.0,True,0,0.0,0.0,,0.0,,0.0,0.0,0.0,,0.0,,0.0,0.0,0.0,0.0,1.5332279239135644,-3.0,-2.0,4.0,-0.2142857142857143,0.0,0.04932950191570884,-25.747568610618828,-3.3943941626646392,0.0,,,,,,,,,,,,,,,,,,,,,,,,,,,,,,,,,
6,DWCS 6.5,2022-08-23,Amiran Gogoladze,Darrius Flowers,Darrius Flowers,discovery,True,24.704134924057303,27.99509914645749,1997-12-09,1994-08-25,3.290964222400188,-225.0,-270.0,185.0,260.0,BestFightOdds_historical,https://www.bestfightodds.com/events/dwcs-week-5-2623,event_identity_to_fighter_history,73.0,74.0,Switch,boutmetrics,boutmetrics,True,https://www.ufc.com/athlete/amiran-gogoladze,14,12,2,0,0.8571428571428571,6,4,2,0.8333333333333334,0.75,8,0.5416221033868093,73.0,True,base_exact,14,1606.7030384053617,1523.505796642045,1500.0,1634.304777400334,2.0,2.0,1.0,1.0,4.445959933556738,0.3175685666826241,1507.3185476391752,1558.0875154228677,73.0,True,0,0.0,0.0,,0.0,,0.0,0.0,0.0,,0.0,,0.0,0.0,0.0,0.0,69.0,71.0,Orthodox,boutmetrics,boutmetrics,False,,10,7,3,0,0.7,6,0,1,0.8571428571428571,0.8571428571428571,3,0.6723809523809525,109.0,True,base_exact,10,1558.589563258647,1543.430856062516,1542.9726306718717,1564.379070807845,4.0,0.0,2.0,0.0,2.4412318024436384,0.2441231802443638,1538.7204317818805,1546.138526812704,109.0,True,0,0.0,0.0,,0.0,,0.0,0.0,0.0,,0.0,,0.0,0.0,0.0,0.0,-3.290964222400188,4.0,3.0,4.0,0.15714285714285714,-0.023809523809523725,-0.13075884899414325,48.11347514671456,-19.925059420471143,0.0,,,,,,,,,,,,,,,,,,,,,,,,,,,,,,,,,
6,DWCS 6.5,2022-08-23,Erisson Ferreira,Jesus Aguilar,Jesus Aguilar,discovery,True,31.307966624913583,26.445443780502,1991-05-03,1996-03-13,4.862522844411583,-500.0,-300.0,,,BestFightOdds_historical,,,66.0,70.0,Orthodox,boutmetrics,boutmetrics,True,https://www.ufc.com/athlete/erisson-ferreira-da-silva,14,12,2,0,0.8571428571428571,11,0,1,0.9166666666666666,0.5833333333333334,11,0.4618751848565513,294.0,True,base_exact,14,1604.963884828367,1513.1236110264351,1500.0,1552.9161860779088,1.0,0.0,0.0,0.0,4.373495201181978,0.3123925143701412,1541.6008154236604,1524.960489254196,294.0,True,1,33.0,103.0,0.3203883495145631,50.0,0.5726495726495726,-17.0,1.0,1.0,1.0,2.0,0.7142857142857143,158.0,-24.0,0.0,1.0,64.0,62.0,Orthodox,boutmetrics,boutmetrics,True,https://www.ufc.com/athlete/jesus-aguilar,2,1,1,0,0.5,0,1,0,1.0,0.0,2,0.75,718.0,True,recovered_event_opponent_alias,2,1501.774526584922,1519.878651523801,1519.878651523801,1539.757303047602,0.0,0.0,0.0,0.0,0.0739386077050882,0.0369693038525441,1519.878651523801,1519.878651523801,718.0,True,0,0.0,0.0,,0.0,,0.0,0.0,0.0,,0.0,,0.0,0.0,0.0,0.0,4.862522844411583,2.0,8.0,12.0,0.3571428571428571,-0.08333333333333337,-0.2881248151434487,103.18935824344521,-6.755040497365826,-17.0,,,,,,,,,,,,,,,,,,,,,,,,,,,,,,,,,
6,DWCS 6.5,2022-08-23,Joshua Wang-Kim,Cameron Saaiman,Cameron Saaiman,discovery,True,29.766524979979053,21.673271867321027,1992-11-16,2000-12-20,8.093253112658026,,,-301.0,220.0,BestFightOdds_historical,https://www.bestfightodds.com/events/dwcs-week-5-2623,event_identity_to_fighter_history,69.0,71.0,Switch,boutmetrics,boutmetrics,False,,0,0,0,0,,0,0,0,,,0,,,False,unmatched,0,,,,,,,,,,,,,,False,0,0.0,0.0,,0.0,,0.0,0.0,0.0,,0.0,,0.0,0.0,0.0,0.0,68.0,67.0,Southpaw,boutmetrics,boutmetrics,True,https://www.ufc.com/athlete/cameron-saaiman,0,0,0,0,,0,0,0,,,0,,,False,unmatched,0,,,,,,,,,,,,,,False,0,0.0,0.0,,0.0,,0.0,0.0,0.0,,0.0,,0.0,0.0,0.0,0.0,8.093253112658026,1.0,4.0,0.0,,,,,,0.0,,,,,,,,,,,,,,,,,,,,,,,,,,,,,,,,,
6,DWCS 6.5,2022-08-23,Mick Parkin,Eduardo Neves,Mick Parkin,discovery,True,26.89172262264112,22.43714792227082,1995-10-02,2000-03-16,4.454574700370298,120.0,170.0,-150.0,-175.0,BestFightOdds_historical,https://www.bestfightodds.com/events/dwcs-week-5-2623,alias_aware_event_identity,76.0,79.0,Orthodox,boutmetrics,boutmetrics,False,,5,5,0,0,1.0,5,0,0,1.0,0.6,4,0.2799999999999999,94.0,True,base_exact,5,1547.5739464537503,1443.207170503784,1463.8562719096406,1502.313124505756,0.0,0.0,0.0,0.0,1.982247768906264,0.3964495537812528,1484.8794978500557,1443.207170503784,94.0,True,0,0.0,0.0,,0.0,,0.0,0.0,0.0,,0.0,,0.0,0.0,0.0,0.0,74.0,78.0,Orthodox,boutmetrics,boutmetrics,True,https://www.ufc.com/athlete/eduardo-neves,8,8,0,0,1.0,8,0,0,1.0,0.625,3,0.6666666666666666,165.0,True,base_exact,8,1587.6652143040133,1508.497906307037,1500.0,1556.8884268418703,1.0,0.0,1.0,0.0,3.6527172626672177,0.4565896578334022,1530.5325230965557,1518.319513857933,165.0,True,0,0.0,0.0,,0.0,,0.0,0.0,0.0,,0.0,,0.0,0.0,0.0,0.0,4.454574700370298,2.0,1.0,-3.0,0.0,0.0,-0.3866666666666667,-40.091267850262966,-65.29073580325303,0.0,,,,,,,,,,,,,,,,,,,,,,,,,,,,,,,,,
6,DWCS 6.5,2022-08-23,Rayanne dos Santos,Denise Gomes,Denise Gomes,discovery,True,27.209319835451787,22.64796676180893,1995-06-08,1999-12-30,4.561353073642856,,,,,,,,62.0,62.0,Orthodox,boutmetrics,boutmetrics,True,https://www.ufc.com/athlete/rayanne-dos-santos,4,2,2,0,0.5,1,0,1,0.5,0.0,4,0.7913461538461539,444.0,True,base_exact,4,1502.4544761124569,1524.7430463179944,1525.5258572826635,1535.9204707066506,0.0,0.0,0.0,0.0,0.1022698380190306,0.0255674595047576,1528.9907284239926,1524.7430463179944,444.0,True,0,0.0,0.0,,0.0,,0.0,0.0,0.0,,0.0,,0.0,0.0,0.0,0.0,62.0,63.0,Orthodox,boutmetrics,boutmetrics,True,https://www.ufc.com/athlete/denise-gomes,0,0,0,0,,0,0,0,,,0,,,False,unmatched,0,,,,,,,,,,,,,,False,0,0.0,0.0,,0.0,,0.0,0.0,0.0,,0.0,,0.0,0.0,0.0,0.0,4.561353073642856,0.0,-1.0,4.0,,,,,,0.0,,,,,,,,,,,,,,,,,,,,,,,,,,,,,,,,,
6,DWCS 6.6,2022-08-30,Blake Bilder,Alexander Morgan,Blake Bilder,discovery,True,32.13481454102411,31.29701499688563,1990-07-12,1991-05-14,0.837799544138484,125.0,175.0,-145.0,-188.0,BestFightOdds_historical,https://www.bestfightodds.com/events/dwcs-week-6-2630,alias_aware_event_identity,68.0,68.0,Switch,boutmetrics,boutmetrics,False,,2,2,0,0,1.0,1,1,0,1.0,0.0,1,0.6770833333333333,137.0,True,base_exact,2,1526.853460343047,1548.6016935695184,1548.6016935695184,1558.4543034763135,1.0,0.0,1.0,0.0,1.1188941809602784,0.5594470904801392,1548.6016935695184,1548.6016935695184,137.0,True,0,0.0,0.0,,0.0,,0.0,0.0,0.0,,0.0,,0.0,0.0,0.0,0.0,70.0,71.0,Orthodox,boutmetrics,boutmetrics,False,,15,11,4,0,0.7333333333333333,6,0,5,0.5454545454545454,0.1818181818181818,7,0.5906746031746031,284.0,True,recovered_event_opponent_alias,15,1573.9479294289922,1509.4787910424354,1500.0,1552.8149487579203,1.0,0.0,1.0,0.0,3.081163726208016,0.2054109150805344,1526.170038879243,1518.9067461380405,284.0,True,0,0.0,0.0,,0.0,,0.0,0.0,0.0,,0.0,,0.0,0.0,0.0,0.0,0.837799544138484,-2.0,-3.0,-13.0,0.2666666666666667,0.4545454545454546,0.08640873015873018,-47.09446908594532,39.12290252708294,0.0,,,,,,,,,,,,,,,,,,,,,,,,,,,,,,,,,
6,DWCS 6.6,2022-08-30,Maria Silva,Viktoriia Dudakova,Viktoriia Dudakova,discovery,True,26.697331225144936,23.59254467921997,1995-12-19,1999-01-26,3.1047865459249664,-180.0,-290.0,,,BestFightOdds_historical,https://www.bestfightodds.com/events/dwcs-week-6-2630,event_identity_to_fighter_history,63.0,64.0,Orthodox,boutmetrics,boutmetrics,False,,2,2,0,0,1.0,0,1,1,0.5,0.0,2,1.0,173.0,True,base_exact,2,1527.131447699197,1552.235582936839,1552.235582936839,1592.471165873678,1.0,0.0,1.0,0.0,1.130476987466543,0.5652384937332715,1552.235582936839,1552.235582936839,173.0,True,1,64.0,113.0,0.5663716814159292,15.0,0.7692307692307692,49.0,3.0,3.0,1.0,0.0,1.0,593.0,525.0,0.0,1.0,65.0,67.0,Orthodox,boutmetrics,boutmetrics,True,https://www.ufc.com/athlete/viktoriia-dudakova,0,0,0,0,,0,0,0,,,0,,,False,unmatched,0,,,,,,,,,,,,,,False,0,0.0,0.0,,0.0,,0.0,0.0,0.0,,0.0,,0.0,0.0,0.0,0.0,3.1047865459249664,-2.0,-3.0,2.0,,,,,,49.0,,,,,,,,,,,,,,,,,,,,,,,,,,,,,,,,,
6,DWCS 6.6,2022-08-30,Rodrigo Lidio,Mateusz Rebecki,Mateusz Rebecki,discovery,True,33.14784013360986,29.821283120118824,1989-07-07,1992-11-03,3.326557013491037,195.0,250.0,-230.0,-250.0,BestFightOdds_historical,https://www.bestfightodds.com/events/dwcs-week-6-2630,event_identity_to_fighter_history,71.0,73.0,Orthodox,boutmetrics,boutmetrics,True,https://www.ufc.com/athlete/rodrigo-lidio,15,13,2,0,0.8666666666666667,11,2,0,1.0,0.5384615384615384,7,0.6122619047619048,410.0,True,base_exact,15,1617.3071314586932,1519.1917726719569,1500.0,1621.2318937973942,4.0,2.0,3.0,1.0,4.887797144112217,0.3258531429408144,1571.3691322526302,1542.809873554927,410.0,True,0,0.0,0.0,,0.0,,0.0,0.0,0.0,,0.0,,0.0,0.0,0.0,0.0,67.0,66.0,Southpaw,boutmetrics,boutmetrics,False,,8,7,1,0,0.875,5,1,1,0.8571428571428571,0.4285714285714285,4,0.7525604741170779,276.0,True,base_exact,8,1583.5193047273326,1572.0290057205373,1577.4716457126683,1622.51745948944,6.0,2.0,6.0,2.0,3.4799710303055287,0.4349963787881911,1578.0002554865116,1583.1003002152988,276.0,True,0,0.0,0.0,,0.0,,0.0,0.0,0.0,,0.0,,0.0,0.0,0.0,0.0,3.326557013491037,4.0,7.0,7.0,-0.008333333333333304,0.1428571428571429,-0.14029856935517315,33.78782673136061,-52.8372330485804,0.0,,,,,,,,,,,,,,,,,,,,,,,,,,,,,,,,,
6,DWCS 6.6,2022-08-30,Sedriques Dumas,Matej Penaz,Sedriques Dumas,discovery,True,27.066948671088387,25.875959123048386,1995-08-06,1996-10-14,1.190989548040001,120.0,155.0,-140.0,-163.0,BestFightOdds_historical,https://www.bestfightodds.com/events/dwcs-week-6-2630,event_identity_to_fighter_history,74.0,79.0,Orthodox,boutmetrics,boutmetrics,True,https://www.ufc.com/athlete/sedriques-dumas,0,0,0,0,,0,0,0,,,0,,,False,alias_no_prior_history,0,,,,,,,,,,,,,,False,0,0.0,0.0,,0.0,,0.0,0.0,0.0,,0.0,,0.0,0.0,0.0,0.0,75.0,83.0,Southpaw,boutmetrics,boutmetrics,False,,12,12,0,0,1.0,10,0,2,0.8333333333333334,0.6666666666666666,1,0.509920634920635,143.0,True,base_exact,12,1621.6264593990145,1503.3922369418133,1503.9035910151024,1549.7287465741122,0.0,0.0,0.0,0.0,5.0677691416256,0.4223140951354667,1519.9326551360828,1516.8133080414823,143.0,True,0,0.0,0.0,,0.0,,0.0,0.0,0.0,,0.0,,0.0,0.0,0.0,0.0,1.190989548040001,-1.0,-4.0,-12.0,,,,,,0.0,,,,,,,,,,,,,,,,,,,,,,,,,,,,,,,,,
6,DWCS 6.6,2022-08-30,Yusaku Kinoshita,Jose Souza,Yusaku Kinoshita,discovery,True,22.02372396421556,,2000-08-21,,,-140.0,-185.0,120.0,175.0,BestFightOdds_historical,https://www.bestfightodds.com/events/dwcs-week-6-2630,alias_aware_event_identity,72.0,71.0,Southpaw,boutmetrics,boutmetrics,True,https://www.ufc.com/athlete/yusaku-kinoshita,2,0,2,0,0.0,0,0,0,,,1,0.6896551724137931,275.0,True,base_exact,2,1483.4970447147289,1608.090026901311,1608.090026901311,1612.3484603727975,2.0,2.0,0.0,0.0,-0.6876231368862901,-0.343811568443145,1608.090026901311,1608.090026901311,275.0,True,0,0.0,0.0,,0.0,,0.0,0.0,0.0,,0.0,,0.0,0.0,0.0,0.0,,,,,,,,6,6,0,0,1.0,4,0,2,0.6666666666666666,0.3333333333333333,5,0.5625,109.0,True,recovered_event_opponent_alias,6,1568.6162129381655,1512.680385361659,1504.8344018078265,1539.089212547149,0.0,0.0,0.0,0.0,2.859008872423577,0.4765014787372628,1522.1378361847674,1515.216462433991,109.0,True,0,0.0,0.0,,0.0,,0.0,0.0,0.0,,0.0,,0.0,0.0,0.0,0.0,,,,-4.0,-1.0,,0.12715517241379315,-85.11916822343665,95.40964153965183,0.0,,,,,,,,,,,,,,,,,,,,,,,,,,,,,,,,,
6,DWCS 6.7,2022-09-06,Gabriel Bonfim,Trey Waters,Gabriel Bonfim,discovery,True,25.046373299930867,27.5406065832974,1997-08-20,1995-02-21,2.4942332833665333,-185.0,-410.0,160.0,450.0,BestFightOdds_historical,https://www.bestfightodds.com/events/dwcs-week-7-2638,event_identity_to_fighter_history,73.0,72.0,Orthodox,boutmetrics,boutmetrics,False,,14,14,0,0,1.0,4,10,0,1.0,0.4285714285714285,10,0.4666666666666666,179.0,True,base_exact,14,1641.4570664181315,1511.9210039903735,1500.0,1588.5941796740285,2.0,0.0,2.0,0.0,5.894044434088827,0.4210031738634877,1550.0347169156928,1543.4710083724617,179.0,True,0,0.0,0.0,,0.0,,0.0,0.0,0.0,,0.0,,0.0,0.0,0.0,0.0,77.0,77.0,Orthodox,boutmetrics,boutmetrics,True,https://www.ufc.com/athlete/trey-waters,7,7,0,0,1.0,3,3,1,0.8571428571428571,0.2857142857142857,3,0.5,95.0,True,base_exact,7,1577.72747593329,1507.8021400065372,1500.0,1544.319965209461,0.0,0.0,0.0,0.0,3.238644830553742,0.4626635472219632,1525.6728259704253,1510.922996009152,95.0,True,0,0.0,0.0,,0.0,,0.0,0.0,0.0,,0.0,,0.0,0.0,0.0,0.0,-2.4942332833665333,-4.0,-5.0,7.0,0.0,0.1428571428571429,-0.03333333333333338,63.72959048484154,4.118863983836263,0.0,,,,,,,,,,,,,,,,,,,,,,,,,,,,,,,,,
6,DWCS 6.7,2022-09-06,Ismael Bonfim,Nariman Abbasov,Ismael Bonfim,discovery,True,26.69185541113096,28.59470078098797,1995-12-28,1994-02-01,1.9028453698570118,170.0,104.0,-200.0,-115.0,BestFightOdds_historical,https://www.bestfightodds.com/events/dwcs-week-7-2638,event_identity_to_fighter_history,68.0,71.0,Orthodox,boutmetrics,boutmetrics,True,https://www.ufc.com/athlete/ismael-bonfim,27,23,4,0,0.8518518518518519,10,5,8,0.6521739130434783,0.2608695652173913,12,0.6126560637430202,179.0,True,base_exact,27,1693.9975594048271,1540.6861143657404,1522.363089941504,1665.1811427639589,10.0,5.0,8.0,3.0,8.083231641867819,0.2993789496988081,1608.7057986609934,1601.8238692990117,179.0,True,0,0.0,0.0,,0.0,,0.0,0.0,0.0,,0.0,,0.0,0.0,0.0,0.0,68.0,66.0,Orthodox,boutmetrics,boutmetrics,True,https://www.ufc.com/athlete/nariman-abbassov,8,6,2,0,0.75,1,1,4,0.3333333333333333,0.3333333333333333,5,0.6641780648429585,1619.0,True,base_exact,8,1557.5301182321075,1544.511670657652,1534.734067957204,1681.066907791997,2.0,1.0,2.0,1.0,2.397088259671148,0.2996360324588935,1526.5479778740846,1552.239135663672,1619.0,True,0,0.0,0.0,,0.0,,0.0,0.0,0.0,,0.0,,0.0,0.0,0.0,0.0,-1.9028453698570118,0.0,5.0,19.0,0.10185185185185186,0.31884057971014496,-0.05152200109993832,136.46744117271965,-3.825556291911653,0.0,,,,,,,,,,,,,,,,,,,,,,,,,,,,,,,,,
6,DWCS 6.7,2022-09-06,Jimmy Lawson,Karl Williams,Karl Williams,discovery,True,30.81514336365565,32.66596850037988,1991-11-13,1990-01-06,1.8508251367242323,-300.0,-220.0,240.0,200.0,BestFightOdds_historical,https://www.bestfightodds.com/events/dwcs-week-7-2638,event_identity_to_fighter_history,72.0,77.0,Orthodox,boutmetrics,boutmetrics,True,https://www.ufc.com/athlete/jimmy-lawson,3,2,1,0,0.6666666666666666,2,0,0,1.0,1.0,2,0.5,375.0,True,base_exact,3,1513.05234464592,1506.5496268027284,1503.022082513451,1514.77304821467,0.0,0.0,0.0,0.0,0.5438476935799933,0.1812825645266644,1506.5496268027284,1506.5496268027284,375.0,True,0,0.0,0.0,,0.0,,0.0,0.0,0.0,,0.0,,0.0,0.0,0.0,0.0,75.0,79.0,Orthodox,boutmetrics,boutmetrics,True,https://www.ufc.com/athlete/karl-williams,4,3,1,0,0.75,1,0,2,0.3333333333333333,0.3333333333333333,4,0.6149296675191815,45.0,True,base_exact,4,1527.1159324080206,1526.212936240888,1514.6757801752806,1598.7765325991584,1.0,0.0,0.0,0.0,1.1298305170008576,0.2824576292502144,1502.0250707881314,1526.212936240888,45.0,True,0,0.0,0.0,,0.0,,0.0,0.0,0.0,,0.0,,0.0,0.0,0.0,0.0,-1.8508251367242323,-3.0,-2.0,-1.0,-0.08333333333333337,0.6666666666666667,-0.11492966751918154,-14.063587762100724,-19.66330943815956,0.0,,,,,,,,,,,,,,,,,,,,,,,,,,,,,,,,,
6,DWCS 6.7,2022-09-06,Nayara Maia,Tereza Bleda,Tereza Bleda,discovery,True,32.11838709898218,20.76702464800783,1990-07-25,2001-11-30,11.351362450974353,250.0,475.0,-300.0,-550.0,BestFightOdds_historical,https://www.bestfightodds.com/events/dwcs-week-7-2638,event_identity_to_fighter_history,65.0,66.0,Orthodox,boutmetrics,boutmetrics,True,https://www.ufc.com/athlete/nayara-maia,3,2,0,1,1.0,0,0,2,0.0,0.0,2,1.0,430.0,True,base_exact,3,1526.024175595241,1532.8290239751732,1530.69129952666,1544.2100729852368,0.0,0.0,0.0,0.0,1.0843406498017198,0.3614468832672399,1532.8290239751732,1532.8290239751732,430.0,True,0,0.0,0.0,,0.0,,0.0,0.0,0.0,,0.0,,0.0,0.0,0.0,0.0,69.0,71.0,Orthodox,boutmetrics,boutmetrics,False,,2,2,0,0,1.0,0,0,2,0.0,0.0,1,0.7,493.0,True,base_exact,2,1525.936734161971,1534.8545693638794,1534.8545693638794,1541.5690352267995,0.0,0.0,0.0,0.0,1.0806972567487747,0.5403486283743874,1534.8545693638794,1534.8545693638794,493.0,True,0,0.0,0.0,,0.0,,0.0,0.0,0.0,,0.0,,0.0,0.0,0.0,0.0,11.351362450974353,-4.0,-5.0,1.0,0.0,0.0,0.30000000000000004,0.08744143327021447,-2.0255453887061776,0.0,,,,,,,,,,,,,,,,,,,,,,,,,,,,,,,,,
6,DWCS 6.7,2022-09-06,Vitor Petrino,Rodolfo Bellato,Vitor Petrino,discovery,True,25.02447004387496,26.585077037858408,1997-08-28,1996-02-05,1.5606069939834484,-160.0,-113.0,140.0,118.0,BestFightOdds_historical,https://www.bestfightodds.com/events/dwcs-week-7-2638,event_identity_to_fighter_history,74.0,77.0,Orthodox,boutmetrics,boutmetrics,False,,2,2,0,0,1.0,1,0,1,0.5,0.0,2,0.7714285714285715,367.0,True,base_exact,2,1528.3226296470689,1571.5155271022454,1571.5155271022454,1643.031054204491,1.0,1.0,1.0,1.0,1.1801095686278644,0.5900547843139322,1571.5155271022454,1571.5155271022454,367.0,True,0,0.0,0.0,,0.0,,0.0,0.0,0.0,,0.0,,0.0,0.0,0.0,0.0,75.0,75.0,Orthodox,boutmetrics,boutmetrics,True,https://www.ufc.com/athlete/rodolfo-bellato,2,2,0,0,1.0,0,2,0,1.0,1.0,1,0.7333333333333333,179.0,True,base_exact,2,1527.76159130908,1562.1825498356084,1562.1825498356084,1569.3647710849757,2.0,0.0,2.0,0.0,1.1567329712116747,0.5783664856058374,1562.1825498356084,1562.1825498356084,179.0,True,0,0.0,0.0,,0.0,,0.0,0.0,0.0,,0.0,,0.0,0.0,0.0,0.0,-1.5606069939834484,-1.0,2.0,0.0,0.0,-0.5,0.03809523809523818,0.5610383379889754,9.332977266637045,0.0,,,,,,,,,,,,,,,,,,,,,,,,,,,,,,,,,
6,DWCS 6.8,2022-09-13,Bruna Brasil,Marnic Mann,Bruna Brasil,discovery,True,29.016338460064205,29.525589163364067,1993-09-07,1993-03-05,0.5092507032998626,-155.0,-140.0,135.0,130.0,BestFightOdds_historical,https://www.bestfightodds.com/events/dwcs-week-8-2642,event_identity_to_fighter_history,66.0,65.0,Orthodox,boutmetrics,boutmetrics,False,,11,8,2,1,0.8,2,2,4,0.5,0.125,8,0.6095238095238095,123.0,True,base_exact,11,1571.4912825720128,1511.8238779807589,1500.0,1568.018663670944,2.0,0.0,2.0,0.0,2.978803440500518,0.2708003127727743,1544.969761642544,1525.9303377869142,123.0,True,0,0.0,0.0,,0.0,,0.0,0.0,0.0,,0.0,,0.0,0.0,0.0,0.0,60.0,64.0,Southpaw,boutmetrics,boutmetrics,True,https://www.ufc.com/athlete/marnic-mann,7,7,0,0,1.0,3,2,2,0.7142857142857143,0.2857142857142857,3,0.25,144.0,True,base_exact,7,1574.1163039798762,1491.976422773347,1492.7625220375448,1503.002829063138,0.0,0.0,0.0,0.0,3.088179332494845,0.4411684760706921,1491.3664799056098,1492.5751125391616,144.0,True,0,0.0,0.0,,0.0,,0.0,0.0,0.0,,0.0,,0.0,0.0,0.0,0.0,-0.5092507032998626,6.0,1.0,4.0,-0.19999999999999996,-0.2142857142857143,0.35952380952380947,-2.6250214078634144,19.84745520741194,0.0,,,,,,,,,,,,,,,,,,,,,,,,,,,,,,,,,
6,DWCS 6.8,2022-09-13,Daniel Marcos,Brandon Lewis,Daniel Marcos,discovery,True,29.52011334935009,25.11482097510558,1993-03-07,1997-08-02,4.40529237424451,-180.0,147.0,155.0,-147.0,BestFightOdds_historical,https://www.bestfightodds.com/events/dwcs-week-8-2642,event_identity_to_fighter_history,67.0,69.0,Orthodox,boutmetrics,boutmetrics,True,https://www.ufc.com/athlete/daniel-marcos,6,6,0,0,1.0,2,0,4,0.3333333333333333,0.0,1,0.6476851851851853,1015.0,True,base_exact,6,1571.5600965424162,1528.3882087170498,1523.6336310631616,1557.0220808144995,1.0,0.0,1.0,0.0,2.9816706892673426,0.4969451148778904,1539.1184557269728,1529.2714719828032,1015.0,True,0,0.0,0.0,,0.0,,0.0,0.0,0.0,,0.0,,0.0,0.0,0.0,0.0,64.0,70.0,Orthodox,boutmetrics,boutmetrics,True,https://www.ufc.com/athlete/brandon-lewis,1,0,1,0,0.0,0,0,0,,,1,1.0,364.0,True,base_exact,1,1490.693958499669,1579.3495295948496,1579.3495295948496,1579.3495295948496,1.0,0.0,0.0,0.0,-0.3877517291804562,-0.3877517291804562,1579.3495295948496,1579.3495295948496,364.0,True,1,20.0,51.0,0.392156862745098,28.0,0.540983606557377,-8.0,0.0,0.0,,4.0,0.1999999999999999,0.0,-550.0,0.0,0.0,4.40529237424451,3.0,-1.0,5.0,1.0,,-0.35231481481481475,80.86613804274725,-50.961320877799835,8.0,,,,,,,,,,,,,,,,,,,,,,,,,,,,,,,,,
6,DWCS 6.8,2022-09-13,Farid Basharat,Allan Begosso,Farid Basharat,discovery,True,25.11482097510558,26.80684750542448,1997-08-02,1995-11-23,1.6920265303188984,-260.0,-206.0,220.0,205.0,BestFightOdds_historical,https://www.bestfightodds.com/events/dwcs-week-8-2642,event_identity_to_fighter_history,68.0,71.0,Orthodox,boutmetrics,boutmetrics,True,https://www.ufc.com/athlete/farid-basharat,9,9,0,0,1.0,1,6,2,0.7777777777777778,0.2222222222222222,5,0.4333333333333333,185.0,True,base_exact,9,1594.265923207426,1499.1751545948111,1500.0,1530.9259205498531,0.0,0.0,0.0,0.0,3.927746800309418,0.4364163111454908,1504.627244095281,1502.7763464571683,185.0,True,0,0.0,0.0,,0.0,,0.0,0.0,0.0,,0.0,,0.0,0.0,0.0,0.0,65.0,66.0,Orthodox,boutmetrics,boutmetrics,False,,12,9,2,1,0.8181818181818182,4,4,1,0.8888888888888888,0.8888888888888888,5,0.6203703703703703,67.0,True,base_exact,12,1578.411528860477,1529.5363114770432,1516.4056803500998,1632.1668735689843,2.0,2.0,0.0,0.0,3.267147035853207,0.2722622529877672,1561.643212476965,1563.7243371576765,67.0,True,0,0.0,0.0,,0.0,,0.0,0.0,0.0,,0.0,,0.0,0.0,0.0,0.0,-1.6920265303188984,3.0,5.0,-3.0,0.18181818181818177,-0.11111111111111105,-0.18703703703703706,15.85439434694922,-30.36115688223208,0.0,,,,,,,,,,,,,,,,,,,,,,,,,,,,,,,,,
6,DWCS 6.8,2022-09-13,Ikram Aliskerov,Mario Sousa,Ikram Aliskerov,discovery,True,29.766524979979053,25.897862379104293,1992-12-07,1996-10-20,3.86866260087476,-400.0,-550.0,300.0,650.0,BestFightOdds_historical,https://www.bestfightodds.com/events/dwcs-week-8-2642,event_identity_to_fighter_history,72.0,76.0,Southpaw,boutmetrics,boutmetrics,True,https://www.ufc.com/athlete/ikram-aliskerov,5,5,0,0,1.0,1,2,2,0.6,0.0,3,0.6353349988644107,186.0,True,base_exact,5,1564.7314387550946,1553.7689801191373,1559.5442309160294,1592.6441315236302,3.0,0.0,3.0,0.0,2.697143281462263,0.5394286562924526,1558.5954894952265,1553.7689801191373,186.0,True,0,0.0,0.0,,0.0,,0.0,0.0,0.0,,0.0,,0.0,0.0,0.0,0.0,75.0,79.0,Orthodox,boutmetrics,boutmetrics,False,,17,15,2,0,0.8823529411764706,10,4,1,0.9333333333333332,0.8,12,0.6292399143565471,94.0,True,base_exact,17,1628.602083934415,1520.3886492929998,1500.0,1629.3395856962045,3.0,1.0,2.0,0.0,5.358420163933936,0.3152011861137609,1535.3083189411282,1564.651481707156,94.0,True,2,64.0,130.0,0.4923076923076923,79.0,0.2685185185185185,-15.0,1.0,4.0,0.25,4.0,0.1999999999999999,136.0,-897.0,0.0,1.0,3.86866260087476,-3.0,-3.0,-12.0,0.11764705882352944,-0.33333333333333326,0.006095084507863557,-63.87064517932049,33.380330826137424,15.0,,,,,,,,,,,,,,,,,,,,,,,,,,,,,,,,,
6,DWCS 6.8,2022-09-13,Malik Lewis,Trevor Peek,Trevor Peek,discovery,True,26.527580990711648,27.677501933646823,1996-03-04,1995-01-09,1.149920942935175,150.0,115.0,,,BestFightOdds_historical,,,72.0,75.0,Orthodox,boutmetrics,boutmetrics,True,https://www.ufc.com/athlete/malik-lewis,7,7,0,0,1.0,5,1,1,0.8571428571428571,0.4285714285714285,3,0.3518518518518518,115.0,True,base_exact,7,1576.9621933428398,1504.445275551032,1500.0,1550.1815561483686,1.0,0.0,1.0,0.0,3.206758055951669,0.4581082937073812,1514.2342094236155,1506.2233857714448,115.0,True,0,0.0,0.0,,0.0,,0.0,0.0,0.0,,0.0,,0.0,0.0,0.0,0.0,69.0,70.0,Switch,boutmetrics,boutmetrics,False,,0,0,0,0,,0,0,0,,,0,,,False,alias_no_prior_history,0,,,,,,,,,,,,,,False,0,0.0,0.0,,0.0,,0.0,0.0,0.0,,0.0,,0.0,0.0,0.0,0.0,-1.149920942935175,3.0,5.0,7.0,,,,,,0.0,,,,,,,,,,,,,,,,,,,,,,,,,,,,,,,,,
6,DWCS 6.9,2022-09-20,Leon Aliu,Brunno Ferreira,Brunno Ferreira,discovery,True,33.1861708317077,29.8760412602586,1989-07-14,1992-11-04,3.3101295714490995,165.0,205.0,-190.0,-220.0,BestFightOdds_historical,https://www.bestfightodds.com/events/dwcs-week-9-2650,event_identity_to_fighter_history,72.0,74.0,Orthodox,boutmetrics,boutmetrics,True,https://www.ufc.com/athlete/leon-aliu,12,11,1,0,0.9166666666666666,7,4,0,1.0,0.9090909090909092,10,0.424715909090909,115.0,True,base_exact,12,1604.1508730835333,1515.373750180922,1500.0,1573.3801926597985,3.0,0.0,3.0,0.0,4.339619711813887,0.3616349759844905,1537.5018560467604,1524.3539906902963,115.0,True,0,0.0,0.0,,0.0,,0.0,0.0,0.0,,0.0,,0.0,0.0,0.0,0.0,70.0,72.0,Orthodox,boutmetrics,boutmetrics,True,https://www.ufc.com/athlete/brunno-ferreira,2,2,0,0,1.0,1,1,0,1.0,1.0,2,0.6923076923076923,157.0,True,base_exact,2,1527.8247696908115,1562.740010043581,1562.740010043581,1601.508127698879,1.0,1.0,1.0,1.0,1.159365403783812,0.579682701891906,1562.740010043581,1562.740010043581,157.0,True,0,0.0,0.0,,0.0,,0.0,0.0,0.0,,0.0,,0.0,0.0,0.0,0.0,3.3101295714490995,2.0,2.0,10.0,-0.08333333333333337,0.0,-0.2675917832167833,76.32610339272173,-47.366259862659035,0.0,,,,,,,,,,,,,,,,,,,,,,,,,,,,,,,,,
6,DWCS 6.9,2022-09-20,Nurullo Aliev,Josh Wick,Nurullo Aliev,discovery,True,21.782788147600566,27.962244262373627,2000-12-08,1994-10-04,6.1794561147730604,-300.0,-540.0,240.0,450.0,BestFightOdds_historical,https://www.bestfightodds.com/events/dwcs-week-9-2650,event_identity_to_fighter_history,70.0,72.0,Orthodox,boutmetrics,boutmetrics,True,https://www.ufc.com/athlete/nurullo-aliev,0,0,0,0,,0,0,0,,,0,,,False,alias_no_prior_history,0,,,,,,,,,,,,,,False,0,0.0,0.0,,0.0,,0.0,0.0,0.0,,0.0,,0.0,0.0,0.0,0.0,69.0,69.0,Switch,boutmetrics,boutmetrics,False,,18,12,6,0,0.6666666666666666,3,7,2,0.8333333333333334,0.4166666666666667,11,0.3484595959595959,234.0,True,base_exact,18,1557.8136324439845,1510.2576200476744,1500.0,1591.7553095020237,3.0,0.0,0.0,0.0,2.4089013518326863,0.1338278528795936,1527.3118957668105,1520.1157764169352,234.0,True,0,0.0,0.0,,0.0,,0.0,0.0,0.0,,0.0,,0.0,0.0,0.0,0.0,-6.1794561147730604,1.0,3.0,-18.0,,,,,,0.0,,,,,,,,,,,,,,,,,,,,,,,,,,,,,,,,,
6,DWCS 6.9,2022-09-20,Raul Rosas Jr.,Mando Gutierrez,Raul Rosas Jr.,discovery,True,17.949718337816655,25.56931353826567,2004-10-08,1997-02-24,7.619595200449016,130.0,-170.0,-150.0,165.0,BestFightOdds_historical,https://www.bestfightodds.com/events/dwcs-week-9-2650,event_identity_to_fighter_history,69.0,67.0,Switch,boutmetrics,boutmetrics,False,,3,1,2,0,0.3333333333333333,1,0,0,1.0,1.0,3,0.3333333333333333,88.0,True,base_exact,3,1488.7072134907344,1495.0921983512492,1500.0,1510.3247389897692,0.0,0.0,0.0,0.0,-0.4705327712194045,-0.1568442570731348,1495.0921983512492,1495.0921983512492,88.0,True,0,0.0,0.0,,0.0,,0.0,0.0,0.0,,0.0,,0.0,0.0,0.0,0.0,66.0,70.0,Southpaw,boutmetrics,boutmetrics,True,https://www.ufc.com/athlete/mando-gutierrez,4,2,2,0,0.5,0,2,0,1.0,1.0,1,0.8571428571428572,746.0,True,base_exact,4,1502.5534268349622,1531.4225004332789,1531.7531858039788,1545.696497464075,0.0,0.0,0.0,0.0,0.1063927847900934,0.0265981961975233,1532.0620964479558,1531.4225004332789,746.0,True,0,0.0,0.0,,0.0,,0.0,0.0,0.0,,0.0,,0.0,0.0,0.0,0.0,-7.619595200449016,3.0,-3.0,-1.0,-0.16666666666666669,0.0,-0.523809523809524,-13.846213344227863,-36.330302082029675,0.0,,,,,,,,,,,,,,,,,,,,,,,,,,,,,,,,,
6,DWCS 6.9,2022-09-20,Richard Jacobi,Austen Lane,Austen Lane,discovery,True,28.978007761966364,34.864507826991655,1993-09-28,1987-11-09,5.886500065025292,165.0,133.0,-190.0,-135.0,BestFightOdds_historical,https://www.bestfightodds.com/events/dwcs-week-9-2650,event_identity_to_fighter_history,76.0,75.0,Orthodox,boutmetrics,boutmetrics,True,https://www.ufc.com/athlete/richard-jacobi,8,6,1,1,0.8571428571428571,5,0,1,0.8333333333333334,0.8333333333333334,4,0.1214285714285714,130.0,True,base_exact,8,1557.105150308034,1480.5541138085678,1500.0,1502.0903558114223,0.0,0.0,0.0,0.0,2.379381262834752,0.2974226578543439,1474.9803318241532,1468.8865820937085,130.0,True,0,0.0,0.0,,0.0,,0.0,0.0,0.0,,0.0,,0.0,0.0,0.0,0.0,78.0,80.0,Orthodox,boutmetrics,boutmetrics,True,https://www.ufc.com/athlete/austen-lane,4,1,3,0,0.25,1,0,0,1.0,1.0,3,0.7499999999999999,205.0,True,base_exact,4,1483.9731273299549,1542.8228111107692,1546.0694605524525,1567.1523233381722,2.0,0.0,0.0,0.0,-0.6677863612518979,-0.1669465903129744,1553.0970814810255,1542.8228111107692,205.0,True,1,5.0,14.0,0.3571428571428571,6.0,0.6,-1.0,0.0,0.0,,0.0,,0.0,0.0,0.0,0.0,-5.886500065025292,-2.0,-5.0,4.0,0.6071428571428571,-0.16666666666666663,-0.6285714285714284,73.13202297807902,-62.26869730220142,1.0,,,,,,,,,,,,,,,,,,,,,,,,,,,,,,,,,
6,DWCS 6.9,2022-09-20,Roybert Echeverria,Jafel Filho,Jafel Filho,discovery,True,27.08337611313032,29.377742184986687,1995-08-21,1993-05-05,2.2943660718563663,170.0,160.0,-200.0,-156.0,BestFightOdds_historical,https://www.bestfightodds.com/events/dwcs-week-9-2650,event_identity_to_fighter_history,65.0,67.0,Switch,boutmetrics,boutmetrics,True,https://www.ufc.com/athlete/roy-echeverria,7,7,0,0,1.0,4,1,2,0.7142857142857143,0.7142857142857143,1,0.2757894736842105,277.0,True,base_exact,7,1573.0287246717735,1485.6189685673216,1500.0,1534.9439164143828,0.0,0.0,0.0,0.0,3.042863527990575,0.4346947897129393,1481.1043738398057,1481.8862850417615,277.0,True,0,0.0,0.0,,0.0,,0.0,0.0,0.0,,0.0,,0.0,0.0,0.0,0.0,67.0,68.0,Orthodox,boutmetrics,boutmetrics,True,https://www.ufc.com/athlete/jafel-filho,15,13,2,0,0.8666666666666667,4,8,1,0.9230769230769232,0.4615384615384615,6,0.7900372775372775,276.0,True,base_exact,15,1616.2671668914743,1529.1123151279437,1524.0239108792057,1573.70464231148,4.0,0.0,4.0,0.0,4.844465287144772,0.3229643524763181,1551.7985037416074,1540.2869405104884,276.0,True,0,0.0,0.0,,0.0,,0.0,0.0,0.0,,0.0,,0.0,0.0,0.0,0.0,-2.2943660718563663,-2.0,-1.0,-8.0,0.1333333333333333,-0.20879120879120894,-0.514247803853067,-43.2384422197008,-43.49334656062206,0.0,,,,,,,,,,,,,,,,,,,,,,,,,,,,,,,,,
7,DWCS 7.1,2023-08-08,Cesar Almeida,Lucas Fernando,Cesar Almeida,locked_validation,True,35.362806902263564,26.57412540983045,1988-03-28,1997-01-10,8.788681492433113,225.0,200.0,-278.0,-200.0,BestFightOdds_historical,,,73.0,74.0,Orthodox,boutmetrics,boutmetrics,True,https://www.ufc.com/athlete/cesar-almeida,0,0,0,0,,0,0,0,,,0,,,False,alias_no_prior_history,0,,,,,,,,,,,,,,False,0,0.0,0.0,,0.0,,0.0,0.0,0.0,,0.0,,0.0,0.0,0.0,0.0,75.0,80.0,Stance —,boutmetrics,boutmetrics,True,https://www.ufc.com/athlete/lucas-fernando,14,13,1,0,0.9285714285714286,8,2,3,0.7692307692307693,0.6153846153846154,5,0.655952380952381,151.0,True,base_exact,14,1632.133285438581,1536.3622338430484,1542.2839673609033,1614.8009804893557,7.0,2.0,6.0,2.0,5.505553559940872,0.3932538257100623,1572.8996375030567,1562.6823008647057,151.0,True,0,0.0,0.0,,0.0,,0.0,0.0,0.0,,0.0,,0.0,0.0,0.0,0.0,8.788681492433113,-2.0,-6.0,-14.0,,,,,,0.0,,,,,,,,,,,,,,,,,,,,,,,,,,,,,,,,,
7,DWCS 7.1,2023-08-08,Kevin Szaflarski,Caio Machado,Caio Machado,locked_validation,True,28.605652409015928,29.05193125115505,1994-12-30,1994-07-20,0.4462788421391224,-110.0,-160.0,-110.0,145.0,BestFightOdds_historical,,,77.0,77.0,Orthodox,boutmetrics,boutmetrics,False,,12,11,1,0,0.9166666666666666,4,5,2,0.8181818181818182,0.8181818181818182,6,0.6211873973727422,444.0,True,base_exact,12,1605.8301331886412,1505.037851999583,1500.0,1565.1145182761152,3.0,0.0,3.0,0.0,4.409588882860057,0.3674657402383381,1519.3603559607625,1524.903529810265,444.0,True,0,0.0,0.0,,0.0,,0.0,0.0,0.0,,0.0,,0.0,0.0,0.0,0.0,76.0,78.0,Southpaw,boutmetrics,boutmetrics,False,,37,24,12,1,0.6666666666666666,12,6,6,0.75,0.4583333333333333,14,0.6400513351956474,192.0,True,base_exact,37,1606.0711821959464,1534.610959184449,1519.6380499690858,1654.3567148149752,11.0,4.0,5.0,0.0,4.419632591497775,0.1194495294999398,1589.6645990877569,1585.0990708840975,192.0,True,0,0.0,0.0,,0.0,,0.0,0.0,0.0,,0.0,,0.0,0.0,0.0,0.0,-0.4462788421391224,1.0,-1.0,-25.0,0.25,0.06818181818181823,-0.018863937822905186,-0.24104900730526424,-29.573107184866103,0.0,,,,,,,,,,,,,,,,,,,,,,,,,,,,,,,,,
7,DWCS 7.1,2023-08-08,Payton Talbott,Reyes Cortez Jr.,Payton Talbott,locked_validation,True,24.912215856588432,31.02048638917979,1998-09-09,1992-07-31,6.108270532591359,-115.0,-130.0,-105.0,130.0,BestFightOdds_historical,,,70.0,70.0,Switch,boutmetrics,boutmetrics,False,,2,2,0,0,1.0,2,0,0,1.0,0.0,1,0.5833333333333333,290.0,True,base_exact,2,1524.4382328661538,1512.6837638745944,1512.6837638745944,1519.150204655303,0.0,0.0,0.0,0.0,1.0182597027564109,0.5091298513782054,1512.6837638745944,1512.6837638745944,290.0,True,0,0.0,0.0,,0.0,,0.0,0.0,0.0,,0.0,,0.0,0.0,0.0,0.0,67.0,68.0,Orthodox,boutmetrics,boutmetrics,True,https://www.ufc.com/athlete/reyes-cortez,3,2,1,0,0.6666666666666666,0,0,2,0.0,0.0,2,0.7999999999999999,424.0,True,base_exact,3,1516.1629277909997,1538.997886461395,1523.199507535894,1583.709200031903,1.0,0.0,0.0,0.0,0.6734553246249909,0.2244851082083303,1538.997886461395,1538.997886461395,424.0,True,1,47.0,119.0,0.3949579831932773,78.0,0.5916230366492147,-31.0,2.0,10.0,0.2,0.0,,311.0,283.0,0.0,0.0,-6.108270532591359,3.0,2.0,-1.0,0.33333333333333337,1.0,-0.21666666666666667,8.275305075154165,-26.314122586800522,31.0,,,,,,,,,,,,,,,,,,,,,,,,,,,,,,,,,
7,DWCS 7.1,2023-08-08,Tom Nolan,Bogdan Grad,Tom Nolan,locked_validation,True,23.417318630772705,27.860941703115053,2000-03-08,1995-09-28,4.443623072342348,-120.0,-163.0,100.0,170.0,BestFightOdds_historical,,,75.0,73.0,Southpaw,boutmetrics,boutmetrics,True,https://www.ufc.com/athlete/tom-nolan,0,0,0,0,,0,0,0,,,0,,,False,alias_no_prior_history,0,,,,,,,,,,,,,,False,0,0.0,0.0,,0.0,,0.0,0.0,0.0,,0.0,,0.0,0.0,0.0,0.0,68.0,70.0,Orthodox,boutmetrics,boutmetrics,True,https://www.ufc.com/athlete/bogdan-grad,12,11,1,0,0.9166666666666666,7,2,2,0.8181818181818182,0.6363636363636364,6,0.5642857142857143,151.0,True,base_exact,12,1603.721536014183,1508.2115164843162,1500.0,1625.6586508151154,1.0,1.0,1.0,1.0,4.321730667257618,0.3601442222714681,1546.280752361906,1534.2260130114064,151.0,True,0,0.0,0.0,,0.0,,0.0,0.0,0.0,,0.0,,0.0,0.0,0.0,0.0,-4.443623072342348,7.0,3.0,-12.0,,,,,,0.0,,,,,,,,,,,,,,,,,,,,,,,,,,,,,,,,,
7,DWCS 7.1,2023-08-08,Victor Dias,Kevin Borjas,Kevin Borjas,locked_validation,True,32.61668617425409,25.670616097524245,1990-12-26,1997-12-06,6.946070076729846,-395.0,-345.0,310.0,300.0,BestFightOdds_historical,,,66.0,69.0,Orthodox,boutmetrics,boutmetrics,True,https://www.ufc.com/athlete/victor-dias,13,11,2,0,0.8461538461538461,1,6,3,0.6363636363636364,0.2727272727272727,5,0.6490259740259741,263.0,True,base_exact,13,1599.597447615682,1527.0290071568484,1509.6564775028785,1623.297238210191,3.0,1.0,1.0,1.0,4.149893650653416,0.3192225885118012,1550.546656053111,1527.112234314946,263.0,True,0,0.0,0.0,,0.0,,0.0,0.0,0.0,,0.0,,0.0,0.0,0.0,0.0,65.0,68.0,Orthodox,boutmetrics,boutmetrics,False,,10,9,1,0,0.9,9,0,0,1.0,0.5555555555555556,3,0.4724310776942356,317.0,True,base_exact,10,1589.5074623352166,1522.113627762394,1511.9508885159223,1581.268080879883,4.0,0.0,3.0,0.0,3.7294775973006993,0.3729477597300699,1562.935429935369,1554.014874137198,317.0,True,0,0.0,0.0,,0.0,,0.0,0.0,0.0,,0.0,,0.0,0.0,0.0,0.0,6.946070076729846,1.0,1.0,3.0,-0.05384615384615388,-0.36363636363636365,0.17659489633173847,10.089985280465498,4.915379394454476,0.0,,,,,,,,,,,,,,,,,,,,,,,,,,,,,,,,,
7,DWCS 7.4,2023-08-29,Bolaji Oki,Dylan Salvador,Bolaji Oki,locked_validation,True,27.787018213926363,30.27577568327892,1995-11-15,1993-05-20,2.4887574693525565,105.0,164.0,-138.0,-165.0,BestFightOdds_historical,,,70.0,73.0,Orthodox,boutmetrics,boutmetrics,False,,2,1,1,0,0.5,0,0,1,0.0,0.0,1,0.6,1781.0,True,base_exact,2,1500.348009123711,1499.6674779694715,1499.6674779694715,1534.45449884852,0.0,0.0,0.0,0.0,0.0145003801546313,0.0072501900773156,1499.6674779694715,1499.6674779694715,1781.0,True,0,0.0,0.0,,0.0,,0.0,0.0,0.0,,0.0,,0.0,0.0,0.0,0.0,69.0,69.0,Southpaw,boutmetrics,boutmetrics,False,,3,2,1,0,0.6666666666666666,1,1,0,1.0,0.5,3,0.6742424242424242,578.0,True,base_exact,3,1516.641977891232,1550.4647558822453,1544.7777262963386,1571.0266477096525,1.0,0.0,1.0,0.0,0.6934157454679952,0.231138581822665,1550.4647558822453,1550.4647558822453,578.0,True,0,0.0,0.0,,0.0,,0.0,0.0,0.0,,0.0,,0.0,0.0,0.0,0.0,-2.4887574693525565,1.0,4.0,-1.0,-0.16666666666666663,-1.0,-0.07424242424242422,-16.293968767520937,-50.79727791277378,0.0,,,,,,,,,,,,,,,,,,,,,,,,,,,,,,,,,
7,DWCS 7.4,2023-08-29,Mitch Ramirez,Carlos Prates,Carlos Prates,locked_validation,True,30.81788127066264,30.03210195965694,1992-11-03,1993-08-17,0.7857793110056974,150.0,230.0,-200.0,-250.0,BestFightOdds_historical,,,71.0,71.0,Orthodox,boutmetrics,boutmetrics,True,https://www.ufc.com/athlete/mitch-ramirez,2,2,0,0,1.0,1,1,0,1.0,0.5,2,0.4561403508771929,118.0,True,base_exact,2,1523.8087649651836,1502.7315369708858,1502.7315369708858,1533.6205923802204,0.0,0.0,0.0,0.0,0.9920318735493148,0.4960159367746573,1502.7315369708858,1502.7315369708858,118.0,True,0,0.0,0.0,,0.0,,0.0,0.0,0.0,,0.0,,0.0,0.0,0.0,0.0,73.0,78.0,Switch,boutmetrics,boutmetrics,False,,24,18,6,0,0.75,13,3,2,0.8888888888888888,0.5,13,0.5514599385289041,172.0,True,base_exact,24,1627.1987214508813,1521.8313786233127,1503.9959298164804,1636.615022829919,6.0,1.0,4.0,1.0,5.29994672712003,0.2208311136300012,1528.7442793266098,1558.305979804594,172.0,True,0,0.0,0.0,,0.0,,0.0,0.0,0.0,,0.0,,0.0,0.0,0.0,0.0,0.7857793110056974,-2.0,-7.0,-22.0,0.25,0.11111111111111116,-0.09531958765171117,-103.38995648569767,-19.099841652426903,0.0,,,,,,,,,,,,,,,,,,,,,,,,,,,,,,,,,
7,DWCS 7.4,2023-08-29,Thomas Petersen,Chandler Cole,Thomas Petersen,locked_validation,True,28.41673682553372,28.6357693860928,1995-03-30,1995-01-09,0.2190325605590786,-800.0,-370.0,450.0,325.0,BestFightOdds_historical,,,73.0,74.0,Southpaw,boutmetrics,boutmetrics,True,https://www.ufc.com/athlete/thomas-petersen,20,18,2,0,0.9,15,2,1,0.9444444444444444,0.7222222222222222,2,0.3438292964244521,228.0,True,base_exact,20,1637.3308865333347,1500.1420470880437,1488.0,1593.0547243413782,4.0,0.0,2.0,0.0,5.7221202722222735,0.2861060136111136,1480.982614102124,1503.242432246869,228.0,True,0,0.0,0.0,,0.0,,0.0,0.0,0.0,,0.0,,0.0,0.0,0.0,0.0,70.0,72.0,Orthodox,boutmetrics,boutmetrics,True,https://www.ufc.com/athlete/chandler-cole,1,0,1,0,0.0,0,0,0,,,1,0.45,1376.0,True,base_exact,1,1488.2080534892011,1506.0243691748767,1506.0243691748767,1506.0243691748767,0.0,0.0,0.0,0.0,-0.4913311046166151,-0.4913311046166151,1506.0243691748767,1506.0243691748767,1376.0,True,0,0.0,0.0,,0.0,,0.0,0.0,0.0,,0.0,,0.0,0.0,0.0,0.0,-0.2190325605590786,3.0,2.0,19.0,0.9,,-0.10617070357554792,149.12283304413359,-5.882322086833028,0.0,,,,,,,,,,,,,,,,,,,,,,,,,,,,,,,,,
7,DWCS 7.4,2023-08-29,Timmy Cuamba,Mateo Vogel,Timmy Cuamba,locked_validation,True,24.55355003867293,27.48311053615064,1999-02-08,1996-03-05,2.929560497477709,,,-125.0,-165.0,BestFightOdds_historical,,,69.0,71.0,Orthodox,boutmetrics,boutmetrics,True,https://www.ufc.com/athlete/timothy-cuamba,0,0,0,0,,0,0,0,,,0,,,False,unmatched,0,,,,,,,,,,,,,,False,0,0.0,0.0,,0.0,,0.0,0.0,0.0,,0.0,,0.0,0.0,0.0,0.0,68.0,71.0,Orthodox,boutmetrics,boutmetrics,False,,0,0,0,0,,0,0,0,,,0,,,False,unmatched,0,,,,,,,,,,,,,,False,0,0.0,0.0,,0.0,,0.0,0.0,0.0,,0.0,,0.0,0.0,0.0,0.0,-2.929560497477709,1.0,0.0,0.0,,,,,,0.0,,,,,,,,,,,,,,,,,,,,,,,,,,,,,,,,,
7,DWCS 7.4,2023-08-29,Yousri Belgaroui,Marco Tulio,Marco Tulio,locked_validation,True,31.239518949738876,29.210729857560388,1992-06-02,1994-06-13,2.0287890921784886,-400.0,-950.0,,,BestFightOdds_historical,,,77.0,79.0,Orthodox,boutmetrics,boutmetrics,True,https://www.ufc.com/athlete/yousri-belgaroui,2,2,0,0,1.0,1,0,1,0.5,0.5,1,0.8125,522.0,True,base_exact,2,1524.8286794368223,1518.386890304942,1518.386890304942,1521.8130746057784,0.0,0.0,0.0,0.0,1.0345283098675946,0.5172641549337973,1518.386890304942,1518.386890304942,522.0,True,0,0.0,0.0,,0.0,,0.0,0.0,0.0,,0.0,,0.0,0.0,0.0,0.0,72.0,74.0,Orthodox,boutmetrics,boutmetrics,True,https://www.ufc.com/athlete/marco-tulio,4,4,0,0,1.0,3,0,1,0.75,0.5,3,0.6420454545454545,213.0,True,base_exact,4,1556.7734644006075,1587.2920376736342,1596.345857752293,1629.0846629201064,3.0,2.0,3.0,2.0,2.365561016691979,0.5913902541729947,1573.3611625914766,1587.2920376736342,213.0,True,0,0.0,0.0,,0.0,,0.0,0.0,0.0,,0.0,,0.0,0.0,0.0,0.0,2.0287890921784886,5.0,5.0,-2.0,0.0,-0.25,0.17045454545454553,-31.944784963785196,-68.90514736869227,0.0,,,,,,,,,,,,,,,,,,,,,,,,,,,,,,,,,
7,DWCS 7.5,2023-09-05,Bruno Lopes,Brendson Ribeiro,Brendson Ribeiro,locked_validation,True,30.366126614509536,26.990287274892708,1993-04-24,1996-09-08,3.375839339616828,-549.0,-700.0,350.0,500.0,BestFightOdds_historical,,,74.0,74.0,Orthodox,boutmetrics,boutmetrics,True,https://www.ufc.com/athlete/bruno-lopes,14,14,0,0,1.0,6,5,3,0.7857142857142857,0.5714285714285714,5,0.5126948215183509,340.0,True,base_exact,14,1642.7581380102092,1517.9300392860462,1512.0882441051026,1575.172219384806,2.0,0.0,2.0,0.0,5.94825575042537,0.4248754107446693,1525.2201325489232,1519.649371506927,340.0,True,0,0.0,0.0,,0.0,,0.0,0.0,0.0,,0.0,,0.0,0.0,0.0,0.0,75.0,81.0,Orthodox,boutmetrics,boutmetrics,False,,20,14,5,1,0.7368421052631579,8,6,0,1.0,0.7142857142857143,15,0.589250411723816,263.0,True,base_exact,20,1585.6374562228498,1523.245844473288,1512.6251490838144,1588.9904287390927,6.0,0.0,3.0,0.0,3.5682273426187643,0.1784113671309382,1559.113424201553,1563.63920378811,263.0,True,0,0.0,0.0,,0.0,,0.0,0.0,0.0,,0.0,,0.0,0.0,0.0,0.0,3.375839339616828,-1.0,-7.0,-6.0,0.26315789473684215,-0.2142857142857143,-0.0765555902054651,57.120681787359445,-5.315805187241722,0.0,,,,,,,,,,,,,,,,,,,,,,,,,,,,,,,,,
7,DWCS 7.5,2023-09-05,Chad Hanekom,Dylan Budka,Dylan Budka,locked_validation,True,33.37782432219689,23.641827005345764,1990-04-20,2000-01-14,9.73599731685113,104.0,-175.0,-143.0,154.0,BestFightOdds_historical,,,76.0,74.0,Orthodox,boutmetrics,boutmetrics,True,https://www.ufc.com/athlete/chad-hanekom,3,2,1,0,0.6666666666666666,1,0,1,0.5,0.0,1,0.7746031746031746,894.0,True,base_exact,3,1516.1418858646414,1547.1579218310735,1560.232096723223,1587.6960919140074,2.0,0.0,1.0,0.0,0.6725785776934008,0.2241928592311336,1547.1579218310735,1547.1579218310735,894.0,True,0,0.0,0.0,,0.0,,0.0,0.0,0.0,,0.0,,0.0,0.0,0.0,0.0,72.0,75.0,Switch,boutmetrics,boutmetrics,True,https://www.ufc.com/athlete/dylan-budka,12,9,3,0,0.75,1,3,5,0.4444444444444444,0.2222222222222222,4,0.7857142857142857,10.0,True,base_exact,12,1571.7169183621995,1537.0982184947704,1511.2736283252968,1647.699474096129,4.0,2.0,2.0,0.0,2.9882049317583097,0.2490170776465258,1595.1091673979463,1579.8325741801884,10.0,True,0,0.0,0.0,,0.0,,0.0,0.0,0.0,,0.0,,0.0,0.0,0.0,0.0,9.73599731685113,4.0,-1.0,-9.0,-0.08333333333333337,0.05555555555555558,-0.011111111111111072,-55.57503249755814,10.059703336303073,0.0,,,,,,,,,,,,,,,,,,,,,,,,,,,,,,,,,
7,DWCS 7.5,2023-09-05,Jean Silva,Kevin Vallejos,Jean Silva,locked_validation,True,45.9092246931833,21.741719542495737,1977-10-08,2001-12-08,24.16750515068756,175.0,180.0,-250.0,-198.0,BestFightOdds_historical,,,67.0,69.0,Orthodox,boutmetrics,boutmetrics,False,,57,34,19,4,0.6415094339622641,12,19,3,0.9117647058823528,0.5,29,0.6685700202693435,164.0,True,base_exact,57,1588.1841465861885,1522.3004593111227,1512.371943824318,1655.022411335741,10.0,2.0,3.0,0.0,3.674339441091151,0.0644620954577395,1512.9625021068186,1515.8458127207275,164.0,True,0,0.0,0.0,,0.0,,0.0,0.0,0.0,,0.0,,0.0,0.0,0.0,0.0,67.0,68.0,Switch,boutmetrics,boutmetrics,False,,2,2,0,0,1.0,0,0,2,0.0,0.0,2,0.676923076923077,263.0,True,base_exact,2,1527.549705154384,1558.5602811883628,1558.5602811883628,1572.0390201111582,1.0,0.0,1.0,0.0,1.1479043814326615,0.5739521907163309,1558.5602811883628,1558.5602811883628,263.0,True,0,0.0,0.0,,0.0,,0.0,0.0,0.0,,0.0,,0.0,0.0,0.0,0.0,24.16750515068756,0.0,1.0,55.0,-0.3584905660377359,0.9117647058823528,-0.008353056653733426,60.63444143180459,-36.25982187724003,0.0,,,,,,,,,,,,,,,,,,,,,,,,,,,,,,,,,
7,DWCS 7.5,2023-09-05,Rainn Guerrero,Dione Barbosa,Dione Barbosa,locked_validation,True,31.313442438927563,31.327131973962505,1992-05-13,1992-05-08,0.013689535034941969,205.0,325.0,-305.0,-400.0,BestFightOdds_historical,,,66.0,65.0,Orthodox,boutmetrics,boutmetrics,True,https://www.ufc.com/athlete/rainn-guerrero,1,1,0,0,1.0,1,0,0,1.0,0.0,1,0.5,740.0,True,base_exact,1,1511.9994776523574,1499.9848764867347,1499.9848764867347,1499.9848764867347,0.0,0.0,0.0,0.0,0.4999782355148898,0.4999782355148898,1499.9848764867347,1499.9848764867347,740.0,True,0,0.0,0.0,,0.0,,0.0,0.0,0.0,,0.0,,0.0,0.0,0.0,0.0,66.0,66.0,Orthodox,boutmetrics,boutmetrics,True,https://www.ufc.com/athlete/dione-barbosa,6,4,2,0,0.6666666666666666,0,0,4,0.0,0.0,1,0.6372549019607843,207.0,True,base_exact,6,1524.1789824777609,1496.69450594331,1492.8265483737446,1534.373224106362,0.0,0.0,0.0,0.0,1.0074576032400444,0.1679096005400074,1474.4785781464234,1491.3989300666608,207.0,True,0,0.0,0.0,,0.0,,0.0,0.0,0.0,,0.0,,0.0,0.0,0.0,0.0,-0.013689535034941969,0.0,-1.0,-5.0,0.33333333333333337,1.0,-0.13725490196078427,-12.179504825403455,3.290370543424615,0.0,,,,,,,,,,,,,,,,,,,,,,,,,,,,,,,,,
7,DWCS 7.5,2023-09-05,Ramon Taveras,Serhiy Sidey,Serhiy Sidey,locked_validation,True,29.654270792692525,27.17098913735395,1994-01-09,1996-07-04,2.483281655338576,120.0,190.0,,,BestFightOdds_historical,,,68.0,70.0,Southpaw,boutmetrics,boutmetrics,True,https://www.ufc.com/athlete/ramon-taveras,1,1,0,0,1.0,1,0,0,1.0,1.0,1,0.4078947368421052,185.0,True,base_exact,1,1507.7973323288388,1372.9438080890236,1372.9438080890236,1372.9438080890236,0.0,0.0,0.0,0.0,0.3248888470349527,0.3248888470349527,1372.9438080890236,1372.9438080890236,185.0,True,0,0.0,0.0,,0.0,,0.0,0.0,0.0,,0.0,,0.0,0.0,0.0,0.0,71.0,72.0,Switch,boutmetrics,boutmetrics,False,,0,0,0,0,,0,0,0,,,0,,,False,unmatched,0,,,,,,,,,,,,,,False,0,0.0,0.0,,0.0,,0.0,0.0,0.0,,0.0,,0.0,0.0,0.0,0.0,2.483281655338576,-3.0,-2.0,1.0,,,,,,0.0,,,,,,,,,,,,,,,,,,,,,,,,,,,,,,,,,
7,DWCS 7.6,2023-09-12,James Llontop,Malik Lewis,James Llontop,locked_validation,True,24.112747010547785,27.524179141255463,1999-08-02,1996-03-04,3.411432130707677,-188.0,-115.0,150.0,115.0,BestFightOdds_historical,,,72.0,73.0,Orthodox,boutmetrics,boutmetrics,True,https://www.ufc.com/athlete/james-llontop,5,4,1,0,0.8,3,0,1,0.75,0.25,2,0.7585714285714286,131.0,True,base_exact,5,1543.0747635261453,1549.280744858052,1555.4156879875306,1586.986519603271,3.0,0.0,3.0,0.0,1.794781813589389,0.3589563627178778,1552.071903008832,1549.280744858052,131.0,True,0,0.0,0.0,,0.0,,0.0,0.0,0.0,,0.0,,0.0,0.0,0.0,0.0,72.0,75.0,Orthodox,boutmetrics,boutmetrics,True,https://www.ufc.com/athlete/malik-lewis,9,8,1,0,0.8888888888888888,6,1,1,0.875,0.375,4,0.3194444444444444,213.0,True,base_exact,9,1569.7129610912607,1494.6631132880163,1500.0,1550.1815561483686,1.0,0.0,1.0,0.0,2.904706712135867,0.3227451902373185,1490.3442156277636,1492.7107438011535,213.0,True,1,65.0,96.0,0.6770833333333334,54.0,0.3164556962025316,11.0,4.0,8.0,0.5,1.0,0.5,125.0,0.0,0.0,0.0,-3.411432130707677,0.0,-2.0,-4.0,-0.0888888888888888,-0.125,0.43912698412698414,-26.638197565115433,54.617631570035655,-11.0,,,,,,,,,,,,,,,,,,,,,,,,,,,,,,,,,
7,DWCS 7.6,2023-09-12,Jean Matsumoto,Kasey Tanner,Jean Matsumoto,locked_validation,True,24.008706544282223,31.66937034983607,1999-09-09,1992-01-11,7.660663805553845,-150.0,125.0,120.0,-125.0,BestFightOdds_historical,,,66.0,68.0,Orthodox,boutmetrics,boutmetrics,True,https://www.ufc.com/athlete/jean-matsumoto,15,15,0,0,1.0,3,6,6,0.6,0.1333333333333333,6,0.7705108023289843,186.0,True,base_exact,15,1663.7589722047087,1547.3567977005885,1565.5858660242188,1591.805424156447,8.0,0.0,8.0,0.0,6.823290508529535,0.454886033901969,1572.2969713753855,1575.8646602970991,186.0,True,0,0.0,0.0,,0.0,,0.0,0.0,0.0,,0.0,,0.0,0.0,0.0,0.0,67.0,69.0,Orthodox,boutmetrics,boutmetrics,False,,7,7,0,0,1.0,3,2,2,0.7142857142857143,0.2857142857142857,5,0.1875,578.0,True,base_exact,7,1573.679087566342,1490.4617550840926,1500.0,1502.137693756047,0.0,0.0,0.0,0.0,3.0699619819309087,0.4385659974187012,1477.031530610867,1486.6464571177298,578.0,True,0,0.0,0.0,,0.0,,0.0,0.0,0.0,,0.0,,0.0,0.0,0.0,0.0,-7.660663805553845,-1.0,-1.0,8.0,0.0,-0.11428571428571432,0.5830108023289843,90.0798846383666,56.89504261649586,0.0,,,,,,,,,,,,,,,,,,,,,,,,,,,,,,,,,
7,DWCS 7.6,2023-09-12,Jhonata Diniz,Eduardo Neves,Jhonata Diniz,locked_validation,True,32.22242756524775,23.491242119961395,1991-06-23,2000-03-16,8.731185445286354,-125.0,-115.0,100.0,120.0,BestFightOdds_historical,,,76.0,79.0,Orthodox,boutmetrics,boutmetrics,False,,0,0,0,0,,0,0,0,,,0,,,False,alias_no_prior_history,0,,,,,,,,,,,,,,False,0,0.0,0.0,,0.0,,0.0,0.0,0.0,,0.0,,0.0,0.0,0.0,0.0,74.0,78.0,Orthodox,boutmetrics,boutmetrics,True,https://www.ufc.com/athlete/eduardo-neves,12,11,1,0,0.9166666666666666,11,0,0,1.0,0.6363636363636364,5,0.5267857142857143,186.0,True,base_exact,12,1603.920504117889,1515.2249798770456,1500.0,1568.2797376090891,2.0,0.0,2.0,0.0,4.330021004912056,0.3608350837426713,1522.380853871501,1531.9772468470085,186.0,True,1,16.0,23.0,0.6956521739130435,7.0,0.4615384615384615,9.0,2.0,2.0,1.0,2.0,0.0,18.0,-32.0,0.0,0.0,8.731185445286354,2.0,1.0,-12.0,,,,,,-9.0,,,,,,,,,,,,,,,,,,,,,,,,,,,,,,,,,
7,DWCS 7.6,2023-09-12,Julia Polastri,Patricia Alujas,Julia Polastri,locked_validation,True,25.52276911914687,27.346215185801213,1998-03-05,1996-05-08,1.8234460666543448,-400.0,-670.0,300.0,600.0,BestFightOdds_historical,,,62.0,63.0,Orthodox,boutmetrics,boutmetrics,False,,16,13,3,0,0.8125,5,3,5,0.6153846153846154,0.1538461538461538,9,0.5448754789272031,227.0,True,base_exact,16,1608.8581618744165,1518.5207252734726,1500.906454823083,1576.8611235865417,4.0,0.0,4.0,0.0,4.535756744767359,0.2834847965479599,1540.8709673472815,1542.2761559253524,227.0,True,1,65.0,132.0,0.4924242424242424,70.0,0.5705521472392638,-5.0,0.0,0.0,,4.0,0.4285714285714286,0.0,-491.0,0.0,0.0,64.0,64.0,Orthodox,boutmetrics,boutmetrics,False,,1,1,0,0,1.0,0,0,1,0.0,0.0,1,0.4444444444444444,633.0,True,base_exact,1,1511.7405908789676,1492.4881664066488,1492.4881664066488,1492.4881664066488,0.0,0.0,0.0,0.0,0.4891912866236472,0.4891912866236472,1492.4881664066488,1492.4881664066488,633.0,True,0,0.0,0.0,,0.0,,0.0,0.0,0.0,,0.0,,0.0,0.0,0.0,0.0,-1.8234460666543448,-2.0,-1.0,15.0,-0.1875,0.6153846153846154,0.1004310344827587,97.11757099544889,26.03255886682382,-5.0,,,,,,,,,,,,,,,,,,,,,,,,,,,,,,,,,
7,DWCS 7.6,2023-09-12,Steven Nguyen,AJ Cunningham,Steven Nguyen,locked_validation,True,30.316844288383745,29.013600553057216,1993-05-19,1994-09-07,1.3032437353265287,-250.0,-295.0,200.0,240.0,BestFightOdds_historical,,,71.0,73.0,Switch,boutmetrics,boutmetrics,True,https://www.ufc.com/athlete/steven-nguyen,5,4,1,0,0.8,2,1,1,0.75,0.75,4,0.5979458450046685,935.0,True,base_exact,5,1536.3041278270284,1516.7878133388735,1510.0472551645762,1555.6797952099096,1.0,0.0,0.0,0.0,1.5126719927928605,0.3025343985585721,1521.5762946263794,1516.7878133388735,935.0,True,2,218.0,502.0,0.4342629482071713,221.0,0.568359375,-3.0,0.0,0.0,,2.0,0.7777777777777778,20.0,1.0,0.0,0.0,70.0,71.0,Orthodox,boutmetrics,boutmetrics,True,https://www.ufc.com/athlete/aj-cunningham,14,11,3,0,0.7857142857142857,3,4,4,0.6363636363636364,0.3636363636363636,6,0.2883838383838384,128.0,True,recovered_event_opponent_alias,14,1575.6308374900098,1496.0066438801732,1500.0,1534.982616826141,0.0,0.0,0.0,0.0,3.1512848954170787,0.225091778244077,1508.314695767555,1505.9278177809797,128.0,True,0,0.0,0.0,,0.0,,0.0,0.0,0.0,,0.0,,0.0,0.0,0.0,0.0,1.3032437353265287,1.0,2.0,-9.0,0.014285714285714346,0.11363636363636365,0.3095620066208301,-39.32670966298133,20.781169458700333,-3.0,,,,,,,,,,,,,,,,,,,,,,,,,,,,,,,,,
7,DWCS 7.7,2023-09-19,Dylan Mantello,Kaynan Kruschewsky,Kaynan Kruschewsky,locked_validation,True,30.831570805697584,32.460625474855746,1992-11-19,1991-04-04,1.6290546691581618,175.0,200.0,-250.0,-230.0,BestFightOdds_historical,,,73.0,73.0,Orthodox,boutmetrics,boutmetrics,False,,9,7,2,0,0.7777777777777778,4,2,1,0.8571428571428571,0.4285714285714285,5,0.3767628205128205,171.0,True,base_exact,9,1551.0239968973117,1496.5056664574292,1489.6946360220493,1562.8430246500895,1.0,0.0,0.0,0.0,2.12599987072132,0.2362222078579244,1497.2643241022968,1506.0084259444052,171.0,True,0,0.0,0.0,,0.0,,0.0,0.0,0.0,,0.0,,0.0,0.0,0.0,0.0,72.0,73.0,Orthodox,boutmetrics,boutmetrics,True,https://www.ufc.com/athlete/kaynan-kruschewsky,20,18,1,1,0.9473684210526316,6,10,2,0.8888888888888888,0.2777777777777778,10,0.691064417851334,143.0,True,base_exact,20,1670.2107095720776,1540.8066770349935,1547.3950001767823,1657.0200264685868,8.0,1.0,7.0,1.0,7.092112898836582,0.3546056449418291,1541.3335769400908,1542.4737567982224,143.0,True,0,0.0,0.0,,0.0,,0.0,0.0,0.0,,0.0,,0.0,0.0,0.0,0.0,-1.6290546691581618,1.0,0.0,-11.0,-0.16959064327485385,-0.031746031746031744,-0.3143015973385135,-119.18671267476589,-44.301010577564284,0.0,,,,,,,,,,,,,,,,,,,,,,,,,,,,,,,,,
7,DWCS 7.7,2023-09-19,Igor Severino,Jhonata Silva,Igor Severino,locked_validation,True,20.413834644106316,26.404375175397167,2003-04-21,1997-04-24,5.990540531290851,,,140.0,185.0,BestFightOdds_historical,,,67.0,69.0,Orthodox,boutmetrics,boutmetrics,True,https://www.ufc.com/athlete/igor-severino,10,10,0,0,1.0,5,5,0,1.0,0.4,4,0.7846412846412847,388.0,True,base_exact,10,1614.1225529618514,1535.2134214125804,1523.783552373954,1600.2219668286248,3.0,1.0,3.0,1.0,4.755106373410486,0.4755106373410486,1562.9696378543767,1548.7445668194564,388.0,True,0,0.0,0.0,,0.0,,0.0,0.0,0.0,,0.0,,0.0,0.0,0.0,0.0,65.0,66.0,Orthodox,boutmetrics,boutmetrics,False,,10,9,1,0,0.9,6,1,2,0.7777777777777778,0.2222222222222222,4,0.875,179.0,True,base_exact,10,1591.1727176913123,1523.1039672587349,1500.0,1591.6578875880043,2.0,0.0,2.0,0.0,3.798863237138013,0.3798863237138013,1556.8139785937,1546.2079345174695,179.0,True,0,0.0,0.0,,0.0,,0.0,0.0,0.0,,0.0,,0.0,0.0,0.0,0.0,-5.990540531290851,2.0,3.0,0.0,0.09999999999999998,0.2222222222222222,-0.09035871535871531,22.949835270539097,12.10945415384549,0.0,,,,,,,,,,,,,,,,,,,,,,,,,,,,,,,,,
7,DWCS 7.7,2023-09-19,Jacobi Jones,Daniel Allen,Daniel Allen,locked_validation,True,27.32157402273832,31.108099413403423,1996-05-24,1992-08-10,3.7865253906651013,-275.0,-225.0,,,BestFightOdds_historical,,,69.0,72.0,Orthodox,boutmetrics,boutmetrics,False,,10,8,2,0,0.8,2,2,4,0.5,0.0,1,0.9068181818181816,123.0,True,base_exact,10,1573.091306201105,1535.1840299630453,1528.1792749177237,1590.753078070432,2.0,0.0,2.0,0.0,3.045471091712709,0.3045471091712709,1566.801412123947,1556.4335124582751,123.0,True,0,0.0,0.0,,0.0,,0.0,0.0,0.0,,0.0,,0.0,0.0,0.0,0.0,72.0,75.0,Southpaw,boutmetrics,boutmetrics,False,,0,0,0,0,,0,0,0,,,0,,,False,unmatched,0,,,,,,,,,,,,,,False,0,0.0,0.0,,0.0,,0.0,0.0,0.0,,0.0,,0.0,0.0,0.0,0.0,-3.7865253906651013,-3.0,-3.0,10.0,,,,,,0.0,,,,,,,,,,,,,,,,,,,,,,,,,,,,,,,,,
7,DWCS 7.7,2023-09-19,Shamil Gaziev,Greg Velasco,Shamil Gaziev,locked_validation,True,33.605070603776944,29.988295447545124,1990-02-10,1993-09-23,3.616775156231821,-450.0,-475.0,300.0,500.0,BestFightOdds_historical,,,76.0,78.0,Orthodox,boutmetrics,boutmetrics,False,,6,6,0,0,1.0,3,0,3,0.5,0.1666666666666666,5,0.6879863056333644,213.0,True,base_exact,6,1578.401090069543,1562.7074909761604,1534.401604390482,1643.3266354773498,2.0,2.0,2.0,2.0,3.26671208623096,0.5444520143718267,1599.756434330465,1573.6145023544718,213.0,True,0,0.0,0.0,,0.0,,0.0,0.0,0.0,,0.0,,0.0,0.0,0.0,0.0,74.0,70.0,Southpaw,boutmetrics,boutmetrics,False,,1,1,0,0,1.0,1,0,0,1.0,0.0,1,0.25,717.0,True,base_exact,1,1511.5397002793777,1486.6664160191474,1486.6664160191474,1486.6664160191474,0.0,0.0,0.0,0.0,0.4808208449740623,0.4808208449740623,1486.6664160191474,1486.6664160191474,717.0,True,0,0.0,0.0,,0.0,,0.0,0.0,0.0,,0.0,,0.0,0.0,0.0,0.0,3.616775156231821,2.0,8.0,5.0,0.0,-0.5,0.4379863056333644,66.86138979016528,76.04107495701305,0.0,,,,,,,,,,,,,,,,,,,,,,,,,,,,,,,,,
7,DWCS 7.7,2023-09-19,Stephanie Luciano,Talita Alencar,,locked_validation,True,23.75955700664627,32.923331759036806,1999-12-16,1990-10-17,9.163774752390538,163.0,163.0,-225.0,-166.0,BestFightOdds_historical,,,66.0,65.0,Orthodox,boutmetrics,boutmetrics,True,https://www.ufc.com/athlete/stephanie-bruna-luciano,4,4,0,0,1.0,2,0,2,0.5,0.0,1,1.0,310.0,True,base_exact,4,1549.9695980821598,1533.1263346425287,1533.0638893924852,1555.60523250891,1.0,0.0,1.0,0.0,2.082066586756659,0.5205166466891648,1536.306546385497,1533.1263346425287,310.0,True,0,0.0,0.0,,0.0,,0.0,0.0,0.0,,0.0,,0.0,0.0,0.0,0.0,61.0,58.0,Orthodox,boutmetrics,boutmetrics,True,https://www.ufc.com/athlete/talita-alencar,5,5,0,0,1.0,0,3,2,0.6,0.4,2,0.5,158.0,True,base_exact,5,1556.2384067711291,1501.3886128567324,1500.0,1509.0277509766618,0.0,0.0,0.0,0.0,2.3432669487970426,0.4686533897594085,1502.3143547612208,1501.3886128567324,158.0,True,0,0.0,0.0,,0.0,,0.0,0.0,0.0,,0.0,,0.0,0.0,0.0,0.0,-9.163774752390538,5.0,7.0,-1.0,0.0,-0.09999999999999998,0.5,-6.2688086889693295,31.73772178579634,0.0,,,,,,,,,,,,,,,,,,,,,,,,,,,,,,,,,
7,DWCS 7.9,2023-10-03,Jose Daniel Medina,Magomed Gadzhiyasulov,Magomed Gadzhiyasulov,locked_validation,True,32.38122617165308,29.911634051349445,1991-05-17,1993-11-04,2.4695921203036377,450.0,700.0,-800.0,-1000.0,BestFightOdds_historical,,,72.0,74.0,Orthodox,boutmetrics,boutmetrics,True,https://www.ufc.com/athlete/jose-daniel-medina,8,7,1,0,0.875,5,0,2,0.7142857142857143,0.4285714285714285,6,0.5613455212550607,353.0,True,recovered_event_opponent_alias,8,1564.50711607839,1502.9494600519902,1512.4476722184604,1565.318735065609,1.0,0.0,1.0,0.0,2.6877965032662496,0.3359745629082812,1491.1438658340078,1504.3270637758212,353.0,True,0,0.0,0.0,,0.0,,0.0,0.0,0.0,,0.0,,0.0,0.0,0.0,0.0,74.0,75.0,Orthodox,boutmetrics,boutmetrics,True,https://www.ufc.com/athlete/magomed-gadzhiyasulov,7,7,0,0,1.0,5,1,1,0.8571428571428571,0.8571428571428571,5,0.0833333333333333,340.0,True,base_exact,7,1575.063547841648,1496.2376516905892,1500.0,1500.0,0.0,0.0,0.0,0.0,3.1276478267353203,0.44680683239076,1499.221187278041,1497.1327123668248,340.0,True,0,0.0,0.0,,0.0,,0.0,0.0,0.0,,0.0,,0.0,0.0,0.0,0.0,2.4695921203036377,-2.0,-1.0,1.0,-0.125,-0.1428571428571428,0.47801218792172734,-10.556431763257933,6.7118083614009265,0.0,,,,,,,,,,,,,,,,,,,,,,,,,,,,,,,,,
7,DWCS 7.9,2023-10-03,Mauricio Ruffy,Raimond Magomedaliev,Mauricio Ruffy,locked_validation,True,27.29419495266843,33.31485246103616,1996-06-17,1990-06-10,6.02065750836773,130.0,180.0,-175.0,-200.0,BestFightOdds_historical,,,71.0,75.0,Orthodox,boutmetrics,boutmetrics,True,https://www.ufc.com/athlete/mauricio-ruffy,3,2,1,0,0.6666666666666666,2,0,0,1.0,0.0,2,0.8130970336852691,130.0,True,base_exact,3,1520.6160063770678,1597.1153648569718,1533.6551450695763,1726.7688868824532,1.0,1.0,1.0,1.0,0.8590002657111582,0.2863334219037194,1597.1153648569718,1597.1153648569718,130.0,True,0,0.0,0.0,,0.0,,0.0,0.0,0.0,,0.0,,0.0,0.0,0.0,0.0,73.0,75.0,Orthodox,boutmetrics,boutmetrics,True,https://www.ufc.com/athlete/raimond-magomedaliev,2,2,0,0,1.0,1,0,1,0.5,0.5,2,0.7559523809523809,571.0,True,base_exact,2,1529.5897747556476,1590.1829934954546,1590.1829934954546,1596.3477253797378,2.0,0.0,2.0,0.0,1.232907281485312,0.616453640742656,1590.1829934954546,1590.1829934954546,571.0,True,0,0.0,0.0,,0.0,,0.0,0.0,0.0,,0.0,,0.0,0.0,0.0,0.0,-6.02065750836773,-2.0,0.0,1.0,-0.33333333333333337,0.5,0.05714465273288816,-8.973768378579734,6.932371361517198,0.0,,,,,,,,,,,,,,,,,,,,,,,,,,,,,,,,,
7,DWCS 7.9,2023-10-03,Murtaza Talha,Rodolfo Bellato,Rodolfo Bellato,locked_validation,True,27.231223091507697,27.658336584597905,1996-07-10,1996-02-05,0.4271134930902072,275.0,310.0,,,BestFightOdds_historical,,,72.0,74.0,Orthodox,boutmetrics,boutmetrics,True,https://www.ufc.com/athlete/murtaza-talha,0,0,0,0,,0,0,0,,,0,,,False,unmatched,0,,,,,,,,,,,,,,False,0,0.0,0.0,,0.0,,0.0,0.0,0.0,,0.0,,0.0,0.0,0.0,0.0,75.0,75.0,Orthodox,boutmetrics,boutmetrics,True,https://www.ufc.com/athlete/rodolfo-bellato,4,4,0,0,1.0,2,2,0,1.0,1.0,1,0.6393939393939393,207.0,True,base_exact,4,1550.4955824496649,1538.732431575421,1538.0843981784628,1569.3647710849757,2.0,0.0,2.0,0.0,2.103982602069367,0.5259956505173418,1528.5216517389028,1538.732431575421,207.0,True,1,18.0,42.0,0.4285714285714285,42.0,0.5,-24.0,1.0,3.0,0.3333333333333333,0.0,,136.0,13.0,1.0,1.0,-0.4271134930902072,-3.0,-1.0,-4.0,,,,,,24.0,,,,,,,,,,,,,,,,,,,,,,,,,,,,,,,,,
7,DWCS 7.9,2023-10-03,Victor Hugo,Eduardo Torres Caut,Victor Hugo,locked_validation,True,30.861687782774457,28.43864008158963,1992-11-22,1995-04-26,2.423047701184828,,,,,,,,67.0,71.0,Orthodox,boutmetrics,boutmetrics,True,https://www.ufc.com/athlete/victor-hugo,29,24,5,0,0.8275862068965517,8,9,7,0.7083333333333334,0.5416666666666666,22,0.4677829883125449,136.0,True,base_exact,29,1667.9762655218397,1518.867162598055,1500.0,1630.6694493767804,6.0,2.0,4.0,1.0,6.999011063409991,0.2413452090831031,1562.0723939103611,1537.9802749484045,136.0,True,0,0.0,0.0,,0.0,,0.0,0.0,0.0,,0.0,,0.0,0.0,0.0,0.0,67.0,70.0,Orthodox,boutmetrics,boutmetrics,False,,19,18,1,0,0.9473684210526316,6,5,7,0.6111111111111112,0.2777777777777778,14,0.4667951931109826,115.0,True,recovered_event_opponent_alias,19,1658.6275784569964,1514.8736673373055,1500.0,1586.3900538637008,4.0,0.0,3.0,0.0,6.609482435708198,0.3478674966162209,1522.497907191332,1513.5811482359904,115.0,True,0,0.0,0.0,,0.0,,0.0,0.0,0.0,,0.0,,0.0,0.0,0.0,0.0,2.423047701184828,0.0,1.0,10.0,-0.11978221415607992,0.09722222222222221,0.0009877952015622804,9.348687064843261,3.993495260749569,0.0,,,,,,,,,,,,,,,,,,,,,,,,,,,,,,,,,
7,DWCS 7.10,2023-10-10,Connor Matthews,Jair Farias,Connor Matthews,locked_validation,True,31.35998685804637,30.568731733026688,1992-05-31,1993-03-16,0.7912551250196813,120.0,180.0,-163.0,-186.0,BestFightOdds_historical,,,68.0,71.0,Switch,boutmetrics,boutmetrics,True,https://www.ufc.com/athlete/connor-matthews,7,6,1,0,0.8571428571428571,1,5,0,1.0,1.0,4,0.3075757575757575,209.0,True,base_exact,7,1548.9600872533167,1479.5668052505607,1488.414300586377,1544.227771676487,0.0,0.0,0.0,0.0,2.040003635554868,0.2914290907935525,1515.0474396511297,1477.9481514907752,209.0,True,1,74.0,181.0,0.4088397790055249,110.0,0.5258620689655172,-36.0,0.0,0.0,,6.0,0.4,7.0,-342.0,0.0,1.0,73.0,76.0,Orthodox,boutmetrics,boutmetrics,True,https://www.ufc.com/athlete/jair-farias,12,11,1,0,0.9166666666666666,8,1,2,0.8181818181818182,0.4545454545454545,12,0.5801982963273287,116.0,True,base_exact,12,1606.0740289425205,1517.4687716530832,1510.7402125420874,1600.6698271550013,1.0,1.0,1.0,1.0,4.419751205938343,0.3683126004948618,1533.6918643085858,1523.3010421362603,116.0,True,0,0.0,0.0,,0.0,,0.0,0.0,0.0,,0.0,,0.0,0.0,0.0,0.0,0.7912551250196813,-5.0,-5.0,-5.0,-0.059523809523809534,0.18181818181818177,-0.27262253875157116,-57.113941689203784,-37.901966402522476,-36.0,,,,,,,,,,,,,,,,,,,,,,,,,,,,,,,,,
7,DWCS 7.10,2023-10-10,Davi Bittencourt,Lucas Rocha,Lucas Rocha,locked_validation,True,28.99443520400829,23.159955372115785,1994-10-12,2000-08-12,5.834479831892505,105.0,-135.0,-138.0,130.0,BestFightOdds_historical,,,65.0,65.0,Orthodox,boutmetrics,boutmetrics,False,,19,15,4,0,0.7894736842105263,6,6,3,0.8,0.6666666666666666,13,0.4678481919083422,333.0,True,base_exact,19,1617.2688626374927,1510.6411285071065,1500.0,1605.4256289850862,4.0,1.0,3.0,1.0,4.886202609895543,0.2571685584155549,1594.646697828209,1556.9329262963408,333.0,True,0,0.0,0.0,,0.0,,0.0,0.0,0.0,,0.0,,0.0,0.0,0.0,0.0,63.0,64.0,Orthodox,boutmetrics,boutmetrics,True,https://www.ufc.com/athlete/lucas-rocha,21,17,3,1,0.85,9,4,4,0.7647058823529411,0.4117647058823529,14,0.5131447498277564,136.0,True,base_exact,21,1644.786714356284,1524.3948509428003,1503.0934627738325,1599.9389444944666,7.0,0.0,6.0,0.0,6.032779764845161,0.2872752268973886,1592.837907897899,1565.8604482598366,136.0,True,0,0.0,0.0,,0.0,,0.0,0.0,0.0,,0.0,,0.0,0.0,0.0,0.0,5.834479831892505,2.0,1.0,-2.0,-0.06052631578947365,0.03529411764705892,-0.04529655791941417,-27.517851718791235,-13.753722435693817,0.0,,,,,,,,,,,,,,,,,,,,,,,,,,,,,,,,,
7,DWCS 7.10,2023-10-10,MarQuel Mederos,Issa Isakov,MarQuel Mederos,locked_validation,True,26.858867738557255,33.96647432869943,1996-11-30,1989-10-22,7.107606590142172,110.0,180.0,-150.0,-200.0,BestFightOdds_historical,,,70.0,69.0,Orthodox,boutmetrics,boutmetrics,True,https://www.ufc.com/athlete/marquel-mederos,1,1,0,0,1.0,1,0,0,1.0,1.0,1,0.4166666666666667,513.0,True,base_exact,1,1511.6053486405183,1488.5695505914307,1488.5695505914307,1488.5695505914307,0.0,0.0,0.0,0.0,0.4835561933549368,0.4835561933549368,1488.5695505914307,1488.5695505914307,513.0,True,0,0.0,0.0,,0.0,,0.0,0.0,0.0,,0.0,,0.0,0.0,0.0,0.0,69.0,70.0,Orthodox,boutmetrics,boutmetrics,True,https://www.ufc.com/athlete/issa-isakov,3,2,1,0,0.6666666666666666,0,1,1,0.5,0.5,3,0.5416666666666666,1158.0,True,base_exact,3,1515.6187283633003,1539.9106932139991,1547.12996733533,1584.588296538822,1.0,0.0,0.0,0.0,0.6507803484708536,0.2169267828236178,1539.9106932139991,1539.9106932139991,1158.0,True,0,0.0,0.0,,0.0,,0.0,0.0,0.0,,0.0,,0.0,0.0,0.0,0.0,-7.107606590142172,1.0,-1.0,-2.0,0.33333333333333337,0.5,-0.12499999999999994,-4.01337972278202,-51.34114262256844,0.0,,,,,,,,,,,,,,,,,,,,,,,,,,,,,,,,,
7,DWCS 7.10,2023-10-10,Ramon Taveras,Cortavious Romious,Ramon Taveras,locked_validation,True,29.750097537937123,29.758311258958088,1994-01-09,1994-01-06,0.008213721020965181,120.0,190.0,-163.0,-225.0,BestFightOdds_historical,,,68.0,70.0,Southpaw,boutmetrics,boutmetrics,True,https://www.ufc.com/athlete/ramon-taveras,1,1,0,0,1.0,1,0,0,1.0,1.0,1,0.4078947368421052,220.0,True,base_exact,1,1507.7973323288388,1372.9438080890236,1372.9438080890236,1372.9438080890236,0.0,0.0,0.0,0.0,0.3248888470349527,0.3248888470349527,1372.9438080890236,1372.9438080890236,220.0,True,1,11.0,19.0,0.5789473684210527,11.0,0.6451612903225806,0.0,0.0,0.0,,0.0,,0.0,-2.0,0.0,0.0,64.0,68.0,Southpaw,boutmetrics,boutmetrics,True,https://www.ufc.com/athlete/cortavious-romious,9,8,1,0,0.8888888888888888,2,5,1,0.875,0.75,5,0.4941666666666666,116.0,True,base_exact,9,1575.0830287170766,1504.8080873670694,1513.8862064640764,1532.4048144065466,0.0,0.0,0.0,0.0,3.128459529878182,0.3476066144309091,1518.8800819756364,1515.620817747848,116.0,True,0,0.0,0.0,,0.0,,0.0,0.0,0.0,,0.0,,0.0,0.0,0.0,0.0,-0.008213721020965181,4.0,2.0,-8.0,0.11111111111111116,0.125,-0.08627192982456139,-67.28569638823774,-131.86427927804584,0.0,,,,,,,,,,,,,,,,,,,,,,,,,,,,,,,,,
7,DWCS 7.10,2023-10-10,Rickson Zenidim,Andre Lima,Andre Lima,locked_validation,True,24.643900969903555,24.679493760994408,1999-02-17,1999-02-04,0.03559279109085267,163.0,210.0,-225.0,-260.0,BestFightOdds_historical,,,67.0,67.0,Orthodox,boutmetrics,boutmetrics,True,https://www.ufc.com/athlete/rickson-zenidim,15,14,1,0,0.9333333333333332,2,10,2,0.8571428571428571,0.7142857142857143,8,0.5402433425160698,159.0,True,recovered_event_opponent_alias,15,1630.6181890781015,1522.647773043336,1505.686041435725,1635.1325697608268,2.0,1.0,1.0,0.0,5.442424544920911,0.3628283029947274,1581.3866435518642,1559.579994010864,159.0,True,0,0.0,0.0,,0.0,,0.0,0.0,0.0,,0.0,,0.0,0.0,0.0,0.0,67.0,67.0,Orthodox,boutmetrics,boutmetrics,False,,7,7,0,0,1.0,6,0,1,0.8571428571428571,0.5714285714285714,3,0.673015873015873,95.0,True,base_exact,7,1580.68321785433,1521.157287449612,1513.185612810503,1553.2740050782777,1.0,0.0,1.0,0.0,3.361800743930422,0.4802572491329174,1535.3524211703525,1532.436724964005,95.0,True,0,0.0,0.0,,0.0,,0.0,0.0,0.0,,0.0,,0.0,0.0,0.0,0.0,-0.03559279109085267,0.0,0.0,8.0,-0.06666666666666676,0.0,-0.1327725304998032,49.93497122377153,1.4904855937238608,0.0,,,,,,,,,,,,,,,,,,,,,,,,,,,,,,,,,
7,DWCS 7.10,2023-10-10,Yuri Panferov,Torrez Finney,Torrez Finney,locked_validation,True,27.1107551832002,24.961498182714223,1996-08-30,1998-10-24,2.149257000485978,110.0,200.0,,,BestFightOdds_historical,,,73.0,72.0,Orthodox,boutmetrics,boutmetrics,False,,1,1,0,0,1.0,1,0,0,1.0,1.0,1,0.3809523809523809,327.0,True,base_exact,1,1510.4469073460332,1454.7797342459207,1454.7797342459207,1454.7797342459207,0.0,0.0,0.0,0.0,0.4352878060847137,0.4352878060847137,1454.7797342459207,1454.7797342459207,327.0,True,0,0.0,0.0,,0.0,,0.0,0.0,0.0,,0.0,,0.0,0.0,0.0,0.0,68.0,75.0,Orthodox,boutmetrics,boutmetrics,False,,0,0,0,0,,0,0,0,,,0,,,False,unmatched,0,,,,,,,,,,,,,,False,0,0.0,0.0,,0.0,,0.0,0.0,0.0,,0.0,,0.0,0.0,0.0,0.0,2.149257000485978,5.0,-3.0,1.0,,,,,,0.0,,,,,,,,,,,,,,,,,,,,,,,,,,,,,,,,,
8,DWCS 8.1,2024-08-13,Ding Meng,Rami Hamed,Rami Hamed,locked_validation,True,29.878779167265584,33.30390083300821,1994-09-27,1991-04-25,3.4251216657426227,,,150.0,190.0,BestFightOdds_historical,,,74.0,73.0,Orthodox,boutmetrics,boutmetrics,False,,0,0,0,0,,0,0,0,,,0,,,False,unmatched,0,,,,,,,,,,,,,,False,0,0.0,0.0,,0.0,,0.0,0.0,0.0,,0.0,,0.0,0.0,0.0,0.0,73.0,71.0,Orthodox,boutmetrics,boutmetrics,False,,2,1,1,0,0.5,0,0,1,0.0,0.0,2,0.7450980392156863,1537.0,True,base_exact,2,1505.7775650289525,1581.3450027228037,1581.3450027228037,1605.241539500753,2.0,1.0,1.0,0.0,0.2407318762063517,0.1203659381031758,1581.3450027228037,1581.3450027228037,1537.0,True,0,0.0,0.0,,0.0,,0.0,0.0,0.0,,0.0,,0.0,0.0,0.0,0.0,-3.4251216657426227,1.0,2.0,-2.0,,,,,,0.0,,,,,,,,,,,,,,,,,,,,,,,,,,,,,,,,,
8,DWCS 8.1,2024-08-13,Jose Delgado,Ernie Juarez,Jose Delgado,locked_validation,True,26.314024244166543,26.585077037858408,1998-04-21,1998-01-12,0.2710527936918652,-278.0,-300.0,200.0,260.0,BestFightOdds_historical,,,71.0,74.0,Switch,boutmetrics,boutmetrics,False,,9,8,1,0,0.8888888888888888,4,4,0,1.0,0.75,6,0.6266835016835016,32.0,True,base_exact,9,1578.6053362883852,1515.2408651425706,1500.0,1558.4067780697983,1.0,0.0,1.0,0.0,3.275222345349373,0.3639135939277081,1534.901174444255,1520.3603500748054,32.0,True,0,0.0,0.0,,0.0,,0.0,0.0,0.0,,0.0,,0.0,0.0,0.0,0.0,68.0,70.0,Stance —,boutmetrics,boutmetrics,False,,7,7,0,0,1.0,2,2,3,0.5714285714285714,0.1428571428571428,3,0.5,137.0,True,base_exact,7,1576.3242642950363,1502.130265487394,1500.0,1534.3608929118905,0.0,0.0,0.0,0.0,3.1801776789598577,0.4543110969942653,1500.0,1502.9823716823512,137.0,True,0,0.0,0.0,,0.0,,0.0,0.0,0.0,,0.0,,0.0,0.0,0.0,0.0,-0.2710527936918652,3.0,4.0,2.0,-0.11111111111111116,0.4285714285714286,0.12668350168350162,2.28107199334886,13.110599655176657,0.0,,,,,,,,,,,,,,,,,,,,,,,,,,,,,,,,,
8,DWCS 8.1,2024-08-13,Lone'er Kavanagh,An Tuan Ho,Lone'er Kavanagh,locked_validation,True,25.180530743273305,23.877287007946773,1999-06-09,2000-09-27,1.3032437353265323,-120.0,-140.0,-110.0,130.0,BestFightOdds_historical,,,66.0,67.0,Orthodox,boutmetrics,boutmetrics,True,https://www.ufc.com/athlete/loneer-kavanagh,10,10,0,0,1.0,5,1,4,0.6,0.1,3,0.9281045751633988,136.0,True,base_exact,10,1609.456373438619,1518.8055470143577,1516.8898897877957,1568.9017757067843,2.0,0.0,2.0,0.0,4.560682226609132,0.4560682226609132,1553.3946689507848,1543.2935841965495,136.0,True,0,0.0,0.0,,0.0,,0.0,0.0,0.0,,0.0,,0.0,0.0,0.0,0.0,66.0,66.0,Switch,boutmetrics,boutmetrics,False,,4,4,0,0,1.0,2,2,0,1.0,0.0,1,0.4772727272727273,326.0,True,base_exact,4,1543.0013155804777,1480.6583603397032,1480.1902978716985,1501.8782285387506,0.0,0.0,0.0,0.0,1.791721482519904,0.447930370629976,1473.5850709400208,1480.6583603397032,326.0,True,0,0.0,0.0,,0.0,,0.0,0.0,0.0,,0.0,,0.0,0.0,0.0,0.0,1.3032437353265323,0.0,1.0,6.0,0.0,-0.4,0.45083184789067154,66.45505785814134,38.14718667465445,0.0,,,,,,,,,,,,,,,,,,,,,,,,,,,,,,,,,
8,DWCS 8.1,2024-08-13,Mansur Abdul-Malik,Wes Schultz,Mansur Abdul-Malik,locked_validation,True,26.850654017536293,28.01152658849942,1997-10-07,1996-08-09,1.1608725709631287,-110.0,-300.0,-120.0,275.0,BestFightOdds_historical,,,74.0,80.0,Orthodox,boutmetrics,boutmetrics,True,https://www.ufc.com/athlete/mansur-abdul-malik,6,6,0,0,1.0,5,1,0,1.0,1.0,4,,186.0,True,base_exact,6,1565.7428236934954,1498.260858172671,1500.0,1500.0,0.0,0.0,0.0,0.0,2.739284320562299,0.4565473867603831,1496.5217163453424,1497.9130298072057,186.0,True,0,0.0,0.0,,0.0,,0.0,0.0,0.0,,0.0,,0.0,0.0,0.0,0.0,74.0,77.0,Orthodox,boutmetrics,boutmetrics,True,https://www.ufc.com/athlete/wes-schultz,13,11,2,0,0.8461538461538461,4,5,2,0.8181818181818182,0.6363636363636364,3,0.5380591630591631,130.0,True,recovered_event_opponent_alias,13,1590.513674597722,1505.188831810894,1500.0,1569.9625834128424,2.0,0.0,0.0,0.0,3.771403108238406,0.2901079314029543,1502.7621320093515,1508.3146925742926,130.0,True,0,0.0,0.0,,0.0,,0.0,0.0,0.0,,0.0,,0.0,0.0,0.0,0.0,-1.1608725709631287,0.0,3.0,-7.0,0.15384615384615385,0.18181818181818177,,-24.770850904226563,-6.927973638222966,0.0,,,,,,,,,,,,,,,,,,,,,,,,,,,,,,,,,
8,DWCS 8.1,2024-08-13,Mikheil Sazhiniani,Bruno Lopes,Bruno Lopes,locked_validation,True,27.85546588910108,31.305228717906594,1996-10-05,1993-04-24,3.4497628288055147,120.0,152.0,-154.0,-170.0,BestFightOdds_historical,,,72.0,71.0,Orthodox,boutmetrics,boutmetrics,False,,2,2,0,0,1.0,2,0,0,1.0,1.0,1,0.4223443223443223,164.0,True,base_exact,2,1520.2350282332338,1449.0168130992856,1449.0168130992856,1487.3043165071877,0.0,0.0,0.0,0.0,0.8431261763847411,0.4215630881923705,1449.0168130992856,1449.0168130992856,164.0,True,0,0.0,0.0,,0.0,,0.0,0.0,0.0,,0.0,,0.0,0.0,0.0,0.0,74.0,74.0,Orthodox,boutmetrics,boutmetrics,True,https://www.ufc.com/athlete/bruno-lopes,17,16,1,0,0.9411764705882352,6,7,3,0.8125,0.5,6,0.5512669683257918,199.0,True,base_exact,17,1648.3780083801598,1527.9227121936046,1522.979551541895,1585.6374562228498,5.0,0.0,4.0,0.0,6.182417015839975,0.3636715891670573,1574.555185762211,1559.3738231041102,199.0,True,1,20.0,57.0,0.3508771929824561,32.0,0.536231884057971,-12.0,0.0,0.0,,0.0,,15.0,11.0,0.0,0.0,-3.4497628288055147,-2.0,-3.0,-15.0,0.05882352941176483,0.1875,-0.12892264598146952,-128.142980146926,-78.90589909431901,12.0,,,,,,,,,,,,,,,,,,,,,,,,,,,,,,,,,
8,DWCS 8.2,2024-08-20,Andreas Gustafsson,Pat Pytlik,Andreas Gustafsson,locked_validation,True,33.49829223050439,35.32447620416573,1991-02-20,1989-04-24,1.8261839736613368,-250.0,-220.0,205.0,200.0,BestFightOdds_historical,,,73.0,73.0,Orthodox,boutmetrics,boutmetrics,True,https://www.ufc.com/athlete/andreas-gustafsson,5,4,1,0,0.8,3,1,0,1.0,0.25,3,0.5487891737891737,269.0,True,base_exact,5,1535.4134361007762,1510.9727222754516,1507.2204817096044,1667.1105027852248,2.0,1.0,1.0,0.0,1.4755598375323298,0.2951119675064659,1587.890901552014,1510.9727222754516,269.0,True,0,0.0,0.0,,0.0,,0.0,0.0,0.0,,0.0,,0.0,0.0,0.0,0.0,72.0,73.0,Orthodox,boutmetrics,boutmetrics,False,,1,0,1,0,0.0,0,0,0,,,1,0.5652173913043478,1999.0,True,base_exact,1,1488.4281371541915,1512.401103923006,1512.401103923006,1512.401103923006,0.0,0.0,0.0,0.0,-0.4821609519086827,-0.4821609519086827,1512.401103923006,1512.401103923006,1999.0,True,0,0.0,0.0,,0.0,,0.0,0.0,0.0,,0.0,,0.0,0.0,0.0,0.0,-1.8261839736613368,1.0,0.0,4.0,0.8,,-0.016428217515174093,46.985298946584635,-1.4283816475544882,0.0,,,,,,,,,,,,,,,,,,,,,,,,,,,,,,,,,
8,DWCS 8.2,2024-08-20,Billy Brand,Cody Haddon,Cody Haddon,locked_validation,True,28.131994496806914,25.94988261223708,1996-07-03,1998-09-08,2.182111884569835,142.0,155.0,-170.0,-160.0,BestFightOdds_historical,,,66.0,65.0,Orthodox,boutmetrics,boutmetrics,False,,1,1,0,0,1.0,1,0,0,1.0,0.0,1,0.0,395.0,True,base_exact,1,1511.572348766711,1487.6129828391752,1487.6129828391752,1487.6129828391752,0.0,0.0,0.0,0.0,0.4821811986129607,0.4821811986129607,1487.6129828391752,1487.6129828391752,395.0,True,0,0.0,0.0,,0.0,,0.0,0.0,0.0,,0.0,,0.0,0.0,0.0,0.0,67.0,69.0,Orthodox,boutmetrics,boutmetrics,True,https://www.ufc.com/athlete/cody-haddon,1,0,1,0,0.0,0,0,0,,,1,0.8571428571428571,1172.0,True,base_exact,1,1490.0100942655051,1558.751866876964,1558.751866876964,1558.751866876964,1.0,0.0,0.0,0.0,-0.4162460722706199,-0.4162460722706199,1558.751866876964,1558.751866876964,1172.0,True,0,0.0,0.0,,0.0,,0.0,0.0,0.0,,0.0,,0.0,0.0,0.0,0.0,2.182111884569835,-1.0,-4.0,0.0,1.0,,-0.8571428571428571,21.56225450120587,-71.13888403778878,0.0,,,,,,,,,,,,,,,,,,,,,,,,,,,,,,,,,
8,DWCS 8.2,2024-08-20,Cam Rowston,Torrez Finney,Torrez Finney,locked_validation,True,29.58582311751781,25.823938889915603,1995-01-19,1998-10-24,3.7618842276022058,280.0,380.0,-355.0,-400.0,BestFightOdds_historical,,,75.0,78.0,Orthodox,boutmetrics,boutmetrics,True,https://www.ufc.com/athlete/cameron-rowston,0,0,0,0,,0,0,0,,,0,,,False,unmatched,0,,,,,,,,,,,,,,False,0,0.0,0.0,,0.0,,0.0,0.0,0.0,,0.0,,0.0,0.0,0.0,0.0,68.0,75.0,Orthodox,boutmetrics,boutmetrics,False,,1,1,0,0,1.0,1,0,0,1.0,1.0,1,0.5,108.0,True,base_exact,1,1512.10146073456,1502.9376591471416,1502.9376591471416,1502.9376591471416,0.0,0.0,0.0,0.0,0.5042275306066742,0.5042275306066742,1502.9376591471416,1502.9376591471416,108.0,True,1,7.0,12.0,0.5833333333333334,18.0,0.4705882352941176,-11.0,7.0,11.0,0.6363636363636364,0.0,,393.0,388.0,0.0,2.0,3.7618842276022058,7.0,3.0,-1.0,,,,,,11.0,,,,,,,,,,,,,,,,,,,,,,,,,,,,,,,,,
8,DWCS 8.2,2024-08-20,Cortavious Romious,Michael Imperato,Cortavious Romious,locked_validation,True,30.620751966159467,34.96854829325722,1994-01-06,1989-09-01,4.347796327097754,-270.0,-345.0,220.0,330.0,BestFightOdds_historical,,,64.0,68.0,Southpaw,boutmetrics,boutmetrics,True,https://www.ufc.com/athlete/cortavious-romious,11,9,2,0,0.8181818181818182,2,6,1,0.8888888888888888,0.7777777777777778,7,0.503025641025641,122.0,True,base_exact,11,1567.6406246344222,1495.6847820340483,1507.7973323288388,1532.4048144065466,0.0,0.0,0.0,0.0,2.8183593597675864,0.2562144872515988,1475.032734586109,1493.180012399563,122.0,True,1,7.0,22.0,0.3181818181818182,10.0,0.4117647058823529,-3.0,0.0,0.0,,0.0,,0.0,-2.0,0.0,0.0,67.0,66.0,Switch,boutmetrics,boutmetrics,False,,8,5,3,0,0.625,0,3,2,0.6,0.6,5,0.6762175324675325,214.0,True,base_exact,8,1526.7165029720727,1520.2549540010978,1519.830660830206,1574.7656964747357,1.0,0.0,1.0,0.0,1.1131876238363678,0.1391484529795459,1526.616549643275,1520.223278204096,214.0,True,0,0.0,0.0,,0.0,,0.0,0.0,0.0,,0.0,,0.0,0.0,0.0,0.0,-4.347796327097754,-3.0,2.0,3.0,0.19318181818181823,0.28888888888888886,-0.1731918914418915,40.924121662349535,-24.57017196704942,-3.0,,,,,,,,,,,,,,,,,,,,,,,,,,,,,,,,,
8,DWCS 8.2,2024-08-20,Rizvan Kuniev,Hugo Cunha,Rizvan Kuniev,locked_validation,True,32.446935939820804,31.540688720507607,1992-03-10,1993-02-04,0.9062472193131974,-500.0,-520.0,380.0,500.0,BestFightOdds_historical,,,76.0,76.0,Orthodox,boutmetrics,boutmetrics,True,https://www.ufc.com/athlete/rizvan-kuniev,5,4,1,0,0.8,1,0,2,0.25,0.0,4,0.6316993464052287,1340.0,True,base_exact,5,1537.6725895691409,1519.180873161952,1533.8273442160375,1563.9446173493695,1.0,0.0,1.0,0.0,1.569691232047519,0.3139382464095038,1524.3097808307064,1519.180873161952,1340.0,True,1,78.0,106.0,0.7358490566037735,17.0,0.5142857142857142,61.0,3.0,4.0,0.75,0.0,,388.0,386.0,0.0,0.0,75.0,79.0,Orthodox,boutmetrics,boutmetrics,False,,11,10,1,0,0.9090909090909092,5,5,0,1.0,0.7,6,0.6343304843304842,291.0,True,base_exact,11,1599.9416141062882,1526.193895259819,1513.041465488841,1588.4345591285148,3.0,0.0,2.0,0.0,4.164233921095338,0.3785667200995762,1561.887178374119,1554.614212475023,291.0,True,0,0.0,0.0,,0.0,,0.0,0.0,0.0,,0.0,,0.0,0.0,0.0,0.0,0.9062472193131974,1.0,-3.0,-6.0,-0.10909090909090913,-0.75,-0.002631137925255489,-62.26902453714729,-7.013022097867179,61.0,,,,,,,,,,,,,,,,,,,,,,,,,,,,,,,,,
8,DWCS 8.3,2024-08-27,Andrey Pulyaev,Liam Anderson,Andrey Pulyaev,locked_validation,True,26.962908204822824,29.621415908608665,1997-09-10,1995-01-13,2.6585077037858404,104.0,205.0,-137.0,-225.0,BestFightOdds_historical,,,76.0,78.0,Southpaw,boutmetrics,boutmetrics,True,https://www.ufc.com/athlete/andrey-pulyaev,2,1,1,0,0.5,1,0,0,1.0,1.0,2,0.6614754098360656,207.0,True,base_exact,2,1504.884320601548,1566.877746053896,1566.877746053896,1586.226539469288,1.0,0.0,1.0,0.0,0.2035133583978394,0.1017566791989197,1566.877746053896,1566.877746053896,207.0,True,0,0.0,0.0,,0.0,,0.0,0.0,0.0,,0.0,,0.0,0.0,0.0,0.0,75.0,75.0,Orthodox,boutmetrics,boutmetrics,False,,11,9,2,0,0.8181818181818182,4,5,0,1.0,0.6666666666666666,5,0.3896103896103896,186.0,True,base_exact,11,1574.2882517973026,1494.9591385994645,1500.0,1510.5607122387055,0.0,0.0,0.0,0.0,3.0953438248876117,0.281394893171601,1499.916463599536,1499.9498781597215,186.0,True,0,0.0,0.0,,0.0,,0.0,0.0,0.0,,0.0,,0.0,0.0,0.0,0.0,-2.6585077037858404,1.0,3.0,-9.0,-0.31818181818181823,0.0,0.271865020225676,-69.40393119575447,71.9186074544316,0.0,,,,,,,,,,,,,,,,,,,,,,,,,,,,,,,,,
8,DWCS 8.3,2024-08-27,Bogdan Grad,Michael Aswell Jr.,Bogdan Grad,locked_validation,True,28.915035900805627,23.91561770604461,1995-09-28,2000-09-27,4.999418194761017,-157.0,124.0,117.0,-115.0,BestFightOdds_historical,,,68.0,70.0,Orthodox,boutmetrics,boutmetrics,True,https://www.ufc.com/athlete/bogdan-grad,15,13,2,0,0.8666666666666667,8,3,2,0.8461538461538461,0.6153846153846154,7,0.5644897959183673,165.0,True,base_exact,15,1609.207487544398,1513.0857382684142,1500.0,1625.6586508151154,2.0,1.0,2.0,1.0,4.550311981016576,0.3033541320677717,1532.582625404805,1547.3180266600264,165.0,True,1,2.0,4.0,0.5,13.0,0.4583333333333333,-11.0,0.0,0.0,,0.0,,0.0,-52.0,0.0,0.0,68.0,69.0,Orthodox,boutmetrics,boutmetrics,True,https://www.ufc.com/athlete/michael-aswell-jr,2,2,0,0,1.0,2,0,0,1.0,0.5,1,0.6476608187134503,128.0,True,base_exact,2,1527.1079794900895,1551.8546297106284,1551.8546297106284,1573.1133603594492,1.0,0.0,1.0,0.0,1.129499145420391,0.5647495727101957,1551.8546297106284,1551.8546297106284,128.0,True,0,0.0,0.0,,0.0,,0.0,0.0,0.0,,0.0,,0.0,0.0,0.0,0.0,4.999418194761017,0.0,1.0,13.0,-0.1333333333333333,-0.15384615384615385,-0.08317102279508293,82.09950805430844,-38.768891442214226,-11.0,,,,,,,,,,,,,,,,,,,,,,,,,,,,,,,,,
8,DWCS 8.3,2024-08-27,Jack Duffy,Nick Piccininni,Nick Piccininni,locked_validation,True,28.904084272777677,27.696667282695746,1995-10-02,1996-12-16,1.2074169900819314,190.0,320.0,-265.0,-330.0,BestFightOdds_historical,,,67.0,69.0,Switch,boutmetrics,boutmetrics,False,,2,2,0,0,1.0,0,2,0,1.0,0.5,2,0.5900621118012422,487.0,True,base_exact,2,1525.6454404094852,1530.1185632427128,1530.1185632427128,1546.2333827663604,0.0,0.0,0.0,0.0,1.06856001706189,0.534280008530945,1530.1185632427128,1530.1185632427128,487.0,True,0,0.0,0.0,,0.0,,0.0,0.0,0.0,,0.0,,0.0,0.0,0.0,0.0,66.0,66.0,Orthodox,boutmetrics,boutmetrics,False,,0,0,0,0,,0,0,0,,,0,,,False,unmatched,0,,,,,,,,,,,,,,False,0,0.0,0.0,,0.0,,0.0,0.0,0.0,,0.0,,0.0,0.0,0.0,0.0,1.2074169900819314,1.0,3.0,2.0,,,,,,0.0,,,,,,,,,,,,,,,,,,,,,,,,,,,,,,,,,
8,DWCS 8.3,2024-08-27,Malcolm Wellmaker,Adam Bramhald,Malcolm Wellmaker,locked_validation,True,30.2319691711671,30.429098475670276,1994-06-04,1994-03-24,0.197129304503175,-180.0,-270.0,133.0,240.0,BestFightOdds_historical,,,70.0,71.0,Switch,boutmetrics,boutmetrics,False,,0,0,0,0,,0,0,0,,,0,,,False,alias_no_prior_history,0,,,,,,,,,,,,,,False,0,0.0,0.0,,0.0,,0.0,0.0,0.0,,0.0,,0.0,0.0,0.0,0.0,70.0,70.0,Orthodox,boutmetrics,boutmetrics,False,,15,13,2,0,0.8666666666666667,6,4,3,0.7692307692307693,0.5384615384615384,4,0.3449155192633454,353.0,True,base_exact,15,1606.687463192843,1487.6448654804008,1500.0,1546.2138948064794,0.0,0.0,0.0,0.0,4.445310966368457,0.2963540644245638,1508.8676178056178,1503.0074304241596,353.0,True,0,0.0,0.0,,0.0,,0.0,0.0,0.0,,0.0,,0.0,0.0,0.0,0.0,-0.197129304503175,0.0,1.0,-15.0,,,,,,0.0,,,,,,,,,,,,,,,,,,,,,,,,,,,,,,,,,
8,DWCS 8.3,2024-08-27,Marco Tulio,Matthieu Duclos,Marco Tulio,locked_validation,True,30.20732800810421,29.399645441042598,1994-06-13,1995-04-04,0.8076825670616117,-560.0,-450.0,360.0,400.0,BestFightOdds_historical,,,72.0,74.0,Orthodox,boutmetrics,boutmetrics,True,https://www.ufc.com/athlete/marco-tulio,6,6,0,0,1.0,5,0,1,0.8333333333333334,0.3333333333333333,3,0.640151515151515,213.0,True,base_exact,6,1578.670188655982,1568.8223838720037,1563.3111586426749,1629.0846629201064,3.0,2.0,3.0,2.0,3.2779245273325754,0.5463207545554293,1550.9456691645007,1556.769928062383,213.0,True,1,48.0,98.0,0.4897959183673469,33.0,0.5217391304347826,15.0,2.0,8.0,0.25,0.0,,378.0,293.0,0.0,1.0,75.0,77.0,Orthodox,boutmetrics,boutmetrics,True,https://www.ufc.com/athlete/matthieu-letho-duclos,1,1,0,0,1.0,1,0,0,1.0,1.0,1,0.625,199.0,True,recovered_event_opponent_alias,1,1512.6538179861536,1518.9487348221796,1518.9487348221796,1518.9487348221796,0.0,0.0,0.0,0.0,0.5272424160897367,0.5272424160897367,1518.9487348221796,1518.9487348221796,199.0,True,0,0.0,0.0,,0.0,,0.0,0.0,0.0,,0.0,,0.0,0.0,0.0,0.0,0.8076825670616117,-3.0,-3.0,5.0,0.0,-0.16666666666666663,0.015151515151515027,66.01637066982835,49.87364904982405,15.0,,,,,,,,,,,,,,,,,,,,,,,,,,,,,,,,,
8,DWCS 8.4,2024-09-03,Austin Bashi,Dorian Ramos,Austin Bashi,locked_validation,True,22.92997118352875,30.67551010629924,2001-09-29,1993-12-31,7.745538922770489,-500.0,-1000.0,380.0,700.0,BestFightOdds_historical,,,66.0,70.0,Orthodox,boutmetrics,boutmetrics,True,https://www.ufc.com/athlete/austin-bashi,4,4,0,0,1.0,2,1,1,0.75,0.25,2,0.7403273809523809,94.0,True,base_exact,4,1554.4436319877088,1568.7775996670712,1562.6275225855154,1627.8345454395833,3.0,1.0,3.0,1.0,2.268484666154534,0.5671211665386335,1572.5159279918653,1568.7775996670712,94.0,True,0,0.0,0.0,,0.0,,0.0,0.0,0.0,,0.0,,0.0,0.0,0.0,0.0,68.0,70.0,Orthodox,boutmetrics,boutmetrics,False,,3,3,0,0,1.0,3,0,0,1.0,0.3333333333333333,2,0.75,227.0,True,base_exact,3,1533.5349226491855,1487.975041107217,1510.3861959947333,1523.1858191434917,0.0,0.0,0.0,0.0,1.3972884437160666,0.4657628145720222,1487.975041107217,1487.975041107217,227.0,True,0,0.0,0.0,,0.0,,0.0,0.0,0.0,,0.0,,0.0,0.0,0.0,0.0,-7.745538922770489,-2.0,0.0,1.0,0.0,-0.25,-0.009672619047619069,20.908709338523295,80.8025585598541,0.0,,,,,,,,,,,,,,,,,,,,,,,,,,,,,,,,,
8,DWCS 8.4,2024-09-03,Gauge Young,Quillan Salkilld,Quillan Salkilld,locked_validation,True,24.140126080617677,24.684969575008385,2000-07-14,1999-12-28,0.5448434943907081,163.0,195.0,-200.0,-205.0,BestFightOdds_historical,,,69.0,70.0,Orthodox,boutmetrics,boutmetrics,True,https://www.ufc.com/athlete/gauge-young,4,3,1,0,0.75,1,1,1,0.6666666666666666,0.3333333333333333,1,0.516726403823178,403.0,True,base_exact,4,1523.542486472074,1507.3439362680012,1514.3125390086882,1562.4412713951842,1.0,0.0,1.0,0.0,0.980936936336418,0.2452342340841045,1509.399668772871,1507.3439362680012,403.0,True,0,0.0,0.0,,0.0,,0.0,0.0,0.0,,0.0,,0.0,0.0,0.0,0.0,72.0,75.0,Orthodox,boutmetrics,boutmetrics,True,https://www.ufc.com/athlete/quillan-salkilld,0,0,0,0,,0,0,0,,,0,,,False,unmatched,0,,,,,,,,,,,,,,False,0,0.0,0.0,,0.0,,0.0,0.0,0.0,,0.0,,0.0,0.0,0.0,0.0,-0.5448434943907081,-3.0,-5.0,4.0,,,,,,0.0,,,,,,,,,,,,,,,,,,,,,,,,,,,,,,,,,
8,DWCS 8.4,2024-09-03,Seokhyeon Ko,Igor Cavalcanti,Seokhyeon Ko,locked_validation,True,30.943824992984112,26.899936343662088,1993-09-24,1997-10-10,4.0438886493220245,,,-333.0,-350.0,BestFightOdds_historical,,,70.0,71.0,Southpaw,boutmetrics,boutmetrics,True,https://www.ufc.com/athlete/seokhyeon-ko,0,0,0,0,,0,0,0,,,0,,,False,unmatched,0,,,,,,,,,,,,,,False,0,0.0,0.0,,0.0,,0.0,0.0,0.0,,0.0,,0.0,0.0,0.0,0.0,71.0,79.0,Orthodox,boutmetrics,boutmetrics,True,https://www.ufc.com/athlete/igor-cavalcanti,0,0,0,0,,0,0,0,,,0,,,False,unmatched,0,,,,,,,,,,,,,,False,0,0.0,0.0,,0.0,,0.0,0.0,0.0,,0.0,,0.0,0.0,0.0,0.0,4.0438886493220245,-1.0,-8.0,0.0,,,,,,0.0,,,,,,,,,,,,,,,,,,,,,,,,,,,,,,,,,
8,DWCS 8.4,2024-09-03,Will Currie,Djorden Santos,Djorden Santos,locked_validation,True,25.81024935488066,27.09158983415128,1998-11-12,1997-08-01,1.281340479270618,-400.0,-410.0,300.0,380.0,BestFightOdds_historical,,,75.0,76.0,Switch,boutmetrics,boutmetrics,False,,20,14,6,0,0.7,8,2,4,0.7142857142857143,0.5714285714285714,1,0.7422285172732564,157.0,True,base_exact,20,1606.7198686410875,1552.049322063238,1546.3315463670976,1642.0153615903257,10.0,4.0,4.0,0.0,4.446661193378634,0.2223330596689317,1551.2693065929668,1542.9608296009603,157.0,True,0,0.0,0.0,,0.0,,0.0,0.0,0.0,,0.0,,0.0,0.0,0.0,0.0,72.0,75.0,Orthodox,boutmetrics,boutmetrics,True,https://www.ufc.com/athlete/djorden-santos,2,1,1,0,0.5,0,0,1,0.0,0.0,2,0.78,989.0,True,base_exact,2,1502.3654635534504,1528.7781411609576,1528.7781411609576,1535.559582273832,0.0,0.0,0.0,0.0,0.0985609813937636,0.0492804906968818,1528.7781411609576,1528.7781411609576,989.0,True,0,0.0,0.0,,0.0,,0.0,0.0,0.0,,0.0,,0.0,0.0,0.0,0.0,-1.281340479270618,3.0,1.0,18.0,0.19999999999999996,0.7142857142857143,-0.03777148272674358,104.35440508763713,23.27118090228032,0.0,,,,,,,,,,,,,,,,,,,,,,,,,,,,,,,,,
8,DWCS 8.4,2024-09-03,Yuneisy Duben,Shannon Clark,Yuneisy Duben,locked_validation,True,28.156635659869814,32.15945570408701,1996-07-08,1992-07-07,4.002820044217195,350.0,1000.0,-500.0,-1205.0,BestFightOdds_historical,,,64.0,65.0,Orthodox,boutmetrics,boutmetrics,True,https://www.ufc.com/athlete/yuneisy-duben,0,0,0,0,,0,0,0,,,0,,,False,alias_no_prior_history,0,,,,,,,,,,,,,,False,0,0.0,0.0,,0.0,,0.0,0.0,0.0,,0.0,,0.0,0.0,0.0,0.0,65.0,64.0,Orthodox,boutmetrics,boutmetrics,False,,7,7,0,0,1.0,3,2,2,0.7142857142857143,0.1428571428571428,3,0.6666666666666666,193.0,True,base_exact,7,1580.9135658895275,1521.8529813636742,1532.4349008274658,1555.6390646320726,1.0,0.0,1.0,0.0,3.371398578730315,0.4816283683900449,1543.930269237687,1535.31978514428,193.0,True,0,0.0,0.0,,0.0,,0.0,0.0,0.0,,0.0,,0.0,0.0,0.0,0.0,-4.002820044217195,-1.0,1.0,-7.0,,,,,,0.0,,,,,,,,,,,,,,,,,,,,,,,,,,,,,,,,,
8,DWCS 8.5,2024-09-10,Corinne Laframboise,Nicolle Caliari,Nicolle Caliari,locked_validation,True,35.29709713409584,27.8499900750871,1989-05-25,1996-11-04,7.447107059008744,-138.0,145.0,105.0,-160.0,BestFightOdds_historical,,,64.0,65.0,Orthodox,boutmetrics,boutmetrics,False,,3,3,0,0,1.0,1,1,1,0.6666666666666666,0.0,3,0.5833333333333333,1270.0,True,base_exact,3,1536.0743999547049,1512.7970028330158,1509.6304360163715,1528.7605724826765,0.0,0.0,0.0,0.0,1.5030999981127051,0.5010333327042351,1512.7970028330158,1512.7970028330158,1270.0,True,0,0.0,0.0,,0.0,,0.0,0.0,0.0,,0.0,,0.0,0.0,0.0,0.0,63.0,62.0,Orthodox,boutmetrics,boutmetrics,True,https://www.ufc.com/athlete/nicolle-caliari,1,1,0,0,1.0,0,1,0,1.0,0.0,1,0.6666666666666666,317.0,True,base_exact,1,1513.1220842676246,1532.5828528935383,1532.5828528935383,1532.5828528935383,0.0,0.0,0.0,0.0,0.5467535111510258,0.5467535111510258,1532.5828528935383,1532.5828528935383,317.0,True,0,0.0,0.0,,0.0,,0.0,0.0,0.0,,0.0,,0.0,0.0,0.0,0.0,7.447107059008744,1.0,3.0,2.0,0.0,-0.33333333333333337,-0.08333333333333337,22.952315687080272,-19.785850060522534,0.0,,,,,,,,,,,,,,,,,,,,,,,,,,,,,,,,,
8,DWCS 8.5,2024-09-10,Josias Musasa,Otari Tanzilovi,Josias Musasa,locked_validation,True,25.9197656351602,26.42354052444609,1998-10-10,1998-04-09,0.5037748892858893,175.0,150.0,,,BestFightOdds_historical,,,68.0,74.0,Southpaw,boutmetrics,boutmetrics,True,https://www.ufc.com/athlete/josias-musasa,0,0,0,0,,0,0,0,,,0,,,False,alias_no_prior_history,0,,,,,,,,,,,,,,False,0,0.0,0.0,,0.0,,0.0,0.0,0.0,,0.0,,0.0,0.0,0.0,0.0,70.0,70.0,Orthodox,boutmetrics,boutmetrics,True,https://www.ufc.com/athlete/otari-tanzilovi,9,9,0,0,1.0,7,0,2,0.7777777777777778,0.5555555555555556,4,0.394047619047619,598.0,True,base_exact,9,1595.7883888508215,1504.7761623689903,1500.0,1548.9842771436304,0.0,0.0,0.0,0.0,3.991182868784223,0.4434647631982469,1518.1903869115122,1508.5970922641827,598.0,True,0,0.0,0.0,,0.0,,0.0,0.0,0.0,,0.0,,0.0,0.0,0.0,0.0,-0.5037748892858893,-2.0,4.0,-9.0,,,,,,0.0,,,,,,,,,,,,,,,,,,,,,,,,,,,,,,,,,
8,DWCS 8.5,2024-09-10,Navajo Stirling,Phillip Latu,Navajo Stirling,locked_validation,True,26.842440296515328,33.56400199867211,1997-11-07,1991-02-17,6.721561702156784,-275.0,-300.0,200.0,310.0,BestFightOdds_historical,,,76.0,79.0,Orthodox,boutmetrics,boutmetrics,True,https://www.ufc.com/athlete/navajo-stirling,1,1,0,0,1.0,1,0,0,1.0,0.0,1,0.4210526315789473,88.0,True,base_exact,1,1511.2270831227254,1477.590740864389,1477.590740864389,1477.590740864389,0.0,0.0,0.0,0.0,0.4677951301135576,0.4677951301135576,1477.590740864389,1477.590740864389,88.0,True,0,0.0,0.0,,0.0,,0.0,0.0,0.0,,0.0,,0.0,0.0,0.0,0.0,75.0,76.0,Orthodox,boutmetrics,boutmetrics,False,,4,3,1,0,0.75,3,0,0,1.0,0.6666666666666666,4,0.500438596491228,186.0,True,base_exact,4,1524.289903667371,1502.0905306642092,1504.947919956733,1516.0005873882203,0.0,0.0,0.0,0.0,1.0120793194737967,0.2530198298684492,1502.7873742189458,1502.0905306642092,186.0,True,0,0.0,0.0,,0.0,,0.0,0.0,0.0,,0.0,,0.0,0.0,0.0,0.0,-6.721561702156784,1.0,3.0,-3.0,0.25,0.0,-0.07938596491228073,-13.062820544645547,-24.499789799820064,0.0,,,,,,,,,,,,,,,,,,,,,,,,,,,,,,,,,
8,DWCS 8.5,2024-09-10,Taiga Iwasaki,Yousri Belgaroui,Yousri Belgaroui,locked_validation,True,27.179202858374914,32.27444779838053,1997-07-07,1992-06-02,5.095244940005614,275.0,650.0,-400.0,-950.0,BestFightOdds_historical,,,73.0,73.0,Orthodox,boutmetrics,boutmetrics,False,,0,0,0,0,,0,0,0,,,0,,,False,unmatched,0,,,,,,,,,,,,,,False,0,0.0,0.0,,0.0,,0.0,0.0,0.0,,0.0,,0.0,0.0,0.0,0.0,77.0,79.0,Orthodox,boutmetrics,boutmetrics,True,https://www.ufc.com/athlete/yousri-belgaroui,3,3,0,0,1.0,2,0,1,0.6666666666666666,0.6666666666666666,2,0.7559523809523809,317.0,True,base_exact,3,1537.2327872478245,1524.4356684636016,1521.8130746057784,1536.533224780921,0.0,0.0,0.0,0.0,1.5513661353260124,0.5171220451086708,1524.4356684636016,1524.4356684636016,317.0,True,1,33.0,69.0,0.4782608695652174,48.0,0.5102040816326531,-15.0,0.0,0.0,,2.0,0.75,85.0,-293.0,0.0,0.0,-5.095244940005614,-4.0,-6.0,-3.0,,,,,,15.0,,,,,,,,,,,,,,,,,,,,,,,,,,,,,,,,,
8,DWCS 8.6,2024-09-17,Aaron Tau,Elijah Smith,Elijah Smith,locked_validation,True,31.07524452931956,22.03467559224351,1993-08-21,2002-09-05,9.04056893707605,145.0,240.0,-175.0,-250.0,BestFightOdds_historical,,,64.0,66.0,Switch,boutmetrics,boutmetrics,True,https://www.ufc.com/athlete/aaron-tau,0,0,0,0,,0,0,0,,,0,,,False,unmatched,0,,,,,,,,,,,,,,False,0,0.0,0.0,,0.0,,0.0,0.0,0.0,,0.0,,0.0,0.0,0.0,0.0,69.0,71.0,Orthodox,boutmetrics,boutmetrics,True,https://www.ufc.com/athlete/elijah-smith,0,0,0,0,,0,0,0,,,0,,,False,unmatched,0,,,,,,,,,,,,,,False,0,0.0,0.0,,0.0,,0.0,0.0,0.0,,0.0,,0.0,0.0,0.0,0.0,9.04056893707605,-5.0,-5.0,0.0,,,,,,0.0,,,,,,,,,,,,,,,,,,,,,,,,,,,,,,,,,
8,DWCS 8.6,2024-09-17,Ahmad Hassanzada,Dylan Mantello,Ahmad Hassanzada,locked_validation,True,27.825348912024204,31.8281689562414,1996-11-20,1992-11-19,4.002820044217195,-185.0,-140.0,154.0,125.0,BestFightOdds_historical,,,73.0,75.0,Orthodox,boutmetrics,boutmetrics,True,https://www.ufc.com/athlete/ahmad-hassanzada,4,2,2,0,0.5,0,2,0,1.0,1.0,2,0.6985294117647058,277.0,True,recovered_event_opponent_alias,4,1507.672147394469,1547.2354915626966,1548.2291469698844,1562.709838354975,2.0,0.0,0.0,0.0,0.3196728081028785,0.0799182020257196,1545.4773960856785,1547.2354915626966,277.0,True,1,31.0,90.0,0.3444444444444444,53.0,0.4044943820224719,-22.0,2.0,9.0,0.2222222222222222,0.0,,252.0,14.0,0.0,0.0,73.0,73.0,Orthodox,boutmetrics,boutmetrics,False,,11,8,3,0,0.7272727272727273,5,2,1,0.875,0.375,6,0.4414102564102563,221.0,True,base_exact,11,1553.287756747075,1512.0215189406488,1493.4750006581971,1670.2107095720776,2.0,1.0,0.0,0.0,2.2203231977947877,0.2018475634358897,1550.8284537290572,1531.095736507433,221.0,True,1,17.0,30.0,0.5666666666666667,27.0,0.5344827586206897,-10.0,0.0,0.0,,1.0,0.0,0.0,-52.0,0.0,0.0,-4.002820044217195,0.0,2.0,-7.0,-0.2272727272727273,0.125,0.25711915535444957,-45.61560935260604,35.21397262204778,-12.0,,,,,,,,,,,,,,,,,,,,,,,,,,,,,,,,,
8,DWCS 8.6,2024-09-17,Ateba Gautier,Yura Naito,Ateba Gautier,locked_validation,True,22.43988582927781,28.39483356947781,2002-04-10,1996-04-26,5.9549477402000015,164.0,110.0,-198.0,-109.0,BestFightOdds_historical,,,76.0,81.0,Switch,boutmetrics,boutmetrics,True,https://www.ufc.com/athlete/ateba-gautier,1,1,0,0,1.0,1,0,0,1.0,1.0,1,0.0,780.0,True,recovered_event_opponent_alias,1,1505.872056129414,1304.1766601655709,1304.1766601655709,1304.1766601655709,0.0,0.0,0.0,0.0,0.2446690053922484,0.2446690053922484,1304.1766601655709,1304.1766601655709,780.0,True,0,0.0,0.0,,0.0,,0.0,0.0,0.0,,0.0,,0.0,0.0,0.0,0.0,72.0,74.0,Orthodox,boutmetrics,boutmetrics,False,,0,0,0,0,,0,0,0,,,0,,,False,unmatched,0,,,,,,,,,,,,,,False,0,0.0,0.0,,0.0,,0.0,0.0,0.0,,0.0,,0.0,0.0,0.0,0.0,-5.9549477402000015,4.0,7.0,1.0,,,,,,0.0,,,,,,,,,,,,,,,,,,,,,,,,,,,,,,,,,
8,DWCS 8.6,2024-09-17,Joey Hart,Benjamin Bennett,Benjamin Bennett,locked_validation,True,27.23396099851469,30.363388707502548,1997-06-24,1994-05-08,3.1294277089878584,-185.0,135.0,154.0,-136.0,BestFightOdds_historical,,,75.0,79.0,Orthodox,boutmetrics,boutmetrics,False,,17,14,3,0,0.8235294117647058,11,0,3,0.7857142857142857,0.4285714285714285,6,0.3333333333333333,102.0,True,base_exact,17,1604.208084803029,1493.881188591377,1500.0,1510.373224106362,0.0,0.0,0.0,0.0,4.3420035334595655,0.255411972556445,1490.5698090859175,1488.1264026982851,102.0,True,0,0.0,0.0,,0.0,,0.0,0.0,0.0,,0.0,,0.0,0.0,0.0,0.0,72.0,73.0,Switch,boutmetrics,boutmetrics,False,,10,8,2,0,0.8,5,1,2,0.75,0.375,4,0.4081632653061224,87.0,True,base_exact,10,1562.893471196143,1503.112436925123,1488.7678833566274,1566.9051279130597,2.0,0.0,0.0,0.0,2.620561299839296,0.2620561299839296,1482.612045232805,1502.948252722295,87.0,True,0,0.0,0.0,,0.0,,0.0,0.0,0.0,,0.0,,0.0,0.0,0.0,0.0,-3.1294277089878584,3.0,6.0,7.0,0.0235294117647058,0.0357142857142857,-0.07482993197278909,41.314613606885814,-9.231248333745953,0.0,,,,,,,,,,,,,,,,,,,,,,,,,,,,,,,,,
8,DWCS 8.6,2024-09-17,Tallison Teixeira,Arthur Lopes,Tallison Teixeira,locked_validation,True,24.780796320252986,31.58175732561244,1999-12-07,1993-02-17,6.800961005359454,-600.0,-900.0,440.0,750.0,BestFightOdds_historical,,,79.0,83.0,Orthodox,boutmetrics,boutmetrics,True,https://www.ufc.com/athlete/tallison-teixeira,8,8,0,0,1.0,7,1,0,1.0,1.0,5,0.75,137.0,True,base_exact,8,1585.162876676486,1499.5120495355063,1500.0,1511.9188762331803,0.0,0.0,0.0,0.0,3.548453194853584,0.4435566493566979,1498.5692953377074,1501.5253524492605,137.0,True,0,0.0,0.0,,0.0,,0.0,0.0,0.0,,0.0,,0.0,0.0,0.0,0.0,74.0,77.0,Southpaw,boutmetrics,boutmetrics,False,,2,2,0,0,1.0,1,0,0,0.5,0.5,2,0.6057692307692308,2229.0,True,base_exact,2,1524.5282759882678,1514.0708013329784,1514.0708013329784,1523.5456978038862,0.0,0.0,0.0,0.0,1.0220114995111556,0.5110057497555778,1514.0708013329784,1514.0708013329784,2229.0,True,0,0.0,0.0,,0.0,,0.0,0.0,0.0,,0.0,,0.0,0.0,0.0,0.0,-6.800961005359454,5.0,6.0,6.0,0.0,0.5,0.14423076923076916,60.63460068821814,-14.558751797472041,0.0,,,,,,,,,,,,,,,,,,,,,,,,,,,,,,,,,
8,DWCS 8.7,2024-09-24,Alexia Thainara,Rose Conceicao,Alexia Thainara,locked_validation,True,28.84658822563092,27.36811844185712,1995-11-20,1997-05-13,1.4784697837738001,110.0,-157.0,-150.0,145.0,BestFightOdds_historical,,,64.0,67.0,Orthodox,boutmetrics,boutmetrics,True,https://www.ufc.com/athlete/alexia-thainara,12,11,1,0,0.9166666666666666,0,7,4,0.6363636363636364,0.2727272727272727,9,0.5666666666666665,282.0,True,base_exact,12,1603.5847708465865,1503.624489041099,1500.0,1530.1702493852056,0.0,0.0,0.0,0.0,4.316032118607777,0.3596693432173147,1505.6188593702989,1505.7741775078855,282.0,True,0,0.0,0.0,,0.0,,0.0,0.0,0.0,,0.0,,0.0,0.0,0.0,0.0,55.0,65.0,Orthodox,boutmetrics,boutmetrics,False,,2,2,0,0,1.0,0,0,2,0.0,0.0,1,0.75,445.0,True,base_exact,2,1526.09166018707,1537.1570049841496,1537.1570049841496,1543.911314430461,0.0,0.0,0.0,0.0,1.0871525077945887,0.5435762538972944,1537.1570049841496,1537.1570049841496,445.0,True,0,0.0,0.0,,0.0,,0.0,0.0,0.0,,0.0,,0.0,0.0,0.0,0.0,1.4784697837738001,9.0,2.0,10.0,-0.08333333333333337,0.6363636363636364,-0.18333333333333346,77.49311065951656,-33.53251594305061,0.0,,,,,,,,,,,,,,,,,,,,,,,,,,,,,,,,,
8,DWCS 8.7,2024-09-24,Bailey Schoenfelder,Danylo Voievodkin,Danylo Voievodkin,locked_validation,True,27.00671471693464,24.183932592729487,1997-09-22,2000-07-19,2.822782124205151,-649.0,-770.0,400.0,600.0,BestFightOdds_historical,,,75.0,76.0,Orthodox,boutmetrics,boutmetrics,False,,9,9,0,0,1.0,7,2,0,1.0,0.6666666666666666,3,0.5555555555555555,165.0,True,base_exact,9,1592.8294972002443,1493.9162314704104,1490.1962337260472,1511.5397002793777,0.0,0.0,0.0,0.0,3.867895716676859,0.4297661907418732,1500.578644668475,1498.2498197874393,165.0,True,0,0.0,0.0,,0.0,,0.0,0.0,0.0,,0.0,,0.0,0.0,0.0,0.0,76.0,78.0,Southpaw,boutmetrics,boutmetrics,True,https://www.ufc.com/athlete/danylo-voievodkin,0,0,0,0,,0,0,0,,,0,,,False,alias_no_prior_history,0,,,,,,,,,,,,,,False,0,0.0,0.0,,0.0,,0.0,0.0,0.0,,0.0,,0.0,0.0,0.0,0.0,2.822782124205151,-1.0,-2.0,9.0,,,,,,0.0,,,,,,,,,,,,,,,,,,,,,,,,,,,,,,,,,
8,DWCS 8.7,2024-09-24,Daniel Frunza,Vadym Kutsyi,Daniel Frunza,locked_validation,True,30.45100173172618,33.18890873871469,1994-04-13,1991-07-18,2.7379070069885074,200.0,145.0,-275.0,-167.0,BestFightOdds_historical,,,73.0,73.0,Orthodox,boutmetrics,boutmetrics,False,,12,10,2,0,0.8333333333333334,9,0,1,0.9,0.4,8,0.762719298245614,333.0,True,base_exact,12,1594.3928683671568,1526.8898729264115,1512.090685164548,1604.0751613632085,3.0,1.0,3.0,1.0,3.933036181964852,0.3277530151637376,1580.027705352628,1559.5333456984015,333.0,True,0,0.0,0.0,,0.0,,0.0,0.0,0.0,,0.0,,0.0,0.0,0.0,0.0,72.0,71.0,Orthodox,boutmetrics,boutmetrics,False,,6,6,0,0,1.0,1,3,2,0.6666666666666666,0.5,5,0.7106782106782107,1208.0,True,base_exact,6,1574.6569013061903,1544.6133193673195,1543.581190136866,1598.1129336640706,2.0,0.0,2.0,0.0,3.110704221091273,0.5184507035152122,1550.1200084771874,1549.6298429620747,1208.0,True,0,0.0,0.0,,0.0,,0.0,0.0,0.0,,0.0,,0.0,0.0,0.0,0.0,-2.7379070069885074,1.0,2.0,6.0,-0.16666666666666663,0.2333333333333334,0.05204108756740333,19.73596706096646,-17.723446440907992,0.0,,,,,,,,,,,,,,,,,,,,,,,,,,,,,,,,,
8,DWCS 8.7,2024-09-24,Kevin Christian,Francesco Mazzeo,Kevin Christian,locked_validation,True,29.676174048748432,27.00397680992765,1995-01-21,1997-09-23,2.6721972388207824,-200.0,-125.0,150.0,110.0,BestFightOdds_historical,,,79.0,80.0,Orthodox,boutmetrics,boutmetrics,True,https://www.ufc.com/athlete/kevin-christian,11,9,2,0,0.8181818181818182,5,4,0,1.0,0.7777777777777778,8,0.7388888888888889,241.0,True,base_exact,11,1579.3132931351845,1515.4119612979537,1500.9296097629328,1549.526475273617,0.0,0.0,0.0,0.0,3.304720547299354,0.3004291406635776,1533.3892802217306,1529.0032530201868,241.0,True,0,0.0,0.0,,0.0,,0.0,0.0,0.0,,0.0,,0.0,0.0,0.0,0.0,75.0,75.0,Orthodox,boutmetrics,boutmetrics,False,,4,4,0,0,1.0,2,0,0,0.5,0.5,1,0.55,66.0,True,base_exact,4,1545.2889363530842,1497.782813526744,1497.9253767033283,1506.9809901339663,0.0,0.0,0.0,0.0,1.8870390147118412,0.4717597536779603,1496.9403429129495,1497.782813526744,66.0,True,0,0.0,0.0,,0.0,,0.0,0.0,0.0,,0.0,,0.0,0.0,0.0,0.0,2.6721972388207824,4.0,5.0,7.0,-0.18181818181818177,0.5,0.18888888888888888,34.02435678210031,17.629147771209773,0.0,,,,,,,,,,,,,,,,,,,,,,,,,,,,,,,,,
8,DWCS 8.7,2024-09-24,Kevin Vallejos,Cam Teague,Kevin Vallejos,locked_validation,True,22.795813740186315,26.61245610792829,2001-12-08,1998-02-13,3.8166423677419736,-350.0,-410.0,240.0,380.0,BestFightOdds_historical,,,67.0,68.0,Switch,boutmetrics,boutmetrics,False,,4,3,1,0,0.75,0,1,2,0.3333333333333333,0.0,3,0.6304414883362253,277.0,True,base_exact,4,1530.0935965799922,1559.1403945217462,1558.5602811883628,1588.1841465861885,2.0,0.0,1.0,0.0,1.253899857499675,0.3134749643749187,1563.8266786071388,1559.1403945217462,277.0,True,1,71.0,159.0,0.4465408805031446,87.0,0.5112359550561798,-16.0,0.0,1.0,0.0,1.0,0.6666666666666667,11.0,2.0,0.0,0.0,70.0,69.0,Orthodox,boutmetrics,boutmetrics,False,,1,1,0,0,1.0,1,0,0,1.0,0.0,1,0.7894736842105263,53.0,True,base_exact,1,1515.388150266575,1600.8359901136196,1600.8359901136196,1600.8359901136196,1.0,1.0,1.0,1.0,0.6411729277739523,0.6411729277739523,1600.8359901136196,1600.8359901136196,53.0,True,0,0.0,0.0,,0.0,,0.0,0.0,0.0,,0.0,,0.0,0.0,0.0,0.0,-3.8166423677419736,-3.0,-1.0,3.0,-0.25,-0.6666666666666667,-0.15903219587430106,14.70544631341727,-41.69559559187337,-16.0,,,,,,,,,,,,,,,,,,,,,,,,,,,,,,,,,
8,DWCS 8.8,2024-10-01,Alberto Montes,Carlos Calderon,Alberto Montes,locked_validation,True,30.33874754443965,28.641245200106777,1994-05-31,1996-02-10,1.6975023443328716,-330.0,-290.0,240.0,260.0,BestFightOdds_historical,,,67.0,69.0,Orthodox,boutmetrics,boutmetrics,True,https://www.ufc.com/athlete/alberto-montes,1,1,0,0,1.0,0,0,1,0.0,0.0,1,0.4,2623.0,True,base_exact,1,1511.6555085952932,1490.0232109409326,1490.0232109409326,1490.0232109409326,0.0,0.0,0.0,0.0,0.4856461914705459,0.4856461914705459,1490.0232109409326,1490.0232109409326,2623.0,True,0,0.0,0.0,,0.0,,0.0,0.0,0.0,,0.0,,0.0,0.0,0.0,0.0,71.0,71.0,Southpaw,boutmetrics,boutmetrics,False,,3,2,1,0,0.6666666666666666,0,1,1,0.5,0.0,3,0.5952380952380952,374.0,True,base_exact,3,1512.914157001352,1513.0012094902825,1510.830103182678,1529.3598934491506,0.0,0.0,0.0,0.0,0.5380898750563378,0.1793632916854459,1513.0012094902825,1513.0012094902825,374.0,True,0,0.0,0.0,,0.0,,0.0,0.0,0.0,,0.0,,0.0,0.0,0.0,0.0,1.6975023443328716,-4.0,-2.0,-2.0,0.33333333333333337,-0.5,-0.1952380952380952,-1.2586484060586827,-22.977998549349877,0.0,,,,,,,,,,,,,,,,,,,,,,,,,,,,,,,,,
8,DWCS 8.8,2024-10-01,David Martinez,Xavier Franklin,David Martinez,locked_validation,True,26.163439358782178,27.962244262373627,1998-08-03,1996-10-15,1.7988049035914493,-166.0,-145.0,130.0,175.0,BestFightOdds_historical,,,65.0,67.0,Orthodox,boutmetrics,boutmetrics,False,,5,3,2,0,0.6,1,1,1,0.6666666666666666,0.3333333333333333,3,0.6257585139318885,458.0,True,base_exact,5,1519.8750883062148,1544.2685498710443,1534.917379121776,1596.094079154337,1.0,0.0,1.0,0.0,0.8281286794256135,0.1656257358851227,1551.92190790487,1544.2685498710443,458.0,True,0,0.0,0.0,,0.0,,0.0,0.0,0.0,,0.0,,0.0,0.0,0.0,0.0,66.0,66.0,Southpaw,boutmetrics,boutmetrics,False,,12,11,0,1,1.0,6,1,4,0.6363636363636364,0.4545454545454545,4,0.4749417249417249,80.0,True,base_exact,12,1611.031910262424,1502.966632266548,1499.5081856431575,1572.5425808370471,1.0,0.0,1.0,0.0,4.626329594267672,0.3855274661889726,1520.830403756522,1507.6884743850708,80.0,True,0,0.0,0.0,,0.0,,0.0,0.0,0.0,,0.0,,0.0,0.0,0.0,0.0,-1.7988049035914493,-1.0,1.0,-7.0,-0.4,0.030303030303030276,0.15081678899016365,-91.15682195620911,41.30191760449634,0.0,,,,,,,,,,,,,,,,,,,,,,,,,,,,,,,,,
8,DWCS 8.8,2024-10-01,Diyar Nurgozhay,Bartosz Szewczyk,Diyar Nurgozhay,locked_validation,True,27.4447798380528,27.03683169401151,1997-04-22,1997-09-18,0.40794814404128843,-145.0,-125.0,114.0,125.0,BestFightOdds_historical,,,74.0,74.0,Southpaw,boutmetrics,boutmetrics,False,,9,9,0,0,1.0,5,2,2,0.7777777777777778,0.7777777777777778,5,0.3501411170528818,136.0,True,base_exact,9,1597.70332349487,1510.944677082817,1500.0,1609.709686474226,1.0,1.0,1.0,1.0,4.0709718122862455,0.4523302013651384,1550.0034621245802,1523.260566532765,136.0,True,0,0.0,0.0,,0.0,,0.0,0.0,0.0,,0.0,,0.0,0.0,0.0,0.0,76.0,73.0,Orthodox,boutmetrics,boutmetrics,False,,11,8,2,1,0.8,5,2,1,0.875,0.5,2,0.5952539682539683,227.0,True,base_exact,11,1569.1893328524748,1525.2837033608164,1512.2148819276483,1614.5389437540573,1.0,1.0,0.0,0.0,2.882888868853126,0.2620808062593751,1520.60605369973,1523.364915199662,227.0,True,0,0.0,0.0,,0.0,,0.0,0.0,0.0,,0.0,,0.0,0.0,0.0,0.0,0.40794814404128843,-2.0,1.0,-2.0,0.19999999999999996,-0.09722222222222221,-0.24511285120108645,28.51399064239513,-14.339026277999437,0.0,,,,,,,,,,,,,,,,,,,,,,,,,,,,,,,,,
8,DWCS 8.8,2024-10-01,Jacobe Smith,Christien Savoie,Jacobe Smith,locked_validation,True,28.706954968274506,32.0910080289123,1996-01-17,1992-08-29,3.384053060637793,-475.0,-770.0,325.0,1500.0,BestFightOdds_historical,,,70.0,72.0,Southpaw,boutmetrics,boutmetrics,False,,5,5,0,0,1.0,4,0,1,0.8,0.8,2,0.4394808590102707,221.0,True,base_exact,5,1551.4455055840638,1467.8911357058712,1503.8282112060012,1514.1208044318796,0.0,0.0,0.0,0.0,2.1435627326693223,0.4287125465338645,1510.0948082131026,1467.8911357058712,221.0,True,0,0.0,0.0,,0.0,,0.0,0.0,0.0,,0.0,,0.0,0.0,0.0,0.0,71.0,72.0,Orthodox,boutmetrics,boutmetrics,False,,0,0,0,0,,0,0,0,,,0,,,False,unmatched,0,,,,,,,,,,,,,,False,0,0.0,0.0,,0.0,,0.0,0.0,0.0,,0.0,,0.0,0.0,0.0,0.0,-3.384053060637793,-1.0,0.0,5.0,,,,,,0.0,,,,,,,,,,,,,,,,,,,,,,,,,,,,,,,,,
8,DWCS 8.8,2024-10-01,Torrez Finney,Abdellah Er-Ramy,Torrez Finney,locked_validation,True,25.93893098420912,28.03342984455533,1998-10-24,1996-09-19,2.09449886034621,-250.0,-250.0,190.0,250.0,BestFightOdds_historical,,,68.0,75.0,Orthodox,boutmetrics,boutmetrics,False,,1,1,0,0,1.0,1,0,0,1.0,1.0,1,0.5,150.0,True,base_exact,1,1512.10146073456,1502.9376591471416,1502.9376591471416,1502.9376591471416,0.0,0.0,0.0,0.0,0.5042275306066742,0.5042275306066742,1502.9376591471416,1502.9376591471416,150.0,True,2,35.0,65.0,0.5384615384615384,50.0,0.4949494949494949,-15.0,17.0,25.0,0.68,0.0,,1094.0,1083.0,0.0,2.0,72.0,74.0,Orthodox,boutmetrics,boutmetrics,False,,2,2,0,0,1.0,2,0,0,1.0,1.0,2,0.75,556.0,True,recovered_event_opponent_alias,2,1526.1217713224132,1537.604800321004,1537.604800321004,1544.366850988553,0.0,0.0,0.0,0.0,1.088407138433879,0.5442035692169395,1537.604800321004,1537.604800321004,556.0,True,0,0.0,0.0,,0.0,,0.0,0.0,0.0,,0.0,,0.0,0.0,0.0,0.0,-2.09449886034621,-4.0,1.0,-1.0,0.0,0.0,-0.25,-14.020310587853146,-34.66714117386232,-15.0,,,,,,,,,,,,,,,,,,,,,,,,,,,,,,,,,
8,DWCS 8.9,2024-10-08,Islem Masraf,Artem Vakhitov,Artem Vakhitov,locked_validation,True,28.33733752233105,33.51471967254632,1996-06-07,1991-04-04,5.177382150215269,450.0,340.0,-720.0,-400.0,BestFightOdds_historical,,,72.0,74.0,Southpaw,boutmetrics,boutmetrics,False,,2,2,0,0,1.0,2,0,0,1.0,1.0,2,0.75,215.0,True,base_exact,2,1524.7467110868365,1517.2356303040356,1517.2356303040356,1523.6433066324514,0.0,0.0,0.0,0.0,1.031112961951521,0.5155564809757605,1517.2356303040356,1517.2356303040356,215.0,True,0,0.0,0.0,,0.0,,0.0,0.0,0.0,,0.0,,0.0,0.0,0.0,0.0,73.0,75.0,Orthodox,boutmetrics,boutmetrics,False,,0,0,0,0,,0,0,0,,,0,,,False,unmatched,0,,,,,,,,,,,,,,False,0,0.0,0.0,,0.0,,0.0,0.0,0.0,,0.0,,0.0,0.0,0.0,0.0,-5.177382150215269,-1.0,-1.0,2.0,,,,,,0.0,,,,,,,,,,,,,,,,,,,,,,,,,,,,,,,,,
8,DWCS 8.9,2024-10-08,Kody Steele,Chasen Blair,Kody Steele,locked_validation,True,29.468093116217307,25.985475403327925,1995-04-21,1998-10-14,3.4826177128893825,-230.0,-350.0,175.0,300.0,BestFightOdds_historical,,,69.0,71.0,Orthodox,boutmetrics,boutmetrics,True,https://www.ufc.com/athlete/kody-steele,1,1,0,0,1.0,1,0,0,1.0,0.0,1,0.6190476190476191,380.0,True,base_exact,1,1513.840266281078,1553.704848149673,1553.704848149673,1553.704848149673,1.0,0.0,1.0,0.0,0.5766777617115838,0.5766777617115838,1553.704848149673,1553.704848149673,380.0,True,0,0.0,0.0,,0.0,,0.0,0.0,0.0,,0.0,,0.0,0.0,0.0,0.0,70.0,71.0,Orthodox,boutmetrics,boutmetrics,False,,16,12,4,0,0.75,8,4,0,1.0,0.8333333333333334,1,0.4833333333333333,18.0,True,base_exact,16,1583.5186851804333,1511.1456162692837,1500.0,1585.7229806040002,3.0,0.0,1.0,0.0,3.479945215851401,0.2174965759907125,1532.4656969201403,1520.858936238621,18.0,True,0,0.0,0.0,,0.0,,0.0,0.0,0.0,,0.0,,0.0,0.0,0.0,0.0,3.4826177128893825,-1.0,0.0,-15.0,0.25,0.0,0.1357142857142858,-69.67841889935539,42.559231880389234,0.0,,,,,,,,,,,,,,,,,,,,,,,,,,,,,,,,,
8,DWCS 8.9,2024-10-08,Lucas Camacho,Mario Pinto,Mario Pinto,locked_validation,True,31.814479421206457,26.571387502823463,1992-12-15,1998-03-14,5.243091918382994,400.0,500.0,-620.0,-600.0,BestFightOdds_historical,,,76.0,80.0,Orthodox,boutmetrics,boutmetrics,False,,0,0,0,0,,0,0,0,,,0,,,False,unmatched,0,,,,,,,,,,,,,,False,0,0.0,0.0,,0.0,,0.0,0.0,0.0,,0.0,,0.0,0.0,0.0,0.0,77.0,79.0,Orthodox,boutmetrics,boutmetrics,True,https://www.ufc.com/athlete/mario-pinto,3,3,0,0,1.0,2,1,0,1.0,1.0,3,0.55,577.0,True,base_exact,3,1535.0324442728872,1502.7454832955627,1500.0,1510.5531043213389,0.0,0.0,0.0,0.0,1.4596851780369748,0.4865617260123249,1502.7454832955627,1502.7454832955627,577.0,True,0,0.0,0.0,,0.0,,0.0,0.0,0.0,,0.0,,0.0,0.0,0.0,0.0,5.243091918382994,-1.0,1.0,-3.0,,,,,,0.0,,,,,,,,,,,,,,,,,,,,,,,,,,,,,,,,,
8,DWCS 8.9,2024-10-08,Sean Gauci,Anthony Drilich,Sean Gauci,locked_validation,True,28.003312867478456,30.56325591901271,1996-10-07,1994-03-17,2.5599430515342547,-188.0,-225.0,145.0,215.0,BestFightOdds_historical,,,65.0,64.0,Switch,boutmetrics,boutmetrics,False,,10,9,1,0,0.9,5,0,4,0.5555555555555556,0.4444444444444444,4,0.3375,157.0,True,base_exact,10,1585.4881075615422,1505.2860076069126,1500.0,1572.6323019175763,1.0,0.0,1.0,0.0,3.5620044817309218,0.3562004481730921,1520.732639533411,1509.966280656526,157.0,True,0,0.0,0.0,,0.0,,0.0,0.0,0.0,,0.0,,0.0,0.0,0.0,0.0,65.0,65.0,Southpaw,boutmetrics,boutmetrics,False,,2,1,1,0,0.5,1,0,0,1.0,1.0,1,0.6607142857142857,122.0,True,base_exact,2,1501.9889713412097,1523.2672100987263,1523.2672100987263,1523.3349126615587,0.0,0.0,0.0,0.0,0.0828738058837336,0.0414369029418668,1523.2672100987263,1523.2672100987263,122.0,True,0,0.0,0.0,,0.0,,0.0,0.0,0.0,,0.0,,0.0,0.0,0.0,0.0,-2.5599430515342547,0.0,-1.0,8.0,0.4,-0.4444444444444444,-0.3232142857142857,83.4991362203325,-17.981202491813747,0.0,,,,,,,,,,,,,,,,,,,,,,,,,,,,,,,,,
8,DWCS 8.9,2024-10-08,Vanilto Antunes,Islam Dulatov,Islam Dulatov,locked_validation,True,29.780214515014,26.185342614838085,1994-12-28,1998-08-02,3.5948719001759137,380.0,625.0,-580.0,-715.0,BestFightOdds_historical,,,72.0,72.0,Orthodox,boutmetrics,boutmetrics,False,,6,5,1,0,0.8333333333333334,4,1,0,1.0,0.4,4,0.6617724867724868,199.0,True,recovered_event_opponent_alias,6,1557.5703449405642,1563.2208933612112,1552.66762424991,1637.782702232813,3.0,2.0,3.0,2.0,2.3987643725235,0.39979406208725,1597.251753439103,1578.974429763011,199.0,True,0,0.0,0.0,,0.0,,0.0,0.0,0.0,,0.0,,0.0,0.0,0.0,0.0,75.0,75.0,Orthodox,boutmetrics,boutmetrics,True,https://www.ufc.com/athlete/islam-dulatov,3,3,0,0,1.0,1,2,0,1.0,1.0,3,0.6422619047619048,577.0,True,base_exact,3,1538.6204187455787,1538.4619966726814,1532.241736471101,1561.2186521794345,1.0,0.0,1.0,0.0,1.6091841143991106,0.5363947047997035,1538.4619966726814,1538.4619966726814,577.0,True,0,0.0,0.0,,0.0,,0.0,0.0,0.0,,0.0,,0.0,0.0,0.0,0.0,3.5948719001759137,-3.0,-3.0,3.0,-0.16666666666666663,0.0,0.01951058201058198,18.949926194985437,24.75889668852983,0.0,,,,,,,,,,,,,,,,,,,,,,,,,,,,,,,,,
8,DWCS 8.10,2024-10-15,Antonio Monteiro,Yadier del Valle,Yadier del Valle,locked_validation,True,29.29012916076305,28.21413170701657,1995-07-02,1996-07-29,1.0759974537464814,124.0,-138.0,,,BestFightOdds_historical,,,67.0,70.0,Orthodox,boutmetrics,boutmetrics,False,,23,17,4,2,0.8095238095238095,3,5,8,0.4705882352941176,0.1764705882352941,11,0.5747311981365198,333.0,True,base_exact,23,1630.7567043736826,1530.7718007969008,1517.241187772568,1704.0562120645088,5.0,2.0,3.0,1.0,5.4481960155701135,0.2368780876334832,1531.37582028479,1527.030444115161,333.0,True,0,0.0,0.0,,0.0,,0.0,0.0,0.0,,0.0,,0.0,0.0,0.0,0.0,69.0,69.0,Southpaw,boutmetrics,boutmetrics,True,https://www.ufc.com/athlete/yadier-del-valle,0,0,0,0,,0,0,0,,,0,,,False,alias_no_prior_history,0,,,,,,,,,,,,,,False,0,0.0,0.0,,0.0,,0.0,0.0,0.0,,0.0,,0.0,0.0,0.0,0.0,1.0759974537464814,-2.0,1.0,23.0,,,,,,0.0,,,,,,,,,,,,,,,,,,,,,,,,,,,,,,,,,
8,DWCS 8.10,2024-10-15,Julieta Martinez,Leslie Hernandez,Julieta Martinez,locked_validation,True,20.08528580326769,26.795895877396525,2004-09-14,1997-12-29,6.710610074128834,130.0,105.0,-163.0,-120.0,BestFightOdds_historical,,,61.0,62.0,Orthodox,boutmetrics,boutmetrics,False,,1,1,0,0,1.0,0,0,1,0.0,0.0,1,0.5,521.0,True,base_exact,1,1512.0143094285309,1500.414300586377,1500.414300586377,1500.414300586377,0.0,0.0,0.0,0.0,0.5005962261887815,0.5005962261887815,1500.414300586377,1500.414300586377,521.0,True,0,0.0,0.0,,0.0,,0.0,0.0,0.0,,0.0,,0.0,0.0,0.0,0.0,63.0,64.0,Orthodox,boutmetrics,boutmetrics,False,,10,8,2,0,0.8,4,0,4,0.5,0.5,1,0.3999999999999999,95.0,True,base_exact,10,1564.4091465807785,1490.0535554419769,1494.7583469078722,1523.172385326556,0.0,0.0,0.0,0.0,2.6837144408657547,0.2683714440865755,1484.8599916629,1488.0645186174802,95.0,True,0,0.0,0.0,,0.0,,0.0,0.0,0.0,,0.0,,0.0,0.0,0.0,0.0,-6.710610074128834,-2.0,-2.0,-9.0,0.19999999999999996,-0.5,0.10000000000000009,-52.394837152247646,10.360745144400198,0.0,,,,,,,,,,,,,,,,,,,,,,,,,,,,,,,,,
8,DWCS 8.10,2024-10-15,Luis Gurule,Nick Piccininni,Luis Gurule,locked_validation,True,30.91370801590724,27.83082472603818,1993-11-16,1996-12-16,3.0828832898690592,-110.0,160.0,-110.0,-160.0,BestFightOdds_historical,,,65.0,64.0,Orthodox,boutmetrics,boutmetrics,False,,3,3,0,0,1.0,0,1,2,0.3333333333333333,0.0,1,0.6762626262626262,23.0,True,base_exact,3,1540.224611562801,1555.6811916137149,1570.9059882560314,1578.9124930275743,2.0,0.0,2.0,0.0,1.6760254817833835,0.5586751605944612,1555.6811916137149,1555.6811916137149,23.0,True,0,0.0,0.0,,0.0,,0.0,0.0,0.0,,0.0,,0.0,0.0,0.0,0.0,66.0,66.0,Orthodox,boutmetrics,boutmetrics,False,,0,0,0,0,,0,0,0,,,0,,,False,unmatched,0,,,,,,,,,,,,,,False,1,32.0,67.0,0.4776119402985074,76.0,0.3090909090909091,-44.0,6.0,16.0,0.375,0.0,1.0,515.0,494.0,0.0,0.0,3.0828832898690592,-1.0,-2.0,3.0,,,,,,44.0,,,,,,,,,,,,,,,,,,,,,,,,,,,,,,,,,
8,DWCS 8.10,2024-10-15,Mohamed Ado,Jonathan Micallef,Jonathan Micallef,locked_validation,True,24.45224747941436,25.61585795738448,2000-05-03,1999-03-05,1.1636104779701206,120.0,165.0,-150.0,-176.0,BestFightOdds_historical,,,71.0,76.0,Switch,boutmetrics,boutmetrics,False,,0,0,0,0,,0,0,0,,,0,,,False,unmatched,0,,,,,,,,,,,,,,False,0,0.0,0.0,,0.0,,0.0,0.0,0.0,,0.0,,0.0,0.0,0.0,0.0,72.0,77.0,Southpaw,boutmetrics,boutmetrics,True,https://www.ufc.com/athlete/jonathan-micallef,0,0,0,0,,0,0,0,,,0,,,False,unmatched,0,,,,,,,,,,,,,,False,0,0.0,0.0,,0.0,,0.0,0.0,0.0,,0.0,,0.0,0.0,0.0,0.0,-1.1636104779701206,-1.0,-1.0,0.0,,,,,,0.0,,,,,,,,,,,,,,,,,,,,,,,,,,,,,,,,,
8,DWCS 8.10,2024-10-15,Nick Klein,Heraldo Souza,Nick Klein,locked_validation,True,29.10395148428784,29.834972655153766,1995-09-08,1994-12-15,0.731021170865926,145.0,138.0,-188.0,-150.0,BestFightOdds_historical,,,73.0,77.0,Orthodox,boutmetrics,boutmetrics,True,https://www.ufc.com/athlete/nick-klein,1,1,0,0,1.0,0,1,0,1.0,0.0,1,0.6666666666666666,514.0,True,base_exact,1,1514.4793672534054,1572.8335083443783,1572.8335083443783,1572.8335083443783,1.0,0.0,1.0,0.0,0.6033069688918942,0.6033069688918942,1572.8335083443783,1572.8335083443783,514.0,True,0,0.0,0.0,,0.0,,0.0,0.0,0.0,,0.0,,0.0,0.0,0.0,0.0,71.0,73.0,Orthodox,boutmetrics,boutmetrics,False,,3,3,0,0,1.0,2,1,0,1.0,0.6666666666666666,2,0.647342995169082,157.0,True,base_exact,3,1538.463518606069,1536.3309818969271,1531.501872053207,1565.9602229888874,1.0,0.0,1.0,0.0,1.6026466085862228,0.5342155361954076,1536.3309818969271,1536.3309818969271,157.0,True,0,0.0,0.0,,0.0,,0.0,0.0,0.0,,0.0,,0.0,0.0,0.0,0.0,-0.731021170865926,2.0,4.0,-2.0,0.0,0.0,0.019323671497584627,-23.98415135266373,36.502526447451146,0.0,,,,,,,,,,,,,,,,,,,,,,,,,,,,,,,,,
9,DWCS 9.1,2025-08-12,Baisangur Susurkaev,Murtaza Talha,Baisangur Susurkaev,locked_validation,True,24.591880736770776,29.09026194925289,2001-01-08,1996-07-10,4.498381212482116,,,275.0,310.0,BestFightOdds_historical,,,74.0,79.0,Orthodox,boutmetrics,boutmetrics,False,,12,12,0,0,1.0,9,2,1,0.9166666666666666,0.8333333333333334,5,0.2797202797202797,172.0,True,base_exact,12,1613.9460570645035,1480.554514956673,1489.4639183113472,1574.6405982824797,1.0,0.0,1.0,0.0,4.747752377687648,0.3956460314739706,1493.9778622664164,1479.629716287885,172.0,True,0,0.0,0.0,,0.0,,0.0,0.0,0.0,,0.0,,0.0,0.0,0.0,0.0,72.0,74.0,Orthodox,boutmetrics,boutmetrics,True,https://www.ufc.com/athlete/murtaza-talha,0,0,0,0,,0,0,0,,,0,,,False,alias_no_prior_history,0,,,,,,,,,,,,,,False,1,48.0,82.0,0.5853658536585366,81.0,0.3017241379310345,-33.0,0.0,5.0,0.0,0.0,1.0,2.0,-268.0,0.0,0.0,-4.498381212482116,2.0,5.0,12.0,,,,,,33.0,,,,,,,,,,,,,,,,,,,,,,,,,,,,,,,,,
9,DWCS 9.1,2025-08-12,Chris Ewert,Yuri Panferov,Yuri Panferov,locked_validation,True,31.932209422506965,28.95062869189648,1993-09-06,1996-08-30,2.981580730610485,,,110.0,200.0,BestFightOdds_historical,,,72.0,75.0,Orthodox,boutmetrics,boutmetrics,False,,7,7,0,0,1.0,5,0,2,0.7142857142857143,0.7142857142857143,6,0.5333333333333333,212.0,True,recovered_event_opponent_alias,7,1575.0190062444374,1496.3110647957517,1500.0,1511.7178826822262,0.0,0.0,0.0,0.0,3.1257919268515613,0.4465417038359373,1487.4865236293451,1494.8354907140524,212.0,True,0,0.0,0.0,,0.0,,0.0,0.0,0.0,,0.0,,0.0,0.0,0.0,0.0,73.0,72.0,Orthodox,boutmetrics,boutmetrics,False,,1,1,0,0,1.0,1,0,0,1.0,1.0,1,0.3809523809523809,999.0,True,base_exact,1,1510.4469073460332,1454.7797342459207,1454.7797342459207,1454.7797342459207,0.0,0.0,0.0,0.0,0.4352878060847137,0.4352878060847137,1454.7797342459207,1454.7797342459207,999.0,True,1,18.0,34.0,0.5294117647058824,7.0,0.4166666666666666,11.0,0.0,0.0,,7.0,0.3636363636363636,5.0,-388.0,0.0,0.0,2.981580730610485,-1.0,3.0,6.0,0.0,-0.2857142857142857,0.15238095238095245,64.57209889840419,41.531330549830955,-11.0,,,,,,,,,,,,,,,,,,,,,,,,,,,,,,,,,
9,DWCS 9.1,2025-08-12,George Mangos,Radley Da Silva,Radley Da Silva,locked_validation,True,21.982655359110726,30.147094053950457,2003-08-19,1995-06-20,8.164438694839731,-200.0,-137.0,150.0,140.0,BestFightOdds_historical,,,70.0,70.0,Switch,boutmetrics,boutmetrics,False,,0,0,0,0,,0,0,0,,,0,,,False,unmatched,0,,,,,,,,,,,,,,False,0,0.0,0.0,,0.0,,0.0,0.0,0.0,,0.0,,0.0,0.0,0.0,0.0,69.0,71.0,Orthodox,boutmetrics,boutmetrics,False,,2,2,0,0,1.0,0,2,0,1.0,0.0,2,0.8214285714285714,460.0,True,base_exact,2,1526.0770548695714,1536.5626545618006,1536.5626545618006,1549.4418979739305,0.0,0.0,0.0,0.0,1.0865439528988088,0.5432719764494044,1536.5626545618006,1536.5626545618006,460.0,True,0,0.0,0.0,,0.0,,0.0,0.0,0.0,,0.0,,0.0,0.0,0.0,0.0,-8.164438694839731,1.0,-1.0,-2.0,,,,,,0.0,,,,,,,,,,,,,,,,,,,,,,,,,,,,,,,,,
9,DWCS 9.1,2025-08-12,Ilian Bouafia,Neemias Santana,Ilian Bouafia,locked_validation,True,28.74528566637234,29.09026194925289,1996-11-13,1996-07-10,0.3449762828805518,-250.0,-165.0,175.0,142.0,BestFightOdds_historical,,,77.0,78.0,Southpaw,boutmetrics,boutmetrics,False,,2,2,0,0,1.0,2,0,0,1.0,0.5,2,0.6458333333333333,383.0,True,base_exact,2,1525.1470819752735,1523.0392715270036,1523.0392715270036,1523.9796070633352,0.0,0.0,0.0,0.0,1.047795082303062,0.523897541151531,1523.0392715270036,1523.0392715270036,383.0,True,0,0.0,0.0,,0.0,,0.0,0.0,0.0,,0.0,,0.0,0.0,0.0,0.0,74.0,76.0,Orthodox,boutmetrics,boutmetrics,False,,0,0,0,0,,0,0,0,,,0,,,False,unmatched,0,,,,,,,,,,,,,,False,0,0.0,0.0,,0.0,,0.0,0.0,0.0,,0.0,,0.0,0.0,0.0,0.0,-0.3449762828805518,3.0,2.0,2.0,,,,,,0.0,,,,,,,,,,,,,,,,,,,,,,,,,,,,,,,,,
9,DWCS 9.1,2025-08-12,Ty Miller,Jimmy Drago,Ty Miller,locked_validation,True,25.18874446429427,30.481118708803056,2000-06-04,1995-02-18,5.292374244508785,-225.0,-230.0,163.0,225.0,BestFightOdds_historical,,,74.0,77.0,Orthodox,boutmetrics,boutmetrics,True,https://www.ufc.com/athlete/ty-miller,9,7,1,1,0.875,4,0,3,0.5714285714285714,0.5714285714285714,3,0.6166666666666667,249.0,True,recovered_event_opponent_alias,9,1571.7000415410248,1503.4050505762818,1500.6122294169124,1514.062056325636,0.0,0.0,0.0,0.0,2.987501730876046,0.3319446367640051,1502.4419084422375,1504.27755633047,249.0,True,0,0.0,0.0,,0.0,,0.0,0.0,0.0,,0.0,,0.0,0.0,0.0,0.0,70.0,71.0,Orthodox,boutmetrics,boutmetrics,False,,2,1,0,1,1.0,0,0,1,0.0,0.0,2,0.7857142857142857,151.0,True,base_exact,2,1515.4590843268495,1557.999889660504,1557.999889660504,1576.4114279060734,1.0,0.0,1.0,0.0,0.644128513618744,0.322064256809372,1557.999889660504,1557.999889660504,151.0,True,0,0.0,0.0,,0.0,,0.0,0.0,0.0,,0.0,,0.0,0.0,0.0,0.0,-5.292374244508785,4.0,6.0,7.0,-0.125,0.5714285714285714,-0.169047619047619,56.240957214175296,-54.59483908422226,0.0,,,,,,,,,,,,,,,,,,,,,,,,,,,,,,,,,
9,DWCS 9.2,2025-08-19,Brandon Holmes,Cam Rowston,Cam Rowston,locked_validation,True,28.534466826834223,30.58242126806163,1997-02-05,1995-01-19,2.0479544412274073,,,280.0,380.0,BestFightOdds_historical,,,74.0,74.0,Orthodox,boutmetrics,boutmetrics,False,,0,0,0,0,,0,0,0,,,0,,,False,unmatched,0,,,,,,,,,,,,,,False,0,0.0,0.0,,0.0,,0.0,0.0,0.0,,0.0,,0.0,0.0,0.0,0.0,75.0,78.0,Orthodox,boutmetrics,boutmetrics,True,https://www.ufc.com/athlete/cameron-rowston,0,0,0,0,,0,0,0,,,0,,,False,unmatched,0,,,,,,,,,,,,,,False,1,32.0,65.0,0.4923076923076923,28.0,0.4716981132075472,4.0,0.0,0.0,,10.0,0.2857142857142857,6.0,-695.0,0.0,1.0,-2.0479544412274073,-1.0,-4.0,0.0,,,,,,-4.0,,,,,,,,,,,,,,,,,,,,,,,,,,,,,,,,,
9,DWCS 9.2,2025-08-19,Josh Hokit,Guilherme Uriel,Josh Hokit,locked_validation,True,27.767852864877444,28.498874035743377,1997-11-12,1997-02-18,0.7310211708659331,,,,,,,,73.0,73.0,Orthodox,boutmetrics,boutmetrics,False,,10,10,0,0,1.0,4,6,0,1.0,0.8,2,0.377840909090909,102.0,True,base_exact,10,1602.9447844863505,1498.5070258009446,1494.7407374732088,1529.6170953939193,0.0,0.0,0.0,0.0,4.289366020264591,0.4289366020264591,1512.935342489418,1503.4143790994997,102.0,True,0,0.0,0.0,,0.0,,0.0,0.0,0.0,,0.0,,0.0,0.0,0.0,0.0,73.0,74.0,Orthodox,boutmetrics,boutmetrics,True,https://www.ufc.com/athlete/guilherme-uriel,12,10,2,0,0.8333333333333334,5,5,0,1.0,1.0,2,0.1666666666666666,193.0,True,base_exact,12,1578.1036445547272,1497.917062994152,1500.0,1514.2103110012606,0.0,0.0,0.0,0.0,3.2543185231136342,0.2711932102594695,1500.7506577109168,1503.292456826802,193.0,True,0,0.0,0.0,,0.0,,0.0,0.0,0.0,,0.0,,0.0,0.0,0.0,0.0,-0.7310211708659331,0.0,-1.0,-2.0,0.16666666666666663,0.0,0.2111742424242424,24.841139931623275,0.5899628067925278,0.0,,,,,,,,,,,,,,,,,,,,,,,,,,,,,,,,,
9,DWCS 9.2,2025-08-19,Kaushik Saikumar,Louis Lee Scott,Louis Lee Scott,locked_validation,True,27.688453561674777,25.47896260703505,1997-12-11,2000-02-26,2.209490954639726,,,,,,,,70.0,71.0,Orthodox,boutmetrics,boutmetrics,False,,1,1,0,0,1.0,1,0,0,1.0,0.0,1,0.8181818181818182,305.0,True,base_exact,1,1514.4802904295682,1572.86142940695,1572.86142940695,1572.86142940695,1.0,0.0,1.0,0.0,0.6033454345653388,0.6033454345653388,1572.86142940695,1572.86142940695,305.0,True,0,0.0,0.0,,0.0,,0.0,0.0,0.0,,0.0,,0.0,0.0,0.0,0.0,68.0,70.0,Orthodox,boutmetrics,boutmetrics,False,,10,10,0,0,1.0,6,2,2,0.8,0.6,7,0.7152894491129784,186.0,True,base_exact,10,1606.8476778033378,1506.3824255991835,1511.282603080838,1625.5106596463345,3.0,1.0,3.0,1.0,4.4519865751390775,0.4451986575139077,1585.6231850350894,1552.5770585215002,186.0,True,0,0.0,0.0,,0.0,,0.0,0.0,0.0,,0.0,,0.0,0.0,0.0,0.0,2.209490954639726,2.0,1.0,-9.0,0.0,0.19999999999999996,0.1028923690688398,-92.36738737376959,66.4790038077665,0.0,,,,,,,,,,,,,,,,,,,,,,,,,,,,,,,,,
9,DWCS 9.2,2025-08-19,Manuel Exposito,Jose Delano,Jose Delano,locked_validation,True,25.27909539552489,28.936939156861538,2000-05-09,1996-09-11,3.657843761336647,,,,,,,,67.0,68.0,Orthodox,boutmetrics,boutmetrics,False,,4,3,1,0,0.75,1,2,0,1.0,0.6666666666666666,4,0.8035714285714286,382.0,True,base_exact,4,1527.5586551387555,1539.7852295925932,1543.93723479403,1565.835114817282,2.0,0.0,1.0,0.0,1.148277297448138,0.2870693243620345,1541.838343984106,1539.7852295925932,382.0,True,0,0.0,0.0,,0.0,,0.0,0.0,0.0,,0.0,,0.0,0.0,0.0,0.0,68.0,70.0,Orthodox,boutmetrics,boutmetrics,True,https://www.ufc.com/athlete/jose-delano,22,18,4,0,0.8181818181818182,5,6,7,0.6111111111111112,0.3888888888888889,9,0.7688569742278182,193.0,True,recovered_event_opponent_alias,22,1658.1555666685904,1554.9995844736643,1558.094664078504,1633.8162237343477,11.0,5.0,9.0,3.0,6.589815277857952,0.2995370580844523,1580.346988569079,1595.9026745044291,193.0,True,0,0.0,0.0,,0.0,,0.0,0.0,0.0,,0.0,,0.0,0.0,0.0,0.0,-3.657843761336647,-1.0,-2.0,-18.0,-0.06818181818181823,0.38888888888888884,0.034714454343610424,-130.59691152983487,-15.21435488107113,0.0,,,,,,,,,,,,,,,,,,,,,,,,,,,,,,,,,
9,DWCS 9.2,2025-08-19,Tommy Cuozzi Jr.,Ramiro Jimenez,Ramiro Jimenez,locked_validation,True,25.969047961285995,26.590552851872385,1999-08-31,1999-01-16,0.6215048905863902,,,,,,,,69.0,71.0,Orthodox,boutmetrics,boutmetrics,False,,0,0,0,0,,0,0,0,,,0,,,False,unmatched,0,,,,,,,,,,,,,,False,0,0.0,0.0,,0.0,,0.0,0.0,0.0,,0.0,,0.0,0.0,0.0,0.0,69.0,73.0,Southpaw,boutmetrics,boutmetrics,True,https://www.ufc.com/athlete/ramiro-jimenez,2,2,0,0,1.0,2,0,0,1.0,1.0,1,0.652046783625731,829.0,True,base_exact,2,1525.7051262419766,1530.9045279850684,1530.9045279850684,1555.526445289507,1.0,0.0,1.0,0.0,1.0710469267490326,0.5355234633745163,1530.9045279850684,1530.9045279850684,829.0,True,0,0.0,0.0,,0.0,,0.0,0.0,0.0,,0.0,,0.0,0.0,0.0,0.0,-0.6215048905863902,0.0,-2.0,-2.0,,,,,,0.0,,,,,,,,,,,,,,,,,,,,,,,,,,,,,,,,,
9,DWCS 9.3,2025-08-26,Abdul Rakhman Yakhyaev,Alik Lorenz,Abdul Rakhman Yakhyaev,locked_validation,True,24.643900969903555,28.58374915296002,2001-01-03,1997-01-25,3.9398481830564656,,,500.0,850.0,BestFightOdds_historical,,,74.0,78.0,Orthodox,boutmetrics,boutmetrics,False,,6,6,0,0,1.0,2,3,1,0.8333333333333334,0.6666666666666666,3,0.8333333333333333,334.0,True,base_exact,6,1567.3578003064154,1506.499078699875,1500.0,1522.757267152041,0.0,0.0,0.0,0.0,2.806575012767293,0.4677625021278822,1512.998157399751,1507.7988944398503,334.0,True,0,0.0,0.0,,0.0,,0.0,0.0,0.0,,0.0,,0.0,0.0,0.0,0.0,74.0,77.0,Orthodox,boutmetrics,boutmetrics,True,https://www.ufc.com/athlete/alik-lorenz,11,10,1,0,0.9090909090909092,8,2,0,1.0,0.8,3,0.2565628815628816,291.0,True,base_exact,11,1586.7175132500454,1477.1427263086762,1479.0458543536545,1510.9954964023289,0.0,0.0,0.0,0.0,3.613229718751886,0.3284754289774442,1449.5630857263502,1463.469256723666,291.0,True,0,0.0,0.0,,0.0,,0.0,0.0,0.0,,0.0,,0.0,0.0,0.0,0.0,-3.9398481830564656,0.0,1.0,-5.0,0.09090909090909083,-0.16666666666666663,0.5767704517704517,-19.35971294363003,29.356352391198925,0.0,,,,,,,,,,,,,,,,,,,,,,,,,,,,,,,,,
9,DWCS 9.3,2025-08-26,Cristian Perez,Manoel Sousa,Manoel Sousa,locked_validation,True,26.026544008432754,28.22782124205151,1999-08-17,1997-06-04,2.2012772336187574,200.0,225.0,-275.0,-250.0,BestFightOdds_historical,,,69.0,72.0,Orthodox,boutmetrics,boutmetrics,False,,6,5,1,0,0.8333333333333334,0,3,2,0.6,0.4,2,0.6139346764346764,1012.0,True,base_exact,6,1551.7442819317118,1529.7335362364156,1536.0460862291811,1559.5944496088475,2.0,0.0,2.0,0.0,2.15601174715467,0.359335291192445,1543.0116402230171,1537.8347089389451,1012.0,True,0,0.0,0.0,,0.0,,0.0,0.0,0.0,,0.0,,0.0,0.0,0.0,0.0,69.0,70.0,Orthodox,boutmetrics,boutmetrics,True,https://www.ufc.com/athlete/manoel-sousa,17,15,2,0,0.8823529411764706,8,3,4,0.7333333333333333,0.4,6,0.6940328529601886,151.0,True,base_exact,17,1649.4102855187757,1574.2306325568554,1568.0345545914506,1694.8055358974814,11.0,4.0,9.0,2.0,6.225428563282324,0.3662016801930778,1607.443675373984,1633.2783024525936,151.0,True,0,0.0,0.0,,0.0,,0.0,0.0,0.0,,0.0,,0.0,0.0,0.0,0.0,-2.2012772336187574,0.0,2.0,-11.0,-0.04901960784313719,-0.1333333333333333,-0.08009817652551221,-97.66600358706387,-44.49709632043982,0.0,,,,,,,,,,,,,,,,,,,,,,,,,,,,,,,,,
9,DWCS 9.3,2025-08-26,Damon Wilson,Marcio Barbosa,Marcio Barbosa,locked_validation,True,32.32646803151331,27.26407797559156,1993-04-29,1998-05-22,5.062390055921746,200.0,440.0,-275.0,-400.0,BestFightOdds_historical,,,69.0,69.0,Switch,boutmetrics,boutmetrics,False,,10,6,4,0,0.6,6,0,0,1.0,1.0,1,0.5854188948306595,165.0,True,base_exact,10,1527.392949126957,1530.2994400798802,1518.1888297903351,1576.5009469117924,4.0,0.0,0.0,0.0,1.141372880289898,0.1141372880289898,1536.703275350346,1549.9422283154558,165.0,True,0,0.0,0.0,,0.0,,0.0,0.0,0.0,,0.0,,0.0,0.0,0.0,0.0,66.0,70.0,Orthodox,boutmetrics,boutmetrics,True,https://www.ufc.com/athlete/marcio-barbosa,22,19,3,0,0.8636363636363636,15,3,1,0.9473684210526316,0.9473684210526316,13,0.7519660270525322,277.0,True,base_exact,22,1661.9378613036872,1548.2978520482743,1553.3159564234263,1639.033606292247,12.0,4.0,9.0,3.0,6.747410887653632,0.3067004948933469,1570.787719450129,1595.4726334670715,277.0,True,0,0.0,0.0,,0.0,,0.0,0.0,0.0,,0.0,,0.0,0.0,0.0,0.0,5.062390055921746,3.0,-1.0,-12.0,-0.26363636363636367,0.05263157894736836,-0.16654713222187278,-134.54491217673012,-17.998411968394066,0.0,,,,,,,,,,,,,,,,,,,,,,,,,,,,,,,,,
9,DWCS 9.3,2025-08-26,Donte Johnson,Darion Abbey,Donte Johnson,locked_validation,True,26.585077037858408,32.498956172953584,1999-01-25,1993-02-25,5.913879135095176,-350.0,-225.0,260.0,210.0,BestFightOdds_historical,,,68.0,74.0,Southpaw,boutmetrics,boutmetrics,True,https://www.ufc.com/athlete/donte-johnson,0,0,0,0,,0,0,0,,,0,,,False,alias_no_prior_history,0,,,,,,,,,,,,,,False,0,0.0,0.0,,0.0,,0.0,0.0,0.0,,0.0,,0.0,0.0,0.0,0.0,74.0,80.0,Orthodox,boutmetrics,boutmetrics,False,,15,9,6,0,0.6,5,2,2,0.7777777777777778,0.6666666666666666,10,0.374777183600713,151.0,True,base_exact,15,1544.5671989706086,1513.0268713088592,1500.0,1591.8782721691582,4.0,0.0,1.0,0.0,1.856966623775356,0.123797774918357,1507.392112164541,1514.8565586400966,151.0,True,0,0.0,0.0,,0.0,,0.0,0.0,0.0,,0.0,,0.0,0.0,0.0,0.0,-5.913879135095176,-6.0,-6.0,-15.0,,,,,,0.0,,,,,,,,,,,,,,,,,,,,,,,,,,,,,,,,,
9,DWCS 9.3,2025-08-26,Trent Miller,Ryan Gandra,Ryan Gandra,locked_validation,True,29.821283120118824,30.303154753348803,1995-10-31,1995-05-08,0.4818716332299786,260.0,475.0,-350.0,-450.0,BestFightOdds_historical,,,69.0,72.0,Orthodox,boutmetrics,boutmetrics,True,https://www.ufc.com/athlete/trent-miller,11,9,2,0,0.8181818181818182,6,2,1,0.8888888888888888,0.7777777777777778,9,0.656714200831848,96.0,True,base_exact,11,1571.4090094568105,1509.2094118146938,1500.0,1552.1613772237313,1.0,0.0,0.0,0.0,2.9753753940337773,0.2704886721848888,1522.454938838605,1513.3892447695257,96.0,True,0,0.0,0.0,,0.0,,0.0,0.0,0.0,,0.0,,0.0,0.0,0.0,0.0,73.0,74.0,Orthodox,boutmetrics,boutmetrics,False,,10,9,1,0,0.9,6,1,2,0.7777777777777778,0.5555555555555556,6,0.6920594965675058,277.0,True,base_exact,10,1595.2050601618027,1533.3255499062293,1539.3918577416634,1581.7703986860554,4.0,0.0,4.0,0.0,3.9668775067417794,0.3966877506741779,1556.0026835410542,1547.894211790221,277.0,True,0,0.0,0.0,,0.0,,0.0,0.0,0.0,,0.0,,0.0,0.0,0.0,0.0,-0.4818716332299786,-4.0,-2.0,1.0,-0.08181818181818179,0.11111111111111105,-0.03534529573565781,-23.79605070499224,-24.116138091535504,0.0,,,,,,,,,,,,,,,,,,,,,,,,,,,,,,,,,
9,DWCS 9.4,2025-09-02,An Tuan Ho,Eduardo Chapolin,Eduardo Chapolin,locked_validation,True,24.93138120563735,29.77747660800701,2000-09-27,1995-11-23,4.846095402369659,110.0,130.0,,,BestFightOdds_historical,,,66.0,66.0,Switch,boutmetrics,boutmetrics,False,,5,4,1,0,0.8,2,2,0,1.0,0.0,2,0.5818181818181818,385.0,True,base_exact,5,1533.269004433276,1506.4179629594864,1489.8133574551744,1609.456373438619,1.0,1.0,0.0,0.0,1.3862085180531705,0.2772417036106341,1513.4660762678357,1506.4179629594864,385.0,True,1,10.0,27.0,0.3703703703703703,12.0,0.3333333333333333,-2.0,0.0,0.0,,0.0,,0.0,-2.0,0.0,0.0,67.0,67.0,Orthodox,boutmetrics,boutmetrics,True,https://www.ufc.com/athlete/eduardo-chapolin,29,22,7,0,0.7586206896551724,12,6,4,0.8181818181818182,0.3636363636363636,13,0.7153943738739059,11.0,True,recovered_event_opponent_alias,29,1661.1019291446958,1539.0452436849926,1531.1278158617545,1629.0223414507395,11.0,1.0,8.0,1.0,6.712580381028966,0.2314682890009988,1569.30113748,1570.1579240791891,11.0,True,0,0.0,0.0,,0.0,,0.0,0.0,0.0,,0.0,,0.0,0.0,0.0,0.0,-4.846095402369659,-1.0,-1.0,-24.0,0.04137931034482767,0.18181818181818177,-0.13357619205572413,-127.83292471141976,-32.627280725506125,-2.0,,,,,,,,,,,,,,,,,,,,,,,,,,,,,,,,,
9,DWCS 9.4,2025-09-02,Jack Congdon,Jean-Paul Lebosnoyani,Jean-Paul Lebosnoyani,locked_validation,True,28.28531728919827,26.59876657289335,1997-05-21,1999-01-27,1.6865507163049216,200.0,425.0,-250.0,-500.0,BestFightOdds_historical,,,74.0,75.0,Switch,boutmetrics,boutmetrics,False,,4,3,1,0,0.75,2,1,0,1.0,1.0,1,0.5705931495405179,220.0,True,base_exact,4,1525.1878671241063,1520.3835920859583,1527.9215191593244,1549.973753983255,0.0,0.0,0.0,0.0,1.0494944635044323,0.2623736158761081,1525.0690338995864,1520.3835920859583,220.0,True,0,0.0,0.0,,0.0,,0.0,0.0,0.0,,0.0,,0.0,0.0,0.0,0.0,71.0,72.0,Switch,boutmetrics,boutmetrics,False,,19,16,3,0,0.8421052631578947,4,10,2,0.875,0.6875,3,0.4207821905190325,144.0,True,base_exact,19,1622.703001734251,1510.3759236201738,1500.0,1591.8648588252026,4.0,0.0,2.0,0.0,5.112625072260449,0.2690855301189709,1554.2673790087813,1526.417509210994,144.0,True,0,0.0,0.0,,0.0,,0.0,0.0,0.0,,0.0,,0.0,0.0,0.0,0.0,1.6865507163049216,3.0,3.0,-15.0,-0.09210526315789469,0.125,0.1498109590214854,-97.51513461014474,10.00766846578449,0.0,,,,,,,,,,,,,,,,,,,,,,,,,,,,,,,,,
9,DWCS 9.4,2025-09-02,Mandel Nallo,Samuel Silva,Mandel Nallo,locked_validation,True,36.10477970115745,29.667960327727467,1989-07-26,1996-01-02,6.43681937342998,163.0,116.0,-200.0,-118.0,BestFightOdds_historical,,,72.0,75.0,Orthodox,boutmetrics,boutmetrics,True,https://www.ufc.com/athlete/mandel-nallo,13,7,5,1,0.5833333333333334,7,0,0,1.0,0.7142857142857143,2,0.7581027228705247,451.0,True,base_exact,13,1565.6051371043682,1592.151200965714,1588.0023165789862,1663.3678513682412,12.0,5.0,6.0,1.0,2.733547379348687,0.2102728753345144,1577.138786519344,1609.9882403606782,451.0,True,0,0.0,0.0,,0.0,,0.0,0.0,0.0,,0.0,,0.0,0.0,0.0,0.0,72.0,72.0,Orthodox,boutmetrics,boutmetrics,False,,27,16,10,1,0.6153846153846154,6,6,4,0.75,0.5,18,0.7166196614636718,165.0,True,base_exact,27,1617.3552603278608,1554.2247338790387,1537.0863754669876,1692.5090879513816,9.0,5.0,7.0,5.0,4.889802513660896,0.1811037968022553,1673.4454588984106,1657.320197294548,165.0,True,0,0.0,0.0,,0.0,,0.0,0.0,0.0,,0.0,,0.0,0.0,0.0,0.0,6.43681937342998,0.0,3.0,-14.0,-0.03205128205128205,0.25,0.04148306140685287,-51.750123223492665,37.9264670866753,0.0,,,,,,,,,,,,,,,,,,,,,,,,,,,,,,,,,
9,DWCS 9.4,2025-09-02,Theo Haig,Cezary Oleksiejczuk,Cezary Oleksiejczuk,locked_validation,True,29.02729008809216,25.656926562489303,1996-08-23,2000-01-06,3.370363525602855,210.0,290.0,-275.0,-333.0,BestFightOdds_historical,,,74.0,77.0,Orthodox,boutmetrics,boutmetrics,False,,10,10,0,0,1.0,0,10,0,1.0,0.8,4,0.7366666666666667,235.0,True,base_exact,10,1602.3042311813756,1496.4330942992617,1500.0,1534.616782696858,0.0,0.0,0.0,0.0,4.262676299223986,0.4262676299223986,1476.5285840530162,1497.506356354485,235.0,True,0,0.0,0.0,,0.0,,0.0,0.0,0.0,,0.0,,0.0,0.0,0.0,0.0,75.0,75.0,Southpaw,boutmetrics,boutmetrics,True,https://www.ufc.com/athlete/cezary-oleksiejczuk,6,5,1,0,0.8333333333333334,5,0,0,1.0,1.0,4,0.7257648634719657,199.0,True,base_exact,6,1563.8531476211158,1606.0725536546215,1616.8432597387982,1653.15675408229,5.0,3.0,4.0,2.0,2.6605478175464903,0.4434246362577483,1630.4198460573186,1620.5705930372942,199.0,True,0,0.0,0.0,,0.0,,0.0,0.0,0.0,,0.0,,0.0,0.0,0.0,0.0,3.370363525602855,-1.0,2.0,4.0,0.16666666666666663,0.0,0.01090180319470102,38.451083560259804,-109.6394593553598,0.0,,,,,,,,,,,,,,,,,,,,,,,,,,,,,,,,,
9,DWCS 9.4,2025-09-02,Tommy McMillen,David Mgoyan,Tommy McMillen,locked_validation,True,27.71583263174466,21.18866232708406,1997-12-15,2004-06-25,6.527170304660601,110.0,150.0,-138.0,-170.0,BestFightOdds_historical,,,72.0,74.0,Orthodox,boutmetrics,boutmetrics,False,,1,1,0,0,1.0,0,1,0,1.0,1.0,1,0.525,129.0,True,base_exact,1,1511.7451611734866,1492.6205507674188,1492.6205507674188,1492.6205507674188,0.0,0.0,0.0,0.0,0.4893817155619471,0.4893817155619471,1492.6205507674188,1492.6205507674188,129.0,True,0,0.0,0.0,,0.0,,0.0,0.0,0.0,,0.0,,0.0,0.0,0.0,0.0,69.0,70.0,Orthodox,boutmetrics,boutmetrics,False,,3,3,0,0,1.0,2,0,1,0.6666666666666666,0.6666666666666666,2,0.5589743589743589,200.0,True,base_exact,3,1538.6686879617737,1538.3698015346642,1518.143093722931,1591.4492884344536,1.0,0.0,1.0,0.0,1.6111953317405754,0.5370651105801918,1538.3698015346642,1538.3698015346642,200.0,True,0,0.0,0.0,,0.0,,0.0,0.0,0.0,,0.0,,0.0,0.0,0.0,0.0,6.527170304660601,3.0,4.0,-2.0,0.0,0.33333333333333337,-0.033974358974358854,-26.923526788287063,-45.749250767245485,0.0,,,,,,,,,,,,,,,,,,,,,,,,,,,,,,,,,
9,DWCS 9.5,2025-09-09,Anthony Guarascio,Steven Asplund,Steven Asplund,locked_validation,True,31.53521290649363,27.15182378830503,1994-02-26,1998-07-16,4.3833891181885996,-186.0,-160.0,140.0,150.0,BestFightOdds_historical,,,74.0,72.0,Orthodox,boutmetrics,boutmetrics,False,,1,1,0,0,1.0,1,0,0,1.0,1.0,1,0.9,143.0,True,base_exact,1,1514.6397162292562,1577.6974573563496,1577.6974573563496,1577.6974573563496,1.0,0.0,1.0,0.0,0.6099881762190067,0.6099881762190067,1577.6974573563496,1577.6974573563496,143.0,True,0,0.0,0.0,,0.0,,0.0,0.0,0.0,,0.0,,0.0,0.0,0.0,0.0,77.0,78.0,Orthodox,boutmetrics,boutmetrics,True,https://www.ufc.com/athlete/steven-asplund,12,10,2,0,0.8333333333333334,7,0,3,0.7,0.3,2,0.5402160864345739,151.0,True,base_exact,12,1578.8283062792352,1499.9673630001073,1500.0,1545.0460097124735,0.0,0.0,0.0,0.0,3.284512761634802,0.2737093968029002,1500.1990293236138,1498.8920461614648,151.0,True,0,0.0,0.0,,0.0,,0.0,0.0,0.0,,0.0,,0.0,0.0,0.0,0.0,4.3833891181885996,-3.0,-6.0,-11.0,0.16666666666666663,0.30000000000000004,0.35978391356542616,-64.18859004997898,77.73009435624226,0.0,,,,,,,,,,,,,,,,,,,,,,,,,,,,,,,,,
9,DWCS 9.5,2025-09-09,Cam Teague,Lerryan Douglas,Lerryan Douglas,locked_validation,True,27.570723560374272,30.371602428523516,1998-02-13,1995-04-27,2.800878868149244,340.0,510.0,-500.0,-500.0,BestFightOdds_historical,,,70.0,69.0,Orthodox,boutmetrics,boutmetrics,False,,1,1,0,0,1.0,1,0,0,1.0,0.0,1,0.7894736842105263,403.0,True,base_exact,1,1515.388150266575,1600.8359901136196,1600.8359901136196,1600.8359901136196,1.0,1.0,1.0,1.0,0.6411729277739523,0.6411729277739523,1600.8359901136196,1600.8359901136196,403.0,True,1,14.0,51.0,0.2745098039215686,48.0,0.3513513513513513,-34.0,0.0,0.0,,0.0,,1.0,0.0,0.0,0.0,69.0,72.0,Orthodox,boutmetrics,boutmetrics,False,,23,16,7,0,0.6956521739130435,10,3,3,0.8125,0.375,13,0.7227437209255391,227.0,True,base_exact,23,1616.3584027718384,1549.353595628543,1534.772327276234,1647.9816823619806,9.0,6.0,7.0,4.0,4.8482667821599446,0.2107942079199976,1622.4454974320308,1604.8638758912998,227.0,True,0,0.0,0.0,,0.0,,0.0,0.0,0.0,,0.0,,0.0,0.0,0.0,0.0,-2.800878868149244,1.0,-3.0,-22.0,0.30434782608695654,0.1875,0.06672996328498726,-100.97025250526349,51.48239448507661,-34.0,,,,,,,,,,,,,,,,,,,,,,,,,,,,,,,,,
9,DWCS 9.5,2025-09-09,Chasen Blair,Samuel Sanches,Samuel Sanches,locked_validation,True,26.905412157676064,22.615111877725077,1998-10-14,2003-01-28,4.290300279950987,-129.0,-110.0,-104.0,105.0,BestFightOdds_historical,,,70.0,71.0,Orthodox,boutmetrics,boutmetrics,False,,19,14,5,0,0.7368421052631579,8,6,0,1.0,0.8571428571428571,2,0.56,136.0,True,base_exact,19,1589.7264487437258,1512.705055492439,1501.733789644723,1585.7229806040002,3.0,0.0,1.0,0.0,3.738602030988585,0.1967685279467676,1521.0220646826008,1533.8841829990222,136.0,True,1,48.0,122.0,0.3934426229508196,48.0,0.5932203389830508,0.0,0.0,1.0,0.0,0.0,1.0,0.0,-14.0,0.0,0.0,70.0,74.0,Orthodox,boutmetrics,boutmetrics,True,https://www.ufc.com/athlete/samuel-sanches,11,10,1,0,0.9090909090909092,7,1,2,0.8,0.6,7,0.2740389603134701,163.0,True,base_exact,11,1588.0453622817902,1483.2494633005206,1489.3021909899992,1552.6041829617543,1.0,0.0,1.0,0.0,3.668556761741277,0.3335051601582979,1486.42318584493,1502.3747480993088,163.0,True,0,0.0,0.0,,0.0,,0.0,0.0,0.0,,0.0,,0.0,0.0,0.0,0.0,4.290300279950987,0.0,-3.0,8.0,-0.17224880382775132,0.19999999999999996,0.28596103968652997,1.6810864619355925,29.455592191918413,0.0,,,,,,,,,,,,,,,,,,,,,,,,,,,,,,,,,
9,DWCS 9.5,2025-09-09,Felipe Franco,Freddy Vidal,Freddy Vidal,locked_validation,True,24.630211434868613,31.346297323011424,2001-01-22,1994-05-06,6.7160858881428105,-335.0,-490.0,230.0,380.0,BestFightOdds_historical,,,73.0,76.0,Orthodox,boutmetrics,boutmetrics,True,https://www.ufc.com/athlete/felipe-franco,1,1,0,0,1.0,0,1,0,1.0,1.0,1,0.0,899.0,True,base_exact,1,1511.177082682132,1476.136648670559,1476.136648670559,1476.136648670559,0.0,0.0,0.0,0.0,0.4657117784221665,0.4657117784221665,1476.136648670559,1476.136648670559,899.0,True,0,0.0,0.0,,0.0,,0.0,0.0,0.0,,0.0,,0.0,0.0,0.0,0.0,75.0,79.0,Orthodox,boutmetrics,boutmetrics,False,,0,0,0,0,,0,0,0,,,0,,,False,unmatched,0,,,,,,,,,,,,,,False,0,0.0,0.0,,0.0,,0.0,0.0,0.0,,0.0,,0.0,0.0,0.0,0.0,-6.7160858881428105,-2.0,-3.0,1.0,,,,,,0.0,,,,,,,,,,,,,,,,,,,,,,,,,,,,,,,,,
9,DWCS 9.5,2025-09-09,Shanelle Dyer,Carol Foro,Carol Foro,locked_validation,True,24.38106189723266,28.47149496567349,2001-04-23,1997-03-21,4.090433068440831,-143.0,-175.0,108.0,160.0,BestFightOdds_historical,,,66.0,65.0,Orthodox,boutmetrics,boutmetrics,True,https://www.ufc.com/athlete/shanelle-dyer,9,9,0,0,1.0,5,0,4,0.5555555555555556,0.4444444444444444,5,0.58,346.0,True,base_exact,9,1597.350452328442,1510.4954058681926,1500.0,1565.0206098228134,2.0,0.0,2.0,0.0,4.056268847018408,0.4506965385576008,1512.881571208832,1521.129056135269,346.0,True,0,0.0,0.0,,0.0,,0.0,0.0,0.0,,0.0,,0.0,0.0,0.0,0.0,62.0,61.0,Orthodox,boutmetrics,boutmetrics,False,,2,0,2,0,0.0,0,0,0,,,1,1.0,591.0,True,base_exact,2,1479.0839431586148,1539.5233723203614,1539.5233723203614,1544.9361892932711,0.0,0.0,0.0,0.0,-0.8715023683910501,-0.435751184195525,1539.5233723203614,1539.5233723203614,591.0,True,0,0.0,0.0,,0.0,,0.0,0.0,0.0,,0.0,,0.0,0.0,0.0,0.0,-4.090433068440831,4.0,4.0,7.0,1.0,,-0.42000000000000004,118.26650916982726,-29.027966452168812,0.0,,,,,,,,,,,,,,,,,,,,,,,,,,,,,,,,,
9,DWCS 9.10,2025-10-14,Azamat Nuftillaev,Jovan Leka,Jovan Leka,locked_validation,True,31.784362444129584,23.584330958199004,1994-01-01,2002-03-15,8.20003148593058,-250.0,155.0,210.0,-160.0,BestFightOdds_historical,https://www.bestfightodds.com/events/dwcs-week-10-3894,event_identity_to_fighter_history,,,Stance —,,,False,,5,3,1,1,0.75,2,1,0,1.0,0.6666666666666666,3,0.6554738562091503,100.0,True,base_exact,5,1528.392233227367,1533.6554388307711,1549.0481044784683,1575.6199966407046,2.0,0.0,1.0,0.0,1.1830097178069476,0.2366019435613895,1545.1371745000176,1533.6554388307711,100.0,True,0,0.0,0.0,,0.0,,0.0,0.0,0.0,,0.0,,0.0,0.0,0.0,0.0,76.0,75.0,Stance —,ufc.com_verified_static_fill,ufc.com_verified_static_fill,True,https://www.ufc.com/athlete/jovan-leka,4,3,1,0,0.75,2,0,1,0.6666666666666666,0.6666666666666666,1,0.5985739750445633,185.0,True,base_exact,4,1528.6423644547433,1541.3641832448302,1542.9357490628609,1579.6137179788095,1.0,0.0,0.0,0.0,1.1934318522809746,0.2983579630702436,1555.1617387015103,1541.3641832448302,185.0,True,0,0.0,0.0,,0.0,,0.0,0.0,0.0,,0.0,,0.0,0.0,0.0,0.0,8.20003148593058,,,1.0,0.0,0.33333333333333337,0.056899881164586996,-0.25013122737641424,-7.708744414059083,0.0,,,,,,,,,,,,,,,,,,,,,,,,,,,,,,,,,
9,DWCS 9.10,2025-10-14,Freddy Vidal,Levi Rodrigues Jr.,,locked_validation,True,31.44212406825602,28.99717311101528,1994-05-06,1996-10-15,2.444950957240742,230.0,380.0,,,BestFightOdds_historical,,,75.0,79.0,Orthodox,boutmetrics,boutmetrics,False,,0,0,0,0,,0,0,0,,,0,,,False,unmatched,0,,,,,,,,,,,,,,False,1,42.0,65.0,0.6461538461538462,33.0,0.2826086956521739,9.0,0.0,2.0,0.0,6.0,0.6,259.0,-105.0,0.0,1.0,,,Stance —,,,False,,1,0,1,0,0.0,0,0,0,,,1,1.0,7561.0,True,base_exact,1,1488.813372137389,1523.585699413623,1523.585699413623,1523.585699413623,0.0,0.0,0.0,0.0,-0.4661094942754528,-0.4661094942754528,1523.585699413623,1523.585699413623,7561.0,True,0,0.0,0.0,,0.0,,0.0,0.0,0.0,,0.0,,0.0,0.0,0.0,0.0,2.444950957240742,,,-1.0,,,,,,9.0,,,,,,,,,,,,,,,,,,,,,,,,,,,,,,,,,
9,DWCS 9.10,2025-10-14,Kwon Wonil,Juan Diaz,Juan Diaz,locked_validation,True,,27.36538053485013,,1998-06-03,,105.0,-160.0,-125.0,155.0,BestFightOdds_historical,https://www.bestfightodds.com/events/dwcs-week-10-3894,alias_aware_event_identity,,,,,,,,2,0,2,0,0.0,0,0,0,,,1,0.6543486375513251,2083.0,True,recovered_event_opponent_alias,2,1484.018274386411,1616.705221396106,1616.705221396106,1627.7947850240146,2.0,2.0,0.0,0.0,-0.6659052338995519,-0.3329526169497759,1616.705221396106,1616.705221396106,2083.0,True,0,0.0,0.0,,0.0,,0.0,0.0,0.0,,0.0,,0.0,0.0,0.0,0.0,68.5,69.5,Stance —,ufc.com_verified_static_fill,ufc.com_verified_static_fill,True,https://www.ufc.com/athlete/juan-diaz,16,14,1,1,0.9333333333333332,4,2,8,0.4285714285714285,0.2142857142857142,7,0.4544163119793372,235.0,True,base_exact,16,1634.3144235198145,1522.8105579097078,1505.5998846299804,1594.6105377963054,5.0,0.0,4.0,0.0,5.596434313325604,0.3497771445828502,1503.5145587529933,1528.5583966797788,235.0,True,0,0.0,0.0,,0.0,,0.0,0.0,0.0,,0.0,,0.0,0.0,0.0,0.0,,,,-14.0,-0.9333333333333332,,0.19993232557198792,-150.29614913340356,93.89466348639826,0.0,,,,,,,,,,,,,,,,,,,,,,,,,,,,,,,,,
9,DWCS 9.10,2025-10-14,Mario Mingaj,Wes Schultz,Wes Schultz,locked_validation,True,,29.180612880483515,,1996-08-09,,,,-120.0,275.0,BestFightOdds_historical,,,,,Stance —,,,False,,4,4,0,0,1.0,0,4,0,1.0,0.5,1,0.8500000000000001,346.0,True,base_exact,4,1552.1571289993617,1550.8042293982096,1550.4459149053837,1564.9230756463814,3.0,0.0,3.0,0.0,2.1732137083067333,0.5433034270766833,1546.097947315486,1550.8042293982096,346.0,True,0,0.0,0.0,,0.0,,0.0,0.0,0.0,,0.0,,0.0,0.0,0.0,0.0,74.0,77.0,Orthodox,boutmetrics,boutmetrics,True,https://www.ufc.com/athlete/wes-schultz,15,12,3,0,0.8,4,6,2,0.8333333333333334,0.6666666666666666,5,0.532622139764997,185.0,True,recovered_event_opponent_alias,15,1585.9494942830352,1506.6537488468623,1500.0,1569.9625834128424,3.0,0.0,0.0,0.0,3.5812289284597867,0.2387485952306524,1507.0550033234024,1508.1275630378743,185.0,True,1,46.0,101.0,0.4554455445544554,48.0,0.4666666666666667,-2.0,2.0,8.0,0.25,0.0,,78.0,-83.0,0.0,0.0,,,,-11.0,0.19999999999999996,0.16666666666666663,0.31737786023500314,-33.79236528367346,44.1504805513473,2.0,,,,,,,,,,,,,,,,,,,,,,,,,,,,,,,,,
9,DWCS 9.10,2025-10-14,Marwan Rahiki,Ananias Mulumba,Marwan Rahiki,locked_validation,True,,27.072424485102363,,1998-09-18,,-250.0,-390.0,210.0,310.0,BestFightOdds_historical,https://www.bestfightodds.com/events/dwcs-week-10-3894,event_identity_to_fighter_history,68.0,72.0,Stance —,ufc.com_verified_static_fill,ufc.com_verified_static_fill,True,https://www.ufc.com/athlete/marwan-rahiki,1,1,0,0,1.0,1,0,0,1.0,1.0,1,0.5833333333333334,402.0,True,base_exact,1,1512.824640779337,1523.9134869180211,1523.9134869180211,1523.9134869180211,0.0,0.0,0.0,0.0,0.5343600324723705,0.5343600324723705,1523.9134869180211,1523.9134869180211,402.0,True,0,0.0,0.0,,0.0,,0.0,0.0,0.0,,0.0,,0.0,0.0,0.0,0.0,,,Stance —,,,False,,1,1,0,0,1.0,0,1,0,1.0,0.0,1,0.7777777777777778,787.0,True,base_exact,1,1513.8614556329255,1554.333293289195,1554.333293289195,1554.333293289195,1.0,0.0,1.0,0.0,0.5775606513718972,0.5775606513718972,1554.333293289195,1554.333293289195,787.0,True,0,0.0,0.0,,0.0,,0.0,0.0,0.0,,0.0,,0.0,0.0,0.0,0.0,,,,0.0,0.0,0.0,-0.19444444444444442,-1.0368148535885666,-30.419806371173763,0.0,,,,,,,,,,,,,,,,,,,,,,,,,,,,,,,,,
9,DWCS 9.10,2025-10-14,Michael Oliveira,Victor Valenzuela,Michael Oliveira,locked_validation,True,27.729522166779606,,1998-01-21,,,-276.0,-270.0,236.0,245.0,BestFightOdds_historical,https://www.bestfightodds.com/events/dwcs-week-10-3894,event_identity_to_fighter_history,,,Stance —,,,False,,15,15,0,0,1.0,13,0,2,0.8666666666666667,0.7333333333333333,3,0.5147619047619048,326.0,True,base_exact,15,1646.594374958073,1507.0893764542154,1501.5005269082594,1533.3688947923604,0.0,0.0,0.0,0.0,6.10809895658638,0.4072065971057587,1523.395363372254,1523.9977902740206,326.0,True,0,0.0,0.0,,0.0,,0.0,0.0,0.0,,0.0,,0.0,0.0,0.0,0.0,69.0,71.5,Stance —,ufc.com_verified_static_fill,ufc.com_verified_static_fill,True,https://www.ufc.com/athlete/victor-valenzuela-0,11,6,4,1,0.6,4,1,1,0.8333333333333334,0.5,5,0.5823103579084974,564.0,True,base_exact,11,1533.2649346433077,1536.5204506531604,1547.0771255082457,1572.7587818294926,4.0,0.0,2.0,0.0,1.386038943471164,0.1260035403155603,1546.5792922115052,1536.3462883643256,564.0,True,0,0.0,0.0,,0.0,,0.0,0.0,0.0,,0.0,,0.0,0.0,0.0,0.0,,,,4.0,0.4,0.033333333333333326,-0.06754845314659264,113.3294403147654,-29.431074198944998,0.0,,,,,,,,,,,,,,,,,,,,,,,,,,,,,,,,,
