coin,arm_time,trigger_time,daily_ret5,daily_rv20,daily_rsi,price_dd,trigger_rsi,rsi_pct1,rsi_pct3,rsi_accel,dist_ema9,dist_sma9,dist_sma20,lower_wick,close_location,volume_ratio20,range_ratio20,entry,entry_time,mfe5d,mae5d,hit5,hit10,t5_s0.05,t5_s0.075,t5_s0.1,peak_time,peak_price,hours_peak_to_trigger,bars_arm_to_peak,near95_bars,near97_bars,top95_span_hours,top97_span_hours,pullback_retest_cycles,peak_rsi,peak_dist_sma20,ret24_to_peak,ret48_to_peak,ret72_to_peak,max4h_gain_prepeak
TNSR,2025-03-02 00:00:00+00:00,2025-03-03 00:00:00+00:00,0.1640010662401705,0.0502065854074323,69.55809840235463,-0.0932250119472116,48.37861693552818,-0.174700106065518,-0.1868422596978433,-5.445733797881381,-0.03525168150801,-0.0397773351585968,-0.0099031758598926,0.1018675721561967,0.1018675721561967,0.9258148597572377,1.6805981486088684,0.49349,2025-03-03 04:00:00+00:00,0.0097874323694502,-0.208595918863604,False,False,False,False,False,2025-03-02 16:00:00+00:00,0.54406,8.0,4,7,3,24.0,12.0,1,62.283524416023006,0.07798785521583196,0.09297279922857493,0.0944238815577727,0.10765910664114986,0.05269396118767311
ADA,2025-03-04 00:00:00+00:00,2025-03-05 12:00:00+00:00,0.3236803065891951,0.1787077188041815,53.668056269797056,-0.0847464226613453,58.66776637068256,-0.077321102014236,-0.0125184575582926,-8.105965939970964,0.0203742356745459,0.0414658520855999,0.0267105928395388,0.1370797667783152,0.1370797667783152,0.8010304084024096,0.9279847102201204,0.93994,2025-03-05 16:00:00+00:00,0.0632593569802326,-0.2710279379534864,True,False,True,True,True,2025-03-05 08:00:00+00:00,1.0273,4.0,8,3,2,12.0,4.0,1,63.356859489814994,0.086941697920218,0.26452486459871993,0.06714727941329257,0.550594699027954,0.0843728018757326
FARTCOIN,2025-04-10 00:00:00+00:00,2025-04-10 04:00:00+00:00,0.4919710881031449,0.1663241383352755,67.15043475531832,-0.0800917665052256,67.44720299877244,-0.0121804318085504,-0.0775375702881612,4.6188416209944165,0.0975545943082838,0.1537330292631984,0.2641265387582743,0.3520859671302126,0.3520859671302126,0.360041572476998,0.3974181598063224,0.72164,2025-04-10 08:00:00+00:00,0.3704894407183638,-0.0601407904218169,True,True,False,True,True,2025-04-10 00:00:00+00:00,0.7846,4.0,0,1,1,4.0,4.0,0,68.27886910960777,0.30573668597893455,0.5695766984076178,0.3412882932166301,0.7267865396042872,0.2999602701628923
BIGTIME,2025-04-12 00:00:00+00:00,2025-04-13 04:00:00+00:00,0.2945713489797339,0.0979386627967995,63.95070031758699,-0.0883658443422942,53.95151108379661,-0.0280310991089517,-0.1063953685976811,2.2786518744797,-0.0213171458596415,-0.0298266407300058,0.0111134241252242,0.6981023576768266,0.6981023576768266,0.6874339817391681,0.9220039007989927,0.06904,2025-04-13 08:00:00+00:00,0.1701332560834298,-0.1473203939745075,True,True,False,True,True,2025-04-12 20:00:00+00:00,0.075923,8.0,5,5,2,28.0,28.0,1,59.34203239187512,0.07782055197287607,0.02108802367023066,0.16835172275825983,0.24990533888678534,0.19766464269033168
CRV,2025-04-12 00:00:00+00:00,2025-04-13 20:00:00+00:00,0.4407632428327319,0.0788834753724719,63.076949206631646,-0.0836710041437942,56.67957140443605,-0.065076283103069,-0.1132819112816607,-3.5036451319094226,-0.0170705173481655,-0.0283001021527751,-0.0086042175720588,0.5472000000000001,0.5472000000000001,1.2143382792133288,1.4632970832701468,0.59918,2025-04-14 00:00:00+00:00,0.111185286558296,-0.0506525584966122,True,True,False,True,True,2025-04-12 12:00:00+00:00,0.65399,32.0,3,7,4,32.0,32.0,0,71.3604424027924,0.13730405616378194,0.0656683341752351,0.30976127533445474,0.3769949888406956,0.1044926306651146
LAYER,2025-04-14 00:00:00+00:00,2025-04-15 16:00:00+00:00,0.4195347471930724,0.0994658986262058,70.66280862599965,-0.1136669874879691,45.65522944078967,-0.2456462400836323,-0.2445091489231163,-17.65257306805394,-0.0501159370759787,-0.0578385567643146,-0.0490671636974754,0.1302298173246907,0.1302298173246907,1.3121617245686266,2.4612462372933672,1.8419,2025-04-15 20:00:00+00:00,0.2378522178185567,-0.0078723057712145,True,True,True,True,True,2025-04-15 08:00:00+00:00,2.078,8.0,8,10,2,36.0,28.0,3,57.73681042102778,0.015699921253498728,0.06215497853199747,0.0743459828352806,0.16005135934795955,0.03479474718229758
GAS,2025-04-17 00:00:00+00:00,2025-04-17 08:00:00+00:00,0.2052573393931949,0.1303827530201893,68.41063310576293,-0.1182984707329934,53.40707956534301,-0.1025510326834966,-0.2313718555949233,-3.1846359944899163,-0.0492047048163227,-0.0845230369889681,0.037536530375247,0.2967814371257483,0.2967814371257483,0.5591971246410645,1.1148085860005237,3.5099,2025-04-17 12:00:00+00:00,0.1183224593293255,-0.0802302059887746,True,True,True,True,True,2025-04-17 00:00:00+00:00,3.9823,8.0,0,1,1,8.0,8.0,0,62.42804269099651,0.1309106342502988,0.04891218458620861,0.37301751482554124,0.36016804426531857,0.07860735475710023
POPCAT,2025-04-23 00:00:00+00:00,2025-04-23 12:00:00+00:00,0.3262876674655248,0.1461937806839854,68.06214900880556,-0.0855778894472362,71.69068615139331,-0.1150710370947146,-0.1475609265889446,-14.713677539578072,0.076544126204024,0.0800510437928043,0.2500837247644973,0.3391171217147223,0.3391171217147223,1.405126788927515,1.6204326304143957,0.36422,2025-04-23 16:00:00+00:00,0.2395804733402888,-0.1305529624951952,True,True,False,False,False,2025-04-23 08:00:00+00:00,0.398,4.0,2,2,2,4.0,4.0,0,81.0129277676996,0.3452048841349724,0.2611299470832411,0.5878081863879359,0.6495358090185677,0.11547433903576976
FARTCOIN,2025-04-23 00:00:00+00:00,2025-04-23 20:00:00+00:00,0.3535329341317366,0.1577443878755485,69.31788056820035,-0.109308770785784,61.87573715014212,-0.0197932555647524,-0.1567694006276889,4.886876784570852,-0.0073452800500365,-0.0256509333016289,0.072812207301053,0.6588693957115004,0.6588693957115004,1.0072425978830462,0.8945730312870667,1.0922,2025-04-24 00:00:00+00:00,0.1320271012635048,-0.1393517670756272,True,True,False,True,True,2025-04-23 16:00:00+00:00,1.2268,4.0,4,5,4,20.0,20.0,0,63.12519017177425,0.09578922060784589,0.14418951688117865,0.34259917920656635,0.4704542730432697,0.0862786972770957
RENDER,2025-04-22 00:00:00+00:00,2025-04-24 00:00:00+00:00,0.2047867950481432,0.0745827915643078,63.4082352395498,-0.0989494873246523,44.96957095471316,-0.2119633084661953,-0.3361059503497937,-3.585792920578264,-0.0403641064636579,-0.048098648748431,-0.0352931140150996,0.0190265486725652,0.0190265486725652,1.101384128838527,1.7842461666377565,4.2942,2025-04-24 04:00:00+00:00,0.1016487355037025,-0.0459456941921662,True,True,True,True,True,2025-04-23 12:00:00+00:00,4.7691,12.0,9,8,4,36.0,20.0,1,67.7360656846716,0.03745650003666112,0.06298896690070199,0.089781088615694,0.11320930883966307,0.021287335132881058
TURBO,2025-04-24 00:00:00+00:00,2025-04-24 04:00:00+00:00,1.2093690248565965,0.1532183431189394,84.99207486980681,-0.1032020770229338,68.32219870627108,0.0123788096835231,-0.1672061650673982,16.329925338378303,0.033751855567867,0.008352254297762,0.301821608040201,0.1402214022140218,0.3173431734317353,0.8609908682419304,0.6778842566931867,0.004149,2025-04-24 08:00:00+00:00,0.4328753916606411,-0.0204868643046517,True,True,True,True,True,2025-04-24 00:00:00+00:00,0.004622,4.0,0,1,1,4.0,4.0,0,67.48679254515278,0.32160877395071163,0.33429561200923796,1.0060763888888888,1.1598130841121495,0.1739824421388667
BRETT,2025-04-24 00:00:00+00:00,2025-04-24 04:00:00+00:00,0.6146594732567583,0.1128942071957675,74.94004398944136,-0.1502016994249421,64.98121103152442,-0.0558244830534396,-0.1847252414097955,10.608318833151529,0.0258978257645769,0.0108539548644277,0.1858919462114581,0.1569086651053861,0.1569086651053861,0.5881442898367003,0.8060627899145777,0.04958,2025-04-24 08:00:00+00:00,0.4328963291649859,0.0,True,True,True,True,True,2025-04-24 00:00:00+00:00,0.058255,4.0,0,1,1,4.0,4.0,0,68.82323240235738,0.24434855719656712,0.24047101912184332,0.6725043782837128,0.6348609435074231,0.17122676189475894
kBONK,2025-04-26 00:00:00+00:00,2025-04-26 04:00:00+00:00,0.6180606356173293,0.1078536554724952,76.79248433754252,-0.1273441939761318,67.91943421534032,-0.1813207076103632,0.0230490771543656,-15.101169882110328,0.055757379168442,0.0759314644574054,0.1526204021379804,0.0,0.0,1.4114387575992648,1.4495290354998556,0.01846,2025-04-26 08:00:00+00:00,0.1793066088840738,-0.039003250270856,True,True,True,True,True,2025-04-26 00:00:00+00:00,0.021116,4.0,0,1,1,4.0,4.0,0,82.96219880814479,0.2592833608688372,0.3314837001071944,0.5069940051384527,0.3161306407379707,0.24046610169491545
PENGU,2025-04-26 00:00:00+00:00,2025-04-26 08:00:00+00:00,0.7365667136244716,0.1229215330005041,72.46800966471842,-0.0961314255431902,66.50067010167567,-0.1628365163556999,-0.124927774885989,-13.836988270931386,0.007039538442964,-0.0142306704341124,0.1269020105316709,0.0349162011173194,0.0349162011173194,0.8357445145029726,1.1611205899159869,0.008532,2025-04-26 12:00:00+00:00,0.6572902015939992,-0.0036333802156586,True,True,True,True,True,2025-04-26 00:00:00+00:00,0.009435,8.0,0,3,3,8.0,8.0,0,78.53374823068114,0.21870494832382414,0.23851404568128132,0.5057452920523462,0.3424871940808196,0.11695983197689674
LAYER,2025-04-26 00:00:00+00:00,2025-04-26 08:00:00+00:00,0.1896084478086159,0.0933508316095969,75.0311004930742,-0.2442865562176673,51.19801194475359,-0.2635519351186446,-0.341254583632257,-5.366792329630272,-0.0504512351694137,-0.049517046364464,0.0028873039012278,0.0351216814159296,0.0351216814159296,5.395354221997204,3.497610479285232,2.3081,2025-04-26 12:00:00+00:00,0.440622156752307,-0.0325375850266452,True,True,True,True,True,2025-04-26 04:00:00+00:00,3.0542,4.0,1,1,1,4.0,4.0,0,69.52019346131534,0.12534818941504167,0.3500419926623346,0.3470053806121549,0.4469395489861665,0.08555286521388217
SUPER,2025-04-26 00:00:00+00:00,2025-04-26 08:00:00+00:00,0.2876799046714704,0.0789502781617032,69.91122139018873,-0.0851883046564793,57.83885944460499,-0.1070675094834817,-0.1210021902466501,0.3539207308452603,-0.0107364396593132,-0.0152042612868613,0.0214479132768674,0.1323620582765034,0.1323620582765034,0.5092571353671724,1.1393641449476126,0.6849,2025-04-26 12:00:00+00:00,0.1075777485764346,-0.0534822601839684,True,True,False,True,True,2025-04-26 00:00:00+00:00,0.74799,8.0,0,3,2,8.0,8.0,0,72.06317395751422,0.09679439791261713,0.15172838555700996,0.18306049822064074,0.1434882974332321,0.05331116252168888
BSV,2025-04-26 00:00:00+00:00,2025-04-26 08:00:00+00:00,0.5379658655520725,0.1067051749690716,81.24062390062845,-0.1137368205437805,69.6460159991564,-0.1886479797547049,-0.2279359275730451,-16.977552944526067,0.0179176492661132,0.0161653174967242,0.1737695180874272,0.0160000000000006,0.0160000000000006,5.758400979547414,2.50228536076468,41.194,2025-04-26 12:00:00+00:00,0.1453366995193472,-0.1185124047191339,True,True,True,True,True,2025-04-26 04:00:00+00:00,46.379,4.0,1,2,2,8.0,8.0,1,85.83945594683684,0.2771678892609233,0.32636485829496387,0.540267676264488,0.501618856439811,0.1267786455547235
KAS,2025-04-26 00:00:00+00:00,2025-04-27 00:00:00+00:00,0.3279879087520652,0.0655212178463171,73.10060892652612,-0.0890690134321444,50.13203494335421,-0.0941285767118399,-0.1183501236929629,-6.996146981768447,-0.028865054857656,-0.0405613434081718,-0.0240913038084604,0.0273412947831563,0.0273412947831563,0.51006577594204,1.3329680349777755,0.09838,2025-04-27 04:00:00+00:00,0.0228705021345803,-0.2060886359016061,False,False,False,False,False,2025-04-26 04:00:00+00:00,0.10795,20.0,1,3,3,24.0,24.0,0,69.76074943304197,0.06671377283252244,0.026238235573723623,0.12688553682342496,0.13037832856888554,0.07466132690382299
WLD,2025-04-27 00:00:00+00:00,2025-04-27 12:00:00+00:00,0.5898105813193992,0.0654235081480394,78.6714838955354,-0.081799095607235,62.80137928916828,-0.0689439259592462,-0.1885476623784112,2.450102444540647,-0.0110493816248434,-0.0270015877694216,0.0756436385341696,0.2922755741127348,0.2922755741127348,1.9645789267821432,0.8347640052422216,1.1378,2025-04-27 16:00:00+00:00,0.054666901037089,-0.119177359817191,True,False,False,True,True,2025-04-27 04:00:00+00:00,1.2384,8.0,1,3,3,12.0,12.0,0,74.5522612776146,0.17668608486131054,0.052255926586795676,0.28615493264926717,0.47882782832987014,0.1213074137602439
STX,2025-04-26 00:00:00+00:00,2025-04-27 20:00:00+00:00,0.375958716030679,0.0683763745620749,72.16110116528846,-0.0972624798711755,50.234868196719646,-0.0849368100761757,-0.1248152830218701,-1.915313463227108,-0.0271630160233791,-0.0305808752324884,-0.0348266986516382,0.014872521246458,0.014872521246458,0.351959841028659,0.9875458791781946,0.84035,2025-04-28 00:00:00+00:00,0.0667578984946748,-0.0865829713809722,True,False,True,True,True,2025-04-27 00:00:00+00:00,0.9315,20.0,6,4,2,20.0,20.0,0,71.52589662103289,0.0826368308434462,0.07388662800751655,0.0485259852091986,0.23088917372517392,0.07971695895434672
RSR,2025-04-24 00:00:00+00:00,2025-04-27 20:00:00+00:00,0.1659586131286829,0.0766467060494367,61.49853263029729,-0.093691637269143,47.351713116517445,-0.1012408250043205,-0.1346815852312253,-6.861311032169262,-0.0268994415530404,-0.0357064004121385,-0.0300156574461705,0.014492753623186,0.014492753623186,0.6422016335028986,0.8524876420435971,0.008736,2025-04-28 00:00:00+00:00,0.1026785714285711,-0.0422390109890111,True,True,True,True,True,2025-04-26 00:00:00+00:00,0.009638,44.0,12,10,4,60.0,44.0,2,71.15642182326049,0.08127030035923766,0.12409610450198283,0.1599470453724876,0.08621661219429733,0.049218567763004595
FET,2025-04-27 00:00:00+00:00,2025-04-27 20:00:00+00:00,0.2879606230282607,0.062019599750292,78.1211656894618,-0.1075802589848695,48.97454830665973,-0.122092408156523,-0.2115669087989055,-5.707865642088791,-0.0493320220616463,-0.0683310285861357,-0.039592800622185,0.0528338136407313,0.0528338136407313,0.7174463981102055,1.115667368843626,0.71223,2025-04-28 00:00:00+00:00,0.1061033654858683,-0.0458419330834141,True,True,True,True,True,2025-04-27 04:00:00+00:00,0.79773,16.0,1,5,3,20.0,20.0,0,70.55033864537185,0.10001360200532416,0.03918452419722529,0.16314300711536234,0.2971641354190382,0.07532044412054684
SUI,2025-04-26 00:00:00+00:00,2025-04-28 20:00:00+00:00,0.6650883091055448,0.0816913776122231,76.77012393625643,-0.0897346458930831,53.80563337132238,-0.0991832908564188,-0.2488698179779727,-8.071155782087246,-0.0218712627879031,-0.0242468818183777,-0.0143510818217299,0.2256944444444456,0.2256944444444456,0.6793579126698235,1.1278625578931856,3.5252,2025-04-29 00:00:00+00:00,0.0675990014750935,-0.0738681493248609,True,False,False,True,True,2025-04-28 08:00:00+00:00,3.8703,12.0,14,3,2,16.0,12.0,0,71.6329002070463,0.059539833871518955,0.06834681315041258,0.1272827891532926,0.04515135967162642,0.04542250542758053
VIRTUAL,2025-04-29 00:00:00+00:00,2025-04-29 20:00:00+00:00,0.9262001761726492,0.1115386661967097,82.92935496776997,-0.0980251111692387,64.10760014809193,-0.1168945691150681,-0.1545297031766467,-8.979484584613417,-0.0068755115457905,-0.0250382878460632,0.0965187735016575,0.3258606885508403,0.3258606885508403,1.831360369578404,1.411801036320106,1.3781,2025-04-30 00:00:00+00:00,0.3681880850446266,-0.1321384514911836,True,True,False,False,False,2025-04-29 00:00:00+00:00,1.5292,20.0,0,6,5,20.0,20.0,1,78.152334932968,0.27996753674240704,0.40087944301942113,0.3476689873975498,0.4157948338116839,0.1681934774642726
kFLOKI,2025-04-30 00:00:00+00:00,2025-05-01 16:00:00+00:00,0.1670463916805278,0.0592226432323916,68.64455426940819,-0.0896597548885185,54.46125723472684,-0.0719949854476013,-0.0882944045563045,-1.1381025688152349,-0.0137994152103275,-0.0272971900172421,0.0039342946620952,0.0414798206278027,0.0414798206278027,1.1676261653464632,0.962942448341115,0.085994,2025-05-01 20:00:00+00:00,0.0184547759145987,-0.1495918319882783,False,False,False,False,False,2025-04-30 08:00:00+00:00,0.094814,32.0,2,5,2,32.0,32.0,0,71.78798560856217,0.12773788545180298,0.13182366212651142,0.20271967323329054,0.22268073143682443,0.0833662220117346
VVV,2025-04-30 00:00:00+00:00,2025-05-02 04:00:00+00:00,0.4195420603744204,0.0701875245808053,76.85576557191118,-0.0998475028593214,69.16293114460568,-0.1292866358604856,-0.087300412128135,-10.282153968724614,0.0353962316393543,0.0469736161407139,0.111839696552666,0.2323968088796395,0.2323968088796395,1.1243621053000852,1.1774107465360495,4.7222,2025-05-02 08:00:00+00:00,0.0056964973952819,-0.221930456143323,False,False,False,False,False,2025-05-01 20:00:00+00:00,5.246,8.0,11,2,1,8.0,8.0,0,79.4198961608601,0.20323083228837646,0.26039113930133095,0.3078380534503393,0.49182425707379496,0.0698030434583925
HYPE,2025-05-03 00:00:00+00:00,2025-05-06 08:00:00+00:00,0.1972616924581489,0.0450427337262058,67.86441222133337,-0.0870049677329496,43.16227674486205,-0.1152144849169835,-0.1537570722761421,-4.297646976349597,-0.0235409405399635,-0.0258046049770741,-0.0368650729514098,0.1443661971830995,0.1443661971830995,1.5682932885474576,1.0738317578035814,19.669,2025-05-06 12:00:00+00:00,0.3497890080837866,-0.0066602267527581,True,True,True,True,True,2025-05-03 16:00:00+00:00,21.539,64.0,4,16,8,80.0,80.0,2,64.78113810955278,0.051600697406981366,0.02924451665312766,0.06265725985495108,0.1453259598000638,0.049565864549739436
POPCAT,2025-05-09 00:00:00+00:00,2025-05-09 12:00:00+00:00,0.2864283591364729,0.087878138553399,70.98332720666721,-0.0810243183492999,65.41293091246425,-0.1529696563935766,0.0124536301978266,-15.21795036911955,0.0283686956908564,0.023344130459064,0.1173244422841515,0.1733860342555986,0.1733860342555986,0.8035060121075696,1.2105014676894834,0.49885,2025-05-09 16:00:00+00:00,0.2976646286458855,-0.0277638568708028,True,True,True,True,True,2025-05-09 08:00:00+00:00,0.5428,4.0,2,3,2,8.0,4.0,1,77.22619550316684,0.198324564099714,0.14621167328321638,0.30956114743419594,0.45972838510151925,0.09258538694336371
VIRTUAL,2025-05-09 00:00:00+00:00,2025-05-09 12:00:00+00:00,0.2350715383705806,0.146518584885723,76.59208517707086,-0.1181693363844393,61.60888917688099,-0.0852205328168526,-0.0710624127363839,-3.630774761812901,0.031812165573819,0.0293468195740438,0.1823071188167111,0.0233380480905238,0.0233380480905238,0.8185806094735631,0.9351737374094112,1.9293,2025-05-09 16:00:00+00:00,0.1497952625304515,-0.0484631731716166,True,True,True,True,True,2025-05-09 04:00:00+00:00,2.185,8.0,1,3,2,12.0,8.0,0,69.4570392275703,0.28217334928559334,0.3796804950432531,0.5098120508568269,0.34337534583461427,0.11824848776832075
PENGU,2025-05-09 00:00:00+00:00,2025-05-09 12:00:00+00:00,0.3657054682225866,0.1355237573375197,73.49251638365807,-0.1048511372742403,65.85802048302773,-0.0811819518144173,0.0241786434480071,-5.9115936230092245,0.0393950791263417,0.0240382355245634,0.1620481879506117,0.4514533085961654,0.4514533085961654,1.7685450232557691,1.554399170253422,0.014522,2025-05-09 16:00:00+00:00,0.0753339760363585,-0.1358628288114585,True,False,False,False,True,2025-05-09 04:00:00+00:00,0.016223,8.0,1,2,2,8.0,8.0,0,71.58416657574138,0.23418670060974356,0.21995788840427144,0.3868182595315439,0.40678113076656275,0.14057809417617295
BRETT,2025-05-09 00:00:00+00:00,2025-05-09 12:00:00+00:00,0.2988064567011936,0.1291860829422369,69.15055917054795,-0.1009456374901009,71.48501707703647,-0.0673810969018806,-0.0461835959961913,-1.4880027257102029,0.0617417557753618,0.0591770188465823,0.2528999684340616,0.1796997855611162,0.1796997855611162,1.0434443747524311,1.3046633677520196,0.077316,2025-05-09 16:00:00+00:00,0.1933623053443014,-0.0687567903150706,True,True,True,True,True,2025-05-09 08:00:00+00:00,0.085868,4.0,2,3,2,8.0,8.0,0,76.64976212638011,0.31543250669541956,0.36556352475310483,0.5655630105017502,0.7658865627442109,0.14605365690749195
kPEPE,2025-05-09 00:00:00+00:00,2025-05-09 12:00:00+00:00,0.3631688502510102,0.0856504083694383,75.69190644426256,-0.1367079889807163,83.64844637893712,-0.0287613603961234,0.0770850234042257,-4.90434548485662,0.1318152448056015,0.1562586477262246,0.3434795423488115,0.464611872146118,0.464611872146118,1.93316919213558,1.6858494276625011,0.012534,2025-05-09 16:00:00+00:00,0.2295356629966489,-0.0455560874421573,True,True,True,True,True,2025-05-09 08:00:00+00:00,0.01452,4.0,2,1,1,4.0,4.0,0,86.12553389870632,0.39196352550193625,0.5945530419503624,0.7754952311078505,0.9005235602094241,0.1134011004383102
MOODENG,2025-05-09 00:00:00+00:00,2025-05-09 12:00:00+00:00,0.8846766169154228,0.2177884415863048,79.04195302934026,-0.0957673046580228,96.76452995811428,0.0016215285043916,0.0494918922737526,-0.8367508597652034,0.4424788532406478,0.6022718063697021,1.2650004081159223,0.4224910394265238,0.5967741935483879,24.460394329967023,2.1230883755562133,0.13264,2025-05-09 16:00:00+00:00,1.5901688781664651,-0.1654855247285886,True,True,True,True,True,2025-05-09 08:00:00+00:00,0.14577,4.0,2,2,1,4.0,4.0,0,96.60787753094917,1.3904739166766142,2.034409542246925,2.741241690834895,2.9163375513822847,0.36916418245544036
BOME,2025-05-10 00:00:00+00:00,2025-05-10 08:00:00+00:00,0.4730796841349607,0.0843088839315664,73.09868910086234,-0.1266949152542373,71.28644789275884,-0.1809792098967878,-0.1460565377053677,-18.912685221991765,0.0469318003863916,0.0426058119273788,0.2175094517958411,0.0217391304347831,0.0217391304347831,2.0273739962663444,1.8840194825133307,0.002061,2025-05-10 12:00:00+00:00,0.569626394953906,-0.0339640950994661,True,True,True,True,True,2025-05-10 00:00:00+00:00,0.00236,8.0,0,1,1,8.0,8.0,0,83.87812781479262,0.2804557134454042,0.3681159420289857,0.6377515614156837,0.7251461988304093,0.05664263645726053
PNUT,2025-05-10 00:00:00+00:00,2025-05-10 08:00:00+00:00,1.3950463625614535,0.1926028390406284,84.18743237118782,-0.2024176637473788,66.50196117601004,-0.2095632871450632,-0.2959316099289049,-19.056417105447764,0.0235872153842895,0.0141118983971197,0.3591857497803354,0.0349791054016403,0.0349791054016403,3.443601133439515,2.309362706947633,0.32358,2025-05-10 12:00:00+00:00,0.5141232461833241,-0.0284628221768959,True,True,True,True,True,2025-05-10 00:00:00+00:00,0.40535,8.0,0,2,1,8.0,8.0,0,82.70799926524032,0.6408578033094547,0.6541522138339115,1.4792048929663606,1.5905924458362626,0.17579127459366983
GOAT,2025-05-10 00:00:00+00:00,2025-05-10 08:00:00+00:00,1.3462503243664043,0.195487040493356,83.77135987647821,-0.1809890885402529,73.81634704976042,-0.2271525769784209,-0.2218028828595089,-22.170791835454395,0.092146960534615,0.1244829256779418,0.4680997027212441,0.1017010495837859,0.1017010495837859,3.4496425436056515,2.203340040880569,0.15102,2025-05-10 12:00:00+00:00,0.68183022116276,-0.1015097338100913,True,True,False,False,False,2025-05-10 00:00:00+00:00,0.18421,8.0,0,3,2,8.0,8.0,0,95.03723371646326,0.770731869003692,0.9945861079530074,1.4176444339449303,1.6207887548372413,0.2913592001904308
GRIFFAIN,2025-05-10 00:00:00+00:00,2025-05-10 08:00:00+00:00,0.465996152418239,0.134459047876776,71.38852850274708,-0.1307513441284472,64.91005390461588,-0.1728076079556274,-0.1642998013304406,-12.649420706982866,0.0059012402092446,-0.0079744263336184,0.1715440825083771,0.1427258101585834,0.1427258101585834,0.5787043261901548,1.3347089959757286,0.083135,2025-05-10 12:00:00+00:00,0.8246226017922655,-0.0361219702892885,True,True,True,True,True,2025-05-10 04:00:00+00:00,0.095043,4.0,1,1,1,4.0,4.0,0,78.47032265878737,0.2923431019882312,0.1580441563505215,0.518501358044416,0.7755090603399963,0.1936356496698568
AIXBT,2025-05-10 00:00:00+00:00,2025-05-10 08:00:00+00:00,0.3104807405195582,0.1186637199591219,71.07954415256978,-0.1013528022331974,59.36554669600424,-0.104841552469966,-0.1308038753855559,-8.07797389800168,0.0009038299927266,-0.0062215045592705,0.0790087042613751,0.2107279693486587,0.2107279693486587,1.5910689185482123,1.025743898361752,0.20897,2025-05-10 12:00:00+00:00,0.1727999234339858,-0.1025984591089629,True,True,True,True,True,2025-05-10 00:00:00+00:00,0.23285,8.0,0,2,1,8.0,8.0,0,65.19343738769768,0.1384686081304849,0.21821701370723035,0.2844062000110321,0.3719655903841621,0.12310348435701579
IO,2025-05-09 00:00:00+00:00,2025-05-10 08:00:00+00:00,0.2263937049879967,0.0819249394404879,63.87361389205037,-0.086392668703138,63.04995420657775,-0.1753642850678697,-0.1710303373250057,-15.649243250672129,0.0017269939648856,-0.0029419886091947,0.108928890441911,0.0255211117049701,0.0255211117049701,0.4959707078398652,1.312698253790776,0.986,2025-05-10 12:00:00+00:00,0.2242393509127789,-0.0278498985801217,True,True,True,True,True,2025-05-10 00:00:00+00:00,1.0803,8.0,6,5,4,28.0,12.0,1,74.21669756135677,0.19521981907009356,0.20492543805837804,0.4186474064346686,0.49322017498997894,0.15194984087778463
MEME,2025-05-10 00:00:00+00:00,2025-05-10 12:00:00+00:00,0.3937007874015747,0.0829822588614406,65.278566618034,-0.1468338941572347,69.37114979766574,-0.1416599230043999,-0.1868415289461935,-2.8557733438534,0.0348577522531976,0.0322832702747162,0.2122397531186159,0.0902255639097734,0.0902255639097734,2.259139872918077,1.760234570190577,0.00279,2025-05-10 16:00:00+00:00,0.1784946236559139,-0.1516129032258063,True,True,True,True,True,2025-05-10 08:00:00+00:00,0.003269,4.0,2,2,2,8.0,8.0,0,80.82012206686409,0.3154743424845876,0.36892797319933,0.6738351254480286,0.7425373134328359,0.13149078726968177
PEOPLE,2025-05-10 00:00:00+00:00,2025-05-10 12:00:00+00:00,0.4482051282051282,0.0866456442771946,71.20560131345951,-0.1560561681598897,62.59236539391394,-0.108961416228796,-0.1247503051544222,-4.805093711203845,0.0051658875252897,-0.0174241073418625,0.1542608029691596,0.2393980848153207,0.2393980848153207,3.154328119149368,2.077025010089111,0.01962,2025-05-10 16:00:00+00:00,1.0017838939857286,-0.0083588175331292,True,True,True,True,True,2025-05-10 08:00:00+00:00,0.023216,4.0,2,1,1,4.0,4.0,0,70.24652639507485,0.2440900472796219,0.2318140818167349,0.6020978538403148,0.7311162478562376,0.1601846447710511
XAI,2025-05-10 00:00:00+00:00,2025-05-10 12:00:00+00:00,0.3699792570243259,0.0791945879387989,67.7011718189072,-0.1804322655345426,70.14051045007795,-0.2606185807212877,-0.2370886682176312,-27.06265544641667,0.0893699144704913,0.1274722357417814,0.3288069835111544,0.0231974921630091,0.0231974921630091,13.27746742379543,4.194318515621502,0.08486,2025-05-10 16:00:00+00:00,0.2819938722601931,-0.0436012255479614,True,True,True,True,True,2025-05-10 08:00:00+00:00,0.10364,4.0,2,2,1,4.0,4.0,0,94.86377209546613,0.5804016064257029,0.6450793650793649,0.877876426888929,1.008916456677651,0.15023968198292992
FARTCOIN,2025-05-10 00:00:00+00:00,2025-05-10 12:00:00+00:00,0.2639477076044927,0.0848024690853984,67.80561293873184,-0.0832981864192323,59.10470569124555,-0.0198538182127191,-0.1735394225026298,9.222818474920976,-0.0078542060639497,-0.0302166476624857,0.0819712934539118,0.2056074766355158,0.2056074766355158,1.01451098951453,0.594567379936663,1.3058,2025-05-10 16:00:00+00:00,0.1329453208760913,-0.0640220554449381,True,True,True,True,True,2025-05-10 04:00:00+00:00,1.4226,8.0,1,3,3,12.0,12.0,0,70.72197124786709,0.17914236473694478,0.06482035928143715,0.3116356260372488,0.3808969132207338,0.1249578982822499
kNEIRO,2025-05-10 00:00:00+00:00,2025-05-10 12:00:00+00:00,0.619056603773585,0.1095079996924385,72.00617070728464,-0.1394417323820254,69.13135967187392,-0.0659080065636219,-0.1306242548714954,6.481147668456643,0.0337305135016277,0.0157830106905518,0.2224286768432002,0.1786398467432954,0.1786398467432954,0.9205766697410812,0.8333392149575918,0.34405,2025-05-10 16:00:00+00:00,1.0682749600348784,-0.0161313762534515,True,True,True,True,True,2025-05-10 08:00:00+00:00,0.39945,4.0,2,2,2,8.0,8.0,0,74.00915558386342,0.2927593161788953,0.25629009938357017,0.7351548586073586,0.9150925304439546,0.13496840204634375
KAITO,2025-05-11 00:00:00+00:00,2025-05-11 04:00:00+00:00,1.332563228085616,0.1517387955752965,78.89430641804901,-0.1175777447615143,67.64562102902438,-0.086025143817376,-0.1936825990156556,3.775727960633631,0.0367095967106188,0.0595979411744602,0.160431860672719,0.280399274047186,0.280399274047186,2.1953255540622627,0.8376366725123935,1.7189,2025-05-11 08:00:00+00:00,0.231194368491477,-0.0639362382919309,True,True,True,True,True,2025-05-11 00:00:00+00:00,1.9519,4.0,0,1,1,4.0,4.0,0,74.01256234942643,0.22515914140194138,0.35445146068975086,0.5205266027888136,0.3828551186680835,0.17277454500433342
SPX,2025-05-10 00:00:00+00:00,2025-05-11 04:00:00+00:00,0.3512925170068028,0.0818246791812519,68.2528360677271,-0.0917536330830001,61.66767199886236,-0.0955648474550958,-0.1088552768180206,0.1265141685608881,0.0084043851130237,0.0048768936555421,0.0946573410132831,0.1206149848419221,0.1206149848419221,0.3188489305725535,0.9453125790999288,0.74508,2025-05-11 08:00:00+00:00,0.2109840554034465,-0.078474794652923,True,True,True,True,True,2025-05-11 00:00:00+00:00,0.82024,4.0,6,3,2,8.0,8.0,0,68.18363021974719,0.16877648806162915,0.16675438471714465,0.309576268480378,0.46539464751491755,0.12756649742951098
EIGEN,2025-05-10 00:00:00+00:00,2025-05-11 04:00:00+00:00,0.4728163460389532,0.1163996559025206,67.96642970894953,-0.1036054148237501,63.616568853219775,-0.1049752737378503,-0.0993493241290547,-1.6168133101132014,0.0185583187771252,0.0184513083424278,0.1390518687569721,0.1178540017590137,0.1178540017590137,0.9668136940982326,1.1411131166209538,1.3368,2025-05-11 08:00:00+00:00,0.217833632555356,-0.0810891681627767,True,True,True,True,True,2025-05-10 20:00:00+00:00,1.4922,8.0,5,3,2,8.0,8.0,0,76.92262087559705,0.32464965864175355,0.2106117150738278,0.3240461401952084,0.9281560925184131,0.20891187948089662
STRK,2025-05-11 00:00:00+00:00,2025-05-11 04:00:00+00:00,0.4795123080484604,0.0643673592411699,73.02917427968637,-0.0822244084295552,64.17991282661544,-0.1834402011131756,-0.2080132137179318,-8.092283406277474,-0.0045326307463386,-0.0104092355601324,0.0786190025588675,0.0839694656488542,0.0839694656488542,0.3360748999459507,2.0584625272983903,0.17735,2025-05-11 08:00:00+00:00,0.1204398082886946,-0.1334085142373837,True,True,True,True,True,2025-05-11 00:00:00+00:00,0.19313,4.0,0,2,2,4.0,4.0,0,78.59793356727697,0.1607487545978732,0.11121979286536243,0.24696539256198347,0.4460167714884695,0.05764563106796117
IMX,2025-05-11 00:00:00+00:00,2025-05-11 04:00:00+00:00,0.4313020718130207,0.0823422665262821,71.33064956647124,-0.1170421636479654,65.59079469003251,-0.1864798456363937,-0.1586738990264171,-10.981489325410934,0.0180972462424364,0.0258008103938234,0.0992316500008783,0.069565217391304,0.069565217391304,0.7605660691510476,1.8392106642679844,0.72003,2025-05-11 08:00:00+00:00,0.0652333930530673,-0.1750204852575586,True,False,True,True,True,2025-05-11 00:00:00+00:00,0.81492,4.0,0,1,1,4.0,4.0,0,80.62590009382434,0.1871213488909429,0.22067106051527863,0.3213347601906802,0.45389020713278994,0.09644032137360381
IOTA,2025-05-11 00:00:00+00:00,2025-05-11 04:00:00+00:00,0.2606961744867313,0.0458209228281851,74.4890290781195,-0.1154869029837152,59.07022867300651,-0.1692762650028247,-0.1674439500150486,-9.19515943058758,-0.0103214180524379,-0.0142286784111158,0.0298140913891609,0.1230661040787625,0.1230661040787625,1.2813814181411822,1.6755845158160587,0.24315,2025-05-11 08:00:00+00:00,0.0873123586263622,-0.1338268558502982,True,False,True,True,True,2025-05-11 00:00:00+00:00,0.27449,4.0,0,1,1,4.0,4.0,0,71.10694709259452,0.0850370307039574,0.13735808403082794,0.20295380839687982,0.28844348479158843,0.05022350775703388
kBONK,2025-05-10 00:00:00+00:00,2025-05-11 04:00:00+00:00,0.3223568080832675,0.0993898417789127,69.52948667933131,-0.0958813016915339,58.35099343643962,-0.1133234280018559,-0.2199575226452289,4.318546316549202,-0.0181278494230995,-0.0245717872836518,0.0362452424844355,0.0825301204819267,0.0825301204819267,1.1224369109620564,1.287401952070987,0.021785,2025-05-11 08:00:00+00:00,0.1951801698416342,-0.0638971769566214,True,True,True,True,True,2025-05-10 20:00:00+00:00,0.024061,8.0,5,5,2,20.0,8.0,1,77.58486471444493,0.1629669840617769,0.10752589182968908,0.2091562390069852,0.41551947287916224,0.07429660023446649
ARB,2025-05-11 00:00:00+00:00,2025-05-11 04:00:00+00:00,0.5625744167337086,0.0772551546425412,80.79619712518029,-0.0926043108562389,76.75913683954639,-0.1423005731132921,-0.1402756494724738,-9.262799134486729,0.060075574172117,0.0814668751129301,0.1865752305297399,0.1274283832729662,0.1274283832729662,3.347299392938337,1.6052784279191046,0.45874,2025-05-11 08:00:00+00:00,0.0489165976370058,-0.1557309151153159,False,False,False,False,False,2025-05-11 00:00:00+00:00,0.5057,4.0,0,2,1,4.0,4.0,0,89.4942149118231,0.266411465089057,0.3282378588501038,0.4021516109355072,0.5507513032812021,0.1140248239153876
ETHFI,2025-05-10 00:00:00+00:00,2025-05-11 04:00:00+00:00,0.4428340143396809,0.0808234385300513,70.84298686880615,-0.1294017490906276,76.22196381506694,-0.1303138495502276,0.0003172639022239,-13.578242352635314,0.1691172063853787,0.2304373454220623,0.4204529311599942,0.1742377100186684,0.1742377100186684,1.6617434306090508,1.7436266015589164,1.1229,2025-05-11 08:00:00+00:00,0.4694095645204381,-0.1350075696856353,True,True,False,False,True,2025-05-11 00:00:00+00:00,1.2921,4.0,6,2,2,4.0,4.0,0,87.64306960119751,0.5950982145723551,0.6961589960356009,0.7513588245659215,1.1908912099837226,0.2696935300794552
MINA,2025-05-11 00:00:00+00:00,2025-05-11 04:00:00+00:00,0.3100989392994029,0.047361774597638,72.39307301974303,-0.1041899709162965,70.34490855166801,-0.1769871412679156,-0.1828215908201219,-10.900590168541129,0.0135186015894133,0.0134586257738709,0.0838118438605648,0.1120196238757141,0.1120196238757141,2.699850485920757,2.797168541641998,0.28014,2025-05-11 08:00:00+00:00,0.0949168273006353,-0.0894909688013135,True,False,True,True,True,2025-05-11 00:00:00+00:00,0.31289,4.0,0,2,1,4.0,4.0,0,85.47242950740785,0.13953706673341837,0.17512957259821227,0.2784587725749774,0.3622273499063955,0.05290304093986187
STX,2025-05-09 00:00:00+00:00,2025-05-11 04:00:00+00:00,0.2889315302934045,0.0632620271023518,73.19574252135665,-0.0805098148664992,56.60444525315168,-0.1410453303906211,-0.1482135973727811,-5.075142977324894,-0.0184445436381371,-0.0263198510457337,0.0039197522399672,0.1153347732181419,0.1153347732181419,1.1410656548232838,2.0734762647811387,0.98843,2025-05-11 08:00:00+00:00,0.0532865250953531,-0.1269993828596866,True,False,True,True,True,2025-05-11 00:00:00+00:00,1.0749,4.0,12,6,5,28.0,24.0,1,65.89922292278058,0.05015889152049513,0.038651077398782485,0.1308427929681335,0.14704940774730546,0.06187153704083714
DOGE,2025-05-10 00:00:00+00:00,2025-05-11 04:00:00+00:00,0.2053958944281524,0.0470276794481326,70.64687208167905,-0.1137570208509656,66.03260833913907,-0.1220513790490337,-0.2247581628614668,4.1793576652930255,0.0106151989749199,0.0129369519017026,0.1005979069673002,0.1679946879150067,0.1679946879150067,1.0698172565598345,1.51583964185664,0.23042,2025-05-11 08:00:00+00:00,0.1010328964499607,-0.0715215693082198,True,True,True,True,True,2025-05-11 00:00:00+00:00,0.25994,4.0,6,2,1,8.0,4.0,0,75.2123834622744,0.16248534356618882,0.23769164841443668,0.34107207346643964,0.4489409141583054,0.06832682601656992
RSR,2025-05-10 00:00:00+00:00,2025-05-11 04:00:00+00:00,0.2061699650756694,0.0668397267589257,67.38804580217501,-0.0806255267347129,51.19073559251422,-0.1762393086064262,-0.203610654173062,-4.564682135948935,-0.0366711625114952,-0.0475050932962519,-0.0141827948891732,0.1422413793103449,0.1422413793103449,0.5515164849265912,1.7891770174814898,0.009817,2025-05-11 08:00:00+00:00,0.0915758378323317,-0.1195884689823775,True,False,True,True,True,2025-05-10 04:00:00+00:00,0.010679,24.0,1,8,7,28.0,28.0,1,77.29325892959815,0.1330807798255571,0.021816094153669363,0.21187017703132072,0.26528436018957335,0.05416754146546299
PURR,2025-05-10 00:00:00+00:00,2025-05-11 04:00:00+00:00,0.3675792642769779,0.0649172743807382,72.70536115546135,-0.1124977282365057,59.73151053463455,-0.2346642120000228,-0.2032092918924593,-18.626239578959407,-0.0266754330600955,-0.0373734202629792,0.0491751621208378,0.1024531024531027,0.1024531024531027,0.9602218836097568,1.467051141899522,0.14644,2025-05-11 08:00:00+00:00,0.1303605572248021,-0.0781890193936082,True,True,True,True,True,2025-05-11 00:00:00+00:00,0.16507,4.0,6,6,2,20.0,16.0,1,78.04614846344627,0.15364511492166733,0.11616742173236871,0.23048825941110707,0.4891294542174107,0.05836279198724603
kSHIB,2025-05-11 00:00:00+00:00,2025-05-11 04:00:00+00:00,0.3489234166732393,0.0495400317645401,78.09687398705526,-0.0853179190751444,62.168873751517246,-0.1223037452489215,-0.2131279802519905,5.448809268900568,-0.0013928262226642,-0.002989295940298,0.0570403671318162,0.2043715846994533,0.2043715846994533,0.5911773192912383,1.5073910511883362,0.015794,2025-05-11 08:00:00+00:00,0.117069773331645,-0.0854754970241863,True,True,True,True,True,2025-05-11 00:00:00+00:00,0.0173,4.0,0,2,1,4.0,4.0,0,70.83187767406943,0.10562258752395604,0.13479829452279435,0.22106154714850357,0.30438060770564723,0.0686703324168958
OP,2025-05-11 00:00:00+00:00,2025-05-11 04:00:00+00:00,0.4226910293819339,0.0712422040070302,67.48160629281614,-0.0917625364095471,72.29801375818073,-0.1774191893016015,-0.1061914905395045,-15.851968218399236,0.0444286744106967,0.0563447219728574,0.1579914824492501,0.1045665122435475,0.1045665122435475,2.151117220337225,1.9266917516648407,0.86774,2025-05-11 08:00:00+00:00,0.0598796874639868,-0.1613732223938045,True,False,True,True,True,2025-05-11 00:00:00+00:00,0.95442,4.0,0,2,2,4.0,4.0,0,87.89168531271416,0.2475893168727752,0.2500916854403521,0.35093207264080184,0.5367597333590959,0.11384487582002767
WIF,2025-05-10 00:00:00+00:00,2025-05-11 04:00:00+00:00,0.3661684287276705,0.0784413352820855,71.26002280839839,-0.1132448979591836,65.9939269643229,-0.08715346720015,-0.1858342898876344,3.0523657377175084,0.0097469481738745,-0.0019180190423687,0.1376952709491812,0.0975828111011637,0.0975828111011637,1.4912325702454452,1.3004666482699918,0.86927,2025-05-11 08:00:00+00:00,0.5196659265820747,-0.0044520114578899,True,True,True,True,True,2025-05-10 20:00:00+00:00,0.98,8.0,5,3,3,12.0,12.0,0,81.64775273377886,0.29634934688896264,0.3075732507872124,0.41510115085267074,0.7028374832757034,0.13098414900998012
PENDLE,2025-05-10 00:00:00+00:00,2025-05-11 04:00:00+00:00,0.2001618727431202,0.0496791802650763,64.8033588685162,-0.0838588098862072,53.9168054536186,-0.1504405439234342,-0.1950363898438945,-1.7267883245953826,-0.0254673178249867,-0.0318380269104094,0.0022068637426821,0.1103448275862054,0.1103448275862054,2.0871239727996684,1.479498786409629,3.7917,2025-05-11 08:00:00+00:00,0.1477701294933671,-0.0411424954505894,True,True,True,True,True,2025-05-10 20:00:00+00:00,4.1391,8.0,5,7,3,24.0,20.0,1,71.28526345001842,0.10222296389803298,0.07358510141619545,0.12405290171903416,0.28264642082429514,0.05898498613893999
ZEN,2025-05-11 00:00:00+00:00,2025-05-11 12:00:00+00:00,0.3025711496040213,0.048330571045144,69.53407153498637,-0.1008956796628028,56.613611170803296,-0.126366830504372,-0.2846837514679463,-10.01951077109252,-0.0155308323603591,-0.0185467620382481,0.0247684912963739,0.0,0.0,0.9241996574268412,1.3769502579558694,10.253,2025-05-11 16:00:00+00:00,0.0972398322442211,-0.0875646152345654,True,False,True,True,True,2025-05-11 00:00:00+00:00,11.388,12.0,0,2,2,12.0,12.0,0,79.14486954124683,0.16188904928851322,0.13032258064516133,0.18487998252021098,0.33245969157325717,0.07074910820451819
SUI,2025-05-09 00:00:00+00:00,2025-05-11 12:00:00+00:00,0.2112714075762576,0.0748072994829215,75.54845973799964,-0.0834342399403875,55.23353848144425,-0.0744592132535174,-0.0927929561370903,-6.522732076192888,-0.0099599359706969,-0.0130305411143243,-0.003824145008744,0.2946938775510223,0.2946938775510223,0.9000744446967726,0.7875294056497613,3.9359,2025-05-11 16:00:00+00:00,0.0941080820142787,-0.0731979979166137,True,False,True,True,True,2025-05-11 00:00:00+00:00,4.2944,12.0,12,4,1,52.0,12.0,1,60.88305735177974,0.035228565984684934,0.08466356839765621,0.12014189576921086,0.1930545909154051,0.039256090562888035
GALA,2025-05-10 00:00:00+00:00,2025-05-11 12:00:00+00:00,0.2817795224075889,0.0558619487901052,67.7581973248922,-0.0821877247155365,67.78210587419369,-0.1140026062021793,-0.2308196354184215,-12.115542616423184,0.0187706762156876,0.0191320140280559,0.1019163431287659,0.2011718749999977,0.2011718749999977,2.2041377704262324,1.0725495577405229,0.021751,2025-05-11 16:00:00+00:00,0.0788469495655372,-0.1088685577674588,True,False,True,True,True,2025-05-11 04:00:00+00:00,0.023641,8.0,7,4,2,12.0,12.0,1,73.10981258925439,0.134421419402164,0.1689576740506329,0.24761201118792542,0.4645644901499193,0.08089767825117544
SUSHI,2025-05-09 00:00:00+00:00,2025-05-11 12:00:00+00:00,0.2118917715176485,0.0691304038284755,66.64132672483439,-0.0809895298706631,60.83364197616783,-0.0681035319959579,-0.1862134639639571,-5.671011304705189,-0.0067037026546113,-0.0143017336876372,0.0346933075656257,0.248439450686641,0.248439450686641,2.223178118716247,1.0177590301444597,0.80422,2025-05-11 16:00:00+00:00,0.1061276765064285,-0.0987167690432967,True,True,True,True,True,2025-05-11 00:00:00+00:00,0.87678,12.0,12,3,3,16.0,16.0,0,74.7538073958422,0.137221166349905,0.11780004589612192,0.15043365305131684,0.40300513657529646,0.07341690933320177
ONDO,2025-05-10 00:00:00+00:00,2025-05-11 12:00:00+00:00,0.1743643573594586,0.0422707195966554,63.332237951261845,-0.0856577289904624,54.68888362578952,-0.1012236772893134,-0.191493968179277,-9.076724912489505,-0.0183833385662299,-0.0267630063954541,0.0025285185919614,0.1400966183574882,0.1400966183574882,1.5173975039322622,1.0630468210414683,1.0166,2025-05-11 16:00:00+00:00,0.1388943537281133,-0.0710210505606924,True,True,True,True,True,2025-05-11 00:00:00+00:00,1.1114,12.0,6,4,2,20.0,16.0,0,67.64189934691302,0.07023700546781009,0.09465182704619313,0.14016639822727406,0.2149369247250703,0.048657632056792854
CRV,2025-05-11 00:00:00+00:00,2025-05-11 12:00:00+00:00,0.1910368125734003,0.0605707402232085,71.4062928326453,-0.0853752374540121,51.18250547566382,-0.1180906689387771,-0.2545248463511479,-9.997611374750209,-0.024854050523017,-0.0310570872994981,-0.0147388325497662,0.2157375145180035,0.2157375145180035,1.0030122470575675,1.3121921757506518,0.76079,2025-05-11 16:00:00+00:00,0.1106875747578175,-0.1167996424768988,True,True,True,True,True,2025-05-11 04:00:00+00:00,0.83174,8.0,1,2,2,12.0,12.0,0,54.89191838720993,0.0070991745024577835,0.05894785088612764,0.056754799446046666,0.15024201355275912,0.04123253986361464
UNI,2025-05-11 00:00:00+00:00,2025-05-11 12:00:00+00:00,0.5222190943456928,0.0781463886719838,76.49384951648693,-0.1017530437535449,61.456261006058384,-0.123738826426332,-0.1978284982665494,-9.40062259688925,-0.0124737484107338,-0.0212604561583938,0.0512357195068389,0.1351713062098513,0.1351713062098513,0.5026994566552063,1.1798253050387424,6.8068,2025-05-11 16:00:00+00:00,0.1018393371334547,-0.1012957630604689,True,True,True,True,True,2025-05-11 00:00:00+00:00,7.5811,12.0,0,2,1,12.0,12.0,0,76.61237138598729,0.17535995115857084,0.1767509002856078,0.22655643282423,0.4650317892824707,0.1005262545792871
POL,2025-05-11 00:00:00+00:00,2025-05-11 20:00:00+00:00,0.2315723439530401,0.0518108015632744,73.67062073129043,-0.0804357235608137,53.65215946637169,-0.0354708263060461,-0.1048770591691683,-2.8425977404186185,-0.0140004403512631,-0.025152315967472,-0.0087406877459289,0.1522388059701515,0.1522388059701515,0.099467283956857,0.4328914261840734,0.25518,2025-05-12 00:00:00+00:00,0.061054941609844,-0.0978133082529979,True,False,True,True,True,2025-05-11 00:00:00+00:00,0.27724,20.0,0,2,2,20.0,20.0,0,69.34627222398959,0.08088285392510897,0.07274415725119954,0.12347530088746606,0.23365816757887226,0.04109848484848477
LDO,2025-05-11 00:00:00+00:00,2025-05-12 08:00:00+00:00,0.4839120739088884,0.0659318936541208,78.25136318381158,-0.0939180802647909,61.13105953212966,-0.098958072699308,-0.057644529650805,-8.41658844349518,-0.0059424387990703,-0.0141056422569028,0.0149649396814215,0.0921658986175113,0.0921658986175113,1.049386558270572,0.9535237574139542,1.0953,2025-05-12 12:00:00+00:00,0.0738610426367205,-0.1545695243312334,True,False,False,True,True,2025-05-12 04:00:00+00:00,1.2085,4.0,7,3,2,32.0,32.0,0,67.84485569418922,0.04852775212886007,0.09267631103074114,0.1342092914124824,0.16605557699729823,0.05988895967962149
RUNE,2025-05-10 00:00:00+00:00,2025-05-12 12:00:00+00:00,0.190453460620525,0.0479433199474454,65.10364133063322,-0.0926520634616306,69.16712961133355,-0.1100682449000649,-0.0844322920566142,-2.82229171028088,0.0316672148625369,0.0433967810685678,0.1130089164184984,0.0281195079086123,0.0281195079086123,1.4585969058987378,1.574672334735203,1.8928,2025-05-12 16:00:00+00:00,0.114222316145393,-0.128434065934066,True,True,True,True,True,2025-05-12 08:00:00+00:00,2.0863,4.0,14,3,2,8.0,8.0,0,77.72183565195562,0.1713721507224275,0.19305770000571854,0.25469088284820773,0.41501627780792205,0.11497504159733785
MORPHO,2025-05-11 00:00:00+00:00,2025-05-12 12:00:00+00:00,0.2250271247739601,0.0804694088886009,71.06203555446501,-0.0879626930923929,51.58791898237125,-0.110756701426704,-0.1378680797533307,-1.404262815819962,-0.0253974734935021,-0.0261286931503816,-0.0106453948470851,0.0271844660194166,0.0271844660194166,2.313534838311184,1.5404956615892205,1.5674,2025-05-12 16:00:00+00:00,0.130534643358428,-0.0380885542937348,True,True,True,True,True,2025-05-12 04:00:00+00:00,1.7155,8.0,7,7,4,36.0,36.0,1,63.034374859900026,0.0589958411569782,0.08837710950387012,0.1003142838817268,0.08768704032462593,0.039499587222963095
CFX,2025-05-11 00:00:00+00:00,2025-05-12 12:00:00+00:00,0.4571575881721779,0.0629305206339021,75.92248342184035,-0.0964640371229698,57.83401708916139,-0.0563305954537877,-0.1372569922451278,9.442847658341975,-0.0132670230709303,-0.0147826898491147,0.0140193729819808,0.1670608471296494,0.1670608471296494,3.007884576273715,1.4235645613889971,0.097595,2025-05-12 16:00:00+00:00,0.0642963266560787,-0.1296890209539423,True,False,False,True,True,2025-05-12 04:00:00+00:00,0.10775,8.0,7,4,2,36.0,36.0,1,74.18145358851518,0.10406768437856528,0.10317078414710301,0.12743405426332255,0.23705540630525124,0.07994505778227601
SAGA,2025-05-12 00:00:00+00:00,2025-05-12 12:00:00+00:00,0.635974881534846,0.0855280427079853,72.21539311317024,-0.1024264077329418,60.85857568834504,-0.158181706658114,-0.2476059105339269,-1.850218868073512,-0.0273014763372815,-0.0417765159196918,0.0342436950913203,0.0113519091847264,0.0113519091847264,3.017945060873691,1.1571400638529812,0.40979,2025-05-12 16:00:00+00:00,0.0682544718026305,-0.2559603699455818,True,False,False,False,True,2025-05-12 04:00:00+00:00,0.45623,8.0,1,4,3,12.0,12.0,0,81.87959505138177,0.15567497045127188,0.10614619953933824,0.17418607643803896,0.32340314439867734,0.05438387053985938
ENS,2025-05-09 00:00:00+00:00,2025-05-12 12:00:00+00:00,0.1629633557829983,0.0557650836665352,76.60615924766526,-0.0879239403986738,53.69554183951974,-0.0964274137439527,-0.1495335157047395,0.0986180398740756,-0.0221835424434274,-0.0239119901957989,-0.0177841637485265,0.0483870967741954,0.0483870967741954,1.482315556064502,1.3505836360454526,22.879,2025-05-12 16:00:00+00:00,0.1025394466541369,-0.0699768346518642,True,True,True,True,True,2025-05-11 00:00:00+00:00,25.033,36.0,12,9,5,80.0,76.0,2,75.24526681073134,0.10688447012786106,0.11774424004286477,0.15152490914945482,0.31049104805779515,0.08979253875523252
JUP,2025-05-12 00:00:00+00:00,2025-05-12 12:00:00+00:00,0.3299309231609182,0.0520472427431273,68.55399596730669,-0.0892895259675221,56.7952987774226,-0.0852568256077718,-0.1800241012338981,0.1756156621879085,-0.0160884771255077,-0.0175670276770233,0.0031134224406954,0.0277555377635422,0.0277555377635422,2.469443132896803,1.4770423526241123,0.55468,2025-05-12 16:00:00+00:00,0.0569337275546262,-0.1490048316146245,True,False,False,True,True,2025-05-12 04:00:00+00:00,0.60903,8.0,1,4,2,12.0,8.0,0,67.55790107971339,0.06712050857636709,0.10970810101672668,0.11220073412589704,0.19424672039531732,0.06566012538487231
SUPER,2025-05-10 00:00:00+00:00,2025-05-12 12:00:00+00:00,0.2307987088596401,0.0561672628763756,73.75552694843309,-0.0893818913747912,50.29071218873531,-0.1641601450586162,-0.1844043746730554,-5.534843587465929,-0.0363383360704876,-0.0390201013822374,-0.0359661354698288,0.0029223744292226,0.0029223744292226,0.7370374903112634,1.5358308520926929,0.82622,2025-05-12 16:00:00+00:00,0.0876279925443586,-0.1317808816053834,True,False,False,True,True,2025-05-12 04:00:00+00:00,0.90421,8.0,13,16,11,60.0,60.0,4,64.51020445686909,0.03379111609090124,0.05602401195926365,0.04483424041783657,0.06296361605830825,0.025261608894702414
ACE,2025-05-11 00:00:00+00:00,2025-05-12 12:00:00+00:00,0.3732178307164771,0.0812501088702933,65.21035375415528,-0.0857076132648295,62.14040108800289,-0.0842153020825579,-0.0723683376780792,2.311371366392578,0.0152863568246153,0.0285489097118838,0.0622062145168182,0.3283858998144718,0.3283858998144718,2.050050770150191,1.2696415716389071,0.784,2025-05-12 16:00:00+00:00,0.0632653061224488,-0.1903061224489796,True,False,False,False,True,2025-05-12 04:00:00+00:00,0.8564,8.0,7,3,2,8.0,8.0,0,75.88059990927239,0.1684473428611073,0.1915959371086684,0.11641246252118376,0.3360374414976599,0.10526315789473673
KAS,2025-05-11 00:00:00+00:00,2025-05-12 12:00:00+00:00,0.1516334819424287,0.0641599902263314,65.44644697222694,-0.1000531389964322,61.85313721424265,-0.1182435543751189,-0.1957383644374913,1.1903146050849642,0.0066789722041691,0.0177907087665745,0.0739781127699665,0.0,0.0,4.350081346847422,2.149819794868125,0.11866,2025-05-12 16:00:00+00:00,0.0727288049890442,-0.0959042642845103,True,False,False,False,True,2025-05-12 04:00:00+00:00,0.13173,8.0,7,3,2,8.0,8.0,0,79.63246532697687,0.18445609997196777,0.2629913710450624,0.24261862088482244,0.2423842308780535,0.09150873281308058
TAO,2025-05-09 00:00:00+00:00,2025-05-12 12:00:00+00:00,0.1997451868629671,0.0531919913514091,71.85076567121902,-0.0838289436420277,56.654922049877406,-0.0331561009824276,-0.1676851953376684,7.095393888797268,-0.010334180382276,-0.0111257751166921,0.0092726506945017,0.3428707677634711,0.3428707677634711,2.4468072507336527,1.1260745860197507,452.62,2025-05-12 16:00:00+00:00,0.0428615615748309,-0.1350139189607176,False,False,False,False,False,2025-05-12 04:00:00+00:00,494.34,8.0,19,4,1,40.0,8.0,1,67.63606485542529,0.060776277751207086,0.10625251756702303,0.09836247694803024,0.11647130564401387,0.03236830648672173
PYTH,2025-05-10 00:00:00+00:00,2025-05-12 12:00:00+00:00,0.4240841547741651,0.0754902685337883,70.71312131161125,-0.104393757503001,57.74937825801679,-0.1066827051000255,-0.0778880455883705,-5.176192034016779,-0.0105513221078236,-0.0075031928480202,-0.0100633737779051,0.130622837370243,0.130622837370243,6.4570438223622775,1.1417073412110432,0.18665,2025-05-12 16:00:00+00:00,0.1069916956871148,-0.1998928475756765,True,True,False,True,True,2025-05-12 08:00:00+00:00,0.20825,4.0,14,2,1,8.0,4.0,0,64.64598702802786,0.029943576818117323,0.1153660757324193,0.14228511875377103,0.21216530849825377,0.037574404761904656
ORDI,2025-05-12 00:00:00+00:00,2025-05-12 12:00:00+00:00,0.4608592792868911,0.0712016079604371,69.82272764623788,-0.0951327433628318,62.57252151282815,-0.0822477506799751,-0.1031748167853835,-1.5572880809417455,0.002555371768929,-0.0013669042227949,0.0556599016014582,0.1987041036717073,0.1987041036717073,1.4659862373918306,1.4856728800413213,10.664,2025-05-12 16:00:00+00:00,0.2766316579144787,-0.1420667666916729,True,True,False,False,True,2025-05-12 08:00:00+00:00,11.752,4.0,2,3,2,8.0,8.0,0,68.18018867203985,0.09644767561396916,0.0981125023360121,0.2516641637643653,0.30823435117053144,0.09770079002772403
AR,2025-05-11 00:00:00+00:00,2025-05-12 16:00:00+00:00,0.2397548285938278,0.0620867013512795,68.05676955639302,-0.1175850817963475,45.01727655341223,-0.1524849707620396,-0.2644738337515497,-5.711673235120799,-0.0437126576121659,-0.0479695024731027,-0.0515516140207532,0.3214791908259247,0.3214791908259247,1.1720030558579633,2.663200339570309,7.7974,2025-05-12 20:00:00+00:00,0.1476004822120193,-0.0943647882627541,True,True,True,True,True,2025-05-11 00:00:00+00:00,8.8268,40.0,0,5,4,40.0,40.0,1,69.00185032559955,0.08667396295622676,0.0879286119259497,0.1196691782733339,0.2509814481497754,0.053412462908011715
kFLOKI,2025-05-10 00:00:00+00:00,2025-05-12 16:00:00+00:00,0.341415983798935,0.0747118362772135,71.69311801554811,-0.1163430420711973,59.01542411485308,-0.1232446157731648,-0.2288878210324398,2.398321868822684,-0.0114995329739108,-0.0047888550282979,0.0284887233019743,0.2455813953488373,0.2455813953488373,1.9818192860401085,1.82968293751705,0.10948,2025-05-12 20:00:00+00:00,0.0917975886006576,-0.1888929484837412,True,False,False,True,True,2025-05-12 08:00:00+00:00,0.1236,8.0,14,3,3,12.0,12.0,1,78.00522269559671,0.13824083120844555,0.1832280298678921,0.20456095897086057,0.221223199288608,0.06308815056654504
POLYX,2025-05-11 00:00:00+00:00,2025-05-12 16:00:00+00:00,0.1937660891950186,0.0362135722688369,66.84870718185846,-0.1413558318531675,63.02727384857213,-0.0647472860606095,-0.0512016795616312,-11.758029114400074,0.0192993012269777,0.0246568710829659,0.0413942703268754,0.3106719367588925,0.3106719367588925,0.9306453101920236,2.662748428820239,0.17404,2025-05-12 20:00:00+00:00,0.1225005745805563,-0.0877384509308205,True,True,True,True,True,2025-05-12 12:00:00+00:00,0.20268,4.0,9,1,1,4.0,4.0,0,67.39063454100457,0.062326649217648855,0.23127392017495896,0.23970885069423198,0.2618602913709376,0.04647445385116322
AVAX,2025-05-10 00:00:00+00:00,2025-05-12 16:00:00+00:00,0.1693637551512714,0.0448007173452092,63.43767657686752,-0.0896523456422103,55.16825116653645,-0.0512558273447859,-0.233958399874398,-0.4502406637182545,-0.0159523121771327,-0.019181100816758,-0.0030767472986649,0.4685556323427789,0.4685556323427789,1.3195292043114994,1.8360892089131944,24.478,2025-05-12 20:00:00+00:00,0.0844840264727508,-0.0973935779066917,True,False,True,True,True,2025-05-12 04:00:00+00:00,26.837,12.0,13,5,3,44.0,40.0,1,72.01730448776019,0.07393933891425775,0.09409270659219704,0.10960886463243202,0.16571105898705585,0.05270226273807599
ALGO,2025-05-10 00:00:00+00:00,2025-05-12 16:00:00+00:00,0.1689829913200542,0.0425664593480258,64.41787335219047,-0.0902849691251486,52.57591899091966,-0.1757514235974899,-0.1747591909306909,-11.737702742963926,-0.0206297589488706,-0.0212556222404599,-0.0139249478775836,0.3659367396593676,0.3659367396593676,13.281486512224706,2.7173307177320845,0.23735,2025-05-12 20:00:00+00:00,0.0567095007373077,-0.1099641879081525,True,False,True,True,True,2025-05-12 12:00:00+00:00,0.26073,4.0,15,7,3,44.0,44.0,0,63.78648443700191,0.023828042140988437,0.09229157938835364,0.09449248593736903,0.1214675900038713,0.048137417218543144
MANTA,2025-05-11 00:00:00+00:00,2025-05-12 16:00:00+00:00,0.5660678064329181,0.0733859812909858,73.6906825287955,-0.0927878279621421,56.75234536360967,-0.0991437973041544,-0.2113372082270127,0.9582367913564624,-0.0274239567591262,-0.0317734305076076,-0.0094428320320483,0.4091424253872311,0.4091424253872311,1.1987911720475624,1.876909895673977,0.30254,2025-05-12 20:00:00+00:00,0.1516824221590536,-0.1513188338732067,True,True,False,True,True,2025-05-12 08:00:00+00:00,0.33388,8.0,8,7,4,40.0,40.0,1,70.20234945018416,0.06674437008903888,0.07710174849990326,0.08342797806405566,0.23012305651757425,0.057873617590447735
RENDER,2025-05-10 00:00:00+00:00,2025-05-12 16:00:00+00:00,0.1594152291826711,0.0424846281590596,64.43197377990714,-0.0878339245638166,50.27546261838129,-0.1168521869636356,-0.22649682558877,-5.521749148693722,-0.028950888781555,-0.0333434916683893,-0.0239807271100541,0.4309831181727914,0.4309831181727914,1.8332678619129177,2.057852756157978,5.0449,2025-05-12 20:00:00+00:00,0.0777815219330411,-0.121449384526948,True,False,True,True,True,2025-05-10 20:00:00+00:00,5.5252,44.0,5,12,7,48.0,44.0,2,79.69957703817634,0.13657069402323807,0.1093665294649131,0.17855847784816858,0.3134598012646794,0.05024096899390118
FET,2025-05-10 00:00:00+00:00,2025-05-12 16:00:00+00:00,0.2607901069111511,0.060512490303229,70.93437711913768,-0.0953859610758801,49.94498854365207,-0.0716368853476904,-0.2343214606117235,3.7658365239745137,-0.0318678188269138,-0.0344768565882576,-0.03445676230955,0.4310030395136771,0.4310030395136771,2.855197981985897,1.9683675813833656,0.827,2025-05-12 20:00:00+00:00,0.0955743651753324,-0.1106287787182587,True,False,True,True,True,2025-05-12 08:00:00+00:00,0.9146,8.0,14,10,6,56.0,44.0,2,61.418807777243906,0.019514221438106105,0.06256171943072886,0.07436948630901341,0.07455882698498484,0.04116763893505082
NOT,2025-05-11 00:00:00+00:00,2025-05-12 16:00:00+00:00,0.3618181818181818,0.0561453101196546,72.47902490541226,-0.0958734098665839,57.65012387946407,-0.0999175109854071,-0.2182480698916976,4.704104175196143,-0.0193863432246588,-0.0219288431416424,0.0131775668439901,0.3089700996677733,0.3089700996677733,1.073067592107728,2.0667205601723007,0.002918,2025-05-12 20:00:00+00:00,0.2248115147361205,-0.1127484578478409,True,True,False,True,True,2025-05-12 12:00:00+00:00,0.003223,4.0,9,5,3,16.0,12.0,0,64.04982274744546,0.050772163632229805,0.11832061068702293,0.14412495562655314,0.22874571101791852,0.052541208791208716
LINK,2025-05-10 00:00:00+00:00,2025-05-12 16:00:00+00:00,0.1562274498484628,0.0439232922726201,65.87878293046121,-0.0826111111111109,53.069899716058565,-0.0903570498661076,-0.2534011346212694,0.2058889655991578,-0.0216370049195959,-0.0259477244127516,-0.0086182312663787,0.4690355329949258,0.4690355329949258,1.7081966840162954,1.889871452871696,16.535,2025-05-12 20:00:00+00:00,0.0789234956153612,-0.0873903840338675,True,False,True,True,True,2025-05-12 04:00:00+00:00,18.0,12.0,13,7,4,44.0,44.0,1,71.08221318972616,0.059320239773050565,0.09316166646422919,0.0992366412213741,0.11759592698373256,0.033607436539148994
ATOM,2025-05-11 00:00:00+00:00,2025-05-13 00:00:00+00:00,0.3215986645063091,0.0414781804797959,72.519494572224,-0.0865774128503696,49.592338823827326,-0.2254950330656784,-0.2540028816862011,-14.929858955501835,-0.0348593004806122,-0.0443804850030831,-0.0314779769729713,0.0974336668116578,0.0974336668116578,1.4885503161627849,1.396618036078547,5.0146,2025-05-13 04:00:00+00:00,0.0694571850197423,-0.0719698480437123,True,False,True,True,True,2025-05-12 04:00:00+00:00,5.5049,20.0,7,13,7,48.0,48.0,2,77.88121566661403,0.058619142038652816,0.06290668262825583,0.10192765778569557,0.16584776991825145,0.04816978193146415
NEAR,2025-05-11 00:00:00+00:00,2025-05-13 00:00:00+00:00,0.4515501362044365,0.0634133927812466,75.09645507067535,-0.1079049394773447,50.52232958929702,-0.204507022386669,-0.1707090629389823,-15.839713334198535,-0.037638699982799,-0.0442929613189599,-0.0337249018674435,0.0782953419226959,0.0782953419226959,1.070390811981715,1.790653411408345,3.0125,2025-05-13 04:00:00+00:00,0.0937095435684647,-0.118207468879668,True,False,True,True,True,2025-05-11 00:00:00+00:00,3.3789,48.0,0,9,5,48.0,48.0,1,81.34944630151467,0.17454785881034995,0.14469137475438698,0.22779796511627914,0.40518173500790144,0.0907141464682566
AAVE,2025-05-09 00:00:00+00:00,2025-05-13 00:00:00+00:00,0.1604785710273548,0.0552762258449731,71.72976137077525,-0.0853748428218358,48.19960221632729,-0.2195506079291359,-0.1739769147108982,-17.38097631895895,-0.033945554853629,-0.0391193217765405,-0.0391640627135163,0.0309278350515451,0.0309278350515451,0.5179744175685829,1.5667726149792929,210.76,2025-05-13 04:00:00+00:00,0.1624596697665592,-0.0012336306699562,True,True,True,True,True,2025-05-11 00:00:00+00:00,230.63,48.0,12,19,8,88.0,60.0,4,73.04577602105405,0.0848624463068024,0.0893160778386548,0.12475006096074126,0.23761738663804666,0.03594245306022903
CELO,2025-05-11 00:00:00+00:00,2025-05-13 00:00:00+00:00,0.2944392705861147,0.0499469079417569,72.4278562782455,-0.1096624435959735,49.8023452078715,-0.2213057671360981,-0.2413161153832748,-16.6935392463116,-0.0461980253138911,-0.0555251557210216,-0.0326906759686999,0.0512129380053905,0.0512129380053905,0.5368351349082736,2.04468991364412,0.40867,2025-05-13 04:00:00+00:00,0.1221768174810973,-0.0872341987422613,True,True,True,True,True,2025-05-12 08:00:00+00:00,0.46096,16.0,8,8,5,40.0,40.0,2,67.87607200494622,0.07192699104636757,0.05451467526822684,0.12284120527123465,0.20377092418979958,0.059375227201124536
kLUNC,2025-05-11 00:00:00+00:00,2025-05-13 00:00:00+00:00,0.1957660336554707,0.0335285888326299,68.8907428779059,-0.0802410313901346,43.7424770951865,-0.2137969385988931,-0.2588876988400659,-15.439374560981008,-0.0408420622476122,-0.0490934525428884,-0.0501316970100438,0.0723067915690857,0.0723067915690857,0.5217839238220042,2.0434305937164075,0.065502,2025-05-13 04:00:00+00:00,0.1269274220634484,-0.0769594821532168,True,True,True,True,True,2025-05-12 08:00:00+00:00,0.07136,16.0,8,13,11,48.0,48.0,0,61.122422144456905,0.014263028392268229,0.028909235094802144,0.0337534405331017,0.07113372660272299,0.020679857642906363
XLM,2025-05-11 00:00:00+00:00,2025-05-13 00:00:00+00:00,0.2462223944207671,0.0392651504692503,72.44983443842784,-0.110065429775029,47.26320362713808,-0.1975090588163979,-0.3262210346099785,-12.940346398871457,-0.0369690386894381,-0.0421057145001017,-0.0320237745125917,0.0177165354330739,0.0177165354330739,2.863467114523317,2.0673957868243544,0.29767,2025-05-13 04:00:00+00:00,0.0690025867571471,-0.0550609735613263,True,False,True,True,True,2025-05-12 12:00:00+00:00,0.33471,12.0,9,5,2,48.0,12.0,1,70.14645166279332,0.05515164579618115,0.10254298702154285,0.10534658696872623,0.13280536095035034,0.0518312622629169
SOL,2025-05-10 00:00:00+00:00,2025-05-13 00:00:00+00:00,0.2015563120961578,0.0359586179005123,75.16954795368133,-0.0803325624931174,46.860604303596574,-0.2023317071615626,-0.2294574212289108,-16.40396915890225,-0.0307455702857729,-0.0357596438788468,-0.0348238869964433,0.0013351134846449,0.0013351134846449,1.680373309352537,1.639334861811439,167.01,2025-05-13 04:00:00+00:00,0.1077181007125323,-0.0190407760014369,True,True,True,True,True,2025-05-12 12:00:00+00:00,181.62,12.0,15,18,8,72.0,52.0,3,60.815074461339655,0.008028777726132308,0.06497009499237727,0.061050417713384375,0.06291332592029031,0.03318250377073917
TRB,2025-05-10 00:00:00+00:00,2025-05-13 00:00:00+00:00,0.2834178131788558,0.0517484837129764,69.67961488692417,-0.1048453037216784,45.433580129263895,-0.2672428911019682,-0.2022745329793209,-24.658387085432075,-0.0525268996007463,-0.0611750603205828,-0.0623178194979761,0.0425671250818606,0.0425671250818606,1.2411834589158135,2.2855710229362938,33.983,2025-05-13 04:00:00+00:00,0.1362445928846778,-0.1057293352558631,True,True,True,True,True,2025-05-12 04:00:00+00:00,37.913,20.0,13,19,15,72.0,72.0,4,67.64023746918767,0.03200883002207511,0.061483327267127574,0.032039416376306695,0.09133563615428875,0.03637119113573384
SEI,2025-05-10 00:00:00+00:00,2025-05-13 00:00:00+00:00,0.2011299435028248,0.0503158174078934,70.04360897286952,-0.0949300381610031,49.86547971552845,-0.1601425162906024,-0.1413929736895508,-13.310968923518637,-0.03445044440338,-0.0430797081339101,-0.0357839796803367,0.094036697247707,0.094036697247707,0.7400067347990311,1.5499388025285388,0.24896,2025-05-13 04:00:00+00:00,0.0812982005141389,-0.1141950514138816,True,False,True,True,True,2025-05-11 00:00:00+00:00,0.27515,48.0,6,13,5,56.0,52.0,1,71.77969396459889,0.1113672070761429,0.100732087850542,0.19828412159219577,0.327495537221981,0.03947868379056141
ETC,2025-05-10 00:00:00+00:00,2025-05-13 00:00:00+00:00,0.2030761535575842,0.0423494855059121,69.45546421894541,-0.0881211366141165,46.473564649002434,-0.1967539657096093,-0.1987551118662088,-12.537792556226456,-0.035775077411184,-0.043189702850822,-0.0401686640035507,0.062870699881377,0.062870699881377,2.765975713253349,1.9415713256696896,19.017,2025-05-13 04:00:00+00:00,0.1048009675553454,-0.0584739969500971,True,True,True,True,True,2025-05-12 04:00:00+00:00,20.869,20.0,13,14,6,56.0,52.0,2,68.39825757818832,0.03822536193343318,0.0572470743198743,0.06528841245533434,0.085062132792596,0.039616388833098926
BLUR,2025-05-12 00:00:00+00:00,2025-05-13 00:00:00+00:00,0.2639291871662252,0.0547055889233273,60.166617959346105,-0.087907809701783,48.86633227930512,-0.2240305261034715,-0.1768021177710682,-19.92324319646459,-0.0365614811682643,-0.0400109269714078,-0.0393793770809073,0.0531914893617011,0.0531914893617011,1.7066082017710054,2.206919894805224,0.11714,2025-05-13 04:00:00+00:00,0.111746627966536,-0.1132832508109953,True,True,True,True,True,2025-05-12 12:00:00+00:00,0.12843,12.0,3,7,6,24.0,20.0,1,59.361586483910926,0.006601000251506006,0.0687359573936921,0.06802494802494796,0.09274227856717432,0.05234612540060812
HBAR,2025-05-11 00:00:00+00:00,2025-05-13 00:00:00+00:00,0.2664898523985239,0.0388844833126166,72.08516808217499,-0.1239464766704318,47.19785249935512,-0.2248666702805206,-0.2814894735567227,-15.203111421276695,-0.0407370973226087,-0.0429116874624252,-0.0376033866433763,0.0379310344827582,0.0379310344827582,3.2319425361745475,2.121212446624262,0.20125,2025-05-13 04:00:00+00:00,0.0875031055900621,-0.0717018633540372,True,False,True,True,True,2025-05-12 12:00:00+00:00,0.23018,12.0,9,3,2,48.0,12.0,0,65.6884635121363,0.04871397508439346,0.12717300817785615,0.10456355871203038,0.15061234691327163,0.032091340506507526
ADA,2025-05-10 00:00:00+00:00,2025-05-13 00:00:00+00:00,0.1510249389476801,0.0418924120915903,66.75065981530798,-0.1056089984178859,46.11318193636507,-0.2269146745270261,-0.2620406774936986,-16.12923746430868,-0.0393925780321593,-0.046102474271951,-0.039079875058547,0.0,0.0,2.030756349000133,1.7216113453487103,0.77425,2025-05-13 04:00:00+00:00,0.0885502098805295,-0.0613884404262188,True,False,True,True,True,2025-05-12 12:00:00+00:00,0.86593,12.0,15,8,4,56.0,52.0,2,62.48743058052673,0.022567447612282132,0.0930147430071695,0.08003641987627219,0.10829109711769824,0.03563342848705586
DOT,2025-05-10 00:00:00+00:00,2025-05-13 00:00:00+00:00,0.2251161840559725,0.0408854612587195,70.47749281694462,-0.1009883731711387,47.79087363548646,-0.1993333551899028,-0.2256424587939839,-12.852770119857212,-0.0410506140309494,-0.0499365287427902,-0.0450000935675741,0.0855155482815027,0.0855155482815027,0.9785512283786164,1.525812567595891,4.8426,2025-05-13 04:00:00+00:00,0.0902201296824019,-0.0595960847478627,True,False,True,True,True,2025-05-12 04:00:00+00:00,5.3927,20.0,13,13,5,68.0,52.0,2,72.10258000675763,0.05925095853789686,0.07744101016962701,0.06469891411648554,0.1713838868736015,0.04809303242337637
WLD,2025-05-12 00:00:00+00:00,2025-05-13 00:00:00+00:00,0.3621907174815375,0.0756511792552743,68.7642484041892,-0.1278545562042716,48.06802672734979,-0.2040684072552017,-0.2220644679857218,-15.90609270559667,-0.0590831358971557,-0.073413944723618,-0.0498733942812057,0.0193661971830983,0.0193661971830983,1.0550294189673777,1.6981440976115492,1.1795,2025-05-13 04:00:00+00:00,0.1364137346333191,-0.1047053836371343,True,True,True,True,True,2025-05-12 04:00:00+00:00,1.3531,20.0,1,7,4,24.0,24.0,1,63.26121392307953,0.07268942168804338,0.0784251215429983,0.1214155478203216,0.19934408792767222,0.05801830481496206
YGG,2025-05-10 00:00:00+00:00,2025-05-13 00:00:00+00:00,0.219826424451512,0.0488537118776135,66.30651935539632,-0.1222091194968553,47.15471472369924,-0.2837635604840209,-0.2204894244614876,-23.668694457922182,-0.0512196355163725,-0.0557539253732746,-0.0487407988004361,0.0378863409770693,0.0378863409770693,1.4022121836178836,2.1595487026931384,0.22318,2025-05-13 04:00:00+00:00,0.1385876870687339,-0.0902410610269737,True,True,True,True,True,2025-05-12 16:00:00+00:00,0.2544,8.0,16,9,6,52.0,52.0,2,60.85018942937812,0.015984938217131983,0.10039361564081495,0.08820258362563105,0.15113122171945714,0.0492343228676535
INJ,2025-05-10 00:00:00+00:00,2025-05-13 00:00:00+00:00,0.2714173406420623,0.05310209880216,70.36625042880709,-0.0993031358885017,55.183491555308,-0.2176584184605677,-0.1619867157567932,-16.81317101949619,-0.0300309384083325,-0.0376501538767001,-0.005604773097089,0.0535353535353543,0.0535353535353543,0.9628061810674782,2.0122967090110686,12.907,2025-05-13 04:00:00+00:00,0.0897187572635003,-0.1192376229952738,True,False,True,True,True,2025-05-12 04:00:00+00:00,14.35,20.0,13,5,3,20.0,20.0,1,78.51710256481951,0.1022787915475234,0.11111111111111116,0.16856677524429964,0.22891153549713117,0.07996722654649724
BCH,2025-05-09 00:00:00+00:00,2025-05-13 00:00:00+00:00,0.163943024347154,0.0399009447403764,69.86541329225037,-0.0953215430376536,40.20710649814279,-0.2381591048146704,-0.207039849181443,-15.272695251520176,-0.0354841962240995,-0.0378835973069513,-0.0491504516141538,0.0370370370370389,0.0370370370370389,1.2514098020360058,2.0566618013348497,392.11,2025-05-13 04:00:00+00:00,0.0601871923694881,-0.0242278952334803,True,False,True,True,True,2025-05-10 20:00:00+00:00,433.69,52.0,11,21,10,96.0,96.0,3,69.35056102211571,0.04672126175310898,0.04725683376798995,0.028554488319696425,0.13255686417883172,0.028687254083700875
SAND,2025-05-10 00:00:00+00:00,2025-05-13 00:00:00+00:00,0.2124587309073757,0.0458492000769954,67.65837347673624,-0.1045349730976172,47.91098547894934,-0.2357719570062653,-0.2752513164296671,-18.07879981236493,-0.0442440406371059,-0.0536591286810704,-0.0425503273919593,0.0667251975417018,0.0667251975417018,0.9413503427751858,2.057463075829399,0.33585,2025-05-13 04:00:00+00:00,0.1595950573172548,-0.1169569748399582,True,True,True,True,True,2025-05-12 04:00:00+00:00,0.37729,20.0,13,12,7,52.0,52.0,2,72.55619235098919,0.059400444115470075,0.0774173282311954,0.08794947951209675,0.1582906087864182,0.043947308653190964
APE,2025-05-10 00:00:00+00:00,2025-05-13 00:00:00+00:00,0.3148842834594019,0.0580587553745126,71.05684604841137,-0.1078025878210322,50.42973964623795,-0.1981420757059308,-0.1732788492344129,-14.830208560020878,-0.0390443682577683,-0.0479394295844066,-0.0368422799253017,0.0309099901088025,0.0309099901088025,2.4422437000485653,1.7067737636711209,0.63866,2025-05-13 04:00:00+00:00,0.1367550809507405,-0.0794945667491309,True,True,True,True,True,2025-05-12 08:00:00+00:00,0.71566,16.0,14,8,3,52.0,20.0,1,66.93227338954863,0.04326414898361941,0.08672082605724696,0.10972243758722278,0.15031986369627415,0.039004615571480716
APT,2025-05-12 00:00:00+00:00,2025-05-13 00:00:00+00:00,0.2361683343143026,0.0481231732942363,61.31100356314019,-0.1036680287993774,43.74360523605147,-0.2125442494016496,-0.2218626403075341,-13.62139543917565,-0.0490844833311806,-0.0574161863510794,-0.0543919239681495,0.037600716204118,0.037600716204118,0.8050320205081845,1.7227475989021757,5.5254,2025-05-13 04:00:00+00:00,0.1323705071126071,-0.0920114380859303,True,True,True,True,True,2025-05-12 04:00:00+00:00,6.1668,20.0,1,6,5,24.0,24.0,0,64.23973687517706,0.041951522684897435,0.053883619584721876,0.06821410012125417,0.08499744884494254,0.05182557535905863
BIGTIME,2025-05-13 00:00:00+00:00,2025-05-13 04:00:00+00:00,0.2709938618257803,0.057225939798819,61.63998116057955,-0.086566968957098,53.29840144152393,0.0675630545350649,-0.0942650218037536,17.16309797518241,-0.0094419857418953,-0.0146080671649688,-0.0024349291811174,0.072365445499777,0.8819538670284953,0.5238759707165914,0.6918130290686642,0.083841,2025-05-13 08:00:00+00:00,0.0718622153838814,-0.1638458510752496,True,False,True,True,True,2025-05-13 00:00:00+00:00,0.091744,4.0,0,1,1,4.0,4.0,0,49.92529594866502,-0.02208940219673161,0.0942748091603054,0.08302345622174223,0.10696316316557897,0.02975651621853581
DYM,2025-05-14 00:00:00+00:00,2025-05-14 08:00:00+00:00,0.5528313627878034,0.0953339083215143,75.94831891712593,-0.0852251360712518,60.481657792060375,-0.0171931012357587,-0.1682299071661385,2.721605328841875,0.0097868631244411,0.0213917924465758,0.0615844870256272,0.7598889659958356,0.7598889659958356,0.3502163929824385,0.5835985191549758,0.46223,2025-05-14 12:00:00+00:00,0.0002812452675076,-0.2567985634857105,False,False,False,False,False,2025-05-14 00:00:00+00:00,0.50525,8.0,0,2,1,8.0,8.0,0,65.31938026788794,0.1074552250572729,0.2992105736840751,0.1691542288557213,0.18854387203011047,0.14951131863855904
ENA,2025-05-14 00:00:00+00:00,2025-05-14 08:00:00+00:00,0.3313984168865433,0.0903176010294282,68.4689461685637,-0.0814116833437791,58.57327793528194,-0.0218342479667318,-0.1431991790370684,-0.3114571192403232,0.0143341256176836,0.0348152115693625,0.044971333602132,0.5426731078904973,0.5426731078904973,0.9086943494499182,0.5176831332043564,0.42515,2025-05-14 12:00:00+00:00,0.0012466188404094,-0.1884276137833704,False,False,False,False,False,2025-05-14 00:00:00+00:00,0.46271,8.0,0,1,1,8.0,8.0,0,60.87672216993757,0.06451541378112502,0.2897480209610881,0.11346135335450969,0.10741210540171853,0.12182471409776352
GMT,2025-05-11 00:00:00+00:00,2025-05-14 20:00:00+00:00,0.2698291056785962,0.0545508456628013,65.1527026650654,-0.0820050689946493,51.48265991449266,-0.0338098709274424,-0.1659152510347029,-2.0822259292541645,-0.018755913424012,-0.029859926193405,-0.007264770507255,0.2467827403482257,0.2467827403482257,0.1809276889131765,0.6069350924275462,0.065164,2025-05-15 00:00:00+00:00,0.0067982321527222,-0.1609631084647964,False,False,False,False,False,2025-05-14 04:00:00+00:00,0.07102,16.0,19,6,3,28.0,20.0,1,67.63878439650347,0.07343411533667843,0.11522879306554445,0.0859825374252643,0.1344504256984489,0.03874684583346011
S,2025-05-13 00:00:00+00:00,2025-05-15 00:00:00+00:00,0.1590511221699877,0.0526878021063511,59.29284695043965,-0.1033720911480592,40.68476148394086,-0.12621190247274,-0.1651456867626388,-3.8729349462290585,-0.0377397528695622,-0.0517797451659606,-0.0472575603871356,0.0292153589315538,0.0292153589315538,0.4683796412616166,1.4045793020518675,0.55575,2025-05-15 04:00:00+00:00,0.0068915879442195,-0.1373639226270804,False,False,False,False,False,2025-05-13 16:00:00+00:00,0.62009,32.0,4,7,4,48.0,32.0,1,60.58910719089312,0.04178464163851592,0.06425813095340271,0.07076375818065661,0.043500942380183094,0.05934918518261956
GRASS,2025-05-15 00:00:00+00:00,2025-05-15 04:00:00+00:00,0.2415671870217324,0.0528362688591117,68.5257107810862,-0.1193333333333334,52.188327695819936,-0.1512792046177725,-0.1900723168488379,-7.625375560783688,-0.0536023577242682,-0.0831088562410139,0.0277727607430151,0.0783360345759046,0.0783360345759046,3.63251518212516,1.6104405242417157,1.8459,2025-05-15 08:00:00+00:00,0.2068367733896743,-0.0243783520234033,True,True,True,True,True,2025-05-15 00:00:00+00:00,2.1,4.0,0,2,1,4.0,4.0,0,61.49057261206435,0.11964321641740994,0.09494759893633664,0.4056224899598395,0.2586155229247826,0.11324495105934829
XRP,2025-05-13 00:00:00+00:00,2025-05-15 20:00:00+00:00,0.1979862614096168,0.0338927363953943,67.52868295337385,-0.1004258205524363,39.7251780392472,-0.1253470020944258,-0.1819364836862387,-3.4743019055499857,-0.0363977158184384,-0.0428568882869719,-0.0547314902075694,0.3217309501411092,0.3217309501411092,0.8741184155104791,1.4293050429151153,2.3867,2025-05-16 00:00:00+00:00,0.0268571667993464,-0.0439937989692881,False,False,False,False,False,2025-05-14 08:00:00+00:00,2.6537,36.0,8,13,6,68.0,52.0,1,64.59315853255114,0.05124608651268581,0.0455046883618313,0.08190639269406397,0.11121812319417113,0.05960534898891079
ANIME,2025-05-20 00:00:00+00:00,2025-05-20 04:00:00+00:00,0.1581938743290178,0.0561054496127497,66.98240518233305,-0.1087990487514863,53.08864239890978,-0.0259547420481772,-0.1886734497140989,9.675786876015607,-0.019643645286631,-0.0266497118584453,0.0073776637188212,0.4044665012406941,0.4044665012406941,0.9466020406559392,0.3101848635602234,0.02403,2025-05-20 08:00:00+00:00,0.3012068248023303,-0.061090303786933,True,True,False,True,True,2025-05-20 00:00:00+00:00,0.026912,4.0,0,1,1,4.0,4.0,0,54.50326046506517,0.02234586129470384,0.10776323372026009,0.11695857889931083,0.2869166029074215,0.07032662154777403
MERL,2025-05-23 00:00:00+00:00,2025-05-23 04:00:00+00:00,0.262304096783063,0.1207115867818303,63.56555109547329,-0.1031356721515056,73.7537089218023,-0.0766246191477966,-0.0061156709368711,-10.42222474142487,0.1198681583306331,0.1487195800858913,0.3357717054810198,0.0,0.0,1.935497272290636,1.1947401327023262,0.14499,2025-05-23 08:00:00+00:00,0.0605559004069244,-0.2419477205324506,True,False,True,True,True,2025-05-23 00:00:00+00:00,0.16105,4.0,0,2,1,4.0,4.0,0,79.87402572259765,0.41137084320590334,0.4883097680436188,0.7324096683626817,0.6263405570254277,0.12844115622849284
PURR,2025-05-23 00:00:00+00:00,2025-05-23 04:00:00+00:00,0.6056464416373302,0.1223202616498661,79.05242097514031,-0.0872447424565681,75.47906303380924,-0.1750034967010639,-0.1311605578544226,-18.97035255165983,0.1263742736677253,0.1640582401623898,0.3820992817791109,0.4568944699347978,0.4568944699347978,1.099504825403299,4.6696766161830014,0.23958,2025-05-23 08:00:00+00:00,0.4459888137574088,-0.0958761165372735,True,True,True,True,True,2025-05-23 00:00:00+00:00,0.26248,4.0,0,2,2,4.0,4.0,0,91.49016114854918,0.5540618671632014,0.5114591730968558,0.7937538440511174,0.79252885337704,0.12664975710416582
WLD,2025-05-23 00:00:00+00:00,2025-05-23 08:00:00+00:00,0.4118852459016393,0.0857785325614269,71.13311698210562,-0.0934497816593885,64.57226695525179,-0.1497480094630517,-0.1764012345601225,-6.535707666919706,0.0136998870055682,0.0150328674205089,0.1491925917725025,0.1390635918937807,0.1390635918937807,4.865707074725662,2.3190802805429733,1.4524,2025-05-23 12:00:00+00:00,0.0840677499311484,-0.0963921784632332,True,False,True,True,True,2025-05-23 00:00:00+00:00,1.603,8.0,0,3,3,8.0,8.0,0,80.78174201224257,0.2856450423809933,0.2929504758832069,0.4359939084475499,0.4180820948336872,0.14191211214364463
INJ,2025-05-23 00:00:00+00:00,2025-05-23 08:00:00+00:00,0.2124870645050016,0.0681866942792971,67.51811581200367,-0.0909516798286708,58.25337807409012,-0.2088880464522077,-0.2327963816272141,-8.242658991569492,-0.0104274942772574,-0.0134767626717884,0.0559662911739784,0.0892857142857138,0.0892857142857138,3.651230465640631,2.711193780534631,13.635,2025-05-23 12:00:00+00:00,0.127026035936927,-0.0938027136046938,True,True,False,False,True,2025-05-23 04:00:00+00:00,14.942,4.0,1,3,3,8.0,8.0,0,73.63480960292549,0.12955953200275294,0.14139485142464303,0.22888395427255515,0.24454439446943188,0.06672781472139411
kPEPE,2025-05-23 00:00:00+00:00,2025-05-23 08:00:00+00:00,0.2787505137690094,0.098036661167226,72.4353829546394,-0.0910701197165894,57.983674889650736,-0.1167607339811285,-0.1866618044381827,1.2681637161407693,0.0002254471039497,0.0009416829219075,0.0603156507178737,0.0934819897084045,0.0934819897084045,1.778379538042186,1.8277136281825632,0.014886,2025-05-23 12:00:00+00:00,0.0242509740695955,-0.1520892113395137,False,False,False,False,False,2025-05-23 00:00:00+00:00,0.016372,8.0,0,3,3,8.0,8.0,0,74.58226310006235,0.16303759072689838,0.15858750265374022,0.21265091474705589,0.22728635682158926,0.08973730297723304
RUNE,2025-05-23 00:00:00+00:00,2025-05-23 08:00:00+00:00,0.2714048212801332,0.0714326357584762,68.90697575149508,-0.0832116788321168,54.6122449165035,-0.1273679521682836,-0.2543442953579927,4.466978123757755,-0.0265613930195456,-0.0427943900502779,0.0287887824344141,0.1531986531986515,0.1531986531986515,2.118694774133177,1.7820276086358622,2.011,2025-05-23 12:00:00+00:00,0.0216310293386374,-0.1191944306315265,False,False,False,False,False,2025-05-23 00:00:00+00:00,2.192,8.0,0,3,2,8.0,8.0,0,75.02145164763697,0.12765554607442153,0.08380716934487031,0.2047927888314831,0.22246388935363348,0.036167922497308824
HYPE,2025-05-23 00:00:00+00:00,2025-05-23 16:00:00+00:00,0.294429400386847,0.0557744284778286,80.82498173538119,-0.0832467843732525,71.99932131446093,-0.0715846169298691,-0.0946566090826783,-2.32116507607509,0.0226014807982666,0.0161861655023121,0.1309912970342892,0.4109138724523338,0.4109138724523338,1.299217389333018,1.1162196763114598,34.425,2025-05-23 20:00:00+00:00,0.1616557734204795,-0.0666376180101669,True,True,False,True,True,2025-05-23 08:00:00+00:00,37.551,8.0,2,4,2,16.0,8.0,0,80.78103955870006,0.19910431365921655,0.2115961668763915,0.4104721481425835,0.4409992708852988,0.08048332391181456
PENDLE,2025-05-23 00:00:00+00:00,2025-05-23 20:00:00+00:00,0.1946750717507173,0.0539856901273955,70.45491515891146,-0.0997522078912256,42.15176051497824,-0.1517375472783712,-0.1794457233140205,-5.636258727567821,-0.0443108192266574,-0.0564251183898973,-0.0509394152516827,0.1039488966318235,0.1039488966318235,1.63638381004462,1.2937708545043995,4.2507,2025-05-24 00:00:00+00:00,0.1073234996588796,-0.0020467217164231,True,True,True,True,True,2025-05-23 00:00:00+00:00,4.7217,20.0,0,5,3,20.0,20.0,0,66.4354764959304,0.047831697054698585,0.02460777293144978,0.08001097920812472,0.07801369863013696,0.054651561963611206
SPX,2025-05-23 00:00:00+00:00,2025-05-23 20:00:00+00:00,0.3929201895382328,0.0929114059112577,69.25442044294437,-0.1239523418241578,53.82342879715489,-0.147103442209548,-0.1737907605833718,-4.123592294142981,-0.0333383066811343,-0.0458831908300736,0.0131845130972023,0.2219786643285114,0.2219786643285114,2.498434856944751,1.4803542991873349,0.85385,2025-05-24 00:00:00+00:00,0.2748140774140657,-0.0426538619195409,True,True,True,True,True,2025-05-23 12:00:00+00:00,0.9736,8.0,3,3,2,12.0,12.0,1,68.26624194869382,0.12470756080015,0.06076288637329341,0.2126949329878931,0.32413943177336213,0.13430178189411102
FARTCOIN,2025-05-23 00:00:00+00:00,2025-05-23 20:00:00+00:00,0.2927800829875517,0.0842395130470149,64.70864660817232,-0.1091734786557674,54.144875562723406,-0.1109168146077427,-0.1549351639826424,-1.8918279585431108,-0.0301201442687316,-0.0469307842911436,0.0087041182580793,0.3042424242424256,0.3042424242424256,1.0176314144378007,1.0050313386622505,1.4718,2025-05-24 00:00:00+00:00,0.0269737736105448,-0.1724419078679168,False,False,False,False,False,2025-05-23 08:00:00+00:00,1.6515,12.0,2,5,4,20.0,20.0,0,64.07185964321827,0.0837358358567033,0.0730296926775389,0.27058008924449917,0.35758323057953145,0.06476407373140702
TRB,2025-05-28 00:00:00+00:00,2025-05-28 12:00:00+00:00,0.4918056904110393,0.1278520473830763,76.43308319363021,-0.1062458908612754,68.76156523228956,-0.1030087066122622,-0.0847424206128462,-8.144823221750883,0.0249158578099177,0.0027209992295964,0.2033831001803341,0.0812732814087374,0.0812732814087374,1.3555697364831631,0.9472174749904744,47.623,2025-05-28 16:00:00+00:00,0.4224639354933541,-0.1776662537009428,True,True,True,True,True,2025-05-28 00:00:00+00:00,53.235,12.0,0,3,3,12.0,12.0,0,75.1281024936516,0.30271537998106557,0.49071714597743,0.6563987678521421,0.5533994747592645,0.13417008735922553
VIRTUAL,2025-05-28 00:00:00+00:00,2025-05-28 16:00:00+00:00,0.1911786183730102,0.1300792948083221,71.2811068933658,-0.0807445908376647,53.403675004391175,-0.0461764603203695,-0.2030909134460674,2.2016832674886686,-0.028569899239126,-0.0553012353062963,0.0130252445979754,0.0638297872340419,0.0638297872340419,0.6632130345284136,0.6224511026239758,2.2807,2025-05-28 20:00:00+00:00,0.0747139036260797,-0.2080940062261586,True,False,True,True,True,2025-05-28 04:00:00+00:00,2.4819,12.0,1,4,4,16.0,16.0,0,67.01350995422106,0.11586770987986039,0.0694618003188694,0.11963729868723783,0.2776176258622465,0.08596162845109956
ZEN,2025-06-04 00:00:00+00:00,2025-06-04 20:00:00+00:00,0.2756807883507106,0.0684189229310266,65.13761217737351,-0.1030165532308208,49.849039605755145,-0.1475591575614668,-0.1158120695386076,-10.044367075890037,-0.0405006188215277,-0.0552725770925108,-0.0240428305774922,0.0694915254237294,0.0694915254237294,0.5897968545783455,1.55084224534619,10.706,2025-06-05 00:00:00+00:00,0.0728563422379975,-0.0937791892396786,True,False,True,True,True,2025-06-04 00:00:00+00:00,11.901,20.0,0,4,3,20.0,20.0,0,65.25239907278127,0.09193474212736463,0.037304976902292175,0.18476854156296674,0.2920280965357014,0.16638672067977467
ANIME,2025-06-05 00:00:00+00:00,2025-06-05 16:00:00+00:00,0.4768366047512404,0.0910454505474355,68.14782540432189,-0.0815445833099816,61.81234613166807,-0.0450437507528482,-0.0831468016609099,3.170305122979165,-0.0050855994946392,-0.0245528406892652,0.0569817521014026,0.1033499643620806,0.1033499643620806,1.8492535232545328,0.852434125501977,0.032803,2025-06-05 20:00:00+00:00,0.3979818919001312,-0.2768954059079961,True,True,True,True,True,2025-06-05 12:00:00+00:00,0.035686,4.0,3,5,1,16.0,4.0,1,64.72793510739197,0.08366004125807813,0.04681724845995894,0.21146077333061752,0.330028698147665,0.07495671656991543
UMA,2025-06-10 00:00:00+00:00,2025-06-10 12:00:00+00:00,0.4377580602653079,0.0771919161264157,71.12326316715597,-0.0842306771955013,65.61495992237985,-0.0352914060390046,-0.1036779394263902,0.4689491584385621,0.0003722995048891,-0.0227688641103118,0.091973906189255,0.5027124773960214,0.5027124773960214,1.2383325659553543,0.823093183156601,1.5298,2025-06-10 16:00:00+00:00,0.0296117139495357,-0.2351941430252321,False,False,False,False,False,2025-06-10 00:00:00+00:00,1.6716,12.0,0,2,1,12.0,12.0,0,73.20466917927797,0.1720990825280626,0.23256156909010461,0.3674738219895288,0.39010395010395027,0.19033343082772736
AAVE,2025-06-11 00:00:00+00:00,2025-06-12 00:00:00+00:00,0.2774238914626075,0.0452404365211501,71.51458310728987,-0.0836668103182909,57.98001447012912,-0.0955727214912558,-0.25404789743339,-4.10024570533831,-0.0185826622940882,-0.0323510396613562,0.0255615214608946,0.1887905604719776,0.1887905604719776,1.610873949257197,1.1624292628791653,297.68,2025-06-12 04:00:00+00:00,0.0392367643106692,-0.1171728030099436,False,False,False,False,False,2025-06-11 12:00:00+00:00,324.86,12.0,3,6,2,24.0,12.0,1,77.72618948406515,0.11658305659577484,0.0639635803884322,0.23746762151455147,0.28291604138693627,0.078119634640478
JTO,2025-06-11 00:00:00+00:00,2025-06-12 00:00:00+00:00,0.3183540556542332,0.0586112612133448,65.54352869043237,-0.0973738949557981,55.92995462305725,-0.0742161285465868,-0.1616714702837931,-3.8955597225263774,-0.0175704143222843,-0.0427604871447904,0.0307737607727958,0.2204724409448807,0.2204724409448807,0.5700023339336536,0.9983790606059114,2.083,2025-06-12 04:00:00+00:00,0.1589534325492076,-0.1399903984637542,True,True,False,False,False,2025-06-11 08:00:00+00:00,2.3076,16.0,2,5,4,24.0,24.0,2,65.30634626417546,0.10420350487410901,0.18199047277570046,0.23539804058033087,0.25535850288325523,0.11578246620237609
UNI,2025-06-11 00:00:00+00:00,2025-06-12 04:00:00+00:00,0.471927265325508,0.0749699967092664,72.74629098637571,-0.0836643295455853,60.30118098216424,-0.0553941280306651,-0.0541685033777501,-1.839506096608389,-0.0112836566006035,-0.0333255512986776,0.0479870963494519,0.1440363186132902,0.1440363186132902,0.5861622466829927,0.9789120092589229,7.9536,2025-06-12 08:00:00+00:00,0.0124471937235968,-0.1463236773285053,False,False,False,False,False,2025-06-11 00:00:00+00:00,8.6859,28.0,0,5,3,28.0,28.0,1,75.83887788927322,0.18839956602982721,0.22357299825322596,0.3787799419019955,0.3779924801294561,0.12150121879465403
COMP,2025-06-11 00:00:00+00:00,2025-06-12 04:00:00+00:00,0.4399365259817156,0.0593846102275864,78.56510811823014,-0.0989649884998722,56.38039840638707,-0.1186322946902489,-0.1636775248975983,-3.1734463620095,-0.0316593567873603,-0.0512028435434408,0.0236310486175752,0.1201064234131518,0.1201064234131518,0.589340584837288,1.0838058989954942,56.382,2025-06-12 08:00:00+00:00,0.0340711574616012,-0.1102302153169451,False,False,False,False,False,2025-06-11 04:00:00+00:00,62.608,24.0,1,7,5,28.0,28.0,2,74.08241581039618,0.1822148104216701,0.2007211077442368,0.38841948861242304,0.4102806685588143,0.13029803229642134
PURR,2025-06-12 00:00:00+00:00,2025-06-12 04:00:00+00:00,0.5500229814616209,0.1281679858602166,63.4352334414919,-0.0870633724359394,49.89913290684306,-0.0881136773219007,-0.0882311491599124,-3.386493950561232,-0.0678463552245822,-0.0999418504479667,-0.0384187284182623,0.2378270950645916,0.2378270950645916,1.709470190188724,1.1646003075227536,0.27823,2025-06-12 08:00:00+00:00,0.1220932322179491,-0.2702799841857456,True,True,False,False,True,2025-06-12 00:00:00+00:00,0.30518,4.0,0,2,2,4.0,4.0,0,54.72078225748071,0.03711102680917544,-0.03646639093233983,0.13601846337105417,0.22194194194194194,0.15297016515716577
HYPE,2025-06-11 00:00:00+00:00,2025-06-12 08:00:00+00:00,0.2428793980188706,0.0681977762070271,72.82111710993898,-0.0831934298289396,53.75149363606232,-0.0930715193598817,-0.1234316498028583,-3.3041131420264307,-0.0237071824544286,-0.0359025879870533,0.0010329631675556,0.0455192034139403,0.0455192034139403,0.6464518447058666,0.9328293034467452,40.41,2025-06-12 12:00:00+00:00,0.1344716654293491,-0.0819104182133134,True,True,True,True,True,2025-06-11 12:00:00+00:00,44.078,20.0,3,8,4,32.0,28.0,3,70.40361177573466,0.1211273843365055,0.09704074267652252,0.16989144570958414,0.25161143765794947,0.06463586330474858
SPX,2025-06-10 00:00:00+00:00,2025-06-12 12:00:00+00:00,0.2462634077721117,0.0744884445222455,75.57982986693501,-0.0876721723724066,59.77991261237365,-0.0828278809341461,-0.1236885288518861,0.2384179467004941,-0.011751515285444,-0.0214686110108365,0.0447741656794664,0.2105597964376598,0.2105597964376598,3.328350050830569,1.698577680012656,1.5959,2025-06-12 16:00:00+00:00,0.082774609937966,-0.1908640892286485,True,False,True,True,True,2025-06-11 12:00:00+00:00,1.7497,24.0,9,6,5,24.0,24.0,1,76.03416621373515,0.20543179195881778,0.1687262039943891,0.30195699084753325,0.4411498229140929,0.1081592689295039
ETH,2025-06-11 00:00:00+00:00,2025-06-12 20:00:00+00:00,0.1681999005469916,0.0344386530221341,67.07576140662414,-0.0834258745141588,43.65787260058336,-0.1264338701804495,-0.1941982582685526,-3.299918778289822,-0.0291872923820925,-0.0391521217167758,-0.0367298707835049,0.2907639680729751,0.2907639680729751,1.5661687580339527,1.332174605588301,2641.5,2025-06-13 00:00:00+00:00,0.0144236229415104,-0.0784781374219194,False,False,False,False,False,2025-06-11 12:00:00+00:00,2881.6,32.0,3,11,6,44.0,44.0,0,73.5418573311757,0.07985332256041389,0.053639986836812925,0.13708468155630982,0.14626675683201396,0.03888609163794099
ALT,2025-06-17 00:00:00+00:00,2025-06-19 00:00:00+00:00,0.170921961444624,0.0996372022159695,61.033663255457824,-0.1057749999999999,57.125005495588034,-0.1645938433384716,-0.1220135602946144,-13.919060388347042,-0.0230014862868991,-0.0352866081703105,0.0350140846293074,0.1020843202273806,0.1020843202273806,0.479960159699425,1.766879079216256,0.03577,2025-06-19 04:00:00+00:00,0.0092815208275089,-0.2718758736371262,False,False,False,False,False,2025-06-18 20:00:00+00:00,0.04,4.0,11,7,4,24.0,24.0,1,68.37991920465663,0.139216694834301,0.13866036607930776,0.17388114453411596,0.593625498007968,0.09715619573571699
BCH,2025-06-20 00:00:00+00:00,2025-06-22 04:00:00+00:00,0.1531600585325065,0.0341654883325001,70.72879531655745,-0.0806587161837681,40.78774100241308,-0.0628953769880147,-0.1575584628778884,0.0882110934579643,-0.0183307866088004,-0.0181060480136775,-0.0324272188152839,0.1270358306188937,0.1270358306188937,0.2817673606745609,1.013273832875293,459.56,2025-06-22 08:00:00+00:00,0.1006832622508486,-0.0499825920445644,True,True,True,True,True,2025-06-20 00:00:00+00:00,499.76,52.0,0,10,5,52.0,52.0,0,63.89913897390411,0.04115685981252892,0.09025065991841008,0.05219277006968848,0.04047301798800795,0.04119165411916548
SEI,2025-06-25 00:00:00+00:00,2025-06-25 04:00:00+00:00,0.5833936885669944,0.0874355670206301,76.35561070885468,-0.0916529789457966,74.15677594210948,-0.1181549135382424,-0.0356508468191079,-11.89457219533172,0.0768156287562051,0.0720050752475942,0.2730088310383791,0.3069182389937106,0.3069182389937106,2.487056758150932,1.317922600847647,0.30406,2025-06-25 08:00:00+00:00,0.0297309741498388,-0.1935144379398803,False,False,False,False,False,2025-06-25 00:00:00+00:00,0.33485,4.0,0,2,1,4.0,4.0,0,84.09274721895883,0.3663817104625935,0.27805343511450364,0.6560336300692384,0.6290440282169787,0.10097122302158268
HYPER,2025-07-11 00:00:00+00:00,2025-07-11 04:00:00+00:00,4.3887631604841095,0.8167345389917582,94.11351624852924,-0.2171184816543538,75.24233672717577,-0.1678025083391923,-0.1252488986681773,-16.247160988519425,0.2249738183749894,0.2972756091036885,1.1472111773333444,0.1131493228184467,0.1131493228184467,36.39705873423563,3.2470226489202734,0.5043,2025-07-11 08:00:00+00:00,0.2210390640491772,-0.2365853658536585,True,True,False,False,False,2025-07-11 00:00:00+00:00,0.64702,4.0,0,1,1,4.0,4.0,0,90.41403931297057,1.7613268683422492,1.2212990936555892,4.842694599963879,5.314854577396058,1.4730854134827642
ALT,2025-07-12 00:00:00+00:00,2025-07-12 04:00:00+00:00,0.4147221912098546,0.0707410199869899,69.51363651737137,-0.123857690092887,56.38647206947535,-0.091135277036116,-0.2253417897049674,-2.1652261861980406,-0.0384079243770493,-0.0729083876437237,0.0789112227547474,0.0700389105058356,0.0700389105058356,1.560771571973062,1.1979368661800962,0.035016,2025-07-12 08:00:00+00:00,0.0549463102581677,-0.0691112634224354,True,False,True,True,True,2025-07-12 00:00:00+00:00,0.039941,4.0,0,1,1,4.0,4.0,0,62.04055526062706,0.15305027650280545,0.2080636380134291,0.39483149991269406,0.5072075471698112,0.31625431008408444
PENGU,2025-07-11 00:00:00+00:00,2025-07-12 08:00:00+00:00,0.1897442280166781,0.101120097376582,74.03267891942714,-0.0823472199708218,65.6790572801167,-0.0361296615608751,-0.1188508206345895,5.49027531562605,0.0244885928211557,0.0109279588080934,0.1669758812615955,0.1558139534883746,0.1558139534883746,0.2366898091616369,0.5166838107106239,0.022636,2025-07-12 12:00:00+00:00,0.5515550450609648,-0.0517759321434881,True,True,False,True,True,2025-07-12 00:00:00+00:00,0.024676,8.0,6,4,3,16.0,12.0,1,76.09315277473213,0.3038663936056418,0.1115315315315315,0.4569286178189762,0.667184649685832,0.16120933152003358
XLM,2025-07-12 00:00:00+00:00,2025-07-12 12:00:00+00:00,0.4409272581934453,0.0568916874844366,81.9832369538738,-0.102684003340093,66.50985804021593,-0.1392965499428479,-0.1839012335792975,-14.762716154443808,0.031293079218392,0.032264065211226,0.1560574601530406,0.1055590256089942,0.1055590256089942,5.509240078513455,1.9886894849542467,0.3762,2025-07-12 16:00:00+00:00,0.3733918128654971,-0.0065124933545984,True,True,True,True,True,2025-07-12 08:00:00+00:00,0.41915,4.0,2,4,1,12.0,4.0,1,77.2738369246685,0.2551893010099493,0.319908048872654,0.43333447320726326,0.5071374635935422,0.15767099130872908
SEI,2025-07-12 00:00:00+00:00,2025-07-12 12:00:00+00:00,0.2523541201830352,0.0971292864341922,69.84579177100397,-0.0918953414167198,55.27536357095002,-0.174366341532844,-0.188331022638607,-14.194215795207867,-0.0299169564526722,-0.0514546960321575,0.039819444882694,0.0784917275875332,0.0784917275875332,1.357081475248087,1.84212188010468,0.31336,2025-07-12 16:00:00+00:00,0.2474151136073525,-0.0027763594587696,True,True,True,True,True,2025-07-12 00:00:00+00:00,0.34474,12.0,0,4,4,12.0,12.0,0,68.10087007469653,0.1469737169744898,0.04371783227369064,0.2969902182091799,0.3488008138033569,0.07934121952813533
ALGO,2025-07-14 00:00:00+00:00,2025-07-14 08:00:00+00:00,0.4735754189944134,0.059649131405307,80.62877355435988,-0.1083960102004584,70.44470163584626,-0.1076320551653223,-0.1061463668537816,-2.1355933873705766,0.04614565064653,0.0597194986784892,0.1568302658058464,0.2287024901703797,0.2287024901703797,2.521680010166476,1.0522148205481667,0.27622,2025-07-14 12:00:00+00:00,0.2165303019332414,-0.0255593367605532,True,True,True,True,True,2025-07-14 04:00:00+00:00,0.30979,4.0,1,2,1,8.0,4.0,0,78.94131792115978,0.21988573897902253,0.28960952460244793,0.40430643699002733,0.4133400246361605,0.12124199112863487
MORPHO,2025-07-14 00:00:00+00:00,2025-07-14 12:00:00+00:00,0.356510656376124,0.0545433226029106,73.64605146885182,-0.0802705525438901,60.01080366931896,-0.0932098646389424,-0.1916962118566961,2.266314660309206,-0.0102578954662579,-0.0210048938873465,0.0397649803916055,0.1351063829787225,0.1351063829787225,3.210650828953691,1.2420538243144918,1.8472,2025-07-14 16:00:00+00:00,0.2461022087483759,-0.0981485491554785,True,True,False,False,True,2025-07-14 04:00:00+00:00,2.0107,8.0,1,4,3,12.0,12.0,0,74.61425934774073,0.1115683597796504,0.16982778682801936,0.18877852666430162,0.1903972529749569,0.0762159646264835
CFX,2025-07-13 00:00:00+00:00,2025-07-14 12:00:00+00:00,0.3073391379942676,0.0531536819083047,69.80919712818235,-0.0805216122560641,59.97170842906048,-0.1065681374050215,-0.1473565054082236,-6.152729014818924,-0.0117434373383485,-0.0217538942489085,0.0099325559767364,0.0826210826210822,0.0826210826210822,0.7302927589134693,1.6601233667103827,0.10076,2025-07-14 16:00:00+00:00,0.1525406907502977,-0.0433406113537117,True,True,True,True,True,2025-07-13 12:00:00+00:00,0.10966,24.0,3,6,5,24.0,24.0,1,77.32229595145539,0.12211454563017732,0.17426594992825484,0.1331555996445326,0.4069255738167634,0.053941497273177985
UNI,2025-07-12 00:00:00+00:00,2025-07-15 00:00:00+00:00,0.170909776664242,0.0497730280151362,66.11232974923044,-0.1100413072530677,52.88270029616662,-0.1617404566486074,-0.222043679903184,-10.400800334182556,-0.0208334437416084,-0.0248097389966645,0.0062876522187083,0.1935819962492187,0.1935819962492187,2.9336913784099647,1.777709388797642,8.7712,2025-07-15 04:00:00+00:00,0.243729478292594,-0.0141143743159432,True,True,True,True,True,2025-07-14 12:00:00+00:00,9.8772,12.0,15,3,2,20.0,16.0,0,67.97643894657918,0.06567798677588987,0.14909953929917652,0.1997522076596987,0.12998512755977587,0.06393618826724001
HBAR,2025-07-14 00:00:00+00:00,2025-07-15 00:00:00+00:00,0.5028002489110142,0.0603559162294305,83.41568384528428,-0.0995187082751124,60.57421672688207,-0.0736407495302144,-0.1099230499850424,-4.7136573611350485,-0.0171621023806569,-0.0406836507316623,0.0408184781170157,0.3275980729525127,0.3275980729525127,1.2749133902441012,1.2170141628546771,0.23161,2025-07-15 04:00:00+00:00,0.2928630024610335,-0.034368118820431,True,True,True,True,True,2025-07-14 00:00:00+00:00,0.25764,24.0,0,5,3,24.0,24.0,0,81.01395058339233,0.20532619122242157,0.2804532577903682,0.28115365489806066,0.3074190601847151,0.12698176034988307
TURBO,2025-07-15 00:00:00+00:00,2025-07-15 04:00:00+00:00,0.5195783132530123,0.1003805485636316,74.74843030297126,-0.0991065519523494,60.07720666186527,-0.0278981325710044,-0.2531616428348751,9.85303584560696,-0.0008439098396531,-0.0069103878733838,0.133147423624407,0.2738461538461549,0.2738461538461549,2.065347105092864,1.1260448213152785,0.005432,2025-07-15 08:00:00+00:00,0.1658689248895435,-0.0436303387334315,True,True,True,True,True,2025-07-15 00:00:00+00:00,0.006044,4.0,0,1,1,4.0,4.0,0,61.80134888615821,0.16557825995365505,0.24876033057851243,0.4497481410410171,0.4281663516068055,0.12142730339073315
kBONK,2025-07-14 00:00:00+00:00,2025-07-17 12:00:00+00:00,0.1963832487309644,0.0723818147060002,72.94727365956734,-0.1227812101598508,64.24996220175045,-0.1134085039384549,-0.1335481886236937,-3.171349202935588,0.0021753972348366,-0.0094679142904601,0.1243281290997675,0.1508736559139778,0.1508736559139778,1.903885723734968,1.2655895448806185,0.035772,2025-07-17 16:00:00+00:00,0.0371240076037124,-0.1239237392373924,False,False,False,False,False,2025-07-17 04:00:00+00:00,0.040788,8.0,19,3,2,16.0,12.0,0,77.51570296363218,0.2521369735274308,0.30672134298712117,0.42212614622921074,0.4998345284059569,0.0759915422566797
ZORA,2025-07-17 00:00:00+00:00,2025-07-17 12:00:00+00:00,0.4162283156127588,0.0723975834767673,71.63250281446314,-0.1294027565084226,58.3844325862628,-0.1720777305700346,-0.1711487372676413,-8.801803158198403,-0.0138808791815431,-0.0111566944559134,0.0409228234001648,0.0794007490636705,0.0794007490636705,1.1117157634692594,1.569988449558198,0.012477,2025-07-17 16:00:00+00:00,1.364510699687425,-0.1364109962330688,True,True,False,False,False,2025-07-17 00:00:00+00:00,0.014366,12.0,0,4,3,12.0,12.0,1,70.44018053829701,0.12739532950908838,0.3090942227082196,0.16958397785557278,0.280392156862745,0.06904864399483412
kFLOKI,2025-07-17 00:00:00+00:00,2025-07-17 16:00:00+00:00,0.366074509352879,0.0879623052133064,77.10484331632304,-0.1309327846364885,63.68953523163747,-0.1645432449235853,-0.1825913615119767,-15.324807432190646,0.0208357877049265,0.017678345142694,0.1603161085318167,0.0498883097542796,0.0498883097542796,2.8033853239281696,1.9478095149536143,0.12676,2025-07-17 20:00:00+00:00,0.2533133480593246,-0.0142000631113916,True,True,True,True,True,2025-07-17 12:00:00+00:00,0.1458,4.0,3,2,1,4.0,4.0,0,76.2331920169969,0.27074389184107983,0.32005432322317784,0.5165699307245835,0.5182281090875014,0.0916610962566844
MNT,2025-07-18 00:00:00+00:00,2025-07-18 04:00:00+00:00,0.2071683271352709,0.0360152284364484,77.05963030668859,-0.0967277410290932,59.16350564755911,-0.3216077459165042,-0.2353276868062557,-34.526967159890674,-0.0025827885138463,0.0034016210443872,0.0434118172105542,0.3994668390015349,0.3994668390015349,7.824270671500087,7.723274719178883,0.77054,2025-07-18 08:00:00+00:00,0.0861603550756611,-0.0104861525683286,True,False,True,True,True,2025-07-18 00:00:00+00:00,0.85415,4.0,0,2,2,4.0,4.0,0,87.21135197436574,0.1460634977276689,0.16339094784728747,0.21326401613613433,0.19045296167247372,0.0708291075050711
ENS,2025-07-17 00:00:00+00:00,2025-07-18 12:00:00+00:00,0.2243895722416009,0.0414599908725493,78.29476843266505,-0.0835058430717862,61.98367119560256,-0.1559504205032197,-0.1843981164236521,-12.141996257229714,-0.0050462450174343,-0.006063215153612,0.0440613755486751,0.2129675810473828,0.2129675810473828,1.5998496147198793,1.3667860815822497,27.478,2025-07-18 16:00:00+00:00,0.0981876410219082,-0.0467282917242886,True,False,True,True,True,2025-07-18 04:00:00+00:00,29.95,8.0,7,5,4,16.0,16.0,2,72.74644219872879,0.10707698055056158,0.10643171155195974,0.1387832699619771,0.34594643178141293,0.0381918543935551
SPX,2025-07-18 00:00:00+00:00,2025-07-18 12:00:00+00:00,0.1634101862706785,0.0688859013665383,66.84922923461598,-0.1175893410452384,49.36815362160729,-0.1552458192400185,-0.1734427241329682,-7.811393732963623,-0.0454552229455195,-0.0580542811816662,-0.0186173802419713,0.0883557636044476,0.0883557636044476,1.4691092588078312,1.4620287676095567,1.7081,2025-07-18 16:00:00+00:00,0.207013640887536,-0.0379368889409285,True,True,True,True,True,2025-07-18 08:00:00+00:00,1.9364,4.0,2,4,3,12.0,12.0,0,58.44085148793621,0.054256573926316554,0.03772775991425492,0.07589732192465815,0.3009069533087001,0.04420979345555809
IOTA,2025-07-18 00:00:00+00:00,2025-07-18 12:00:00+00:00,0.2899307405434204,0.0482928396577106,80.7018635833693,-0.0946757093857187,55.72372613680811,-0.1098386086605037,-0.2486578453332788,-4.035045962379442,-0.014159468898957,-0.0169667671442881,0.0157010138643822,0.1608442503639022,0.1608442503639022,1.1160769845390244,1.603813383671568,0.23216,2025-07-18 16:00:00+00:00,0.0790833907649897,-0.0970882150241213,True,False,True,True,True,2025-07-18 00:00:00+00:00,0.25656,12.0,0,4,2,12.0,12.0,0,74.16557927796016,0.10695411309942271,0.15447959321423754,0.15297501348193432,0.19580517361920302,0.05452961672473866
CRV,2025-07-17 00:00:00+00:00,2025-07-18 12:00:00+00:00,0.4654017326850281,0.0596817174571801,82.93541647427955,-0.1190959409594096,63.30913531921464,-0.1155674713235378,-0.2453177709378572,0.2582224800461219,-0.0168939654834494,-0.037580294030693,0.0829354593601507,0.0931586608442496,0.0931586608442496,1.3468013756541335,0.980842484138007,0.95541,2025-07-18 16:00:00+00:00,0.0990046158193864,-0.0488795386273955,True,False,True,True,True,2025-07-18 04:00:00+00:00,1.084,8.0,7,4,3,16.0,12.0,1,80.11237721746397,0.21170011738015915,0.09584609630101393,0.3683067834692384,0.531051821301959,0.12790130680709955
LDO,2025-07-18 00:00:00+00:00,2025-07-18 20:00:00+00:00,0.2861255606489317,0.051221244076078,73.57479466200871,-0.0881590319792567,65.02845473573457,-0.0593291638455889,-0.0540330423410551,-3.6139246064584967,0.0086221681425233,-3.1595476791546062e-06,0.0793722248368153,0.5256410256410257,0.5256410256410257,1.0452690519692116,0.8158403495672851,1.0563,2025-07-19 00:00:00+00:00,0.2230426962037299,-0.0248982296696014,True,True,True,True,True,2025-07-18 04:00:00+00:00,1.157,16.0,1,5,4,20.0,20.0,0,82.31846498791616,0.20498005544708975,0.2227600346642431,0.2552755204999404,0.37849687842539215,0.08486998391443756
SUSHI,2025-07-19 00:00:00+00:00,2025-07-19 08:00:00+00:00,0.2723208028480923,0.0577263282863742,78.21554878304275,-0.1496897286283227,57.84261642474544,-0.2293373772887789,-0.1056370093891415,-24.92079634900705,-0.004999181497013,-0.0248406741254779,0.0995134657704457,0.053395874831331,0.053395874831331,3.587376542772528,2.9094246550047567,0.92108,2025-07-19 12:00:00+00:00,0.184913362574369,-0.0892104920310938,True,True,True,True,True,2025-07-19 04:00:00+00:00,1.0797,4.0,1,2,2,4.0,4.0,0,75.05569197225742,0.2687577337437008,0.10423612673607563,0.4245190912209411,0.4512681962982379,0.19489184895515077
ETC,2025-07-19 00:00:00+00:00,2025-07-19 08:00:00+00:00,0.2567062266298163,0.0407727181273321,83.18911897698254,-0.0844576362655153,66.92420177792062,-0.1265889598623198,-0.0543423045012799,-10.600353691703546,0.0205801832444509,0.0103416819885524,0.1054817952268472,0.018683274021353,0.018683274021353,1.2548442176972725,1.382141216925973,23.783,2025-07-19 12:00:00+00:00,0.0768616238489676,-0.1021317747971241,True,False,True,True,True,2025-07-19 04:00:00+00:00,25.942,4.0,1,2,1,4.0,4.0,0,76.62394760589586,0.1628377456492387,0.1309617229052229,0.296127904071946,0.32404430153626307,0.066189458027331
ENA,2025-07-21 00:00:00+00:00,2025-07-21 16:00:00+00:00,0.360299811926098,0.0586368607988618,81.47589828496353,-0.1185772083614294,75.89015026678422,-0.0475620539877067,0.0034623430741644,-8.038191836627135,0.0451358626412439,0.0296708634746418,0.1485282052352201,0.1588832487309651,0.1588832487309651,2.452867533035505,1.461148753886781,0.52287,2025-07-21 20:00:00+00:00,0.1953257979995029,-0.1900854897010727,True,True,False,False,False,2025-07-21 12:00:00+00:00,0.5932,4.0,3,1,1,4.0,4.0,0,79.67988947156532,0.1801547163552042,0.1438047125062667,0.4541710587600811,0.5237997379845358,0.08241566920565813
ORDI,2025-07-22 00:00:00+00:00,2025-07-22 04:00:00+00:00,0.1576114046455985,0.0584809641548763,75.07706780489463,-0.0814777327935222,50.678612441813655,-0.098976858479108,-0.1365557949523562,2.3877693973251297,-0.0280964014467025,-0.0361220656353569,-0.0043246505078949,0.2056737588652476,0.2056737588652476,2.225937893317504,0.9352542441902156,10.857,2025-07-22 08:00:00+00:00,0.0509348807221148,-0.1536888643271622,True,False,True,True,True,2025-07-22 00:00:00+00:00,11.856,4.0,0,1,1,4.0,4.0,0,56.24562800492575,0.028184314138909317,0.054898122608773026,0.11250821056582527,0.12667490259431724,0.03662258392675466
UMA,2025-07-22 00:00:00+00:00,2025-07-22 04:00:00+00:00,0.4236795348085931,0.0777171135174206,84.06981174077198,-0.1393827574639383,57.32802460170619,-0.1095646443041541,-0.3738963362290165,2.6758450777083453,-0.0183819772307998,-0.0110363141851618,0.1030099351866118,0.016544117647057,0.016544117647057,8.018573554467617,2.1240109685849795,1.5363,2025-07-22 08:00:00+00:00,0.069062032155178,-0.1346742172752718,True,False,True,True,True,2025-07-22 00:00:00+00:00,1.7886,4.0,0,1,1,4.0,4.0,0,64.38201744236248,0.19071081805666257,0.3034543069523392,0.42552004463218296,0.42665709499880355,0.23894128829421657
AR,2025-07-21 00:00:00+00:00,2025-07-22 08:00:00+00:00,0.1537798179743679,0.0575426777618596,79.76598360461637,-0.083435790423552,55.05299847907708,-0.0387522526085307,-0.1310618098886309,-0.9906080119333324,-0.0155114639123545,-0.03149628197403,0.0144809926827227,0.7402862985685071,0.7402862985685071,1.3766408900857854,1.0184968487566932,8.1108,2025-07-22 12:00:00+00:00,0.0302929427430094,-0.1433027568180697,False,False,False,False,False,2025-07-21 00:00:00+00:00,8.8655,32.0,0,7,4,32.0,32.0,0,71.25749539762569,0.10827784799405826,0.1832341243360116,0.18135785195549348,0.16452121371338513,0.052309963456837805
DOGE,2025-07-20 00:00:00+00:00,2025-07-22 16:00:00+00:00,0.2227003493140282,0.0401403480717905,78.96827260585798,-0.0968044459881903,53.6842889189766,-0.1054078246506829,-0.1075067729680966,-5.815395003592279,-0.0231982663700329,-0.0336291298297484,-0.0105440999082955,0.1613672496025421,0.1613672496025421,0.8938238055958291,1.2077361386828758,0.25998,2025-07-22 20:00:00+00:00,0.0448111393184091,-0.1495499653819524,False,False,False,False,False,2025-07-21 16:00:00+00:00,0.2879,24.0,10,9,3,48.0,32.0,2,63.27601497981604,0.05253071233851836,0.05046156091509468,0.1859449662217827,0.2296062185017511,0.07676894668604883
PYTH,2025-07-21 00:00:00+00:00,2025-07-23 08:00:00+00:00,0.1689140088817118,0.0411667534899944,76.39289964280705,-0.0940786910790806,47.94629245825867,-0.0688543486135475,-0.2430885965697203,0.0514196439405267,-0.0264041893737637,-0.0286883343904214,-0.0352990794099651,0.2307692307692256,0.2307692307692256,0.5313934794116405,0.9287767831684411,0.13944,2025-07-23 12:00:00+00:00,0.0202954675846243,-0.1625071715433161,False,False,False,False,False,2025-07-21 12:00:00+00:00,0.15402,44.0,3,10,5,56.0,48.0,1,76.96032546530394,0.09381414459941095,0.07774123574277514,0.2091380122468205,0.15865493116677953,0.03587690375255148
PENGU,2025-07-22 00:00:00+00:00,2025-07-23 12:00:00+00:00,0.2068786670556581,0.1069612732335977,81.93100203674065,-0.1144546058126834,62.67573150243852,-0.1667836806306517,-0.2324931270084979,-10.0125055229038,-0.0074794514098929,-0.0094286132591537,0.0944440032822468,0.2807586723234345,0.2807586723234345,1.8131819151550443,1.6287625043598069,0.041345,2025-07-23 16:00:00+00:00,0.1125891885354939,-0.1394606361107752,True,True,False,True,True,2025-07-23 00:00:00+00:00,0.046691,12.0,6,4,2,20.0,12.0,1,81.66145960119951,0.2629031090016767,0.24959186404389144,0.47225200227029096,0.5087895042978092,0.17399255849151807
UNI,2025-07-22 00:00:00+00:00,2025-07-23 12:00:00+00:00,0.2165815897234531,0.0500716084989803,75.55013094500119,-0.0814373420007223,45.019568306532726,-0.0735433714367516,-0.1992491227403924,0.2686469708843759,-0.0284871429171954,-0.0294557210239015,-0.041219820193377,0.6576032225579046,0.6576032225579046,2.6259414141406854,1.7497294940682575,10.162,2025-07-23 16:00:00+00:00,0.1028340877779965,-0.0651446565636686,True,True,False,True,True,2025-07-22 00:00:00+00:00,11.076,36.0,0,9,4,36.0,36.0,2,57.01859627465454,0.011279842996779754,0.04866502556334029,0.06264990885541599,0.0817462642836213,0.05445403661891657
MOVE,2025-07-22 00:00:00+00:00,2025-07-23 12:00:00+00:00,0.1986721144024514,0.0343194821605203,69.47665484768014,-0.0804744428487846,47.12655793796374,-0.099203960520115,-0.2192193161193296,1.5919264567188949,-0.0380789448280232,-0.0463663832995214,-0.0355746219115571,0.5463320463320472,0.5463320463320472,2.392712853605443,1.781978770040452,0.17287,2025-07-23 16:00:00+00:00,0.0009833979290796,-0.2547000636316306,False,False,False,False,False,2025-07-23 00:00:00+00:00,0.18801,12.0,6,9,9,36.0,36.0,0,60.35825284986977,0.03381113413236547,0.0274331930706595,0.05588004043580819,0.15805358792731772,0.07082392776523716
RSR,2025-07-19 00:00:00+00:00,2025-07-23 12:00:00+00:00,0.1545259436939781,0.045961102846617,66.61912168539214,-0.0907,43.17439526385161,-0.0851757093653197,-0.2093604620954293,-0.2087047137451776,-0.0342217809468399,-0.034018342992717,-0.0495900161485034,0.5339805825242738,0.5339805825242738,3.992082349094961,1.770078553357644,0.009086,2025-07-23 16:00:00+00:00,0.024983491085186,-0.1032357473035439,False,False,False,False,False,2025-07-19 16:00:00+00:00,0.01,92.0,4,20,16,92.0,92.0,2,63.98679126279605,0.04563791959809915,0.09063147562438645,0.08049702863317143,0.17868929750117868,0.0338195569962183
NEO,2025-07-21 00:00:00+00:00,2025-07-23 12:00:00+00:00,0.1530796546868302,0.0336143168702054,79.4645425182224,-0.0955921679124434,40.50547291738637,-0.1947869322597857,-0.2394002121905439,-9.57100444194407,-0.0376305494345059,-0.0371660250129231,-0.0585080018196756,0.3520664771484793,0.3520664771484793,6.332553699970077,2.499973467547396,6.8919,2025-07-23 16:00:00+00:00,0.0105195954671426,-0.0921081269316153,False,False,False,False,False,2025-07-21 12:00:00+00:00,7.6659,48.0,3,12,7,60.0,60.0,1,65.38983864549924,0.04121340040636623,0.0018427036775661154,0.1271559012512682,0.10375361755431722,0.05037420417285432
ADA,2025-07-22 00:00:00+00:00,2025-07-23 12:00:00+00:00,0.1621572212065813,0.0328349628093287,83.04473443629445,-0.0833159438117099,42.58678865970536,-0.1558523366425126,-0.2430638633319193,-6.319944382638383,-0.0393922616581369,-0.0445965591053215,-0.0491228609821381,0.4774158718733138,0.4774158718733138,6.530291708445556,1.9811118488599213,0.83455,2025-07-23 16:00:00+00:00,0.026409442214367,-0.0870529027619675,False,False,False,False,False,2025-07-22 00:00:00+00:00,0.91051,36.0,0,9,8,36.0,36.0,0,62.5174661527355,0.03446828211350739,0.05035415176614455,0.08278035438220965,0.10039398627090801,0.032842673557437196
SOL,2025-07-23 00:00:00+00:00,2025-07-23 16:00:00+00:00,0.1696677080374891,0.0278322456256943,82.80644307544786,-0.0848305331649995,46.41501643928305,-0.1177766582641861,-0.2736332914598538,1.3232247641211998,-0.037973841449988,-0.0510601398601399,-0.0305814094040856,0.3264094955489606,0.3264094955489606,1.1830830232189116,1.2212480462141888,188.39,2025-07-23 20:00:00+00:00,0.036944636127183,-0.068103402516057,False,False,False,False,False,2025-07-23 00:00:00+00:00,205.94,16.0,0,4,3,16.0,16.0,0,67.72639419942598,0.05477363144389891,0.02831177909821725,0.10146012729314857,0.15683631052690705,0.03435804701627476
LTC,2025-07-20 00:00:00+00:00,2025-07-23 16:00:00+00:00,0.1836278564565316,0.0333507574097813,81.80593368796139,-0.0830201013237457,45.63773908385579,-0.1161550952763872,-0.2458724361483961,0.3478597899101601,-0.0324939064366062,-0.0384988861598218,-0.0403133391485796,0.3022670025188925,0.3022670025188925,1.0277793285889687,1.1303799415728368,112.2,2025-07-23 20:00:00+00:00,0.0389483065953653,-0.0500891265597148,False,False,False,False,False,2025-07-23 00:00:00+00:00,122.38,16.0,18,20,11,84.0,84.0,1,68.11760827425302,0.02795179897983635,0.05627481443120996,0.04144328142285758,0.08656663411169307,0.02816781550506331
FARTCOIN,2025-07-23 00:00:00+00:00,2025-07-23 16:00:00+00:00,0.1891468451787494,0.0697306902261149,70.56320513809698,-0.0937776467118843,49.51671310177032,-0.1320888107137179,-0.1276933871982755,-6.0993593022113615,-0.0381522371384551,-0.0482204678885821,-0.01915097350782,0.3024026512013253,0.3024026512013253,1.6062231277513423,1.2786323246177949,1.5357,2025-07-23 20:00:00+00:00,0.0156931692387836,-0.2152764211760109,False,False,False,False,False,2025-07-23 00:00:00+00:00,1.6955,16.0,0,5,3,16.0,16.0,1,62.10408068244764,0.0834490586410217,0.05017033137194171,0.13479686767953947,0.16858501619684318,0.06662408176301504
BLUR,2025-07-22 00:00:00+00:00,2025-07-23 16:00:00+00:00,0.2476408509687866,0.0449239263103873,81.1415577923389,-0.0846720511227479,48.50341369701411,-0.0330787708208187,-0.1787930544208437,4.594186834514694,-0.0316377255598716,-0.0376172948312508,-0.0495675453996692,0.3873239436619719,0.3873239436619719,0.6243431961214982,0.708925447134872,0.10311,2025-07-23 20:00:00+00:00,0.0751624478712056,-0.0846862573950149,True,False,False,False,True,2025-07-22 00:00:00+00:00,0.11267,40.0,0,10,5,40.0,40.0,1,59.72222046562913,0.07114974495840753,-0.01615438351379661,0.23406352683461118,0.24537144499342345,0.10807934204160619
JUP,2025-07-23 00:00:00+00:00,2025-07-23 16:00:00+00:00,0.1619475518063451,0.0368741532713108,76.44439487521777,-0.0977691530985737,44.38068447853768,-0.0721797650819803,-0.1868237986492303,-0.0634179565782275,-0.0469464249338571,-0.0605128560841423,-0.0545665557899469,0.5225190839694649,0.5225190839694649,0.8723982994845021,1.0895549635942023,0.57146,2025-07-23 20:00:00+00:00,0.0948797816120115,-0.100811955342456,True,False,False,False,False,2025-07-23 00:00:00+00:00,0.63384,16.0,0,3,2,16.0,16.0,0,58.677640418795306,0.0378670108233361,-0.0237200418951391,0.06897831146490363,0.1575294934073561,0.05963766933246295
PENDLE,2025-07-23 00:00:00+00:00,2025-07-23 16:00:00+00:00,0.1672249605206488,0.037092241671646,73.95172156388267,-0.1029105179250295,42.98529789164959,-0.1163401488263857,-0.2143547572431957,-2.6284076912279914,-0.0481043750887065,-0.0602125007137284,-0.0565498325516208,0.182982616651418,0.182982616651418,3.614548240561629,1.2252665182644698,4.3916,2025-07-23 20:00:00+00:00,0.080972766189999,-0.0605474086893159,True,False,False,True,True,2025-07-23 00:00:00+00:00,4.8926,16.0,0,4,3,16.0,16.0,0,57.374520259636604,0.028282826112875803,0.08623062919053326,0.037468987892024685,0.06748412715728835,0.06826172522831309
BANANA,2025-07-23 00:00:00+00:00,2025-07-24 04:00:00+00:00,0.2868028040231636,0.0583754617145763,80.21948313121855,-0.0935619540601746,52.45510378131205,-0.1227410352594129,-0.2319560767492139,-2.0255153918135,-0.0320757763335792,-0.0426433403949976,-0.0147568452386184,0.4744101633393833,0.4744101633393833,2.1276023881386177,1.638336706785828,27.983,2025-07-24 08:00:00+00:00,0.105742772397527,-0.061608833934889,True,True,False,True,True,2025-07-23 16:00:00+00:00,30.91,12.0,4,7,3,28.0,28.0,1,68.29701035754971,0.0679718083733234,0.06172500257616864,0.13264932209600588,0.12465434434580103,0.0579822045738656
ZORA,2025-07-27 00:00:00+00:00,2025-07-27 08:00:00+00:00,1.923635415890982,0.247298544966917,88.69799183608735,-0.0888957243924947,72.34069808681497,-0.0454073604920973,-0.0925599810446416,-6.085637900857762,0.1332098269837569,0.1666442239069254,0.3871324784284975,0.2843729903536969,0.2843729903536969,0.9976324693946678,0.6653326323465955,0.076904,2025-07-27 12:00:00+00:00,0.2714293144699886,-0.2045667325496724,True,True,False,True,True,2025-07-27 00:00:00+00:00,0.084526,8.0,0,3,3,8.0,8.0,0,73.13715841368148,0.4054775252830458,0.8162401426760353,0.7377878289473685,0.8806122903039204,0.184144649535529
SPX,2025-07-29 00:00:00+00:00,2025-07-29 16:00:00+00:00,0.150709982788296,0.0561781179059348,69.18306401928534,-0.0880474862847379,47.11387455786823,-0.0626815629341392,-0.2352821052461368,3.271571379384838,-0.0398108282618521,-0.0547168345547297,-0.0356518741306957,0.2420051858254109,0.2420051858254109,2.5328332446585646,1.3161094130610456,2.0264,2025-07-29 20:00:00+00:00,0.0153474141334386,-0.298756415317805,False,False,False,False,False,2025-07-29 08:00:00+00:00,2.2238,8.0,2,5,3,16.0,12.0,0,56.686765054403125,0.01680380003144455,-0.020007050943063542,0.09871541501976289,0.10923782920989633,0.03327593428584752
CFX,2025-07-30 00:00:00+00:00,2025-07-30 04:00:00+00:00,0.1888972329732539,0.2471185947900412,73.79319589409762,-0.0923771407297094,48.27092773951478,-0.0718517372007218,-0.086718076637468,-3.592381375918741,-0.0676027769489908,-0.1062415984357815,-0.0282559628502098,0.049285714285714,0.049285714285714,2.196764019210961,1.2463921999962926,0.19488,2025-07-30 08:00:00+00:00,0.1983784893267652,-0.0624486863711001,True,True,True,True,True,2025-07-30 00:00:00+00:00,0.21488,4.0,0,2,1,4.0,4.0,0,52.00777685445485,0.0261367383029103,0.07493746873436713,0.15477214101461723,0.17581395348837203,0.3141070535267634
BIO,2025-07-30 00:00:00+00:00,2025-07-30 20:00:00+00:00,0.2074320852601394,0.0707988459778578,60.96294093143131,-0.1140573211152271,50.031587936704994,-0.043148062269495,-0.0098512061437093,1.696896242339072,-0.0235123451078164,-0.0263320794247893,-0.0122283120639733,0.1663527934714379,0.1663527934714379,0.4312821396710791,0.7846767096454653,0.068137,2025-07-31 00:00:00+00:00,0.0355900612002288,-0.2012416161556863,False,False,False,False,False,2025-07-30 16:00:00+00:00,0.076935,4.0,4,4,1,20.0,4.0,0,52.28770091156598,0.01591173037705884,0.12171402743960247,0.2394477381105813,0.16388308977035515,0.15460027968768197
MNT,2025-08-06 00:00:00+00:00,2025-08-08 04:00:00+00:00,0.2260236012922587,0.0587284243723569,68.74353831691992,-0.0836705965159246,68.83350862102907,-0.0695650285103864,-0.1309863269824606,-6.180939410173224,0.0365778642779812,0.0537776808459451,0.1141712635814697,0.1527001862197394,0.1527001862197394,0.5653204248275044,0.9213933153700512,1.0395,2025-08-08 08:00:00+00:00,0.0761904761904761,-0.122000962000962,True,False,True,True,True,2025-08-08 00:00:00+00:00,1.1366,4.0,12,4,3,12.0,12.0,0,73.97992415399818,0.15355802004430008,0.3054464429283532,0.20580091448212956,0.41361126312123786,0.08754957715149092
LDO,2025-08-10 00:00:00+00:00,2025-08-10 04:00:00+00:00,0.3906305701763584,0.0684516755388429,70.9464252857135,-0.0848987913208096,72.06306944328246,-0.1481522100385318,-0.176966225281891,-7.631736082449791,0.0247532540994934,0.0314038735091366,0.1185067116632445,0.0570175438596493,0.0570175438596493,3.3787127244291915,1.2932999322395884,1.2568,2025-08-10 08:00:00+00:00,0.2962285168682368,-0.0190961171228517,True,True,True,True,True,2025-08-10 00:00:00+00:00,1.3734,4.0,0,2,1,4.0,4.0,0,84.59618055303297,0.18135362345267203,0.20802181370393158,0.2695507487520796,0.4729255815449953,0.07159062263675331
GMX,2025-08-10 00:00:00+00:00,2025-08-10 04:00:00+00:00,0.4281653181718785,0.0881946143155652,79.41793398747416,-0.192657417289221,76.67045198471448,-0.1623120688879747,-0.0680358554718639,-15.546610728936455,0.1001295179557877,0.1444939785770478,0.2357028746165379,0.1906832298136637,0.1906832298136637,24.70624856681789,3.4748450301493885,18.932,2025-08-10 08:00:00+00:00,0.0151595182759349,-0.2102260722586096,False,False,False,False,False,2025-08-10 00:00:00+00:00,23.425,4.0,0,1,1,4.0,4.0,0,91.52627026980674,0.33449835048189835,0.6064325881223427,0.6044520547945207,0.7064908574342537,0.1904125402515342
AERO,2025-08-09 00:00:00+00:00,2025-08-10 04:00:00+00:00,0.396660244059088,0.0750915158728495,70.13744447144079,-0.0833854329477962,76.23288819128827,-0.0399331890739096,-0.081450296191776,1.9411155436608425,0.0456813608892827,0.0362222811202403,0.1962691172045916,0.328482328482329,0.328482328482329,,0.7766360998685081,1.1729,2025-08-10 08:00:00+00:00,0.227385113820445,-0.076988660584875,True,True,True,True,True,2025-08-09 20:00:00+00:00,1.2796,8.0,5,2,2,8.0,8.0,0,84.51569225734775,0.2932614440371666,0.17686011220454345,0.4597307780059321,0.6825772518080213,0.12649347802258037
BIO,2025-08-10 00:00:00+00:00,2025-08-10 08:00:00+00:00,0.677071556145439,0.1215012790697015,74.67525936496008,-0.1155212355212355,70.24563296683183,-0.1125085874344692,0.0045551467472189,-13.149016834764694,0.0828093514972945,0.1134068720898708,0.1989586833436438,0.1055214723926381,0.1055214723926381,0.6971722261506942,0.765514416948015,0.11476,2025-08-10 12:00:00+00:00,0.2119205298013244,-0.1260892296967584,True,True,True,True,True,2025-08-10 04:00:00+00:00,0.1295,4.0,1,1,1,4.0,4.0,0,79.15077483822417,0.3114354955912906,0.40348975831797973,0.5229560635995862,0.9955619934046294,0.09272890484739693
PENDLE,2025-08-08 00:00:00+00:00,2025-08-11 04:00:00+00:00,0.3465519090519091,0.0718885905725443,65.59185870178081,-0.0970986781943635,63.49810546846939,-0.0167732813029325,-0.0611094749417314,0.0343610660509483,-0.0054736933897546,-0.0104253139337591,-0.0034271242894566,0.0887237762237788,0.0887237762237788,0.9746556372605308,1.267739394580644,5.4259,2025-08-11 08:00:00+00:00,0.0884092961536333,-0.066569601356457,True,False,True,True,True,2025-08-11 00:00:00+00:00,6.0145,4.0,18,4,2,36.0,32.0,0,64.58134656126364,0.003563432131308275,0.09263161719289315,0.10107278851786772,0.16600752200379976,0.026561538891684888
ZORA,2025-08-11 00:00:00+00:00,2025-08-11 08:00:00+00:00,0.7059859978482217,0.2392431964543948,71.88916259384803,-0.1217877094972066,72.86942598557212,-0.1239895264204671,-0.030653971572607,-9.397923738792088,0.1038949618639342,0.1482845835205986,0.2954164445577523,0.170114942528736,0.170114942528736,1.9455859699356297,1.9531503479130168,0.12586,2025-08-11 12:00:00+00:00,0.1780549817257271,-0.247362148418878,True,True,True,True,True,2025-08-11 00:00:00+00:00,0.1432,8.0,0,3,3,8.0,8.0,0,84.09921365201834,0.46687852625445037,0.566122752526357,0.694975439427117,0.7113424238440669,0.23782104012430305
ENA,2025-08-10 00:00:00+00:00,2025-08-12 08:00:00+00:00,0.2219350135043329,0.0935075627743252,71.19800581707386,-0.0930805134189031,56.11278639383492,-0.0705320242513894,-0.1016948064208094,0.8128400965365827,-0.0199386181958746,-0.0351175089590408,0.000585111142151,0.5138436482084682,0.5138436482084682,1.2397178343763795,1.4197650850577452,0.77712,2025-08-12 12:00:00+00:00,0.0871551369157916,-0.1504915585752522,True,False,True,True,True,2025-08-11 04:00:00+00:00,0.857,28.0,7,7,3,32.0,32.0,2,74.84573775560361,0.14852961388047836,0.16215996311464287,0.1879513730056417,0.3749839558464896,0.10444128048500434
ZK,2025-08-14 00:00:00+00:00,2025-08-14 08:00:00+00:00,0.2402537892139584,0.0619899236815754,68.10056190383679,-0.0847996521597347,61.1416816728976,-0.0816337068852937,-0.1807640349838437,4.658770101486383,-0.0023016178191773,-0.0108315030627796,0.07974405853022,0.3702654867256645,0.3702654867256645,1.725943399962149,1.0818369505278558,0.067324,2025-08-14 12:00:00+00:00,0.0408323926088765,-0.1139415364505971,False,False,False,False,False,2025-08-14 04:00:00+00:00,0.073597,4.0,1,2,2,8.0,8.0,0,66.5765742180401,0.11474024969046637,0.19029289514968228,0.2932855360500466,0.2617565876322241,0.15429153660785055
EIGEN,2025-08-14 00:00:00+00:00,2025-08-14 12:00:00+00:00,0.268815569408545,0.0693625535138314,67.18594101814571,-0.1129041898272668,52.62768053982305,-0.1744678034785635,-0.2732449622676676,-3.017739627151144,-0.0370981525892814,-0.0468041987483677,0.0179768036817808,0.5443104352385945,0.5443104352385945,3.1860083990092303,2.992767182681215,1.4826,2025-08-14 16:00:00+00:00,0.0038445973290166,-0.1420477539457708,False,False,False,False,False,2025-08-14 00:00:00+00:00,1.6731,12.0,0,3,3,12.0,12.0,0,72.41460713369845,0.13368321838600727,0.20271727409963347,0.24181696726786917,0.1643006263048017,0.08341694137881617
DYDX,2025-08-14 00:00:00+00:00,2025-08-14 12:00:00+00:00,0.157358336730534,0.0486242345774141,67.17313364202482,-0.0945697621774214,49.64873929251064,-0.2054880893110643,-0.3504053648934903,-9.890313834548095,-0.0407987508057274,-0.0572797840858849,-0.0020766831773985,0.1904262019735463,0.1904262019735463,3.764040174875286,2.306657904192955,0.67996,2025-08-14 16:00:00+00:00,0.0154714983234307,-0.0882404847343961,False,False,False,False,False,2025-08-14 00:00:00+00:00,0.75098,12.0,0,4,2,12.0,12.0,0,76.43034072221066,0.10610981133363095,0.1154217475901198,0.1773060763780021,0.12339750781612291,0.08753569430951758
ZRO,2025-08-12 00:00:00+00:00,2025-08-14 12:00:00+00:00,0.2837206716334928,0.0540072867924575,68.20226158521504,-0.1128505650899956,41.67483351082756,-0.1795218199736081,-0.3108748788045448,-5.306825243218114,-0.065596149081144,-0.0787487140849355,-0.0797680532669883,0.5626387567396139,0.5626387567396139,2.387530067152613,4.301281006657294,2.1194,2025-08-14 16:00:00+00:00,0.041002170425592,-0.0845994149287535,False,False,False,False,False,2025-08-13 08:00:00+00:00,2.389,28.0,8,14,12,60.0,60.0,1,65.15525673548912,0.049845864928070194,0.07840924479754419,-0.003586920253587089,0.25499054423198153,0.05457500112851532
ARB,2025-08-14 00:00:00+00:00,2025-08-14 12:00:00+00:00,0.3125057555944379,0.0651129498178628,71.51753894494077,-0.0915633399809242,60.69979847391385,-0.0824176994907823,-0.2084426835239964,-2.3144928155444617,-0.0079700613736108,-0.0181576229112172,0.0675086912753046,0.6310336708264667,0.6310336708264667,6.408213074011552,2.1174126673277187,0.52373,2025-08-14 16:00:00+00:00,0.0802321807037975,-0.1006816489412484,True,False,False,False,False,2025-08-14 00:00:00+00:00,0.57665,12.0,0,3,2,12.0,12.0,0,76.6840217511324,0.16349282973641022,0.1949561721615516,0.3052581543267163,0.2134890572390573,0.0934886075949366
OP,2025-08-14 00:00:00+00:00,2025-08-14 12:00:00+00:00,0.1528162877287491,0.0509075123252103,66.65117369247275,-0.1119879228710629,45.79592574068253,-0.1711523922590322,-0.3247612738443839,-5.922646183206972,-0.0473292783822543,-0.0598328774753222,-0.0234577163077128,0.3265151515151522,0.3265151515151522,4.450220044258481,2.52258925857065,0.77624,2025-08-14 16:00:00+00:00,0.0119808306709265,-0.1062815624033803,False,False,False,False,False,2025-08-14 00:00:00+00:00,0.87438,12.0,0,2,2,12.0,12.0,0,67.8218294756518,0.07954423616165407,0.09983522219846308,0.1522131590390976,0.09169226159262878,0.0470445742244181
LINK,2025-08-10 00:00:00+00:00,2025-08-14 12:00:00+00:00,0.2841779180548247,0.052029672035968,71.9137621834977,-0.0806992047151912,51.3275226046845,-0.0818349248374088,-0.1929403358389971,-3.0987920424883413,-0.0285597169482496,-0.0379202538657255,-0.0071156998848932,0.682926829268292,0.682926829268292,3.7050781693648,3.082705455530839,22.771,2025-08-14 16:00:00+00:00,0.1746519696104693,-0.0624478503359536,True,True,False,True,True,2025-08-13 04:00:00+00:00,24.771,32.0,19,13,9,48.0,48.0,2,61.068268137188426,0.052364394368221934,0.15272930336451207,0.1277486910994765,0.13088933528122726,0.1290776812954706
ETH,2025-08-11 00:00:00+00:00,2025-08-15 16:00:00+00:00,0.1784685283687943,0.0340627317344275,72.7758927543588,-0.086465303399829,41.85828572491698,-0.0589248270920281,-0.3084019306511536,12.801926423384195,-0.036752656796189,-0.0416994664567481,-0.0516009171284228,0.1263858093126348,0.1263858093126348,1.06518314488711,1.0215443659125227,4382.7,2025-08-15 20:00:00+00:00,0.0440139639947978,-0.0736075934925958,False,False,False,False,False,2025-08-14 04:00:00+00:00,4797.3,36.0,19,17,13,68.0,64.0,1,74.46295521973727,0.05912803776742548,0.036380133509041235,0.1108975546498705,0.12157201973207399,0.042399534071054124
MNT,2025-08-17 00:00:00+00:00,2025-08-18 00:00:00+00:00,0.40041067761807,0.0813440117485556,78.48296506605887,-0.1173331435890138,52.387115015089904,-0.1472168647473931,-0.2254215173413911,-7.657933023063336,-0.039628390278853,-0.0619722569966644,-0.0005478657406661,0.130990415335463,0.130990415335463,0.9951881982388652,1.0802098919597671,1.2418,2025-08-18 04:00:00+00:00,0.1304557899822838,-0.0336608149460461,True,True,True,True,True,2025-08-17 04:00:00+00:00,1.4054,20.0,1,3,3,24.0,24.0,0,77.52267175164542,0.14530107675375303,0.19883988740083614,0.30954155795751026,0.2689841986455983,0.10935767295061005
ADA,2025-08-15 00:00:00+00:00,2025-08-18 08:00:00+00:00,0.1533584924460387,0.0397273643328817,69.89784174872257,-0.0916756931860744,44.3507454824333,-0.0801426992666199,-0.2415991402957387,-2.861855533992824,-0.0364497145266329,-0.049111511202224,-0.0433426233737986,0.1796923076923093,0.1796923076923093,0.5721754850664394,1.0195096115050586,0.8968,2025-08-18 12:00:00+00:00,0.0632917038358606,-0.0839652096342551,True,False,True,True,True,2025-08-17 08:00:00+00:00,0.98783,24.0,14,16,13,80.0,76.0,3,62.77617817431848,0.03560235851116067,0.09402722248679307,0.04741758649574268,0.024645513292603338,0.022997697031729825
VVV,2025-08-18 00:00:00+00:00,2025-08-19 12:00:00+00:00,0.3955069163579512,0.0739963174676614,73.38962159729564,-0.0856572349163847,59.91674923595971,-0.2272963623152086,-0.1011179018241675,-24.09216493524339,-0.005271738049753,-0.0073002291073027,0.050529488135399,0.0,0.0,8.782308485056681,2.4204814363295752,4.0041,2025-08-19 16:00:00+00:00,0.1737718838190853,-0.2314377762793137,True,True,True,True,True,2025-08-19 08:00:00+00:00,4.4071,4.0,8,4,2,28.0,4.0,1,77.54169427166788,0.16028375889708424,0.13290146782859047,0.1482504364138506,0.34366901429921626,0.07540079549059331
MEME,2025-08-21 00:00:00+00:00,2025-08-21 08:00:00+00:00,0.4815013404825736,0.0856112916407582,75.71408587784016,-0.1182905982905982,60.53075565529228,-0.1718209725353904,-0.1794516003388091,-9.741458418072284,-0.0039899714932716,-0.0006458279514337,0.1255619080871119,0.1428571428571436,0.1428571428571436,1.3888548809301389,2.3096977404226178,0.00258,2025-08-21 12:00:00+00:00,0.7546511627906978,-0.0713178294573642,True,True,False,True,True,2025-08-21 04:00:00+00:00,0.002925,4.0,1,3,3,8.0,8.0,0,73.08897430136739,0.25005535137049995,0.3429752066115703,0.4624999999999999,0.5116279069767442,0.1483106625713031
LINK,2025-08-21 00:00:00+00:00,2025-08-22 08:00:00+00:00,0.2175932312502873,0.0690109896398607,67.52084205544259,-0.0867180161563028,45.78363397098371,-0.1163905997037539,-0.0820534583909869,-9.096556401214812,-0.0263204450411218,-0.0340523236560328,-0.0261735636190271,0.0614947965941322,0.0614947965941322,0.6535796212181582,1.29597206340851,24.308,2025-08-22 12:00:00+00:00,0.1471532005923976,-0.0594454500575942,True,True,True,True,True,2025-08-21 00:00:00+00:00,26.615,32.0,0,5,4,32.0,32.0,0,59.07316452564327,0.0335438248048916,0.10840413126769932,0.09988428795768245,0.060654365759374995,0.04013779842973886
BIO,2025-08-21 00:00:00+00:00,2025-08-23 00:00:00+00:00,0.5185791896487371,0.1440643789458777,70.23218243583952,-0.0999238095238095,76.24804150204172,-0.1266865993903808,-0.1153984351205549,-11.481173357898228,0.103476792683814,0.1334370952353032,0.3720793154411916,0.4047058823529414,0.4047058823529414,0.8424009261330376,1.3270911414414095,0.23641,2025-08-23 04:00:00+00:00,0.3686392284590329,-0.3347574129689946,True,True,False,True,True,2025-08-22 16:00:00+00:00,0.2625,8.0,10,3,2,8.0,8.0,1,86.88860607081993,0.5471341421704281,0.6573015973230634,0.796345719564771,1.0706791827719493,0.25967884425505394
MORPHO,2025-08-21 00:00:00+00:00,2025-08-23 00:00:00+00:00,0.1601030927835052,0.0590231200914493,61.19050828525918,-0.0885132297354054,69.96927531683554,-0.1053403435798822,-0.1772388435237412,-2.295732862563895,0.0251667811744522,0.0345882384098943,0.1133460016715366,0.1020408163265285,0.1020408163265285,1.464485495743345,1.067357674264812,2.6052,2025-08-23 04:00:00+00:00,0.1014893290342393,-0.1874328266543836,True,True,True,True,True,2025-08-22 16:00:00+00:00,2.8572,8.0,10,3,2,12.0,12.0,0,84.1503947388676,0.19837566391775652,0.2250568108733868,0.3029321902503537,0.405134257893184,0.11966965125311746
ARB,2025-08-24 00:00:00+00:00,2025-08-24 08:00:00+00:00,0.2014950198618477,0.0834964494127991,65.70506650526252,-0.0858563253300936,56.66387823648537,-0.0282527918249519,-0.2246190044954692,4.799433576574252,-0.015810539267869,-0.0306831771740666,0.0396747914269144,0.3050122249388728,0.3050122249388728,0.5602172164288528,0.8455640919992965,0.57152,2025-08-24 12:00:00+00:00,0.0682390817469202,-0.146259098544233,True,False,True,True,True,2025-08-24 00:00:00+00:00,0.62558,8.0,0,2,1,8.0,8.0,0,64.75822790305051,0.09268129470149655,0.07977768572217636,0.25083478295643147,0.21871773392297045,0.10988562091503273
BERA,2025-08-24 00:00:00+00:00,2025-08-25 00:00:00+00:00,0.1558109260672442,0.0579985112069757,63.36129653699557,-0.1011909220283124,47.87347993358285,-0.0931175697264123,-0.1469020422802359,-1.6624745143323807,-0.0350278577545327,-0.0456539700353021,-0.0212830164057435,0.0,0.0,0.5200952816502167,1.1598163989538155,2.4028,2025-08-25 04:00:00+00:00,0.2182453803895454,-0.0782004328283668,True,True,False,False,True,2025-08-24 00:00:00+00:00,2.6702,24.0,0,5,2,24.0,24.0,0,63.09954936339564,0.08440334489258228,0.06365519439133194,0.22632497474051627,0.13572370379822196,0.09293339706819626
AAVE,2025-08-24 00:00:00+00:00,2025-08-25 04:00:00+00:00,0.2422655382907881,0.0572853071489319,66.11703112741151,-0.0850485436893204,48.117349443854906,-0.1847978221194177,-0.2918383890403309,-7.06916064002926,-0.0423555765409252,-0.0526527420976209,-0.0299023255403566,0.0254129606099095,0.0254129606099095,1.034804520320404,1.462521944076612,329.83,2025-08-25 08:00:00+00:00,0.0273777400479036,-0.0781917957735802,False,False,False,False,False,2025-08-24 16:00:00+00:00,360.5,12.0,4,8,7,28.0,28.0,0,67.9468481476261,0.06155534105148286,0.014235876659914437,0.06685212038708532,0.21156108217106362,0.05656306672503297
NEO,2025-08-25 00:00:00+00:00,2025-08-25 12:00:00+00:00,0.32448428038726,0.0446345884851836,68.37460281557128,-0.1228199718706047,54.38979062409218,-0.1360462262332135,-0.2288602877295734,-10.230169257926086,-0.0206046059629427,-0.0223806185584966,0.0191503471791945,0.0242534485372138,0.0242534485372138,1.4407207603130676,2.388141689778478,7.4822,2025-08-25 16:00:00+00:00,0.0075512549784824,-0.1245221993531313,False,False,False,False,False,2025-08-25 04:00:00+00:00,8.532,8.0,1,3,2,12.0,12.0,0,61.289069687830036,0.0765867117452046,0.23460720332238405,0.18273309490143896,0.29900580076430017,0.0793184803882141
SOL,2025-08-25 00:00:00+00:00,2025-08-25 16:00:00+00:00,0.1704422869471413,0.0473340174514279,61.7995781378211,-0.1045782230128264,41.91888834986701,-0.1250610735532062,-0.1959215892831264,-4.817340438125022,-0.0416274298747039,-0.052245626011605,-0.0537391846366186,0.0702210663198949,0.0702210663198949,1.1415702455507084,1.3801176876096972,191.29,2025-08-25 20:00:00+00:00,0.1401536933451828,-0.0311568822207118,True,True,True,True,True,2025-08-25 00:00:00+00:00,213.62,16.0,0,2,2,16.0,16.0,0,67.26428774601466,0.05176474132693287,0.02088410991636791,0.07736534194068989,0.17554479418886193,0.03535404478515236
ETH,2025-08-25 00:00:00+00:00,2025-08-25 20:00:00+00:00,0.1737486805606696,0.0500422744514556,65.15622392593795,-0.0884142529693686,35.91950335773578,-0.0506055503320221,-0.2604470470261213,9.95737740256756,-0.044066754654315,-0.0561641799631789,-0.0703757851878926,0.3730522456461932,0.3730522456461932,1.9435974016483688,1.221801502009734,4374.7,2025-08-26 00:00:00+00:00,0.067707499942853,-0.0273161588223191,True,False,True,True,True,2025-08-25 00:00:00+00:00,4799.0,20.0,0,5,3,20.0,20.0,0,58.75504680542698,0.013749978555866127,0.0012309361373641359,0.021455025328849464,0.12073797290985522,0.010670763790962434
PYTH,2025-08-29 00:00:00+00:00,2025-08-29 04:00:00+00:00,0.7990449350242681,0.2298921625176659,79.4884246006053,-0.1581493678090824,74.40301486872836,-0.0257267722312517,-0.0719433708565647,9.526949915007703,0.1762471130394902,0.2609987143920427,0.5130115191126667,0.1297315898141774,0.1297315898141774,70.96697901301754,5.583559466327864,0.20713,2025-08-29 08:00:00+00:00,0.1826872012745617,-0.2492154685463236,True,True,True,True,True,2025-08-29 00:00:00+00:00,0.24597,4.0,0,1,1,4.0,4.0,0,76.36770953783052,0.5954800034839112,1.1048262878658224,1.1206138460212087,1.2239602169981914,0.5807741386643983
MERL,2025-09-03 00:00:00+00:00,2025-09-03 08:00:00+00:00,0.3611663926624555,0.0830774974123349,71.59664713486859,-0.1603240282067718,60.26141779398169,-0.2997524318055949,-0.2989270025616435,-28.35137810674442,-0.0109707215155396,-0.0075692058073946,0.1012806744656213,0.0418215613382904,0.0418215613382904,3.3545331980088573,2.4902147487494264,0.14394,2025-09-03 12:00:00+00:00,0.2346811171321381,-0.0171599277476726,True,True,True,True,True,2025-09-03 04:00:00+00:00,0.17159,4.0,1,3,1,8.0,4.0,1,86.05730391805048,0.26541074045007673,0.3228741037699483,0.3868099894932513,0.5244314143567874,0.07555315704263355
WLD,2025-09-09 00:00:00+00:00,2025-09-09 12:00:00+00:00,0.7478959789820547,0.1254985552259946,78.63912358569712,-0.1781001446131598,75.55247699755208,-0.2096124918705739,-0.2012932051701537,-20.83226919980295,0.0922621975366309,0.1147030781803322,0.4118286351947988,0.2010474250800114,0.2010474250800114,4.88057371430659,3.116228022789356,1.8192,2025-09-09 16:00:00+00:00,0.1405562884784521,-0.1467678100263851,True,True,False,True,True,2025-09-09 08:00:00+00:00,2.2128,4.0,2,1,1,4.0,4.0,0,95.58915876132541,0.6427945609734318,0.8091734118224183,1.1283062421852459,1.4319423226983483,0.23522197694383107
ZEC,2025-09-07 00:00:00+00:00,2025-09-10 16:00:00+00:00,0.1714003457643862,0.0587178386303644,66.93065240272821,-0.089196462898885,49.250257793339,-0.0987759616874646,-0.1382394361524953,-5.5067901334548495,-0.020832211923688,-0.0239648424088442,-0.0330217559900403,0.1574074074074092,0.1574074074074092,,0.9100319338973972,47.39,2025-09-10 20:00:00+00:00,0.170500105507491,-0.017725258493353,True,True,True,True,True,2025-09-08 16:00:00+00:00,52.02,48.0,10,9,6,64.0,64.0,1,80.9050682537368,0.1326316708882871,0.07657284768211925,0.1874001369550331,0.26754385964912286,0.08262953663547123
ENA,2025-09-10 00:00:00+00:00,2025-09-11 08:00:00+00:00,0.2457091656238894,0.0788417137822756,62.406389958366425,-0.0834287896143567,47.685921052637504,-0.0711057099176902,-0.0575358240367352,0.2339686676344214,-0.0251275111161071,-0.0308460947531921,-0.0341333812813047,0.2414678899082539,0.2414678899082539,0.7372342819201244,0.9397597422999756,0.76816,2025-09-11 12:00:00+00:00,0.0271297646323682,-0.1076077900437408,False,False,False,False,False,2025-09-10 00:00:00+00:00,0.83808,32.0,0,7,4,32.0,32.0,1,61.35344302896664,0.056718498618143265,0.051648848065050545,0.09078130490804748,0.12720914593140553,0.05668072077498376
YGG,2025-09-13 00:00:00+00:00,2025-09-13 12:00:00+00:00,0.3807058823529412,0.0603651914934911,72.6340461549941,-0.1071614680265019,68.63046781574202,-0.0924183748268219,0.0097326630254213,-14.346367446694488,0.0923745208980788,0.0828150392231608,0.2617066993485539,0.1549085479656582,0.1549085479656582,7.655290519701713,1.6408011111494825,0.23977,2025-09-13 16:00:00+00:00,0.1199899904074737,-0.2411477666096676,True,True,True,True,True,2025-09-13 08:00:00+00:00,0.26866,4.0,2,2,2,4.0,4.0,0,75.61905828872027,0.3619884536193465,0.31277791351087236,0.6489289879089182,0.738562091503268,0.2974619856887297
ACE,2025-09-12 00:00:00+00:00,2025-09-14 04:00:00+00:00,0.2737565709664376,0.0486643833163608,66.75108294814255,-0.0884465163159883,64.27106357500551,-0.0698127649600214,-0.0169820578335638,-5.201026259368163,0.0372925747902312,0.0520065917022103,0.0739360833617837,0.2087628865979383,0.2087628865979383,1.286205270483736,0.948954893361693,0.7234,2025-09-14 08:00:00+00:00,0.0067735692562895,-0.2015482444014377,False,False,False,False,False,2025-09-13 16:00:00+00:00,0.7937,12.0,10,3,2,12.0,12.0,0,65.38137384691163,0.0976458040282564,0.22541299984560736,0.228827991949218,0.4502101224191484,0.09701838405685148
MNT,2025-09-11 00:00:00+00:00,2025-09-14 08:00:00+00:00,0.2576400679117148,0.0547834059878476,71.265147743244,-0.0802111716621253,56.50915406594461,-0.0663643211332191,-0.1189299833663712,3.2327387543984187,-0.0202754305990742,-0.0327722063037249,-0.0137891786445762,0.0493506493506497,0.0493506493506497,0.5872241981592402,0.606381159648088,1.6202,2025-09-14 12:00:00+00:00,0.1523885940007405,-0.0478336007900259,True,True,True,True,True,2025-09-13 04:00:00+00:00,1.7616,28.0,13,9,5,60.0,36.0,2,79.95200197607971,0.09641229179474609,0.10093119180051247,0.09845981168547735,0.2762442947185395,0.04653429163113665
EIGEN,2025-09-14 00:00:00+00:00,2025-09-14 08:00:00+00:00,0.2134593679458238,0.0646287409525982,68.89826345603693,-0.0809098761877338,56.40903540458222,-0.0672006194410966,-0.2335067395717009,-0.0254115741854761,-0.0136828115396577,-0.0221653414660711,0.0303022478148038,0.1047120418848168,0.1047120418848168,1.0987858174757903,1.2202223505216394,1.5969,2025-09-14 12:00:00+00:00,0.3150479053165509,-0.0670674431711441,True,True,False,True,True,2025-09-14 00:00:00+00:00,1.7365,8.0,0,3,1,8.0,8.0,0,64.51124955628734,0.08233805370922398,0.12767062796285455,0.17410412440838385,0.15527908988091266,0.05986350341241464
W,2025-09-11 00:00:00+00:00,2025-09-14 12:00:00+00:00,0.2112748238308777,0.0611028809459575,63.520026814248354,-0.0927970823624759,44.441651405947965,-0.0724971836899707,-0.1145221839134424,0.5046182968752646,-0.0310885140736733,-0.0367284983506238,-0.0446828144252361,0.211320754716983,0.211320754716983,0.9046043966878204,1.049234363923174,0.08957,2025-09-14 16:00:00+00:00,0.4385396896282236,-0.0507982583454281,True,True,False,True,True,2025-09-12 04:00:00+00:00,0.09871,56.0,7,17,7,84.0,64.0,3,60.76473065564167,0.053492700549586214,0.0665586169638035,0.12824322779746256,0.1390491576275099,0.16183928772681155
ETHFI,2025-09-12 00:00:00+00:00,2025-09-14 12:00:00+00:00,0.2733171829036165,0.0560094365594175,69.8856326043061,-0.0982852882703776,53.08921559383924,-0.1109404154326734,-0.2064510567597617,-2.038483187276391,-0.0262998483329147,-0.030942825137058,-0.0137701175199518,0.0845771144278624,0.0845771144278624,0.9566069635318172,1.2131752239774782,1.4496,2025-09-14 16:00:00+00:00,0.1641832229580573,-0.0380794701986754,True,True,True,True,True,2025-09-14 00:00:00+00:00,1.6096,12.0,12,5,2,20.0,16.0,1,66.90099715471116,0.05466193877725822,0.1005059483112265,0.08903924221921522,0.10012986125350265,0.03671663474872888
PUMP,2025-09-14 00:00:00+00:00,2025-09-14 20:00:00+00:00,0.5800929839391378,0.077259272771265,84.60081669069106,-0.1051633768261401,72.74464784441844,-0.0916077305993732,-0.0717080904981751,-7.705241244987278,0.0402418544367015,0.0437346437346437,0.1759619541720707,0.3745454545454537,0.3745454545454537,1.5353300091836517,1.0951506347672744,0.008022,2025-09-15 00:00:00+00:00,0.0914983794564947,-0.1363749688357017,True,False,False,True,True,2025-09-14 16:00:00+00:00,0.008967,4.0,4,1,1,4.0,4.0,0,80.0806549051949,0.24204750192504676,0.32334710743801653,0.4599478997069357,0.6384067239174127,0.10345336481700129
DOGE,2025-09-14 00:00:00+00:00,2025-09-15 04:00:00+00:00,0.1968826228965974,0.0411857424777063,74.072106980867,-0.0913030231219743,48.01033835935623,-0.172769935819457,-0.1488385159655104,-11.541240820933645,-0.0362117985298861,-0.046107678032023,-0.036591712578289,0.0704607046070451,0.0704607046070451,1.6088845971058765,1.6527941872327514,0.2684,2025-09-15 08:00:00+00:00,0.0774590163934425,-0.042026825633383,True,False,True,True,True,2025-09-14 00:00:00+00:00,0.29539,28.0,0,8,4,28.0,28.0,0,69.3791013502767,0.06727492784656919,0.0527459995010513,0.13020355065809608,0.16944455441624773,0.04593564775613879
IMX,2025-09-13 00:00:00+00:00,2025-09-15 08:00:00+00:00,0.2865861928658622,0.0524628987606305,68.44299625276092,-0.0919485331364973,49.98339408891353,-0.1075414244353011,-0.1703022916326763,3.9025082435768894,-0.031112263932612,-0.038039895125803,-0.0285760293316157,0.2159318637274514,0.2159318637274514,1.8809090291460016,1.000203998830676,0.6255,2025-09-15 12:00:00+00:00,0.5470663469224621,-0.0226219024780175,True,True,True,True,True,2025-09-14 00:00:00+00:00,0.69093,32.0,6,13,9,56.0,56.0,1,71.31516850624419,0.0785208939944757,0.03997772325661919,0.17371362563065906,0.21730474462199822,0.06697303724652137
AVAX,2025-09-11 00:00:00+00:00,2025-09-15 12:00:00+00:00,0.2048591261739487,0.0514807780151832,69.81982697096322,-0.0884112209320923,44.85313296453218,-0.0767074138643688,-0.2133210920720327,-0.4555357386474199,-0.0246750753845564,-0.0287117577336569,-0.0335734789693122,0.2422096317280446,0.2422096317280446,0.940187662263775,0.9755530223716818,28.495,2025-09-15 16:00:00+00:00,0.2582207404807861,-0.0058606773118091,True,True,True,True,True,2025-09-13 04:00:00+00:00,31.263,56.0,13,15,7,104.0,60.0,2,79.12498409230905,0.07479002567561688,0.08903751698192086,0.08510638297872353,0.1599079879790748,0.04224818222543858
MERL,2025-09-17 00:00:00+00:00,2025-09-17 04:00:00+00:00,0.2982585398526458,0.0865407467894038,72.89434824810095,-0.0855327720675585,52.76335711703452,-0.0490665909755463,-0.0392968734384068,1.206380464117359,-0.0308939408852341,-0.0681306470949443,0.0473883323128618,0.0977295162882545,0.0977295162882545,3.5242463687266268,1.04046328981979,0.17686,2025-09-17 08:00:00+00:00,1.1890195634965512,-0.016001357005541,True,True,True,True,True,2025-09-17 00:00:00+00:00,0.19361,4.0,0,2,1,4.0,4.0,0,55.48585906889479,0.097139451728248,-0.030010020040080132,0.2749242723561176,0.25925203252032536,0.17211815138880726
W,2025-09-21 00:00:00+00:00,2025-09-22 00:00:00+00:00,0.3716925182481754,0.0699988918498502,69.56331986054329,-0.1187679671457905,44.20145449651461,-0.1233544822876935,-0.1979954995267629,-1.7359693780948078,-0.058942914953334,-0.0718144417102429,-0.0731926435907845,0.1345132743362825,0.1345132743362825,0.6303595624334749,1.1855615437395228,0.10728,2025-09-22 04:00:00+00:00,0.0399888143176734,-0.1004847129008202,False,False,False,False,False,2025-09-21 04:00:00+00:00,0.12175,20.0,1,5,4,24.0,24.0,0,60.10261727759228,0.024441202116913807,-0.03510857505151366,0.06573879551820738,0.11319374599981713,0.06373292867981784
NEAR,2025-09-20 00:00:00+00:00,2025-09-22 00:00:00+00:00,0.1530367362008493,0.0374190122736,67.96511570022784,-0.089885246400633,44.46478047360602,-0.2400043602246391,-0.2212963141232653,-10.80171234884164,-0.0362123519149938,-0.0414277063370497,-0.0465895647792965,0.1486620416253729,0.1486620416253729,1.8467444318585968,2.6006928583391207,2.9844,2025-09-22 04:00:00+00:00,0.0510655408122235,-0.1205602466157351,True,False,False,True,True,2025-09-20 12:00:00+00:00,3.2853,36.0,3,13,3,48.0,36.0,3,66.92310693222885,0.049707882386744506,0.043184199663417244,0.09404242565519993,0.22971253181613993,0.0687335575610244
SNX,2025-09-25 00:00:00+00:00,2025-09-25 04:00:00+00:00,0.3505198731656955,0.0931242152500227,70.45559347528469,-0.1663855318785496,58.41384595720866,-0.0981824122311523,-0.225902574798444,12.75055728754355,0.0128475778028491,0.0279910241482008,0.1273529231291217,0.0368672046955258,0.0368672046955258,10.890518315083384,1.3509412018324718,0.78059,2025-09-25 08:00:00+00:00,0.6319706888379304,-0.0327828949896873,True,True,True,True,True,2025-09-25 00:00:00+00:00,0.93668,4.0,0,1,1,4.0,4.0,0,64.77346056393523,0.19659773861668528,0.38917644267133333,0.4814088472061868,0.44066936339726515,0.14657050559687468
ZEC,2025-09-25 00:00:00+00:00,2025-09-25 20:00:00+00:00,0.1990598814633148,0.0555514865389964,69.49478407982559,-0.1009734367266127,50.92905385403382,-0.0928604019578021,-0.2515052596693962,-3.435202824956079,-0.0331685411718708,-0.0526224282816574,0.0048314523862209,0.1715481171548132,0.1715481171548132,,1.3063388262350175,54.51,2025-09-26 00:00:00+00:00,0.4267106952852688,-0.0273344340487983,True,True,True,True,True,2025-09-25 08:00:00+00:00,60.61,12.0,2,4,4,20.0,20.0,0,68.04196624219281,0.11625015307227837,0.12428120942311272,0.23517424088037497,0.26165695253955046,0.10169491525423746
PURR,2025-09-30 00:00:00+00:00,2025-09-30 04:00:00+00:00,0.2880260929561564,0.0803754673663266,59.543307695861685,-0.120524095844925,54.93982817301426,-0.0874479075698978,-0.1227705117477907,-6.031019517575544,-0.039250905751647,-0.0838362539082382,0.0797500048203125,0.0,0.0,1.3212264164235104,1.284494855455483,0.19645,2025-09-30 08:00:00+00:00,0.1706795622295749,-0.1077627895138713,True,True,False,False,True,2025-09-30 00:00:00+00:00,0.22286,4.0,0,2,2,4.0,4.0,0,60.20459393908237,0.16018954171759625,0.10195806962025311,0.4337364899639733,0.5001346257404415,0.22379351265822778
SUPER,2025-09-30 00:00:00+00:00,2025-09-30 04:00:00+00:00,0.2512908777969018,0.0728428748880705,63.997353983373,-0.0870757884638446,52.80143846503357,-0.0115972829951885,-0.1345544572884274,5.2866692593174704,-0.036465663771466,-0.0513764833951468,0.0579866238165553,0.179093293368303,0.179093293368303,29.01631808779591,2.59413863917762,0.60878,2025-09-30 08:00:00+00:00,0.1681724103945596,-0.061385065212392,True,True,False,True,True,2025-09-30 00:00:00+00:00,0.66712,4.0,0,1,1,4.0,4.0,0,53.42097664911269,0.07646954819894014,0.2930185680505488,0.2803869258967815,0.26166881004614573,0.6972009685230023
KAITO,2025-09-30 00:00:00+00:00,2025-09-30 04:00:00+00:00,0.5065248912518125,0.0725219298915872,70.61543956098785,-0.095561454410766,61.17853965733438,-0.1334683486218072,-0.1997606693161779,-9.785785037251628,0.0071997959042429,0.0234718826405868,0.0962911969710007,0.0200381679389312,0.0200381679389312,0.3477531839316937,0.8981882747724953,1.4651,2025-09-30 08:00:00+00:00,0.0467544877482766,-0.0789024639956318,False,False,False,False,False,2025-09-30 00:00:00+00:00,1.6199,4.0,0,2,1,4.0,4.0,0,70.60162148726101,0.1923447087421113,0.23684813316026565,0.19154100772342764,0.5725657703135616,0.17091855170918557
ZEN,2025-10-02 00:00:00+00:00,2025-10-02 16:00:00+00:00,0.4518996818266889,0.0641508113567373,71.85709098777545,-0.1098843322818087,74.16989303534231,-0.075074142042238,-0.0454039142609656,-7.145699239706886,0.0540844682690977,0.0548262263153886,0.1899699520286772,0.0312499999999981,0.0312499999999981,0.9181490625911116,0.8638242313055873,10.148,2025-10-02 20:00:00+00:00,0.0877020102483248,-0.139850216791486,True,False,False,False,False,2025-10-02 12:00:00+00:00,11.412,4.0,3,1,1,4.0,4.0,0,80.19009566789448,0.2458792282085953,0.3398297622541826,0.5545565999182673,0.5862778349225766,0.1527869275980107
STRK,2025-10-02 00:00:00+00:00,2025-10-03 00:00:00+00:00,0.3381857960282732,0.0546044743439542,69.85354733929367,-0.0847130586331383,58.57095717072029,-0.062011774005087,-0.2286562762276319,8.34252299421675,-0.0212889298337585,-0.0389098276725997,0.0185810518295321,0.4756097560975568,0.4756097560975568,0.4054780933515488,0.6540979256012388,0.147,2025-10-03 04:00:00+00:00,0.346122448979592,-0.0247619047619047,True,True,True,True,True,2025-10-02 00:00:00+00:00,0.16066,24.0,0,6,3,24.0,24.0,0,74.7760920245815,0.1337604062112534,0.1549964054636952,0.29585417002742376,0.3162379157791251,0.06968865946120317
CELO,2025-10-04 00:00:00+00:00,2025-10-04 08:00:00+00:00,0.4284591194968552,0.0712981132109116,69.39396585196234,-0.1021008178756613,65.13257795433813,-0.0935710008562411,-0.2605468344235031,-8.51757181098543,-0.0008257897041032,-0.0185674498321788,0.100850690120722,0.2515151515151538,0.2515151515151538,1.2178135645710746,1.0580137870413608,0.33592,2025-10-04 12:00:00+00:00,0.4683555608478209,-0.025690640628721,True,True,True,True,True,2025-10-04 00:00:00+00:00,0.37414,8.0,0,1,1,8.0,8.0,0,70.06232637095275,0.15114928713387554,0.17676291124111465,0.3487869065215039,0.5468640178608342,0.07433939312022719
CAKE,2025-10-03 00:00:00+00:00,2025-10-04 08:00:00+00:00,0.1947996918335901,0.0663080817420195,64.94499805063941,-0.0931205371416391,67.82782085690855,-0.1231190597202517,-0.209474819502635,-2.439034832186877,-0.0022003554509076,-0.0247929937826506,0.1174308643616803,0.0976478973627944,0.0976478973627944,1.0767178624364655,1.0230188372405882,3.4024,2025-10-04 12:00:00+00:00,0.3563660945215141,-0.0675405596049847,True,True,True,True,True,2025-10-03 20:00:00+00:00,3.7532,12.0,5,6,5,28.0,20.0,1,85.80096185454099,0.2521827442730489,0.21004610374955668,0.4521395960690242,0.4981040194787052,0.12462518740629691
ZEC,2025-10-05 00:00:00+00:00,2025-10-05 08:00:00+00:00,1.182777777777778,0.1534964345453288,90.62948279936838,-0.1567241978454766,57.38333127166658,-0.1466520407575163,-0.1287606879547032,-10.440241980957971,-0.0297561938619073,-0.0207961262264334,0.0201078960274645,0.0401197604790411,0.0401197604790411,1.466103010268112,1.070076532440423,145.65,2025-10-05 12:00:00+00:00,0.8987298317885342,-0.1628561620322691,True,True,True,True,True,2025-10-05 00:00:00+00:00,172.66,8.0,0,1,1,8.0,8.0,0,66.66630429417529,0.14388710914264036,0.3378273671160701,0.37676421338011323,0.41316091013259104,0.200407560958471
XMR,2025-10-03 00:00:00+00:00,2025-10-06 20:00:00+00:00,0.1649200027946622,0.0307769273613354,74.05179394567621,-0.0905476127825043,40.54127691558964,-0.0785928259685019,-0.1909920402286254,0.8636013713395414,-0.0246184620449806,-0.0244587469901349,-0.0395158364404097,0.1579731743666178,0.1579731743666178,,0.988356825703739,311.06,2025-10-07 00:00:00+00:00,0.1251527036584581,-0.1476564006943997,True,True,True,True,True,2025-10-05 04:00:00+00:00,342.03,40.0,13,19,8,92.0,92.0,2,68.6625292386891,0.036787671815563305,0.047597169898006,0.019554654663606064,0.06957908562136472,0.029971929612749415
MNT,2025-10-03 00:00:00+00:00,2025-10-07 04:00:00+00:00,0.1561312203964682,0.0603888641187866,64.37513258085342,-0.092214846107423,60.08636144130711,-0.1097913536768986,-0.2805656283782387,11.060300419861171,-0.0098492841376341,-0.0112861211870392,0.0618232129999576,0.2890669719519174,0.2890669719519174,2.003211380499043,2.102187472553659,2.258,2025-10-07 08:00:00+00:00,0.2853410097431355,-0.5868733392382639,True,True,True,True,True,2025-10-07 00:00:00+00:00,2.4855,4.0,24,5,4,16.0,16.0,0,67.49694208148452,0.1071722433919895,0.1839096884824234,0.24530287088531488,0.29967580004183225,0.06315740697836048
W,2025-10-07 00:00:00+00:00,2025-10-07 16:00:00+00:00,0.1855175477565527,0.0806515629686371,68.1146624082979,-0.1400081956016937,55.14881589680822,-0.0565973176309227,-0.1323039609758591,7.010376314507219,-0.0127215063124156,-0.019679420084254,0.0274319097896507,0.1773308957952464,0.1773308957952464,1.362425681018291,1.0613607131548997,0.1259,2025-10-07 20:00:00+00:00,0.0172359015091341,-0.8285146942017474,False,False,False,False,False,2025-10-07 12:00:00+00:00,0.14642,4.0,3,1,1,4.0,4.0,0,58.45734480881299,0.05102768061210283,0.19419296957833776,0.21976007997334213,0.2840480575287203,0.08107005953837376
ETHFI,2025-10-05 00:00:00+00:00,2025-10-08 00:00:00+00:00,0.2156510156510156,0.0720274851428143,66.02214198039047,-0.0898805451770773,43.10922647309672,-0.1588314925269687,-0.1060681026996933,-10.10600428648904,-0.0322662334910267,-0.0381097749378945,-0.049735717189921,0.1595238095238103,0.1595238095238103,0.965415171586571,1.8534623533706664,1.728,2025-10-08 04:00:00+00:00,0.0228587962962962,-0.8218576388888889,False,False,False,False,False,2025-10-05 04:00:00+00:00,1.9003,68.0,1,17,10,72.0,72.0,2,69.94411218124753,0.08325476579207591,0.09174997127427331,0.09388671425282058,0.2608984141729149,0.036071000513669293
EIGEN,2025-10-07 00:00:00+00:00,2025-10-08 20:00:00+00:00,0.2797235023041475,0.0839322372925594,58.6144208649626,-0.1006133177570093,44.39037742981789,-0.1086463530519717,-0.1150746199687803,-5.9906127672575735,-0.031620014959047,-0.0339889859652385,-0.0423497338564637,0.1436170212765948,0.1436170212765948,1.3416472642217498,0.9624674671882744,1.8475,2025-10-09 00:00:00+00:00,0.003680649526387,-0.7524763193504735,False,False,False,False,False,2025-10-07 12:00:00+00:00,2.0544,32.0,3,9,4,44.0,36.0,2,52.377996311947335,-0.006699423994054099,0.023974480386781627,0.0762219079050761,0.09166268133269573,0.03695784972510685
DASH,2025-10-13 00:00:00+00:00,2025-10-13 04:00:00+00:00,0.7777406417112298,0.1206894585346432,83.21027510739222,-0.0947867298578198,63.83110995833568,-0.0930592125801271,0.0052266451168268,-11.65019133113926,0.0728180943907448,0.0834347561505695,0.2177239400701307,0.2194656488549617,0.2194656488549617,,0.783420848344364,55.39,2025-10-13 08:00:00+00:00,0.0200397183607148,-0.3014984654269724,False,False,False,False,False,2025-10-13 00:00:00+00:00,61.19,4.0,0,2,2,4.0,4.0,0,70.38068068360536,0.33676612776291237,0.5930747201249675,0.7522909507445588,0.4489699265924698,0.40067690705545433
SNX,2025-10-13 00:00:00+00:00,2025-10-13 20:00:00+00:00,0.5362123256860101,0.2215221653315087,71.37251900809434,-0.1096969461798146,80.08359366709544,-0.0684244763951519,-0.0462356175856721,-5.893590933412014,0.15883968856149,0.1739998066984664,0.5929892918959865,0.3479166666666674,0.3479166666666674,1.5648876141772428,0.8812024635030838,2.2928,2025-10-14 00:00:00+00:00,0.011732379623168,-0.4215806001395673,False,False,False,False,False,2025-10-13 16:00:00+00:00,2.5771,4.0,4,3,2,12.0,12.0,0,85.96575547326744,0.7160759341669958,0.5350845842268288,1.708488791264228,1.0380387504942665,0.3268410823131953
TAO,2025-10-14 00:00:00+00:00,2025-10-14 04:00:00+00:00,0.3242420660717451,0.08890209052531,70.47836090175853,-0.1034882166881988,57.01921702496373,-0.1201767765421697,-0.1761425264167641,-1.3761911331505343,-0.0162791842552152,-0.0344239309495503,0.1080567298175676,0.543760399334443,0.543760399334443,3.371389097689961,2.431538508903159,402.33,2025-10-14 08:00:00+00:00,0.1904406830214002,-0.148485074441379,True,True,True,True,True,2025-10-14 00:00:00+00:00,448.94,4.0,0,2,1,4.0,4.0,0,64.80758350622993,0.20023434758108838,0.0947886946131149,0.509092742613197,0.5356251068924234,0.17774362914585717
YGG,2025-10-16 00:00:00+00:00,2025-10-17 04:00:00+00:00,0.4705675008812127,0.1075159905340008,52.55207554574973,-0.1638823529411766,43.017626321717,-0.1477326001442511,-0.1441950919932362,-5.367607562561815,-0.0996583944255893,-0.1126417646446781,-0.1047427095798955,0.0115236875800246,0.0115236875800246,1.182293598411626,1.847623411702571,0.14236,2025-10-17 08:00:00+00:00,0.0598482719865129,-0.0413739814554648,True,False,True,True,True,2025-10-16 12:00:00+00:00,0.17,16.0,3,7,5,28.0,28.0,1,52.801347863718824,0.022972434344137316,-0.013291543328109556,0.18219749652294848,0.14686635633812317,0.4235820061469684
ZEC,2025-10-22 00:00:00+00:00,2025-10-22 16:00:00+00:00,0.2831780715017313,0.1447205855725757,68.1127457354231,-0.1276097145291862,46.95690681333172,-0.0977634669140599,-0.2134853390987399,0.2911359076121869,-0.0654783567980062,-0.0889652444752066,-0.0508437909847543,0.4517500817795226,0.4517500817795226,1.6193185721506391,1.8916675038439628,245.74,2025-10-22 20:00:00+00:00,0.5259623992837958,-0.0793521608203792,True,True,False,False,True,2025-10-22 04:00:00+00:00,281.64,12.0,1,4,3,16.0,12.0,1,59.702519415879955,0.09325152647101254,0.10295672606226747,0.18281466549073944,0.2932317017173294,0.0727628744859996
VIRTUAL,2025-10-27 00:00:00+00:00,2025-10-27 04:00:00+00:00,0.957539846822604,0.1341467196065256,73.64995205440107,-0.0955270983795594,73.93374947002685,-0.0648834914267146,0.0366803678533644,-5.902077297438936,0.0936358225967262,0.1093585873206235,0.2808805183341762,0.2557768924302787,0.2557768924302787,0.7446399444603763,0.8813133913341232,1.4896,2025-10-27 08:00:00+00:00,0.2535580021482275,-0.191326530612245,True,True,False,False,True,2025-10-27 00:00:00+00:00,1.6477,4.0,0,2,1,4.0,4.0,0,79.06367687041282,0.36615339885172893,0.38241463210000837,0.6120731826631445,1.1112719910818396,0.15626086956521767
MERL,2025-10-26 00:00:00+00:00,2025-10-27 12:00:00+00:00,0.1680176421504351,0.0729844802665748,62.40361037884583,-0.0848939670520362,53.70550303381082,-0.092004500769464,-0.1400851586462247,-2.615732603501236,-0.0259792526286944,-0.0390603430368464,-0.0014643844728523,0.0,0.0,0.6850252585644396,1.064142104266658,0.40653,2025-10-27 16:00:00+00:00,0.0054362531670479,-0.3215998819275331,False,False,False,False,False,2025-10-26 20:00:00+00:00,0.44373,16.0,5,9,3,36.0,20.0,1,67.45284794048803,0.09403153508135964,0.13213757207735877,0.13323628562672396,0.230532445923461,0.07654232790733273
ZEC,2025-11-01 00:00:00+00:00,2025-11-01 20:00:00+00:00,0.243310650614281,0.0901713240695581,75.71738838769403,-0.0848844708341672,60.90009705702584,-0.0666005532491679,-0.0691596412654527,-5.536182719391128,0.0056951078713292,-0.004304330409113,0.0822966255490387,0.1223908918406065,0.1223908918406065,0.6453266617615907,0.6899907221038969,411.49,2025-11-02 00:00:00+00:00,0.3331308172738099,-0.1086296143284162,True,True,True,True,True,2025-11-01 04:00:00+00:00,449.67,16.0,1,5,3,20.0,20.0,0,73.24618344551742,0.22405215302796355,0.169188767550702,0.23818046644821989,0.4183383800151399,0.1052108385441719
TAO,2025-11-01 00:00:00+00:00,2025-11-02 00:00:00+00:00,0.1881388573403783,0.0950854144743683,65.65796609007941,-0.0909057219092794,58.36158426943869,-0.0413515641909295,-0.0739943720311757,0.677660148076626,-0.0074125155403403,-0.0267664678577567,0.0550616054733656,0.1241457858769935,0.1241457858769935,0.6274447408118574,0.7686133971208349,490.65,2025-11-02 04:00:00+00:00,0.0530113115255272,-0.2510954855803525,True,False,True,True,True,2025-11-01 04:00:00+00:00,539.68,20.0,1,4,3,24.0,20.0,0,74.4203368775353,0.18060750991822028,0.24041555575986018,0.200703050259194,0.255829105971052,0.11287292058109166
ZEN,2025-11-02 00:00:00+00:00,2025-11-02 08:00:00+00:00,0.4723363663046669,0.1218985939282333,75.86007564587882,-0.120986265410397,65.84790638067645,-0.1242903404806526,-0.1449506019420929,-10.021302859738284,0.0127826146109335,-0.0237796377813385,0.2138277454664321,0.0855183541750705,0.0855183541750705,2.1437019444144565,1.7733152943036807,18.757,2025-11-02 12:00:00+00:00,0.3315562190115688,-0.1949672122407635,True,True,False,False,False,2025-11-02 04:00:00+00:00,21.333,4.0,1,3,3,8.0,8.0,0,75.19376503945216,0.32075222437265083,0.05556655121227094,0.703777653542049,0.6752787812156431,0.2851329009283987
DASH,2025-11-02 00:00:00+00:00,2025-11-02 12:00:00+00:00,0.5153260645957622,0.1204820227944658,77.27945934027343,-0.0849017580144778,87.42347752895928,-0.0467696429064998,0.007139866988894,-4.4566563411244005,0.1451444717052359,0.1537826326311824,0.4638786414994458,0.5105485232067505,0.5105485232067505,,1.5650506605304135,88.5,2025-11-02 16:00:00+00:00,0.6949152542372881,-0.096045197740113,True,True,True,True,True,2025-11-02 08:00:00+00:00,96.7,4.0,2,3,3,8.0,8.0,0,91.71285500760035,0.5465693205480859,0.4020588661736988,1.0728831725616295,1.080017208001721,0.1945000667467629
ZK,2025-11-03 00:00:00+00:00,2025-11-03 04:00:00+00:00,0.944881638895084,0.1888255623035893,72.38436875761758,-0.1429833025332395,58.23343941103232,-0.0642272173152276,-0.1614791453837699,4.125925541427264,-0.0413183429667843,-0.0928227677180347,0.1894807087311205,0.1499902856032642,0.1499902856032642,2.084568748178259,0.8968214869652124,0.05237,2025-11-03 08:00:00+00:00,0.6274966583922093,-0.1397173954554134,True,True,False,False,False,2025-11-03 00:00:00+00:00,0.061147,4.0,0,1,1,4.0,4.0,0,62.23031967649035,0.2932410050434,0.3222116507373609,1.0750305416044523,1.097883144062854,0.33589932102235864
ICP,2025-11-05 00:00:00+00:00,2025-11-07 08:00:00+00:00,0.797301971636112,0.1038413346035021,71.12351379469754,-0.0895287369249802,76.40838734326186,-0.1005987215031442,0.0215389865954975,-14.881424444724844,0.1403295291837107,0.1643386818385221,0.3390235631756113,0.3079960513326757,0.3079960513326757,,1.165959938534498,8.097,2025-11-07 12:00:00+00:00,0.2226750648388293,-0.2871557366926022,True,True,False,False,False,2025-11-07 04:00:00+00:00,8.891,4.0,13,2,2,4.0,4.0,0,84.95472395921102,0.4554600997612188,0.4351896690879742,0.7732349421619464,0.8104255752392591,0.18516468308884582
MINA,2025-11-08 00:00:00+00:00,2025-11-08 04:00:00+00:00,0.3271876527690478,0.1056878618045964,70.21223410668905,-0.1044215442408244,57.86086030208286,-0.0214021513457446,-0.164981508426449,4.481559469589648,-0.0049479225083682,-0.0104145242413477,0.0834512978139978,0.4807149576669805,0.4807149576669805,1.0074753236441891,0.5511760688622426,0.17644,2025-11-08 08:00:00+00:00,0.0235207435955564,-0.2189979596463387,False,False,False,False,False,2025-11-08 00:00:00+00:00,0.19699,4.0,0,1,1,4.0,4.0,0,59.12629011156294,0.11365906325939434,0.09372050413636113,0.2094922330693192,0.5489070608586257,0.11268301723605356
AR,2025-11-08 00:00:00+00:00,2025-11-08 08:00:00+00:00,0.8787728026533996,0.1337388928877583,76.45455388789556,-0.1991575005850689,64.5082641870577,-0.1331868159028454,-0.217789140330277,-9.021775499341588,0.0191501513306464,0.0193810829641423,0.2399348146484057,0.1230945121951219,0.1230945121951219,0.6757535806058305,1.3654686193924517,6.8355,2025-11-08 12:00:00+00:00,0.0435081559505523,-0.3156901470265525,False,False,False,False,False,2025-11-08 04:00:00+00:00,8.546,4.0,1,2,1,8.0,4.0,0,74.42003117920673,0.38269110127854233,0.41419824590435206,0.9705319467822637,1.0259346182111275,0.2562496800505094
FIL,2025-11-08 00:00:00+00:00,2025-11-08 12:00:00+00:00,1.0230699909882848,0.1961276336115614,80.13649433299503,-0.2002109821775581,65.86540845153802,-0.1820222852234307,-0.1650035323488026,-14.801761504134362,0.0120491248055403,-0.0027499471164016,0.3478520216610719,0.037376048817696,0.037376048817696,1.492109523532459,1.757414658622527,2.881,2025-11-08 16:00:00+00:00,0.0997570288094413,-0.2774730996181881,True,False,False,True,True,2025-11-08 08:00:00+00:00,3.6022,4.0,2,4,2,12.0,4.0,0,80.52225294368706,0.5938181174547985,0.7225516449885232,1.6750334174959156,1.6280002918216967,0.31959424241209256
MERL,2025-11-09 00:00:00+00:00,2025-11-09 12:00:00+00:00,0.3298468802255812,0.0947742388558557,61.34736864342759,-0.1404267589388697,46.72147818366464,-0.1967387121121757,-0.2499402077007995,-4.673522269000827,-0.0774271133327201,-0.1083649979505699,-0.0359419657114213,0.0616844602609719,0.0616844602609719,1.0176427308230869,1.4927843484640788,0.3578,2025-11-09 16:00:00+00:00,0.0798770262716601,-0.0546115148127445,True,False,False,True,True,2025-11-09 00:00:00+00:00,0.41616,12.0,0,3,3,12.0,12.0,1,62.29033826816215,0.08624092064173494,0.03884173739390895,0.2954396887159534,0.3199695508754121,0.16541815055876197
XMR,2025-11-10 00:00:00+00:00,2025-11-10 16:00:00+00:00,0.2361804591248855,0.0395175634420892,76.61633945007893,-0.1032035921178139,47.865409066760975,-0.0774862192720137,-0.2072218557498604,4.2540322643801005,-0.0534550346523504,-0.0872729186124521,-0.0264015982905766,0.073529411764706,0.073529411764706,,1.2837619966349954,385.42,2025-11-10 20:00:00+00:00,0.1363188210264125,-0.0659021327383115,True,True,False,True,True,2025-11-10 04:00:00+00:00,429.83,12.0,1,4,4,16.0,16.0,0,60.376802027047745,0.07134579604401337,0.033344552360804025,0.18046248489508954,0.1636211050651073,0.13587936403868217
MELANIA,2025-11-11 00:00:00+00:00,2025-11-11 04:00:00+00:00,0.5160029096199308,0.1373448506867831,67.36764593904772,-0.1495771670190275,61.59638834045997,0.0416512754488196,-0.3155214647775819,8.909669821813779,0.0759942324726801,0.1070677726386621,0.2664106035324129,0.3255347593582896,0.9471925133689832,6.752687088476216,2.146688790000748,0.16029,2025-11-11 08:00:00+00:00,0.0634475014037059,-0.1497286168819015,True,False,False,False,False,2025-11-11 00:00:00+00:00,0.1892,4.0,0,1,1,4.0,4.0,0,59.13340653657792,0.2184491517608329,0.6688718355826058,0.7481289845698973,0.69321639520315,0.32690329218106995
STRK,2025-11-11 00:00:00+00:00,2025-11-11 08:00:00+00:00,0.5441955572079189,0.1074459802713604,66.1756004106085,-0.1237698081734779,52.86742739400458,-0.0064147262107058,-0.0827071752483338,5.821683134672696,-0.054250675106341,-0.104115870990563,0.0119632433682019,0.2957983193277325,0.2957983193277325,0.7869866370493848,0.3915157369918476,0.15763,2025-11-11 12:00:00+00:00,0.5179217154095035,-0.1664023345809808,True,True,True,True,True,2025-11-11 04:00:00+00:00,0.17985,4.0,1,2,1,8.0,4.0,0,53.20874693762417,0.025129662844229683,-0.015922521339461593,0.259453781512605,0.35134119768577654,0.11621799080761641
RESOLV,2025-11-17 00:00:00+00:00,2025-11-17 04:00:00+00:00,0.4289789789789788,0.1486998852087643,76.96896893027792,-0.1640800390434359,56.37642001945707,-0.1268537209021352,-0.1812609567431891,-8.060431475898298,-0.0145633619906681,-0.0135092760282345,0.1046723486863956,0.0392156862745085,0.0392156862745085,1.15128037791374,1.24321156412115,0.17178,2025-11-17 08:00:00+00:00,0.361392478751892,-0.3578996390732332,True,True,True,True,True,2025-11-17 00:00:00+00:00,0.2049,4.0,0,1,1,4.0,4.0,0,64.56698192392828,0.23245921199387864,0.5162054166050021,0.5075044143613889,0.3416710319539027,0.4192689063193724
TNSR,2025-11-21 00:00:00+00:00,2025-11-21 04:00:00+00:00,4.804135687732342,0.6000893823398838,89.36457348949352,-0.1783339851388344,69.65122714701035,0.0384337271190506,-0.2365478413352245,23.068345439734003,0.1446798212189595,0.1637811655660117,0.9806460431858144,0.387927000467946,0.8301357042583063,1.1035235972875954,1.0133531082424037,0.211,2025-11-21 08:00:00+00:00,0.3853080568720379,-0.5965402843601896,True,True,True,True,True,2025-11-21 00:00:00+00:00,0.2557,4.0,0,1,1,4.0,4.0,0,67.07334837847117,0.9481945014361921,2.381827800555482,5.50801730720285,5.672755741127348,0.9597156398104263
MERL,2025-11-27 00:00:00+00:00,2025-11-27 04:00:00+00:00,0.1998836502102228,0.2872173700219501,59.85065641200656,-0.4157879518072289,44.72704031283385,-0.3365665351460166,-0.3632110368073642,-23.00182083892463,-0.1659148977965474,-0.1087140509046706,-0.1002529480922014,0.1042499296369264,0.1042499296369264,12.42156658702718,11.943177666160084,0.3031,2025-11-27 08:00:00+00:00,0.5586275156713958,-0.1304849884526557,True,True,False,False,False,2025-11-27 00:00:00+00:00,0.51875,4.0,0,1,1,4.0,4.0,0,67.417522151491,0.34650214494240106,1.3860448001471877,0.49173256649892183,0.44390013082083124,0.25660043913672137
kLUNC,2025-12-06 00:00:00+00:00,2025-12-06 20:00:00+00:00,1.0498879541530437,0.1835702275521522,83.90683380027635,-0.2269938650306748,68.94834065940273,-0.019770848594905,-0.2104962934416325,18.11545610016836,0.0541027107615217,0.021840719001011,0.4035978892561265,0.2050347797283873,0.2050347797283873,2.113530189267572,0.841733370310977,0.062989,2025-12-07 00:00:00+00:00,0.1053676038673416,-0.2481861912397402,True,True,False,True,True,2025-12-06 16:00:00+00:00,0.0815,4.0,4,2,2,8.0,8.0,0,70.33900242669763,0.4829085092325345,0.3377981320070256,1.7881358831377647,1.908429091428164,0.21308243727598564
MOODENG,2025-12-07 00:00:00+00:00,2025-12-07 04:00:00+00:00,0.3789228335969365,0.0962609309543092,62.10441456703804,-0.154849688031764,79.30593428682951,-0.0672505713738544,0.9293213446690248,-8.986237705844246,0.1825878289671947,0.2592241826847619,0.3141763465897564,0.207365892714172,0.207365892714172,57.69526115878534,5.861599317656148,0.10427,2025-12-07 08:00:00+00:00,0.0227294523832357,-0.1984079792845496,False,False,False,False,False,2025-12-07 00:00:00+00:00,0.12341,4.0,0,1,1,4.0,4.0,0,85.02383582656265,0.37200836793315895,0.7095875988751437,0.6212559117183396,0.5394114785385509,0.3673696809608322
XMR,2025-12-21 00:00:00+00:00,2025-12-23 04:00:00+00:00,0.1628156642674147,0.039740958661514,69.7391671134896,-0.0973215942596754,41.09465279501693,-0.1324249311673915,-0.2645351949477661,2.367099015734404,-0.0437478256878506,-0.05529940658155,-0.052187185399279,0.1109175377468073,0.1109175377468073,,1.559035081106494,437.79,2025-12-23 08:00:00+00:00,0.0602115169373442,-0.03106512254734,True,False,True,True,True,2025-12-22 00:00:00+00:00,484.99,28.0,6,13,9,52.0,52.0,0,67.30824496235951,0.06434085852811111,0.037922400325293815,0.09384726419775369,0.16218159162253487,0.05075403474733209
ANIME,2025-12-24 00:00:00+00:00,2025-12-24 16:00:00+00:00,0.7729215229215229,0.1191939791553174,67.20631010641819,-0.1028300058150805,58.46656464124458,-0.0469363529497806,-0.0529817583894127,-2.7276530511880352,-0.002666713552888,-0.0145138396025549,0.0548746787914009,0.3636363636363613,0.3636363636363613,0.2458222752410447,0.6556758264091949,0.009251,2025-12-24 20:00:00+00:00,0.0246459842179223,-0.2063560696140959,False,False,False,False,False,2025-12-24 00:00:00+00:00,0.010318,16.0,0,3,1,16.0,16.0,0,64.13469726980978,0.1671220754683136,0.18802533103051244,0.42317241379310344,0.40057010994977604,0.21158620689655172
SKY,2025-12-23 00:00:00+00:00,2025-12-26 20:00:00+00:00,0.1730951961991906,0.0312989903318075,70.10817497241948,-0.1033442547233809,36.436660726936886,-0.1231965446661537,-0.4023866000320332,9.76414144479932,-0.0578431251860533,-0.0698494242987357,-0.0669791604870037,0.2828638497652579,0.2828638497652579,1.160703106131142,2.753735814412204,0.062163,2025-12-27 00:00:00+00:00,0.0472789279796661,-0.0776667792738446,False,False,False,False,False,2025-12-26 12:00:00+00:00,0.069283,8.0,21,17,13,92.0,92.0,1,56.43997418554269,0.015064885198495137,0.03740360859474423,0.022461297796667612,0.08317308443944138,0.03192333607846076
kPEPE,2026-01-05 00:00:00+00:00,2026-01-06 16:00:00+00:00,0.7342505430847213,0.0828087356195416,81.94909222468925,-0.096,55.302375674305765,-0.0707011554898494,-0.1351392483080756,0.9921730707151823,-0.0322710634074052,-0.0396131490255458,-0.0286772878844017,0.6608478802992518,0.6608478802992518,2.285397023841508,1.423700753530854,0.006554,2026-01-06 20:00:00+00:00,0.0825450106805003,-0.1257247482453464,True,False,True,True,True,2026-01-05 00:00:00+00:00,0.00725,40.0,0,10,5,40.0,40.0,1,77.94870630276299,0.14701843860337394,0.12577639751552794,0.17599351175993516,0.4190643961636329,0.08881730326737247
FARTCOIN,2026-01-06 00:00:00+00:00,2026-01-06 16:00:00+00:00,0.6019869028129186,0.0900224302080922,69.55656759726685,-0.090134114050761,62.60411597658859,-0.0725423679413974,-0.1016974708211638,0.7604698972298394,0.0057838976461883,0.0066502417427707,0.0857717557026394,0.5115163147792706,0.5115163147792706,2.7741708699866683,1.242720772017479,0.42277,2026-01-06 20:00:00+00:00,0.1294557324313456,-0.1526361851597795,True,True,True,True,True,2026-01-06 12:00:00+00:00,0.46453,4.0,3,4,3,16.0,12.0,1,67.5007825830613,0.1325187237205243,0.21018627067865037,0.2352550124980055,0.4143096361698888,0.11291441253988066
WLFI,2026-01-04 00:00:00+00:00,2026-01-08 20:00:00+00:00,0.2152112676056339,0.0393963114412044,73.8410898071165,-0.0906145429436446,50.09303580800338,-0.1401018703096315,-0.1981830544256163,7.166289405377199,-0.0185551031730708,-0.0103913118870698,-0.0107099417265916,0.2032838154808438,0.2032838154808438,2.672156061704442,2.5057516277424416,0.17117,2026-01-09 00:00:00+00:00,0.0603493602850966,-0.0566688087865863,True,False,False,True,True,2026-01-08 12:00:00+00:00,0.18827,8.0,27,5,2,116.0,8.0,1,73.5824866760429,0.08137171863753179,0.1166666666666667,0.08250919963201464,0.08657009291856621,0.06315011652361746
VVV,2026-01-10 00:00:00+00:00,2026-01-10 08:00:00+00:00,0.3444998687319505,0.0753220089622466,85.57641835148718,-0.0986801213849586,68.31072297788475,-0.0812248727951128,-0.1199563587254749,-5.290888458852066,0.0259894369561757,0.0247613241142319,0.1188112970350501,0.2749999999999972,0.2749999999999972,1.1895333091028122,0.8280978202912314,2.4729,2026-01-10 12:00:00+00:00,0.5276800517610902,-0.0197743539973311,True,True,True,True,True,2026-01-10 00:00:00+00:00,2.7351,8.0,0,1,1,8.0,8.0,0,75.0979363747081,0.1711214255844633,0.26210142586867247,0.3497335175681009,0.32149586896651683,0.05173501577287065
POL,2026-01-11 00:00:00+00:00,2026-01-11 12:00:00+00:00,0.4184056928120254,0.0501359048339004,84.66655317535701,-0.1243138521149499,57.07591894757857,-0.1686755760891639,-0.2658787533268522,-1.7408090687563629,-0.0420978785410336,-0.0657046067867327,0.0283309213395097,0.0196253345227473,0.0196253345227473,2.524943334144392,1.132061912490106,0.16273,2026-01-11 16:00:00+00:00,0.0584403613347261,-0.1484053339888158,True,False,True,True,True,2026-01-11 04:00:00+00:00,0.18582,8.0,1,3,3,12.0,12.0,0,78.49649725635419,0.16353261574374267,0.10285476882901068,0.2503869187807013,0.4614235155328352,0.09604049649816249
ORDI,2026-01-14 00:00:00+00:00,2026-01-14 16:00:00+00:00,0.228257709595903,0.0735216445572564,68.98017948042225,-0.0883537747725065,61.83253516445095,-0.0466256121968556,-0.0405147735750492,-3.2162523104606464,0.0118353389800023,0.0014113443109433,0.0852859224116799,0.5273748245203562,0.5273748245203562,8.251767543948375,1.333378054300428,5.0633,2026-01-14 20:00:00+00:00,0.1104220567614007,-0.1392767562656764,True,True,True,True,True,2026-01-14 00:00:00+00:00,5.5606,16.0,0,2,1,16.0,16.0,0,73.94223506626822,0.17218216572957523,0.29202100469352676,0.25148541591645657,0.22154609960238125,0.09192842942345925
XMR,2026-01-12 00:00:00+00:00,2026-01-14 20:00:00+00:00,0.2645304167043298,0.0486989804599165,77.30426766156769,-0.1125026533644661,65.0067516466371,-0.253573673551779,-0.1881476341719448,-27.124503589561343,0.0085340425560871,0.0065741957310212,0.1001039323255843,0.0892774965485503,0.0892774965485503,,2.368037241912302,710.77,2026-01-15 00:00:00+00:00,0.0574728815228555,-0.2458882620256904,True,False,True,True,True,2026-01-14 16:00:00+00:00,800.87,4.0,16,2,2,4.0,4.0,0,87.09064691751138,0.24005587026904673,0.20417092680579763,0.31956435774072367,0.5655752125891897,0.09658853949453672
MELANIA,2026-01-14 00:00:00+00:00,2026-01-15 00:00:00+00:00,0.2451430113329733,0.0524222810745902,83.96373575109256,-0.0895648948009963,53.26726548814379,-0.0452820420974657,-0.173600234011987,2.3968812392364995,-0.0266639562874478,-0.0443014501353695,0.0047932245621324,0.1417004048583008,0.1417004048583008,1.0226933489880186,0.793229554401803,0.17174,2026-01-15 04:00:00+00:00,0.0453592640037265,-0.1628624665191568,False,False,False,False,False,2026-01-14 00:00:00+00:00,0.18869,24.0,0,5,4,24.0,24.0,0,68.66155381367108,0.11519581801568224,0.11683930156851141,0.20815725444999345,0.24170834430113186,0.07992785074122088
DASH,2026-01-17 00:00:00+00:00,2026-01-17 04:00:00+00:00,1.2901582193617591,0.137441714979825,83.88260089173122,-0.0923849567857978,53.42814737475548,-0.0933547989084384,-0.1590684450272337,-2.5668831961703944,-0.0704285538325341,-0.096418697191287,-0.0425794051696523,0.0797962648556874,0.0797962648556874,,0.6794010832235203,77.71,2026-01-17 08:00:00+00:00,0.1534165487067302,-0.1644575987646376,True,True,False,False,False,2026-01-17 00:00:00+00:00,85.62,4.0,0,2,2,4.0,4.0,0,58.929498893757234,0.03282990407210473,-0.02126200274348422,0.11906940269245858,0.47088129187424843,0.12155273820415635
AXS,2026-01-18 00:00:00+00:00,2026-01-18 08:00:00+00:00,1.129424778761062,0.1245745421830602,82.60964319511,-0.1282591760986116,68.00711910086684,-0.1145234249224077,-0.0881850258651416,-8.547744394743575,0.0461737422798107,0.0407255221376645,0.2971675599012668,0.3386897404202723,0.3386897404202723,,1.5750541838037702,1.896,2026-01-18 12:00:00+00:00,0.5412447257383968,-0.1403481012658227,True,True,False,True,True,2026-01-18 04:00:00+00:00,2.1823,4.0,1,2,1,8.0,4.0,0,76.80284381877357,0.4330078302991216,0.41615833874107744,0.8095356550580433,0.93809946714032,0.29950799507995085
2Z,2026-01-25 00:00:00+00:00,2026-01-25 12:00:00+00:00,0.1571933865262811,0.0478182116552662,62.76262153534885,-0.0851138599943771,45.25577444538729,-0.1071792555315424,-0.1682011426217449,-7.071550444458772,-0.0447933987332971,-0.0653034195535271,-0.0406738939781411,0.0998043052837593,0.0998043052837593,0.4884417604803038,1.087762728258033,0.13018,2026-01-25 16:00:00+00:00,0.0666000921800584,-0.1382700875710554,True,False,False,False,False,2026-01-25 00:00:00+00:00,0.14228,12.0,0,3,1,12.0,12.0,0,54.407113022526694,0.022614512682337606,-0.012287400208261134,0.11000156030581998,0.12155131641179251,0.11051088130884401
HMSTR,2026-01-27 00:00:00+00:00,2026-01-27 04:00:00+00:00,0.1923076923076923,0.0854016537438014,62.187735499638286,-0.1684587813620072,50.74795424805282,-0.085351133117993,0.0204731947760314,17.226737075271373,-0.0126394043136977,0.0014388489208632,0.0168748630287094,0.0769230769230767,0.0769230769230767,3.651437999089583,2.5159357960218163,0.000231,2026-01-27 08:00:00+00:00,0.0909090909090908,-0.2554112554112554,True,False,True,True,True,2026-01-27 00:00:00+00:00,0.000279,4.0,0,1,1,4.0,4.0,0,55.48353700043395,0.06602325071287551,0.2455357142857144,0.2290748898678414,0.20779220779220786,0.24
RESOLV,2026-01-27 00:00:00+00:00,2026-01-27 04:00:00+00:00,0.3250116057151699,0.1011486634498829,76.13137402699374,-0.087873869696267,59.01424800801331,-0.0136779422715274,-0.1566602486436281,11.970886301009813,-0.0030330753869932,-0.0123922834604669,0.086670288287127,0.1587591240875905,0.1587591240875905,1.228080612932105,1.1920290444697024,0.11793,2026-01-27 08:00:00+00:00,0.1278724667175443,-0.35433731874841,True,True,True,True,True,2026-01-27 00:00:00+00:00,0.12939,4.0,0,1,1,4.0,4.0,0,59.832635340149224,0.10248167482872694,0.21836158192090394,0.25914752822109777,0.3042426441682542,0.16064030131826734
ZETA,2026-01-27 00:00:00+00:00,2026-01-27 12:00:00+00:00,0.1573798383666524,0.0455364401096295,58.30482777601777,-0.1020807833537331,44.56825175384917,-0.0929256816327301,-0.1473089586987035,-2.5627582568652656,-0.0520771679923702,-0.0770005032712634,-0.0418786283818642,0.3115183246073286,0.3115183246073286,1.4152558238607915,1.3078148655766004,0.07328,2026-01-27 16:00:00+00:00,0.0524017467248907,-0.2210698689956332,True,False,False,True,True,2026-01-27 00:00:00+00:00,0.0817,12.0,0,2,1,12.0,12.0,0,52.267761234870385,0.020781511167265565,0.018322323320453693,0.09576180257510725,0.14138027381950247,0.08462890360957154
PURR,2026-01-29 00:00:00+00:00,2026-01-29 04:00:00+00:00,0.518078991284999,0.1195623307924572,69.66640439055045,-0.0944915254237288,57.9894560268646,-0.0154498915510594,-0.1246975712426823,9.514811309879237,-0.0286840817947794,-0.0750951484590758,0.0814011153055958,0.3735244519392914,0.3735244519392914,0.7217293084180169,0.9683156374235526,0.074794,2026-01-29 08:00:00+00:00,0.3059470010963445,-0.1510014172259807,True,True,True,True,True,2026-01-29 00:00:00+00:00,0.0826,4.0,0,2,1,4.0,4.0,0,58.899446081237194,0.10863913884227916,-0.03804721254964061,0.251117068811439,0.6153003754693367,0.21150564271951544
CC,2026-01-30 00:00:00+00:00,2026-02-01 00:00:00+00:00,0.1597678916827853,0.0750206896675903,67.89230141102094,-0.086037389842596,54.6186702598678,-0.0759655540356275,-0.2008008809100048,-9.211713750357896,-0.0138824645098001,-0.0253386127139716,0.0156117331401206,0.301136363636363,0.301136363636363,0.915835622275344,1.1901379507007763,0.17964,2026-02-01 04:00:00+00:00,0.0927967045201514,-0.1308171899354263,True,False,False,True,True,2026-01-31 16:00:00+00:00,0.19631,8.0,10,8,4,28.0,28.0,1,54.38743892572513,0.013093415662496,0.0827312337984667,0.13173065836504105,0.13460871575540412,0.06296535146860527
BERA,2026-02-12 00:00:00+00:00,2026-02-12 08:00:00+00:00,0.786830508803603,0.2288719908818483,67.89484538960949,-0.1764499579141448,73.10443544220985,0.0035605320523821,-0.1762962013057157,12.803181027531451,0.1221497280272307,0.172672317987466,0.4266322508075981,0.8380980595467338,0.903569841504962,1.5019275445523554,0.8512223418859555,0.82141,2026-02-12 12:00:00+00:00,0.0409783177706626,-0.2353027111917313,False,False,False,False,False,2026-02-12 04:00:00+00:00,0.99796,4.0,1,2,1,8.0,4.0,0,72.84506824187667,0.46162029833331686,0.9343683975887267,1.201641369572891,1.1250825152786352,0.335727760847482
ZRO,2026-02-12 00:00:00+00:00,2026-02-12 16:00:00+00:00,0.3137303454252815,0.0826694464800357,62.361147982790776,-0.1523040095751047,49.34853965097165,-0.1402550831235566,-0.1317063497706617,-6.734347962491803,-0.0644231067981143,-0.0965695976351128,-0.0273295337499143,0.2549494949494955,0.2549494949494955,1.138943042093287,1.503304475710851,1.9827,2026-02-12 20:00:00+00:00,0.0087254753618803,-0.2067887224491854,False,False,False,False,False,2026-02-12 12:00:00+00:00,2.3394,4.0,3,3,1,16.0,4.0,0,57.39904788301724,0.06582762174760926,-0.05337271881196126,0.3306410329332803,0.34812424364663164,0.2859521562968308
VVV,2026-02-16 00:00:00+00:00,2026-02-16 04:00:00+00:00,1.4202977884825927,0.1863208881850297,75.22445674551264,-0.1932962573275214,62.47448018798404,-0.2756270895681625,-0.2377843717765977,-24.64386483414216,-0.0208881651167004,-0.0306191782707044,0.1911163247836149,0.0599831330381612,0.0599831330381612,1.0027173627648582,2.45565537442752,3.7504,2026-02-16 08:00:00+00:00,0.318659343003413,-0.0810046928327644,True,True,True,True,True,2026-02-16 00:00:00+00:00,4.6571,4.0,0,2,2,4.0,4.0,0,86.24629564175675,0.4901751723596597,0.40625660536884367,0.6426001693002257,1.4892297824576404,0.1814475948908414
INIT,2026-02-17 00:00:00+00:00,2026-02-17 08:00:00+00:00,0.8060909517645551,0.1560084462864626,73.03781428067046,-0.1783746076037671,68.99270030517556,-0.169545002226326,-0.1821941112759391,-14.559602582084594,-8.132703403762598e-05,-0.0295434362669255,0.2093544770142559,0.1600646725949874,0.1600646725949874,1.2520687085332285,1.1432322725052757,0.11744,2026-02-17 12:00:00+00:00,0.0151566757493188,-0.2435711852861035,False,False,False,False,False,2026-02-17 04:00:00+00:00,0.14335,4.0,1,1,1,4.0,4.0,0,83.07819266562873,0.34007654571152335,0.2121596482327075,1.0113370094428311,1.0817600929422015,0.4766558089033659
STABLE,2026-02-18 00:00:00+00:00,2026-02-18 16:00:00+00:00,0.2457327586206896,0.1073063968868961,64.28397306669433,-0.11496875,52.60636817466632,-0.0530252821482318,-0.0935020511838726,3.895251771276087,-0.0264990215129191,-0.0269332376385792,-0.0027816901408451,0.0442930153321975,0.0442930153321975,0.4303915520356002,0.5480346937948055,0.028348,2026-02-18 20:00:00+00:00,0.1173275010582757,-0.0691759559757302,True,True,False,True,True,2026-02-18 12:00:00+00:00,0.032,4.0,3,2,2,8.0,8.0,0,55.55203025272413,0.0369656081936236,0.19523400440742544,0.13086192882637748,0.37563408133436504,0.10749635827139281
MORPHO,2026-02-16 00:00:00+00:00,2026-02-19 08:00:00+00:00,0.1648736114755533,0.0767094320229946,57.902402894330535,-0.0912654341151106,48.85216235289684,-0.1284467225357161,-0.1844038580374192,-5.163052029188776,-0.0332766742285286,-0.0453203998993388,-0.0244723489457499,0.0261044176706842,0.0261044176706842,0.93133503781445,1.1049269579600534,1.3906,2026-02-19 12:00:00+00:00,0.1961743132460807,-0.0313533726449015,True,True,True,True,True,2026-02-18 00:00:00+00:00,1.5307,32.0,12,10,6,40.0,40.0,1,69.7358159125621,0.0767520102397985,0.10559768869628017,0.07826148210763595,0.10535817446562667,0.07150572477856976
kLUNC,2026-02-28 00:00:00+00:00,2026-02-28 04:00:00+00:00,0.2166238314457591,0.0404339344764501,68.86444796756794,-0.0945428163330083,56.42284410323845,-0.2088053985910881,-0.166401321335981,-12.72572884857533,-0.0147321706627513,-0.0258608306795852,0.0426707325351281,0.0640801001251562,0.0640801001251562,3.2670083387249864,2.7760281985576856,0.039892,2026-02-28 08:00:00+00:00,0.1997894314649555,-0.0386794344730772,True,True,True,True,True,2026-02-28 00:00:00+00:00,0.044107,4.0,0,2,2,4.0,4.0,0,71.31348470118986,0.12362356770200056,0.0437797288023285,0.2199081756831507,0.2572185959011486,0.1150486845924481
MORPHO,2026-02-26 00:00:00+00:00,2026-02-28 04:00:00+00:00,0.1613456045699779,0.0728070176112211,71.93968910215156,-0.0866621530128638,48.49658776793417,-0.0999773294806836,-0.0909124406006436,-1.970934727392482,-0.030072165340252,-0.0354333836497974,-0.0402307342888883,0.4224058769513318,0.4224058769513318,1.0013685505381231,1.7006780222919056,1.752,2026-02-28 08:00:00+00:00,0.1488584474885843,-0.0446917808219178,True,True,True,True,True,2026-02-26 20:00:00+00:00,1.9201,32.0,5,13,9,52.0,52.0,2,63.943842747866604,0.06569322085051943,0.04940700661310582,0.1047756041426926,0.22322736828693368,0.08408183632734523
VVV,2026-02-28 00:00:00+00:00,2026-02-28 08:00:00+00:00,0.2031151832460733,0.1755042859100962,65.02753899236649,-0.0831102250071204,58.4850781191988,-0.0203788269132004,0.01606812635211,4.592067284246681,0.0248485562354381,0.0090997113819535,0.0976528713710773,0.5183246073298436,0.5183246073298436,1.1767447529682018,0.7930786241190122,4.8287,2026-02-28 12:00:00+00:00,0.7332615403731852,-0.001180441940895,True,True,True,True,True,2026-02-28 04:00:00+00:00,5.2665,4.0,1,2,2,8.0,8.0,0,59.70172932758439,0.1253698011994797,0.030949025135071695,0.2725932727624203,0.3506270356217782,0.13012698553161361
GRASS,2026-03-13 00:00:00+00:00,2026-03-14 20:00:00+00:00,0.3303843260861778,0.0967328654911079,75.03401973194447,-0.1155463717029294,49.10709719650677,-0.1709217571440979,-0.2390702825352542,-3.2507044653731185,-0.0389733467562873,-0.05142675048524,-0.0229767761617289,0.1371138383410904,0.1371138383410904,0.6698826217639516,1.6996504848133132,0.3654,2026-03-15 00:00:00+00:00,0.3047892720306513,-0.053311439518336,True,True,False,True,True,2026-03-13 16:00:00+00:00,0.41135,28.0,4,6,2,32.0,32.0,0,63.00211443753261,0.04547260139346854,0.12856319789294646,0.14013692175503745,0.1484769802049306,0.06182604489714616
PURR,2026-03-14 00:00:00+00:00,2026-03-17 00:00:00+00:00,0.2801730886937212,0.0596931663836662,64.79481392860541,-0.0812223206377324,76.41046032289978,0.0304961418471609,0.1413821928698404,-6.472024922698608,0.074645956236607,0.093507500535878,0.1231240888083331,0.011544011544013,0.3116883116883127,9.33620045845466,2.555162931409797,0.10373,2026-03-17 04:00:00+00:00,0.0352839101513544,-0.199855393810855,False,False,False,False,False,2026-03-16 20:00:00+00:00,0.1129,4.0,17,2,1,4.0,4.0,0,74.14919592608496,0.10843510168108672,0.26674595516459854,0.24955728705507352,0.25533712862479985,0.06259280172323667
TAO,2026-03-17 00:00:00+00:00,2026-03-19 00:00:00+00:00,0.3790012804097309,0.0475745997025822,78.75789688269744,-0.0875767299107143,46.76529329438841,-0.1420481158880264,-0.0902261729914599,-12.65688293837426,-0.0355501385925965,-0.0429563810630971,-0.0565268821857734,0.3260974433188626,0.3260974433188626,2.085605867063689,1.8273560631752863,261.7,2026-03-19 04:00:00+00:00,0.2085594191822697,-0.0722965227359571,True,True,False,True,True,2026-03-17 00:00:00+00:00,286.72,48.0,0,13,8,48.0,48.0,1,67.14546661845026,0.07743801433602071,0.03673705525021709,0.06153276564235477,0.17783346341864203,0.08273871562575175
MON,2026-03-26 00:00:00+00:00,2026-03-26 08:00:00+00:00,0.1791930732839419,0.0497563624478444,65.68622923094574,-0.1037215587451152,57.52327272144164,-0.1212916571907282,-0.2262892785863973,-4.844676200603821,-0.007837263736739,-0.0148001445222069,0.0544452250057467,0.1482342007434942,0.1482342007434942,2.134243801760768,2.55917324805423,0.024536,2026-03-26 12:00:00+00:00,0.0176882947505705,-0.1206390609716334,False,False,False,False,False,2026-03-26 00:00:00+00:00,0.027381,8.0,0,2,1,8.0,8.0,0,68.55893527604246,0.13100959696260395,0.1970882700126786,0.28440754292147474,0.31810523275405567,0.09102435185589997
XPL,2026-04-03 00:00:00+00:00,2026-04-03 12:00:00+00:00,0.3443784845270072,0.0702764523388557,63.3219635678216,-0.0904263750198128,58.74105679385974,-0.1252678904500656,-0.0471022865097725,-11.04112926406654,-0.0023438268119831,-0.0163320889836966,0.0847513375087012,0.1214165261382797,0.1214165261382797,1.5011167103372578,1.69611991525798,0.11477,2026-04-03 16:00:00+00:00,0.165112834364381,-0.0580291016816241,True,True,False,True,True,2026-04-03 08:00:00+00:00,0.12618,4.0,2,4,3,12.0,8.0,1,67.15319599286585,0.16572218039034103,0.15201314708299085,0.31961221096225634,0.4321548152772259,0.13770491803278695
ALGO,2026-04-04 00:00:00+00:00,2026-04-05 04:00:00+00:00,0.5206297033128622,0.0566837678507881,78.86630270401042,-0.083399209486166,57.85408390535608,-0.0445680349357824,-0.1087090086841031,3.109627625792029,-0.019471459816411,-0.0340719760079972,0.0088833067009601,0.0318471337579626,0.0318471337579626,0.1333726857228906,0.6014256981042242,0.11587,2026-04-05 08:00:00+00:00,0.0926037800983861,-0.058600155346509,True,False,True,True,True,2026-04-04 04:00:00+00:00,0.1265,24.0,1,7,4,28.0,28.0,1,73.4851604787973,0.10121982740802693,0.05425452121010088,0.24483369415469403,0.27037368066923095,0.07457627118644061
MON,2026-04-05 00:00:00+00:00,2026-04-06 20:00:00+00:00,0.2220727989958759,0.0651447677603472,62.53653323603276,-0.0849827737620753,51.5030587593981,-0.105964553785435,-0.2415541633587045,-0.0017983659200524,-0.0250990012649395,-0.0303143593496451,-0.0137758296806511,0.2472293265132127,0.2472293265132127,0.7089285121308961,1.2367751161200795,0.027098,2026-04-07 00:00:00+00:00,0.3801756587202007,-0.0483430511476862,True,True,True,True,True,2026-04-06 08:00:00+00:00,0.029606,12.0,8,5,3,24.0,12.0,1,67.90604717071749,0.068474879352737,0.10701465749326955,0.06807604891951358,0.10834082060497163,0.0483569425469188
GRIFFAIN,2026-04-08 00:00:00+00:00,2026-04-08 08:00:00+00:00,0.2740512649800266,0.0670395630001073,75.39081104193187,-0.1311309410796785,55.81951540828344,-0.2300122539739958,-0.2907688090656202,-10.44013108686456,-0.0346560053128143,-0.0476994219653179,0.0543372665870542,0.0103668261562991,0.0103668261562991,12.845239977749817,2.198182685547132,0.013729,2026-04-08 12:00:00+00:00,0.334692985650812,-0.0197392381091121,True,True,True,True,True,2026-04-08 04:00:00+00:00,0.015801,4.0,1,2,2,8.0,8.0,0,72.49403084188602,0.15751646880886883,0.15631174533479686,0.38120629370629366,0.3455675721706548,0.07495754207194683
FARTCOIN,2026-04-09 00:00:00+00:00,2026-04-09 04:00:00+00:00,0.2458605731044174,0.0576820870605446,62.56432631475098,-0.1685887926496625,43.35920862735116,-0.1310603105417914,-0.410134843352428,17.917265097134056,-0.083814907686527,-0.1160369038735499,-0.0537037037037037,0.0769230769230765,0.0769230769230765,1.7264232187101989,1.3319878544518136,0.17376,2026-04-09 08:00:00+00:00,0.2556399631675876,-0.0094383057090239,True,True,True,True,True,2026-04-09 00:00:00+00:00,0.20897,4.0,0,1,1,4.0,4.0,0,49.8989851118275,-0.0034789626365956394,0.0596318645099132,0.24601991533003398,0.19363683098189277,0.08630559225011014
DASH,2026-04-11 00:00:00+00:00,2026-04-11 04:00:00+00:00,0.5026329647182728,0.0756126054404826,75.2106218821169,-0.0851844859773875,75.41808706612991,-0.0245755610947968,-0.1218935154575715,8.207653375393079,0.0436183034207986,0.0409392395596586,0.1826742506932064,0.2846251588310044,0.2846251588310044,0.977675229116973,0.8521863667334714,43.587,2026-04-11 08:00:00+00:00,0.0942023997981047,-0.1356597150526534,True,False,True,True,True,2026-04-11 00:00:00+00:00,47.673,4.0,0,1,1,4.0,4.0,0,77.31822584922894,0.20849875180081612,0.2557422821620483,0.49487316170706475,0.45176320116937685,0.0871445661176038
ZEC,2026-04-09 00:00:00+00:00,2026-04-12 00:00:00+00:00,0.3791734266928528,0.0738572707015103,71.38928363808876,-0.0826391542478665,59.8577983807921,-0.1299678535006169,-0.1874668500684917,-4.56519761755181,-0.0238228546225265,-0.0342325537044043,0.0030500118379455,0.2271483305966078,0.2271483305966078,1.582859208532157,1.4716325163054071,360.1,2026-04-12 04:00:00+00:00,0.0715079144682033,-0.0766731463482366,True,False,True,True,True,2026-04-10 12:00:00+00:00,392.55,36.0,9,15,7,56.0,56.0,2,81.25560618103476,0.1494514914144498,0.2082179132040629,0.17886423015706177,0.4828875793291023,0.13250230840258537
VVV,2026-04-12 00:00:00+00:00,2026-04-12 08:00:00+00:00,0.2379674017257909,0.05351425646727,69.82661058277316,-0.0813550562061713,52.29352436667543,-0.0869569180817546,-0.2198900945146984,-7.062274500067566,-0.0282987058118749,-0.0469147337205994,0.0013213185530025,0.148771522538209,0.148771522538209,0.8730416215983023,1.1683150476552104,7.8107,2026-04-12 12:00:00+00:00,0.2759035681821091,-0.0084371439179586,True,True,True,True,True,2026-04-12 00:00:00+00:00,8.5133,8.0,0,3,2,8.0,8.0,0,55.19197089853481,0.030355605373881156,0.063325131458976,0.09707474226804114,0.25008076121112444,0.06838451435361814
BIO,2026-04-16 00:00:00+00:00,2026-04-16 04:00:00+00:00,0.6667030627286128,0.1288134295241289,82.28530791591449,-0.1533084222016961,78.76113629691653,-0.188399162314573,-0.1153777235141478,-22.381349765713097,0.3019304958494038,0.4208653650440748,0.7596412047388548,0.2477466199298949,0.2477466199298949,22.72282620858568,4.262530431413059,0.040305,2026-04-16 08:00:00+00:00,0.0544597444485797,-0.3437042550552041,True,False,False,False,False,2026-04-16 00:00:00+00:00,0.047636,4.0,0,2,2,4.0,4.0,0,97.04417817203388,1.11772971806311,1.3947315503720086,1.585821300618825,1.7215905844712331,0.5105637262930327
ORDI,2026-04-16 00:00:00+00:00,2026-04-16 20:00:00+00:00,0.3991430320342788,0.1026168923624341,72.90847794603808,-0.1161760443837203,92.6977376356575,-0.0577617327723132,-0.0365293901385049,-5.765680688520902,0.3729017725802312,0.5319469584007781,1.1944268117487722,0.8445352578036694,0.8445352578036694,34.13278736961725,3.5043071730585296,8.5387,2026-04-17 00:00:00+00:00,0.2531181561596025,-0.5493342077833863,True,True,False,True,True,2026-04-16 16:00:00+00:00,9.6612,4.0,4,1,1,4.0,4.0,0,98.38035755902662,1.4759931900332952,2.0033573737876145,2.976948092042975,2.892506043513295,0.5799712876389604
TRB,2026-04-17 00:00:00+00:00,2026-04-17 04:00:00+00:00,0.4635521042084169,0.1030535353548609,79.55770741172184,-0.187175685693106,61.16741864378005,-0.1414146704706993,-0.2452490112330257,8.540107189484587,0.0177781116357069,0.0283139016568061,0.1422536026390413,0.0667427267541342,0.0667427267541342,8.08415965133337,3.1258026668592054,19.765,2026-04-17 08:00:00+00:00,0.1057424740703263,-0.1178345560333924,True,True,True,True,True,2026-04-17 00:00:00+00:00,24.282,4.0,0,1,1,4.0,4.0,0,71.24209620179937,0.24529284571067445,0.32630544024470187,0.5648643423342141,0.5483994388470859,0.2068164213787762
PEOPLE,2026-04-17 00:00:00+00:00,2026-04-17 04:00:00+00:00,0.2765802505097583,0.0605207146982487,70.59345232303069,-0.0863333709513598,59.29852222321187,-0.1502143020041043,-0.2267290233297245,-4.816226238680592,-0.0058129202683148,-0.0058125255832992,0.0670110905364709,0.0144927536231903,0.0144927536231903,0.9131262924902624,1.6103445033363806,0.008103,2026-04-17 08:00:00+00:00,0.0346785141305689,-0.1178575836110084,False,False,False,False,False,2026-04-17 00:00:00+00:00,0.008861,4.0,0,2,2,4.0,4.0,0,69.78056039664988,0.13542102154711877,0.12278256462240256,0.22119625137816978,0.2788281137249242,0.09096858638743455
DYDX,2026-04-17 00:00:00+00:00,2026-04-17 04:00:00+00:00,0.348030018761726,0.0767879350431776,71.13237421225074,-0.1638850710125008,70.90953744872752,-0.1557246501907887,-0.1811140766637641,-15.603144258418226,0.0537107099204261,0.0712089591175046,0.1919312551899159,0.1174089068825905,0.1174089068825905,1.9289060989818287,2.296434757870106,0.12776,2026-04-17 08:00:00+00:00,0.2295710707576705,-0.0082968065122104,True,True,True,True,True,2026-04-17 00:00:00+00:00,0.15279,4.0,0,1,1,4.0,4.0,0,83.98863885431643,0.2814000236490479,0.43410925474000384,0.6095017381228274,0.5495943204868157,0.0899694037873151
kNEIRO,2026-04-17 00:00:00+00:00,2026-04-17 04:00:00+00:00,0.9695482997800708,0.1309273468955934,82.17471770017087,-0.2144529420945841,59.33604233837482,-0.1811557812346079,-0.3117672997427537,-13.955017919404495,-0.0126561419053456,-0.0145971110337626,0.2210314355549896,0.0089820359281436,0.0089820359281436,0.9832835211533024,2.0396044879263355,0.10073,2026-04-17 08:00:00+00:00,0.0794202323041795,-0.2028194182467984,True,False,True,True,True,2026-04-17 00:00:00+00:00,0.12814,4.0,0,1,1,4.0,4.0,0,72.46316329599105,0.4725785898974404,0.3445960125918155,0.913394057040466,0.9312735493594573,0.322829131652661
AIXBT,2026-04-17 00:00:00+00:00,2026-04-17 04:00:00+00:00,0.2973808361802506,0.0727435814640164,68.35782101723952,-0.1217781209169734,60.88146359713767,-0.1902434474490441,-0.1737170035126372,-14.578455903230504,0.0027270058900137,-0.0004806554939299,0.1074518497160692,0.0434332988624616,0.0434332988624616,1.815163022530572,2.157239183830788,0.029477,2026-04-17 08:00:00+00:00,0.0478339044000408,-0.1423821962886318,False,False,False,False,False,2026-04-17 00:00:00+00:00,0.033676,4.0,0,2,1,4.0,4.0,0,75.18489773913444,0.20869560294181477,0.2141620997980962,0.40229023526962293,0.3503348169533662,0.07943179606927431
PNUT,2026-04-17 00:00:00+00:00,2026-04-17 04:00:00+00:00,0.6848570753602645,0.1066480277926938,79.4681130040396,-0.2346131805157592,61.82526983130318,-0.2386879990528304,-0.3150308525645362,-24.024212525534985,0.0371043749496387,0.0614789565708837,0.2636478891895473,0.0202312138728325,0.0202312138728325,9.10154713747992,4.17722599842754,0.06692,2026-04-17 08:00:00+00:00,0.0830842797369995,-0.2005379557680812,True,False,False,False,False,2026-04-17 00:00:00+00:00,0.08725,4.0,0,2,1,4.0,4.0,0,81.20884703562355,0.5627924928836783,0.596523330283623,0.9664187514086093,0.9549630293524531,0.38569900142653357
BOME,2026-04-17 00:00:00+00:00,2026-04-17 04:00:00+00:00,0.4010025062656643,0.0822859238468883,71.49278424187145,-0.082901554404145,63.734308618712994,-0.067562808720874,-0.2156915857775521,-1.9639052207990844,0.0297605298850556,0.0326274848746759,0.1482322413233863,0.2857142857142857,0.2857142857142857,3.3349989934361908,1.213364465477867,0.000536,2026-04-17 08:00:00+00:00,0.6735074626865671,-0.0970149253731343,True,True,True,True,True,2026-04-17 00:00:00+00:00,0.000579,4.0,0,2,1,4.0,4.0,0,68.35238793004565,0.19803600654664488,0.14880952380952372,0.4019370460048426,0.3371824480369514,0.20242914979757098
CFX,2026-04-17 00:00:00+00:00,2026-04-17 08:00:00+00:00,0.2514215034706837,0.0611222615436245,67.6583198418565,-0.0805212305398663,67.8529218448281,-0.0954644194939023,-0.2207882504739584,3.781441782347116,0.0099380071760899,0.0052555415663186,0.0938423298785349,0.5684270300965376,0.5684270300965376,6.743483427165706,1.8000424751538229,0.064183,2026-04-17 12:00:00+00:00,0.0281382920711092,-0.1034074443388436,False,False,False,False,False,2026-04-17 00:00:00+00:00,0.069758,8.0,0,2,2,8.0,8.0,0,85.95671851178327,0.17284453967400237,0.17112398220431468,0.3022812978381808,0.27944682880305205,0.0406515298054928
2Z,2026-04-17 00:00:00+00:00,2026-04-17 08:00:00+00:00,0.1648314008068405,0.0556045048816663,63.73245416814965,-0.0836360700734641,65.76591457589328,-0.1275162890788758,-0.1873474897593732,-0.1343224304981163,0.014345996213573,0.0183148448801542,0.0795914558101988,0.12950916617386,0.12950916617386,0.486596491905449,1.7591011369485656,0.09088,2026-04-17 12:00:00+00:00,0.0740977112676057,-0.1080985915492958,True,False,True,True,True,2026-04-17 04:00:00+00:00,0.099096,4.0,1,2,1,8.0,4.0,0,75.37781365162789,0.11859249966214147,0.17165220270046588,0.23582670291572105,0.23287466719749172,0.04305209161502521
NOT,2026-04-17 00:00:00+00:00,2026-04-17 08:00:00+00:00,0.1671087533156499,0.047134298911118,65.74174542726479,-0.0829694323144104,64.06071066072408,-0.0205395563388305,-0.1881046103479658,7.30896624081852,0.0061810090661769,-0.0010570824524311,0.0665312341289996,0.5555555555555569,0.8888888888888923,1.063503120380611,0.8313684757205924,0.000425,2026-04-17 12:00:00+00:00,0.023529411764706,-0.1223529411764705,False,False,False,False,False,2026-04-17 00:00:00+00:00,0.000458,8.0,0,1,1,8.0,8.0,0,74.05641853411565,0.11482147444130497,0.11980440097799505,0.2582417582417582,0.22133333333333338,0.045333333333333226
AR,2026-04-17 00:00:00+00:00,2026-04-17 16:00:00+00:00,0.2780795008088745,0.0535074429631113,69.07853508256862,-0.0897893454038998,61.19735960651985,-0.093964684964316,-0.0902569486763146,-7.358403509501798,-0.0123841511557091,-0.0351656012753939,0.0471893683715061,0.201257861635218,0.201257861635218,1.2334741427217608,1.1619157353252625,2.0909,2026-04-17 20:00:00+00:00,0.0421349658041991,-0.0514610933091013,False,False,False,False,False,2026-04-17 00:00:00+00:00,2.2976,16.0,0,3,2,16.0,16.0,0,80.67508985312953,0.15509813431964803,0.1307643092671884,0.30249433106575974,0.2934752012610482,0.049461095526354804
TURBO,2026-04-17 00:00:00+00:00,2026-04-17 20:00:00+00:00,0.2208413001912044,0.0551783343020677,66.66416912008782,-0.0856269113149846,55.58839467808117,-0.0808703389883072,-0.0540369399736105,-4.890988194727669,-0.0146481961162228,-0.0347919655667144,0.0246305418719212,0.0810810810810803,0.0810810810810803,0.2460325671950827,0.6853894564031802,0.001197,2026-04-18 00:00:00+00:00,0.0258980785296574,-0.0944026733500418,False,False,False,False,False,2026-04-17 00:00:00+00:00,0.001308,20.0,0,3,1,20.0,20.0,0,66.70607312412815,0.12002126622657383,0.11413969335604768,0.22701688555347066,0.2247191011235954,0.11314475873544105
MEGA,2026-04-18 00:00:00+00:00,2026-04-18 04:00:00+00:00,0.3311400266154074,0.0673178922380545,82.29725802535475,-0.1912751677852348,84.68448082925981,-0.1171161037233108,-0.09824267989842,-12.486260763412474,0.0947916022453254,0.128572973119079,0.2379916742274643,0.6803539823008855,0.6803539823008855,30.8479754981496,13.659472367762696,0.18544,2026-04-18 08:00:00+00:00,0.2066975841242451,-0.1754206212251942,True,True,False,False,False,2026-04-18 00:00:00+00:00,0.22946,4.0,0,1,1,4.0,4.0,0,95.91802635249373,0.2996894199340867,0.6262225372076542,0.6707441386340469,0.6744016345592527,0.1757878399352184
TIA,2026-04-17 00:00:00+00:00,2026-04-18 08:00:00+00:00,0.3372199062011465,0.065088328653647,73.54137934897204,-0.097363764642641,63.371912544816645,-0.1791227199138144,-0.2235317364692212,-14.25320682014064,-0.0122036745571824,-0.0210420625323889,0.0648529815883485,0.0953079178885646,0.0953079178885646,0.9158916161088828,1.4897780068004118,0.40281,2026-04-18 12:00:00+00:00,0.0133313472853204,-0.1243266055956903,False,False,False,False,False,2026-04-18 00:00:00+00:00,0.44647,8.0,6,4,3,12.0,12.0,1,76.77533508095722,0.15010337473306756,0.11692892702574231,0.2969353667392882,0.441993411278341,0.11582555917725079
PENDLE,2026-04-18 00:00:00+00:00,2026-04-18 08:00:00+00:00,0.3785033227390928,0.0602676467455827,68.03652734770125,-0.0940314558408387,62.84291569619088,-0.2436184044382051,-0.2348820536756223,-21.01590244657549,-0.01307322246437,-0.0193128536782537,0.0785702282929641,0.0664000000000015,0.0664000000000015,1.765301592586427,2.394179746105303,1.3475,2026-04-18 12:00:00+00:00,0.0440816326530613,-0.0840074211502782,False,False,False,False,False,2026-04-18 00:00:00+00:00,1.4878,8.0,0,3,3,8.0,8.0,0,82.30840767270296,0.1811535738395933,0.18493150684931514,0.31827042353358137,0.4259152769791066,0.07050490074952642
COMP,2026-04-18 00:00:00+00:00,2026-04-18 08:00:00+00:00,0.2786877230724098,0.0365455000357724,85.57826378602945,-0.132316217972839,67.35045853944318,-0.1151336606469297,-0.2084420541231031,1.714872990659174,0.0044987309336228,0.0009646372744611,0.0637405588569559,0.1831720029784055,0.1831720029784055,1.823356143098269,1.624736332992957,25.363,2026-04-18 12:00:00+00:00,0.0598903915151993,-0.1235263967196309,True,False,True,True,True,2026-04-18 04:00:00+00:00,29.233,4.0,1,1,1,4.0,4.0,0,76.11370841463288,0.09964938531476042,0.19201598434186917,0.29860956865532406,0.3685861423220975,0.03588545173683988
LDO,2026-04-17 00:00:00+00:00,2026-04-18 08:00:00+00:00,0.3064284431675346,0.0579485686674014,75.43499445690802,-0.0845371015209041,55.20020265073406,-0.1663542243183511,-0.1715194655177878,-9.071673824637266,-0.0301090253081195,-0.0401827774637272,0.000222135222669,0.1621167576648456,0.1621167576648456,1.673785747538638,1.3839399563086257,0.40764,2026-04-18 12:00:00+00:00,0.0031154940633892,-0.1568295554901383,False,False,False,False,False,2026-04-17 00:00:00+00:00,0.44513,32.0,0,9,6,32.0,32.0,0,70.35737612547643,0.12548701619761493,0.16807494489346086,0.26756271891106875,0.24819135213953247,0.07376072449952353
ZETA,2026-04-18 00:00:00+00:00,2026-04-18 16:00:00+00:00,0.2056795131845843,0.0407012277250705,66.09480750323262,-0.0839745734359317,47.38523169186634,-0.066964391871533,-0.1792943638764439,-3.4008597274249226,-0.0422550131947071,-0.0711822242324871,-0.0273793771036295,0.1631205673758879,0.1631205673758879,1.1524255340567724,1.0136246424547095,0.05484,2026-04-18 20:00:00+00:00,0.0621808898614151,-0.0536105032822756,True,False,True,True,True,2026-04-18 00:00:00+00:00,0.05978,16.0,0,3,2,16.0,16.0,0,56.175555739807365,0.041865192808589136,-0.028757108042242074,0.1598758246022507,0.19036240541616878,0.1470368989936639
KAITO,2026-04-18 00:00:00+00:00,2026-04-18 16:00:00+00:00,0.2210787259615383,0.0402294414225619,71.7141727861572,-0.0832910724790556,45.888527076202905,-0.1106584779990358,-0.1881425071448552,-4.324106302480715,-0.0391988892169338,-0.0558128521384247,-0.0382090098603209,0.0838905775075982,0.0838905775075982,0.6687833568891861,1.244645295695592,0.45266,2026-04-18 20:00:00+00:00,0.0259797640613264,-0.1466000972031989,False,False,False,False,False,2026-04-18 00:00:00+00:00,0.49297,16.0,0,4,2,16.0,16.0,0,59.709889496096324,0.032785386654621274,0.014258085754258909,0.09175266864508136,0.10407614781634944,0.030078533449019895
POPCAT,2026-04-17 00:00:00+00:00,2026-04-18 20:00:00+00:00,0.170686776811928,0.0512310389368655,66.6967584899877,-0.082691473610218,56.95207950845713,-0.0592335438238748,-0.0922705623555579,0.9933965645483198,-0.0164635126311025,-0.0326630391924925,0.0196697137280688,0.300069300069302,0.300069300069302,0.6322466894861781,0.606682050564165,0.061361,2026-04-19 00:00:00+00:00,0.040970649109369,-0.0633301282573621,False,False,False,False,False,2026-04-18 04:00:00+00:00,0.066863,16.0,7,8,4,32.0,32.0,2,75.18816996430168,0.1306778789937879,0.14954010143557128,0.19123804094140295,0.3095755723994753,0.06192799958321027
ENA,2026-04-18 00:00:00+00:00,2026-04-19 16:00:00+00:00,0.3707944027722945,0.0604188873192853,70.37078188485656,-0.0838658777120315,52.69206709932401,-0.0703972471270477,-0.0807558944004792,-0.8265772151699835,-0.0244809999546886,-0.0297459893048128,-0.0196624707680098,0.3672566371681408,0.3672566371681408,1.017434559854221,1.02329373670494,0.11596,2026-04-19 20:00:00+00:00,0.0275957226629872,-0.1002932045532941,False,False,False,False,False,2026-04-18 00:00:00+00:00,0.12675,40.0,0,10,5,40.0,40.0,2,68.1278455321145,0.142996594115117,0.15332120109190184,0.2455778301886793,0.30467004971642075,0.1167478008369629
BLUR,2026-04-20 00:00:00+00:00,2026-04-20 04:00:00+00:00,0.5993410052129438,0.1075248697503427,78.69131857665512,-0.0958276848923032,59.898123770544295,-0.0756503401908026,-0.265548132914654,3.0673613459526123,-0.0125631964011122,-0.0186158038147139,0.0809272911272054,0.1213735938425105,0.1213735938425105,1.699877156616114,0.861707528423683,0.030046,2026-04-20 08:00:00+00:00,0.2300139785661983,-0.0105504892498169,True,True,True,True,True,2026-04-20 00:00:00+00:00,0.033195,4.0,0,1,1,4.0,4.0,0,64.80028756965017,0.1275049308590046,0.21255844535359447,0.28200671996292437,0.3094158021379829,0.08923874926943287
MET,2026-04-23 00:00:00+00:00,2026-04-23 04:00:00+00:00,0.2172334103664577,0.0662207454680633,68.55859387039159,-0.1054852320675105,58.621674803829016,-0.0400367906474523,-0.2660457322204053,6.923963768857298,-0.0200985988578797,-0.0535714285714284,0.063898799870256,0.6203807390817462,0.6203807390817462,3.9364950606864646,1.2956760588695535,0.17402,2026-04-23 08:00:00+00:00,0.0527525571773359,-0.1257901390644754,True,False,True,True,True,2026-04-23 00:00:00+00:00,0.19434,4.0,0,1,1,4.0,4.0,0,61.0665848781504,0.08948141278305899,0.056482739874966104,0.3210522738087147,0.3553246390961715,0.12616880688193488
kLUNC,2026-04-24 00:00:00+00:00,2026-04-24 04:00:00+00:00,0.2301317117836263,0.0505455832341657,73.15428245861419,-0.104199066874028,71.60181715756966,-0.1425573676077781,0.0840355436388076,-13.996577497141487,0.0603008727100293,0.0868760002515915,0.1266124151210335,0.1865569272976679,0.1865569272976679,2.6181069506778103,2.5720893997464604,0.051962,2026-04-24 08:00:00+00:00,0.3811054231938724,-0.0504214618374967,True,True,False,True,True,2026-04-24 00:00:00+00:00,0.05787,4.0,0,1,1,4.0,4.0,0,83.50624805977303,0.18303588579507335,0.3167235494880545,0.2795736965462343,0.3630582249858676,0.12303075768942229
STRK,2026-04-24 00:00:00+00:00,2026-04-25 04:00:00+00:00,0.2071206555524161,0.0657364920756619,62.38910140874893,-0.0885902983375085,46.89898649490263,-0.0698907163985749,-0.1087014063937028,-4.827332807362033,-0.0315560929688648,-0.0376723308752805,-0.0556643620661176,0.1818181818181812,0.1818181818181812,1.1183125495742086,0.6988989779285624,0.03997,2026-04-25 08:00:00+00:00,0.028771578684013,-0.0577933450087565,False,False,False,False,False,2026-04-24 04:00:00+00:00,0.04391,24.0,1,5,3,28.0,28.0,0,58.65848074960887,0.03723339575378781,-0.05610490111779887,0.10105315947843518,0.20202573227484244,0.07638072855464162
APE,2026-04-25 00:00:00+00:00,2026-04-25 04:00:00+00:00,0.7836844197138315,0.1729695668706479,86.01059427616828,-0.1710686164229471,69.77170295320559,-0.0906180992980386,-0.2568423379183633,-10.280712037781996,0.1386985614104992,0.2050890696203913,0.4749727790943445,0.1443268665490887,0.1443268665490887,18.069648913869543,5.025947949802274,0.18435,2026-04-25 08:00:00+00:00,0.0380254949823704,-0.2519663683211284,False,False,False,False,False,2026-04-25 00:00:00+00:00,0.22225,4.0,0,2,1,4.0,4.0,0,76.72431450345348,0.6364517050511909,1.129851461427887,1.2458569118835894,1.1670241809672386,0.5441542288557215
GRIFFAIN,2026-04-25 00:00:00+00:00,2026-04-25 04:00:00+00:00,0.2669596099440199,0.1038742393782543,69.89666232441213,-0.130406198638178,50.963085004166665,-0.1486166529453058,-0.3204763785657178,5.501542442498824,-0.0462672034240485,-0.0590340902675053,0.0209533050868482,0.0142857142857147,0.0142857142857147,1.1436748928871094,2.018503393791161,0.018546,2026-04-25 08:00:00+00:00,0.1694705057694381,-0.1121535641108594,True,True,False,False,False,2026-04-25 00:00:00+00:00,0.021295,4.0,0,1,1,4.0,4.0,0,59.85915179157564,0.09058449118994027,0.18174250832408445,0.2802861780797212,0.27096389137570887,0.12019977802441728
HYPER,2026-04-26 00:00:00+00:00,2026-04-26 04:00:00+00:00,0.6320741880449232,0.1351613278062471,84.41667037766615,-0.2080009970089732,57.69348566570628,-0.0236808973222901,-0.3543219822243988,21.68425477451277,-0.0280335299517183,-0.0261937618171586,0.1399087803917749,0.1963394342762045,0.1963394342762045,18.34675385715745,2.213602710495058,0.12704,2026-04-26 08:00:00+00:00,0.1220875314861462,-0.1118545340050376,True,True,False,True,True,2026-04-26 00:00:00+00:00,0.16048,4.0,0,1,1,4.0,4.0,0,59.09285755801843,0.17468803597868376,0.559572400388727,0.675908810844116,0.7008287936918416,0.2725875845113708
AXS,2026-04-26 00:00:00+00:00,2026-04-26 04:00:00+00:00,0.4224957017464483,0.0918398299696781,79.07750382253388,-0.1129738997904362,59.8290630334212,-0.0209708033903922,-0.2265236634057108,16.33806504817874,-0.009127589717098,-0.0232699076196322,0.1163816701766724,0.3862433862433865,0.3862433862433865,1.4196449438911791,1.4960387693195705,1.3974,2026-04-26 08:00:00+00:00,0.1120652640618291,-0.0437240589666523,True,True,True,True,True,2026-04-26 00:00:00+00:00,1.5747,4.0,0,1,1,4.0,4.0,0,61.11060144131565,0.14137578206201518,0.3014049586776859,0.4336307356154405,0.44388410049514015,0.2077685950413224
WCT,2026-04-26 00:00:00+00:00,2026-04-26 08:00:00+00:00,0.1620688493667477,0.0535316407126789,66.11611043404284,-0.1085322179392548,55.66789156227758,-0.1241726096957149,-0.279536982160616,8.828205058488003,-0.0155920114193246,-0.015278432530462,0.0345084665106871,0.0963975983989317,0.0963975983989317,1.0579731040842502,2.0439021222757856,0.065269,2026-04-26 12:00:00+00:00,0.0107401676140281,-0.0828264566639598,False,False,False,False,False,2026-04-26 00:00:00+00:00,0.073158,8.0,0,2,2,8.0,8.0,0,80.28100457881546,0.13781634546546084,0.17702517898801373,0.21444223107569726,0.25638427587628154,0.05810527594690629
LDO,2026-04-27 00:00:00+00:00,2026-04-27 04:00:00+00:00,0.1738822045920245,0.0755072426409293,67.53087518482069,-0.1760690754058826,46.07866839940083,-0.3725923670683911,-0.403199981427039,-27.935781428240283,-0.0706635303699568,-0.0633898388057428,-0.0247315239955804,0.0251367543631152,0.0251367543631152,129.61741029648513,8.311193666149748,0.38233,2026-04-27 08:00:00+00:00,0.088065283917035,-0.0516831009860592,True,False,True,True,True,2026-04-27 00:00:00+00:00,0.46442,4.0,0,2,2,4.0,4.0,0,73.44295156897411,0.14461091761170097,0.26482923906530864,0.21483690392110688,0.2362116695059624,0.1128090350132489
CELO,2026-04-25 00:00:00+00:00,2026-04-27 12:00:00+00:00,0.1790568741045286,0.0409436432881503,64.34589172384375,-0.0955907414866916,39.23469162158327,-0.1437389705155638,-0.3823239271302853,-6.890381370480732,-0.0376202011998091,-0.0454528937672146,-0.0554758540347547,0.0111888111888126,0.0111888111888126,0.6129093099037357,1.4493006554849854,0.087315,2026-04-27 16:00:00+00:00,0.0525568344499798,-0.0295710931684132,True,False,True,True,True,2026-04-25 04:00:00+00:00,0.096819,56.0,1,14,7,60.0,60.0,2,71.96499532463046,0.07051036102988095,0.07647235409879816,0.1544349982710722,0.11515647136061569,0.048229904206580576
STABLE,2026-04-25 00:00:00+00:00,2026-04-29 08:00:00+00:00,0.2665649690995855,0.0968777906427789,61.91675328975968,-0.1120687354911013,46.2444062248993,-0.1285175840626635,-0.2492012552407334,-0.4704571665481509,-0.0540386430397877,-0.0622939424964541,-0.0470149232359738,0.235244161358811,0.235244161358811,0.7902163072529285,1.6841443342382962,0.033317,2026-04-29 12:00:00+00:00,0.0496443257196026,-0.0468229432421886,False,False,False,False,False,2026-04-29 00:00:00+00:00,0.037477,8.0,24,12,7,48.0,48.0,4,59.413281891117805,0.040320310659980096,0.08635283204823474,0.11831582716638822,0.14189518586227923,0.04597367963360188
PENGU,2026-04-27 00:00:00+00:00,2026-04-29 12:00:00+00:00,0.1533805537669028,0.0544159511380844,68.84267823885773,-0.0887568383323902,52.67529585843644,-0.125139674390839,-0.1518523588609036,-7.816429676516265,-0.0269456058080975,-0.0364800921975599,-0.0088537338545031,0.2138643067846597,0.2138643067846597,1.8269728956293247,1.348851904038279,0.009657,2026-04-29 16:00:00+00:00,0.0897794346070208,-0.0360360360360361,True,False,True,True,True,2026-04-28 12:00:00+00:00,0.010602,24.0,9,15,9,60.0,48.0,3,64.49020186564906,0.09264397301663108,0.06189903846153855,0.20848056537102488,0.2545260915867944,0.10417597141581059
AERO,2026-04-27 00:00:00+00:00,2026-04-30 08:00:00+00:00,0.2173810025273799,0.0612937680390364,66.30875405078092,-0.0960096250250651,47.09840134570012,-0.0880269206084742,-0.1574727623663097,-4.724477046689209,-0.0272796521519842,-0.0398937995300487,-0.0273402777178463,0.1289036544850496,0.1289036544850496,0.4318542683817974,0.889058558440796,0.45085,2026-04-30 12:00:00+00:00,0.0426305866696241,-0.0261062437617831,False,False,False,False,False,2026-04-29 04:00:00+00:00,0.4987,28.0,13,8,4,80.0,32.0,1,58.59570247503234,0.029263545120811862,0.07175861253787796,0.11017118942142878,0.12481955972573089,0.07883962017597357
BIO,2026-05-03 00:00:00+00:00,2026-05-03 04:00:00+00:00,1.048141681217261,0.188891697784616,77.97042086181666,-0.1109797696646289,63.909669962781145,-0.0913673852996194,-0.1980864507823208,-1.7247599842750034,0.0131120695140092,0.021604419203353,0.1474666631793233,0.0416594038696176,0.0416594038696176,1.046388312443396,1.0523135287217185,0.052702,2026-05-03 08:00:00+00:00,0.2464232856438086,-0.161454973245797,True,True,True,True,True,2026-05-03 00:00:00+00:00,0.059218,4.0,0,2,2,4.0,4.0,0,70.33609506065903,0.23591467410836997,0.4193130887040719,0.47381781981085114,0.47967317158491785,0.14838338566258402
BABY,2026-05-03 00:00:00+00:00,2026-05-03 12:00:00+00:00,0.2903561893599009,0.0622457208037613,75.38069146660477,-0.3362586021844813,58.66374435790378,-0.1668637655024677,-0.3660561104679091,14.896894123337075,-0.0009527580249539,0.0187234867245205,0.1916393684186663,0.0716931793419044,0.0716931793419044,6.881700235916764,4.023591950161997,0.021026,2026-05-03 16:00:00+00:00,0.001284124417388,-0.2117854085418052,False,False,False,False,False,2026-05-03 08:00:00+00:00,0.031678,4.0,2,1,1,4.0,4.0,0,70.4131472487019,0.38587191629511275,0.80810502283105,1.1395380251249492,1.149993212976788,0.3669420693630512
REZ,2026-05-02 00:00:00+00:00,2026-05-03 16:00:00+00:00,0.2088213306753052,0.054094840087649,70.63272105381748,-0.0983720124696917,60.39290697769623,-0.2034746359134172,-0.0265781784199755,-19.93537636577446,0.0129433185250991,0.018498793556942,0.0833983663701161,0.1379310344827579,0.1379310344827579,3.211269653991584,2.2879320730199035,0.005199,2026-05-03 20:00:00+00:00,0.2290825158684362,-0.0386612810155798,True,True,True,True,True,2026-05-03 12:00:00+00:00,0.005774,4.0,9,2,2,4.0,4.0,0,75.82044427041181,0.19492158327109776,0.21124396895321995,0.3078142695356738,0.3679222932954276,0.08998578102782862
kLUNC,2026-05-04 00:00:00+00:00,2026-05-05 00:00:00+00:00,0.3018307692307691,0.095031650498358,74.29312700770531,-0.1037005649717515,64.80385047875205,-0.169224081734154,-0.0953834632782931,-13.62974025680981,0.0198652597368382,0.0331302889131956,0.112222446826286,0.1093988792664286,0.1093988792664286,0.7611373799249475,1.3155087281018834,0.09496,2026-05-05 04:00:00+00:00,0.292017691659646,-0.0978727885425442,True,True,True,True,True,2026-05-04 20:00:00+00:00,0.1062,4.0,5,3,1,8.0,4.0,0,78.00400692165346,0.20888673975690697,0.25503728477055976,0.1685225122133709,0.5238040577381122,0.08532861963683103
JTO,2026-05-04 00:00:00+00:00,2026-05-05 12:00:00+00:00,0.1582852919438286,0.039573001034521,72.11018261309071,-0.1137092962511505,36.43939380422967,-0.2995708250664513,-0.4045894453615851,-9.787281047002324,-0.0643178538969161,-0.0737794415847762,-0.072793564623124,0.0422535211267605,0.0422535211267605,7.717973090138403,4.460862615828937,0.3569,2026-05-05 16:00:00+00:00,0.961333706920706,-0.0105912020173718,True,True,True,True,True,2026-05-04 04:00:00+00:00,0.40199,32.0,1,10,8,36.0,36.0,0,73.71569232168704,0.06531275212250431,0.04315445297903264,0.10479305227285218,0.12855137563166763,0.03451964723686274
PENDLE,2026-05-02 00:00:00+00:00,2026-05-06 04:00:00+00:00,0.1793067305532678,0.0671592785857595,69.90029410088303,-0.0845433702713029,68.77272172058005,0.0123938335447804,-0.1033998822551867,11.209713133649274,0.0128381628605982,0.0054382989140888,0.0791180577451466,0.4287548138639289,0.6110397946084729,0.8780551581278171,0.989280218236238,1.9172,2026-05-06 08:00:00+00:00,0.1261214270811599,-0.051064051742124,True,True,False,True,True,2026-05-06 00:00:00+00:00,2.0936,4.0,24,3,1,12.0,4.0,0,67.93079870881897,0.0815509160630592,0.1341892843599326,0.2847324496809034,0.3193849256365011,0.05366869593079149
ZEN,2026-05-04 00:00:00+00:00,2026-05-06 16:00:00+00:00,0.2156980227681246,0.0441012363713096,69.96269387869005,-0.1021189186545538,57.12500416105443,-0.0889534753522782,-0.2083878922770592,-1.2229566899412916,-0.0104922185356851,-0.0079226290279242,0.0176373380818919,0.1686208821887201,0.1686208821887201,0.7585676201530402,0.9628806813281232,7.3456,2026-05-06 20:00:00+00:00,0.0224351993029841,-0.0825392071444129,False,False,False,False,False,2026-05-06 08:00:00+00:00,8.1787,8.0,14,3,2,12.0,12.0,0,67.05727942066483,0.0858234054110345,0.18533601936259947,0.13550474127757628,0.2541133174883079,0.06062480668110126
ZEC,2026-05-04 00:00:00+00:00,2026-05-06 16:00:00+00:00,0.2289844726039622,0.0462203653590785,71.51750212059632,-0.0840001317132601,74.20102729079852,-0.1312303574637139,-0.1901988492409164,-11.61157042177831,0.0534198556158282,0.0753018839966583,0.2060737244972614,0.1552403467297078,0.1552403467297078,1.2853670165505469,1.5411221293828434,556.33,2026-05-06 20:00:00+00:00,0.1588805205543471,-0.0411626193086838,True,True,True,True,True,2026-05-06 08:00:00+00:00,607.38,8.0,14,4,3,12.0,12.0,0,85.00604892930178,0.30724662209810716,0.4365657521286659,0.489808432877922,0.5486091634583514,0.1514321350616954
DASH,2026-05-05 00:00:00+00:00,2026-05-06 20:00:00+00:00,0.3767254378842362,0.0580319887602323,73.24155785109627,-0.1224266466041995,63.47721419720416,-0.1887016324659302,-0.1921782929819772,-14.415589762735683,-0.0011666275661184,0.0066775343683802,0.0681762603216558,0.0,0.0,0.6251967736432975,1.2477960351351864,51.46,2026-05-07 00:00:00+00:00,0.0549747376603186,-0.1082199766809173,True,False,True,True,True,2026-05-06 08:00:00+00:00,58.484,12.0,8,4,2,12.0,12.0,0,78.57824770706236,0.20241927019557093,0.2957571729256676,0.23964559752426995,0.5172127532622515,0.10785274794034838
AIXBT,2026-05-03 00:00:00+00:00,2026-05-07 00:00:00+00:00,0.2759785562164942,0.0839829598604607,68.54530500445117,-0.102187202825703,49.157847501563765,-0.1945038761724261,-0.1020143352050916,-14.76435513236681,-0.0224467864692393,-0.0235994011504214,-0.0167802558620804,0.0154373927958829,0.0154373927958829,1.155998099646944,1.3321352152704349,0.033014,2026-05-07 04:00:00+00:00,0.164324226085903,-0.0115102683709941,True,True,True,True,True,2026-05-06 20:00:00+00:00,0.036805,4.0,23,4,2,96.0,12.0,0,61.028037314412444,0.03470984449026382,0.0976409889356118,0.1237481680508059,0.0975100641121216,0.0464704445530042
IO,2026-05-07 00:00:00+00:00,2026-05-07 08:00:00+00:00,0.2650479667204346,0.0584609860903955,75.07856912620792,-0.0998918789043727,56.00923119935092,-0.0725805374949893,-0.0185585756282561,-6.2570859347126415,0.0002380170804261,-0.0421519886363637,0.1029046467724308,0.1301222142343641,0.1301222142343641,7.193410324310436,1.912767396223636,0.14992,2026-05-07 12:00:00+00:00,0.1686232657417288,-0.020610992529349,True,True,True,True,True,2026-05-07 04:00:00+00:00,0.16648,4.0,1,3,3,8.0,8.0,1,60.3925553255772,0.17717932126999725,-0.19442562663311724,0.40430198228595526,0.3827242524916943,0.6452511742695646
VIRTUAL,2026-05-06 00:00:00+00:00,2026-05-07 12:00:00+00:00,0.1724354114422348,0.0373924837776605,67.89034412621632,-0.0944536025474316,62.55559847656016,-0.1232414562546994,-0.1279733919519478,2.512004886854541,0.007996804118129,0.0068380868535693,0.0801588203036931,0.0426556016597503,0.0426556016597503,2.439268155699564,1.8119722835995475,0.88515,2026-05-07 16:00:00+00:00,0.0947297068293508,-0.0884030955205332,True,False,True,True,True,2026-05-07 04:00:00+00:00,0.97667,8.0,7,3,2,8.0,8.0,0,82.65384328804127,0.18767675238472226,0.18172248572258254,0.29314020151733833,0.2678921473173137,0.11360621785772462
AR,2026-05-07 00:00:00+00:00,2026-05-07 12:00:00+00:00,0.3694227769110765,0.0531890001922496,76.45755726406117,-0.0860320823244552,56.31608507639813,-0.120827637415167,-0.0979649802283726,-8.706709007043443,-0.0184516535304425,-0.0358610964529131,0.0411293050877772,0.1384537645275395,0.1384537645275395,1.042780333804389,1.690855867205426,2.415,2026-05-07 16:00:00+00:00,0.1725051759834368,-0.0613664596273292,True,True,True,True,True,2026-05-07 00:00:00+00:00,2.6432,12.0,0,4,3,12.0,12.0,1,62.4322602138617,0.09554622200025076,0.05277412673756343,0.2719310909003416,0.21576744399981607,0.12320493893437123
ICP,2026-05-07 00:00:00+00:00,2026-05-07 12:00:00+00:00,0.3630426431041107,0.0562136576082323,80.40814848469421,-0.0944797652524758,63.03199060344226,-0.1312204605907982,-0.0701184209355206,-11.8558559120925,0.0089621987608263,0.0007957569638117,0.0992007836327613,0.0468980797636621,0.0468980797636621,1.4108024808121549,1.9087307771420343,2.9642,2026-05-07 16:00:00+00:00,0.3812158423858038,-0.0192969435260778,True,True,True,True,True,2026-05-07 00:00:00+00:00,3.2716,12.0,0,3,2,12.0,12.0,0,67.78496533596945,0.13558790179594138,0.1904519321737863,0.3730641708985605,0.363223467644485,0.10136929603697431
VVV,2026-05-06 00:00:00+00:00,2026-05-07 16:00:00+00:00,0.2072663346029886,0.0480512696995743,66.37694106022715,-0.085681989449887,70.10686075574478,-0.1357539320042079,-0.2016667957910386,-3.4764701140116614,0.0046721578160093,-0.0083997747952271,0.112915571874689,0.0349726775956265,0.0349726775956265,1.6253220357661045,1.4177178252471732,12.143,2026-05-07 20:00:00+00:00,0.5920283290784814,-0.0405995223585604,True,True,True,True,True,2026-05-07 08:00:00+00:00,13.27,8.0,8,5,4,16.0,12.0,0,88.6548634406309,0.20882666748316558,0.17019400352733682,0.4233768462602836,0.4155874634635488,0.08335389202930399
HMSTR,2026-05-08 00:00:00+00:00,2026-05-08 04:00:00+00:00,0.3630573248407645,0.0529271384326297,76.3167503371202,-0.1565217391304347,52.34617480933069,-0.167881086945474,-0.1837044654411402,-9.934467452356522,-0.0448608125227484,-0.0633047210300429,0.0054418243068152,0.3055555555555554,0.3055555555555554,1.12223969833227,1.8101601066956576,0.000192,2026-05-08 08:00:00+00:00,0.078125,-0.09375,True,False,False,True,True,2026-05-08 00:00:00+00:00,0.00023,4.0,0,2,1,4.0,4.0,0,62.907084538169386,0.10822060353798135,0.05022831050228316,0.2432432432432432,0.19791666666666674,0.13471502590673579
NIL,2026-05-08 00:00:00+00:00,2026-05-08 04:00:00+00:00,1.196795085480261,0.2507403407486345,87.56518683927084,-0.2187982643230124,68.03989227333751,0.0086728427254638,-0.2855874369187392,29.512718809442205,0.0944762399029575,0.1330919903011258,0.4241183055914945,0.6169282733955895,0.7106099741704751,9.528395801235758,3.074995029156148,0.074354,2026-05-08 08:00:00+00:00,0.0270059445355999,-0.2762057185894505,False,False,False,False,False,2026-05-08 00:00:00+00:00,0.095179,4.0,0,1,1,4.0,4.0,0,67.45486682232041,0.45179089012558693,1.0586365012761174,1.346853733109774,1.3854983834181311,0.18203492964339008
NOT,2026-05-08 00:00:00+00:00,2026-05-08 08:00:00+00:00,0.743073047858942,0.0807247306758467,84.45635690453112,-0.0882740447957839,65.20569264893018,-0.1226889914200631,-0.0776985696628442,-10.304773760540854,0.0326369720372947,0.0297619047619048,0.165670007580224,0.2631578947368427,0.2631578947368427,0.4777727036795381,1.1354864531423443,0.000688,2026-05-08 12:00:00+00:00,0.1162790697674418,-0.2049418604651164,True,True,True,True,True,2026-05-08 04:00:00+00:00,0.000759,4.0,1,3,3,8.0,8.0,0,74.32448927601587,0.26913538014196536,0.14135338345864668,0.40555555555555567,0.5240963855421688,0.16363636363636358
INIT,2026-05-08 00:00:00+00:00,2026-05-08 08:00:00+00:00,0.2424802021140404,0.0496750118671313,71.58384960832063,-0.1150730762458178,54.34073121991473,-0.1057862025038324,-0.3746038144739659,21.14369695595211,-0.0280954581324617,-0.0363580194307141,0.0212381153173015,0.1595505617977534,0.1595505617977534,0.6314152918276823,1.2228052021883566,0.10078,2026-05-08 12:00:00+00:00,0.1325659853145466,-0.015896011113316,True,True,True,True,True,2026-05-08 04:00:00+00:00,0.11358,4.0,1,2,2,8.0,8.0,0,60.76928288522368,0.056373617510462104,0.10874658336587273,0.2336801859535551,0.2464607888325543,0.0464694656488549
USUAL,2026-05-07 00:00:00+00:00,2026-05-08 08:00:00+00:00,0.150943396226415,0.0316085624031662,66.33043883729626,-0.193939393939394,54.243221498044335,0.0239725620218891,-0.1175449589576477,25.494657640825764,-0.0059950078165511,-0.0043668122270742,0.0220614133393102,0.1739130434782618,0.6304347826086945,4.226989616487228,0.9243587838167248,0.01603,2026-05-08 12:00:00+00:00,0.122894572676232,-0.0174672489082968,True,True,True,True,True,2026-05-08 04:00:00+00:00,0.0198,4.0,7,1,1,4.0,4.0,0,52.9733154088994,0.01514031309267394,0.2507896399241947,0.2515802781289507,0.335131490222522,0.12539382482671724
DYDX,2026-05-08 00:00:00+00:00,2026-05-08 08:00:00+00:00,0.2842522284582371,0.0751770757994098,77.31714205342581,-0.1932057416267942,54.683153808181,-0.0106553605380212,-0.3155715081510108,24.520558495361804,-0.0240059106732918,-0.021143476353879,0.0518501883873543,0.3866822429906525,0.3866822429906525,8.248990668709212,1.1500822042576524,0.16801,2026-05-08 12:00:00+00:00,0.0950538658413191,-0.0676150229153025,True,False,True,True,True,2026-05-08 04:00:00+00:00,0.209,4.0,1,2,2,8.0,8.0,0,55.27209793941832,0.06252782183990924,0.3758146270818248,0.35599818335171607,0.3779008438818563,0.15456884686733274
GALA,2026-05-08 00:00:00+00:00,2026-05-08 16:00:00+00:00,0.1779874213836478,0.0428080408861965,66.94621969894229,-0.0920557645496791,78.37868692438934,0.0031752296886828,0.1628765054896597,-5.339366443091478,0.0585462230894766,0.070130698119222,0.1080953345486461,0.8823529411764703,0.9941176470588228,1.6330403392581794,1.0983408354011213,0.00411,2026-05-08 20:00:00+00:00,0.0875912408759125,-0.1236009732360097,True,False,True,True,True,2026-05-08 12:00:00+00:00,0.004519,4.0,3,1,1,4.0,4.0,0,78.13060430998954,0.11818380504862858,0.24182467710909594,0.23066448801742911,0.3727217496962332,0.04894925679138917
ONDO,2026-05-05 00:00:00+00:00,2026-05-09 04:00:00+00:00,0.191650853889943,0.0299305762105451,76.26434265839552,-0.10623973727422,78.9052594591437,-0.1208373196196246,-0.1143718073533461,-10.00134255753612,0.0512820763641057,0.0664997550753823,0.1859582801099237,0.0799623706491053,0.0799623706491053,1.0012402131445983,1.0307632660362434,0.43536,2026-05-09 08:00:00+00:00,0.0592153619992648,-0.1421122748989343,True,False,False,False,True,2026-05-09 00:00:00+00:00,0.4872,4.0,24,2,1,12.0,4.0,0,89.75046509595339,0.2478266222008898,0.3555926544240402,0.5070060936001732,0.5194610778443116,0.0856042815793785
OP,2026-05-07 00:00:00+00:00,2026-05-09 04:00:00+00:00,0.1781694803045348,0.0357830030017838,69.69845794013747,-0.0907588031079517,74.7800480903162,-0.1023234771228567,-0.1195432873288789,-3.1034666441759526,0.0373532973054864,0.0471019602312792,0.1162148815120991,0.1020979020979034,0.1020979020979034,1.4603662107715412,1.1626065096617602,0.16489,2026-05-09 08:00:00+00:00,0.0203165746861544,-0.1297834920249864,False,False,False,False,False,2026-05-08 20:00:00+00:00,0.18147,8.0,11,2,1,8.0,8.0,0,88.72449201305794,0.19265258191495627,0.22722661797524846,0.27463651050080773,0.4137581801184169,0.06265477959385835
STRK,2026-05-09 00:00:00+00:00,2026-05-09 08:00:00+00:00,0.4526207074619157,0.0788338267532276,78.88050563352412,-0.1093848085373508,76.3108528275434,-0.1049358273617604,-0.080378118888212,-10.168892309282612,0.0374376673425695,0.0253347519723767,0.1753984445387986,0.2888888888888898,0.2888888888888898,0.9617354853182214,0.8654794985993725,0.05672,2026-05-09 12:00:00+00:00,0.0077574047954867,-0.1967559943582509,False,False,False,False,False,2026-05-09 04:00:00+00:00,0.06372,4.0,1,1,1,4.0,4.0,0,85.25740964763892,0.23178195125028922,0.22562031159838414,0.5317307692307693,0.4867008866075595,0.1035873487582255
PYTH,2026-05-09 00:00:00+00:00,2026-05-09 12:00:00+00:00,0.2241128949790367,0.0471214934361578,74.59726513525854,-0.0846850275095529,60.93299405448148,-0.0968579618439224,-0.2287518848789245,4.124924518680153,-0.0033374684775776,-0.004424549832235,0.0530434520883289,0.3589076723016909,0.3589076723016909,11.792157329389768,1.007136718432595,0.057698,2026-05-09 16:00:00+00:00,0.0714756144060453,-0.1372837879995839,True,False,True,True,True,2026-05-09 04:00:00+00:00,0.063069,8.0,1,3,3,12.0,12.0,0,78.12750312093569,0.13628625146190143,0.18115589182710323,0.2054242082529003,0.24056334703672366,0.06463940601626894
FIL,2026-05-07 00:00:00+00:00,2026-05-09 12:00:00+00:00,0.2132873994287334,0.0375228601658241,75.79304315098443,-0.0892100484261502,60.28407896914214,-0.0532912807615784,-0.170722909965288,3.089857412400093,-0.0040876991102116,-0.0088472095150961,0.0522634985991092,0.272264631043256,0.272264631043256,0.8875720984872557,0.8133642487020465,1.2066,2026-05-09 16:00:00+00:00,0.0147521962539367,-0.1490137576661694,False,False,False,False,False,2026-05-08 20:00:00+00:00,1.3216,16.0,11,5,3,24.0,16.0,1,74.38627644441871,0.17179694907742116,0.20309512972234867,0.18752807979153574,0.3573666101781956,0.12715614557933708
RSR,2026-05-06 00:00:00+00:00,2026-05-10 00:00:00+00:00,0.1869273060476481,0.0470474233616028,63.66971355900104,-0.0801440792435839,51.31900754351825,-0.0646020813379364,-0.0784620412498714,-1.0055032727050772,-0.0196916069499119,-0.0329757021142316,-0.0102942957490613,0.1621621621621615,0.1621621621621615,0.9525077077563228,0.8387413043800646,0.002034,2026-05-10 04:00:00+00:00,0.0796460176991151,-0.0747295968534905,True,False,True,True,True,2026-05-09 00:00:00+00:00,0.002221,24.0,18,8,4,40.0,32.0,1,72.15042405827958,0.07757668033692688,0.10883674488267592,0.1262677484787018,0.09032891507118301,0.07275464124435538
BRETT,2026-05-10 00:00:00+00:00,2026-05-10 04:00:00+00:00,0.2626490897677338,0.037903464512212,81.10569490526291,-0.0959530026109659,67.73355760917467,-0.163990085718623,-0.1403955635710565,-13.121258520230027,0.0134888919794142,0.0160462056196655,0.0705314009661837,0.2342342342342341,0.2342342342342341,2.697095932248564,1.5032110775443293,0.00969,2026-05-10 08:00:00+00:00,0.152425180598555,-0.1048503611971105,True,True,True,True,True,2026-05-10 00:00:00+00:00,0.010724,4.0,0,1,1,4.0,4.0,0,81.02004109293074,0.11908273731667274,0.15460809646856166,0.21120397560424653,0.33200844615575686,0.05626075731497404
BANANA,2026-05-10 00:00:00+00:00,2026-05-10 04:00:00+00:00,0.1909870695173472,0.0282768452914206,76.36424494962665,-0.1013068456827794,49.18843987012173,-0.0251641250651797,-0.4044091731705178,12.301293852716697,-0.037287667321242,-0.0412945871788476,-0.0144230491842246,0.6272084805653724,0.6272084805653724,25.898664511411305,1.6399324794930108,4.2693,2026-05-10 08:00:00+00:00,0.0514135806806737,-0.0786545803761741,True,False,True,True,True,2026-05-10 00:00:00+00:00,4.7519,4.0,0,1,1,4.0,4.0,0,50.45817571435866,-0.003453869964744505,0.11790999129555124,0.12012351790302422,0.12300893321359374,0.1527562385450445
LAYER,2026-05-10 00:00:00+00:00,2026-05-10 08:00:00+00:00,0.1937926991229854,0.0330531395226114,72.26566065549056,-0.1824544170912886,80.20084653353015,-0.1293992453354816,0.0831441618371886,-20.53952733316254,0.1901059853096831,0.2541135674216972,0.3741126747628942,0.149425287356323,0.149425287356323,38.96335027961362,4.215912529284249,0.13344,2026-05-10 12:00:00+00:00,0.0295263788968824,-0.2916891486810551,False,False,False,False,False,2026-05-10 04:00:00+00:00,0.16289,4.0,1,1,1,4.0,4.0,0,92.12126925439566,0.49342035346995794,0.7808608569210753,0.8386328490964297,0.8420427687749497,0.2755599710982659
POPCAT,2026-05-07 00:00:00+00:00,2026-05-11 00:00:00+00:00,0.2118424440058355,0.0427883987226828,70.34403932246249,-0.1069055407892047,52.43333194968991,-0.1223635835751929,-0.2001941351022509,5.60216818499422,-0.0159838043282836,-0.0119568598006354,0.0018778938918275,0.3224161073825481,0.3224161073825481,2.8535577546151973,1.9359455545026647,0.06992,2026-05-11 04:00:00+00:00,0.0434639588100687,-0.1548340961098397,False,False,False,False,False,2026-05-10 16:00:00+00:00,0.078256,8.0,22,2,2,8.0,8.0,0,72.65643034240736,0.0877376410797015,0.14245671406464422,0.11902991477435232,0.15597441540984103,0.04642624586098454
LINEA,2026-05-09 00:00:00+00:00,2026-05-11 00:00:00+00:00,0.2268741159830267,0.0441304970047103,72.82648057231613,-0.0894085281980744,48.43999476339196,-0.1034416289004132,-0.1383575646757258,0.4858911913057397,-0.0242427142124826,-0.0238654360766752,-0.0311722523049904,0.1986301369862988,0.1986301369862988,1.6120643133723764,1.2303206262862376,0.003974,2026-05-11 04:00:00+00:00,0.0226472068444891,-0.1016607951685959,False,False,False,False,False,2026-05-09 00:00:00+00:00,0.004362,48.0,0,6,2,48.0,48.0,1,67.60021905299021,0.09840227733182894,0.09159159159159169,0.18758508031581833,0.18629317378297539,0.05139132614690389
WIF,2026-05-07 00:00:00+00:00,2026-05-11 00:00:00+00:00,0.1735116205030245,0.0369485849476965,69.8769118686007,-0.0866961942257217,51.11983092418969,-0.1709841621214347,-0.1696742758736537,-3.3024319132961395,-0.0196123313473292,-0.0186112784053351,-0.009850366026352,0.2416158536585372,0.2416158536585372,1.3043274373692573,2.3718666457250253,0.22265,2026-05-11 04:00:00+00:00,0.0577139007410734,-0.0977767796990791,True,False,True,True,True,2026-05-10 16:00:00+00:00,0.24384,8.0,22,5,2,48.0,8.0,1,68.90428555513428,0.0556665141760484,0.08070735274564544,0.08200212992545253,0.12146437934047727,0.03763983329677556
ENS,2026-05-11 00:00:00+00:00,2026-05-11 04:00:00+00:00,0.1566215919430238,0.0316710940042593,71.77794218632839,-0.0881998721919087,69.75364375471669,0.0211980267028846,-0.0463627105025133,2.312881014856444,0.0298593633219974,0.0381892187713779,0.0686033406906783,0.2155667144906749,0.432568149210905,3.752143023915146,1.3862851597539507,7.4278,2026-05-11 08:00:00+00:00,0.0097202401787876,-0.1355313821050647,False,False,False,False,False,2026-05-11 00:00:00+00:00,8.1372,4.0,0,1,1,4.0,4.0,0,68.30569774985608,0.0670551017284442,0.19943397895109216,0.148251629836593,0.26876120682934435,0.044031585137064955
ALGO,2026-05-09 00:00:00+00:00,2026-05-11 04:00:00+00:00,0.1800935321627106,0.0350972239355067,71.92033776702743,-0.0832960810609447,41.702757073349545,-0.0471198206364055,-0.288676652531551,9.307191967029596,-0.0324123355060075,-0.0355183165816015,-0.0467816096406449,0.1243781094527365,0.1243781094527365,0.5683736812861301,0.7342742016241981,0.12298,2026-05-11 08:00:00+00:00,0.0382989103919335,-0.1055456171735241,False,False,False,False,False,2026-05-09 00:00:00+00:00,0.13422,52.0,0,13,8,52.0,52.0,1,66.86833090293759,0.05053957906870421,0.045978802992518775,0.09917287691425769,0.12299196787148592,0.05667021537957595
S,2026-05-09 00:00:00+00:00,2026-05-11 08:00:00+00:00,0.2370668926191403,0.0364198390477877,72.9414674351656,-0.0877523092712965,55.49544310728557,-0.0448253080510416,-0.1124874321948188,-2.780766430554337,-0.0107783106133251,-0.0160254373322781,0.0070757790060673,0.1551546391752593,0.1551546391752593,1.0744876662426484,1.326138100911416,0.053304,2026-05-11 12:00:00+00:00,0.0122317274500975,-0.1624080744409425,False,False,False,False,False,2026-05-10 16:00:00+00:00,0.05846,16.0,10,3,2,20.0,20.0,0,68.43993420936653,0.08179086532671942,0.11469158165697402,0.11098441657164582,0.19628386674306286,0.09695411317615465
JUP,2026-05-09 00:00:00+00:00,2026-05-11 12:00:00+00:00,0.3813396588726985,0.052323888032281,80.76430154368188,-0.1364868283164093,51.15162785369285,-0.2173622729154316,-0.2347594496411321,-12.16922187846484,-0.0485312572581179,-0.0575718004224327,-0.0328129616662685,0.1707677165354333,0.1707677165354333,2.123178025686049,1.8962263003378228,0.23888,2026-05-11 16:00:00+00:00,0.0570579370395176,-0.172094775619558,True,False,True,True,True,2026-05-10 20:00:00+00:00,0.27673,16.0,11,3,1,20.0,16.0,0,76.9958369536688,0.11395226579749762,0.10993903417295026,0.13144983236568808,0.34400194269062645,0.06556389769944193
PUMP,2026-05-09 00:00:00+00:00,2026-05-12 00:00:00+00:00,0.2001111728738187,0.0368446379355101,68.72703107013787,-0.1021314387211368,40.72440507513418,-0.1783950740071791,-0.1743631765785114,-5.770266173703995,-0.0393598577020278,-0.0468258956631049,-0.0590315750285036,0.0454545454545465,0.0454545454545465,0.9702727528733008,1.5853488789971195,0.002021,2026-05-12 04:00:00+00:00,0.0123701138050471,-0.1553686293913903,False,False,False,False,False,2026-05-10 16:00:00+00:00,0.002252,32.0,10,14,8,72.0,72.0,1,69.36966604519587,0.052135604400782354,0.03587856485740559,0.04452690166975892,0.12151394422310768,0.03207276208712284
SEI,2026-05-10 00:00:00+00:00,2026-05-12 04:00:00+00:00,0.2051032266885426,0.0320752208671534,72.27059261125129,-0.0930069404424844,56.56227465780373,-0.0593168324058188,-0.1627517161963988,5.807237711717754,-0.0178184715556517,-0.0300678346068138,0.0092592334436487,0.0744724865535785,0.0744724865535785,0.9759753021906732,0.9481590862160778,0.072431,2026-05-12 08:00:00+00:00,0.0014910742637821,-0.1582609656086481,False,False,False,False,False,2026-05-10 16:00:00+00:00,0.079822,36.0,4,8,2,36.0,36.0,1,80.17567893953917,0.1686427111446187,0.16333163302484888,0.2391641828117239,0.3161956270817532,0.09795674784733865
SUI,2026-05-11 00:00:00+00:00,2026-05-12 08:00:00+00:00,0.3807804141099533,0.0577934594674188,84.45233888767831,-0.0865961068758789,57.88611058498829,-0.1186889218698799,-0.1531184880238341,-5.752064339014552,-0.0240546019223233,-0.0377971446392682,0.0227489329963119,0.0487329434697846,0.0487329434697846,0.9437710519383976,1.1432510168503065,1.2353,2026-05-12 12:00:00+00:00,0.0354569740144092,-0.1615801829515097,False,False,False,False,False,2026-05-11 00:00:00+00:00,1.3511,32.0,0,8,5,32.0,32.0,1,75.4021206853946,0.19542432225909834,0.24102140167171848,0.24686231081579924,0.4028511800313568,0.128587736464449
ARB,2026-05-09 00:00:00+00:00,2026-05-12 08:00:00+00:00,0.2158267246525114,0.0402141953365568,70.86163081340706,-0.0814171122994653,47.27237001888948,-0.0612874666081438,-0.1522208790448356,-3.176358214921123,-0.0193799282327304,-0.0228876160379221,-0.0304988606139281,0.3768656716417864,0.3768656716417864,0.3225769295314812,0.7697101871734191,0.13747,2026-05-12 12:00:00+00:00,0.0428457117916634,-0.1430857641667273,False,False,False,False,False,2026-05-09 08:00:00+00:00,0.1496,72.0,2,17,5,80.0,80.0,3,67.01691123104933,0.0841881316009423,0.10913404507710567,0.1734253666954273,0.1964171465131157,0.061738247243180666
CELO,2026-05-11 00:00:00+00:00,2026-05-12 12:00:00+00:00,0.1522546062148855,0.0320672927145857,68.7129647280859,-0.08759562312385,39.03999359056017,-0.1220684625200675,-0.250462674634584,-0.3324651955663,-0.0345743531791693,-0.0421210293390081,-0.0431974654237493,0.0887128712871295,0.0887128712871295,1.5718730590289578,1.4284525458684407,0.09435,2026-05-12 16:00:00+00:00,0.046422893481717,-0.1314361420243773,False,False,False,False,False,2026-05-11 00:00:00+00:00,0.10327,36.0,0,8,5,36.0,36.0,0,57.84973430660708,0.020401443104197003,0.08501964739750778,0.05030307961433644,0.11296719403371136,0.026623799617558674
SNX,2026-05-09 00:00:00+00:00,2026-05-12 12:00:00+00:00,0.1579279648978817,0.0333864622436917,71.29065580240086,-0.0847805241849561,42.31283080165558,-0.1265710280778565,-0.1393093640017885,-3.81030646761274,-0.0235514855299845,-0.0254410346588007,-0.0359704963934113,0.0238636363636412,0.0238636363636412,1.5061307261519454,1.427859222249243,0.34322,2026-05-12 16:00:00+00:00,0.0409067070683526,-0.1106870229007633,False,False,False,False,False,2026-05-09 00:00:00+00:00,0.37544,84.0,0,16,8,84.0,84.0,2,71.90967381834642,0.09001479443444627,0.12178797657463858,0.1523987844930783,0.14526264413397594,0.05920400909037915
ENA,2026-05-11 00:00:00+00:00,2026-05-12 12:00:00+00:00,0.2056705260278968,0.04258491371977,70.66274573621571,-0.0999476322286228,39.92315736125474,-0.0954270499769199,-0.1854374402671655,0.1639688170032158,-0.0468039173816261,-0.0558573483890657,-0.0677365237908895,0.1709844559585481,0.1709844559585481,1.3485498711573234,1.0194364657335817,0.12027,2026-05-12 16:00:00+00:00,0.04539785482664,-0.1255508439344808,False,False,False,False,False,2026-05-11 00:00:00+00:00,0.13367,36.0,0,8,6,36.0,36.0,0,52.70620249885765,-0.0067418003291151996,0.04601299006182047,0.00860182600166004,0.11773559662179123,0.042562894276810814
SAGA,2026-05-13 00:00:00+00:00,2026-05-13 04:00:00+00:00,1.5697036223929746,0.187234718751381,89.54184578564374,-0.3576404005224205,51.09420085511197,0.0166585904761653,-0.4550596757656644,31.372733667129545,-0.1579837952710239,-0.1966181675186786,0.0432538490092446,0.2231638418079092,0.4237288135593222,4.893562735987627,0.9895668281839544,0.02961,2026-05-13 08:00:00+00:00,0.2637622424856467,-0.3150962512664641,True,True,False,False,False,2026-05-13 00:00:00+00:00,0.04594,4.0,0,1,1,4.0,4.0,0,50.256990236202434,0.03460064415135755,0.5781518378564068,1.2597147073290702,1.3827800829875523,0.3565848214285714
APT,2026-05-11 00:00:00+00:00,2026-05-13 12:00:00+00:00,0.164025436560008,0.0289714490002554,71.34237536015321,-0.1053359854708986,38.41254048855831,-0.2223500586998681,-0.2546970840955049,-8.447423747320464,-0.0476337776598573,-0.0472560195655067,-0.069690061556032,0.0537313432835826,0.0537313432835826,2.0533824398845333,2.4875700104685903,1.0345,2026-05-13 16:00:00+00:00,0.0414693088448525,-0.1358144030932817,False,False,False,False,False,2026-05-11 00:00:00+00:00,1.1563,60.0,0,12,9,60.0,60.0,1,54.180025875719586,0.009797079908282935,0.05482576172231357,0.02155667461789923,0.11001247960065275,0.08457224249977746
GMT,2026-05-12 00:00:00+00:00,2026-05-13 12:00:00+00:00,0.1690795823462316,0.0298448998469828,72.81721094242619,-0.1108088235294117,42.87506204423863,-0.2292001872432201,-0.2772048466963713,-7.627450930002851,-0.0569429498852986,-0.0668101415599893,-0.0526142613164534,0.0,0.0,0.7470912818793236,1.9879092867697656,0.012102,2026-05-13 16:00:00+00:00,0.1018013551479095,-0.1588993554784332,True,True,True,True,True,2026-05-12 20:00:00+00:00,0.0136,16.0,5,10,7,36.0,36.0,1,62.64511085357287,0.04860450364731994,0.02071450015010501,0.10085802169337854,0.1360788572383258,0.0406047174291595
INJ,2026-05-12 00:00:00+00:00,2026-05-13 12:00:00+00:00,0.1827692307692308,0.0373629171437706,78.40868891913786,-0.1031130007745423,68.3584405038441,-0.183792757159354,-0.062647853492639,-19.23084523119192,0.0572665105513228,0.0749240138256432,0.1632601807174192,0.0490625547573163,0.0490625547573163,4.306381518688871,2.1821185323888805,5.4404,2026-05-13 16:00:00+00:00,0.0049812513785751,-0.1839202999779429,False,False,False,False,False,2026-05-13 08:00:00+00:00,6.0681,4.0,8,2,2,4.0,4.0,0,83.75132799108253,0.27025948623200646,0.2564394566837833,0.3650597260027446,0.4720537577021977,0.08873740485323056
RUNE,2026-05-09 00:00:00+00:00,2026-05-13 12:00:00+00:00,0.1592471739890455,0.0301755189110409,83.81977211910299,-0.0898169784985023,41.92045461915282,-0.1917836517710832,-0.2850949423150649,-6.537424526721566,-0.0346623176022793,-0.0374019339536582,-0.041526528704576,0.0,0.0,2.5499511193337017,1.7061436644001058,0.58031,2026-05-13 16:00:00+00:00,0.03137977977288,-0.2966345573917389,False,False,False,False,False,2026-05-11 16:00:00+00:00,0.63763,44.0,16,15,5,108.0,44.0,3,66.1585134564057,0.02970677561796853,0.038992993319211244,0.07024404981704668,0.06769926322839925,0.030794439095255033
TIA,2026-05-09 00:00:00+00:00,2026-05-13 12:00:00+00:00,0.2867560167171064,0.0457174876362518,73.25790224834455,-0.1127382300443352,54.50418127709467,-0.1878676232812136,-0.2304247640728115,-11.147046221512866,-0.0153820933878057,-0.0087248018335903,0.0130795941019652,0.0556592039800982,0.0556592039800982,2.391608482625025,1.6322523427816242,0.46178,2026-05-13 16:00:00+00:00,0.0470570401489887,-0.2085192082809996,False,False,False,False,False,2026-05-13 08:00:00+00:00,0.52103,4.0,26,3,2,12.0,8.0,0,67.11243491769767,0.07728326934940921,0.16182045221424413,0.15086254500474894,0.19286155818585593,0.07954891139020459
2Z,2026-05-09 00:00:00+00:00,2026-05-13 12:00:00+00:00,0.1629447881848138,0.0324648869387598,68.4504143732564,-0.0868337129840546,46.08814280258199,-0.2400016408161934,-0.1856301756703836,-19.414215848662806,-0.0355283341121471,-0.03660347129506,-0.0373088450011527,0.042678923177939,0.042678923177939,1.3624022364106154,2.4698809790301217,0.10019,2026-05-13 16:00:00+00:00,0.076454736001597,-0.1540672721828526,True,False,True,True,True,2026-05-11 16:00:00+00:00,0.10975,44.0,16,17,10,80.0,80.0,4,60.794092839447714,0.03134398734223898,0.06038647342995174,0.08965448768864182,0.10612779681515816,0.037836946665567694
CFX,2026-05-15 00:00:00+00:00,2026-05-15 08:00:00+00:00,0.1734723561924886,0.0395251545548173,72.09306454872281,-0.0803625837903717,56.9476800951557,-0.0859780969457322,-0.1995899561356844,0.0709730214576964,-0.0081012322664488,-0.0104473873942245,0.0406121450720036,0.3895716945996285,0.3895716945996285,1.0725667599291426,0.8098007230802764,0.072409,2026-05-15 12:00:00+00:00,0.0001933461310057,-0.2197240674501788,False,False,False,False,False,2026-05-15 04:00:00+00:00,0.078768,4.0,1,2,2,8.0,8.0,0,62.30450266548434,0.07072741910445401,0.11430511543684929,0.1494279710483306,0.21153579943090062,0.04665246322671002
STABLE,2026-05-15 00:00:00+00:00,2026-05-15 08:00:00+00:00,0.2087636470935379,0.0517041779915335,73.87113462334047,-0.0846088538508186,47.63913448034185,-0.0604896707847417,-0.2509966090638084,-2.751198375930884,-0.0385240217385884,-0.0509598457540448,-0.0405266081800718,0.229638009049775,0.229638009049775,0.7988843545609986,0.4673814076745534,0.037693,2026-05-15 12:00:00+00:00,0.0179343644708567,-0.1922638155625712,False,False,False,False,False,2026-05-15 00:00:00+00:00,0.041225,8.0,0,1,1,8.0,8.0,0,51.02235628389508,-0.015352511932815838,0.041614027995350744,0.06883588281047448,0.10224325552792712,0.060895671753815384
MANTA,2026-05-13 00:00:00+00:00,2026-05-15 08:00:00+00:00,0.2101491664229309,0.0316832992532068,76.36322356225583,-0.0882482394366197,54.78379561476448,-0.0708633831268452,-0.2362114984582757,9.035104418252352,-0.0137241199651971,-0.0072683706070286,-0.0015303601768952,0.0462184873949576,0.0462184873949576,0.4839499237901467,0.7917164539454786,0.08299,2026-05-15 12:00:00+00:00,0.002650921797807,-0.1088082901554403,False,False,False,False,False,2026-05-15 00:00:00+00:00,0.09088,8.0,12,3,2,12.0,12.0,0,72.1754000940231,0.06938958761823288,0.133873986275733,0.10104191906954196,0.15286058607129283,0.0656584751102709
LIT,2026-05-21 00:00:00+00:00,2026-05-21 12:00:00+00:00,0.4909836925479955,0.0674815346912269,70.05545998530752,-0.0863617803184974,81.07619849734553,-0.0690039372852401,-0.0758355287346884,-6.975515114386653,0.0497328984961746,0.0456602826506504,0.1926521964122711,0.1675845790715979,0.1675845790715979,2.1251864043627453,1.392858516647253,1.341,2026-05-21 16:00:00+00:00,0.1014168530947055,-0.1828486204325129,True,True,False,True,True,2026-05-21 08:00:00+00:00,1.4694,4.0,2,2,2,4.0,4.0,0,87.08543649575647,0.2413313362473377,0.2236842105263157,0.5259517726961183,0.6273506545285401,0.09370473076445518
PURR,2026-05-21 00:00:00+00:00,2026-05-21 16:00:00+00:00,0.5871228526057457,0.0896570789129657,76.04157610585483,-0.0909618032905704,81.62320426439173,-0.1156197964098272,-0.084059245672436,-16.445334952405716,0.1263374640306838,0.13907036164712,0.3407558454955808,0.6889610389610389,0.6889610389610389,6.624667040242645,3.646561488789957,0.12542,2026-05-21 20:00:00+00:00,0.1683941955031096,-0.2967628767341732,True,True,True,True,True,2026-05-21 12:00:00+00:00,0.13797,4.0,3,2,2,4.0,4.0,0,92.29424622242723,0.44953133984257865,0.3461801151331838,0.7138704628456436,0.972352470265325,0.20303224038724998
HYPE,2026-05-19 00:00:00+00:00,2026-05-22 00:00:00+00:00,0.2303570508526973,0.0448088799903858,64.288812721858,-0.0817783883954246,66.3458465106473,-0.0591494203333884,-0.2033361037996607,-5.448574903463253,0.01526238924704,0.0046006789351438,0.0974642250568282,0.4381091617933694,0.4381091617933694,0.777838206044189,0.9865804276166398,57.477,2026-05-22 04:00:00+00:00,0.1263635889138263,-0.0604937627224801,True,True,True,True,True,2026-05-21 12:00:00+00:00,62.596,12.0,15,2,2,12.0,12.0,0,83.27959485434386,0.20928584226818314,0.21817651065486032,0.30981376857083065,0.3995438894602692,0.0683738258907487
APEX,2026-05-22 00:00:00+00:00,2026-05-22 08:00:00+00:00,0.2032883850297504,0.0451448495206347,72.02713123009698,-0.1219421148246772,77.223237134611,-0.0998281747352399,-0.0872240184352429,-5.571083171066988,0.0382625453550957,0.0318242226720777,0.1402892171358487,0.1923365890308004,0.1923365890308004,2.023862886051464,1.604169845030012,0.353,2026-05-22 12:00:00+00:00,0.0638243626062322,-0.1150424929178469,True,False,True,True,True,2026-05-22 04:00:00+00:00,0.40183,4.0,1,1,1,4.0,4.0,0,85.78721858118362,0.17863136273838576,0.2318516247700797,0.421099165369925,0.4038219675796535,0.1053684791609164
ZEC,2026-05-21 00:00:00+00:00,2026-05-22 12:00:00+00:00,0.3072786223231794,0.0757389160304661,73.52042181406517,-0.0850097528312323,54.72225528833906,-0.112482630116583,-0.1889394002501164,-1.433937158570238,-0.0276208026559903,-0.0393923803022814,0.0001344480588962,0.1365015166835212,0.1365015166835212,1.153495633997834,0.9957352020620596,628.9,2026-05-22 16:00:00+00:00,0.0939736047066306,-0.1092065511210048,True,False,False,False,True,2026-05-21 16:00:00+00:00,686.98,20.0,4,9,7,36.0,36.0,0,73.0797829198654,0.10112461567033271,0.013558771890998855,0.20183341788982,0.23568666246964654,0.0849229609063018
KAITO,2026-05-22 00:00:00+00:00,2026-05-22 16:00:00+00:00,0.186322463768116,0.0522194121304615,60.77331469777072,-0.0857902820964298,49.196444579323625,-0.144797661754905,-0.2547696997203519,0.1682098215436269,-0.035484905593923,-0.0502821560614906,0.0010142227044367,0.0371219065077899,0.0371219065077899,1.0476040589891158,1.4344471917237869,0.48875,2026-05-22 20:00:00+00:00,0.13139641943734,-0.0278056265984654,True,True,True,True,True,2026-05-22 08:00:00+00:00,0.53386,8.0,2,5,4,16.0,16.0,0,66.02394033396834,0.08249145186403672,0.08347370771010487,0.14488526699549653,0.16233398650119746,0.06403101089846364
NEAR,2026-05-22 00:00:00+00:00,2026-05-22 16:00:00+00:00,0.2892346734339521,0.0530958366120616,77.7999592701682,-0.094959168840053,72.80630019802678,-0.1239586321409595,-0.1853563480767945,-5.81608983563639,0.0315656917716098,0.0399467231459547,0.1564780087249402,0.1188959660297236,0.1188959660297236,5.044365770875579,1.4393360984991876,2.1169,2026-05-22 20:00:00+00:00,0.4075771174831122,-0.0505456091454484,True,True,False,True,True,2026-05-22 12:00:00+00:00,2.3389,4.0,3,4,2,12.0,8.0,0,83.1082901666599,0.21863560916539893,0.2933532404335326,0.38461993843239406,0.44189630725602624,0.10018130018130011
2Z,2026-05-22 00:00:00+00:00,2026-05-22 16:00:00+00:00,0.2254209668658335,0.0572006462508618,68.17226693056908,-0.0991582491582491,55.18536111890464,-0.2345186607845898,-0.2243783786158746,-18.744278377813643,-0.0312819305192364,-0.0480435663527015,0.0310802979554223,0.0229621125143519,0.0229621125143519,0.947279422234584,1.74798385953804,0.10712,2026-05-22 20:00:00+00:00,0.0380881254667662,-0.1255041075429426,False,False,False,False,False,2026-05-22 12:00:00+00:00,0.1188,4.0,3,5,4,16.0,12.0,1,72.09236632138881,0.11879029098463856,0.03538434721980144,0.22358175750834275,0.33702478222702403,0.056214724179129094
ALT,2026-05-23 00:00:00+00:00,2026-05-23 08:00:00+00:00,0.2384487198909255,0.0455579131494981,61.02440876842408,-0.0928652321630804,52.51777373618143,0.0237115194204216,-0.0290623582185137,1.2656895402828994,-0.023192702751892,-0.0690617009736822,0.0200313268047931,0.1546134663341633,0.3965087281795493,2.0483269316763737,0.9319061287331956,0.008022,2026-05-23 12:00:00+00:00,0.0885066068312141,-0.137621540762902,True,False,True,True,True,2026-05-23 04:00:00+00:00,0.00883,4.0,1,1,1,4.0,4.0,0,51.30134099293381,0.012109116810945064,-0.04125950054288818,0.17000132502981313,0.27435416365997956,0.18884729572737813
GRASS,2026-05-24 00:00:00+00:00,2026-05-24 16:00:00+00:00,0.7648373315806767,0.101919645937411,76.5117122736244,-0.0851383608876316,71.17498355671535,-0.048458243022538,-0.0665356181492621,-1.7251668073836584,0.0292098783596237,0.0259539966510973,0.1358073474046999,0.3971543458088455,0.3971543458088455,0.5660987714974812,0.7677989282917497,0.51841,2026-05-24 20:00:00+00:00,0.1987808877143573,-0.1512509403753786,True,True,True,True,True,2026-05-24 08:00:00+00:00,0.56555,8.0,2,4,3,16.0,16.0,0,76.6991352895335,0.21618626037236544,0.39462911816926427,0.22761509909049482,0.6761506772176284,0.13151015979483138
VVV,2026-05-23 00:00:00+00:00,2026-05-25 00:00:00+00:00,0.2372628437433381,0.0929500209834787,65.99489516623795,-0.0986154967209133,53.83280774658785,-0.075954842837805,-0.2113474103289166,3.24411812103817,-0.0183525418888053,-0.0206146267081108,0.0097629465160322,0.1877862595419838,0.1877862595419838,1.4930732211557394,1.339492290887591,18.556,2026-05-25 04:00:00+00:00,0.0398792843285189,-0.223755119637853,False,False,False,False,False,2026-05-24 16:00:00+00:00,20.585,8.0,10,5,4,16.0,16.0,0,65.9268449873085,0.09114154353010595,0.10133219196404708,0.16096102870678464,0.14711618835330187,0.09145901548365631
GMT,2026-05-24 00:00:00+00:00,2026-05-25 04:00:00+00:00,0.1882441173713323,0.0717814493358557,59.84291821197707,-0.0831366997011168,52.0178992535917,-0.0218271240948121,-0.0819585787233565,-0.8247245586325533,-0.015465692154417,-0.0241105064880703,0.0054251731484118,0.109289617486339,0.109289617486339,1.0759396618553247,0.8279392415969681,0.011664,2026-05-25 08:00:00+00:00,0.0168895747599451,-0.1700960219478738,False,False,False,False,False,2026-05-24 00:00:00+00:00,0.012714,28.0,0,5,1,28.0,28.0,0,56.10767890760349,0.08194723419621308,0.2012471655328798,0.2080957810718358,0.2443965939121071,0.2581254724111868
WLD,2026-05-26 00:00:00+00:00,2026-05-26 16:00:00+00:00,0.3368459302325581,0.0531268829704536,70.96349042223639,-0.080680584047303,72.84544974574335,-0.1628336452313211,-0.1062533666555467,-14.885576253450663,0.0655282657483897,0.0904614679949615,0.1893046258367468,0.2221562221562215,0.2221562221562215,2.4238548935903075,2.1829427598540883,0.38107,2026-05-26 20:00:00+00:00,0.0193402786889547,-0.279213792741491,False,False,False,False,False,2026-05-26 12:00:00+00:00,0.41435,4.0,3,3,3,8.0,8.0,0,87.01430645271405,0.28773684603636984,0.3649690341283436,0.36812388562372034,0.4664142129105324,0.09786295326071981
EIGEN,2026-05-26 00:00:00+00:00,2026-05-26 20:00:00+00:00,0.3008849557522124,0.0677197316699191,68.74906923436221,-0.0878428465530021,59.64846081904165,-0.0485589108784488,-0.1751254488575502,6.377254456326376,-0.0099817413393876,-0.0276570525483997,0.033555919532989,0.1449275362318844,0.1449275362318844,0.7882425890045256,0.634683557520106,0.2463,2026-05-27 00:00:00+00:00,0.0292326431181486,-0.1778319123020705,False,False,False,False,False,2026-05-26 12:00:00+00:00,0.2698,8.0,3,4,4,16.0,16.0,1,72.11429884836203,0.11434939139379408,0.05144193296960253,0.17253368100825717,0.3033816425120772,0.10746655157531304
AZTEC,2026-05-27 00:00:00+00:00,2026-05-27 16:00:00+00:00,0.160937705781641,0.0715777470558003,65.06913145881379,-0.1067776541925298,54.500279565855216,-0.0785880037149407,-0.1686715350453411,-4.123254475629601,-0.0244411337732038,-0.0478709841917388,0.0329832656296031,0.0962512664640336,0.0962512664640336,0.3780436100034627,0.8062657756474298,0.024906,2026-05-27 20:00:00+00:00,0.0133702722235606,-0.1492009957439974,False,False,False,False,False,2026-05-27 08:00:00+00:00,0.027871,8.0,2,3,3,16.0,16.0,1,59.673774405960984,0.09378434588525719,0.08031319043373775,0.2769047509964724,0.3362259085243071,0.10551152242635276
RENDER,2026-05-27 00:00:00+00:00,2026-05-27 20:00:00+00:00,0.1832128099173555,0.0353885708848453,72.50328921133116,-0.0962300319488819,47.929827739965326,-0.1111146035263213,-0.2039089466714149,-2.3028925475729096,-0.0442578810329431,-0.0604999015941745,-0.0327742547264859,0.1504605936540421,0.1504605936540421,1.259362792479583,0.987105499989722,2.12,2026-05-28 00:00:00+00:00,0.022264150943396,-0.0886792452830189,False,False,False,False,False,2026-05-27 00:00:00+00:00,2.3475,20.0,0,5,4,20.0,20.0,1,67.22343593364047,0.08612599436545776,0.05420334111729841,0.1873451014111578,0.19168485709934524,0.08146589685879246
MORPHO,2026-05-26 00:00:00+00:00,2026-05-27 20:00:00+00:00,0.2027998283630123,0.0434171280669065,64.27619887051415,-0.0910641927916401,45.77284069876434,-0.0850276984354579,-0.2109856193954875,-1.7009700978588924,-0.0349138923682275,-0.0405798841432303,-0.0503882445996679,0.1382550335570466,0.1382550335570466,0.6181166993985457,0.9012880185884722,2.1298,2026-05-28 00:00:00+00:00,0.0403324255798667,-0.0839045919804676,False,False,False,False,False,2026-05-26 08:00:00+00:00,2.3445,36.0,2,9,6,44.0,36.0,2,64.64940883927652,0.05818604523445581,-0.0031887755102040227,0.07363648852864402,0.21206638060280203,0.06631617782696897
FET,2026-05-27 00:00:00+00:00,2026-05-28 00:00:00+00:00,0.291793469850931,0.0443922285705564,69.04043391041904,-0.1352152815219902,45.25811549713697,-0.2535297323338906,-0.2711235735284237,-11.79209938716518,-0.0641518283885782,-0.0776761061543025,-0.0465595682662074,0.041586073500967,0.041586073500967,1.8683516475875035,2.134140468503809,0.22411,2026-05-28 04:00:00+00:00,0.28954531256972,-0.0334210878586408,True,True,True,True,True,2026-05-27 00:00:00+00:00,0.25966,24.0,0,6,1,24.0,24.0,0,63.446276649385815,0.07302362444614685,0.12241722140572331,0.23125800180188727,0.23477103048171566,0.061451586115263135
XLM,2026-05-29 00:00:00+00:00,2026-05-30 04:00:00+00:00,0.3772819472616633,0.0639128830494846,77.16717433604589,-0.1512523113128255,69.02757735784971,-0.2616597328237565,-0.2219487998655929,-26.95622654347796,0.0693699962924752,0.0915458449831376,0.2856342618526253,0.0176845083706679,0.0176845083706679,1.9531537912207693,2.2880463433198392,0.25263,2026-05-30 08:00:00+00:00,0.0843526105371492,-0.2158096821438467,True,False,False,False,False,2026-05-30 00:00:00+00:00,0.29745,4.0,6,2,2,4.0,4.0,0,93.49019744222169,0.5329759877361919,0.4266187050359713,0.7450865356409504,1.0166101694915253,0.13179851668726816
INJ,2026-05-30 00:00:00+00:00,2026-05-31 00:00:00+00:00,0.2527140546124309,0.0655155209124746,74.20079198104342,-0.0830354102826013,58.3532249812215,-0.0537407120015923,-0.1837897388185105,-2.173585028913841,-0.0064749300872402,-0.0191378685304308,0.0611166062655705,0.1187384044526882,0.1187384044526882,0.3088014196349884,0.460830373436142,6.4627,2026-05-31 04:00:00+00:00,0.1359957912327665,-0.1949958995466291,True,True,True,True,True,2026-05-30 04:00:00+00:00,7.0488,20.0,1,4,3,24.0,20.0,1,67.20891686677902,0.12802034218831881,0.1222595487907785,0.28985507246376807,0.20102232066791625,0.12058876003568231
IO,2026-05-30 00:00:00+00:00,2026-05-31 04:00:00+00:00,0.2113225963884821,0.0635008955546404,61.51854124831882,-0.101141924959217,55.57981787860943,-0.1090032899489319,-0.0520073892267688,-6.029689954462853,0.0025190470388463,0.0140664406947705,0.0460971996490571,0.114837398373983,0.114837398373983,0.5355268459153498,0.9670237928194978,0.182,2026-05-31 08:00:00+00:00,0.0422527472527471,-0.2165384615384615,False,False,False,False,False,2026-05-30 20:00:00+00:00,0.20229,8.0,5,1,1,8.0,8.0,0,63.149242118818854,0.10550377698831137,0.1643260043743524,0.23084879829631877,0.16472823583602025,0.1388366591860255
PURR,2026-06-01 00:00:00+00:00,2026-06-01 04:00:00+00:00,0.5462923162408397,0.1496046804197107,68.16134108049484,-0.1242884843935697,68.35806061969735,-0.1042207671778189,-0.0130864682250033,-7.346045204462072,0.0647599572677672,0.0790812394018809,0.203726392990873,0.0576559546313825,0.0576559546313825,1.032925012542119,0.9596405714634428,0.14,2026-06-01 08:00:00+00:00,0.1758571428571427,-0.3873285714285714,True,True,False,False,False,2026-06-01 00:00:00+00:00,0.15987,4.0,0,1,1,4.0,4.0,0,76.31128085469575,0.28872453710300006,0.3243041749502984,0.4745434421693415,0.7116702355460387,0.13192632386799708
LIT,2026-06-03 00:00:00+00:00,2026-06-04 04:00:00+00:00,0.3704619055735469,0.0969312099090143,68.14200151076922,-0.1758288770053476,52.78016054265012,-0.2223281352052586,-0.2405480918845847,-10.241048193770467,-0.0539199730407837,-0.0712056889555518,0.0346575365456589,0.0242141036533552,0.0242141036533552,0.8961492525007773,1.8397792953592385,1.5412,2026-06-04 08:00:00+00:00,0.1001816766156242,-0.1432001038152088,True,True,False,False,False,2026-06-03 20:00:00+00:00,1.87,8.0,5,3,1,16.0,8.0,1,72.71768817373294,0.22240470813659075,0.16286300603196313,0.39959583863483283,0.35635018495684334,0.15745652814618327
HYPE,2026-06-01 00:00:00+00:00,2026-06-04 04:00:00+00:00,0.2107916449612663,0.0624134855864585,76.7106406721274,-0.1058885591823276,42.53421309390768,-0.3000361927748088,-0.2933490984092028,-16.04063984890699,-0.0572551404116005,-0.058022564330573,-0.0628740776782232,0.0031789910158963,0.0031789910158963,1.526596423563431,2.312964811955585,67.792,2026-06-04 08:00:00+00:00,0.0166686334670755,-0.1815995987727166,False,False,False,False,False,2026-06-01 20:00:00+00:00,75.825,56.0,5,18,15,76.0,76.0,2,66.70448462992626,0.06192723441716819,0.052350353212218925,0.110322004363679,0.17726058874673956,0.040462020139339305
NEAR,2026-06-04 00:00:00+00:00,2026-06-04 04:00:00+00:00,0.1847634254979411,0.0745670240027462,73.10973991457801,-0.1597020666503479,41.64649167801521,-0.2493120629370634,-0.3336792268325946,-8.975524522685973,-0.1099282899431702,-0.1307895117598829,-0.0876057910264149,0.0666490346469185,0.0666490346469185,1.7707638453566463,2.2915664562215823,2.4029,2026-06-04 08:00:00+00:00,0.0364559490615505,-0.2516958674934453,False,False,False,False,False,2026-06-04 00:00:00+00:00,2.8597,4.0,0,2,1,4.0,4.0,0,55.477768619750215,0.03939415257604928,0.06546199701937416,0.046550777676120925,0.20044496683737711,0.06661698956780926
VVV,2026-06-04 00:00:00+00:00,2026-06-04 04:00:00+00:00,0.3198661700650214,0.065709970193088,70.53663987127905,-0.1502236873086884,46.44208495927581,-0.2129947975393188,-0.2457991505529932,-7.312515227153689,-0.0752984651356444,-0.0860566019685192,-0.0492323255740434,0.0180072028811531,0.0180072028811531,0.8664747408004151,1.939426590221706,18.043,2026-06-04 08:00:00+00:00,0.0451144488167156,-0.1832843762123814,False,False,False,False,False,2026-06-04 00:00:00+00:00,21.235,4.0,0,2,1,4.0,4.0,0,59.01115369259082,0.06319162706994796,0.1305435766384495,0.15288560725337952,0.062387432459475756,0.09380156765676562
NXPC,2026-06-02 00:00:00+00:00,2026-06-05 00:00:00+00:00,0.1757723621809808,0.0345813579107172,77.02888654076011,-0.0841144771996559,41.5606034041176,-0.0948837120070907,-0.0628488845258593,-3.265630353985572,-0.0234061572136092,-0.0266218557494867,-0.0448834644962801,0.2719082719082711,0.2719082719082711,1.0046064948242437,1.2069594764400913,0.40501,2026-06-05 04:00:00+00:00,0.0437273153749291,-0.2622651292560677,False,False,False,False,False,2026-06-02 12:00:00+00:00,0.44166,60.0,3,16,12,72.0,72.0,1,66.48332161693293,0.0267976838371915,0.03488998758113282,0.047779464794078574,0.05665342839370302,0.01284624648735444
WLD,2026-06-05 00:00:00+00:00,2026-06-05 12:00:00+00:00,0.5597433142658033,0.134139516263729,72.51112916890654,-0.1148412657040087,54.74955406878462,-0.0519585614082468,0.0158461160166274,-1.594398442500733,-0.020973951387664,-0.0328194980348806,0.0370901213806695,0.4467331409078977,0.4467331409078977,1.6896964968349537,1.3838244031105087,0.50923,2026-06-05 16:00:00+00:00,0.136166368831373,-0.2320169667930012,True,True,True,True,True,2026-06-05 08:00:00+00:00,0.57549,4.0,2,4,2,12.0,8.0,0,57.75016981336925,0.08772268524413751,0.2077693131020586,0.14868263473053878,0.3776272322497245,0.2401519444269553
HMSTR,2026-06-11 00:00:00+00:00,2026-06-11 12:00:00+00:00,0.6335403726708073,0.1284641995957371,76.5476470646436,-0.095679012345679,68.83851344574745,-0.0261208031340456,-0.1898522852989608,-18.12098950851849,0.1643639837751647,0.1730427046263345,0.4175133043057573,0.4210526315789475,0.4210526315789475,2.008257154148103,1.823713465519541,0.000292,2026-06-11 16:00:00+00:00,0.3082191780821919,-0.4691780821917808,True,True,True,True,True,2026-06-11 04:00:00+00:00,0.000324,8.0,1,2,2,8.0,8.0,0,54.41021449585933,0.08923548964459238,0.7142857142857142,0.9058823529411764,0.7326203208556152,0.172093023255814
JTO,2026-06-16 00:00:00+00:00,2026-06-16 16:00:00+00:00,0.2811312494527624,0.1102972787369157,68.06442719580335,-0.0983186222232306,66.93066038293784,-0.0243424907253612,0.0167419981063057,4.719879456895143,0.0585976682512896,0.0416676375329121,0.2276627279488829,0.2091534266065933,0.2091534266065933,2.683840838789188,1.0186071095877054,0.79441,2026-06-16 20:00:00+00:00,0.0313943681474302,-0.161125866995632,False,False,False,False,False,2026-06-16 12:00:00+00:00,0.88142,4.0,3,2,1,8.0,4.0,0,68.60056910000932,0.26793156419852315,0.10894153466779044,0.6569602406241186,0.5983099715306361,0.25361575950664794
WLD,2026-06-17 00:00:00+00:00,2026-06-17 08:00:00+00:00,0.3632201065031468,0.1506178057509385,70.52504574551135,-0.0992093607274432,65.11049776319874,-0.1429150337208407,-0.1319085804374293,-11.006459068411331,0.0043811209304476,-0.0027564153700707,0.091767468229321,0.2742263383781348,0.2742263383781348,0.982149034941306,1.2113195920237942,0.65315,2026-06-17 12:00:00+00:00,0.0520248028783587,-0.097129296486259,True,False,True,True,True,2026-06-17 00:00:00+00:00,0.72473,8.0,0,2,1,8.0,8.0,0,75.81779952250322,0.17442701386792847,0.20089810933072627,0.25983033758648255,0.43451238099008327,0.09866310160427827
SPX,2026-06-18 00:00:00+00:00,2026-06-18 04:00:00+00:00,0.340950410632562,0.0599137871017703,69.05482286192724,-0.0811331444759206,54.116189038261794,0.0254721057222113,-0.1731472908200382,8.942411420280123,-0.0306875172416136,-0.0623145019336769,0.0250686096914427,0.485756385068763,0.80550098231827,0.6393134068742625,0.9316238546259348,0.40533,2026-06-18 08:00:00+00:00,0.0295561641131916,-0.1328053684652013,False,False,False,False,False,2026-06-18 00:00:00+00:00,0.44125,4.0,0,1,1,4.0,4.0,0,52.77197569420894,0.01827223461906291,-0.06692746880947353,0.11134898247028002,0.28169750486536715,0.21045356813760607
HYPE,2026-06-17 00:00:00+00:00,2026-06-18 12:00:00+00:00,0.248561877449899,0.0700889888148643,63.91839895857138,-0.1208908569940088,46.18290076143245,-0.164980311157684,-0.1745364027341173,-7.285122775197472,-0.0470315744015262,-0.0553863234546362,-0.0538786517861898,0.0385614385614381,0.0385614385614381,1.7362186982179073,1.699485599574634,67.527,2026-06-18 16:00:00+00:00,0.0577398670161564,-0.0874613117715876,True,False,True,True,True,2026-06-17 16:00:00+00:00,76.78,20.0,4,6,4,36.0,36.0,1,59.33826492995351,0.03912117636902557,0.05994091498937015,0.1440236016330423,0.2688602072350481,0.04798186068782906
AERO,2026-06-21 00:00:00+00:00,2026-06-21 20:00:00+00:00,0.2917964450481254,0.0673889199996431,73.67099229931941,-0.0830165674532023,54.46160286462498,-0.1371120548333797,-0.1738460780498626,-5.253943628270733,-0.0300914032502862,-0.0502094467716308,0.0241550150393103,0.1444778111444762,0.1444778111444762,2.234225853403223,1.4578154600768878,0.51141,2026-06-22 00:00:00+00:00,0.1379323830194949,-0.1122582663616277,True,True,True,True,True,2026-06-21 04:00:00+00:00,0.55772,16.0,1,6,5,20.0,20.0,0,64.99303188079477,0.11394509351969218,0.13987900588620006,0.28314735994478313,0.21293577782127393,0.08251773917298744
TNSR,2026-06-22 00:00:00+00:00,2026-06-22 04:00:00+00:00,0.4694280078895463,0.1142562785365184,72.75060528886567,-0.1816443594646272,62.58499320886256,-0.0857804850532234,-0.1194982289539049,-6.483318102908179,0.0163651012872731,-0.0063970284770946,0.215442940917546,0.030821917808219,0.030821917808219,34.30634339581071,3.732299043754264,0.04279,2026-06-22 08:00:00+00:00,0.0803926150969851,-0.2336994624912363,True,False,False,False,False,2026-06-22 00:00:00+00:00,0.0523,4.0,0,1,1,4.0,4.0,0,68.45729300856819,0.31027390315618697,0.5238927738927737,0.8559261887863732,0.8191304347826085,0.432109557109557
EIGEN,2026-06-21 00:00:00+00:00,2026-06-22 16:00:00+00:00,0.1757575757575757,0.0767885361663496,65.48315204619897,-0.0843601895734597,64.26173438777646,-0.0812895591892468,-0.1116731177169441,-4.024786387088227,0.0082721779163652,0.0052804008479474,0.073055133854186,0.3082706766917292,0.3082706766917292,1.2321808129141465,0.6434482394480013,0.2894,2026-06-22 20:00:00+00:00,0.0093296475466484,-0.27643400138217,False,False,False,False,False,2026-06-22 04:00:00+00:00,0.3165,12.0,7,4,3,16.0,16.0,1,72.34018880822312,0.16682775952058781,0.14715476621964485,0.18052965311450953,0.46189376443418007,0.1113989637305699
JTO,2026-06-27 00:00:00+00:00,2026-06-28 04:00:00+00:00,0.2480743195929229,0.1040170944884474,65.47742777263014,-0.0923025973411553,52.06193384900402,-0.1201645453086214,-0.1290313123588246,-5.206390232543896,-0.0339711963946406,-0.0475785990071704,0.0059384501045012,0.2488888888888888,0.2488888888888888,0.7964973904261821,1.308705379868806,0.76744,2026-06-28 08:00:00+00:00,0.1328572917752526,-0.0792765558219534,True,True,True,True,True,2026-06-27 04:00:00+00:00,0.84548,24.0,1,8,6,28.0,28.0,1,62.30112941668932,0.12889594555651618,0.11112863375913373,0.2568829160968069,0.26977547495682197,0.07598051399314021
KAITO,2026-06-28 00:00:00+00:00,2026-07-02 08:00:00+00:00,0.1812391430225823,0.0565228464311797,66.85603063587158,-0.1082401694731797,50.75975947842847,-0.1734466445392392,-0.270039454838218,-10.477396312511502,-0.023116763102257,-0.0216244338006186,-0.0130794228830861,0.0315230961298363,0.0315230961298363,1.0581268255660758,1.9298949561687664,0.57521,2026-07-02 12:00:00+00:00,0.1793605813528971,-0.0351349941760399,True,True,True,True,True,2026-07-02 00:00:00+00:00,0.64671,8.0,24,2,1,12.0,8.0,0,61.585549223989226,0.03150983445147215,0.1317594763921459,0.08319375586225375,0.10810116171481443,0.04291394440454699
MET,2026-07-04 00:00:00+00:00,2026-07-04 20:00:00+00:00,0.2149550462200835,0.085689396758211,70.32426849795752,-0.0809170600134862,47.7695543214613,-0.0385282222824929,-0.0350533002904972,-0.4065470723912838,-0.027628314176744,-0.0445059586935812,-0.0404657144791174,0.329690346083785,0.329690346083785,0.2152802551171621,0.6172643185056821,0.17697,2026-07-05 00:00:00+00:00,0.017008532519636,-0.1708199129796009,False,False,False,False,False,2026-07-04 00:00:00+00:00,0.19279,20.0,0,4,2,20.0,20.0,0,55.06116481013086,0.02965473824270859,0.08896294622684131,0.018436344426835616,0.16103583258054788,0.0634234031795966
HMSTR,2026-07-05 00:00:00+00:00,2026-07-05 04:00:00+00:00,0.7604166666666665,0.1215660467083548,78.26976842786036,-0.1596638655462186,58.498696710675546,-0.094444490630689,-0.1530771723650883,-2.6753730179887896,-0.0327131953650789,-0.0784982935153584,0.1737089201877932,0.2419354838709675,0.2419354838709675,1.5291697592086566,2.430627871362942,0.000299,2026-07-05 08:00:00+00:00,0.3678929765886287,-0.3846153846153846,True,True,True,True,True,2026-07-05 00:00:00+00:00,0.000357,4.0,0,2,2,4.0,4.0,0,64.59979107345714,0.300520208083233,0.202020202020202,0.9193548387096775,0.8888888888888888,0.18658892128279891
LIT,2026-07-03 00:00:00+00:00,2026-07-06 08:00:00+00:00,0.1994316863836696,0.0614115740289493,67.32898360715576,-0.1061038011695907,60.91906191393906,-0.1506989921544866,-0.1666639010224483,-2.446223980261351,0.0021989741634467,0.0087486938827885,0.0734098769333404,0.0348372358652198,0.0348372358652198,2.929822937745092,1.5977265432253511,2.4456,2026-07-06 12:00:00+00:00,0.1285574092247299,-0.0840693490350016,True,True,True,True,True,2026-07-06 04:00:00+00:00,2.736,4.0,19,3,2,8.0,8.0,0,71.72847006089995,0.14431346717918014,0.20226743419607152,0.24868787367075895,0.3270601930445749,0.08822812576163774
AERO,2026-07-05 00:00:00+00:00,2026-07-08 00:00:00+00:00,0.2788900290373994,0.0701368935529409,67.65785057177104,-0.0800694831372291,48.49211187999899,-0.0130576711685025,-0.2728735239344629,8.292775554182,-0.0271293262241293,-0.0368944179893171,-0.0250569871697458,0.5944531658817347,0.5944531658817347,1.622957956237828,0.9944481347287342,0.56226,2026-07-08 04:00:00+00:00,0.0051399708319994,-0.1217052609113221,False,False,False,False,False,2026-07-07 12:00:00+00:00,0.61022,12.0,15,11,6,72.0,32.0,1,66.69006490093523,0.03958346684865166,0.06597956153375839,0.07786059985162685,0.0416865824513486,0.032997628295466264
KAITO,2026-07-17 00:00:00+00:00,2026-07-17 16:00:00+00:00,0.2877658524736992,0.0704917634131148,73.92577566670857,-0.0971302662104471,61.25546830810954,-0.059144246112079,-0.0819124100948756,0.2102759481227849,0.01579177465968,0.0237018056612081,0.0679775277379062,0.2033444816053493,0.2033444816053493,1.0189391589678651,0.9886834644985922,0.85261,2026-07-17 20:00:00+00:00,0.2021909196467317,-0.0555588135255274,True,True,False,True,True,2026-07-17 12:00:00+00:00,0.94399,4.0,3,2,1,8.0,4.0,0,65.10612073634252,0.10424768058777834,0.23394159629813593,0.2401828763613909,0.24318807369654838,0.11716033567749862
LDO,2026-07-17 00:00:00+00:00,2026-07-18 16:00:00+00:00,0.1774823324405434,0.0405927517090948,75.18745350919652,-0.0846410256410257,50.59414233820121,-0.0934536162631243,-0.1415635768696682,-7.252742381941225,-0.0244327265127564,-0.0352201069004866,-0.0254349493730668,0.2557117750439339,0.2557117750439339,0.9556629702954196,1.0714606579017885,0.35687,2026-07-18 20:00:00+00:00,0.1575363577773418,-0.0211841847171239,True,True,True,True,True,2026-07-17 16:00:00+00:00,0.39,24.0,4,8,3,40.0,32.0,1,62.11954877754394,0.04487646524345479,0.05172320802545727,0.11161783149013793,0.18873445501097308,0.05316242908173985
ACE,2026-07-21 00:00:00+00:00,2026-07-21 04:00:00+00:00,0.5951704545454544,0.1099446751204873,74.78060814981848,-0.1469594594594594,55.26752947301843,-0.0560124719132658,-0.2436256750309144,-0.2841209750802989,-0.054614542567423,-0.1145528930450028,0.1472058155383917,0.2352941176470601,0.2352941176470601,1.288518149345779,0.990093222164108,0.101,2026-07-21 08:00:00+00:00,0.1059405940594058,-0.2316831683168316,True,True,False,False,False,2026-07-21 00:00:00+00:00,0.1184,4.0,0,1,1,4.0,4.0,0,58.546885238022355,0.23878437047756873,0.21936148300720903,0.8823529411764708,0.7540740740740741,0.4253347064881563
PUMP,2026-07-20 00:00:00+00:00,2026-07-22 16:00:00+00:00,0.3190507580751485,0.066388276102139,70.75688054936847,-0.105865522174535,48.07266161738212,-0.1317026206263259,-0.1164191058819235,-5.910228840594535,-0.0430447987006493,-0.0506863186318632,-0.0481991928729155,0.1089108910891081,0.1089108910891081,0.9586567805030826,1.2771476024768775,0.001877,2026-07-22 20:00:00+00:00,0.1662226957911561,-0.0628662759722962,True,True,False,True,True,2026-07-20 20:00:00+00:00,0.002097,44.0,5,14,10,64.0,64.0,3,69.06235663793095,0.13667572793767335,0.04797601199400292,0.25870348139255706,0.27865853658536577,0.12352610892756877
BOME,2026-07-27 00:00:00+00:00,2026-07-27 04:00:00+00:00,0.2905569007263924,0.0488231723829985,75.63897585265255,-0.0831858407079645,69.02569345933769,-0.0070280579823084,-0.0824276206200324,6.555705758959405,0.0249790072067292,0.0172376172812569,0.1119459053343352,0.0,0.0,1.7861309977641444,2.4590885139415164,0.000518,2026-07-27 08:00:00+00:00,0.22007722007722,-0.0154440154440154,True,True,True,True,True,2026-07-27 00:00:00+00:00,0.000565,4.0,0,2,2,4.0,4.0,0,69.51424359391201,0.1242283114913898,0.17708333333333326,0.3200934579439252,0.29885057471264354,0.11249999999999982
kSHIB,2026-07-27 00:00:00+00:00,2026-07-27 20:00:00+00:00,0.2454289732770747,0.0452571245196719,77.07524931161896,-0.1019687964338781,50.64686007000204,-0.112988154155301,-0.0895187265348813,-8.212359814299482,-0.0375405129253776,-0.05212599111266,-0.0135974620790957,0.0555555555555559,0.0555555555555559,0.6682887400101173,1.0973697489790892,0.004835,2026-07-28 00:00:00+00:00,0.0672182006204755,-0.0614270941054807,True,False,False,True,True,2026-07-27 00:00:00+00:00,0.005384,20.0,0,3,1,20.0,20.0,0,61.37130803618192,0.09065714437989647,-0.004805914972273562,0.2773428232502966,0.2973493975903614,0.11552941176470588
KAITO,2026-07-27 00:00:00+00:00,2026-07-28 04:00:00+00:00,0.1872201257861634,0.0788317059905026,77.68091279541535,-0.1007289595758781,65.01062979697187,-0.1801815387964876,-0.1472007147276741,-14.40941426365724,0.0066268466021686,0.0040557945794854,0.0941156234658373,0.258470474346563,0.258470474346563,0.598292988166564,1.5162646583242545,1.2176,2026-07-28 08:00:00+00:00,0.1277102496714848,-0.189865308804205,True,True,False,False,False,2026-07-27 20:00:00+00:00,1.3581,8.0,5,3,2,8.0,8.0,0,79.17757937306321,0.18415661069700429,0.15112730971351085,0.34611953612845703,0.42167741395193037,0.1333268690002909
PEOPLE,2026-07-28 00:00:00+00:00,2026-07-29 00:00:00+00:00,0.2788027108433737,0.0424896661646463,74.54614028035675,-0.0893371757925071,59.221565169315866,-0.0652770632109046,-0.0586888634001376,-4.526729124504207,-0.0109679304154178,-0.0228563014348587,0.0284784377542715,0.3527131782945761,0.3527131782945761,0.6449908500865874,0.610728515379249,0.006638,2026-07-29 04:00:00+00:00,0.1172039771015365,-0.0488098824947272,True,True,True,True,True,2026-07-28 08:00:00+00:00,0.007287,16.0,2,4,3,24.0,24.0,1,78.21765629679248,0.1630861350487518,0.10009057971014501,0.2342479674796747,0.4119356713815152,0.057548465883071165
UNI,2026-07-31 00:00:00+00:00,2026-08-01 04:00:00+00:00,0.2071671889903257,0.0373354192562027,74.60860852670538,-0.1035440215133693,49.02260725540681,-0.1887114963673651,-0.162948057589813,-8.201562680060526,-0.0346950300453684,-0.0486641024583401,-0.0138910934426152,0.0752493200362627,0.0752493200362627,0.6130891768459236,1.535472698716645,4.0975,2026-08-01 08:00:00+00:00,0.0481757169005492,-0.0769005491153143,False,False,False,False,False,2026-07-31 00:00:00+00:00,4.5739,28.0,0,6,2,28.0,28.0,1,69.83732266216485,0.09755272697211015,0.13886260644390203,0.21278570292199195,0.22486744148679771,0.06254263077811029
PUMP,2026-08-05 00:00:00+00:00,2026-08-06 00:00:00+00:00,0.2227822580645162,0.0696915052600611,71.29833455833659,-0.0972972972972973,55.38676462744001,-0.1194186118849172,-0.2309766712772648,-6.143393300055415,-0.0229723389310325,-0.0410172272354389,0.0237996190309373,0.2302158273381284,0.2302158273381284,1.697030804135253,1.6131662564916176,0.002338,2026-08-06 04:00:00+00:00,0.2373823781009412,-0.0444824636441402,True,True,True,True,True,2026-08-05 12:00:00+00:00,0.00259,12.0,3,5,3,20.0,20.0,0,72.02221643839005,0.10577137008855075,0.1455108359133126,0.24101581217057988,0.20915032679738577,0.06280406899601965
ACE,2026-08-09 00:00:00+00:00,2026-08-09 04:00:00+00:00,1.1747720364741645,0.1885886872553405,74.74506144615114,-0.1839080459770115,58.25498496391141,-0.0276644637577332,-0.1868548899480672,4.710084098815521,-0.0005277519206696,0.0224908880789402,0.1041990668740278,0.3975903614457827,0.3975903614457827,0.3598522292758798,0.411128322082267,0.1281,2026-08-09 08:00:00+00:00,0.1631537861046057,-0.2537080405932864,True,True,False,True,True,2026-08-09 00:00:00+00:00,0.1566,4.0,0,1,1,4.0,4.0,0,59.91243021832395,0.1613589050803914,0.45269016697588116,0.19908116385911168,1.1780250347705143,0.2720655141037307
BOME,2026-08-10 00:00:00+00:00,2026-08-10 04:00:00+00:00,0.4628670120898099,0.0873194780707635,86.33342964434854,-0.1087680355160932,71.7069549328262,0.0329462805520626,-0.1674070353929817,21.039426371559045,0.0719950841927583,0.0949999999999999,0.1994025392083644,0.5098039215686277,0.941176470588236,3.718315807006886,1.7812134802432504,0.000804,2026-08-10 08:00:00+00:00,0.0485074626865671,-0.0907960199004975,False,False,False,False,False,2026-08-10 00:00:00+00:00,0.000901,4.0,0,1,1,4.0,4.0,0,69.41982974613367,0.18272223487436423,0.4278922345483358,0.45792880258899693,0.49172185430463555,0.0801144492131618
PEOPLE,2026-08-07 00:00:00+00:00,2026-08-10 08:00:00+00:00,0.1539412673879443,0.0418124309308835,74.40967291845516,-0.0859383167799268,64.92829363286307,-0.0229493600324355,-0.155634849564155,9.64360206339876,0.0149912027215175,0.0142691415313225,0.1090392470253951,0.0031446540880534,0.0031446540880534,1.042685061749739,1.0348395305188725,0.008743,2026-08-10 12:00:00+00:00,0.021617293835068,-0.1531510923024134,False,False,False,False,False,2026-08-09 16:00:00+00:00,0.009565,16.0,16,4,3,16.0,16.0,0,84.97908123559527,0.2527441915992916,0.2658814187400742,0.34585619811453516,0.28977885652642943,0.08589168678854775
GRIFFAIN,2026-08-09 00:00:00+00:00,2026-08-10 12:00:00+00:00,0.2632653061224488,0.0382954013759834,72.2693489854486,-0.1024193548387096,57.984827898617695,-0.2500540270841378,-0.2197275838673082,-21.451661483723896,-0.0206199948796532,-0.0281079297932413,0.032189856161144,0.0670731707317073,0.0670731707317073,0.8253208764490506,1.995931211520789,0.011123,2026-08-10 16:00:00+00:00,0.2141508585813181,-0.0079115346579159,True,True,True,True,True,2026-08-10 08:00:00+00:00,0.0124,4.0,8,4,2,12.0,4.0,1,77.31867360146904,0.12346445084143198,0.12014453477868114,0.19472010791020322,0.26906150854569644,0.04592122456598857
kNEIRO,2026-08-10 00:00:00+00:00,2026-08-11 00:00:00+00:00,0.2260032102728733,0.0496781560291015,71.71637799259423,-0.1172847427178236,51.21740370470249,-0.2240396271756591,-0.1869156130855157,-16.09005592367133,-0.0363462749384128,-0.0609443492241654,0.0008001745835457,0.0094876660341571,0.0094876660341571,0.6525021208858409,2.7005927036979607,0.06879,2026-08-11 04:00:00+00:00,0.0,-0.0767553423462713,False,False,False,False,False,2026-08-10 00:00:00+00:00,0.07793,24.0,0,3,1,24.0,24.0,0,70.89286067898327,0.11833747898648284,0.1863297305525955,0.25572027070576864,0.2506820735034505,0.08490300815293783
NIL,2026-08-11 00:00:00+00:00,2026-08-11 08:00:00+00:00,0.1837572749564242,0.0814309979892347,57.99866671804936,-0.0964672238246677,46.833650375410016,-0.085107650477484,-0.1392272329262762,-3.1129613977354538,-0.0635963077140672,-0.0978042055972517,-0.0431234122767396,0.0127058823529408,0.0127058823529408,0.9932064119820188,0.8788447717117136,0.036585,2026-08-11 12:00:00+00:00,0.4791854585212518,-0.0543118764520978,True,True,False,True,True,2026-08-11 00:00:00+00:00,0.040563,8.0,0,3,2,8.0,8.0,0,52.4340680955901,0.025735654973400468,-0.09799866577718486,0.19859937355948243,0.10976443872944652,0.08954871461881297
ADA,2026-08-07 00:00:00+00:00,2026-08-11 12:00:00+00:00,0.1534182151869696,0.0333397217928544,70.34204969187317,-0.0928623988226637,29.764307866273327,-0.1524358596018765,-0.2177838511601566,-5.592186613955477,-0.0301774236436412,-0.0359600546815264,-0.0524746235159688,0.2729124236252563,0.2729124236252563,3.4711887860675867,1.7220971759440395,0.18481,2026-08-11 16:00:00+00:00,0.0187760402575618,-0.0499972945186948,False,False,False,False,False,2026-08-07 04:00:00+00:00,0.20385,104.0,1,24,21,108.0,108.0,0,60.82969003756919,0.03562547524610049,0.07977117432067371,0.05229196778856071,0.04780262143407876,0.08634778535366672
CRV,2026-08-11 00:00:00+00:00,2026-08-13 00:00:00+00:00,0.2801852303192784,0.0348444180557172,78.23129663361453,-0.087062937062937,54.69824470847274,-0.082746185204077,-0.1853384090576237,-6.321068600086839,-0.0218616908396189,-0.0329112257034326,0.0022051584201929,0.1897274633123668,0.1897274633123668,0.8873128180937123,1.0183542664109728,0.261,2026-08-13 04:00:00+00:00,0.0012643678160919,-0.0894252873563218,False,False,False,False,False,2026-08-12 04:00:00+00:00,0.286,20.0,7,7,5,48.0,24.0,1,76.40925941860525,0.12934723071183063,0.09490448298304033,0.20360239037118077,0.25935711140466755,0.07886853979448682
HEMI,2026-08-17 00:00:00+00:00,2026-08-17 04:00:00+00:00,0.2974486621032981,0.1067108954564886,61.32522227755235,-0.084060973804943,52.655407247251325,-0.0567232459242844,-0.0240693202860167,-5.146966300905703,-0.0359659861438209,-0.0906998383858173,0.0392598065556153,0.1734317343173438,0.1734317343173438,0.8201825971092073,0.7727903980882945,0.006191,2026-08-17 08:00:00+00:00,1.571313196575674,-0.0356969794863513,True,True,True,True,True,2026-08-17 00:00:00+00:00,0.006757,4.0,0,2,2,4.0,4.0,0,55.82180099290854,0.10033737560867828,-0.13527002815459432,0.38491494158639084,0.4150785340314136,0.18770461986176779
LIT,2026-08-20 00:00:00+00:00,2026-08-20 16:00:00+00:00,0.1627855003799223,0.0439976067522228,65.65916984562503,-0.11187567132116,58.18249249968,-0.1367174089422951,-0.2954339216794109,-9.954378773686829,-0.0030138263154698,-0.0010403600988341,0.0655374603328018,0.0836614173228362,0.0836614173228362,7.440908516776084,2.929282432547369,2.6459,2026-08-20 20:00:00+00:00,0.4370535545561056,-0.1013265807475717,True,True,True,True,True,2026-08-20 08:00:00+00:00,2.9792,8.0,2,3,2,12.0,12.0,0,66.6567481100475,0.12733986023125965,0.284747078356117,0.2586928049347248,0.2528701795702091,0.09083503054989839
PURR,2026-08-20 00:00:00+00:00,2026-08-21 00:00:00+00:00,0.3560875823926055,0.0600769592123219,72.85923019388531,-0.0893261220306648,59.83457121160047,-0.0524696032892527,-0.0939314519109036,-3.992739389100017,0.0086679216929927,-0.0161491500319133,0.0973365629275677,0.1668112798264653,0.1668112798264653,1.373597819823654,1.0022717957749072,0.089831,2026-08-21 04:00:00+00:00,0.8200843806703701,-0.056862330375928,True,True,True,True,True,2026-08-20 16:00:00+00:00,0.098549,8.0,4,4,3,16.0,16.0,0,62.46852417000434,0.14079831896029393,-0.002267826227815295,0.3369464944649445,0.353974033111218,0.25438774732671243
BOME,2026-08-21 00:00:00+00:00,2026-08-21 12:00:00+00:00,0.3820754716981132,0.1148084040113189,80.84181793438545,-0.1803174603174603,65.88157049446679,-0.0165301839754539,-0.0392135294751532,11.183758293026443,0.0667640001984133,0.0413156479655851,0.2905483080921676,0.5681818181818185,0.5681818181818185,1.480957696890268,1.068091893188719,0.001293,2026-08-21 16:00:00+00:00,0.0487238979118329,-0.2296983758700697,False,False,False,False,False,2026-08-21 08:00:00+00:00,0.001575,4.0,2,2,1,8.0,4.0,0,66.98890949269608,0.33880061506919534,0.19863013698630128,1.0944148936170213,1.0218228498074455,0.272421524663677
PEOPLE,2026-08-21 00:00:00+00:00,2026-08-21 12:00:00+00:00,0.3993359893758299,0.0909126167441578,75.2411304680983,-0.1049844943650253,88.17873692469921,0.0092026317015248,0.0200178906988188,2.205879282999618,0.1207028592421222,0.1429537332174248,0.3288637333513016,0.389417989417988,0.6634920634920628,4.314257908767663,1.5672840845988425,0.011804,2026-08-21 16:00:00+00:00,0.0327007793968145,-0.3670789562860047,False,False,False,False,False,2026-08-21 08:00:00+00:00,0.013221,4.0,2,1,1,4.0,4.0,0,87.3746601076823,0.33439301531355614,0.5590801886792454,0.7430454845088992,0.7046157813305829,0.12963355221351391
kNEIRO,2026-08-21 00:00:00+00:00,2026-08-21 16:00:00+00:00,0.3812375249500999,0.084665922525518,76.12318384243453,-0.1262866534036848,72.33185129660014,-0.1485796290079465,-0.2320907992041317,-15.415922773895758,0.0684416103891978,0.0700841622035197,0.2868581474899194,0.1046875000000005,0.1046875000000005,2.750743561331341,1.9520078992695973,0.10095,2026-08-21 20:00:00+00:00,0.099554234769688,-0.2232788509162953,True,False,True,True,True,2026-08-21 08:00:00+00:00,0.11561,8.0,2,4,3,12.0,12.0,0,82.16089563239339,0.36272491151573893,0.4480210420841686,0.8359536287120852,0.8333333333333333,0.17108010108779248
MORPHO,2026-08-21 00:00:00+00:00,2026-08-21 16:00:00+00:00,0.184683071571085,0.0290771786561218,72.52696594288506,-0.0878237218652687,57.906848619950125,-0.2418246431434638,-0.1077923965519945,-25.931420347826204,-0.0014339826582928,-0.0046739021347976,0.0442736654948803,0.1010199125789213,0.1010199125789213,2.189771664648261,3.2110198746797307,2.3167,2026-08-21 20:00:00+00:00,0.2663702680536972,-0.1205594164112746,True,True,True,True,True,2026-08-21 12:00:00+00:00,2.5369,4.0,3,2,2,4.0,4.0,0,76.3765903181517,0.12759617039392035,0.08317322061397903,0.1905298230794501,0.1576617687323174,0.0665786237988979
TURBO,2026-08-21 00:00:00+00:00,2026-08-21 16:00:00+00:00,0.1769911504424777,0.0428359594603539,67.07979829042654,-0.1105121293800539,73.01243958937758,-0.1942306531086188,-0.1818703255125062,-17.948342911101122,0.0280139976760818,0.0273261847111725,0.1395027624309393,0.2253521126760561,0.2253521126760561,3.437010099265513,2.0297897897897843,0.000987,2026-08-21 20:00:00+00:00,0.1408308004052685,-0.0942249240121579,True,True,True,True,True,2026-08-21 08:00:00+00:00,0.001113,8.0,2,2,1,8.0,8.0,0,90.26338511288611,0.22267638173093984,0.25479143179255925,0.447334200260078,0.44545454545454555,0.0802139037433156
PUMP,2026-08-21 00:00:00+00:00,2026-08-21 16:00:00+00:00,0.3945553539019963,0.0792520221453235,79.9307969043441,-0.0882284109524923,69.91116712974325,-0.1676083121631714,-0.1329068385314844,-14.949434210003446,0.0245438145902183,0.0178229317851958,0.1468774377768946,0.2124183006535947,0.2124183006535947,1.1036716036522114,1.2391324388886444,0.003894,2026-08-21 20:00:00+00:00,0.4029275808936825,-0.1058038007190549,True,True,True,True,True,2026-08-21 12:00:00+00:00,0.004273,4.0,3,3,2,8.0,8.0,0,83.98830520692049,0.23375166409884374,0.1658935879945429,0.3819534282018111,0.5244381020335356,0.07623169107856187
ORDI,2026-08-21 00:00:00+00:00,2026-08-21 16:00:00+00:00,0.2165486287196527,0.0442613790025394,70.23807549983779,-0.0804575664621677,66.23453551580653,-0.0977791452633082,-0.1597201219462981,-9.265751473678648,0.0196209325040677,0.0014951420771649,0.1181857037392013,0.1693587860988751,0.1693587860988751,2.1421504937716525,1.2412575553024958,4.3028,2026-08-21 20:00:00+00:00,0.1999860555917074,-0.2030073440550339,True,True,True,True,True,2026-08-21 08:00:00+00:00,4.6944,8.0,2,4,1,12.0,8.0,0,71.32526058697096,0.1597540811191489,0.06851185869713672,0.388054405677114,0.4096450663623805,0.1638453998781424
ENA,2026-08-21 00:00:00+00:00,2026-08-21 16:00:00+00:00,0.3913810153578534,0.070410353000513,76.9996719142232,-0.1210272873194221,75.58320878695507,-0.2033512996211086,-0.1821227626791556,-20.32762875037821,0.0857489063057537,0.1083823608787175,0.3209083681330131,0.2714480254198814,0.2714480254198814,7.80552430766968,2.955836095827473,0.13698,2026-08-21 20:00:00+00:00,0.3368374945247483,-0.017228792524456,True,True,True,True,True,2026-08-21 12:00:00+00:00,0.15575,4.0,3,2,2,4.0,4.0,0,94.87646029047333,0.48715932265166995,0.5238235006359457,0.7793899234548156,0.8406466785634092,0.08310146540530505
ZEN,2026-08-22 00:00:00+00:00,2026-08-22 04:00:00+00:00,0.3201188049032193,0.050483264488505,77.00884729584057,-0.1134955244434244,71.99106734332511,-0.2476357822095022,-0.1845743231888577,-26.58252652768832,0.0700088967499672,0.0890580629569208,0.2018242391780254,0.6296660117878191,0.6296660117878191,12.48868852775174,10.322497673148712,5.4007,2026-08-22 08:00:00+00:00,0.1075416149758363,-0.0858407243505471,True,True,False,False,True,2026-08-22 00:00:00+00:00,6.0998,4.0,0,2,2,4.0,4.0,0,95.68645828843981,0.3414703120934808,0.3486181737784657,0.4557647788835588,0.5894830102147175,0.13056990866970475
DASH,2026-08-22 00:00:00+00:00,2026-08-22 04:00:00+00:00,0.2942355220092179,0.0465384270214428,75.33602793644066,-0.1331295280371875,71.3428900445264,-0.2390656137254867,-0.0900241653669089,-27.90128201008477,0.0929049779507564,0.1229757954411883,0.2251565477811052,0.7083278167615518,0.7083278167615518,10.33428710356083,12.398020720943506,41.25,2026-08-22 08:00:00+00:00,0.0754424242424243,-0.1333333333333333,True,False,False,True,True,2026-08-22 00:00:00+00:00,47.758,4.0,0,2,1,4.0,4.0,0,93.75695372871331,0.37865001415142596,0.42774289985052305,0.5136762701657636,0.6031554212823096,0.181564822460776
ENS,2026-08-22 00:00:00+00:00,2026-08-22 04:00:00+00:00,0.5107779537212036,0.0751500207715652,82.4605251752199,-0.1115899365724865,80.45744089305961,-0.1444380968438794,-0.0984845045299435,-14.43002064314939,0.0886586464544951,0.1107382408863444,0.2613359846350889,0.474169741697417,0.474169741697417,6.285867083358576,3.968990685450791,5.8582,2026-08-22 08:00:00+00:00,0.0372469359188829,-0.0654467242497695,False,False,False,False,False,2026-08-22 00:00:00+00:00,6.5902,4.0,0,2,2,4.0,4.0,0,94.0404669682656,0.353844392232163,0.41365995967222946,0.5785288270377733,0.7258609401597487,0.12295922241628077
ETC,2026-08-22 00:00:00+00:00,2026-08-22 04:00:00+00:00,0.3685228278325851,0.0505765385749535,80.13356155913107,-0.0964633757786835,73.16878063015514,-0.234321195693405,-0.1874671232139724,-23.70109275032428,0.055713103485478,0.0719338085569212,0.1749099948568491,0.5989079036253095,0.5989079036253095,2.4327768984268623,8.18854086742615,8.2205,2026-08-22 08:00:00+00:00,0.0060093668268352,-0.0903473024755184,False,False,False,False,False,2026-08-22 00:00:00+00:00,9.1019,4.0,0,2,2,4.0,4.0,0,95.56067141811167,0.2861260458661221,0.293361184528377,0.39857098955132164,0.4915279234399581,0.10462962962962985
STX,2026-08-22 00:00:00+00:00,2026-08-22 04:00:00+00:00,0.5561466688492389,0.0773571583019189,78.6393812602571,-0.1169697824145871,74.38028120016045,-0.2349248000835019,-0.2154393105222464,-23.778435677293245,0.0747268296337222,0.0918352853066126,0.2664754708842076,0.3915513833992097,0.3915513833992097,2.7787129150005336,5.423132318200824,0.18833,2026-08-22 08:00:00+00:00,0.5341687463494931,-0.0054160250623904,True,True,True,True,True,2026-08-22 00:00:00+00:00,0.21279,4.0,0,2,2,4.0,4.0,0,97.21956901527912,0.4305127303078591,0.377638223488282,0.6191599452138183,0.7748769705563434,0.0907273970441278
STBL,2026-08-18 00:00:00+00:00,2026-08-22 08:00:00+00:00,0.1881196844842021,0.0347088625872425,66.06054999690336,-0.0957294253436396,44.29151687099429,-0.0259768336020522,-0.2268793308685941,17.322753361165077,-0.0387064834266976,-0.0493183034601666,-0.0386899948130755,0.2414398595258982,0.2414398595258982,1.4969738069117156,1.4167288012481194,0.025842,2026-08-22 12:00:00+00:00,0.116167479297268,-0.1234037613187833,True,True,False,False,False,2026-08-22 04:00:00+00:00,0.028591,4.0,25,11,7,52.0,52.0,2,45.47275506268453,-0.0322442783268575,0.03171911085450341,0.05330828175655755,0.10143308421295938,0.03312591508052698
ALGO,2026-08-22 00:00:00+00:00,2026-08-22 08:00:00+00:00,0.2468482967390888,0.0416822396685838,71.89742461961254,-0.1107292062286364,62.62172042695455,-0.1115348665149523,-0.2922661275588404,12.463119154239408,-0.0030507664362656,-0.0066383440083435,0.0616768527172468,0.385774673773204,0.385774673773204,1.573721061883622,1.9155457898085104,0.09364,2026-08-22 12:00:00+00:00,0.0186779154207603,-0.0750961127723195,False,False,False,False,False,2026-08-22 04:00:00+00:00,0.10532,4.0,1,2,2,8.0,8.0,0,70.48303649386646,0.10113059404045233,0.1643101141979062,0.25798784056568835,0.33082298234751506,0.041670223663991646
PENGU,2026-08-21 00:00:00+00:00,2026-08-22 08:00:00+00:00,0.1990323656990322,0.0371601321790712,68.74035949944748,-0.0987352534807101,73.44026983271299,-0.0521142642766399,-0.2140527022453933,12.313876621633042,0.0266436193999894,0.0256961617030426,0.1493162381578412,0.5834896810506571,0.5834896810506571,0.4531717662753926,1.1805556441916023,0.008462,2026-08-22 12:00:00+00:00,0.2530134719924366,-0.0488064287402505,True,True,True,True,True,2026-08-22 04:00:00+00:00,0.009409,4.0,7,3,2,12.0,8.0,1,77.47797763479214,0.1864698630042636,0.23170572064406336,0.4389050313503595,0.5227383071694451,0.10292093592292395
VIRTUAL,2026-08-22 00:00:00+00:00,2026-08-22 08:00:00+00:00,0.3156684114248456,0.0455617115939815,73.42938706603046,-0.112433261019239,59.26520628220556,-0.0862882544077189,-0.2546549776660456,11.363621444909278,-0.0107844657004229,-0.016641026543125,0.0544982552100614,0.5111949092623131,0.5111949092623131,2.3459539487364323,1.6876282777776124,0.6832,2026-08-22 12:00:00+00:00,0.2258050351288056,-0.0448770491803278,True,True,True,True,True,2026-08-22 04:00:00+00:00,0.76979,4.0,1,2,2,8.0,8.0,0,64.86203834863588,0.09315704764009825,0.15542447166186335,0.2538317452561283,0.34257111463801726,0.049284992055467214
HBAR,2026-08-22 00:00:00+00:00,2026-08-22 08:00:00+00:00,0.2359988854834214,0.0262082350557716,76.58832609210862,-0.1094800872259842,61.41494110496109,-0.0550555234182225,-0.2195251792257793,14.026360208615529,0.0007995934439248,-0.002012213334629,0.0490267323285753,0.4575707154742063,0.4575707154742063,3.0503660558491315,1.2475400855354382,0.077446,2026-08-22 12:00:00+00:00,0.0892880200397696,-0.0212793430261084,True,False,True,True,True,2026-08-22 04:00:00+00:00,0.08713,4.0,1,2,1,8.0,4.0,0,64.99317433667872,0.07099348962055263,0.14988188404840774,0.22003472611179586,0.29135048612757886,0.048493204648414334
SPX,2026-08-22 00:00:00+00:00,2026-08-22 08:00:00+00:00,0.4681530676786845,0.0549219663867332,80.36557518521408,-0.1147112094988931,63.81133227766789,-0.0465308362749001,-0.2647882558171213,19.32842999674694,-0.0017788727904831,-0.0135444230165492,0.0972688009239111,0.558896007885658,0.558896007885658,0.9710167589145936,0.9657138296048328,0.43938,2026-08-22 12:00:00+00:00,0.4729619008603032,-0.0177522873139422,True,True,True,True,True,2026-08-22 04:00:00+00:00,0.4969,4.0,1,2,2,8.0,8.0,0,66.92542843059968,0.13404019863809835,0.15076424270495603,0.3205240638868958,0.5493748246079013,0.059194795683174206
MOODENG,2026-08-22 00:00:00+00:00,2026-08-22 08:00:00+00:00,0.401522061338502,0.0511593822519656,78.78874361411184,-0.1687566181797916,56.83738722389453,-0.0718561812106551,-0.3304822505683888,22.03490356993312,-0.0316718971942329,-0.0474360096414269,0.0504976041282712,0.4353312302839116,0.4353312302839116,1.5494408473621752,1.197127596214226,0.044683,2026-08-22 12:00:00+00:00,0.0518541727278831,-0.089497124185932,True,False,False,True,True,2026-08-22 04:00:00+00:00,0.053829,4.0,1,2,2,8.0,8.0,0,61.23769406559456,0.09428242831523148,0.13887654712789588,0.377405322415558,0.5378396137473931,0.10141448978165135
kSHIB,2026-08-22 00:00:00+00:00,2026-08-22 08:00:00+00:00,0.331677579589072,0.0512055550966489,76.63441246368906,-0.1147356580427446,64.19261008585417,-0.0993383943296518,-0.2979275521094068,14.08086658550762,0.0060293296177795,0.0091591866642242,0.0896288457924978,0.3945205479452057,0.3945205479452057,1.0512026424443237,1.7446583634238628,0.00551,2026-08-22 12:00:00+00:00,0.045372050816697,-0.0722323049001815,False,False,False,False,False,2026-08-22 04:00:00+00:00,0.006223,4.0,1,2,2,8.0,8.0,0,71.27272849393489,0.1349487884086933,0.20344227422162064,0.29322527015793853,0.3968574635241304,0.09873323397913536
XRP,2026-08-21 00:00:00+00:00,2026-08-22 08:00:00+00:00,0.2653896039110046,0.0421191128858995,77.65926075521479,-0.1262027693029804,75.15077939066214,-0.1543577969093743,-0.1224796178839007,-13.727401131324612,0.0417627033476664,0.0444305918104959,0.1798865508936493,0.4426795580110499,0.4426795580110499,1.9637955820350808,1.6857195820674848,1.4897,2026-08-22 12:00:00+00:00,0.042357521648654,-0.0887426998724576,False,False,False,False,False,2026-08-22 04:00:00+00:00,1.7044,4.0,7,1,1,4.0,4.0,0,88.86829337041542,0.2649371570947405,0.2965160505096607,0.5317695695155926,0.6994715325555889,0.07462584099958813
BSV,2026-08-22 00:00:00+00:00,2026-08-22 08:00:00+00:00,0.1958823916332304,0.0371989118204524,78.31267533924817,-0.0989190614289481,58.82582328062674,-0.0529925249356769,-0.2976273968142161,19.9237070451246,-0.0136750245404728,-0.0222316876247632,0.0458128319992166,0.5474956822107078,0.5474956822107078,1.1543937907038986,1.2190442672568698,17.044,2026-08-22 12:00:00+00:00,0.0234099976531332,-0.0478174137526402,False,False,False,False,False,2026-08-22 04:00:00+00:00,18.965,4.0,1,2,2,8.0,8.0,0,62.11759128578278,0.06827049117125461,0.10428554792127631,0.19457042076089692,0.32826726432273423,0.06803482587064691
RSR,2026-08-21 00:00:00+00:00,2026-08-22 08:00:00+00:00,0.1736111111111109,0.0358826929188431,64.52739001980848,-0.1072319201995013,59.82881855786472,-0.1033447874170424,-0.312441690022194,15.674126644756946,-0.0197027302768699,-0.0365552814532407,0.0534059143739884,0.2499999999999979,0.2499999999999979,1.063405587574438,1.4368191057042397,0.001432,2026-08-22 12:00:00+00:00,0.079608938547486,-0.0516759776536311,True,False,False,True,True,2026-08-22 04:00:00+00:00,0.001604,4.0,7,3,2,12.0,8.0,0,66.72444181249816,0.09901541891138788,0.10392291810048171,0.27910685805422664,0.3744644387317908,0.06804733727810652
DOGE,2026-08-22 00:00:00+00:00,2026-08-22 08:00:00+00:00,0.3176145839323707,0.0384810975010449,83.64532941089023,-0.1095685731248763,71.40339189520454,-0.1337259593888387,-0.2293911623823707,0.7027384730763373,0.0232362707973543,0.02786943918449,0.1133126268509177,0.3813457236276023,0.3813457236276023,2.034932238029613,1.9016370748938487,0.089988,2026-08-22 12:00:00+00:00,0.060530292927946,-0.0684313464017424,True,False,True,True,True,2026-08-22 04:00:00+00:00,0.10106,4.0,1,2,1,8.0,4.0,0,82.42587050724622,0.16633107132679692,0.210458862844207,0.3418309765650933,0.4453247904808215,0.07771728265854483
SUI,2026-08-22 00:00:00+00:00,2026-08-22 08:00:00+00:00,0.2596368839996423,0.0416401572973644,75.08970130576355,-0.131622698328053,63.53979945548755,-0.1145284249490737,-0.2310460897893774,7.528859906956818,0.010832599686418,0.012674674766897,0.0994705135138533,0.326539923954372,0.326539923954372,1.3146860613750415,1.8024551160357103,0.82908,2026-08-22 12:00:00+00:00,0.0348820379215515,-0.1247044917257684,False,False,False,False,False,2026-08-22 04:00:00+00:00,0.95637,4.0,1,2,1,8.0,4.0,0,71.75814700978196,0.15706895685801814,0.22952020981178656,0.36118701964133226,0.4558836961485766,0.08167660702451962
WIF,2026-08-22 00:00:00+00:00,2026-08-22 08:00:00+00:00,0.4699425372034773,0.0569365859410983,82.57156461925804,-0.1348969806919786,73.11845677166718,-0.049654404188867,-0.2156383755093002,14.408122932726217,0.0443829813474634,0.047897542627592,0.1912423346636769,0.4873310810810825,0.4873310810810825,0.6335502304250044,1.260184865056426,0.20009,2026-08-22 12:00:00+00:00,0.1617272227497626,-0.0683692338447699,True,True,False,True,True,2026-08-22 04:00:00+00:00,0.23151,4.0,1,2,2,8.0,8.0,0,76.93880741274923,0.23632527728351582,0.31794375498121363,0.5376594048884165,0.6967897977132804,0.09427153811456912
USUAL,2026-08-22 00:00:00+00:00,2026-08-22 08:00:00+00:00,0.3927355278093076,0.0580776763022547,81.06331878568969,-0.1407459535538353,67.45686642662758,0.0130604388364357,-0.1406796050533054,16.633828468705815,0.0403208183817076,0.0408221254025382,0.1752249867654844,0.6806722689075629,0.7478991596638657,3.4219107048298043,2.2282345455899195,0.01218,2026-08-22 12:00:00+00:00,0.1116584564860427,-0.1149425287356321,True,True,False,False,False,2026-08-22 04:00:00+00:00,0.01421,4.0,1,1,1,4.0,4.0,0,66.58720826578332,0.1811909771492881,0.40276406712734447,0.5547045951859955,0.6277205040091638,0.14215202369200397
MON,2026-08-21 00:00:00+00:00,2026-08-22 08:00:00+00:00,0.2768488438754062,0.0508931470279976,71.34516705313887,-0.1082088310651183,59.51891034745261,-0.0198260797255802,-0.2603226322831762,20.0728744810163,-0.0219646884740569,-0.0369898672117664,0.0396043444530642,0.4536152796725771,0.4536152796725771,0.8183050688762009,0.9053794687478016,0.026801,2026-08-22 12:00:00+00:00,0.22529010111563,-0.0099623148389985,True,True,True,True,True,2026-08-22 04:00:00+00:00,0.030053,4.0,7,6,4,24.0,24.0,1,60.72280553107255,0.057194277043479014,0.08525928065867383,0.19766468736300946,0.3872322747415067,0.06045510700195278
MERL,2026-08-22 00:00:00+00:00,2026-08-22 08:00:00+00:00,0.1610968294772923,0.0494851062287663,67.85758228587083,-0.1162860835846617,54.109170036674726,-0.0457306862079106,-0.2354790365732358,16.93062487961501,-0.0244242867538829,-0.035920763329277,0.0304704966213671,0.4703748488512714,0.4703748488512714,0.9823476072504704,1.284553555208286,0.020514,2026-08-22 12:00:00+00:00,0.0685385590328555,-0.1052939455981282,True,False,False,False,False,2026-08-22 04:00:00+00:00,0.02321,4.0,1,2,2,8.0,8.0,0,56.70220057863426,0.05451575958759847,0.1369091354396279,0.23496860700223476,0.3159088332010431,0.059095393882743874
kFLOKI,2026-08-22 00:00:00+00:00,2026-08-22 08:00:00+00:00,0.455130443457874,0.0597410005416851,84.16154548042122,-0.139329637417957,67.2162531592902,-0.159261581640679,-0.2952684972366798,3.105178108380855,0.0067102649927097,0.00599166628736,0.1216439539267713,0.3493431855500815,0.3493431855500815,2.826023834382549,2.219113432307076,0.026969,2026-08-22 12:00:00+00:00,0.0601802069042234,-0.0697838258741517,True,False,False,True,True,2026-08-22 04:00:00+00:00,0.031386,4.0,1,2,2,8.0,8.0,0,79.9490682137031,0.1993435065933764,0.25168494516450646,0.41512241309346654,0.5735485811691567,0.10471105051882157
FARTCOIN,2026-08-22 00:00:00+00:00,2026-08-22 08:00:00+00:00,0.3903872018121328,0.0505316264176766,79.68548143704439,-0.1063101406365655,71.13282539945105,-0.0154056679389078,-0.1880290407862052,16.532788517573394,0.0255645680750435,0.0227236630803708,0.1354012078110995,0.5738744451490171,0.5738744451490171,1.3111496139285856,1.2596035190596389,0.19289,2026-08-22 12:00:00+00:00,0.1629944527969309,-0.1357250246254342,True,True,True,True,True,2026-08-22 04:00:00+00:00,0.21616,4.0,1,2,2,8.0,8.0,0,72.24582052036168,0.15856733986134208,0.22082909748107982,0.4240727320640356,0.5295782621001981,0.07535550330310148
S,2026-08-22 00:00:00+00:00,2026-08-22 08:00:00+00:00,0.3029102336384752,0.046928187657271,74.09420891023048,-0.1047625127681307,63.95608260901524,-0.1467609619593003,-0.2244918485269014,0.9746876573330638,0.0066320243006079,0.0085022733992312,0.1016662869533111,0.2691082802547782,0.2691082802547782,1.4459028843196515,2.5754873086246053,0.028055,2026-08-22 12:00:00+00:00,0.1924434147210834,-0.0757440741400818,True,True,False,False,True,2026-08-22 04:00:00+00:00,0.031328,4.0,1,3,2,8.0,8.0,0,74.95681720784619,0.1746936403761885,0.21666860848965008,0.3013209271413142,0.4718346253229977,0.0759927293064877
GOAT,2026-08-22 00:00:00+00:00,2026-08-22 08:00:00+00:00,0.2273767739966428,0.0430250621422804,70.08160666033105,-0.1529205863049662,55.69565768390169,-0.1276698543648401,-0.2610766114886304,11.809852846842029,-0.0251818546919802,-0.0335235427485838,0.0459741005250806,0.247635425623388,0.247635425623388,1.0158221633506483,1.5927056591332505,0.01548,2026-08-22 12:00:00+00:00,0.1728036175710594,-0.0666666666666666,True,True,False,True,True,2026-08-22 04:00:00+00:00,0.018284,4.0,1,2,2,8.0,8.0,0,63.84699412554251,0.11506783028287337,0.1591226068213516,0.3258883248730966,0.45295613477431673,0.11220937461146341
TRUMP,2026-08-22 00:00:00+00:00,2026-08-22 08:00:00+00:00,0.3353824160114367,0.0719651997647862,69.87243186265768,-0.2774784915976521,79.71632977386557,-0.0996016504509762,0.1340145567717694,-9.690549242579706,0.2019939121607661,0.2794831905075809,0.4787469213342623,0.6131045241809674,0.6131045241809674,10.372642587328212,3.752450682894524,2.6978,2026-08-22 12:00:00+00:00,0.0907776706946399,-0.217362295203499,True,False,False,False,False,2026-08-22 04:00:00+00:00,3.7311,4.0,1,1,1,4.0,4.0,0,88.53451343374022,0.6202032148197847,1.1638345995476427,1.2445406966251578,1.6529436860068256,0.4686329086821539
MET,2026-08-21 00:00:00+00:00,2026-08-22 08:00:00+00:00,0.2814137720901888,0.0494639822749323,72.50565014207226,-0.1091597518730363,60.58904426827739,-0.2177434927138944,-0.1112098362629903,-17.826375584225516,-0.0041982149787663,-0.0039582655690945,0.0549060572671462,0.126151381657989,0.126151381657989,1.4722963433077128,1.8376085751728743,0.22114,2026-08-22 12:00:00+00:00,0.1398209279189652,-0.0773265804467757,True,True,True,True,True,2026-08-22 04:00:00+00:00,0.24826,4.0,7,3,2,8.0,4.0,0,77.45419015877528,0.15659083676480523,0.1254363298426946,0.1357335651219178,0.438854758316912,0.08994295178505718
ADA,2026-08-22 00:00:00+00:00,2026-08-22 08:00:00+00:00,0.3125429159990844,0.0468238816536972,76.97718215907125,-0.1349702725658249,65.22181536353906,-0.0974178790207594,-0.22118038535152,8.121303131535711,0.0132407491283248,0.0104829576773133,0.1081683272375666,0.3988902589395813,0.3988902589395813,1.326228765811923,1.5627477792938864,0.22407,2026-08-22 12:00:00+00:00,0.0459231490159326,-0.0969339938412102,False,False,False,False,False,2026-08-22 04:00:00+00:00,0.25902,4.0,1,2,1,8.0,4.0,0,72.26136419894713,0.15870051716973488,0.2337223148368659,0.4060362609922916,0.4779185210544332,0.06465254163396983
MINA,2026-08-22 00:00:00+00:00,2026-08-22 08:00:00+00:00,0.4394614216203689,0.0528614317673206,79.88581149167078,-0.0967700258397933,73.97941405475794,-0.2319231721112546,-0.2206541225833643,-23.169214646058208,0.0393893050875913,0.0479819115313986,0.1722514614367247,0.1560366119424667,0.1560366119424667,3.196680333616572,3.2227239463861896,0.055956,2026-08-22 12:00:00+00:00,0.2275537922653514,-0.0644971048681106,True,True,False,True,True,2026-08-22 04:00:00+00:00,0.06192,4.0,1,2,2,4.0,4.0,0,96.31772678015713,0.2824630519824429,0.2715101236190398,0.408264913916623,0.5457586499575615,0.048630907726931794
MELANIA,2026-08-22 00:00:00+00:00,2026-08-22 08:00:00+00:00,0.3065046461758398,0.0438610855210612,78.17480331593781,-0.3098728633128537,83.9883590930445,0.0078227287013805,0.02144148799687,9.658880817134945,0.1400549546548448,0.177545842463386,0.3254124024487137,0.5435276305828911,0.6737320211960629,9.801098982590938,2.638446920211072,0.11289,2026-08-22 12:00:00+00:00,0.0597927185756044,-0.1266719815749846,True,False,False,False,False,2026-08-22 04:00:00+00:00,0.16439,4.0,1,1,1,4.0,4.0,0,83.33644072630393,0.3391247041907559,0.969450101832994,1.0909437802085984,1.3124208749472501,0.2705985337564285
AR,2026-08-22 00:00:00+00:00,2026-08-22 08:00:00+00:00,0.2645567504318269,0.0382155407517049,77.18520239099416,-0.1013710012463648,62.425974980350766,-0.1338588096618579,-0.2869630629961456,8.325654309592615,0.000113684626966,-0.0031492434134727,0.0782275792968338,0.330666666666666,0.330666666666666,9.459271721286438,1.98826903328502,2.1599,2026-08-22 12:00:00+00:00,0.1005602111208852,-0.0642159359229593,True,True,False,True,True,2026-08-22 04:00:00+00:00,2.407,4.0,1,2,2,8.0,8.0,0,72.07367075566471,0.13426613565073797,0.141678129298487,0.2879233773877683,0.37127556543041074,0.08859363008442056
GMX,2026-08-22 00:00:00+00:00,2026-08-22 08:00:00+00:00,0.1840674929072718,0.0336074851428735,77.11961243301462,-0.0978263591515788,54.46328759670367,-0.0911852267334288,-0.3661925915529247,16.848421144280415,-0.0205611479823987,-0.0233015236132949,0.0224837729144611,0.4537010976639463,0.4537010976639463,1.6209952669657852,2.061928846724233,7.2062,2026-08-22 12:00:00+00:00,0.0903943826149704,-0.012142321889484,True,False,True,True,True,2026-08-22 00:00:00+00:00,7.9866,8.0,0,2,2,8.0,8.0,0,82.24077233950612,0.12941784398089506,0.14244435543857636,0.16987212351140335,0.23369943000139015,0.07233461351219783
SOL,2026-08-21 00:00:00+00:00,2026-08-22 08:00:00+00:00,0.1638652115032264,0.0269540396767201,77.72675742809142,-0.0928474246841594,72.56896706514247,-0.0717789766444523,-0.1867970964375513,7.638791661711551,0.0125572390698902,0.0111828873297923,0.0637908703800465,0.5375580442502056,0.5375580442502056,1.103797542452879,1.5581519156993968,93.352,2026-08-22 12:00:00+00:00,0.1334518810523608,-0.0197317679321278,True,True,True,True,True,2026-08-22 04:00:00+00:00,102.9,4.0,7,1,1,4.0,4.0,0,78.18069752697845,0.08704867595892951,0.13782122163740107,0.19408181026979987,0.33777090185779857,0.03203214940519339
BCH,2026-08-22 00:00:00+00:00,2026-08-22 08:00:00+00:00,0.4155958803334967,0.0670563970070923,84.22811307173221,-0.0927801372100621,71.43395745351138,-0.060520827957478,-0.1968866090178378,9.435390633373489,0.0213140989409992,0.0113587161049357,0.154610542421647,0.4710622710622704,0.4710622710622704,0.7451087953493802,1.4207588799978808,277.69,2026-08-22 12:00:00+00:00,0.0292052288523174,-0.0714465771183693,False,False,False,False,False,2026-08-22 00:00:00+00:00,306.1,8.0,0,2,2,8.0,8.0,0,90.0728352487484,0.27510436889033985,0.34384054789709384,0.452638572513288,0.5039551908809514,0.15216436912810605
kPEPE,2026-08-21 00:00:00+00:00,2026-08-22 08:00:00+00:00,0.2258679893170545,0.0412619713616683,70.22235871462976,-0.122645641699518,77.59726346056698,-0.1173912724605015,-0.1650744223276503,-4.692216646361828,0.0458166648935385,0.0520264947039772,0.207208293153327,0.3715277777777779,0.3715277777777779,0.9895781840224244,1.1104440825350683,0.004002,2026-08-22 12:00:00+00:00,0.078710644677661,-0.088455772113943,True,False,True,True,True,2026-08-22 04:00:00+00:00,0.004566,4.0,7,2,1,8.0,4.0,0,87.91807857700381,0.28142366723625667,0.3211805555555556,0.534274193548387,0.7636152954808804,0.08574434508153606
PNUT,2026-08-21 00:00:00+00:00,2026-08-22 08:00:00+00:00,0.2723944349524043,0.0456942781884023,76.80730019255319,-0.1257639112254744,63.48487736023259,0.0117913470859334,-0.2230634066721976,23.176604923061404,0.0003097819123643,-0.0094551638962565,0.0731206569804168,0.2664092664092674,0.4015444015444009,0.8523248923137811,0.9837654691783037,0.05423,2026-08-22 12:00:00+00:00,0.0287663654803613,-0.0864834962198045,False,False,False,False,False,2026-08-22 04:00:00+00:00,0.06218,4.0,7,2,1,8.0,4.0,0,62.74502894601321,0.07977888623436846,0.13945391240608385,0.2731367731367731,0.5176958750305101,0.06490581490581482
NOT,2026-08-22 00:00:00+00:00,2026-08-22 08:00:00+00:00,0.1546391752577318,0.0354299298820623,73.13528643430772,-0.1282565130260521,58.772649945938376,-0.1502663767067487,-0.2358296320690723,2.250237288383751,-0.0089270437406174,-0.0121120363361091,0.0421657882127457,0.4848484848484853,0.4848484848484853,3.048612157922471,2.720992033494217,0.000437,2026-08-22 12:00:00+00:00,0.0045766590389015,-0.0846681922196795,False,False,False,False,False,2026-08-22 04:00:00+00:00,0.000499,4.0,1,1,1,4.0,4.0,0,69.16596958721894,0.0899445382204005,0.1741176470588235,0.24749999999999983,0.32010582010582,0.044642857142857206
AVAX,2026-08-21 00:00:00+00:00,2026-08-22 08:00:00+00:00,0.1523281351218972,0.0299036151198094,70.51773208953878,-0.0987090058507521,62.39751388657903,-0.0449062860771852,-0.2750391960743709,20.18262470588584,-0.0037316248264281,-0.0107019604695788,0.0530097425312969,0.5738876258525475,0.5738876258525475,0.7681859472510265,1.3484514857266938,7.534,2026-08-22 12:00:00+00:00,0.0273294398725776,-0.050491106981683,False,False,False,False,False,2026-08-22 04:00:00+00:00,8.3579,4.0,7,2,2,8.0,8.0,0,65.33129993107843,0.0730217434506788,0.11802397132002795,0.22682969791269136,0.31653645012916654,0.0398091071783655
POL,2026-08-22 00:00:00+00:00,2026-08-22 12:00:00+00:00,0.2736909647492882,0.0419574121110451,81.92353298987379,-0.0904522613065327,82.66011907756815,-0.0475945170201456,-0.0595738770091629,-0.2166439307749215,0.0885486863674922,0.10987257055865,0.2326155821320419,0.7474916387959847,0.7474916387959847,1.2841302961508048,1.565995801566508,0.11046,2026-08-22 16:00:00+00:00,0.1655803005612892,-0.0832880680789426,True,True,False,False,True,2026-08-22 08:00:00+00:00,0.12139,4.0,2,2,1,8.0,4.0,0,86.79088954732174,0.27044923506998075,0.3325210213177019,0.4830969223814585,0.5019982924807285,0.10567689255990165
LINEA,2026-08-22 00:00:00+00:00,2026-08-22 12:00:00+00:00,0.2148566055477196,0.0341435334242392,68.515852211478,-0.0855457227138642,61.9589264656738,-0.0763148487103141,-0.3080683597536989,-0.1157377817506244,-0.0064984863935417,-0.0158296221173772,0.0480718436344427,0.1363636363636345,0.1363636363636345,0.2133368218867105,0.8937084362949093,0.00248,2026-08-22 16:00:00+00:00,0.0471774193548386,-0.0620967741935484,False,False,False,False,False,2026-08-22 04:00:00+00:00,0.002712,8.0,1,3,2,12.0,12.0,0,72.08127921266971,0.10116999311768748,0.13377926421404673,0.22107158937415594,0.30071942446043165,0.03241690603200653
ZEC,2026-08-21 00:00:00+00:00,2026-08-22 12:00:00+00:00,0.168471128608924,0.0344023623356662,68.21144837327685,-0.0833923245639484,80.52208621665177,-0.0177969711942075,-0.1592941809453969,3.870367254292901,0.0708773119209913,0.0795495100101295,0.2415921176938469,0.2644055433989792,0.2644055433989792,0.6159849859262388,0.6480075278473583,789.86,2026-08-22 16:00:00+00:00,0.1262755425012027,-0.0484769452814421,True,True,True,True,True,2026-08-22 00:00:00+00:00,861.71,12.0,6,3,2,12.0,12.0,0,95.7791469877074,0.41461989489185225,0.5090979142221679,0.5541707998917846,0.7068296161312047,0.13920659313758832
LINK,2026-08-20 00:00:00+00:00,2026-08-22 12:00:00+00:00,0.1765624651359973,0.0327900331234963,80.37394615674265,-0.0816874703744666,64.75235702992914,-0.0268826108362596,-0.2455534481243498,-0.4183722863648995,0.0019423370861084,-0.0087643664547425,0.0543277186875144,0.2925659472422061,0.2925659472422061,0.5896548536056642,1.0670901681273737,11.624,2026-08-22 16:00:00+00:00,0.0307983482450102,-0.0484342739160358,False,False,False,False,False,2026-08-22 04:00:00+00:00,12.658,8.0,13,3,3,16.0,16.0,1,67.91158480322822,0.08584331090783981,0.0946039432722241,0.20037932669511616,0.30611992199188953,0.059556532893531244
CRV,2026-08-21 00:00:00+00:00,2026-08-23 00:00:00+00:00,0.1802479338842975,0.0475627687554189,71.84795257829595,-0.1019849997180397,57.76823959414035,-0.1583404033068518,-0.1744184942470212,-9.41116198597549,-0.028985593451842,-0.0485388230920388,0.031062335097687,0.1155115511551143,0.1155115511551143,0.9737399560084348,1.5980298335840404,0.31839,2026-08-23 04:00:00+00:00,0.0884135808285435,-0.0513521153302554,True,False,True,True,True,2026-08-22 04:00:00+00:00,0.35466,20.0,7,8,6,28.0,28.0,1,66.19006029670436,0.12591677657518097,0.120250165829622,0.3249897261553403,0.5027966101694914,0.12670681324837196
PENDLE,2026-08-22 00:00:00+00:00,2026-08-23 00:00:00+00:00,0.3192540643927319,0.0375790105145535,70.95011207287064,-0.0921089739974053,56.73448230821926,-0.1409024274729633,-0.146683291815649,-3.3409185944734574,-0.020830877589955,-0.0324984972951314,0.0167360977319885,0.0181992337164752,0.0181992337164752,0.6974043484029014,1.515698566249888,1.6103,2026-08-23 04:00:00+00:00,0.2330621623300006,-0.0162081599701918,True,True,True,True,True,2026-08-22 04:00:00+00:00,1.7729,20.0,1,5,4,24.0,24.0,1,70.94057796275915,0.11221800565737894,0.11657639501196604,0.21165937670858392,0.3608381946576604,0.04929322218194998
SYRUP,2026-08-22 00:00:00+00:00,2026-08-23 00:00:00+00:00,0.2716443571165419,0.0463778319504351,75.24852148430716,-0.0893574297188755,57.70780026019977,-0.0626162452661071,-0.0997140346578483,1.120002482620272,-0.0161782477583027,-0.0371441730885887,0.0209501960479521,0.1119791666666699,0.1119791666666699,0.4071265578120349,0.6397160793481664,0.19056,2026-08-23 04:00:00+00:00,0.1255247691015952,-0.0286523929471034,True,True,True,True,True,2026-08-22 00:00:00+00:00,0.20916,24.0,0,5,2,24.0,24.0,0,82.65441105077116,0.16810814491964043,0.1674480910917615,0.28595142944973895,0.328843710292249,0.06300100944124454
SUSHI,2026-08-22 00:00:00+00:00,2026-08-23 00:00:00+00:00,0.2730136727364376,0.0372166304376958,78.81141410984634,-0.0964633148468043,59.71173726083104,-0.1148956014626717,-0.2119116330583017,2.0400558105155824,-0.0211564225148896,-0.0380667121954366,0.0300126704617593,0.0636363636363628,0.0636363636363628,1.4983901386877283,1.5535577844174413,0.19859,2026-08-23 04:00:00+00:00,0.0714033939271867,-0.0380683820937609,True,False,True,True,True,2026-08-22 04:00:00+00:00,0.21998,20.0,1,6,4,24.0,24.0,1,87.51421399001529,0.17548587517906444,0.17711900684931514,0.2591871780194621,0.37530478274460766,0.06959018016234397
ZRO,2026-08-23 00:00:00+00:00,2026-08-23 20:00:00+00:00,0.4993287550988794,0.0538633173221314,79.7182270129097,-0.0871680049413218,65.75222644443426,-0.0556290125943951,-0.1364252787497932,4.241962395357774,0.0149083223358417,0.0116368614700093,0.1231733470765241,0.2352941176470583,0.2352941176470583,0.5347344914225186,0.6824050872733013,1.1817,2026-08-24 00:00:00+00:00,0.1372598798341373,-0.1162731657781162,True,True,False,False,False,2026-08-23 12:00:00+00:00,1.2952,8.0,3,4,3,16.0,12.0,1,77.74057554960731,0.23563126929602696,0.27242361725120334,0.25552539744086844,0.4871459244715419,0.07576022369800772
AIXBT,2026-08-23 00:00:00+00:00,2026-08-24 00:00:00+00:00,0.1750568181818181,0.0514600317096485,60.82433596021173,-0.0811161874048195,52.29354220698934,-0.1520408866028402,-0.1301127995956189,-10.332881180816656,-0.0169573376244142,-0.0106842987960069,-0.0161898276473918,0.1111111111111085,0.1111111111111085,0.5568244725040148,1.3032345449374376,0.02051,2026-08-24 04:00:00+00:00,0.092930277913213,-0.0371526084836664,True,False,True,True,True,2026-08-23 20:00:00+00:00,0.022326,4.0,5,4,1,12.0,4.0,0,61.66988641408297,0.03149312778826596,0.07954160823944667,0.03356326096014084,0.14001225490196068,0.06684875700199067
BRETT,2026-08-23 00:00:00+00:00,2026-08-24 00:00:00+00:00,0.3676821192052979,0.0619898499080097,65.93610089082583,-0.1320220036672779,54.28314363793815,-0.1745034015440676,-0.1240624286434511,-9.564888612558036,-0.0280732967980597,-0.0202788869608847,-0.0035498655643902,0.0216450216450207,0.0216450216450207,1.0274633054520077,1.2542229384620227,0.005218,2026-08-24 04:00:00+00:00,0.1142200076657722,-0.0613261786124953,True,True,True,True,True,2026-08-23 20:00:00+00:00,0.005999,4.0,5,2,1,8.0,4.0,0,65.7581675557152,0.09024004931992469,0.16192136354832454,0.10866752910737376,0.32809386761124637,0.07835889854001099
COMP,2026-08-21 00:00:00+00:00,2026-08-24 00:00:00+00:00,0.1574347612013786,0.0274686786145049,72.21332611812531,-0.0825271651918756,55.43457695798667,-0.1488830837389108,-0.1707927355919055,-7.218614859234499,-0.0120095500747582,-0.0100534277296513,0.0089418740373052,0.082512315270936,0.082512315270936,2.4474057201612296,1.1177668668364404,20.027,2026-08-24 04:00:00+00:00,0.0130324062515603,-0.1185399710390973,False,False,False,False,False,2026-08-23 12:00:00+00:00,21.811,12.0,15,5,2,44.0,12.0,1,66.85249796690702,0.061455790952887224,0.12782460313356436,0.11360155212907186,0.1303378938640134,0.040442125923247696
PYTH,2026-08-23 00:00:00+00:00,2026-08-24 00:00:00+00:00,0.3535227715064228,0.0407019846384865,75.21259983073736,-0.1032504437312871,53.99500623719939,-0.088227322939123,-0.17184280429193,-3.563705703201734,-0.0236249727977851,-0.0315910396323952,-0.0011791828791831,0.090865842055184,0.090865842055184,0.9607389043214486,0.7620356833043885,0.050083,2026-08-24 04:00:00+00:00,0.1480342631232154,-0.0852784377932632,True,True,True,True,True,2026-08-23 12:00:00+00:00,0.055777,12.0,3,4,2,24.0,12.0,1,65.19898217032812,0.10098391442802312,0.10137630077207116,0.14529475780784784,0.262294339964243,0.09204224487289703
APEX,2026-08-24 00:00:00+00:00,2026-08-24 16:00:00+00:00,0.5060832332515273,0.064898241915646,71.55160993828164,-0.0868503443957421,64.32678830360058,-0.0193133412591938,-0.1438376465405106,10.6639181653277,0.0140050168022376,0.0002324402799951,0.1069068772747454,0.6871987145152639,0.6871987145152639,0.8323613101124049,0.9854253293813946,0.29157,2026-08-24 20:00:00+00:00,0.0292211132832596,-0.1261103680076825,False,False,False,False,False,2026-08-24 08:00:00+00:00,0.3194,8.0,2,4,2,16.0,8.0,1,77.52437041457743,0.2202185251781117,0.25254901960784326,0.3435409918815464,0.32251252536126884,0.11070588235294099
SUPER,2026-08-24 00:00:00+00:00,2026-08-24 16:00:00+00:00,0.2842727905358384,0.0356224920304032,80.81516462168837,-0.13309931256399,65.79760377039877,-0.1695343825309472,-0.0418977048460303,-21.73479015969928,0.0525661853075967,0.0677034857537455,0.1265394407597442,0.1995395241749812,0.1995395241749812,14.196658774884124,2.931668686259503,0.11845,2026-08-24 20:00:00+00:00,0.0601097509497676,-0.1064584212747994,True,False,False,True,True,2026-08-24 12:00:00+00:00,0.13674,4.0,3,1,1,4.0,4.0,0,79.22977470268444,0.21646272529039123,0.3387507342862739,0.3789834610730134,0.327057453416149,0.11114028178874591
APT,2026-08-23 00:00:00+00:00,2026-08-24 16:00:00+00:00,0.1909244963283749,0.0390972605841748,61.70983865784778,-0.0913056558363417,47.39286928520183,-0.0504964978952097,-0.0748050066770164,0.4929914869951375,-0.0255628861916352,-0.0356686768357574,-0.044463073978583,0.1657754010695178,0.1657754010695178,0.8006866812698598,0.7575494881630127,0.6043,2026-08-24 20:00:00+00:00,0.0306139334767501,-0.1237795796789673,False,False,False,False,False,2026-08-23 12:00:00+00:00,0.6648,28.0,3,6,4,40.0,32.0,1,61.92392830370827,0.05147634379967858,0.053565768621236076,0.037291309096582737,0.15960230245944507,0.0528505392912173
AAVE,2026-08-22 00:00:00+00:00,2026-08-24 20:00:00+00:00,0.4308980921358771,0.058227120662,80.39511619158603,-0.088763503750086,62.47563810762813,-0.0595540461391608,-0.1234103704276544,-4.037978584083874,-0.0140135855032763,-0.0380232126426577,0.0209186957711626,0.4011976047904215,0.4011976047904215,0.4462332136514814,0.8111146665211101,132.4,2026-08-25 00:00:00+00:00,0.0309667673716012,-0.095619335347432,False,False,False,False,False,2026-08-23 20:00:00+00:00,145.33,24.0,11,7,6,32.0,32.0,0,80.1821010263064,0.18044891895664783,0.14713079169626653,0.18154471544715456,0.46345638732805683,0.1166591012256013
OP,2026-08-23 00:00:00+00:00,2026-08-25 04:00:00+00:00,0.2935660018993353,0.0417918271402576,70.5278905500651,-0.0883225693838366,48.46146109462498,-0.1224313157801445,-0.1091028633960089,-6.555796656538405,-0.0298249497436311,-0.0354966452592485,-0.0454825813820674,0.155234657039711,0.155234657039711,4.498931763066607,1.544441006510136,0.10429,2026-08-25 08:00:00+00:00,0.0116022629207019,-0.1622399079489883,False,False,False,False,False,2026-08-23 20:00:00+00:00,0.11458,32.0,5,12,5,52.0,44.0,2,65.56630454305595,0.05438245327168656,0.05148205928237126,0.06964152352501851,0.16834913837055154,0.08999253174010446
ARB,2026-08-23 00:00:00+00:00,2026-08-25 08:00:00+00:00,0.317449753760149,0.0511914246453005,73.9982658484573,-0.0879237288135593,46.76685723568447,-0.0850315682816414,-0.1205598316158288,0.1018629253928296,-0.0271878310993065,-0.0316170957260684,-0.0396081771720614,0.0,0.0,1.5545587563346728,0.7955213489290096,0.09485,2026-08-25 12:00:00+00:00,0.0075909330521877,-0.0968898260411176,False,False,False,False,False,2026-08-23 12:00:00+00:00,0.10384,44.0,3,12,6,56.0,44.0,1,67.296527500303,0.06124656173792764,0.05937563762497455,0.06393442622950807,0.15931673551412318,0.06479877738155881
LTC,2026-08-22 00:00:00+00:00,2026-08-25 08:00:00+00:00,0.2079176491928169,0.0292238614673103,79.61932025646755,-0.0801879997118777,49.87625096813381,-0.0713287322376665,-0.0838415675273308,0.6196679822423263,-0.0142097671012461,-0.0167640183167966,-0.018052387584694,0.1347992351816427,0.1347992351816427,0.4560569334760534,0.7570583981967557,51.043,2026-08-25 12:00:00+00:00,0.0071900162607996,-0.0601845502811355,False,False,False,False,False,2026-08-22 04:00:00+00:00,55.532,76.0,1,12,3,80.0,80.0,2,69.71882999765936,0.07365622550189155,0.11869460112812247,0.18612499466017352,0.24754566081818785,0.032179744870544535
POPCAT,2026-08-23 00:00:00+00:00,2026-08-25 12:00:00+00:00,0.3067084122129992,0.0396079350073688,75.73504266694502,-0.1019317528083083,58.3246742200545,-0.2052958300468761,-0.2217590275116217,-19.576877586644315,-0.0069231292263858,-0.0010646299615685,0.0361583835363286,0.2379370352792277,0.2379370352792277,5.730466648337773,2.153557128525347,0.059302,2026-08-25 16:00:00+00:00,0.0341135206232503,-0.1188155542814745,False,False,False,False,False,2026-08-25 08:00:00+00:00,0.066054,4.0,14,4,4,12.0,12.0,1,73.39168010593781,0.12363665996917339,0.15472964704648362,0.18442145277842537,0.160532002740833,0.06873455475074564
TRB,2026-08-23 00:00:00+00:00,2026-08-25 16:00:00+00:00,0.4426543920214805,0.0525587254190167,84.18874533930217,-0.0806958815175492,52.15967581330737,-0.0683715343433342,-0.0730094604786425,-3.9457180256742888,-0.0192324430425676,-0.0221906525922062,-0.0302352582383187,0.0930232558139515,0.0930232558139515,0.4061111054172517,0.6999964891229611,18.126,2026-08-25 20:00:00+00:00,0.0005516936996579,-0.0958843650005516,False,False,False,False,False,2026-08-23 20:00:00+00:00,19.716,44.0,5,13,6,64.0,56.0,2,66.86535904433364,0.08718937446443853,0.04844456261632546,0.09248074472211454,0.3286609609811981,0.13985703995123844
LDO,2026-08-24 00:00:00+00:00,2026-08-25 20:00:00+00:00,0.3175014770563908,0.0517161655542574,74.87954510700314,-0.0952285935200658,46.69575008819202,-0.1105874277112153,-0.1291180271085744,-4.092610265115582,-0.0284827464114101,-0.0280618396491822,-0.0390690294133618,0.4023542001070108,0.4023542001070108,0.993186651968032,1.3178140371330689,0.36238,2026-08-26 00:00:00+00:00,0.0433246867928696,-0.0563496881726364,False,False,False,False,False,2026-08-24 00:00:00+00:00,0.40093,44.0,0,8,5,44.0,44.0,0,60.16369170011526,0.050128579983795385,0.12684092186621698,0.01660834727927374,0.1754720300222823,0.06181981375518908
XLM,2026-08-23 00:00:00+00:00,2026-08-25 20:00:00+00:00,0.2396103485356442,0.0400795719789085,67.88240235917985,-0.100054270067591,40.36964172865438,-0.1376708484344895,-0.2140974123243821,-5.03501485467428,-0.044612165217086,-0.0504699384019202,-0.0622437569884458,0.109809663250366,0.109809663250366,1.3192837227909746,1.14286338885846,0.18249,2026-08-26 00:00:00+00:00,0.0396186092388624,-0.055455093429777,False,False,False,False,False,2026-08-23 20:00:00+00:00,0.20269,48.0,5,16,12,68.0,68.0,1,62.0582574844415,0.02645700896443226,0.03429096290248501,0.0020268934150682316,0.11576571617307074,0.05789446158673717
IOTA,2026-08-23 00:00:00+00:00,2026-08-25 20:00:00+00:00,0.375556032763751,0.0457848916501584,78.51003076443317,-0.0909649531720133,46.3371750142699,-0.146815853380998,-0.2230824991553869,-2.846522523567373,-0.0355130559487245,-0.04171578761879,-0.0439174846478789,0.1867541766109793,0.1867541766109793,0.5705381006193577,1.2985644086064312,0.042903,2026-08-26 00:00:00+00:00,0.025802391441158,-0.1181735542969022,False,False,False,False,False,2026-08-23 12:00:00+00:00,0.047194,56.0,3,16,8,68.0,68.0,2,71.80966859852605,0.08204990152878366,0.05939660590823381,0.13194061353224762,0.274342496084679,0.07671009032726617
DOT,2026-08-23 00:00:00+00:00,2026-08-25 20:00:00+00:00,0.2084767585463909,0.0356718442137612,68.19916055911658,-0.091934020178295,38.96321366086021,-0.1379960688124304,-0.2166136896231433,-6.077764444468123,-0.0384757922064761,-0.0441389851080249,-0.0577623767421713,0.2725631768953052,0.2725631768953052,2.501297255328196,1.4463468654470577,0.8505,2026-08-26 00:00:00+00:00,0.0527807172251617,-0.0514285714285713,True,False,True,True,True,2026-08-23 12:00:00+00:00,0.93665,56.0,3,16,12,68.0,68.0,1,61.77300038815511,0.03360739927895362,0.013866037409075105,0.040190569264598075,0.12060920750382853,0.06489166985910688
AXS,2026-08-23 00:00:00+00:00,2026-08-25 20:00:00+00:00,0.1648929289603349,0.0437337528821093,59.821988811472615,-0.0818111002921128,41.90377856311761,-0.1051690973784367,-0.1009070081319982,-1.0927300253863308,-0.0235914691194204,-0.0242679267409373,-0.0360226452590319,0.475013881177125,0.475013881177125,0.7703730405483209,1.286639482697222,0.94232,2026-08-26 00:00:00+00:00,0.0205662619916799,-0.0879531369386196,False,False,False,False,False,2026-08-23 20:00:00+00:00,1.027,48.0,5,16,6,68.0,68.0,2,59.23162278151976,0.011468572833131185,0.03675587276269687,-0.03883949461862435,0.06813383394523087,0.06689965052421365
INJ,2026-08-25 00:00:00+00:00,2026-08-26 00:00:00+00:00,0.2448177191411285,0.049500599956515,69.71514080424998,-0.0808565565631825,58.179500900670575,-0.0104234554496274,-0.1495643737928923,2.6608034275677426,-0.0147458300341323,-0.0303779151528789,0.0199436425220751,0.1677631578947372,0.1677631578947372,0.4933087915412525,0.7181273915461653,5.5541,2026-08-26 04:00:00+00:00,0.013683585099296,-0.1224140724869915,False,False,False,False,False,2026-08-25 08:00:00+00:00,6.0428,16.0,2,5,4,24.0,24.0,0,75.38142917513309,0.11383775770823212,0.1075310203258737,0.19279129902686498,0.2543695769502221,0.05081827798635152
VVV,2026-08-22 00:00:00+00:00,2026-08-26 00:00:00+00:00,0.3537927531324076,0.043501557567775,76.12776014896144,-0.0811320754716981,54.368046153501055,-0.0588272407462694,-0.2142080526838137,-0.3488221037138572,-0.0096255694931159,-0.0054974619618418,0.0042242816659106,0.3014492753623199,0.3014492753623199,1.181284585147235,1.3295551407587354,17.05,2026-08-26 04:00:00+00:00,0.1075659824046919,-0.0787096774193548,True,True,True,True,True,2026-08-25 12:00:00+00:00,18.55,12.0,21,6,2,80.0,12.0,1,69.18885633683452,0.0829259347984892,0.08365463255053163,0.10872033948957016,0.06805619530170448,0.07120706804751031
BIO,2026-08-23 00:00:00+00:00,2026-08-26 04:00:00+00:00,0.2030392913737759,0.0539122964979657,61.35729637171327,-0.0880955438551431,41.69859469921948,-0.0938602865937868,-0.1493240844083514,-3.155824341493094,-0.0267046508170618,-0.0304625513903848,-0.0364617344299386,0.1972872996300861,0.1972872996300861,4.696892776930049,0.9092655123950072,0.028415,2026-08-26 08:00:00+00:00,0.0509941932078128,-0.0967094844272391,True,False,True,True,True,2026-08-23 12:00:00+00:00,0.031148,64.0,3,13,5,76.0,64.0,4,56.45266904933611,-0.005871118797563857,0.03323824056259528,-0.037542873034020485,0.013338538616695761,0.03676151509515835
GAS,2026-08-23 00:00:00+00:00,2026-08-27 04:00:00+00:00,0.2665917963527462,0.0328587075430235,77.54442353317717,-0.1511642866332174,59.99985910616255,-0.0280537549196707,-0.0916991894163324,12.16159290194738,0.0119781996020771,0.022065404475043,0.0428529092166356,0.3583138173302132,0.3583138173302132,4.339249468098115,1.1178631457240655,1.3203,2026-08-27 08:00:00+00:00,0.050215860031811,-0.0910399151707945,True,False,True,True,True,2026-08-27 00:00:00+00:00,1.5546,4.0,24,1,1,4.0,4.0,0,61.73166408107652,0.05574267363301333,0.2457728984694285,0.23872509960159372,0.29055288062427365,0.07797285900483009
SKR,2026-08-28 00:00:00+00:00,2026-08-28 04:00:00+00:00,0.3164072467466192,0.0623761080460254,73.15032918545693,-0.1567375886524822,83.32864027619026,0.0017614357388611,0.1213056711123865,-1.714245899381055,0.1196586842244897,0.1476970744205445,0.2575061400519409,0.4714983713355046,0.5,2.8645526879982617,3.521515475660327,0.010707,2026-08-28 08:00:00+00:00,2.2277949005323623,-0.1728775567385823,True,True,False,False,False,2026-08-28 00:00:00+00:00,0.01269,4.0,0,1,1,4.0,4.0,0,83.18212031663029,0.2761352425936443,0.5366916929038508,0.6292206958531261,0.6097932259292149,0.1002345915973557
CHIP,2026-08-28 00:00:00+00:00,2026-08-28 16:00:00+00:00,0.2866897575457694,0.0714340102360977,73.52124531736295,-0.1185144614606812,64.82276086793038,-0.0090673111639428,0.0286423750316173,1.9337899858057312,0.0410387891415566,0.0314299877577513,0.1382894511347532,0.4666666666666669,0.4666666666666669,1.8016589466529689,1.3210220983120324,0.041848,2026-08-28 20:00:00+00:00,0.1195995029631045,-0.1058831963295737,True,True,False,True,True,2026-08-28 12:00:00+00:00,0.047471,4.0,3,1,1,4.0,4.0,0,65.41590725407471,0.15691077395876807,0.0898342439965103,0.4628516840775323,0.49176670228144026,0.1551701275625217
UNI,2026-08-24 00:00:00+00:00,2026-08-28 16:00:00+00:00,0.37617297822588,0.0459359047258948,70.08404544973058,-0.0929186188107573,49.19467125303941,-0.0979401893445993,-0.2352974169672625,6.339707140802211,-0.0263923065124138,-0.0366450959236408,-0.0070939610961751,0.3349548297428752,0.3349548297428752,1.1609548562781993,1.0464565749443586,4.3952,2026-08-28 20:00:00+00:00,0.4505597014925373,-0.0098971605387695,True,True,True,True,True,2026-08-28 00:00:00+00:00,4.8451,16.0,24,6,3,24.0,20.0,2,71.6899164880089,0.06659408910414144,0.10329044745531157,0.12897287724857875,0.10922619047619042,0.02829325513196479
NIL,2026-08-30 00:00:00+00:00,2026-08-30 16:00:00+00:00,0.2367882106762833,0.0885833317700591,67.0557141384001,-0.0886128364389232,58.20636744247848,-0.1539059253003363,-0.1437902870608642,-9.535870281996957,-0.0178218223804963,-0.0371165507491767,0.0580469675589547,0.0809646856158487,0.0809646856158487,0.8082352091035974,1.2601232020131008,0.052943,2026-08-30 20:00:00+00:00,0.0405152711406606,-0.1269478495740702,False,False,False,False,False,2026-08-30 08:00:00+00:00,0.05796,8.0,2,5,3,16.0,8.0,1,69.84616806394679,0.14589936131844672,0.09858033700411295,0.3322300372362432,0.34787563079928385,0.09178044407667896
ZORA,2026-08-31 00:00:00+00:00,2026-08-31 08:00:00+00:00,0.2155726147579508,0.0953219611317308,69.04429148814428,-0.1886206284395526,73.74586100875288,-0.1702169680132977,-0.0552951772680154,-16.320349821598825,0.1215016618311664,0.1707389961719627,0.328344111022306,0.1440806045340049,0.1440806045340049,12.972179498497209,4.597157390534985,0.009143,2026-08-31 12:00:00+00:00,0.1309198293776659,-0.2237777534726019,True,True,True,True,True,2026-08-31 04:00:00+00:00,0.011266,4.0,1,2,1,4.0,4.0,0,88.87366717078724,0.4750568072119168,0.7567441135194135,0.8554018445322793,0.8396472893533637,0.22825106328135059
0G,2026-09-01 00:00:00+00:00,2026-09-01 08:00:00+00:00,0.3945096577852309,0.0934951168831813,73.31026533774258,-0.171411947245927,60.35122925748143,-0.2320363292887695,-0.1868329295163907,-19.84482825369306,-0.0004984382750782,-0.0062185968612369,0.1468377536776548,0.0982019363762101,0.0982019363762101,10.92302474288744,3.0422044424643127,0.21282,2026-09-01 12:00:00+00:00,0.0019265106662906,-0.1583967672211259,False,False,False,False,False,2026-09-01 00:00:00+00:00,0.2578,8.0,0,3,1,8.0,8.0,0,76.97603684476981,0.3117635443868769,0.3848302535453372,0.5970759509354477,0.586266305685454,0.21278203605743262
HEMI,2026-09-01 00:00:00+00:00,2026-09-01 16:00:00+00:00,1.0545758784914403,0.1515824422210212,80.84815608629873,-0.1098751553162534,59.82728264168198,-0.1151127062655537,-0.0910876363107391,-7.392814885843798,-0.0128043687409278,-0.0287858029252057,0.0894304821837852,0.0837662337662341,0.0837662337662341,0.6370617137766061,1.1648309591353343,0.014981,2026-09-01 20:00:00+00:00,0.505773980375142,-0.3047860623456377,True,True,False,False,False,2026-09-01 12:00:00+00:00,0.016901,4.0,3,5,3,16.0,8.0,1,67.61005956950274,0.17610383513714734,0.14489906516732143,0.5939828350466849,0.47800612155662425,0.18966330283881927
XMR,2026-09-01 00:00:00+00:00,2026-09-02 20:00:00+00:00,0.190579429014811,0.0260650049199154,82.80504827715484,-0.0921454037563862,46.340303969991,-0.1558645547461939,-0.1588240783239398,-4.604967788338108,-0.0316909382994627,-0.0309883221669593,-0.0381479480327301,0.0809450038729657,0.0809450038729657,1.2310328963638149,1.135601693317635,494.72,2026-09-03 00:00:00+00:00,0.1504285252263906,-0.029996765847348,True,True,True,True,True,2026-09-02 16:00:00+00:00,544.14,4.0,10,10,2,44.0,36.0,2,54.89676358283696,-0.0034166184711240666,0.08284412250502471,0.0389704618792126,0.10689802477674482,0.018434273507654586
PYTH,2026-09-03 00:00:00+00:00,2026-09-03 20:00:00+00:00,0.2045835779585674,0.045647928510473,74.5329174881559,-0.083921956038528,57.19049401658942,-0.0354419553092647,-0.1487028969240627,4.179635118670909,-0.0135128811473115,-0.0327489491902585,0.0255474452554744,0.3581081081081068,0.3581081081081068,0.971230159903092,0.6534925728548803,0.055607,2026-09-04 00:00:00+00:00,0.0396173143668963,-0.0883881525707194,False,False,False,False,False,2026-09-03 00:00:00+00:00,0.060735,20.0,0,4,2,20.0,20.0,1,72.37370692029292,0.13266546991719252,0.1147104707717721,0.2006998398671489,0.3009531969583379,0.08969314046075128
ARB,2026-09-02 00:00:00+00:00,2026-09-04 08:00:00+00:00,0.2032661948829612,0.0830498529976439,70.24999434702869,-0.0833902006278149,65.48285332236915,-0.0817375259796616,-0.146184360605613,-6.744943639889172,0.0051100784884117,-0.0110602094240839,0.0841219556488226,0.0608247422680418,0.0608247422680418,1.0170109263347968,1.3125760155621893,0.13425,2026-09-04 12:00:00+00:00,0.5371322160148975,-0.0459590316573557,True,True,True,True,True,2026-09-04 00:00:00+00:00,0.14654,8.0,12,5,4,24.0,16.0,1,70.3955927003335,0.12811889512599217,0.15005493643070156,0.2949805585012373,0.31284716000716717,0.0848986423656315
SYRUP,2026-09-03 00:00:00+00:00,2026-09-04 20:00:00+00:00,0.1539112766677954,0.0548307165913976,64.12305288997577,-0.0940245679783468,60.89815077102371,-0.1458524649035368,-0.180939532478694,-6.9511056720110815,-0.0007807364337673,-0.0004287967656471,0.0402979793633035,0.1890838206627701,0.1890838206627701,1.29569696300046,1.1262611566084613,0.21755,2026-09-05 00:00:00+00:00,0.1019995403355551,-0.0284072626982302,True,True,True,True,True,2026-09-04 16:00:00+00:00,0.24015,4.0,10,3,1,12.0,4.0,1,71.29699293008693,0.08526610213477648,0.12356133620286314,0.18539908188953058,0.24902480886253708,0.06760563380281681
ZEN,2026-09-05 00:00:00+00:00,2026-09-05 08:00:00+00:00,0.3579662177585025,0.0727636053293591,78.20580207652503,-0.0885856509571806,79.74597240491383,-0.0078886123934988,0.0185886837902315,-0.6725079338959006,0.0751165788082619,0.0882191564788561,0.2046333310147583,0.6935341009743148,0.6935341009743148,2.404080511099216,0.7828182857060553,7.351,2026-09-05 12:00:00+00:00,0.0918786559651749,-0.08310433954564,True,False,False,True,True,2026-09-05 04:00:00+00:00,8.0758,4.0,1,1,1,4.0,4.0,0,80.38005953878164,0.2266268509804834,0.3270125047241894,0.48082000880152553,0.4836220674958205,0.07709105228301927
DASH,2026-09-05 00:00:00+00:00,2026-09-05 16:00:00+00:00,0.4969263520463081,0.0880927346338406,83.68382474478655,-0.0868413545784262,80.90099056263061,-0.0537329639909656,-0.0350009252897075,-4.901163747508022,0.0744181873158789,0.0819410044796538,0.2723685144438925,0.2203672787979983,0.2203672787979983,1.4051880237218632,1.0739750016057978,67.211,2026-09-05 20:00:00+00:00,0.1728586094538096,-0.1816815699811043,True,True,True,True,True,2026-09-05 04:00:00+00:00,73.617,12.0,1,3,1,12.0,12.0,0,83.83530376639825,0.3449580664198504,0.47564544579858903,0.7352268709487333,0.7492040108349571,0.13513023289559611
SUSHI,2026-09-06 00:00:00+00:00,2026-09-06 04:00:00+00:00,0.3028349196602189,0.0840298289707424,76.22313753498032,-0.1316571848045513,63.696902058415056,-0.0620513043016416,-0.2349663854381922,4.3113975849722905,0.0407360211572214,0.0694814881786538,0.1398232305590951,0.2371403661726246,0.2371403661726246,2.521533612522642,1.6146085248916846,0.23628,2026-09-06 08:00:00+00:00,0.1119857795835448,-0.1090231928220754,True,True,True,True,True,2026-09-06 00:00:00+00:00,0.27245,4.0,0,1,1,4.0,4.0,0,67.91085946442831,0.18283914497544074,0.4233099989551772,0.3654588282463791,0.41723886808156485,0.2415308291991496
LIT,2026-09-04 00:00:00+00:00,2026-09-06 16:00:00+00:00,0.2477175042840689,0.0652803185559928,79.8030778360876,-0.0913741651271849,53.48715146492417,-0.0747311875719239,-0.1429227331614588,0.7996092727133757,-0.0288749002039067,-0.0384572234701017,-0.0238721468357302,0.1385228317499218,0.1385228317499218,0.837367715741635,1.5004280740456206,4.4795,2026-09-06 20:00:00+00:00,0.1926331063734792,-0.0461435428061166,True,True,True,True,True,2026-09-04 16:00:00+00:00,4.9259,48.0,4,14,6,56.0,48.0,3,72.71830975760655,0.15668254978155005,0.15895348563630796,0.3211124818966904,0.34970955721174946,0.06631629725543986
JUP,2026-09-07 00:00:00+00:00,2026-09-07 04:00:00+00:00,0.2976022566995771,0.0755417837663975,70.95937514193557,-0.0821595394141291,58.62388132635208,0.0185492238038555,-0.1817229905711866,18.885371235827627,0.0041059344620455,0.0016069123574193,0.0781657401224142,0.6812260536398465,0.8804597701149419,7.415717312433791,1.6310869777320935,0.25331,2026-09-07 08:00:00+00:00,0.0327266985117051,-0.133986025028621,False,False,False,False,False,2026-09-07 00:00:00+00:00,0.27617,4.0,0,1,1,4.0,4.0,0,57.55625742604407,0.07289292875741249,0.18021367521367515,0.2799277007925107,0.2251353029899743,0.13362284950726577
TIA,2026-09-07 00:00:00+00:00,2026-09-07 04:00:00+00:00,0.2490975747320924,0.0634258649770972,71.24505575829107,-0.1142476753135987,71.15999324607381,-0.0022747295566843,-0.0601457761418973,11.741475613219592,0.0422428007961832,0.0491113471604722,0.1194909850989569,0.1745350500715307,0.1745350500715307,1.4908190186660777,1.0446065102482724,0.42626,2026-09-07 08:00:00+00:00,0.0352601698493877,-0.1773800028151831,False,False,False,False,False,2026-09-07 00:00:00+00:00,0.48071,4.0,0,1,1,4.0,4.0,0,71.32223203533329,0.12896259138836097,0.2561342078444695,0.3457350018196579,0.3263160799028806,0.0823762279458482
CRV,2026-09-03 00:00:00+00:00,2026-09-07 12:00:00+00:00,0.189249353455331,0.0728996951499215,68.30976755262621,-0.0862772072913083,52.35380738368445,-0.076666778182062,-0.165640558249003,-6.412947146627921,-0.0097301704860094,-0.0113120835499267,0.0067629110427496,0.1318790282597914,0.1318790282597914,1.4114898852600672,1.464096999014511,0.37199,2026-09-07 16:00:00+00:00,0.0225812521841985,-0.1119116105271647,False,False,False,False,False,2026-09-07 00:00:00+00:00,0.40706,12.0,24,7,1,40.0,12.0,0,62.747306213511656,0.04851051810368601,0.06270885547201344,0.1559278716456054,0.11285472141724529,0.0416083436256347
NEAR,2026-09-05 00:00:00+00:00,2026-09-07 12:00:00+00:00,0.1947281713344317,0.0519457016066504,67.91783457953164,-0.0821402863312804,57.40090842747637,-0.0841165157692777,-0.1920193738613798,-8.223517305992203,-0.0146251102652127,-0.0304338846854288,0.0169972173481505,0.1170463472113112,0.1170463472113112,0.99521489838153,1.1782538349804188,2.2952,2026-09-07 16:00:00+00:00,0.18943882886023,-0.0222638550017427,True,True,True,True,True,2026-09-06 20:00:00+00:00,2.5006,16.0,11,7,6,28.0,28.0,0,76.25508377182163,0.11861221870846528,0.140160496078789,0.14938407795550646,0.27888303585127594,0.03975838442120461
AR,2026-09-04 00:00:00+00:00,2026-09-07 12:00:00+00:00,0.2431726430776537,0.058551300290837,73.30041160246745,-0.0813975568073929,56.111771992597625,-0.1025621253851662,-0.1194592440401367,-7.069465378752405,-0.0197401971376436,-0.0261220320532654,0.0030479165658758,0.1645264847512052,0.1645264847512052,0.8179882735494558,1.009319599226299,2.9032,2026-09-07 16:00:00+00:00,0.0625172223753101,-0.1168710388536787,True,False,True,True,True,2026-09-05 16:00:00+00:00,3.1598,44.0,10,12,4,48.0,44.0,2,81.78282872932452,0.19384199957665182,0.21624326404926886,0.20759764579989293,0.38405606657906266,0.07571097695257611
UNI,2026-09-03 00:00:00+00:00,2026-09-07 12:00:00+00:00,0.3202866220509701,0.0536199627937151,78.29325571095545,-0.0939902819307988,53.96763762108537,-0.107176613186107,-0.1090326333708656,-4.721162472637147,-0.0262035971201619,-0.0361058511645522,0.0059225093891632,0.0608452138492856,0.0608452138492856,1.4903926566182133,1.5943362837354116,6.7899,2026-09-07 16:00:00+00:00,0.0603985331153624,-0.1447002164980337,True,False,True,True,True,2026-09-06 00:00:00+00:00,7.4912,36.0,18,10,4,44.0,36.0,2,75.09703829807347,0.14588540513177461,0.18557908397429812,0.18068339427562718,0.3085065502183406,0.1346181119112526
ZEC,2026-09-05 00:00:00+00:00,2026-09-07 12:00:00+00:00,0.2262523657794495,0.0820258554464945,80.09430149143134,-0.0853337586729404,62.72497515535088,-0.1403039082506135,-0.1457366819922351,-10.852059964437224,-0.0126636356138379,-0.0335836266946294,0.04656574228695,0.0840336134453781,0.0840336134453781,1.2503871185301048,1.1210000359144563,1147.3,2026-09-07 16:00:00+00:00,0.12908567942125,-0.0812342020395712,True,True,True,True,True,2026-09-06 20:00:00+00:00,1253.9,16.0,11,9,5,32.0,28.0,2,81.9648667804207,0.16763430671059298,0.2214104812000781,0.22487056754908674,0.3155051040213186,0.08369797970393833
KAS,2026-09-07 00:00:00+00:00,2026-09-08 04:00:00+00:00,0.1739903479806959,0.0376895005161945,68.6500669896607,-0.0806902612447071,64.7365090295736,-0.1419520353117785,-0.2298163339653706,-1.073020844066548,-0.0017540066388146,-0.0084731158088234,0.0653560985394983,0.321886212198874,0.321886212198874,1.22406743725039,1.8978804775731903,0.034482,2026-09-08 08:00:00+00:00,0.1414941128704832,-0.0154283394234672,True,True,True,True,True,2026-09-07 12:00:00+00:00,0.037551,16.0,3,6,4,20.0,16.0,1,85.48784051576588,0.1609422511900025,0.22539485706826778,0.2300913945032268,0.2833122586377774,0.055733211512106084
ZK,2026-09-07 00:00:00+00:00,2026-09-08 04:00:00+00:00,0.2535336672231498,0.0540773479855718,74.17076536632408,-0.0813258308422718,54.00019135357461,-0.0112765386688362,-0.0487009242774494,0.4989762767969452,-0.0134292938289173,-0.0257342657342657,-0.0066829541889668,0.3641025641025621,0.3641025641025621,0.3350237769145623,0.5643229948309836,0.010439,2026-09-08 08:00:00+00:00,0.0543155474662324,-0.1257783312577832,True,False,True,True,True,2026-09-07 00:00:00+00:00,0.011374,28.0,0,4,4,28.0,28.0,0,65.2996046066969,0.07975278121137208,0.11981884414689392,0.14518727345952476,0.21309726962457343,0.0606207565470418
LINK,2026-09-07 00:00:00+00:00,2026-09-08 08:00:00+00:00,0.179843304843305,0.0470453213595925,75.42748262030678,-0.0876168224299065,53.57134482612089,-0.0953133154595348,-0.1306850789578044,-5.960261583074839,-0.0153022228067063,-0.0280192902701674,0.0004002882075093,0.0920634920634919,0.0920634920634919,0.8640620112829823,1.2320538412581616,12.484,2026-09-08 12:00:00+00:00,0.0240307593719961,-0.0989266260813841,False,False,False,False,False,2026-09-07 04:00:00+00:00,13.696,28.0,1,4,4,32.0,32.0,0,77.0794296344615,0.08635693761783614,0.12106081689449111,0.1658154579502895,0.148126414619834,0.06931332203663354
TAO,2026-09-07 00:00:00+00:00,2026-09-08 08:00:00+00:00,0.2098232541233131,0.0526082727362187,68.58796629348392,-0.0848166030121785,56.33975915949016,-0.0272985723562123,-0.1106000997689918,-0.2934913569313693,-0.0102427585595702,-0.0234149717405512,0.0117163927929146,0.3685064935064954,0.3685064935064954,0.908844339475211,0.7562684126732006,253.82,2026-09-08 12:00:00+00:00,0.0644551256796155,-0.1014498463478055,True,False,True,True,True,2026-09-07 00:00:00+00:00,277.54,32.0,0,5,3,32.0,32.0,0,77.1250615016003,0.13328438057274727,0.16076955248849867,0.21371408580049867,0.21568112133158124,0.07783397559409111
SOPH,2026-09-08 00:00:00+00:00,2026-09-08 12:00:00+00:00,0.4958463136033229,0.0873854152551718,80.452795100367,-0.4849307032338491,59.52859584905015,-0.1830668256361267,-0.3493301032749007,7.690533766393131,0.0054042497519182,0.0473161033797218,0.3174158093648309,0.1003621314019657,0.1003621314019657,20.26746687165036,3.039510362075611,0.007004,2026-09-08 16:00:00+00:00,0.0421187892632781,-0.4410336950314105,False,False,False,False,False,2026-09-08 08:00:00+00:00,0.013637,4.0,2,1,1,4.0,4.0,0,72.86837861053161,0.6562460862612114,1.6886829652996846,2.2616598899784743,2.0880887681159424,0.47518222839291924
AERO,2026-09-08 00:00:00+00:00,2026-09-08 16:00:00+00:00,0.3324140308540895,0.0600089286667032,73.99238863484405,-0.1032046354874948,57.97143812404816,-0.1538829897447315,-0.1396107154224826,-10.411577637270568,-0.0132029112958583,-0.0165767946487426,0.0512672561526079,0.0795969773299759,0.0795969773299759,1.7415670935788277,1.595056695649953,0.60738,2026-09-08 20:00:00+00:00,0.0293226645592545,-0.1136026869505087,False,False,False,False,False,2026-09-08 04:00:00+00:00,0.67652,12.0,1,5,3,16.0,16.0,1,67.37814982495308,0.13308659247785415,0.2589697781747806,0.24045619568007637,0.2924746384425807,0.12315481708621556
WLD,2026-09-08 00:00:00+00:00,2026-09-08 16:00:00+00:00,0.3039231734599226,0.0599365595239146,70.91854645702641,-0.0837647709757735,61.904137933614486,-0.1800069205470518,-0.2159105863713404,-18.50382560822728,-0.001660046467832,-0.0104338835626021,0.0614244427275587,0.0337864077669917,0.0337864077669917,1.165725878045805,1.2488675022632143,0.46383,2026-09-08 20:00:00+00:00,0.0099605458896576,-0.1696095552249746,False,False,False,False,False,2026-09-08 00:00:00+00:00,0.50606,16.0,0,4,2,16.0,16.0,1,78.19070635021916,0.13259063534004634,0.22092209703491017,0.2636651933977576,0.3114779588980745,0.08386209558734814
ICP,2026-09-08 00:00:00+00:00,2026-09-09 00:00:00+00:00,0.2131273818211303,0.0422827410764417,74.7849188006201,-0.0872534872534872,52.3730883669171,-0.1265183422381518,-0.2459514886670618,-9.630625115571776,-0.0277059404656396,-0.0436626448452991,-0.0029860679352348,0.152932442464736,0.152932442464736,0.648162944461844,1.4821752927915066,2.8434,2026-09-09 04:00:00+00:00,0.0227896180628823,-0.0715340789196031,False,False,False,False,False,2026-09-08 08:00:00+00:00,3.1185,16.0,2,5,5,24.0,24.0,0,68.49474470314425,0.0755419296792692,0.07168631224440714,0.16448842419716203,0.18668899120971116,0.10943076866467982
PENDLE,2026-09-07 00:00:00+00:00,2026-09-09 00:00:00+00:00,0.155080799780882,0.0448259813883999,75.65488174564476,-0.0812768947044877,51.12020227016012,-0.0817141974569902,-0.2248037159586289,-4.584380905656452,-0.0249151234924677,-0.0399944940658266,-0.0144838793245567,0.172413793103447,0.172413793103447,0.5632640598915892,0.7268970792706025,2.0933,2026-09-09 04:00:00+00:00,0.0789662255768401,-0.0831701141737926,True,False,False,False,True,2026-09-08 00:00:00+00:00,2.2774,24.0,6,8,6,36.0,28.0,1,63.91992029561764,0.06416572394749975,0.10849355074227307,0.12292293279424116,0.1764037398625964,0.059605840119500764
DOT,2026-09-08 00:00:00+00:00,2026-09-09 04:00:00+00:00,0.2241440901600617,0.0434620475937316,75.93863023914321,-0.0844707901099758,68.44549924569213,-0.0841604560497224,-0.1867947443901266,3.322413538123812,0.017776110962709,0.0214852059562948,0.1098540917241741,0.0910852713178282,0.0910852713178282,0.8626195015257152,1.075053507979742,1.1718,2026-09-09 08:00:00+00:00,0.0141662399726916,-0.1506656426011264,False,False,False,False,False,2026-09-08 20:00:00+00:00,1.2821,8.0,5,4,3,12.0,12.0,0,84.34741859161741,0.20923621514404522,0.20690953591264227,0.30973541730513854,0.40111030970646744,0.10683206813553037
VVV,2026-09-09 00:00:00+00:00,2026-09-09 08:00:00+00:00,0.5097970608817355,0.0982778677993923,82.7577359286583,-0.082478777589134,80.79847273957911,-0.0701165048033086,-0.0922574193294605,-9.909352865141258,0.1218785859691955,0.1583572684014231,0.3494845978664747,0.531962025316456,0.531962025316456,11.570740883576514,2.633430469433514,27.025,2026-09-09 12:00:00+00:00,0.0381498612395929,-0.2150971322849213,False,False,False,False,False,2026-09-09 04:00:00+00:00,29.45,4.0,1,2,1,4.0,4.0,0,86.89096339158962,0.42366131868075607,0.6481056578431921,0.725552235307904,0.7237342698273337,0.3467380141613967
INJ,2026-09-08 00:00:00+00:00,2026-09-09 12:00:00+00:00,0.2984060402684565,0.058688440899547,70.44016727382683,-0.0920692119840372,59.17857169151244,-0.1552275961315572,-0.1349491433281467,-11.034377439884883,-0.0207512087974044,-0.0337713513998912,0.0254284320815325,0.2501408450704222,0.2501408450704222,1.0433433743408618,1.6082343512177832,6.1008,2026-09-09 16:00:00+00:00,0.0288814581694205,-0.066171649619722,False,False,False,False,False,2026-09-08 00:00:00+00:00,6.7156,36.0,0,7,4,36.0,36.0,1,86.45783359672872,0.22218426703103655,0.2271539515760621,0.31335927874366853,0.41220507212852775,0.10961130742049474
FET,2026-09-08 00:00:00+00:00,2026-09-09 12:00:00+00:00,0.2054488023163989,0.0639077030787372,67.22356338134095,-0.0848803576124113,49.2980476747432,-0.1353908392143079,-0.0514422329260627,-7.260308180158326,-0.0249488970499069,-0.0332180998827087,-0.0237950311778583,0.3616118769883349,0.3616118769883349,7.208201654087248,1.413348965730842,0.1742,2026-09-09 16:00:00+00:00,0.0214695752009184,-0.0784156142365097,False,False,False,False,False,2026-09-08 00:00:00+00:00,0.19015,36.0,0,6,5,36.0,36.0,0,76.72339217922733,0.08471170918605742,0.10097851890452203,0.14327801827801845,0.1768892739988861,0.032752403846153966
ATOM,2026-09-09 00:00:00+00:00,2026-09-09 16:00:00+00:00,0.2326029216467464,0.0414772594913695,76.41976480582997,-0.0861208557735065,68.26265124008981,-0.0968879359011165,-0.1091844460168099,-5.571530834026973,0.0146337365501951,0.0100296703496733,0.079569829712101,0.0,0.0,0.9988732989425314,0.9526849073521184,1.8524,2026-09-09 20:00:00+00:00,0.0228892247894623,-0.1747462751025696,False,False,False,False,False,2026-09-09 08:00:00+00:00,2.0239,8.0,2,2,1,8.0,8.0,0,77.33786833626418,0.12715999940669542,0.19298555850279975,0.24855027760641568,0.26890282131661425,0.06572354848216921
STRK,2026-09-07 00:00:00+00:00,2026-09-09 20:00:00+00:00,0.1867112100965107,0.0636549120241766,65.69830593676843,-0.0882609962132244,56.6935685922117,-0.1291847916665451,-0.1157880611243962,-12.849740867904371,-0.0003950086208809,0.0049946485907956,0.0080352973382071,0.3670212765957464,0.3670212765957464,3.6393759814178654,1.6308861963123902,0.03126,2026-09-10 00:00:00+00:00,0.0070377479206653,-0.1142034548944338,False,False,False,False,False,2026-09-09 16:00:00+00:00,0.03433,4.0,16,1,1,4.0,4.0,0,65.10401753399609,0.03665225527521443,0.12189542483660132,0.10032051282051291,0.12557377049180318,0.027124183006536073
GMX,2026-09-08 00:00:00+00:00,2026-09-09 20:00:00+00:00,0.1849973304858516,0.0458061252012833,68.52574512729271,-0.1128185337215966,37.320526015858775,-0.1952046322960665,-0.4039797872234635,-6.56494579644167,-0.0641635937395798,-0.0754261927234762,-0.078437637043255,0.1079001688872209,0.1079001688872209,1.7894462766880752,3.010871105223518,7.5942,2026-09-10 00:00:00+00:00,0.063061283611177,-0.0358826472834531,True,False,True,True,True,2026-09-08 04:00:00+00:00,8.5509,40.0,1,10,10,44.0,44.0,0,67.2066679656171,0.05776652799358417,0.060313720627441114,0.08457528443322637,0.14420863886956048,0.05219170438340881
LINEA,2026-09-07 00:00:00+00:00,2026-09-10 00:00:00+00:00,0.1513210568454766,0.0401721874969495,72.30006211157085,-0.0890434782608696,40.69417974618386,-0.1243042486246517,-0.1216512866784159,-6.491497087605161,-0.0168517587834657,-0.0161943319838056,-0.032347453400085,0.1428571428571408,0.1428571428571408,0.9058877089796998,1.0254206029804005,0.002619,2026-09-10 04:00:00+00:00,0.057273768613975,-0.0553646429935088,True,False,False,True,True,2026-09-07 00:00:00+00:00,0.002875,72.0,0,12,2,72.0,72.0,1,67.01059527821366,0.0560844565934584,0.05427209387605436,0.11434108527131781,0.12700901607212867,0.03416037396619931
ETHFI,2026-09-11 00:00:00+00:00,2026-09-11 08:00:00+00:00,0.1563407971884407,0.0484458606704923,70.09999176495361,-0.1010420409629896,49.719894558616296,-0.2351674623399773,-0.1974950123789225,-15.995217604896048,-0.044837388003287,-0.0519319094753756,-0.0069219343309366,0.1394840402273715,0.1394840402273715,3.0625112199684668,2.704655253536251,0.62545,2026-09-11 12:00:00+00:00,0.2439523543049004,-0.0828843232872331,True,True,True,True,True,2026-09-11 04:00:00+00:00,0.69575,4.0,1,3,3,8.0,8.0,0,65.0075567008858,0.08511856736313161,0.12377245122108804,0.12584549661801359,0.1876312240752438,0.09283811363671757
REZ,2026-09-13 00:00:00+00:00,2026-09-13 04:00:00+00:00,0.2682926829268293,0.0613189540260316,81.7659337814988,-0.1199063231850118,62.20254280898659,0.0276536982125727,-0.1585561086515494,17.8917924819997,0.0429607755879781,0.0608493820964808,0.1204030827482371,0.8030690537084403,0.9462915601023024,2.645162161755721,1.614488036960298,0.003771,2026-09-13 08:00:00+00:00,0.3659506762132061,-0.1087244762662423,True,True,True,True,True,2026-09-13 00:00:00+00:00,0.00427,4.0,0,1,1,4.0,4.0,0,60.5287003950623,0.10950574920233591,0.32608695652173925,0.40970617365467166,0.3646532438478749,0.10152714932126705
GRIFFAIN,2026-09-13 00:00:00+00:00,2026-09-13 04:00:00+00:00,0.378137441578674,0.1123079142738153,70.08754888712073,-0.133337431610008,61.6961655422289,-0.0001457318337449,-0.2452336874055845,20.21681994212838,0.0174304204447417,0.026204687727471,0.1463419592218404,0.6814159292035403,0.7158308751229097,9.915064039325012,2.106821794875936,0.014129,2026-09-13 08:00:00+00:00,0.0326987047915634,-0.1712789298605703,False,False,False,False,False,2026-09-13 00:00:00+00:00,0.016267,4.0,0,1,1,4.0,4.0,0,61.70515794804819,0.15692646021039502,0.45124453564100286,0.4681407942238267,0.4407049862722521,0.18770630743152816
MINA,2026-09-13 00:00:00+00:00,2026-09-13 12:00:00+00:00,0.3097139178767283,0.047180216321407,90.78048849376684,-0.1111872146118722,48.590435788503626,-0.1500370216235769,-0.241354542351966,1.0428726862089943,-0.0605850378759046,-0.0838227526371114,-0.0343616443385017,0.1097634022162319,0.1097634022162319,1.815835808062327,1.1587500317912671,0.097424,2026-09-13 16:00:00+00:00,0.0404007226145508,-0.1989448185252094,False,False,False,False,False,2026-09-13 04:00:00+00:00,0.1095,8.0,1,3,3,12.0,12.0,0,66.78785390920814,0.07669999404778882,0.00036543029417135386,0.1658113834295083,0.1949321780503508,0.12088990675609357
SAGA,2026-09-16 00:00:00+00:00,2026-09-16 04:00:00+00:00,0.3930635838150289,0.0889475108093497,78.56113137727233,-0.1778509674763275,55.32015317028456,-0.0887246297427921,-0.3378568626897841,17.716409486968665,-0.0345097200446347,-0.0369199442717821,0.0493405496295518,0.3918128654970763,0.3918128654970763,9.401559378940286,1.092056778832175,0.01998,2026-09-16 08:00:00+00:00,1.0130130130130128,-0.064064064064064,True,True,False,True,True,2026-09-16 00:00:00+00:00,0.02429,4.0,0,1,1,4.0,4.0,0,60.706296884409845,0.11087589309341084,0.2996254681647941,0.3754246885617214,0.3101402373247033,0.15581283164495896
STRK,2026-09-19 00:00:00+00:00,2026-09-19 04:00:00+00:00,0.5842857142857141,0.1298829189000286,76.24180638265187,-0.1258050665521684,69.47373155399914,-0.241030280861247,-0.2186017660981422,-22.84349399844997,0.0589954535369132,0.08654273770346,0.2744315603336307,0.3757802746566792,0.3757802746566792,30.72923729530076,5.29934448602554,0.04069,2026-09-19 08:00:00+00:00,0.2528876873924797,-0.0688129761612189,True,True,True,True,True,2026-09-19 00:00:00+00:00,0.04658,4.0,0,2,2,4.0,4.0,0,91.53689508566299,0.4663573085846868,0.5103761348897538,0.6476830562433677,0.7491550882463387,0.11313672922252005
ARB,2026-09-19 00:00:00+00:00,2026-09-19 04:00:00+00:00,0.666792055371652,0.1288328037051081,76.96774243891382,-0.0834090810717222,66.90586942790176,-0.028219809872199,-0.0948114674730368,3.573488661817862,0.022835901338714,0.0032215273829827,0.1446053392574335,0.2887700534759367,0.2887700534759367,0.5608859260374797,0.726006523945656,0.21177,2026-09-19 08:00:00+00:00,0.2088586674222032,-0.0702649100439155,True,True,False,True,True,2026-09-19 00:00:00+00:00,0.23103,4.0,0,1,1,4.0,4.0,0,68.84876858737245,0.1778280207357512,0.019639862300291355,0.394182608170901,0.5148514851485149,0.27758669297998306
UNI,2026-09-18 00:00:00+00:00,2026-09-19 16:00:00+00:00,0.2247393870886711,0.0681928646189874,72.1144196734792,-0.0839265997160734,67.56139376612461,-0.0729450580119345,-0.1736974428742043,1.6927255196981292,-0.0033047138080553,-0.0213742744804342,0.0901261827876591,0.3242142025611164,0.3242142025611164,1.073446410997404,0.8304554962289766,8.7133,2026-09-19 20:00:00+00:00,0.2566995283073001,-0.0300345448911435,True,True,True,True,True,2026-09-18 08:00:00+00:00,9.5095,32.0,2,7,3,32.0,32.0,2,82.33929032189357,0.24386165385988656,0.3840858149215498,0.4877190237797244,0.4198157576481476,0.1082411454794836
AR,2026-09-19 00:00:00+00:00,2026-09-19 16:00:00+00:00,0.3341854435233538,0.100981002595142,74.60268522394063,-0.1308772355749778,76.68561351328698,-0.1138817959780121,-0.1641334699490553,-2.279302454353754,0.0859330807295588,0.101544203538562,0.3459788103664085,0.1751439539347395,0.1751439539347395,5.463084129473016,2.182588715066888,4.2856,2026-09-19 20:00:00+00:00,0.2315661750980027,-0.0598282620869888,True,True,False,True,True,2026-09-19 12:00:00+00:00,4.9428,4.0,3,2,1,8.0,4.0,0,86.54106547548608,0.45877528386926203,0.564721896862832,0.8973551879006563,0.9952367496871595,0.13210103551727448
NEAR,2026-09-18 00:00:00+00:00,2026-09-19 16:00:00+00:00,0.328437579133958,0.0680660637770545,76.66163667057646,-0.0996631106120158,69.99591368525031,-0.1025215947435932,-0.165338737863018,-2.335125283636799,-0.0107586966045066,-0.034799659512373,0.0870097756002865,0.4293400286944044,0.4293400286944044,0.9826658920612206,1.4895962691551354,3.5277,2026-09-19 20:00:00+00:00,0.3676333021515436,-0.0290557587096408,True,True,True,True,True,2026-09-19 00:00:00+00:00,3.9182,16.0,6,6,3,28.0,24.0,1,90.25204675080366,0.25587034797886354,0.11795252225519293,0.4520456566854434,0.6684551183784706,0.11348328885500059
ZEN,2026-09-19 00:00:00+00:00,2026-09-19 20:00:00+00:00,0.3557951042906766,0.0710277084486886,73.17440752308814,-0.0895362775283803,59.798971846949534,-0.0463205126562172,-0.1197598533947689,-1.4387652063339615,-0.0070254929438344,-0.0241173284516457,0.037722328409147,0.5788737320741513,0.5788737320741513,0.7087699512918824,0.8428099579326978,7.7432,2026-09-20 00:00:00+00:00,0.087599442091125,-0.0956452112821572,True,False,False,True,True,2026-09-19 04:00:00+00:00,8.5094,16.0,1,4,2,20.0,20.0,0,67.11646426143815,0.11128152074799291,0.18082788671023953,0.21147494305239167,0.34421205611019823,0.16604475004542096
ZEC,2026-09-18 00:00:00+00:00,2026-09-20 00:00:00+00:00,0.306136991181972,0.0895014054034613,72.2372864206503,-0.0865064926918008,55.77809403505736,-0.0331223903763411,-0.1431594809435936,-0.8745001157067449,-0.0222034713954637,-0.036309891467396,-0.0105353994176821,0.3866666666666666,0.3866666666666666,0.9134296645815106,0.6375755673458983,1456.3,2026-09-20 04:00:00+00:00,0.15683581679599,-0.0188834718121265,True,True,True,True,True,2026-09-19 08:00:00+00:00,1594.1,16.0,8,8,5,48.0,28.0,1,68.33959697697003,0.0845592111274327,0.09409746053534662,0.16604491258869136,0.29570023571486637,0.0836076366030285
PENDLE,2026-09-19 00:00:00+00:00,2026-09-20 00:00:00+00:00,0.2382092410821163,0.0522709548983485,72.44977134858837,-0.0829388984509467,55.15716914005519,-0.0787107514107294,-0.1895900272045961,-0.687019643904506,-0.0216237689229708,-0.0338240294165795,0.017669447434339,0.1516551193225577,0.1516551193225577,1.2281921014102166,1.4098961593663752,2.5602,2026-09-20 04:00:00+00:00,0.093352081868604,-0.088625888602453,True,False,True,True,True,2026-09-19 12:00:00+00:00,2.7888,12.0,3,7,5,24.0,24.0,1,68.06082228948603,0.10250367168514551,0.0784222737819027,0.1957295373665482,0.2971162790697677,0.06614488068399327
ENA,2026-09-20 00:00:00+00:00,2026-09-20 04:00:00+00:00,0.4295799259103934,0.0727146717167246,72.10023390532227,-0.1181887950882578,70.3925635587298,-0.0309310796344386,-0.1669544689435491,7.448305462125816,0.0211660878260055,0.0183102018119047,0.1238586215427812,0.3312000000000023,0.3312000000000023,1.2413861286994552,0.6482006911192812,0.19544,2026-09-20 08:00:00+00:00,0.2163835448219402,0.0,True,True,True,True,True,2026-09-20 00:00:00+00:00,0.22151,4.0,0,1,1,4.0,4.0,0,72.63937794246425,0.1499152930336174,0.2064814814814815,0.34305462923664587,0.4641417145878777,0.09006709018583403
AVAX,2026-09-20 00:00:00+00:00,2026-09-20 04:00:00+00:00,0.3364823562100585,0.0584491852389375,79.25615235407213,-0.1138224152268316,74.41584669953929,0.002766520771998,-0.1786064707641377,18.5707276499067,0.0364803647372558,0.0409958936571777,0.138050857563581,0.2343565525383704,0.289846517119246,2.40479374692464,1.1330312635848685,9.592,2026-09-20 08:00:00+00:00,0.2312343619683068,0.0,True,True,True,True,True,2026-09-20 00:00:00+00:00,10.823,4.0,0,1,1,4.0,4.0,0,74.2105416944404,0.15014338939729588,0.27383362365237063,0.362960910739472,0.43426981182083213,0.09174215293869792
ZK,2026-09-20 00:00:00+00:00,2026-09-20 12:00:00+00:00,0.1752855659397716,0.0677392479912737,65.8170364095907,-0.086593085538062,60.2550937978343,-0.05171166004,-0.213184648159225,11.444368425891009,-0.0063400508649452,-0.0110517734581703,0.0591645257521431,0.3614130434782591,0.3614130434782591,0.9607234425927356,0.7752854572974047,0.011228,2026-09-20 16:00:00+00:00,0.1649447809048805,-0.0133594584966156,True,True,True,True,True,2026-09-20 08:00:00+00:00,0.012322,4.0,2,3,3,12.0,12.0,0,63.540899174586436,0.08878104481872673,0.10560789591745179,0.21602684298825614,0.38980374464245426,0.05309048633985669
S,2026-09-19 00:00:00+00:00,2026-09-21 00:00:00+00:00,0.2268467579770079,0.0610914409347687,64.62188283176955,-0.0887722930685614,73.34109813080613,-0.087373872187025,0.0596270200417918,-7.445181029993378,0.0634697774226675,0.081214967476169,0.1638736084168894,0.4244041266453217,0.4244041266453217,1.2837816151818917,1.2462524362677831,0.038629,2026-09-21 04:00:00+00:00,0.240648217660307,-0.0122705739211471,True,True,True,True,True,2026-09-20 20:00:00+00:00,0.042502,4.0,11,1,1,4.0,4.0,0,80.36269825690984,0.2225724515714418,0.2714490845997368,0.3143864423552698,0.575665455623934,0.1457129651028426
NIL,2026-09-21 00:00:00+00:00,2026-09-21 08:00:00+00:00,0.5295442173504232,0.0751575069926711,70.12466448476636,-0.1492666320926583,76.61861929407291,-0.1251423120302097,-0.0884997201609705,-13.931712806576172,0.0874548803642218,0.117916478174006,0.2429402679152541,0.0843104410943616,0.0843104410943616,5.816453150757228,2.058772499495324,0.06432,2026-09-21 12:00:00+00:00,1.3261815920398008,-0.04375,True,True,True,True,True,2026-09-21 04:00:00+00:00,0.075201,4.0,1,1,1,4.0,4.0,0,87.57838028705605,0.3323282018727187,0.5425846153846154,0.6060010678056595,0.7517937010808797,0.17444878068107528
VVV,2026-09-21 00:00:00+00:00,2026-09-21 12:00:00+00:00,0.375562429696288,0.1157052300016878,67.6721154732302,-0.104572152481861,61.30241491013964,-0.1833628573581354,-0.165932082149275,-12.05662321951025,0.0100379972477138,0.0199619564029123,0.0839428333429181,0.0645278891724401,0.0645278891724401,1.713795920973903,1.487009120906367,31.099,2026-09-21 16:00:00+00:00,0.0820283610405478,-0.085018810894241,True,False,True,True,True,2026-09-21 08:00:00+00:00,34.732,4.0,2,4,2,12.0,8.0,1,75.06689533104392,0.18116940686967276,0.20827970081753344,0.2438046125196962,0.33630872225000963,0.10140038842890742
SEI,2026-09-21 00:00:00+00:00,2026-09-21 12:00:00+00:00,0.2686584902072637,0.0418887883227802,67.75405656586756,-0.0907107376630611,74.6140160160025,-0.14184273968631,-0.0614491696793824,-16.835108344467343,0.0716122988518153,0.1020190001479504,0.1608234673578281,0.2170372000880477,0.2170372000880477,4.609594007564093,2.833384769062945,0.05868,2026-09-21 16:00:00+00:00,0.3195978186775732,-0.0299079754601226,True,True,True,True,True,2026-09-21 08:00:00+00:00,0.064623,4.0,2,2,1,4.0,4.0,0,86.94678640687391,0.22739712882312113,0.35813963263418946,0.31243526472917815,0.3742264752791069,0.0772551015036933
ZETA,2026-09-21 00:00:00+00:00,2026-09-21 12:00:00+00:00,0.1898923444976077,0.0390351194699877,68.2909080089394,-0.1410806174957117,76.70936364568702,-0.175163584322051,-0.1602147713507135,-16.84912988019542,0.1397107385666989,0.2212587223087865,0.3884652710384029,0.1049382716049379,0.1049382716049379,15.523897148709194,4.71064584549003,0.05996,2026-09-21 16:00:00+00:00,0.1374249499666444,-0.2099733155436958,True,True,False,False,True,2026-09-21 08:00:00+00:00,0.06996,4.0,2,3,2,8.0,8.0,0,92.99948715605399,0.5660114864623835,0.8199791883454732,0.7547027840481562,0.9246217331499311,0.5079165619502388
DYDX,2026-09-20 00:00:00+00:00,2026-09-21 16:00:00+00:00,0.1678973277074542,0.041732032164039,65.64050115044557,-0.096551724137931,63.83842159293808,-0.0869506278228645,0.0245948800611797,-4.123804369206468,0.0172052690120472,0.0282177927229123,0.0375052355024176,0.1535893155258772,0.1535893155258772,1.2441831382598891,1.2224528629101183,0.1364,2026-09-21 20:00:00+00:00,0.1118035190615835,-0.0859970674486803,True,True,True,True,True,2026-09-21 08:00:00+00:00,0.1508,8.0,8,1,1,8.0,8.0,0,71.87341390192438,0.07707992690199084,0.18702770780856426,0.12319380306867278,0.19787115735959948,0.06545897396864064
PROVE,2026-09-19 00:00:00+00:00,2026-09-21 16:00:00+00:00,0.2062230678829257,0.0344296223395073,71.69801614009563,-0.1499896344412964,73.28361338632996,-0.0172208910693021,0.0362587579835265,1.3946835604802317,0.0343324424908186,0.0403433839387659,0.091272833734042,0.4877564526803457,0.4877564526803457,3.113799744299332,1.5548650354374447,0.24545,2026-09-21 20:00:00+00:00,0.0008963128946832,-0.1292320228152372,False,False,False,False,False,2026-09-21 12:00:00+00:00,0.28942,4.0,15,1,1,4.0,4.0,0,74.56773624956823,0.10705241691504375,0.28906110814181374,0.3395353142645561,0.41657285497528274,0.06471581316826125
INJ,2026-09-20 00:00:00+00:00,2026-09-22 00:00:00+00:00,0.2610889985671072,0.0793220584901621,72.79198218288545,-0.0815459475162195,56.83165325783036,-0.1277486646836,-0.0988488753994318,-8.491540061098114,-0.0199427701614088,-0.0245396669861489,-0.008890453391571,0.2694654625335618,0.2694654625335618,0.6366557359554668,1.2754704308800886,7.5884,2026-09-22 04:00:00+00:00,0.1453402561804859,-0.0228902008328502,True,True,True,True,True,2026-09-20 00:00:00+00:00,8.2616,48.0,0,11,5,48.0,48.0,3,68.93624277211022,0.1597234007096915,0.20565057498102846,0.4144395555479463,0.49431150179969974,0.10997606677952243
PYTH,2026-09-21 00:00:00+00:00,2026-09-22 04:00:00+00:00,0.1692167681019283,0.0428356933983442,69.03423011021823,-0.0839770021487893,58.9083906615396,-0.1110550918006554,-0.0747509583956077,-9.786893488380528,-0.0001945650805823,-0.0026714721550402,0.0254201545801542,0.3548241659152375,0.3548241659152375,1.80690629800594,1.010908449989829,0.063106,2026-09-22 08:00:00+00:00,0.3900104585934778,-0.0479510664596075,True,True,True,True,True,2026-09-22 00:00:00+00:00,0.068876,4.0,6,4,1,16.0,4.0,0,66.26776318553307,0.052774768463837995,0.11831658250661659,0.16667795921132877,0.12119288307206477,0.04490775098807398
JUP,2026-09-20 00:00:00+00:00,2026-09-22 04:00:00+00:00,0.1811667085743022,0.0836755372224558,64.4444475079907,-0.0802745823276807,61.75136042156625,-0.0388311040246742,-0.0794828731159215,0.7488286858875739,-0.00664432931225,-0.0243796111232207,0.0210423387026617,0.5054678007290422,0.5054678007290422,0.811935426151801,0.7051793611200587,0.29351,2026-09-22 08:00:00+00:00,0.2093966134032912,-0.0658580627576573,True,True,False,True,True,2026-09-21 00:00:00+00:00,0.31903,28.0,6,6,3,28.0,28.0,1,80.11078605367456,0.13839683370524436,0.17489136038889286,0.14585877451332507,0.2787798621131954,0.06403975860844868
SKY,2026-09-21 00:00:00+00:00,2026-09-22 08:00:00+00:00,0.1627081493113489,0.0562995325854154,60.44267209243017,-0.0810766632158229,45.96126845122257,-0.0320121731218268,-0.2111093380490609,0.577852989787381,-0.0307854254388646,-0.0438047480604892,-0.0369839009575201,0.3192702394526814,0.3192702394526814,1.9926636295269644,1.0874964741681374,0.067485,2026-09-22 12:00:00+00:00,0.1882640586797064,-0.0078387789879232,True,True,True,True,True,2026-09-21 12:00:00+00:00,0.073412,20.0,3,7,6,32.0,32.0,0,68.8855386605805,0.03863183758105282,0.06177232033091817,0.054421670999525995,0.04257676030334867,0.03254822220339437
kPEPE,2026-09-22 00:00:00+00:00,2026-09-22 08:00:00+00:00,0.3967136150234742,0.058775981598215,74.41169109601705,-0.0815490597654068,66.0747058760872,-0.0966253312791138,-0.0673642185673976,-2.4324737354956625,0.0338795576371866,0.0460382159602288,0.1447069197568107,0.3023952095808376,0.3023952095808376,1.8480767639517457,1.5266737742220615,0.004932,2026-09-22 12:00:00+00:00,0.0287915652879158,-0.1463909164639091,False,False,False,False,False,2026-09-22 04:00:00+00:00,0.005371,4.0,1,3,2,8.0,8.0,0,73.14208397014745,0.20964801900438634,0.33308513278729235,0.344767150726089,0.4307405434203515,0.20611229566453448
GRASS,2026-09-22 00:00:00+00:00,2026-09-22 12:00:00+00:00,0.289259018020533,0.0483607263230478,69.10455731637013,-0.0971033363929386,68.84036653957224,-0.0847528164339822,-0.1809041355033434,5.817384150315874,0.0322166793079696,0.0459446092977249,0.1191294190173684,0.1049407921600659,0.1049407921600659,2.507437067748242,1.849333680689622,0.42277,2026-09-22 16:00:00+00:00,0.5252737895309507,-0.0034534143860727,True,True,True,True,True,2026-09-22 08:00:00+00:00,0.46847,4.0,2,2,2,8.0,8.0,0,75.21505422322528,0.1620722242598338,0.2549760240027861,0.31892789774486885,0.3557227608160902,0.11382941665103563
WIF,2026-09-22 00:00:00+00:00,2026-09-22 20:00:00+00:00,0.3402664046293262,0.0686836582257156,68.8378357718313,-0.0902733176336259,67.9032841450813,-0.043985452790338,-0.0750101708465045,2.1168571192577303,0.0270432968794342,0.0115497875191763,0.1280267937333812,0.7069625095638873,0.7069625095638873,3.8940096677063503,1.191532486262006,0.25501,2026-09-23 00:00:00+00:00,0.0214893533586917,-0.1301517587545587,False,False,False,False,False,2026-09-22 12:00:00+00:00,0.28026,8.0,3,1,1,8.0,8.0,0,76.26849116192142,0.19557831958988614,0.13268399143192022,0.39439773123040944,0.3298220640569396,0.1449261949932905
BSV,2026-09-23 00:00:00+00:00,2026-09-23 04:00:00+00:00,0.280708136291985,0.0446671505310351,75.92250215623446,-0.130294174946425,71.50735867404083,-0.1324615794020119,-0.1361474060674667,-18.45346164913636,0.0629939328280797,0.075123627255796,0.1804275685180534,0.4776564051638534,0.4776564051638534,33.544035801743284,4.618540214514392,22.326,2026-09-23 08:00:00+00:00,0.0376690853713159,-0.1034668099973126,False,False,False,False,False,2026-09-23 00:00:00+00:00,25.665,4.0,0,1,1,4.0,4.0,0,82.42558136474385,0.2533586937594601,0.31940160394817996,0.47347571477781614,0.5038673385679129,0.13603074845478624
STX,2026-09-20 00:00:00+00:00,2026-09-23 08:00:00+00:00,0.1977896775663667,0.0561279112635922,70.3052149818888,-0.0871034036203936,51.72797920115376,-0.0692635718815017,-0.1475372597631101,2.234361134056193,-0.0295524906889296,-0.0440028040199689,-0.0229388067481614,0.1806853582554532,0.1806853582554532,0.747676199163258,0.8720294619909092,0.32429,2026-09-23 12:00:00+00:00,0.1092232261247647,-0.0753646427580252,True,True,False,False,True,2026-09-22 08:00:00+00:00,0.35521,24.0,14,12,5,56.0,36.0,2,72.80102311118324,0.08234620234940504,0.06920113178014575,0.12386888565462262,0.10940720844524954,0.060115134165906525
kBONK,2026-09-23 00:00:00+00:00,2026-09-23 08:00:00+00:00,0.3258961228968546,0.0587198760170542,67.80619299158795,-0.0918585331117968,70.81178496828855,-0.1538013855262419,-0.0592431622452347,-18.57108068261556,0.045169093195359,0.0502333241833652,0.1385718749535018,0.1400560224089637,0.1400560224089637,1.8390251507972584,2.1018089175162946,0.003824,2026-09-23 12:00:00+00:00,0.0156903765690374,-0.1134937238493725,False,False,False,False,False,2026-09-23 04:00:00+00:00,0.004213,4.0,1,2,2,4.0,4.0,0,83.68222750202166,0.2103772447872727,0.1931464174454829,0.3840341655716162,0.41470785762256535,0.0786788399570355
HBAR,2026-09-21 00:00:00+00:00,2026-09-23 12:00:00+00:00,0.1654978395767994,0.0311209855423928,69.11940951602308,-0.1119798856241371,49.40997934791491,-0.2108413499149916,-0.398591469645999,-4.07853783467759,-0.0526456966212546,-0.0673339577441127,-0.0239067681021275,0.1302920905808997,0.1302920905808997,1.8248056534570336,1.7745989782537963,0.090036,2026-09-23 16:00:00+00:00,0.4064374250299878,-0.0204473766049136,True,True,True,True,True,2026-09-23 00:00:00+00:00,0.10142,12.0,12,7,6,28.0,24.0,1,82.15709763682803,0.11319288642054226,0.07929210697144806,0.16310007110254832,0.2572675319523472,0.0487519417785629
OP,2026-09-20 00:00:00+00:00,2026-09-23 12:00:00+00:00,0.189358372456964,0.0634661296101587,66.68521821936184,-0.1295050626637399,46.764044295388295,-0.2941300048478961,-0.3519272753176518,-13.525885963781056,-0.0599074164243638,-0.060466854042304,-0.0410333813050651,0.0171467764060356,0.0171467764060356,2.1729816497268097,2.986164266647829,0.12303,2026-09-23 16:00:00+00:00,0.2248232138502803,-0.0246281394781761,True,True,True,True,True,2026-09-23 04:00:00+00:00,0.14123,8.0,19,5,5,16.0,16.0,0,72.21051491221488,0.08401424023336412,0.13011122669440667,0.11688414393040714,0.1696066252587991,0.04366610091035339
AAVE,2026-09-22 00:00:00+00:00,2026-09-23 12:00:00+00:00,0.2228456578176032,0.0392526742554155,65.93970626596101,-0.1053444945267225,45.60903848824834,-0.2620119962987408,-0.3680050895101234,-12.583417458435925,-0.0435703326419285,-0.0444729723533995,-0.027606213410132,0.0323559150657223,0.0323559150657223,3.366978630416265,2.3804191573086824,138.94,2026-09-23 16:00:00+00:00,0.1340866561105513,-0.0292212465812581,True,True,True,True,True,2026-09-23 04:00:00+00:00,155.3,8.0,7,5,3,16.0,12.0,0,65.41128357077022,0.05378974824063709,0.0959000776233152,0.11944064009226563,0.13573204621910184,0.054061846752684994
IMX,2026-09-20 00:00:00+00:00,2026-09-23 12:00:00+00:00,0.1580478345184228,0.0359716291627012,68.72863461060916,-0.0908690730725694,48.46880074980325,-0.253283099231232,-0.3458047557849212,-6.866086740176499,-0.0428265211059493,-0.0489302447974152,-0.0245465831803951,0.1658943466172391,0.1658943466172391,2.8341356366551773,2.78429992463034,0.14446,2026-09-23 16:00:00+00:00,0.353385020074761,-0.0168904887165997,True,True,True,True,True,2026-09-23 08:00:00+00:00,0.15902,4.0,20,14,5,52.0,52.0,3,64.90920548323352,0.0347673718464796,0.05949763475248182,0.04556512591228867,0.17124548869411504,0.05552085502116744
BERA,2026-09-20 00:00:00+00:00,2026-09-23 12:00:00+00:00,0.1786121208832944,0.0473943492180154,68.25838081968803,-0.0850307813081022,49.83335979650634,-0.2495191390445513,-0.3038903031265925,-14.68520548134984,-0.0396846322396837,-0.0427739168439708,-0.0217256856092733,0.0550061804697158,0.0550061804697158,1.4932438173623013,2.2747309721881823,0.22155,2026-09-23 16:00:00+00:00,0.1101782893252087,-0.039359061160009,True,True,True,True,True,2026-09-23 08:00:00+00:00,0.24203,4.0,20,15,5,60.0,16.0,2,66.40190628320985,0.04518547400882622,0.07473357015985793,0.06447640409904554,0.17382026286434837,0.02686489306207629
TIA,2026-09-23 00:00:00+00:00,2026-09-23 12:00:00+00:00,0.4755351681957187,0.0767424444627068,74.62653708356325,-0.1357839042049567,55.28260630767153,-0.2982134320611473,-0.3200031300838404,-20.40514819822161,-0.0401283681728735,-0.0412003789803233,0.0248738474544927,0.0217472815898011,0.0217472815898011,7.012334408453692,3.3510651762402053,0.46579,2026-09-23 16:00:00+00:00,0.1082891431761092,-0.0544451362201851,True,True,True,True,True,2026-09-23 08:00:00+00:00,0.53865,4.0,2,4,2,12.0,12.0,0,78.77410146226731,0.1381287974603007,0.22040464916056823,0.24070021881838066,0.3036060019361082,0.10350799289520429
USUAL,2026-09-23 00:00:00+00:00,2026-09-23 12:00:00+00:00,0.215502555366269,0.0351829691532635,72.59287934089197,-0.1,42.16122293156436,-0.2522341490615771,-0.3591981854607362,-11.046377602283783,-0.0658771017853682,-0.0806413207397411,-0.0591761394787822,0.1150442477876104,0.1150442477876104,1.3570790363034193,2.6842510887831383,0.01283,2026-09-23 16:00:00+00:00,0.2213561964146533,-0.0116913484021823,True,True,True,True,True,2026-09-23 00:00:00+00:00,0.0143,12.0,0,4,3,12.0,12.0,0,65.79448118741402,0.047912992357436845,0.017069701280227667,0.058475203552923904,0.11111111111111116,0.026111503175723305
ENS,2026-09-21 00:00:00+00:00,2026-09-23 12:00:00+00:00,0.2224957714715281,0.0463908108508338,63.99617774653935,-0.1134602210909481,49.82409549770901,-0.2400708647678623,-0.3795026970974411,-11.793126593529236,-0.038673088962309,-0.0389815454455739,-0.0146741917400847,0.1493745401030169,0.1493745401030169,3.1142721862431464,2.845274064959716,6.6002,2026-09-23 16:00:00+00:00,0.1309202751431775,-0.0138480652101451,True,True,True,True,True,2026-09-23 00:00:00+00:00,7.4449,12.0,12,3,2,12.0,12.0,0,80.29703798008812,0.11162250587809597,0.1126404830224772,0.13646979804301695,0.18120517865075825,0.06703967446592052
W,2026-09-21 00:00:00+00:00,2026-09-23 12:00:00+00:00,0.2603938730853392,0.0449214498162194,67.83296952321066,-0.0905448717948717,45.94727526238832,-0.2998289558831621,-0.4092053351976832,-15.880217097210796,-0.0494901580997445,-0.0547793097066714,-0.0378502098079938,0.3846153846153849,0.3846153846153849,5.223893394256871,4.18465880818309,0.01133,2026-09-23 16:00:00+00:00,0.4333627537511033,-0.0194174757281553,True,True,True,True,True,2026-09-23 00:00:00+00:00,0.01248,12.0,12,16,8,60.0,56.0,3,77.77198745991137,0.06982126784106968,0.04962153069806563,0.04610226320201183,0.12839059674502717,0.03559027777777768
AERO,2026-09-19 00:00:00+00:00,2026-09-23 12:00:00+00:00,0.1546041393199431,0.058031056597896,66.41431985883955,-0.1114146605355692,45.76415481612278,-0.2156511115278635,-0.3660987749549009,-6.376486722600021,-0.0478306372092393,-0.0519617525588076,-0.0380894725245283,0.0182804027885371,0.0182804027885371,2.8717555474014715,2.960301777712315,0.65665,2026-09-23 16:00:00+00:00,0.4203304652402346,-0.0258128378892863,True,True,True,True,True,2026-09-23 00:00:00+00:00,0.7394,12.0,24,8,5,40.0,28.0,1,72.19445712992096,0.07926752281330773,0.06376244461069214,0.10208522752679183,0.14580589174195335,0.06599962077565946
MANTA,2026-09-21 00:00:00+00:00,2026-09-23 12:00:00+00:00,0.2299578059071729,0.0328614925548357,69.37988652498404,-0.0814694320184357,46.52865631212668,-0.2432203828562951,-0.3033198572115421,-11.19038988463857,-0.041050696755235,-0.0464992651427499,-0.0381762823015067,0.1049250535331913,0.1049250535331913,1.0189752775065446,2.299586931373933,0.06757,2026-09-23 16:00:00+00:00,0.0750332988012429,-0.0261950569779488,True,False,True,True,True,2026-09-22 16:00:00+00:00,0.07377,20.0,10,16,10,60.0,52.0,1,63.390801966548345,0.0274255638443639,0.04490084985835696,0.0702161613230814,0.14106728538283075,0.02471619485558274
WCT,2026-09-22 00:00:00+00:00,2026-09-23 12:00:00+00:00,0.186198208286674,0.0355012783115373,64.79710035273895,-0.097232512529963,48.04759816735172,-0.308710000745464,-0.376897701198176,-16.51584567466631,-0.0462771651829975,-0.0511198939275563,-0.018993561464453,0.0,0.0,5.8413519278685,2.6258413828139444,0.041487,2026-09-23 16:00:00+00:00,0.0783377925615251,-0.0301781280883168,True,False,True,True,True,2026-09-23 04:00:00+00:00,0.04589,8.0,7,6,5,20.0,16.0,0,74.44507130839538,0.07632969426844283,0.07836916931030435,0.10554337613529596,0.16365757176184204,0.0328491364520187
HYPER,2026-09-23 00:00:00+00:00,2026-09-23 12:00:00+00:00,0.1506063850068191,0.0391609520299911,66.28351533909326,-0.0832643747335689,45.87613110475885,-0.3170036283468828,-0.3876033468779987,-13.177821110429512,-0.0414991315841088,-0.0448991854720255,-0.0210820084976031,0.0300060012002395,0.0300060012002395,3.453381997190032,3.1851090157212725,0.07307,2026-09-23 16:00:00+00:00,0.0613931846174902,-0.0276584097440809,True,False,True,True,True,2026-09-23 04:00:00+00:00,0.079758,8.0,1,4,4,12.0,12.0,0,75.2838949792872,0.064281096805473,0.06918508787216648,0.08068777691963747,0.12950873068698399,0.03057823806678628
AXS,2026-09-23 00:00:00+00:00,2026-09-23 12:00:00+00:00,0.1921728787511973,0.0326576396687116,71.60892924018574,-0.0920065534189876,48.59589472186354,-0.3231480011589888,-0.3755465995841577,-19.09196758785251,-0.0410633167713555,-0.0439344262295081,-0.0122159710512678,0.0166666666666648,0.0166666666666648,2.343123116820818,2.9766760131072463,1.0525,2026-09-23 16:00:00+00:00,0.1715914489311165,-0.0505083135391923,True,True,False,True,True,2026-09-23 08:00:00+00:00,1.1597,4.0,2,4,4,12.0,12.0,0,71.79692873046896,0.06341260653639513,0.09446961117402775,0.09086633430533353,0.17065735282241778,0.03919843597262962
MET,2026-09-22 00:00:00+00:00,2026-09-23 12:00:00+00:00,0.4271548054289578,0.071848525619731,70.2218817123371,-0.1174822790051883,69.73641664504416,-0.2190160199905243,-0.1671153184297721,-23.048554005292544,0.0662610126451963,0.0958310228361143,0.2286312105561225,0.0931490384615382,0.0931490384615382,6.467289702549776,2.803498163183826,0.36249,2026-09-23 16:00:00+00:00,0.059836133410577,-0.1395900576567629,True,False,False,False,False,2026-09-23 08:00:00+00:00,0.41053,4.0,8,2,2,4.0,4.0,0,89.2930180772697,0.3892470590675441,0.40107846148595616,0.5277808790145511,0.6406106382128443,0.10255144032921826
RENDER,2026-09-21 00:00:00+00:00,2026-09-23 12:00:00+00:00,0.3167159875559602,0.0417948118767952,70.71186108782544,-0.1055855101292991,47.87578443611737,-0.2028704514272377,-0.3552770827335113,-4.658602089739915,-0.050962498340412,-0.061340593201199,-0.0372891287934278,0.2451811873554344,0.2451811873554344,6.918420577706003,2.04584090831195,1.7095,2026-09-23 16:00:00+00:00,0.2257385200350981,-0.0121088037437846,True,True,True,True,True,2026-09-22 00:00:00+00:00,1.9103,36.0,6,12,9,48.0,40.0,2,78.25478004183137,0.11337063046615392,0.10072025352924241,0.2413412177529406,0.2057691093858487,0.06458161517477623
COMP,2026-09-21 00:00:00+00:00,2026-09-23 12:00:00+00:00,0.1849406251664092,0.0323239000334526,68.07254901219814,-0.0944120926774874,48.35796855327457,-0.1882455259367389,-0.2605676368437176,-6.145028852228016,-0.0311439616750833,-0.0351249468285361,-0.0197857807023817,0.0776302349336063,0.0776302349336063,0.9947593669461496,1.620896287759528,21.87,2026-09-23 16:00:00+00:00,0.1660265203475079,-0.0123456790123456,True,True,True,True,True,2026-09-22 20:00:00+00:00,24.213,16.0,11,4,1,16.0,16.0,0,68.70462580027241,0.056338666135198556,0.06829913964262091,0.08812690994067962,0.13831037562879045,0.02766360319586192
AIXBT,2026-09-23 00:00:00+00:00,2026-09-23 12:00:00+00:00,0.2238980296567134,0.0442211393161778,68.30419050512964,-0.1018210219098121,46.189734866610806,-0.3117478005190425,-0.4157725231891481,-11.8743537257038,-0.0522371166724344,-0.0609375820754402,-0.0248147817548871,0.0,0.0,1.903536073400784,2.556294940968349,0.021816,2026-09-23 16:00:00+00:00,0.1993032636596994,-0.0224147414741474,True,True,True,True,True,2026-09-23 04:00:00+00:00,0.024327,8.0,1,4,4,12.0,12.0,0,76.1591943886758,0.07775610503223129,0.06004618937644346,0.1312779017857144,0.19063234142521557,0.035933806146572156
RUNE,2026-09-22 00:00:00+00:00,2026-09-23 12:00:00+00:00,0.3364790107386919,0.0434695415498147,81.77518963083156,-0.0979750825131574,51.82550774501807,-0.1910754902904428,-0.2584875450349916,-9.68696973778622,-0.0377535502764443,-0.0518156308171032,-0.0117158389835684,0.3307392996108951,0.3307392996108951,4.057848249004856,3.504891390399508,0.60691,2026-09-23 16:00:00+00:00,0.3965167817304049,-0.013313341352095,True,True,True,True,True,2026-09-22 00:00:00+00:00,0.67262,36.0,0,10,4,36.0,36.0,1,75.41653642978899,0.11523069267376429,0.17679374354847166,0.24820457624287862,0.23727535272152034,0.05155146938105393
IO,2026-09-22 00:00:00+00:00,2026-09-23 12:00:00+00:00,0.2548890714872636,0.0433517623890888,65.73442348524321,-0.1116837446189291,47.5322188180815,-0.3001933983798658,-0.3745919787142696,-19.30041064486789,-0.0497572121469854,-0.0518788558609084,-0.0237287683829654,0.1496894409937885,0.1496894409937885,3.412196517991452,3.590975937382576,0.14655,2026-09-23 16:00:00+00:00,0.2257932446264072,-0.0146707608324804,True,True,True,True,True,2026-09-23 00:00:00+00:00,0.16493,12.0,6,5,5,16.0,16.0,0,76.00193345835812,0.101383484651967,0.09312036055143169,0.114768502872592,0.15311473117527785,0.055920620318044456
MERL,2026-09-22 00:00:00+00:00,2026-09-23 12:00:00+00:00,0.2379949829779608,0.0529175216045676,70.74503611519974,-0.1139674378748928,61.3909874458784,-0.2275812860734496,-0.3098929874998369,-7.226054888965308,-0.0156101004534298,-0.0171639589638258,0.0530400535194104,0.207019631171921,0.207019631171921,1.5338962535684018,2.9668185695426814,0.029985,2026-09-23 16:00:00+00:00,0.0500250125062531,-0.0932799733199933,True,False,False,True,True,2026-09-23 04:00:00+00:00,0.033843,8.0,7,3,2,8.0,8.0,0,90.34075177089592,0.1811667232548826,0.19274688094734604,0.2549783068194458,0.3645820733034957,0.03799435028248577
AVNT,2026-09-23 00:00:00+00:00,2026-09-23 12:00:00+00:00,0.2146484789127734,0.0372890102247215,67.86724774788229,-0.0924041357974436,46.08945830089888,-0.1974286062852187,-0.3438873367395489,-9.944591840184778,-0.0455497935150263,-0.0540963514660129,-0.0333824677013788,0.1824907521578291,0.1824907521578291,4.849282877251552,2.1371051889635364,0.11152,2026-09-23 16:00:00+00:00,0.2314383070301293,-0.027528694404591,True,True,True,True,True,2026-09-23 00:00:00+00:00,0.12283,12.0,0,4,3,12.0,12.0,0,70.24625629364384,0.06834070980479723,0.018153183023872588,0.09114328862041399,0.14452105851658592,0.038656909169177744
BIGTIME,2026-09-20 00:00:00+00:00,2026-09-23 12:00:00+00:00,0.1693099610461879,0.0411417119411099,73.25008137280096,-0.0812661353687282,49.63718185063128,-0.1914321412203192,-0.3143726511810171,-8.153052828517119,-0.0294126887188165,-0.0281662269129286,-0.0114793992789899,0.1713709677419355,0.1713709677419355,2.364569832958121,2.2795890740195444,0.008177,2026-09-23 16:00:00+00:00,0.253026782438547,-0.0410908646202763,True,True,True,True,True,2026-09-23 04:00:00+00:00,0.008909,8.0,19,5,3,16.0,12.0,0,64.98778898740069,0.052185083743364835,0.08951938363703071,0.0725981218396341,0.10341837998513759,0.03488507758721249
SYRUP,2026-09-22 00:00:00+00:00,2026-09-23 12:00:00+00:00,0.1681121419927391,0.0401098430184938,62.72794389945728,-0.1101416724257083,33.79191076286611,-0.2087223670428788,-0.3168782465247763,-6.01975347631673,-0.0501949572741853,-0.0518516245819654,-0.0709964850099993,0.0700416088765611,0.0700416088765611,3.325151886819361,2.088279776443052,0.20613,2026-09-23 16:00:00+00:00,0.1409789938388395,-0.0354630572939407,True,True,True,True,True,2026-09-22 00:00:00+00:00,0.23152,36.0,0,7,2,36.0,36.0,2,49.7451560890795,-0.010834926704907488,0.040866789551769145,0.059976192656350236,0.04311781932867764,0.03295418783437487
MEME,2026-09-23 00:00:00+00:00,2026-09-23 12:00:00+00:00,0.1904761904761904,0.0392879967346005,67.71471070380957,-0.0987841945288753,49.67056441318748,-0.2668343782130645,-0.3199314317932255,-11.421482806853248,-0.0351332455464127,-0.0402805250854162,-0.0108423686405337,0.0999999999999997,0.0999999999999997,2.708169241384164,2.0993401721914573,0.000591,2026-09-23 16:00:00+00:00,0.1167512690355327,-0.0152284263959391,True,True,True,True,True,2026-09-23 08:00:00+00:00,0.000658,4.0,2,4,2,12.0,8.0,0,67.74808165735598,0.04910901029030357,0.08940397350993368,0.11336717428087972,0.18772563176895285,0.030456852791878042
IOTA,2026-09-21 00:00:00+00:00,2026-09-23 12:00:00+00:00,0.214929846773985,0.0491794181117447,63.83115770075167,-0.0862898139388205,45.71323749945144,-0.2299940775075052,-0.3156599390077584,-7.487166331293594,-0.0420675712526806,-0.0436456907874377,-0.0364325681551751,0.1234248788368339,0.1234248788368339,2.621952016244399,2.089458550653428,0.046348,2026-09-23 16:00:00+00:00,0.191572451885734,-0.0272287908863381,True,True,True,True,True,2026-09-23 04:00:00+00:00,0.050736,8.0,13,13,4,52.0,16.0,2,65.53436473175782,0.038862196566169294,0.06413859641763509,0.07112546709734624,0.07475586247802246,0.02370584361790251
DYM,2026-09-22 00:00:00+00:00,2026-09-23 12:00:00+00:00,0.2813582813582813,0.0387501140691758,71.27453031429233,-0.0962406015037593,52.75580588068797,-0.2713201654218307,-0.2884161044165227,-18.628032727665072,-0.0309763492615213,-0.0343945254388572,-0.0084144530605508,0.1958762886597947,0.1958762886597947,1.4559418680722234,2.8223820793305165,0.01798,2026-09-23 16:00:00+00:00,0.2269187986651835,-0.0233592880978865,True,True,True,True,True,2026-09-23 04:00:00+00:00,0.01995,8.0,7,6,5,20.0,16.0,1,73.41447576033855,0.05935616476404748,0.0818872017353578,0.10956618464961076,0.2105582524271843,0.03163538873994631
kSHIB,2026-09-23 00:00:00+00:00,2026-09-23 12:00:00+00:00,0.1859247770453664,0.038497904376929,68.28442368533243,-0.1017437210046391,43.67955492618378,-0.2731444687867242,-0.4113252476751976,-9.16521709462424,-0.0571059262546899,-0.0665176592286095,-0.039588126127821,0.0559440559440572,0.0559440559440572,3.320606889337536,2.489665832637794,0.005614,2026-09-23 16:00:00+00:00,0.0826505165657285,-0.0130032062700392,True,False,True,True,True,2026-09-23 00:00:00+00:00,0.006251,12.0,0,4,3,12.0,12.0,0,74.19981025801411,0.07786505469000349,0.024586133420750667,0.12508999280057576,0.15780700129653624,0.05331235797937417
SUPER,2026-09-19 00:00:00+00:00,2026-09-23 12:00:00+00:00,0.1688300449982693,0.0471730958767308,68.5641076452668,-0.1526646837973573,65.37248308066034,-0.1384259278621418,-0.195499891889011,0.3803611322401252,0.0263116259328077,0.0446997528555206,0.1255837451664927,0.1147786946736686,0.1147786946736686,2.4940782337271337,1.567428525919634,0.17386,2026-09-23 16:00:00+00:00,0.261302197170137,-0.0378465431956744,True,True,True,True,True,2026-09-23 08:00:00+00:00,0.20509,4.0,26,2,2,8.0,8.0,0,75.8756387810615,0.20490696180123003,0.3564153439153439,0.3679050223437603,0.5222296444741334,0.106587584936082
DOGE,2026-09-22 00:00:00+00:00,2026-09-23 12:00:00+00:00,0.2363566677381865,0.0463587469388674,70.6058603283929,-0.1246673586864206,46.57971525890434,-0.2431622632433411,-0.3959288768884341,-10.274509540087196,-0.0565862820667292,-0.0671372524480033,-0.0290350539291217,0.1930845225027437,0.1930845225027437,4.747655098490967,3.032651615323047,0.092768,2026-09-23 16:00:00+00:00,0.077020093135564,-0.0195649361848913,True,False,True,True,True,2026-09-22 04:00:00+00:00,0.10597,32.0,1,7,3,36.0,32.0,1,71.60359995417284,0.090191276419749,0.17944950860907993,0.24820372682513114,0.22183788769745183,0.04251768003680456
LDO,2026-09-22 00:00:00+00:00,2026-09-23 12:00:00+00:00,0.2395935006028593,0.0440866065518274,66.65054535961409,-0.1215393322014712,37.4495967511357,-0.3170558713645562,-0.4342186459868814,-14.62083226406088,-0.0745940138832422,-0.077650749887101,-0.0838263694441951,0.0,0.0,2.593839017285572,2.725863934773108,0.38834,2026-09-23 16:00:00+00:00,0.3124066539630221,-0.018437451717567,True,True,True,True,True,2026-09-23 00:00:00+00:00,0.44175,12.0,6,10,7,36.0,36.0,1,66.19093486468515,0.037645186502230255,0.030032410753841443,0.01458429030776287,0.06343283582089554,0.03748183096242297
EIGEN,2026-09-22 00:00:00+00:00,2026-09-23 12:00:00+00:00,0.2713097713097714,0.0505772713719977,66.78629956458425,-0.0998463901689709,46.87681317220669,-0.3147462202950765,-0.316160682791896,-22.592231007970945,-0.0465203174172497,-0.0458616010854816,-0.029399585921325,0.0256410256410252,0.0256410256410252,2.9513548647835988,2.452202828567603,0.2346,2026-09-23 16:00:00+00:00,0.222080136402387,-0.0234441602728048,True,True,True,True,True,2026-09-23 08:00:00+00:00,0.2604,4.0,8,6,5,20.0,16.0,1,68.40796002962912,0.05880645896814052,0.09734513274336276,0.05169628432956386,0.14916151809355704,0.05272108843537415
ORDI,2026-09-22 00:00:00+00:00,2026-09-23 12:00:00+00:00,0.1916490048478649,0.043923766898436,67.52837778410347,-0.1141029218320246,36.90195307353154,-0.3819876482973418,-0.4679194015723948,-20.85552233151945,-0.0722936308602997,-0.0817102312246205,-0.0699849457618501,0.0157240084487197,0.0157240084487197,3.4924864088841927,3.3113911894067054,4.4456,2026-09-23 16:00:00+00:00,0.2139193809609503,-0.0208970667626418,True,True,True,True,True,2026-09-22 00:00:00+00:00,5.0174,36.0,0,10,9,36.0,36.0,0,72.93117121883468,0.055712880052992464,0.06999061673633045,0.11201241134751783,0.07792124089629837,0.025784207965818595
APT,2026-09-19 00:00:00+00:00,2026-09-23 12:00:00+00:00,0.2451931257444275,0.0644065022511689,68.05928545294579,-0.1145518044237484,50.162139974307536,-0.287201023199233,-0.2981880061112142,-20.77149425159925,-0.0473148490693529,-0.0471192527735629,-0.0206467645676539,0.2208982584784602,0.2208982584784602,3.401175304213645,3.333294935441053,0.7605,2026-09-23 16:00:00+00:00,0.1730440499671268,-0.0243261012491781,True,True,True,True,True,2026-09-23 04:00:00+00:00,0.859,8.0,25,5,5,16.0,16.0,0,69.81331296935625,0.08121814209924061,0.11168629481040493,0.11486048020765738,0.18892733564013842,0.05474406198399606
GOAT,2026-09-22 00:00:00+00:00,2026-09-23 12:00:00+00:00,0.2232527326929445,0.0435770700001589,68.04899806591703,-0.1367700729927006,52.323524197326776,-0.2773014455389765,-0.3394383638463577,-18.524050941190325,-0.0490400643118026,-0.0592985809217102,0.0063849760264227,0.0,0.0,1.183804385327092,2.673886343933014,0.018914,2026-09-23 16:00:00+00:00,0.0861266786507348,-0.0464206407951781,True,False,True,True,True,2026-09-22 16:00:00+00:00,0.02192,20.0,4,5,3,20.0,20.0,0,85.63487632276838,0.19194636854081537,0.1915633833442052,0.29581461338377846,0.2599873541415185,0.09089982156512866
RSR,2026-09-21 00:00:00+00:00,2026-09-23 12:00:00+00:00,0.2205882352941175,0.0406269244663167,67.03990608113355,-0.1008264462809916,48.57219629552739,-0.2440000182303475,-0.3452681607733124,-11.407118959865556,-0.0411119027549994,-0.0456140350877192,-0.0227544910179641,0.0,0.0,1.5105488444893949,2.14593724918955,0.001634,2026-09-23 16:00:00+00:00,0.1211750305997552,-0.0140758873929008,True,True,True,True,True,2026-09-23 04:00:00+00:00,0.001815,8.0,13,6,4,20.0,16.0,0,68.51856164092416,0.0570722593864883,0.10066707095209204,0.10535931790499387,0.14294710327455928,0.04636973764490526
MINA,2026-09-23 00:00:00+00:00,2026-09-23 12:00:00+00:00,0.616760887121824,0.0873208759730587,84.07889727386544,-0.0942391786551747,62.04988027681662,-0.0881953998935339,-0.1427964057625254,-4.343761036673925,-0.0139007085205083,-0.0335261852881508,0.0700528213172011,0.2145695364238387,0.2145695364238387,0.7425759021292403,0.9947384986179588,0.14334,2026-09-23 16:00:00+00:00,0.0673922143156131,-0.0494628156829913,True,False,True,True,True,2026-09-23 04:00:00+00:00,0.15779,8.0,1,3,3,12.0,12.0,0,69.70981828645319,0.15244949543674147,0.17289823831115747,0.19032890766445387,0.5030481996570777,0.1516205416605001
ETC,2026-09-23 00:00:00+00:00,2026-09-23 12:00:00+00:00,0.2584924489388596,0.0435683332584804,72.06024662379518,-0.0954788908267199,49.75994141759232,-0.2677694308794742,-0.3522103176157932,-13.037803582872392,-0.0405500465675497,-0.0454154368921464,-0.0137191931422038,0.2053191489361714,0.2053191489361714,7.169403837567337,3.419062983304944,8.7604,2026-09-23 16:00:00+00:00,0.1928679055750877,-0.0198164467375919,True,True,True,True,True,2026-09-23 00:00:00+00:00,9.6901,12.0,0,4,4,12.0,12.0,0,76.81496444100432,0.0877465289083248,0.09438245392121414,0.13443302348451125,0.16456350350927784,0.073929157439387
GMT,2026-09-22 00:00:00+00:00,2026-09-23 12:00:00+00:00,0.1822799097065464,0.0351239246334482,67.91717450017451,-0.0802537845057882,51.7991437593758,-0.261731621603357,-0.3379759714196164,-16.241206995499113,-0.0305815234391502,-0.0363723533832638,-0.0023483389576756,0.074688796680497,0.074688796680497,1.314788518503767,2.2785487578303845,0.008254,2026-09-23 16:00:00+00:00,0.1114611097649624,-0.0176883935061786,True,True,True,True,True,2026-09-22 00:00:00+00:00,0.008984,36.0,0,10,5,36.0,36.0,1,80.36441003566875,0.08321372795730886,0.12935260842237595,0.16177421440579343,0.1682704811443434,0.026849102878533593
SUI,2026-09-22 00:00:00+00:00,2026-09-23 12:00:00+00:00,0.4636677230277366,0.0534984047564605,76.9508087156674,-0.1167451741017825,51.680590583752384,-0.2505003739498889,-0.294091515856378,-12.890039946553095,-0.0456739229372447,-0.0533974175667055,-0.0250501849886479,0.1629897045059506,0.1629897045059506,2.0944061892344896,1.9867576613633569,0.95579,2026-09-23 16:00:00+00:00,0.3538538800364097,-0.0210087990039652,True,True,True,True,True,2026-09-22 00:00:00+00:00,1.0827,36.0,0,8,1,36.0,36.0,0,81.05649841188318,0.15051904550761175,0.138964864296234,0.30960156760287383,0.30401792166498054,0.05795020756123881
LTC,2026-09-22 00:00:00+00:00,2026-09-23 12:00:00+00:00,0.2013933236574747,0.0320453400094552,76.0968362892718,-0.080450000772666,47.58161638343061,-0.2493761670709385,-0.3304495547556625,-10.408250291496657,-0.0360447996694467,-0.0390571170188333,-0.0216557619222601,0.1641478725877709,0.1641478725877709,3.436455796327031,2.6539982120574304,59.525,2026-09-23 16:00:00+00:00,0.2642419151616968,-0.0104157916841662,True,True,True,True,True,2026-09-23 04:00:00+00:00,64.711,8.0,7,8,6,36.0,20.0,1,68.78899191196061,0.04790946893683912,0.06556999127270324,0.10532069348364503,0.14014130415631554,0.04252498301320817
KAS,2026-09-22 00:00:00+00:00,2026-09-23 12:00:00+00:00,0.3144564426110168,0.0519416777320747,75.64596651503581,-0.1342188827765106,41.201228986344745,-0.2817877693890155,-0.3513243542405054,-13.979886310849524,-0.0627286725968823,-0.0713212012665108,-0.0635495188464408,0.165956237567491,0.165956237567491,4.367163430551328,2.912850090190912,0.038643,2026-09-23 16:00:00+00:00,0.2992003726418757,-0.0172346867479232,True,True,True,True,True,2026-09-22 00:00:00+00:00,0.044718,36.0,0,5,3,36.0,36.0,0,72.95585884701975,0.0821406735460366,0.11516209476309247,0.16410683604935716,0.14941524225677938,0.04098822204495334
FET,2026-09-22 00:00:00+00:00,2026-09-23 12:00:00+00:00,0.2974651457541193,0.0584915972014933,67.54887984906068,-0.1050806712588414,49.44347552935204,-0.2294615578995342,-0.3009799359678377,-11.277965392619144,-0.0485894762992945,-0.0618699922460584,-0.0142957163770606,0.0384615384615388,0.0384615384615388,1.422588175435954,2.0166278791287064,0.19362,2026-09-23 16:00:00+00:00,0.3423716558206797,-0.0152360293358123,True,True,True,True,True,2026-09-23 04:00:00+00:00,0.21631,8.0,7,9,6,36.0,28.0,1,67.61342941771113,0.08118028718770609,0.07041765637371333,0.17706916254013172,0.2878661586091926,0.06573434184034399
ALGO,2026-09-21 00:00:00+00:00,2026-09-23 12:00:00+00:00,0.2264289176181513,0.0416385159989237,67.77562898247312,-0.1145025295109611,45.11153197477988,-0.1819181642123752,-0.3289238943633799,-6.92771072458541,-0.0456189335364077,-0.0506905036910561,-0.0507481843367122,0.1483253588516747,0.1483253588516747,1.6550499987339715,1.7021050018566082,0.10492,2026-09-23 16:00:00+00:00,0.3045177277926039,-0.0187762104460541,True,True,True,True,True,2026-09-21 12:00:00+00:00,0.1186,48.0,3,9,1,52.0,48.0,1,67.24134387978437,0.0822749968518881,0.04779574167329259,0.17414117414117403,0.22918113320965516,0.10214216163583245
ONDO,2026-09-20 00:00:00+00:00,2026-09-23 12:00:00+00:00,0.1856571009753622,0.0418360942360825,65.06606677413173,-0.1147322197348027,43.676503876827,-0.222398197758372,-0.2922323337169816,-12.612295238198335,-0.0482064989613691,-0.0505197163877402,-0.0538710972412815,0.2190322580645165,0.2190322580645165,1.7834394977219157,2.175639021057291,0.41116,2026-09-23 16:00:00+00:00,0.4802266757466678,-0.0180708240101178,True,True,True,True,True,2026-09-22 00:00:00+00:00,0.46456,36.0,12,11,5,60.0,52.0,2,61.39519013491641,0.03642517281200819,0.07981962716749558,0.14164946426816072,0.1375400964764073,0.04641642961215564
TAO,2026-09-22 00:00:00+00:00,2026-09-23 12:00:00+00:00,0.4458015955289132,0.0665569468418236,76.0880678053837,-0.1104955465091364,51.38265007037327,-0.1863017881991878,-0.2990613751935661,-5.18496916022378,-0.0476229291765161,-0.0659464671535453,-0.0132004516167369,0.0618811881188118,0.0618811881188118,2.450698129027808,1.9888787859381487,290.61,2026-09-23 16:00:00+00:00,0.1750455937510753,-0.0426344585526994,True,True,True,True,True,2026-09-22 12:00:00+00:00,326.71,24.0,3,10,7,36.0,36.0,0,72.5331569088706,0.11304955262393501,0.12942925294707375,0.2829766345965048,0.20494947259718233,0.06360839354236547
MEGA,2026-09-22 00:00:00+00:00,2026-09-23 16:00:00+00:00,0.3125253109632631,0.0546164696987071,66.07037658337907,-0.0934850604988064,50.55182796317364,-0.1135252372548101,-0.2887317847943307,12.353575792578011,-0.0363398318102587,-0.0426128405984682,-0.0199271614084498,0.1547314578005124,0.1547314578005124,1.14272254792598,1.314882617195275,0.044076,2026-09-23 20:00:00+00:00,0.0655458753062891,-0.0800889372901352,True,False,True,True,True,2026-09-23 12:00:00+00:00,0.048596,4.0,9,9,5,40.0,32.0,1,57.025682047199304,0.012372247945028114,0.06827874258078692,0.0731384153343344,0.1925691428010503,0.031270120616388564
NEO,2026-09-21 00:00:00+00:00,2026-09-23 16:00:00+00:00,0.1541526644263082,0.033628006654022,65.22244722416018,-0.0836061913975295,48.33306972921965,-0.0488312846057646,-0.3600948811607929,23.22720096128157,-0.0337700915776627,-0.0430715167632254,-0.0200279719166732,0.4021164021163987,0.4021164021163987,0.8279551625212549,0.9710703125440772,2.4628,2026-09-23 20:00:00+00:00,0.1194169238265387,-0.0091765470196525,True,True,True,True,True,2026-09-23 08:00:00+00:00,2.6876,8.0,14,8,6,40.0,24.0,1,76.52293576898747,0.05880872030642159,0.07736711296400234,0.07521203392542808,0.14127988449615692,0.027459312114166412
ME,2026-09-22 00:00:00+00:00,2026-09-23 16:00:00+00:00,0.2034639041761088,0.0362960521350588,65.63352868521935,-0.0815504656430908,50.82307191310557,-0.0156683443302825,-0.349755055569002,19.003750348223583,-0.0302456242510988,-0.0418520517570859,-0.0102259473241651,0.3793103448275895,0.3793103448275895,0.6887154951679433,0.8612547834238996,0.07292,2026-09-23 20:00:00+00:00,0.1227372462973122,-0.0089138782227098,True,True,True,True,True,2026-09-23 04:00:00+00:00,0.07946,12.0,7,10,6,40.0,24.0,1,78.1598878213174,0.07286642758014183,0.04870001319783546,0.1419948260994539,0.16561537333137766,0.03549870652486353
ALT,2026-09-23 00:00:00+00:00,2026-09-23 16:00:00+00:00,0.1755956897860069,0.034393198567209,71.5197301043006,-0.0937767453233892,49.354233561252656,-0.0818085254940581,-0.3739197396907127,17.9876575595911,-0.0319921871937805,-0.0385263977169541,-0.014787492107799,0.1707317073170746,0.1707317073170746,1.2138995212242316,1.0273338618881784,0.00742,2026-09-23 20:00:00+00:00,0.1173854447439353,-0.0207547169811321,True,True,True,True,True,2026-09-23 08:00:00+00:00,0.008179,8.0,2,4,4,16.0,16.0,0,76.1365645340509,0.06503494165245582,0.09111526147278548,0.09447343770908612,0.17581943645773435,0.029950942421895332
YGG,2026-09-22 00:00:00+00:00,2026-09-23 16:00:00+00:00,0.1534221203034045,0.0387535311805039,64.19476518161187,-0.0890182736487672,49.03106604038058,-0.0618424022738162,-0.2882429621364311,14.62931942768418,-0.0348881563428323,-0.0440090300100605,-0.0144327002069944,0.0377073906485681,0.0377073906485681,0.5320102788729028,0.9608086590229052,0.02597,2026-09-23 20:00:00+00:00,0.1023103581055062,-0.0151713515594916,True,True,True,True,True,2026-09-23 04:00:00+00:00,0.028511,12.0,7,6,6,24.0,24.0,0,68.88736385038592,0.06782810328544775,0.08903743315508028,0.12225939775634731,0.15387105912825305,0.06819482054998294
CELO,2026-09-23 00:00:00+00:00,2026-09-23 16:00:00+00:00,0.2133168460499916,0.0371802252107814,74.60496631429942,-0.0851869139911515,46.63181587896828,-0.0376073801023548,-0.2988641256964971,13.490994152372174,-0.0370372566383248,-0.045649903315502,-0.0316489347418622,0.2385604113110514,0.2385604113110514,1.4221695715586833,0.8145474886642056,0.090232,2026-09-23 20:00:00+00:00,0.1215533291958506,-0.031330348435145,True,True,True,True,True,2026-09-23 00:00:00+00:00,0.098548,16.0,0,4,4,16.0,16.0,0,69.89131405792853,0.06304575961482062,0.041722603355144106,0.09401747355099399,0.11940569766913534,0.03297829863921353
CFX,2026-09-21 00:00:00+00:00,2026-09-24 00:00:00+00:00,0.1715397885610652,0.0296588799482271,66.4515035943943,-0.0801071428571429,43.884842298306936,-0.0230812029314433,-0.0334246668231059,-0.8161932676959722,-0.0255244651143737,-0.0393679577975493,-0.039689204845735,0.2376409366869004,0.2376409366869004,0.6174294088627064,0.9122284101663128,0.05149,2026-09-24 04:00:00+00:00,0.1252670421441055,-0.0133035540881724,True,True,True,True,True,2026-09-23 08:00:00+00:00,0.056,16.0,14,16,10,72.0,64.0,1,65.21704654915823,0.026048094543550615,0.055190216879275056,0.030169242089771897,0.13518882649855057,0.019747131201597767
XMR,2026-09-22 00:00:00+00:00,2026-09-24 08:00:00+00:00,0.1892628751277991,0.039713782145371,68.57528807596165,-0.0849518236392071,42.75041559813789,-0.1544006684626727,-0.0818718212288527,-12.325782886950511,-0.0227404584305943,-0.0231802543006732,-0.0431401924375421,0.0970528455284533,0.0970528455284533,0.749166356960695,1.3370820631965807,544.18,2026-09-24 12:00:00+00:00,0.0697195780807822,-0.0366239112058509,True,False,True,True,True,2026-09-22 00:00:00+00:00,594.69,56.0,0,10,6,56.0,56.0,0,56.016835162225256,0.017825528010596114,0.026212251941328812,0.11956398960804271,0.040559220311105815,0.041808905039826705
BCH,2026-09-23 00:00:00+00:00,2026-09-24 08:00:00+00:00,0.4753152382987817,0.0769124218906539,79.41627453181961,-0.0878332287374825,69.5407158761601,-0.0877260412951699,-0.0738965732154321,-7.477362105144252,-0.0015796719954305,-0.0227336951755453,0.0761324257724542,0.5748502994011994,0.5748502994011994,1.126931138791072,1.188120587227392,334.32,2026-09-24 12:00:00+00:00,0.0451962191911941,-0.0950586264656615,False,False,False,False,False,2026-09-23 08:00:00+00:00,366.49,24.0,2,5,3,32.0,28.0,1,86.68499575693843,0.22580224344340194,0.3554626821510467,0.37221057361090315,0.48430602243732546,0.21651009690065837
ZRO,2026-09-23 00:00:00+00:00,2026-09-24 08:00:00+00:00,0.3308457711442787,0.0603879065136713,74.85906587885309,-0.0907807512889761,67.29330210935343,-0.1283023213636877,-0.1024538865205395,-10.401413205569028,0.0104017111825576,-0.0011837422738339,0.1029455563497736,0.2880978865406015,0.2880978865406015,1.494305217467941,1.0853762822171156,1.4812,2026-09-24 12:00:00+00:00,0.1666216581150417,-0.0423305428031325,True,True,True,True,True,2026-09-24 00:00:00+00:00,1.6292,8.0,6,4,1,20.0,8.0,0,76.70124961325624,0.17124724420279613,0.14153587443946192,0.38161465400271366,0.4071514942131629,0.0769230769230771
XPL,2026-09-25 00:00:00+00:00,2026-09-25 12:00:00+00:00,0.2014987600576112,0.0749708446007756,65.05825960358311,-0.1243638676844784,62.242284688984434,-0.0216942076687695,-0.1352542328813322,7.762676428264918,0.0265638740678988,0.0379877022524923,0.1136280894785808,0.3995609220636655,0.3995609220636655,2.438499389778957,1.5582123116860351,0.11021,2026-09-25 16:00:00+00:00,0.1117865892387259,-0.1597495690046274,True,True,True,True,True,2026-09-25 08:00:00+00:00,0.12576,4.0,2,2,1,8.0,4.0,0,63.62252495783109,0.13174315440552165,0.4300009096697901,0.3151785154044049,0.3499500853379707,0.168129718912035
CC,2026-09-26 00:00:00+00:00,2026-09-27 12:00:00+00:00,0.1884456671251719,0.0572866083741859,65.63238205029282,-0.0818144442921747,63.33354056359119,-0.1417066190738282,-0.1132398401553551,-12.215153328043954,-0.0031944893869481,-0.0158395965431977,0.0520200354860489,0.2192000000000014,0.2192000000000014,1.6297974374663675,1.09423515909117,0.13405,2026-09-27 16:00:00+00:00,0.0953375606117119,-0.113390525923163,True,False,True,True,True,2026-09-26 20:00:00+00:00,0.14594,16.0,5,9,1,32.0,16.0,0,71.51628061458139,0.11438896673796006,0.12608024691358022,0.2810744382022472,0.3257630813953487,0.05927570891697975
BIO,2026-09-26 00:00:00+00:00,2026-09-28 00:00:00+00:00,0.1991764195925442,0.0448093060601986,68.58490459291956,-0.0864732422983833,44.69305342069175,-0.2109362760730968,-0.1422509956465492,-14.378928094818605,-0.0356851026419648,-0.039175768919183,-0.044032118869836,0.142792792792792,0.142792792792792,1.9138656944280816,2.737949888206414,0.030565,2026-09-28 04:00:00+00:00,0.0818583346965484,-0.0580075249468344,True,False,False,True,True,2026-09-26 08:00:00+00:00,0.033467,40.0,2,13,6,48.0,48.0,2,66.4486127825133,0.06835591263193841,0.05874723188864284,0.16483937210678357,0.10795868370522399,0.09108628310883726
XAI,2026-09-25 00:00:00+00:00,2026-09-28 00:00:00+00:00,0.3022636484687084,0.0618721196312406,74.32685647380988,-0.0852329038652131,52.06050567794285,-0.1710908154309195,-0.1396137799310846,-10.745537067267165,-0.0242255331565931,-0.0235100505466084,-0.012358889305013,0.0847457627118641,0.0847457627118641,0.5683662080583184,1.6208912864040468,0.00924,2026-09-28 04:00:00+00:00,0.0681818181818181,-0.0389610389610388,True,False,True,True,True,2026-09-27 16:00:00+00:00,0.01009,8.0,16,6,4,72.0,72.0,2,62.80604274521003,0.0384492491213122,0.09436008676789576,0.08378088077336199,-0.07090239410681398,0.03100775193798455
PENGU,2026-09-24 00:00:00+00:00,2026-09-28 00:00:00+00:00,0.2288989669942049,0.0566623673111966,67.24689473147242,-0.1057534246575342,48.23462493192717,-0.1665210043248084,-0.1293066805570757,-12.805968685160837,-0.0268725155709438,-0.0257793499889453,-0.0233003511011808,0.0084033613445389,0.0084033613445389,2.27615012353908,1.933594016539736,0.009786,2026-09-28 04:00:00+00:00,0.0878806458205598,-0.0819538115675453,True,False,False,False,True,2026-09-27 12:00:00+00:00,0.01095,12.0,21,4,1,52.0,12.0,0,55.39794994957355,0.011698830116988468,0.06756361509213216,0.12089261951069719,0.10729092931540096,0.04445125689760876
2Z,2026-09-27 00:00:00+00:00,2026-09-28 00:00:00+00:00,0.3774567251349636,0.0614424468555967,76.92997624213167,-0.1098798341963127,52.378433269958194,-0.1711653441219188,-0.1316686177961865,-10.355941284180927,-0.0449809125696414,-0.0644210677298109,-0.0039146538307459,0.2591581669300389,0.2591581669300389,2.847256080643032,2.5630810552707204,0.063746,2026-09-28 04:00:00+00:00,0.0970884447651616,-0.1935964609544128,True,False,True,True,True,2026-09-27 00:00:00+00:00,0.071651,24.0,0,7,2,24.0,24.0,1,67.1417784321321,0.1388673209062834,0.24141933918949365,0.29696805140736715,0.39206543490509227,0.20933173934889204
FIL,2026-09-27 00:00:00+00:00,2026-09-28 04:00:00+00:00,0.1510258724733515,0.0714925039450974,68.6806066126974,-0.0905908469945355,48.22982407134976,-0.0800914322961456,-0.2337282401130157,6.801655661875344,-0.0408187097743356,-0.0549432131871598,-0.0235324910831217,0.0583756345177655,0.0583756345177655,0.8146834421630759,1.0755869076631028,1.0648,2026-09-28 08:00:00+00:00,0.0472389181066867,-0.0688204357625845,False,False,False,False,False,2026-09-27 08:00:00+00:00,1.1712,20.0,2,7,7,28.0,28.0,0,63.90728254583597,0.07834887391024692,0.07459399944949063,0.13686662783925452,0.22101751459549623,0.10138544820625728
NEAR,2026-09-28 00:00:00+00:00,2026-09-28 12:00:00+00:00,0.2178951410693712,0.0768574498217823,87.01805219111287,-0.0959100957995578,49.45989925391317,-0.1348172194435299,-0.1730773937039377,-8.492767572539847,-0.0423413142450986,-0.0606168885032096,-0.0334017467076885,0.1897296069075207,0.1897296069075207,2.5358905176113256,1.7574851157704376,4.9035,2026-09-28 16:00:00+00:00,0.127969817477312,-0.0736412766391354,True,True,False,True,True,2026-09-28 00:00:00+00:00,5.428,12.0,0,4,2,12.0,12.0,0,59.81200523160578,0.04486631754410886,0.07638613468707867,0.11227228950226431,0.21581364094523448,0.07333227571983825
WLD,2026-09-28 00:00:00+00:00,2026-09-28 12:00:00+00:00,0.1556463910538799,0.0655528363444836,68.66189248946745,-0.1167028985507246,46.63640245275056,-0.1189008561303108,-0.1852947547184434,-6.632583938483343,-0.0606885309286038,-0.0878152107710568,-0.0503254657997964,0.2786492374727674,0.2786492374727674,2.1001822275687947,1.9854466603356853,0.48757,2026-09-28 16:00:00+00:00,0.2067395450909612,-0.0461267100108702,True,True,True,True,True,2026-09-28 00:00:00+00:00,0.552,12.0,0,2,1,12.0,12.0,0,57.24328242987234,0.0457194434983621,0.05090812169211456,0.14333057166528596,0.27751162952162756,0.10794792667225273
0G,2026-09-29 00:00:00+00:00,2026-09-29 04:00:00+00:00,0.1768671567233886,0.0447947149537858,80.18958235923812,-0.0915979918537462,67.42095751802574,-0.0178533767386305,0.2795498949708841,-0.658113852754795,0.0566305636067001,0.0810370741482966,0.0854473839095726,0.0281635802469139,0.0281635802469139,1.803854173950618,2.059925919251336,0.28729,2026-09-29 08:00:00+00:00,0.2701103414668104,-0.0036548435378884,True,True,True,True,True,2026-09-29 00:00:00+00:00,0.31671,4.0,0,2,2,4.0,4.0,0,68.64652987773256,0.09637770610175345,0.24527189085046985,0.22846282145766272,0.1899233543733092,0.11953330242620908
APEX,2026-09-29 00:00:00+00:00,2026-09-29 12:00:00+00:00,0.271112455700579,0.0688991995016156,63.05848912416268,-0.0911440214690387,50.8551681501138,-0.1381529298129337,-0.1404963544017762,-5.430535318787079,-0.030213234097167,-0.0370494603860569,-0.0026359323019871,0.2685769791160767,0.2685769791160767,5.378972319312201,1.6151470058724522,0.27508,2026-09-29 16:00:00+00:00,0.0801948524065727,-0.1093500072706121,True,False,False,True,True,2026-09-29 04:00:00+00:00,0.30183,8.0,1,4,3,12.0,12.0,1,61.72866337016151,0.07162535948143156,0.1952716616505621,0.1200044528553934,0.14346870737990614,0.1051797877395848
AZTEC,2026-09-29 00:00:00+00:00,2026-09-29 16:00:00+00:00,0.244126260982753,0.0589882321280189,70.49942628064987,-0.0955085183273101,47.829991537976426,-0.2024016552296365,-0.1920822589575425,-12.843713342537376,-0.0543228357245161,-0.0677214516300683,-0.0304291402529628,0.3400379506641371,0.3400379506641371,2.306782701859912,2.4926253713016027,0.017523,2026-09-29 20:00:00+00:00,0.0544427324088341,-0.0677395423158135,True,False,False,True,True,2026-09-29 00:00:00+00:00,0.01937,16.0,0,5,5,16.0,16.0,1,55.256233911045896,0.036391779367070054,0.13228502952007926,0.1326822992807437,0.15627984718242582,0.13873917519530066
LINK,2026-09-29 00:00:00+00:00,2026-09-30 00:00:00+00:00,0.2506679621083312,0.0444897803783273,73.92834927682728,-0.0894973695886416,50.70472172434651,-0.0669152748896397,-0.1136407982529512,-3.0871737449955177,-0.0210181372280044,-0.0374707783022377,-0.0080413218289605,0.1718213058419266,0.1718213058419266,1.0429807654409462,0.7006883878115777,14.365,2026-09-30 04:00:00+00:00,0.0311869126348764,-0.0219282979463975,False,False,False,False,False,2026-09-29 00:00:00+00:00,15.777,24.0,0,4,3,24.0,24.0,1,61.891955485820326,0.040255877582335176,0.13601670506912433,0.11806392176316338,0.12395811070741591,0.04552383592017728
PUMP,2026-09-29 00:00:00+00:00,2026-10-01 12:00:00+00:00,0.2313451459945095,0.0739542291750325,61.535474722331735,-0.0941601049868766,55.279982319900746,-0.0902465395068722,-0.1484722129525303,-6.676381093630418,-0.0246505572613646,-0.0357392316647264,0.0001811266074986,0.4033613445378156,0.4033613445378156,0.6942184003267889,1.050793319827257,0.005522,2026-10-01 16:00:00+00:00,0.1169865990583121,-0.0003621876131836,True,True,True,True,True,2026-10-01 04:00:00+00:00,0.006096,8.0,13,11,8,48.0,48.0,2,59.57102773249751,0.030950504846896543,0.05576723242119863,0.2150687661949373,0.2532894736842104,0.12019134941199927
