fight_url,event_date,fighter_1,fighter_2,f1_norm,f2_norm,pair,favorite_side_odds,market_prob,favorite_decimal_odds,snapshot_mode,snapshot_rows,source_values,region_values,adding_date_selected,reason,closest_date_diff
http://ufcstats.com/fight-details/640f2ae3995b3b4f,2024-01-13,Jim Miller,Gabriel Benitez,jim miller,gabriel benitez,"('gabriel benitez', 'jim miller')",1,0.5893794380981784,1.6024096385542168,historical_import_fallback,1,zewnetrzne,us,2025-07-27 09:10:07.798897+00:00,pair_not_found,
http://ufcstats.com/fight-details/f2b407019b2a5c15,2024-01-13,Magomed Ankalaev,Johnny Walker,magomed ankalaev,johnny walker,"('johnny walker', 'magomed ankalaev')",1,0.8042929292929294,1.1923076923076923,historical_import_fallback,1,zewnetrzne,us,2025-07-27 09:10:07.798897+00:00,pair_not_found,
http://ufcstats.com/fight-details/d0d99889c6abd8e1,2024-01-13,Phil Hawes,Brunno Ferreira,phil hawes,brunno ferreira,"('brunno ferreira', 'phil hawes')",2,0.5587970466414551,1.6896551724137931,historical_import_fallback,1,zewnetrzne,us,2025-07-27 09:10:07.798897+00:00,pair_not_found,
http://ufcstats.com/fight-details/5f622d812b8f407f,2024-01-13,Matthew Semelsberger,Preston Parsons,matthew semelsberger,preston parsons,"('matthew semelsberger', 'preston parsons')",1,0.5306122448979592,1.7692307692307692,historical_import_fallback,1,zewnetrzne,us,2025-07-27 09:10:07.798897+00:00,pair_not_found,
http://ufcstats.com/fight-details/7736eb6bd5c1ff4a,2024-01-20,Jasmine Jasudavicius,Priscila Cachoeira,jasmine jasudavicius,priscila cachoeira,"('jasmine jasudavicius', 'priscila cachoeira')",1,0.7768331562167907,1.2352941176470589,historical_import_fallback,1,zewnetrzne,us,2025-07-27 09:10:07.798897+00:00,pair_not_found,
http://ufcstats.com/fight-details/43d90683078fcee5,2024-01-20,Serhiy Sidey,Ramon Taveras,serhiy sidey,ramon taveras,"('ramon taveras', 'serhiy sidey')",1,0.6369041816941222,1.5050505050505052,historical_import_fallback,1,zewnetrzne,us,2025-07-27 09:10:07.798897+00:00,pair_not_found,
http://ufcstats.com/fight-details/331ddc1141e934d1,2024-01-20,Charles Jourdain,Sean Woodson,charles jourdain,sean woodson,"('charles jourdain', 'sean woodson')",1,0.6574752261956053,1.4587155963302751,historical_import_fallback,1,zewnetrzne,us,2025-07-27 09:10:07.798897+00:00,pair_not_found,
http://ufcstats.com/fight-details/a10e2d5416972b9c,2024-01-20,Yohan Lainesse,Sam Patterson,yohan lainesse,sam patterson,"('sam patterson', 'yohan lainesse')",1,0.5634920634920635,1.704225352112676,historical_import_fallback,1,zewnetrzne,us,2025-07-27 09:10:07.798897+00:00,pair_not_found,
http://ufcstats.com/fight-details/faf15b752fb8924c,2024-01-20,Raquel Pennington,Mayra Bueno Silva,raquel pennington,mayra bueno silva,"('mayra bueno silva', 'raquel pennington')",2,0.6037569709421777,1.5882352941176472,historical_import_fallback,1,zewnetrzne,us,2025-07-27 09:10:07.798897+00:00,pair_not_found,
http://ufcstats.com/fight-details/ba5005d1116fa45f,2024-01-20,Chris Curtis,Marc-Andre Barriault,chris curtis,marc andre barriault,"('chris curtis', 'marc andre barriault')",1,0.6092362344582594,1.5714285714285714,historical_import_fallback,1,zewnetrzne,us,2025-07-27 09:10:07.798897+00:00,pair_not_found,
http://ufcstats.com/fight-details/733e675fd7c0052a,2024-02-03,Renato Moicano,Drew Dober,renato moicano,drew dober,"('drew dober', 'renato moicano')",1,0.644729178800233,1.4878048780487805,historical_import_fallback,1,zewnetrzne,us,2025-07-27 09:10:07.798897+00:00,pair_not_found,
http://ufcstats.com/fight-details/af6d56860ba4d259,2024-02-03,Randy Brown,Muslim Salikhov,randy brown,muslim salikhov,"('muslim salikhov', 'randy brown')",1,0.6957699520733487,1.3773584905660377,historical_import_fallback,1,zewnetrzne,us,2025-07-27 09:10:07.798897+00:00,pair_not_found,
http://ufcstats.com/fight-details/330d86bfaa4155fe,2024-02-03,Gilbert Urbina,Charles Radtke,gilbert urbina,charles radtke,"('charles radtke', 'gilbert urbina')",1,0.6574752261956053,1.4587155963302751,historical_import_fallback,1,zewnetrzne,us,2025-07-27 09:10:07.798897+00:00,pair_not_found,
http://ufcstats.com/fight-details/767ceb4a0cb43ade,2024-02-03,Roman Dolidze,Nassourdine Imavov,roman dolidze,nassourdine imavov,"('nassourdine imavov', 'roman dolidze')",2,0.6164383561643835,1.5555555555555556,historical_import_fallback,1,zewnetrzne,us,2025-07-27 09:10:07.798897+00:00,pair_not_found,
http://ufcstats.com/fight-details/9d8473ae274ed625,2024-02-10,Rodolfo Vieira,Armen Petrosyan,rodolfo vieira,armen petrosyan,"('armen petrosyan', 'rodolfo vieira')",2,0.5108342361863489,1.869565217391304,historical_import_fallback,1,zewnetrzne,us,2025-07-27 09:10:07.798897+00:00,pair_not_found,
http://ufcstats.com/fight-details/25259e230be9cdc9,2024-02-10,Dan Ige,Andre Fili,dan ige,andre fili,"('andre fili', 'dan ige')",1,0.6224665518611737,1.5405405405405406,historical_import_fallback,1,zewnetrzne,us,2025-07-27 09:10:07.798897+00:00,pair_not_found,
http://ufcstats.com/fight-details/5304956aada097e8,2024-02-10,Michael Johnson,Darrius Flowers,michael johnson,darrius flowers,"('darrius flowers', 'michael johnson')",1,0.5829926410466068,1.6451612903225803,historical_import_fallback,1,zewnetrzne,us,2025-07-27 09:10:07.798897+00:00,pair_not_found,
http://ufcstats.com/fight-details/e7938bac3ec8b442,2024-02-10,Brad Tavares,Gregory Rodrigues,brad tavares,gregory rodrigues,"('brad tavares', 'gregory rodrigues')",2,0.6690070210631895,1.434782608695652,historical_import_fallback,1,zewnetrzne,us,2025-07-27 09:10:07.798897+00:00,pair_not_found,
http://ufcstats.com/fight-details/9ddaa62cc806958d,2024-02-17,Oban Elliott,Val Woodburn,oban elliott,val woodburn,"('oban elliott', 'val woodburn')",1,0.76,1.263157894736842,historical_import_fallback,1,zewnetrzne,us,2025-07-27 09:10:07.798897+00:00,pair_not_found,
http://ufcstats.com/fight-details/e92fb5c609e20b49,2024-02-17,Rinya Nakamura,Carlos Vera,rinya nakamura,carlos vera,"('carlos vera', 'rinya nakamura')",1,0.8988580750407832,1.0689655172413792,historical_import_fallback,1,zewnetrzne,us,2025-07-27 09:10:07.798897+00:00,pair_not_found,
http://ufcstats.com/fight-details/f87a3fa07f0009c9,2024-02-17,Anthony Hernandez,Roman Kopylov,anthony hernandez,roman kopylov,"('anthony hernandez', 'roman kopylov')",1,0.6574752261956053,1.4587155963302751,historical_import_fallback,1,zewnetrzne,us,2025-07-27 09:10:07.798897+00:00,pair_not_found,
http://ufcstats.com/fight-details/aeb3e4d9710207a4,2024-02-17,Zhang Mingyang,Brendson Ribeiro,zhang mingyang,brendson ribeiro,"('brendson ribeiro', 'zhang mingyang')",1,0.5,1.9090909090909087,historical_import_fallback,1,zewnetrzne,us,2025-07-27 09:10:07.798897+00:00,pair_not_found,
http://ufcstats.com/fight-details/ef13ed466e0b42d8,2024-02-17,Josh Quinlan,Danny Barlow,josh quinlan,danny barlow,"('danny barlow', 'josh quinlan')",2,0.6369041816941222,1.5050505050505052,historical_import_fallback,1,zewnetrzne,us,2025-07-27 09:10:07.798897+00:00,pair_not_found,
http://ufcstats.com/fight-details/bec3154a11df3299,2024-02-17,Alexander Volkanovski,Ilia Topuria,alexander volkanovski,ilia topuria,"('alexander volkanovski', 'ilia topuria')",1,0.5634920634920635,1.704225352112676,historical_import_fallback,1,zewnetrzne,us,2025-07-27 09:10:07.798897+00:00,pair_not_found,
http://ufcstats.com/fight-details/8fb0092430448368,2024-02-17,Geoff Neal,Ian Machado Garry,geoff neal,ian machado garry,"('geoff neal', 'ian machado garry')",2,0.690792883054068,1.3875968992248062,historical_import_fallback,1,zewnetrzne,us,2025-07-27 09:10:07.798897+00:00,pair_not_found,
http://ufcstats.com/fight-details/a376f6d5806d0c90,2024-02-24,Claudio Puelles,Fares Ziam,claudio puelles,fares ziam,"('claudio puelles', 'fares ziam')",2,0.6574752261956054,1.4587155963302751,historical_import_fallback,1,zewnetrzne,us,2025-07-27 09:10:07.798897+00:00,pair_not_found,
http://ufcstats.com/fight-details/50dae6b76c9c6490,2024-02-24,Erik Silva,Muhammad Naimov,erik silva,muhammad naimov,"('erik silva', 'muhammad naimov')",2,0.8118668596237337,1.181818181818182,historical_import_fallback,1,zewnetrzne,us,2025-07-27 09:10:07.798897+00:00,pair_not_found,
http://ufcstats.com/fight-details/d1d3b6ab8a56e973,2024-02-24,Jesus Aguilar,Mateus Mendonca,jesus aguilar,mateus mendonca,"('jesus aguilar', 'mateus mendonca')",2,0.551441114716549,1.7407407407407407,historical_import_fallback,1,zewnetrzne,us,2025-07-27 09:10:07.798897+00:00,pair_not_found,
http://ufcstats.com/fight-details/ecbece0cbd60029e,2024-02-24,Daniel Zellhuber,Francisco Prado,daniel zellhuber,francisco prado,"('daniel zellhuber', 'francisco prado')",1,0.7408716136631331,1.2941176470588236,historical_import_fallback,1,zewnetrzne,us,2025-07-27 09:10:07.798897+00:00,pair_not_found,
http://ufcstats.com/fight-details/3b05a4ced6dd74f5,2024-02-24,Yair Rodriguez,Brian Ortega,yair rodriguez,brian ortega,"('brian ortega', 'yair rodriguez')",1,0.5996387718242023,1.6024096385542168,historical_import_fallback,1,zewnetrzne,us,2025-07-27 09:10:07.798897+00:00,pair_not_found,
http://ufcstats.com/fight-details/df3cc5ec78d05a71,2024-03-02,Vitor Petrino,Tyson Pedro,vitor petrino,tyson pedro,"('tyson pedro', 'vitor petrino')",1,0.786743515850144,1.21978021978022,historical_import_fallback,1,zewnetrzne,us,2025-07-27 09:10:07.798897+00:00,pair_not_found,
http://ufcstats.com/fight-details/4e566db7d26df001,2024-03-02,Ludovit Klein,AJ Cunningham,ludovit klein,aj cunningham,"('aj cunningham', 'ludovit klein')",1,0.7894736842105263,2.4,historical_import_fallback,1,zewnetrzne,us,2025-07-27 09:10:07.798897+00:00,pair_not_found,
http://ufcstats.com/fight-details/cde2f88251b73305,2024-03-02,Vinicius Oliveira,Benardo Sopaj,vinicius oliveira,benardo sopaj,"('benardo sopaj', 'vinicius oliveira')",1,0.5765973826020016,1.5714285714285714,historical_import_fallback,1,zewnetrzne,us,2025-07-27 09:10:07.798897+00:00,pair_not_found,
http://ufcstats.com/fight-details/f0a9dfbb6f6ac852,2024-03-09,Michel Pereira,Michal Oleksiejczuk,michel pereira,michal oleksiejczuk,"('michal oleksiejczuk', 'michel pereira')",1,0.5829926410466068,1.6451612903225803,historical_import_fallback,1,zewnetrzne,us,2025-07-27 09:10:07.798897+00:00,pair_not_found,
http://ufcstats.com/fight-details/cbdf29f36b343f6f,2024-03-09,Robelis Despaigne,Josh Parisian,robelis despaigne,josh parisian,"('josh parisian', 'robelis despaigne')",1,0.7571884984025559,1.2666666666666666,historical_import_fallback,1,zewnetrzne,us,2025-07-27 09:10:07.798897+00:00,pair_not_found,
http://ufcstats.com/fight-details/6e73ebbd089aff5e,2024-03-09,Dustin Poirier,Benoit Saint Denis,dustin poirier,benoit saint denis,"('benoit saint denis', 'dustin poirier')",2,0.6574752261956054,1.4587155963302751,historical_import_fallback,1,zewnetrzne,us,2025-07-27 09:10:07.798897+00:00,pair_not_found,
http://ufcstats.com/fight-details/33658a3ca932d15d,2024-03-09,Katlyn Cerminara,Maycee Barber,katlyn cerminara,maycee barber,"('katlyn cerminara', 'maycee barber')",2,0.6224665518611736,1.5405405405405406,historical_import_fallback,1,zewnetrzne,us,2025-07-27 09:10:07.798897+00:00,pair_not_found,
http://ufcstats.com/fight-details/9861b6d04e6ed43c,2024-03-09,Petr Yan,Song Yadong,petr yan,song yadong,"('petr yan', 'song yadong')",1,0.5829926410466068,1.6451612903225803,historical_import_fallback,1,zewnetrzne,us,2025-07-27 09:10:07.798897+00:00,pair_not_found,
http://ufcstats.com/fight-details/0133019a4f1055ee,2024-03-09,Curtis Blaydes,Jailton Almeida,curtis blaydes,jailton almeida,"('curtis blaydes', 'jailton almeida')",2,0.551441114716549,1.7407407407407407,historical_import_fallback,1,zewnetrzne,us,2025-07-27 09:10:07.798897+00:00,pair_not_found,
http://ufcstats.com/fight-details/35f9beb94b4ef9e2,2024-03-16,Ovince Saint Preux,Kennedy Nzechukwu,ovince saint preux,kennedy nzechukwu,"('kennedy nzechukwu', 'ovince saint preux')",2,0.827123695976155,1.16,historical_import_fallback,1,zewnetrzne,us,2025-07-27 09:10:07.798897+00:00,pair_not_found,
http://ufcstats.com/fight-details/72f123ddb4cc9d1c,2024-03-23,Billy Quarantillo,Youssef Zalal,billy quarantillo,youssef zalal,"('billy quarantillo', 'youssef zalal')",2,0.5427435387673956,1.7692307692307692,historical_import_fallback,1,zewnetrzne,us,2025-07-27 09:10:07.798897+00:00,pair_not_found,
http://ufcstats.com/fight-details/faf19712bd7ea41e,2024-03-23,Amanda Ribas,Rose Namajunas,amanda ribas,rose namajunas,"('amanda ribas', 'rose namajunas')",2,0.6574752261956054,1.4587155963302751,historical_import_fallback,1,zewnetrzne,us,2025-07-27 09:10:07.798897+00:00,pair_not_found,
http://ufcstats.com/fight-details/cd6452a463ec8a28,2024-03-23,Karl Williams,Justin Tafa,karl williams,justin tafa,"('justin tafa', 'karl williams')",1,0.644729178800233,1.4878048780487805,historical_import_fallback,1,zewnetrzne,us,2025-07-27 09:10:07.798897+00:00,pair_not_found,
http://ufcstats.com/fight-details/0e6782b758451063,2024-03-23,Jarno Errens,Steven Nguyen,jarno errens,steven nguyen,"('jarno errens', 'steven nguyen')",2,0.5933697541594238,1.617283950617284,historical_import_fallback,1,zewnetrzne,us,2025-07-27 09:10:07.798897+00:00,pair_not_found,
http://ufcstats.com/fight-details/d564e3a6c77d0c85,2024-03-23,Edmen Shahbazyan,AJ Dobson,edmen shahbazyan,aj dobson,"('aj dobson', 'edmen shahbazyan')",1,0.6309403437815975,1.5208333333333337,historical_import_fallback,1,zewnetrzne,us,2025-07-27 09:10:07.798897+00:00,pair_not_found,
http://ufcstats.com/fight-details/127be512f86618b2,2024-03-23,Payton Talbott,Cameron Saaiman,payton talbott,cameron saaiman,"('cameron saaiman', 'payton talbott')",1,0.593369754159424,1.617283950617284,historical_import_fallback,1,zewnetrzne,us,2025-07-27 09:10:07.798897+00:00,pair_not_found,
http://ufcstats.com/fight-details/f1c3abce15ef053e,2024-03-23,Montserrat Rendon,Daria Zhelezniakova,montserrat rendon,daria zhelezniakova,"('daria zhelezniakova', 'montserrat rendon')",2,0.7220792588780236,1.3278688524590163,historical_import_fallback,1,zewnetrzne,us,2025-07-27 09:10:07.798897+00:00,pair_not_found,
http://ufcstats.com/fight-details/e6d4fdad2b3422d1,2024-03-30,Erin Blanchfield,Manon Fiorot,erin blanchfield,manon fiorot,"('erin blanchfield', 'manon fiorot')",1,0.6574752261956053,1.4587155963302751,historical_import_fallback,1,zewnetrzne,us,2025-07-27 09:10:07.798897+00:00,pair_not_found,
http://ufcstats.com/fight-details/976abc27a4e5e26a,2024-03-30,Julio Arce,Herbert Burns,julio arce,herbert burns,"('herbert burns', 'julio arce')",1,0.7408716136631331,1.2941176470588236,historical_import_fallback,1,zewnetrzne,us,2025-07-27 09:10:07.798897+00:00,pair_not_found,
http://ufcstats.com/fight-details/91aa08e910fb4412,2024-03-30,Bill Algeo,Kyle Nelson,bill algeo,kyle nelson,"('bill algeo', 'kyle nelson')",1,0.7179705215419501,1.3355704697986577,historical_import_fallback,1,zewnetrzne,us,2025-07-27 09:10:07.798897+00:00,pair_not_found,
http://ufcstats.com/fight-details/77992b8727382373,2024-03-30,Chris Weidman,Bruno Silva,chris weidman,bruno silva,"('bruno silva', 'chris weidman')",2,0.6092362344582594,1.5714285714285714,historical_import_fallback,1,zewnetrzne,us,2025-07-27 09:10:07.798897+00:00,pair_not_found,
http://ufcstats.com/fight-details/99dc6d45cbdfa322,2024-03-30,Virna Jandiroba,Loopy Godinez,virna jandiroba,loopy godinez,"('loopy godinez', 'virna jandiroba')",2,0.6574752261956054,1.4587155963302751,historical_import_fallback,1,zewnetrzne,us,2025-07-27 09:10:07.798897+00:00,pair_not_found,
http://ufcstats.com/fight-details/697e38075fd41819,2024-03-30,Ibo Aslan,Anton Turkalj,ibo aslan,anton turkalj,"('anton turkalj', 'ibo aslan')",1,0.5427435387673957,1.7692307692307692,historical_import_fallback,1,zewnetrzne,us,2025-07-27 09:10:07.798897+00:00,pair_not_found,
http://ufcstats.com/fight-details/3ce96bb0c69b39be,2024-04-06,Brendan Allen,Chris Curtis,brendan allen,chris curtis,"('brendan allen', 'chris curtis')",1,0.6636481241914618,1.4444444444444444,historical_import_fallback,1,zewnetrzne,us,2025-07-27 09:10:07.798897+00:00,pair_not_found,
http://ufcstats.com/fight-details/1685eecc7ef37fb5,2024-04-06,Melissa Mullins,Nora Cornolle,melissa mullins,nora cornolle,"('melissa mullins', 'nora cornolle')",1,0.7508125677139762,1.2777777777777777,historical_import_fallback,1,zewnetrzne,us,2025-07-27 09:10:07.798897+00:00,pair_not_found,
http://ufcstats.com/fight-details/32375b4435fea5e6,2024-04-06,Morgan Charriere,Chepe Mariscal,morgan charriere,chepe mariscal,"('chepe mariscal', 'morgan charriere')",1,0.5634920634920635,1.704225352112676,historical_import_fallback,1,zewnetrzne,us,2025-07-27 09:10:07.798897+00:00,pair_not_found,
http://ufcstats.com/fight-details/47f8812a335b6ce9,2024-04-06,Trevor Peek,Charlie Campbell,trevor peek,charlie campbell,"('charlie campbell', 'trevor peek')",2,0.5829926410466068,1.6451612903225803,historical_import_fallback,1,zewnetrzne,us,2025-07-27 09:10:07.798897+00:00,pair_not_found,
http://ufcstats.com/fight-details/0b9cd718d7e329e8,2024-04-06,Court McGee,Alex Morono,court mcgee,alex morono,"('alex morono', 'court mcgee')",2,0.7508125677139762,1.2777777777777777,historical_import_fallback,1,zewnetrzne,us,2025-07-27 09:10:07.798897+00:00,pair_not_found,
http://ufcstats.com/fight-details/d95f21817a56eb05,2024-04-13,Calvin Kattar,Aljamain Sterling,calvin kattar,aljamain sterling,"('aljamain sterling', 'calvin kattar')",2,0.6224665518611736,1.5405405405405406,historical_import_fallback,1,zewnetrzne,us,2025-07-27 09:10:07.798897+00:00,pair_not_found,
http://ufcstats.com/fight-details/66eddbe35056c06d,2024-04-13,Zhang Weili,Yan Xiaonan,zhang weili,yan xiaonan,"('yan xiaonan', 'zhang weili')",1,0.786743515850144,1.21978021978022,historical_import_fallback,1,zewnetrzne,us,2025-07-27 09:10:07.798897+00:00,pair_not_found,
http://ufcstats.com/fight-details/01f7c28804746979,2024-04-13,Charles Oliveira,Arman Tsarukyan,charles oliveira,arman tsarukyan,"('arman tsarukyan', 'charles oliveira')",2,0.6653336139760051,1.4587155963302751,historical_import_fallback,1,zewnetrzne,us,2025-07-27 09:10:07.798897+00:00,pair_not_found,
http://ufcstats.com/fight-details/eda1e8c285a0a788,2024-04-13,Jiri Prochazka,Aleksandar Rakic,jiri prochazka,aleksandar rakic,"('aleksandar rakic', 'jiri prochazka')",2,0.5324675324675324,1.8,historical_import_fallback,1,zewnetrzne,us,2025-07-27 09:10:07.798897+00:00,pair_not_found,
http://ufcstats.com/fight-details/cf5e8f98159c3971,2024-04-13,Justin Gaethje,Max Holloway,justin gaethje,max holloway,"('justin gaethje', 'max holloway')",1,0.6224665518611737,1.5405405405405406,historical_import_fallback,1,zewnetrzne,us,2025-07-27 09:10:07.798897+00:00,pair_not_found,
http://ufcstats.com/fight-details/0a85b3ad328205ff,2024-04-27,James Llontop,Chris Padilla,james llontop,chris padilla,"('chris padilla', 'james llontop')",1,0.786743515850144,1.21978021978022,historical_import_fallback,1,zewnetrzne,us,2025-07-27 09:10:07.798897+00:00,pair_not_found,
http://ufcstats.com/fight-details/0976778a6e6cf8a8,2024-04-27,Gabriel Benitez,Maheshate,gabriel benitez,maheshate,"('gabriel benitez', 'maheshate')",2,0.6690070210631895,1.434782608695652,historical_import_fallback,1,zewnetrzne,us,2025-07-27 09:10:07.798897+00:00,pair_not_found,
http://ufcstats.com/fight-details/6ea77cb62aa2f276,2024-04-27,Tim Means,Uros Medic,tim means,uros medic,"('tim means', 'uros medic')",2,0.6955128205128205,1.3571428571428572,historical_import_fallback,1,zewnetrzne,us,2025-07-27 09:10:07.798897+00:00,pair_not_found,
http://ufcstats.com/fight-details/3e74caa9fff4a5eb,2024-05-04,Michel Pereira,Ihor Potieria,michel pereira,ihor potieria,"('ihor potieria', 'michel pereira')",1,0.7957758771164253,1.2061855670103092,historical_import_fallback,1,zewnetrzne,us,2025-07-27 09:10:07.798897+00:00,pair_not_found,
http://ufcstats.com/fight-details/2faf5b8d708f8e94,2024-05-04,Joaquim Silva,Drakkar Klose,joaquim silva,drakkar klose,"('drakkar klose', 'joaquim silva')",2,0.6287128712871288,1.5,historical_import_fallback,1,zewnetrzne,us,2025-07-27 09:10:07.798897+00:00,pair_not_found,
http://ufcstats.com/fight-details/2db0998b24c11ea0,2024-05-04,Paul Craig,Caio Borralho,paul craig,caio borralho,"('caio borralho', 'paul craig')",2,0.8042929292929293,1.1923076923076923,historical_import_fallback,1,zewnetrzne,us,2025-07-27 09:10:07.798897+00:00,pair_not_found,
http://ufcstats.com/fight-details/a8718a3419a11e15,2024-05-04,Anthony Smith,Vitor Petrino,anthony smith,vitor petrino,"('anthony smith', 'vitor petrino')",2,0.771505376344086,1.2439024390243902,historical_import_fallback,1,zewnetrzne,us,2025-07-27 09:10:07.798897+00:00,pair_not_found,
http://ufcstats.com/fight-details/c84a29f426f1aab7,2024-05-04,Karolina Kowalkiewicz,Iasmin Lucindo,karolina kowalkiewicz,iasmin lucindo,"('iasmin lucindo', 'karolina kowalkiewicz')",2,0.7477827050997783,1.2816901408450705,historical_import_fallback,1,zewnetrzne,us,2025-07-27 09:10:07.798897+00:00,pair_not_found,
http://ufcstats.com/fight-details/8aa07b6cc40f0cb2,2024-05-11,Alex Caceres,Sean Woodson,alex caceres,sean woodson,"('alex caceres', 'sean woodson')",2,0.7055341817105653,1.3355704697986577,historical_import_fallback,1,zewnetrzne,us,2025-07-27 09:10:07.798897+00:00,pair_not_found,
http://ufcstats.com/fight-details/ccf3b6eda4c2a564,2024-05-11,JJ Aldrich,Veronica Hardy,jj aldrich,veronica hardy,"('jj aldrich', 'veronica hardy')",2,0.5173641257162701,1.847457627118644,historical_import_fallback,1,zewnetrzne,us,2025-07-27 09:10:07.798897+00:00,pair_not_found,
http://ufcstats.com/fight-details/ec5d705232983b87,2024-05-11,Billy Ray Goff,Trey Waters,billy ray goff,trey waters,"('billy ray goff', 'trey waters')",2,0.5893794380981785,1.6024096385542168,historical_import_fallback,1,zewnetrzne,us,2025-07-27 09:10:07.798897+00:00,pair_not_found,
http://ufcstats.com/fight-details/20220ace492af368,2024-05-18,Themba Gorimbo,Ramiz Brahimaj,themba gorimbo,ramiz brahimaj,"('ramiz brahimaj', 'themba gorimbo')",1,0.5260865852617197,1.819672131147541,historical_import_fallback,1,zewnetrzne,us,2025-07-27 09:10:07.798897+00:00,pair_not_found,
http://ufcstats.com/fight-details/85ddb65429a9d517,2024-05-18,Khaos Williams,Carlston Harris,khaos williams,carlston harris,"('carlston harris', 'khaos williams')",1,0.5260865852617197,1.819672131147541,historical_import_fallback,1,zewnetrzne,us,2025-07-27 09:10:07.798897+00:00,pair_not_found,
http://ufcstats.com/fight-details/17aa636aa98678d3,2024-05-18,Edson Barboza,Lerone Murphy,edson barboza,lerone murphy,"('edson barboza', 'lerone murphy')",2,0.5893794380981785,1.6024096385542168,historical_import_fallback,1,zewnetrzne,us,2025-07-27 09:10:07.798897+00:00,pair_not_found,
http://ufcstats.com/fight-details/3b12094dd48c2dc5,2024-06-08,Julian Marquez,Zachary Reese,julian marquez,zachary reese,"('julian marquez', 'zachary reese')",1,0.558797046641455,1.6896551724137931,historical_import_fallback,1,zewnetrzne,us,2025-07-27 09:10:07.798897+00:00,missing_dob,
http://ufcstats.com/fight-details/dcc0c53100fa1dd2,2024-06-08,Brunno Ferreira,Dustin Stoltzfus,brunno ferreira,dustin stoltzfus,"('brunno ferreira', 'dustin stoltzfus')",1,0.7095435684647303,1.350877192982456,historical_import_fallback,1,zewnetrzne,us,2025-07-27 09:10:07.798897+00:00,pair_not_found,
http://ufcstats.com/fight-details/052f53e006b28132,2024-06-08,Jared Cannonier,Nassourdine Imavov,jared cannonier,nassourdine imavov,"('jared cannonier', 'nassourdine imavov')",2,0.5427435387673956,1.7692307692307692,historical_import_fallback,1,zewnetrzne,us,2025-07-27 09:10:07.798897+00:00,pair_not_found,
http://ufcstats.com/fight-details/94f5b35b2b6c72b1,2024-06-15,Melquizael Costa,Shayilan Nuerdanbieke,melquizael costa,shayilan nuerdanbieke,"('melquizael costa', 'shayilan nuerdanbieke')",1,0.6634806849860614,1.4201680672268908,historical_import_fallback,1,zewnetrzne,us,2025-07-27 09:10:07.798897+00:00,pair_not_found,
http://ufcstats.com/fight-details/78a7bf038e56881d,2024-06-15,Timmy Cuamba,Lucas Almeida,timmy cuamba,lucas almeida,"('lucas almeida', 'timmy cuamba')",1,0.6369041816941222,1.5050505050505052,historical_import_fallback,1,zewnetrzne,us,2025-07-27 09:10:07.798897+00:00,pair_not_found,
http://ufcstats.com/fight-details/6f31285305881fe3,2024-06-15,Jimmy Flick,Nate Maness,jimmy flick,nate maness,"('jimmy flick', 'nate maness')",2,0.8284518828451883,1.1388888888888888,historical_import_fallback,1,zewnetrzne,us,2025-07-27 09:10:07.798897+00:00,pair_not_found,
http://ufcstats.com/fight-details/06713afc60301c0c,2024-06-15,Josefine Knutsson,Julia Polastri,josefine knutsson,julia polastri,"('josefine knutsson', 'julia polastri')",1,0.6439672223792031,1.4651162790697674,historical_import_fallback,1,zewnetrzne,us,2025-07-27 09:10:07.798897+00:00,pair_not_found,
http://ufcstats.com/fight-details/fbbf5391ea25521b,2024-06-22,Shara Magomedov,Antonio Trocoli,shara magomedov,antonio trocoli,"('antonio trocoli', 'shara magomedov')",1,0.8422876949740034,1.123456790123457,historical_import_fallback,1,zewnetrzne,us,2025-07-27 09:10:07.798897+00:00,pair_not_found,
http://ufcstats.com/fight-details/8bd5f20f49434c65,2024-06-22,Muhammad Naimov,Felipe Lima,muhammad naimov,felipe lima,"('felipe lima', 'muhammad naimov')",1,0.551441114716549,1.7407407407407407,historical_import_fallback,1,zewnetrzne,us,2025-07-27 09:10:07.798897+00:00,pair_not_found,
http://ufcstats.com/fight-details/8ddd53a7ed3754d5,2024-06-22,Kelvin Gastelum,Daniel Rodriguez,kelvin gastelum,daniel rodriguez,"('daniel rodriguez', 'kelvin gastelum')",1,0.6498905908096281,1.4545454545454546,historical_import_fallback,1,zewnetrzne,us,2025-07-27 09:10:07.798897+00:00,pair_not_found,
http://ufcstats.com/fight-details/eba46dbf9cdd83c0,2024-06-22,Robert Whittaker,Ikram Aliskerov,robert whittaker,ikram aliskerov,"('ikram aliskerov', 'robert whittaker')",1,0.5306122448979592,1.7692307692307692,historical_import_fallback,1,zewnetrzne,us,2025-07-27 09:10:07.798897+00:00,pair_not_found,
http://ufcstats.com/fight-details/774fb0c0c1c2bc6a,2024-06-22,Nasrat Haqparast,Jared Gordon,nasrat haqparast,jared gordon,"('jared gordon', 'nasrat haqparast')",1,0.6853932584269663,1.4,historical_import_fallback,1,zewnetrzne,us,2025-07-27 09:10:07.798897+00:00,pair_not_found,
http://ufcstats.com/fight-details/daa6b47be304ec86,2024-06-29,Joe Pyfer,Marc-Andre Barriault,joe pyfer,marc andre barriault,"('joe pyfer', 'marc andre barriault')",1,0.7307110438729199,1.289855072463768,historical_import_fallback,1,zewnetrzne,us,2025-07-27 09:10:07.798897+00:00,pair_not_found,
http://ufcstats.com/fight-details/a571c622ab89b3d9,2024-06-29,Mayra Bueno Silva,Macy Chiasson,mayra bueno silva,macy chiasson,"('macy chiasson', 'mayra bueno silva')",2,0.5203045685279188,1.8,historical_import_fallback,1,zewnetrzne,us,2025-07-27 09:10:07.798897+00:00,pair_not_found,
http://ufcstats.com/fight-details/5f8a92f10e5451ce,2024-06-29,Payton Talbott,Yanis Ghemmouri,payton talbott,yanis ghemmouri,"('payton talbott', 'yanis ghemmouri')",1,0.8998646820027064,1.0571428571428572,historical_import_fallback,1,zewnetrzne,us,2025-07-27 09:10:07.798897+00:00,pair_not_found,
http://ufcstats.com/fight-details/bf878c083a6b30ad,2024-06-29,Anthony Smith,Roman Dolidze,anthony smith,roman dolidze,"('anthony smith', 'roman dolidze')",2,0.5587970466414551,1.6896551724137931,historical_import_fallback,1,zewnetrzne,us,2025-07-27 09:10:07.798897+00:00,pair_not_found,
http://ufcstats.com/fight-details/fbf77262d8da342b,2024-06-29,Ian Machado Garry,Michael Page,ian machado garry,michael page,"('ian machado garry', 'michael page')",1,0.6287128712871286,1.5,historical_import_fallback,1,zewnetrzne,us,2025-07-27 09:10:07.798897+00:00,pair_not_found,
http://ufcstats.com/fight-details/08489fdfb56ee19c,2024-06-29,Cub Swanson,Andre Fili,cub swanson,andre fili,"('andre fili', 'cub swanson')",2,0.6634806849860613,1.4201680672268908,historical_import_fallback,1,zewnetrzne,us,2025-07-27 09:10:07.798897+00:00,pair_not_found,
http://ufcstats.com/fight-details/1394ce1832ddefe0,2024-07-13,Rose Namajunas,Tracy Cortez,rose namajunas,tracy cortez,"('rose namajunas', 'tracy cortez')",1,0.6864406779661018,1.3703703703703702,historical_import_fallback,1,zewnetrzne,us,2025-07-27 09:10:07.798897+00:00,pair_not_found,
http://ufcstats.com/fight-details/582afc25875911d1,2024-07-13,Jasmine Jasudavicius,Fatima Kline,jasmine jasudavicius,fatima kline,"('fatima kline', 'jasmine jasudavicius')",1,0.5795601552393274,1.625,historical_import_fallback,1,zewnetrzne,us,2025-07-27 09:10:07.798897+00:00,pair_not_found,
http://ufcstats.com/fight-details/dff8e4ef87d69516,2024-07-13,Santiago Ponzinibbio,Muslim Salikhov,santiago ponzinibbio,muslim salikhov,"('muslim salikhov', 'santiago ponzinibbio')",1,0.6152818594710127,1.5319148936170213,historical_import_fallback,1,zewnetrzne,us,2025-07-27 09:10:07.798897+00:00,pair_not_found,
http://ufcstats.com/fight-details/5eebde8fb4d67259,2024-07-13,Montel Jackson,Da'Mon Blackshear,montel jackson,da mon blackshear,"('da mon blackshear', 'montel jackson')",1,0.5108342361863489,1.869565217391304,historical_import_fallback,1,zewnetrzne,us,2025-07-27 09:10:07.798897+00:00,pair_not_found,
http://ufcstats.com/fight-details/6e6567a98ea78891,2024-07-20,JeongYeong Lee,Hyder Amil,jeongyeong lee,hyder amil,"('hyder amil', 'jeongyeong lee')",1,0.6574752261956053,1.4587155963302751,historical_import_fallback,1,zewnetrzne,us,2025-07-27 09:10:07.798897+00:00,pair_not_found,
http://ufcstats.com/fight-details/120ec60ad18cf6c5,2024-07-20,Steve Garcia,SeungWoo Choi,steve garcia,seungwoo choi,"('seungwoo choi', 'steve garcia')",1,0.6092362344582594,1.5714285714285714,historical_import_fallback,1,zewnetrzne,us,2025-07-27 09:10:07.798897+00:00,pair_not_found,
http://ufcstats.com/fight-details/ec8bc554a0646638,2024-07-20,Dooho Choi,Bill Algeo,dooho choi,bill algeo,"('bill algeo', 'dooho choi')",2,0.6690070210631895,1.434782608695652,historical_import_fallback,1,zewnetrzne,us,2025-07-27 09:10:07.798897+00:00,pair_not_found,
http://ufcstats.com/fight-details/45e6a9b56ee3a9d1,2024-07-27,Nathaniel Wood,Daniel Pineda,nathaniel wood,daniel pineda,"('daniel pineda', 'nathaniel wood')",1,0.7783132530120482,1.2105263157894737,historical_import_fallback,1,zewnetrzne,us,2025-07-27 09:10:07.798897+00:00,pair_not_found,
http://ufcstats.com/fight-details/ec434314c5438fc7,2024-07-27,Tom Aspinall,Curtis Blaydes,tom aspinall,curtis blaydes,"('curtis blaydes', 'tom aspinall')",1,0.7640449438202247,1.2352941176470589,historical_import_fallback,1,zewnetrzne,us,2025-07-27 09:10:07.798897+00:00,pair_not_found,
http://ufcstats.com/fight-details/8a2e28da18ba6a25,2024-07-27,Arnold Allen,Giga Chikadze,arnold allen,giga chikadze,"('arnold allen', 'giga chikadze')",1,0.700162074554295,1.3703703703703702,historical_import_fallback,1,zewnetrzne,us,2025-07-27 09:10:07.798897+00:00,pair_not_found,
http://ufcstats.com/fight-details/ec5163539a133f17,2024-07-27,Leon Edwards,Belal Muhammad,leon edwards,belal muhammad,"('belal muhammad', 'leon edwards')",1,0.6864406779661018,1.3703703703703702,historical_import_fallback,1,zewnetrzne,us,2025-07-27 09:10:07.798897+00:00,pair_not_found,
http://ufcstats.com/fight-details/b38450d9aa0f52b8,2024-08-03,Shara Magomedov,Michal Oleksiejczuk,shara magomedov,michal oleksiejczuk,"('michal oleksiejczuk', 'shara magomedov')",1,0.7307110438729199,1.289855072463768,historical_import_fallback,1,zewnetrzne,us,2025-07-27 09:10:07.798897+00:00,pair_not_found,
http://ufcstats.com/fight-details/d0d74672150ddea3,2024-08-03,Mackenzie Dern,Loopy Godinez,mackenzie dern,loopy godinez,"('loopy godinez', 'mackenzie dern')",1,0.550561797752809,1.7142857142857144,historical_import_fallback,1,zewnetrzne,us,2025-07-27 09:10:07.798897+00:00,pair_not_found,
http://ufcstats.com/fight-details/f80143e1f3c3d319,2024-08-03,Viktoriia Dudakova,Sam Hughes,viktoriia dudakova,sam hughes,"('sam hughes', 'viktoriia dudakova')",1,0.6571428571428573,1.434782608695652,historical_import_fallback,1,zewnetrzne,us,2025-07-27 09:10:07.798897+00:00,pair_not_found,
http://ufcstats.com/fight-details/2d39c26876246223,2024-08-03,Tony Ferguson,Michael Chiesa,tony ferguson,michael chiesa,"('michael chiesa', 'tony ferguson')",2,0.795134443021767,1.1851851851851851,historical_import_fallback,1,zewnetrzne,us,2025-07-27 09:10:07.798897+00:00,pair_not_found,
http://ufcstats.com/fight-details/e72a2130e7387637,2024-08-10,Damon Jackson,Chepe Mariscal,damon jackson,chepe mariscal,"('chepe mariscal', 'damon jackson')",2,0.6183206106870229,1.5555555555555556,historical_import_fallback,1,zewnetrzne,us,2025-07-27 09:10:07.798897+00:00,pair_not_found,
http://ufcstats.com/fight-details/3c319d4659e6c8fd,2024-08-17,Li Jingliang,Carlos Prates,li jingliang,carlos prates,"('carlos prates', 'li jingliang')",2,0.771505376344086,1.2439024390243902,historical_import_fallback,1,zewnetrzne,us,2025-07-27 09:10:07.798897+00:00,pair_not_found,
http://ufcstats.com/fight-details/bfff6cf22c1c569c,2024-08-17,Jack Jenkins,Herbert Burns,jack jenkins,herbert burns,"('herbert burns', 'jack jenkins')",1,0.8647058823529412,1.0952380952380951,historical_import_fallback,1,zewnetrzne,us,2025-07-27 09:10:07.798897+00:00,pair_not_found,
http://ufcstats.com/fight-details/43ebfc8914a39061,2024-08-17,Josh Culibao,Ricardo Ramos,josh culibao,ricardo ramos,"('josh culibao', 'ricardo ramos')",1,0.5407914020517831,1.7407407407407407,historical_import_fallback,1,zewnetrzne,us,2025-07-27 09:10:07.798897+00:00,pair_not_found,
http://ufcstats.com/fight-details/5c5523a6bf83e44f,2024-08-24,Robert Valentin,Ryan Loder,robert valentin,ryan loder,"('robert valentin', 'ryan loder')",1,0.5634920634920635,1.704225352112676,historical_import_fallback,1,zewnetrzne,us,2025-07-27 09:10:07.798897+00:00,pair_not_found,
http://ufcstats.com/fight-details/d2caa1ddb9de7481,2024-08-24,Zachary Reese,Jose Daniel Medina,zachary reese,jose daniel medina,"('jose daniel medina', 'zachary reese')",1,0.863013698630137,1.1111111111111112,historical_import_fallback,1,zewnetrzne,us,2025-07-27 09:10:07.798897+00:00,pair_not_found,
http://ufcstats.com/fight-details/ae50a1a655b1a8f6,2024-08-24,Neil Magny,Michael Morales,neil magny,michael morales,"('michael morales', 'neil magny')",2,0.863013698630137,1.1111111111111112,historical_import_fallback,1,zewnetrzne,us,2025-07-27 09:10:07.798897+00:00,pair_not_found,
http://ufcstats.com/fight-details/2cbd53e43d3f606b,2024-08-24,Edmen Shahbazyan,Gerald Meerschaert,edmen shahbazyan,gerald meerschaert,"('edmen shahbazyan', 'gerald meerschaert')",1,0.7335423197492164,1.3076923076923077,historical_import_fallback,1,zewnetrzne,us,2025-07-27 09:10:07.798897+00:00,pair_not_found,
http://ufcstats.com/fight-details/15805ae1eea3343e,2024-08-24,Jared Cannonier,Caio Borralho,jared cannonier,caio borralho,"('caio borralho', 'jared cannonier')",2,0.7335423197492162,1.3076923076923077,historical_import_fallback,1,zewnetrzne,us,2025-07-27 09:10:07.798897+00:00,pair_not_found,
http://ufcstats.com/fight-details/abfd5ac6cf186d8a,2024-09-07,Isaac Dulgarian,Brendon Marotte,isaac dulgarian,brendon marotte,"('brendon marotte', 'isaac dulgarian')",1,0.9197080291970803,1.0476190476190477,historical_import_fallback,1,zewnetrzne,us,2025-07-27 09:10:07.798897+00:00,pair_not_found,
http://ufcstats.com/fight-details/6e9876d2be2bbd02,2024-09-07,Yizha,Gabriel Santos,yizha,gabriel santos,"('gabriel santos', 'yizha')",2,0.700162074554295,1.3703703703703702,historical_import_fallback,1,zewnetrzne,us,2025-07-27 09:10:07.798897+00:00,pair_not_found,
http://ufcstats.com/fight-details/b80c6eba11c54778,2024-09-07,Rongzhu,Chris Padilla,rongzhu,chris padilla,"('chris padilla', 'rongzhu')",1,0.690792883054068,1.3875968992248062,historical_import_fallback,1,zewnetrzne,us,2025-07-27 09:10:07.798897+00:00,pair_not_found,
http://ufcstats.com/fight-details/6f83cfae0c800ef8,2024-09-14,Alexa Grasso,Valentina Shevchenko,alexa grasso,valentina shevchenko,"('alexa grasso', 'valentina shevchenko')",1,0.5427435387673957,1.7692307692307692,historical_import_fallback,1,zewnetrzne,us,2025-07-27 09:10:07.798897+00:00,pair_not_found,
http://ufcstats.com/fight-details/c60a317c7767abb7,2024-09-14,Yazmin Jauregui,Ketlen Souza,yazmin jauregui,ketlen souza,"('ketlen souza', 'yazmin jauregui')",1,0.8081570996978852,1.1869158878504673,historical_import_fallback,1,zewnetrzne,us,2025-07-27 09:10:07.798897+00:00,pair_not_found,
http://ufcstats.com/fight-details/7ca4c91bab696b89,2024-09-28,Renato Moicano,Benoit Saint Denis,renato moicano,benoit saint denis,"('benoit saint denis', 'renato moicano')",2,0.690792883054068,1.3875968992248062,historical_import_fallback,1,zewnetrzne,us,2025-07-27 09:10:07.798897+00:00,pair_not_found,
http://ufcstats.com/fight-details/62ff1e5deb124ff5,2024-09-28,Nassourdine Imavov,Brendan Allen,nassourdine imavov,brendan allen,"('brendan allen', 'nassourdine imavov')",1,0.6636481241914618,1.4444444444444444,historical_import_fallback,1,zewnetrzne,us,2025-07-27 09:10:07.798897+00:00,pair_not_found,
http://ufcstats.com/fight-details/7ba432e218edc17d,2024-09-28,Ailin Perez,Daria Zhelezniakova,ailin perez,daria zhelezniakova,"('ailin perez', 'daria zhelezniakova')",1,0.6805555555555556,1.4081632653061225,historical_import_fallback,1,zewnetrzne,us,2025-07-27 09:10:07.798897+00:00,pair_not_found,
http://ufcstats.com/fight-details/d806aacf5b6ba7f6,2024-09-28,Fares Ziam,Matt Frevola,fares ziam,matt frevola,"('fares ziam', 'matt frevola')",1,0.5324675324675325,1.8,historical_import_fallback,1,zewnetrzne,us,2025-07-27 09:10:07.798897+00:00,pair_not_found,
http://ufcstats.com/fight-details/eb73b63bbd7b88a7,2024-10-05,Marina Rodriguez,Iasmin Lucindo,marina rodriguez,iasmin lucindo,"('iasmin lucindo', 'marina rodriguez')",2,0.6224665518611736,1.5405405405405406,historical_import_fallback,1,zewnetrzne,us,2025-07-27 09:10:07.798897+00:00,pair_not_found,
http://ufcstats.com/fight-details/1d68bb733de24b06,2024-10-05,Raquel Pennington,Julianna Pena,raquel pennington,julianna pena,"('julianna pena', 'raquel pennington')",1,0.5829926410466068,1.6451612903225803,historical_import_fallback,1,zewnetrzne,us,2025-07-27 09:10:07.798897+00:00,pair_not_found,
http://ufcstats.com/fight-details/ed5b6681ab4e83e5,2024-10-05,Cesar Almeida,Ihor Potieria,cesar almeida,ihor potieria,"('cesar almeida', 'ihor potieria')",1,0.7999999999999999,1.2,historical_import_fallback,1,zewnetrzne,us,2025-07-27 09:10:07.798897+00:00,pair_not_found,
http://ufcstats.com/fight-details/5931cd9cf5da5f75,2024-10-05,Roman Dolidze,Kevin Holland,roman dolidze,kevin holland,"('kevin holland', 'roman dolidze')",2,0.5720596355604639,1.6756756756756757,historical_import_fallback,1,zewnetrzne,us,2025-07-27 09:10:07.798897+00:00,pair_not_found,
http://ufcstats.com/fight-details/98c29ba02cee5ba3,2024-10-12,Grant Dawson,Rafa Garcia,grant dawson,rafa garcia,"('grant dawson', 'rafa garcia')",1,0.76,1.263157894736842,historical_import_fallback,1,zewnetrzne,us,2025-07-27 09:10:07.798897+00:00,pair_not_found,
http://ufcstats.com/fight-details/57415110bd494c79,2024-10-12,Themba Gorimbo,Niko Price,themba gorimbo,niko price,"('niko price', 'themba gorimbo')",1,0.7135512302607419,1.3448275862068966,historical_import_fallback,1,zewnetrzne,us,2025-07-27 09:10:07.798897+00:00,pair_not_found,
http://ufcstats.com/fight-details/f690949d90ff1dee,2024-10-12,Daniel Rodriguez,Alex Morono,daniel rodriguez,alex morono,"('alex morono', 'daniel rodriguez')",1,0.6805555555555556,1.4081632653061225,historical_import_fallback,1,zewnetrzne,us,2025-07-27 09:10:07.798897+00:00,pair_not_found,
http://ufcstats.com/fight-details/f1cc9169813c4a3e,2024-10-12,CJ Vergara,Ramazan Temirov,cj vergara,ramazan temirov,"('cj vergara', 'ramazan temirov')",2,0.7179705215419501,1.3355704697986577,historical_import_fallback,1,zewnetrzne,us,2025-07-27 09:10:07.798897+00:00,pair_not_found,
http://ufcstats.com/fight-details/a2f2c64f9fb3fb1c,2024-10-19,Anthony Hernandez,Michel Pereira,anthony hernandez,michel pereira,"('anthony hernandez', 'michel pereira')",1,0.593369754159424,1.617283950617284,historical_import_fallback,1,zewnetrzne,us,2025-07-27 09:10:07.798897+00:00,pair_not_found,
http://ufcstats.com/fight-details/503d7342cc08109f,2024-10-19,Charles Johnson,Sumudaerji,charles johnson,sumudaerji,"('charles johnson', 'sumudaerji')",1,0.7220792588780237,1.3278688524590163,historical_import_fallback,1,zewnetrzne,us,2025-07-27 09:10:07.798897+00:00,pair_not_found,
http://ufcstats.com/fight-details/0599f35e6679de02,2024-10-19,Darren Elkins,Daniel Pineda,darren elkins,daniel pineda,"('daniel pineda', 'darren elkins')",1,0.6037569709421778,1.5882352941176472,historical_import_fallback,1,zewnetrzne,us,2025-07-27 09:10:07.798897+00:00,pair_not_found,
http://ufcstats.com/fight-details/53f7f1b4834387a8,2024-10-19,Jessica Penne,Elise Reed,jessica penne,elise reed,"('elise reed', 'jessica penne')",2,0.6690070210631895,1.434782608695652,historical_import_fallback,1,zewnetrzne,us,2025-07-27 09:10:07.798897+00:00,pair_not_found,
http://ufcstats.com/fight-details/32b8c6c4b735d712,2024-10-19,Austen Lane,Robelis Despaigne,austen lane,robelis despaigne,"('austen lane', 'robelis despaigne')",2,0.7768331562167906,1.2352941176470589,historical_import_fallback,1,zewnetrzne,us,2025-07-27 09:10:07.798897+00:00,pair_not_found,
http://ufcstats.com/fight-details/4277b02a4dadac40,2024-10-19,Melissa Martinez,Alice Ardelean,melissa martinez,alice ardelean,"('alice ardelean', 'melissa martinez')",1,0.5829926410466068,1.6451612903225803,historical_import_fallback,1,zewnetrzne,us,2025-07-27 09:10:07.798897+00:00,pair_not_found,
http://ufcstats.com/fight-details/f01b97e864cb4b8b,2024-10-19,Rob Font,Kyler Phillips,rob font,kyler phillips,"('kyler phillips', 'rob font')",2,0.827123695976155,1.16,historical_import_fallback,1,zewnetrzne,us,2025-07-27 09:10:07.798897+00:00,pair_not_found,
http://ufcstats.com/fight-details/108434acbbd75d26,2024-10-26,Shara Magomedov,Armen Petrosyan,shara magomedov,armen petrosyan,"('armen petrosyan', 'shara magomedov')",1,0.5996387718242023,1.6024096385542168,historical_import_fallback,1,zewnetrzne,us,2025-07-27 09:10:07.798897+00:00,pair_not_found,
http://ufcstats.com/fight-details/af6eeea1cfe33240,2024-10-26,Abus Magomedov,Brunno Ferreira,abus magomedov,brunno ferreira,"('abus magomedov', 'brunno ferreira')",1,0.5829926410466068,1.6451612903225803,historical_import_fallback,1,zewnetrzne,us,2025-07-27 09:10:07.798897+00:00,pair_not_found,
http://ufcstats.com/fight-details/bde635a4f345bc3e,2024-10-26,Ismail Naurdiev,Bruno Silva,ismail naurdiev,bruno silva,"('bruno silva', 'ismail naurdiev')",1,0.5720596355604638,1.6756756756756757,historical_import_fallback,1,zewnetrzne,us,2025-07-27 09:10:07.798897+00:00,pair_not_found,
http://ufcstats.com/fight-details/ebf7cea27b83c432,2024-10-26,Ilia Topuria,Max Holloway,ilia topuria,max holloway,"('ilia topuria', 'max holloway')",1,0.7220792588780237,1.3278688524590163,historical_import_fallback,1,zewnetrzne,us,2025-07-27 09:10:07.798897+00:00,pair_not_found,
http://ufcstats.com/fight-details/df7928de73fc2fe8,2024-10-26,Kennedy Nzechukwu,Chris Barnett,kennedy nzechukwu,chris barnett,"('chris barnett', 'kennedy nzechukwu')",1,0.8524590163934427,1.125,historical_import_fallback,1,zewnetrzne,us,2025-07-27 09:10:07.798897+00:00,pair_not_found,
http://ufcstats.com/fight-details/6114076c689e8457,2024-10-26,Rinat Fakhretdinov,Carlos Leal,rinat fakhretdinov,carlos leal,"('carlos leal', 'rinat fakhretdinov')",1,0.6574752261956053,1.4587155963302751,historical_import_fallback,1,zewnetrzne,us,2025-07-27 09:10:07.798897+00:00,pair_not_found,
http://ufcstats.com/fight-details/b09f54654b0f95f5,2024-10-26,Magomed Ankalaev,Aleksandar Rakic,magomed ankalaev,aleksandar rakic,"('aleksandar rakic', 'magomed ankalaev')",1,0.7408716136631331,1.2941176470588236,historical_import_fallback,1,zewnetrzne,us,2025-07-27 09:10:07.798897+00:00,pair_not_found,
http://ufcstats.com/fight-details/781a2ea50f5ae68f,2024-10-26,Ibo Aslan,Rafael Cerqueira,ibo aslan,rafael cerqueira,"('ibo aslan', 'rafael cerqueira')",2,0.5043297540699688,1.8928571428571428,historical_import_fallback,1,zewnetrzne,us,2025-07-27 09:10:07.798897+00:00,pair_not_found,
http://ufcstats.com/fight-details/cc11a0762f246fa4,2024-10-26,Lerone Murphy,Dan Ige,lerone murphy,dan ige,"('dan ige', 'lerone murphy')",1,0.7408716136631331,1.2941176470588236,historical_import_fallback,1,zewnetrzne,us,2025-07-27 09:10:07.798897+00:00,pair_not_found,
http://ufcstats.com/fight-details/b8bf186f884678ea,2024-10-26,Robert Whittaker,Khamzat Chimaev,robert whittaker,khamzat chimaev,"('khamzat chimaev', 'robert whittaker')",2,0.6805555555555556,1.4081632653061225,historical_import_fallback,1,zewnetrzne,us,2025-07-27 09:10:07.798897+00:00,pair_not_found,
http://ufcstats.com/fight-details/18729b11614406bf,2024-11-02,Erin Blanchfield,Rose Namajunas,erin blanchfield,rose namajunas,"('erin blanchfield', 'rose namajunas')",1,0.5829926410466068,1.6451612903225803,historical_import_fallback,1,zewnetrzne,us,2025-07-27 09:10:07.798897+00:00,pair_not_found,
http://ufcstats.com/fight-details/6ad594777cce2d7d,2024-11-02,Marc-Andre Barriault,Dustin Stoltzfus,marc andre barriault,dustin stoltzfus,"('dustin stoltzfus', 'marc andre barriault')",1,0.700162074554295,1.3703703703703702,historical_import_fallback,1,zewnetrzne,us,2025-07-27 09:10:07.798897+00:00,pair_not_found,
http://ufcstats.com/fight-details/eaa885cf7ae31e0b,2024-11-02,Ariane da Silva,Jasmine Jasudavicius,ariane da silva,jasmine jasudavicius,"('ariane da silva', 'jasmine jasudavicius')",2,0.6744186046511628,1.4,historical_import_fallback,1,zewnetrzne,us,2025-07-27 09:10:07.798897+00:00,pair_not_found,
http://ufcstats.com/fight-details/154138c8fc89c315,2024-11-09,Gerald Meerschaert,Reinier de Ridder,gerald meerschaert,reinier de ridder,"('gerald meerschaert', 'reinier de ridder')",2,0.725752508361204,1.3225806451612905,historical_import_fallback,1,zewnetrzne,us,2025-07-27 09:10:07.798897+00:00,pair_not_found,
http://ufcstats.com/fight-details/c31d9cac7534d879,2024-11-09,Luana Pinheiro,Gillian Robertson,luana pinheiro,gillian robertson,"('gillian robertson', 'luana pinheiro')",2,0.7913616398243045,1.2127659574468086,historical_import_fallback,1,zewnetrzne,us,2025-07-27 09:10:07.798897+00:00,pair_not_found,
http://ufcstats.com/fight-details/4f4189009a190e35,2024-11-16,Charles Oliveira,Michael Chandler,charles oliveira,michael chandler,"('charles oliveira', 'michael chandler')",1,0.6957699520733487,1.3773584905660377,historical_import_fallback,1,zewnetrzne,us,2025-07-27 09:10:07.798897+00:00,pair_not_found,
http://ufcstats.com/fight-details/00414fc5519233b4,2024-11-16,Mickey Gall,Ramiz Brahimaj,mickey gall,ramiz brahimaj,"('mickey gall', 'ramiz brahimaj')",1,0.6037569709421778,1.5882352941176472,historical_import_fallback,1,zewnetrzne,us,2025-07-27 09:10:07.798897+00:00,pair_not_found,
http://ufcstats.com/fight-details/cfd3e62c638fbd1f,2024-11-16,Bo Nickal,Paul Craig,bo nickal,paul craig,"('bo nickal', 'paul craig')",1,0.8933823529411764,1.074074074074074,historical_import_fallback,1,zewnetrzne,us,2025-07-27 09:10:07.798897+00:00,pair_not_found,
http://ufcstats.com/fight-details/b35e47f2f58ef026,2024-11-16,Jon Jones,Stipe Miocic,jon jones,stipe miocic,"('jon jones', 'stipe miocic')",1,0.8118668596237336,1.181818181818182,historical_import_fallback,1,zewnetrzne,us,2025-07-27 09:10:07.798897+00:00,pair_not_found,
http://ufcstats.com/fight-details/c565e2baa27cc7e5,2024-11-16,David Onama,Roberto Romero,david onama,roberto romero,"('david onama', 'roberto romero')",1,0.8988580750407832,1.0689655172413792,historical_import_fallback,1,zewnetrzne,us,2025-07-27 09:10:07.798897+00:00,pair_not_found,
http://ufcstats.com/fight-details/55eebc2ee92bf00a,2024-11-16,Mauricio Ruffy,James Llontop,mauricio ruffy,james llontop,"('james llontop', 'mauricio ruffy')",1,0.8720930232558138,1.1,historical_import_fallback,1,zewnetrzne,us,2025-07-27 09:10:07.798897+00:00,pair_not_found,
http://ufcstats.com/fight-details/64d6d51219e0664c,2024-11-23,Wang Cong,Gabriella Fernandes,wang cong,gabriella fernandes,"('gabriella fernandes', 'wang cong')",1,0.8849315068493151,1.1052631578947367,historical_import_fallback,1,zewnetrzne,us,2025-07-27 09:10:07.798897+00:00,pair_not_found,
http://ufcstats.com/fight-details/f5f28a8b472b8012,2024-11-23,Xiao Long,Quang Le,xiao long,quang le,"('quang le', 'xiao long')",1,0.5820772814469718,1.6944444444444444,historical_import_fallback,1,zewnetrzne,us,2025-07-27 09:10:07.798897+00:00,pair_not_found,
http://ufcstats.com/fight-details/baee9b2491c986e2,2024-11-23,Shi Ming,Feng Xiaocan,shi ming,feng xiaocan,"('feng xiaocan', 'shi ming')",2,0.7994561522773623,1.2040816326530612,historical_import_fallback,1,zewnetrzne,us,2025-07-27 09:10:07.798897+00:00,pair_not_found,
http://ufcstats.com/fight-details/828de4f5585c908c,2024-11-23,Kiru Sahota,DongHun Choi,kiru sahota,donghun choi,"('donghun choi', 'kiru sahota')",2,0.5260865852617198,1.819672131147541,historical_import_fallback,1,zewnetrzne,us,2025-07-27 09:10:07.798897+00:00,pair_not_found,
http://ufcstats.com/fight-details/86a2f07e0bf20297,2024-11-23,Maheshate,Nikolas Motta,maheshate,nikolas motta,"('maheshate', 'nikolas motta')",1,0.6805555555555556,1.4081632653061225,historical_import_fallback,1,zewnetrzne,us,2025-07-27 09:10:07.798897+00:00,pair_not_found,
http://ufcstats.com/fight-details/9c207acb12c17a67,2024-11-23,Baergeng Jieleyisi,SuYoung You,baergeng jieleyisi,suyoung you,"('baergeng jieleyisi', 'suyoung you')",2,0.6690070210631895,1.434782608695652,historical_import_fallback,1,zewnetrzne,us,2025-07-27 09:10:07.798897+00:00,pair_not_found,
http://ufcstats.com/fight-details/56d2c00dfd391fcf,2024-11-23,Zhang Mingyang,Ozzy Diaz,zhang mingyang,ozzy diaz,"('ozzy diaz', 'zhang mingyang')",1,0.6821515892420539,1.4444444444444444,historical_import_fallback,1,zewnetrzne,us,2025-07-27 09:10:07.798897+00:00,pair_not_found,
http://ufcstats.com/fight-details/f0c4aff7dd1ec4e9,2024-11-23,Yan Xiaonan,Tabatha Ricci,yan xiaonan,tabatha ricci,"('tabatha ricci', 'yan xiaonan')",1,0.6369041816941222,1.5050505050505052,historical_import_fallback,1,zewnetrzne,us,2025-07-27 09:10:07.798897+00:00,pair_not_found,
http://ufcstats.com/fight-details/1569186ee820ea87,2024-12-07,Shavkat Rakhmonov,Ian Machado Garry,shavkat rakhmonov,ian machado garry,"('ian machado garry', 'shavkat rakhmonov')",1,0.7279508556384379,1.4761904761904765,historical_import_fallback,1,zewnetrzne,us,2025-07-27 09:10:07.798897+00:00,pair_not_found,
http://ufcstats.com/fight-details/72b12a837290b327,2024-12-07,Clay Guida,Chase Hooper,clay guida,chase hooper,"('chase hooper', 'clay guida')",2,0.88,1.0909090909090908,historical_import_fallback,1,zewnetrzne,us,2025-07-27 09:10:07.798897+00:00,pair_not_found,
http://ufcstats.com/fight-details/a5c57b0f49e9f61c,2024-12-07,Michael Chiesa,Max Griffin,michael chiesa,max griffin,"('max griffin', 'michael chiesa')",1,0.5427435387673957,1.7692307692307692,historical_import_fallback,1,zewnetrzne,us,2025-07-27 09:10:07.798897+00:00,pair_not_found,
http://ufcstats.com/fight-details/4914f7bd073c6359,2024-12-07,Vicente Luque,Themba Gorimbo,vicente luque,themba gorimbo,"('themba gorimbo', 'vicente luque')",1,0.583618917066484,1.1538461538461535,historical_import_fallback,1,zewnetrzne,us,2025-07-27 09:10:07.798897+00:00,pair_not_found,
http://ufcstats.com/fight-details/089388c9f00ce9c6,2024-12-07,Nate Landwehr,Dooho Choi,nate landwehr,dooho choi,"('dooho choi', 'nate landwehr')",1,0.5427435387673957,1.7692307692307692,historical_import_fallback,1,zewnetrzne,us,2025-07-27 09:10:07.798897+00:00,pair_not_found,
http://ufcstats.com/fight-details/97caf8fca9d9603b,2024-12-07,Dominick Reyes,Anthony Smith,dominick reyes,anthony smith,"('anthony smith', 'dominick reyes')",1,0.76,1.263157894736842,historical_import_fallback,1,zewnetrzne,us,2025-07-27 09:10:07.798897+00:00,pair_not_found,
http://ufcstats.com/fight-details/e61cb905f6152183,2025-03-08,Brunno Ferreira,Armen Petrosyan,brunno ferreira,armen petrosyan,"('armen petrosyan', 'brunno ferreira')",2,0.5621761658031088,1.69,historical_import_fallback,1,efortuna,pl,2025-07-27 11:15:14.177369+00:00,pair_not_found,
http://ufcstats.com/fight-details/231968c02cdfe65e,2025-03-08,King Green,Mauricio Ruffy,king green,mauricio ruffy,"('king green', 'mauricio ruffy')",2,0.7880910683012259,1.21,historical_import_fallback,1,efortuna,pl,2025-07-27 11:15:14.177369+00:00,pair_not_found,
http://ufcstats.com/fight-details/cab4937435d081d0,2025-03-08,Alex Morono,Carlos Leal,alex morono,carlos leal,"('alex morono', 'carlos leal')",2,0.8458390177353343,1.13,historical_import_fallback,1,efortuna,pl,2025-07-27 11:15:14.177369+00:00,pair_not_found,
http://ufcstats.com/fight-details/a2f31cf3a28a7730,2025-03-08,Justin Gaethje,Rafael Fiziev,justin gaethje,rafael fiziev,"('justin gaethje', 'rafael fiziev')",2,0.5161290322580645,1.8,historical_import_fallback,1,efortuna,pl,2025-07-27 11:15:14.177369+00:00,pair_not_found,
http://ufcstats.com/fight-details/a8f8245096eaf0cd,2025-03-15,Yuneisy Duben,Carli Judice,yuneisy duben,carli judice,"('carli judice', 'yuneisy duben')",2,0.7495069033530573,1.27,historical_import_fallback,1,efortuna,pl,2025-07-27 11:15:14.177369+00:00,pair_not_found,
http://ufcstats.com/fight-details/cb3eb07b7152366e,2025-03-15,Carlos Vera,Josias Musasa,carlos vera,josias musasa,"('carlos vera', 'josias musasa')",2,0.8380681818181819,1.14,historical_import_fallback,1,efortuna,pl,2025-07-27 11:15:14.177369+00:00,pair_not_found,
http://ufcstats.com/fight-details/1c62a7444808d97f,2025-03-15,Josiane Nunes,Priscila Cachoeira,josiane nunes,priscila cachoeira,"('josiane nunes', 'priscila cachoeira')",1,0.6222222222222222,1.53,historical_import_fallback,1,efortuna,pl,2025-07-27 11:15:14.177369+00:00,pair_not_found,
http://ufcstats.com/fight-details/d8f40b82364b6411,2025-03-15,Alexander Hernandez,Kurt Holobaugh,alexander hernandez,kurt holobaugh,"('alexander hernandez', 'kurt holobaugh')",1,0.6277372262773723,1.53,historical_import_fallback,1,efortuna,pl,2025-07-27 11:15:14.177369+00:00,pair_not_found,
http://ufcstats.com/fight-details/67f7163e536d62e2,2025-03-15,Marvin Vettori,Roman Dolidze,marvin vettori,roman dolidze,"('marvin vettori', 'roman dolidze')",1,0.5732647814910026,1.66,historical_import_fallback,1,efortuna,pl,2025-07-27 11:15:14.177369+00:00,pair_not_found,
http://ufcstats.com/fight-details/96c6be6b22385967,2025-03-22,Gunnar Nelson,Kevin Holland,gunnar nelson,kevin holland,"('gunnar nelson', 'kevin holland')",1,0.5404699738903395,1.76,historical_import_fallback,1,efortuna,pl,2025-07-27 11:15:14.177369+00:00,pair_not_found,
http://ufcstats.com/fight-details/7e3fc760b26b6ae4,2025-03-29,Rafa Garcia,Vinc Pichel,rafa garcia,vinc pichel,"('rafa garcia', 'vinc pichel')",1,0.7948717948717949,1.2,historical_import_fallback,1,efortuna,pl,2025-07-27 11:15:14.177369+00:00,pair_not_found,
http://ufcstats.com/fight-details/7efca050bc7be8ac,2025-03-29,Loopy Godinez,Julia Polastri,loopy godinez,julia polastri,"('julia polastri', 'loopy godinez')",1,0.6935123042505593,1.37,historical_import_fallback,1,efortuna,pl,2025-07-27 11:15:14.177369+00:00,pair_not_found,
http://ufcstats.com/fight-details/ab4a91a59c01d6b6,2025-03-29,Edgar Chairez,CJ Vergara,edgar chairez,cj vergara,"('cj vergara', 'edgar chairez')",1,0.688487584650113,1.38,historical_import_fallback,1,efortuna,pl,2025-07-27 11:15:14.177369+00:00,pair_not_found,
http://ufcstats.com/fight-details/8fc8d66ad0074ab0,2025-03-29,Manuel Torres,Drew Dober,manuel torres,drew dober,"('drew dober', 'manuel torres')",2,0.5090439276485789,1.9,historical_import_fallback,1,efortuna,pl,2025-07-27 11:15:14.177369+00:00,pair_not_found,
http://ufcstats.com/fight-details/fd088ce1481315a5,2025-04-05,Loma Lookboonmee,Istela Nunes,loma lookboonmee,istela nunes,"('istela nunes', 'loma lookboonmee')",1,0.8392603129445235,1.13,historical_import_fallback,1,efortuna,pl,2025-07-27 11:15:14.177369+00:00,pair_not_found,
http://ufcstats.com/fight-details/d1368ca941c1fefc,2025-04-05,Torrez Finney,Robert Valentin,torrez finney,robert valentin,"('robert valentin', 'torrez finney')",1,0.6926406926406927,1.42,historical_import_fallback,1,efortuna,pl,2025-07-27 11:15:14.177369+00:00,pair_not_found,
http://ufcstats.com/fight-details/fc3825dd1b67e39d,2025-04-05,Cortavious Romious,ChangHo Lee,cortavious romious,changho lee,"('changho lee', 'cortavious romious')",2,0.5639097744360902,1.74,historical_import_fallback,1,efortuna,pl,2025-07-27 11:15:14.177369+00:00,pair_not_found,
http://ufcstats.com/fight-details/0c80eef2f4570543,2025-04-05,Brad Tavares,Gerald Meerschaert,brad tavares,gerald meerschaert,"('brad tavares', 'gerald meerschaert')",1,0.6659388646288209,1.53,historical_import_fallback,1,efortuna,pl,2025-07-27 11:15:14.177369+00:00,pair_not_found,
http://ufcstats.com/fight-details/86a1be10255eea4e,2025-04-05,Josh Emmett,Lerone Murphy,josh emmett,lerone murphy,"('josh emmett', 'lerone murphy')",2,0.7261410788381744,1.32,historical_import_fallback,1,efortuna,pl,2025-07-27 11:15:14.177369+00:00,pair_not_found,
http://ufcstats.com/fight-details/11eb27a1ac74d225,2025-04-12,Jim Miller,Chase Hooper,jim miller,chase hooper,"('chase hooper', 'jim miller')",2,0.8519003931847968,1.13,historical_import_fallback,1,efortuna,pl,2025-07-27 11:15:14.177369+00:00,pair_not_found,
http://ufcstats.com/fight-details/b2d731415bd367df,2025-04-12,Nikita Krylov,Dominick Reyes,nikita krylov,dominick reyes,"('dominick reyes', 'nikita krylov')",1,0.6308068459657702,1.51,historical_import_fallback,1,efortuna,pl,2025-07-27 11:15:14.177369+00:00,pair_not_found,
http://ufcstats.com/fight-details/4bbda6c1f6cf9d4e,2025-04-12,Sedriques Dumas,Michal Oleksiejczuk,sedriques dumas,michal oleksiejczuk,"('michal oleksiejczuk', 'sedriques dumas')",2,0.639225181598063,1.49,historical_import_fallback,1,efortuna,pl,2025-07-27 11:15:14.177369+00:00,pair_not_found,
http://ufcstats.com/fight-details/08e7a39eb7482ebf,2025-04-12,Darren Elkins,Julian Erosa,darren elkins,julian erosa,"('darren elkins', 'julian erosa')",2,0.7592592592592592,1.3,historical_import_fallback,1,efortuna,pl,2025-07-27 11:15:14.177369+00:00,pair_not_found,
http://ufcstats.com/fight-details/0eccebee160137b1,2025-04-12,Yan Xiaonan,Virna Jandiroba,yan xiaonan,virna jandiroba,"('virna jandiroba', 'yan xiaonan')",2,0.5695876288659794,1.67,historical_import_fallback,1,efortuna,pl,2025-07-27 11:15:14.177369+00:00,pair_not_found,
http://ufcstats.com/fight-details/fc43d60cbd6b0e6a,2025-04-12,Dan Ige,Sean Woodson,dan ige,sean woodson,"('dan ige', 'sean woodson')",2,0.5945273631840796,1.63,historical_import_fallback,1,efortuna,pl,2025-07-27 11:15:14.177369+00:00,pair_not_found,
http://ufcstats.com/fight-details/b87d6f71d901355b,2025-04-12,Tresean Gore,Marco Tulio,tresean gore,marco tulio,"('marco tulio', 'tresean gore')",2,0.7514450867052023,1.29,historical_import_fallback,1,efortuna,pl,2025-07-27 11:15:14.177369+00:00,pair_not_found,
http://ufcstats.com/fight-details/c2c20a04a78d9143,2025-04-26,Malcolm Wellmaker,Cameron Saaiman,malcolm wellmaker,cameron saaiman,"('cameron saaiman', 'malcolm wellmaker')",2,0.5090439276485789,1.9,historical_import_fallback,1,efortuna,pl,2025-07-27 11:15:14.177369+00:00,pair_not_found,
http://ufcstats.com/fight-details/4072abf0b0c179f2,2025-04-26,Giga Chikadze,David Onama,giga chikadze,david onama,"('david onama', 'giga chikadze')",2,0.6065162907268171,1.57,historical_import_fallback,1,efortuna,pl,2025-07-27 11:15:14.177369+00:00,pair_not_found,
http://ufcstats.com/fight-details/23201d09a78d446d,2025-04-26,Timmy Cuamba,Roberto Romero,timmy cuamba,roberto romero,"('roberto romero', 'timmy cuamba')",2,0.5242966751918158,1.86,historical_import_fallback,1,efortuna,pl,2025-07-27 11:15:14.177369+00:00,pair_not_found,
http://ufcstats.com/fight-details/9bbd45774fb4a6eb,2025-04-26,Michel Pereira,Abus Magomedov,michel pereira,abus magomedov,"('abus magomedov', 'michel pereira')",1,0.5301837270341206,1.79,historical_import_fallback,1,efortuna,pl,2025-07-27 11:15:14.177369+00:00,pair_not_found,
http://ufcstats.com/fight-details/a526a72ade275f46,2025-04-26,Anthony Smith,Zhang Mingyang,anthony smith,zhang mingyang,"('anthony smith', 'zhang mingyang')",2,0.8,1.2,historical_import_fallback,1,efortuna,pl,2025-07-27 11:15:14.177369+00:00,pair_not_found,
http://ufcstats.com/fight-details/5ce29056e0cd2df9,2025-05-03,Montel Jackson,Daniel Marcos,montel jackson,daniel marcos,"('daniel marcos', 'montel jackson')",1,0.6352657004830918,1.51,historical_import_fallback,1,efortuna,pl,2025-07-27 11:15:14.177369+00:00,pair_not_found,
http://ufcstats.com/fight-details/191ee545160a4e09,2025-05-03,Santiago Ponzinibbio,Daniel Rodriguez,santiago ponzinibbio,daniel rodriguez,"('daniel rodriguez', 'santiago ponzinibbio')",1,0.5132275132275131,1.84,historical_import_fallback,1,efortuna,pl,2025-07-27 11:15:14.177369+00:00,pair_not_found,
http://ufcstats.com/fight-details/6ccd10adc968e1f0,2025-05-03,Cameron Smotherman,Serhiy Sidey,cameron smotherman,serhiy sidey,"('cameron smotherman', 'serhiy sidey')",2,0.5633074935400517,1.69,historical_import_fallback,1,efortuna,pl,2025-07-27 11:15:14.177369+00:00,pair_not_found,
http://ufcstats.com/fight-details/97b32ff27fd457a8,2025-05-03,Gaston Bolanos,Quang Le,gaston bolanos,quang le,"('gaston bolanos', 'quang le')",1,0.564885496183206,1.71,historical_import_fallback,1,efortuna,pl,2025-07-27 11:15:14.177369+00:00,pair_not_found,
http://ufcstats.com/fight-details/6e26a6293ea6ba62,2025-05-03,Marina Rodriguez,Gillian Robertson,marina rodriguez,gillian robertson,"('gillian robertson', 'marina rodriguez')",2,0.7173447537473234,1.32,historical_import_fallback,1,efortuna,pl,2025-07-27 11:15:14.177369+00:00,pair_not_found,
http://ufcstats.com/fight-details/4db2d86ebe8c8abd,2025-05-10,Jessica Andrade,Jasmine Jasudavicius,jessica andrade,jasmine jasudavicius,"('jasmine jasudavicius', 'jessica andrade')",2,0.7203389830508475,1.32,historical_import_fallback,1,efortuna,pl,2025-07-27 11:15:14.177369+00:00,pair_not_found,
http://ufcstats.com/fight-details/c7190cd03e53fb61,2025-05-10,Benoit Saint Denis,Kyle Prepolec,benoit saint denis,kyle prepolec,"('benoit saint denis', 'kyle prepolec')",1,0.8726415094339622,1.08,historical_import_fallback,1,efortuna,pl,2025-07-27 11:15:14.177369+00:00,pair_not_found,
http://ufcstats.com/fight-details/6ecfa439ef900bcc,2025-05-10,Marc-Andre Barriault,Bruno Silva,marc andre barriault,bruno silva,"('bruno silva', 'marc andre barriault')",1,0.602015113350126,1.58,historical_import_fallback,1,efortuna,pl,2025-07-27 11:15:14.177369+00:00,pair_not_found,
http://ufcstats.com/fight-details/9e9d1764a015f313,2025-05-10,Valentina Shevchenko,Manon Fiorot,valentina shevchenko,manon fiorot,"('manon fiorot', 'valentina shevchenko')",2,0.546875,1.74,historical_import_fallback,1,efortuna,pl,2025-07-27 11:15:14.177369+00:00,pair_not_found,
http://ufcstats.com/fight-details/0e0a4282cd6c86d7,2025-05-10,Daniel Santos,JeongYeong Lee,daniel santos,jeongyeong lee,"('daniel santos', 'jeongyeong lee')",2,0.5289473684210526,1.79,historical_import_fallback,1,efortuna,pl,2025-07-27 11:15:14.177369+00:00,pair_not_found,
http://ufcstats.com/fight-details/66887532be2de5ee,2025-05-17,Elise Reed,Denise Gomes,elise reed,denise gomes,"('denise gomes', 'elise reed')",2,0.8176100628930818,1.16,historical_import_fallback,1,efortuna,pl,2025-07-27 11:15:14.177369+00:00,pair_not_found,
http://ufcstats.com/fight-details/a81ad236a2f221f2,2025-05-17,Gilbert Burns,Michael Morales,gilbert burns,michael morales,"('gilbert burns', 'michael morales')",2,0.8355795148247979,1.22,historical_import_fallback,1,efortuna,pl,2025-07-27 11:15:14.177369+00:00,pair_not_found,
http://ufcstats.com/fight-details/a9a6cca4bbf7a5db,2025-05-17,Gabe Green,Matheus Camilo,gabe green,matheus camilo,"('gabe green', 'matheus camilo')",2,0.6650943396226415,1.42,historical_import_fallback,1,efortuna,pl,2025-07-27 11:15:14.177369+00:00,pair_not_found,
http://ufcstats.com/fight-details/afdd95ae7b7cdb0c,2025-05-17,Tecia Pennington,Luana Pinheiro,tecia pennington,luana pinheiro,"('luana pinheiro', 'tecia pennington')",1,0.7291666666666667,1.3,historical_import_fallback,1,efortuna,pl,2025-07-27 11:15:14.177369+00:00,pair_not_found,
http://ufcstats.com/fight-details/18a7dc86279066f8,2025-05-17,HyunSung Park,Carlos Hernandez,hyunsung park,carlos hernandez,"('carlos hernandez', 'hyunsung park')",1,0.6035353535353536,1.57,historical_import_fallback,1,efortuna,pl,2025-07-27 11:15:14.177369+00:00,pair_not_found,
http://ufcstats.com/fight-details/ad68450307a21ab1,2025-05-31,Zachary Reese,Dusko Todorovic,zachary reese,dusko todorovic,"('dusko todorovic', 'zachary reese')",1,0.7,1.35,historical_import_fallback,1,efortuna,pl,2025-07-27 11:15:14.177369+00:00,pair_not_found,
http://ufcstats.com/fight-details/106918bfbe24335d,2025-05-31,Ketlen Vieira,Macy Chiasson,ketlen vieira,macy chiasson,"('ketlen vieira', 'macy chiasson')",1,0.5289473684210526,1.79,historical_import_fallback,1,efortuna,pl,2025-07-27 11:15:14.177369+00:00,pair_not_found,
http://ufcstats.com/fight-details/e28e829800466aca,2025-06-07,Kelvin Gastelum,Joe Pyfer,kelvin gastelum,joe pyfer,"('joe pyfer', 'kelvin gastelum')",2,0.7291666666666666,1.3,historical_import_fallback,1,efortuna,pl,2025-07-27 11:15:14.177369+00:00,pair_not_found,
http://ufcstats.com/fight-details/2129acab2280bd29,2025-06-07,Vicente Luque,Kevin Holland,vicente luque,kevin holland,"('kevin holland', 'vicente luque')",2,0.5989847715736041,1.58,historical_import_fallback,1,efortuna,pl,2025-07-27 11:15:14.177369+00:00,pair_not_found,
http://ufcstats.com/fight-details/08c04f18b0f58d71,2025-06-14,Mansur Abdul-Malik,Cody Brundage,mansur abdul malik,cody brundage,"('cody brundage', 'mansur abdul malik')",1,0.8043117744610282,1.18,historical_import_fallback,1,efortuna,pl,2025-07-27 11:15:14.177369+00:00,pair_not_found,
http://ufcstats.com/fight-details/e861e9cc0118c670,2025-06-14,Michael Chiesa,Court McGee,michael chiesa,court mcgee,"('court mcgee', 'michael chiesa')",1,0.7,1.35,historical_import_fallback,1,efortuna,pl,2025-07-27 11:15:14.177369+00:00,pair_not_found,
http://ufcstats.com/fight-details/79dfbbdd14fbbd11,2025-06-14,Rose Namajunas,Miranda Maverick,rose namajunas,miranda maverick,"('miranda maverick', 'rose namajunas')",1,0.6399026763990268,1.48,historical_import_fallback,1,efortuna,pl,2025-07-27 11:15:14.177369+00:00,pair_not_found,
http://ufcstats.com/fight-details/fff3218758c513b8,2025-06-21,Daria Zhelezniakova,Melissa Mullins,daria zhelezniakova,melissa mullins,"('daria zhelezniakova', 'melissa mullins')",2,0.511744966442953,2.91,historical_import_fallback,1,efortuna,pl,2025-07-27 11:15:14.177369+00:00,pair_not_found,
http://ufcstats.com/fight-details/8e5744c664fec3e9,2025-06-21,Curtis Blaydes,Rizvan Kuniev,curtis blaydes,rizvan kuniev,"('curtis blaydes', 'rizvan kuniev')",1,0.6842105263157895,1.38,historical_import_fallback,1,efortuna,pl,2025-07-27 11:15:14.177369+00:00,pair_not_found,
http://ufcstats.com/fight-details/e512b80bbaea36c2,2025-06-21,Seokhyeon Ko,Oban Elliott,seokhyeon ko,oban elliott,"('oban elliott', 'seokhyeon ko')",2,0.7823741007194245,1.21,historical_import_fallback,1,efortuna,pl,2025-07-27 11:15:14.177369+00:00,pair_not_found,
http://ufcstats.com/fight-details/03bc32bdb5a33496,2025-06-21,Jamahal Hill,Khalil Rountree Jr.,jamahal hill,khalil rountree,"('jamahal hill', 'khalil rountree')",2,0.5289473684210526,1.79,historical_import_fallback,1,efortuna,pl,2025-07-27 11:15:14.177369+00:00,pair_not_found,
http://ufcstats.com/fight-details/5fcf18bcd2a020f1,2025-06-21,Ismail Naurdiev,JunYong Park,ismail naurdiev,junyong park,"('ismail naurdiev', 'junyong park')",2,0.615,1.54,historical_import_fallback,1,efortuna,pl,2025-07-27 11:15:14.177369+00:00,pair_not_found,
http://ufcstats.com/fight-details/19764211af05674c,2025-06-21,Muhammad Naimov,Bogdan Grad,muhammad naimov,bogdan grad,"('bogdan grad', 'muhammad naimov')",1,0.7048458149779735,1.34,historical_import_fallback,1,efortuna,pl,2025-07-27 11:15:14.177369+00:00,pair_not_found,
http://ufcstats.com/fight-details/1ea9ad3b6e1cba79,2025-06-28,Beneil Dariush,Renato Moicano,beneil dariush,renato moicano,"('beneil dariush', 'renato moicano')",2,0.5798969072164948,1.63,historical_import_fallback,1,efortuna,pl,2025-07-27 11:15:14.177369+00:00,pair_not_found,
http://ufcstats.com/fight-details/7a64d63e12618ba7,2025-06-28,Ilia Topuria,Charles Oliveira,ilia topuria,charles oliveira,"('charles oliveira', 'ilia topuria')",1,0.7633587786259541,1.24,historical_import_fallback,1,efortuna,pl,2025-07-27 11:15:14.177369+00:00,pair_not_found,
http://ufcstats.com/fight-details/120d66cb0da0f3c3,2025-07-12,Fatima Kline,Melissa Martinez,fatima kline,melissa martinez,"('fatima kline', 'melissa martinez')",1,0.8481532147742817,1.11,historical_import_fallback,1,efortuna,pl,2025-07-27 11:15:14.177369+00:00,pair_not_found,
http://ufcstats.com/fight-details/236f811290163dca,2025-07-12,Max Griffin,Chris Curtis,max griffin,chris curtis,"('chris curtis', 'max griffin')",2,0.6900452488687783,1.37,historical_import_fallback,1,efortuna,pl,2025-07-27 11:15:14.177369+00:00,pair_not_found,
http://ufcstats.com/fight-details/b19bf99c7eb796bc,2025-07-12,Junior Tafa,Tuco Tokkos,junior tafa,tuco tokkos,"('junior tafa', 'tuco tokkos')",1,0.5907928388746803,1.6,historical_import_fallback,1,efortuna,pl,2025-07-27 11:15:14.177369+00:00,pair_not_found,
http://ufcstats.com/fight-details/46bc1338a50cbeac,2025-07-12,Lauren Murphy,Eduarda Moura,lauren murphy,eduarda moura,"('eduarda moura', 'lauren murphy')",2,0.8103727714748784,1.17,historical_import_fallback,1,efortuna,pl,2025-07-27 11:15:14.177369+00:00,pair_not_found,
http://ufcstats.com/fight-details/4b75d3b7738cb278,2025-07-12,Vitor Petrino,Austen Lane,vitor petrino,austen lane,"('austen lane', 'vitor petrino')",1,0.7962328767123288,1.19,historical_import_fallback,1,efortuna,pl,2025-07-27 11:15:14.177369+00:00,pair_not_found,
http://ufcstats.com/fight-details/8e1feda9141602f1,2025-07-19,Marvin Vettori,Brendan Allen,marvin vettori,brendan allen,"('brendan allen', 'marvin vettori')",2,0.6751740139211138,1.4,historical_import_fallback,1,efortuna,pl,2025-07-27 11:15:14.177369+00:00,pair_not_found,
http://ufcstats.com/fight-details/d7507e2741fd4d05,2025-07-19,Max Holloway,Dustin Poirier,max holloway,dustin poirier,"('dustin poirier', 'max holloway')",2,0.5289473684210526,1.79,historical_import_fallback,1,efortuna,pl,2025-07-27 11:15:14.177369+00:00,pair_not_found,
http://ufcstats.com/fight-details/887c61da1a78a5e1,2025-07-26,Asu Almabaev,Jose Ochoa,asu almabaev,jose ochoa,"('asu almabaev', 'jose ochoa')",1,0.8687907075003849,1.18,pre_or_event_snapshot,2,DraftKings;FanDuel,us,2025-07-26 20:00:04.596742+00:00,pair_not_found,
http://ufcstats.com/fight-details/6b8be0ee3e569ad2,2025-07-26,Reinier de Ridder,Robert Whittaker,reinier de ridder,robert whittaker,"('reinier de ridder', 'robert whittaker')",1,0.6578947368421053,1.55,pre_or_event_snapshot,3,BetMGM;DraftKings;FanDuel,us,2025-07-26 22:00:03.994243+00:00,pair_not_found,
http://ufcstats.com/fight-details/77f960d82cda0b76,2025-07-26,Bogdan Guskov,Nikita Krylov,bogdan guskov,nikita krylov,"('bogdan guskov', 'nikita krylov')",2,0.6339712918660287,1.54,pre_or_event_snapshot,7,BetAnySports;BetMGM;BetOnline.ag;BetRivers;BetUS;DraftKings;FanDuel,us,2025-07-26 19:00:07.681717+00:00,pair_not_found,
http://ufcstats.com/fight-details/e72c691b7c68b03a,2025-07-26,Bryce Mitchell,Said Nurmagomedov,bryce mitchell,said nurmagomedov,"('bryce mitchell', 'said nurmagomedov')",1,0.8541392904073586,1.22,pre_or_event_snapshot,3,BetMGM;DraftKings;FanDuel,us,2025-07-26 19:00:07.681717+00:00,pair_not_found,
http://ufcstats.com/fight-details/7c075e3383198e14,2025-07-26,Carlos Leal,Muslim Salikhov,carlos leal,muslim salikhov,"('carlos leal', 'muslim salikhov')",1,0.7962648556876062,1.24,pre_or_event_snapshot,7,BetAnySports;BetMGM;BetOnline.ag;BetRivers;BetUS;DraftKings;FanDuel,us,2025-07-26 18:00:04.659012+00:00,pair_not_found,
http://ufcstats.com/fight-details/582d66ce97309e29,2025-07-26,Marc-Andre Barriault,Shara Magomedov,marc andre barriault,shara magomedov,"('marc andre barriault', 'shara magomedov')",2,0.9387997623291741,1.03,pre_or_event_snapshot,3,BetMGM;DraftKings;FanDuel,us,2025-07-26 20:30:03.727867+00:00,pair_not_found,
http://ufcstats.com/fight-details/017a825c7820d12e,2025-07-26,Da'Mon Blackshear,Davey Grant,da mon blackshear,davey grant,"('da mon blackshear', 'davey grant')",2,0.6355243188552432,3.45,pre_or_event_snapshot,4,BetMGM;BetOnline.ag;DraftKings;FanDuel,us,2025-07-26 18:00:04.659012+00:00,pair_not_found,
http://ufcstats.com/fight-details/0a598768f5c8d540,2025-07-26,Marcus Buchecha,Martin Buday,marcus buchecha,martin buday,"('marcus buchecha', 'martin buday')",2,0.7648183556405354,1.51,pre_or_event_snapshot,3,BetMGM;DraftKings;FanDuel,us,2025-07-26 16:30:03.841968+00:00,pair_not_found,
http://ufcstats.com/fight-details/878941394f9e3538,2025-08-02,Elves Brenner,Esteban Ribovics,elves brenner,esteban ribovics,"('elves brenner', 'esteban ribovics')",2,0.9242076292844545,1.07,pre_or_event_snapshot,2,DraftKings;FanDuel,us,2025-08-03 03:00:07.986216+00:00,pair_not_found,
http://ufcstats.com/fight-details/45781930d64da456,2025-08-02,Rodolfo Vieira,Tresean Gore,rodolfo vieira,tresean gore,"('rodolfo vieira', 'tresean gore')",1,0.940623162845385,1.48,pre_or_event_snapshot,3,BetMGM;DraftKings;FanDuel,us,2025-08-03 00:30:03.464969+00:00,pair_not_found,
http://ufcstats.com/fight-details/b3c695728e177fd4,2025-08-02,Andrey Pulyaev,Nick Klein,andrey pulyaev,nick klein,"('andrey pulyaev', 'nick klein')",2,0.5315789473684212,1.87,pre_or_event_snapshot,3,BetMGM;DraftKings;FanDuel,us,2025-08-03 00:00:07.184000+00:00,pair_not_found,
http://ufcstats.com/fight-details/ac57250e3de89d5d,2025-08-02,Elizeu Zaleski,Neil Magny,elizeu zaleski,neil magny,"('elizeu zaleski', 'neil magny')",1,0.6058072128456369,1.7,pre_or_event_snapshot,4,BetMGM;BetRivers;DraftKings;FanDuel,us,2025-08-03 02:00:04.450550+00:00,pair_not_found,
http://ufcstats.com/fight-details/c62ed8a6002b5360,2025-08-02,Karol Rosa,Nora Cornolle,karol rosa,nora cornolle,"('karol rosa', 'nora cornolle')",1,0.9464557648538192,1.03,pre_or_event_snapshot,2,BetMGM;FanDuel,us,2025-08-03 02:30:03.595609+00:00,pair_not_found,
http://ufcstats.com/fight-details/07c2af68b6dbc4ec,2025-08-02,Austin Bashi,John Yannis,austin bashi,john yannis,"('austin bashi', 'john yannis')",1,0.8817086527929902,1.11,pre_or_event_snapshot,7,BetAnySports;BetMGM;BetOnline.ag;BetRivers;BetUS;DraftKings;FanDuel,us,2025-08-02 23:30:04.507597+00:00,pair_not_found,
http://ufcstats.com/fight-details/646c79a7ecd12e5f,2025-08-09,Angela Hill,Iasmin Lucindo,angela hill,iasmin lucindo,"('angela hill', 'iasmin lucindo')",2,0.9495252373813093,1.04,pre_or_event_snapshot,3,BetMGM;DraftKings;FanDuel,us,2025-08-10 01:00:07.707010+00:00,pair_not_found,
http://ufcstats.com/fight-details/68fe62bac7fd8bb0,2025-08-09,Anthony Hernandez,Roman Dolidze,anthony hernandez,roman dolidze,"('anthony hernandez', 'roman dolidze')",1,0.9495252373813095,1.01,pre_or_event_snapshot,1,BetMGM,us,2025-08-10 02:30:03.663312+00:00,pair_not_found,
http://ufcstats.com/fight-details/ae7a8f19743e8154,2025-08-09,Elijah Smith,Toshiomi Kazama,elijah smith,toshiomi kazama,"('elijah smith', 'toshiomi kazama')",1,0.8530183727034122,1.12,pre_or_event_snapshot,7,BetAnySports;BetMGM;BetOnline.ag;BetRivers;BetUS;DraftKings;FanDuel,us,2025-08-09 22:00:05.856655+00:00,pair_not_found,
http://ufcstats.com/fight-details/3d6571790c21527c,2025-08-09,Julius Walker,Raffael Cerqueira,julius walker,raffael cerqueira,"('julius walker', 'raffael cerqueira')",1,0.9400705052878965,1.03,pre_or_event_snapshot,3,BetMGM;DraftKings;FanDuel,us,2025-08-09 23:00:04.748345+00:00,pair_not_found,
http://ufcstats.com/fight-details/7d923267c44dd93b,2025-08-09,Gilbert Urbina,Uros Medic,gilbert urbina,uros medic,"('gilbert urbina', 'uros medic')",2,0.7172995780590717,1.36,pre_or_event_snapshot,7,BetAnySports;BetMGM;BetOnline.ag;BetRivers;BetUS;DraftKings;FanDuel,us,2025-08-09 21:00:04.723641+00:00,pair_not_found,
http://ufcstats.com/fight-details/bc63f1b2e52f603e,2025-08-16,Drakkar Klose,Edson Barboza,drakkar klose,edson barboza,"('drakkar klose', 'edson barboza')",2,0.5829015544041452,3.25,pre_or_event_snapshot,3,BetMGM;DraftKings;FanDuel,us,2025-08-17 00:00:04.323145+00:00,pair_not_found,
http://ufcstats.com/fight-details/5efd13a12be06706,2025-08-16,Baysangur Susurkaev,Eric Nolan,baysangur susurkaev,eric nolan,"('baysangur susurkaev', 'eric nolan')",1,0.8676124795687208,1.11,pre_or_event_snapshot,6,BetAnySports;BetMGM;BetOnline.ag;BetRivers;DraftKings;FanDuel,us,2025-08-17 01:30:03.969082+00:00,pair_not_found,
http://ufcstats.com/fight-details/5b880d10b0ed7acc,2025-08-16,Gerald Meerschaert,Michal Oleksiejczuk,gerald meerschaert,michal oleksiejczuk,"('gerald meerschaert', 'michal oleksiejczuk')",2,0.6464881568874679,1.49,pre_or_event_snapshot,6,BetAnySports;BetMGM;BetOnline.ag;BetRivers;DraftKings;FanDuel,us,2025-08-17 01:00:07.507530+00:00,pair_not_found,
http://ufcstats.com/fight-details/88020d22cf905792,2025-08-16,Dione Barbosa,Karine Silva,dione barbosa,karine silva,"('dione barbosa', 'karine silva')",1,0.6880733944954128,1.71,pre_or_event_snapshot,3,BetMGM;DraftKings;FanDuel,us,2025-08-16 23:30:07.866146+00:00,pair_not_found,
http://ufcstats.com/fight-details/9fa6a029f7f8241c,2025-08-16,Aaron Pico,Lerone Murphy,aaron pico,lerone murphy,"('aaron pico', 'lerone murphy')",1,0.5858585858585859,1.71,pre_or_event_snapshot,5,BetMGM;BetOnline.ag;BetRivers;DraftKings;FanDuel,us,2025-08-17 04:00:03.922987+00:00,pair_not_found,
http://ufcstats.com/fight-details/2eecf0c36192e40c,2025-08-23,Johnny Walker,Zhang Mingyang,johnny walker,zhang mingyang,"('johnny walker', 'zhang mingyang')",2,0.7548003668693324,1.28,pre_or_event_snapshot,6,BetAnySports;BetMGM;BetOnline.ag;BetUS;DraftKings;FanDuel,us,2025-08-23 12:30:03.726984+00:00,pair_not_found,
http://ufcstats.com/fight-details/1452c20d964c0a63,2025-08-23,Kiefer Crosbie,Taiyilake Nueraji,kiefer crosbie,taiyilake nueraji,"('kiefer crosbie', 'taiyilake nueraji')",2,0.8090614886731392,1.2,pre_or_event_snapshot,7,BetAnySports;BetMGM;BetOnline.ag;BetRivers;BetUS;DraftKings;FanDuel,us,2025-08-23 10:00:05.468425+00:00,pair_not_found,
http://ufcstats.com/fight-details/58080e8989927500,2025-08-23,Aljamain Sterling,Brian Ortega,aljamain sterling,brian ortega,"('aljamain sterling', 'brian ortega')",1,0.9182879377431906,1.05,pre_or_event_snapshot,3,BetMGM;DraftKings;FanDuel,us,2025-08-23 12:00:05.286695+00:00,pair_not_found,
http://ufcstats.com/fight-details/5538d15c4eeac3b3,2025-08-23,Sergey Pavlovich,Waldo Cortes-Acosta,sergey pavlovich,waldo cortes acosta,"('sergey pavlovich', 'waldo cortes acosta')",1,0.9626064420584968,1.01,pre_or_event_snapshot,1,DraftKings,us,2025-08-23 11:30:03.258485+00:00,pair_not_found,
http://ufcstats.com/fight-details/130e622d4d2aee3e,2025-08-23,Kyle Daukaus,Michel Pereira,kyle daukaus,michel pereira,"('kyle daukaus', 'michel pereira')",2,0.6817668787194747,1.42,pre_or_event_snapshot,6,BetAnySports;BetMGM;BetRivers;BetUS;DraftKings;FanDuel,us,2025-08-22 22:00:05.423656+00:00,pair_not_found,
http://ufcstats.com/fight-details/d56a59a4c79cf515,2025-09-06,Andreas Gustafsson Berg,Rinat Fakhretdinov,andreas gustafsson berg,rinat fakhretdinov,"('andreas gustafsson berg', 'rinat fakhretdinov')",1,0.5300365401396161,1.83,pre_or_event_snapshot,6,BetAnySports;BetOnline.ag;BetRivers;BetUS;DraftKings;FanDuel,us,2025-09-06 16:30:07.712305+00:00,pair_not_found,
http://ufcstats.com/fight-details/5bcd8abf6da01dae,2025-09-06,Caio Borralho,Nassourdine Imavov,caio borralho,nassourdine imavov,"('caio borralho', 'nassourdine imavov')",2,0.914380714879468,1.08,pre_or_event_snapshot,3,BetMGM;DraftKings;FanDuel,us,2025-09-06 22:30:04.085327+00:00,pair_not_found,
http://ufcstats.com/fight-details/d14fea43712707f0,2025-09-06,Benoit Saint-Denis,Mauricio Ruffy,benoit saint denis,mauricio ruffy,"('benoit saint denis', 'mauricio ruffy')",1,0.5943152454780362,1.6,pre_or_event_snapshot,3,BetMGM;DraftKings;FanDuel,us,2025-09-06 21:30:03.486005+00:00,pair_not_found,
http://ufcstats.com/fight-details/5cd2dd6075fadcce,2025-09-06,Harry Hardwick,Kauê Fernandes,harry hardwick,kau fernandes,"('harry hardwick', 'kau fernandes')",2,0.8731082654249127,1.09,pre_or_event_snapshot,1,DraftKings,us,2025-09-06 18:00:05.479312+00:00,pair_not_found,
,2025-09-13,David Dvorak,Mohammed Walid,david dvorak,mohammed walid,"('david dvorak', 'mohammed walid')",1,0.7972270363951472,1.2,historical_import_fallback,8,Grosvenor;LeoVegas;LeoVegas (SE);Unibet;Unibet (SE),eu;uk,NaT,pair_not_found,
,2025-09-13,Gjoni Palokaj,Jakub Batfalsky,gjoni palokaj,jakub batfalsky,"('gjoni palokaj', 'jakub batfalsky')",1,0.5,1.87,historical_import_fallback,8,Grosvenor;LeoVegas;LeoVegas (SE);Unibet;Unibet (SE),eu;uk,NaT,pair_not_found,
,2025-09-13,Lazar Todev,Luis Henrique Barbosa,lazar todev,luis henrique barbosa,"('lazar todev', 'luis henrique barbosa')",1,0.5585106382978724,1.77,historical_import_fallback,8,Grosvenor;LeoVegas;LeoVegas (SE);Unibet;Unibet (SE),eu;uk,NaT,pair_not_found,
,2025-09-13,Alexis Tsarmantidis,Matthew Elliott,alexis tsarmantidis,matthew elliott,"('alexis tsarmantidis', 'matthew elliott')",2,0.8872651356993737,1.08,historical_import_fallback,1,BetOnline.ag,us,NaT,pair_not_found,
,2025-09-13,Andrew Fisher,Orlando Wilson Prins,andrew fisher,orlando wilson prins,"('andrew fisher', 'orlando wilson prins')",2,0.6428571428571428,1.5,historical_import_fallback,1,BetOnline.ag,us,NaT,pair_not_found,
,2025-09-13,Chris Bungard,Simone Patrizi,chris bungard,simone patrizi,"('chris bungard', 'simone patrizi')",1,0.557029177718833,1.67,historical_import_fallback,1,,,NaT,pair_not_found,
,2025-09-13,Connor Patterson,Jake McHugh,connor patterson,jake mchugh,"('connor patterson', 'jake mchugh')",1,0.5,1.91,historical_import_fallback,1,BetOnline.ag,us,NaT,pair_not_found,
,2025-09-13,Giovanni Fernandez,Sam Kelly,giovanni fernandez,sam kelly,"('giovanni fernandez', 'sam kelly')",2,0.6542056074766356,1.48,historical_import_fallback,1,BetOnline.ag,us,NaT,pair_not_found,
,2025-09-13,Ieuan Mackenzie,Keir Harvie,ieuan mackenzie,keir harvie,"('ieuan mackenzie', 'keir harvie')",2,0.6280193236714976,1.54,historical_import_fallback,1,BetOnline.ag,us,NaT,pair_not_found,
,2025-09-13,Richard Kallos,Tom Wright,richard kallos,tom wright,"('richard kallos', 'tom wright')",2,0.6375,1.45,historical_import_fallback,1,,,NaT,pair_not_found,
,2025-09-13,Daniil Donchenko,Rodrigo Sezinando,daniil donchenko,rodrigo sezinando,"('daniil donchenko', 'rodrigo sezinando')",1,0.6443914081145585,1.5,historical_import_fallback,7,BetAnySports;BetMGM;BetOnline.ag;BetRivers;BetUS;DraftKings;FanDuel,us,NaT,pair_not_found,
,2025-09-13,Alice Pereira,Montserrat Rendon,alice pereira,montserrat rendon,"('alice pereira', 'montserrat rendon')",1,0.5710659898477157,1.69,historical_import_fallback,7,BetAnySports;BetMGM;BetOnline.ag;BetRivers;BetUS;DraftKings;FanDuel,us,NaT,pair_not_found,
,2025-09-13,Alex Hernandez,Carlos Diego Ferreira,alex hernandez,carlos diego ferreira,"('alex hernandez', 'carlos diego ferreira')",2,0.5182258994269437,1.91,historical_import_fallback,6,BetAnySports;BetOnline.ag;BetRivers;BetUS;DraftKings;FanDuel,us,NaT,pair_not_found,
,2025-09-13,Sedriques Dumas,Zachary Reese,sedriques dumas,zachary reese,"('sedriques dumas', 'zachary reese')",2,0.6712574185740483,1.45,historical_import_fallback,6,BetAnySports;BetOnline.ag;BetRivers;BetUS;DraftKings;FanDuel,us,NaT,pair_not_found,
,2025-09-13,Jesus Santos Aguilar,Luis Gurule,jesus santos aguilar,luis gurule,"('jesus santos aguilar', 'luis gurule')",2,0.6428571428571428,1.52,historical_import_fallback,6,BetAnySports;BetOnline.ag;BetRivers;BetUS;DraftKings;FanDuel,us,NaT,pair_not_found,
,2025-09-13,Claudio Puelles,Joaquim Silva,claudio puelles,joaquim silva,"('claudio puelles', 'joaquim silva')",1,0.5426356589147286,1.81,historical_import_fallback,7,BetAnySports;BetMGM;BetOnline.ag;BetRivers;BetUS;DraftKings;FanDuel,us,NaT,pair_not_found,
,2025-09-13,Dusko Todorovic,Jose Daniel Medina,dusko todorovic,jose daniel medina,"('dusko todorovic', 'jose daniel medina')",1,0.7761732851985559,1.24,historical_import_fallback,7,BetAnySports;BetMGM;BetOnline.ag;BetRivers;BetUS;DraftKings;FanDuel,us,NaT,pair_not_found,
,2025-09-13,Quang Le,Santiago Luna,quang le,santiago luna,"('quang le', 'santiago luna')",2,0.5515463917525774,1.76,historical_import_fallback,7,BetAnySports;BetMGM;BetOnline.ag;BetRivers;BetUS;DraftKings;FanDuel,us,NaT,pair_not_found,
,2025-09-13,Dustin Stoltzfus,Kelvin Gastelum,dustin stoltzfus,kelvin gastelum,"('dustin stoltzfus', 'kelvin gastelum')",2,0.6670408113826127,1.45,historical_import_fallback,6,BetAnySports;BetOnline.ag;BetRivers;BetUS;DraftKings;FanDuel,us,NaT,pair_not_found,
,2025-09-14,David Martinez,Rob Font,david martinez,rob font,"('david martinez', 'rob font')",2,0.5235637973451752,1.87,historical_import_fallback,14,BetAnySports;BetMGM;BetOnline.ag;BetRivers;BetUS;DraftKings;FanDuel,us,NaT,pair_not_found,
,2025-09-14,Jared Gordon,Rafa Garcia,jared gordon,rafa garcia,"('jared gordon', 'rafa garcia')",1,0.6651162790697673,1.46,historical_import_fallback,7,BetAnySports;BetMGM;BetOnline.ag;BetRivers;BetUS;DraftKings;FanDuel,us,NaT,pair_not_found,
,2025-09-27,Alexia Thainara,Loma Lookboonmee,alexia thainara,loma lookboonmee,"('alexia thainara', 'loma lookboonmee')",1,0.6428571428571429,1.56,historical_import_fallback,17,BetMGM;BetOnline.ag;BetRivers;BetUS;FanDuel,us,NaT,pair_not_found,
,2025-09-27,Andre Petroski,Cam Rowston,andre petroski,cam rowston,"('andre petroski', 'cam rowston')",1,0.5602094240837696,1.77,historical_import_fallback,17,BetMGM;BetOnline.ag;BetRivers;BetUS;FanDuel,us,NaT,pair_not_found,
,2025-09-27,Brando Pericic,Elisha Ellison,brando pericic,elisha ellison,"('brando pericic', 'elisha ellison')",1,0.5909090909090909,1.77,historical_import_fallback,34,BetAnySports;BetOnline.ag;BetRivers;BetUS;DraftKings;FanDuel,us,NaT,pair_not_found,
,2025-09-27,Carlos Ulberg,Dominick Reyes,carlos ulberg,dominick reyes,"('carlos ulberg', 'dominick reyes')",1,0.6385542168674698,1.57,historical_import_fallback,17,BetMGM;BetOnline.ag;BetRivers;BetUS;FanDuel,us,NaT,pair_not_found,
,2025-09-27,Charlie Campbell,Tom Nolan,charlie campbell,tom nolan,"('charlie campbell', 'tom nolan')",2,0.5824742268041236,1.69,historical_import_fallback,17,BetMGM;BetOnline.ag;BetRivers;BetUS;FanDuel,us,NaT,pair_not_found,
,2025-09-27,Ibo Aslan,Junior Tafa,ibo aslan,junior tafa,"('ibo aslan', 'junior tafa')",1,0.5663265306122449,1.72,historical_import_fallback,17,BetMGM;BetOnline.ag;BetRivers;BetUS;FanDuel,us,NaT,pair_not_found,
,2025-09-27,Ivan Erslan,Jim Crute,ivan erslan,jim crute,"('ivan erslan', 'jim crute')",2,0.6643356643356644,1.56,historical_import_fallback,17,BetMGM;BetOnline.ag;BetRivers;BetUS;FanDuel,us,NaT,pair_not_found,
,2025-09-27,Jack Jenkins,Ramon Taveras,jack jenkins,ramon taveras,"('jack jenkins', 'ramon taveras')",1,0.7188160676532769,1.36,historical_import_fallback,17,BetMGM;BetOnline.ag;BetRivers;BetUS;FanDuel,us,NaT,pair_not_found,
,2025-09-27,Jake Matthews,Neil Magny,jake matthews,neil magny,"('jake matthews', 'neil magny')",1,0.7880910683012259,1.22,historical_import_fallback,17,BetMGM;BetOnline.ag;BetRivers;BetUS;FanDuel,us,NaT,pair_not_found,
,2025-09-27,Jonathan Micallef,Oban Elliott,jonathan micallef,oban elliott,"('jonathan micallef', 'oban elliott')",2,0.5130890052356021,1.91,historical_import_fallback,17,BetMGM;BetOnline.ag;BetRivers;BetUS;FanDuel,us,NaT,date_diff_gt_2,126.0
,2025-09-27,Justin Tafa,Louie Sutherland,justin tafa,louie sutherland,"('justin tafa', 'louie sutherland')",1,0.5604113110539846,1.71,historical_import_fallback,17,BetMGM;BetOnline.ag;BetRivers;BetUS;FanDuel,us,NaT,pair_not_found,
,2025-09-27,Navajo Stirling,Rodolfo Bellato,navajo stirling,rodolfo bellato,"('navajo stirling', 'rodolfo bellato')",1,0.6604215456674473,1.47,historical_import_fallback,17,BetMGM;BetOnline.ag;BetRivers;BetUS;FanDuel,us,NaT,pair_not_found,
,2025-10-05,Jiri Prochazka,Khalil Rountree,jiri prochazka,khalil rountree,"('jiri prochazka', 'khalil rountree')",1,0.625,1.57,historical_import_fallback,64,BetMGM;BetOnline.ag;BetRivers;DraftKings;FanDuel,us,NaT,pair_not_found,
,2025-10-19,Aiemann Zahabi,Marlon Vera,aiemann zahabi,marlon vera,"('aiemann zahabi', 'marlon vera')",1,0.5569948186528497,1.8,historical_import_fallback,83,BetMGM;BetOnline.ag;BetRivers;BetUS;DraftKings;FanDuel,us,NaT,pair_not_found,
,2025-10-19,Jasmine Jasudavicius,Manon Fiorot,jasmine jasudavicius,manon fiorot,"('jasmine jasudavicius', 'manon fiorot')",2,0.6651162790697674,1.54,historical_import_fallback,83,BetMGM;BetOnline.ag;BetRivers;BetUS;DraftKings;FanDuel,us,NaT,pair_not_found,
,2025-10-19,Anthony Hernandez,Reinier de Ridder,anthony hernandez,reinier de ridder,"('anthony hernandez', 'reinier de ridder')",1,0.6888888888888889,1.4,historical_import_fallback,13,BetOnline.ag;BetRivers;DraftKings;FanDuel,us,NaT,pair_not_found,
,2025-10-26,Ilia Topuria,Islam Makhachev,ilia topuria,islam makhachev,"('ilia topuria', 'islam makhachev')",2,0.6204379562043795,1.56,historical_import_fallback,20,BetOnline.ag,us,NaT,pair_not_found,
,2025-10-26,Ciryl Gane,Tom Aspinall,ciryl gane,tom aspinall,"('ciryl gane', 'tom aspinall')",2,0.7677902621722846,1.28,historical_import_fallback,114,BetMGM;BetOnline.ag;BetRivers;DraftKings;FanDuel,us,NaT,pair_not_found,
,2025-11-16,Valentina Shevchenko,Weili Zhang,valentina shevchenko,weili zhang,"('valentina shevchenko', 'weili zhang')",1,0.5,1.98,historical_import_fallback,207,BetMGM;BetOnline.ag;BetRivers;DraftKings;FanDuel,us,NaT,pair_not_found,
,2025-12-28,Alex Volkanovski,Ilia Topuria,alex volkanovski,ilia topuria,"('alex volkanovski', 'ilia topuria')",2,0.7411067193675889,1.31,historical_import_fallback,20,BetOnline.ag,us,NaT,pair_not_found,
,2025-12-28,Amanda Nunes,Kayla Harrison,amanda nunes,kayla harrison,"('amanda nunes', 'kayla harrison')",2,0.603448275862069,1.62,historical_import_fallback,38,BetOnline.ag,us,NaT,pair_not_found,
,2025-12-31,Amanda Nunes,Kayla Harrison,amanda nunes,kayla harrison,"('amanda nunes', 'kayla harrison')",2,0.5822784810126582,1.65,historical_import_fallback,46,DraftKings,us,NaT,pair_not_found,
,2025-12-31,Ilia Topuria,Paddy Pimblett,ilia topuria,paddy pimblett,"('ilia topuria', 'paddy pimblett')",1,0.827123695976155,1.2,historical_import_fallback,84,BetOnline.ag;DraftKings,us,NaT,pair_not_found,
,2025-12-31,Anthony Hernandez,Khamzat Chimaev,anthony hernandez,khamzat chimaev,"('anthony hernandez', 'khamzat chimaev')",2,0.7867132867132868,1.22,historical_import_fallback,3,DraftKings,us,NaT,pair_not_found,
,2025-12-31,Caio Borralho,Khamzat Chimaev,caio borralho,khamzat chimaev,"('caio borralho', 'khamzat chimaev')",2,0.8121019108280255,1.2,historical_import_fallback,86,BetOnline.ag;DraftKings,us,NaT,pair_not_found,
,2025-12-31,Khamzat Chimaev,Nassourdine Imavov,khamzat chimaev,nassourdine imavov,"('khamzat chimaev', 'nassourdine imavov')",1,0.8219178082191781,1.18,historical_import_fallback,86,BetOnline.ag;DraftKings,us,NaT,pair_not_found,
,2025-12-31,Khamzat Chimaev,Reinier de Ridder,khamzat chimaev,reinier de ridder,"('khamzat chimaev', 'reinier de ridder')",1,0.8403361344537814,1.14,historical_import_fallback,28,DraftKings,us,NaT,pair_not_found,
,2025-12-31,Arman Tsarukyan,Islam Makhachev,arman tsarukyan,islam makhachev,"('arman tsarukyan', 'islam makhachev')",2,0.7263157894736842,1.3,historical_import_fallback,293,Grosvenor;LeoVegas;LeoVegas (SE);Unibet;Unibet (SE),eu;uk,NaT,pair_not_found,
,2025-12-31,Alex Pereira,Israel Adesanya,alex pereira,israel adesanya,"('alex pereira', 'israel adesanya')",1,0.5396825396825397,1.74,historical_import_fallback,293,Grosvenor;LeoVegas;LeoVegas (SE);Unibet;Unibet (SE),eu;uk,NaT,pair_not_found,
,2025-12-31,Alex Pereira,Jon Jones,alex pereira,jon jones,"('alex pereira', 'jon jones')",2,0.696629213483146,1.35,historical_import_fallback,293,Grosvenor;LeoVegas;LeoVegas (SE);Unibet;Unibet (SE),eu;uk,NaT,pair_not_found,
,2025-12-31,Alex Pereira,Tom Aspinall,alex pereira,tom aspinall,"('alex pereira', 'tom aspinall')",2,0.7485029940119761,1.26,historical_import_fallback,293,Grosvenor;LeoVegas;LeoVegas (SE);Unibet;Unibet (SE),eu;uk,NaT,pair_not_found,
,2025-12-31,Alex Volkanovski,Ilia Topuria,alex volkanovski,ilia topuria,"('alex volkanovski', 'ilia topuria')",2,0.805921052631579,1.18,historical_import_fallback,293,Grosvenor;LeoVegas;LeoVegas (SE);Unibet;Unibet (SE),eu;uk,NaT,pair_not_found,
,2025-12-31,Alex Volkanovski,Max Holloway,alex volkanovski,max holloway,"('alex volkanovski', 'max holloway')",1,0.5691906005221932,1.65,historical_import_fallback,293,Grosvenor;LeoVegas;LeoVegas (SE);Unibet;Unibet (SE),eu;uk,NaT,pair_not_found,
,2025-12-31,Alexa Grasso,Erin Blanchfield,alexa grasso,erin blanchfield,"('alexa grasso', 'erin blanchfield')",1,0.5,1.88,historical_import_fallback,293,Grosvenor;LeoVegas;LeoVegas (SE);Unibet;Unibet (SE),eu;uk,NaT,pair_not_found,
,2025-12-31,Alexa Grasso,Rose Namajunas,alexa grasso,rose namajunas,"('alexa grasso', 'rose namajunas')",1,0.7572815533980582,1.25,historical_import_fallback,293,Grosvenor;LeoVegas;LeoVegas (SE);Unibet;Unibet (SE),eu;uk,NaT,pair_not_found,
,2025-12-31,Alexander Volkov,Tom Aspinall,alexander volkov,tom aspinall,"('alexander volkov', 'tom aspinall')",2,0.7377049180327868,1.28,historical_import_fallback,293,Grosvenor;LeoVegas;LeoVegas (SE);Unibet;Unibet (SE),eu;uk,NaT,pair_not_found,
,2025-12-31,Alexandre Pantoja,Brandon Moreno,alexandre pantoja,brandon moreno,"('alexandre pantoja', 'brandon moreno')",1,0.7692307692307693,1.23,historical_import_fallback,293,Grosvenor;LeoVegas;LeoVegas (SE);Unibet;Unibet (SE),eu;uk,NaT,pair_not_found,
,2025-12-31,Alexandre Pantoja,Joshua Van,alexandre pantoja,joshua van,"('alexandre pantoja', 'joshua van')",1,0.6944823687778146,1.42,historical_import_fallback,16,BetOnline.ag,us,NaT,date_diff_gt_2,-25.0
,2025-12-31,Alexandre Pantoja,Manel Kape,alexandre pantoja,manel kape,"('alexandre pantoja', 'manel kape')",1,0.7096069868995633,1.33,historical_import_fallback,293,Grosvenor;LeoVegas;LeoVegas (SE);Unibet;Unibet (SE),eu;uk,NaT,pair_not_found,
,2025-12-31,Arman Tsarukyan,Ilia Topuria,arman tsarukyan,ilia topuria,"('arman tsarukyan', 'ilia topuria')",2,0.6888888888888889,1.4,historical_import_fallback,36,BetOnline.ag,us,NaT,pair_not_found,
,2025-12-31,Belal Muhammad,Islam Makhachev,belal muhammad,islam makhachev,"('belal muhammad', 'islam makhachev')",2,0.7692307692307692,1.23,historical_import_fallback,293,Grosvenor;LeoVegas;LeoVegas (SE);Unibet;Unibet (SE),eu;uk,NaT,pair_not_found,
,2025-12-31,Belal Muhammad,Shavkat Rakhmonov,belal muhammad,shavkat rakhmonov,"('belal muhammad', 'shavkat rakhmonov')",2,0.7692307692307692,1.23,historical_import_fallback,293,Grosvenor;LeoVegas;LeoVegas (SE);Unibet;Unibet (SE),eu;uk,NaT,pair_not_found,
,2025-12-31,Charles Oliveira,Islam Makhachev,charles oliveira,islam makhachev,"('charles oliveira', 'islam makhachev')",2,0.8437067773167358,1.13,historical_import_fallback,293,Grosvenor;LeoVegas;LeoVegas (SE);Unibet;Unibet (SE),eu;uk,NaT,pair_not_found,
,2025-12-31,Cory Sandhagen,Sean O'Malley,cory sandhagen,sean o malley,"('cory sandhagen', 'sean o malley')",1,0.5691906005221932,1.65,historical_import_fallback,293,Grosvenor;LeoVegas;LeoVegas (SE);Unibet;Unibet (SE),eu;uk,NaT,pair_not_found,
,2025-12-31,Curtis Blaydes,Tom Aspinall,curtis blaydes,tom aspinall,"('curtis blaydes', 'tom aspinall')",2,0.7572815533980582,1.25,historical_import_fallback,293,Grosvenor;LeoVegas;LeoVegas (SE);Unibet;Unibet (SE),eu;uk,NaT,pair_not_found,
,2025-12-31,Dakota Ditcheva,Valentina Shevchenko,dakota ditcheva,valentina shevchenko,"('dakota ditcheva', 'valentina shevchenko')",1,0.6966292134831461,1.35,historical_import_fallback,293,Grosvenor;LeoVegas;LeoVegas (SE);Unibet;Unibet (SE),eu;uk,NaT,pair_not_found,
,2025-12-31,Daniel Hooker,Ilia Topuria,daniel hooker,ilia topuria,"('daniel hooker', 'ilia topuria')",2,0.8270676691729324,1.15,historical_import_fallback,293,Grosvenor;LeoVegas;LeoVegas (SE);Unibet;Unibet (SE),eu;uk,NaT,pair_not_found,
,2025-12-31,Daniel Hooker,Michael Chandler,daniel hooker,michael chandler,"('daniel hooker', 'michael chandler')",1,0.6966292134831461,1.35,historical_import_fallback,293,Grosvenor;LeoVegas;LeoVegas (SE);Unibet;Unibet (SE),eu;uk,NaT,pair_not_found,
,2025-12-31,Diego Lopes,Ilia Topuria,diego lopes,ilia topuria,"('diego lopes', 'ilia topuria')",2,0.8437067773167358,1.13,historical_import_fallback,293,Grosvenor;LeoVegas;LeoVegas (SE);Unibet;Unibet (SE),eu;uk,NaT,pair_not_found,
,2025-12-31,Dricus Du Plessis,Israel Adesanya,dricus du plessis,israel adesanya,"('dricus du plessis', 'israel adesanya')",1,0.7263157894736842,1.3,historical_import_fallback,293,Grosvenor;LeoVegas;LeoVegas (SE);Unibet;Unibet (SE),eu;uk,NaT,date_diff_gt_2,-501.0
,2025-12-31,Erin Blanchfield,Valentina Shevchenko,erin blanchfield,valentina shevchenko,"('erin blanchfield', 'valentina shevchenko')",2,0.6215538847117794,1.51,historical_import_fallback,293,Grosvenor;LeoVegas;LeoVegas (SE);Unibet;Unibet (SE),eu;uk,NaT,pair_not_found,
,2025-12-31,Ilia Topuria,Islam Makhachev,ilia topuria,islam makhachev,"('ilia topuria', 'islam makhachev')",1,0.5,1.88,historical_import_fallback,293,Grosvenor;LeoVegas;LeoVegas (SE);Unibet;Unibet (SE),eu;uk,NaT,pair_not_found,
,2025-12-31,Ilia Topuria,Justin Gaethje,ilia topuria,justin gaethje,"('ilia topuria', 'justin gaethje')",1,0.8016528925619835,1.2,historical_import_fallback,38,BetOnline.ag,us,NaT,pair_not_found,
,2025-12-31,Israel Adesanya,Khamzat Chimaev,israel adesanya,khamzat chimaev,"('israel adesanya', 'khamzat chimaev')",2,0.8357348703170029,1.14,historical_import_fallback,293,Grosvenor;LeoVegas;LeoVegas (SE);Unibet;Unibet (SE),eu;uk,NaT,pair_not_found,
,2025-12-31,Israel Adesanya,Sean Strickland,israel adesanya,sean strickland,"('israel adesanya', 'sean strickland')",1,0.5291005291005291,1.78,historical_import_fallback,293,Grosvenor;LeoVegas;LeoVegas (SE);Unibet;Unibet (SE),eu;uk,NaT,pair_not_found,
,2025-12-31,Jon Jones,Tom Aspinall,jon jones,tom aspinall,"('jon jones', 'tom aspinall')",2,0.5691906005221933,1.65,historical_import_fallback,293,Grosvenor;LeoVegas;LeoVegas (SE);Unibet;Unibet (SE),eu;uk,NaT,pair_not_found,
,2025-12-31,Kamaru Usman,Leon Edwards,kamaru usman,leon edwards,"('kamaru usman', 'leon edwards')",1,0.5,1.88,historical_import_fallback,293,Grosvenor;LeoVegas;LeoVegas (SE);Unibet;Unibet (SE),eu;uk,NaT,pair_not_found,
,2025-12-31,Kamaru Usman,Shavkat Rakhmonov,kamaru usman,shavkat rakhmonov,"('kamaru usman', 'shavkat rakhmonov')",2,0.7572815533980582,1.25,historical_import_fallback,293,Grosvenor;LeoVegas;LeoVegas (SE);Unibet;Unibet (SE),eu;uk,NaT,pair_not_found,
,2025-12-31,Khamzat Chimaev,Sean Strickland,khamzat chimaev,sean strickland,"('khamzat chimaev', 'sean strickland')",1,0.8541392904073586,1.11,historical_import_fallback,293,Grosvenor;LeoVegas;LeoVegas (SE);Unibet;Unibet (SE),eu;uk,NaT,pair_not_found,
,2025-12-31,Leon Edwards,Shavkat Rakhmonov,leon edwards,shavkat rakhmonov,"('leon edwards', 'shavkat rakhmonov')",2,0.797962648556876,1.19,historical_import_fallback,293,Grosvenor;LeoVegas;LeoVegas (SE);Unibet;Unibet (SE),eu;uk,NaT,pair_not_found,
,2025-12-31,Merab Dvalishvili,Petr Yan,merab dvalishvili,petr yan,"('merab dvalishvili', 'petr yan')",1,0.5792207792207792,1.62,historical_import_fallback,111,Grosvenor;LeoVegas;LeoVegas (SE);Unibet;Unibet (SE),eu;uk,NaT,date_diff_gt_2,-25.0
,2025-12-31,Petr Yan,Sean O'Malley,petr yan,sean o malley,"('petr yan', 'sean o malley')",1,0.7263157894736842,1.3,historical_import_fallback,293,Grosvenor;LeoVegas;LeoVegas (SE);Unibet;Unibet (SE),eu;uk,NaT,pair_not_found,
,2025-12-31,Sergey Pavlovich,Tom Aspinall,sergey pavlovich,tom aspinall,"('sergey pavlovich', 'tom aspinall')",2,0.7377049180327868,1.28,historical_import_fallback,293,Grosvenor;LeoVegas;LeoVegas (SE);Unibet;Unibet (SE),eu;uk,NaT,pair_not_found,
,2025-12-31,Weili Zhang,Yan Xiaonan,weili zhang,yan xiaonan,"('weili zhang', 'yan xiaonan')",1,0.5602094240837696,1.68,historical_import_fallback,293,Grosvenor;LeoVegas;LeoVegas (SE);Unibet;Unibet (SE),eu;uk,NaT,pair_not_found,
,2026-01-01,Khamzat Chimaev,Michael Page,khamzat chimaev,michael page,"('khamzat chimaev', 'michael page')",1,0.9128630705394192,1.05,historical_import_fallback,58,BetOnline.ag,us,NaT,pair_not_found,
,2026-01-01,Alex Volkanovski,Movsar Evloev,alex volkanovski,movsar evloev,"('alex volkanovski', 'movsar evloev')",1,0.5104712041884817,1.87,historical_import_fallback,20,BetOnline.ag,us,NaT,pair_not_found,
,2026-01-01,Diego Lopes,Yair Rodriguez,diego lopes,yair rodriguez,"('diego lopes', 'yair rodriguez')",1,0.6938325991189427,1.39,historical_import_fallback,38,BetOnline.ag,us,NaT,pair_not_found,
,2026-01-01,Natalia Silva,Valentina Shevchenko,natalia silva,valentina shevchenko,"('natalia silva', 'valentina shevchenko')",1,0.5663265306122449,1.7,historical_import_fallback,20,BetOnline.ag,us,NaT,pair_not_found,
,2025-09-13,Edgar Delgado,Khalid Taha,edgar delgado,khalid taha,"('edgar delgado', 'khalid taha')",2,0.6626506024096386,1.4,historical_import_fallback,6,Grosvenor;LeoVegas;LeoVegas (SE);Unibet;Unibet (SE),eu;uk,NaT,pair_not_found,
,2025-09-13,Emir-Can Al,Lukáš Eliáš,emir can al,luk eli,"('emir can al', 'luk eli')",1,0.5905511811023622,1.56,historical_import_fallback,6,Grosvenor;LeoVegas;LeoVegas (SE);Unibet;Unibet (SE),eu;uk,NaT,pair_not_found,
,2025-09-13,Mochamed Machaev,Wanderley Junior,mochamed machaev,wanderley junior,"('mochamed machaev', 'wanderley junior')",1,0.7972270363951472,1.17,historical_import_fallback,6,Grosvenor;LeoVegas;LeoVegas (SE);Unibet;Unibet (SE),eu;uk,NaT,pair_not_found,
,2025-09-13,Mitchell Mckee,Pedro Nobre,mitchell mckee,pedro nobre,"('mitchell mckee', 'pedro nobre')",1,0.9426902685329651,1.02,historical_import_fallback,2,,,NaT,pair_not_found,
,2025-09-13,Cristina Brador,Mackenzie Stiller,cristina brador,mackenzie stiller,"('cristina brador', 'mackenzie stiller')",2,0.5875,1.65,historical_import_fallback,1,,,NaT,pair_not_found,
,2025-09-13,Alex Coover,Santos Verdinez,alex coover,santos verdinez,"('alex coover', 'santos verdinez')",2,0.6389548693586699,1.52,historical_import_fallback,1,,,NaT,pair_not_found,
,2025-09-13,Christian Turner,Joey Hart,christian turner,joey hart,"('christian turner', 'joey hart')",2,0.5710659898477157,1.69,historical_import_fallback,1,,,NaT,pair_not_found,
,2025-09-13,Cheyanne Bowers,Maritza Sanchez,cheyanne bowers,maritza sanchez,"('cheyanne bowers', 'maritza sanchez')",1,0.7677902621722846,1.24,historical_import_fallback,1,,,NaT,pair_not_found,
,2025-09-13,Braden Peterson,Gable Steveson,braden peterson,gable steveson,"('braden peterson', 'gable steveson')",2,0.9202453987730062,1.04,historical_import_fallback,1,,,NaT,pair_not_found,
,2025-09-13,Abdullah Sultani,Hugo Vach,abdullah sultani,hugo vach,"('abdullah sultani', 'hugo vach')",2,0.7662835249042146,1.22,historical_import_fallback,7,Grosvenor;LeoVegas;LeoVegas (SE);Unibet;Unibet (SE),eu;uk,NaT,pair_not_found,
,2025-09-13,Arian Sadiković,Dawid Jarowienko,arian sadikovi,dawid jarowienko,"('arian sadikovi', 'dawid jarowienko')",1,0.7142857142857143,1.3,historical_import_fallback,6,Grosvenor;LeoVegas;LeoVegas (SE);Unibet;Unibet (SE),eu;uk,NaT,pair_not_found,
,2025-09-13,Emilio Quissua,Mateusz Strzelczyk,emilio quissua,mateusz strzelczyk,"('emilio quissua', 'mateusz strzelczyk')",1,0.7309322033898306,1.3,historical_import_fallback,7,Grosvenor;LeoVegas;LeoVegas (SE);Unibet;Unibet (SE),eu;uk,NaT,pair_not_found,
,2025-09-13,Jared Gordon,Rafa Garcia,jared gordon,rafa garcia,"('jared gordon', 'rafa garcia')",1,0.5305039787798408,1.89,historical_import_fallback,3,BetMGM;DraftKings;FanDuel,us,NaT,pair_not_found,
,2025-09-17,Adam Livingston,Thomas Gantt,adam livingston,thomas gantt,"('adam livingston', 'thomas gantt')",2,0.5792829949238579,1.69,historical_import_fallback,4,BetOnline.ag;FanDuel,us,NaT,pair_not_found,
,2025-09-17,Cody Chovancek,Raphael Uchegbu,cody chovancek,raphael uchegbu,"('cody chovancek', 'raphael uchegbu')",2,0.5875,1.77,historical_import_fallback,4,BetOnline.ag;FanDuel,us,NaT,pair_not_found,
,2025-09-17,In Soo Hwang,Paddy Mccorry,in soo hwang,paddy mccorry,"('in soo hwang', 'paddy mccorry')",2,0.6993070364982746,1.41,historical_import_fallback,2,BetOnline.ag,us,NaT,pair_not_found,
,2025-09-17,Iwo Baraniewski,Mahamed Aly,iwo baraniewski,mahamed aly,"('iwo baraniewski', 'mahamed aly')",2,0.6919195092831144,1.43,historical_import_fallback,4,BetOnline.ag;FanDuel,us,NaT,pair_not_found,
,2025-09-17,Enrique Hecher Sosa,Mackson Lee,enrique hecher sosa,mackson lee,"('enrique hecher sosa', 'mackson lee')",2,0.5743294123756848,1.79,historical_import_fallback,4,BetOnline.ag;FanDuel,us,NaT,pair_not_found,
,2025-09-19,Brendan Allen,Reinier de Ridder,brendan allen,reinier de ridder,"('brendan allen', 'reinier de ridder')",2,0.6064356435643564,1.59,historical_import_fallback,1,BetOnline.ag,us,NaT,pair_not_found,
,2025-09-20,Abou Tounkara,Daniel Weichel,abou tounkara,daniel weichel,"('abou tounkara', 'daniel weichel')",2,0.6975845803513337,1.34,historical_import_fallback,4,BetOnline.ag,us,NaT,pair_not_found,
,2025-09-20,Ayton De Paepe,James Hendin,ayton de paepe,james hendin,"('ayton de paepe', 'james hendin')",2,0.7958751273936598,1.18,historical_import_fallback,4,BetOnline.ag,us,NaT,pair_not_found,
,2025-09-20,Denis Frimpong,Peter Gabal,denis frimpong,peter gabal,"('denis frimpong', 'peter gabal')",1,0.6670434969853575,1.45,historical_import_fallback,4,BetOnline.ag,us,NaT,pair_not_found,
,2025-09-20,Fedor Duric,Petru Buzdugan,fedor duric,petru buzdugan,"('fedor duric', 'petru buzdugan')",1,0.8812092618302467,1.14,historical_import_fallback,4,BetOnline.ag,us,NaT,pair_not_found,
,2025-09-20,Hafeni Nafuka,Kevin Enz,hafeni nafuka,kevin enz,"('hafeni nafuka', 'kevin enz')",1,0.8612440191387559,1.17,historical_import_fallback,4,BetOnline.ag,us,NaT,pair_not_found,
,2025-09-20,Andrzej Grzebyk,Muslim Tulshaev,andrzej grzebyk,muslim tulshaev,"('andrzej grzebyk', 'muslim tulshaev')",1,0.575836903062034,1.68,historical_import_fallback,4,BetOnline.ag,us,NaT,pair_not_found,
,2025-09-20,Lukasz Charzewski,Piotr Kacprzak,lukasz charzewski,piotr kacprzak,"('lukasz charzewski', 'piotr kacprzak')",1,0.5484653683746139,1.74,historical_import_fallback,4,BetOnline.ag,us,NaT,pair_not_found,
,2025-09-20,Mateusz Makarowski,Welisson Paiva,mateusz makarowski,welisson paiva,"('mateusz makarowski', 'welisson paiva')",2,0.579611908559277,1.65,historical_import_fallback,4,BetOnline.ag,us,NaT,pair_not_found,
,2025-09-20,Ricardo Prasel,Szymon Bajor,ricardo prasel,szymon bajor,"('ricardo prasel', 'szymon bajor')",2,0.606060606060606,1.59,historical_import_fallback,4,BetOnline.ag,us,NaT,pair_not_found,
,2025-09-28,Andre Petroski,Cam Rowston,andre petroski,cam rowston,"('andre petroski', 'cam rowston')",1,0.5641025641025641,1.77,historical_import_fallback,25,BetAnySports;BetMGM;BetOnline.ag;BetRivers;BetUS;DraftKings;FanDuel,us,NaT,pair_not_found,
,2025-09-28,Jonathan Micallef,Oban Elliott,jonathan micallef,oban elliott,"('jonathan micallef', 'oban elliott')",2,0.5324675324675324,1.91,historical_import_fallback,25,BetAnySports;BetMGM;BetOnline.ag;BetRivers;BetUS;DraftKings;FanDuel,us,NaT,date_diff_gt_2,125.0
,2025-09-28,Alexia Thainara,Loma Lookboonmee,alexia thainara,loma lookboonmee,"('alexia thainara', 'loma lookboonmee')",1,0.6697459584295612,1.53,historical_import_fallback,25,BetAnySports;BetMGM;BetOnline.ag;BetRivers;BetUS;DraftKings;FanDuel,us,NaT,pair_not_found,
,2025-09-28,Navajo Stirling,Rodolfo Bellato,navajo stirling,rodolfo bellato,"('navajo stirling', 'rodolfo bellato')",1,0.6727688787185355,1.45,historical_import_fallback,25,BetAnySports;BetMGM;BetOnline.ag;BetRivers;BetUS;DraftKings;FanDuel,us,NaT,pair_not_found,
,2025-09-28,Justin Tafa,Louie Sutherland,justin tafa,louie sutherland,"('justin tafa', 'louie sutherland')",1,0.5468749999999999,1.83,historical_import_fallback,25,BetAnySports;BetMGM;BetOnline.ag;BetRivers;BetUS;DraftKings;FanDuel,us,NaT,pair_not_found,
,2025-09-28,Charlie Campbell,Tom Nolan,charlie campbell,tom nolan,"('charlie campbell', 'tom nolan')",2,0.5824742268041236,1.67,historical_import_fallback,24,BetAnySports;BetMGM;BetOnline.ag;BetRivers;BetUS;DraftKings;FanDuel,us,NaT,pair_not_found,
,2025-09-28,Jake Matthews,Neil Magny,jake matthews,neil magny,"('jake matthews', 'neil magny')",1,0.8016528925619835,1.25,historical_import_fallback,25,BetAnySports;BetMGM;BetOnline.ag;BetRivers;BetUS;DraftKings;FanDuel,us,NaT,pair_not_found,
,2025-09-28,Ivan Erslan,Jim Crute,ivan erslan,jim crute,"('ivan erslan', 'jim crute')",2,0.6188118811881187,1.57,historical_import_fallback,25,BetAnySports;BetMGM;BetOnline.ag;BetRivers;BetUS;DraftKings;FanDuel,us,NaT,pair_not_found,
,2025-09-28,Jack Jenkins,Ramon Taveras,jack jenkins,ramon taveras,"('jack jenkins', 'ramon taveras')",1,0.7142857142857143,1.37,historical_import_fallback,25,BetAnySports;BetMGM;BetOnline.ag;BetRivers;BetUS;DraftKings;FanDuel,us,NaT,pair_not_found,
,2025-09-28,Ibo Aslan,Junior Tafa,ibo aslan,junior tafa,"('ibo aslan', 'junior tafa')",1,0.5903307888040712,1.69,historical_import_fallback,15,BetMGM;BetOnline.ag;BetRivers;BetUS;DraftKings;FanDuel,us,NaT,pair_not_found,
,2025-09-28,Carlos Ulberg,Dominick Reyes,carlos ulberg,dominick reyes,"('carlos ulberg', 'dominick reyes')",1,0.6781609195402298,1.44,historical_import_fallback,25,BetAnySports;BetMGM;BetOnline.ag;BetRivers;BetUS;DraftKings;FanDuel,us,NaT,pair_not_found,
,2025-10-04,Brogan Walker-Sanchez,Veronica Hardy,brogan walker sanchez,veronica hardy,"('brogan walker sanchez', 'veronica hardy')",2,0.8256880733944955,1.17,historical_import_fallback,23,BetOnline.ag;BetRivers;DraftKings;FanDuel,us,NaT,pair_not_found,
,2025-10-04,Daniel Santos,Joo Sang Yoo,daniel santos,joo sang yoo,"('daniel santos', 'joo sang yoo')",2,0.5324675324675324,1.91,historical_import_fallback,3,BetOnline.ag,us,NaT,missing_dob,
,2025-10-05,Ateba Gautier,Ozzy Diaz,ateba gautier,ozzy diaz,"('ateba gautier', 'ozzy diaz')",1,0.8519003931847969,1.13,historical_import_fallback,5,BetOnline.ag;FanDuel,us,NaT,pair_not_found,
,2025-10-05,Jakub Wiklacz,Patchy Mix,jakub wiklacz,patchy mix,"('jakub wiklacz', 'patchy mix')",2,0.6682027649769585,1.44,historical_import_fallback,3,BetOnline.ag,us,NaT,pair_not_found,
,2025-10-05,Abusupyian Magomedov,Joseph Pyfer,abusupyian magomedov,joseph pyfer,"('abusupyian magomedov', 'joseph pyfer')",2,0.6802721088435375,1.59,historical_import_fallback,17,BetOnline.ag;DraftKings;FanDuel,us,NaT,pair_not_found,
,2025-10-05,Josh Emmett,Youssef Zalal,josh emmett,youssef zalal,"('josh emmett', 'youssef zalal')",2,0.7880910683012259,1.29,historical_import_fallback,29,BetMGM;BetOnline.ag;BetRivers;DraftKings;FanDuel,us,NaT,pair_not_found,
,2025-09-21,Pat Sabatini,Richie Lewis,pat sabatini,richie lewis,"('pat sabatini', 'richie lewis')",1,0.7983193277310925,1.2,historical_import_fallback,3,BetOnline.ag,us,NaT,pair_not_found,
,2025-10-19,Brendan Allen,Reinier de Ridder,brendan allen,reinier de ridder,"('brendan allen', 'reinier de ridder')",2,0.6340588166647216,1.58,historical_import_fallback,84,BetMGM;BetOnline.ag;BetRivers;BetUS;DraftKings;FanDuel,us,NaT,pair_not_found,
,2025-09-20,Madars Fleminas,Tymoteusz Łopaczyk,madars fleminas,tymoteusz opaczyk,"('madars fleminas', 'tymoteusz opaczyk')",2,0.6477832512315271,1.43,historical_import_fallback,12,Grosvenor;LeoVegas;LeoVegas (SE);Unibet;Unibet (NL);Unibet (SE),eu;uk,NaT,pair_not_found,
,2025-09-20,Piotr Kacprzak,Łukasz Charzewski,piotr kacprzak,ukasz charzewski,"('piotr kacprzak', 'ukasz charzewski')",2,0.5508021390374331,1.68,historical_import_fallback,12,Grosvenor;LeoVegas;LeoVegas (SE);Unibet;Unibet (NL);Unibet (SE),eu;uk,NaT,pair_not_found,
,2025-09-20,Adam Tomasik,Michal Dreczkowski,adam tomasik,michal dreczkowski,"('adam tomasik', 'michal dreczkowski')",2,0.7344064386317908,1.32,historical_import_fallback,1,BetOnline.ag,us,NaT,pair_not_found,
,2025-09-20,Krystian Blezien,Sasha Moisa,krystian blezien,sasha moisa,"('krystian blezien', 'sasha moisa')",2,0.5526992287917738,1.74,historical_import_fallback,1,BetOnline.ag,us,NaT,pair_not_found,
,2025-09-20,Mariusz Książkiewicz,Sergiusz Zajac,mariusz ksi kiewicz,sergiusz zajac,"('mariusz ksi kiewicz', 'sergiusz zajac')",2,0.6986899563318778,1.38,historical_import_fallback,1,BetOnline.ag,us,NaT,pair_not_found,
,2025-09-20,Przemyslaw Gorny,Sebastian Decowski,przemyslaw gorny,sebastian decowski,"('przemyslaw gorny', 'sebastian decowski')",2,0.6823266219239373,1.42,historical_import_fallback,1,BetOnline.ag,us,NaT,pair_not_found,
,2025-09-20,Rogerio Bontorin,Vitaliy Yakimenko,rogerio bontorin,vitaliy yakimenko,"('rogerio bontorin', 'vitaliy yakimenko')",1,0.6477541371158392,1.49,historical_import_fallback,1,BetOnline.ag,us,NaT,pair_not_found,
,2025-10-04,Jakub Wiklacz,Patchy Mix,jakub wiklacz,patchy mix,"('jakub wiklacz', 'patchy mix')",2,0.7195775253520622,1.44,historical_import_fallback,26,BetMGM;BetOnline.ag;BetRivers;DraftKings;FanDuel,us,NaT,pair_not_found,
,2025-10-05,Daniel Santos,Joo Sang Yoo,daniel santos,joo sang yoo,"('daniel santos', 'joo sang yoo')",1,0.5658932327312791,2.05,historical_import_fallback,26,BetMGM;BetOnline.ag;BetRivers;DraftKings;FanDuel,us,NaT,missing_dob,
,2025-10-03,Corey Anderson,Dovletdzhan Yagshimuradov,corey anderson,dovletdzhan yagshimuradov,"('corey anderson', 'dovletdzhan yagshimuradov')",1,0.6849315068493151,1.48,historical_import_fallback,4,FanDuel,us,NaT,pair_not_found,
,2025-10-03,Paul Hughes,Usman Nurmagomedov,paul hughes,usman nurmagomedov,"('paul hughes', 'usman nurmagomedov')",2,0.6758620689655173,1.49,historical_import_fallback,5,FanDuel,us,NaT,pair_not_found,
,2025-10-11,Mohammed Usman,Valter Walker,mohammed usman,valter walker,"('mohammed usman', 'valter walker')",2,0.7163865546218487,1.4,historical_import_fallback,48,BetMGM;BetOnline.ag;BetRivers;BetUS;DraftKings;FanDuel,us,NaT,pair_not_found,
,2025-10-03,Archie Colgan,Jay Jay Wilson,archie colgan,jay jay wilson,"('archie colgan', 'jay jay wilson')",1,0.7080610021786492,1.34,historical_import_fallback,3,FanDuel,us,NaT,pair_not_found,
,2025-10-03,Magomed Magomedov,Sergio Pettis,magomed magomedov,sergio pettis,"('magomed magomedov', 'sergio pettis')",1,0.6587112171837709,1.45,historical_import_fallback,3,FanDuel,us,NaT,pair_not_found,
,2025-10-03,Florim Zendeli,Omar El Dafrawy,florim zendeli,omar el dafrawy,"('florim zendeli', 'omar el dafrawy')",2,0.6022054534397379,1.68,historical_import_fallback,2,FanDuel,us,NaT,pair_not_found,
,2025-10-03,John Mitchell,Makkasharip Zaynukov,john mitchell,makkasharip zaynukov,"('john mitchell', 'makkasharip zaynukov')",2,0.696738369331564,1.38,historical_import_fallback,2,FanDuel,us,NaT,pair_not_found,
,2025-10-03,Pouya Rahmani,Slim Trabelsi,pouya rahmani,slim trabelsi,"('pouya rahmani', 'slim trabelsi')",1,0.7148012436153675,1.36,historical_import_fallback,2,FanDuel,us,NaT,pair_not_found,
,2025-10-03,Takeshi Izumi,Vinicius Cenci,takeshi izumi,vinicius cenci,"('takeshi izumi', 'vinicius cenci')",2,0.6658860265417642,1.44,historical_import_fallback,2,FanDuel,us,NaT,pair_not_found,
,2025-10-11,Jhonata Diniz,Mario Pinto,jhonata diniz,mario pinto,"('jhonata diniz', 'mario pinto')",2,0.5604113110539846,2.15,historical_import_fallback,29,BetMGM;BetOnline.ag;BetRivers;BetUS;DraftKings;FanDuel,us,NaT,pair_not_found,
,2025-10-11,Lucas Almeida,Michael Aswell,lucas almeida,michael aswell,"('lucas almeida', 'michael aswell')",2,0.5739795918367347,1.74,historical_import_fallback,53,BetMGM;BetOnline.ag;BetRivers;BetUS;DraftKings;FanDuel,us,NaT,pair_not_found,
,2025-11-23,Arman Tsarukyan,Daniel Hooker,arman tsarukyan,daniel hooker,"('arman tsarukyan', 'daniel hooker')",1,0.741869918699187,1.31,historical_import_fallback,61,BetOnline.ag;BetRivers;DraftKings;FanDuel,us,NaT,pair_not_found,
,2025-10-03,Caolan Loughran,Jack Shore,caolan loughran,jack shore,"('caolan loughran', 'jack shore')",1,0.7867132867132867,1.22,historical_import_fallback,1,FanDuel,us,NaT,pair_not_found,
,2025-10-03,Luann Sardinha,Mirafzal Akhtamov,luann sardinha,mirafzal akhtamov,"('luann sardinha', 'mirafzal akhtamov')",1,0.5727040816326532,1.68,historical_import_fallback,2,BetMGM;FanDuel,us,NaT,pair_not_found,
,2025-10-04,Adrian Kępa,Daniele Scatizzi,adrian k pa,daniele scatizzi,"('adrian k pa', 'daniele scatizzi')",2,0.7662835249042146,1.22,historical_import_fallback,18,Grosvenor;LeoVegas;LeoVegas (SE);Unibet;Unibet (NL);Unibet (SE),eu;uk,NaT,pair_not_found,
,2025-10-04,Claudio Ribeiro,Dario Bellandi,claudio ribeiro,dario bellandi,"('claudio ribeiro', 'dario bellandi')",2,0.5631578947368421,1.66,historical_import_fallback,12,Grosvenor;LeoVegas;LeoVegas (SE);Unibet;Unibet (NL);Unibet (SE),eu;uk,NaT,pair_not_found,
,2025-10-04,Daniele Battaglia,Theodor Berggren,daniele battaglia,theodor berggren,"('daniele battaglia', 'theodor berggren')",2,0.679245283018868,1.36,historical_import_fallback,12,Grosvenor;LeoVegas;LeoVegas (SE);Unibet;Unibet (NL);Unibet (SE),eu;uk,NaT,pair_not_found,
,2025-10-04,Dimitrios Tzeiranidis,Emanuele Tetti,dimitrios tzeiranidis,emanuele tetti,"('dimitrios tzeiranidis', 'emanuele tetti')",2,0.8357558139534884,1.13,historical_import_fallback,12,Grosvenor;LeoVegas;LeoVegas (SE);Unibet;Unibet (NL);Unibet (SE),eu;uk,NaT,pair_not_found,
,2025-10-04,Dylan Hazan,Igor Wojtas,dylan hazan,igor wojtas,"('dylan hazan', 'igor wojtas')",1,0.7662835249042146,1.22,historical_import_fallback,12,Grosvenor;LeoVegas;LeoVegas (SE);Unibet;Unibet (NL);Unibet (SE),eu;uk,NaT,pair_not_found,
,2025-10-04,Francesco Nuzzi,Lucas Rodrigues,francesco nuzzi,lucas rodrigues,"('francesco nuzzi', 'lucas rodrigues')",1,0.7662835249042146,1.22,historical_import_fallback,12,Grosvenor;LeoVegas;LeoVegas (SE);Unibet;Unibet (NL);Unibet (SE),eu;uk,NaT,pair_not_found,
,2025-10-04,Jack Foote,Pietro Mochetti,jack foote,pietro mochetti,"('jack foote', 'pietro mochetti')",2,0.5687290033594625,1.66,historical_import_fallback,12,Grosvenor;LeoVegas;LeoVegas (SE);Unibet;Unibet (NL);Unibet (SE),eu;uk,NaT,pair_not_found,
,2025-10-04,Luca Borando,Tariel Abbasov,luca borando,tariel abbasov,"('luca borando', 'tariel abbasov')",1,0.673758865248227,1.38,historical_import_fallback,12,Grosvenor;LeoVegas;LeoVegas (SE);Unibet;Unibet (NL);Unibet (SE),eu;uk,NaT,pair_not_found,
,2025-10-04,Nicolas Barna,Simone D'Anna,nicolas barna,simone d anna,"('nicolas barna', 'simone d anna')",2,0.8426966292134832,1.12,historical_import_fallback,12,Grosvenor;LeoVegas;LeoVegas (SE);Unibet;Unibet (NL);Unibet (SE),eu;uk,NaT,pair_not_found,
,2025-10-04,Ayton De Paepe,Karol Ryšavý,ayton de paepe,karol ry av,"('ayton de paepe', 'karol ry av')",1,0.5508021390374332,1.68,historical_import_fallback,10,Grosvenor;LeoVegas;LeoVegas (SE);Unibet;Unibet (SE),eu;uk,NaT,pair_not_found,
,2025-10-04,Daniel Solaja,Marco Novák,daniel solaja,marco nov k,"('daniel solaja', 'marco nov k')",2,0.5905511811023623,1.56,historical_import_fallback,10,Grosvenor;LeoVegas;LeoVegas (SE);Unibet;Unibet (SE),eu;uk,NaT,pair_not_found,
,2025-10-04,Hojat Khajevand,Krzysztof Jotko,hojat khajevand,krzysztof jotko,"('hojat khajevand', 'krzysztof jotko')",2,0.816,1.15,historical_import_fallback,10,Grosvenor;LeoVegas;LeoVegas (SE);Unibet;Unibet (SE),eu;uk,NaT,pair_not_found,
,2025-10-04,Ivan Buchinger,Richie Smullen,ivan buchinger,richie smullen,"('ivan buchinger', 'richie smullen')",2,0.5283018867924529,1.75,historical_import_fallback,10,Grosvenor;LeoVegas;LeoVegas (SE);Unibet;Unibet (SE),eu;uk,NaT,pair_not_found,
,2025-10-04,Dominik Humburger,Kerim Engizek,dominik humburger,kerim engizek,"('dominik humburger', 'kerim engizek')",2,0.6495098039215687,1.43,historical_import_fallback,10,Grosvenor;LeoVegas;LeoVegas (SE);Unibet;Unibet (SE),eu;uk,NaT,pair_not_found,
,2025-10-04,Chiara Penco,Fabiola Pidroni,chiara penco,fabiola pidroni,"('chiara penco', 'fabiola pidroni')",2,0.6138107416879796,1.51,historical_import_fallback,6,Grosvenor;LeoVegas;LeoVegas (SE);Unibet;Unibet (NL);Unibet (SE),eu;uk,NaT,pair_not_found,
,2025-10-04,Claudio Iancu,Kevin Caperna,claudio iancu,kevin caperna,"('claudio iancu', 'kevin caperna')",2,0.6388206388206388,1.47,historical_import_fallback,6,Grosvenor;LeoVegas;LeoVegas (SE);Unibet;Unibet (NL);Unibet (SE),eu;uk,NaT,pair_not_found,
,2025-10-04,Daniel Karlsson,Nicolo Solli,daniel karlsson,nicolo solli,"('daniel karlsson', 'nicolo solli')",2,0.6297229219143576,1.47,historical_import_fallback,6,Grosvenor;LeoVegas;LeoVegas (SE);Unibet;Unibet (NL);Unibet (SE),eu;uk,NaT,pair_not_found,
,2025-10-04,Francesco Tumminiello,Gabriele Cera,francesco tumminiello,gabriele cera,"('francesco tumminiello', 'gabriele cera')",1,0.738045738045738,1.26,historical_import_fallback,6,Grosvenor;LeoVegas;LeoVegas (SE);Unibet;Unibet (NL);Unibet (SE),eu;uk,NaT,pair_not_found,
,2025-10-04,Gabriele Casella,Rob Earls,gabriele casella,rob earls,"('gabriele casella', 'rob earls')",1,0.9049773755656108,1.05,historical_import_fallback,6,Grosvenor;LeoVegas;LeoVegas (SE);Unibet;Unibet (NL);Unibet (SE),eu;uk,NaT,pair_not_found,
,2025-10-04,Lorenzo de Nigris,Niko Ceraglia,lorenzo de nigris,niko ceraglia,"('lorenzo de nigris', 'niko ceraglia')",2,0.9265858873841768,1.03,historical_import_fallback,6,Grosvenor;LeoVegas;LeoVegas (SE);Unibet;Unibet (NL);Unibet (SE),eu;uk,NaT,pair_not_found,
,2025-10-04,Ana Carolina Araujo,Veronika Smolkova,ana carolina araujo,veronika smolkova,"('ana carolina araujo', 'veronika smolkova')",2,0.8460471567267683,1.11,historical_import_fallback,5,Grosvenor;LeoVegas;LeoVegas (SE);Unibet;Unibet (SE),eu;uk,NaT,pair_not_found,
,2025-10-04,Atenea Flores,Monika Chochlíková,atenea flores,monika chochl kov,"('atenea flores', 'monika chochl kov')",2,0.8946322067594433,1.06,historical_import_fallback,5,Grosvenor;LeoVegas;LeoVegas (SE);Unibet;Unibet (SE),eu;uk,NaT,pair_not_found,
,2025-10-04,Daniel Schwindt,Vlasto Cepo,daniel schwindt,vlasto cepo,"('daniel schwindt', 'vlasto cepo')",2,0.711111111111111,1.3,historical_import_fallback,5,Grosvenor;LeoVegas;LeoVegas (SE);Unibet;Unibet (SE),eu;uk,NaT,pair_not_found,
,2025-10-04,Jaime Cordero,Samuel Kristofic,jaime cordero,samuel kristofic,"('jaime cordero', 'samuel kristofic')",1,0.5081081081081081,1.82,historical_import_fallback,5,Grosvenor;LeoVegas;LeoVegas (SE);Unibet;Unibet (SE),eu;uk,NaT,pair_not_found,
,2025-10-04,Jorick Montagnac,Mateusz Duczmal,jorick montagnac,mateusz duczmal,"('jorick montagnac', 'mateusz duczmal')",1,0.8130081300813009,1.15,historical_import_fallback,5,Grosvenor;LeoVegas;LeoVegas (SE);Unibet;Unibet (SE),eu;uk,NaT,pair_not_found,
,2025-10-04,Konrad Dyrschka,Tomáš Cigánik,konrad dyrschka,tom cig nik,"('konrad dyrschka', 'tom cig nik')",1,0.5905511811023622,1.56,historical_import_fallback,5,Grosvenor;LeoVegas;LeoVegas (SE);Unibet;Unibet (SE),eu;uk,NaT,pair_not_found,
,2025-10-05,Ateba Gautier,Tre'ston Vines,ateba gautier,tre ston vines,"('ateba gautier', 'tre ston vines')",1,0.9083044982698962,1.06,historical_import_fallback,6,BetRivers;DraftKings;FanDuel,us,NaT,pair_not_found,
,2026-06-14,Alex Pereira,Carlos Ulberg,alex pereira,carlos ulberg,"('alex pereira', 'carlos ulberg')",1,0.6280193236714976,1.57,historical_import_fallback,167,BetOnline.ag,us,NaT,pair_not_found,
,2026-06-14,Carlos Ulberg,Magomed Ankalaev,carlos ulberg,magomed ankalaev,"('carlos ulberg', 'magomed ankalaev')",2,0.6888888888888889,1.4,historical_import_fallback,167,BetOnline.ag,us,NaT,pair_not_found,
,2025-10-12,Jhonata Diniz,Mario Pinto,jhonata diniz,mario pinto,"('jhonata diniz', 'mario pinto')",1,0.5249255952380953,2.0,historical_import_fallback,30,BetMGM;BetOnline.ag;BetRivers;BetUS;DraftKings;FanDuel,us,NaT,pair_not_found,
,2025-10-18,Bruno Silva,Hyun Sung Park,bruno silva,hyun sung park,"('bruno silva', 'hyun sung park')",2,0.6818181818181819,1.48,historical_import_fallback,50,BetMGM;BetOnline.ag;BetRivers;BetUS;DraftKings;FanDuel,us,NaT,missing_dob,
,2025-10-18,Charles Jourdain,Davey Grant,charles jourdain,davey grant,"('charles jourdain', 'davey grant')",1,0.6034912718204488,1.91,historical_import_fallback,56,BetMGM;BetOnline.ag;BetRivers;BetUS;DraftKings;FanDuel,us,NaT,pair_not_found,
,2025-10-18,Danny Barlow,Djorden Santos,danny barlow,djorden santos,"('danny barlow', 'djorden santos')",1,0.7188160676532769,1.42,historical_import_fallback,50,BetMGM;BetOnline.ag;BetRivers;BetUS;DraftKings;FanDuel,us,NaT,pair_not_found,
,2025-10-18,Ravena Oliveira,Stephanie Luciano,ravena oliveira,stephanie luciano,"('ravena oliveira', 'stephanie luciano')",2,0.730424141829437,1.36,historical_import_fallback,50,BetMGM;BetOnline.ag;BetRivers;BetUS;DraftKings;FanDuel,us,NaT,pair_not_found,
,2025-10-18,Aori Qileng,Cody Gibson,aori qileng,cody gibson,"('aori qileng', 'cody gibson')",2,0.590619939856581,1.83,historical_import_fallback,50,BetMGM;BetOnline.ag;BetRivers;BetUS;DraftKings;FanDuel,us,NaT,pair_not_found,
,2025-10-18,Kyle Nelson,Matt Frevola,kyle nelson,matt frevola,"('kyle nelson', 'matt frevola')",2,0.5249255952380951,2.08,historical_import_fallback,56,BetMGM;BetOnline.ag;BetRivers;BetUS;DraftKings;FanDuel,us,NaT,pair_not_found,
,2026-06-14,Alex Pereira,Jiri Prochazka,alex pereira,jiri prochazka,"('alex pereira', 'jiri prochazka')",1,0.7246376811594202,1.33,historical_import_fallback,166,BetOnline.ag,us,NaT,date_diff_gt_2,-715.0
,2026-06-14,Alex Pereira,Jon Jones,alex pereira,jon jones,"('alex pereira', 'jon jones')",2,0.6888888888888889,1.4,historical_import_fallback,137,BetOnline.ag,us,NaT,pair_not_found,
,2025-10-08,Luke Fernandez,Rafael Pergentino,luke fernandez,rafael pergentino,"('luke fernandez', 'rafael pergentino')",1,0.9004884377490361,1.07,historical_import_fallback,2,BetOnline.ag;FanDuel,us,NaT,pair_not_found,
,2025-10-08,Donavon Hedrick,Luis Felipe Dias,donavon hedrick,luis felipe dias,"('donavon hedrick', 'luis felipe dias')",1,0.5538461538461539,1.74,historical_import_fallback,2,BetOnline.ag;FanDuel,us,NaT,pair_not_found,
,2025-10-08,Imanol Rodriguez,Roque Conceicao,imanol rodriguez,roque conceicao,"('imanol rodriguez', 'roque conceicao')",1,0.6525745018515252,1.48,historical_import_fallback,2,BetOnline.ag;FanDuel,us,NaT,pair_not_found,
,2025-10-08,Adrian Luna Martinetti,Mark Vologdin,adrian luna martinetti,mark vologdin,"('adrian luna martinetti', 'mark vologdin')",2,0.5989881882925134,1.61,historical_import_fallback,2,BetOnline.ag;FanDuel,us,NaT,pair_not_found,
,2025-10-08,Lucas Caldas,Magomed Zaynukov,lucas caldas,magomed zaynukov,"('lucas caldas', 'magomed zaynukov')",2,0.766439133020734,1.27,historical_import_fallback,2,BetOnline.ag;FanDuel,us,NaT,pair_not_found,
,2025-10-10,Dedrek Sanders,Dzhamal Mavliudov,dedrek sanders,dzhamal mavliudov,"('dedrek sanders', 'dzhamal mavliudov')",2,0.736842105263158,1.29,historical_import_fallback,3,BetOnline.ag,us,NaT,pair_not_found,
,2025-10-10,Martin Camilo,Raheam Forest,martin camilo,raheam forest,"('martin camilo', 'raheam forest')",1,0.5759162303664922,1.83,historical_import_fallback,3,BetOnline.ag,us,NaT,pair_not_found,
,2025-10-11,Alin Nechita,Miloš Cvjetićanin,alin nechita,milo cvjeti anin,"('alin nechita', 'milo cvjeti anin')",2,0.6928406466512702,1.5,historical_import_fallback,18,Grosvenor;LeoVegas;LeoVegas (SE);Unibet;Unibet (NL);Unibet (SE),eu;uk,NaT,pair_not_found,
,2025-10-11,Asadulla Nasipov,Levi Rigters,asadulla nasipov,levi rigters,"('asadulla nasipov', 'levi rigters')",2,0.8177570093457944,1.17,historical_import_fallback,1,BetOnline.ag,us,NaT,pair_not_found,
,2025-10-11,Bobo Sacko,Miguel Trindade,bobo sacko,miguel trindade,"('bobo sacko', 'miguel trindade')",2,0.6627906976744187,1.45,historical_import_fallback,1,BetOnline.ag,us,NaT,pair_not_found,
,2025-10-11,Errol Koning,Mohamed Amine,errol koning,mohamed amine,"('errol koning', 'mohamed amine')",1,0.5324675324675325,1.8,historical_import_fallback,1,BetOnline.ag,us,NaT,pair_not_found,
,2025-10-11,Iliass Hammouche,Sergej Braun,iliass hammouche,sergej braun,"('iliass hammouche', 'sergej braun')",2,0.6585365853658537,1.4,historical_import_fallback,19,Bovada;Grosvenor;LeoVegas;LeoVegas (SE);Unibet;Unibet (NL);Unibet (SE),eu;uk,NaT,pair_not_found,
,2025-10-11,Mike Kena,Rade Opacic,mike kena,rade opacic,"('mike kena', 'rade opacic')",2,0.7425742574257426,1.3,historical_import_fallback,1,BetOnline.ag,us,NaT,pair_not_found,
,2025-10-11,Nabil Khachab,Sofian Laïdouni,nabil khachab,sofian la douni,"('nabil khachab', 'sofian la douni')",2,0.7019438444924406,1.38,historical_import_fallback,1,BetOnline.ag,us,NaT,pair_not_found,
,2025-10-11,Bahram Rajabzadeh,Tarik Khbabez,bahram rajabzadeh,tarik khbabez,"('bahram rajabzadeh', 'tarik khbabez')",1,0.5710659898477157,1.69,historical_import_fallback,1,BetOnline.ag,us,NaT,pair_not_found,
,2025-10-10,Akbarjon Islomboev,Isaac Thomson,akbarjon islomboev,isaac thomson,"('akbarjon islomboev', 'isaac thomson')",1,0.5426356589147286,1.77,historical_import_fallback,1,BetOnline.ag,us,NaT,pair_not_found,
,2025-10-10,Andrew Stewart,Johnathan Waid,andrew stewart,johnathan waid,"('andrew stewart', 'johnathan waid')",1,0.7983193277310925,1.2,historical_import_fallback,1,BetOnline.ag,us,NaT,pair_not_found,
,2025-10-10,Ben Wunder,Matt Adams,ben wunder,matt adams,"('ben wunder', 'matt adams')",1,0.5,1.91,historical_import_fallback,1,BetOnline.ag,us,NaT,pair_not_found,
,2025-10-11,Aitor Ibanez Currito,Berjan Peposhi,aitor ibanez currito,berjan peposhi,"('aitor ibanez currito', 'berjan peposhi')",2,0.7692307692307693,1.25,historical_import_fallback,13,Bovada;Grosvenor;LeoVegas;LeoVegas (SE);Unibet;Unibet (NL);Unibet (SE),eu;uk,NaT,pair_not_found,
,2025-10-26,Mackenzie Dern,Virna Jandiroba,mackenzie dern,virna jandiroba,"('mackenzie dern', 'virna jandiroba')",2,0.5549738219895288,1.91,historical_import_fallback,9,BetOnline.ag;BetRivers;FanDuel,us,NaT,pair_not_found,
,2025-10-11,Andrew Stewart,Johnathan Waid,andrew stewart,johnathan waid,"('andrew stewart', 'johnathan waid')",1,0.7983193277310925,1.2,historical_import_fallback,1,BetOnline.ag,us,NaT,pair_not_found,
,2025-10-11,Ben Wunder,Matt Adams,ben wunder,matt adams,"('ben wunder', 'matt adams')",1,0.5400516795865633,1.78,historical_import_fallback,1,BetOnline.ag,us,NaT,pair_not_found,
,2025-10-11,Dedrek Sanders,Dzhamal Mavliudov,dedrek sanders,dzhamal mavliudov,"('dedrek sanders', 'dzhamal mavliudov')",2,0.74,1.3,historical_import_fallback,1,BetOnline.ag,us,NaT,pair_not_found,
,2025-10-11,Martin Camilo,Raheam Forest,martin camilo,raheam forest,"('martin camilo', 'raheam forest')",1,0.5875,1.65,historical_import_fallback,1,BetOnline.ag,us,NaT,pair_not_found,
,2025-10-11,Akbarjon Islomboev,Isaac Thomson,akbarjon islomboev,isaac thomson,"('akbarjon islomboev', 'isaac thomson')",1,0.5793450881612091,1.67,historical_import_fallback,1,BetOnline.ag,us,NaT,pair_not_found,
,2025-10-15,Mario Mingaj,Wes Schultz,mario mingaj,wes schultz,"('mario mingaj', 'wes schultz')",2,0.6339712918660287,1.59,historical_import_fallback,5,BetOnline.ag;FanDuel,us,NaT,pair_not_found,
,2025-10-15,Michael Oliveira,Victor Valenzuela,michael oliveira,victor valenzuela,"('michael oliveira', 'victor valenzuela')",1,0.6627906976744187,1.47,historical_import_fallback,5,BetOnline.ag;FanDuel,us,NaT,pair_not_found,
,2025-10-25,Abdul-Kareem Al-Selwady,Matheus Camilo,abdul kareem al selwady,matheus camilo,"('abdul kareem al selwady', 'matheus camilo')",1,0.5105820105820106,1.91,historical_import_fallback,25,BetMGM;BetOnline.ag;BetRivers;DraftKings;FanDuel,us,NaT,pair_not_found,
,2025-10-25,Ikram Aliskerov,Jun Yong Park,ikram aliskerov,jun yong park,"('ikram aliskerov', 'jun yong park')",1,0.7017543859649122,1.4,historical_import_fallback,25,BetMGM;BetOnline.ag;BetRivers;DraftKings;FanDuel,us,NaT,pair_not_found,
,2025-10-25,Jaqueline Amorim,Mizuki Inoue,jaqueline amorim,mizuki inoue,"('jaqueline amorim', 'mizuki inoue')",1,0.7803992740471869,1.23,historical_import_fallback,25,BetMGM;BetOnline.ag;BetRivers;DraftKings;FanDuel,us,NaT,missing_dob,
,2025-10-25,L'udovit Klein,Mateusz Rebecki,l udovit klein,mateusz rebecki,"('l udovit klein', 'mateusz rebecki')",1,0.5663265306122449,1.74,historical_import_fallback,25,BetMGM;BetOnline.ag;BetRivers;DraftKings;FanDuel,us,NaT,pair_not_found,
,2025-10-15,Ananias Mulumba,Marwan Rahiki,ananias mulumba,marwan rahiki,"('ananias mulumba', 'marwan rahiki')",2,0.7224300193050193,1.4,historical_import_fallback,4,BetOnline.ag;FanDuel,us,NaT,pair_not_found,
,2025-10-15,Azamat Nuftillaev,Jovan Leka,azamat nuftillaev,jovan leka,"('azamat nuftillaev', 'jovan leka')",2,0.5257054247127275,2.04,historical_import_fallback,4,BetOnline.ag;FanDuel,us,NaT,pair_not_found,
,2025-10-15,Freddy Vidal,Levi Rodrigues,freddy vidal,levi rodrigues,"('freddy vidal', 'levi rodrigues')",2,0.5608171027608368,1.77,historical_import_fallback,4,BetOnline.ag;FanDuel,us,NaT,pair_not_found,
,2025-10-15,Juan Diaz,Won Il Kwon,juan diaz,won il kwon,"('juan diaz', 'won il kwon')",2,0.6104218362282878,1.78,historical_import_fallback,3,BetOnline.ag;FanDuel,us,NaT,pair_not_found,
,2025-10-25,Mackenzie Dern,Virna Jandiroba,mackenzie dern,virna jandiroba,"('mackenzie dern', 'virna jandiroba')",1,0.5426356589147286,2.02,historical_import_fallback,23,BetMGM;BetOnline.ag;BetRivers;DraftKings;FanDuel,us,NaT,pair_not_found,
,2026-01-01,Alexandre Pantoja,Joshua Van,alexandre pantoja,joshua van,"('alexandre pantoja', 'joshua van')",1,0.6986899563318778,1.38,historical_import_fallback,1,BetOnline.ag,us,NaT,date_diff_gt_2,-26.0
,2026-03-29,Charles Oliveira,Max Holloway,charles oliveira,max holloway,"('charles oliveira', 'max holloway')",2,0.6339712918660287,1.67,historical_import_fallback,62,BetOnline.ag,us,NaT,pair_not_found,
,2025-10-17,Igor Severino,Khurshed Kakhorov,igor severino,khurshed kakhorov,"('igor severino', 'khurshed kakhorov')",1,0.5190217391304348,1.77,historical_import_fallback,1,BetOnline.ag,us,NaT,pair_not_found,
,2025-10-17,Kasim Aras,Simon Biyong,kasim aras,simon biyong,"('kasim aras', 'simon biyong')",2,0.5570291777188329,1.67,historical_import_fallback,1,BetOnline.ag,us,NaT,pair_not_found,
,2025-10-17,Adrian Dudek,Bartosz Kurek,adrian dudek,bartosz kurek,"('adrian dudek', 'bartosz kurek')",2,0.6375,1.45,historical_import_fallback,1,BetOnline.ag,us,NaT,pair_not_found,
,2025-10-17,Alfan Rocher-Labes,Tobiasz Le,alfan rocher labes,tobiasz le,"('alfan rocher labes', 'tobiasz le')",1,0.5284552845528455,1.74,historical_import_fallback,1,BetOnline.ag,us,NaT,pair_not_found,
,2025-10-17,Leo Brichta,Werlleson Martins,leo brichta,werlleson martins,"('leo brichta', 'werlleson martins')",1,0.7158590308370044,1.29,historical_import_fallback,1,BetOnline.ag,us,NaT,pair_not_found,
,2025-10-17,Mateusz Pawlik,Matus Juracek,mateusz pawlik,matus juracek,"('mateusz pawlik', 'matus juracek')",1,0.5481283422459893,1.69,historical_import_fallback,1,BetOnline.ag,us,NaT,pair_not_found,
,2025-10-17,Phil De Fries,Tefan Vojcak,phil de fries,tefan vojcak,"('phil de fries', 'tefan vojcak')",1,0.7545271629778673,1.22,historical_import_fallback,1,BetOnline.ag,us,NaT,pair_not_found,
,2025-10-18,Adrian Dudek,Bartosz Kurek,adrian dudek,bartosz kurek,"('adrian dudek', 'bartosz kurek')",2,0.7741347905282332,1.24,historical_import_fallback,1,BetOnline.ag,us,NaT,pair_not_found,
,2025-10-18,Alfan Rocher-Labes,Tobiasz Le,alfan rocher labes,tobiasz le,"('alfan rocher labes', 'tobiasz le')",1,0.5426356589147286,1.77,historical_import_fallback,1,BetOnline.ag,us,NaT,pair_not_found,
,2025-10-18,Bartosz Leśko,Rafał Haratyk,bartosz le ko,rafa haratyk,"('bartosz le ko', 'rafa haratyk')",2,0.7851985559566788,1.19,historical_import_fallback,18,Grosvenor;LeoVegas;LeoVegas (SE);Unibet;Unibet (NL);Unibet (SE),eu;uk,NaT,pair_not_found,
,2025-10-18,Leo Brichta,Werlleson Martins,leo brichta,werlleson martins,"('leo brichta', 'werlleson martins')",1,0.7465618860510805,1.29,historical_import_fallback,1,BetOnline.ag,us,NaT,pair_not_found,
,2025-10-18,Mateusz Pawlik,Matus Juracek,mateusz pawlik,matus juracek,"('mateusz pawlik', 'matus juracek')",1,0.5426356589147286,1.77,historical_import_fallback,1,BetOnline.ag,us,NaT,pair_not_found,
,2025-10-18,Phil De Fries,Tefan Vojcak,phil de fries,tefan vojcak,"('phil de fries', 'tefan vojcak')",1,0.7983193277310925,1.2,historical_import_fallback,1,BetOnline.ag,us,NaT,pair_not_found,
,2025-10-25,Ciryl Gane,Tom Aspinall,ciryl gane,tom aspinall,"('ciryl gane', 'tom aspinall')",2,0.7677902621722846,1.29,historical_import_fallback,18,BetMGM;BetOnline.ag;BetRivers;DraftKings;FanDuel,us,NaT,pair_not_found,
,2025-10-18,Alina Dalaslan,Katharina Lehner,alina dalaslan,katharina lehner,"('alina dalaslan', 'katharina lehner')",1,0.9128630705394192,1.05,historical_import_fallback,1,BetOnline.ag,us,NaT,pair_not_found,
,2025-10-18,Arijan Topallaj,Hassan Kayani,arijan topallaj,hassan kayani,"('arijan topallaj', 'hassan kayani')",1,0.7983193277310925,1.2,historical_import_fallback,1,BetOnline.ag,us,NaT,pair_not_found,
,2025-10-18,Kennedy Rayomba,Marek Bartl,kennedy rayomba,marek bartl,"('kennedy rayomba', 'marek bartl')",2,0.5970149253731343,1.62,historical_import_fallback,1,BetOnline.ag,us,NaT,pair_not_found,
,2025-10-18,Abdoullah Kane,Emmanuel Mukam,abdoullah kane,emmanuel mukam,"('abdoullah kane', 'emmanuel mukam')",1,0.6963470319634703,1.35,historical_import_fallback,14,Bovada;Grosvenor;LeoVegas;LeoVegas (SE);Unibet;Unibet (NL);Unibet (SE),eu;uk,NaT,pair_not_found,
,2025-10-18,Abraham Bably,Joffie Houlton,abraham bably,joffie houlton,"('abraham bably', 'joffie houlton')",1,0.8735632183908045,1.11,historical_import_fallback,3,BetOnline.ag;FanDuel,us,NaT,pair_not_found,
,2025-10-18,Alain Majorique,Mohamed Camara,alain majorique,mohamed camara,"('alain majorique', 'mohamed camara')",1,0.6651053864168619,1.56,historical_import_fallback,3,BetOnline.ag;FanDuel,us,NaT,pair_not_found,
,2025-10-18,Ayinda Octave,Shido Boris Esperanca,ayinda octave,shido boris esperanca,"('ayinda octave', 'shido boris esperanca')",2,0.680365296803653,1.42,historical_import_fallback,3,BetOnline.ag;FanDuel,us,NaT,pair_not_found,
,2025-10-18,Boule Godogo,Karim Henniene,boule godogo,karim henniene,"('boule godogo', 'karim henniene')",2,0.6065162907268171,1.64,historical_import_fallback,3,BetOnline.ag;FanDuel,us,NaT,pair_not_found,
,2025-10-18,David Zoula,Jan Masek,david zoula,jan masek,"('david zoula', 'jan masek')",1,0.5970149253731344,1.62,historical_import_fallback,1,BetOnline.ag,us,NaT,pair_not_found,
,2025-10-18,Dwight Joseph,Wasiu Adeshina,dwight joseph,wasiu adeshina,"('dwight joseph', 'wasiu adeshina')",1,0.5970149253731344,1.74,historical_import_fallback,3,BetOnline.ag;FanDuel,us,NaT,pair_not_found,
,2025-10-18,Emilios Dassi,Yabna N'Tchalá,emilios dassi,yabna n tchal,"('emilios dassi', 'yabna n tchal')",2,0.7489878542510122,1.24,historical_import_fallback,12,Grosvenor;LeoVegas;LeoVegas (SE);Unibet;Unibet (NL);Unibet (SE),eu;uk,NaT,pair_not_found,
,2025-10-18,Igor Severino,Khurshed Kakhorov,igor severino,khurshed kakhorov,"('igor severino', 'khurshed kakhorov')",1,0.5,1.91,historical_import_fallback,1,BetOnline.ag,us,NaT,pair_not_found,
,2025-10-18,Isaac Omeda,James Opio,isaac omeda,james opio,"('isaac omeda', 'james opio')",2,0.636144578313253,1.51,historical_import_fallback,3,BetOnline.ag;FanDuel,us,NaT,pair_not_found,
,2025-10-18,Justin Clarke,Maxwell Djantou Nana,justin clarke,maxwell djantou nana,"('justin clarke', 'maxwell djantou nana')",2,0.8121019108280255,1.18,historical_import_fallback,3,BetOnline.ag;FanDuel,us,NaT,pair_not_found,
,2025-10-18,Karolína Vaňková,Laura Grzyb,karol na va kov,laura grzyb,"('karol na va kov', 'laura grzyb')",2,0.7189542483660131,1.29,historical_import_fallback,12,Grosvenor;LeoVegas;LeoVegas (SE);Unibet;Unibet (NL);Unibet (SE),eu;uk,NaT,pair_not_found,
,2025-10-18,Kasim Aras,Simon Biyong,kasim aras,simon biyong,"('kasim aras', 'simon biyong')",2,0.579345088161209,1.67,historical_import_fallback,1,BetOnline.ag,us,NaT,pair_not_found,
,2025-10-18,Nkosi Ndebele,Simbarashe Hokonya,nkosi ndebele,simbarashe hokonya,"('nkosi ndebele', 'simbarashe hokonya')",1,0.700218818380744,1.42,historical_import_fallback,3,BetOnline.ag;FanDuel,us,NaT,pair_not_found,
,2025-10-18,Abdoul Razac Sankara,Patrick Ocheme,abdoul razac sankara,patrick ocheme,"('abdoul razac sankara', 'patrick ocheme')",2,0.625615763546798,1.61,historical_import_fallback,3,BetOnline.ag;FanDuel,us,NaT,pair_not_found,
,2025-10-18,Christian Eckerlin,Ivica Trušček,christian eckerlin,ivica tru ek,"('christian eckerlin', 'ivica tru ek')",1,0.795847750865052,1.18,historical_import_fallback,10,Grosvenor;LeoVegas;LeoVegas (SE);Unibet;Unibet (SE),eu;uk,NaT,pair_not_found,
,2025-10-25,Nasrat Haqparast,Quillan Salkilld,nasrat haqparast,quillan salkilld,"('nasrat haqparast', 'quillan salkilld')",1,0.5,1.95,historical_import_fallback,2,BetOnline.ag,us,NaT,pair_not_found,
,2025-11-01,Chang Ho Lee,Timothy Cuamba,chang ho lee,timothy cuamba,"('chang ho lee', 'timothy cuamba')",2,0.6192918360619711,1.91,historical_import_fallback,4,BetRivers;BetUS;DraftKings;FanDuel,us,NaT,pair_not_found,
,2025-11-01,Charlie Radtke,Daniel Frunza,charlie radtke,daniel frunza,"('charlie radtke', 'daniel frunza')",1,0.6104218362282877,1.58,historical_import_fallback,5,BetOnline.ag;BetRivers;BetUS;DraftKings;FanDuel,us,NaT,pair_not_found,
,2025-11-02,Isaac Dulgarian,Yadier DelValle,isaac dulgarian,yadier delvalle,"('isaac dulgarian', 'yadier delvalle')",1,0.6604215456674473,1.51,historical_import_fallback,5,BetOnline.ag;BetRivers;BetUS;DraftKings;FanDuel,us,NaT,pair_not_found,
,2025-11-02,Jeremiah Wells,Themba Gorimbo,jeremiah wells,themba gorimbo,"('jeremiah wells', 'themba gorimbo')",2,0.5684906353286816,1.71,historical_import_fallback,6,BetMGM;BetOnline.ag;BetRivers;BetUS;DraftKings;FanDuel,us,NaT,pair_not_found,
,2025-11-08,Muslim Salikhov,Uros Medic,muslim salikhov,uros medic,"('muslim salikhov', 'uros medic')",2,0.6196249186962491,1.56,historical_import_fallback,4,BetMGM;BetOnline.ag;BetUS;DraftKings,us,NaT,pair_not_found,
,2025-11-08,Jackson McVey,Robert Valentin,jackson mcvey,robert valentin,"('jackson mcvey', 'robert valentin')",2,0.606060606060606,1.7,historical_import_fallback,23,BetMGM;BetOnline.ag;BetRivers;BetUS;DraftKings;FanDuel,us,NaT,pair_not_found,
,2025-11-08,Luana Santos,Melissa Croden,luana santos,melissa croden,"('luana santos', 'melissa croden')",1,0.6130653266331658,1.54,historical_import_fallback,2,FanDuel,us,NaT,date_diff_gt_2,35.0
,2025-11-08,Adrian Yanez,Cristian Quinonez,adrian yanez,cristian quinonez,"('adrian yanez', 'cristian quinonez')",1,0.6619385342789598,1.5,historical_import_fallback,17,BetOnline.ag;BetRivers;BetUS;DraftKings;FanDuel,us,NaT,pair_not_found,
,2025-11-08,Denise Gomes,Tecia Torres,denise gomes,tecia torres,"('denise gomes', 'tecia torres')",1,0.6225490196078431,1.57,historical_import_fallback,29,BetOnline.ag;BetUS;DraftKings;FanDuel,us,NaT,pair_not_found,
,2025-11-09,Christian Leroy Duncan,Marco Tulio Silva,christian leroy duncan,marco tulio silva,"('christian leroy duncan', 'marco tulio silva')",2,0.6203473945409429,1.68,historical_import_fallback,47,BetMGM;BetOnline.ag;BetRivers;BetUS;DraftKings;FanDuel,us,NaT,pair_not_found,
,2025-11-15,Angela Hill,Fatima Kline,angela hill,fatima kline,"('angela hill', 'fatima kline')",2,0.7848157180897395,1.25,historical_import_fallback,38,BetMGM;BetOnline.ag;BetRivers;DraftKings;FanDuel,us,NaT,pair_not_found,
,2025-11-15,Chepe Mariscal,Pat Sabatini,chepe mariscal,pat sabatini,"('chepe mariscal', 'pat sabatini')",2,0.5423704610363117,1.95,historical_import_fallback,36,BetMGM;BetOnline.ag;BetRivers;DraftKings;FanDuel,us,NaT,pair_not_found,
,2025-11-15,Gerald Meerschaert,Kyle Daukaus,gerald meerschaert,kyle daukaus,"('gerald meerschaert', 'kyle daukaus')",2,0.7418699186991871,1.36,historical_import_fallback,38,BetMGM;BetOnline.ag;BetRivers;DraftKings;FanDuel,us,NaT,pair_not_found,
,2025-11-16,Beneil Dariush,Benoit Saint-Denis,beneil dariush,benoit saint denis,"('beneil dariush', 'benoit saint denis')",2,0.6373493975903615,1.56,historical_import_fallback,20,BetMGM;BetOnline.ag;BetRivers;DraftKings;FanDuel,us,NaT,pair_not_found,
,2025-11-16,Erin Blanchfield,Tracy Cortez,erin blanchfield,tracy cortez,"('erin blanchfield', 'tracy cortez')",1,0.6869404215385396,1.61,historical_import_fallback,20,BetMGM;BetOnline.ag;BetRivers;DraftKings;FanDuel,us,NaT,pair_not_found,
,2025-11-16,Gregory Rodrigues,Roman Kopylov,gregory rodrigues,roman kopylov,"('gregory rodrigues', 'roman kopylov')",1,0.6178636520368455,1.67,historical_import_fallback,20,BetMGM;BetOnline.ag;BetRivers;DraftKings;FanDuel,us,NaT,pair_not_found,
,2025-11-16,Bo Nickal,Rodolfo Vieira,bo nickal,rodolfo vieira,"('bo nickal', 'rodolfo vieira')",1,0.6627906976744187,1.51,historical_import_fallback,20,BetMGM;BetOnline.ag;BetRivers;DraftKings;FanDuel,us,NaT,pair_not_found,
,2025-11-22,Arman Tsarukyan,Daniel Hooker,arman tsarukyan,daniel hooker,"('arman tsarukyan', 'daniel hooker')",1,0.7641509433962265,1.29,historical_import_fallback,76,BetOnline.ag;BetRivers;BetUS;DraftKings;FanDuel,us,NaT,pair_not_found,
,2025-12-31,Ciryl Gane,Tom Aspinall,ciryl gane,tom aspinall,"('ciryl gane', 'tom aspinall')",2,0.636144578313253,1.51,historical_import_fallback,19,DraftKings,us,NaT,pair_not_found,
,2026-06-28,Ciryl Gane,Tom Aspinall,ciryl gane,tom aspinall,"('ciryl gane', 'tom aspinall')",2,0.6485849056603774,1.91,historical_import_fallback,162,BetOnline.ag,us,NaT,pair_not_found,
,2025-11-08,Daniel Marcos,Miles Johns,daniel marcos,miles johns,"('daniel marcos', 'miles johns')",1,0.6225490196078431,1.59,historical_import_fallback,28,BetMGM;BetOnline.ag;BetRivers;BetUS;DraftKings;FanDuel,us,NaT,pair_not_found,
,2025-11-09,Muslim Salikhov,Uros Medic,muslim salikhov,uros medic,"('muslim salikhov', 'uros medic')",2,0.6024691358024692,1.8,historical_import_fallback,41,BetMGM;BetOnline.ag;BetRivers;BetUS;DraftKings;FanDuel,us,NaT,pair_not_found,
,2025-11-08,Anthony Guarascio,Larry Gonzales,anthony guarascio,larry gonzales,"('anthony guarascio', 'larry gonzales')",1,0.7368421052631579,1.44,historical_import_fallback,3,BetOnline.ag,us,NaT,pair_not_found,
,2025-11-08,Beatriz Consuli,Shannon Clark,beatriz consuli,shannon clark,"('beatriz consuli', 'shannon clark')",1,0.6511056511056511,1.59,historical_import_fallback,3,BetOnline.ag,us,NaT,pair_not_found,
,2025-11-15,Beneil Dariush,Benoit Saint-Denis,beneil dariush,benoit saint denis,"('beneil dariush', 'benoit saint denis')",2,0.6385542168674698,1.56,historical_import_fallback,33,BetMGM;BetOnline.ag;BetRivers;DraftKings;FanDuel,us,NaT,pair_not_found,
,2025-11-15,Bo Nickal,Rodolfo Vieira,bo nickal,rodolfo vieira,"('bo nickal', 'rodolfo vieira')",1,0.6619385342789598,1.51,historical_import_fallback,33,BetMGM;BetOnline.ag;BetRivers;DraftKings;FanDuel,us,NaT,pair_not_found,
,2025-11-15,Erin Blanchfield,Tracy Cortez,erin blanchfield,tracy cortez,"('erin blanchfield', 'tracy cortez')",1,0.6547102743337245,1.61,historical_import_fallback,28,BetMGM;BetOnline.ag;BetRivers;DraftKings;FanDuel,us,NaT,pair_not_found,
,2025-11-15,Gregory Rodrigues,Roman Kopylov,gregory rodrigues,roman kopylov,"('gregory rodrigues', 'roman kopylov')",1,0.6052631578947368,1.62,historical_import_fallback,32,BetMGM;BetOnline.ag;BetRivers;DraftKings;FanDuel,us,NaT,pair_not_found,
,2025-11-07,Billy Brand,Ethyn Ewing,billy brand,ethyn ewing,"('billy brand', 'ethyn ewing')",2,0.7378010878010879,1.4,historical_import_fallback,2,BetOnline.ag,us,NaT,pair_not_found,
,2025-11-08,Jackson McVey,Zachary Reese,jackson mcvey,zachary reese,"('jackson mcvey', 'zachary reese')",2,0.7242396417155381,1.36,historical_import_fallback,10,BetOnline.ag;BetRivers;BetUS;DraftKings;FanDuel,us,NaT,missing_dob,
,2025-11-08,Argemiro Delmandes,Richard Martins,argemiro delmandes,richard martins,"('argemiro delmandes', 'richard martins')",2,0.8777777777777778,1.1,historical_import_fallback,1,BetOnline.ag,us,NaT,pair_not_found,
,2025-11-08,Diogo Sotero,Luan Pedroso,diogo sotero,luan pedroso,"('diogo sotero', 'luan pedroso')",2,0.6271186440677967,1.54,historical_import_fallback,1,BetOnline.ag,us,NaT,pair_not_found,
,2025-11-08,Gustavo Guilherme,Gustavo Sousa,gustavo guilherme,gustavo sousa,"('gustavo guilherme', 'gustavo sousa')",2,0.5875,1.65,historical_import_fallback,1,BetOnline.ag,us,NaT,pair_not_found,
,2025-11-08,Jean Sevalho,Lucas Gouveia,jean sevalho,lucas gouveia,"('jean sevalho', 'lucas gouveia')",2,0.5426356589147288,1.77,historical_import_fallback,1,BetOnline.ag,us,NaT,pair_not_found,
,2025-11-08,Natan Mota,Reginaldo Junior,natan mota,reginaldo junior,"('natan mota', 'reginaldo junior')",2,0.9128630705394191,1.05,historical_import_fallback,1,BetOnline.ag,us,NaT,pair_not_found,
,2025-11-15,Baysangur Susurkaev,Eric McConico,baysangur susurkaev,eric mcconico,"('baysangur susurkaev', 'eric mcconico')",1,0.867156689622697,1.12,historical_import_fallback,24,BetOnline.ag;BetRivers;DraftKings;FanDuel,us,NaT,pair_not_found,
,2025-11-16,Cody Haddon,Malcolm Wellmaker,cody haddon,malcolm wellmaker,"('cody haddon', 'malcolm wellmaker')",2,0.5824742268041236,1.7,historical_import_fallback,16,BetOnline.ag;BetRivers;DraftKings;FanDuel,us,NaT,pair_not_found,
,2025-11-15,Adam Soldaev,Patryk Kaczmarczyk,adam soldaev,patryk kaczmarczyk,"('adam soldaev', 'patryk kaczmarczyk')",1,0.5912596401028277,1.62,historical_import_fallback,3,BetOnline.ag,us,NaT,pair_not_found,
,2025-11-15,Alain Van De Merckt,Tomasz Romanowski,alain van de merckt,tomasz romanowski,"('alain van de merckt', 'tomasz romanowski')",1,0.582901554404145,1.69,historical_import_fallback,3,BetOnline.ag,us,NaT,pair_not_found,
,2025-11-15,Cedric Lushima,Wojciech Janusz,cedric lushima,wojciech janusz,"('cedric lushima', 'wojciech janusz')",1,0.6928406466512702,1.33,historical_import_fallback,3,BetOnline.ag,us,NaT,pair_not_found,
,2025-11-15,Dawid Kuczmarski,Krystian Kaszubowski,dawid kuczmarski,krystian kaszubowski,"('dawid kuczmarski', 'krystian kaszubowski')",1,0.5426356589147286,1.95,historical_import_fallback,3,BetOnline.ag,us,NaT,pair_not_found,
,2025-11-15,Hugo Deux,Wojciech Kawa,hugo deux,wojciech kawa,"('hugo deux', 'wojciech kawa')",2,0.5284552845528454,1.87,historical_import_fallback,3,BetOnline.ag,us,NaT,pair_not_found,
,2025-11-15,Kamil Szkaradek,Oleksii Polischuk,kamil szkaradek,oleksii polischuk,"('kamil szkaradek', 'oleksii polischuk')",2,0.5994897959183674,1.65,historical_import_fallback,3,BetOnline.ag,us,NaT,pair_not_found,
,2025-11-15,Marcin Held,Marian Ziolkowski,marcin held,marian ziolkowski,"('marcin held', 'marian ziolkowski')",1,0.5390835579514824,1.74,historical_import_fallback,3,BetOnline.ag,us,NaT,pair_not_found,
,2025-11-15,Valeriu Mircea,Wilson Varela,valeriu mircea,wilson varela,"('valeriu mircea', 'wilson varela')",1,0.6428571428571429,1.5,historical_import_fallback,3,BetOnline.ag,us,NaT,pair_not_found,
,2025-11-22,Abdulrakhman Yakhyaev,Raffael Cerqueira,abdulrakhman yakhyaev,raffael cerqueira,"('abdulrakhman yakhyaev', 'raffael cerqueira')",1,0.8817086527929902,1.12,historical_import_fallback,31,BetMGM;BetOnline.ag;BetRivers;BetUS;DraftKings;FanDuel,us,NaT,pair_not_found,
,2025-11-22,Ismail Naurdiev,Ryan Loder,ismail naurdiev,ryan loder,"('ismail naurdiev', 'ryan loder')",1,0.6090225563909775,1.77,historical_import_fallback,31,BetMGM;BetOnline.ag;BetRivers;BetUS;DraftKings;FanDuel,us,NaT,pair_not_found,
,2025-11-22,Nurullo Aliev,Shem Rock,nurullo aliev,shem rock,"('nurullo aliev', 'shem rock')",1,0.7261410788381742,1.36,historical_import_fallback,24,BetOnline.ag;BetUS;DraftKings;FanDuel,us,NaT,pair_not_found,
,2025-11-22,Alex Perez,Asu Almabaev,alex perez,asu almabaev,"('alex perez', 'asu almabaev')",2,0.636144578313253,1.59,historical_import_fallback,24,BetOnline.ag;BetUS;DraftKings;FanDuel,us,NaT,pair_not_found,
,2025-11-22,Sergey Spivak,Shamil Gaziev,sergey spivak,shamil gaziev,"('sergey spivak', 'shamil gaziev')",2,0.6025316455696202,1.72,historical_import_fallback,27,BetOnline.ag;BetRivers;BetUS;DraftKings;FanDuel,us,NaT,pair_not_found,
,2025-11-15,Ednilson Santos,Scottie Stockman,ednilson santos,scottie stockman,"('ednilson santos', 'scottie stockman')",1,0.6339712918660287,1.53,historical_import_fallback,1,BetOnline.ag,us,NaT,pair_not_found,
,2025-11-15,Joe Giannetti,Jose Ferreira,joe giannetti,jose ferreira,"('joe giannetti', 'jose ferreira')",2,0.613436799884368,1.59,historical_import_fallback,2,BetOnline.ag,us,NaT,pair_not_found,
,2025-11-15,Brad Wheeler,George McManus,brad wheeler,george mcmanus,"('brad wheeler', 'george mcmanus')",2,0.5759162303664922,1.62,historical_import_fallback,1,BetOnline.ag,us,NaT,pair_not_found,
,2025-11-15,Ciaran Brady,Kadeem Perkins,ciaran brady,kadeem perkins,"('ciaran brady', 'kadeem perkins')",1,0.5894174420397882,1.67,historical_import_fallback,2,BetOnline.ag,us,NaT,pair_not_found,
,2025-11-15,Jawany Scott,Michelangelo Lupoli,jawany scott,michelangelo lupoli,"('jawany scott', 'michelangelo lupoli')",1,0.7505070993914807,1.29,historical_import_fallback,3,BetOnline.ag,us,NaT,pair_not_found,
,2025-11-15,Jordan Vucenic,Torpal Merjoev,jordan vucenic,torpal merjoev,"('jordan vucenic', 'torpal merjoev')",1,0.8403361344537814,1.17,historical_import_fallback,3,BetOnline.ag,us,NaT,pair_not_found,
,2025-11-15,Marin Vetrila,Thomas Paull,marin vetrila,thomas paull,"('marin vetrila', 'thomas paull')",1,0.7087391639053452,1.33,historical_import_fallback,2,BetOnline.ag,us,NaT,pair_not_found,
,2025-11-15,Ollie Sarwa,Tuomas Gronvall,ollie sarwa,tuomas gronvall,"('ollie sarwa', 'tuomas gronvall')",1,0.606060606060606,1.62,historical_import_fallback,3,BetOnline.ag,us,NaT,pair_not_found,
,2025-11-15,Charles Oliveira,Lany Silva,charles oliveira,lany silva,"('charles oliveira', 'lany silva')",2,0.6110074626865671,1.62,historical_import_fallback,2,BetOnline.ag,us,NaT,pair_not_found,
,2025-11-15,Furkatbek Yokubov,Ruel Panales,furkatbek yokubov,ruel panales,"('furkatbek yokubov', 'ruel panales')",1,0.893743793445879,1.07,historical_import_fallback,2,BetOnline.ag,us,NaT,pair_not_found,
,2025-11-16,Angela Hill,Fatima Kline,angela hill,fatima kline,"('angela hill', 'fatima kline')",2,0.8045977011494253,1.2,historical_import_fallback,15,BetMGM;BetOnline.ag;BetRivers;DraftKings;FanDuel,us,NaT,pair_not_found,
,2025-11-16,Chepe Mariscal,Pat Sabatini,chepe mariscal,pat sabatini,"('chepe mariscal', 'pat sabatini')",2,0.5287958115183247,1.86,historical_import_fallback,15,BetMGM;BetOnline.ag;BetRivers;DraftKings;FanDuel,us,NaT,pair_not_found,
,2025-11-16,Gerald Meerschaert,Kyle Daukaus,gerald meerschaert,kyle daukaus,"('gerald meerschaert', 'kyle daukaus')",2,0.7966101694915254,1.25,historical_import_fallback,15,BetMGM;BetOnline.ag;BetRivers;DraftKings;FanDuel,us,NaT,pair_not_found,
,2025-11-15,Aline Pereira,Nejra Repp,aline pereira,nejra repp,"('aline pereira', 'nejra repp')",1,0.5970149253731344,1.62,historical_import_fallback,1,BetOnline.ag,us,NaT,pair_not_found,
,2025-11-15,Gustavo Pintos,Regivaldo Carvalho,gustavo pintos,regivaldo carvalho,"('gustavo pintos', 'regivaldo carvalho')",1,0.5526992287917738,1.74,historical_import_fallback,1,BetOnline.ag,us,NaT,pair_not_found,
,2025-11-15,Josh Harvey,Nathan Ghareeb,josh harvey,nathan ghareeb,"('josh harvey', 'nathan ghareeb')",2,0.8631319358816276,1.11,historical_import_fallback,1,BetOnline.ag,us,NaT,pair_not_found,
,2025-11-15,Artem Belakh,Vincius Pires,artem belakh,vincius pires,"('artem belakh', 'vincius pires')",2,0.6428571428571428,1.5,historical_import_fallback,1,BetOnline.ag,us,NaT,pair_not_found,
,2025-11-15,Adam Masaev,Maciej Kazieczko,adam masaev,maciej kazieczko,"('adam masaev', 'maciej kazieczko')",1,0.7202505219206681,1.34,historical_import_fallback,1,BetOnline.ag,us,NaT,pair_not_found,
,2025-11-15,Caique Araujo,Solomon Simon,caique araujo,solomon simon,"('caique araujo', 'solomon simon')",2,0.9025234025234026,1.1,historical_import_fallback,2,BetOnline.ag,us,NaT,pair_not_found,
,2025-11-16,Ethyn Ewing,Malcolm Wellmaker,ethyn ewing,malcolm wellmaker,"('ethyn ewing', 'malcolm wellmaker')",2,0.7910581944863401,1.24,historical_import_fallback,10,BetMGM;BetOnline.ag;BetRivers;DraftKings;FanDuel,us,NaT,pair_not_found,
,2025-11-22,Nurullo Aliev,Shaqueme Rock,nurullo aliev,shaqueme rock,"('nurullo aliev', 'shaqueme rock')",1,0.7239913671599718,1.33,historical_import_fallback,6,BetMGM;BetRivers,us,NaT,pair_not_found,
,2026-06-02,Ilia Topuria,Islam Makhachev,ilia topuria,islam makhachev,"('ilia topuria', 'islam makhachev')",2,0.6764705882352942,1.5,historical_import_fallback,128,BetOnline.ag,us,NaT,pair_not_found,
,2026-06-27,Natalia Silva,Valentina Shevchenko,natalia silva,valentina shevchenko,"('natalia silva', 'valentina shevchenko')",2,0.6888888888888889,1.58,historical_import_fallback,147,BetOnline.ag,us,NaT,pair_not_found,
,2026-06-28,Islam Makhachev,Michael Morales,islam makhachev,michael morales,"('islam makhachev', 'michael morales')",1,0.7344064386317908,1.32,historical_import_fallback,147,BetOnline.ag,us,NaT,pair_not_found,
,2026-06-28,Mackenzie Dern,Weili Zhang,mackenzie dern,weili zhang,"('mackenzie dern', 'weili zhang')",2,0.7867132867132868,1.22,historical_import_fallback,147,BetOnline.ag,us,NaT,pair_not_found,
,2027-07-02,Islam Makhachev,Kamaru Usman,islam makhachev,kamaru usman,"('islam makhachev', 'kamaru usman')",1,0.7400000000000001,1.35,historical_import_fallback,194,BetOnline.ag,us,NaT,pair_not_found,
,2025-12-06,Mairon Santos,Muhammadjon Naimov,mairon santos,muhammadjon naimov,"('mairon santos', 'muhammadjon naimov')",1,0.6944499318464669,1.43,historical_import_fallback,24,BetOnline.ag;BetRivers;DraftKings;FanDuel,us,NaT,missing_dob,
,2025-12-07,Ibo Aslan,Iwo Baraniewski,ibo aslan,iwo baraniewski,"('ibo aslan', 'iwo baraniewski')",2,0.6325196265155386,1.54,historical_import_fallback,30,BetMGM;BetOnline.ag;BetRivers;DraftKings;FanDuel,us,NaT,pair_not_found,
,2025-12-07,Brunno Ferreira,Marvin Vettori,brunno ferreira,marvin vettori,"('brunno ferreira', 'marvin vettori')",2,0.5105820105820105,1.87,historical_import_fallback,30,BetMGM;BetOnline.ag;BetRivers;DraftKings;FanDuel,us,NaT,pair_not_found,
,2025-12-07,Fares Ziam,Nazim Sadykhov,fares ziam,nazim sadykhov,"('fares ziam', 'nazim sadykhov')",1,0.5518148625429553,1.77,historical_import_fallback,30,BetMGM;BetOnline.ag;BetRivers;DraftKings;FanDuel,us,NaT,pair_not_found,
,2025-12-07,Karine Silva,Maycee Barber,karine silva,maycee barber,"('karine silva', 'maycee barber')",2,0.6282601557369359,1.6,historical_import_fallback,30,BetMGM;BetOnline.ag;BetRivers;DraftKings;FanDuel,us,NaT,pair_not_found,
,2025-12-07,Grant Dawson,Manuel Torres,grant dawson,manuel torres,"('grant dawson', 'manuel torres')",1,0.6596550365538676,1.49,historical_import_fallback,30,BetMGM;BetOnline.ag;BetRivers;DraftKings;FanDuel,us,NaT,pair_not_found,
,2025-12-07,Bogdan Guskov,Jan Blachowicz,bogdan guskov,jan blachowicz,"('bogdan guskov', 'jan blachowicz')",2,0.5447553294573644,1.95,historical_import_fallback,30,BetMGM;BetOnline.ag;BetRivers;DraftKings;FanDuel,us,NaT,pair_not_found,
,2025-12-07,Henry Cejudo,Payton Talbott,henry cejudo,payton talbott,"('henry cejudo', 'payton talbott')",2,0.6984478935698448,1.4,historical_import_fallback,30,BetMGM;BetOnline.ag;BetRivers;DraftKings;FanDuel,us,NaT,pair_not_found,
,2026-01-24,Amanda Nunes,Kayla Harrison,amanda nunes,kayla harrison,"('amanda nunes', 'kayla harrison')",2,0.6094527363184079,1.62,historical_import_fallback,20,BetMGM;BetOnline.ag;BetRivers;DraftKings;FanDuel,us,NaT,pair_not_found,
,2026-01-24,Sean O'Malley,Song Yadong,sean o malley,song yadong,"('sean o malley', 'song yadong')",1,0.6188118811881189,1.62,historical_import_fallback,10,BetMGM;BetOnline.ag;BetRivers;DraftKings;FanDuel,us,NaT,pair_not_found,
,2026-02-01,Alex Volkanovski,Diego Lopes,alex volkanovski,diego lopes,"('alex volkanovski', 'diego lopes')",1,0.5970149253731344,1.68,historical_import_fallback,204,BetMGM;BetOnline.ag;BetRivers;DraftKings;FanDuel,us,NaT,pair_not_found,
,2026-08-02,Arman Tsarukyan,Ilia Topuria,arman tsarukyan,ilia topuria,"('arman tsarukyan', 'ilia topuria')",2,0.6339712918660287,1.56,historical_import_fallback,138,BetOnline.ag,us,NaT,pair_not_found,
,2026-01-01,Caio Borralho,Khamzat Chimaev,caio borralho,khamzat chimaev,"('caio borralho', 'khamzat chimaev')",2,0.7983193277310925,1.2,historical_import_fallback,19,BetOnline.ag,us,NaT,pair_not_found,
,2026-01-01,Khamzat Chimaev,Nassourdine Imavov,khamzat chimaev,nassourdine imavov,"('khamzat chimaev', 'nassourdine imavov')",1,0.8090614886731391,1.18,historical_import_fallback,19,BetOnline.ag,us,NaT,pair_not_found,
,2025-12-05,Mahmoud Atef,Malik Basahel,mahmoud atef,malik basahel,"('mahmoud atef', 'malik basahel')",2,0.8990654803303195,1.07,historical_import_fallback,4,BetOnline.ag;FanDuel,us,NaT,pair_not_found,
,2025-12-05,Islam Reda,Yanis Ghemmouri,islam reda,yanis ghemmouri,"('islam reda', 'yanis ghemmouri')",1,0.5013020833333334,1.95,historical_import_fallback,4,BetOnline.ag;FanDuel,us,NaT,pair_not_found,
,2025-12-05,Islam Youssef,Nawras Abzakh,islam youssef,nawras abzakh,"('islam youssef', 'nawras abzakh')",2,0.5692880384569033,1.74,historical_import_fallback,4,BetOnline.ag;FanDuel,us,NaT,pair_not_found,
,2025-12-05,Mohammad Fahmi,Salah Eddine Hamli,mohammad fahmi,salah eddine hamli,"('mohammad fahmi', 'salah eddine hamli')",2,0.6458528037383178,1.53,historical_import_fallback,4,BetOnline.ag;FanDuel,us,NaT,pair_not_found,
,2025-12-05,Badreddine Diani,Mohammad Alaqraa,badreddine diani,mohammad alaqraa,"('badreddine diani', 'mohammad alaqraa')",2,0.826414923889968,1.16,historical_import_fallback,4,BetOnline.ag;FanDuel,us,NaT,pair_not_found,
,2025-12-05,Lorenz Larkin,Vanilto Antunes,lorenz larkin,vanilto antunes,"('lorenz larkin', 'vanilto antunes')",1,0.7867132867132867,1.22,historical_import_fallback,3,BetOnline.ag,us,NaT,pair_not_found,
,2025-12-05,Robelis Despaigne,Sam Alvey,robelis despaigne,sam alvey,"('robelis despaigne', 'sam alvey')",1,0.8872651356993737,1.17,historical_import_fallback,3,BetOnline.ag,us,NaT,pair_not_found,
,2025-12-06,Charles Joyner,Norbert Pietrzak,charles joyner,norbert pietrzak,"('charles joyner', 'norbert pietrzak')",2,0.6375,1.61,historical_import_fallback,3,BetOnline.ag,us,NaT,pair_not_found,
,2025-12-06,Daniel Konrad,George Hardwick,daniel konrad,george hardwick,"('daniel konrad', 'george hardwick')",2,0.7395824220686438,1.33,historical_import_fallback,4,BetOnline.ag,us,NaT,pair_not_found,
,2026-01-25,Sean O'Malley,Song Yadong,sean o malley,song yadong,"('sean o malley', 'song yadong')",1,0.6383495145631067,1.57,historical_import_fallback,194,BetMGM;BetOnline.ag;BetRivers;DraftKings;FanDuel,us,NaT,pair_not_found,
,2025-12-05,Abbas Khan,Ahmed El Sisy,abbas khan,ahmed el sisy,"('abbas khan', 'ahmed el sisy')",2,0.5866792929292929,1.65,historical_import_fallback,2,BetOnline.ag;FanDuel,us,NaT,pair_not_found,
,2025-12-05,Hamad Marhoon,Walid Gounaine,hamad marhoon,walid gounaine,"('hamad marhoon', 'walid gounaine')",1,0.599483204134367,1.55,historical_import_fallback,5,Grosvenor;LeoVegas;LeoVegas (SE);Unibet (NL);Unibet (SE),eu;uk,NaT,pair_not_found,
,2025-12-06,Josh Abraham,Nicolas Barna,josh abraham,nicolas barna,"('josh abraham', 'nicolas barna')",1,0.599483204134367,1.57,historical_import_fallback,17,Bovada;Grosvenor;LeoVegas;LeoVegas (SE);Unibet (NL);Unibet (SE),eu;uk,NaT,pair_not_found,
,2025-12-06,Leandro Camargo,Teddy Adlington-Stringer,leandro camargo,teddy adlington stringer,"('leandro camargo', 'teddy adlington stringer')",2,0.8357558139534884,1.14,historical_import_fallback,11,Bovada;Grosvenor;LeoVegas;LeoVegas (SE);Unibet (NL);Unibet (SE),eu;uk,NaT,pair_not_found,
,2025-12-06,Nicolas Leblond,Shajidul Haque,nicolas leblond,shajidul haque,"('nicolas leblond', 'shajidul haque')",2,0.5789473684210527,1.65,historical_import_fallback,17,Bovada;Grosvenor;LeoVegas;LeoVegas (SE);Unibet (NL);Unibet (SE),eu;uk,NaT,pair_not_found,
,2025-12-05,Claudio Ribeiro,Jayden Eynaud,claudio ribeiro,jayden eynaud,"('claudio ribeiro', 'jayden eynaud')",2,0.6888888888888889,1.4,historical_import_fallback,1,BetOnline.ag,us,NaT,pair_not_found,
,2025-12-06,Brennan Gait,Jack Foote,brennan gait,jack foote,"('brennan gait', 'jack foote')",2,0.6627906976744187,1.45,historical_import_fallback,1,BetOnline.ag,us,NaT,pair_not_found,
,2025-12-06,Charlie Boulton,Daniel Bainbridge,charlie boulton,daniel bainbridge,"('charlie boulton', 'daniel bainbridge')",2,0.5710659898477157,1.69,historical_import_fallback,1,BetOnline.ag,us,NaT,pair_not_found,
,2025-12-06,Farshad Nazarnia,Geoff Pavey,farshad nazarnia,geoff pavey,"('farshad nazarnia', 'geoff pavey')",1,0.7142857142857143,1.36,historical_import_fallback,1,BetOnline.ag,us,NaT,pair_not_found,
,2025-12-06,George Staines,Ioan Harris,george staines,ioan harris,"('george staines', 'ioan harris')",1,0.7328722002635046,1.33,historical_import_fallback,2,BetOnline.ag,us,NaT,pair_not_found,
,2025-12-06,Melvin van Suijdam,Sean Jr. Clancy,melvin van suijdam,sean clancy,"('melvin van suijdam', 'sean clancy')",2,0.8722476332305074,1.14,historical_import_fallback,2,BetOnline.ag,us,NaT,pair_not_found,
,2025-12-14,Amanda Lemos,Gillian Robertson,amanda lemos,gillian robertson,"('amanda lemos', 'gillian robertson')",2,0.6308068459657703,1.62,historical_import_fallback,41,BetMGM;BetOnline.ag;BetRivers;BetUS;DraftKings;FanDuel,us,NaT,date_diff_gt_2,90.0
,2025-12-14,Jamey-Lyn Horth,Tereza Bleda,jamey lyn horth,tereza bleda,"('jamey lyn horth', 'tereza bleda')",2,0.5822784810126582,1.74,historical_import_fallback,42,BetMGM;BetOnline.ag;BetRivers;BetUS;DraftKings;FanDuel,us,NaT,pair_not_found,
,2025-12-14,Joanderson Brito,Melsik Baghdasaryan,joanderson brito,melsik baghdasaryan,"('joanderson brito', 'melsik baghdasaryan')",1,0.6820276497695854,1.48,historical_import_fallback,19,BetMGM;BetOnline.ag;BetRivers;BetUS;DraftKings;FanDuel,us,NaT,pair_not_found,
,2025-12-14,Cesar Almeida,Cezary Oleksiejczuk,cesar almeida,cezary oleksiejczuk,"('cesar almeida', 'cezary oleksiejczuk')",2,0.6443914081145585,1.68,historical_import_fallback,43,BetMGM;BetOnline.ag;BetRivers;BetUS;DraftKings;FanDuel,us,NaT,pair_not_found,
,2025-12-14,Giga Chikadze,Kevin Vallejos,giga chikadze,kevin vallejos,"('giga chikadze', 'kevin vallejos')",2,0.7188160676532769,1.44,historical_import_fallback,43,BetMGM;BetOnline.ag;BetRivers;BetUS;DraftKings;FanDuel,us,NaT,pair_not_found,
,2025-12-14,Kennedy Nzechukwu,Marcus Buchecha,kennedy nzechukwu,marcus buchecha,"('kennedy nzechukwu', 'marcus buchecha')",1,0.5468749999999999,1.8,historical_import_fallback,43,BetMGM;BetOnline.ag;BetRivers;BetUS;DraftKings;FanDuel,us,NaT,pair_not_found,
,2026-01-25,Amanda Nunes,Kayla Harrison,amanda nunes,kayla harrison,"('amanda nunes', 'kayla harrison')",2,0.6165413533834587,1.62,historical_import_fallback,144,BetMGM;BetOnline.ag;BetRivers;DraftKings;FanDuel,us,NaT,pair_not_found,
,2026-03-08,Charles Oliveira,Max Holloway,charles oliveira,max holloway,"('charles oliveira', 'max holloway')",2,0.6287128712871288,1.56,historical_import_fallback,267,BetMGM;BetOnline.ag;BetRivers;DraftKings;FanDuel,us,NaT,pair_not_found,
,2025-12-14,Allen Frye Jr.,Guilherme Pat,allen frye,guilherme pat,"('allen frye', 'guilherme pat')",2,0.6104218362282878,1.62,historical_import_fallback,34,BetOnline.ag;BetRivers;BetUS;DraftKings;FanDuel,us,NaT,pair_not_found,
,2026-02-01,Benoit Saint-Denis,Daniel Hooker,benoit saint denis,daniel hooker,"('benoit saint denis', 'daniel hooker')",1,0.7048458149779735,1.4,historical_import_fallback,84,BetOnline.ag;DraftKings;FanDuel,us,NaT,pair_not_found,
,2026-02-22,Anthony Hernandez,Sean Strickland,anthony hernandez,sean strickland,"('anthony hernandez', 'sean strickland')",1,0.6880733944954128,1.51,historical_import_fallback,216,BetMGM;BetOnline.ag;BetRivers;BetUS;DraftKings;FanDuel,us,NaT,pair_not_found,
,2026-06-28,Alexandre Pantoja,Joshua Van,alexandre pantoja,joshua van,"('alexandre pantoja', 'joshua van')",1,0.6280193236714976,1.57,historical_import_fallback,138,BetOnline.ag,us,NaT,date_diff_gt_2,-204.0
,2026-06-28,Joshua Van,Tatsuro Taira,joshua van,tatsuro taira,"('joshua van', 'tatsuro taira')",2,0.6428571428571428,1.62,historical_import_fallback,54,BetOnline.ag,us,NaT,date_diff_gt_2,-50.0
,2026-06-28,Merab Dvalishvili,Petr Yan,merab dvalishvili,petr yan,"('merab dvalishvili', 'petr yan')",2,0.6142506142506142,1.57,historical_import_fallback,138,BetOnline.ag,us,NaT,date_diff_gt_2,-204.0
,2025-12-13,Chico Kwasi,Teodor Hristov,chico kwasi,teodor hristov,"('chico kwasi', 'teodor hristov')",1,0.7936507936507936,1.36,historical_import_fallback,21,Bovada;Grosvenor;LeoVegas;LeoVegas (SE);Unibet (NL);Unibet (SE),eu;uk,NaT,pair_not_found,
,2025-12-13,Dennis Wosik,Petchpanomrung Kiatmoo9,dennis wosik,petchpanomrung kiatmoo9,"('dennis wosik', 'petchpanomrung kiatmoo9')",2,0.8450704225352113,1.17,historical_import_fallback,21,Bovada;Grosvenor;LeoVegas;LeoVegas (SE);Unibet (NL);Unibet (SE),eu;uk,NaT,pair_not_found,
,2025-12-13,Antonio Plazibat,Nordine Mahieddine,antonio plazibat,nordine mahieddine,"('antonio plazibat', 'nordine mahieddine')",1,0.5789473684210527,1.6,historical_import_fallback,27,Bovada;Grosvenor;LeoVegas;LeoVegas (SE);Unibet (NL);Unibet (SE),eu;uk,NaT,pair_not_found,
,2025-12-13,Bobo Sacko,Miguel Trindade,bobo sacko,miguel trindade,"('bobo sacko', 'miguel trindade')",2,0.7078651685393258,1.35,historical_import_fallback,16,Bovada;Grosvenor;LeoVegas;LeoVegas (SE);Unibet (NL);Unibet (SE),eu;uk,NaT,pair_not_found,
,2025-12-13,Cem Aygun,Miloš Cvjetićanin,cem aygun,milo cvjeti anin,"('cem aygun', 'milo cvjeti anin')",2,0.6823529411764706,1.35,historical_import_fallback,15,Grosvenor;LeoVegas;LeoVegas (SE);Unibet (NL);Unibet (SE),eu;uk,NaT,pair_not_found,
,2025-12-13,Don Sno,Endy Semeleer,don sno,endy semeleer,"('don sno', 'endy semeleer')",2,0.7045454545454546,1.4,historical_import_fallback,16,Bovada;Grosvenor;LeoVegas;LeoVegas (SE);Unibet (NL);Unibet (SE),eu;uk,NaT,pair_not_found,
,2025-12-13,Figuereido Landman,Ismail Ouzgni,figuereido landman,ismail ouzgni,"('figuereido landman', 'ismail ouzgni')",1,0.5108695652173914,2.0,historical_import_fallback,15,Grosvenor;LeoVegas;LeoVegas (SE);Unibet (NL);Unibet (SE),eu;uk,NaT,pair_not_found,
,2025-12-13,Nico Horta,Nidal Bchiri,nico horta,nidal bchiri,"('nico horta', 'nidal bchiri')",1,0.8382352941176471,1.11,historical_import_fallback,16,Bovada;Grosvenor;LeoVegas;LeoVegas (SE);Unibet (NL);Unibet (SE),eu;uk,NaT,pair_not_found,
,2025-12-13,Paulina Wiśniewska,Sabrinna de Sousa,paulina wi niewska,sabrinna de sousa,"('paulina wi niewska', 'sabrinna de sousa')",2,0.599483204134367,1.66,historical_import_fallback,15,Grosvenor;LeoVegas;LeoVegas (SE);Unibet (NL);Unibet (SE),eu;uk,NaT,pair_not_found,
,2025-12-13,Aleksandr Chizov,Connor Hughes,aleksandr chizov,connor hughes,"('aleksandr chizov', 'connor hughes')",2,0.6000025637574429,1.65,historical_import_fallback,6,BetOnline.ag;FanDuel,us,NaT,pair_not_found,
,2025-12-13,Baris Adiguzel,Dean Garnett,baris adiguzel,dean garnett,"('baris adiguzel', 'dean garnett')",1,0.5932842402328248,1.67,historical_import_fallback,6,BetOnline.ag;FanDuel,us,NaT,pair_not_found,
,2025-12-13,Boris Mbarga Atangana,Guilherme Soares,boris mbarga atangana,guilherme soares,"('boris mbarga atangana', 'guilherme soares')",1,0.8164020156446841,1.18,historical_import_fallback,6,BetOnline.ag;FanDuel,us,NaT,pair_not_found,
,2025-12-13,Cris Cyborg,Sara Collins,cris cyborg,sara collins,"('cris cyborg', 'sara collins')",1,0.8395354082092918,1.16,historical_import_fallback,8,BetMGM;BetOnline.ag;FanDuel,us,NaT,pair_not_found,
,2025-12-13,Kevin Jousset,Patrick Habirora,kevin jousset,patrick habirora,"('kevin jousset', 'patrick habirora')",2,0.6339712918660287,1.53,historical_import_fallback,6,BetOnline.ag;FanDuel,us,NaT,pair_not_found,
,2025-12-13,Liam Gittins,Taylor Lapilus,liam gittins,taylor lapilus,"('liam gittins', 'taylor lapilus')",2,0.735897827324713,1.33,historical_import_fallback,6,BetOnline.ag;FanDuel,us,NaT,pair_not_found,
,2025-12-13,Renan Ferreira,Vadim Nemkov,renan ferreira,vadim nemkov,"('renan ferreira', 'vadim nemkov')",2,0.7931034482758621,1.22,historical_import_fallback,11,BetMGM;BetOnline.ag;FanDuel,us,NaT,pair_not_found,
,2025-12-13,Abraham Vidales,Achraf Aasila,abraham vidales,achraf aasila,"('abraham vidales', 'achraf aasila')",1,0.6626506024096386,1.5,historical_import_fallback,11,Bovada;Grosvenor;LeoVegas;LeoVegas (SE);Unibet (NL);Unibet (SE),eu;uk,NaT,pair_not_found,
,2025-12-13,Gustavo Oliveira,Movsar Ibragimov,gustavo oliveira,movsar ibragimov,"('gustavo oliveira', 'movsar ibragimov')",2,0.7194616977225673,1.34,historical_import_fallback,4,BetOnline.ag;FanDuel,us,NaT,pair_not_found,
,2025-12-13,Ismael Lazaar,Luis Tavares,ismael lazaar,luis tavares,"('ismael lazaar', 'luis tavares')",2,0.6928406466512702,1.33,historical_import_fallback,10,Grosvenor;LeoVegas;LeoVegas (SE);Unibet (NL);Unibet (SE),eu;uk,NaT,pair_not_found,
,2025-12-13,Iuri Fernandes,Michael Boapeah,iuri fernandes,michael boapeah,"('iuri fernandes', 'michael boapeah')",2,0.736842105263158,1.25,historical_import_fallback,10,Grosvenor;LeoVegas;LeoVegas (SE);Unibet (NL);Unibet (SE),eu;uk,NaT,pair_not_found,
,2025-12-13,Levi Batchelor,Rayan Balbali,levi batchelor,rayan balbali,"('levi batchelor', 'rayan balbali')",1,0.7801120448179272,1.25,historical_import_fallback,4,BetOnline.ag;FanDuel,us,NaT,pair_not_found,
,2025-12-20,Adrian Bartosinski,Muslim Tulshaev,adrian bartosinski,muslim tulshaev,"('adrian bartosinski', 'muslim tulshaev')",1,0.7692307692307692,1.22,historical_import_fallback,4,BetOnline.ag,us,NaT,pair_not_found,
,2025-12-20,Augusto Sakai,Marcin Wojcik,augusto sakai,marcin wojcik,"('augusto sakai', 'marcin wojcik')",2,0.5304614085101889,1.8,historical_import_fallback,4,BetOnline.ag,us,NaT,pair_not_found,
,2025-12-20,Damian Janikowski,Michal Michalski,damian janikowski,michal michalski,"('damian janikowski', 'michal michalski')",2,0.625,1.59,historical_import_fallback,3,BetOnline.ag,us,NaT,pair_not_found,
,2025-12-20,Marcelo Morrelli,Patryk Surdyn,marcelo morrelli,patryk surdyn,"('marcelo morrelli', 'patryk surdyn')",1,0.582901554404145,1.67,historical_import_fallback,4,BetOnline.ag,us,NaT,pair_not_found,
,2025-12-20,Romain Debienne,Wiktor Zalewski,romain debienne,wiktor zalewski,"('romain debienne', 'wiktor zalewski')",2,0.6928406466512702,1.45,historical_import_fallback,4,BetOnline.ag,us,NaT,pair_not_found,
,2025-12-20,Abraham Bably,Justin Clarke,abraham bably,justin clarke,"('abraham bably', 'justin clarke')",1,0.8090614886731391,1.2,historical_import_fallback,5,BetOnline.ag;FanDuel,us,NaT,pair_not_found,
,2025-12-20,Alain Majorique,Wasiu Adeshina,alain majorique,wasiu adeshina,"('alain majorique', 'wasiu adeshina')",2,0.6888888888888889,1.42,historical_import_fallback,5,BetOnline.ag;FanDuel,us,NaT,pair_not_found,
,2025-12-20,Boule Godogo,Nkosi Ndebele,boule godogo,nkosi ndebele,"('boule godogo', 'nkosi ndebele')",2,0.8333333333333334,1.2,historical_import_fallback,5,BetOnline.ag;FanDuel,us,NaT,pair_not_found,
,2025-12-20,Abdoullah Kane,Jashell Ticha Awa,abdoullah kane,jashell ticha awa,"('abdoullah kane', 'jashell ticha awa')",1,0.9136212624584719,1.04,historical_import_fallback,6,Bovada;Grosvenor;LeoVegas;LeoVegas (SE);Unibet (NL);Unibet (SE),eu;uk,NaT,pair_not_found,
,2025-12-20,Artur Szpilka,Michal Martínek,artur szpilka,michal mart nek,"('artur szpilka', 'michal mart nek')",2,0.599483204134367,1.55,historical_import_fallback,5,Grosvenor;LeoVegas;LeoVegas (SE);Unibet (NL);Unibet (SE),eu;uk,NaT,pair_not_found,
,2025-12-20,Shido Boris Esperanca,Yabna N'Tchalá,shido boris esperanca,yabna n tchal,"('shido boris esperanca', 'yabna n tchal')",1,0.7264957264957265,1.28,historical_import_fallback,5,Grosvenor;LeoVegas;LeoVegas (SE);Unibet (NL);Unibet (SE),eu;uk,NaT,pair_not_found,
,2026-01-24,Alex Hernandez,Michael Johnson,alex hernandez,michael johnson,"('alex hernandez', 'michael johnson')",1,0.6310679611650486,1.71,historical_import_fallback,89,BetMGM;BetOnline.ag;BetRivers;DraftKings;FanDuel,us,NaT,pair_not_found,
,2026-01-25,Andrey Pulyaev,Ateba Gautier,andrey pulyaev,ateba gautier,"('andrey pulyaev', 'ateba gautier')",2,0.8631319358816276,1.11,historical_import_fallback,16,BetMGM;BetOnline.ag;BetRivers;DraftKings;FanDuel,us,NaT,pair_not_found,
,2026-01-25,Cameron Smotherman,Ricky Turcios,cameron smotherman,ricky turcios,"('cameron smotherman', 'ricky turcios')",1,0.6383495145631067,1.53,historical_import_fallback,16,BetMGM;BetOnline.ag;BetRivers;DraftKings;FanDuel,us,NaT,pair_not_found,
,2026-02-01,Cam Rowston,Cody Brundage,cam rowston,cody brundage,"('cam rowston', 'cody brundage')",1,0.7112526539278131,1.4,historical_import_fallback,4,BetOnline.ag,us,NaT,pair_not_found,
,2026-02-01,Dustin Jacoby,Jim Crute,dustin jacoby,jim crute,"('dustin jacoby', 'jim crute')",1,0.5105820105820106,1.91,historical_import_fallback,50,BetOnline.ag;BetRivers;DraftKings;FanDuel,us,NaT,pair_not_found,
,2026-02-01,Jacob Malkoun,Torrez Finney,jacob malkoun,torrez finney,"('jacob malkoun', 'torrez finney')",1,0.6339712918660287,1.53,historical_import_fallback,4,BetOnline.ag,us,NaT,pair_not_found,
,2026-02-01,Kaan Ofli,Yi Zha,kaan ofli,yi zha,"('kaan ofli', 'yi zha')",2,0.6390243902439025,1.55,historical_import_fallback,73,BetMGM;BetOnline.ag;BetRivers;DraftKings;FanDuel,us,NaT,pair_not_found,
,2026-02-01,Mauricio Ruffy,Rafael Fiziev,mauricio ruffy,rafael fiziev,"('mauricio ruffy', 'rafael fiziev')",2,0.5404699738903394,1.89,historical_import_fallback,84,BetMGM;BetOnline.ag;BetRivers;DraftKings;FanDuel,us,NaT,pair_not_found,
,2026-02-01,Quillan Salkilld,Zhu Rong,quillan salkilld,zhu rong,"('quillan salkilld', 'zhu rong')",1,0.6682027649769585,1.5,historical_import_fallback,19,BetOnline.ag;BetRivers;DraftKings;FanDuel,us,NaT,pair_not_found,
,2026-01-24,Adam Fugitt,Ty Miller,adam fugitt,ty miller,"('adam fugitt', 'ty miller')",2,0.7552581261950287,1.34,historical_import_fallback,83,BetMGM;BetOnline.ag;BetRivers;DraftKings;FanDuel,us,NaT,pair_not_found,
,2026-01-25,Alex Hernandez,Michael Johnson,alex hernandez,michael johnson,"('alex hernandez', 'michael johnson')",1,0.6339712918660287,1.53,historical_import_fallback,15,BetMGM;BetOnline.ag;BetRivers;DraftKings;FanDuel,us,NaT,pair_not_found,
,2027-01-01,Ciryl Gane,Tom Aspinall,ciryl gane,tom aspinall,"('ciryl gane', 'tom aspinall')",2,0.5324675324675324,1.87,historical_import_fallback,53,BetOnline.ag;DraftKings,us,NaT,pair_not_found,
,2027-01-01,Conor McGregor,Michael Chandler,conor mcgregor,michael chandler,"('conor mcgregor', 'michael chandler')",2,0.5221932114882506,1.83,historical_import_fallback,11,DraftKings,us,NaT,pair_not_found,
,2027-01-01,Joshua Van,Tatsuro Taira,joshua van,tatsuro taira,"('joshua van', 'tatsuro taira')",2,0.6310679611650486,1.52,historical_import_fallback,11,DraftKings,us,NaT,date_diff_gt_2,-237.0
,2027-01-01,Petr Yan,Sean O'Malley,petr yan,sean o malley,"('petr yan', 'sean o malley')",1,0.7049891540130152,1.36,historical_import_fallback,1,DraftKings,us,NaT,pair_not_found,
,2027-01-01,Islam Makhachev,Kamaru Usman,islam makhachev,kamaru usman,"('islam makhachev', 'kamaru usman')",1,0.7261410788381742,1.32,historical_import_fallback,11,DraftKings,us,NaT,pair_not_found,
,2027-01-01,Anthony Hernandez,Khamzat Chimaev,anthony hernandez,khamzat chimaev,"('anthony hernandez', 'khamzat chimaev')",2,0.7867132867132868,1.22,historical_import_fallback,11,DraftKings,us,NaT,pair_not_found,
,2027-01-01,Khamzat Chimaev,Nassourdine Imavov,khamzat chimaev,nassourdine imavov,"('khamzat chimaev', 'nassourdine imavov')",1,0.7999999999999999,1.2,historical_import_fallback,11,DraftKings,us,NaT,pair_not_found,
,2027-01-01,Alex Pereira,Carlos Ulberg,alex pereira,carlos ulberg,"('alex pereira', 'carlos ulberg')",1,0.6310679611650486,1.52,historical_import_fallback,11,DraftKings,us,NaT,pair_not_found,
,2026-01-24,Andrey Pulyaev,Ateba Gautier,andrey pulyaev,ateba gautier,"('andrey pulyaev', 'ateba gautier')",2,0.8631319358816276,1.15,historical_import_fallback,89,BetMGM;BetOnline.ag;BetRivers;DraftKings;FanDuel,us,NaT,pair_not_found,
,2026-01-24,Cameron Smotherman,Ricky Turcios,cameron smotherman,ricky turcios,"('cameron smotherman', 'ricky turcios')",1,0.6383495145631067,1.56,historical_import_fallback,89,BetMGM;BetOnline.ag;BetRivers;DraftKings;FanDuel,us,NaT,pair_not_found,
,2026-01-31,Cam Rowston,Cody Brundage,cam rowston,cody brundage,"('cam rowston', 'cody brundage')",1,0.7080610021786492,1.37,historical_import_fallback,72,BetMGM;BetOnline.ag;BetRivers;DraftKings;FanDuel,us,NaT,pair_not_found,
,2026-01-31,Jacob Malkoun,Torrez Finney,jacob malkoun,torrez finney,"('jacob malkoun', 'torrez finney')",1,0.6064356435643565,1.77,historical_import_fallback,72,BetMGM;BetOnline.ag;BetRivers;DraftKings;FanDuel,us,NaT,pair_not_found,
,2026-01-31,Kaan Ofli,Yi Zha,kaan ofli,yi zha,"('kaan ofli', 'yi zha')",2,0.6225490196078431,1.54,historical_import_fallback,3,BetOnline.ag;DraftKings,us,NaT,pair_not_found,
,2026-01-31,Quillan Salkilld,Zhu Rong,quillan salkilld,zhu rong,"('quillan salkilld', 'zhu rong')",1,0.6744186046511629,1.44,historical_import_fallback,21,BetOnline.ag;BetRivers;DraftKings;FanDuel,us,NaT,pair_not_found,
,2026-01-11,Bo Nickal,Yoel Romero,bo nickal,yoel romero,"('bo nickal', 'yoel romero')",1,0.7112271902784248,1.36,historical_import_fallback,6,BetOnline.ag,us,NaT,pair_not_found,
,2026-01-11,Colby Covington,Luke Rockhold,colby covington,luke rockhold,"('colby covington', 'luke rockhold')",1,0.7368421052631579,1.36,historical_import_fallback,6,BetOnline.ag,us,NaT,pair_not_found,
,2026-01-17,Deniz Ilbay,Karol Rosa,deniz ilbay,karol rosa,"('deniz ilbay', 'karol rosa')",1,0.7062780269058296,1.32,historical_import_fallback,6,BetOnline.ag,us,NaT,pair_not_found,
,2026-01-17,Gjoni Palokaj,James Hendin,gjoni palokaj,james hendin,"('gjoni palokaj', 'james hendin')",1,0.5284552845528455,1.8,historical_import_fallback,6,BetOnline.ag,us,NaT,pair_not_found,
,2026-01-17,Kamil Oniszczuk,Marek Bartl,kamil oniszczuk,marek bartl,"('kamil oniszczuk', 'marek bartl')",1,0.5657894736842105,1.65,historical_import_fallback,6,BetOnline.ag,us,NaT,pair_not_found,
,2026-01-17,Kerim Engizek,Krzysztof Jotko,kerim engizek,krzysztof jotko,"('kerim engizek', 'krzysztof jotko')",1,0.5,2.0,historical_import_fallback,6,BetOnline.ag,us,NaT,pair_not_found,
,2026-01-17,Amaury Wako,Viktor Cervinsky,amaury wako,viktor cervinsky,"('amaury wako', 'viktor cervinsky')",1,0.7368421052631579,1.25,historical_import_fallback,5,BetOnline.ag,us,NaT,pair_not_found,
,2026-01-17,Arkadiusz Wrzosek,Szymon Bajor,arkadiusz wrzosek,szymon bajor,"('arkadiusz wrzosek', 'szymon bajor')",1,0.7158590308370044,1.29,historical_import_fallback,5,BetOnline.ag,us,NaT,pair_not_found,
,2026-01-17,Henry Fadipe,Konrad Rusinski,henry fadipe,konrad rusinski,"('henry fadipe', 'konrad rusinski')",2,0.5390835579514824,1.83,historical_import_fallback,5,BetOnline.ag,us,NaT,pair_not_found,
,2026-01-17,Ibragim Chuzhigaev,Maciej Rozanski,ibragim chuzhigaev,maciej rozanski,"('ibragim chuzhigaev', 'maciej rozanski')",1,0.6585365853658537,1.4,historical_import_fallback,5,BetOnline.ag,us,NaT,pair_not_found,
,2026-01-17,Marcin Held,Salahdine Parnasse,marcin held,salahdine parnasse,"('marcin held', 'salahdine parnasse')",2,0.8295625942684767,1.13,historical_import_fallback,5,BetOnline.ag,us,NaT,pair_not_found,
,2026-01-17,Piotr Kacprzak,Wojciech Kazieczko,piotr kacprzak,wojciech kazieczko,"('piotr kacprzak', 'wojciech kazieczko')",1,0.606060606060606,1.56,historical_import_fallback,5,BetOnline.ag,us,NaT,pair_not_found,
,2026-01-17,Tamires Vidal,Wiktoria Czyżewska,tamires vidal,wiktoria czy ewska,"('tamires vidal', 'wiktoria czy ewska')",2,0.7692307692307693,1.2,historical_import_fallback,5,BetOnline.ag,us,NaT,pair_not_found,
,2026-01-17,Ednilson Santos,Jose Ferreira,ednilson santos,jose ferreira,"('ednilson santos', 'jose ferreira')",2,0.6585365853658537,1.4,historical_import_fallback,2,BetOnline.ag,us,NaT,pair_not_found,
,2026-01-17,Shaheen Santana,Taner Trembley,shaheen santana,taner trembley,"('shaheen santana', 'taner trembley')",2,0.6642512077294687,1.4,historical_import_fallback,3,BetOnline.ag,us,NaT,pair_not_found,
,2026-01-17,Daniel Ligocki,David Zawada,daniel ligocki,david zawada,"('daniel ligocki', 'david zawada')",1,0.6142506142506142,1.57,historical_import_fallback,3,BetOnline.ag,us,NaT,pair_not_found,
,2026-01-17,Andi Vrtacic,Mateusz Gola,andi vrtacic,mateusz gola,"('andi vrtacic', 'mateusz gola')",1,0.7158590308370044,1.29,historical_import_fallback,3,BetOnline.ag,us,NaT,pair_not_found,
,2026-01-17,Iras Khizriev,Sasha Moisa,iras khizriev,sasha moisa,"('iras khizriev', 'sasha moisa')",1,0.5,2.15,historical_import_fallback,3,BetOnline.ag,us,NaT,pair_not_found,
,2026-03-08,Caio Borralho,Reinier de Ridder,caio borralho,reinier de ridder,"('caio borralho', 'reinier de ridder')",1,0.6853932584269663,1.49,historical_import_fallback,103,BetMGM;BetOnline.ag;BetRivers;DraftKings;FanDuel,us,NaT,pair_not_found,
,2026-03-29,Israel Adesanya,Joseph Pyfer,israel adesanya,joseph pyfer,"('israel adesanya', 'joseph pyfer')",2,0.5324675324675324,2.2,historical_import_fallback,148,BetMGM;BetOnline.ag;BetRivers;BetUS;DraftKings;FanDuel,us,NaT,pair_not_found,
,2026-12-31,Conor McGregor,Michael Chandler,conor mcgregor,michael chandler,"('conor mcgregor', 'michael chandler')",2,0.5221932114882506,1.83,historical_import_fallback,90,DraftKings,us,NaT,pair_not_found,
,2026-12-31,Joshua Van,Tatsuro Taira,joshua van,tatsuro taira,"('joshua van', 'tatsuro taira')",2,0.6310679611650486,1.52,historical_import_fallback,29,DraftKings,us,NaT,date_diff_gt_2,-236.0
,2026-12-31,Islam Makhachev,Kamaru Usman,islam makhachev,kamaru usman,"('islam makhachev', 'kamaru usman')",1,0.7261410788381742,1.32,historical_import_fallback,109,DraftKings,us,NaT,pair_not_found,
,2026-12-31,Anthony Hernandez,Khamzat Chimaev,anthony hernandez,khamzat chimaev,"('anthony hernandez', 'khamzat chimaev')",2,0.7867132867132868,1.22,historical_import_fallback,29,DraftKings,us,NaT,pair_not_found,
,2026-12-31,Khamzat Chimaev,Nassourdine Imavov,khamzat chimaev,nassourdine imavov,"('khamzat chimaev', 'nassourdine imavov')",1,0.7999999999999999,1.2,historical_import_fallback,29,DraftKings,us,NaT,pair_not_found,
,2026-12-31,Alex Pereira,Carlos Ulberg,alex pereira,carlos ulberg,"('alex pereira', 'carlos ulberg')",1,0.6310679611650486,1.52,historical_import_fallback,29,DraftKings,us,NaT,pair_not_found,
,2026-12-31,Ciryl Gane,Tom Aspinall,ciryl gane,tom aspinall,"('ciryl gane', 'tom aspinall')",2,0.6310679611650486,1.52,historical_import_fallback,103,DraftKings,us,NaT,pair_not_found,
,2026-01-17,Deniz Ilbay,Karol Ryšavý,deniz ilbay,karol ry av,"('deniz ilbay', 'karol ry av')",1,0.7111111111111111,1.3,historical_import_fallback,8,Grosvenor;LeoVegas;LeoVegas (SE);Unibet (SE),eu;uk,NaT,pair_not_found,
,2026-01-31,Dustin Jacoby,Jim Crute,dustin jacoby,jim crute,"('dustin jacoby', 'jim crute')",1,0.5347593582887701,1.85,historical_import_fallback,4,BetMGM;BetOnline.ag;BetRivers,us,NaT,pair_not_found,
,2026-01-17,Bekmyrza Dosmatov,Josiah Harrell,bekmyrza dosmatov,josiah harrell,"('bekmyrza dosmatov', 'josiah harrell')",1,0.6064356435643565,1.59,historical_import_fallback,1,BetOnline.ag,us,NaT,pair_not_found,
,2026-01-17,Canon Swanson,Jimmy Washington,canon swanson,jimmy washington,"('canon swanson', 'jimmy washington')",1,0.5,1.91,historical_import_fallback,1,BetOnline.ag,us,NaT,pair_not_found,
,2026-01-17,Arslan Bilalov,Matt Adams,arslan bilalov,matt adams,"('arslan bilalov', 'matt adams')",1,0.7921635434412265,1.22,historical_import_fallback,1,BetOnline.ag,us,NaT,pair_not_found,
,2026-01-17,Arian Sadiković,Jixie Molapo,arian sadikovi,jixie molapo,"('arian sadikovi', 'jixie molapo')",1,0.7777777777777778,1.2,historical_import_fallback,4,Grosvenor;LeoVegas;LeoVegas (SE);Unibet (SE),eu;uk,NaT,pair_not_found,
,2026-01-17,Maurice Adorf,Tomáš Cigánik,maurice adorf,tom cig nik,"('maurice adorf', 'tom cig nik')",2,0.6569343065693432,1.41,historical_import_fallback,4,Grosvenor;LeoVegas;LeoVegas (SE);Unibet (SE),eu;uk,NaT,pair_not_found,
,2026-12-31,Conor McGregor,Jorge Masvidal,conor mcgregor,jorge masvidal,"('conor mcgregor', 'jorge masvidal')",1,0.5710659898477157,1.69,historical_import_fallback,153,BetOnline.ag,us,NaT,pair_not_found,
,2026-01-22,Jose Sandoval,Juancamilo Ronderos,jose sandoval,juancamilo ronderos,"('jose sandoval', 'juancamilo ronderos')",2,0.5759162303664922,1.62,historical_import_fallback,1,BetOnline.ag,us,NaT,pair_not_found,
,2026-01-22,Kai Kamaka,Michel Lima,kai kamaka,michel lima,"('kai kamaka', 'michel lima')",1,0.7936507936507936,1.17,historical_import_fallback,1,BetOnline.ag,us,NaT,pair_not_found,
,2026-01-24,Gustavo Guilherme,Vladimir Calvo,gustavo guilherme,vladimir calvo,"('gustavo guilherme', 'vladimir calvo')",2,0.5481283422459893,1.69,historical_import_fallback,1,BetOnline.ag,us,NaT,pair_not_found,
,2026-01-24,Leon Soares,Miguel Porto,leon soares,miguel porto,"('leon soares', 'miguel porto')",1,0.5994897959183673,1.57,historical_import_fallback,1,BetOnline.ag,us,NaT,pair_not_found,
,2026-01-24,Lionel Abojer,Rafael Pereira,lionel abojer,rafael pereira,"('lionel abojer', 'rafael pereira')",2,0.606060606060606,1.56,historical_import_fallback,1,BetOnline.ag,us,NaT,pair_not_found,
,2026-02-07,Eduarda Moura,Wang Cong,eduarda moura,wang cong,"('eduarda moura', 'wang cong')",2,0.7470119521912351,1.34,historical_import_fallback,42,BetMGM;BetOnline.ag;BetRivers;BetUS;DraftKings;FanDuel,us,NaT,pair_not_found,
,2026-02-07,Alex Morono,Daniil Donchenko,alex morono,daniil donchenko,"('alex morono', 'daniil donchenko')",2,0.8357111241495023,1.18,historical_import_fallback,32,BetMGM;BetOnline.ag;BetRivers;BetUS;DraftKings;FanDuel,us,NaT,pair_not_found,
,2026-02-07,Klaudia Syguła,Priscila Cachoeira,klaudia sygu a,priscila cachoeira,"('klaudia sygu a', 'priscila cachoeira')",1,0.5778672232160604,1.77,historical_import_fallback,34,BetOnline.ag;BetRivers;BetUS;DraftKings;FanDuel,us,NaT,pair_not_found,
,2026-02-07,Javid Basharat,Said Nurmagomedov,javid basharat,said nurmagomedov,"('javid basharat', 'said nurmagomedov')",1,0.5426356589147286,1.87,historical_import_fallback,26,BetMGM;BetOnline.ag;BetRivers;BetUS;DraftKings;FanDuel,us,NaT,pair_not_found,
,2026-02-08,Marc-Andre Barriault,Michal Oleksiejczuk,marc andre barriault,michal oleksiejczuk,"('marc andre barriault', 'michal oleksiejczuk')",2,0.7779406652367553,1.35,historical_import_fallback,42,BetMGM;BetOnline.ag;BetRivers;BetUS;DraftKings;FanDuel,us,NaT,pair_not_found,
,2026-02-08,Jailton Almeida,Rizvan Kuniev,jailton almeida,rizvan kuniev,"('jailton almeida', 'rizvan kuniev')",1,0.5816326530612244,1.71,historical_import_fallback,41,BetMGM;BetOnline.ag;BetRivers;BetUS;DraftKings;FanDuel,us,NaT,pair_not_found,
,2027-01-01,Ilia Topuria,Justin Gaethje,ilia topuria,justin gaethje,"('ilia topuria', 'justin gaethje')",1,0.7985430290940826,1.22,historical_import_fallback,56,BetOnline.ag;DraftKings,us,NaT,pair_not_found,
,2026-02-07,Anis Bouzid,Errol Zimmerman,anis bouzid,errol zimmerman,"('anis bouzid', 'errol zimmerman')",1,0.7111111111111111,1.32,historical_import_fallback,20,Grosvenor;LeoVegas;LeoVegas (SE);Unibet (NL);Unibet (SE),eu;uk,NaT,pair_not_found,
,2026-02-07,Bahram Rajabzadeh,Cristian Ristea,bahram rajabzadeh,cristian ristea,"('bahram rajabzadeh', 'cristian ristea')",1,0.7479508196721312,1.23,historical_import_fallback,26,Bovada;Grosvenor;LeoVegas;LeoVegas (SE);Unibet (NL);Unibet (SE),eu;uk,NaT,pair_not_found,
,2026-02-07,Cédric Do,Hamicha,c dric do,hamicha,"('c dric do', 'hamicha')",2,0.7078651685393258,1.3,historical_import_fallback,10,Grosvenor;LeoVegas;LeoVegas (SE);Unibet (NL);Unibet (SE),eu;uk,NaT,pair_not_found,
,2026-02-07,Kevin Tariq Osaro,Nidal Bchiri,kevin tariq osaro,nidal bchiri,"('kevin tariq osaro', 'nidal bchiri')",1,0.7999999999999999,1.15,historical_import_fallback,25,Grosvenor;LeoVegas;LeoVegas (SE);Unibet (NL);Unibet (SE),eu;uk,NaT,pair_not_found,
,2026-02-07,Michael Boapeah,Mory Kromah,michael boapeah,mory kromah,"('michael boapeah', 'mory kromah')",2,0.5121951219512194,1.8,historical_import_fallback,25,Grosvenor;LeoVegas;LeoVegas (SE);Unibet (NL);Unibet (SE),eu;uk,NaT,pair_not_found,
,2026-02-07,Miloš Cvjetićanin,Sofian Laïdouni,milo cvjeti anin,sofian la douni,"('milo cvjeti anin', 'sofian la douni')",2,0.5405405405405406,1.89,historical_import_fallback,20,Grosvenor;LeoVegas;LeoVegas (SE);Unibet (NL);Unibet (SE),eu;uk,NaT,pair_not_found,
,2026-02-07,Andrew Stewart,Christian Echols,andrew stewart,christian echols,"('andrew stewart', 'christian echols')",1,0.6316475495307612,1.56,historical_import_fallback,2,BetOnline.ag,us,NaT,pair_not_found,
,2026-02-07,Kendra McIntyre,Mackenzie Stiller,kendra mcintyre,mackenzie stiller,"('kendra mcintyre', 'mackenzie stiller')",2,0.7867132867132868,1.27,historical_import_fallback,3,BetOnline.ag,us,NaT,pair_not_found,
,2026-02-07,Alfie Davis,Usman Nurmagomedov,alfie davis,usman nurmagomedov,"('alfie davis', 'usman nurmagomedov')",2,0.9098574275640043,1.1,historical_import_fallback,8,BetMGM;BetOnline.ag;FanDuel,us,NaT,pair_not_found,
,2026-02-08,Andrei Arlovski,Ben Rothwell,andrei arlovski,ben rothwell,"('andrei arlovski', 'ben rothwell')",2,0.6440092165898618,1.5,historical_import_fallback,4,BetOnline.ag,us,NaT,pair_not_found,
,2026-02-07,Amin Ayoub,Makkasharip Zaynukov,amin ayoub,makkasharip zaynukov,"('amin ayoub', 'makkasharip zaynukov')",2,0.6142506142506142,1.57,historical_import_fallback,3,BetMGM;BetOnline.ag,us,NaT,pair_not_found,
,2026-02-07,Haider Khan,Jhony Gregory,haider khan,jhony gregory,"('haider khan', 'jhony gregory')",1,0.8576874205844981,1.12,historical_import_fallback,5,BetMGM;BetOnline.ag;FanDuel,us,NaT,pair_not_found,
,2026-02-07,Karl Williams,Pouya Rahmani,karl williams,pouya rahmani,"('karl williams', 'pouya rahmani')",2,0.8457374830852503,1.2,historical_import_fallback,5,BetMGM;BetOnline.ag;FanDuel,us,NaT,pair_not_found,
,2026-02-07,Kasum Kasumov,Taylor Lapilus,kasum kasumov,taylor lapilus,"('kasum kasumov', 'taylor lapilus')",2,0.7429718875502008,1.33,historical_import_fallback,5,BetMGM;BetOnline.ag;FanDuel,us,NaT,pair_not_found,
,2026-02-07,Serdar Yiğit Eroğlu,Vasile Amariței,serdar yi it ero lu,vasile amari ei,"('serdar yi it ero lu', 'vasile amari ei')",1,0.5027173913043478,1.83,historical_import_fallback,10,Grosvenor;LeoVegas;LeoVegas (SE);Unibet (NL);Unibet (SE),eu;uk,NaT,pair_not_found,
,2026-02-08,Luke Trainer,Rob Wilkinson,luke trainer,rob wilkinson,"('luke trainer', 'rob wilkinson')",1,0.6827401337247228,1.43,historical_import_fallback,2,BetOnline.ag;FanDuel,us,NaT,pair_not_found,
,2026-02-07,Alin Nechita,Luis Tavares,alin nechita,luis tavares,"('alin nechita', 'luis tavares')",2,0.6169665809768637,1.49,historical_import_fallback,5,Grosvenor;LeoVegas;LeoVegas (SE);Unibet (NL);Unibet (SE),eu;uk,NaT,pair_not_found,
,2026-02-07,Brice Kombou,Hamicha,brice kombou,hamicha,"('brice kombou', 'hamicha')",2,0.7692307692307693,1.2,historical_import_fallback,10,Grosvenor;LeoVegas;LeoVegas (SE);Unibet (NL);Unibet (SE),eu;uk,NaT,pair_not_found,
,2026-02-07,Luke Trainer,Rob Wilkinson,luke trainer,rob wilkinson,"('luke trainer', 'rob wilkinson')",1,0.6735159817351598,1.44,historical_import_fallback,3,BetMGM;BetOnline.ag;FanDuel,us,NaT,pair_not_found,
,2026-02-07,Abdoul Abdouraguimov,Kendly St. Louis,abdoul abdouraguimov,kendly st louis,"('abdoul abdouraguimov', 'kendly st louis')",1,0.7017543859649122,1.39,historical_import_fallback,3,BetMGM;BetOnline.ag;FanDuel,us,NaT,pair_not_found,
,2026-02-07,Ramazan Kuramagomedov,Shamil Musaev,ramazan kuramagomedov,shamil musaev,"('ramazan kuramagomedov', 'shamil musaev')",2,0.7504901811770428,7.0,historical_import_fallback,4,BetMGM;BetOnline.ag;FanDuel,us,NaT,pair_not_found,
,2026-02-07,Anis Bouzid,Miloš Cvjetićanin,anis bouzid,milo cvjeti anin,"('anis bouzid', 'milo cvjeti anin')",1,0.6585365853658537,1.4,historical_import_fallback,5,Grosvenor;LeoVegas;LeoVegas (SE);Unibet (NL);Unibet (SE),eu;uk,NaT,pair_not_found,
,2026-02-08,Alex Morono,Daniil Donchenko,alex morono,daniil donchenko,"('alex morono', 'daniil donchenko')",2,0.8484752016194861,1.14,historical_import_fallback,6,BetMGM;BetOnline.ag;BetRivers;BetUS;DraftKings;FanDuel,us,NaT,pair_not_found,
,2026-02-21,Alibi Idiris,Ode Osbourne,alibi idiris,ode osbourne,"('alibi idiris', 'ode osbourne')",1,0.5677749360613811,1.8,historical_import_fallback,69,BetMGM;BetOnline.ag;BetRivers;BetUS;DraftKings;FanDuel,us,NaT,pair_not_found,
,2026-02-21,Carli Judice,Juliana Miller,carli judice,juliana miller,"('carli judice', 'juliana miller')",1,0.8333333333333333,1.25,historical_import_fallback,81,BetMGM;BetOnline.ag;BetRivers;BetUS;DraftKings;FanDuel,us,NaT,pair_not_found,
,2026-02-21,Jean-Paul Lebosnoyani,Philip Rowe,jean paul lebosnoyani,philip rowe,"('jean paul lebosnoyani', 'philip rowe')",1,0.6443914081145585,1.56,historical_import_fallback,57,BetOnline.ag;BetRivers;BetUS;DraftKings;FanDuel,us,NaT,missing_dob,
,2026-02-21,Jordan Leavitt,Yadier DelValle,jordan leavitt,yadier delvalle,"('jordan leavitt', 'yadier delvalle')",2,0.7659176029962547,1.31,historical_import_fallback,62,BetOnline.ag;BetRivers;BetUS;DraftKings;FanDuel,us,NaT,pair_not_found,
,2026-02-22,Ante Delija,Sergey Spivak,ante delija,sergey spivak,"('ante delija', 'sergey spivak')",1,0.5561423605098765,1.87,historical_import_fallback,26,BetOnline.ag;BetRivers;BetUS;DraftKings;FanDuel,us,NaT,pair_not_found,
,2026-02-22,Geoffrey Neal,Uros Medic,geoffrey neal,uros medic,"('geoffrey neal', 'uros medic')",1,0.6485849056603774,1.54,historical_import_fallback,21,BetOnline.ag;BetUS;DraftKings;FanDuel,us,NaT,pair_not_found,
,2026-02-22,Jacobe Smith,Seok Hyun Ko,jacobe smith,seok hyun ko,"('jacobe smith', 'seok hyun ko')",1,0.5169712793733681,2.04,historical_import_fallback,3,BetOnline.ag;BetUS,us,NaT,pair_not_found,
,2026-02-22,Michel Pereira,Zachary Reese,michel pereira,zachary reese,"('michel pereira', 'zachary reese')",1,0.5822784810126582,1.69,historical_import_fallback,26,BetOnline.ag;BetRivers;BetUS;DraftKings;FanDuel,us,NaT,pair_not_found,
,2026-02-21,Ante Delija,Sergey Spivak,ante delija,sergey spivak,"('ante delija', 'sergey spivak')",1,0.6034912718204488,1.69,historical_import_fallback,40,BetOnline.ag;BetRivers;BetUS;DraftKings;FanDuel,us,NaT,pair_not_found,
,2026-02-21,Geoffrey Neal,Uros Medic,geoffrey neal,uros medic,"('geoffrey neal', 'uros medic')",1,0.6310679611650486,1.56,historical_import_fallback,32,BetOnline.ag;BetUS;DraftKings;FanDuel,us,NaT,pair_not_found,
,2026-02-21,Michel Pereira,Zachary Reese,michel pereira,zachary reese,"('michel pereira', 'zachary reese')",1,0.5647668393782384,1.77,historical_import_fallback,40,BetOnline.ag;BetRivers;BetUS;DraftKings;FanDuel,us,NaT,pair_not_found,
,2026-02-14,Endrit Brajshori,Petr Yan,endrit brajshori,petr yan,"('endrit brajshori', 'petr yan')",1,0.6585365853658537,1.4,historical_import_fallback,3,BetOnline.ag,us,NaT,pair_not_found,
,2026-02-14,Eugen Black-Dell,Jakub Batfalsky,eugen black dell,jakub batfalsky,"('eugen black dell', 'jakub batfalsky')",2,0.7826887661141805,1.18,historical_import_fallback,3,BetOnline.ag,us,NaT,pair_not_found,
,2026-02-14,Kaik Brito,Ronald Paradeiser,kaik brito,ronald paradeiser,"('kaik brito', 'ronald paradeiser')",2,0.6585365853658537,1.4,historical_import_fallback,3,BetOnline.ag,us,NaT,pair_not_found,
,2026-02-14,Jayden Eynaud,Uriah Hall,jayden eynaud,uriah hall,"('jayden eynaud', 'uriah hall')",2,0.6606636415201361,1.45,historical_import_fallback,2,BetOnline.ag,us,NaT,pair_not_found,
,2026-02-14,Markus Perez,Vitor Costa,markus perez,vitor costa,"('markus perez', 'vitor costa')",1,0.5213178294573644,1.83,historical_import_fallback,2,BetOnline.ag,us,NaT,pair_not_found,
,2026-02-28,Ailin Perez,Macy Chiasson,ailin perez,macy chiasson,"('ailin perez', 'macy chiasson')",1,0.5964912280701754,1.74,historical_import_fallback,35,BetOnline.ag;BetRivers;BetUS;DraftKings;FanDuel,us,NaT,pair_not_found,
,2026-02-28,Jose Daniel Medina,Ryan Gandra,jose daniel medina,ryan gandra,"('jose daniel medina', 'ryan gandra')",2,0.8090614886731392,1.19,historical_import_fallback,35,BetOnline.ag;BetRivers;BetUS;DraftKings;FanDuel,us,NaT,pair_not_found,
,2026-03-01,Angel Pacheco,Santiago Luna,angel pacheco,santiago luna,"('angel pacheco', 'santiago luna')",2,0.7867132867132868,1.22,historical_import_fallback,40,BetOnline.ag;BetRivers;BetUS;DraftKings;FanDuel,us,NaT,pair_not_found,
,2026-03-01,Daniel Zellhuber,King Green,daniel zellhuber,king green,"('daniel zellhuber', 'king green')",1,0.7962648556876062,1.2,historical_import_fallback,40,BetOnline.ag;BetRivers;BetUS;DraftKings;FanDuel,us,NaT,pair_not_found,
,2026-03-01,David Martinez,Marlon Vera,david martinez,marlon vera,"('david martinez', 'marlon vera')",1,0.6985689249508613,1.39,historical_import_fallback,40,BetOnline.ag;BetRivers;BetUS;DraftKings;FanDuel,us,NaT,pair_not_found,
,2026-03-08,Brunno Ferreira,Gregory Rodrigues,brunno ferreira,gregory rodrigues,"('brunno ferreira', 'gregory rodrigues')",2,0.6383495145631068,1.64,historical_import_fallback,52,BetMGM;BetOnline.ag;BetRivers;DraftKings;FanDuel,us,NaT,pair_not_found,
,2026-03-08,Cody Garbrandt,Long Xiao,cody garbrandt,long xiao,"('cody garbrandt', 'long xiao')",2,0.578811369509044,1.69,historical_import_fallback,59,BetMGM;BetOnline.ag;BetRivers;DraftKings;FanDuel,us,NaT,pair_not_found,
,2026-03-08,Donte Johnson,Dusko Todorovic,donte johnson,dusko todorovic,"('donte johnson', 'dusko todorovic')",1,0.7604562737642586,1.29,historical_import_fallback,13,BetOnline.ag;DraftKings,us,NaT,pair_not_found,
,2026-03-08,Gaston Bolanos,Joo Sang Yoo,gaston bolanos,joo sang yoo,"('gaston bolanos', 'joo sang yoo')",2,0.6643356643356644,1.47,historical_import_fallback,13,BetOnline.ag;DraftKings,us,NaT,pair_not_found,
,2026-03-08,Jesus Santos Aguilar,Su Mudaerji,jesus santos aguilar,su mudaerji,"('jesus santos aguilar', 'su mudaerji')",2,0.6643356643356644,1.47,historical_import_fallback,13,BetOnline.ag;DraftKings,us,NaT,missing_dob,
,2026-03-08,Luke Fernandez,Rodolfo Bellato,luke fernandez,rodolfo bellato,"('luke fernandez', 'rodolfo bellato')",1,0.6823266219239373,1.49,historical_import_fallback,13,BetOnline.ag;DraftKings,us,NaT,pair_not_found,
,2026-03-08,Raul Rosas Jr,Rob Font,raul rosas,rob font,"('raul rosas', 'rob font')",1,0.6572769953051644,1.59,historical_import_fallback,52,BetMGM;BetOnline.ag;BetRivers;DraftKings;FanDuel,us,NaT,pair_not_found,
,2026-02-14,Fedor Duric,Tomáš Mudroch,fedor duric,tom mudroch,"('fedor duric', 'tom mudroch')",1,0.5687830687830688,1.63,historical_import_fallback,4,Grosvenor;LeoVegas;LeoVegas (SE);Unibet (SE),eu;uk,NaT,pair_not_found,
,2026-02-28,Cristian Quinonez,Kris Moutinho,cristian quinonez,kris moutinho,"('cristian quinonez', 'kris moutinho')",1,0.8077544426494345,1.2,historical_import_fallback,33,BetOnline.ag;BetRivers;BetUS;DraftKings;FanDuel,us,NaT,pair_not_found,
,2026-02-28,Damian Pinas,Wes Schultz,damian pinas,wes schultz,"('damian pinas', 'wes schultz')",1,0.6817155756207675,1.48,historical_import_fallback,33,BetOnline.ag;BetRivers;BetUS;DraftKings;FanDuel,us,NaT,pair_not_found,
,2026-02-28,Douglas Silva de Andrade,Javier Reyes Rugeles,douglas silva de andrade,javier reyes rugeles,"('douglas silva de andrade', 'javier reyes rugeles')",2,0.6697674418604651,1.44,historical_import_fallback,31,BetOnline.ag;BetRivers;BetUS;DraftKings;FanDuel,us,NaT,pair_not_found,
,2026-02-28,Erik Silva,Francis Marshall,erik silva,francis marshall,"('erik silva', 'francis marshall')",2,0.8045977011494253,1.19,historical_import_fallback,33,BetOnline.ag;BetRivers;BetUS;DraftKings;FanDuel,us,NaT,pair_not_found,
,2026-02-28,Ernesta Kareckaite,Sofia Montenegro,ernesta kareckaite,sofia montenegro,"('ernesta kareckaite', 'sofia montenegro')",1,0.7388663967611336,1.33,historical_import_fallback,33,BetOnline.ag;BetRivers;BetUS;DraftKings;FanDuel,us,NaT,pair_not_found,
,2026-03-07,Jesus Santos Aguilar,Sumudaerji Sumudaerji,jesus santos aguilar,sumudaerji sumudaerji,"('jesus santos aguilar', 'sumudaerji sumudaerji')",2,0.6574646605900292,1.47,historical_import_fallback,14,BetRivers,us,NaT,pair_not_found,
,2026-02-21,Alioune Nahaye,Lukasz Charzewski,alioune nahaye,lukasz charzewski,"('alioune nahaye', 'lukasz charzewski')",1,0.5,2.2,historical_import_fallback,5,BetOnline.ag,us,NaT,pair_not_found,
,2026-02-21,Artur Szczepaniak,Kacper Koziorzębski,artur szczepaniak,kacper koziorz bski,"('artur szczepaniak', 'kacper koziorz bski')",1,0.7826887661141806,1.22,historical_import_fallback,5,BetOnline.ag,us,NaT,pair_not_found,
,2026-02-21,Karol Durszlewicz,Mariusz Joniak,karol durszlewicz,mariusz joniak,"('karol durszlewicz', 'mariusz joniak')",2,0.5095367847411445,1.91,historical_import_fallback,5,BetOnline.ag,us,NaT,pair_not_found,
,2026-02-21,Sebastian Przybysz,Vitaliy Yakimenko,sebastian przybysz,vitaliy yakimenko,"('sebastian przybysz', 'vitaliy yakimenko')",1,0.7368421052631579,1.29,historical_import_fallback,5,BetOnline.ag,us,NaT,pair_not_found,
,2026-02-21,Carlos Calderon,Justice Torres,carlos calderon,justice torres,"('carlos calderon', 'justice torres')",2,0.5829015544041452,1.77,historical_import_fallback,3,BetOnline.ag,us,NaT,pair_not_found,
,2026-02-21,Jordon Tague,Luke Roberts,jordon tague,luke roberts,"('jordon tague', 'luke roberts')",1,0.557029177718833,1.74,historical_import_fallback,3,BetOnline.ag,us,NaT,pair_not_found,
,2026-02-21,Alexander O'Sullivan,Scott Harvey,alexander o sullivan,scott harvey,"('alexander o sullivan', 'scott harvey')",2,0.6428571428571428,1.71,historical_import_fallback,3,BetOnline.ag,us,NaT,pair_not_found,
,2026-02-21,Aldo Pereira,Leon Hill,aldo pereira,leon hill,"('aldo pereira', 'leon hill')",2,0.8892276422764227,1.09,historical_import_fallback,3,BetOnline.ag,us,NaT,pair_not_found,
,2026-02-21,Alexandre Junior,Max Lally,alexandre junior,max lally,"('alexandre junior', 'max lally')",2,0.8710801393728222,1.12,historical_import_fallback,3,BetOnline.ag,us,NaT,pair_not_found,
,2026-02-21,Dario Bellandi,Paddy Mccorry,dario bellandi,paddy mccorry,"('dario bellandi', 'paddy mccorry')",2,0.6339712918660287,1.56,historical_import_fallback,3,BetOnline.ag,us,NaT,pair_not_found,
,2026-02-21,Ger Harris,Tanio Pagliariccio,ger harris,tanio pagliariccio,"('ger harris', 'tanio pagliariccio')",1,0.7741347905282332,1.3,historical_import_fallback,3,BetOnline.ag,us,NaT,pair_not_found,
,2026-02-21,Nik Bagley,Solomon Simon,nik bagley,solomon simon,"('nik bagley', 'solomon simon')",2,0.5970149253731343,1.86,historical_import_fallback,3,BetOnline.ag,us,NaT,pair_not_found,
,2026-02-21,Daniel Skibiński,Dawid Kuczmarski,daniel skibi ski,dawid kuczmarski,"('daniel skibi ski', 'dawid kuczmarski')",1,0.5283018867924527,1.75,historical_import_fallback,5,Grosvenor;LeoVegas;LeoVegas (SE);Unibet (NL);Unibet (SE),eu;uk,NaT,pair_not_found,
,2026-02-22,Alibi Idiris,Ode Osbourne,alibi idiris,ode osbourne,"('alibi idiris', 'ode osbourne')",1,0.5426356589147286,1.79,historical_import_fallback,12,BetMGM;BetOnline.ag;BetRivers;BetUS;DraftKings;FanDuel,us,NaT,pair_not_found,
,2026-03-07,Donte Johnson,Dusko Todorovic,donte johnson,dusko todorovic,"('donte johnson', 'dusko todorovic')",1,0.7604562737642586,1.26,historical_import_fallback,2,DraftKings,us,NaT,pair_not_found,
,2026-03-07,Gaston Bolanos,Joo Sang Yoo,gaston bolanos,joo sang yoo,"('gaston bolanos', 'joo sang yoo')",2,0.6877941591317387,1.44,historical_import_fallback,2,BetOnline.ag;DraftKings,us,NaT,pair_not_found,
,2026-03-07,Jesus Santos Aguilar,Su Mudaerji,jesus santos aguilar,su mudaerji,"('jesus santos aguilar', 'su mudaerji')",2,0.6697892271662763,1.5,historical_import_fallback,25,BetOnline.ag;DraftKings;FanDuel,us,NaT,missing_dob,
,2026-03-07,Luke Fernandez,Rodolfo Bellato,luke fernandez,rodolfo bellato,"('luke fernandez', 'rodolfo bellato')",1,0.6682027649769585,1.46,historical_import_fallback,39,BetMGM;BetOnline.ag;BetRivers;DraftKings;FanDuel,us,NaT,pair_not_found,
,2026-03-08,Drew Dober,Michael Johnson,drew dober,michael johnson,"('drew dober', 'michael johnson')",1,0.5426356589147286,2.15,historical_import_fallback,7,BetMGM;BetOnline.ag;BetRivers;DraftKings;FanDuel,us,NaT,pair_not_found,
,2026-02-21,Conor McCarthy,Edilson Silva,conor mccarthy,edilson silva,"('conor mccarthy', 'edilson silva')",1,0.9514747859181732,1.02,historical_import_fallback,1,BetOnline.ag,us,NaT,pair_not_found,
,2026-02-21,Adam Darby,Thiago Habib,adam darby,thiago habib,"('adam darby', 'thiago habib')",1,0.9128630705394192,1.05,historical_import_fallback,1,BetOnline.ag,us,NaT,pair_not_found,
,2026-04-12,Joshua Van,Tatsuro Taira,joshua van,tatsuro taira,"('joshua van', 'tatsuro taira')",2,0.6188118811881187,1.62,historical_import_fallback,117,BetMGM;BetOnline.ag;BetRivers;DraftKings;FanDuel,us,NaT,date_diff_gt_2,27.0
,2026-03-07,Drew Dober,Michael Johnson,drew dober,michael johnson,"('drew dober', 'michael johnson')",2,0.5228767104561671,1.91,historical_import_fallback,28,BetMGM;BetOnline.ag;BetRivers;DraftKings;FanDuel,us,NaT,pair_not_found,
,2026-03-07,Gaston Bolanos,Jeongyoung Lee,gaston bolanos,jeongyoung lee,"('gaston bolanos', 'jeongyoung lee')",2,0.7048458149779735,1.4,historical_import_fallback,19,BetOnline.ag;BetRivers;DraftKings;FanDuel,us,NaT,pair_not_found,
,2026-04-12,Carlos Ulberg,Jiri Prochazka,carlos ulberg,jiri prochazka,"('carlos ulberg', 'jiri prochazka')",2,0.5595854922279793,1.93,historical_import_fallback,151,BetMGM;BetOnline.ag;BetRivers;DraftKings;FanDuel,us,NaT,pair_not_found,
,2026-05-17,Gina Carano,Ronda Rousey,gina carano,ronda rousey,"('gina carano', 'ronda rousey')",2,0.7983193277310925,1.25,historical_import_fallback,61,BetOnline.ag,us,NaT,pair_not_found,
,2026-06-30,Alex Pereira,Ciryl Gane,alex pereira,ciryl gane,"('alex pereira', 'ciryl gane')",2,0.6280193236714976,1.54,historical_import_fallback,7,BetOnline.ag,us,NaT,pair_not_found,
,2027-01-01,Khamzat Chimaev,Sean Strickland,khamzat chimaev,sean strickland,"('khamzat chimaev', 'sean strickland')",1,0.6485849056603774,1.49,historical_import_fallback,87,BetOnline.ag;DraftKings,us,NaT,pair_not_found,
,2026-03-07,Abdullah Sultani,Mohammed Walid,abdullah sultani,mohammed walid,"('abdullah sultani', 'mohammed walid')",2,0.6888888888888889,1.42,historical_import_fallback,3,BetOnline.ag,us,NaT,pair_not_found,
,2026-03-07,Adrian Hamerski,Deniz Ilbay,adrian hamerski,deniz ilbay,"('adrian hamerski', 'deniz ilbay')",2,0.736842105263158,1.33,historical_import_fallback,3,BetOnline.ag,us,NaT,pair_not_found,
,2026-03-07,Igor Severino,Khurshed Kakhorov,igor severino,khurshed kakhorov,"('igor severino', 'khurshed kakhorov')",1,0.5759162303664922,1.67,historical_import_fallback,3,BetOnline.ag,us,NaT,pair_not_found,
,2026-03-07,Matheus Severino,Shawn Marcos Da Silva,matheus severino,shawn marcos da silva,"('matheus severino', 'shawn marcos da silva')",2,0.625,1.62,historical_import_fallback,3,BetOnline.ag,us,NaT,pair_not_found,
,2026-03-07,Stephanie Egger,Veronika Smolkova,stephanie egger,veronika smolkova,"('stephanie egger', 'veronika smolkova')",2,0.641330166270784,1.51,historical_import_fallback,3,BetOnline.ag,us,NaT,pair_not_found,
,2026-03-07,Christian Eckerlin,Matouš Kohout,christian eckerlin,matou kohout,"('christian eckerlin', 'matou kohout')",1,0.5283018867924527,1.75,historical_import_fallback,8,Grosvenor;LeoVegas;LeoVegas (SE);Unibet (SE),eu;uk,NaT,pair_not_found,
,2026-03-07,Denis Frimpong,Tomáš Cigánik,denis frimpong,tom cig nik,"('denis frimpong', 'tom cig nik')",1,0.6390977443609022,1.44,historical_import_fallback,8,Grosvenor;LeoVegas;LeoVegas (SE);Unibet (SE),eu;uk,NaT,pair_not_found,
,2026-03-14,Beatriz Mesquita,Montserrat Rendon,beatriz mesquita,montserrat rendon,"('beatriz mesquita', 'montserrat rendon')",1,0.8219178082191781,1.22,historical_import_fallback,39,BetOnline.ag;BetRivers;BetUS;DraftKings;FanDuel,us,NaT,missing_dob,
,2026-03-14,Elijah Smith,Su Young You,elijah smith,su young you,"('elijah smith', 'su young you')",1,0.6428571428571429,1.53,historical_import_fallback,40,BetOnline.ag;BetRivers;BetUS;DraftKings;FanDuel,us,NaT,missing_dob,
,2026-03-14,Enrique Hecher Sosa,Luan Lacerda,enrique hecher sosa,luan lacerda,"('enrique hecher sosa', 'luan lacerda')",1,0.6731424302268476,1.57,historical_import_fallback,40,BetOnline.ag;BetRivers;BetUS;DraftKings;FanDuel,us,NaT,pair_not_found,
,2026-03-14,Josh Emmett,Kevin Vallejos,josh emmett,kevin vallejos,"('josh emmett', 'kevin vallejos')",2,0.8090614886731392,1.2,historical_import_fallback,47,BetMGM;BetOnline.ag;BetRivers;BetUS;DraftKings;FanDuel,us,NaT,pair_not_found,
,2026-03-07,Marek Bartl,Tyrone Pfeifer,marek bartl,tyrone pfeifer,"('marek bartl', 'tyrone pfeifer')",2,0.6735159817351599,1.43,historical_import_fallback,1,BetOnline.ag,us,NaT,pair_not_found,
,2026-03-07,Olutobi Ayodeji Kalejaiye,Ruben Wolf,olutobi ayodeji kalejaiye,ruben wolf,"('olutobi ayodeji kalejaiye', 'ruben wolf')",2,0.603448275862069,1.61,historical_import_fallback,1,BetOnline.ag,us,NaT,pair_not_found,
,2026-03-07,Ali Gündüz,Raul Lemberanskij,ali g nd z,raul lemberanskij,"('ali g nd z', 'raul lemberanskij')",2,0.6698564593301436,1.38,historical_import_fallback,4,Grosvenor;LeoVegas;LeoVegas (SE);Unibet (SE),eu;uk,NaT,pair_not_found,
,2026-03-21,Abdul-Kareem Al-Selwady,Shem Rock,abdul kareem al selwady,shem rock,"('abdul kareem al selwady', 'shem rock')",1,0.5324675324675325,2.1,historical_import_fallback,55,BetMGM;BetOnline.ag;BetRivers;BetUS;DraftKings;FanDuel,us,NaT,pair_not_found,
,2026-03-21,Felipe Franco,Mario Pinto,felipe franco,mario pinto,"('felipe franco', 'mario pinto')",2,0.8587786259541985,1.18,historical_import_fallback,57,BetMGM;BetOnline.ag;BetRivers;BetUS;DraftKings;FanDuel,us,NaT,pair_not_found,
,2026-03-21,Losene Keita,Nathaniel Wood,losene keita,nathaniel wood,"('losene keita', 'nathaniel wood')",1,0.6588235294117647,1.59,historical_import_fallback,65,BetMGM;BetOnline.ag;BetRivers;BetUS;DraftKings;FanDuel,us,NaT,pair_not_found,
,2026-03-21,Luana Carolina,Melissa Mullins,luana carolina,melissa mullins,"('luana carolina', 'melissa mullins')",1,0.5238095238095238,1.95,historical_import_fallback,53,BetMGM;BetOnline.ag;BetRivers;BetUS;DraftKings;FanDuel,us,NaT,pair_not_found,
,2026-03-21,Austen Lane,Iwo Baraniewski,austen lane,iwo baraniewski,"('austen lane', 'iwo baraniewski')",2,0.8116883116883117,1.25,historical_import_fallback,65,BetMGM;BetOnline.ag;BetRivers;BetUS;DraftKings;FanDuel,us,NaT,pair_not_found,
,2026-06-14,Aiemann Zahabi,Sean O'Malley,aiemann zahabi,sean o malley,"('aiemann zahabi', 'sean o malley')",2,0.7670727011796002,1.29,historical_import_fallback,122,BetMGM;BetOnline.ag;BetRivers;DraftKings;FanDuel,us,NaT,pair_not_found,
,2026-06-14,Alex Pereira,Ciryl Gane,alex pereira,ciryl gane,"('alex pereira', 'ciryl gane')",1,0.503957783641161,2.05,historical_import_fallback,56,BetMGM;BetOnline.ag;BetRivers;DraftKings;FanDuel,us,NaT,pair_not_found,
,2026-06-14,Ilia Topuria,Justin Gaethje,ilia topuria,justin gaethje,"('ilia topuria', 'justin gaethje')",1,0.8468834688346885,1.22,historical_import_fallback,56,BetMGM;BetOnline.ag;BetRivers;DraftKings;FanDuel,us,NaT,pair_not_found,
,2026-06-14,Mauricio Ruffy,Michael Chandler,mauricio ruffy,michael chandler,"('mauricio ruffy', 'michael chandler')",1,0.8219178082191781,1.24,historical_import_fallback,122,BetMGM;BetOnline.ag;BetRivers;DraftKings;FanDuel,us,NaT,pair_not_found,
,2026-06-14,Bo Nickal,Kyle Daukaus,bo nickal,kyle daukaus,"('bo nickal', 'kyle daukaus')",1,0.7234042553191489,1.4,historical_import_fallback,122,BetMGM;BetOnline.ag;BetRivers;DraftKings;FanDuel,us,NaT,pair_not_found,
,2026-06-15,Diego Lopes,Steve Garcia Jr.,diego lopes,steve garcia,"('diego lopes', 'steve garcia')",1,0.625,1.72,historical_import_fallback,246,BetMGM;BetOnline.ag;BetRivers;DraftKings;FanDuel,us,NaT,pair_not_found,
,2026-03-16,Francis Ngannou,Philipe Lins,francis ngannou,philipe lins,"('francis ngannou', 'philipe lins')",1,0.8872651356993737,1.12,historical_import_fallback,6,BetOnline.ag,us,NaT,pair_not_found,
,2026-06-15,Bo Nickal,Kyle Daukaus,bo nickal,kyle daukaus,"('bo nickal', 'kyle daukaus')",1,0.7261410788381742,1.38,historical_import_fallback,210,BetMGM;BetOnline.ag;BetRivers;DraftKings;FanDuel,us,NaT,pair_not_found,
,2026-06-15,Mauricio Ruffy,Michael Chandler,mauricio ruffy,michael chandler,"('mauricio ruffy', 'michael chandler')",1,0.8163265306122449,1.22,historical_import_fallback,210,BetMGM;BetOnline.ag;BetRivers;DraftKings;FanDuel,us,NaT,pair_not_found,
,2026-06-15,Aiemann Zahabi,Sean O'Malley,aiemann zahabi,sean o malley,"('aiemann zahabi', 'sean o malley')",2,0.7663551401869159,1.29,historical_import_fallback,210,BetMGM;BetOnline.ag;BetRivers;DraftKings;FanDuel,us,NaT,pair_not_found,
,2026-06-15,Alex Pereira,Ciryl Gane,alex pereira,ciryl gane,"('alex pereira', 'ciryl gane')",1,0.503957783641161,2.0,historical_import_fallback,276,BetMGM;BetOnline.ag;BetRivers;DraftKings;FanDuel,us,NaT,pair_not_found,
,2026-06-15,Ilia Topuria,Justin Gaethje,ilia topuria,justin gaethje,"('ilia topuria', 'justin gaethje')",1,0.8295625942684766,1.22,historical_import_fallback,276,BetMGM;BetOnline.ag;BetRivers;DraftKings;FanDuel,us,NaT,pair_not_found,
,2026-03-13,Aiden Lee,Inglesson de Lara,aiden lee,inglesson de lara,"('aiden lee', 'inglesson de lara')",1,0.5,1.83,historical_import_fallback,3,BetOnline.ag,us,NaT,pair_not_found,
,2026-03-13,Branden Guest,Danny Hartwell,branden guest,danny hartwell,"('branden guest', 'danny hartwell')",2,0.6928406466512702,1.33,historical_import_fallback,3,BetOnline.ag,us,NaT,pair_not_found,
,2026-03-13,Damiano Scogna,Lucas Rodrigues,damiano scogna,lucas rodrigues,"('damiano scogna', 'lucas rodrigues')",1,0.8872651356993737,1.08,historical_import_fallback,3,BetOnline.ag,us,NaT,pair_not_found,
,2026-03-13,Jake McHugh,Matt Eliott,jake mchugh,matt eliott,"('jake mchugh', 'matt eliott')",1,0.5390835579514824,1.77,historical_import_fallback,3,BetOnline.ag,us,NaT,pair_not_found,
,2026-03-13,Konstantinos Ntelis,Leon Aliu,konstantinos ntelis,leon aliu,"('konstantinos ntelis', 'leon aliu')",1,0.9041591320072333,1.17,historical_import_fallback,3,BetOnline.ag,us,NaT,pair_not_found,
,2026-03-14,Adrian Garcia,Christian Natividad,adrian garcia,christian natividad,"('adrian garcia', 'christian natividad')",2,0.7692307692307693,1.33,historical_import_fallback,3,BetOnline.ag,us,NaT,pair_not_found,
,2026-03-14,Alik Lorenz,Gabriel Thimoteo,alik lorenz,gabriel thimoteo,"('alik lorenz', 'gabriel thimoteo')",1,0.9136212624584719,1.05,historical_import_fallback,3,BetOnline.ag,us,NaT,pair_not_found,
,2026-03-14,Andrew Stewart,Christopher Ewert,andrew stewart,christopher ewert,"('andrew stewart', 'christopher ewert')",2,0.5190217391304348,1.77,historical_import_fallback,3,BetOnline.ag,us,NaT,pair_not_found,
,2026-03-14,Larry Gonzales,Vitor Resende,larry gonzales,vitor resende,"('larry gonzales', 'vitor resende')",2,0.5912596401028277,1.67,historical_import_fallback,3,BetOnline.ag,us,NaT,pair_not_found,
,2026-03-14,Alexis Tsarmantidis,Oliver Tero,alexis tsarmantidis,oliver tero,"('alexis tsarmantidis', 'oliver tero')",2,0.6585365853658537,1.5,historical_import_fallback,4,BetOnline.ag,us,NaT,pair_not_found,
,2026-03-14,Chris Morris,Mariusz Mikolajewski,chris morris,mariusz mikolajewski,"('chris morris', 'mariusz mikolajewski')",1,0.6585365853658537,1.4,historical_import_fallback,3,BetOnline.ag,us,NaT,pair_not_found,
,2026-03-14,Connor Wilson,Kiru Sahota,connor wilson,kiru sahota,"('connor wilson', 'kiru sahota')",2,0.5047683923705722,2.1,historical_import_fallback,4,BetOnline.ag,us,NaT,pair_not_found,
,2026-03-14,George Staines,Marcelo Marques,george staines,marcelo marques,"('george staines', 'marcelo marques')",1,0.636393599808234,1.59,historical_import_fallback,4,BetOnline.ag,us,NaT,pair_not_found,
,2026-03-14,Ieuan Davies,Michael Pagani,ieuan davies,michael pagani,"('ieuan davies', 'michael pagani')",1,0.546082156426984,1.95,historical_import_fallback,4,BetOnline.ag,us,NaT,pair_not_found,
,2026-03-14,Omiel Brown,Samuel Silva,omiel brown,samuel silva,"('omiel brown', 'samuel silva')",1,0.6451612903225807,1.5,historical_import_fallback,4,BetOnline.ag,us,NaT,pair_not_found,
,2026-03-14,Pietro Mochetti,Sam Kelly,pietro mochetti,sam kelly,"('pietro mochetti', 'sam kelly')",2,0.5481283422459893,1.87,historical_import_fallback,4,BetOnline.ag,us,NaT,pair_not_found,
,2026-03-14,Shay Ingram,Torpal Merjoev,shay ingram,torpal merjoev,"('shay ingram', 'torpal merjoev')",1,0.6593386360288702,1.5,historical_import_fallback,4,BetOnline.ag,us,NaT,pair_not_found,
,2026-03-13,Jake McHugh,Matthew Elliott,jake mchugh,matthew elliott,"('jake mchugh', 'matthew elliott')",1,0.5546563886676528,1.68,historical_import_fallback,10,Grosvenor;LeoVegas;LeoVegas (SE);Unibet (NL);Unibet (SE),eu;uk,NaT,pair_not_found,
,2026-03-14,Adrian Bartosinski,Madars Fleminas,adrian bartosinski,madars fleminas,"('adrian bartosinski', 'madars fleminas')",1,0.8438818565400843,1.11,historical_import_fallback,2,BetOnline.ag,us,NaT,pair_not_found,
,2026-03-14,Bartosz Kurek,Tomasz Romanowski,bartosz kurek,tomasz romanowski,"('bartosz kurek', 'tomasz romanowski')",2,0.5570291777188329,1.67,historical_import_fallback,2,BetOnline.ag,us,NaT,pair_not_found,
,2026-03-14,Damian Piwowarczyk,Sergiusz Zajac,damian piwowarczyk,sergiusz zajac,"('damian piwowarczyk', 'sergiusz zajac')",1,0.5759162303664922,1.62,historical_import_fallback,2,BetOnline.ag,us,NaT,pair_not_found,
,2026-03-14,Sasha Moisa,Wojciech Kawa,sasha moisa,wojciech kawa,"('sasha moisa', 'wojciech kawa')",1,0.557029177718833,1.67,historical_import_fallback,2,BetOnline.ag,us,NaT,pair_not_found,
,2026-03-13,Armand Herczeg,Percy Herrera,armand herczeg,percy herrera,"('armand herczeg', 'percy herrera')",1,0.7867132867132867,1.22,historical_import_fallback,1,BetOnline.ag,us,NaT,pair_not_found,
,2026-03-13,Dara Ward,Roan Crocker,dara ward,roan crocker,"('dara ward', 'roan crocker')",2,0.5905511811023623,1.56,historical_import_fallback,5,Grosvenor;LeoVegas;LeoVegas (SE);Unibet (NL);Unibet (SE),eu;uk,NaT,pair_not_found,
,2026-03-13,Levi Steedman,Lindsey Payne,levi steedman,lindsey payne,"('levi steedman', 'lindsey payne')",2,0.5789473684210527,1.6,historical_import_fallback,5,Grosvenor;LeoVegas;LeoVegas (SE);Unibet (NL);Unibet (SE),eu;uk,NaT,pair_not_found,
,2026-03-13,Angelo Terenzio,Damien McGuigan,angelo terenzio,damien mcguigan,"('angelo terenzio', 'damien mcguigan')",2,0.8245877061469266,1.17,historical_import_fallback,1,BetOnline.ag,us,NaT,pair_not_found,
,2026-03-13,Andrew Garrette,Stav Koren,andrew garrette,stav koren,"('andrew garrette', 'stav koren')",2,0.6341463414634145,1.5,historical_import_fallback,1,BetOnline.ag,us,NaT,pair_not_found,
,2026-03-14,Aleksandra Savicheva,Leslie Hernandez,aleksandra savicheva,leslie hernandez,"('aleksandra savicheva', 'leslie hernandez')",2,0.5526992287917738,1.74,historical_import_fallback,1,BetOnline.ag,us,NaT,pair_not_found,
,2026-03-14,Amari Sengsavanh,Carlos Tardio,amari sengsavanh,carlos tardio,"('amari sengsavanh', 'carlos tardio')",1,0.9128630705394192,1.05,historical_import_fallback,1,BetOnline.ag,us,NaT,pair_not_found,
,2026-03-14,Benny Orozco,Jacobi Jones,benny orozco,jacobi jones,"('benny orozco', 'jacobi jones')",2,0.7747747747747747,1.25,historical_import_fallback,1,BetOnline.ag,us,NaT,pair_not_found,
,2026-03-14,Ezequiel Peralta,Jonathan Powell,ezequiel peralta,jonathan powell,"('ezequiel peralta', 'jonathan powell')",2,0.5710659898477157,1.69,historical_import_fallback,1,BetOnline.ag,us,NaT,pair_not_found,
,2026-03-14,Jordan Burkholder,Lívio Ribeiro,jordan burkholder,l vio ribeiro,"('jordan burkholder', 'l vio ribeiro')",2,0.7867132867132868,1.22,historical_import_fallback,1,BetOnline.ag,us,NaT,pair_not_found,
,2026-03-14,Andrzej Karkula,Dominik Mazur,andrzej karkula,dominik mazur,"('andrzej karkula', 'dominik mazur')",1,0.6928406466512702,1.33,historical_import_fallback,1,BetOnline.ag,us,NaT,pair_not_found,
,2026-03-14,Bartosz Leśko,Bartosz Szewczyk,bartosz le ko,bartosz szewczyk,"('bartosz le ko', 'bartosz szewczyk')",1,0.6477832512315271,1.43,historical_import_fallback,5,Grosvenor;LeoVegas;LeoVegas (SE);Unibet (NL);Unibet (SE),eu;uk,NaT,pair_not_found,
,2026-03-14,Damian Mieczkowski,Maksymilian Kowalski,damian mieczkowski,maksymilian kowalski,"('damian mieczkowski', 'maksymilian kowalski')",2,0.5570291777188329,1.67,historical_import_fallback,1,BetOnline.ag,us,NaT,pair_not_found,
,2026-03-14,Eva Dourthe,Ewelina Woźniak,eva dourthe,ewelina wo niak,"('eva dourthe', 'ewelina wo niak')",2,0.7851985559566788,1.19,historical_import_fallback,5,Grosvenor;LeoVegas;LeoVegas (SE);Unibet (NL);Unibet (SE),eu;uk,NaT,pair_not_found,
,2026-03-14,Kacper Formela,Krzysztof Mendlewski,kacper formela,krzysztof mendlewski,"('kacper formela', 'krzysztof mendlewski')",1,0.5994897959183673,1.57,historical_import_fallback,1,BetOnline.ag,us,NaT,pair_not_found,
,2026-03-14,Adam Cullen,Loibe Neto,adam cullen,loibe neto,"('adam cullen', 'loibe neto')",1,0.865573496119729,1.11,historical_import_fallback,2,BetOnline.ag,us,NaT,pair_not_found,
,2026-03-14,Nathan Fletcher,Thyago Silva,nathan fletcher,thyago silva,"('nathan fletcher', 'thyago silva')",1,0.9259259259259259,1.04,historical_import_fallback,2,BetOnline.ag,us,NaT,pair_not_found,
,2026-05-10,Khamzat Chimaev,Sean Strickland,khamzat chimaev,sean strickland,"('khamzat chimaev', 'sean strickland')",1,0.7908611599297013,1.24,historical_import_fallback,185,BetMGM;BetOnline.ag;BetRivers;DraftKings;FanDuel,us,NaT,pair_not_found,
,2026-05-10,Bogdan Guskov,Jan Blachowicz,bogdan guskov,jan blachowicz,"('bogdan guskov', 'jan blachowicz')",1,0.5714285714285715,1.8,historical_import_fallback,98,BetOnline.ag;BetRivers;DraftKings;FanDuel,us,NaT,pair_not_found,
,2026-05-10,Jeremy Stephens,King Green,jeremy stephens,king green,"('jeremy stephens', 'king green')",2,0.7234042553191489,1.36,historical_import_fallback,106,BetMGM;BetOnline.ag;BetRivers;DraftKings;FanDuel,us,NaT,pair_not_found,
,2026-03-28,Adrian Yanez,Ricky Simon,adrian yanez,ricky simon,"('adrian yanez', 'ricky simon')",2,0.579345088161209,1.68,historical_import_fallback,15,BetOnline.ag;BetUS;DraftKings;FanDuel,us,NaT,pair_not_found,
,2026-03-28,Alexa Grasso,Maycee Barber,alexa grasso,maycee barber,"('alexa grasso', 'maycee barber')",2,0.5710659898477157,1.74,historical_import_fallback,15,BetOnline.ag;BetUS;DraftKings;FanDuel,us,NaT,pair_not_found,
,2026-05-17,Francis Ngannou,Philipe Lins,francis ngannou,philipe lins,"('francis ngannou', 'philipe lins')",1,0.893743793445879,1.1,historical_import_fallback,46,BetOnline.ag,us,NaT,pair_not_found,
,2026-05-17,Mike Perry,Nate Diaz,mike perry,nate diaz,"('mike perry', 'nate diaz')",1,0.6428571428571429,1.56,historical_import_fallback,46,BetOnline.ag,us,NaT,pair_not_found,
,2026-03-20,Adam Borics,AJ McKee,adam borics,aj mckee,"('adam borics', 'aj mckee')",2,0.7392197125256673,1.3,historical_import_fallback,9,BetMGM;BetOnline.ag;FanDuel,us,NaT,pair_not_found,
,2026-03-20,Costello Van Steenis,Fabian Edwards,costello van steenis,fabian edwards,"('costello van steenis', 'fabian edwards')",2,0.5106951871657754,2.02,historical_import_fallback,9,BetMGM;BetOnline.ag;FanDuel,us,NaT,pair_not_found,
,2026-03-20,Gino van Steenis,Mark Ewen,gino van steenis,mark ewen,"('gino van steenis', 'mark ewen')",2,0.6157635467980295,1.61,historical_import_fallback,7,BetMGM;BetOnline.ag;FanDuel,us,NaT,pair_not_found,
,2026-03-20,Jose Augusto,Linton Vassell,jose augusto,linton vassell,"('jose augusto', 'linton vassell')",2,0.5454545454545454,1.77,historical_import_fallback,9,BetMGM;BetOnline.ag;FanDuel,us,NaT,pair_not_found,
,2026-03-20,Borja Garcia,Rafael Calderon,borja garcia,rafael calderon,"('borja garcia', 'rafael calderon')",1,0.5912596401028277,1.65,historical_import_fallback,5,BetMGM;BetOnline.ag;FanDuel,us,NaT,pair_not_found,
,2026-03-20,Claudio Pacella,David Mora,claudio pacella,david mora,"('claudio pacella', 'david mora')",1,0.8032786885245903,1.2,historical_import_fallback,3,BetMGM;BetOnline.ag;FanDuel,us,NaT,pair_not_found,
,2026-03-20,Ernesto Schisano,Mattia Giordano,ernesto schisano,mattia giordano,"('ernesto schisano', 'mattia giordano')",1,0.7172995780590716,1.36,historical_import_fallback,3,BetMGM;BetOnline.ag;FanDuel,us,NaT,pair_not_found,
,2026-03-20,Ignacio Campos,Mathys Duragrin,ignacio campos,mathys duragrin,"('ignacio campos', 'mathys duragrin')",1,0.6742845117845118,1.42,historical_import_fallback,2,BetOnline.ag;FanDuel,us,NaT,pair_not_found,
,2026-03-20,Italo Gomes,Manuel Del Valle,italo gomes,manuel del valle,"('italo gomes', 'manuel del valle')",2,0.7101498315223564,1.33,historical_import_fallback,2,BetOnline.ag,us,NaT,pair_not_found,
,2026-03-20,Kevin Cordero,Luciano Pereira,kevin cordero,luciano pereira,"('kevin cordero', 'luciano pereira')",2,0.6101578202933075,1.62,historical_import_fallback,6,BetMGM;BetOnline.ag;FanDuel,us,NaT,pair_not_found,
,2026-03-20,Ali Taleb,Marin Vetrila,ali taleb,marin vetrila,"('ali taleb', 'marin vetrila')",2,0.736832459256753,1.33,historical_import_fallback,2,BetOnline.ag,us,NaT,pair_not_found,
,2026-03-20,Callum Haughian,Christian Soda,callum haughian,christian soda,"('callum haughian', 'christian soda')",1,0.5507691498247298,1.83,historical_import_fallback,2,BetOnline.ag,us,NaT,pair_not_found,
,2026-03-20,Daniel Konrad,Jordan Vucenic,daniel konrad,jordan vucenic,"('daniel konrad', 'jordan vucenic')",2,0.5957519730260477,1.69,historical_import_fallback,2,BetOnline.ag,us,NaT,pair_not_found,
,2026-03-20,George McManus,Joe Middleton,george mcmanus,joe middleton,"('george mcmanus', 'joe middleton')",2,0.7746863066012002,1.24,historical_import_fallback,2,BetOnline.ag,us,NaT,pair_not_found,
,2026-03-20,Leon Naumann,Steven Hill,leon naumann,steven hill,"('leon naumann', 'steven hill')",2,0.5285759383364792,2.0,historical_import_fallback,2,BetOnline.ag,us,NaT,pair_not_found,
,2026-03-20,Ollie Sarwa,Weslley Maia,ollie sarwa,weslley maia,"('ollie sarwa', 'weslley maia')",2,0.6379753340184995,1.53,historical_import_fallback,2,BetOnline.ag,us,NaT,pair_not_found,
,2026-03-20,Benita van Rooij,Jacinta Austin,benita van rooij,jacinta austin,"('benita van rooij', 'jacinta austin')",2,0.6261549395877755,1.57,historical_import_fallback,4,BetMGM;BetOnline.ag,us,NaT,pair_not_found,
,2026-03-20,Franco Tenaglia,Yassin Najid,franco tenaglia,yassin najid,"('franco tenaglia', 'yassin najid')",1,0.8001608888766656,1.21,historical_import_fallback,6,BetMGM;BetOnline.ag;FanDuel,us,NaT,pair_not_found,
,2026-03-20,Connor Patterson,Georgios Daskalakis,connor patterson,georgios daskalakis,"('connor patterson', 'georgios daskalakis')",1,0.7019438444924406,1.38,historical_import_fallback,1,BetOnline.ag,us,NaT,pair_not_found,
,2026-03-20,Stefano Catacoli,Tariq Pell,stefano catacoli,tariq pell,"('stefano catacoli', 'tariq pell')",2,0.7747747747747747,1.25,historical_import_fallback,1,BetOnline.ag,us,NaT,pair_not_found,
,2026-04-04,Darrius Flowers,Landon Vannata,darrius flowers,landon vannata,"('darrius flowers', 'landon vannata')",2,0.6643356643356644,1.49,historical_import_fallback,24,BetMGM;BetOnline.ag;BetRivers;BetUS;DraftKings;FanDuel,us,NaT,pair_not_found,
,2026-04-04,Dione Barbosa,Melissa Gatto,dione barbosa,melissa gatto,"('dione barbosa', 'melissa gatto')",1,0.5392670157068064,1.91,historical_import_fallback,24,BetMGM;BetOnline.ag;BetRivers;BetUS;DraftKings;FanDuel,us,NaT,pair_not_found,
,2026-04-05,Jose Delano,Robert Ruchala,jose delano,robert ruchala,"('jose delano', 'robert ruchala')",1,0.7287808641975309,1.4,historical_import_fallback,24,BetMGM;BetOnline.ag;BetRivers;BetUS;DraftKings;FanDuel,us,NaT,pair_not_found,
,2026-04-05,Manolo Zecchini,Tommy McMillen,manolo zecchini,tommy mcmillen,"('manolo zecchini', 'tommy mcmillen')",2,0.8924971198156681,1.13,historical_import_fallback,24,BetMGM;BetOnline.ag;BetRivers;BetUS;DraftKings;FanDuel,us,NaT,pair_not_found,
,2026-04-05,Abdulrakhman Yakhyaev,Brendson Ribeiro,abdulrakhman yakhyaev,brendson ribeiro,"('abdulrakhman yakhyaev', 'brendson ribeiro')",1,0.90519378024759,1.08,historical_import_fallback,20,BetOnline.ag;BetRivers;BetUS;DraftKings;FanDuel,us,NaT,pair_not_found,
,2026-04-05,Chris Duncan,Renato Moicano,chris duncan,renato moicano,"('chris duncan', 'renato moicano')",1,0.6099372862733479,1.77,historical_import_fallback,24,BetMGM;BetOnline.ag;BetRivers;BetUS;DraftKings;FanDuel,us,NaT,pair_not_found,
,2026-04-11,Kelvin Gastelum,Vicente Luque,kelvin gastelum,vicente luque,"('kelvin gastelum', 'vicente luque')",1,0.6820276497695854,1.45,historical_import_fallback,50,BetMGM;BetOnline.ag;BetRivers;DraftKings;FanDuel,us,NaT,pair_not_found,
,2026-04-11,Lupita Godinez,Tatiana Suarez,lupita godinez,tatiana suarez,"('lupita godinez', 'tatiana suarez')",2,0.5875,1.69,historical_import_fallback,49,BetMGM;BetOnline.ag;BetRivers;DraftKings;FanDuel,us,NaT,pair_not_found,
,2026-04-11,Kevin Holland,Randy Brown,kevin holland,randy brown,"('kevin holland', 'randy brown')",2,0.5526992287917738,1.82,historical_import_fallback,25,BetMGM;BetOnline.ag;BetRivers;DraftKings;FanDuel,us,NaT,pair_not_found,
,2026-04-12,Cub Swanson,Nate Landwehr,cub swanson,nate landwehr,"('cub swanson', 'nate landwehr')",2,0.5243719535058118,2.0,historical_import_fallback,50,BetMGM;BetOnline.ag;BetRivers;DraftKings;FanDuel,us,NaT,pair_not_found,
,2026-04-12,Aaron Pico,Patricio Pitbull,aaron pico,patricio pitbull,"('aaron pico', 'patricio pitbull')",1,0.7291666666666667,1.39,historical_import_fallback,42,BetOnline.ag;BetRivers;DraftKings;FanDuel,us,NaT,pair_not_found,
,2026-04-12,Azamat Murzakanov,Paulo Henrique Costa,azamat murzakanov,paulo henrique costa,"('azamat murzakanov', 'paulo henrique costa')",1,0.6339389628863313,1.57,historical_import_fallback,46,BetMGM;BetOnline.ag;BetRivers;DraftKings;FanDuel,us,NaT,pair_not_found,
,2026-04-12,Dominick Reyes,Johnny Walker,dominick reyes,johnny walker,"('dominick reyes', 'johnny walker')",1,0.5471217105263158,1.83,historical_import_fallback,50,BetMGM;BetOnline.ag;BetRivers;DraftKings;FanDuel,us,NaT,pair_not_found,
,2026-04-11,Charlie Radtke,Francisco Prado,charlie radtke,francisco prado,"('charlie radtke', 'francisco prado')",1,0.620680450397981,1.6,historical_import_fallback,30,BetOnline.ag;BetRivers;DraftKings;FanDuel,us,NaT,pair_not_found,
,2026-04-11,Chris Padilla,Marquel Mederos,chris padilla,marquel mederos,"('chris padilla', 'marquel mederos')",1,0.606060606060606,1.65,historical_import_fallback,35,BetMGM;BetOnline.ag;BetRivers;DraftKings;FanDuel,us,NaT,pair_not_found,
,2026-04-10,Asiashu Tshitamba,Shannon van Tonder,asiashu tshitamba,shannon van tonder,"('asiashu tshitamba', 'shannon van tonder')",2,0.5173233695652174,1.95,historical_import_fallback,8,BetOnline.ag;FanDuel,us,NaT,pair_not_found,
,2026-04-10,Eliezer Kubanza,Kunle Lawal,eliezer kubanza,kunle lawal,"('eliezer kubanza', 'kunle lawal')",1,0.8757062146892656,1.1,historical_import_fallback,8,BetOnline.ag;FanDuel,us,NaT,pair_not_found,
,2026-04-10,Emilios Dassi,Shido Boris Esperanca,emilios dassi,shido boris esperanca,"('emilios dassi', 'shido boris esperanca')",2,0.8090614886731392,1.2,historical_import_fallback,9,BetOnline.ag;FanDuel,us,NaT,pair_not_found,
,2026-04-11,Alexander Romanov,Rodrigo Nascimento,alexander romanov,rodrigo nascimento,"('alexander romanov', 'rodrigo nascimento')",1,0.7019438444924406,1.4,historical_import_fallback,12,BetOnline.ag;FanDuel,us,NaT,date_diff_gt_2,-525.0
,2026-04-11,Jordan Newman,Joshua Silveira,jordan newman,joshua silveira,"('jordan newman', 'joshua silveira')",2,0.5262882336731881,2.6,historical_import_fallback,8,BetOnline.ag;FanDuel,us,NaT,pair_not_found,
,2026-04-11,Raufeon Stots,Renat Khavalov,raufeon stots,renat khavalov,"('raufeon stots', 'renat khavalov')",2,0.6487476586413268,1.49,historical_import_fallback,8,BetOnline.ag;FanDuel,us,NaT,pair_not_found,
,2026-04-11,Shanna Young,Viviane Araujo,shanna young,viviane araujo,"('shanna young', 'viviane araujo')",2,0.7655677655677655,1.25,historical_import_fallback,8,BetOnline.ag;FanDuel,us,NaT,pair_not_found,
,2026-04-18,Dennis Buzukja,Dione Barbosa,dennis buzukja,dione barbosa,"('dennis buzukja', 'dione barbosa')",2,0.7587548638132295,1.24,historical_import_fallback,3,FanDuel,us,NaT,pair_not_found,
,2026-04-18,Allan Nascimento,Mitch Raposo,allan nascimento,mitch raposo,"('allan nascimento', 'mitch raposo')",1,0.6781183932346724,1.54,historical_import_fallback,48,BetMGM;BetOnline.ag;BetRivers;BetUS;DraftKings;FanDuel,us,NaT,pair_not_found,
,2026-04-18,Charles Jourdain,Kyler Phillips,charles jourdain,kyler phillips,"('charles jourdain', 'kyler phillips')",1,0.5822784810126582,1.76,historical_import_fallback,60,BetMGM;BetOnline.ag;BetRivers;BetUS;DraftKings;FanDuel,us,NaT,pair_not_found,
,2026-04-18,Darya Zheleznyakova,Melissa Croden,darya zheleznyakova,melissa croden,"('darya zheleznyakova', 'melissa croden')",2,0.5970149253731343,1.83,historical_import_fallback,54,BetMGM;BetOnline.ag;BetRivers;BetUS;DraftKings;FanDuel,us,NaT,missing_dob,
,2026-04-18,Dennis Buzukja,Márcio Barbosa,dennis buzukja,m rcio barbosa,"('dennis buzukja', 'm rcio barbosa')",2,0.7825311942959001,1.28,historical_import_fallback,45,BetOnline.ag;BetRivers;BetUS;DraftKings;FanDuel,us,NaT,pair_not_found,
,2026-04-18,J.J. Aldrich,Jamey-Lyn Horth,j j aldrich,jamey lyn horth,"('j j aldrich', 'jamey lyn horth')",2,0.6277372262773723,1.71,historical_import_fallback,53,BetMGM;BetOnline.ag;BetUS;DraftKings;FanDuel,us,NaT,pair_not_found,
,2026-04-18,Jasmine Jasudavicius,Karine Silva,jasmine jasudavicius,karine silva,"('jasmine jasudavicius', 'karine silva')",1,0.7246376811594202,1.37,historical_import_fallback,60,BetMGM;BetOnline.ag;BetRivers;BetUS;DraftKings;FanDuel,us,NaT,pair_not_found,
,2026-04-18,John Castaneda,Mark Vologdin,john castaneda,mark vologdin,"('john castaneda', 'mark vologdin')",1,0.5078671810416092,2.14,historical_import_fallback,60,BetMGM;BetOnline.ag;BetRivers;BetUS;DraftKings;FanDuel,us,NaT,pair_not_found,
,2026-04-12,Kevin Holland,Randy Brown,kevin holland,randy brown,"('kevin holland', 'randy brown')",1,0.5,2.11,historical_import_fallback,25,BetMGM;BetOnline.ag;BetRivers;DraftKings;FanDuel,us,NaT,pair_not_found,
,2026-04-19,Dennis Buzukja,Dione Barbosa,dennis buzukja,dione barbosa,"('dennis buzukja', 'dione barbosa')",2,0.7587548638132295,1.24,historical_import_fallback,5,FanDuel,us,NaT,pair_not_found,
,2026-04-11,Gilbert Nakatani,Joshua Perreira,gilbert nakatani,joshua perreira,"('gilbert nakatani', 'joshua perreira')",1,0.5,2.05,historical_import_fallback,6,BetOnline.ag;FanDuel,us,NaT,pair_not_found,
,2026-04-11,Alexander Poppeck,Tomasz Narkun,alexander poppeck,tomasz narkun,"('alexander poppeck', 'tomasz narkun')",1,0.557029177718833,1.67,historical_import_fallback,3,BetOnline.ag,us,NaT,pair_not_found,
,2026-04-11,Amiran Gogoladze,Ion Surdu,amiran gogoladze,ion surdu,"('amiran gogoladze', 'ion surdu')",2,0.5426356589147288,1.83,historical_import_fallback,3,BetOnline.ag,us,NaT,pair_not_found,
,2026-04-11,Christian Jungwirth,Michal Materla,christian jungwirth,michal materla,"('christian jungwirth', 'michal materla')",2,0.5570291777188329,1.67,historical_import_fallback,3,BetOnline.ag,us,NaT,pair_not_found,
,2026-04-11,Alexandros Moumtzis,Dylan Hazan,alexandros moumtzis,dylan hazan,"('alexandros moumtzis', 'dylan hazan')",1,0.6142506142506142,1.71,historical_import_fallback,3,BetOnline.ag,us,NaT,pair_not_found,
,2026-04-11,Ashlee Evans-Smith,Mario Mingaj,ashlee evans smith,mario mingaj,"('ashlee evans smith', 'mario mingaj')",2,0.5626598465473146,1.74,historical_import_fallback,3,BetOnline.ag,us,NaT,pair_not_found,
,2026-04-11,Christian Soda,Niko Ceraglia,christian soda,niko ceraglia,"('christian soda', 'niko ceraglia')",1,0.5710659898477157,1.87,historical_import_fallback,3,BetOnline.ag,us,NaT,pair_not_found,
,2026-04-11,Claudio Iancu,Enrico Di Gangi,claudio iancu,enrico di gangi,"('claudio iancu', 'enrico di gangi')",2,0.8457374830852503,1.2,historical_import_fallback,3,BetOnline.ag,us,NaT,pair_not_found,
,2026-04-11,Francesco Tumminiello,Lorenzo de Nigris,francesco tumminiello,lorenzo de nigris,"('francesco tumminiello', 'lorenzo de nigris')",1,0.8530183727034122,1.12,historical_import_fallback,3,BetOnline.ag,us,NaT,pair_not_found,
,2026-04-11,Gianluca Rocca,Manuel Lancioli,gianluca rocca,manuel lancioli,"('gianluca rocca', 'manuel lancioli')",1,0.7983193277310925,1.2,historical_import_fallback,3,BetOnline.ag,us,NaT,pair_not_found,
,2026-04-11,Caique Araujo,Luca Borando,caique araujo,luca borando,"('caique araujo', 'luca borando')",2,0.9019426456984274,1.06,historical_import_fallback,4,BetOnline.ag,us,NaT,pair_not_found,
,2026-04-11,Diego Visanzay,Simone Patrizi,diego visanzay,simone patrizi,"('diego visanzay', 'simone patrizi')",2,0.6064356435643564,1.62,historical_import_fallback,4,BetOnline.ag,us,NaT,pair_not_found,
,2026-04-10,Anthony Smith,Chase Sherman,anthony smith,chase sherman,"('anthony smith', 'chase sherman')",1,0.5261997682379423,2.08,historical_import_fallback,2,BetOnline.ag,us,NaT,pair_not_found,
,2026-04-11,Kana Watanabe,Paulina Wiśniewska,kana watanabe,paulina wi niewska,"('kana watanabe', 'paulina wi niewska')",2,0.717391304347826,1.3,historical_import_fallback,15,Grosvenor;LeoVegas;LeoVegas (SE);Unibet (NL);Unibet (SE),eu;uk,NaT,pair_not_found,
,2026-04-12,Mitchell Mckee,Sergio Pettis,mitchell mckee,sergio pettis,"('mitchell mckee', 'sergio pettis')",2,0.518716577540107,1.8,historical_import_fallback,15,Grosvenor;LeoVegas;LeoVegas (SE);Unibet (NL);Unibet (SE),eu;uk,NaT,pair_not_found,
,2026-04-11,Jan Stanovský,Łukasz Rajewski,jan stanovsk,ukasz rajewski,"('jan stanovsk', 'ukasz rajewski')",1,0.5585106382978724,1.66,historical_import_fallback,4,Grosvenor;LeoVegas;LeoVegas (SE);Unibet (SE),eu;uk,NaT,pair_not_found,
,2026-04-11,Biaggio Ali Walsh,Dash Harris,biaggio ali walsh,dash harris,"('biaggio ali walsh', 'dash harris')",1,0.7355997836052504,1.33,historical_import_fallback,4,BetOnline.ag;FanDuel,us,NaT,pair_not_found,
,2026-04-11,Borena Tsertsvadze,Jena Bishop,borena tsertsvadze,jena bishop,"('borena tsertsvadze', 'jena bishop')",2,0.7505608460763666,1.29,historical_import_fallback,2,FanDuel,us,NaT,pair_not_found,
,2026-04-11,James Vake,Omar El Dafrawy,james vake,omar el dafrawy,"('james vake', 'omar el dafrawy')",2,0.6671518350246212,1.45,historical_import_fallback,2,FanDuel,us,NaT,pair_not_found,
,2026-04-11,Nate Jennerman,Valanti Atsas,nate jennerman,valanti atsas,"('nate jennerman', 'valanti atsas')",2,0.5476674438532512,1.77,historical_import_fallback,4,BetOnline.ag;FanDuel,us,NaT,pair_not_found,
,2026-04-12,Shanna Young,Viviane Araujo,shanna young,viviane araujo,"('shanna young', 'viviane araujo')",2,0.8217246944037395,1.18,historical_import_fallback,4,BetOnline.ag;FanDuel,us,NaT,pair_not_found,
,2026-04-12,Cheyden Leialoha,Gabriel Alves Braga,cheyden leialoha,gabriel alves braga,"('cheyden leialoha', 'gabriel alves braga')",2,0.8751985357905007,1.12,historical_import_fallback,4,BetOnline.ag;FanDuel,us,NaT,pair_not_found,
,2026-04-12,Raufeon Stots,Renat Khavalov,raufeon stots,renat khavalov,"('raufeon stots', 'renat khavalov')",2,0.6985216976633286,1.43,historical_import_fallback,4,BetOnline.ag;FanDuel,us,NaT,pair_not_found,
,2026-04-12,Jordan Newman,Joshua Silveira,jordan newman,joshua silveira,"('jordan newman', 'joshua silveira')",2,0.5794642857142858,1.68,historical_import_fallback,4,BetOnline.ag;FanDuel,us,NaT,pair_not_found,
,2026-06-15,Derrick Lewis,Josh Hokit,derrick lewis,josh hokit,"('derrick lewis', 'josh hokit')",2,0.7246376811594204,1.39,historical_import_fallback,77,BetMGM;BetOnline.ag;BetRivers;DraftKings;FanDuel,us,NaT,pair_not_found,
,2026-04-18,Jamie Siraj,John Yannis,jamie siraj,john yannis,"('jamie siraj', 'john yannis')",1,0.6945054945054945,1.4,historical_import_fallback,35,BetMGM;BetOnline.ag;BetRivers;BetUS;DraftKings;FanDuel,us,NaT,pair_not_found,
,2026-04-25,Jafel Filho,Lucas Rocha,jafel filho,lucas rocha,"('jafel filho', 'lucas rocha')",1,0.7234042553191489,1.34,historical_import_fallback,20,BetOnline.ag;BetUS;DraftKings;FanDuel,us,NaT,pair_not_found,
,2026-04-25,Max Griffin,Victor Valenzuela,max griffin,victor valenzuela,"('max griffin', 'victor valenzuela')",2,0.5677749360613811,1.74,historical_import_fallback,50,BetMGM;BetOnline.ag;BetRivers;BetUS;DraftKings;FanDuel,us,NaT,pair_not_found,
,2026-04-26,Alex Hernandez,Rafa Garcia,alex hernandez,rafa garcia,"('alex hernandez', 'rafa garcia')",1,0.5585495454906846,1.87,historical_import_fallback,54,BetMGM;BetOnline.ag;BetRivers;BetUS;DraftKings;FanDuel,us,NaT,pair_not_found,
,2026-04-26,Aljamain Sterling,Youssef Zalal,aljamain sterling,youssef zalal,"('aljamain sterling', 'youssef zalal')",2,0.5641025641025641,1.82,historical_import_fallback,56,BetMGM;BetOnline.ag;BetRivers;BetUS;DraftKings;FanDuel,us,NaT,pair_not_found,
,2026-04-26,Marcus Buchecha,Ryan Spann,marcus buchecha,ryan spann,"('marcus buchecha', 'ryan spann')",1,0.5602094240837696,1.91,historical_import_fallback,56,BetMGM;BetOnline.ag;BetRivers;BetUS;DraftKings;FanDuel,us,NaT,pair_not_found,
,2026-04-16,Alan Philpott,Caolan Loughran,alan philpott,caolan loughran,"('alan philpott', 'caolan loughran')",2,0.9259259259259259,1.08,historical_import_fallback,5,BetMGM;BetOnline.ag;FanDuel,us,NaT,pair_not_found,
,2026-04-16,Alex Lohore,Rhys McKee,alex lohore,rhys mckee,"('alex lohore', 'rhys mckee')",2,0.7465618860510805,1.32,historical_import_fallback,5,BetMGM;BetOnline.ag;FanDuel,us,NaT,pair_not_found,
,2026-04-16,Ciaran Clarke,Dean Garnett,ciaran clarke,dean garnett,"('ciaran clarke', 'dean garnett')",1,0.6485849056603774,1.65,historical_import_fallback,5,BetMGM;BetOnline.ag;FanDuel,us,NaT,pair_not_found,
,2026-04-16,Darragh Kelly,Jay Jay Wilson,darragh kelly,jay jay wilson,"('darragh kelly', 'jay jay wilson')",2,0.5110966057441253,1.91,historical_import_fallback,2,BetOnline.ag;FanDuel,us,NaT,pair_not_found,
,2026-04-16,David Martinez,Giannis Bachar,david martinez,giannis bachar,"('david martinez', 'giannis bachar')",1,0.7706422018348623,1.29,historical_import_fallback,5,BetMGM;BetOnline.ag;FanDuel,us,NaT,pair_not_found,
,2026-04-16,Dovletdzhan Yagshimuradov,Tyson Pedro,dovletdzhan yagshimuradov,tyson pedro,"('dovletdzhan yagshimuradov', 'tyson pedro')",1,0.7829181494661922,1.29,historical_import_fallback,5,BetMGM;BetOnline.ag;FanDuel,us,NaT,pair_not_found,
,2026-04-16,Liam Gittins,Sean Gauci,liam gittins,sean gauci,"('liam gittins', 'sean gauci')",1,0.5641025641025641,2.04,historical_import_fallback,5,BetMGM;BetOnline.ag;FanDuel,us,NaT,pair_not_found,
,2026-04-16,Pedro Carvalho,Sergio Cossio Dominguez,pedro carvalho,sergio cossio dominguez,"('pedro carvalho', 'sergio cossio dominguez')",2,0.5362596060270479,1.82,historical_import_fallback,4,BetOnline.ag;FanDuel,us,NaT,pair_not_found,
,2026-04-18,Devon Lozej,Ernesto Ibarra,devon lozej,ernesto ibarra,"('devon lozej', 'ernesto ibarra')",2,0.5104712041884816,1.87,historical_import_fallback,3,BetOnline.ag,us,NaT,pair_not_found,
,2026-04-18,Elijah Johns,Taner Trembley,elijah johns,taner trembley,"('elijah johns', 'taner trembley')",2,0.6064356435643564,1.59,historical_import_fallback,2,BetOnline.ag,us,NaT,pair_not_found,
,2026-04-18,Albert Odzimkowski,Andi Vrtacic,albert odzimkowski,andi vrtacic,"('albert odzimkowski', 'andi vrtacic')",2,0.625,1.5,historical_import_fallback,3,BetOnline.ag,us,NaT,pair_not_found,
,2026-04-18,Daniel Rutkowski,Oleksii Polischuk,daniel rutkowski,oleksii polischuk,"('daniel rutkowski', 'oleksii polischuk')",1,0.606060606060606,1.56,historical_import_fallback,3,BetOnline.ag,us,NaT,pair_not_found,
,2026-04-18,Hugo Deux,Welisson Paiva,hugo deux,welisson paiva,"('hugo deux', 'welisson paiva')",2,0.5284552845528454,1.74,historical_import_fallback,3,BetOnline.ag,us,NaT,pair_not_found,
,2026-04-18,Jan Masek,Nacim Belhouachi,jan masek,nacim belhouachi,"('jan masek', 'nacim belhouachi')",1,0.5284552845528455,1.74,historical_import_fallback,3,BetOnline.ag,us,NaT,pair_not_found,
,2026-04-18,Mamed Khalidov,Pawel Pawlak,mamed khalidov,pawel pawlak,"('mamed khalidov', 'pawel pawlak')",2,0.5912596401028277,1.59,historical_import_fallback,3,BetOnline.ag,us,NaT,pair_not_found,
,2026-04-18,Marcelo Morrelli,Werlleson Martins,marcelo morrelli,werlleson martins,"('marcelo morrelli', 'werlleson martins')",1,0.6511056511056511,1.42,historical_import_fallback,3,BetOnline.ag,us,NaT,pair_not_found,
,2026-04-18,Marcin Wojcik,Phil De Fries,marcin wojcik,phil de fries,"('marcin wojcik', 'phil de fries')",2,0.7936507936507937,1.17,historical_import_fallback,3,BetOnline.ag,us,NaT,pair_not_found,
,2026-04-18,Sebastian Decowski,Tobiasz Le,sebastian decowski,tobiasz le,"('sebastian decowski', 'tobiasz le')",1,0.5284552845528455,1.74,historical_import_fallback,3,BetOnline.ag,us,NaT,pair_not_found,
,2026-04-26,Davey Grant,Juan Martinetti,davey grant,juan martinetti,"('davey grant', 'juan martinetti')",2,0.5569948186528497,2.15,historical_import_fallback,17,BetMGM;BetOnline.ag;BetUS;FanDuel,us,NaT,pair_not_found,
,2026-04-16,Andrea Vazquez,Chelsea Hackett,andrea vazquez,chelsea hackett,"('andrea vazquez', 'chelsea hackett')",2,0.6823266219239373,1.42,historical_import_fallback,3,BetMGM;BetOnline.ag;FanDuel,us,NaT,pair_not_found,
,2026-04-16,Eoghan Masoliver,Shane Mullen,eoghan masoliver,shane mullen,"('eoghan masoliver', 'shane mullen')",1,0.8987701040681173,1.07,historical_import_fallback,3,BetMGM;BetOnline.ag;FanDuel,us,NaT,pair_not_found,
,2026-04-16,Chequina Noso Pedro,Omran Chaaban,chequina noso pedro,omran chaaban,"('chequina noso pedro', 'omran chaaban')",2,0.7440476190476191,1.32,historical_import_fallback,3,BetMGM;BetOnline.ag;FanDuel,us,NaT,pair_not_found,
,2026-04-17,Darragh Kelly,Jay Jay Wilson,darragh kelly,jay jay wilson,"('darragh kelly', 'jay jay wilson')",2,0.515625,1.87,historical_import_fallback,3,BetMGM;BetOnline.ag;FanDuel,us,NaT,pair_not_found,
,2026-04-19,Arman Tsarukyan,Urijah Faber,arman tsarukyan,urijah faber,"('arman tsarukyan', 'urijah faber')",1,0.9463722397476342,1.02,historical_import_fallback,3,BetOnline.ag,us,NaT,pair_not_found,
,2026-04-19,Henry Cejudo,Merab Dvalishvili,henry cejudo,merab dvalishvili,"('henry cejudo', 'merab dvalishvili')",1,0.6963470319634703,1.36,historical_import_fallback,3,BetOnline.ag,us,NaT,date_diff_gt_2,-792.0
,2026-04-18,Canon Swanson,Quintin Richards,canon swanson,quintin richards,"('canon swanson', 'quintin richards')",1,0.6888888888888889,1.4,historical_import_fallback,1,BetOnline.ag,us,NaT,pair_not_found,
,2026-04-18,Cole Faust,Steve Collins,cole faust,steve collins,"('cole faust', 'steve collins')",2,0.8631319358816276,1.11,historical_import_fallback,1,BetOnline.ag,us,NaT,pair_not_found,
,2026-04-18,Junior Melo,Nikita Kulshin,junior melo,nikita kulshin,"('junior melo', 'nikita kulshin')",2,0.9195402298850575,1.05,historical_import_fallback,1,BetOnline.ag,us,NaT,pair_not_found,
,2026-04-18,Jacek Gać,Luka Vrtačlić,jacek ga,luka vrta li,"('jacek ga', 'luka vrta li')",1,0.6705882352941177,1.4,historical_import_fallback,5,Grosvenor;LeoVegas;LeoVegas (SE);Unibet (NL);Unibet (SE),eu;uk,NaT,pair_not_found,
,2026-04-26,Adrian Luna Martinetti,Davey Grant,adrian luna martinetti,davey grant,"('adrian luna martinetti', 'davey grant')",2,0.5340314136125655,2.16,historical_import_fallback,13,BetMGM;BetRivers;DraftKings,us,NaT,pair_not_found,
,2026-04-25,Davey Grant,Juan Martinetti,davey grant,juan martinetti,"('davey grant', 'juan martinetti')",1,0.5324675324675325,1.91,historical_import_fallback,11,BetMGM;BetOnline.ag;BetUS;FanDuel,us,NaT,pair_not_found,
,2026-04-25,Kevin Tariq Osaro,Nico Horta,kevin tariq osaro,nico horta,"('kevin tariq osaro', 'nico horta')",1,0.7239766081871345,1.35,historical_import_fallback,20,Grosvenor;LeoVegas;LeoVegas (SE);Unibet (NL);Unibet (SE),eu;uk,NaT,pair_not_found,
,2026-04-25,Chico Kwasi,Donovan Wisse,chico kwasi,donovan wisse,"('chico kwasi', 'donovan wisse')",2,0.717391304347826,1.3,historical_import_fallback,20,Grosvenor;LeoVegas;LeoVegas (SE);Unibet (NL);Unibet (SE),eu;uk,NaT,pair_not_found,
,2026-04-25,Matt Guymon,Quentin Gaskin,matt guymon,quentin gaskin,"('matt guymon', 'quentin gaskin')",2,0.6928406466512702,1.4,historical_import_fallback,3,BetOnline.ag,us,NaT,pair_not_found,
,2026-04-25,Colby Thicknesse,Vince Morales,colby thicknesse,vince morales,"('colby thicknesse', 'vince morales')",1,0.6034482758620691,1.91,historical_import_fallback,3,BetOnline.ag,us,NaT,date_diff_gt_2,7.0
,2026-04-25,Beneil Dariush,Quillan Salkilld,beneil dariush,quillan salkilld,"('beneil dariush', 'quillan salkilld')",2,0.7983193277310925,1.22,historical_import_fallback,3,BetOnline.ag,us,NaT,pair_not_found,
,2026-04-25,Gerald Meerschaert,Jacob Malkoun,gerald meerschaert,jacob malkoun,"('gerald meerschaert', 'jacob malkoun')",2,0.8530183727034121,1.13,historical_import_fallback,3,BetOnline.ag,us,NaT,pair_not_found,
,2026-05-02,Brando Pericic,Shamil Gaziev,brando pericic,shamil gaziev,"('brando pericic', 'shamil gaziev')",1,0.5426356589147286,1.85,historical_import_fallback,9,BetMGM;BetOnline.ag;BetRivers;BetUS;DraftKings;FanDuel,us,NaT,pair_not_found,
,2026-05-02,Stephen Erceg,Tim Elliott,stephen erceg,tim elliott,"('stephen erceg', 'tim elliott')",1,0.6277372262773723,1.61,historical_import_fallback,7,BetOnline.ag;BetUS;DraftKings;FanDuel,us,NaT,pair_not_found,
,2026-04-25,Cam Rowston,Robert Bryczek,cam rowston,robert bryczek,"('cam rowston', 'robert bryczek')",1,0.6986899563318778,1.38,historical_import_fallback,2,BetOnline.ag,us,NaT,pair_not_found,
,2026-04-25,Dom Mar Fan,Kody Steele,dom mar fan,kody steele,"('dom mar fan', 'kody steele')",2,0.6142506142506142,1.57,historical_import_fallback,2,BetOnline.ag,us,NaT,pair_not_found,
,2026-04-25,Jonathan Micallef,Themba Gorimbo,jonathan micallef,themba gorimbo,"('jonathan micallef', 'themba gorimbo')",1,0.7246376811594202,1.33,historical_import_fallback,2,BetOnline.ag,us,NaT,pair_not_found,
,2026-04-25,Junior Tafa,Kevin Christian,junior tafa,kevin christian,"('junior tafa', 'kevin christian')",1,0.6142506142506142,1.57,historical_import_fallback,2,BetOnline.ag,us,NaT,date_diff_gt_2,7.0
,2026-04-25,Dominik Humburger,Zebaztian Kadestam,dominik humburger,zebaztian kadestam,"('dominik humburger', 'zebaztian kadestam')",1,0.6839017043285447,1.38,historical_import_fallback,2,BetOnline.ag,us,NaT,pair_not_found,
,2026-04-25,Ozan Aslaner,Vladimír Lengál,ozan aslaner,vladim r leng l,"('ozan aslaner', 'vladim r leng l')",2,0.6132492811324928,1.56,historical_import_fallback,2,BetOnline.ag,us,NaT,pair_not_found,
,2026-04-25,Errol Koning,Nabil Khachab,errol koning,nabil khachab,"('errol koning', 'nabil khachab')",2,0.6704447632711621,1.4,historical_import_fallback,10,Grosvenor;LeoVegas;LeoVegas (SE);Unibet (NL);Unibet (SE),eu;uk,NaT,pair_not_found,
,2026-04-25,Jimmy Omani,Mohamed Touchassie,jimmy omani,mohamed touchassie,"('jimmy omani', 'mohamed touchassie')",2,0.6967320261437908,1.35,historical_import_fallback,10,Grosvenor;LeoVegas;LeoVegas (SE);Unibet (NL);Unibet (SE),eu;uk,NaT,pair_not_found,
,2026-04-25,Luis Tavares,Mohamed Amine,luis tavares,mohamed amine,"('luis tavares', 'mohamed amine')",1,0.6153846153846154,1.5,historical_import_fallback,10,Grosvenor;LeoVegas;LeoVegas (SE);Unibet (NL);Unibet (SE),eu;uk,NaT,pair_not_found,
,2026-04-26,Aaron Towns,Gary Priestly,aaron towns,gary priestly,"('aaron towns', 'gary priestly')",1,0.6428571428571429,1.5,historical_import_fallback,2,BetOnline.ag,us,NaT,pair_not_found,
,2026-04-26,Damon Donald,Leon Armes,damon donald,leon armes,"('damon donald', 'leon armes')",1,0.5284552845528455,1.74,historical_import_fallback,1,BetOnline.ag,us,NaT,pair_not_found,
,2026-04-26,Ermil Xhaferi,Michael Blair,ermil xhaferi,michael blair,"('ermil xhaferi', 'michael blair')",2,0.5426356589147288,1.77,historical_import_fallback,1,BetOnline.ag,us,NaT,pair_not_found,
,2026-04-26,Jamie McGowan,Taylor Sullivan,jamie mcgowan,taylor sullivan,"('jamie mcgowan', 'taylor sullivan')",1,0.8143322475570033,1.14,historical_import_fallback,1,BetOnline.ag,us,NaT,pair_not_found,
,2026-04-26,Jordan Stronge,Marc-Philippe Ngatchou,jordan stronge,marc philippe ngatchou,"('jordan stronge', 'marc philippe ngatchou')",2,0.5970149253731343,1.62,historical_import_fallback,1,BetOnline.ag,us,NaT,pair_not_found,
,2026-04-26,Justin Burlinson,Sean Jr. Clancy,justin burlinson,sean clancy,"('justin burlinson', 'sean clancy')",2,0.7246376811594204,1.33,historical_import_fallback,1,BetOnline.ag,us,NaT,pair_not_found,
,2026-04-26,Michael Tchamou,Norbert Pietrzak,michael tchamou,norbert pietrzak,"('michael tchamou', 'norbert pietrzak')",2,0.736842105263158,1.25,historical_import_fallback,1,BetOnline.ag,us,NaT,pair_not_found,
,2026-05-02,Ben Johnston,Wes Schultz,ben johnston,wes schultz,"('ben johnston', 'wes schultz')",1,0.5641025641025641,1.74,historical_import_fallback,5,BetMGM;BetRivers;BetUS;DraftKings;FanDuel,us,NaT,pair_not_found,
,2026-05-02,Beneil Dariush,Quillan Salkilld,beneil dariush,quillan salkilld,"('beneil dariush', 'quillan salkilld')",2,0.7952622673434856,1.21,historical_import_fallback,6,BetMGM;BetOnline.ag;BetRivers;BetUS;DraftKings;FanDuel,us,NaT,pair_not_found,
,2026-05-02,Gerald Meerschaert,Jacob Malkoun,gerald meerschaert,jacob malkoun,"('gerald meerschaert', 'jacob malkoun')",2,0.9041591320072333,1.1,historical_import_fallback,6,BetMGM;BetOnline.ag;BetRivers;BetUS;DraftKings;FanDuel,us,NaT,pair_not_found,
,2026-04-25,Colin George,Rade Opacic,colin george,rade opacic,"('colin george', 'rade opacic')",2,0.6585365853658537,1.4,historical_import_fallback,5,Grosvenor;LeoVegas;LeoVegas (SE);Unibet (NL);Unibet (SE),eu;uk,NaT,pair_not_found,
,2026-04-25,Aidan Stephen,Josh Abraham,aidan stephen,josh abraham,"('aidan stephen', 'josh abraham')",1,0.5789473684210527,1.6,historical_import_fallback,5,Grosvenor;LeoVegas;LeoVegas (SE);Unibet (NL);Unibet (SE),eu;uk,NaT,pair_not_found,
,2026-04-25,Leidiane Fernandes,Lucia Szabová,leidiane fernandes,lucia szabov,"('leidiane fernandes', 'lucia szabov')",2,0.8244274809160306,1.15,historical_import_fallback,4,Grosvenor;LeoVegas;LeoVegas (SE);Unibet (SE),eu;uk,NaT,pair_not_found,
,2026-04-25,Jamie McGowan,Taylor Sullivan,jamie mcgowan,taylor sullivan,"('jamie mcgowan', 'taylor sullivan')",1,0.8757062146892656,1.1,historical_import_fallback,1,BetOnline.ag,us,NaT,pair_not_found,
,2026-04-25,Michael Tchamou,Norbert Pietrzak,michael tchamou,norbert pietrzak,"('michael tchamou', 'norbert pietrzak')",2,0.7490272373540856,1.29,historical_import_fallback,1,BetOnline.ag,us,NaT,pair_not_found,
,2026-04-25,Damon Donald,Leon Armes,damon donald,leon armes,"('damon donald', 'leon armes')",1,0.5854271356783919,1.65,historical_import_fallback,1,BetOnline.ag,us,NaT,pair_not_found,
,2026-04-25,Jordan Stronge,Marc-Philippe Ngatchou,jordan stronge,marc philippe ngatchou,"('jordan stronge', 'marc philippe ngatchou')",2,0.5970149253731343,1.62,historical_import_fallback,1,BetOnline.ag,us,NaT,pair_not_found,
,2026-04-25,Ermil Xhaferi,Michael Blair,ermil xhaferi,michael blair,"('ermil xhaferi', 'michael blair')",1,0.5626598465473145,1.71,historical_import_fallback,1,BetOnline.ag,us,NaT,pair_not_found,
,2026-04-25,Justin Burlinson,Sean Jr. Clancy,justin burlinson,sean clancy,"('justin burlinson', 'sean clancy')",2,0.7411067193675889,1.31,historical_import_fallback,1,BetOnline.ag,us,NaT,pair_not_found,
,2026-05-17,Junior dos Santos,Robelis Despaigne,junior dos santos,robelis despaigne,"('junior dos santos', 'robelis despaigne')",2,0.7867132867132868,1.32,historical_import_fallback,17,BetOnline.ag,us,NaT,pair_not_found,
,2026-05-17,Kenneth Cross,Salahdine Parnasse,kenneth cross,salahdine parnasse,"('kenneth cross', 'salahdine parnasse')",2,0.8937437934458788,1.12,historical_import_fallback,17,BetOnline.ag,us,NaT,pair_not_found,
,2026-05-02,Dom Mar Fan,Kody Steele,dom mar fan,kody steele,"('dom mar fan', 'kody steele')",2,0.6203817733990147,1.59,historical_import_fallback,6,BetMGM;BetOnline.ag;BetRivers;BetUS;DraftKings;FanDuel,us,NaT,pair_not_found,
,2026-05-02,Jonathan Micallef,Themba Gorimbo,jonathan micallef,themba gorimbo,"('jonathan micallef', 'themba gorimbo')",1,0.6708041958041958,1.47,historical_import_fallback,6,BetMGM;BetOnline.ag;BetRivers;BetUS;DraftKings;FanDuel,us,NaT,pair_not_found,
,2026-05-02,Cam Rowston,Robert Bryczek,cam rowston,robert bryczek,"('cam rowston', 'robert bryczek')",1,0.6024975156094725,1.62,historical_import_fallback,6,BetMGM;BetOnline.ag;BetRivers;BetUS;DraftKings;FanDuel,us,NaT,pair_not_found,
,2026-05-02,Marwan Rahiki,Ollie Schmid,marwan rahiki,ollie schmid,"('marwan rahiki', 'ollie schmid')",1,0.8436098016442349,1.15,historical_import_fallback,6,BetMGM;BetOnline.ag;BetRivers;BetUS;DraftKings;FanDuel,us,NaT,pair_not_found,
,2026-05-02,George Youssef,Manne Hampusson,george youssef,manne hampusson,"('george youssef', 'manne hampusson')",2,0.5283018867924529,1.75,historical_import_fallback,3,LeoVegas;LeoVegas (SE);Unibet (SE),eu,NaT,pair_not_found,
,2026-05-02,Ali Al-Jasim,Iago Silva,ali al jasim,iago silva,"('ali al jasim', 'iago silva')",1,0.718954248366013,1.29,historical_import_fallback,3,LeoVegas;LeoVegas (SE);Unibet (SE),eu,NaT,pair_not_found,
,2026-05-02,Julius Rijkschroeff,Viktor Mangs,julius rijkschroeff,viktor mangs,"('julius rijkschroeff', 'viktor mangs')",2,0.8053691275167785,1.16,historical_import_fallback,3,LeoVegas;LeoVegas (SE);Unibet (SE),eu,NaT,pair_not_found,
,2026-05-02,Kevin Munje,Maxime Fondop,kevin munje,maxime fondop,"('kevin munje', 'maxime fondop')",1,0.5202156334231806,1.78,historical_import_fallback,3,LeoVegas;LeoVegas (SE);Unibet (SE),eu,NaT,pair_not_found,
,2026-05-02,Mattias Henriksson,Moein Ahmadi,mattias henriksson,moein ahmadi,"('mattias henriksson', 'moein ahmadi')",2,0.7972270363951474,1.17,historical_import_fallback,3,LeoVegas;LeoVegas (SE);Unibet (SE),eu,NaT,pair_not_found,
,2026-05-02,Patryk Grabowski,Rafael Kveldstad,patryk grabowski,rafael kveldstad,"('patryk grabowski', 'rafael kveldstad')",2,0.7851985559566788,1.19,historical_import_fallback,3,LeoVegas;LeoVegas (SE);Unibet (SE),eu,NaT,pair_not_found,
,2026-05-02,Sebastian Palacio Gomez,Tome Bokofo,sebastian palacio gomez,tome bokofo,"('sebastian palacio gomez', 'tome bokofo')",1,0.5,1.85,historical_import_fallback,3,LeoVegas;LeoVegas (SE);Unibet (SE),eu,NaT,pair_not_found,
,2026-05-02,Aleksandr Chizov,Gadzhi Rabadanov,aleksandr chizov,gadzhi rabadanov,"('aleksandr chizov', 'gadzhi rabadanov')",2,0.8333333333333334,1.17,historical_import_fallback,3,BetMGM;BetOnline.ag;FanDuel,us,NaT,pair_not_found,
,2026-05-02,Guram Kutateladze,Lucas Almeida,guram kutateladze,lucas almeida,"('guram kutateladze', 'lucas almeida')",1,0.8134092490094668,1.18,historical_import_fallback,2,BetOnline.ag,us,NaT,pair_not_found,
,2026-05-02,Leandro Higo,Magomed Magomedov,leandro higo,magomed magomedov,"('leandro higo', 'magomed magomedov')",2,0.8090614886731392,1.21,historical_import_fallback,3,BetMGM;BetOnline.ag;FanDuel,us,NaT,pair_not_found,
,2026-05-02,Renan Ferreira,Sergey Bilostenniy,renan ferreira,sergey bilostenniy,"('renan ferreira', 'sergey bilostenniy')",2,0.5163322078383661,1.87,historical_import_fallback,2,BetMGM;BetOnline.ag,us,NaT,pair_not_found,
,2026-05-02,Karl Williams,Maxwell Djantou Nana,karl williams,maxwell djantou nana,"('karl williams', 'maxwell djantou nana')",1,0.6608071135430917,1.5,historical_import_fallback,6,BetMGM;BetOnline.ag;FanDuel,us,NaT,pair_not_found,
,2026-05-03,Bryce Logan,Joel Alvarez,bryce logan,joel alvarez,"('bryce logan', 'joel alvarez')",2,0.6936578879684763,1.42,historical_import_fallback,4,BetOnline.ag;FanDuel,us,NaT,pair_not_found,
,2026-05-03,Florim Zendeli,Logan Storley,florim zendeli,logan storley,"('florim zendeli', 'logan storley')",2,0.6887098606576406,1.44,historical_import_fallback,6,BetMGM;BetOnline.ag;FanDuel,us,NaT,pair_not_found,
,2026-05-03,Cheyanne Bowers,Sabrinna de Sousa,cheyanne bowers,sabrinna de sousa,"('cheyanne bowers', 'sabrinna de sousa')",2,0.7210481526132898,1.35,historical_import_fallback,6,BetMGM;BetOnline.ag;FanDuel,us,NaT,pair_not_found,
,2026-05-03,Rafael Alves,Rasul Magomedov,rafael alves,rasul magomedov,"('rafael alves', 'rasul magomedov')",2,0.826414923889968,1.18,historical_import_fallback,4,BetOnline.ag;FanDuel,us,NaT,pair_not_found,
,2026-05-03,Emiliano Sordi,Simeon Powell,emiliano sordi,simeon powell,"('emiliano sordi', 'simeon powell')",2,0.7626842114596819,1.29,historical_import_fallback,6,BetMGM;BetOnline.ag;FanDuel,us,NaT,pair_not_found,
,2026-05-09,Grant Dawson,Mateusz Rebecki,grant dawson,mateusz rebecki,"('grant dawson', 'mateusz rebecki')",1,0.5949367088607596,1.8,historical_import_fallback,43,BetMGM;BetOnline.ag;BetRivers;DraftKings;FanDuel,us,NaT,pair_not_found,
,2026-05-09,Jared Gordon,Jim Miller,jared gordon,jim miller,"('jared gordon', 'jim miller')",1,0.7246376811594202,1.39,historical_import_fallback,43,BetMGM;BetOnline.ag;BetRivers;DraftKings;FanDuel,us,NaT,pair_not_found,
,2026-05-09,Jeremy Stephens,King Green,jeremy stephens,king green,"('jeremy stephens', 'king green')",2,0.7217573221757322,1.33,historical_import_fallback,14,BetMGM;BetOnline.ag;BetRivers;DraftKings;FanDuel,us,NaT,pair_not_found,
,2026-05-09,Khamzat Chimaev,Sean Strickland,khamzat chimaev,sean strickland,"('khamzat chimaev', 'sean strickland')",1,0.8013355592654424,1.22,historical_import_fallback,15,BetMGM;BetOnline.ag;BetRivers;DraftKings;FanDuel,us,NaT,pair_not_found,
,2026-05-09,Marco Tulio Silva,Roman Kopylov,marco tulio silva,roman kopylov,"('marco tulio silva', 'roman kopylov')",1,0.6225490196078431,1.56,historical_import_fallback,43,BetMGM;BetOnline.ag;BetRivers;DraftKings;FanDuel,us,NaT,pair_not_found,
,2026-05-09,Ateba Gautier,Ozzy Diaz,ateba gautier,ozzy diaz,"('ateba gautier', 'ozzy diaz')",1,0.8800880088008802,1.1,historical_import_fallback,35,BetMGM;BetOnline.ag;BetRivers;DraftKings;FanDuel,us,NaT,pair_not_found,
,2026-06-14,Derrick Lewis,Josh Hokit,derrick lewis,josh hokit,"('derrick lewis', 'josh hokit')",2,0.7317073170731707,1.33,historical_import_fallback,113,BetMGM;BetOnline.ag;BetRivers;DraftKings;FanDuel,us,NaT,pair_not_found,
,2026-06-14,Diego Lopes,Steve Garcia Jr.,diego lopes,steve garcia,"('diego lopes', 'steve garcia')",1,0.6225490196078431,1.65,historical_import_fallback,72,BetMGM;BetOnline.ag;BetRivers;DraftKings;FanDuel,us,NaT,pair_not_found,
,2026-07-12,Benoit Saint-Denis,Paddy Pimblett,benoit saint denis,paddy pimblett,"('benoit saint denis', 'paddy pimblett')",1,0.6130653266331658,1.77,historical_import_fallback,95,BetMGM;BetOnline.ag;BetRivers;DraftKings;FanDuel,us,NaT,pair_not_found,
,2026-12-27,Benoit Saint-Denis,Paddy Pimblett,benoit saint denis,paddy pimblett,"('benoit saint denis', 'paddy pimblett')",1,0.6339712918660287,1.53,historical_import_fallback,16,BetOnline.ag,us,NaT,pair_not_found,
,2026-12-27,Conor McGregor,Max Holloway,conor mcgregor,max holloway,"('conor mcgregor', 'max holloway')",2,0.74,1.3,historical_import_fallback,16,BetOnline.ag,us,NaT,pair_not_found,
,2026-05-02,Brett Bye,Taylor Michels,brett bye,taylor michels,"('brett bye', 'taylor michels')",1,0.6428571428571429,1.5,historical_import_fallback,3,BetMGM;BetOnline.ag;FanDuel,us,NaT,pair_not_found,
,2026-05-03,Qihui Yan,Taila Santos,qihui yan,taila santos,"('qihui yan', 'taila santos')",2,0.8530183727034121,1.15,historical_import_fallback,3,BetMGM;BetOnline.ag;FanDuel,us,NaT,pair_not_found,
,2026-05-03,Humberto Bandenay,Sang Won Kim,humberto bandenay,sang won kim,"('humberto bandenay', 'sang won kim')",1,0.625,1.54,historical_import_fallback,3,BetMGM;BetOnline.ag;FanDuel,us,NaT,pair_not_found,
,2026-05-03,Aleksandr Chizov,Gadzhi Rabadanov,aleksandr chizov,gadzhi rabadanov,"('aleksandr chizov', 'gadzhi rabadanov')",2,0.8631319358816276,1.11,historical_import_fallback,3,BetMGM;BetOnline.ag;FanDuel,us,NaT,pair_not_found,
,2026-05-03,Leandro Higo,Magomed Magomedov,leandro higo,magomed magomedov,"('leandro higo', 'magomed magomedov')",2,0.8177570093457944,1.18,historical_import_fallback,3,BetMGM;BetOnline.ag;FanDuel,us,NaT,pair_not_found,
,2026-05-03,Renan Ferreira,Sergey Bilostenniy,renan ferreira,sergey bilostenniy,"('renan ferreira', 'sergey bilostenniy')",2,0.5497871143958869,1.74,historical_import_fallback,2,BetMGM;BetOnline.ag,us,NaT,pair_not_found,
,2026-05-09,Baysangur Susurkaev,Djorden Santos,baysangur susurkaev,djorden santos,"('baysangur susurkaev', 'djorden santos')",1,0.8345323741007196,1.19,historical_import_fallback,26,BetOnline.ag;BetRivers;DraftKings;FanDuel,us,NaT,pair_not_found,
,2026-05-17,Benardo Sopaj,Timothy Cuamba,benardo sopaj,timothy cuamba,"('benardo sopaj', 'timothy cuamba')",1,0.5822784810126582,1.8,historical_import_fallback,38,BetOnline.ag;BetRivers;BetUS;DraftKings;FanDuel,us,NaT,pair_not_found,
,2026-05-17,Daniel Santos,Dooho Choi,daniel santos,dooho choi,"('daniel santos', 'dooho choi')",1,0.5929648241206029,1.77,historical_import_fallback,37,BetOnline.ag;BetRivers;BetUS;DraftKings;FanDuel,us,NaT,pair_not_found,
,2026-05-17,Ivan Erslan,Tuco Tokkos,ivan erslan,tuco tokkos,"('ivan erslan', 'tuco tokkos')",1,0.6157635467980296,1.62,historical_import_fallback,37,BetMGM;BetOnline.ag;BetRivers;BetUS;DraftKings;FanDuel,us,NaT,pair_not_found,
,2026-05-17,Khaos Williams,Nikolay Veretennikov,khaos williams,nikolay veretennikov,"('khaos williams', 'nikolay veretennikov')",1,0.5260416666666667,1.89,historical_import_fallback,35,BetMGM;BetOnline.ag;BetUS;DraftKings;FanDuel,us,NaT,pair_not_found,
,2026-05-17,Modestas Bukauskas,Rodolfo Bellato,modestas bukauskas,rodolfo bellato,"('modestas bukauskas', 'rodolfo bellato')",1,0.5426356589147286,1.85,historical_import_fallback,19,BetMGM;BetOnline.ag;BetRivers;BetUS;DraftKings;FanDuel,us,NaT,pair_not_found,
,2026-05-17,Thomas Gantt,Trey Ogden,thomas gantt,trey ogden,"('thomas gantt', 'trey ogden')",1,0.6818181818181818,1.43,historical_import_fallback,12,BetMGM;BetOnline.ag;BetRivers;BetUS;FanDuel,us,NaT,pair_not_found,
,2026-05-10,Ateba Gautier,Ozzy Diaz,ateba gautier,ozzy diaz,"('ateba gautier', 'ozzy diaz')",1,0.8901322482197355,1.1,historical_import_fallback,5,BetMGM;BetOnline.ag;BetRivers;DraftKings;FanDuel,us,NaT,pair_not_found,
,2026-12-27,Joshua Van,Manel Kape,joshua van,manel kape,"('joshua van', 'manel kape')",2,0.6339712918660287,1.65,historical_import_fallback,76,BetOnline.ag,us,NaT,pair_not_found,
,2027-01-01,Khamzat Chimaev,Paulo Henrique Costa,khamzat chimaev,paulo henrique costa,"('khamzat chimaev', 'paulo henrique costa')",1,0.7983193277310925,1.2,historical_import_fallback,75,BetOnline.ag,us,NaT,pair_not_found,
,2027-01-01,Nassourdine Imavov,Sean Strickland,nassourdine imavov,sean strickland,"('nassourdine imavov', 'sean strickland')",1,0.5078534031413613,1.91,historical_import_fallback,75,BetOnline.ag,us,NaT,pair_not_found,
,2026-05-16,Abbas Abasov,Regivaldo Carvalho,abbas abasov,regivaldo carvalho,"('abbas abasov', 'regivaldo carvalho')",1,0.7741347905282332,1.24,historical_import_fallback,3,BetOnline.ag,us,NaT,pair_not_found,
,2026-05-16,Ansar Khamzaev,Jordon Tague,ansar khamzaev,jordon tague,"('ansar khamzaev', 'jordon tague')",1,0.893743793445879,1.1,historical_import_fallback,3,BetOnline.ag,us,NaT,pair_not_found,
,2026-05-16,Ben Woolliss,Petchtanong Petchfergus,ben woolliss,petchtanong petchfergus,"('ben woolliss', 'petchtanong petchfergus')",2,0.5926849437058711,1.65,historical_import_fallback,6,BetOnline.ag;FanDuel,us,NaT,pair_not_found,
,2026-05-16,Erick Visconde,Gustavo Pintos,erick visconde,gustavo pintos,"('erick visconde', 'gustavo pintos')",1,0.7066381156316917,1.38,historical_import_fallback,3,BetOnline.ag,us,NaT,pair_not_found,
,2026-05-16,Nathan Ghareeb,Vinicius Cenci,nathan ghareeb,vinicius cenci,"('nathan ghareeb', 'vinicius cenci')",1,0.5875,1.65,historical_import_fallback,3,BetOnline.ag,us,NaT,pair_not_found,
,2026-05-16,Altin Zenuni,Dawid Jarowienko,altin zenuni,dawid jarowienko,"('altin zenuni', 'dawid jarowienko')",1,0.7158590308370044,1.29,historical_import_fallback,3,BetOnline.ag,us,NaT,pair_not_found,
,2026-05-16,Danielle Misteli,Ivana Petrovic,danielle misteli,ivana petrovic,"('danielle misteli', 'ivana petrovic')",2,0.7545271629778671,1.22,historical_import_fallback,3,BetOnline.ag,us,NaT,pair_not_found,
,2026-05-16,Khalid Taha,Max Holzer,khalid taha,max holzer,"('khalid taha', 'max holzer')",2,0.736842105263158,1.29,historical_import_fallback,3,BetOnline.ag,us,NaT,pair_not_found,
,2026-05-16,Aymard Guih,Marian Ziolkowski,aymard guih,marian ziolkowski,"('aymard guih', 'marian ziolkowski')",2,0.625,1.5,historical_import_fallback,3,BetOnline.ag,us,NaT,pair_not_found,
,2026-05-16,Cedric Lushima,Michal Dreczkowski,cedric lushima,michal dreczkowski,"('cedric lushima', 'michal dreczkowski')",2,0.5759162303664922,1.62,historical_import_fallback,3,BetOnline.ag,us,NaT,pair_not_found,
,2026-05-16,Michal Michalski,Piotr Kuberski,michal michalski,piotr kuberski,"('michal michalski', 'piotr kuberski')",2,0.736842105263158,1.25,historical_import_fallback,3,BetOnline.ag,us,NaT,pair_not_found,
,2026-05-16,Roman Szymanski,Valeriu Mircea,roman szymanski,valeriu mircea,"('roman szymanski', 'valeriu mircea')",2,0.5829015544041452,1.74,historical_import_fallback,3,BetOnline.ag,us,NaT,pair_not_found,
,2026-05-16,Sara Luzar Smajić,Wiktoria Czyżewska,sara luzar smaji,wiktoria czy ewska,"('sara luzar smaji', 'wiktoria czy ewska')",2,0.7936507936507937,1.17,historical_import_fallback,3,BetOnline.ag,us,NaT,pair_not_found,
,2026-05-16,Adam Livingston,Kyle Pufahl,adam livingston,kyle pufahl,"('adam livingston', 'kyle pufahl')",1,0.6963470319634703,1.33,historical_import_fallback,4,Grosvenor;LeoVegas,eu;uk,NaT,pair_not_found,
,2026-05-16,Artur Minev,Thomas Gantt,artur minev,thomas gantt,"('artur minev', 'thomas gantt')",2,0.6370171332813267,1.57,historical_import_fallback,12,BetOnline.ag;BetUS;DraftKings;FanDuel,us,NaT,pair_not_found,
,2026-05-17,Jason Jackson,Jeff Creighton,jason jackson,jeff creighton,"('jason jackson', 'jeff creighton')",1,0.7743090243090243,1.25,historical_import_fallback,2,BetOnline.ag,us,NaT,pair_not_found,
,2026-05-30,Jaqueline Amorim,Loma Lookboonmee,jaqueline amorim,loma lookboonmee,"('jaqueline amorim', 'loma lookboonmee')",1,0.5714285714285715,2.05,historical_import_fallback,9,BetOnline.ag;DraftKings,us,NaT,pair_not_found,
,2026-05-30,Jesus Santos Aguilar,Rei Tsuruya,jesus santos aguilar,rei tsuruya,"('jesus santos aguilar', 'rei tsuruya')",2,0.74,1.33,historical_import_fallback,9,BetOnline.ag;DraftKings,us,NaT,pair_not_found,
,2026-05-30,José Henrique,Meng Ding,jos henrique,meng ding,"('jos henrique', 'meng ding')",2,0.5324675324675324,1.87,historical_import_fallback,9,BetOnline.ag;DraftKings,us,NaT,pair_not_found,
,2026-05-30,Aori Qileng,Cody Haddon,aori qileng,cody haddon,"('aori qileng', 'cody haddon')",2,0.7414829659318638,1.31,historical_import_fallback,9,BetOnline.ag;DraftKings,us,NaT,pair_not_found,
,2026-05-30,Jake Matthews,Muslim Salikhov,jake matthews,muslim salikhov,"('jake matthews', 'muslim salikhov')",1,0.6716309700823605,2.02,historical_import_fallback,8,BetOnline.ag;DraftKings,us,NaT,pair_not_found,
,2026-05-30,Alex Perez,Su Mudaerji,alex perez,su mudaerji,"('alex perez', 'su mudaerji')",1,0.5714285714285715,1.83,historical_import_fallback,9,BetOnline.ag;DraftKings,us,NaT,pair_not_found,
,2026-05-30,Alonzo Menifield,Zhang Mingyang,alonzo menifield,zhang mingyang,"('alonzo menifield', 'zhang mingyang')",2,0.6572769953051643,1.48,historical_import_fallback,9,BetOnline.ag;DraftKings,us,NaT,pair_not_found,
,2026-05-30,Cameron Smotherman,Kai Asakura,cameron smotherman,kai asakura,"('cameron smotherman', 'kai asakura')",2,0.7246376811594204,1.33,historical_import_fallback,9,BetOnline.ag;DraftKings,us,NaT,pair_not_found,
,2026-05-30,Deiveson Figueiredo,Song Yadong,deiveson figueiredo,song yadong,"('deiveson figueiredo', 'song yadong')",2,0.7720588235294118,1.24,historical_import_fallback,9,BetOnline.ag;DraftKings,us,NaT,pair_not_found,
,2026-05-30,Sergey Pavlovich,Tallison Teixeira,sergey pavlovich,tallison teixeira,"('sergey pavlovich', 'tallison teixeira')",1,0.7747747747747749,1.25,historical_import_fallback,9,BetOnline.ag;DraftKings,us,NaT,pair_not_found,
,2026-05-16,Daniel Kolasiński,Steven Krt,daniel kolasi ski,steven krt,"('daniel kolasi ski', 'steven krt')",2,0.5401069518716578,1.72,historical_import_fallback,2,Grosvenor;LeoVegas,eu;uk,NaT,pair_not_found,
,2026-05-16,Ivan Erslan,Tuco Tokkos,ivan erslan,tuco tokkos,"('ivan erslan', 'tuco tokkos')",1,0.5964912280701754,1.65,historical_import_fallback,5,BetOnline.ag;BetRivers;BetUS;DraftKings;FanDuel,us,NaT,pair_not_found,
,2026-05-16,Jason Jackson,Jeff Creighton,jason jackson,jeff creighton,"('jason jackson', 'jeff creighton')",1,0.7867132867132867,1.22,historical_import_fallback,1,BetOnline.ag,us,NaT,pair_not_found,
,2026-07-12,Brandon Royval,Lone'er Kavanagh,brandon royval,lone er kavanagh,"('brandon royval', 'lone er kavanagh')",2,0.6428571428571428,1.59,historical_import_fallback,83,BetMGM;BetOnline.ag;BetRivers;DraftKings;FanDuel,us,NaT,pair_not_found,
,2026-07-12,Cory Sandhagen,Mario Bautista,cory sandhagen,mario bautista,"('cory sandhagen', 'mario bautista')",1,0.5793450881612091,1.77,historical_import_fallback,110,BetMGM;BetOnline.ag;BetRivers;DraftKings;FanDuel,us,NaT,pair_not_found,
,2026-07-12,Elisha Ellison,Gable Steveson,elisha ellison,gable steveson,"('elisha ellison', 'gable steveson')",2,0.92790863668808,1.07,historical_import_fallback,110,BetMGM;BetOnline.ag;BetRivers;DraftKings;FanDuel,us,NaT,pair_not_found,
,2026-07-12,Conor McGregor,Max Holloway,conor mcgregor,max holloway,"('conor mcgregor', 'max holloway')",2,0.7234042553191489,1.47,historical_import_fallback,59,BetMGM;BetOnline.ag;BetRivers;DraftKings;FanDuel,us,NaT,pair_not_found,
,2026-05-30,Angela Hill,Jingnan Xiong,angela hill,jingnan xiong,"('angela hill', 'jingnan xiong')",2,0.6871410736579276,1.4,historical_import_fallback,2,BetOnline.ag;DraftKings,us,NaT,pair_not_found,
,2026-05-30,Luis Felipe Dias,Yi Sak Lee,luis felipe dias,yi sak lee,"('luis felipe dias', 'yi sak lee')",1,0.5848892405063291,1.65,historical_import_fallback,2,BetOnline.ag;DraftKings,us,NaT,pair_not_found,
,2026-06-06,Bryce Mitchell,Santiago Luna,bryce mitchell,santiago luna,"('bryce mitchell', 'santiago luna')",1,0.5604113110539846,1.77,historical_import_fallback,19,BetOnline.ag;BetUS;DraftKings;FanDuel,us,NaT,pair_not_found,
,2026-06-06,Ariane Carnelossi,Ketlen Souza,ariane carnelossi,ketlen souza,"('ariane carnelossi', 'ketlen souza')",2,0.722047763384317,1.38,historical_import_fallback,24,BetOnline.ag;BetUS;DraftKings;FanDuel,us,NaT,pair_not_found,
,2026-06-06,Belal Muhammad,Gabriel Bonfim,belal muhammad,gabriel bonfim,"('belal muhammad', 'gabriel bonfim')",1,0.5260416666666667,1.95,historical_import_fallback,20,BetOnline.ag;BetUS;DraftKings;FanDuel,us,NaT,pair_not_found,
,2026-06-06,Brendan Allen,Edmen Shahbazyan,brendan allen,edmen shahbazyan,"('brendan allen', 'edmen shahbazyan')",1,0.6492890995260664,1.57,historical_import_fallback,20,BetOnline.ag;BetUS;DraftKings;FanDuel,us,NaT,pair_not_found,
,2026-06-06,Bruno Silva,Edgar Chairez,bruno silva,edgar chairez,"('bruno silva', 'edgar chairez')",1,0.536842105263158,1.87,historical_import_fallback,24,BetOnline.ag;BetUS;DraftKings;FanDuel,us,NaT,pair_not_found,
,2026-06-06,Chelsea Chandler,Priscila Cachoeira,chelsea chandler,priscila cachoeira,"('chelsea chandler', 'priscila cachoeira')",1,0.5324675324675325,1.83,historical_import_fallback,24,BetOnline.ag;BetUS;DraftKings;FanDuel,us,NaT,pair_not_found,
,2026-06-06,Fares Ziam,Tom Nolan,fares ziam,tom nolan,"('fares ziam', 'tom nolan')",1,0.7246376811594202,1.34,historical_import_fallback,20,BetOnline.ag;BetUS;DraftKings;FanDuel,us,NaT,pair_not_found,
,2026-06-06,Iwo Baraniewski,Junior Tafa,iwo baraniewski,junior tafa,"('iwo baraniewski', 'junior tafa')",1,0.7555321293325132,1.34,historical_import_fallback,20,BetOnline.ag;BetUS;DraftKings;FanDuel,us,NaT,pair_not_found,
,2026-06-06,Jeisla Chaves,Yuneisy Duben,jeisla chaves,yuneisy duben,"('jeisla chaves', 'yuneisy duben')",1,0.7611805178345102,1.4,historical_import_fallback,24,BetOnline.ag;BetUS;DraftKings;FanDuel,us,NaT,pair_not_found,
,2026-06-06,Joanderson Brito,Jordan Leavitt,joanderson brito,jordan leavitt,"('joanderson brito', 'jordan leavitt')",1,0.6188270470308557,1.62,historical_import_fallback,24,BetOnline.ag;BetUS;DraftKings;FanDuel,us,NaT,pair_not_found,
,2026-06-06,John Yannis,Marcus McGhee,john yannis,marcus mcghee,"('john yannis', 'marcus mcghee')",2,0.7867132867132868,1.28,historical_import_fallback,24,BetOnline.ag;BetUS;DraftKings;FanDuel,us,NaT,pair_not_found,
,2026-06-06,Alessandro Costa,Matt Schnell,alessandro costa,matt schnell,"('alessandro costa', 'matt schnell')",1,0.8302005012531328,1.24,historical_import_fallback,24,BetOnline.ag;BetUS;DraftKings;FanDuel,us,NaT,pair_not_found,
,2026-06-07,Bryce Mitchell,Santiago Ponzinibbio,bryce mitchell,santiago ponzinibbio,"('bryce mitchell', 'santiago ponzinibbio')",1,0.5641025641025641,1.7,historical_import_fallback,1,DraftKings,us,NaT,pair_not_found,
,2026-07-18,Dricus Du Plessis,Kamaru Usman,dricus du plessis,kamaru usman,"('dricus du plessis', 'kamaru usman')",1,0.7490272373540856,1.29,historical_import_fallback,20,BetOnline.ag,us,NaT,pair_not_found,
,2026-07-25,Khalil Rountree,Magomed Ankalaev,khalil rountree,magomed ankalaev,"('khalil rountree', 'magomed ankalaev')",2,0.7283950617283951,1.32,historical_import_fallback,82,BetOnline.ag;BetRivers;BetUS;DraftKings;FanDuel,us,NaT,pair_not_found,
,2026-06-05,Perry Stargel,Shimon Smotritsky,perry stargel,shimon smotritsky,"('perry stargel', 'shimon smotritsky')",2,0.6761845922423982,1.4,historical_import_fallback,2,BetOnline.ag,us,NaT,pair_not_found,
,2026-06-06,Isao Kobayashi,Yusuke Yachi,isao kobayashi,yusuke yachi,"('isao kobayashi', 'yusuke yachi')",2,0.6202034677151925,1.59,historical_import_fallback,2,BetOnline.ag,us,NaT,pair_not_found,
,2026-06-06,Adam Palasz,Patrick Vespaziani,adam palasz,patrick vespaziani,"('adam palasz', 'patrick vespaziani')",2,0.5953747180105975,1.59,historical_import_fallback,2,BetOnline.ag,us,NaT,pair_not_found,
,2026-06-06,Dastan Amangeldy,Moktar Benkaci,dastan amangeldy,moktar benkaci,"('dastan amangeldy', 'moktar benkaci')",1,0.7545271629778673,1.22,historical_import_fallback,2,BetOnline.ag,us,NaT,pair_not_found,
,2026-06-06,Igor Severino,Zhalgas Zhumagulov,igor severino,zhalgas zhumagulov,"('igor severino', 'zhalgas zhumagulov')",1,0.675688616008562,1.4,historical_import_fallback,2,BetOnline.ag,us,NaT,pair_not_found,
,2026-06-06,Lazar Todev,Martin Buday,lazar todev,martin buday,"('lazar todev', 'martin buday')",2,0.5257446357989837,1.8,historical_import_fallback,2,BetOnline.ag,us,NaT,pair_not_found,
,2026-06-07,Iwo Baraniewski,Junior Tafa,iwo baraniewski,junior tafa,"('iwo baraniewski', 'junior tafa')",1,0.7736259194974792,1.26,historical_import_fallback,4,BetOnline.ag;BetUS;DraftKings;FanDuel,us,NaT,pair_not_found,
,2026-06-07,Bryce Mitchell,Santiago Luna,bryce mitchell,santiago luna,"('bryce mitchell', 'santiago luna')",1,0.5324675324675325,1.83,historical_import_fallback,4,BetOnline.ag;BetUS;DraftKings;FanDuel,us,NaT,pair_not_found,
,2026-06-07,Fares Ziam,Tom Nolan,fares ziam,tom nolan,"('fares ziam', 'tom nolan')",1,0.7261410788381742,1.33,historical_import_fallback,4,BetOnline.ag;BetUS;DraftKings;FanDuel,us,NaT,pair_not_found,
,2026-06-07,Brendan Allen,Edmen Shahbazyan,brendan allen,edmen shahbazyan,"('brendan allen', 'edmen shahbazyan')",1,0.615007080524322,1.57,historical_import_fallback,4,BetOnline.ag;BetUS;DraftKings;FanDuel,us,NaT,pair_not_found,
,2026-06-07,Belal Muhammad,Gabriel Bonfim,belal muhammad,gabriel bonfim,"('belal muhammad', 'gabriel bonfim')",1,0.5045454545454546,1.93,historical_import_fallback,4,BetOnline.ag;BetUS;DraftKings;FanDuel,us,NaT,pair_not_found,
,2026-06-20,Kyoji Horiguchi,Manel Kape,kyoji horiguchi,manel kape,"('kyoji horiguchi', 'manel kape')",2,0.6310679611650486,1.56,historical_import_fallback,8,BetOnline.ag;BetUS;DraftKings,us,NaT,pair_not_found,
,2026-06-21,Allan Nascimento,Mitch Raposo,allan nascimento,mitch raposo,"('allan nascimento', 'mitch raposo')",1,0.6428571428571429,1.5,historical_import_fallback,3,BetOnline.ag,us,NaT,pair_not_found,
,2026-06-21,Andre Fili,Vinicius Oliveira,andre fili,vinicius oliveira,"('andre fili', 'vinicius oliveira')",2,0.7178934865085275,1.43,historical_import_fallback,18,BetMGM;BetOnline.ag;BetUS;DraftKings;FanDuel,us,NaT,pair_not_found,
,2026-06-21,Christian Rodriguez,Hyder Amil,christian rodriguez,hyder amil,"('christian rodriguez', 'hyder amil')",1,0.6385542168674698,1.67,historical_import_fallback,18,BetMGM;BetOnline.ag;BetUS;DraftKings;FanDuel,us,NaT,pair_not_found,
,2026-06-21,Ethyn Ewing,Farid Basharat,ethyn ewing,farid basharat,"('ethyn ewing', 'farid basharat')",1,0.5104712041884817,2.05,historical_import_fallback,3,BetOnline.ag,us,NaT,pair_not_found,
,2026-06-21,Gaston Bolanos,Michael Aswell,gaston bolanos,michael aswell,"('gaston bolanos', 'michael aswell')",2,0.767097966728281,1.26,historical_import_fallback,3,BetOnline.ag,us,NaT,pair_not_found,
,2026-06-21,Ion Cutelaba,Navajo Stirling,ion cutelaba,navajo stirling,"('ion cutelaba', 'navajo stirling')",2,0.7331975560081465,1.34,historical_import_fallback,18,BetMGM;BetOnline.ag;BetUS;DraftKings;FanDuel,us,NaT,pair_not_found,
,2026-06-21,Karol Rosa,Luana Santos,karol rosa,luana santos,"('karol rosa', 'luana santos')",1,0.5793450881612091,1.71,historical_import_fallback,3,BetOnline.ag,us,NaT,pair_not_found,
,2026-06-21,Andre Lima,Kevin Borjas,andre lima,kevin borjas,"('andre lima', 'kevin borjas')",1,0.8430368087695159,1.14,historical_import_fallback,2,BetOnline.ag,us,NaT,pair_not_found,
,2026-06-21,Beatriz Mesquita,Melissa Mullins,beatriz mesquita,melissa mullins,"('beatriz mesquita', 'melissa mullins')",1,0.8211723577463604,1.17,historical_import_fallback,2,BetOnline.ag,us,NaT,pair_not_found,
,2026-06-21,Melsik Baghdasaryan,Murtazali Magomedov,melsik baghdasaryan,murtazali magomedov,"('melsik baghdasaryan', 'murtazali magomedov')",2,0.7440476190476191,1.36,historical_import_fallback,17,BetMGM;BetOnline.ag;BetUS;DraftKings;FanDuel,us,NaT,pair_not_found,
,2026-06-27,Manuel Torres,Rafael Fiziev,manuel torres,rafael fiziev,"('manuel torres', 'rafael fiziev')",2,0.5515463917525774,1.87,historical_import_fallback,16,BetOnline.ag;BetUS;DraftKings;FanDuel,us,NaT,pair_not_found,
,2026-06-13,Anis Bouzid,Antonio Plazibat,anis bouzid,antonio plazibat,"('anis bouzid', 'antonio plazibat')",2,0.6153846153846154,1.7,historical_import_fallback,6,Grosvenor;LeoVegas,eu;uk,NaT,pair_not_found,
,2026-06-13,Artem Vakhitov,Michael Boapeah,artem vakhitov,michael boapeah,"('artem vakhitov', 'michael boapeah')",2,0.5405405405405406,1.8,historical_import_fallback,6,Grosvenor;LeoVegas,eu;uk,NaT,pair_not_found,
,2026-06-13,Bahram Rajabzadeh,Mohamed Touchassie,bahram rajabzadeh,mohamed touchassie,"('bahram rajabzadeh', 'mohamed touchassie')",1,0.5702917771883289,2.0,historical_import_fallback,6,Grosvenor;LeoVegas,eu;uk,NaT,pair_not_found,
,2026-06-13,Donovan Wisse,Luis Tavares,donovan wisse,luis tavares,"('donovan wisse', 'luis tavares')",1,0.8156606851549756,1.18,historical_import_fallback,6,Grosvenor;LeoVegas,eu;uk,NaT,pair_not_found,
,2026-06-13,Iliass Hammouche,Mesud Selimovic,iliass hammouche,mesud selimovic,"('iliass hammouche', 'mesud selimovic')",1,0.5311653116531165,2.2,historical_import_fallback,6,Grosvenor;LeoVegas,eu;uk,NaT,pair_not_found,
,2026-06-13,Miloš Cvjetićanin,Mory Kromah,milo cvjeti anin,mory kromah,"('milo cvjeti anin', 'mory kromah')",2,0.56,1.65,historical_import_fallback,6,Grosvenor;LeoVegas,eu;uk,NaT,pair_not_found,
,2026-06-13,Alain Majorique,Dwight Joseph,alain majorique,dwight joseph,"('alain majorique', 'dwight joseph')",1,0.5626598465473145,1.93,historical_import_fallback,6,BetOnline.ag;FanDuel,us,NaT,pair_not_found,
,2026-06-13,Ayinda Octave,Patrick Ocheme,ayinda octave,patrick ocheme,"('ayinda octave', 'patrick ocheme')",2,0.6773919507274079,1.44,historical_import_fallback,6,BetOnline.ag;FanDuel,us,NaT,pair_not_found,
,2026-06-13,Demba Seck,Jean Do Santos,demba seck,jean do santos,"('demba seck', 'jean do santos')",1,0.5899525316455696,1.69,historical_import_fallback,6,BetOnline.ag;FanDuel,us,NaT,pair_not_found,
,2026-06-13,Ignacio Campos,Wasiu Adeshina,ignacio campos,wasiu adeshina,"('ignacio campos', 'wasiu adeshina')",2,0.7216590236152235,1.38,historical_import_fallback,6,BetOnline.ag;FanDuel,us,NaT,pair_not_found,
,2026-06-14,Arman Tsarukyan,Tony Ferguson,arman tsarukyan,tony ferguson,"('arman tsarukyan', 'tony ferguson')",1,0.9626064420584968,1.01,historical_import_fallback,3,BetOnline.ag,us,NaT,pair_not_found,
,2026-06-20,Allan Nascimento,Mitch Raposo,allan nascimento,mitch raposo,"('allan nascimento', 'mitch raposo')",1,0.6361445783132531,1.62,historical_import_fallback,40,BetMGM;BetOnline.ag;BetUS;DraftKings;FanDuel,us,NaT,pair_not_found,
,2026-06-20,Andre Fili,Vinicius Oliveira,andre fili,vinicius oliveira,"('andre fili', 'vinicius oliveira')",2,0.6802721088435375,1.48,historical_import_fallback,23,BetMGM;BetOnline.ag;BetUS;DraftKings;FanDuel,us,NaT,pair_not_found,
,2026-06-20,Andre Lima,Kevin Borjas,andre lima,kevin borjas,"('andre lima', 'kevin borjas')",1,0.8333333333333333,1.18,historical_import_fallback,40,BetMGM;BetOnline.ag;BetUS;DraftKings;FanDuel,us,NaT,pair_not_found,
,2026-06-20,Beatriz Mesquita,Melissa Mullins,beatriz mesquita,melissa mullins,"('beatriz mesquita', 'melissa mullins')",1,0.8177570093457944,1.19,historical_import_fallback,34,BetOnline.ag;BetUS;DraftKings;FanDuel,us,NaT,pair_not_found,
,2026-06-20,Christian Rodriguez,Hyder Amil,christian rodriguez,hyder amil,"('christian rodriguez', 'hyder amil')",1,0.5934343434343434,1.67,historical_import_fallback,25,BetMGM;BetOnline.ag;BetUS;DraftKings;FanDuel,us,NaT,pair_not_found,
,2026-06-20,Ethyn Ewing,Farid Basharat,ethyn ewing,farid basharat,"('ethyn ewing', 'farid basharat')",1,0.5473684210526316,1.8,historical_import_fallback,7,BetOnline.ag;BetUS;DraftKings;FanDuel,us,NaT,pair_not_found,
,2026-06-20,Gaston Bolanos,Michael Aswell,gaston bolanos,michael aswell,"('gaston bolanos', 'michael aswell')",2,0.7663551401869159,1.27,historical_import_fallback,40,BetMGM;BetOnline.ag;BetUS;DraftKings;FanDuel,us,NaT,pair_not_found,
,2026-06-20,Ion Cutelaba,Navajo Stirling,ion cutelaba,navajo stirling,"('ion cutelaba', 'navajo stirling')",2,0.7261410788381744,1.34,historical_import_fallback,25,BetMGM;BetOnline.ag;BetUS;DraftKings;FanDuel,us,NaT,pair_not_found,
,2026-06-20,Karol Rosa,Luana Santos,karol rosa,luana santos,"('karol rosa', 'luana santos')",1,0.5248009380453753,1.93,historical_import_fallback,40,BetMGM;BetOnline.ag;BetUS;DraftKings;FanDuel,us,NaT,pair_not_found,
,2026-06-20,Melsik Baghdasaryan,Murtazali Magomedov,melsik baghdasaryan,murtazali magomedov,"('melsik baghdasaryan', 'murtazali magomedov')",2,0.7142857142857142,1.36,historical_import_fallback,25,BetMGM;BetOnline.ag;BetUS;DraftKings;FanDuel,us,NaT,pair_not_found,
,2026-06-21,Kyoji Horiguchi,Manel Kape,kyoji horiguchi,manel kape,"('kyoji horiguchi', 'manel kape')",2,0.592964824120603,1.69,historical_import_fallback,41,BetMGM;BetOnline.ag;BetUS;DraftKings;FanDuel,us,NaT,pair_not_found,
,2026-07-11,Brandon Royval,Lone'er Kavanagh,brandon royval,lone er kavanagh,"('brandon royval', 'lone er kavanagh')",2,0.636144578313253,1.56,historical_import_fallback,27,BetOnline.ag;DraftKings;FanDuel,us,NaT,pair_not_found,
,2026-12-31,Alex Pereira,Josh Hokit,alex pereira,josh hokit,"('alex pereira', 'josh hokit')",2,0.5970149253731343,1.62,historical_import_fallback,53,BetOnline.ag,us,NaT,pair_not_found,
,2026-12-31,Arman Tsarukyan,Justin Gaethje,arman tsarukyan,justin gaethje,"('arman tsarukyan', 'justin gaethje')",1,0.8016528925619835,1.2,historical_import_fallback,53,BetOnline.ag,us,NaT,pair_not_found,
,2026-12-31,Ciryl Gane,Josh Hokit,ciryl gane,josh hokit,"('ciryl gane', 'josh hokit')",1,0.6888888888888889,1.4,historical_import_fallback,53,BetOnline.ag,us,NaT,pair_not_found,
,2026-12-31,Ilia Topuria,Justin Gaethje,ilia topuria,justin gaethje,"('ilia topuria', 'justin gaethje')",1,0.6888888888888889,1.4,historical_import_fallback,53,BetOnline.ag,us,NaT,pair_not_found,
,2026-06-19,Adam Masaev,Konrad Rusinski,adam masaev,konrad rusinski,"('adam masaev', 'konrad rusinski')",1,0.6511056511056511,1.42,historical_import_fallback,3,BetOnline.ag,us,NaT,pair_not_found,
,2026-06-19,Arkadiusz Wrzosek,Tefan Vojcak,arkadiusz wrzosek,tefan vojcak,"('arkadiusz wrzosek', 'tefan vojcak')",1,0.6928406466512702,1.5,historical_import_fallback,3,BetOnline.ag,us,NaT,pair_not_found,
,2026-06-19,Damian Janikowski,Wiktor Zalewski,damian janikowski,wiktor zalewski,"('damian janikowski', 'wiktor zalewski')",2,0.6928406466512702,1.44,historical_import_fallback,3,BetOnline.ag,us,NaT,pair_not_found,
,2026-06-19,Daniel Rutkowski,Danu Tarchila,daniel rutkowski,danu tarchila,"('daniel rutkowski', 'danu tarchila')",1,0.6375000000000001,1.45,historical_import_fallback,3,BetOnline.ag,us,NaT,pair_not_found,
,2026-06-19,Leo Brichta,Patryk Kaczmarczyk,leo brichta,patryk kaczmarczyk,"('leo brichta', 'patryk kaczmarczyk')",2,0.6928406466512702,1.5,historical_import_fallback,3,BetOnline.ag,us,NaT,pair_not_found,
,2026-06-20,Alina Dalaslan,Djulia Ariana,alina dalaslan,djulia ariana,"('alina dalaslan', 'djulia ariana')",1,0.8143322475570033,1.17,historical_import_fallback,5,BetOnline.ag,us,NaT,pair_not_found,
,2026-06-20,Attila Korkmaz,Dawid Smielowski,attila korkmaz,dawid smielowski,"('attila korkmaz', 'dawid smielowski')",1,0.6375000000000001,1.45,historical_import_fallback,5,BetOnline.ag,us,NaT,pair_not_found,
,2026-06-20,Denis Frimpong,Niko Samsonidse,denis frimpong,niko samsonidse,"('denis frimpong', 'niko samsonidse')",2,0.5390835579514824,1.83,historical_import_fallback,5,BetOnline.ag,us,NaT,pair_not_found,
,2026-06-20,Gokhan Aksu,Mateusz Legierski,gokhan aksu,mateusz legierski,"('gokhan aksu', 'mateusz legierski')",2,0.7479508196721312,1.23,historical_import_fallback,5,BetOnline.ag,us,NaT,pair_not_found,
,2026-06-20,Kasim Aras,Will Fleury,kasim aras,will fleury,"('kasim aras', 'will fleury')",2,0.8241758241758241,1.12,historical_import_fallback,5,BetOnline.ag,us,NaT,pair_not_found,
,2026-06-20,Niklas Stolze,Tyrone Pfeifer,niklas stolze,tyrone pfeifer,"('niklas stolze', 'tyrone pfeifer')",2,0.606060606060606,1.59,historical_import_fallback,5,BetOnline.ag,us,NaT,pair_not_found,
,2026-06-20,Richie Smullen,Zafar Mohsen,richie smullen,zafar mohsen,"('richie smullen', 'zafar mohsen')",2,0.606060606060606,1.67,historical_import_fallback,4,BetOnline.ag,us,NaT,pair_not_found,
,2026-06-20,Leon Shahbazyan,Levan Chokheli,leon shahbazyan,levan chokheli,"('leon shahbazyan', 'levan chokheli')",2,0.7504873294346979,1.32,historical_import_fallback,25,BetMGM;BetOnline.ag;BetUS;DraftKings;FanDuel,us,NaT,pair_not_found,
,2026-06-20,Otari Tanzilovi,Shane Collins,otari tanzilovi,shane collins,"('otari tanzilovi', 'shane collins')",2,0.6404449916454138,1.62,historical_import_fallback,24,BetMGM;BetOnline.ag;BetUS;DraftKings;FanDuel,us,NaT,pair_not_found,
,2026-06-19,Andreeas Binder,Sado Ucar,andreeas binder,sado ucar,"('andreeas binder', 'sado ucar')",1,0.6823529411764706,1.37,historical_import_fallback,3,BetOnline.ag,us,NaT,pair_not_found,
,2026-06-19,Angelo Terenzio,Jordan Molinari,angelo terenzio,jordan molinari,"('angelo terenzio', 'jordan molinari')",2,0.5829015544041452,1.61,historical_import_fallback,3,BetOnline.ag,us,NaT,pair_not_found,
,2026-06-19,Jake McHugh,Lorenzo de Nigris,jake mchugh,lorenzo de nigris,"('jake mchugh', 'lorenzo de nigris')",1,0.728051391862955,1.29,historical_import_fallback,3,BetOnline.ag,us,NaT,pair_not_found,
,2026-08-16,Gillian Robertson,Mackenzie Dern,gillian robertson,mackenzie dern,"('gillian robertson', 'mackenzie dern')",2,0.6581395348837209,1.56,historical_import_fallback,139,BetMGM;BetOnline.ag;BetRivers;DraftKings;FanDuel,us,NaT,pair_not_found,
,2026-08-16,Ian Garry,Islam Makhachev,ian garry,islam makhachev,"('ian garry', 'islam makhachev')",2,0.7465618860510805,1.32,historical_import_fallback,139,BetMGM;BetOnline.ag;BetRivers;DraftKings;FanDuel,us,NaT,pair_not_found,
,2026-06-19,Cristiano Oliveira,Yusuf Nazokatov,cristiano oliveira,yusuf nazokatov,"('cristiano oliveira', 'yusuf nazokatov')",2,0.711111111111111,1.3,historical_import_fallback,2,Grosvenor;LeoVegas,eu;uk,NaT,pair_not_found,
,2026-06-19,Eimear Darcy,Elsa Cerezo,eimear darcy,elsa cerezo,"('eimear darcy', 'elsa cerezo')",1,0.5190217391304348,1.77,historical_import_fallback,1,BetOnline.ag,us,NaT,pair_not_found,
,2026-06-19,Erick Maia,Solomon Simon,erick maia,solomon simon,"('erick maia', 'solomon simon')",2,0.8776896942242356,1.08,historical_import_fallback,1,BetOnline.ag,us,NaT,pair_not_found,
,2026-06-19,Ger Harris,Kayck Alencar,ger harris,kayck alencar,"('ger harris', 'kayck alencar')",1,0.7936507936507936,1.17,historical_import_fallback,1,BetOnline.ag,us,NaT,pair_not_found,
,2026-06-19,Kevin Robledo,Stiven Shehu,kevin robledo,stiven shehu,"('kevin robledo', 'stiven shehu')",2,0.6432038834951457,1.47,historical_import_fallback,1,BetOnline.ag,us,NaT,pair_not_found,
,2026-06-19,Matthew O'Rourke,Trevor Makengo,matthew o rourke,trevor makengo,"('matthew o rourke', 'trevor makengo')",2,0.5284552845528454,1.74,historical_import_fallback,1,BetOnline.ag,us,NaT,pair_not_found,
,2026-06-20,Bryce Woerner,Erik Calvert,bryce woerner,erik calvert,"('bryce woerner', 'erik calvert')",1,0.7867132867132867,1.22,historical_import_fallback,1,BetOnline.ag,us,NaT,pair_not_found,
,2026-06-20,David Richardson,Jimmie Pace Jr.,david richardson,jimmie pace,"('david richardson', 'jimmie pace')",2,0.8438818565400844,1.11,historical_import_fallback,1,BetOnline.ag,us,NaT,pair_not_found,
,2026-06-20,David Wright,Jake Woodley,david wright,jake woodley,"('david wright', 'jake woodley')",2,0.5526992287917738,1.74,historical_import_fallback,1,BetOnline.ag,us,NaT,pair_not_found,
,2026-06-20,Kestin McClain,Mark Antonelli,kestin mcclain,mark antonelli,"('kestin mcclain', 'mark antonelli')",1,0.8403361344537814,1.14,historical_import_fallback,1,BetOnline.ag,us,NaT,pair_not_found,
,2026-06-20,Will Davis,Wilson Lopshire,will davis,wilson lopshire,"('will davis', 'wilson lopshire')",2,0.8177570093457944,1.17,historical_import_fallback,1,BetOnline.ag,us,NaT,pair_not_found,
,2026-06-20,Andrew Stewart,Zayne Havener,andrew stewart,zayne havener,"('andrew stewart', 'zayne havener')",1,0.6682027649769585,1.44,historical_import_fallback,1,BetOnline.ag,us,NaT,pair_not_found,
,2026-06-20,Adam Masaev,Konrad Rusinski,adam masaev,konrad rusinski,"('adam masaev', 'konrad rusinski')",1,0.656934306569343,1.41,historical_import_fallback,2,Grosvenor;LeoVegas,eu;uk,NaT,pair_not_found,
,2026-06-20,Andrzej Grzebyk,Tymoteusz Łopaczyk,andrzej grzebyk,tymoteusz opaczyk,"('andrzej grzebyk', 'tymoteusz opaczyk')",1,0.5585106382978724,1.66,historical_import_fallback,2,Grosvenor;LeoVegas,eu;uk,NaT,pair_not_found,
,2026-06-20,Arijan Topallaj,Jan Stanovský,arijan topallaj,jan stanovsk,"('arijan topallaj', 'jan stanovsk')",2,0.5585106382978724,1.66,historical_import_fallback,2,Grosvenor;LeoVegas,eu;uk,NaT,pair_not_found,
,2026-06-20,Arkadiusz Wrzosek,Tefan Vojcak,arkadiusz wrzosek,tefan vojcak,"('arkadiusz wrzosek', 'tefan vojcak')",1,0.6963470319634703,1.33,historical_import_fallback,2,Grosvenor;LeoVegas,eu;uk,NaT,pair_not_found,
,2026-06-20,Damian Janikowski,Wiktor Zalewski,damian janikowski,wiktor zalewski,"('damian janikowski', 'wiktor zalewski')",2,0.711111111111111,1.3,historical_import_fallback,2,Grosvenor;LeoVegas,eu;uk,NaT,pair_not_found,
,2026-06-20,Daniel Rutkowski,Danu Tarchila,daniel rutkowski,danu tarchila,"('daniel rutkowski', 'danu tarchila')",1,0.6390977443609022,1.44,historical_import_fallback,2,Grosvenor;LeoVegas,eu;uk,NaT,pair_not_found,
,2026-06-20,Marek Samociuk,Michal Martínek,marek samociuk,michal mart nek,"('marek samociuk', 'michal mart nek')",1,0.6698564593301435,1.38,historical_import_fallback,2,Grosvenor;LeoVegas,eu;uk,NaT,pair_not_found,
,2026-06-20,Leo Brichta,Patryk Kaczmarczyk,leo brichta,patryk kaczmarczyk,"('leo brichta', 'patryk kaczmarczyk')",2,0.6997742663656885,1.33,historical_import_fallback,2,Grosvenor;LeoVegas,eu;uk,NaT,pair_not_found,
,2026-06-20,Matteo Martignoni,Tom Wright,matteo martignoni,tom wright,"('matteo martignoni', 'tom wright')",2,0.5507849843137783,1.77,historical_import_fallback,2,BetOnline.ag,us,NaT,pair_not_found,
,2026-06-20,Marin Vetrila,Shay Ingram,marin vetrila,shay ingram,"('marin vetrila', 'shay ingram')",2,0.6297229219143576,1.47,historical_import_fallback,4,Grosvenor;LeoVegas,eu;uk,NaT,pair_not_found,
,2026-06-20,Conor McCarthy,George Staines,conor mccarthy,george staines,"('conor mccarthy', 'george staines')",2,0.7336059692925815,1.33,historical_import_fallback,2,BetOnline.ag,us,NaT,pair_not_found,
,2026-06-20,Ieuan Davies,Omiel Brown,ieuan davies,omiel brown,"('ieuan davies', 'omiel brown')",2,0.5696939911744086,1.69,historical_import_fallback,2,BetOnline.ag,us,NaT,pair_not_found,
,2026-06-27,Abdulrakhman Yakhyaev,Julius Walker,abdulrakhman yakhyaev,julius walker,"('abdulrakhman yakhyaev', 'julius walker')",1,0.7720588235294118,1.25,historical_import_fallback,7,BetOnline.ag;BetUS;DraftKings;FanDuel,us,NaT,pair_not_found,
,2026-06-27,Abusupyian Magomedov,Michal Oleksiejczuk,abusupyian magomedov,michal oleksiejczuk,"('abusupyian magomedov', 'michal oleksiejczuk')",1,0.5426356589147286,1.83,historical_import_fallback,7,BetOnline.ag;BetUS;DraftKings;FanDuel,us,NaT,pair_not_found,
,2026-06-27,Andrey Pulyaev,Nursultan Ruziboev,andrey pulyaev,nursultan ruziboev,"('andrey pulyaev', 'nursultan ruziboev')",2,0.6651162790697674,1.46,historical_import_fallback,7,BetOnline.ag;BetUS;DraftKings;FanDuel,us,NaT,pair_not_found,
,2026-06-27,Asu Almabaev,Charles Johnson,asu almabaev,charles johnson,"('asu almabaev', 'charles johnson')",1,0.6542056074766355,1.48,historical_import_fallback,7,BetOnline.ag;BetUS;DraftKings;FanDuel,us,NaT,pair_not_found,
,2026-06-27,Bekzat Almakhan,Jean Matsumoto,bekzat almakhan,jean matsumoto,"('bekzat almakhan', 'jean matsumoto')",2,0.579345088161209,1.67,historical_import_fallback,7,BetOnline.ag;BetUS;DraftKings;FanDuel,us,NaT,pair_not_found,
,2026-06-27,Brunno Ferreira,Ikram Aliskerov,brunno ferreira,ikram aliskerov,"('brunno ferreira', 'ikram aliskerov')",2,0.6627906976744187,1.45,historical_import_fallback,7,BetOnline.ag;BetUS;DraftKings;FanDuel,us,NaT,pair_not_found,
,2026-06-27,Daniil Donchenko,Theodor Berggren,daniil donchenko,theodor berggren,"('daniil donchenko', 'theodor berggren')",1,0.7940905464640131,1.21,historical_import_fallback,6,BetOnline.ag;BetUS;DraftKings;FanDuel,us,NaT,pair_not_found,
,2026-06-27,Eric Nolan,Farman Hasanov,eric nolan,farman hasanov,"('eric nolan', 'farman hasanov')",2,0.5875,1.65,historical_import_fallback,7,BetOnline.ag;BetUS;DraftKings;FanDuel,us,NaT,pair_not_found,
,2026-06-27,Javier Reyes Rugeles,Kaan Ofli,javier reyes rugeles,kaan ofli,"('javier reyes rugeles', 'kaan ofli')",1,0.5793450881612091,1.67,historical_import_fallback,7,BetOnline.ag;BetUS;DraftKings;FanDuel,us,NaT,pair_not_found,
,2026-06-27,Matheus Camilo,Nazim Sadykhov,matheus camilo,nazim sadykhov,"('matheus camilo', 'nazim sadykhov')",2,0.6817155756207676,1.45,historical_import_fallback,7,BetOnline.ag;BetUS;DraftKings;FanDuel,us,NaT,pair_not_found,
,2026-06-27,Michel Pereira,Shara Magomedov,michel pereira,shara magomedov,"('michel pereira', 'shara magomedov')",2,0.7460629921259843,1.31,historical_import_fallback,7,BetOnline.ag;BetUS;DraftKings;FanDuel,us,NaT,pair_not_found,
,2026-07-04,Gabriele Galluccio,Oscar Ownsworth,gabriele galluccio,oscar ownsworth,"('gabriele galluccio', 'oscar ownsworth')",1,0.5284552845528455,2.1,historical_import_fallback,7,BetOnline.ag;BetRivers,us,NaT,pair_not_found,
,2026-07-04,Nell Ariano,Norbert Pietrzak,nell ariano,norbert pietrzak,"('nell ariano', 'norbert pietrzak')",2,0.5585106382978724,1.85,historical_import_fallback,7,BetOnline.ag;BetRivers,us,NaT,pair_not_found,
,2026-07-11,Alessandro Costa,Cody Durden,alessandro costa,cody durden,"('alessandro costa', 'cody durden')",1,0.6849315068493151,1.46,historical_import_fallback,44,BetMGM;BetOnline.ag;BetRivers;DraftKings;FanDuel,us,NaT,pair_not_found,
,2026-07-11,Cesar Almeida,Damian Pinas,cesar almeida,damian pinas,"('cesar almeida', 'damian pinas')",2,0.6584996087636933,1.53,historical_import_fallback,46,BetMGM;BetOnline.ag;BetRivers;DraftKings;FanDuel,us,NaT,pair_not_found,
,2026-07-11,Ryan Gandra,Zachary Reese,ryan gandra,zachary reese,"('ryan gandra', 'zachary reese')",1,0.5526992287917738,1.83,historical_import_fallback,35,BetOnline.ag;BetRivers;DraftKings;FanDuel,us,NaT,pair_not_found,
,2026-07-11,Tracy Cortez,Wang Cong,tracy cortez,wang cong,"('tracy cortez', 'wang cong')",2,0.5104712041884816,1.95,historical_import_fallback,46,BetMGM;BetOnline.ag;BetRivers;DraftKings;FanDuel,us,NaT,pair_not_found,
,2026-07-12,Adrian Yanez,Cody Garbrandt,adrian yanez,cody garbrandt,"('adrian yanez', 'cody garbrandt')",1,0.7677902621722846,1.25,historical_import_fallback,8,BetMGM;BetOnline.ag;DraftKings;FanDuel,us,NaT,pair_not_found,
,2026-07-12,Kai Kamaka,Luke Riley,kai kamaka,luke riley,"('kai kamaka', 'luke riley')",2,0.7319432456449919,1.31,historical_import_fallback,8,BetMGM;BetOnline.ag;DraftKings;FanDuel,us,NaT,pair_not_found,
,2026-07-12,King Green,Terrance Mckinney,king green,terrance mckinney,"('king green', 'terrance mckinney')",2,0.5739795918367347,1.97,historical_import_fallback,45,BetMGM;BetOnline.ag;BetRivers;DraftKings;FanDuel,us,NaT,pair_not_found,
,2026-07-12,Nikita Krylov,Robert Whittaker,nikita krylov,robert whittaker,"('nikita krylov', 'robert whittaker')",2,0.5739795918367347,1.85,historical_import_fallback,46,BetMGM;BetOnline.ag;BetRivers;DraftKings;FanDuel,us,NaT,pair_not_found,
,2026-07-19,Dricus Du Plessis,Kamaru Usman,dricus du plessis,kamaru usman,"('dricus du plessis', 'kamaru usman')",1,0.6946902654867257,1.49,historical_import_fallback,87,BetMGM;BetOnline.ag;BetRivers;BetUS;DraftKings;FanDuel,us,NaT,pair_not_found,
,2026-07-11,Benoit Saint-Denis,Paddy Pimblett,benoit saint denis,paddy pimblett,"('benoit saint denis', 'paddy pimblett')",1,0.5655526992287918,1.78,historical_import_fallback,32,BetMGM;BetOnline.ag;DraftKings;FanDuel,us,NaT,pair_not_found,
,2026-07-11,Conor McGregor,Max Holloway,conor mcgregor,max holloway,"('conor mcgregor', 'max holloway')",2,0.6643356643356644,1.48,historical_import_fallback,32,BetMGM;BetOnline.ag;DraftKings;FanDuel,us,NaT,pair_not_found,
,2026-07-04,Anas Nfaou,Randy Mboyo,anas nfaou,randy mboyo,"('anas nfaou', 'randy mboyo')",1,0.5674478885408791,1.69,historical_import_fallback,4,BetOnline.ag;BetRivers,us,NaT,pair_not_found,
,2026-07-04,Damiano Scogna,Rony Henrique,damiano scogna,rony henrique,"('damiano scogna', 'rony henrique')",1,0.686046511627907,1.36,historical_import_fallback,4,BetOnline.ag;BetRivers,us,NaT,pair_not_found,
,2026-07-04,David Allen,Geoff Pavey,david allen,geoff pavey,"('david allen', 'geoff pavey')",2,0.5747509759052363,1.71,historical_import_fallback,4,BetOnline.ag;BetRivers,us,NaT,pair_not_found,
,2026-07-04,Lincoln Strong,Zanyar Kamaran,lincoln strong,zanyar kamaran,"('lincoln strong', 'zanyar kamaran')",2,0.6406908448434347,1.51,historical_import_fallback,4,BetOnline.ag;BetRivers,us,NaT,pair_not_found,
,2026-07-04,Stevie Lee,Vladimir Stanca,stevie lee,vladimir stanca,"('stevie lee', 'vladimir stanca')",1,0.7578740157480315,1.25,historical_import_fallback,4,BetOnline.ag;BetRivers,us,NaT,pair_not_found,
,2026-07-04,George Hardwick,Nicolas Savio,george hardwick,nicolas savio,"('george hardwick', 'nicolas savio')",1,0.7822534739661812,1.2,historical_import_fallback,4,BetOnline.ag;BetRivers,us,NaT,pair_not_found,
,2026-07-11,Kai Kamaka,Luke Riley,kai kamaka,luke riley,"('kai kamaka', 'luke riley')",2,0.7142857142857142,1.44,historical_import_fallback,38,BetMGM;BetOnline.ag;BetRivers;DraftKings;FanDuel,us,NaT,pair_not_found,
,2026-07-11,Adrian Yanez,Cody Garbrandt,adrian yanez,cody garbrandt,"('adrian yanez', 'cody garbrandt')",1,0.774521269802862,1.25,historical_import_fallback,38,BetMGM;BetOnline.ag;BetRivers;DraftKings;FanDuel,us,NaT,pair_not_found,
,2026-08-29,Song Yadong,Umar Nurmagomedov,song yadong,umar nurmagomedov,"('song yadong', 'umar nurmagomedov')",2,0.7867132867132868,1.29,historical_import_fallback,127,BetOnline.ag;BetRivers;BetUS;DraftKings;FanDuel,us,NaT,pair_not_found,
,2026-07-04,Chris Morris,Joshua Onwordi,chris morris,joshua onwordi,"('chris morris', 'joshua onwordi')",1,0.7490272373540856,1.29,historical_import_fallback,1,BetOnline.ag,us,NaT,pair_not_found,
,2026-07-04,Leandro Camargo,Luca Borando,leandro camargo,luca borando,"('leandro camargo', 'luca borando')",2,0.9128630705394191,1.05,historical_import_fallback,1,BetOnline.ag,us,NaT,pair_not_found,
,2026-12-31,Natalia Silva,Valentina Shevchenko,natalia silva,valentina shevchenko,"('natalia silva', 'valentina shevchenko')",2,0.6888888888888889,1.4,historical_import_fallback,30,BetOnline.ag,us,NaT,pair_not_found,
,2027-01-01,Alexandre Pantoja,Joshua Van,alexandre pantoja,joshua van,"('alexandre pantoja', 'joshua van')",1,0.6204379562043796,1.77,historical_import_fallback,17,BetOnline.ag,us,NaT,date_diff_gt_2,-391.0
,2027-01-01,Merab Dvalishvili,Petr Yan,merab dvalishvili,petr yan,"('merab dvalishvili', 'petr yan')",2,0.6142506142506142,1.62,historical_import_fallback,27,BetOnline.ag,us,NaT,date_diff_gt_2,-391.0
,2026-07-11,Aaron Aby,Zoran Milic,aaron aby,zoran milic,"('aaron aby', 'zoran milic')",1,0.5390835579514824,1.71,historical_import_fallback,3,BetOnline.ag,us,NaT,pair_not_found,
,2026-07-11,Altin Zenuni,Patrik Šebek,altin zenuni,patrik ebek,"('altin zenuni', 'patrik ebek')",1,0.7368421052631579,1.29,historical_import_fallback,3,BetOnline.ag,us,NaT,pair_not_found,
,2026-07-11,Kamil Oniszczuk,Mick Stanton,kamil oniszczuk,mick stanton,"('kamil oniszczuk', 'mick stanton')",1,0.6928406466512702,1.33,historical_import_fallback,3,BetOnline.ag,us,NaT,pair_not_found,
,2026-07-11,Cihad Akipa,Mate Kertesz,cihad akipa,mate kertesz,"('cihad akipa', 'mate kertesz')",1,0.7429346713086218,1.33,historical_import_fallback,4,BetOnline.ag,us,NaT,pair_not_found,
,2026-07-11,Hojat Khajevand,Patrik Kincl,hojat khajevand,patrik kincl,"('hojat khajevand', 'patrik kincl')",2,0.6585365853658537,1.53,historical_import_fallback,4,BetOnline.ag,us,NaT,pair_not_found,
,2026-07-11,Kerim Engizek,Krzysztof Jotko,kerim engizek,krzysztof jotko,"('kerim engizek', 'krzysztof jotko')",2,0.6737127371273713,1.4,historical_import_fallback,4,BetOnline.ag,us,NaT,pair_not_found,
,2026-07-11,Marc Doussis,Olutobi Ayodeji Kalejaiye,marc doussis,olutobi ayodeji kalejaiye,"('marc doussis', 'olutobi ayodeji kalejaiye')",1,0.695765301491574,1.38,historical_import_fallback,4,BetOnline.ag,us,NaT,pair_not_found,
,2026-07-11,Farid Basharat,John Garza,farid basharat,john garza,"('farid basharat', 'john garza')",1,0.8290323141221143,1.17,historical_import_fallback,18,BetMGM;BetOnline.ag;BetRivers;DraftKings;FanDuel,us,NaT,pair_not_found,
,2026-07-18,Fatima Kline,Tabatha Ricci,fatima kline,tabatha ricci,"('fatima kline', 'tabatha ricci')",1,0.7615914786967418,1.31,historical_import_fallback,42,BetMGM;BetOnline.ag;BetRivers;BetUS;DraftKings;FanDuel,us,NaT,pair_not_found,
,2026-07-18,Felipe Franco,Levi Rodrigues,felipe franco,levi rodrigues,"('felipe franco', 'levi rodrigues')",2,0.6111111111111112,1.7,historical_import_fallback,50,BetMGM;BetOnline.ag;BetRivers;BetUS;DraftKings;FanDuel,us,NaT,pair_not_found,
,2026-07-18,Alberto Montes,Tommy McMillen,alberto montes,tommy mcmillen,"('alberto montes', 'tommy mcmillen')",2,0.5184210526315789,2.2,historical_import_fallback,44,BetMGM;BetOnline.ag;BetRivers;BetUS;DraftKings;FanDuel,us,NaT,pair_not_found,
,2026-07-18,Alden Coria,Stewart Nicoll,alden coria,stewart nicoll,"('alden coria', 'stewart nicoll')",1,0.8757062146892656,1.12,historical_import_fallback,50,BetMGM;BetOnline.ag;BetRivers;BetUS;DraftKings;FanDuel,us,NaT,pair_not_found,
,2026-07-18,Chase Hooper,Mitch Ramirez,chase hooper,mitch ramirez,"('chase hooper', 'mitch ramirez')",1,0.723487942876161,1.33,historical_import_fallback,12,BetOnline.ag;BetUS;DraftKings;FanDuel,us,NaT,pair_not_found,
,2026-07-18,Christian Leroy Duncan,Jared Cannonier,christian leroy duncan,jared cannonier,"('christian leroy duncan', 'jared cannonier')",1,0.7058136348223534,1.37,historical_import_fallback,12,BetOnline.ag;BetUS;DraftKings;FanDuel,us,NaT,pair_not_found,
,2026-07-18,Jacobe Smith,Kevin Holland,jacobe smith,kevin holland,"('jacobe smith', 'kevin holland')",1,0.6393284247593349,1.59,historical_import_fallback,4,BetOnline.ag;BetUS;DraftKings,us,NaT,pair_not_found,
,2027-07-11,Conor McGregor,Paddy Pimblett,conor mcgregor,paddy pimblett,"('conor mcgregor', 'paddy pimblett')",2,0.579345088161209,1.67,historical_import_fallback,40,BetOnline.ag,us,NaT,pair_not_found,
,2026-07-11,Henry Cejudo,Merab Dvalishvili,henry cejudo,merab dvalishvili,"('henry cejudo', 'merab dvalishvili')",1,0.6480182926829269,1.45,historical_import_fallback,2,BetOnline.ag,us,NaT,date_diff_gt_2,-875.0
,2026-07-18,Austin Bashi,Jose Delgado,austin bashi,jose delgado,"('austin bashi', 'jose delgado')",2,0.5105820105820105,2.15,historical_import_fallback,49,BetMGM;BetOnline.ag;BetRivers;BetUS;DraftKings;FanDuel,us,NaT,pair_not_found,
,2026-07-18,Jean-Paul Lebosnoyani,Seok Hyun Ko,jean paul lebosnoyani,seok hyun ko,"('jean paul lebosnoyani', 'seok hyun ko')",2,0.6428571428571428,1.59,historical_import_fallback,38,BetMGM;BetOnline.ag;BetRivers;BetUS;DraftKings;FanDuel,us,NaT,pair_not_found,
,2026-07-19,Chase Hooper,Mitch Ramirez,chase hooper,mitch ramirez,"('chase hooper', 'mitch ramirez')",1,0.7490272373540856,1.33,historical_import_fallback,41,BetMGM;BetOnline.ag;BetRivers;BetUS;DraftKings;FanDuel,us,NaT,pair_not_found,
,2026-07-19,Christian Leroy Duncan,Jared Cannonier,christian leroy duncan,jared cannonier,"('christian leroy duncan', 'jared cannonier')",1,0.741869918699187,1.34,historical_import_fallback,41,BetMGM;BetOnline.ag;BetRivers;BetUS;DraftKings;FanDuel,us,NaT,pair_not_found,
,2027-01-01,Max Holloway,Paddy Pimblett,max holloway,paddy pimblett,"('max holloway', 'paddy pimblett')",1,0.6204379562043796,1.56,historical_import_fallback,36,BetOnline.ag,us,NaT,pair_not_found,
,2026-07-18,Anna Melisano,Dione Barbosa,anna melisano,dione barbosa,"('anna melisano', 'dione barbosa')",2,0.8177570093457944,1.22,historical_import_fallback,29,BetMGM;BetOnline.ag;BetRivers;BetUS;DraftKings;FanDuel,us,NaT,pair_not_found,
,2026-07-18,Alvin Hines,RJ Harris,alvin hines,rj harris,"('alvin hines', 'rj harris')",1,0.5602094240837696,1.87,historical_import_fallback,29,BetMGM;BetOnline.ag;BetRivers;BetUS;DraftKings;FanDuel,us,NaT,pair_not_found,
,2026-07-18,Adam Niedzwiedz,Mateusz Pawlik,adam niedzwiedz,mateusz pawlik,"('adam niedzwiedz', 'mateusz pawlik')",2,0.5284552845528454,1.74,historical_import_fallback,3,BetOnline.ag,us,NaT,pair_not_found,
,2026-07-18,Artur Szpilka,Augusto Sakai,artur szpilka,augusto sakai,"('artur szpilka', 'augusto sakai')",1,0.5,1.87,historical_import_fallback,4,BetOnline.ag,us,NaT,pair_not_found,
,2026-07-18,Bartosz Kurek,Laid Zerhouni,bartosz kurek,laid zerhouni,"('bartosz kurek', 'laid zerhouni')",1,0.5306383847198666,1.83,historical_import_fallback,4,BetOnline.ag,us,NaT,pair_not_found,
,2026-07-18,Grzegorz Stabach,Przemyslaw Gorny,grzegorz stabach,przemyslaw gorny,"('grzegorz stabach', 'przemyslaw gorny')",1,0.557029177718833,1.67,historical_import_fallback,3,BetOnline.ag,us,NaT,pair_not_found,
,2026-07-18,Ibragim Chuzhigaev,Maciej Rozanski,ibragim chuzhigaev,maciej rozanski,"('ibragim chuzhigaev', 'maciej rozanski')",1,0.625,1.62,historical_import_fallback,3,BetOnline.ag,us,NaT,pair_not_found,
,2026-07-18,Andrea Bicchi,Leonardo Damiani,andrea bicchi,leonardo damiani,"('andrea bicchi', 'leonardo damiani')",2,0.625,1.53,historical_import_fallback,4,BetOnline.ag,us,NaT,pair_not_found,
,2026-07-18,Arbi Chakaev,Dominik Herold,arbi chakaev,dominik herold,"('arbi chakaev', 'dominik herold')",2,0.7158590308370043,1.33,historical_import_fallback,4,BetOnline.ag,us,NaT,pair_not_found,
,2026-07-18,Ernesto Papa,Jindrich Byrtus,ernesto papa,jindrich byrtus,"('ernesto papa', 'jindrich byrtus')",2,0.5570291777188329,1.83,historical_import_fallback,4,BetOnline.ag,us,NaT,pair_not_found,
,2026-07-18,Tomas Melis,Toni Estorer,tomas melis,toni estorer,"('tomas melis', 'toni estorer')",2,0.5570291777188329,2.15,historical_import_fallback,4,BetOnline.ag,us,NaT,pair_not_found,
,2026-07-18,Aleksandra Savicheva,Andrea Vazquez,aleksandra savicheva,andrea vazquez,"('aleksandra savicheva', 'andrea vazquez')",1,0.7549019607843138,1.26,historical_import_fallback,8,BetOnline.ag;FanDuel,us,NaT,pair_not_found,
,2026-07-18,Biaggio Ali Walsh,Gamid Khizriev,biaggio ali walsh,gamid khizriev,"('biaggio ali walsh', 'gamid khizriev')",2,0.7748412619261328,1.25,historical_import_fallback,8,BetOnline.ag;FanDuel,us,NaT,pair_not_found,
,2026-07-18,Caolan Loughran,Julio Arce,caolan loughran,julio arce,"('caolan loughran', 'julio arce')",2,0.5875,1.88,historical_import_fallback,6,BetOnline.ag;FanDuel,us,NaT,pair_not_found,
,2026-07-18,Impa Kasanganay,Johnny Eblen,impa kasanganay,johnny eblen,"('impa kasanganay', 'johnny eblen')",2,0.8197312178511917,1.21,historical_import_fallback,6,BetOnline.ag;FanDuel,us,NaT,pair_not_found,
,2026-07-18,Lewis McGrillen,Rafael do Nascimento,lewis mcgrillen,rafael do nascimento,"('lewis mcgrillen', 'rafael do nascimento')",1,0.7142857142857143,1.34,historical_import_fallback,6,BetOnline.ag;FanDuel,us,NaT,pair_not_found,
,2026-07-19,Arman Tsarukyan,Colby Covington,arman tsarukyan,colby covington,"('arman tsarukyan', 'colby covington')",1,0.8264716726066117,1.2,historical_import_fallback,4,BetOnline.ag,us,NaT,pair_not_found,
,2026-07-19,Clay Guida,Frankie Edgar,clay guida,frankie edgar,"('clay guida', 'frankie edgar')",2,0.7456846341205126,1.36,historical_import_fallback,4,BetOnline.ag,us,NaT,pair_not_found,
,2026-07-18,Adam Niedźwiedź,Mateusz Pawlik,adam nied wied,mateusz pawlik,"('adam nied wied', 'mateusz pawlik')",2,0.5243243243243243,1.76,historical_import_fallback,3,Grosvenor,uk,NaT,pair_not_found,
,2026-07-18,Edgars Skrīvers,Sebastian Przybysz,edgars skr vers,sebastian przybysz,"('edgars skr vers', 'sebastian przybysz')",2,0.7662835249042146,1.22,historical_import_fallback,3,Grosvenor,uk,NaT,pair_not_found,
,2026-07-18,Bartosz Leśko,Rafał Haratyk,bartosz le ko,rafa haratyk,"('bartosz le ko', 'rafa haratyk')",2,0.5922077922077922,1.77,historical_import_fallback,3,Grosvenor,uk,NaT,pair_not_found,
,2026-07-18,Ezra Elliott,Megan Anderson,ezra elliott,megan anderson,"('ezra elliott', 'megan anderson')",2,0.5826993428081194,1.65,historical_import_fallback,2,BetRivers;DraftKings,us,NaT,pair_not_found,
,2026-07-18,Ashley Thiner,Mia Grawe,ashley thiner,mia grawe,"('ashley thiner', 'mia grawe')",1,0.7065250780958322,1.38,historical_import_fallback,6,BetOnline.ag;FanDuel,us,NaT,pair_not_found,
,2026-07-18,Borena Tsertsvadze,Victoria Alba,borena tsertsvadze,victoria alba,"('borena tsertsvadze', 'victoria alba')",1,0.682648401826484,1.5,historical_import_fallback,6,BetOnline.ag;FanDuel,us,NaT,pair_not_found,
,2026-07-18,Jackson Glass,Zak Flessas,jackson glass,zak flessas,"('jackson glass', 'zak flessas')",1,0.902404542790989,1.07,historical_import_fallback,6,BetOnline.ag;FanDuel,us,NaT,pair_not_found,
,2026-07-18,Jesus Pinedo,Levy Saul Marroquin,jesus pinedo,levy saul marroquin,"('jesus pinedo', 'levy saul marroquin')",1,0.7867132867132867,1.22,historical_import_fallback,1,BetOnline.ag,us,NaT,pair_not_found,
,2026-07-25,Axel Sola,Ismael Bonfim,axel sola,ismael bonfim,"('axel sola', 'ismael bonfim')",1,0.6394230769230769,1.5,historical_import_fallback,10,BetOnline.ag;BetRivers;BetUS;FanDuel,us,NaT,pair_not_found,
,2026-07-25,Bogdan Guskov,Magomed Ankalaev,bogdan guskov,magomed ankalaev,"('bogdan guskov', 'magomed ankalaev')",2,0.788046146293569,1.22,historical_import_fallback,10,BetOnline.ag;BetRivers;BetUS;FanDuel,us,NaT,pair_not_found,
,2026-07-25,Islam Dulatov,Wellington Turman,islam dulatov,wellington turman,"('islam dulatov', 'wellington turman')",1,0.8403361344537814,1.14,historical_import_fallback,10,BetOnline.ag;BetRivers;BetUS;FanDuel,us,NaT,pair_not_found,
,2026-07-25,Mike Davis,Nurullo Aliev,mike davis,nurullo aliev,"('mike davis', 'nurullo aliev')",2,0.5750636132315522,1.71,historical_import_fallback,10,BetOnline.ag;BetRivers;BetUS;FanDuel,us,NaT,pair_not_found,
,2026-07-25,Ramazonbek Temirov,Stephen Erceg,ramazonbek temirov,stephen erceg,"('ramazonbek temirov', 'stephen erceg')",2,0.5426356589147288,1.77,historical_import_fallback,9,BetOnline.ag;BetRivers;BetUS;FanDuel,us,NaT,pair_not_found,
,2026-07-25,Rizvan Kuniev,Tyrell Fortune,rizvan kuniev,tyrell fortune,"('rizvan kuniev', 'tyrell fortune')",1,0.7096568280532312,1.36,historical_import_fallback,10,BetOnline.ag;BetRivers;BetUS;FanDuel,us,NaT,pair_not_found,
,2026-07-25,Sam Patterson,Santiago Ponzinibbio,sam patterson,santiago ponzinibbio,"('sam patterson', 'santiago ponzinibbio')",1,0.7739287091327298,1.24,historical_import_fallback,10,BetOnline.ag;BetRivers;BetUS;FanDuel,us,NaT,pair_not_found,
,2026-07-25,Thomas Petersen,Valter Walker,thomas petersen,valter walker,"('thomas petersen', 'valter walker')",2,0.7066381156316917,1.39,historical_import_fallback,10,BetOnline.ag;BetRivers;BetUS;FanDuel,us,NaT,pair_not_found,
,2026-07-18,Laura Grzyb,Rayla Nascimento,laura grzyb,rayla nascimento,"('laura grzyb', 'rayla nascimento')",1,0.6511056511056511,1.42,historical_import_fallback,1,BetOnline.ag,us,NaT,pair_not_found,
,2026-07-18,Mateusz Balko,Oskar Stachura,mateusz balko,oskar stachura,"('mateusz balko', 'oskar stachura')",2,0.5570291777188329,1.67,historical_import_fallback,1,BetOnline.ag,us,NaT,pair_not_found,
,2026-07-18,Damien Anderson,Ezra Elliott,damien anderson,ezra elliott,"('damien anderson', 'ezra elliott')",1,0.5324675324675325,1.83,historical_import_fallback,9,BetMGM;BetRivers;BetUS;DraftKings;FanDuel,us,NaT,pair_not_found,
,2026-07-19,Jesus Pinedo,Levy Saul Marroquin,jesus pinedo,levy saul marroquin,"('jesus pinedo', 'levy saul marroquin')",1,0.7578740157480315,1.23,historical_import_fallback,1,Grosvenor,uk,NaT,pair_not_found,
,2026-07-19,Fatima Kline,Tabatha Ricci,fatima kline,tabatha ricci,"('fatima kline', 'tabatha ricci')",1,0.7952622673434856,1.23,historical_import_fallback,11,BetMGM;BetOnline.ag;BetRivers;BetUS;DraftKings;FanDuel,us,NaT,pair_not_found,
,2026-07-25,Damian Rzepecki,Magomed Zaynukov,damian rzepecki,magomed zaynukov,"('damian rzepecki', 'magomed zaynukov')",2,0.7409349593495935,1.3,historical_import_fallback,8,BetOnline.ag;BetRivers;BetUS;FanDuel,us,NaT,pair_not_found,
,2026-07-19,Alberto Montes,Tommy McMillen,alberto montes,tommy mcmillen,"('alberto montes', 'tommy mcmillen')",2,0.6049634576924027,1.59,historical_import_fallback,6,BetMGM;BetOnline.ag;BetRivers;BetUS;DraftKings;FanDuel,us,NaT,pair_not_found,
,2026-07-19,Caolan Loughran,Julio Arce,caolan loughran,julio arce,"('caolan loughran', 'julio arce')",2,0.599502487562189,1.62,historical_import_fallback,2,BetOnline.ag;FanDuel,us,NaT,pair_not_found,
,2026-07-19,Lewis McGrillen,Rafael do Nascimento,lewis mcgrillen,rafael do nascimento,"('lewis mcgrillen', 'rafael do nascimento')",1,0.7399739973997399,1.3,historical_import_fallback,2,BetOnline.ag;FanDuel,us,NaT,pair_not_found,
,2026-07-19,Impa Kasanganay,Johnny Eblen,impa kasanganay,johnny eblen,"('impa kasanganay', 'johnny eblen')",2,0.8230796881048499,1.17,historical_import_fallback,2,BetOnline.ag;FanDuel,us,NaT,pair_not_found,
,2026-07-25,Brendson Ribeiro,Magomed Tuchalov,brendson ribeiro,magomed tuchalov,"('brendson ribeiro', 'magomed tuchalov')",2,0.8177570093457944,1.17,historical_import_fallback,4,BetOnline.ag;BetRivers;BetUS;FanDuel,us,NaT,pair_not_found,
,2026-07-25,Abdul Hussein,Cody Gibson,abdul hussein,cody gibson,"('abdul hussein', 'cody gibson')",1,0.7619047619047619,1.25,historical_import_fallback,3,BetOnline.ag;BetUS;FanDuel,us,NaT,pair_not_found,
,2026-08-01,Borislav Nikolić,Mark Vologdin,borislav nikoli,mark vologdin,"('borislav nikoli', 'mark vologdin')",1,0.8256880733944955,1.5,historical_import_fallback,5,BetOnline.ag;BetRivers;BetUS;DraftKings;FanDuel,us,NaT,pair_not_found,
,2026-08-01,Ivan Klevets,Kevin Enz,ivan klevets,kevin enz,"('ivan klevets', 'kevin enz')",1,0.6297229219143576,1.47,historical_import_fallback,1,Grosvenor,uk,NaT,pair_not_found,
,2026-08-01,Michael Oliveira,Oban Elliott,michael oliveira,oban elliott,"('michael oliveira', 'oban elliott')",1,0.7597347782483532,1.27,historical_import_fallback,6,BetMGM;BetOnline.ag;BetRivers;BetUS;DraftKings;FanDuel,us,NaT,pair_not_found,
,2026-08-01,Daniel Schwindt,David Hosek,daniel schwindt,david hosek,"('daniel schwindt', 'david hosek')",1,0.5905511811023622,1.56,historical_import_fallback,1,Grosvenor,uk,NaT,pair_not_found,
,2026-08-01,David Kozma,David Zawada,david kozma,david zawada,"('david kozma', 'david zawada')",1,0.6477832512315271,1.43,historical_import_fallback,1,Grosvenor,uk,NaT,pair_not_found,
,2026-08-01,Firas Daud,Jakub Tichota,firas daud,jakub tichota,"('firas daud', 'jakub tichota')",1,0.5202156334231806,1.78,historical_import_fallback,1,Grosvenor,uk,NaT,pair_not_found,
,2026-08-01,Hafeni Nafuka,Tomáš Mudroch,hafeni nafuka,tom mudroch,"('hafeni nafuka', 'tom mudroch')",1,0.5401069518716577,1.72,historical_import_fallback,1,Grosvenor,uk,NaT,pair_not_found,
,2026-08-01,Harun Kurt,Roman Paulus,harun kurt,roman paulus,"('harun kurt', 'roman paulus')",2,0.508108108108108,1.82,historical_import_fallback,1,Grosvenor,uk,NaT,pair_not_found,
,2026-08-01,Jakub Batfalsky,Vojtěch Kohl,jakub batfalsky,vojt ch kohl,"('jakub batfalsky', 'vojt ch kohl')",1,0.6698564593301435,1.38,historical_import_fallback,1,Grosvenor,uk,NaT,pair_not_found,
,2026-08-01,Miroslav Broz,Rafael Aronov,miroslav broz,rafael aronov,"('miroslav broz', 'rafael aronov')",2,0.508108108108108,1.82,historical_import_fallback,1,Grosvenor,uk,NaT,pair_not_found,
,2026-08-01,L'udovit Klein,Tofiq Musayev,l udovit klein,tofiq musayev,"('l udovit klein', 'tofiq musayev')",1,0.6932376747608535,1.39,historical_import_fallback,6,BetMGM;BetOnline.ag;BetRivers;BetUS;DraftKings;FanDuel,us,NaT,pair_not_found,
,2026-08-01,Miloš Janičić,Noah Gugnon,milo jani i,noah gugnon,"('milo jani i', 'noah gugnon')",1,0.5194805194805195,1.85,historical_import_fallback,5,BetOnline.ag;BetRivers;BetUS;DraftKings;FanDuel,us,NaT,pair_not_found,
,2026-08-01,Makhmud Muradov,Will Fleury,makhmud muradov,will fleury,"('makhmud muradov', 'will fleury')",2,0.59375,1.56,historical_import_fallback,1,Grosvenor,uk,NaT,pair_not_found,
,2026-08-01,Gilbert Urbina,Vlasto Cepo,gilbert urbina,vlasto cepo,"('gilbert urbina', 'vlasto cepo')",2,0.7407414829659319,1.3,historical_import_fallback,6,BetMGM;BetOnline.ag;BetRivers;BetUS;DraftKings;FanDuel,us,NaT,pair_not_found,
,2026-08-01,Lucia Szabová,Lucie Pudilova,lucia szabov,lucie pudilova,"('lucia szabov', 'lucie pudilova')",1,0.7763401109057302,1.21,historical_import_fallback,1,Grosvenor,uk,NaT,pair_not_found,
,2026-08-01,Dusko Todorovic,Robert Valentin,dusko todorovic,robert valentin,"('dusko todorovic', 'robert valentin')",2,0.5985074626865672,1.62,historical_import_fallback,6,BetMGM;BetOnline.ag;BetRivers;BetUS;DraftKings;FanDuel,us,NaT,pair_not_found,
,2026-08-01,Aleksandar Rakic,Marcin Tybura,aleksandar rakic,marcin tybura,"('aleksandar rakic', 'marcin tybura')",1,0.7663551401869159,1.27,historical_import_fallback,6,BetMGM;BetOnline.ag;BetRivers;BetUS;DraftKings;FanDuel,us,NaT,pair_not_found,
,2026-08-01,Jan Blachowicz,Navajo Stirling,jan blachowicz,navajo stirling,"('jan blachowicz', 'navajo stirling')",2,0.7331975560081465,1.33,historical_import_fallback,6,BetMGM;BetOnline.ag;BetRivers;BetUS;DraftKings;FanDuel,us,NaT,pair_not_found,
,2026-08-01,Daniel Rodriguez,Uros Medic,daniel rodriguez,uros medic,"('daniel rodriguez', 'uros medic')",2,0.7604562737642585,1.27,historical_import_fallback,5,BetMGM;BetOnline.ag;BetUS;DraftKings;FanDuel,us,NaT,pair_not_found,
,2026-08-08,Jose Montanha,Louie Sutherland,jose montanha,louie sutherland,"('jose montanha', 'louie sutherland')",2,0.6125,1.65,historical_import_fallback,37,BetMGM;BetOnline.ag;BetRivers;BetUS;DraftKings;FanDuel,us,NaT,pair_not_found,
,2026-08-09,Alexia Thainara,Amanda Lemos,alexia thainara,amanda lemos,"('alexia thainara', 'amanda lemos')",1,0.6849315068493151,1.43,historical_import_fallback,45,BetMGM;BetOnline.ag;BetRivers;BetUS;DraftKings;FanDuel,us,NaT,pair_not_found,
,2026-08-09,Billy Goff,Ty Miller,billy goff,ty miller,"('billy goff', 'ty miller')",2,0.7551003060183611,1.35,historical_import_fallback,44,BetMGM;BetOnline.ag;BetRivers;BetUS;DraftKings;FanDuel,us,NaT,pair_not_found,
,2026-08-09,Billy Quarantillo,Carlos Diego Ferreira,billy quarantillo,carlos diego ferreira,"('billy quarantillo', 'carlos diego ferreira')",2,0.6034912718204488,1.62,historical_import_fallback,39,BetOnline.ag;BetRivers;BetUS;DraftKings;FanDuel,us,NaT,pair_not_found,
,2026-08-09,Bruno Lopes,Diyar Nurgozhay,bruno lopes,diyar nurgozhay,"('bruno lopes', 'diyar nurgozhay')",2,0.5772043506963807,1.71,historical_import_fallback,26,BetMGM;BetOnline.ag;BetRivers;BetUS;DraftKings;FanDuel,us,NaT,pair_not_found,
,2026-08-09,Darren Elkins,Yadier DelValle,darren elkins,yadier delvalle,"('darren elkins', 'yadier delvalle')",2,0.8426057403570847,1.15,historical_import_fallback,38,BetOnline.ag;BetRivers;BetUS;DraftKings;FanDuel,us,NaT,pair_not_found,
,2026-08-09,Guilherme Pat,Steven Asplund,guilherme pat,steven asplund,"('guilherme pat', 'steven asplund')",2,0.7008719364234874,1.43,historical_import_fallback,28,BetMGM;BetOnline.ag;BetRivers;BetUS;DraftKings;FanDuel,us,NaT,pair_not_found,
,2026-08-09,Juliana Miller,Ravena Oliveira,juliana miller,ravena oliveira,"('juliana miller', 'ravena oliveira')",1,0.695364238410596,1.43,historical_import_fallback,28,BetMGM;BetOnline.ag;BetRivers;BetUS;DraftKings;FanDuel,us,NaT,pair_not_found,
,2026-08-09,Mateusz Gamrot,Quillan Salkilld,mateusz gamrot,quillan salkilld,"('mateusz gamrot', 'quillan salkilld')",2,0.5641025641025641,1.77,historical_import_fallback,45,BetMGM;BetOnline.ag;BetRivers;BetUS;DraftKings;FanDuel,us,NaT,pair_not_found,
,2026-09-26,Darren Till,Yoel Romero,darren till,yoel romero,"('darren till', 'yoel romero')",1,0.606060606060606,1.57,historical_import_fallback,29,BetOnline.ag,us,NaT,pair_not_found,
,2027-08-01,Carlos Ulberg,Magomed Ankalaev,carlos ulberg,magomed ankalaev,"('carlos ulberg', 'magomed ankalaev')",2,0.6339712918660287,1.56,historical_import_fallback,29,BetOnline.ag,us,NaT,pair_not_found,
,2027-08-01,Jiri Prochazka,Magomed Ankalaev,jiri prochazka,magomed ankalaev,"('jiri prochazka', 'magomed ankalaev')",2,0.6462264150943396,1.5,historical_import_fallback,29,BetOnline.ag,us,NaT,pair_not_found,
,2026-08-09,Manoel Sousa,Richie Miranda,manoel sousa,richie miranda,"('manoel sousa', 'richie miranda')",1,0.6904231625835189,1.4,historical_import_fallback,18,BetMGM;BetOnline.ag;BetRivers;BetUS;DraftKings;FanDuel,us,NaT,pair_not_found,
,2026-08-08,Jessie Rosas,Miles Johns,jessie rosas,miles johns,"('jessie rosas', 'miles johns')",2,0.5889153944020356,1.67,historical_import_fallback,18,BetMGM;BetOnline.ag;BetRivers;BetUS;DraftKings;FanDuel,us,NaT,pair_not_found,
,2026-08-09,Jose Montanha,Louie Sutherland,jose montanha,louie sutherland,"('jose montanha', 'louie sutherland')",2,0.5823763539083909,1.65,historical_import_fallback,6,BetMGM;BetOnline.ag;BetRivers;BetUS;DraftKings;FanDuel,us,NaT,pair_not_found,
,2026-08-16,Charles Johnson,Jose Ochoa,charles johnson,jose ochoa,"('charles johnson', 'jose ochoa')",2,0.7517029686317382,1.31,historical_import_fallback,26,BetMGM;BetOnline.ag;BetRivers;DraftKings;FanDuel,us,NaT,pair_not_found,
,2026-08-16,Donte Johnson,Eric McConico,donte johnson,eric mcconico,"('donte johnson', 'eric mcconico')",1,0.6781609195402298,1.48,historical_import_fallback,33,BetMGM;BetOnline.ag;BetRivers;DraftKings;FanDuel,us,NaT,pair_not_found,
,2026-08-16,Dustin Stoltzfus,Mansur Abdul-Malik,dustin stoltzfus,mansur abdul malik,"('dustin stoltzfus', 'mansur abdul malik')",2,0.8176100628930818,1.19,historical_import_fallback,41,BetOnline.ag;BetRivers;DraftKings;FanDuel,us,NaT,pair_not_found,
,2026-08-16,Edson Barboza,Esteban Ribovics,edson barboza,esteban ribovics,"('edson barboza', 'esteban ribovics')",2,0.8026057064860164,1.25,historical_import_fallback,48,BetMGM;BetOnline.ag;BetRivers;DraftKings;FanDuel,us,NaT,pair_not_found,
,2026-08-16,Jalin Turner,Kauê Fernandes,jalin turner,kau fernandes,"('jalin turner', 'kau fernandes')",1,0.59,1.91,historical_import_fallback,41,BetOnline.ag;BetRivers;DraftKings;FanDuel,us,NaT,pair_not_found,
,2026-08-16,Jeremiah Wells,Myktybek Orolbai,jeremiah wells,myktybek orolbai,"('jeremiah wells', 'myktybek orolbai')",2,0.8235294117647058,1.18,historical_import_fallback,33,BetMGM;BetOnline.ag;BetRivers;DraftKings;FanDuel,us,NaT,pair_not_found,
,2026-08-16,Lucas Fernando,Rafael Tobias,lucas fernando,rafael tobias,"('lucas fernando', 'rafael tobias')",1,0.695067264573991,1.53,historical_import_fallback,32,BetMGM;BetOnline.ag;BetRivers;DraftKings;FanDuel,us,NaT,pair_not_found,
,2026-08-16,Neil Magny,Ramiz Brahimaj,neil magny,ramiz brahimaj,"('neil magny', 'ramiz brahimaj')",1,0.5,2.2,historical_import_fallback,33,BetMGM;BetOnline.ag;BetRivers;DraftKings;FanDuel,us,NaT,pair_not_found,
,2026-08-16,Tresean Gore,Vicente Luque,tresean gore,vicente luque,"('tresean gore', 'vicente luque')",1,0.5526992287917738,1.87,historical_import_fallback,33,BetMGM;BetOnline.ag;BetRivers;DraftKings;FanDuel,us,NaT,pair_not_found,
,2026-08-08,Aaron Jeffery,Joshua Silveira,aaron jeffery,joshua silveira,"('aaron jeffery', 'joshua silveira')",1,0.6213444671392527,1.61,historical_import_fallback,6,BetOnline.ag;FanDuel,us,NaT,pair_not_found,
,2026-08-08,Brandon Lewis,Lewis McGrillen,brandon lewis,lewis mcgrillen,"('brandon lewis', 'lewis mcgrillen')",2,0.8647990255785627,1.17,historical_import_fallback,5,BetMGM;BetOnline.ag;FanDuel,us,NaT,pair_not_found,
,2026-08-08,Bruno Cappelozza,Valentin Moldavsky,bruno cappelozza,valentin moldavsky,"('bruno cappelozza', 'valentin moldavsky')",2,0.7616867443601916,1.27,historical_import_fallback,2,BetOnline.ag;FanDuel,us,NaT,pair_not_found,
,2026-08-08,Bryan Battle,Dalton Rosta,bryan battle,dalton rosta,"('bryan battle', 'dalton rosta')",1,0.5725227908422252,1.74,historical_import_fallback,6,BetMGM;BetOnline.ag;FanDuel,us,NaT,pair_not_found,
,2026-08-08,Cheyanne Bowers,Elora Dana,cheyanne bowers,elora dana,"('cheyanne bowers', 'elora dana')",1,0.7465618860510805,1.29,historical_import_fallback,7,BetMGM;BetOnline.ag;FanDuel,us,NaT,pair_not_found,
,2026-08-08,Cheyden Leialoha,Robbie Ring,cheyden leialoha,robbie ring,"('cheyden leialoha', 'robbie ring')",1,0.6919642857142858,1.61,historical_import_fallback,7,BetMGM;BetOnline.ag;FanDuel,us,NaT,pair_not_found,
,2026-08-08,Dovletdzhan Yagshimuradov,Simeon Powell,dovletdzhan yagshimuradov,simeon powell,"('dovletdzhan yagshimuradov', 'simeon powell')",1,0.6222760290556901,1.62,historical_import_fallback,6,BetOnline.ag;FanDuel,us,NaT,pair_not_found,
,2026-08-08,Eduardo Neves,Maxwell Djantou Nana,eduardo neves,maxwell djantou nana,"('eduardo neves', 'maxwell djantou nana')",2,0.5474022459748342,1.74,historical_import_fallback,2,BetOnline.ag;FanDuel,us,NaT,pair_not_found,
,2026-08-08,Jhony Gregory,Josh Fremd,jhony gregory,josh fremd,"('jhony gregory', 'josh fremd')",2,0.7677902621722846,1.29,historical_import_fallback,7,BetMGM;BetOnline.ag;FanDuel,us,NaT,pair_not_found,
,2026-08-16,Chidi Njokuani,Joel Alvarez,chidi njokuani,joel alvarez,"('chidi njokuani', 'joel alvarez')",2,0.6984478935698448,1.44,historical_import_fallback,47,BetMGM;BetOnline.ag;BetRivers;DraftKings;FanDuel,us,NaT,pair_not_found,
,2026-09-13,Jean Silva,Yair Rodriguez,jean silva,yair rodriguez,"('jean silva', 'yair rodriguez')",1,0.7470119521912351,1.33,historical_import_fallback,32,BetOnline.ag;BetRivers;BetUS;DraftKings,us,NaT,pair_not_found,
,2026-08-07,Denis Goltsov,Hasan Mezhiev,denis goltsov,hasan mezhiev,"('denis goltsov', 'hasan mezhiev')",1,0.7595374669944459,1.27,historical_import_fallback,2,BetOnline.ag;FanDuel,us,NaT,pair_not_found,
,2026-08-07,Brandon Lewis,Lewis McGrillen,brandon lewis,lewis mcgrillen,"('brandon lewis', 'lewis mcgrillen')",2,0.8582665910819754,1.12,historical_import_fallback,2,BetOnline.ag;FanDuel,us,NaT,pair_not_found,
,2026-08-07,Trey Waters,Trukon Carson,trey waters,trukon carson,"('trey waters', 'trukon carson')",1,0.6727688787185355,1.43,historical_import_fallback,5,BetMGM;BetOnline.ag;FanDuel,us,NaT,pair_not_found,
,2026-08-07,Eduardo Neves,Maxwell Djantou Nana,eduardo neves,maxwell djantou nana,"('eduardo neves', 'maxwell djantou nana')",2,0.579345088161209,1.69,historical_import_fallback,5,BetMGM;BetOnline.ag;FanDuel,us,NaT,pair_not_found,
,2026-08-07,Jonathan Martin,Wilson Lopshire,jonathan martin,wilson lopshire,"('jonathan martin', 'wilson lopshire')",1,0.5526992287917738,1.74,historical_import_fallback,5,BetMGM;BetOnline.ag;FanDuel,us,NaT,pair_not_found,
,2026-08-07,Bruno Cappelozza,Valentin Moldavsky,bruno cappelozza,valentin moldavsky,"('bruno cappelozza', 'valentin moldavsky')",2,0.7931034482758621,1.25,historical_import_fallback,5,BetMGM;BetOnline.ag;FanDuel,us,NaT,pair_not_found,
,2026-08-08,Landry Ward,Michael Boylan,landry ward,michael boylan,"('landry ward', 'michael boylan')",1,0.7203389830508474,1.34,historical_import_fallback,5,BetMGM;BetOnline.ag;FanDuel,us,NaT,pair_not_found,
,2026-08-08,Carol Foro,Giovanna Canuto,carol foro,giovanna canuto,"('carol foro', 'giovanna canuto')",1,0.700218818380744,1.45,historical_import_fallback,13,BetOnline.ag;BetRivers;BetUS;DraftKings;FanDuel,us,NaT,pair_not_found,
,2026-08-08,Juliana Miller,Ravena Oliveira,juliana miller,ravena oliveira,"('juliana miller', 'ravena oliveira')",1,0.7240663900414936,1.34,historical_import_fallback,17,BetMGM;BetOnline.ag;BetRivers;BetUS;DraftKings;FanDuel,us,NaT,pair_not_found,
,2026-08-08,Manoel Sousa,Richie Miranda,manoel sousa,richie miranda,"('manoel sousa', 'richie miranda')",1,0.7240663900414936,1.36,historical_import_fallback,17,BetMGM;BetOnline.ag;BetRivers;BetUS;DraftKings;FanDuel,us,NaT,pair_not_found,
,2026-08-08,Bruno Lopes,Diyar Nurgozhay,bruno lopes,diyar nurgozhay,"('bruno lopes', 'diyar nurgozhay')",2,0.5822784810126582,1.74,historical_import_fallback,17,BetMGM;BetOnline.ag;BetRivers;BetUS;DraftKings;FanDuel,us,NaT,pair_not_found,
,2026-08-08,Guilherme Pat,Steven Asplund,guilherme pat,steven asplund,"('guilherme pat', 'steven asplund')",2,0.7188160676532769,1.35,historical_import_fallback,17,BetMGM;BetOnline.ag;BetRivers;BetUS;DraftKings;FanDuel,us,NaT,pair_not_found,
,2026-09-10,Alexandre Pantoja,Joshua Van,alexandre pantoja,joshua van,"('alexandre pantoja', 'joshua van')",2,0.5221932114882506,1.83,historical_import_fallback,6,BetOnline.ag,us,NaT,date_diff_gt_2,-278.0
,2026-09-10,Arman Tsarukyan,Mauricio Ruffy,arman tsarukyan,mauricio ruffy,"('arman tsarukyan', 'mauricio ruffy')",1,0.7618147448015122,1.27,historical_import_fallback,14,BetOnline.ag,us,NaT,pair_not_found,
,2026-09-10,Robelis Despaigne,Tai Tuivasa,robelis despaigne,tai tuivasa,"('robelis despaigne', 'tai tuivasa')",1,0.79421768707483,1.21,historical_import_fallback,14,BetOnline.ag,us,NaT,pair_not_found,
,2026-09-20,Gable Steveson,Sean Sharaf,gable steveson,sean sharaf,"('gable steveson', 'sean sharaf')",1,0.8881922675026124,1.09,historical_import_fallback,84,BetOnline.ag;BetRivers;DraftKings;FanDuel,us,NaT,pair_not_found,
,2026-09-20,Robelis Despaigne,Tai Tuivasa,robelis despaigne,tai tuivasa,"('robelis despaigne', 'tai tuivasa')",1,0.7999999999999999,1.2,historical_import_fallback,34,BetOnline.ag;BetRivers;DraftKings;FanDuel,us,NaT,pair_not_found,
,2026-09-20,Arman Tsarukyan,Mauricio Ruffy,arman tsarukyan,mauricio ruffy,"('arman tsarukyan', 'mauricio ruffy')",1,0.7509881422924901,1.31,historical_import_fallback,71,BetOnline.ag;BetRivers;DraftKings;FanDuel,us,NaT,pair_not_found,
,2026-09-20,Alexandre Pantoja,Joshua Van,alexandre pantoja,joshua van,"('alexandre pantoja', 'joshua van')",2,0.5145888594164456,1.98,historical_import_fallback,87,BetOnline.ag;BetRivers;DraftKings;FanDuel,us,NaT,date_diff_gt_2,-288.0
,2026-08-08,Denis Goltsov,Hasan Mezhiev,denis goltsov,hasan mezhiev,"('denis goltsov', 'hasan mezhiev')",1,0.7931034482758621,1.22,historical_import_fallback,3,BetMGM;BetOnline.ag;FanDuel,us,NaT,pair_not_found,
,2026-08-08,Gianni Vazquez,Miles Johns,gianni vazquez,miles johns,"('gianni vazquez', 'miles johns')",2,0.6176470588235294,1.62,historical_import_fallback,7,BetMGM;BetOnline.ag;BetRivers;DraftKings;FanDuel,us,NaT,pair_not_found,
,2026-08-12,Ananias Mulumba,Tom Pagliarulo,ananias mulumba,tom pagliarulo,"('ananias mulumba', 'tom pagliarulo')",1,0.5809294871794872,1.77,historical_import_fallback,6,BetOnline.ag;FanDuel,us,NaT,pair_not_found,
,2026-08-12,Abe Alsaghir,Fabrizio Escarrega,abe alsaghir,fabrizio escarrega,"('abe alsaghir', 'fabrizio escarrega')",2,0.5538461538461539,1.83,historical_import_fallback,5,BetOnline.ag;FanDuel,us,NaT,pair_not_found,
,2026-08-12,Anthony Wint,Matt Adams,anthony wint,matt adams,"('anthony wint', 'matt adams')",1,0.851063829787234,1.12,historical_import_fallback,5,BetOnline.ag;FanDuel,us,NaT,pair_not_found,
,2026-08-12,Bilal Hasan,Mridul Saikia,bilal hasan,mridul saikia,"('bilal hasan', 'mridul saikia')",1,0.9023941068139963,1.06,historical_import_fallback,5,BetOnline.ag;FanDuel,us,NaT,pair_not_found,
,2026-08-12,Jon Kunneman,Joseph Kropschot,jon kunneman,joseph kropschot,"('jon kunneman', 'joseph kropschot')",1,0.7080610021786492,1.46,historical_import_fallback,5,BetOnline.ag;FanDuel,us,NaT,pair_not_found,
,2026-08-23,Anthony Hernandez,Gregory Rodrigues,anthony hernandez,gregory rodrigues,"('anthony hernandez', 'gregory rodrigues')",1,0.6090225563909775,1.65,historical_import_fallback,34,BetMGM;BetOnline.ag;BetRivers;BetUS;DraftKings;FanDuel,us,NaT,pair_not_found,
,2026-08-23,Carli Judice,Jeisla Chaves,carli judice,jeisla chaves,"('carli judice', 'jeisla chaves')",1,0.7912997710147647,1.22,historical_import_fallback,34,BetMGM;BetOnline.ag;BetRivers;BetUS;DraftKings;FanDuel,us,NaT,pair_not_found,
,2026-08-23,Chris Padilla,Nasrat Haqparast,chris padilla,nasrat haqparast,"('chris padilla', 'nasrat haqparast')",2,0.513157894736842,1.88,historical_import_fallback,5,BetOnline.ag;BetRivers;BetUS,us,NaT,pair_not_found,
,2026-08-23,Jackson McVey,Wes Schultz,jackson mcvey,wes schultz,"('jackson mcvey', 'wes schultz')",1,0.6157635467980296,1.6,historical_import_fallback,7,BetOnline.ag;BetRivers;BetUS;DraftKings,us,NaT,pair_not_found,
,2026-08-23,Jamall Emmers,Lerryan Douglas,jamall emmers,lerryan douglas,"('jamall emmers', 'lerryan douglas')",2,0.7460629921259843,1.29,historical_import_fallback,5,BetOnline.ag;BetRivers;BetUS,us,NaT,pair_not_found,
,2026-08-23,Kennedy Nzechukwu,Shamil Gaziev,kennedy nzechukwu,shamil gaziev,"('kennedy nzechukwu', 'shamil gaziev')",2,0.5324675324675324,1.85,historical_import_fallback,21,BetOnline.ag;BetRivers;BetUS;DraftKings;FanDuel,us,NaT,pair_not_found,
,2026-08-23,Marquel Mederos,Mason Jones,marquel mederos,mason jones,"('marquel mederos', 'mason jones')",2,0.6986899563318778,1.39,historical_import_fallback,17,BetMGM;BetOnline.ag;BetRivers;BetUS;DraftKings;FanDuel,us,NaT,pair_not_found,
,2026-08-23,Reinier de Ridder,Roman Dolidze,reinier de ridder,roman dolidze,"('reinier de ridder', 'roman dolidze')",1,0.741869918699187,1.3,historical_import_fallback,33,BetMGM;BetOnline.ag;BetRivers;BetUS;DraftKings;FanDuel,us,NaT,pair_not_found,
,2026-08-23,Sergey Spivak,Vitor Petrino,sergey spivak,vitor petrino,"('sergey spivak', 'vitor petrino')",2,0.6005089058524173,1.67,historical_import_fallback,25,BetOnline.ag;BetUS;DraftKings;FanDuel,us,NaT,pair_not_found,
,2026-08-15,Richie Lewis,Rolan Pruden,richie lewis,rolan pruden,"('richie lewis', 'rolan pruden')",1,0.8283913647662107,1.17,historical_import_fallback,2,BetOnline.ag,us,NaT,pair_not_found,
,2026-08-15,Rasul Magomedov,Sidney Outlaw,rasul magomedov,sidney outlaw,"('rasul magomedov', 'sidney outlaw')",2,0.5980937150979795,1.62,historical_import_fallback,2,BetOnline.ag,us,NaT,pair_not_found,
,2026-08-15,Jeremiah Wells,Myktybek Orolbai,jeremiah wells,myktybek orolbai,"('jeremiah wells', 'myktybek orolbai')",2,0.8757062146892656,1.1,historical_import_fallback,15,BetMGM;BetOnline.ag;BetRivers;DraftKings;FanDuel,us,NaT,pair_not_found,
,2026-08-15,Neil Magny,Ramiz Brahimaj,neil magny,ramiz brahimaj,"('neil magny', 'ramiz brahimaj')",2,0.5647668393782384,1.74,historical_import_fallback,15,BetMGM;BetOnline.ag;BetRivers;DraftKings;FanDuel,us,NaT,pair_not_found,
,2026-08-15,Lucas Fernando,Rafael Tobias,lucas fernando,rafael tobias,"('lucas fernando', 'rafael tobias')",1,0.7142857142857143,1.38,historical_import_fallback,15,BetMGM;BetOnline.ag;BetRivers;DraftKings;FanDuel,us,NaT,pair_not_found,
,2026-08-15,Tresean Gore,Vicente Luque,tresean gore,vicente luque,"('tresean gore', 'vicente luque')",1,0.5105820105820106,1.93,historical_import_fallback,15,BetMGM;BetOnline.ag;BetRivers;DraftKings;FanDuel,us,NaT,pair_not_found,
,2026-08-15,Donte Johnson,Eric McConico,donte johnson,eric mcconico,"('donte johnson', 'eric mcconico')",1,0.7158119658119658,1.41,historical_import_fallback,15,BetMGM;BetOnline.ag;BetRivers;DraftKings;FanDuel,us,NaT,pair_not_found,
,2026-08-16,Charles Johnson,Eduardo Henrique,charles johnson,eduardo henrique,"('charles johnson', 'eduardo henrique')",1,0.5221932114882506,1.86,historical_import_fallback,11,BetMGM;BetOnline.ag;BetRivers;DraftKings,us,NaT,pair_not_found,
,2026-08-16,Charles Johnson,Eduardo Chapolin,charles johnson,eduardo chapolin,"('charles johnson', 'eduardo chapolin')",1,0.529353369143945,1.83,historical_import_fallback,2,FanDuel,us,NaT,pair_not_found,
,2026-08-19,Alik Lorenz,Mahamed Aly,alik lorenz,mahamed aly,"('alik lorenz', 'mahamed aly')",2,0.7465618860510805,1.29,historical_import_fallback,3,BetOnline.ag;FanDuel,us,NaT,pair_not_found,
,2026-08-19,Roman Puga,Taner Trembley,roman puga,taner trembley,"('roman puga', 'taner trembley')",1,0.5526992287917738,2.1,historical_import_fallback,3,BetOnline.ag;FanDuel,us,NaT,pair_not_found,
,2026-08-22,Chris Padilla,Nasrat Haqparast,chris padilla,nasrat haqparast,"('chris padilla', 'nasrat haqparast')",2,0.5104712041884816,1.95,historical_import_fallback,25,BetMGM;BetOnline.ag;BetRivers;BetUS;DraftKings;FanDuel,us,NaT,pair_not_found,
,2026-08-22,Jackson McVey,Wes Schultz,jackson mcvey,wes schultz,"('jackson mcvey', 'wes schultz')",1,0.6188118811881189,1.57,historical_import_fallback,27,BetMGM;BetOnline.ag;BetRivers;BetUS;DraftKings;FanDuel,us,NaT,pair_not_found,
,2026-08-22,Jamall Emmers,Lerryan Douglas,jamall emmers,lerryan douglas,"('jamall emmers', 'lerryan douglas')",2,0.759769245868745,1.29,historical_import_fallback,24,BetMGM;BetOnline.ag;BetRivers;BetUS;DraftKings;FanDuel,us,NaT,pair_not_found,
,2026-08-22,Marquel Mederos,Mason Jones,marquel mederos,mason jones,"('marquel mederos', 'mason jones')",2,0.6968786104529344,1.38,historical_import_fallback,12,BetMGM;BetOnline.ag;BetRivers;BetUS;FanDuel,us,NaT,pair_not_found,
,2026-09-12,Jean Silva,Yair Rodriguez,jean silva,yair rodriguez,"('jean silva', 'yair rodriguez')",1,0.7422274267410323,1.31,historical_import_fallback,22,BetOnline.ag;BetRivers;BetUS;DraftKings;FanDuel,us,NaT,pair_not_found,
,2026-08-22,Márcio Barbosa,Ryan Kuse,m rcio barbosa,ryan kuse,"('m rcio barbosa', 'ryan kuse')",1,0.8641975308641975,1.11,historical_import_fallback,12,BetOnline.ag;BetRivers;BetUS;DraftKings;FanDuel,us,NaT,pair_not_found,
,2026-08-23,Elise Reed,Shanelle Dyer,elise reed,shanelle dyer,"('elise reed', 'shanelle dyer')",2,0.8103727714748784,1.18,historical_import_fallback,3,BetOnline.ag;BetRivers;FanDuel,us,NaT,pair_not_found,
,2026-08-18,Alik Lorenz,Mahamed Aly,alik lorenz,mahamed aly,"('alik lorenz', 'mahamed aly')",2,0.7331975560081465,1.38,historical_import_fallback,6,BetOnline.ag;FanDuel,us,NaT,pair_not_found,
,2026-08-18,Douglas Rodrigues,Trent Miller,douglas rodrigues,trent miller,"('douglas rodrigues', 'trent miller')",1,0.7345597593914216,1.31,historical_import_fallback,4,BetOnline.ag;FanDuel,us,NaT,pair_not_found,
,2026-08-18,Kaik Brito,Namo Fazil,kaik brito,namo fazil,"('kaik brito', 'namo fazil')",2,0.5961403815858568,1.68,historical_import_fallback,4,BetOnline.ag;FanDuel,us,NaT,pair_not_found,
,2026-08-18,Roman Puga,Taner Trembley,roman puga,taner trembley,"('roman puga', 'taner trembley')",1,0.5800899996762601,1.71,historical_import_fallback,6,BetOnline.ag;FanDuel,us,NaT,pair_not_found,
,2026-08-19,Cristian Pérez,Logan Paxton,cristian p rez,logan paxton,"('cristian p rez', 'logan paxton')",1,0.6682027649769585,1.48,historical_import_fallback,5,BetOnline.ag;FanDuel,us,NaT,pair_not_found,
,2026-08-22,Elise Reed,Shanelle Dyer,elise reed,shanelle dyer,"('elise reed', 'shanelle dyer')",2,0.8345428156748911,1.17,historical_import_fallback,17,BetMGM;BetOnline.ag;BetRivers;BetUS;DraftKings;FanDuel,us,NaT,pair_not_found,
,2026-10-25,Merab Dvalishvili,Petr Yan,merab dvalishvili,petr yan,"('merab dvalishvili', 'petr yan')",2,0.6125,1.64,historical_import_fallback,54,BetOnline.ag;BetRivers;DraftKings;FanDuel,us,NaT,date_diff_gt_2,-323.0
,2026-10-25,Alex Volkanovski,Movsar Evloev,alex volkanovski,movsar evloev,"('alex volkanovski', 'movsar evloev')",1,0.5052356020942408,1.93,historical_import_fallback,53,BetOnline.ag;BetRivers;DraftKings;FanDuel,us,NaT,pair_not_found,
,2027-04-25,Carlos Prates,Islam Makhachev,carlos prates,islam makhachev,"('carlos prates', 'islam makhachev')",2,0.6868008948545861,1.4,historical_import_fallback,14,BetOnline.ag,us,NaT,pair_not_found,
,2027-04-25,Islam Makhachev,Michael Morales,islam makhachev,michael morales,"('islam makhachev', 'michael morales')",1,0.6462264150943395,1.5,historical_import_fallback,14,BetOnline.ag,us,NaT,pair_not_found,
,2026-08-22,Anthony Wint,Terrance Chatman,anthony wint,terrance chatman,"('anthony wint', 'terrance chatman')",1,0.8716073708164511,1.1,historical_import_fallback,6,BetMGM;BetOnline.ag;BetRivers;BetUS;DraftKings;FanDuel,us,NaT,pair_not_found,
,2026-08-22,Gauge Young,Stan Dorsainvil,gauge young,stan dorsainvil,"('gauge young', 'stan dorsainvil')",1,0.5324675324675325,1.82,historical_import_fallback,9,BetOnline.ag;BetRivers;BetUS;DraftKings;FanDuel,us,NaT,pair_not_found,
,2026-08-22,Kennedy Nzechukwu,Shamil Gaziev,kennedy nzechukwu,shamil gaziev,"('kennedy nzechukwu', 'shamil gaziev')",2,0.5515463917525774,1.77,historical_import_fallback,12,BetMGM;BetOnline.ag;BetRivers;BetUS;DraftKings;FanDuel,us,NaT,pair_not_found,
,2026-08-19,Douglas Rodrigues,Trent Miller,douglas rodrigues,trent miller,"('douglas rodrigues', 'trent miller')",1,0.7758193299238074,1.26,historical_import_fallback,2,BetOnline.ag;FanDuel,us,NaT,pair_not_found,
,2026-08-19,Kaik Brito,Namo Fazil,kaik brito,namo fazil,"('kaik brito', 'namo fazil')",2,0.6063892360855818,1.62,historical_import_fallback,2,BetOnline.ag;FanDuel,us,NaT,pair_not_found,
,2026-08-23,Anthony Wint,Terrance Chatman,anthony wint,terrance chatman,"('anthony wint', 'terrance chatman')",1,0.8721149919010005,1.1,historical_import_fallback,6,BetMGM;BetOnline.ag;BetRivers;BetUS;DraftKings;FanDuel,us,NaT,pair_not_found,
,2026-09-01,Adam Livingston,Hunter Smith,adam livingston,hunter smith,"('adam livingston', 'hunter smith')",1,0.6359304900577147,1.53,historical_import_fallback,2,BetOnline.ag;FanDuel,us,NaT,pair_not_found,
,2026-09-01,Charlie Cleveland,Gabriel Lourenco,charlie cleveland,gabriel lourenco,"('charlie cleveland', 'gabriel lourenco')",1,0.6627888739257649,1.45,historical_import_fallback,2,BetOnline.ag;FanDuel,us,NaT,pair_not_found,
,2026-09-02,Liam Mccracken,Silvestre Sanchez,liam mccracken,silvestre sanchez,"('liam mccracken', 'silvestre sanchez')",1,0.5552052974880548,1.77,historical_import_fallback,2,BetOnline.ag;FanDuel,us,NaT,pair_not_found,
,2026-09-02,Brandon Holmes,Modestino Rodrigues,brandon holmes,modestino rodrigues,"('brandon holmes', 'modestino rodrigues')",1,0.6104218362282877,1.57,historical_import_fallback,1,FanDuel,us,NaT,pair_not_found,
,2026-09-02,Adam Darby,Patrick Rivera,adam darby,patrick rivera,"('adam darby', 'patrick rivera')",1,0.7754996723460026,1.25,historical_import_fallback,2,BetOnline.ag;FanDuel,us,NaT,pair_not_found,
,2026-09-05,Axel Sola,Fares Ziam,axel sola,fares ziam,"('axel sola', 'fares ziam')",2,0.579345088161209,1.69,historical_import_fallback,25,BetOnline.ag;BetRivers;BetUS;DraftKings;FanDuel,us,NaT,pair_not_found,
,2026-09-05,Daniel Hooker,Salahdine Parnasse,daniel hooker,salahdine parnasse,"('daniel hooker', 'salahdine parnasse')",2,0.821917808219178,1.2,historical_import_fallback,20,BetOnline.ag;BetUS;DraftKings;FanDuel,us,NaT,pair_not_found,
,2026-09-05,Daniil Donchenko,Punahele Soriano,daniil donchenko,punahele soriano,"('daniil donchenko', 'punahele soriano')",1,0.6781609195402298,1.44,historical_import_fallback,30,BetMGM;BetOnline.ag;BetRivers;BetUS;DraftKings;FanDuel,us,NaT,pair_not_found,
,2026-09-05,Delphine Benouaich,Sofia Montenegro,delphine benouaich,sofia montenegro,"('delphine benouaich', 'sofia montenegro')",1,0.5707015630679753,1.76,historical_import_fallback,30,BetMGM;BetOnline.ag;BetRivers;BetUS;DraftKings;FanDuel,us,NaT,pair_not_found,
,2026-09-05,Fabia Sintes,Michael Aljarouj,fabia sintes,michael aljarouj,"('fabia sintes', 'michael aljarouj')",2,0.538367357982602,1.85,historical_import_fallback,30,BetMGM;BetOnline.ag;BetRivers;BetUS;DraftKings;FanDuel,us,NaT,pair_not_found,
,2026-09-05,Felipe Lima,Morgan Charriere,felipe lima,morgan charriere,"('felipe lima', 'morgan charriere')",1,0.6352635724496047,1.56,historical_import_fallback,30,BetMGM;BetOnline.ag;BetRivers;BetUS;DraftKings;FanDuel,us,NaT,pair_not_found,
,2026-09-05,Klaudia Syguła,Nora Cornolle,klaudia sygu a,nora cornolle,"('klaudia sygu a', 'nora cornolle')",2,0.5221932114882506,2.05,historical_import_fallback,25,BetOnline.ag;BetRivers;BetUS;DraftKings;FanDuel,us,NaT,pair_not_found,
,2026-09-05,Kurtis Campbell,Trevor Peek,kurtis campbell,trevor peek,"('kurtis campbell', 'trevor peek')",1,0.7619047619047619,1.29,historical_import_fallback,30,BetMGM;BetOnline.ag;BetRivers;BetUS;DraftKings;FanDuel,us,NaT,pair_not_found,
,2026-09-05,Losene Keita,Muhammadjon Naimov,losene keita,muhammadjon naimov,"('losene keita', 'muhammadjon naimov')",1,0.7509881422924901,1.29,historical_import_fallback,25,BetOnline.ag;BetRivers;BetUS;DraftKings;FanDuel,us,NaT,pair_not_found,
,2026-09-05,Luis Felipe Dias,Matthieu Duclos,luis felipe dias,matthieu duclos,"('luis felipe dias', 'matthieu duclos')",2,0.5091829705152934,1.91,historical_import_fallback,20,BetMGM;BetOnline.ag;BetRivers;BetUS,us,NaT,pair_not_found,
,2026-09-05,Mario Pinto,Ryan Spann,mario pinto,ryan spann,"('mario pinto', 'ryan spann')",1,0.7224785732457255,1.36,historical_import_fallback,30,BetMGM;BetOnline.ag;BetRivers;BetUS;DraftKings;FanDuel,us,NaT,pair_not_found,
,2026-09-05,Michael Page,Nursultan Ruziboev,michael page,nursultan ruziboev,"('michael page', 'nursultan ruziboev')",1,0.6111111111111112,1.63,historical_import_fallback,23,BetOnline.ag;BetRivers;BetUS;DraftKings;FanDuel,us,NaT,pair_not_found,
,2026-09-05,Modestas Bukauskas,Oumar Sy,modestas bukauskas,oumar sy,"('modestas bukauskas', 'oumar sy')",2,0.6619644579143132,1.5,historical_import_fallback,30,BetMGM;BetOnline.ag;BetRivers;BetUS;DraftKings;FanDuel,us,NaT,pair_not_found,
,2026-09-05,Luis Felipe Dias,Matthieu Letho,luis felipe dias,matthieu letho,"('luis felipe dias', 'matthieu letho')",2,0.5145888594164456,1.91,historical_import_fallback,10,DraftKings;FanDuel,us,NaT,pair_not_found,
,2026-09-13,Alexa Grasso,Manon Fiorot,alexa grasso,manon fiorot,"('alexa grasso', 'manon fiorot')",2,0.6561285909712722,1.47,historical_import_fallback,4,BetOnline.ag;BetUS,us,NaT,pair_not_found,
,2026-09-13,Brandon Moreno,Joseph Morales,brandon moreno,joseph morales,"('brandon moreno', 'joseph morales')",2,0.5104712041884816,1.87,historical_import_fallback,4,BetOnline.ag;BetUS,us,NaT,pair_not_found,
,2026-09-13,Curtis Blaydes,Waldo Cortes-Acosta,curtis blaydes,waldo cortes acosta,"('curtis blaydes', 'waldo cortes acosta')",2,0.6198110951697752,1.57,historical_import_fallback,4,BetOnline.ag;BetUS,us,NaT,pair_not_found,
,2026-09-13,Dan Ige,David Martinez,dan ige,david martinez,"('dan ige', 'david martinez')",2,0.7169554201496998,1.35,historical_import_fallback,4,BetOnline.ag;BetUS,us,NaT,pair_not_found,
,2026-09-13,Djorden Santos,Yousri Belgaroui,djorden santos,yousri belgaroui,"('djorden santos', 'yousri belgaroui')",2,0.8379946345412008,1.14,historical_import_fallback,4,BetOnline.ag;BetUS,us,NaT,pair_not_found,
,2026-09-13,Drakkar Klose,Thomas Gantt,drakkar klose,thomas gantt,"('drakkar klose', 'thomas gantt')",2,0.7979640776754529,1.2,historical_import_fallback,22,BetOnline.ag;BetRivers;BetUS;DraftKings;FanDuel,us,NaT,pair_not_found,
,2026-09-13,Edgar Chairez,Tim Elliott,edgar chairez,tim elliott,"('edgar chairez', 'tim elliott')",1,0.6619973157571575,1.45,historical_import_fallback,4,BetOnline.ag;BetUS,us,NaT,pair_not_found,
,2026-09-13,Ignacio Bahamondes,Muslim Salikhov,ignacio bahamondes,muslim salikhov,"('ignacio bahamondes', 'muslim salikhov')",1,0.7645465401734903,1.29,historical_import_fallback,4,BetOnline.ag;BetUS,us,NaT,pair_not_found,
,2026-09-13,J.J. Aldrich,Regina Tarin,j j aldrich,regina tarin,"('j j aldrich', 'regina tarin')",2,0.671264367816092,1.43,historical_import_fallback,23,BetMGM;BetOnline.ag;BetUS;DraftKings;FanDuel,us,NaT,pair_not_found,
,2026-09-13,Marwan Rahiki,Tommy McMillen,marwan rahiki,tommy mcmillen,"('marwan rahiki', 'tommy mcmillen')",2,0.5694204629545485,1.69,historical_import_fallback,4,BetOnline.ag;BetUS,us,NaT,pair_not_found,
,2026-09-13,Rafa Garcia,Zhu Rong,rafa garcia,zhu rong,"('rafa garcia', 'zhu rong')",2,0.5616883116883116,1.8,historical_import_fallback,4,BetOnline.ag;BetUS,us,NaT,pair_not_found,
,2026-09-13,Ramiro Jimenez,Rodrigo Vera,ramiro jimenez,rodrigo vera,"('ramiro jimenez', 'rodrigo vera')",2,0.5521228102721756,1.74,historical_import_fallback,4,BetOnline.ag;BetUS,us,NaT,pair_not_found,
,2026-09-13,Jean Silva,Jose Delgado,jean silva,jose delgado,"('jean silva', 'jose delgado')",1,0.7659176029962547,1.26,historical_import_fallback,9,BetOnline.ag;BetRivers;BetUS;DraftKings;FanDuel,us,NaT,pair_not_found,
,2026-10-04,Deiveson Figueiredo,Payton Talbott,deiveson figueiredo,payton talbott,"('deiveson figueiredo', 'payton talbott')",2,0.8121019108280255,1.19,historical_import_fallback,27,BetOnline.ag;BetRivers;DraftKings;FanDuel,us,NaT,pair_not_found,
,2026-10-04,Natalia Silva,Valentina Shevchenko,natalia silva,valentina shevchenko,"('natalia silva', 'valentina shevchenko')",2,0.5875,1.65,historical_import_fallback,1,BetOnline.ag,us,NaT,pair_not_found,
,2026-09-20,Alonzo Menifield,Iwo Baraniewski,alonzo menifield,iwo baraniewski,"('alonzo menifield', 'iwo baraniewski')",2,0.680365296803653,1.44,historical_import_fallback,31,BetOnline.ag;BetRivers;DraftKings;FanDuel,us,NaT,pair_not_found,
,2026-09-20,Brian Ortega,Renato Moicano,brian ortega,renato moicano,"('brian ortega', 'renato moicano')",2,0.6420047732696896,1.51,historical_import_fallback,31,BetOnline.ag;BetRivers;DraftKings;FanDuel,us,NaT,pair_not_found,
,2026-09-20,Brunno Ferreira,Edmen Shahbazyan,brunno ferreira,edmen shahbazyan,"('brunno ferreira', 'edmen shahbazyan')",2,0.5843828715365239,1.65,historical_import_fallback,1,BetOnline.ag,us,NaT,pair_not_found,
,2026-09-20,Casey O'Neill,Eduarda Moura,casey o neill,eduarda moura,"('casey o neill', 'eduarda moura')",1,0.6157635467980296,1.56,historical_import_fallback,1,BetOnline.ag,us,NaT,pair_not_found,
,2026-09-20,Charles Jourdain,Marlon Vera,charles jourdain,marlon vera,"('charles jourdain', 'marlon vera')",1,0.6803652968036529,1.42,historical_import_fallback,31,BetOnline.ag;BetRivers;DraftKings;FanDuel,us,NaT,pair_not_found,
,2026-09-20,Dooho Choi,Patricio Pitbull,dooho choi,patricio pitbull,"('dooho choi', 'patricio pitbull')",1,0.6803652968036529,1.45,historical_import_fallback,31,BetOnline.ag;BetRivers;DraftKings;FanDuel,us,NaT,pair_not_found,
,2026-09-20,Giga Chikadze,Joanderson Brito,giga chikadze,joanderson brito,"('giga chikadze', 'joanderson brito')",2,0.7435387673956262,1.29,historical_import_fallback,1,BetOnline.ag,us,NaT,pair_not_found,
,2026-09-05,Khamzat Chimaev,Tyron Woodley,khamzat chimaev,tyron woodley,"('khamzat chimaev', 'tyron woodley')",1,0.927246790299572,1.02,historical_import_fallback,2,BetOnline.ag,us,NaT,pair_not_found,
,2026-09-05,Abdo Chahidi,Imran Ben Slama,abdo chahidi,imran ben slama,"('abdo chahidi', 'imran ben slama')",2,0.56,1.7,historical_import_fallback,3,Grosvenor,uk,NaT,pair_not_found,
,2026-09-05,Antonio Krajinović,Michael Samperi,antonio krajinovi,michael samperi,"('antonio krajinovi', 'michael samperi')",2,0.5789473684210527,1.85,historical_import_fallback,3,Grosvenor,uk,NaT,pair_not_found,
,2026-09-05,Artiom Livadari,Fikri Sabri,artiom livadari,fikri sabri,"('artiom livadari', 'fikri sabri')",1,0.5,1.85,historical_import_fallback,3,Grosvenor,uk,NaT,pair_not_found,
,2026-09-05,Diaguely Camara,Dmitry Menshikov,diaguely camara,dmitry menshikov,"('diaguely camara', 'dmitry menshikov')",2,0.6823529411764706,1.35,historical_import_fallback,3,Grosvenor,uk,NaT,pair_not_found,
,2026-09-05,Don Sno,Jay Overmeer,don sno,jay overmeer,"('don sno', 'jay overmeer')",1,0.686046511627907,1.65,historical_import_fallback,3,Grosvenor,uk,NaT,pair_not_found,
,2026-09-05,Errol Zimmerman,Kevin Tariq Osaro,errol zimmerman,kevin tariq osaro,"('errol zimmerman', 'kevin tariq osaro')",2,0.8067226890756303,1.15,historical_import_fallback,3,Grosvenor,uk,NaT,pair_not_found,
,2026-09-05,Figuereido Landman,Mohammed Boutasaa,figuereido landman,mohammed boutasaa,"('figuereido landman', 'mohammed boutasaa')",2,0.5121951219512194,1.89,historical_import_fallback,3,Grosvenor,uk,NaT,pair_not_found,
,2026-09-05,Imad Hadar,Ulrich Tiebe,imad hadar,ulrich tiebe,"('imad hadar', 'ulrich tiebe')",1,0.6853146853146853,1.5,historical_import_fallback,3,Grosvenor,uk,NaT,pair_not_found,
,2026-09-05,Mohammed Hamdi,Valentin Knau,mohammed hamdi,valentin knau,"('mohammed hamdi', 'valentin knau')",1,0.5702917771883289,1.77,historical_import_fallback,3,Grosvenor,uk,NaT,pair_not_found,
,2026-09-05,Nathaniel Wood,Pavel Andrusca,nathaniel wood,pavel andrusca,"('nathaniel wood', 'pavel andrusca')",1,0.7203389830508474,1.36,historical_import_fallback,17,BetMGM;BetOnline.ag;BetRivers;BetUS;DraftKings;FanDuel,us,NaT,pair_not_found,
,2026-09-05,Nikola Todorovic,Vedat Hoduk,nikola todorovic,vedat hoduk,"('nikola todorovic', 'vedat hoduk')",2,0.6345177664974619,1.44,historical_import_fallback,3,Grosvenor,uk,NaT,pair_not_found,
,2026-09-05,Chico Kwasi,Teodor Hristov,chico kwasi,teodor hristov,"('chico kwasi', 'teodor hristov')",1,0.7111597374179431,1.5,historical_import_fallback,3,Grosvenor,uk,NaT,pair_not_found,
,2026-09-12,Rafa Garcia,Zhu Rong,rafa garcia,zhu rong,"('rafa garcia', 'zhu rong')",2,0.6000000000000001,1.62,historical_import_fallback,47,BetMGM;BetOnline.ag;BetRivers;BetUS;DraftKings;FanDuel,us,NaT,pair_not_found,
,2026-09-12,Ramiro Jimenez,Rodrigo Vera,ramiro jimenez,rodrigo vera,"('ramiro jimenez', 'rodrigo vera')",2,0.5520833333333334,1.74,historical_import_fallback,5,BetOnline.ag;BetUS;DraftKings;FanDuel,us,NaT,pair_not_found,
,2026-09-12,Djorden Santos,Yousri Belgaroui,djorden santos,yousri belgaroui,"('djorden santos', 'yousri belgaroui')",2,0.8426183844011141,1.14,historical_import_fallback,47,BetMGM;BetOnline.ag;BetRivers;BetUS;DraftKings;FanDuel,us,NaT,pair_not_found,
,2026-09-12,Ignacio Bahamondes,Muslim Salikhov,ignacio bahamondes,muslim salikhov,"('ignacio bahamondes', 'muslim salikhov')",1,0.8072487644151565,1.22,historical_import_fallback,47,BetMGM;BetOnline.ag;BetRivers;BetUS;DraftKings;FanDuel,us,NaT,pair_not_found,
,2026-09-12,Edgar Chairez,Tim Elliott,edgar chairez,tim elliott,"('edgar chairez', 'tim elliott')",1,0.6542056074766355,1.51,historical_import_fallback,47,BetMGM;BetOnline.ag;BetRivers;BetUS;DraftKings;FanDuel,us,NaT,pair_not_found,
,2026-09-12,Dan Ige,David Martinez,dan ige,david martinez,"('dan ige', 'david martinez')",2,0.7440476190476191,1.34,historical_import_fallback,47,BetMGM;BetOnline.ag;BetRivers;BetUS;DraftKings;FanDuel,us,NaT,pair_not_found,
,2026-09-12,Curtis Blaydes,Waldo Cortes-Acosta,curtis blaydes,waldo cortes acosta,"('curtis blaydes', 'waldo cortes acosta')",2,0.636144578313253,1.54,historical_import_fallback,47,BetMGM;BetOnline.ag;BetRivers;BetUS;DraftKings;FanDuel,us,NaT,pair_not_found,
,2026-09-12,Alexa Grasso,Manon Fiorot,alexa grasso,manon fiorot,"('alexa grasso', 'manon fiorot')",2,0.6705051631228266,1.47,historical_import_fallback,46,BetMGM;BetOnline.ag;BetRivers;BetUS;DraftKings;FanDuel,us,NaT,pair_not_found,
,2026-09-12,Marwan Rahiki,Tommy McMillen,marwan rahiki,tommy mcmillen,"('marwan rahiki', 'tommy mcmillen')",2,0.599009900990099,1.74,historical_import_fallback,47,BetMGM;BetOnline.ag;BetRivers;BetUS;DraftKings;FanDuel,us,NaT,pair_not_found,
,2026-09-12,Brandon Moreno,Joseph Morales,brandon moreno,joseph morales,"('brandon moreno', 'joseph morales')",2,0.5260416666666665,1.87,historical_import_fallback,47,BetMGM;BetOnline.ag;BetRivers;BetUS;DraftKings;FanDuel,us,NaT,pair_not_found,
,2026-09-12,Jean Silva,Jose Delgado,jean silva,jose delgado,"('jean silva', 'jose delgado')",1,0.7737226277372263,1.26,historical_import_fallback,49,BetMGM;BetOnline.ag;BetRivers;BetUS;DraftKings;FanDuel,us,NaT,pair_not_found,
,2026-09-19,Casey O'Neill,Eduarda Moura,casey o neill,eduarda moura,"('casey o neill', 'eduarda moura')",1,0.6125,1.59,historical_import_fallback,29,BetOnline.ag;BetRivers;DraftKings;FanDuel,us,NaT,pair_not_found,
,2026-09-19,Giga Chikadze,Joanderson Brito,giga chikadze,joanderson brito,"('giga chikadze', 'joanderson brito')",2,0.7435387673956262,1.3,historical_import_fallback,29,BetOnline.ag;BetRivers;DraftKings;FanDuel,us,NaT,pair_not_found,
,2026-09-19,Brunno Ferreira,Edmen Shahbazyan,brunno ferreira,edmen shahbazyan,"('brunno ferreira', 'edmen shahbazyan')",2,0.5924050632911393,1.65,historical_import_fallback,29,BetOnline.ag;BetRivers;DraftKings;FanDuel,us,NaT,pair_not_found,
,2026-09-19,Robelis Despaigne,Tai Tuivasa,robelis despaigne,tai tuivasa,"('robelis despaigne', 'tai tuivasa')",1,0.8237785662543313,1.19,historical_import_fallback,36,BetOnline.ag;BetRivers;DraftKings;FanDuel,us,NaT,pair_not_found,
,2026-09-08,Apollo Gomes,Won Il Kwon,apollo gomes,won il kwon,"('apollo gomes', 'won il kwon')",2,0.5357495569354818,1.87,historical_import_fallback,6,BetMGM;BetOnline.ag;FanDuel,us,NaT,pair_not_found,
,2026-10-04,Natalia Silva,Wang Cong,natalia silva,wang cong,"('natalia silva', 'wang cong')",1,0.6697459584295612,1.49,historical_import_fallback,22,BetOnline.ag;BetRivers;DraftKings;FanDuel,us,NaT,pair_not_found,
,2026-09-08,Arlind Berisha,Quentin Pasley,arlind berisha,quentin pasley,"('arlind berisha', 'quentin pasley')",1,0.6427804677507765,1.51,historical_import_fallback,2,BetOnline.ag;FanDuel,us,NaT,pair_not_found,
,2026-09-08,Christian Natividad,Colton Loud,christian natividad,colton loud,"('christian natividad', 'colton loud')",1,0.7142857142857143,1.4,historical_import_fallback,5,BetMGM;BetOnline.ag;FanDuel,us,NaT,pair_not_found,
,2026-09-08,Isaac Moreno,Reginaldo Junior,isaac moreno,reginaldo junior,"('isaac moreno', 'reginaldo junior')",1,0.5598547690350621,1.74,historical_import_fallback,2,BetOnline.ag;FanDuel,us,NaT,pair_not_found,
,2026-09-12,Jessie Rosas,Sean King,jessie rosas,sean king,"('jessie rosas', 'sean king')",2,0.6069565540243684,1.78,historical_import_fallback,28,BetMGM;BetOnline.ag;BetRivers;BetUS;DraftKings;FanDuel,us,NaT,pair_not_found,
,2026-09-09,Christian Echols,Martin Kozák,christian echols,martin koz k,"('christian echols', 'martin koz k')",2,0.8150470219435737,1.18,historical_import_fallback,3,BetMGM;BetOnline.ag;FanDuel,us,NaT,pair_not_found,
,2026-09-09,Isaac Moreno,Reginaldo Junior,isaac moreno,reginaldo junior,"('isaac moreno', 'reginaldo junior')",1,0.5438144329896907,1.77,historical_import_fallback,3,BetMGM;BetOnline.ag;FanDuel,us,NaT,pair_not_found,
,2026-09-09,Arlind Berisha,Quentin Pasley,arlind berisha,quentin pasley,"('arlind berisha', 'quentin pasley')",1,0.5786802030456853,1.67,historical_import_fallback,3,BetMGM;BetOnline.ag;FanDuel,us,NaT,pair_not_found,
,2026-09-12,Drakkar Klose,Thomas Gantt,drakkar klose,thomas gantt,"('drakkar klose', 'thomas gantt')",2,0.7908611599297013,1.24,historical_import_fallback,20,BetOnline.ag;BetRivers;BetUS;DraftKings;FanDuel,us,NaT,pair_not_found,
,2026-09-12,J.J. Aldrich,Regina Tarin,j j aldrich,regina tarin,"('j j aldrich', 'regina tarin')",2,0.710915468739253,1.37,historical_import_fallback,18,BetMGM;BetOnline.ag;BetUS;DraftKings;FanDuel,us,NaT,pair_not_found,
,2026-09-11,Neemias Santana,Shawn Marcos Da Silva,neemias santana,shawn marcos da silva,"('neemias santana', 'shawn marcos da silva')",1,0.8737083811710676,1.1,historical_import_fallback,2,BetOnline.ag,us,NaT,pair_not_found,
,2026-09-11,Rafael Pereira,Vincius Pires,rafael pereira,vincius pires,"('rafael pereira', 'vincius pires')",1,0.5599837662337663,1.8,historical_import_fallback,2,BetOnline.ag,us,NaT,pair_not_found,
,2026-09-12,Andrej Kalasnik,Kennedy Rayomba,andrej kalasnik,kennedy rayomba,"('andrej kalasnik', 'kennedy rayomba')",1,0.8059527128386901,1.2,historical_import_fallback,2,BetOnline.ag,us,NaT,pair_not_found,
,2026-09-12,Maurice Adorf,Vladimír Lengál,maurice adorf,vladim r leng l,"('maurice adorf', 'vladim r leng l')",2,0.8403361344537815,1.14,historical_import_fallback,2,BetOnline.ag,us,NaT,pair_not_found,
,2026-09-12,Andrej Kalašnik,Kennedy Rayomba,andrej kala nik,kennedy rayomba,"('andrej kala nik', 'kennedy rayomba')",1,0.7972270363951472,1.17,historical_import_fallback,2,Grosvenor,uk,NaT,pair_not_found,
,2026-09-12,Jakub Dohnal,Vojto Barborík,jakub dohnal,vojto barbor k,"('jakub dohnal', 'vojto barbor k')",2,0.6297229219143576,1.47,historical_import_fallback,2,Grosvenor,uk,NaT,pair_not_found,
,2026-09-12,Jonas Mågård,Radek Roušal,jonas m g rd,radek rou al,"('jonas m g rd', 'radek rou al')",1,0.6705882352941177,1.4,historical_import_fallback,2,Grosvenor,uk,NaT,pair_not_found,
,2026-09-12,Neemias Santana,Shawn Marcos Da Silva,neemias santana,shawn marcos da silva,"('neemias santana', 'shawn marcos da silva')",1,0.8737083811710676,1.1,historical_import_fallback,1,BetOnline.ag,us,NaT,pair_not_found,
,2026-09-12,Rafael Pereira,Vincius Pires,rafael pereira,vincius pires,"('rafael pereira', 'vincius pires')",1,0.6034482758620691,1.61,historical_import_fallback,1,BetOnline.ag,us,NaT,pair_not_found,
