season,event_date,event_name,fighter_a,fighter_b,winner,selected_profile,opponent,selected_open,selected_close,opponent_open,opponent_close,selected_won,profile_url,raw_row,sn,on,sel_prior_fights,opp_prior_fights,gap_prior_fights,sel_prior_win_pct,opp_prior_win_pct,gap_prior_win_pct,sel_prior_finish_rate,opp_prior_finish_rate,gap_prior_finish_rate,sel_prior_first_round_finish_rate,opp_prior_first_round_finish_rate,gap_prior_first_round_finish_rate,sel_prior_distinct_promotions,opp_prior_distinct_promotions,gap_prior_distinct_promotions,sel_prior_avg_opponent_win_pct,opp_prior_avg_opponent_win_pct,gap_prior_avg_opponent_win_pct,sel_prior_days_since_last_fight,opp_prior_days_since_last_fight,profit100
1,2017-08-29,DWCS 1.8,Matt Frevola,Luke Flores,Matt Frevola,Matt Frevola,Luke Flores,-150,-180,110.0,158.0,True,https://www.bestfightodds.com/fighters/matt-frevola-5332,Matt Frevola -150 -180 ... -180 -7.1% ▼ Dana White's Contender Series 8,matt frevola,luke flores,0,0,0.0,,,,,,,,,,0,0,0.0,,,,,,55.55555555555556
1,2017-08-29,DWCS 1.8,Bevon Lewis,Elias Urbina,Bevon Lewis,Bevon Lewis,Elias Urbina,120,-250,-160.0,215.0,True,https://www.bestfightodds.com/fighters/bevon-lewis-7459,Bevon Lewis +120 -255 ... -250 -57.7% ▼ Dana White's Contender Series 8,bevon lewis,elias urbina,4,0,4.0,1.0,,,0.25,,,0.0,,,3,0,3.0,1.0,,,130.0,,40.0
1,2017-08-29,DWCS 1.8,Casey Kenney,Adam Antolin,Adam Antolin,Casey Kenney,Adam Antolin,-165,-300,125.0,250.0,False,https://www.bestfightodds.com/fighters/casey-kenney-7124,Casey Kenney -165 -300 ... -300 -20.5% ▼ Dana White's Contender Series 8,casey kenney,adam antolin,9,15,-6.0,0.875,0.8,0.07499999999999996,0.7142857142857143,0.9166666666666666,-0.20238095238095233,0.4285714285714285,0.5,-0.07142857142857151,5,11,-6.0,0.5591397849462366,0.3597619047619048,0.19937788018433183,42.0,158.0,-100.0
1,2017-08-29,DWCS 1.8,Lauren Mueller,Kelly Velasco,Lauren Mueller,Lauren Mueller,Kelly Velasco,160,150,,,True,https://www.bestfightodds.com/fighters/lauren-mueller-7485,Lauren Mueller +160 +140 ... +150 -6.1% ▼ Dana White's Contender Series 8,lauren mueller,kelly velasco,0,0,0.0,,,,,,,,,,0,0,0.0,,,,,,150.0
1,2017-08-29,DWCS 1.8,Don'Tale Mayes,Allen Crowder,Allen Crowder,Don'Tale Mayes,Allen Crowder,-280,-265,200.0,235.0,False,https://www.bestfightodds.com/fighters/don-tale-mayes-6830,Don'tale Mayes -280 -275 ... -265 +1% ▲ Dana White's Contender Series 8,don tale mayes,allen crowder,5,3,2.0,0.8,0.6666666666666666,0.13333333333333341,0.5,1.0,-0.5,0.25,1.0,-0.75,4,2,2.0,0.3958333333333333,0.5694444444444443,-0.173611111111111,137.0,213.0,-100.0
1,2017-08-22,DWCS 1.7,Anton Berzin,Kennedy Nzechukwu,Kennedy Nzechukwu,Anton Berzin,Kennedy Nzechukwu,-280,-330,200.0,280.0,False,https://www.bestfightodds.com/fighters/anton-berzin-6287,Anton Berzin -280 -340 ... -330 -4.5% ▼ Dana White's Contender Series 7,anton berzin,kennedy nzechukwu,3,1,2.0,0.6666666666666666,1.0,-0.33333333333333337,1.0,1.0,0.0,0.5,0.0,0.5,2,1,1.0,0.7676767676767676,0.4444444444444444,0.3232323232323232,94.0,290.0,-100.0
1,2017-08-22,DWCS 1.7,Steven Peterson,Benito Lopez,Benito Lopez,Steven Peterson,Benito Lopez,-125,110,-115.0,-130.0,False,https://www.bestfightodds.com/fighters/steven-peterson-2086,Steven Peterson -125 +110 ... +110 +14.3% ▲ Dana White's Contender Series 7,steven peterson,benito lopez,7,8,-1.0,0.7142857142857143,1.0,-0.2857142857142857,0.8,0.625,0.17500000000000004,0.2,0.625,-0.425,2,4,-2.0,0.7223415682062299,0.5952380952380952,0.12710347296813462,39.0,59.0,-100.0
1,2017-08-22,DWCS 1.7,Joby Sanchez,JP Buys,Joby Sanchez,Joby Sanchez,JP Buys,220,290,,,True,https://www.bestfightodds.com/fighters/joby-sanchez-3526,Joby Sanchez +220 +285 ... +290 +17.5% ▲ Dana White's Contender Series 7,joby sanchez,jp buys,12,0,12.0,0.8333333333333334,,,0.7,,,0.2,,,9,0,9.0,0.5235605353252413,,,42.0,,290.0
1,2017-08-22,DWCS 1.7,Mark Cherico,Mike Santiago,Mike Santiago,Mark Cherico,Mike Santiago,-130,-145,-110.0,130.0,False,https://www.bestfightodds.com/fighters/mark-cherico-7456,Mark Cherico -130 -150 ... -145 -5.6% ▼ Dana White's Contender Series 7,mark cherico,mike santiago,3,7,-4.0,0.6666666666666666,0.5714285714285714,0.09523809523809523,1.0,0.75,0.25,0.0,0.5,-0.5,1,6,-5.0,0.7185185185185184,0.6456772608033112,0.07284125771520722,836.0,431.0,-100.0
1,2017-08-22,DWCS 1.7,Nick Urso,Jordan Espinosa,Jordan Espinosa,Nick Urso,Jordan Espinosa,-265,-245,185.0,210.0,False,https://www.bestfightodds.com/fighters/nick-urso-4808,Nick Urso -265 -250 ... -245 +1.8% ▲ Dana White's Contender Series 7,nick urso,jordan espinosa,15,16,-1.0,0.7857142857142857,0.6666666666666666,0.11904761904761907,0.4545454545454545,0.7,-0.24545454545454548,0.3636363636363636,0.6,-0.2363636363636364,11,14,-3.0,0.5973063973063973,0.5833573833573832,0.013949013949014155,123.0,157.0,-100.0
1,2017-08-15,DWCS 1.6,Charles Byrd,Randall Wallace,Charles Byrd,Charles Byrd,Randall Wallace,-210,-183,160.0,170.0,True,https://www.bestfightodds.com/fighters/charles-byrd-2633,Charles Byrd -210 -200 ... -183 +2.9% ▲ Dana White's Contender Series 6,charles byrd,randall wallace,3,3,0.0,0.6666666666666666,0.6666666666666666,0.0,0.5,1.0,-0.5,0.5,0.5,0.0,3,3,0.0,0.7147435897435898,0.5398467432950191,0.17489684644857062,830.0,89.0,54.6448087431694
1,2017-08-15,DWCS 1.6,Grant Dawson,Adrian Diaz,Grant Dawson,Grant Dawson,Adrian Diaz,125,-150,-165.0,135.0,True,https://www.bestfightodds.com/fighters/grant-dawson-5841,Grant Dawson +125 -155 ... -150 -36.1% ▼ Dana White's Contender Series 6,grant dawson,adrian diaz,1,16,-15.0,1.0,0.7333333333333333,0.2666666666666667,1.0,0.8181818181818182,0.18181818181818177,0.0,0.4545454545454545,-0.4545454545454545,1,9,-8.0,0.75,0.4635930735930736,0.2864069264069264,564.0,89.0,66.66666666666667
1,2017-08-15,DWCS 1.6,Karl Reed,Cameron Olson,Cameron Olson,Karl Reed,Cameron Olson,200,150,,,False,https://www.bestfightodds.com/fighters/karl-reed-7446,Karl Reed +200 +145 ... +150 -21% ▼ Dana White's Contender Series 24,karl reed,cameron olson,0,3,-3.0,,0.3333333333333333,,,1.0,,,0.0,,0,2,-2.0,,0.7777777777777777,,,88.0,-100.0
1,2017-08-15,DWCS 1.6,Martin Day,Jaime Alvarez,Jaime Alvarez,Martin Day,Jaime Alvarez,115,150,,,False,https://www.bestfightodds.com/fighters/martin-day-7448,Martin Day +115 +148 ... +150 +13.7% ▲ Dana White's Contender Series 6,martin day,jaime alvarez,1,1,0.0,0.0,0.0,0.0,,,,,,,1,1,0.0,1.0,0.75,0.25,150.0,886.0,-100.0
1,2017-08-15,DWCS 1.6,Tiffany Masters,Jamie Colleen,Jamie Colleen,Tiffany Masters,Jamie Colleen,115,115,-155.0,-135.0,False,https://www.bestfightodds.com/fighters/tiffany-masters-7315,Tiffany Masters +115 +115 ... +115 0% Dana White's Contender Series 6,tiffany masters,jamie colleen,0,0,0.0,,,,,,,,,,0,0,0.0,,,,,,-100.0
1,2017-08-01,DWCS 1.4,Phil Hawes,Julian Marquez,Julian Marquez,Phil Hawes,Julian Marquez,-155,-210,115.0,220.0,False,https://www.bestfightodds.com/fighters/phil-hawes-5712,Phil Hawes -155 -260 ... -210 -15.4% ▼ Dana White's Contender Series 4,phil hawes,julian marquez,1,8,-7.0,0.0,0.75,-0.75,,1.0,,,0.8333333333333334,,1,5,-4.0,0.8333333333333334,0.6547619047619049,0.1785714285714285,367.0,74.0,-100.0
1,2017-08-01,DWCS 1.4,James Gray,Kyler Phillips,Kyler Phillips,James Gray,Kyler Phillips,-110,250,-130.0,-265.0,False,https://www.bestfightodds.com/fighters/james-gray-7393,James Gray -110 +225 ... +250 +43.5% ▲ Dana White's Contender Series 4,james gray,kyler phillips,3,4,-1.0,0.3333333333333333,1.0,-0.6666666666666667,1.0,0.5,0.5,1.0,0.5,0.5,2,2,0.0,0.712121212121212,0.6666666666666666,0.045454545454545414,759.0,60.0,-100.0
1,2017-08-01,DWCS 1.4,Ronaldo Candido,Carlos Candelario,Carlos Candelario,Ronaldo Candido,Carlos Candelario,-130,-200,-110.0,185.0,False,https://www.bestfightodds.com/fighters/ronaldo-candido-7394,Ronaldo Candido -130 -225 ... -200 -20.4% ▼ Dana White's Contender Series 4,ronaldo candido,carlos candelario,0,0,0.0,,,,,,,,,,0,0,0.0,,,,,,-100.0
1,2017-08-01,DWCS 1.4,Austin Arnett,Brandon Davis,Brandon Davis,Austin Arnett,Brandon Davis,-145,-185,105.0,170.0,False,https://www.bestfightodds.com/fighters/austin-arnett-6233,Austin Arnett -145 -200 ... -185 -11.3% ▼ Dana White's Contender Series 4,austin arnett,brandon davis,0,0,0.0,,,,,,,,,,0,0,0.0,,,,,,-100.0
1,2017-08-01,DWCS 1.4,John Castaneda,Cheyden Leialoha,John Castaneda,John Castaneda,Cheyden Leialoha,-185,-140,145.0,125.0,True,https://www.bestfightodds.com/fighters/john-castaneda-7396,John Castaneda -185 -145 ... -140 +9.3% ▲ Dana White's Contender Series 4,john castaneda,cheyden leialoha,15,6,9.0,0.8666666666666667,1.0,-0.1333333333333333,0.7692307692307693,0.6666666666666666,0.10256410256410264,0.3846153846153846,0.6666666666666666,-0.28205128205128205,4,5,-1.0,0.3892857142857143,0.5555555555555555,-0.16626984126984118,88.0,83.0,71.42857142857143
1,2017-07-25,DWCS 1.3,Ryan Spann,Karl Roberson,Karl Roberson,Ryan Spann,Karl Roberson,-120,-140,-120.0,140.0,False,https://www.bestfightodds.com/fighters/ryan-spann-3502,Ryan Spann -120 -160 ... -140 -10% ▼ Dana White's Contender Series 3,ryan spann,karl roberson,15,1,14.0,0.6666666666666666,1.0,-0.33333333333333337,0.9,1.0,-0.09999999999999998,0.8,1.0,-0.19999999999999996,7,1,6.0,0.5398860398860399,0.7142857142857143,-0.1743996743996744,73.0,738.0,-100.0
1,2017-07-25,DWCS 1.3,Kyle Stewart,Jason Jackson,Kyle Stewart,Kyle Stewart,Jason Jackson,160,190,-210.0,-220.0,True,https://www.bestfightodds.com/fighters/kyle-stewart-7120,Kyle Stewart +160 +185 ... +190 +9.7% ▲ Dana White's Contender Series 3,kyle stewart,jason jackson,8,2,6.0,1.0,1.0,0.0,0.75,0.0,0.75,0.75,0.0,0.75,4,2,2.0,0.5892857142857143,0.6933333333333334,-0.10404761904761906,81.0,319.0,190.0
1,2017-07-25,DWCS 1.3,Geoff Neal,Chase Waldon,Geoff Neal,Chase Waldon,Geoff Neal,-140,110,,,False,https://www.bestfightodds.com/fighters/chase-waldon-5622,Chase Waldon -140 -104 ... +110 +15.6% ▲ Dana White's Contender Series 3,chase waldon,geoff neal,14,10,4.0,0.8571428571428571,0.8,0.05714285714285705,0.6666666666666666,0.75,-0.08333333333333337,0.3333333333333333,0.5,-0.16666666666666669,8,6,2.0,0.5610119047619048,0.8198051948051949,-0.2587932900432901,67.0,11.0,-100.0
1,2017-07-25,DWCS 1.3,Daniel Jolly,Alonzo Menifield,Alonzo Menifield,Daniel Jolly,Alonzo Menifield,260,330,-380.0,-380.0,False,https://www.bestfightodds.com/fighters/daniel-jolly-3838,Daniel Jolly +260 +315 ... +330 +14.9% ▲ Dana White's Contender Series 3,daniel jolly,alonzo menifield,2,5,-3.0,1.0,1.0,0.0,0.5,1.0,-0.5,0.5,0.8,-0.30000000000000004,2,3,-1.0,0.1875,,,1635.0,53.0,-100.0
1,2017-07-25,DWCS 1.3,Dan Ige,Luis Gomez,Dan Ige,Dan Ige,Luis Gomez,-185,125,145.0,-130.0,True,https://www.bestfightodds.com/fighters/dan-ige-6448,Dan Ige -185 +110 ... +125 +29.3% ▲ Dana White's Contender Series 3,dan ige,luis gomez,4,6,-2.0,0.75,0.6666666666666666,0.08333333333333337,0.3333333333333333,0.75,-0.4166666666666667,0.0,0.5,-0.5,4,5,-1.0,0.6799242424242424,0.3259259259259259,0.35399831649831653,67.0,109.0,125.0
1,2017-07-18,DWCS 1.2,Daniel Spohn,Angel De Anda,Daniel Spohn,Daniel Spohn,Angel De Anda,-165,-420,,,True,https://www.bestfightodds.com/fighters/daniel-spohn-7374,Daniel Spohn -165 -450 ... -420 -30.6% ▼ Dana White's Contender Series 2,daniel spohn,angel de anda,0,0,0.0,,,,,,,,,,0,0,0.0,,,,,,23.80952380952381
1,2017-07-18,DWCS 1.2,Sean O'Malley,Alfred Khashakyan,Sean O'Malley,Sean O'Malley,Alfred Khashakyan,-230,-220,170.0,205.0,True,https://www.bestfightodds.com/fighters/sean-o-malley-7125,Sean O'Malley -230 -245 ... -220 -0.4% ▼ Dana White's Contender Series 2,sean o malley,alfred khashakyan,8,4,4.0,1.0,0.5,0.5,0.875,1.0,-0.125,0.75,1.0,-0.25,4,3,1.0,0.6749999999999999,0.717857142857143,-0.04285714285714304,74.0,347.0,45.45454545454545
1,2017-07-18,DWCS 1.2,Thanh Le,Lazar Stojadinovic,Thanh Le,Thanh Le,Lazar Stojadinovic,110,-130,-150.0,110.0,True,https://www.bestfightodds.com/fighters/thanh-le-7001,Thanh Le +110 -130 ... -130 -18.7% ▼ Dana White's Contender Series 2,thanh le,lazar stojadinovic,2,18,-16.0,1.0,0.7222222222222222,0.2777777777777778,1.0,0.6153846153846154,0.3846153846153846,1.0,0.3846153846153846,0.6153846153846154,1,12,-11.0,0.7333333333333333,0.4751891224717312,0.2581442108616021,158.0,179.0,76.92307692307692
1,2017-07-18,DWCS 1.2,Sidney Outlaw,Michael Cora,Sidney Outlaw,Sidney Outlaw,Michael Cora,-180,-165,140.0,150.0,True,https://www.bestfightodds.com/fighters/sidney-outlaw-4865,Sidney Outlaw -180 -175 ... -165 +2.1% ▲ Dana White's Contender Series 2,sidney outlaw,michael cora,2,1,1.0,0.5,1.0,-0.5,1.0,1.0,0.0,0.0,1.0,-1.0,2,1,1.0,0.7307692307692308,1.0,-0.26923076923076916,276.0,60.0,60.60606060606061
1,2017-07-18,DWCS 1.2,CJ Hamilton,Casey Kenney,Casey Kenney,Casey Kenney,CJ Hamilton,-165,-300,,,True,https://www.bestfightodds.com/fighters/casey-kenney-7124,Casey Kenney -165 -300 ... -300 -20.5% ▼ Dana White's Contender Series 8,casey kenney,cj hamilton,8,0,8.0,0.8571428571428571,,,0.8333333333333334,,,0.5,,,4,0,4.0,0.5273297491039427,,,74.0,,33.333333333333336
1,2017-07-11,DWCS 1.1,Matt Bessette,Kurt Holobaugh,,Matt Bessette,Kurt Holobaugh,180,415,-260.0,-410.0,False,https://www.bestfightodds.com/fighters/matt-bessette-3227,Matt Bessette +180 +340 ... +415 +41.4% ▲ Dana White's Contender Series 1,matt bessette,kurt holobaugh,38,4,34.0,0.7631578947368421,0.75,0.013157894736842146,0.6551724137931034,0.3333333333333333,0.3218390804597701,0.2068965517241379,0.3333333333333333,-0.12643678160919541,6,3,3.0,0.5588151591997745,0.817094861660079,-0.2582797024603045,60.0,486.0,-100.0
1,2017-07-11,DWCS 1.1,Greg Rebello,Azunna Anyanwu,Azunna Anyanwu,Greg Rebello,Azunna Anyanwu,-190,-200,150.0,180.0,False,https://www.bestfightodds.com/fighters/greg-rebello-1449,Greg Rebello -190 -220 ... -200 -3.4% ▼ Dana White's Contender Series 1,greg rebello,azunna anyanwu,11,18,-7.0,0.8181818181818182,0.7777777777777778,0.04040404040404044,0.5555555555555556,0.7142857142857143,-0.15873015873015872,0.2222222222222222,0.2857142857142857,-0.06349206349206349,4,6,-2.0,0.564060389996219,0.4195086964317734,0.14455169356444558,487.0,143.0,-100.0
1,2017-07-11,DWCS 1.1,Boston Salmon,Ricky Turcios,Boston Salmon,Boston Salmon,Ricky Turcios,160,-155,-210.0,150.0,True,https://www.bestfightodds.com/fighters/boston-salmon-4655,Boston Salmon +160 -170 ... -155 -61.1% ▼ Dana White's Contender Series 1,boston salmon,ricky turcios,1,9,-8.0,0.0,1.0,-1.0,,0.3333333333333333,,,0.1111111111111111,,1,4,-3.0,0.5714285714285714,0.4952380952380952,0.0761904761904762,305.0,304.0,64.51612903225806
1,2017-07-11,DWCS 1.1,Charles Byrd,Jamie Pickett,Charles Byrd,Charles Byrd,Jamie Pickett,-210,-183,,,True,https://www.bestfightodds.com/fighters/charles-byrd-2633,Charles Byrd -210 -200 ... -183 +2.9% ▲ Dana White's Contender Series 6,charles byrd,jamie pickett,3,0,3.0,0.6666666666666666,,,0.5,,,0.5,,,3,0,3.0,0.7147435897435898,,,795.0,,54.6448087431694
1,2017-07-11,DWCS 1.1,Manny Vazquez,Joby Sanchez,Joby Sanchez,Manny Vazquez,Joby Sanchez,-110,120,-130.0,-120.0,False,https://www.bestfightodds.com/fighters/manny-vazquez-7077,Manny Vazquez -110 +100 ... +120 +9.1% ▲ Dana White's Contender Series 1,manny vazquez,joby sanchez,14,11,3.0,0.8571428571428571,0.8181818181818182,0.03896103896103886,0.5833333333333334,0.7777777777777778,-0.19444444444444442,0.3333333333333333,0.2222222222222222,0.1111111111111111,7,8,-1.0,0.5661383252487987,0.4818627450980392,0.08427558015075948,102.0,136.0,-100.0
2,2018-08-07,DWCS 2.8,Greg Hardy,Tebaris Gordon,Greg Hardy,Greg Hardy,Tebaris Gordon,-280,-500,200.0,480.0,True,https://www.bestfightodds.com/fighters/greg-hardy-8191,Greg Hardy -280 -610 ... -500 -15% ▼ Dana White's Contender Series 16,greg hardy,tebaris gordon,2,0,2.0,1.0,,,1.0,,,1.0,,,2,0,2.0,,,,56.0,,20.0
2,2018-08-07,DWCS 2.8,Joe Lowry,Devonte Smith,Devonte Smith,Devonte Smith,Joe Lowry,175,140,,,True,https://www.bestfightodds.com/fighters/devonte-smith-8473,Devonte Smith +175 +140 ... +140 -14.6% ▼ Dana White's Contender Series 16,devonte smith,joe lowry,2,0,2.0,1.0,,,1.0,,,0.5,,,2,0,2.0,0.7424242424242424,,,157.0,,140.0
2,2018-08-07,DWCS 2.8,Kennedy Nzechukwu,Dennis Bryant,Kennedy Nzechukwu,Kennedy Nzechukwu,Dennis Bryant,-265,-700,185.0,525.0,True,https://www.bestfightodds.com/fighters/kennedy-nzechukwu-7454,Kennedy Nzechukwu -265 -750 ... -700 -21% ▼ Dana White's Contender Series 16,kennedy nzechukwu,dennis bryant,1,0,1.0,1.0,,,1.0,,,0.0,,,1,0,1.0,0.4444444444444444,,,640.0,,14.285714285714286
2,2018-08-07,DWCS 2.8,Bobby Moffett,Jacob Kilburn,Bobby Moffett,Bobby Moffett,Jacob Kilburn,-430,-390,310.0,345.0,True,https://www.bestfightodds.com/fighters/bobby-moffett-5731,Bobby Moffett -430 -430 ... -390 +0.9% ▲ Dana White's Contender Series 16,bobby moffett,jacob kilburn,17,7,10.0,0.7647058823529411,0.8571428571428571,-0.09243697478991597,0.6153846153846154,0.6666666666666666,-0.05128205128205121,0.4615384615384615,0.0,0.4615384615384615,7,5,2.0,0.7339743589743589,0.3666666666666666,0.36730769230769234,52.0,66.0,25.641025641025642
2,2018-08-07,DWCS 2.8,JR Coughran,Alex Gilpin,Alex Gilpin,Alex Gilpin,JR Coughran,-320,-290,240.0,250.0,True,https://www.bestfightodds.com/fighters/alex-gilpin-6406,Alex Gilpin -320 -300 ... -290 +2% ▲ Dana White's Contender Series 16,alex gilpin,coughran,13,0,13.0,0.9230769230769232,,,0.75,,,0.4166666666666667,,,5,0,5.0,0.6050000000000001,,,80.0,,34.48275862068966
2,2018-07-31,DWCS 2.7,Roosevelt Roberts,Garrett Gross,Roosevelt Roberts,Roosevelt Roberts,Garrett Gross,-475,-370,325.0,335.0,True,https://www.bestfightodds.com/fighters/roosevelt-roberts-7881,Roosevelt Roberts -475 -405 ... -370 +3.8% ▲ Dana White's Contender Series 15,roosevelt roberts,garrett gross,6,20,-14.0,1.0,0.6,0.4,1.0,0.8333333333333334,0.16666666666666663,0.8333333333333334,0.5,0.33333333333333337,4,8,-4.0,0.40625,0.5888888888888889,-0.1826388888888889,192.0,242.0,27.027027027027028
2,2018-07-31,DWCS 2.7,Don'Tale Mayes,Mitchell Sipe,Don'Tale Mayes,Don'Tale Mayes,Mitchell Sipe,-175,-140,,,True,https://www.bestfightodds.com/fighters/don-tale-mayes-6830,Don'tale Mayes -175 -189 ... -140 +4.2% ▲ Dana White's Contender Series 20,don tale mayes,mitchell sipe,7,0,7.0,0.7142857142857143,,,0.4,,,0.2,,,6,0,6.0,0.5416666666666666,,,108.0,,71.42857142857143
2,2018-07-31,DWCS 2.7,Ian Heinisch,Justin Sumter,Ian Heinisch,Ian Heinisch,Justin Sumter,-365,-450,255.0,385.0,True,https://www.bestfightodds.com/fighters/ian-heinisch-6296,Ian Heinisch -365 -485 ... -450 -5% ▼ Dana White's Contender Series 15,ian heinisch,justin sumter,15,3,12.0,0.8666666666666667,0.3333333333333333,0.5333333333333334,0.6153846153846154,1.0,-0.3846153846153846,0.4615384615384615,1.0,-0.5384615384615385,3,2,1.0,0.6731601731601732,0.7999999999999999,-0.12683982683982675,88.0,277.0,22.22222222222222
2,2018-07-31,DWCS 2.7,Maurice Mitchell,Jordan Griffin,Jordan Griffin,Maurice Mitchell,Jordan Griffin,110,185,-150.0,-200.0,False,https://www.bestfightodds.com/fighters/maurice-mitchell-8448,Maurice Mitchell +110 +170 ... +185 +24.5% ▲ Dana White's Contender Series 15,maurice mitchell,jordan griffin,1,23,-22.0,0.0,0.782608695652174,-0.782608695652174,,0.7777777777777778,,,0.3333333333333333,,1,12,-11.0,0.631578947368421,0.617146665178899,0.014432282189521972,2757.0,60.0,-100.0
2,2018-07-31,DWCS 2.7,Juan Adams,Shawn Teed,Juan Adams,Juan Adams,Shawn Teed,-175,-360,135.0,310.0,True,https://www.bestfightodds.com/fighters/juan-adams-7702,Juan Adams -175 -375 ... -360 -23.6% ▼ Dana White's Contender Series 15,juan adams,shawn teed,0,1,-1.0,,0.0,,,,,,,,0,1,-1.0,,0.7647058823529411,,,528.0,27.77777777777778
2,2018-07-24,DWCS 2.6,Nick Newell,Alexander Munoz,Alexander Munoz,Nick Newell,Alexander Munoz,-300,-105,,,False,https://www.bestfightodds.com/fighters/nick-newell-2868,Nick Newell -300 -140 ... -105 +26.5% ▲ Dana White's Contender Series 14,nick newell,alexander munoz,16,0,16.0,0.9375,,,0.8,,,0.8,,,7,0,7.0,0.3376225490196078,,,137.0,,-100.0
2,2018-07-24,DWCS 2.6,Jimmy Crute,Chris Birchler,Jimmy Crute,Chris Birchler,Jimmy Crute,250,450,,,False,https://www.bestfightodds.com/fighters/chris-birchler-2993,Chris Birchler +250 +425 ... +450 +34.9% ▲ Dana White's Contender Series 14,chris birchler,jimmy crute,4,1,3.0,0.75,1.0,-0.25,0.3333333333333333,0.0,0.3333333333333333,0.3333333333333333,0.0,0.3333333333333333,2,1,1.0,0.6785714285714286,0.6,0.07857142857142863,857.0,123.0,-100.0
2,2018-07-24,DWCS 2.6,Mike Davis,Sodiq Yusuff,Sodiq Yusuff,Mike Davis,Sodiq Yusuff,-140,-225,100.0,200.0,False,https://www.bestfightodds.com/fighters/mike-davis-8423,Mike Davis -140 -235 ... -225 -19.5% ▼ Dana White's Contender Series 14,mike davis,sodiq yusuff,0,2,-2.0,,0.5,,,0.0,,,0.0,,0,2,-2.0,,0.6696428571428572,,,221.0,-100.0
2,2018-07-24,DWCS 2.6,Jeff Hughes,Josh Appelt,Jeff Hughes,Jeff Hughes,Josh Appelt,-135,-275,-105.0,250.0,True,https://www.bestfightodds.com/fighters/jeff-hughes-7563,Jeff Hughes -135 -300 ... -275 -29.2% ▼ Dana White's Contender Series 14,jeff hughes,josh appelt,6,26,-20.0,1.0,0.6923076923076923,0.3076923076923077,0.0,0.8333333333333334,-0.8333333333333334,0.0,0.5555555555555556,-0.5555555555555556,2,7,-5.0,0.7789160401002505,0.4889136761317212,0.2900023639685293,88.0,290.0,36.36363636363637
2,2018-07-24,DWCS 2.6,Chase Hooper,Canaan Kawaihae,Chase Hooper,Chase Hooper,Canaan Kawaihae,-245,-125,175.0,108.0,True,https://www.bestfightodds.com/fighters/chase-hooper-8425,Chase Hooper -245 -128 ... -125 +21.2% ▲ Dana White's Contender Series 14,chase hooper,canaan kawaihae,0,5,-5.0,,1.0,,,1.0,,,1.0,,0,3,-3.0,,0.5,,,146.0,80.0
2,2018-07-17,DWCS 2.5,Maycee Barber,Jamie Colleen,Maycee Barber,Maycee Barber,Jamie Colleen,-300,-470,250.0,375.0,True,https://www.bestfightodds.com/fighters/maycee-barber-7240,Maycee Barber -300 -475 ... -470 -10.1% ▼ Dana White's Contender Series 13,maycee barber,jamie colleen,2,0,2.0,1.0,,,0.0,,,0.0,,,1,0,1.0,0.5,,,312.0,,21.27659574468085
2,2018-07-17,DWCS 2.5,Vince Morales,Domingo Pilarte,Domingo Pilarte,Vince Morales,Domingo Pilarte,-265,-285,185.0,260.0,False,https://www.bestfightodds.com/fighters/vince-morales-6316,Vince Morales -265 -320 ... -285 -3.6% ▼ Dana White's Contender Series 13,vince morales,domingo pilarte,4,9,-5.0,0.75,0.8888888888888888,-0.13888888888888884,1.0,0.625,0.375,0.0,0.5,-0.5,2,5,-3.0,0.7589285714285714,0.6496031746031746,0.10932539682539677,179.0,480.0,-100.0
2,2018-07-17,DWCS 2.5,Anthony Adams,Chibwikem Onyenegecha,Chibwikem Onyenegecha,Anthony Adams,Chibwikem Onyenegecha,130,158,-170.0,-180.0,False,https://www.bestfightodds.com/fighters/anthony-adams-8437,Anthony Adams +130 +155 ... +158 +10.5% ▲ Dana White's Contender Series 13,anthony adams,chibwikem onyenegecha,3,0,3.0,1.0,,,0.0,,,0.0,,,1,0,1.0,0.6512820512820513,,,17.0,,-100.0
2,2018-07-17,DWCS 2.5,Austin Vanderford,Angelo Trevino,Austin Vanderford,Austin Vanderford,Angelo Trevino,-140,-110,100.0,-105.0,True,https://www.bestfightodds.com/fighters/austin-vanderford-7790,Austin Vanderford -140 -115 ... -110 +9.1% ▲ Dana White's Contender Series 13,austin vanderford,angelo trevino,4,1,3.0,1.0,0.0,1.0,0.5,,,0.25,,,4,1,3.0,0.5,0.8333333333333334,-0.33333333333333337,213.0,843.0,90.9090909090909
2,2018-07-17,DWCS 2.5,Edmen Shahbazyan,Antonio Jones,Edmen Shahbazyan,Edmen Shahbazyan,Antonio Jones,-165,-230,125.0,215.0,True,https://www.bestfightodds.com/fighters/edmen-shahbazyan-8418,Edmen Shahbazyan -165 -245 ... -230 -13.1% ▼ Dana White's Contender Series 13,edmen shahbazyan,antonio jones,0,7,-7.0,,1.0,,,0.4285714285714285,,,0.1428571428571428,,0,4,-4.0,,0.2785714285714286,,,135.0,43.47826086956522
2,2018-07-10,DWCS 2.4,Kevin Aguilar,Joey Gomez,Kevin Aguilar,Kevin Aguilar,Joey Gomez,-265,-370,185.0,310.0,True,https://www.bestfightodds.com/fighters/kevin-aguilar-2365,Kevin Aguilar -265 -370 ... -370 -8.4% ▼ Dana White's Contender Series 12,kevin aguilar,joey gomez,10,4,6.0,1.0,0.75,0.25,0.8,0.6666666666666666,0.13333333333333341,0.3,0.6666666666666666,-0.36666666666666664,5,4,1.0,0.7324331550802139,0.6299603174603174,0.10247283761989645,340.0,605.0,27.027027027027028
2,2018-07-10,DWCS 2.4,Bevon Lewis,Alton Cunningham,Bevon Lewis,Bevon Lewis,Alton Cunningham,-180,-155,140.0,145.0,True,https://www.bestfightodds.com/fighters/bevon-lewis-7459,Bevon Lewis -180 -170 ... -155 +3.6% ▲ Dana White's Contender Series 12,bevon lewis,alton cunningham,7,4,3.0,1.0,1.0,0.0,0.2857142857142857,1.0,-0.7142857142857143,0.0,0.5,-0.5,4,1,3.0,0.875,0.6619047619047619,0.21309523809523812,74.0,130.0,64.51612903225806
2,2018-07-10,DWCS 2.4,Toby Misech,Ricky Palacios,Ricky Palacios,Toby Misech,Ricky Palacios,255,-108,,,False,https://www.bestfightodds.com/fighters/toby-misech-3103,Toby Misech +255 -115 ... -108 -87.5% ▼ Dana White's Contender Series 12,toby misech,ricky palacios,14,5,9.0,0.6428571428571429,0.8,-0.15714285714285714,0.6666666666666666,0.5,0.16666666666666663,0.2222222222222222,0.25,-0.02777777777777779,8,2,6.0,0.484375,0.6416666666666666,-0.1572916666666666,475.0,446.0,-100.0
2,2018-07-10,DWCS 2.4,Jordan Espinosa,Rilley Dutro,Jordan Espinosa,Jordan Espinosa,Rilley Dutro,195,140,,,True,https://www.bestfightodds.com/fighters/jordan-espinosa-5222,Jordan Espinosa +195 +135 ... +140 -23.9% ▼ Dana White's Contender Series 12,jordan espinosa,rilley dutro,18,0,18.0,0.7058823529411765,,,0.6666666666666666,,,0.5833333333333334,,,16,0,16.0,0.6096156368883641,,,129.0,,140.0
2,2018-07-10,DWCS 2.4,Jalin Turner,Max Mustaki,Jalin Turner,Jalin Turner,Max Mustaki,-280,-440,200.0,385.0,True,https://www.bestfightodds.com/fighters/jalin-turner-6854,Jalin Turner -280 -500 ... -440 -11.9% ▼ Dana White's Contender Series 12,jalin turner,max mustaki,11,0,11.0,0.7272727272727273,,,1.0,,,1.0,,,8,0,8.0,0.5514285714285714,,,171.0,,22.727272727272727
2,2018-06-26,DWCS 2.3,Antonina Shevchenko,Jaimelene Nievera,Antonina Shevchenko,Antonina Shevchenko,Jaimelene Nievera,-300,-1250,220.0,900.0,True,https://www.bestfightodds.com/fighters/antonina-shevchenko-8257,Antonina Shevchenko -300 -1450 ... -1250 -24.1% ▼ Dana White's Contender Series 11,antonina shevchenko,jaimelene nievera,0,14,-14.0,,0.7142857142857143,,,0.6,,,0.1,,0,6,-6.0,,0.3648989898989899,,,18.0,8.0
2,2018-06-26,DWCS 2.3,Austin Tweedy,Te Edwards,Te Edwards,Austin Tweedy,Te Edwards,-165,110,125.0,-120.0,False,https://www.bestfightodds.com/fighters/austin-tweedy-8281,Austin Tweedy -165 +100 ... +110 +21.7% ▲ Dana White's Contender Series 11,austin tweedy,te edwards,2,7,-5.0,0.5,0.8571428571428571,-0.3571428571428571,1.0,1.0,0.0,1.0,1.0,0.0,2,6,-4.0,0.7727272727272727,0.59375,0.1789772727272727,1243.0,276.0,-100.0
2,2018-06-26,DWCS 2.3,Greg Rebello,Josh Parisian,Josh Parisian,Greg Rebello,Josh Parisian,-180,-550,140.0,475.0,False,https://www.bestfightodds.com/fighters/greg-rebello-1449,Greg Rebello -180 -650 ... -550 -33.3% ▼ Dana White's Contender Series 11,greg rebello,josh parisian,12,3,9.0,0.75,0.3333333333333333,0.4166666666666667,0.5555555555555556,1.0,-0.4444444444444444,0.2222222222222222,0.0,0.2222222222222222,5,2,3.0,0.5818701723113489,0.5280632411067193,0.05380693120462954,350.0,423.0,-100.0
2,2018-06-26,DWCS 2.3,Julian Erosa,Jamall Emmers,Julian Erosa,Julian Erosa,Jamall Emmers,110,225,-150.0,-260.0,True,https://www.bestfightodds.com/fighters/julian-erosa-6088,Julian Erosa +110 +220 ... +225 +35% ▲ Dana White's Contender Series 11,julian erosa,jamall emmers,6,18,-12.0,0.3333333333333333,0.8333333333333334,-0.5,0.5,0.4666666666666667,0.033333333333333326,0.0,0.1333333333333333,-0.1333333333333333,5,8,-3.0,0.8094336219336219,0.5790630835667601,0.23037053836686183,192.0,95.0,225.0
2,2018-06-26,DWCS 2.3,Tim Caron,Jordan Williams,,Tim Caron,Jordan Williams,-230,150,170.0,-170.0,False,https://www.bestfightodds.com/fighters/tim-caron-6312,Tim Caron -230 +145 ... +150 +42.1% ▲ Dana White's Contender Series 11,tim caron,jordan williams,13,2,11.0,0.8461538461538461,1.0,-0.15384615384615385,1.0,0.5,0.5,0.5454545454545454,0.5,0.045454545454545414,5,2,3.0,0.3441558441558441,0.422077922077922,-0.07792207792207789,144.0,990.0,-100.0
2,2018-06-19,DWCS 2.2,Matt Sayles,Yazan Hajeh,Matt Sayles,Matt Sayles,Yazan Hajeh,-180,-300,140.0,265.0,True,https://www.bestfightodds.com/fighters/matt-sayles-5034,Matt Sayles -180 -315 ... -300 -17.4% ▼ Dana White's Contender Series 10,matt sayles,yazan hajeh,2,7,-5.0,0.5,1.0,-0.5,1.0,0.2857142857142857,0.7142857142857143,0.0,0.2857142857142857,-0.2857142857142857,2,3,-1.0,0.875,0.3125,0.5625,556.0,291.0,33.333333333333336
2,2018-06-19,DWCS 2.2,Anthony Hernandez,Jordan Wright,,Anthony Hernandez,Jordan Wright,-260,-265,180.0,225.0,False,https://www.bestfightodds.com/fighters/anthony-hernandez-6092,Anthony Hernandez -260 -265 ... -265 -0.5% ▼ Dana White's Contender Series 10,anthony hernandez,jordan wright,2,10,-8.0,0.5,1.0,-0.5,1.0,1.0,0.0,1.0,1.0,0.0,2,4,-2.0,0.8214285714285714,0.0,0.8214285714285714,921.0,158.0,-100.0
2,2018-06-19,DWCS 2.2,Giga Chikadze,Austin Springer,Austin Springer,Giga Chikadze,Austin Springer,-300,-345,220.0,285.0,False,https://www.bestfightodds.com/fighters/giga-chikadze-6073,Giga Chikadze -300 -350 ... -345 -3.6% ▼ Dana White's Contender Series 10,giga chikadze,austin springer,0,2,-2.0,,1.0,,,0.5,,,0.0,,0,2,-2.0,,0.5520833333333333,,,878.0,-100.0
2,2018-06-19,DWCS 2.2,Ryan Spann,Emiliano Sordi,Ryan Spann,Ryan Spann,Emiliano Sordi,-320,-560,240.0,480.0,True,https://www.bestfightodds.com/fighters/ryan-spann-3502,Ryan Spann -320 -610 ... -560 -12.1% ▼ Dana White's Contender Series 10,ryan spann,emiliano sordi,22,15,7.0,0.7272727272727273,0.4666666666666667,0.2606060606060606,0.9375,1.0,-0.0625,0.875,0.8571428571428571,0.017857142857142905,8,6,2.0,0.6129391441891442,0.6028753888287357,0.010063755360408488,144.0,375.0,17.857142857142858
2,2018-06-19,DWCS 2.2,Dwight Grant,Tyler Hill,Dwight Grant,Dwight Grant,Tyler Hill,-350,-430,250.0,350.0,True,https://www.bestfightodds.com/fighters/dwight-grant-6763,Dwight Grant -350 -450 ... -430 -4.8% ▼ Dana White's Contender Series 10,dwight grant,tyler hill,2,2,0.0,1.0,0.0,1.0,0.0,,,0.0,,,1,1,0.0,1.0,0.9090909090909092,0.09090909090909083,577.0,606.0,23.25581395348837
2,2018-06-12,DWCS 2.1,Alonzo Menifield,Dashawn Boatwright,Alonzo Menifield,Alonzo Menifield,Dashawn Boatwright,-600,-465,400.0,380.0,True,https://www.bestfightodds.com/fighters/alonzo-menifield-5961,Alonzo Menifield -600 -475 ... -465 +3.8% ▲ Dana White's Contender Series 9,alonzo menifield,dashawn boatwright,10,0,10.0,1.0,,,1.0,,,0.7,,,4,0,4.0,0.675,,,116.0,,21.50537634408602
2,2018-06-12,DWCS 2.1,Chris Curtis,Sean Lally,Chris Curtis,Chris Curtis,Sean Lally,-600,-750,400.0,550.0,True,https://www.bestfightodds.com/fighters/chris-curtis-6020,Chris Curtis -600 -800 ... -750 -3.3% ▼ Dana White's Contender Series 9,chris curtis,sean lally,6,3,3.0,0.8333333333333334,0.6666666666666666,0.16666666666666674,0.4,0.5,-0.09999999999999998,0.0,0.5,-0.5,4,1,3.0,0.7242094861660079,0.5150375939849624,0.20917189218104548,67.0,136.0,13.333333333333334
2,2018-06-12,DWCS 2.1,Greg Hardy,Austen Lane,Greg Hardy,Greg Hardy,Austen Lane,-280,-500,,,True,https://www.bestfightodds.com/fighters/greg-hardy-8191,Greg Hardy -280 -610 ... -500 -15% ▼ Dana White's Contender Series 16,greg hardy,austen lane,1,0,1.0,1.0,,,1.0,,,1.0,,,1,0,1.0,,,,116.0,,20.0
2,2018-06-12,DWCS 2.1,Montel Jackson,Rico DiSciullo,Montel Jackson,Montel Jackson,Rico DiSciullo,-290,-275,210.0,235.0,True,https://www.bestfightodds.com/fighters/montel-jackson-8255,Montel Jackson -290 -275 ... -275 +1.4% ▲ Dana White's Contender Series 9,montel jackson,rico disciullo,1,14,-13.0,1.0,0.8461538461538461,0.15384615384615385,1.0,0.5454545454545454,0.4545454545454546,0.0,0.5454545454545454,-0.5454545454545454,1,2,-1.0,0.3333333333333333,0.4770238095238095,-0.1436904761904762,122.0,130.0,36.36363636363637
2,2018-06-12,DWCS 2.1,Kevin Holland,Will Santiago,Kevin Holland,Kevin Holland,Will Santiago,-530,-900,350.0,650.0,True,https://www.bestfightodds.com/fighters/kevin-holland-5910,Kevin Holland -530 -1000 ... -900 -7.5% ▼ Dana White's Contender Series 9,kevin holland,will santiago,8,13,-5.0,0.75,0.6923076923076923,0.05769230769230771,1.0,1.0,0.0,0.6666666666666666,1.0,-0.33333333333333337,3,6,-3.0,0.8091269841269841,0.3928571428571428,0.41626984126984135,102.0,193.0,11.11111111111111
3,2019-08-27,DWCS 3.10,Dusko Todorovic,Teddy Ash,Dusko Todorovic,Dusko Todorovic,Teddy Ash,-325,-265,250.0,225.0,True,https://www.bestfightodds.com/fighters/dusko-todorovic-9397,Dusko Todorovic -325 -285 ... -265 +4% ▲ Dana White's Contender Series 26,dusko todorovic,teddy ash,0,5,-5.0,,0.8,,,0.75,,,0.25,,0,2,-2.0,,0.5458533724340177,,,179.0,37.735849056603776
3,2019-08-27,DWCS 3.10,Kailan Hill,Impa Kasanganay,Impa Kasanganay,Kailan Hill,Impa Kasanganay,-325,-625,215.0,495.0,False,https://www.bestfightodds.com/fighters/kailan-hill-8647,Kailan Hill -325 -670 ... -625 -13.4% ▼ Dana White's Contender Series 26,kailan hill,impa kasanganay,4,6,-2.0,1.0,1.0,0.0,0.5,0.3333333333333333,0.16666666666666669,0.5,0.3333333333333333,0.16666666666666669,1,4,-3.0,0.6857142857142857,0.2222222222222222,0.4634920634920635,151.0,46.0,-100.0
3,2019-08-27,DWCS 3.10,SangHoon Yoo,Peter Barrett,Peter Barrett,Peter Barrett,SangHoon Yoo,-175,160,,,True,https://www.bestfightodds.com/fighters/peter-barrett-6751,Peter Barrett -175 +110 ... +160 +33.7% ▲ Dana White's Contender Series 26,peter barrett,sanghoon yoo,0,0,0.0,,,,,,,,,,0,0,0.0,,,,,,160.0
3,2019-08-27,DWCS 3.10,Ben Sosoli,Dustin Joynson,,Ben Sosoli,Dustin Joynson,-120,108,-120.0,-105.0,False,https://www.bestfightodds.com/fighters/ben-sosoli-9400,Ben Sosoli -120 -115 ... +108 +7.4% ▲ Dana White's Contender Series 26,ben sosoli,dustin joynson,9,5,4.0,0.7777777777777778,1.0,-0.2222222222222222,0.8571428571428571,0.8,0.05714285714285705,0.5714285714285714,0.4,0.17142857142857137,5,5,0.0,0.4841269841269842,0.47,0.01412698412698421,151.0,283.0,-100.0
3,2019-08-27,DWCS 3.10,TJ Brown,Dylan Lockard,TJ Brown,Dylan Lockard,TJ Brown,115,120,,,False,https://www.bestfightodds.com/fighters/dylan-lockard-6580,Dylan Lockard +115 +105 ... +120 0% Dana White's Contender Series 26,dylan lockard,tj brown,2,0,2.0,0.5,,,0.0,,,0.0,,,1,0,1.0,0.4955357142857143,,,389.0,,-100.0
3,2019-08-13,DWCS 3.8,Herdem Alacabek,William Knight,William Knight,Herdem Alacabek,William Knight,100,-165,-139.0,145.0,False,https://www.bestfightodds.com/fighters/herdem-alacabek-7959,Herdem Alacabek +100 -172 ... -165 -25.7% ▼ Dana White's Contender Series 24,herdem alacabek,william knight,1,4,-3.0,1.0,0.75,0.25,1.0,1.0,0.0,1.0,0.6666666666666666,0.33333333333333337,1,3,-2.0,0.8,0.5676767676767677,0.23232323232323238,802.0,206.0,-100.0
3,2019-08-13,DWCS 3.8,Devin Smyth,Brok Weaver,Brok Weaver,Devin Smyth,Brok Weaver,-139,-152,110.0,140.0,False,https://www.bestfightodds.com/fighters/devin-smyth-9355,Devin Smyth -139 -160 ... -152 -4.5% ▼ Dana White's Contender Series 24,devin smyth,brok weaver,0,3,-3.0,,0.3333333333333333,,,0.0,,,0.0,,0,3,-3.0,,0.7183859050866724,,,551.0,-100.0
3,2019-08-13,DWCS 3.8,Sarah Alpar,Shanna Young,Sarah Alpar,Sarah Alpar,Shanna Young,110,125,-139.0,-135.0,True,https://www.bestfightodds.com/fighters/sarah-alpar-6469,Sarah Alpar +110 +115 ... +125 +4.1% ▲ Dana White's Contender Series 24,sarah alpar,shanna young,4,7,-3.0,0.5,0.8571428571428571,-0.3571428571428571,0.0,0.6666666666666666,-0.6666666666666666,0.0,0.1666666666666666,-0.1666666666666666,3,4,-1.0,0.7962301587301587,0.5,0.2962301587301587,256.0,165.0,125.0
3,2019-08-13,DWCS 3.8,Ray Rodriguez,Tony Gravely,Tony Gravely,Ray Rodriguez,Tony Gravely,333,300,-500.0,-320.0,False,https://www.bestfightodds.com/fighters/ray-rodriguez-3511,Ray Rodriguez +333 +260 ... +300 -13.4% ▼ Dana White's Contender Series 24,ray rodriguez,tony gravely,25,24,1.0,0.68,0.7916666666666666,-0.11166666666666658,0.6470588235294118,0.5263157894736842,0.12074303405572762,0.4117647058823529,0.1578947368421052,0.2538699690402477,11,12,-1.0,0.4675004778368619,0.6279737806053596,-0.1604733027684977,115.0,137.0,-100.0
3,2019-08-13,DWCS 3.8,Julius Anglickas,Karl Reed,Julius Anglickas,Julius Anglickas,Karl Reed,-278,-170,200.0,150.0,True,https://www.bestfightodds.com/fighters/julius-anglickas-6504,Julius Anglickas -278 -175 ... -170 +14% ▲ Dana White's Contender Series 24,julius anglickas,karl reed,9,1,8.0,0.8888888888888888,1.0,-0.11111111111111116,1.0,0.0,1.0,0.375,0.0,0.375,5,1,4.0,0.7,0.5,0.19999999999999996,179.0,353.0,58.8235294117647
3,2019-07-30,DWCS 3.6,Aleksa Camur,Fabio Cherant,Aleksa Camur,Aleksa Camur,Fabio Cherant,-230,-335,170.0,300.0,True,https://www.bestfightodds.com/fighters/aleksa-camur-9289,Aleksa Camur -230 -455 ... -335 -13.6% ▼ Dana White's Contender Series 22,aleksa camur,fabio cherant,0,4,-4.0,,1.0,,,1.0,,,0.75,,0,1,-1.0,,0.0,,,270.0,29.850746268656717
3,2019-07-30,DWCS 3.6,Steven Nguyen,Aalon Cruz,Aalon Cruz,Steven Nguyen,Aalon Cruz,-260,-160,180.0,150.0,False,https://www.bestfightodds.com/fighters/steven-nguyen-9291,Steven Nguyen -260 -189 ... -160 +12.8% ▲ Dana White's Contender Series 22,steven nguyen,aalon cruz,2,9,-7.0,1.0,0.7777777777777778,0.2222222222222222,0.5,0.4285714285714285,0.07142857142857151,0.5,0.2857142857142857,0.2142857142857143,2,4,-2.0,0.5504201680672269,0.4444444444444445,0.10597572362278246,479.0,172.0,-100.0
3,2019-07-30,DWCS 3.6,Tracy Cortez,Mariya Agapova,Tracy Cortez,Tracy Cortez,Mariya Agapova,120,100,-160.0,-115.0,True,https://www.bestfightodds.com/fighters/tracy-cortez-7427,Tracy Cortez +120 -105 ... +100 -11.6% ▼ Dana White's Contender Series 22,tracy cortez,mariya agapova,1,0,1.0,1.0,,,0.0,,,0.0,,,1,0,1.0,0.5,,,493.0,,100.0
3,2019-07-30,DWCS 3.6,Daniel Rodriguez,Rico Farrington,Daniel Rodriguez,Daniel Rodriguez,Rico Farrington,-300,-185,220.0,175.0,True,https://www.bestfightodds.com/fighters/daniel-rodriguez-6856,Daniel Rodriguez -300 -227 ... -185 +11% ▲ Dana White's Contender Series 22,daniel rodriguez,rico farrington,2,1,1.0,1.0,0.0,1.0,1.0,,,0.5,,,2,1,1.0,0.2833333333333333,1.0,-0.7166666666666667,158.0,1944.0,54.054054054054056
3,2019-07-30,DWCS 3.6,Rodrigo Nascimento,Michal Martinek,Rodrigo Nascimento,Rodrigo Nascimento,Michal Martinek,175,-152,-245.0,140.0,True,https://www.bestfightodds.com/fighters/rodrigo-nascimento-9293,Rodrigo Nascimento +175 -160 ... -152 -67.6% ▼ Dana White's Contender Series 22,rodrigo nascimento,michal martinek,8,13,-5.0,0.75,1.0,-0.25,1.0,0.8461538461538461,0.15384615384615385,0.8333333333333334,0.4615384615384615,0.37179487179487186,6,2,4.0,0.4555555555555555,0.3873456790123456,0.06820987654320987,122.0,367.0,65.78947368421052
3,2019-07-23,DWCS 3.5,Ramazan Kuramagomedov,Jordan Williams,Ramazan Kuramagomedov,Ramazan Kuramagomedov,Jordan Williams,-450,-580,350.0,470.0,True,https://www.bestfightodds.com/fighters/ramazan-kuramagomedov-8583,Ramazan Kuramagomedov -450 -640 ... -580 -5.1% ▼ Dana White's Contender Series 21,ramazan kuramagomedov,jordan williams,8,5,3.0,1.0,1.0,0.0,0.625,0.75,-0.125,0.375,0.25,0.125,3,4,-1.0,0.6648113790970934,0.5602841602841602,0.10452721881293325,327.0,87.0,17.24137931034483
3,2019-07-23,DWCS 3.5,Terrance McKinney,Sean Woodson,Sean Woodson,Terrance McKinney,Sean Woodson,-275,-335,235.0,285.0,False,https://www.bestfightodds.com/fighters/terrance-mckinney-9286,Terrance McKinney -275 -400 ... -335 -6.8% ▼ Dana White's Contender Series 21,terrance mckinney,sean woodson,8,1,7.0,0.875,1.0,-0.125,1.0,0.0,1.0,0.8571428571428571,0.0,0.8571428571428571,4,1,3.0,0.1203703703703703,0.4285714285714285,-0.3082010582010582,66.0,669.0,-100.0
3,2019-07-23,DWCS 3.5,Christian Lohsen,JJ Okanovich,JJ Okanovich,Christian Lohsen,JJ Okanovich,110,110,,,False,https://www.bestfightodds.com/fighters/christian-lohsen-9287,Christian Lohsen +110 -115 ... +110 -8.1% ▼ Dana White's Contender Series 21,christian lohsen,jj okanovich,8,0,8.0,0.875,,,0.8571428571428571,,,0.7142857142857143,,,3,0,3.0,0.3888888888888888,,,139.0,,-100.0
3,2019-07-23,DWCS 3.5,Jamahal Hill,Alexander Poppeck,Jamahal Hill,Jamahal Hill,Alexander Poppeck,-240,-270,205.0,245.0,True,https://www.bestfightodds.com/fighters/jamahal-hill-9288,Jamahal Hill -240 -285 ... -270 -4.2% ▼ Dana White's Contender Series 21,jamahal hill,alexander poppeck,0,0,0.0,,,,,,,,,,0,0,0.0,,,,,,37.03703703703704
3,2019-07-23,DWCS 3.5,Billy Quarantillo,Kamuela Kirk,Billy Quarantillo,Billy Quarantillo,Kamuela Kirk,190,245,-225.0,-270.0,True,https://www.bestfightodds.com/fighters/billy-quarantillo-4159,Billy Quarantillo +190 +225 ... +245 +12.9% ▲ Dana White's Contender Series 21,billy quarantillo,kamuela kirk,4,13,-9.0,1.0,0.8461538461538461,0.15384615384615385,0.5,1.0,-0.5,0.25,0.9090909090909092,-0.6590909090909092,4,7,-3.0,0.6484375,0.4115322580645161,0.2369052419354839,703.0,256.0,245.0
3,2019-07-16,DWCS 3.4,Stephen Regman,Antonio Arroyo,Antonio Arroyo,Stephen Regman,Antonio Arroyo,175,-111,-205.0,111.0,False,https://www.bestfightodds.com/fighters/stephen-regman-5958,Stephen Regman +175 -131 ... -111 -50.6% ▼ Dana White's Contender Series 20,stephen regman,antonio arroyo,13,10,3.0,0.7692307692307693,0.8,-0.03076923076923077,0.9,0.875,0.025000000000000022,0.6,0.875,-0.275,4,9,-5.0,0.5261904761904762,0.4166666666666667,0.10952380952380952,305.0,340.0,-100.0
3,2019-07-16,DWCS 3.4,Ode Osbourne,Armando Villarreal,Ode Osbourne,Ode Osbourne,Armando Villarreal,210,162,-250.0,-145.0,True,https://www.bestfightodds.com/fighters/ode-osbourne-9282,Ode Osbourne +210 +125 ... +162 -29.7% ▼ Dana White's Contender Series 20,ode osbourne,armando villarreal,10,10,0.0,0.7777777777777778,0.9,-0.12222222222222223,0.8571428571428571,0.5555555555555556,0.3015873015873015,0.7142857142857143,0.2222222222222222,0.4920634920634921,5,3,2.0,0.25,0.7623376623376624,-0.5123376623376624,178.0,109.0,162.0
3,2019-07-16,DWCS 3.4,Ricardo Prasel,Don'Tale Mayes,Don'Tale Mayes,Ricardo Prasel,Don'Tale Mayes,150,150,-175.0,-140.0,False,https://www.bestfightodds.com/fighters/ricardo-prasel-8018,Ricardo Prasel +150 +120 ... +150 -8.7% ▼ Dana White's Contender Series 20,ricardo prasel,don tale mayes,12,9,3.0,0.8333333333333334,0.7777777777777778,0.05555555555555558,1.0,0.5714285714285714,0.4285714285714286,0.9,0.1428571428571428,0.7571428571428572,9,7,2.0,0.3257775119617225,0.5416666666666666,-0.21588915470494413,226.0,241.0,-100.0
3,2019-07-16,DWCS 3.4,Lance Lawrence,Kevin Syler,Kevin Syler,Lance Lawrence,Kevin Syler,145,245,-170.0,-270.0,False,https://www.bestfightodds.com/fighters/lance-lawrence-9283,Lance Lawrence +145 +225 ... +245 +26.4% ▲ Dana White's Contender Series 20,lance lawrence,kevin syler,1,1,0.0,1.0,1.0,0.0,1.0,0.0,1.0,1.0,0.0,1.0,1,1,0.0,1.0,0.6,0.4,1116.0,1712.0,-100.0
3,2019-07-16,DWCS 3.4,Brendan Allen,Aaron Jeffery,Brendan Allen,Brendan Allen,Aaron Jeffery,-250,-625,210.0,500.0,True,https://www.bestfightodds.com/fighters/brendan-allen-6203,Brendan Allen -250 -675 ... -625 -21.3% ▼ Dana White's Contender Series 20,brendan allen,aaron jeffery,13,2,11.0,0.8461538461538461,0.5,0.34615384615384615,0.8181818181818182,1.0,-0.18181818181818177,0.6363636363636364,1.0,-0.36363636363636365,3,2,1.0,0.7888939470772635,0.7777777777777778,0.011116169299485668,144.0,1221.0,16.0
3,2019-07-09,DWCS 3.3,Kenneth Bergh,Antonio Trocoli,,Kenneth Bergh,Antonio Trocoli,-250,-140,210.0,162.0,False,https://www.bestfightodds.com/fighters/kenneth-bergh-6792,Kenneth Bergh -250 -200 ... -140 +13.2% ▲ Dana White's Contender Series 19,kenneth bergh,antonio trocoli,8,15,-7.0,1.0,0.7333333333333333,0.2666666666666667,1.0,0.6363636363636364,0.36363636363636365,0.75,0.1818181818181818,0.5681818181818182,5,9,-4.0,0.4499999999999999,0.4978021978021978,-0.04780219780219791,767.0,241.0,-100.0
3,2019-07-09,DWCS 3.3,Christian Ocon,Hunter Azure,Hunter Azure,Hunter Azure,Christian Ocon,-600,-200,,,True,https://www.bestfightodds.com/fighters/hunter-azure-8903,Hunter Azure -600 -278 ... -200 +18.4% ▲ Dana White's Contender Series 19,hunter azure,christian ocon,9,0,9.0,1.0,,,0.5555555555555556,,,0.4444444444444444,,,4,0,4.0,0.4225108225108225,,,60.0,,50.0
3,2019-07-09,DWCS 3.3,Maki Pitolo,Justin Sumter,Maki Pitolo,Maki Pitolo,Justin Sumter,-250,140,210.0,-155.0,True,https://www.bestfightodds.com/fighters/maki-pitolo-6299,Maki Pitolo -250 +125 ... +140 +39.9% ▲ Dana White's Contender Series 19,maki pitolo,justin sumter,16,4,12.0,0.75,0.25,0.5,0.75,1.0,-0.25,0.4166666666666667,1.0,-0.5833333333333333,7,3,4.0,0.6260556841952192,0.8166666666666667,-0.19061098247144748,206.0,343.0,140.0
3,2019-07-09,DWCS 3.3,Jonathan Pearce,Jacob Rosales,Jonathan Pearce,Jonathan Pearce,Jacob Rosales,170,144,-200.0,-155.0,True,https://www.bestfightodds.com/fighters/jonathan-pearce-9246,Jonathan Pearce +170 +125 ... +144 -14.9% ▼ Dana White's Contender Series 19,jonathan pearce,jacob rosales,13,8,5.0,0.7692307692307693,1.0,-0.23076923076923073,0.9,0.5,0.4,0.1,0.5,-0.4,6,4,2.0,0.40625,0.6804621848739496,-0.2742121848739496,291.0,235.0,144.0
3,2019-06-25,DWCS 3.2,Alton Cunningham,Tony Johnson,Tony Johnson,Alton Cunningham,Tony Johnson,-350,-455,250.0,450.0,False,https://www.bestfightodds.com/fighters/alton-cunningham-7725,Alton Cunningham -350 -600 ... -455 -8.1% ▼ Dana White's Contender Series 18,alton cunningham,tony johnson,7,18,-11.0,0.8571428571428571,0.8235294117647058,0.03361344537815125,1.0,0.5,0.5,0.3333333333333333,0.2857142857142857,0.047619047619047616,2,12,-10.0,0.7115646258503402,0.6902661064425769,0.021298519407763283,200.0,129.0,-100.0
3,2019-06-25,DWCS 3.2,Zach Zane,Justin Gonzales,Justin Gonzales,Zach Zane,Justin Gonzales,225,390,-305.0,-400.0,False,https://www.bestfightodds.com/fighters/zach-zane-8728,Zach Zane +225 +300 ... +390 +28.1% ▲ Dana White's Contender Series 18,zach zane,justin gonzales,19,9,10.0,0.631578947368421,1.0,-0.368421052631579,1.0,0.4444444444444444,0.5555555555555556,0.75,0.2222222222222222,0.5277777777777778,13,1,12.0,0.5791666666666667,0.525,0.054166666666666696,95.0,59.0,-100.0
3,2019-06-25,DWCS 3.2,Michael Lombardo,Kyle Daukaus,Kyle Daukaus,Michael Lombardo,Kyle Daukaus,-115,-192,,,False,https://www.bestfightodds.com/fighters/michael-lombardo-9186,Michael Lombardo -115 -210 ... -192 -24.8% ▼ Dana White's Contender Series 33,michael lombardo,kyle daukaus,1,0,1.0,1.0,,,1.0,,,1.0,,,1,0,1.0,0.6,,,157.0,,-100.0
3,2019-06-25,DWCS 3.2,Richie Santiago,Miles Johns,Miles Johns,Richie Santiago,Miles Johns,240,775,-320.0,-1000.0,False,https://www.bestfightodds.com/fighters/richie-santiago-7381,Richie Santiago +240 +600 ... +775 +57.1% ▲ Dana White's Contender Series 18,richie santiago,miles johns,1,5,-4.0,1.0,1.0,0.0,1.0,0.2,0.8,1.0,0.0,1.0,1,2,-1.0,0.8571428571428571,0.7057692307692307,0.1513736263736264,585.0,207.0,-100.0
3,2019-06-25,DWCS 3.2,Miguel Baeza,Victor Reyna,Miguel Baeza,Miguel Baeza,Victor Reyna,-380,-400,260.0,345.0,True,https://www.bestfightodds.com/fighters/miguel-baeza-6383,Miguel Baeza -380 -415 ... -400 -1.3% ▼ Dana White's Contender Series 18,miguel baeza,victor reyna,1,4,-3.0,1.0,0.6666666666666666,0.33333333333333337,1.0,0.5,0.5,1.0,0.5,0.5,1,3,-2.0,0.6666666666666666,0.6568260368663594,0.009840629800307199,192.0,339.0,25.0
3,2019-06-18,DWCS 3.1,Punahele Soriano,Jamie Pickett,Punahele Soriano,Punahele Soriano,Jamie Pickett,-300,-333,250.0,305.0,True,https://www.bestfightodds.com/fighters/punahele-soriano-7386,Punahele Soriano -300 -370 ... -333 -3.4% ▼ Dana White's Contender Series 17,punahele soriano,jamie pickett,6,1,5.0,1.0,1.0,0.0,1.0,1.0,0.0,1.0,1.0,0.0,5,1,4.0,0.8666666666666667,0.5454545454545454,0.3212121212121213,242.0,388.0,30.03003003003003
3,2019-06-18,DWCS 3.1,Hannah Goldy,Kali Robbins,Hannah Goldy,Hannah Goldy,Kali Robbins,-180,-205,155.0,200.0,True,https://www.bestfightodds.com/fighters/hannah-goldy-9170,Hannah Goldy -180 -278 ... -205 -8.6% ▼ Dana White's Contender Series 17,hannah goldy,kali robbins,0,0,0.0,,,,,,,,,,0,0,0.0,,,,,,48.78048780487805
3,2019-06-18,DWCS 3.1,Bill Algeo,Brendan Loughnane,Brendan Loughnane,Bill Algeo,Brendan Loughnane,-110,275,-110.0,-280.0,False,https://www.bestfightodds.com/fighters/bill-algeo-9171,Bill Algeo -110 +240 ... +275 +45.8% ▲ Dana White's Contender Series 17,bill algeo,brendan loughnane,6,22,-16.0,0.8333333333333334,0.8181818181818182,0.015151515151515138,0.8,0.7777777777777778,0.022222222222222254,0.0,0.3888888888888889,-0.3888888888888889,4,10,-6.0,0.8326330532212886,0.5637237027678205,0.2689093504534681,116.0,200.0,-100.0
3,2019-06-18,DWCS 3.1,Sanford Alton Meeks,Yorgan De Castro,Yorgan De Castro,Yorgan De Castro,Sanford Alton Meeks,250,675,,,True,https://www.bestfightodds.com/fighters/yorgan-de-castro-7875,Yorgan de Castro +250 +550 ... +675 +50.6% ▲ Dana White's Contender Series 17,yorgan de castro,sanford alton meeks,1,0,1.0,1.0,,,1.0,,,1.0,,,1,0,1.0,0.75,,,213.0,,675.0
4,2020-11-17,DWCS 4.10,JP Buys,Jacob Silva,JP Buys,Jacob Silva,JP Buys,-260,-400,,,False,https://www.bestfightodds.com/fighters/jacob-silva-5302,Jacob Silva -260 -510 ... -400 -13.1% ▼ Dana White's Contender Series 36,jacob silva,jp buys,10,0,10.0,0.7,,,1.0,,,0.7142857142857143,,,4,0,4.0,0.5444444444444444,,,84.0,,-100.0
4,2020-11-17,DWCS 4.10,Nick Maximov,Oscar Cota,Nick Maximov,Nick Maximov,Oscar Cota,-275,-390,215.0,360.0,True,https://www.bestfightodds.com/fighters/nick-maximov-10315,Nick Maximov -275 -500 ... -390 -10.6% ▼ Dana White's Contender Series 36,nick maximov,oscar cota,0,2,-2.0,,0.5,,,0.0,,,0.0,,0,2,-2.0,,0.453125,,,724.0,25.641025641025642
4,2020-11-17,DWCS 4.10,Pauline Macias,Gloria de Paula,Gloria de Paula,Pauline Macias,Gloria de Paula,-150,240,120.0,-213.0,False,https://www.bestfightodds.com/fighters/pauline-macias-9024,Pauline Macias -150 +170 ... +240 +46.6% ▲ Dana White's Contender Series 36,pauline macias,gloria de paula,0,6,-6.0,,0.6666666666666666,,,0.75,,,0.25,,0,5,-5.0,,0.5238095238095238,,,423.0,-100.0
4,2020-11-17,DWCS 4.10,Tucker Lutz,Sherrard Blackledge,Tucker Lutz,Tucker Lutz,Sherrard Blackledge,160,160,-200.0,-183.0,True,https://www.bestfightodds.com/fighters/tucker-lutz-10266,Tucker Lutz +160 +158 ... +160 -0.4% ▼ Dana White's Contender Series 36,tucker lutz,sherrard blackledge,2,0,2.0,1.0,,,0.5,,,0.0,,,2,0,2.0,0.8461538461538461,,,77.0,,160.0
4,2020-11-17,DWCS 4.10,Chelsea Hackett,Victoria Leonardo,Victoria Leonardo,Chelsea Hackett,Victoria Leonardo,-205,-244,165.0,235.0,False,https://www.bestfightodds.com/fighters/chelsea-hackett-10411,Chelsea Hackett -205 -278 ... -244 -8.1% ▼ Dana White's Contender Series 36,chelsea hackett,victoria leonardo,0,4,-4.0,,1.0,,,1.0,,,1.0,,0,2,-2.0,,1.0,,,606.0,-100.0
4,2020-11-10,DWCS 4.9,Mario Sousa,Mariusz Ksiazkiewicz,Mario Sousa,Mario Sousa,Mariusz Ksiazkiewicz,-115,121,-115.0,-135.0,True,https://www.bestfightodds.com/fighters/mario-sousa-10212,Mario Sousa -115 +105 ... +121 +13% ▲ Dana White's Contender Series 35,mario sousa,mariusz ksiazkiewicz,12,8,4.0,0.9166666666666666,1.0,-0.08333333333333337,1.0,0.875,0.125,0.8181818181818182,0.5,0.31818181818181823,8,6,2.0,0.4624042145593869,0.5555555555555555,-0.09315134099616856,402.0,367.0,121.0
4,2020-11-10,DWCS 4.9,Shaheen Santana,Natan Levy,Natan Levy,Shaheen Santana,Natan Levy,100,127,-130.0,-141.0,False,https://www.bestfightodds.com/fighters/shaheen-santana-9465,Shaheen Santana +100 +110 ... +127 +9.1% ▲ Dana White's Contender Series 35,shaheen santana,natan levy,6,10,-4.0,1.0,1.0,0.0,0.8333333333333334,0.4,0.43333333333333335,0.6666666666666666,0.4,0.2666666666666666,3,1,2.0,0.75,0.3416666666666666,0.4083333333333334,115.0,81.0,-100.0
4,2020-11-10,DWCS 4.9,Nikolas Motta,Joe Lowry,Nikolas Motta,Nikolas Motta,Joe Lowry,-215,-190,175.0,170.0,True,https://www.bestfightodds.com/fighters/nikolas-motta-9314,Nikolas Motta -215 -213 ... -190 +2.2% ▲ Dana White's Contender Series 35,nikolas motta,joe lowry,14,0,14.0,0.7857142857142857,,,0.7272727272727273,,,0.5454545454545454,,,5,0,5.0,0.5856824548001018,,,360.0,,52.63157894736842
4,2020-11-10,DWCS 4.9,Luana Pinheiro,Stephanie Frausto,Luana Pinheiro,Luana Pinheiro,Stephanie Frausto,-215,-455,175.0,435.0,True,https://www.bestfightodds.com/fighters/luana-pinheiro-10468,Luana Pinheiro -215 -600 ... -455 -23.7% ▼ Dana White's Contender Series 35,luana pinheiro,stephanie frausto,0,16,-16.0,,0.5,,,0.875,,,0.5,,0,9,-9.0,,0.5933706816059758,,,256.0,21.978021978021978
4,2020-11-10,DWCS 4.9,Danny Sabatello,Taylor Moore,Danny Sabatello,Danny Sabatello,Taylor Moore,-180,-565,150.0,485.0,True,https://www.bestfightodds.com/fighters/danny-sabatello-9462,Danny Sabatello -180 -714 ... -565 -34.8% ▼ Dana White's Contender Series 35,danny sabatello,taylor moore,9,3,6.0,0.8888888888888888,0.6666666666666666,0.2222222222222222,0.875,0.5,0.375,0.75,0.5,0.25,3,2,1.0,0.5277777777777778,0.5555555555555555,-0.02777777777777768,137.0,879.0,17.699115044247787
4,2020-09-15,DWCS 4.7,Gregory Rodrigues,Jordan Williams,Jordan Williams,Gregory Rodrigues,Jordan Williams,-175,-138,145.0,125.0,False,https://www.bestfightodds.com/fighters/gregory-rodrigues-6917,Gregory Rodrigues -175 -156 ... -138 +7% ▲ Dana White's Contender Series 33,gregory rodrigues,jordan williams,3,6,-3.0,0.6666666666666666,0.8,-0.13333333333333341,1.0,0.75,0.25,1.0,0.25,0.75,2,4,-2.0,1.0,0.6335701335701335,0.3664298664298665,1060.0,420.0,-100.0
4,2020-09-15,DWCS 4.7,Muhammad Naimov,Collin Anglin,Collin Anglin,Collin Anglin,Muhammad Naimov,185,270,,,True,https://www.bestfightodds.com/fighters/collin-anglin-9539,Collin Anglin +185 +240 ... +270 +19.3% ▲ Dana White's Contender Series 33,collin anglin,muhammad naimov,2,0,2.0,1.0,,,1.0,,,1.0,,,1,0,1.0,0.6176470588235294,,,445.0,,270.0
4,2020-09-15,DWCS 4.7,Korey Kuppe,Michael Lombardo,Michael Lombardo,Korey Kuppe,Michael Lombardo,-115,175,-115.0,-192.0,False,https://www.bestfightodds.com/fighters/korey-kuppe-9918,Korey Kuppe -115 +160 ... +175 +29.5% ▲ Dana White's Contender Series 33,korey kuppe,michael lombardo,12,1,11.0,0.75,1.0,-0.25,1.0,1.0,0.0,0.4444444444444444,1.0,-0.5555555555555556,7,1,6.0,0.3194444444444444,0.6,-0.28055555555555556,207.0,605.0,-100.0
4,2020-09-15,DWCS 4.7,Danyelle Wolf,Taneisha Tennant,Danyelle Wolf,Danyelle Wolf,Taneisha Tennant,-155,-141,135.0,130.0,True,https://www.bestfightodds.com/fighters/danyelle-wolf-8523,Danyelle Wolf -155 -150 ... -141 +2.6% ▲ Dana White's Contender Series 33,danyelle wolf,taneisha tennant,0,1,-1.0,,1.0,,,0.0,,,0.0,,0,1,-1.0,,,,,193.0,70.92198581560284
4,2020-09-15,DWCS 4.7,Dinis Paiva Jr.,Kyle Driscoll,Kyle Driscoll,Dinis Paiva Jr.,Kyle Driscoll,185,185,-225.0,-225.0,False,https://www.bestfightodds.com/fighters/dinis-paiva-5691,Dinis Paiva +185 +180 ... +185 -0.7% ▼ Dana White's Contender Series 33,dinis paiva,kyle driscoll,5,7,-2.0,0.4,0.7142857142857143,-0.3142857142857143,0.5,0.2,0.3,0.0,0.2,-0.2,1,2,-1.0,0.6957983193277311,0.6785714285714286,0.01722689075630246,823.0,830.0,-100.0
4,2020-09-08,DWCS 4.6,Tafon Nchukwi,Al Matavao,Tafon Nchukwi,Al Matavao,Tafon Nchukwi,160,425,,,False,https://www.bestfightodds.com/fighters/al-matavao-10167,Al Matavao +160 +415 ... +425 +50.2% ▲ Dana White's Contender Series 32,al matavao,tafon nchukwi,1,0,1.0,0.0,,,,,,,,,1,0,1.0,0.6428571428571429,,,1420.0,,-100.0
4,2020-09-08,DWCS 4.6,Cameron Church,Sherrard Blackledge,Sherrard Blackledge,Cameron Church,Sherrard Blackledge,-145,-119,115.0,107.0,False,https://www.bestfightodds.com/fighters/cameron-church-9822,Cameron Church -145 -127 ... -119 +7.1% ▲ Dana White's Contender Series 32,cameron church,sherrard blackledge,1,0,1.0,1.0,,,1.0,,,0.0,,,1,0,1.0,0.4761904761904761,,,306.0,,-100.0
4,2020-09-08,DWCS 4.6,Phil Hawes,Khadzhi Bestaev,Phil Hawes,Phil Hawes,Khadzhi Bestaev,-210,-470,,,True,https://www.bestfightodds.com/fighters/phil-hawes-5712,Phil Hawes -210 -510 ... -470 -22.7% ▼ Dana White's Contender Series 32,phil hawes,khadzhi bestaev,6,0,6.0,0.6666666666666666,,,1.0,,,1.0,,,5,0,5.0,0.6692690058479531,,,233.0,,21.27659574468085
4,2020-09-08,DWCS 4.6,Mana Martinez,Drako Rodriguez,Drako Rodriguez,Drako Rodriguez,Mana Martinez,-105,-101,-125.0,-112.0,True,https://www.bestfightodds.com/fighters/drako-rodriguez-10170,Drako Rodriguez -105 -108 ... -101 0% Dana White's Contender Series 32,drako rodriguez,mana martinez,3,0,3.0,0.6666666666666666,,,1.0,,,0.5,,,1,0,1.0,0.6891534391534391,,,724.0,,99.00990099009901
4,2020-09-08,DWCS 4.6,Aliaskhab Khizriev,Henrique Shiguemoto,Aliaskhab Khizriev,Aliaskhab Khizriev,Henrique Shiguemoto,-200,-400,,,True,https://www.bestfightodds.com/fighters/aliaskhab-khizriev-8002,Aliaskhab Khizriev -200 -430 ... -400 -20.8% ▼ Dana White's Contender Series 32,aliaskhab khizriev,henrique shiguemoto,3,3,0.0,1.0,0.6666666666666666,0.33333333333333337,0.6666666666666666,1.0,-0.33333333333333337,0.6666666666666666,1.0,-0.33333333333333337,1,2,-1.0,0.6243457791801267,0.7676767676767676,-0.14333098849664094,893.0,1823.0,25.0
4,2020-09-01,DWCS 4.5,Dennis Buzukja,Melsik Baghdasaryan,Melsik Baghdasaryan,Dennis Buzukja,Melsik Baghdasaryan,125,-132,-155.0,118.0,False,https://www.bestfightodds.com/fighters/dennis-buzukja-8602,Dennis Buzukja +125 -138 ... -132 -29.3% ▼ Dana White's Contender Series 31,dennis buzukja,melsik baghdasaryan,6,5,1.0,0.8333333333333334,0.8,0.033333333333333326,0.6,1.0,-0.4,0.6,1.0,-0.4,2,3,-1.0,0.1666666666666666,0.0,0.1666666666666666,193.0,346.0,-100.0
4,2020-09-01,DWCS 4.5,Jimmy Flick,Nate Smith,Jimmy Flick,Nate Smith,Jimmy Flick,135,-118,-165.0,102.0,False,https://www.bestfightodds.com/fighters/nate-smith-9848,Nate Smith +135 -125 ... -118 -29.1% ▼ Dana White's Contender Series 31,nate smith,jimmy flick,7,23,-16.0,1.0,0.782608695652174,0.21739130434782605,0.7142857142857143,0.8333333333333334,-0.11904761904761907,0.4285714285714285,0.4444444444444444,-0.015873015873015928,4,12,-8.0,0.6799999999999999,0.5774958185457401,0.10250418145425988,193.0,39.0,-100.0
4,2020-09-01,DWCS 4.5,Jose Johnson,Ronnie Lawrence,Ronnie Lawrence,Jose Johnson,Ronnie Lawrence,-210,-285,170.0,255.0,False,https://www.bestfightodds.com/fighters/jose-johnson-9257,Jose Johnson -210 -313 ... -285 -11% ▼ Dana White's Contender Series 31,jose johnson,ronnie lawrence,18,5,13.0,0.6666666666666666,0.6,0.06666666666666665,0.75,0.3333333333333333,0.4166666666666667,0.6666666666666666,0.3333333333333333,0.3333333333333333,7,3,4.0,0.5595065562456867,0.8392857142857142,-0.2797791580400275,291.0,466.0,-100.0
4,2020-09-01,DWCS 4.5,William Knight,Cody Brundage,William Knight,William Knight,Cody Brundage,-150,125,120.0,-140.0,True,https://www.bestfightodds.com/fighters/william-knight-8856,William Knight -150 +120 ... +125 +24.9% ▲ Dana White's Contender Series 31,william knight,cody brundage,5,5,0.0,0.8,1.0,-0.19999999999999996,1.0,0.8,0.19999999999999996,0.75,0.6,0.15000000000000002,3,3,0.0,0.5757575757575758,0.3,0.2757575757575758,312.0,206.0,125.0
4,2020-09-01,DWCS 4.5,Tucker Lutz,Chase Gibson,Tucker Lutz,Tucker Lutz,Chase Gibson,160,160,,,True,https://www.bestfightodds.com/fighters/tucker-lutz-10266,Tucker Lutz +160 +158 ... +160 -0.4% ▼ Dana White's Contender Series 36,tucker lutz,chase gibson,1,13,-12.0,1.0,0.6923076923076923,0.3076923076923077,1.0,0.7777777777777778,0.2222222222222222,0.0,0.7777777777777778,-0.7777777777777778,1,5,-4.0,1.0,0.3654761904761905,0.6345238095238095,1242.0,185.0,160.0
4,2020-08-25,DWCS 4.4,Jhonoven Pati,Jamie Pickett,Jamie Pickett,Jhonoven Pati,Jamie Pickett,200,116,-250.0,-116.0,False,https://www.bestfightodds.com/fighters/jhonoven-pati-8640,Jhonoven Pati +200 -116 ... +116 -46.3% ▼ Dana White's Contender Series 30,jhonoven pati,jamie pickett,11,3,8.0,0.5454545454545454,0.6666666666666666,-0.12121212121212122,1.0,0.5,0.5,0.5,0.5,0.0,7,3,4.0,0.796875,0.6447811447811448,0.1520938552188552,276.0,332.0,-100.0
4,2020-08-25,DWCS 4.4,Rafael Alves,Alejandro Flores,Rafael Alves,Rafael Alves,Alejandro Flores,145,-108,-175.0,-102.0,True,https://www.bestfightodds.com/fighters/rafael-alves-8132,Rafael Alves +145 -120 ... -108 -31% ▼ Dana White's Contender Series 30,rafael alves,alejandro flores,37,5,32.0,0.6216216216216216,0.6,0.021621621621621623,0.782608695652174,0.0,0.782608695652174,0.5652173913043478,0.0,0.5652173913043478,20,2,18.0,0.5818479233710545,0.7197480881691407,-0.1379001647980862,487.0,312.0,92.5925925925926
4,2020-08-25,DWCS 4.4,Jacob Silva,Jeff Molina,Jeff Molina,Jacob Silva,Jeff Molina,-260,-400,,,False,https://www.bestfightodds.com/fighters/jacob-silva-5302,Jacob Silva -260 -510 ... -400 -13.1% ▼ Dana White's Contender Series 36,jacob silva,jeff molina,9,9,0.0,0.7777777777777778,0.7777777777777778,0.0,1.0,1.0,0.0,0.7142857142857143,0.7142857142857143,0.0,3,6,-3.0,0.5055555555555554,0.5152777777777777,-0.009722222222222299,184.0,185.0,-100.0
4,2020-08-25,DWCS 4.4,Mike Breeden,Anthony Romero,Anthony Romero,Mike Breeden,Anthony Romero,160,180,-200.0,-200.0,False,https://www.bestfightodds.com/fighters/mike-breeden-6957,Mike Breeden +160 +165 ... +180 +4.8% ▲ Dana White's Contender Series 30,mike breeden,anthony romero,15,2,13.0,0.8,1.0,-0.19999999999999996,0.9166666666666666,0.5,0.41666666666666663,0.5833333333333334,0.0,0.5833333333333334,6,1,5.0,0.673015873015873,0.875,-0.20198412698412704,333.0,710.0,-100.0
4,2020-08-25,DWCS 4.4,Kyron Bowen,Collin Huckbody,Collin Huckbody,Kyron Bowen,Collin Huckbody,190,220,-240.0,-233.0,False,https://www.bestfightodds.com/fighters/kyron-bowen-10171,Kyron Bowen +190 +185 ... +220 +4.9% ▲ Dana White's Contender Series 30,kyron bowen,collin huckbody,4,10,-6.0,0.5,0.7,-0.19999999999999996,1.0,0.7142857142857143,0.2857142857142857,0.0,0.4285714285714285,-0.4285714285714285,2,7,-5.0,0.8,0.437636165577342,0.36236383442265807,459.0,311.0,-100.0
4,2020-08-18,DWCS 4.3,Louis Cosce,Victor Reyna,Louis Cosce,Louis Cosce,Victor Reyna,-175,155,145.0,-160.0,True,https://www.bestfightodds.com/fighters/louis-cosce-9816,Louis Cosce -175 +135 ... +155 +35.3% ▲ Dana White's Contender Series 29,louis cosce,victor reyna,0,5,-5.0,,0.75,,,0.3333333333333333,,,0.3333333333333333,,0,3,-3.0,,0.6421274961597543,,,291.0,155.0
4,2020-08-18,DWCS 4.3,Cheyanne Vlismas,Hilarie Rose,Cheyanne Vlismas,Hilarie Rose,Cheyanne Vlismas,185,210,,,False,https://www.bestfightodds.com/fighters/hilarie-rose-7874,Hilarie Rose +185 +170 ... +210 +1.7% ▲ Dana White's Contender Series 29,hilarie rose,cheyanne vlismas,5,2,3.0,0.8,0.5,0.30000000000000004,0.75,0.0,0.75,0.25,0.0,0.25,1,2,-1.0,0.3571428571428571,1.0,-0.6428571428571429,389.0,682.0,-100.0
4,2020-08-18,DWCS 4.3,Orion Cosce,Matt Dixon,Orion Cosce,Orion Cosce,Matt Dixon,170,325,-210.0,-345.0,True,https://www.bestfightodds.com/fighters/orion-cosce-10253,Orion Cosce +170 +260 ... +325 +33% ▲ Dana White's Contender Series 29,orion cosce,matt dixon,2,10,-8.0,1.0,1.0,0.0,1.0,0.6,0.4,0.5,0.3,0.2,2,3,-1.0,0.75,0.6240595238095237,0.12594047619047632,374.0,165.0,325.0
4,2020-08-18,DWCS 4.3,Josh Parisian,Chad Johnson,Josh Parisian,Josh Parisian,Chad Johnson,-115,-245,-115.0,210.0,True,https://www.bestfightodds.com/fighters/josh-parisian-8374,Josh Parisian -115 -250 ... -245 -33.2% ▼ Dana White's Contender Series 29,josh parisian,chad johnson,5,8,-3.0,0.4,0.875,-0.475,1.0,1.0,0.0,0.0,0.8571428571428571,-0.8571428571428571,4,2,2.0,0.6096950875211744,0.4090909090909091,0.2006041784302653,248.0,326.0,40.816326530612244
4,2020-08-18,DWCS 4.3,Kevin Syler,Ken Cross,Ken Cross,Kevin Syler,Ken Cross,120,-105,,,False,https://www.bestfightodds.com/fighters/kevin-syler-9100,Kevin Syler +120 -120 ... -105 -15.2% ▼ Dana White's Contender Series 29,kevin syler,ken cross,2,0,2.0,1.0,,,0.5,,,0.0,,,2,0,2.0,0.6,,,247.0,,-100.0
4,2020-08-11,DWCS 4.2,Dustin Stoltzfus,Joe Pyfer,Dustin Stoltzfus,Dustin Stoltzfus,Joe Pyfer,-225,-267,190.0,250.0,True,https://www.bestfightodds.com/fighters/dustin-stoltzfus-10214,Dustin Stoltzfus -225 -333 ... -267 -7.4% ▼ Dana White's Contender Series 28,dustin stoltzfus,joe pyfer,1,3,-2.0,1.0,0.6666666666666666,0.33333333333333337,1.0,1.0,0.0,0.0,0.5,-0.5,1,1,0.0,0.7142857142857143,0.5,0.2142857142857143,409.0,172.0,37.453183520599254
4,2020-08-11,DWCS 4.2,Adrian Yanez,Brady Huang,Adrian Yanez,Adrian Yanez,Brady Huang,-200,-355,160.0,310.0,True,https://www.bestfightodds.com/fighters/adrian-yanez-4952,Adrian Yanez -200 -400 ... -355 -18.4% ▼ Dana White's Contender Series 28,adrian yanez,brady huang,19,2,17.0,0.7368421052631579,1.0,-0.26315789473684215,0.5714285714285714,1.0,-0.4285714285714286,0.2857142857142857,1.0,-0.7142857142857143,5,2,3.0,0.6241057091057092,0.2923976608187134,0.3317080482869958,270.0,1046.0,28.169014084507044
4,2020-08-11,DWCS 4.2,Vanessa Demopoulos,Cory McKenna,Cory McKenna,Vanessa Demopoulos,Cory McKenna,-136,-155,106.0,150.0,False,https://www.bestfightodds.com/fighters/vanessa-demopoulos-8998,Vanessa Demopoulos -136 -182 ... -155 -8.3% ▼ Dana White's Contender Series 28,vanessa demopoulos,cory mckenna,11,10,1.0,0.8181818181818182,0.8,0.018181818181818188,0.5555555555555556,0.75,-0.19444444444444442,0.3333333333333333,0.5,-0.16666666666666669,2,1,1.0,0.75,0.8333333333333334,-0.08333333333333337,25.0,438.0,-100.0
4,2020-08-11,DWCS 4.2,TJ Laramie,Daniel Swain,TJ Laramie,Daniel Swain,TJ Laramie,175,275,,,False,https://www.bestfightodds.com/fighters/daniel-swain-4596,Daniel Swain +175 +260 ... +275 +25.3% ▲ Dana White's Contender Series 28,daniel swain,tj laramie,8,0,8.0,0.5,,,1.0,,,0.75,,,7,0,7.0,0.7479271094402673,,,563.0,,-100.0
4,2020-08-11,DWCS 4.2,Anthony Adams,Impa Kasanganay,Impa Kasanganay,Anthony Adams,Impa Kasanganay,115,140,-145.0,-160.0,False,https://www.bestfightodds.com/fighters/anthony-adams-8437,Anthony Adams +115 +135 ... +140 +9.3% ▲ Dana White's Contender Series 28,anthony adams,impa kasanganay,5,7,-2.0,1.0,1.0,0.0,0.4,0.2857142857142857,0.11428571428571432,0.4,0.2857142857142857,0.11428571428571432,2,5,-3.0,0.6634965034965035,0.3777777777777777,0.28571872571872575,571.0,350.0,-100.0
4,2020-08-04,DWCS 4.1,Ty Flores,Dustin Jacoby,Dustin Jacoby,Dustin Jacoby,Ty Flores,240,-146,,,True,https://www.bestfightodds.com/fighters/dustin-jacoby-2939,Dustin Jacoby +240 -303 ... -235 -146.3% ▼ Dana White's Contender Series 27,dustin jacoby,ty flores,18,10,8.0,0.6111111111111112,0.8,-0.18888888888888888,0.8181818181818182,0.625,0.19318181818181823,0.7272727272727273,0.125,0.6022727272727273,11,4,7.0,0.646015752864157,0.6728395061728395,-0.026823753308682474,402.0,452.0,68.4931506849315
4,2020-08-04,DWCS 4.1,Uros Medic,Mikey Gonzalez,Uros Medic,Uros Medic,Mikey Gonzalez,-150,-130,120.0,120.0,True,https://www.bestfightodds.com/fighters/uros-medic-10229,Uros Medic -150 -152 ... -130 +3.4% ▲ Dana White's Contender Series 27,uros medic,mikey gonzalez,0,2,-2.0,,0.5,,,1.0,,,1.0,,0,1,-1.0,,0.3825757575757575,,,990.0,76.92307692307692
4,2020-08-04,DWCS 4.1,Ronaldo Rodriguez,Jerome Rivera,Jerome Rivera,Jerome Rivera,Ronaldo Rodriguez,-115,-230,,,True,https://www.bestfightodds.com/fighters/jerome-rivera-7104,Jerome Rivera -115 -286 ... -230 -34.3% ▼ Dana White's Contender Series 27,jerome rivera,ronaldo rodriguez,9,11,-2.0,0.5555555555555556,0.9090909090909092,-0.3535353535353536,0.6,0.8,-0.20000000000000007,0.0,0.2,-0.2,2,6,-4.0,0.6902116402116403,0.4496598639455783,0.240551776266062,200.0,172.0,43.47826086956522
4,2020-08-04,DWCS 4.1,Jordan Leavitt,Luke Flores,Jordan Leavitt,Jordan Leavitt,Luke Flores,-150,-125,,,True,https://www.bestfightodds.com/fighters/jordan-leavitt-10210,Jordan Leavitt -150 -135 ... -125 +6.4% ▲ Dana White's Contender Series 27,jordan leavitt,luke flores,7,0,7.0,1.0,,,0.7142857142857143,,,0.2857142857142857,,,5,0,5.0,0.8888888888888888,,,18.0,,80.0
5,2021-11-02,DWCS 5.10,Maheshate,Achilles Estremadura,Maheshate,Maheshate,Achilles Estremadura,300,575,-400.0,-500.0,True,https://www.bestfightodds.com/fighters/maheshate-12733,Maheshate +300 +385 ... +575 +24.4% ▲ Dana White’s Contender Series,maheshate,achilles estremadura,0,0,0.0,,,,,,,,,,0,0,0.0,,,,,,575.0
5,2021-11-02,DWCS 5.10,Yohan Lainesse,Justin Burlinson,Yohan Lainesse,Yohan Lainesse,Justin Burlinson,-120,380,-110.0,-400.0,True,https://www.bestfightodds.com/fighters/yohan-lainesse-9952,Yohan Lainesse -120 +275 ... +380 +58.9% ▲ Dana White’s Contender Series,yohan lainesse,justin burlinson,1,10,-9.0,1.0,1.0,0.0,1.0,1.0,0.0,0.0,0.9,-0.9,1,5,-4.0,0.7647058823529411,0.5501893939393939,0.2145164884135472,122.0,130.0,380.0
5,2021-11-02,DWCS 5.10,Qiu Lun,Erisson Ferreira,Erisson Ferreira,Erisson Ferreira,Qiu Lun,-500,-300,,,True,https://www.bestfightodds.com/fighters/erisson-ferreira-12734,Erisson Ferreira -500 -556 ... -300 +4.4% ▲ Dana White’s Contender Series,erisson ferreira,qiu lun,13,0,13.0,0.8461538461538461,,,1.0,,,0.6363636363636364,,,10,0,10.0,0.4277432712215321,,,626.0,,33.333333333333336
5,2021-11-02,DWCS 5.10,Jonas Bilharinho,Canaan Kawaihae,Jonas Bilharinho,Jonas Bilharinho,Canaan Kawaihae,-160,136,130.0,-145.0,True,https://www.bestfightodds.com/fighters/jonas-bilharinho-12736,Jonas Bilharinho -160 +120 ... +136 +28.7% ▲ Dana White’s Contender Series,jonas bilharinho,canaan kawaihae,11,10,1.0,0.9,0.8888888888888888,0.011111111111111183,0.8888888888888888,0.75,0.13888888888888884,0.4444444444444444,0.75,-0.3055555555555556,5,6,-1.0,0.8130603246083122,0.782051282051282,0.031009042557030186,745.0,193.0,136.0
5,2021-11-02,DWCS 5.10,Shang Zhifa,Juan Puerta,Juan Puerta,Juan Puerta,Shang Zhifa,-300,-175,,,True,https://www.bestfightodds.com/fighters/juan-puerta-7089,Juan Puerta -300 -200 ... -175 +13.1% ▲ Dana White’s Contender Series,juan puerta,shang zhifa,29,0,29.0,0.7586206896551724,,,0.5909090909090909,,,0.3181818181818182,,,16,0,16.0,0.4620218343747756,,,179.0,,57.142857142857146
5,2021-10-19,DWCS 5.8,Jonny Parsons,Solomon Renfro,Jonny Parsons,Jonny Parsons,Solomon Renfro,-110,390,-110.0,-350.0,True,https://www.bestfightodds.com/fighters/jonny-parsons-12689,Jonny Parsons -110 +290 ... +390 +54.1% ▲ Dana White’s Contender Series,jonny parsons,solomon renfro,3,9,-6.0,0.6666666666666666,0.8888888888888888,-0.2222222222222222,0.5,0.375,0.125,0.5,0.375,0.125,3,2,1.0,0.5728748263231022,0.3322727272727272,0.24060209905037494,675.0,108.0,390.0
5,2021-10-19,DWCS 5.8,Piera Rodriguez,Valesca Machado,Piera Rodriguez,Piera Rodriguez,Valesca Machado,-335,-400,260.0,340.0,True,https://www.bestfightodds.com/fighters/piera-rodriguez-11127,Piera Rodriguez -335 -450 ... -400 -5.3% ▼ Dana White’s Contender Series,piera rodriguez,valesca machado,7,3,4.0,1.0,0.5,0.5,0.8571428571428571,0.0,0.8571428571428571,0.0,0.0,0.0,4,3,1.0,0.5098039215686274,0.648148148148148,-0.1383442265795206,179.0,1242.0,25.0
5,2021-10-19,DWCS 5.8,Caio Borralho,Jesse Murray,Caio Borralho,Caio Borralho,Jesse Murray,-200,-900,170.0,700.0,True,https://www.bestfightodds.com/fighters/caio-borralho-12570,Caio Borralho -200 -1400 ... -900 -36.8% ▼ Dana White’s Contender Series,caio borralho,jesse murray,1,11,-10.0,1.0,0.7272727272727273,0.2727272727272727,1.0,0.625,0.375,1.0,0.5,0.5,1,6,-5.0,0.6666666666666666,0.3897374555269292,0.27692921113973745,788.0,605.0,11.11111111111111
5,2021-10-19,DWCS 5.8,Kaloyan Kolev,Armen Petrosyan,Armen Petrosyan,Kaloyan Kolev,Armen Petrosyan,-350,165,275.0,-162.0,False,https://www.bestfightodds.com/fighters/kaloyan-kolev-12687,Kaloyan Kolev -350 +130 ... +165 +48.2% ▲ Dana White’s Contender Series,kaloyan kolev,armen petrosyan,1,0,1.0,1.0,,,1.0,,,1.0,,,1,0,1.0,0.4285714285714285,,,1904.0,,-100.0
5,2021-10-19,DWCS 5.8,Pedro Falcao,James Barnes,Pedro Falcao,Pedro Falcao,James Barnes,-195,-500,165.0,525.0,True,https://www.bestfightodds.com/fighters/pedro-falcao-5809,Pedro Falcao -195 -850 ... -500 -31.2% ▼ Dana White’s Contender Series,pedro falcao,james barnes,17,23,-6.0,0.8235294117647058,0.6956521739130435,0.12787723785166238,0.6428571428571429,0.9375,-0.2946428571428571,0.5,0.5625,-0.0625,7,4,3.0,0.4929399462978224,0.4349837662337663,0.05795618006405612,387.0,132.0,20.0
5,2021-10-12,DWCS 5.7,Reyes Cortez Jr.,Christian Rodriguez,Christian Rodriguez,Reyes Cortez Jr.,Christian Rodriguez,-105,130,,,False,https://www.bestfightodds.com/fighters/reyes-cortez-12652,Reyes Cortez -105 +110 ... +130 +11.3% ▲ Dana White’s Contender Series,reyes cortez,christian rodriguez,0,10,-10.0,,0.9,,,1.0,,,0.5555555555555556,,0,5,-5.0,,0.5544217687074829,,,215.0,-100.0
5,2021-09-28,DWCS 5.5,Caio Borralho,Aaron Jeffery,Caio Borralho,Caio Borralho,Aaron Jeffery,-200,-900,,,True,https://www.bestfightodds.com/fighters/caio-borralho-12570,Caio Borralho -200 -1400 ... -900 -36.8% ▼ Dana White’s Contender Series,caio borralho,aaron jeffery,1,6,-5.0,1.0,0.8333333333333334,0.16666666666666663,1.0,0.8,0.19999999999999996,1.0,0.2,0.8,1,4,-3.0,0.6666666666666666,0.798052362707535,-0.13138569604086836,767.0,200.0,11.11111111111111
5,2021-09-21,DWCS 5.4,Steven Nguyen,Theo Rlayang,Steven Nguyen,Steven Nguyen,Theo Rlayang,-250,-295,,,True,https://www.bestfightodds.com/fighters/steven-nguyen-9291,Steven Nguyen -250 -315 ... -295 -5.3% ▼ Contender Series,steven nguyen,theo rlayang,5,1,4.0,0.8,1.0,-0.19999999999999996,0.75,0.0,0.75,0.75,0.0,0.75,4,1,3.0,0.5979458450046685,0.3846153846153846,0.21333046038928394,214.0,290.0,33.898305084745765
5,2021-09-07,DWCS 5.2,Mario Sousa,Chidi Njokuani,Chidi Njokuani,Mario Sousa,Chidi Njokuani,-115,121,,,False,https://www.bestfightodds.com/fighters/mario-sousa-10212,Mario Sousa -115 +105 ... +121 +13% ▲ Dana White's Contender Series 35,mario sousa,chidi njokuani,13,36,-23.0,0.9230769230769232,0.7142857142857143,0.20879120879120894,0.9166666666666666,0.6,0.31666666666666665,0.75,0.36,0.39,9,12,-3.0,0.5392036124794746,0.6804249444027022,-0.1412213319232276,301.0,361.0,-100.0
5,2021-08-31,DWCS 5.1,Victor Altamirano,Carlos Candelario,Victor Altamirano,Carlos Candelario,Victor Altamirano,-110,185,,,False,https://www.bestfightodds.com/fighters/carlos-candelario-6266,Carlos Candelario -110 +170 ... +185 +31.3% ▲ Dana White's Contender Series 4,carlos candelario,victor altamirano,1,24,-23.0,1.0,0.8333333333333334,0.16666666666666663,0.0,0.6,-0.6,0.0,0.3,-0.3,1,3,-2.0,1.0,0.6038972931830074,0.39610270681699256,1491.0,193.0,-100.0
6,2022-09-13,DWCS 6.8,Malik Lewis,Trevor Peek,Trevor Peek,Malik Lewis,Trevor Peek,150,115,,,False,https://www.bestfightodds.com/fighters/malik-lewis-14363,Malik Lewis +150 -105 ... +115 -21.4% ▼ Contender Series,malik lewis,trevor peek,7,0,7.0,1.0,,,0.8571428571428571,,,0.4285714285714285,,,3,0,3.0,0.3518518518518518,,,115.0,,-100.0
6,2022-08-23,DWCS 6.5,Erisson Ferreira,Jesus Aguilar,Jesus Aguilar,Erisson Ferreira,Jesus Aguilar,-500,-300,,,False,https://www.bestfightodds.com/fighters/erisson-ferreira-12734,Erisson Ferreira -500 -556 ... -300 +4.4% ▲ Dana White’s Contender Series,erisson ferreira,jesus aguilar,14,0,14.0,0.8571428571428571,,,0.9166666666666666,,,0.5833333333333334,,,11,0,11.0,0.4618751848565513,,,294.0,,-100.0
6,2022-08-02,DWCS 6.2,Francis Marshall,Connor Matthews,Francis Marshall,Connor Matthews,Francis Marshall,120,180,,,False,https://www.bestfightodds.com/fighters/connor-matthews-13028,Connor Matthews +120 +143 ... +180 +14.1% ▲ Contender Series,connor matthews,francis marshall,5,1,4.0,1.0,1.0,0.0,1.0,1.0,0.0,1.0,0.0,1.0,2,1,1.0,0.0113636363636363,0.5714285714285714,-0.560064935064935,151.0,165.0,-100.0
7,2023-10-10,DWCS 7.10,Ramon Taveras,Cortavious Romious,Ramon Taveras,Ramon Taveras,Cortavious Romious,120,190,-163.0,-225.0,True,https://www.bestfightodds.com/fighters/ramon-taveras-16460,Ramon Taveras +120 +180 ... +190 +23.3% ▲ Contender Series,ramon taveras,cortavious romious,1,9,-8.0,1.0,0.8888888888888888,0.11111111111111116,1.0,0.875,0.125,1.0,0.75,0.25,1,5,-4.0,0.4078947368421052,0.4941666666666666,-0.08627192982456139,220.0,116.0,190.0
7,2023-10-10,DWCS 7.10,Rickson Zenidim,Andre Lima,Andre Lima,Rickson Zenidim,Andre Lima,163,210,-225.0,-260.0,False,https://www.bestfightodds.com/fighters/rickson-zenidim-16618,Rickson Zenidim +163 +205 ... +210 +14.9% ▲ Contender Series,rickson zenidim,andre lima,0,7,-7.0,,1.0,,,0.8571428571428571,,,0.5714285714285714,,0,3,-3.0,,0.673015873015873,,,95.0,-100.0
7,2023-10-10,DWCS 7.10,Connor Matthews,Jair Farias,Connor Matthews,Connor Matthews,Jair Farias,120,180,-163.0,-186.0,True,https://www.bestfightodds.com/fighters/connor-matthews-13028,Connor Matthews +120 +143 ... +180 +14.1% ▲ Contender Series,connor matthews,jair farias,7,12,-5.0,0.8571428571428571,0.9166666666666666,-0.059523809523809534,1.0,0.8181818181818182,0.18181818181818177,1.0,0.4545454545454545,0.5454545454545455,4,12,-8.0,0.3075757575757575,0.5801982963273287,-0.27262253875157116,209.0,116.0,180.0
7,2023-10-10,DWCS 7.10,Yuri Panferov,Torrez Finney,Torrez Finney,Yuri Panferov,Torrez Finney,110,200,,,False,https://www.bestfightodds.com/fighters/yuri-panferov-11175,Yuri Panferov +110 +175 ... +200 +28.3% ▲ Contender Series,yuri panferov,torrez finney,1,0,1.0,1.0,,,1.0,,,1.0,,,1,0,1.0,0.3809523809523809,,,327.0,,-100.0
7,2023-10-10,DWCS 7.10,MarQuel Mederos,Issa Isakov,MarQuel Mederos,MarQuel Mederos,Issa Isakov,110,180,-150.0,-200.0,True,https://www.bestfightodds.com/fighters/marquel-mederos-10796,Marquel Mederos +110 +160 ... +180 +21.6% ▲ Contender Series,marquel mederos,issa isakov,1,3,-2.0,1.0,0.6666666666666666,0.33333333333333337,1.0,0.5,0.5,1.0,0.5,0.5,1,3,-2.0,0.4166666666666667,0.5416666666666666,-0.12499999999999994,513.0,1158.0,180.0
7,2023-10-10,DWCS 7.10,Davi Bittencourt,Lucas Rocha,Lucas Rocha,Davi Bittencourt,Lucas Rocha,105,-135,-138.0,130.0,False,https://www.bestfightodds.com/fighters/davi-bittencourt-16616,Davi Bittencourt +105 -155 ... -135 -21.7% ▼ Contender Series,davi bittencourt,lucas rocha,19,21,-2.0,0.7894736842105263,0.85,-0.06052631578947365,0.8,0.7647058823529411,0.03529411764705892,0.6666666666666666,0.4117647058823529,0.2549019607843137,13,14,-1.0,0.4678481919083422,0.5131447498277564,-0.04529655791941417,333.0,136.0,-100.0
7,2023-10-03,DWCS 7.9,Murtaza Talha,Rodolfo Bellato,Rodolfo Bellato,Murtaza Talha,Rodolfo Bellato,275,310,,,False,https://www.bestfightodds.com/fighters/murtaza-talha-10561,Murtaza Talha +275 +275 ... +310 +3.4% ▲ Contender Series,murtaza talha,rodolfo bellato,0,4,-4.0,,1.0,,,1.0,,,1.0,,0,1,-1.0,,0.6393939393939393,,,207.0,-100.0
7,2023-10-03,DWCS 7.9,Jose Daniel Medina,Magomed Gadzhiyasulov,Magomed Gadzhiyasulov,Jose Daniel Medina,Magomed Gadzhiyasulov,450,700,-800.0,-1000.0,False,https://www.bestfightodds.com/fighters/jose-daniel-medina-16594,Jose Daniel Medina +450 +620 ... +700 +29.6% ▲ Contender Series,jose daniel medina,magomed gadzhiyasulov,0,7,-7.0,,1.0,,,0.8571428571428571,,,0.8571428571428571,,0,5,-5.0,,0.0833333333333333,,,340.0,-100.0
7,2023-10-03,DWCS 7.9,Mauricio Ruffy,Raimond Magomedaliev,Mauricio Ruffy,Mauricio Ruffy,Raimond Magomedaliev,130,180,-175.0,-200.0,True,https://www.bestfightodds.com/fighters/mauricio-ruffy-16595,Mauricio Ruffy +130 +165 ... +180 +16.1% ▲ Contender Series,mauricio ruffy,raimond magomedaliev,3,2,1.0,0.6666666666666666,1.0,-0.33333333333333337,1.0,0.5,0.5,0.0,0.5,-0.5,2,2,0.0,0.8130970336852691,0.7559523809523809,0.05714465273288816,130.0,571.0,180.0
7,2023-09-19,DWCS 7.7,Shamil Gaziev,Greg Velasco,Shamil Gaziev,Shamil Gaziev,Greg Velasco,-450,-475,300.0,500.0,True,https://www.bestfightodds.com/fighters/shamil-gaziev-12522,Shamil Gaziev -450 -770 ... -475 -6.4% ▼ Contender Series,shamil gaziev,greg velasco,6,1,5.0,1.0,1.0,0.0,0.5,1.0,-0.5,0.1666666666666666,0.0,0.1666666666666666,5,1,4.0,0.6879863056333644,0.25,0.4379863056333644,213.0,717.0,21.05263157894737
7,2023-09-19,DWCS 7.7,Jacobi Jones,Daniel Allen,Daniel Allen,Jacobi Jones,Daniel Allen,-275,-225,,,False,https://www.bestfightodds.com/fighters/jacobi-jones-10932,Jacobi Jones -275 -300 ... -225 +1.9% ▲ Contender Series,jacobi jones,daniel allen,10,0,10.0,0.8,,,0.5,,,0.0,,,1,0,1.0,0.9068181818181816,,,123.0,,-100.0
7,2023-09-19,DWCS 7.7,Stephanie Luciano,Talita Alencar,,Stephanie Luciano,Talita Alencar,163,163,-225.0,-166.0,False,https://www.bestfightodds.com/fighters/stephanie-luciano-11737,Stephanie Luciano +163 +123 ... +163 -9.1% ▼ Contender Series,stephanie luciano,talita alencar,4,5,-1.0,1.0,1.0,0.0,0.5,0.6,-0.09999999999999998,0.0,0.4,-0.4,1,2,-1.0,1.0,0.5,0.5,310.0,158.0,-100.0
7,2023-09-19,DWCS 7.7,Dylan Mantello,Kaynan Kruschewsky,Kaynan Kruschewsky,Dylan Mantello,Kaynan Kruschewsky,175,200,-250.0,-230.0,False,https://www.bestfightodds.com/fighters/dylan-mantello-13452,Dylan Mantello +175 +185 ... +200 +5.8% ▲ Contender Series,dylan mantello,kaynan kruschewsky,9,20,-11.0,0.7777777777777778,0.9473684210526316,-0.16959064327485385,0.8571428571428571,0.8888888888888888,-0.031746031746031744,0.4285714285714285,0.2777777777777778,0.1507936507936507,5,10,-5.0,0.3767628205128205,0.691064417851334,-0.3143015973385135,171.0,143.0,-100.0
7,2023-09-19,DWCS 7.7,Igor Severino,Jhonata Silva,Igor Severino,Jhonata Silva,Igor Severino,140,185,,,False,https://www.bestfightodds.com/fighters/jhonata-silva-15470,Jhonata Silva +140 +155 ... +185 +11.1% ▲ Contender Series,jhonata silva,igor severino,10,10,0.0,0.9,1.0,-0.09999999999999998,0.7777777777777778,1.0,-0.2222222222222222,0.2222222222222222,0.4,-0.1777777777777778,4,4,0.0,0.875,0.7846412846412847,0.09035871535871531,179.0,388.0,-100.0
7,2023-09-12,DWCS 7.6,James Llontop,Malik Lewis,James Llontop,James Llontop,Malik Lewis,-188,-115,150.0,115.0,True,https://www.bestfightodds.com/fighters/james-llontop-12200,James Llontop -188 -150 ... -115 +11.7% ▲ Contender Series,james llontop,malik lewis,5,9,-4.0,0.8,0.8888888888888888,-0.0888888888888888,0.75,0.875,-0.125,0.25,0.375,-0.125,2,4,-2.0,0.7585714285714286,0.3194444444444444,0.43912698412698414,131.0,213.0,86.95652173913044
7,2023-09-12,DWCS 7.6,Jhonata Diniz,Eduardo Neves,Jhonata Diniz,Jhonata Diniz,Eduardo Neves,-125,-115,100.0,120.0,True,https://www.bestfightodds.com/fighters/jhonata-diniz-16483,Jhonata Diniz -125 -159 ... -115 -5% ▼ Contender Series,jhonata diniz,eduardo neves,0,12,-12.0,,0.9166666666666666,,,1.0,,,0.6363636363636364,,0,5,-5.0,,0.5267857142857143,,,186.0,86.95652173913044
7,2023-09-12,DWCS 7.6,Steven Nguyen,AJ Cunningham,Steven Nguyen,Steven Nguyen,AJ Cunningham,-250,-295,200.0,240.0,True,https://www.bestfightodds.com/fighters/steven-nguyen-9291,Steven Nguyen -250 -315 ... -295 -5.3% ▼ Contender Series,steven nguyen,aj cunningham,5,0,5.0,0.8,,,0.75,,,0.75,,,4,0,4.0,0.5979458450046685,,,935.0,,33.898305084745765
7,2023-09-12,DWCS 7.6,Julia Polastri,Patricia Alujas,Julia Polastri,Julia Polastri,Patricia Alujas,-400,-670,300.0,600.0,True,https://www.bestfightodds.com/fighters/julia-polastri-12394,Julia Polastri -400 -900 ... -670 -10% ▼ Contender Series,julia polastri,patricia alujas,16,1,15.0,0.8125,1.0,-0.1875,0.6153846153846154,0.0,0.6153846153846154,0.1538461538461538,0.0,0.1538461538461538,9,1,8.0,0.5448754789272031,0.4444444444444444,0.1004310344827587,227.0,633.0,14.925373134328359
7,2023-09-12,DWCS 7.6,Jean Matsumoto,Kasey Tanner,Jean Matsumoto,Jean Matsumoto,Kasey Tanner,-150,125,120.0,-125.0,True,https://www.bestfightodds.com/fighters/jean-matsumoto-14110,Jean Matsumoto -150 -110 ... +125 +18.7% ▲ Contender Series,jean matsumoto,kasey tanner,15,7,8.0,1.0,1.0,0.0,0.6,0.7142857142857143,-0.11428571428571432,0.1333333333333333,0.2857142857142857,-0.1523809523809524,6,5,1.0,0.7705108023289843,0.1875,0.5830108023289843,186.0,578.0,125.0
7,2023-09-05,DWCS 7.5,Bruno Lopes,Brendson Ribeiro,Brendson Ribeiro,Bruno Lopes,Brendson Ribeiro,-549,-700,350.0,500.0,False,https://www.bestfightodds.com/fighters/bruno-lopes-14106,Bruno Lopes -549 -850 ... -700 -4.9% ▼ Contender Series,bruno lopes,brendson ribeiro,14,20,-6.0,1.0,0.7368421052631579,0.26315789473684215,0.7857142857142857,1.0,-0.2142857142857143,0.5714285714285714,0.7142857142857143,-0.1428571428571429,5,15,-10.0,0.5126948215183509,0.589250411723816,-0.0765555902054651,340.0,263.0,-100.0
7,2023-09-05,DWCS 7.5,Ramon Taveras,Serhiy Sidey,Serhiy Sidey,Ramon Taveras,Serhiy Sidey,120,190,,,False,https://www.bestfightodds.com/fighters/ramon-taveras-16460,Ramon Taveras +120 +180 ... +190 +23.3% ▲ Contender Series,ramon taveras,serhiy sidey,1,0,1.0,1.0,,,1.0,,,1.0,,,1,0,1.0,0.4078947368421052,,,185.0,,-100.0
7,2023-09-05,DWCS 7.5,Chad Hanekom,Dylan Budka,Dylan Budka,Chad Hanekom,Dylan Budka,104,-175,-143.0,154.0,False,https://www.bestfightodds.com/fighters/chad-hanekom-11000,Chad Hanekom +104 -210 ... -175 -33.7% ▼ Dana White's Contender Series,chad hanekom,dylan budka,3,12,-9.0,0.6666666666666666,0.75,-0.08333333333333337,0.5,0.4444444444444444,0.05555555555555558,0.0,0.2222222222222222,-0.2222222222222222,1,4,-3.0,0.7746031746031746,0.7857142857142857,-0.011111111111111072,894.0,10.0,-100.0
7,2023-09-05,DWCS 7.5,Jean Silva,Kevin Vallejos,Jean Silva,Jean Silva,Kevin Vallejos,175,180,-250.0,-198.0,True,https://www.bestfightodds.com/fighters/jean-silva-554,Jean Silva +175 +155 ... +180 -3.4% ▼ Contender Series,jean silva,kevin vallejos,57,2,55.0,0.6415094339622641,1.0,-0.3584905660377359,0.9117647058823528,0.0,0.9117647058823528,0.5,0.0,0.5,29,2,27.0,0.6685700202693435,0.676923076923077,-0.008353056653733426,164.0,263.0,180.0
7,2023-09-05,DWCS 7.5,Rainn Guerrero,Dione Barbosa,Dione Barbosa,Rainn Guerrero,Dione Barbosa,205,325,-305.0,-400.0,False,https://www.bestfightodds.com/fighters/rainn-guerrero-14746,Rainn Guerrero +205 +270 ... +325 +23% ▲ Dana White's Contender Series,rainn guerrero,dione barbosa,1,6,-5.0,1.0,0.6666666666666666,0.33333333333333337,1.0,0.0,1.0,0.0,0.0,0.0,1,1,0.0,0.5,0.6372549019607843,-0.13725490196078427,740.0,207.0,-100.0
7,2023-08-29,DWCS 7.4,Mitch Ramirez,Carlos Prates,Carlos Prates,Mitch Ramirez,Carlos Prates,150,230,-200.0,-250.0,False,https://www.bestfightodds.com/fighters/mitch-ramirez-15736,Mitch Ramirez +150 +200 ... +230 +20.6% ▲ Contender Series,mitch ramirez,carlos prates,2,24,-22.0,1.0,0.75,0.25,1.0,0.8888888888888888,0.11111111111111116,0.5,0.5,0.0,2,13,-11.0,0.4561403508771929,0.5514599385289041,-0.09531958765171117,118.0,172.0,-100.0
7,2023-08-29,DWCS 7.4,Yousri Belgaroui,Marco Tulio,Marco Tulio,Yousri Belgaroui,Marco Tulio,-400,-950,,,False,https://www.bestfightodds.com/fighters/yousri-belgaroui-13350,Yousri Belgaroui -400 -1100 ... -950 -13.7% ▼ Contender Series,yousri belgaroui,marco tulio,2,4,-2.0,1.0,1.0,0.0,0.5,0.75,-0.25,0.5,0.5,0.0,1,3,-2.0,0.8125,0.6420454545454545,0.17045454545454553,522.0,213.0,-100.0
7,2023-08-29,DWCS 7.4,Timmy Cuamba,Mateo Vogel,Timmy Cuamba,Mateo Vogel,Timmy Cuamba,-125,-165,,,False,https://www.bestfightodds.com/fighters/mateo-vogel-11023,Mateo Vogel -125 -205 ... -165 -16.4% ▼ Contender Series,mateo vogel,timmy cuamba,0,0,0.0,,,,,,,,,,0,0,0.0,,,,,,-100.0
7,2023-08-29,DWCS 7.4,Thomas Petersen,Chandler Cole,Thomas Petersen,Thomas Petersen,Chandler Cole,-800,-370,450.0,325.0,True,https://www.bestfightodds.com/fighters/thomas-petersen-10546,Thomas Petersen -800 -500 ... -370 +8.3% ▲ Contender Series,thomas petersen,chandler cole,20,1,19.0,0.9,0.0,0.9,0.9444444444444444,,,0.7222222222222222,,,2,1,1.0,0.3438292964244521,0.45,-0.10617070357554792,228.0,1376.0,27.027027027027028
7,2023-08-29,DWCS 7.4,Bolaji Oki,Dylan Salvador,Bolaji Oki,Bolaji Oki,Dylan Salvador,105,164,-138.0,-165.0,True,https://www.bestfightodds.com/fighters/bolaji-oki-16406,Bolaji Oki +105 +135 ... +164 +17.7% ▲ Contender Series,bolaji oki,dylan salvador,2,3,-1.0,0.5,0.6666666666666666,-0.16666666666666663,0.0,1.0,-1.0,0.0,0.5,-0.5,1,3,-2.0,0.6,0.6742424242424242,-0.07424242424242422,1781.0,578.0,164.0
7,2023-08-08,DWCS 7.1,Cesar Almeida,Lucas Fernando,Cesar Almeida,Cesar Almeida,Lucas Fernando,225,200,-278.0,-200.0,True,https://www.bestfightodds.com/fighters/cesar-almeida-16304,Cesar Almeida +225 +170 ... +200 -14.8% ▼ Dana White’s Contender Series,cesar almeida,lucas fernando,0,14,-14.0,,0.9285714285714286,,,0.7692307692307693,,,0.6153846153846154,,0,5,-5.0,,0.655952380952381,,,151.0,200.0
7,2023-08-08,DWCS 7.1,Tom Nolan,Bogdan Grad,Tom Nolan,Tom Nolan,Bogdan Grad,-120,-163,100.0,170.0,True,https://www.bestfightodds.com/fighters/tom-nolan-16303,Tom Nolan -120 -200 ... -163 -17.1% ▼ Dana White’s Contender Series,tom nolan,bogdan grad,0,12,-12.0,,0.9166666666666666,,,0.8181818181818182,,,0.6363636363636364,,0,6,-6.0,,0.5642857142857143,,,151.0,61.34969325153374
7,2023-08-08,DWCS 7.1,Kevin Szaflarski,Caio Machado,Caio Machado,Kevin Szaflarski,Caio Machado,-110,-160,-110.0,145.0,False,https://www.bestfightodds.com/fighters/kevin-szaflarski-10161,Kevin Szaflarski -110 -195 ... -160 -20.7% ▼ Dana White’s Contender Series,kevin szaflarski,caio machado,12,37,-25.0,0.9166666666666666,0.6666666666666666,0.25,0.8181818181818182,0.75,0.06818181818181823,0.8181818181818182,0.4583333333333333,0.3598484848484849,6,14,-8.0,0.6211873973727422,0.6400513351956474,-0.018863937822905186,444.0,192.0,-100.0
7,2023-08-08,DWCS 7.1,Payton Talbott,Reyes Cortez Jr.,Payton Talbott,Payton Talbott,Reyes Cortez Jr.,-115,-130,-105.0,130.0,True,https://www.bestfightodds.com/fighters/payton-talbott-15422,Payton Talbott -115 -163 ... -130 -11% ▼ Dana White’s Contender Series,payton talbott,reyes cortez,2,3,-1.0,1.0,0.6666666666666666,0.33333333333333337,1.0,0.0,1.0,0.0,0.0,0.0,1,2,-1.0,0.5833333333333333,0.7999999999999999,-0.21666666666666667,290.0,424.0,76.92307692307692
7,2023-08-08,DWCS 7.1,Victor Dias,Kevin Borjas,Kevin Borjas,Victor Dias,Kevin Borjas,-395,-345,310.0,300.0,False,https://www.bestfightodds.com/fighters/victor-dias-8394,Victor Dias -395 -435 ... -345 +1.1% ▲ Dana White’s Contender Series,victor dias,kevin borjas,13,10,3.0,0.8461538461538461,0.9,-0.05384615384615388,0.6363636363636364,1.0,-0.36363636363636365,0.2727272727272727,0.5555555555555556,-0.2828282828282829,5,3,2.0,0.6490259740259741,0.4724310776942356,0.17659489633173847,263.0,317.0,-100.0
8,2024-10-15,DWCS 8.10,Nick Klein,Heraldo Souza,Nick Klein,Nick Klein,Heraldo Souza,145,138,-188.0,-150.0,True,https://www.bestfightodds.com/fighters/nick-klein-13742,Nick Klein +145 +120 ... +138 -7% ▼ Dana White’s Contender Series,nick klein,heraldo souza,1,3,-2.0,1.0,1.0,0.0,1.0,1.0,0.0,0.0,0.6666666666666666,-0.6666666666666666,1,2,-1.0,0.6666666666666666,0.647342995169082,0.019323671497584627,514.0,157.0,138.0
8,2024-10-15,DWCS 8.10,Luis Gurule,Nick Piccininni,Luis Gurule,Luis Gurule,Nick Piccininni,-110,160,-110.0,-160.0,True,https://www.bestfightodds.com/fighters/luis-gurule-13855,Luis Gurule -110 +132 ... +160 +22.1% ▲ Contender Series,luis gurule,nick piccininni,3,0,3.0,1.0,,,0.3333333333333333,,,0.0,,,1,0,1.0,0.6762626262626262,,,23.0,,160.0
8,2024-10-15,DWCS 8.10,Antonio Monteiro,Yadier del Valle,Yadier del Valle,Antonio Monteiro,Yadier del Valle,124,-138,,,False,https://www.bestfightodds.com/fighters/antonio-monteiro-16017,Antonio Monteiro +124 -160 ... -138 -32.6% ▼ Dana White’s Contender Series,antonio monteiro,yadier del valle,23,0,23.0,0.8095238095238095,,,0.4705882352941176,,,0.1764705882352941,,,11,0,11.0,0.5747311981365198,,,333.0,,-100.0
8,2024-10-15,DWCS 8.10,Julieta Martinez,Leslie Hernandez,Julieta Martinez,Julieta Martinez,Leslie Hernandez,130,105,-163.0,-120.0,True,https://www.bestfightodds.com/fighters/julieta-martinez-18609,Julieta Martinez +130 -106 ... +105 -14.4% ▼ Contender Series,julieta martinez,leslie hernandez,1,10,-9.0,1.0,0.8,0.19999999999999996,0.0,0.5,-0.5,0.0,0.5,-0.5,1,1,0.0,0.5,0.3999999999999999,0.10000000000000009,521.0,95.0,105.0
8,2024-10-15,DWCS 8.10,Mohamed Ado,Jonathan Micallef,Jonathan Micallef,Mohamed Ado,Jonathan Micallef,120,165,-150.0,-176.0,False,https://www.bestfightodds.com/fighters/mohamed-ado-14974,Mohamed Ado +120 +138 ... +165 +13.4% ▲ Contender Series,mohamed ado,jonathan micallef,0,0,0.0,,,,,,,,,,0,0,0.0,,,,,,-100.0
8,2024-10-08,DWCS 8.9,Islem Masraf,Artem Vakhitov,Artem Vakhitov,Islem Masraf,Artem Vakhitov,450,340,-720.0,-400.0,False,https://www.bestfightodds.com/fighters/islem-masraf-15778,Islem Masraf +450 +275 ... +340 -32.9% ▼ Dana White’s Contender Series,islem masraf,artem vakhitov,2,0,2.0,1.0,,,1.0,,,1.0,,,2,0,2.0,0.75,,,215.0,,-100.0
8,2024-10-08,DWCS 8.9,Kody Steele,Chasen Blair,Kody Steele,Kody Steele,Chasen Blair,-230,-350,175.0,300.0,True,https://www.bestfightodds.com/fighters/kody-steele-12643,Kody Steele -230 -380 ... -350 -12.9% ▼ Dana White’s Contender Series,kody steele,chasen blair,1,16,-15.0,1.0,0.75,0.25,1.0,1.0,0.0,0.0,0.8333333333333334,-0.8333333333333334,1,1,0.0,0.6190476190476191,0.4833333333333333,0.1357142857142858,380.0,18.0,28.571428571428573
8,2024-10-08,DWCS 8.9,Lucas Camacho,Mario Pinto,Mario Pinto,Lucas Camacho,Mario Pinto,400,500,-620.0,-600.0,False,https://www.bestfightodds.com/fighters/lucas-camacho-16730,Lucas Camacho +400 +400 ... +500 +10.2% ▲ Dana White’s Contender Series,lucas camacho,mario pinto,0,3,-3.0,,1.0,,,1.0,,,1.0,,0,3,-3.0,,0.55,,,577.0,-100.0
8,2024-10-08,DWCS 8.9,Vanilto Antunes,Islam Dulatov,Islam Dulatov,Vanilto Antunes,Islam Dulatov,380,625,-580.0,-715.0,False,https://www.bestfightodds.com/fighters/vanilto-antunes-17395,Vanilto Antunes +380 +500 ... +625 +24.8% ▲ Dana White’s Contender Series,vanilto antunes,islam dulatov,0,3,-3.0,,1.0,,,1.0,,,1.0,,0,3,-3.0,,0.6422619047619048,,,577.0,-100.0
8,2024-10-08,DWCS 8.9,Sean Gauci,Anthony Drilich,Sean Gauci,Sean Gauci,Anthony Drilich,-188,-225,145.0,215.0,True,https://www.bestfightodds.com/fighters/sean-gauci-8040,Sean Gauci -188 -265 ... -225 -8.7% ▼ Dana White’s Contender Series,sean gauci,anthony drilich,10,2,8.0,0.9,0.5,0.4,0.5555555555555556,1.0,-0.4444444444444444,0.4444444444444444,1.0,-0.5555555555555556,4,1,3.0,0.3375,0.6607142857142857,-0.3232142857142857,157.0,122.0,44.44444444444444
8,2024-10-01,DWCS 8.8,Diyar Nurgozhay,Bartosz Szewczyk,Diyar Nurgozhay,Diyar Nurgozhay,Bartosz Szewczyk,-145,-125,114.0,125.0,True,https://www.bestfightodds.com/fighters/diyar-nurgozhay-11550,Diyar Nurgozhay -145 -160 ... -125 +0.6% ▲ Dana White’s Contender Series,diyar nurgozhay,bartosz szewczyk,9,11,-2.0,1.0,0.8,0.19999999999999996,0.7777777777777778,0.875,-0.09722222222222221,0.7777777777777778,0.5,0.2777777777777778,5,2,3.0,0.3501411170528818,0.5952539682539683,-0.24511285120108645,136.0,227.0,80.0
8,2024-10-01,DWCS 8.8,Alberto Montes,Carlos Calderon,Alberto Montes,Alberto Montes,Carlos Calderon,-330,-290,240.0,260.0,True,https://www.bestfightodds.com/fighters/alberto-montes-9381,Alberto Montes -330 -335 ... -290 +1.3% ▲ Dana White’s Contender Series,alberto montes,carlos calderon,1,3,-2.0,1.0,0.6666666666666666,0.33333333333333337,0.0,0.5,-0.5,0.0,0.0,0.0,1,3,-2.0,0.4,0.5952380952380952,-0.1952380952380952,2623.0,374.0,34.48275862068966
8,2024-10-01,DWCS 8.8,David Martinez,Xavier Franklin,David Martinez,David Martinez,Xavier Franklin,-166,-145,130.0,175.0,True,https://www.bestfightodds.com/fighters/david-martinez-16826,David Martinez -166 -250 ... -145 -0.7% ▼ Dana White’s Contender Series,david martinez,xavier franklin,5,12,-7.0,0.6,1.0,-0.4,0.6666666666666666,0.6363636363636364,0.030303030303030276,0.3333333333333333,0.4545454545454545,-0.12121212121212116,3,4,-1.0,0.6257585139318885,0.4749417249417249,0.15081678899016365,458.0,80.0,68.96551724137932
8,2024-10-01,DWCS 8.8,Torrez Finney,Abdellah Er-Ramy,Torrez Finney,Torrez Finney,Abdellah Er-Ramy,-250,-250,190.0,250.0,True,https://www.bestfightodds.com/fighters/torrez-finney-16619,Torrez Finney -250 -310 ... -250 -4.1% ▼ Dana White’s Contender Series,torrez finney,abdellah er ramy,1,0,1.0,1.0,,,1.0,,,1.0,,,1,0,1.0,0.5,,,150.0,,40.0
8,2024-10-01,DWCS 8.8,Jacobe Smith,Christien Savoie,Jacobe Smith,Jacobe Smith,Christien Savoie,-475,-770,325.0,1500.0,True,https://www.bestfightodds.com/fighters/jacobe-smith-14991,Jacobe Smith -475 -100000 ... -770 -20.4% ▼ Dana White’s Contender Series,jacobe smith,christien savoie,5,0,5.0,1.0,,,0.8,,,0.8,,,2,0,2.0,0.4394808590102707,,,221.0,,12.987012987012987
8,2024-09-24,DWCS 8.7,Bailey Schoenfelder,Danylo Voievodkin,Danylo Voievodkin,Bailey Schoenfelder,Danylo Voievodkin,-649,-770,400.0,600.0,False,https://www.bestfightodds.com/fighters/bailey-schoenfelder-12249,Bailey Schoenfelder -649 -900 ... -770 -2.9% ▼ Contender Series,bailey schoenfelder,danylo voievodkin,9,0,9.0,1.0,,,1.0,,,0.6666666666666666,,,3,0,3.0,0.5555555555555555,,,165.0,,-100.0
8,2024-09-24,DWCS 8.7,Daniel Frunza,Vadym Kutsyi,Daniel Frunza,Daniel Frunza,Vadym Kutsyi,200,145,-275.0,-167.0,True,https://www.bestfightodds.com/fighters/daniel-frunza-12483,Daniel Frunza +200 +135 ... +145 -24.5% ▼ Contender Series,daniel frunza,vadym kutsyi,12,6,6.0,0.8333333333333334,1.0,-0.16666666666666663,0.9,0.6666666666666666,0.2333333333333334,0.4,0.5,-0.09999999999999998,8,5,3.0,0.762719298245614,0.7106782106782107,0.05204108756740333,333.0,1208.0,145.0
8,2024-09-24,DWCS 8.7,Kevin Christian,Francesco Mazzeo,Kevin Christian,Kevin Christian,Francesco Mazzeo,-200,-125,150.0,110.0,True,https://www.bestfightodds.com/fighters/kevin-christian-17097,Kevin Christian -200 -135 ... -125 +15.2% ▲ Contender Series,kevin christian,francesco mazzeo,11,4,7.0,0.8181818181818182,1.0,-0.18181818181818177,1.0,0.5,0.5,0.7777777777777778,0.5,0.2777777777777778,8,1,7.0,0.7388888888888889,0.55,0.18888888888888888,241.0,66.0,80.0
8,2024-09-24,DWCS 8.7,Kevin Vallejos,Cam Teague,Kevin Vallejos,Kevin Vallejos,Cam Teague,-350,-410,240.0,380.0,True,https://www.bestfightodds.com/fighters/kevin-vallejos-16459,Kevin Vallejos -350 -600 ... -410 -6.8% ▼ Contender Series,kevin vallejos,cam teague,4,1,3.0,0.75,1.0,-0.25,0.3333333333333333,1.0,-0.6666666666666667,0.0,0.0,0.0,3,1,2.0,0.6304414883362253,0.7894736842105263,-0.15903219587430106,277.0,53.0,24.390243902439025
8,2024-09-24,DWCS 8.7,Alexia Thainara,Rose Conceicao,Alexia Thainara,Alexia Thainara,Rose Conceicao,110,-157,-150.0,145.0,True,https://www.bestfightodds.com/fighters/alexia-thainara-15137,Alexia Thainara +110 -190 ... -157 -33.1% ▼ Contender Series,alexia thainara,rose conceicao,12,2,10.0,0.9166666666666666,1.0,-0.08333333333333337,0.6363636363636364,0.0,0.6363636363636364,0.2727272727272727,0.0,0.2727272727272727,9,1,8.0,0.5666666666666665,0.75,-0.18333333333333346,282.0,445.0,63.69426751592356
8,2024-09-17,DWCS 8.6,Aaron Tau,Elijah Smith,Elijah Smith,Aaron Tau,Elijah Smith,145,240,-175.0,-250.0,False,https://www.bestfightodds.com/fighters/aaron-tau-18404,Aaron Tau +145 +200 ... +240 +22.2% ▲ Dana White’s Contender Series,aaron tau,elijah smith,0,0,0.0,,,,,,,,,,0,0,0.0,,,,,,-100.0
8,2024-09-17,DWCS 8.6,Tallison Teixeira,Arthur Lopes,Tallison Teixeira,Tallison Teixeira,Arthur Lopes,-600,-900,440.0,750.0,True,https://www.bestfightodds.com/fighters/tallison-teixeira-18424,Tallison Teixeira -600 -1200 ... -900 -6.8% ▼ Dana White’s Contender Series,tallison teixeira,arthur lopes,8,2,6.0,1.0,1.0,0.0,1.0,0.5,0.5,1.0,0.5,0.5,5,2,3.0,0.75,0.6057692307692308,0.14423076923076916,137.0,2229.0,11.11111111111111
8,2024-09-17,DWCS 8.6,Joey Hart,Benjamin Bennett,Benjamin Bennett,Joey Hart,Benjamin Bennett,-185,135,154.0,-136.0,False,https://www.bestfightodds.com/fighters/joey-hart-16523,Joey Hart -185 +108 ... +135 +30.9% ▲ Dana White’s Contender Series,joey hart,benjamin bennett,17,10,7.0,0.8235294117647058,0.8,0.0235294117647058,0.7857142857142857,0.75,0.0357142857142857,0.4285714285714285,0.375,0.05357142857142849,6,4,2.0,0.3333333333333333,0.4081632653061224,-0.07482993197278909,102.0,87.0,-100.0
8,2024-09-17,DWCS 8.6,Ateba Gautier,Yura Naito,Ateba Gautier,Ateba Gautier,Yura Naito,164,110,-198.0,-109.0,True,https://www.bestfightodds.com/fighters/ateba-gautier-18421,Ateba Gautier +164 -114 ... +110 -33.3% ▼ Dana White’s Contender Series,ateba gautier,yura naito,0,0,0.0,,,,,,,,,,0,0,0.0,,,,,,110.0
8,2024-09-17,DWCS 8.6,Ahmad Hassanzada,Dylan Mantello,Ahmad Hassanzada,Ahmad Hassanzada,Dylan Mantello,-185,-140,154.0,125.0,True,https://www.bestfightodds.com/fighters/ahmad-hassanzada-13244,Ahmad Hassanzada -185 -157 ... -140 +8.3% ▲ Dana White’s Contender Series,ahmad hassanzada,dylan mantello,0,11,-11.0,,0.7272727272727273,,,0.875,,,0.375,,0,6,-6.0,,0.4414102564102563,,,221.0,71.42857142857143
8,2024-09-10,DWCS 8.5,Navajo Stirling,Phillip Latu,Navajo Stirling,Navajo Stirling,Phillip Latu,-275,-300,200.0,310.0,True,https://www.bestfightodds.com/fighters/navajo-stirling-18344,Navajo Stirling -275 -400 ... -300 -6.5% ▼ Contender Series,navajo stirling,phillip latu,1,4,-3.0,1.0,0.75,0.25,1.0,1.0,0.0,0.0,0.6666666666666666,-0.6666666666666666,1,4,-3.0,0.4210526315789473,0.500438596491228,-0.07938596491228073,88.0,186.0,33.333333333333336
8,2024-09-10,DWCS 8.5,Taiga Iwasaki,Yousri Belgaroui,Yousri Belgaroui,Taiga Iwasaki,Yousri Belgaroui,275,650,-400.0,-950.0,False,https://www.bestfightodds.com/fighters/taiga-iwasaki-18385,Taiga Iwasaki +275 +550 ... +650 +47.6% ▲ Contender Series,taiga iwasaki,yousri belgaroui,0,3,-3.0,,1.0,,,0.6666666666666666,,,0.6666666666666666,,0,2,-2.0,,0.7559523809523809,,,317.0,-100.0
8,2024-09-10,DWCS 8.5,Josias Musasa,Otari Tanzilovi,Josias Musasa,Josias Musasa,Otari Tanzilovi,175,150,,,True,https://www.bestfightodds.com/fighters/josias-musasa-18383,Josias Musasa +175 +125 ... +150 -12.7% ▼ Contender Series,josias musasa,otari tanzilovi,0,9,-9.0,,1.0,,,0.7777777777777778,,,0.5555555555555556,,0,4,-4.0,,0.394047619047619,,,598.0,150.0
8,2024-09-10,DWCS 8.5,Corinne Laframboise,Nicolle Caliari,Nicolle Caliari,Corinne Laframboise,Nicolle Caliari,-138,145,105.0,-160.0,False,https://www.bestfightodds.com/fighters/corinne-laframboise-12386,Corinne Laframboise -138 +128 ... +145 +26.9% ▲ Contender Series,corinne laframboise,nicolle caliari,3,1,2.0,1.0,1.0,0.0,0.6666666666666666,1.0,-0.33333333333333337,0.0,0.0,0.0,3,1,2.0,0.5833333333333333,0.6666666666666666,-0.08333333333333337,1270.0,317.0,-100.0
8,2024-09-03,DWCS 8.4,Seokhyeon Ko,Igor Cavalcanti,Seokhyeon Ko,Igor Cavalcanti,Seokhyeon Ko,-333,-350,,,False,https://www.bestfightodds.com/fighters/igor-cavalcanti-18274,Igor Cavalcanti -333 -550 ... -350 -6.8% ▼ Contender Series,igor cavalcanti,seokhyeon ko,0,0,0.0,,,,,,,,,,0,0,0.0,,,,,,-100.0
8,2024-09-03,DWCS 8.4,Will Currie,Djorden Santos,Djorden Santos,Will Currie,Djorden Santos,-400,-410,300.0,380.0,False,https://www.bestfightodds.com/fighters/will-currie-10529,Will Currie -400 -500 ... -410 -2.2% ▼ Contender Series,will currie,djorden santos,20,2,18.0,0.7,0.5,0.19999999999999996,0.7142857142857143,0.0,0.7142857142857143,0.5714285714285714,0.0,0.5714285714285714,1,2,-1.0,0.7422285172732564,0.78,-0.03777148272674358,157.0,989.0,-100.0
8,2024-09-03,DWCS 8.4,Austin Bashi,Dorian Ramos,Austin Bashi,Austin Bashi,Dorian Ramos,-500,-1000,380.0,700.0,True,https://www.bestfightodds.com/fighters/austin-bashi-10472,Austin Bashi -500 -1200 ... -1000 -9.9% ▼ Dana White’s Contender Series,austin bashi,dorian ramos,4,3,1.0,1.0,1.0,0.0,0.75,1.0,-0.25,0.25,0.3333333333333333,-0.08333333333333331,2,2,0.0,0.7403273809523809,0.75,-0.009672619047619069,94.0,227.0,10.0
8,2024-09-03,DWCS 8.4,Yuneisy Duben,Shannon Clark,Yuneisy Duben,Yuneisy Duben,Shannon Clark,350,1000,-500.0,-1205.0,True,https://www.bestfightodds.com/fighters/yuneisy-duben-18278,Yuneisy Duben +350 +650 ... +1000 +52% ▲ Contender Series,yuneisy duben,shannon clark,0,7,-7.0,,1.0,,,0.7142857142857143,,,0.1428571428571428,,0,3,-3.0,,0.6666666666666666,,,193.0,1000.0
8,2024-09-03,DWCS 8.4,Gauge Young,Quillan Salkilld,Quillan Salkilld,Gauge Young,Quillan Salkilld,163,195,-200.0,-205.0,False,https://www.bestfightodds.com/fighters/gauge-young-11235,Gauge Young +163 +163 ... +195 +5.1% ▲ Contender Series,gauge young,quillan salkilld,4,0,4.0,0.75,,,0.6666666666666666,,,0.3333333333333333,,,1,0,1.0,0.516726403823178,,,403.0,,-100.0
8,2024-08-27,DWCS 8.3,Andrey Pulyaev,Liam Anderson,Andrey Pulyaev,Andrey Pulyaev,Liam Anderson,104,205,-137.0,-225.0,True,https://www.bestfightodds.com/fighters/andrey-pulyaev-18270,Andrey Pulyaev +104 +175 ... +205 +28.9% ▲ Dana White's Contender Series,andrey pulyaev,liam anderson,2,11,-9.0,0.5,0.8181818181818182,-0.31818181818181823,1.0,1.0,0.0,1.0,0.6666666666666666,0.33333333333333337,2,5,-3.0,0.6614754098360656,0.3896103896103896,0.271865020225676,207.0,186.0,205.0
8,2024-08-27,DWCS 8.3,Bogdan Grad,Michael Aswell Jr.,Bogdan Grad,Bogdan Grad,Michael Aswell Jr.,-157,124,117.0,-115.0,True,https://www.bestfightodds.com/fighters/bogdan-grad-16302,Bogdan Grad -157 -106 ... +124 +20.5% ▲ Dana White's Contender Series,bogdan grad,michael aswell,15,2,13.0,0.8666666666666667,1.0,-0.1333333333333333,0.8461538461538461,1.0,-0.15384615384615385,0.6153846153846154,0.5,0.11538461538461542,7,1,6.0,0.5644897959183673,0.6476608187134503,-0.08317102279508293,165.0,128.0,124.0
8,2024-08-27,DWCS 8.3,Marco Tulio,Matthieu Duclos,Marco Tulio,Marco Tulio,Matthieu Duclos,-560,-450,360.0,400.0,True,https://www.bestfightodds.com/fighters/marco-tulio-18271,Marco Tulio -560 -550 ... -450 +1.8% ▲ Dana White's Contender Series,marco tulio,matthieu duclos,6,0,6.0,1.0,,,0.8333333333333334,,,0.3333333333333333,,,3,0,3.0,0.640151515151515,,,213.0,,22.22222222222222
8,2024-08-27,DWCS 8.3,Malcolm Wellmaker,Adam Bramhald,Malcolm Wellmaker,Malcolm Wellmaker,Adam Bramhald,-180,-270,133.0,240.0,True,https://www.bestfightodds.com/fighters/malcolm-wellmaker-18273,Malcolm Wellmaker -180 -300 ... -270 -15% ▼ Dana White's Contender Series,malcolm wellmaker,adam bramhald,0,15,-15.0,,0.8666666666666667,,,0.7692307692307693,,,0.5384615384615384,,0,4,-4.0,,0.3449155192633454,,,353.0,37.03703703703704
8,2024-08-27,DWCS 8.3,Jack Duffy,Nick Piccininni,Nick Piccininni,Jack Duffy,Nick Piccininni,190,320,-265.0,-330.0,False,https://www.bestfightodds.com/fighters/jack-duffy-15686,Jack Duffy +190 +235 ... +320 +23.9% ▲ Dana White's Contender Series,jack duffy,nick piccininni,2,0,2.0,1.0,,,1.0,,,0.5,,,2,0,2.0,0.5900621118012422,,,487.0,,-100.0
8,2024-08-20,DWCS 8.2,Andreas Gustafsson,Pat Pytlik,Andreas Gustafsson,Andreas Gustafsson,Pat Pytlik,-250,-220,205.0,200.0,True,https://www.bestfightodds.com/fighters/andreas-gustafsson-8971,Andreas Gustafsson -250 -250 ... -220 +0.8% ▲ Dana White’s Contender Series,andreas gustafsson,pat pytlik,5,1,4.0,0.8,0.0,0.8,1.0,,,0.25,,,3,1,2.0,0.5487891737891737,0.5652173913043478,-0.016428217515174093,269.0,1999.0,45.45454545454545
8,2024-08-20,DWCS 8.2,Rizvan Kuniev,Hugo Cunha,Rizvan Kuniev,Rizvan Kuniev,Hugo Cunha,-500,-520,380.0,500.0,True,https://www.bestfightodds.com/fighters/rizvan-kuniev-12573,Rizvan Kuniev -500 -800 ... -520 -3.8% ▼ Dana White’s Contender Series,rizvan kuniev,hugo cunha,5,11,-6.0,0.8,0.9090909090909092,-0.10909090909090913,0.25,1.0,-0.75,0.0,0.7,-0.7,4,6,-2.0,0.6316993464052287,0.6343304843304842,-0.002631137925255489,1340.0,291.0,19.23076923076923
8,2024-08-20,DWCS 8.2,Cortavious Romious,Michael Imperato,Cortavious Romious,Cortavious Romious,Michael Imperato,-270,-345,220.0,330.0,True,https://www.bestfightodds.com/fighters/cortavious-romious-15949,Cortavious Romious -270 -480 ... -345 -8.8% ▼ Dana White’s Contender Series,cortavious romious,michael imperato,11,8,3.0,0.8181818181818182,0.625,0.19318181818181823,0.8888888888888888,0.6,0.28888888888888886,0.7777777777777778,0.6,0.1777777777777778,7,5,2.0,0.503025641025641,0.6762175324675325,-0.1731918914418915,122.0,214.0,28.985507246376812
8,2024-08-20,DWCS 8.2,Cam Rowston,Torrez Finney,Torrez Finney,Cam Rowston,Torrez Finney,280,380,-355.0,-400.0,False,https://www.bestfightodds.com/fighters/cam-rowston-16458,Cam Rowston +280 +280 ... +380 +13.2% ▲ Dana White’s Contender Series,cam rowston,torrez finney,0,1,-1.0,,1.0,,,1.0,,,1.0,,0,1,-1.0,,0.5,,,108.0,-100.0
8,2024-08-20,DWCS 8.2,Billy Brand,Cody Haddon,Cody Haddon,Billy Brand,Cody Haddon,142,155,-170.0,-160.0,False,https://www.bestfightodds.com/fighters/billy-brand-15423,Billy Brand +142 +130 ... +155 -1.3% ▼ Dana White’s Contender Series,billy brand,cody haddon,1,1,0.0,1.0,0.0,1.0,1.0,,,0.0,,,1,1,0.0,0.0,0.8571428571428571,-0.8571428571428571,395.0,1172.0,-100.0
8,2024-08-13,DWCS 8.1,Mansur Abdul-Malik,Wes Schultz,Mansur Abdul-Malik,Mansur Abdul-Malik,Wes Schultz,-110,-300,-120.0,275.0,True,https://www.bestfightodds.com/fighters/mansur-abdul-malik-12720,Mansur Abdul-Malik -110 -370 ... -300 -46.8% ▼ Dana White’s Contender Series,mansur abdul malik,wes schultz,6,0,6.0,1.0,,,1.0,,,1.0,,,4,0,4.0,,,,186.0,,33.333333333333336
8,2024-08-13,DWCS 8.1,Ding Meng,Rami Hamed,Rami Hamed,Rami Hamed,Ding Meng,150,190,,,True,https://www.bestfightodds.com/fighters/rami-hamed-8128,Rami Hamed +150 +165 ... +190 +10.1% ▲ Dana White’s Contender Series,rami hamed,ding meng,2,0,2.0,0.5,,,0.0,,,0.0,,,2,0,2.0,0.7450980392156863,,,1537.0,,190.0
8,2024-08-13,DWCS 8.1,Mikheil Sazhiniani,Bruno Lopes,Bruno Lopes,Mikheil Sazhiniani,Bruno Lopes,120,152,-154.0,-170.0,False,https://www.bestfightodds.com/fighters/mikheil-sazhiniani-13477,Mikheil Sazhiniani +120 +138 ... +152 +10.2% ▲ Dana White’s Contender Series,mikheil sazhiniani,bruno lopes,2,17,-15.0,1.0,0.9411764705882352,0.05882352941176483,1.0,0.8125,0.1875,1.0,0.5,0.5,1,6,-5.0,0.4223443223443223,0.5512669683257918,-0.12892264598146952,164.0,199.0,-100.0
8,2024-08-13,DWCS 8.1,Jose Delgado,Ernie Juarez,Jose Delgado,Jose Delgado,Ernie Juarez,-278,-300,200.0,260.0,True,https://www.bestfightodds.com/fighters/jose-delgado-18000,Jose Delgado -278 -360 ... -300 -3.8% ▼ Dana White’s Contender Series,jose delgado,ernie juarez,9,7,2.0,0.8888888888888888,1.0,-0.11111111111111116,1.0,0.5714285714285714,0.4285714285714286,0.75,0.1428571428571428,0.6071428571428572,6,3,3.0,0.6266835016835016,0.5,0.12668350168350162,32.0,137.0,33.333333333333336
8,2024-08-13,DWCS 8.1,Lone'er Kavanagh,An Tuan Ho,Lone'er Kavanagh,Lone'er Kavanagh,An Tuan Ho,-120,-140,-110.0,130.0,True,https://www.bestfightodds.com/fighters/lone-er-kavanagh-12967,Lone'er Kavanagh -120 -163 ... -140 -10.3% ▼ Dana White’s Contender Series,lone er kavanagh,an tuan ho,10,4,6.0,1.0,1.0,0.0,0.6,1.0,-0.4,0.1,0.0,0.1,3,1,2.0,0.9281045751633988,0.4772727272727273,0.45083184789067154,136.0,326.0,71.42857142857143
9,2025-10-14,DWCS 9.10,Freddy Vidal,Levi Rodrigues Jr.,,Freddy Vidal,Levi Rodrigues Jr.,230,380,,,False,https://www.bestfightodds.com/fighters/freddy-vidal-18619,Freddy Vidal +230 +350 ... +380 +29.5% ▲ Dana White's Contender Series,freddy vidal,levi rodrigues,0,1,-1.0,,0.0,,,,,,,,0,1,-1.0,,1.0,,,7561.0,-100.0
9,2025-10-14,DWCS 9.10,Mario Mingaj,Wes Schultz,Wes Schultz,Wes Schultz,Mario Mingaj,-120,275,,,True,https://www.bestfightodds.com/fighters/wes-schultz-14304,Wes Schultz -120 +230 ... +275 +47.8% ▲ Dana White’s Contender Series,wes schultz,mario mingaj,0,4,-4.0,,1.0,,,1.0,,,0.5,,0,1,-1.0,,0.8500000000000001,,,346.0,275.0
9,2025-09-09,DWCS 9.5,Anthony Guarascio,Steven Asplund,Steven Asplund,Anthony Guarascio,Steven Asplund,-186,-160,140.0,150.0,False,https://www.bestfightodds.com/fighters/anthony-guarascio-16716,Anthony Guarascio -186 -180 ... -160 +2.8% ▲ Dana White's Contender Series,anthony guarascio,steven asplund,1,12,-11.0,1.0,0.8333333333333334,0.16666666666666663,1.0,0.7,0.30000000000000004,1.0,0.3,0.7,1,2,-1.0,0.9,0.5402160864345739,0.35978391356542616,143.0,151.0,-100.0
9,2025-09-09,DWCS 9.5,Cam Teague,Lerryan Douglas,Lerryan Douglas,Cam Teague,Lerryan Douglas,340,510,-500.0,-500.0,False,https://www.bestfightodds.com/fighters/cam-teague-18132,Cam Teague +340 +350 ... +510 +20.7% ▲ Dana White's Contender Series,cam teague,lerryan douglas,1,23,-22.0,1.0,0.6956521739130435,0.30434782608695654,1.0,0.8125,0.1875,0.0,0.375,-0.375,1,13,-12.0,0.7894736842105263,0.7227437209255391,0.06672996328498726,403.0,227.0,-100.0
9,2025-09-09,DWCS 9.5,Felipe Franco,Freddy Vidal,Freddy Vidal,Felipe Franco,Freddy Vidal,-335,-490,230.0,380.0,False,https://www.bestfightodds.com/fighters/felipe-franco-19819,Felipe Franco -335 -530 ... -490 -8.5% ▼ Dana White's Contender Series,felipe franco,freddy vidal,1,0,1.0,1.0,,,1.0,,,1.0,,,1,0,1.0,0.0,,,899.0,,-100.0
9,2025-09-09,DWCS 9.5,Chasen Blair,Samuel Sanches,Samuel Sanches,Chasen Blair,Samuel Sanches,-129,-110,-104.0,105.0,False,https://www.bestfightodds.com/fighters/chasen-blair-13637,Chasen Blair -129 -127 ... -110 +3.2% ▲ Dana White's Contender Series,chasen blair,samuel sanches,19,11,8.0,0.7368421052631579,0.9090909090909092,-0.17224880382775132,1.0,0.8,0.19999999999999996,0.8571428571428571,0.6,0.2571428571428571,2,7,-5.0,0.56,0.2740389603134701,0.28596103968652997,136.0,163.0,-100.0
9,2025-09-09,DWCS 9.5,Shanelle Dyer,Carol Foro,Carol Foro,Shanelle Dyer,Carol Foro,-143,-175,108.0,160.0,False,https://www.bestfightodds.com/fighters/shanelle-dyer-16552,Shanelle Dyer -143 -200 ... -175 -10.9% ▼ Dana White's Contender Series,shanelle dyer,carol foro,9,2,7.0,1.0,0.0,1.0,0.5555555555555556,,,0.4444444444444444,,,5,1,4.0,0.58,1.0,-0.42000000000000004,346.0,591.0,-100.0
9,2025-09-02,DWCS 9.4,Jack Congdon,Jean-Paul Lebosnoyani,Jean-Paul Lebosnoyani,Jack Congdon,Jean-Paul Lebosnoyani,200,425,-250.0,-500.0,False,https://www.bestfightodds.com/fighters/jack-congdon-17439,Jack Congdon +200 +375 ... +425 +39.8% ▲ Contender Series,jack congdon,jean paul lebosnoyani,4,19,-15.0,0.75,0.8421052631578947,-0.09210526315789469,1.0,0.875,0.125,1.0,0.6875,0.3125,1,3,-2.0,0.5705931495405179,0.4207821905190325,0.1498109590214854,220.0,144.0,-100.0
9,2025-09-02,DWCS 9.4,Theo Haig,Cezary Oleksiejczuk,Cezary Oleksiejczuk,Theo Haig,Cezary Oleksiejczuk,210,290,-275.0,-333.0,False,https://www.bestfightodds.com/fighters/theo-haig-13628,Theo Haig +210 +250 ... +290 +16.4% ▲ Contender Series,theo haig,cezary oleksiejczuk,10,6,4.0,1.0,0.8333333333333334,0.16666666666666663,1.0,1.0,0.0,0.8,1.0,-0.19999999999999996,4,4,0.0,0.7366666666666667,0.7257648634719657,0.01090180319470102,235.0,199.0,-100.0
9,2025-09-02,DWCS 9.4,Mandel Nallo,Samuel Silva,Mandel Nallo,Mandel Nallo,Samuel Silva,163,116,-200.0,-118.0,True,https://www.bestfightodds.com/fighters/mandel-nallo-7772,Mandel Nallo +163 -118 ... +116 -28.3% ▼ Contender Series,mandel nallo,samuel silva,13,27,-14.0,0.5833333333333334,0.6153846153846154,-0.03205128205128205,1.0,0.75,0.25,0.7142857142857143,0.5,0.2142857142857143,2,18,-16.0,0.7581027228705247,0.7166196614636718,0.04148306140685287,451.0,165.0,116.0
9,2025-09-02,DWCS 9.4,An Tuan Ho,Eduardo Chapolin,Eduardo Chapolin,An Tuan Ho,Eduardo Chapolin,110,130,,,False,https://www.bestfightodds.com/fighters/an-tuan-ho-16525,An Tuan Ho +110 +120 ... +130 +6.3% ▲ Contender Series,an tuan ho,eduardo chapolin,5,0,5.0,0.8,,,1.0,,,0.0,,,2,0,2.0,0.5818181818181818,,,385.0,,-100.0
9,2025-09-02,DWCS 9.4,Tommy McMillen,David Mgoyan,Tommy McMillen,Tommy McMillen,David Mgoyan,110,150,-138.0,-170.0,True,https://www.bestfightodds.com/fighters/tommy-mcmillen-18277,Tommy McMillen +110 +140 ... +150 +13.9% ▲ Contender Series,tommy mcmillen,david mgoyan,1,3,-2.0,1.0,1.0,0.0,1.0,0.6666666666666666,0.33333333333333337,1.0,0.6666666666666666,0.33333333333333337,1,2,-1.0,0.525,0.5589743589743589,-0.033974358974358854,129.0,200.0,150.0
9,2025-08-26,DWCS 9.3,Trent Miller,Ryan Gandra,Ryan Gandra,Trent Miller,Ryan Gandra,260,475,-350.0,-450.0,False,https://www.bestfightodds.com/fighters/trent-miller-16500,Trent Miller +260 +300 ... +475 +29.3% ▲ Contender Series,trent miller,ryan gandra,11,10,1.0,0.8181818181818182,0.9,-0.08181818181818179,0.8888888888888888,0.7777777777777778,0.11111111111111105,0.7777777777777778,0.5555555555555556,0.2222222222222222,9,6,3.0,0.656714200831848,0.6920594965675058,-0.03534529573565781,96.0,277.0,-100.0
9,2025-08-26,DWCS 9.3,Damon Wilson,Marcio Barbosa,Marcio Barbosa,Damon Wilson,Marcio Barbosa,200,440,-275.0,-400.0,False,https://www.bestfightodds.com/fighters/damon-wilson-12673,Damon Wilson +200 +310 ... +440 +37.9% ▲ Contender Series,damon wilson,marcio barbosa,10,22,-12.0,0.6,0.8636363636363636,-0.26363636363636367,1.0,0.9473684210526316,0.05263157894736836,1.0,0.9473684210526316,0.05263157894736836,1,13,-12.0,0.5854188948306595,0.7519660270525322,-0.16654713222187278,165.0,277.0,-100.0
9,2025-08-26,DWCS 9.3,Abdul Rakhman Yakhyaev,Alik Lorenz,Abdul Rakhman Yakhyaev,Alik Lorenz,Abdul Rakhman Yakhyaev,500,850,,,False,https://www.bestfightodds.com/fighters/alik-lorenz-15278,Alik Lorenz +500 +600 ... +850 +29.1% ▲ Contender Series,alik lorenz,abdul rakhman yakhyaev,11,6,5.0,0.9090909090909092,1.0,-0.09090909090909083,1.0,0.8333333333333334,0.16666666666666663,0.8,0.6666666666666666,0.13333333333333341,3,3,0.0,0.2565628815628816,0.8333333333333333,-0.5767704517704517,291.0,334.0,-100.0
9,2025-08-26,DWCS 9.3,Cristian Perez,Manoel Sousa,Manoel Sousa,Cristian Perez,Manoel Sousa,200,225,-275.0,-250.0,False,https://www.bestfightodds.com/fighters/cristian-perez-9498,Cristian Perez +200 +205 ... +225 +4.8% ▲ Contender Series,cristian perez,manoel sousa,6,17,-11.0,0.8333333333333334,0.8823529411764706,-0.04901960784313719,0.6,0.7333333333333333,-0.1333333333333333,0.4,0.4,0.0,2,6,-4.0,0.6139346764346764,0.6940328529601886,-0.08009817652551221,1012.0,151.0,-100.0
9,2025-08-26,DWCS 9.3,Donte Johnson,Darion Abbey,Donte Johnson,Donte Johnson,Darion Abbey,-350,-225,260.0,210.0,True,https://www.bestfightodds.com/fighters/donte-johnson-19752,Donte Johnson -350 -275 ... -225 +7.9% ▲ Contender Series,donte johnson,darion abbey,0,15,-15.0,,0.6,,,0.7777777777777778,,,0.6666666666666666,,0,10,-10.0,,0.374777183600713,,,151.0,44.44444444444444
9,2025-08-19,DWCS 9.2,Brandon Holmes,Cam Rowston,Cam Rowston,Cam Rowston,Brandon Holmes,280,380,,,True,https://www.bestfightodds.com/fighters/cam-rowston-16458,Cam Rowston +280 +280 ... +380 +13.2% ▲ Dana White’s Contender Series,cam rowston,brandon holmes,0,0,0.0,,,,,,,,,,0,0,0.0,,,,,,380.0
9,2025-08-12,DWCS 9.1,Ilian Bouafia,Neemias Santana,Ilian Bouafia,Ilian Bouafia,Neemias Santana,-250,-165,175.0,142.0,True,https://www.bestfightodds.com/fighters/ilian-bouafia-16028,Ilian Bouafia -250 -182 ... -165 +11.1% ▲ Contender Series,ilian bouafia,neemias santana,2,0,2.0,1.0,,,1.0,,,0.5,,,2,0,2.0,0.6458333333333333,,,383.0,,60.60606060606061
9,2025-08-12,DWCS 9.1,Ty Miller,Jimmy Drago,Ty Miller,Jimmy Drago,Ty Miller,163,225,-225.0,-230.0,False,https://www.bestfightodds.com/fighters/jimmy-drago-19228,Jimmy Drago +163 +185 ... +225 +11.4% ▲ Contender Series,jimmy drago,ty miller,2,0,2.0,1.0,,,0.0,,,0.0,,,2,0,2.0,0.7857142857142857,,,151.0,,-100.0
9,2025-08-12,DWCS 9.1,Baisangur Susurkaev,Murtaza Talha,Baisangur Susurkaev,Murtaza Talha,Baisangur Susurkaev,275,310,,,False,https://www.bestfightodds.com/fighters/murtaza-talha-10561,Murtaza Talha +275 +275 ... +310 +3.4% ▲ Contender Series,murtaza talha,baisangur susurkaev,0,12,-12.0,,1.0,,,0.9166666666666666,,,0.8333333333333334,,0,5,-5.0,,0.2797202797202797,,,172.0,-100.0
9,2025-08-12,DWCS 9.1,George Mangos,Radley Da Silva,Radley Da Silva,George Mangos,Radley Da Silva,-200,-137,150.0,140.0,False,https://www.bestfightodds.com/fighters/george-mangos-19681,George Mangos -200 -182 ... -137 +10.5% ▲ Contender Series,george mangos,radley da silva,0,2,-2.0,,1.0,,,1.0,,,0.0,,0,2,-2.0,,0.8214285714285714,,,460.0,-100.0
9,2025-08-12,DWCS 9.1,Chris Ewert,Yuri Panferov,Yuri Panferov,Yuri Panferov,Chris Ewert,110,200,,,True,https://www.bestfightodds.com/fighters/yuri-panferov-11175,Yuri Panferov +110 +175 ... +200 +28.3% ▲ Contender Series,yuri panferov,chris ewert,1,0,1.0,1.0,,,1.0,,,1.0,,,1,0,1.0,0.3809523809523809,,,999.0,,200.0
